country_code,country_name_source,year,fari_aggregate,fari_fdi_aggregate,fari_inflow,fari_outflow,fari_fdi_inflow,fari_fdi_outflow
ABW,Aruba,1999,0.7925,1.0,0.7333,0.8696,1.0,1.0
ABW,Aruba,2000,0.7925,1.0,0.7333,0.8696,1.0,1.0
ABW,Aruba,2001,0.7736,1.0,0.7,0.8696,1.0,1.0
ABW,Aruba,2002,0.7736,1.0,0.7,0.8696,1.0,1.0
ABW,Aruba,2003,0.7736,1.0,0.7,0.8696,1.0,1.0
ABW,Aruba,2004,0.7736,1.0,0.7,0.8696,1.0,1.0
ABW,Aruba,2005,0.7736,1.0,0.7,0.8696,1.0,1.0
ABW,Aruba,2006,0.7455,1.0,0.7,0.8,1.0,1.0
ABW,Aruba,2007,0.7455,1.0,0.7,0.8,1.0,1.0
ABW,Aruba,2008,0.75,1.0,0.7,0.8077,1.0,1.0
ABW,Aruba,2009,0.7321,1.0,0.6667,0.8077,1.0,1.0
ABW,Aruba,2010,0.75,1.0,0.6333,0.8846,1.0,1.0
ABW,Aruba,2011,0.75,1.0,0.6333,0.8846,1.0,1.0
ABW,Aruba,2012,0.75,1.0,0.6333,0.8846,1.0,1.0
ABW,Aruba,2013,0.75,1.0,0.6333,0.8846,1.0,1.0
ABW,Aruba,2014,0.75,1.0,0.6333,0.8846,1.0,1.0
ABW,Aruba,2015,0.75,1.0,0.6333,0.8846,1.0,1.0
ABW,Aruba,2016,0.75,1.0,0.6333,0.8846,1.0,1.0
ABW,Aruba,2017,0.75,1.0,0.6333,0.8846,1.0,1.0
ABW,Aruba,2018,0.75,1.0,0.6333,0.8846,1.0,1.0
ABW,Aruba,2019,0.75,1.0,0.6333,0.8846,1.0,1.0
ABW,Aruba,2020,0.75,1.0,0.6333,0.8846,1.0,1.0
ABW,Aruba,2021,0.75,1.0,0.6333,0.8846,1.0,1.0
ABW,Aruba,2022,0.75,1.0,0.6333,0.8846,1.0,1.0
ABW,Aruba,2023,0.75,1.0,0.6333,0.8846,1.0,1.0
ABW,Aruba,2024,0.6964,0.5,0.5667,0.8462,0.5,0.5
AFG,Afghanistan,1999,0.6364,1.0,0.5714,0.75,1.0,
AFG,Afghanistan,2000,0.6667,1.0,0.5714,0.8,1.0,
AFG,Afghanistan,2001,0.6667,1.0,0.5714,0.8,1.0,
AFG,Afghanistan,2002,0.6667,1.0,0.5714,0.8,1.0,
AFG,Afghanistan,2003,0.6667,1.0,0.5714,0.8,1.0,
AFG,Afghanistan,2004,0.6667,1.0,0.5714,0.8,1.0,
AFG,Afghanistan,2005,0.4,,0.4,0.4,,
AFG,Afghanistan,2006,0.3529,,0.5,0.2222,,
AFG,Afghanistan,2007,0.3529,,0.5,0.2222,,
AFG,Afghanistan,2008,0.093,0.3333,0.12,0.0556,0.5,0.0
AFG,Afghanistan,2009,0.0889,0.3333,0.12,0.05,0.5,0.0
AFG,Afghanistan,2010,0.0893,0.3333,0.1,0.0769,0.5,0.0
AFG,Afghanistan,2011,0.0714,0.3333,0.1,0.0385,0.5,0.0
AFG,Afghanistan,2012,0.0714,0.3333,0.1,0.0385,0.5,0.0
AFG,Afghanistan,2013,0.0714,0.3333,0.1,0.0385,0.5,0.0
AFG,Afghanistan,2014,0.0714,0.3333,0.1,0.0385,0.5,0.0
AFG,Afghanistan,2015,0.0714,0.3333,0.1,0.0385,0.5,0.0
AFG,Afghanistan,2016,0.0714,0.3333,0.1,0.0385,0.5,0.0
AFG,Afghanistan,2017,0.0714,0.3333,0.1,0.0385,0.5,0.0
AFG,Afghanistan,2018,0.0714,0.3333,0.1,0.0385,0.5,0.0
AFG,Afghanistan,2019,0.0714,0.3333,0.1,0.0385,0.5,0.0
AFG,Afghanistan,2020,0.0714,0.3333,0.1,0.0385,0.5,0.0
AGO,Angola,1999,0.8269,0.8333,0.7586,0.913,1.0,0.5
AGO,Angola,2000,0.7959,0.8333,0.7407,0.8636,1.0,0.5
AGO,Angola,2001,0.7959,0.8333,0.7407,0.8636,1.0,0.5
AGO,Angola,2002,0.7959,0.8333,0.7407,0.8636,1.0,0.5
AGO,Angola,2003,0.7551,0.8333,0.6667,0.8636,1.0,0.5
AGO,Angola,2004,0.7551,0.8333,0.6667,0.8636,1.0,0.5
AGO,Angola,2005,0.6735,0.6667,0.5556,0.8182,0.75,0.5
AGO,Angola,2006,0.6735,0.6667,0.5556,0.8182,0.75,0.5
AGO,Angola,2007,0.7551,1.0,0.6667,0.8636,1.0,1.0
AGO,Angola,2008,0.7755,1.0,0.7037,0.8636,1.0,1.0
AGO,Angola,2009,0.7755,1.0,0.7037,0.8636,1.0,1.0
AGO,Angola,2010,0.7755,1.0,0.7037,0.8636,1.0,1.0
AGO,Angola,2011,0.7755,1.0,0.7037,0.8636,1.0,1.0
AGO,Angola,2012,0.7755,1.0,0.7037,0.8636,1.0,1.0
AGO,Angola,2013,0.7755,1.0,0.7037,0.8636,1.0,1.0
AGO,Angola,2014,0.8571,1.0,0.8182,0.9,1.0,
AGO,Angola,2015,0.8333,0.5,0.7727,0.9,0.5,
AGO,Angola,2016,0.8333,0.5,0.7727,0.9,0.5,
AGO,Angola,2017,0.8333,0.5,0.7727,0.9,0.5,
AGO,Angola,2018,0.825,0.5,0.7727,0.8889,0.5,
AGO,Angola,2019,0.825,0.5,0.7727,0.8889,0.5,
AGO,Angola,2020,0.7857,0.5,0.7083,0.8889,0.5,
AGO,Angola,2021,0.7451,0.75,0.6429,0.8696,0.5,1.0
AGO,Angola,2022,0.75,0.75,0.6429,0.875,0.5,1.0
AGO,Angola,2023,0.7222,0.75,0.6429,0.8077,0.5,1.0
ALB,Albania,1999,0.4808,0.5,0.2069,0.8261,0.25,1.0
ALB,Albania,2000,0.4808,0.5,0.2069,0.8261,0.25,1.0
ALB,Albania,2001,0.4808,0.5,0.2069,0.8261,0.25,1.0
ALB,Albania,2002,0.4808,0.5,0.2069,0.8261,0.25,1.0
ALB,Albania,2003,0.4615,0.5,0.2069,0.7826,0.25,1.0
ALB,Albania,2004,0.4615,0.5,0.2069,0.7826,0.25,1.0
ALB,Albania,2005,0.4615,0.5,0.2069,0.7826,0.25,1.0
ALB,Albania,2006,0.4444,0.5,0.2069,0.72,0.25,1.0
ALB,Albania,2007,0.4444,0.5,0.2069,0.72,0.25,1.0
ALB,Albania,2008,0.4444,0.5,0.2069,0.72,0.25,1.0
ALB,Albania,2009,0.2727,0.1667,0.2667,0.28,0.25,0.0
ALB,Albania,2010,0.2727,0.1667,0.2667,0.28,0.25,0.0
ALB,Albania,2011,0.2727,0.1667,0.2667,0.28,0.25,0.0
ALB,Albania,2012,0.2727,0.1667,0.2667,0.28,0.25,0.0
ALB,Albania,2013,0.2727,0.1667,0.2667,0.28,0.25,0.0
ALB,Albania,2014,0.2857,0.1667,0.2667,0.3077,0.25,0.0
ALB,Albania,2015,0.2857,0.1667,0.2667,0.3077,0.25,0.0
ALB,Albania,2016,0.2857,0.1667,0.2667,0.3077,0.25,0.0
ALB,Albania,2017,0.2857,0.1667,0.2667,0.3077,0.25,0.0
ALB,Albania,2018,0.3571,0.1667,0.2667,0.4615,0.25,0.0
ALB,Albania,2019,0.3036,0.1667,0.1667,0.4615,0.25,0.0
ALB,Albania,2020,0.25,0.1667,0.0667,0.4615,0.25,0.0
ALB,Albania,2021,0.25,0.1667,0.0667,0.4615,0.25,0.0
ALB,Albania,2022,0.25,0.1667,0.0667,0.4615,0.25,0.0
ALB,Albania,2023,0.25,0.1667,0.0667,0.4615,0.25,0.0
ALB,Albania,2024,0.25,0.1667,0.0667,0.4615,0.25,0.0
AND,Andorra,2020,0.0179,0.0,0.0333,0.0,0.0,0.0
AND,Andorra,2021,0.0179,0.0,0.0333,0.0,0.0,0.0
AND,Andorra,2022,0.0179,0.0,0.0333,0.0,0.0,0.0
AND,Andorra,2023,0.0179,0.0,0.0333,0.0,0.0,0.0
ARE,United Arab Emirates,1999,0.1321,0.3333,0.1333,0.1304,0.5,0.0
ARE,United Arab Emirates,2000,0.1321,0.3333,0.1333,0.1304,0.5,0.0
ARE,United Arab Emirates,2001,0.1296,0.3333,0.1333,0.125,0.5,0.0
ARE,United Arab Emirates,2002,0.1296,0.3333,0.1333,0.125,0.5,0.0
ARE,United Arab Emirates,2003,0.1296,0.3333,0.1333,0.125,0.5,0.0
ARE,United Arab Emirates,2004,0.1296,0.3333,0.1333,0.125,0.5,0.0
ARE,United Arab Emirates,2005,0.1296,0.3333,0.1333,0.125,0.5,0.0
ARE,United Arab Emirates,2006,0.125,0.3333,0.1333,0.1154,0.5,0.0
ARE,United Arab Emirates,2007,0.125,0.3333,0.1333,0.1154,0.5,0.0
ARE,United Arab Emirates,2008,0.125,0.3333,0.1333,0.1154,0.5,0.0
ARE,United Arab Emirates,2009,0.125,0.3333,0.1333,0.1154,0.5,0.0
ARE,United Arab Emirates,2010,0.125,0.3333,0.1333,0.1154,0.5,0.0
ARE,United Arab Emirates,2011,0.125,0.3333,0.1333,0.1154,0.5,0.0
ARE,United Arab Emirates,2012,0.125,0.3333,0.1333,0.1154,0.5,0.0
ARE,United Arab Emirates,2013,0.125,0.3333,0.1333,0.1154,0.5,0.0
ARE,United Arab Emirates,2014,0.125,0.3333,0.1333,0.1154,0.5,0.0
ARE,United Arab Emirates,2015,0.125,0.3333,0.1333,0.1154,0.5,0.0
ARE,United Arab Emirates,2016,0.125,0.3333,0.1333,0.1154,0.5,0.0
ARE,United Arab Emirates,2017,0.125,0.3333,0.1333,0.1154,0.5,0.0
ARE,United Arab Emirates,2018,0.125,0.3333,0.1333,0.1154,0.5,0.0
ARE,United Arab Emirates,2019,0.125,0.3333,0.1333,0.1154,0.5,0.0
ARE,United Arab Emirates,2020,0.125,0.3333,0.1333,0.1154,0.5,0.0
ARE,United Arab Emirates,2021,0.125,0.3333,0.1333,0.1154,0.5,0.0
ARE,United Arab Emirates,2022,0.125,0.3333,0.1333,0.1154,0.5,0.0
ARE,United Arab Emirates,2023,0.125,0.3333,0.1333,0.1154,0.5,0.0
ARE,United Arab Emirates,2024,0.125,0.3333,0.1333,0.1154,0.5,0.0
ARG,Argentina,1999,0.1321,0.3333,0.0667,0.2174,0.5,0.0
ARG,Argentina,2000,0.1296,0.3333,0.0667,0.2083,0.5,0.0
ARG,Argentina,2001,0.2593,0.3333,0.1667,0.375,0.5,0.0
ARG,Argentina,2002,0.3333,0.1667,0.1333,0.5833,0.25,0.0
ARG,Argentina,2003,0.4259,0.6667,0.2333,0.6667,0.5,1.0
ARG,Argentina,2004,0.5926,0.8333,0.4333,0.7917,0.75,1.0
ARG,Argentina,2005,0.5556,0.6667,0.3667,0.7917,0.5,1.0
ARG,Argentina,2006,0.4464,0.0,0.3,0.6154,0.0,0.0
ARG,Argentina,2007,0.5536,0.3333,0.4333,0.6923,0.0,1.0
ARG,Argentina,2008,0.5714,0.3333,0.4333,0.7308,0.0,1.0
ARG,Argentina,2009,0.6296,0.5,0.5172,0.76,0.25,1.0
ARG,Argentina,2010,0.6071,0.3333,0.5,0.7308,0.25,0.5
ARG,Argentina,2011,0.6071,0.3333,0.5,0.7308,0.25,0.5
ARG,Argentina,2012,0.7143,1.0,0.6,0.8462,1.0,1.0
ARG,Argentina,2013,0.7143,1.0,0.6,0.8462,1.0,1.0
ARG,Argentina,2014,0.7143,1.0,0.6,0.8462,1.0,1.0
ARG,Argentina,2015,0.6786,1.0,0.5667,0.8077,1.0,1.0
ARG,Argentina,2016,0.6964,1.0,0.6,0.8077,1.0,1.0
ARG,Argentina,2017,0.0714,0.5,0.1333,0.0,0.75,0.0
ARG,Argentina,2018,0.0714,0.3333,0.1,0.0385,0.5,0.0
ARG,Argentina,2019,0.6786,1.0,0.6667,0.6923,1.0,1.0
ARG,Argentina,2020,0.75,1.0,0.7,0.8077,1.0,1.0
ARG,Argentina,2021,0.7321,0.8333,0.6667,0.8077,0.75,1.0
ARG,Argentina,2022,0.7321,0.8333,0.6667,0.8077,0.75,1.0
ARG,Argentina,2023,0.7321,0.8333,0.6667,0.8077,0.75,1.0
ARG,Argentina,2024,0.7321,0.8333,0.6667,0.8077,0.75,1.0
ARM,Armenia,1999,0.0377,0.1667,0.0333,0.0435,0.25,0.0
ARM,Armenia,2000,0.0185,0.1667,0.0333,0.0,0.25,0.0
ARM,Armenia,2001,0.0185,0.1667,0.0333,0.0,0.25,0.0
ARM,Armenia,2002,0.0185,0.1667,0.0333,0.0,0.25,0.0
ARM,Armenia,2003,0.0185,0.1667,0.0333,0.0,0.25,0.0
ARM,Armenia,2004,0.0185,0.1667,0.0333,0.0,0.25,0.0
ARM,Armenia,2005,0.0185,0.1667,0.0333,0.0,0.25,0.0
ARM,Armenia,2006,0.0179,0.1667,0.0333,0.0,0.25,0.0
ARM,Armenia,2007,0.0179,0.1667,0.0333,0.0,0.25,0.0
ARM,Armenia,2008,0.0179,0.1667,0.0333,0.0,0.25,0.0
ARM,Armenia,2009,0.0179,0.1667,0.0333,0.0,0.25,0.0
ARM,Armenia,2010,0.0179,0.1667,0.0333,0.0,0.25,0.0
ARM,Armenia,2011,0.0714,0.1667,0.0333,0.1154,0.25,0.0
ARM,Armenia,2012,0.0714,0.1667,0.0333,0.1154,0.25,0.0
ARM,Armenia,2013,0.0714,0.1667,0.0333,0.1154,0.25,0.0
ARM,Armenia,2014,0.0893,0.1667,0.0333,0.1538,0.25,0.0
ARM,Armenia,2015,0.0893,0.1667,0.0333,0.1538,0.25,0.0
ARM,Armenia,2016,0.0893,0.1667,0.0333,0.1538,0.25,0.0
ARM,Armenia,2017,0.0893,0.1667,0.0333,0.1538,0.25,0.0
ARM,Armenia,2018,0.0714,0.1667,0.0333,0.1154,0.25,0.0
ARM,Armenia,2019,0.0714,0.1667,0.0333,0.1154,0.25,0.0
ARM,Armenia,2020,0.0714,0.1667,0.0333,0.1154,0.25,0.0
ARM,Armenia,2021,0.0714,0.1667,0.0333,0.1154,0.25,0.0
ARM,Armenia,2022,0.0714,0.1667,0.0333,0.1154,0.25,0.0
ARM,Armenia,2023,0.0714,0.1667,0.0333,0.1154,0.25,0.0
ARM,Armenia,2024,0.0714,0.1667,0.0333,0.1154,0.25,0.0
ATG,Antigua and Barbuda,1999,0.0435,0.1667,0.0769,0.0,0.25,0.0
ATG,Antigua and Barbuda,2000,0.0435,0.1667,0.0769,0.0,0.25,0.0
ATG,Antigua and Barbuda,2001,0.0816,0.1667,0.1379,0.0,0.25,0.0
ATG,Antigua and Barbuda,2002,0.0816,0.1667,0.1379,0.0,0.25,0.0
ATG,Antigua and Barbuda,2003,0.0816,0.1667,0.1379,0.0,0.25,0.0
ATG,Antigua and Barbuda,2004,0.0816,0.1667,0.1379,0.0,0.25,0.0
ATG,Antigua and Barbuda,2005,0.0816,0.1667,0.1379,0.0,0.25,0.0
ATG,Antigua and Barbuda,2006,0.102,0.1667,0.1379,0.05,0.25,0.0
ATG,Antigua and Barbuda,2007,0.102,0.1667,0.1379,0.05,0.25,0.0
ATG,Antigua and Barbuda,2008,0.098,0.1667,0.1379,0.0455,0.25,0.0
ATG,Antigua and Barbuda,2009,0.098,0.1667,0.1379,0.0455,0.25,0.0
ATG,Antigua and Barbuda,2010,0.098,0.1667,0.1379,0.0455,0.25,0.0
ATG,Antigua and Barbuda,2011,0.098,0.1667,0.1379,0.0455,0.25,0.0
ATG,Antigua and Barbuda,2012,0.098,0.1667,0.1379,0.0455,0.25,0.0
ATG,Antigua and Barbuda,2013,0.098,0.1667,0.1379,0.0455,0.25,0.0
ATG,Antigua and Barbuda,2014,0.098,0.1667,0.1379,0.0455,0.25,0.0
ATG,Antigua and Barbuda,2015,0.1176,0.1667,0.1379,0.0909,0.25,0.0
ATG,Antigua and Barbuda,2016,0.1176,0.1667,0.1379,0.0909,0.25,0.0
ATG,Antigua and Barbuda,2017,0.1111,0.1667,0.1379,0.08,0.25,0.0
ATG,Antigua and Barbuda,2018,0.1111,0.1667,0.1379,0.08,0.25,0.0
ATG,Antigua and Barbuda,2019,0.1111,0.1667,0.1379,0.08,0.25,0.0
ATG,Antigua and Barbuda,2020,0.1111,0.1667,0.1379,0.08,0.25,0.0
ATG,Antigua and Barbuda,2021,0.1111,0.1667,0.1379,0.08,0.25,0.0
ATG,Antigua and Barbuda,2022,0.1111,0.1667,0.1379,0.08,0.25,0.0
ATG,Antigua and Barbuda,2023,0.1111,0.1667,0.1379,0.08,0.25,0.0
AUS,Australia,1999,0.1887,0.3333,0.1667,0.2174,0.5,0.0
AUS,Australia,2000,0.2037,0.5,0.2,0.2083,0.75,0.0
AUS,Australia,2001,0.2037,0.5,0.2,0.2083,0.75,0.0
AUS,Australia,2002,0.2037,0.5,0.2,0.2083,0.75,0.0
AUS,Australia,2003,0.1852,0.3333,0.1667,0.2083,0.5,0.0
AUS,Australia,2004,0.1852,0.3333,0.1667,0.2083,0.5,0.0
AUS,Australia,2005,0.1852,0.3333,0.1667,0.2083,0.5,0.0
AUS,Australia,2006,0.1786,0.3333,0.1667,0.1923,0.5,0.0
AUS,Australia,2007,0.1786,0.3333,0.1667,0.1923,0.5,0.0
AUS,Australia,2008,0.1786,0.3333,0.1667,0.1923,0.5,0.0
AUS,Australia,2009,0.1786,0.3333,0.1667,0.1923,0.5,0.0
AUS,Australia,2010,0.1964,0.3333,0.1667,0.2308,0.5,0.0
AUS,Australia,2011,0.0893,0.3333,0.1333,0.0385,0.5,0.0
AUS,Australia,2012,0.1071,0.3333,0.1667,0.0385,0.5,0.0
AUS,Australia,2013,0.1071,0.3333,0.1667,0.0385,0.5,0.0
AUS,Australia,2014,0.1071,0.3333,0.1667,0.0385,0.5,0.0
AUS,Australia,2015,0.1071,0.3333,0.1667,0.0385,0.5,0.0
AUS,Australia,2016,0.1071,0.3333,0.1667,0.0385,0.5,0.0
AUS,Australia,2017,0.1071,0.3333,0.1667,0.0385,0.5,0.0
AUS,Australia,2018,0.1071,0.3333,0.1667,0.0385,0.5,0.0
AUS,Australia,2019,0.1071,0.3333,0.1667,0.0385,0.5,0.0
AUS,Australia,2020,0.1071,0.3333,0.1667,0.0385,0.5,0.0
AUS,Australia,2021,0.1071,0.3333,0.1667,0.0385,0.5,0.0
AUS,Australia,2022,0.1071,0.3333,0.1667,0.0385,0.5,0.0
AUS,Australia,2023,0.1071,0.3333,0.1667,0.0385,0.5,0.0
AUS,Australia,2024,0.1071,0.3333,0.1667,0.0385,0.5,0.0
AUT,Austria,1999,0.1698,0.5,0.1,0.2609,0.5,0.5
AUT,Austria,2000,0.1667,0.5,0.1,0.25,0.5,0.5
AUT,Austria,2001,0.1667,0.5,0.1,0.25,0.5,0.5
AUT,Austria,2002,0.1667,0.5,0.1,0.25,0.5,0.5
AUT,Austria,2003,0.1667,0.5,0.1,0.25,0.5,0.5
AUT,Austria,2004,0.1667,0.5,0.1,0.25,0.5,0.5
AUT,Austria,2005,0.1852,0.5,0.1,0.2917,0.5,0.5
AUT,Austria,2006,0.1786,0.5,0.1,0.2692,0.5,0.5
AUT,Austria,2007,0.2143,0.5,0.1667,0.2692,0.5,0.5
AUT,Austria,2008,0.2143,0.5,0.1667,0.2692,0.5,0.5
AUT,Austria,2009,0.1964,0.5,0.1333,0.2692,0.5,0.5
AUT,Austria,2010,0.1429,0.1667,0.1,0.1923,0.25,0.0
AUT,Austria,2011,0.1786,0.5,0.1333,0.2308,0.5,0.5
AUT,Austria,2012,0.1607,0.5,0.1,0.2308,0.5,0.5
AUT,Austria,2013,0.1607,0.5,0.1,0.2308,0.5,0.5
AUT,Austria,2014,0.1607,0.5,0.1,0.2308,0.5,0.5
AUT,Austria,2015,0.1786,0.5,0.1,0.2692,0.5,0.5
AUT,Austria,2016,0.1786,0.5,0.1,0.2692,0.5,0.5
AUT,Austria,2017,0.1786,0.5,0.1,0.2692,0.5,0.5
AUT,Austria,2018,0.1786,0.5,0.1,0.2692,0.5,0.5
AUT,Austria,2019,0.1786,0.5,0.1,0.2692,0.5,0.5
AUT,Austria,2020,0.1786,0.5,0.1,0.2692,0.5,0.5
AUT,Austria,2021,0.1786,0.5,0.1,0.2692,0.5,0.5
AUT,Austria,2022,0.1786,0.5,0.1,0.2692,0.5,0.5
AUT,Austria,2023,0.1786,0.5,0.1,0.2692,0.5,0.5
AUT,Austria,2024,0.1786,0.5,0.1,0.2692,0.5,0.5
AZE,Azerbaijan,1999,0.5102,0.1667,0.3929,0.6667,0.0,0.5
AZE,Azerbaijan,2000,0.4694,0.1667,0.3214,0.6667,0.0,0.5
AZE,Azerbaijan,2001,0.449,0.1667,0.2857,0.6667,0.0,0.5
AZE,Azerbaijan,2002,0.42,0.1667,0.25,0.6364,0.0,0.5
AZE,Azerbaijan,2003,0.3061,0.5,0.1071,0.5714,0.25,1.0
AZE,Azerbaijan,2004,0.2857,0.5,0.1071,0.5238,0.25,1.0
AZE,Azerbaijan,2005,0.2857,0.5,0.1071,0.5238,0.25,1.0
AZE,Azerbaijan,2006,0.3,0.5,0.1071,0.5455,0.25,1.0
AZE,Azerbaijan,2007,0.22,0.3333,0.1071,0.3636,0.25,0.5
AZE,Azerbaijan,2008,0.2593,0.1667,0.2414,0.28,0.25,0.0
AZE,Azerbaijan,2009,0.2593,0.1667,0.2414,0.28,0.25,0.0
AZE,Azerbaijan,2010,0.2679,0.1667,0.2333,0.3077,0.25,0.0
AZE,Azerbaijan,2011,0.2679,0.1667,0.2333,0.3077,0.25,0.0
AZE,Azerbaijan,2012,0.2679,0.1667,0.2333,0.3077,0.25,0.0
AZE,Azerbaijan,2013,0.2679,0.1667,0.2333,0.3077,0.25,0.0
AZE,Azerbaijan,2014,0.2679,0.1667,0.2333,0.3077,0.25,0.0
AZE,Azerbaijan,2015,0.2679,0.1667,0.2333,0.3077,0.25,0.0
AZE,Azerbaijan,2016,0.2857,0.1667,0.2667,0.3077,0.25,0.0
AZE,Azerbaijan,2017,0.2857,0.1667,0.2667,0.3077,0.25,0.0
AZE,Azerbaijan,2018,0.2857,0.1667,0.2667,0.3077,0.25,0.0
AZE,Azerbaijan,2019,0.3036,0.1667,0.3,0.3077,0.25,0.0
AZE,Azerbaijan,2020,0.3036,0.1667,0.3,0.3077,0.25,0.0
AZE,Azerbaijan,2021,0.2857,0.1667,0.3,0.2692,0.25,0.0
AZE,Azerbaijan,2022,0.2857,0.1667,0.3,0.2692,0.25,0.0
AZE,Azerbaijan,2023,0.2857,0.1667,0.3,0.2692,0.25,0.0
AZE,Azerbaijan,2024,0.3571,0.3333,0.3667,0.3462,0.25,0.5
BDI,Burundi,1999,0.7059,1.0,0.5294,0.8824,1.0,1.0
BDI,Burundi,2000,0.6486,1.0,0.45,0.8824,1.0,1.0
BDI,Burundi,2001,0.6486,1.0,0.45,0.8824,1.0,1.0
BDI,Burundi,2002,0.6216,1.0,0.4762,0.8125,1.0,1.0
BDI,Burundi,2003,0.6216,1.0,0.4762,0.8125,1.0,1.0
BDI,Burundi,2004,0.5946,1.0,0.4762,0.75,1.0,1.0
BDI,Burundi,2005,0.5676,1.0,0.4762,0.6875,1.0,1.0
BDI,Burundi,2006,0.6216,1.0,0.5238,0.75,1.0,1.0
BDI,Burundi,2007,0.6486,1.0,0.5714,0.75,1.0,1.0
BDI,Burundi,2008,0.6667,1.0,0.5714,0.7778,1.0,1.0
BDI,Burundi,2009,0.675,1.0,0.5714,0.7895,1.0,1.0
BDI,Burundi,2010,0.6818,1.0,0.5909,0.7727,1.0,1.0
BDI,Burundi,2011,0.6818,1.0,0.5909,0.7727,1.0,1.0
BDI,Burundi,2012,0.6429,0.8333,0.5455,0.75,0.75,1.0
BDI,Burundi,2013,0.6279,0.8333,0.5455,0.7143,0.75,1.0
BDI,Burundi,2014,0.4667,0.5,0.3182,0.6087,0.25,1.0
BDI,Burundi,2015,0.3393,0.5,0.1667,0.5385,0.25,1.0
BDI,Burundi,2016,0.3214,0.5,0.1667,0.5,0.25,1.0
BDI,Burundi,2017,0.3214,0.5,0.1667,0.5,0.25,1.0
BDI,Burundi,2018,0.3214,0.5,0.1667,0.5,0.25,1.0
BDI,Burundi,2019,0.3214,0.5,0.1667,0.5,0.25,1.0
BDI,Burundi,2020,0.3214,0.5,0.1667,0.5,0.25,1.0
BDI,Burundi,2021,0.3214,0.5,0.1667,0.5,0.25,1.0
BDI,Burundi,2022,0.3214,0.5,0.1667,0.5,0.25,1.0
BDI,Burundi,2023,0.1429,0.1667,0.1333,0.1538,0.25,0.0
BEL,Belgium,1999,0.1698,0.1667,0.0667,0.3043,0.25,0.0
BEL,Belgium,2000,0.1481,0.1667,0.0667,0.25,0.25,0.0
BEL,Belgium,2001,0.1481,0.1667,0.0667,0.25,0.25,0.0
BEL,Belgium,2002,0.1481,0.1667,0.0667,0.25,0.25,0.0
BEL,Belgium,2003,0.1481,0.1667,0.0667,0.25,0.25,0.0
BEL,Belgium,2004,0.1481,0.1667,0.0667,0.25,0.25,0.0
BEL,Belgium,2005,0.1481,0.1667,0.0667,0.25,0.25,0.0
BEL,Belgium,2006,0.1429,0.1667,0.0667,0.2308,0.25,0.0
BEL,Belgium,2007,0.1429,0.1667,0.0667,0.2308,0.25,0.0
BEL,Belgium,2008,0.1429,0.1667,0.0667,0.2308,0.25,0.0
BEL,Belgium,2009,0.1429,0.1667,0.0667,0.2308,0.25,0.0
BEL,Belgium,2010,0.1429,0.1667,0.0667,0.2308,0.25,0.0
BEL,Belgium,2011,0.1429,0.1667,0.0667,0.2308,0.25,0.0
BEL,Belgium,2012,0.1429,0.1667,0.0667,0.2308,0.25,0.0
BEL,Belgium,2013,0.1429,0.1667,0.0667,0.2308,0.25,0.0
BEL,Belgium,2014,0.1429,0.1667,0.0667,0.2308,0.25,0.0
BEL,Belgium,2015,0.1429,0.1667,0.0667,0.2308,0.25,0.0
BEL,Belgium,2016,0.1429,0.1667,0.0667,0.2308,0.25,0.0
BEL,Belgium,2017,0.1429,0.1667,0.0667,0.2308,0.25,0.0
BEL,Belgium,2018,0.1429,0.1667,0.0667,0.2308,0.25,0.0
BEL,Belgium,2019,0.1429,0.1667,0.0667,0.2308,0.25,0.0
BEL,Belgium,2020,0.1429,0.1667,0.0667,0.2308,0.25,0.0
BEL,Belgium,2021,0.1429,0.1667,0.0667,0.2308,0.25,0.0
BEL,Belgium,2022,0.1429,0.1667,0.0667,0.2308,0.25,0.0
BEL,Belgium,2023,0.1429,0.1667,0.0667,0.2308,0.25,0.0
BEL,Belgium,2024,0.1429,0.1667,0.0667,0.2308,0.25,0.0
BEN,Benin,1999,0.6981,1.0,0.5333,0.913,1.0,1.0
BEN,Benin,2000,0.6981,1.0,0.5333,0.913,1.0,1.0
BEN,Benin,2001,0.6981,1.0,0.5333,0.913,1.0,1.0
BEN,Benin,2002,0.717,1.0,0.5667,0.913,1.0,1.0
BEN,Benin,2003,0.717,1.0,0.5667,0.913,1.0,1.0
BEN,Benin,2004,0.717,1.0,0.5667,0.913,1.0,1.0
BEN,Benin,2005,0.6852,0.6667,0.4667,0.9583,0.5,1.0
BEN,Benin,2006,0.6429,0.5,0.3667,0.9615,0.25,1.0
BEN,Benin,2007,0.6607,0.6667,0.4,0.9615,0.5,1.0
BEN,Benin,2008,0.6429,0.6667,0.3667,0.9615,0.5,1.0
BEN,Benin,2009,0.6964,0.8333,0.4667,0.9615,0.75,1.0
BEN,Benin,2010,0.6964,0.8333,0.4667,0.9615,0.75,1.0
BEN,Benin,2011,0.6964,0.8333,0.4667,0.9615,0.75,1.0
BEN,Benin,2012,0.6964,0.8333,0.4667,0.9615,0.75,1.0
BEN,Benin,2013,0.6964,0.8333,0.4667,0.9615,0.75,1.0
BEN,Benin,2014,0.6964,0.8333,0.4667,0.9615,0.75,1.0
BEN,Benin,2015,0.6964,0.8333,0.4667,0.9615,0.75,1.0
BEN,Benin,2016,0.6964,0.8333,0.4667,0.9615,0.75,1.0
BEN,Benin,2017,0.6964,0.8333,0.4667,0.9615,0.75,1.0
BEN,Benin,2018,0.5714,0.5,0.2333,0.9615,0.25,1.0
BEN,Benin,2019,0.5714,0.5,0.2333,0.9615,0.25,1.0
BEN,Benin,2020,0.5714,0.5,0.2333,0.9615,0.25,1.0
BEN,Benin,2021,0.5714,0.5,0.2333,0.9615,0.25,1.0
BEN,Benin,2022,0.5714,0.5,0.2333,0.9615,0.25,1.0
BEN,Benin,2023,0.5714,0.5,0.2333,0.9615,0.25,1.0
BFA,Burkina Faso,1999,0.6038,0.5,0.3333,0.9565,0.25,1.0
BFA,Burkina Faso,2000,0.6038,0.5,0.3333,0.9565,0.25,1.0
BFA,Burkina Faso,2001,0.6667,0.5,0.4333,0.9583,0.25,1.0
BFA,Burkina Faso,2002,0.6667,0.5,0.4333,0.9583,0.25,1.0
BFA,Burkina Faso,2003,0.6111,0.5,0.3333,0.9583,0.25,1.0
BFA,Burkina Faso,2004,0.6111,0.5,0.3333,0.9583,0.25,1.0
BFA,Burkina Faso,2005,0.6296,0.6667,0.3667,0.9583,0.5,1.0
BFA,Burkina Faso,2006,0.6607,0.5,0.4,0.9615,0.25,1.0
BFA,Burkina Faso,2007,0.6429,0.5,0.3667,0.9615,0.25,1.0
BFA,Burkina Faso,2008,0.6607,0.5,0.4,0.9615,0.25,1.0
BFA,Burkina Faso,2009,0.7143,0.8333,0.5,0.9615,0.75,1.0
BFA,Burkina Faso,2010,0.7143,0.8333,0.5,0.9615,0.75,1.0
BFA,Burkina Faso,2011,0.7143,0.8333,0.5,0.9615,0.75,1.0
BFA,Burkina Faso,2012,0.7143,0.8333,0.5,0.9615,0.75,1.0
BFA,Burkina Faso,2013,0.7143,0.8333,0.5,0.9615,0.75,1.0
BFA,Burkina Faso,2014,0.7143,0.8333,0.5,0.9615,0.75,1.0
BFA,Burkina Faso,2015,0.7143,0.8333,0.5,0.9615,0.75,1.0
BFA,Burkina Faso,2016,0.7143,0.8333,0.5,0.9615,0.75,1.0
BFA,Burkina Faso,2017,0.7321,0.8333,0.5333,0.9615,0.75,1.0
BFA,Burkina Faso,2018,0.5893,0.5,0.2667,0.9615,0.25,1.0
BFA,Burkina Faso,2019,0.5893,0.5,0.2667,0.9615,0.25,1.0
BFA,Burkina Faso,2020,0.5893,0.5,0.2667,0.9615,0.25,1.0
BFA,Burkina Faso,2021,0.5893,0.5,0.2667,0.9615,0.25,1.0
BFA,Burkina Faso,2022,0.5893,0.5,0.2667,0.9615,0.25,1.0
BFA,Burkina Faso,2023,0.5893,0.5,0.2667,0.9615,0.25,1.0
BGD,Bangladesh,1999,0.8,0.8333,0.75,0.8571,0.75,1.0
BGD,Bangladesh,2000,0.8,0.8333,0.75,0.8571,0.75,1.0
BGD,Bangladesh,2001,0.74,0.8333,0.6296,0.8696,0.75,1.0
BGD,Bangladesh,2002,0.7451,0.8333,0.6296,0.875,0.75,1.0
BGD,Bangladesh,2003,0.7451,0.8333,0.6296,0.875,0.75,1.0
BGD,Bangladesh,2004,0.7451,0.8333,0.6296,0.875,0.75,1.0
BGD,Bangladesh,2005,0.7037,0.8333,0.5667,0.875,0.75,1.0
BGD,Bangladesh,2006,0.7143,0.8333,0.5667,0.8846,0.75,1.0
BGD,Bangladesh,2007,0.75,0.8333,0.6333,0.8846,0.75,1.0
BGD,Bangladesh,2008,0.75,0.8333,0.6333,0.8846,0.75,1.0
BGD,Bangladesh,2009,0.75,0.8333,0.6667,0.8462,0.75,1.0
BGD,Bangladesh,2010,0.75,0.8333,0.6667,0.8462,0.75,1.0
BGD,Bangladesh,2011,0.75,0.8333,0.6667,0.8462,0.75,1.0
BGD,Bangladesh,2012,0.75,0.8333,0.6667,0.8462,0.75,1.0
BGD,Bangladesh,2013,0.7679,0.8333,0.6667,0.8846,0.75,1.0
BGD,Bangladesh,2014,0.7857,0.8333,0.6667,0.9231,0.75,1.0
BGD,Bangladesh,2015,0.7857,0.8333,0.6667,0.9231,0.75,1.0
BGD,Bangladesh,2016,0.7857,0.8333,0.6667,0.9231,0.75,1.0
BGD,Bangladesh,2017,0.7857,0.8333,0.6667,0.9231,0.75,1.0
BGD,Bangladesh,2018,0.7679,0.8333,0.6333,0.9231,0.75,1.0
BGD,Bangladesh,2019,0.7679,0.8333,0.6333,0.9231,0.75,1.0
BGD,Bangladesh,2020,0.7679,0.8333,0.6333,0.9231,0.75,1.0
BGD,Bangladesh,2021,0.7679,0.8333,0.6333,0.9231,0.75,1.0
BGD,Bangladesh,2022,0.75,0.8333,0.6,0.9231,0.75,1.0
BGD,Bangladesh,2023,0.75,0.8333,0.6,0.9231,0.75,1.0
BGD,Bangladesh,2024,0.7679,0.8333,0.6333,0.9231,0.75,1.0
BGR,Bulgaria,1999,0.283,0.1667,0.1333,0.4783,0.25,0.0
BGR,Bulgaria,2000,0.2593,0.1667,0.1333,0.4167,0.25,0.0
BGR,Bulgaria,2001,0.3585,0.1667,0.1379,0.625,0.25,0.0
BGR,Bulgaria,2002,0.3396,0.1667,0.1034,0.625,0.25,0.0
BGR,Bulgaria,2003,0.1698,0.3333,0.1034,0.25,0.25,0.5
BGR,Bulgaria,2004,0.1887,0.3333,0.1379,0.25,0.25,0.5
BGR,Bulgaria,2005,0.2075,0.3333,0.1379,0.2917,0.25,0.5
BGR,Bulgaria,2006,0.0364,0.1667,0.069,0.0,0.25,0.0
BGR,Bulgaria,2007,0.0364,0.1667,0.069,0.0,0.25,0.0
BGR,Bulgaria,2008,0.0364,0.1667,0.069,0.0,0.25,0.0
BGR,Bulgaria,2009,0.0364,0.1667,0.069,0.0,0.25,0.0
BGR,Bulgaria,2010,0.0182,0.1667,0.0345,0.0,0.25,0.0
BGR,Bulgaria,2011,0.0364,0.1667,0.0345,0.0385,0.25,0.0
BGR,Bulgaria,2012,0.0364,0.1667,0.0345,0.0385,0.25,0.0
BGR,Bulgaria,2013,0.0364,0.1667,0.0345,0.0385,0.25,0.0
BGR,Bulgaria,2014,0.0364,0.1667,0.0345,0.0385,0.25,0.0
BGR,Bulgaria,2015,0.0364,0.1667,0.0345,0.0385,0.25,0.0
BGR,Bulgaria,2016,0.0364,0.1667,0.0345,0.0385,0.25,0.0
BGR,Bulgaria,2017,0.0364,0.1667,0.0345,0.0385,0.25,0.0
BGR,Bulgaria,2018,0.0714,0.1667,0.1,0.0385,0.25,0.0
BGR,Bulgaria,2019,0.1429,0.3333,0.1333,0.1538,0.5,0.0
BGR,Bulgaria,2020,0.1429,0.3333,0.1333,0.1538,0.5,0.0
BGR,Bulgaria,2021,0.1429,0.3333,0.1333,0.1538,0.5,0.0
BGR,Bulgaria,2022,0.1429,0.3333,0.1333,0.1538,0.5,0.0
BGR,Bulgaria,2023,0.125,0.3333,0.1,0.1538,0.5,0.0
BGR,Bulgaria,2024,0.125,0.3333,0.1,0.1538,0.5,0.0
BHR,Bahrain,1999,0.2075,0.3333,0.2667,0.1304,0.5,0.0
BHR,Bahrain,2000,0.1852,0.3333,0.2333,0.125,0.5,0.0
BHR,Bahrain,2001,0.2222,0.3333,0.2333,0.2083,0.5,0.0
BHR,Bahrain,2002,0.1852,0.3333,0.2333,0.125,0.5,0.0
BHR,Bahrain,2003,0.1852,0.3333,0.2333,0.125,0.5,0.0
BHR,Bahrain,2004,0.2407,0.3333,0.2667,0.2083,0.5,0.0
BHR,Bahrain,2005,0.1667,0.3333,0.2,0.125,0.5,0.0
BHR,Bahrain,2006,0.1786,0.3333,0.2333,0.1154,0.5,0.0
BHR,Bahrain,2007,0.1154,0.3333,0.1786,0.0417,0.5,0.0
BHR,Bahrain,2008,0.1071,0.3333,0.1667,0.0385,0.5,0.0
BHR,Bahrain,2009,0.0893,0.3333,0.1333,0.0385,0.5,0.0
BHR,Bahrain,2010,0.0893,0.3333,0.1333,0.0385,0.5,0.0
BHR,Bahrain,2011,0.125,0.3333,0.1667,0.0769,0.5,0.0
BHR,Bahrain,2012,0.125,0.3333,0.1667,0.0769,0.5,0.0
BHR,Bahrain,2013,0.1607,0.3333,0.2,0.1154,0.5,0.0
BHR,Bahrain,2014,0.1607,0.3333,0.2,0.1154,0.5,0.0
BHR,Bahrain,2015,0.1607,0.3333,0.2,0.1154,0.5,0.0
BHR,Bahrain,2016,0.1607,0.3333,0.2,0.1154,0.5,0.0
BHR,Bahrain,2017,0.1607,0.3333,0.2,0.1154,0.5,0.0
BHR,Bahrain,2018,0.1786,0.3333,0.2333,0.1154,0.5,0.0
BHR,Bahrain,2019,0.1786,0.3333,0.2333,0.1154,0.5,0.0
BHR,Bahrain,2020,0.1786,0.3333,0.2333,0.1154,0.5,0.0
BHR,Bahrain,2021,0.1786,0.3333,0.2333,0.1154,0.5,0.0
BHR,Bahrain,2022,0.1786,0.3333,0.2333,0.1154,0.5,0.0
BHR,Bahrain,2023,0.1786,0.3333,0.2333,0.1154,0.5,0.0
BHS,"Bahamas, The",1999,0.7736,0.8333,0.6667,0.913,0.75,1.0
BHS,"Bahamas, The",2000,0.7736,0.8333,0.6667,0.913,0.75,1.0
BHS,"Bahamas, The",2001,0.7736,0.8333,0.6667,0.913,0.75,1.0
BHS,"Bahamas, The",2002,0.7925,0.8333,0.7,0.913,0.75,1.0
BHS,"Bahamas, The",2003,0.7925,0.8333,0.7,0.913,0.75,1.0
BHS,"Bahamas, The",2004,0.7925,0.8333,0.7,0.913,0.75,1.0
BHS,"Bahamas, The",2005,0.7925,0.8333,0.7,0.913,0.75,1.0
BHS,"Bahamas, The",2006,0.8036,0.8333,0.7,0.9231,0.75,1.0
BHS,"Bahamas, The",2007,0.7857,0.8333,0.6667,0.9231,0.75,1.0
BHS,"Bahamas, The",2008,0.7857,0.8333,0.6667,0.9231,0.75,1.0
BHS,"Bahamas, The",2009,0.7857,0.8333,0.6667,0.9231,0.75,1.0
BHS,"Bahamas, The",2010,0.7857,0.8333,0.6667,0.9231,0.75,1.0
BHS,"Bahamas, The",2011,0.7857,0.8333,0.6667,0.9231,0.75,1.0
BHS,"Bahamas, The",2012,0.7857,0.8333,0.6667,0.9231,0.75,1.0
BHS,"Bahamas, The",2013,0.7857,0.8333,0.6667,0.9231,0.75,1.0
BHS,"Bahamas, The",2014,0.7857,0.8333,0.6667,0.9231,0.75,1.0
BHS,"Bahamas, The",2015,0.7857,0.8333,0.6667,0.9231,0.75,1.0
BHS,"Bahamas, The",2016,0.7857,0.8333,0.6667,0.9231,0.75,1.0
BHS,"Bahamas, The",2017,0.7857,0.8333,0.6667,0.9231,0.75,1.0
BHS,"Bahamas, The",2018,0.7857,0.8333,0.6667,0.9231,0.75,1.0
BHS,"Bahamas, The",2019,0.7857,0.8333,0.6667,0.9231,0.75,1.0
BHS,"Bahamas, The",2020,0.7857,0.8333,0.6667,0.9231,0.75,1.0
BHS,"Bahamas, The",2021,0.7857,0.8333,0.6667,0.9231,0.75,1.0
BHS,"Bahamas, The",2022,0.7857,0.8333,0.6667,0.9231,0.75,1.0
BHS,"Bahamas, The",2023,0.7857,0.8333,0.6667,0.9231,0.75,1.0
BHS,"Bahamas, The",2024,0.7857,0.8333,0.6667,0.9231,0.75,1.0
BIH,Bosnia and Herzegovina,1999,0.2885,0.3333,0.2069,0.3913,0.25,0.5
BIH,Bosnia and Herzegovina,2000,0.283,0.3333,0.2069,0.375,0.25,0.5
BIH,Bosnia and Herzegovina,2001,0.037,0.1667,0.0667,0.0,0.25,0.0
BIH,Bosnia and Herzegovina,2002,0.1852,0.8333,0.2333,0.125,1.0,0.5
BIH,Bosnia and Herzegovina,2003,0.1667,0.5,0.2,0.125,0.75,0.0
BIH,Bosnia and Herzegovina,2004,0.2407,0.3333,0.2667,0.2083,0.5,0.0
BIH,Bosnia and Herzegovina,2005,0.2778,0.5,0.2667,0.2917,0.75,0.0
BIH,Bosnia and Herzegovina,2006,0.2857,0.5,0.3,0.2692,0.75,0.0
BIH,Bosnia and Herzegovina,2007,0.2857,0.5,0.3,0.2692,0.75,0.0
BIH,Bosnia and Herzegovina,2008,0.2321,0.5,0.2667,0.1923,0.75,0.0
BIH,Bosnia and Herzegovina,2009,0.2321,0.5,0.2667,0.1923,0.75,0.0
BIH,Bosnia and Herzegovina,2010,0.1964,0.3333,0.2,0.1923,0.5,0.0
BIH,Bosnia and Herzegovina,2011,0.1964,0.3333,0.2,0.1923,0.5,0.0
BIH,Bosnia and Herzegovina,2012,0.3036,0.3333,0.2333,0.3846,0.5,0.0
BIH,Bosnia and Herzegovina,2013,0.3036,0.3333,0.2333,0.3846,0.5,0.0
BIH,Bosnia and Herzegovina,2014,0.3036,0.3333,0.2333,0.3846,0.5,0.0
BIH,Bosnia and Herzegovina,2015,0.3036,0.3333,0.2333,0.3846,0.5,0.0
BIH,Bosnia and Herzegovina,2016,0.3036,0.3333,0.2333,0.3846,0.5,0.0
BIH,Bosnia and Herzegovina,2017,0.3036,0.3333,0.2333,0.3846,0.5,0.0
BIH,Bosnia and Herzegovina,2018,0.2857,0.3333,0.2,0.3846,0.5,0.0
BIH,Bosnia and Herzegovina,2019,0.3036,0.3333,0.2,0.4231,0.5,0.0
BIH,Bosnia and Herzegovina,2020,0.3214,0.3333,0.2333,0.4231,0.5,0.0
BIH,Bosnia and Herzegovina,2021,0.3214,0.3333,0.2333,0.4231,0.5,0.0
BIH,Bosnia and Herzegovina,2022,0.3214,0.3333,0.2333,0.4231,0.5,0.0
BIH,Bosnia and Herzegovina,2023,0.3214,0.3333,0.2333,0.4231,0.5,0.0
BIH,Bosnia and Herzegovina,2024,0.3214,0.3333,0.2333,0.4231,0.5,0.0
BLR,Belarus,1999,0.7778,0.75,0.6667,0.8889,0.5,1.0
BLR,Belarus,2000,0.6818,0.6667,0.5,0.8636,0.5,1.0
BLR,Belarus,2001,0.6522,0.5,0.4583,0.8636,0.25,1.0
BLR,Belarus,2002,0.68,0.5,0.5,0.875,0.25,1.0
BLR,Belarus,2003,0.68,0.5,0.5,0.875,0.25,1.0
BLR,Belarus,2004,0.68,0.5,0.5,0.875,0.25,1.0
BLR,Belarus,2005,0.5686,0.5,0.2963,0.875,0.25,1.0
BLR,Belarus,2006,0.5849,0.5,0.2963,0.8846,0.25,1.0
BLR,Belarus,2007,0.4808,0.5,0.0769,0.8846,0.25,1.0
BLR,Belarus,2008,0.5094,0.5,0.1111,0.9231,0.25,1.0
BLR,Belarus,2009,0.4615,0.5,0.0769,0.8462,0.25,1.0
BLR,Belarus,2010,0.4444,0.6667,0.2143,0.6923,0.5,1.0
BLR,Belarus,2011,0.463,0.6667,0.25,0.6923,0.5,1.0
BLR,Belarus,2012,0.463,0.6667,0.25,0.6923,0.5,1.0
BLR,Belarus,2013,0.3889,0.5,0.1071,0.6923,0.25,1.0
BLR,Belarus,2014,0.4444,0.5,0.1786,0.7308,0.25,1.0
BLR,Belarus,2015,0.5091,0.5,0.2759,0.7692,0.25,1.0
BLR,Belarus,2016,0.5091,0.5,0.3103,0.7308,0.25,1.0
BLR,Belarus,2017,0.4909,0.5,0.2759,0.7308,0.25,1.0
BLR,Belarus,2018,0.3636,0.5,0.2069,0.5385,0.25,1.0
BLR,Belarus,2019,0.2857,0.5,0.1,0.5,0.25,1.0
BLR,Belarus,2020,0.2857,0.5,0.1,0.5,0.25,1.0
BLR,Belarus,2021,0.3393,0.5,0.2,0.5,0.25,1.0
BLR,Belarus,2022,0.3393,0.5,0.2,0.5,0.25,1.0
BLR,Belarus,2023,0.3393,0.5,0.2,0.5,0.25,1.0
BLZ,Belize,1999,0.7917,0.8333,0.6667,0.9524,0.75,1.0
BLZ,Belize,2000,0.8113,0.8333,0.7,0.9565,0.75,1.0
BLZ,Belize,2001,0.8113,0.8333,0.7,0.9565,0.75,1.0
BLZ,Belize,2002,0.8113,0.8333,0.7,0.9565,0.75,1.0
BLZ,Belize,2003,0.8113,0.8333,0.7,0.9565,0.75,1.0
BLZ,Belize,2004,0.8113,0.8333,0.7,0.9565,0.75,1.0
BLZ,Belize,2005,0.8302,0.8333,0.7333,0.9565,0.75,1.0
BLZ,Belize,2006,0.8302,0.8333,0.7333,0.9565,0.75,1.0
BLZ,Belize,2007,0.8302,0.8333,0.7333,0.9565,0.75,1.0
BLZ,Belize,2008,0.8545,0.8333,0.7667,0.96,0.75,1.0
BLZ,Belize,2009,0.8545,0.8333,0.7667,0.96,0.75,1.0
BLZ,Belize,2010,0.8393,0.8333,0.7667,0.9231,0.75,1.0
BLZ,Belize,2011,0.8393,0.8333,0.7667,0.9231,0.75,1.0
BLZ,Belize,2012,0.8393,0.8333,0.7667,0.9231,0.75,1.0
BLZ,Belize,2013,0.8393,0.8333,0.7667,0.9231,0.75,1.0
BLZ,Belize,2014,0.875,0.8333,0.8,0.9615,0.75,1.0
BLZ,Belize,2015,0.875,0.8333,0.8,0.9615,0.75,1.0
BLZ,Belize,2016,0.8929,1.0,0.8333,0.9615,1.0,1.0
BLZ,Belize,2017,0.8929,1.0,0.8333,0.9615,1.0,1.0
BLZ,Belize,2018,0.8929,1.0,0.8333,0.9615,1.0,1.0
BLZ,Belize,2019,0.8929,1.0,0.8333,0.9615,1.0,1.0
BLZ,Belize,2020,0.8929,1.0,0.8333,0.9615,1.0,1.0
BLZ,Belize,2021,0.8929,1.0,0.8333,0.9615,1.0,1.0
BLZ,Belize,2022,0.8929,1.0,0.8333,0.9615,1.0,1.0
BLZ,Belize,2023,0.8929,1.0,0.8333,0.9615,1.0,1.0
BOL,Bolivia,1999,0.0377,0.0,0.0667,0.0,0.0,0.0
BOL,Bolivia,2000,0.0377,0.0,0.0667,0.0,0.0,0.0
BOL,Bolivia,2001,0.0556,0.0,0.0667,0.0417,0.0,0.0
BOL,Bolivia,2002,0.0556,0.0,0.0667,0.0417,0.0,0.0
BOL,Bolivia,2003,0.0556,0.0,0.0667,0.0417,0.0,0.0
BOL,Bolivia,2004,0.0556,0.0,0.0667,0.0417,0.0,0.0
BOL,Bolivia,2005,0.0556,0.0,0.0667,0.0417,0.0,0.0
BOL,Bolivia,2006,0.0536,0.0,0.0667,0.0385,0.0,0.0
BOL,Bolivia,2007,0.1964,0.0,0.0667,0.3462,0.0,0.0
BOL,Bolivia,2008,0.1964,0.0,0.0667,0.3462,0.0,0.0
BOL,Bolivia,2009,0.2115,0.0,0.0741,0.36,0.0,0.0
BOL,Bolivia,2010,0.125,0.0,0.0667,0.1923,0.0,0.0
BOL,Bolivia,2011,0.1964,0.0,0.1333,0.2692,0.0,0.0
BOL,Bolivia,2012,0.1964,0.0,0.1333,0.2692,0.0,0.0
BOL,Bolivia,2013,0.1964,0.0,0.1333,0.2692,0.0,0.0
BOL,Bolivia,2014,0.1964,0.0,0.1333,0.2692,0.0,0.0
BOL,Bolivia,2015,0.1964,0.0,0.1333,0.2692,0.0,0.0
BOL,Bolivia,2016,0.1964,0.0,0.1333,0.2692,0.0,0.0
BOL,Bolivia,2017,0.1429,0.0,0.1,0.1923,0.0,0.0
BOL,Bolivia,2018,0.1429,0.0,0.1,0.1923,0.0,0.0
BOL,Bolivia,2019,0.1429,0.0,0.1,0.1923,0.0,0.0
BOL,Bolivia,2020,0.2143,0.0,0.2333,0.1923,0.0,0.0
BOL,Bolivia,2021,0.2143,0.0,0.2333,0.1923,0.0,0.0
BOL,Bolivia,2022,0.2321,0.0,0.2333,0.2308,0.0,0.0
BOL,Bolivia,2023,0.1786,0.0,0.1333,0.2308,0.0,0.0
BOL,Bolivia,2024,0.1786,0.0,0.1333,0.2308,0.0,0.0
BRA,Brazil,1999,0.6087,0.5,0.5769,0.65,0.5,0.5
BRA,Brazil,2000,0.6304,0.5,0.5769,0.7,0.5,0.5
BRA,Brazil,2001,0.6304,0.5,0.5769,0.7,0.5,0.5
BRA,Brazil,2002,0.3784,0.3333,0.125,0.8462,0.25,0.5
BRA,Brazil,2003,0.4324,0.3333,0.1739,0.8571,0.25,0.5
BRA,Brazil,2004,0.4324,0.3333,0.1739,0.8571,0.25,0.5
BRA,Brazil,2005,0.359,0.3333,0.125,0.7333,0.25,0.5
BRA,Brazil,2006,0.2128,0.1667,0.08,0.3636,0.25,0.0
BRA,Brazil,2007,0.28,0.5,0.1429,0.4545,0.5,0.5
BRA,Brazil,2008,0.2453,0.5,0.1429,0.36,0.5,0.5
BRA,Brazil,2009,0.3962,0.5,0.2857,0.52,0.5,0.5
BRA,Brazil,2010,0.4286,0.5,0.3,0.5769,0.5,0.5
BRA,Brazil,2011,0.4464,0.5,0.3333,0.5769,0.5,0.5
BRA,Brazil,2012,0.4464,0.5,0.3333,0.5769,0.5,0.5
BRA,Brazil,2013,0.4821,0.5,0.3667,0.6154,0.5,0.5
BRA,Brazil,2014,0.4643,0.5,0.3667,0.5769,0.5,0.5
BRA,Brazil,2015,0.5,0.5,0.4,0.6154,0.5,0.5
BRA,Brazil,2016,0.5,0.5,0.4,0.6154,0.5,0.5
BRA,Brazil,2017,0.5,0.5,0.4,0.6154,0.5,0.5
BRA,Brazil,2018,0.5,0.5,0.4,0.6154,0.5,0.5
BRA,Brazil,2019,0.4821,0.5,0.3667,0.6154,0.5,0.5
BRA,Brazil,2020,0.4821,0.5,0.3667,0.6154,0.5,0.5
BRA,Brazil,2021,0.4821,0.5,0.3667,0.6154,0.5,0.5
BRA,Brazil,2022,0.375,0.5,0.2667,0.5,0.5,0.5
BRA,Brazil,2023,0.3571,0.5,0.2333,0.5,0.5,0.5
BRB,Barbados,1999,0.7442,0.8333,0.6538,0.8824,0.75,1.0
BRB,Barbados,2000,0.7273,0.8333,0.6538,0.8333,0.75,1.0
BRB,Barbados,2001,0.7273,0.8333,0.6538,0.8333,0.75,1.0
BRB,Barbados,2002,0.7273,0.8333,0.6538,0.8333,0.75,1.0
BRB,Barbados,2003,0.7273,0.8333,0.6538,0.8333,0.75,1.0
BRB,Barbados,2004,0.7273,0.8333,0.6538,0.8333,0.75,1.0
BRB,Barbados,2005,0.7778,0.8333,0.7,0.875,0.75,1.0
BRB,Barbados,2006,0.7857,0.8333,0.7,0.8846,0.75,1.0
BRB,Barbados,2007,0.7857,0.8333,0.7,0.8846,0.75,1.0
BRB,Barbados,2008,0.8036,1.0,0.7333,0.8846,1.0,1.0
BRB,Barbados,2009,0.8036,1.0,0.7333,0.8846,1.0,1.0
BRB,Barbados,2010,0.8036,1.0,0.7333,0.8846,1.0,1.0
BRB,Barbados,2011,0.8036,1.0,0.7333,0.8846,1.0,1.0
BRB,Barbados,2012,0.8036,1.0,0.7333,0.8846,1.0,1.0
BRB,Barbados,2013,0.8036,1.0,0.7333,0.8846,1.0,1.0
BRB,Barbados,2014,0.8036,1.0,0.7333,0.8846,1.0,1.0
BRB,Barbados,2015,0.8036,1.0,0.7333,0.8846,1.0,1.0
BRB,Barbados,2016,0.8036,1.0,0.7333,0.8846,1.0,1.0
BRB,Barbados,2017,0.8036,1.0,0.7333,0.8846,1.0,1.0
BRB,Barbados,2018,0.8036,1.0,0.7333,0.8846,1.0,1.0
BRB,Barbados,2019,0.8214,1.0,0.7333,0.9231,1.0,1.0
BRB,Barbados,2020,0.7679,1.0,0.7333,0.8077,1.0,1.0
BRB,Barbados,2021,0.7679,1.0,0.7333,0.8077,1.0,1.0
BRB,Barbados,2022,0.7679,1.0,0.7333,0.8077,1.0,1.0
BRB,Barbados,2023,0.7679,1.0,0.7333,0.8077,1.0,1.0
BRN,Brunei Darussalam,1999,0.0638,0.4,0.1154,0.0,0.6667,0.0
BRN,Brunei Darussalam,2000,0.0638,0.4,0.1154,0.0,0.6667,0.0
BRN,Brunei Darussalam,2001,0.0638,0.4,0.1154,0.0,0.6667,0.0
BRN,Brunei Darussalam,2002,0.0638,0.4,0.1154,0.0,0.6667,0.0
BRN,Brunei Darussalam,2003,0.0638,0.4,0.1154,0.0,0.6667,0.0
BRN,Brunei Darussalam,2004,0.0638,0.4,0.1154,0.0,0.6667,0.0
BRN,Brunei Darussalam,2005,0.0638,0.4,0.1154,0.0,0.6667,0.0
BRN,Brunei Darussalam,2006,0.0612,0.4,0.1154,0.0,0.6667,0.0
BRN,Brunei Darussalam,2007,0.0408,0.4,0.0769,0.0,0.6667,0.0
BRN,Brunei Darussalam,2008,0.0392,0.4,0.0741,0.0,0.6667,0.0
BRN,Brunei Darussalam,2009,0.0385,0.3333,0.0714,0.0,0.5,0.0
BRN,Brunei Darussalam,2010,0.0357,0.3333,0.0667,0.0,0.5,0.0
BRN,Brunei Darussalam,2011,0.0357,0.3333,0.0667,0.0,0.5,0.0
BRN,Brunei Darussalam,2012,0.0357,0.3333,0.0667,0.0,0.5,0.0
BRN,Brunei Darussalam,2013,0.0357,0.3333,0.0667,0.0,0.5,0.0
BRN,Brunei Darussalam,2014,0.0357,0.3333,0.0667,0.0,0.5,0.0
BRN,Brunei Darussalam,2015,0.0357,0.3333,0.0667,0.0,0.5,0.0
BRN,Brunei Darussalam,2016,0.0357,0.3333,0.0667,0.0,0.5,0.0
BRN,Brunei Darussalam,2017,0.0357,0.3333,0.0667,0.0,0.5,0.0
BRN,Brunei Darussalam,2018,0.0357,0.3333,0.0667,0.0,0.5,0.0
BRN,Brunei Darussalam,2019,0.0357,0.3333,0.0667,0.0,0.5,0.0
BRN,Brunei Darussalam,2020,0.0357,0.3333,0.0667,0.0,0.5,0.0
BRN,Brunei Darussalam,2021,0.0357,0.3333,0.0667,0.0,0.5,0.0
BRN,Brunei Darussalam,2022,0.0357,0.3333,0.0667,0.0,0.5,0.0
BRN,Brunei Darussalam,2023,0.0357,0.3333,0.0667,0.0,0.5,0.0
BRN,Brunei Darussalam,2024,0.0357,0.3333,0.0667,0.0,0.5,0.0
BTN,Bhutan,1999,0.7692,1.0,0.6897,0.8696,1.0,1.0
BTN,Bhutan,2000,0.8077,1.0,0.7241,0.913,1.0,1.0
BTN,Bhutan,2001,0.8077,1.0,0.7241,0.913,1.0,1.0
BTN,Bhutan,2002,0.8077,1.0,0.7241,0.913,1.0,1.0
BTN,Bhutan,2003,0.8077,1.0,0.7241,0.913,1.0,1.0
BTN,Bhutan,2004,0.7692,1.0,0.6552,0.913,1.0,1.0
BTN,Bhutan,2005,0.7593,1.0,0.6333,0.9167,1.0,1.0
BTN,Bhutan,2006,0.7857,1.0,0.6667,0.9231,1.0,1.0
BTN,Bhutan,2007,0.8214,1.0,0.7333,0.9231,1.0,1.0
BTN,Bhutan,2008,0.8214,1.0,0.7333,0.9231,1.0,1.0
BTN,Bhutan,2009,0.8214,1.0,0.7333,0.9231,1.0,1.0
BTN,Bhutan,2010,0.8214,1.0,0.7333,0.9231,1.0,1.0
BTN,Bhutan,2011,0.8214,1.0,0.7333,0.9231,1.0,1.0
BTN,Bhutan,2012,0.8393,1.0,0.7333,0.9615,1.0,1.0
BTN,Bhutan,2013,0.8393,1.0,0.7333,0.9615,1.0,1.0
BTN,Bhutan,2014,0.8393,1.0,0.7333,0.9615,1.0,1.0
BTN,Bhutan,2015,0.8929,1.0,0.8333,0.9615,1.0,1.0
BTN,Bhutan,2016,0.8929,1.0,0.8333,0.9615,1.0,1.0
BTN,Bhutan,2017,0.8929,1.0,0.8333,0.9615,1.0,1.0
BTN,Bhutan,2018,0.8929,1.0,0.8333,0.9615,1.0,1.0
BTN,Bhutan,2019,0.8393,1.0,0.7333,0.9615,1.0,1.0
BTN,Bhutan,2020,0.8393,1.0,0.7333,0.9615,1.0,1.0
BTN,Bhutan,2021,0.8393,1.0,0.7333,0.9615,1.0,1.0
BTN,Bhutan,2022,0.8393,1.0,0.7333,0.9615,1.0,1.0
BTN,Bhutan,2023,0.8214,1.0,0.7333,0.9231,1.0,1.0
BWA,Botswana,1999,0.0385,0.0,0.069,0.0,0.0,0.0
BWA,Botswana,2000,0.0385,0.0,0.069,0.0,0.0,0.0
BWA,Botswana,2001,0.0385,0.0,0.069,0.0,0.0,0.0
BWA,Botswana,2002,0.0385,0.0,0.069,0.0,0.0,0.0
BWA,Botswana,2003,0.0385,0.0,0.069,0.0,0.0,0.0
BWA,Botswana,2004,0.0385,0.0,0.069,0.0,0.0,0.0
BWA,Botswana,2005,0.0769,0.0,0.1034,0.0435,0.0,0.0
BWA,Botswana,2006,0.0769,0.0,0.1034,0.0435,0.0,0.0
BWA,Botswana,2007,0.0769,0.0,0.1034,0.0435,0.0,0.0
BWA,Botswana,2008,0.0727,0.0,0.1,0.04,0.0,0.0
BWA,Botswana,2009,0.1455,0.0,0.0667,0.24,0.0,0.0
BWA,Botswana,2010,0.1455,0.0,0.0667,0.24,0.0,0.0
BWA,Botswana,2011,0.1455,0.0,0.0667,0.24,0.0,0.0
BWA,Botswana,2012,0.1455,0.0,0.0667,0.24,0.0,0.0
BWA,Botswana,2013,0.1455,0.0,0.0667,0.24,0.0,0.0
BWA,Botswana,2014,0.1455,0.0,0.0667,0.24,0.0,0.0
BWA,Botswana,2015,0.1455,0.0,0.0667,0.24,0.0,0.0
BWA,Botswana,2016,0.1455,0.0,0.0667,0.24,0.0,0.0
BWA,Botswana,2017,0.1455,0.0,0.0667,0.24,0.0,0.0
BWA,Botswana,2018,0.1429,0.0,0.0667,0.2308,0.0,0.0
BWA,Botswana,2019,0.1429,0.0,0.0667,0.2308,0.0,0.0
BWA,Botswana,2020,0.1429,0.0,0.0667,0.2308,0.0,0.0
BWA,Botswana,2021,0.1429,0.0,0.0667,0.2308,0.0,0.0
BWA,Botswana,2022,0.125,0.0,0.0667,0.1923,0.0,0.0
BWA,Botswana,2023,0.125,0.0,0.0667,0.1923,0.0,0.0
BWA,Botswana,2024,0.125,0.0,0.0667,0.1923,0.0,0.0
CAF,Central African Republic,1999,0.9474,1.0,0.8333,1.0,1.0,1.0
CAF,Central African Republic,2000,0.9474,1.0,0.8333,1.0,1.0,1.0
CAF,Central African Republic,2001,0.9474,1.0,0.8333,1.0,1.0,1.0
CAF,Central African Republic,2002,0.9474,1.0,0.8333,1.0,1.0,1.0
CAF,Central African Republic,2003,0.9474,1.0,0.8333,1.0,1.0,1.0
CAF,Central African Republic,2004,0.9474,1.0,0.8333,1.0,1.0,1.0
CAF,Central African Republic,2005,0.8571,1.0,0.625,1.0,1.0,1.0
CAF,Central African Republic,2006,0.8276,1.0,0.6154,1.0,1.0,1.0
CAF,Central African Republic,2007,0.8387,1.0,0.6154,1.0,1.0,1.0
CAF,Central African Republic,2008,0.8125,1.0,0.64,1.0,1.0,1.0
CAF,Central African Republic,2009,0.7872,1.0,0.6,1.0,1.0,1.0
CAF,Central African Republic,2010,0.7872,1.0,0.6,1.0,1.0,1.0
CAF,Central African Republic,2011,0.7872,1.0,0.6,1.0,1.0,1.0
CAF,Central African Republic,2012,0.7755,1.0,0.6154,0.9565,1.0,1.0
CAF,Central African Republic,2013,0.7708,1.0,0.6,0.9565,1.0,1.0
CAF,Central African Republic,2014,0.7708,1.0,0.6,0.9565,1.0,1.0
CAF,Central African Republic,2015,0.7708,1.0,0.6,0.9565,1.0,1.0
CAF,Central African Republic,2016,0.7708,1.0,0.6,0.9565,1.0,1.0
CAF,Central African Republic,2017,0.7708,1.0,0.6,0.9565,1.0,1.0
CAF,Central African Republic,2018,0.7708,1.0,0.6,0.9565,1.0,1.0
CAF,Central African Republic,2019,0.7292,1.0,0.6,0.8696,1.0,1.0
CAF,Central African Republic,2020,0.7292,1.0,0.6,0.8696,1.0,1.0
CAF,Central African Republic,2021,0.7292,1.0,0.6,0.8696,1.0,1.0
CAF,Central African Republic,2022,0.7292,1.0,0.6,0.8696,1.0,1.0
CAF,Central African Republic,2023,0.7292,1.0,0.6,0.8696,1.0,1.0
CAN,Canada,1999,0.1698,0.1667,0.1,0.2609,0.25,0.0
CAN,Canada,2000,0.1667,0.1667,0.1,0.25,0.25,0.0
CAN,Canada,2001,0.1667,0.1667,0.1,0.25,0.25,0.0
CAN,Canada,2002,0.1667,0.1667,0.1,0.25,0.25,0.0
CAN,Canada,2003,0.1667,0.1667,0.1,0.25,0.25,0.0
CAN,Canada,2004,0.1667,0.1667,0.1,0.25,0.25,0.0
CAN,Canada,2005,0.0556,0.1667,0.1,0.0,0.25,0.0
CAN,Canada,2006,0.0536,0.1667,0.1,0.0,0.25,0.0
CAN,Canada,2007,0.0536,0.1667,0.1,0.0,0.25,0.0
CAN,Canada,2008,0.0536,0.1667,0.1,0.0,0.25,0.0
CAN,Canada,2009,0.0536,0.1667,0.1,0.0,0.25,0.0
CAN,Canada,2010,0.0536,0.1667,0.1,0.0,0.25,0.0
CAN,Canada,2011,0.0536,0.1667,0.1,0.0,0.25,0.0
CAN,Canada,2012,0.0536,0.1667,0.1,0.0,0.25,0.0
CAN,Canada,2013,0.0714,0.3333,0.1,0.0385,0.25,0.5
CAN,Canada,2014,0.0714,0.3333,0.1,0.0385,0.25,0.5
CAN,Canada,2015,0.0714,0.3333,0.1,0.0385,0.25,0.5
CAN,Canada,2016,0.0714,0.3333,0.1,0.0385,0.25,0.5
CAN,Canada,2017,0.0893,0.5,0.1333,0.0385,0.5,0.5
CAN,Canada,2018,0.0893,0.5,0.1333,0.0385,0.5,0.5
CAN,Canada,2019,0.0893,0.5,0.1333,0.0385,0.5,0.5
CAN,Canada,2020,0.0893,0.5,0.1333,0.0385,0.5,0.5
CAN,Canada,2021,0.0893,0.5,0.1333,0.0385,0.5,0.5
CAN,Canada,2022,0.0893,0.5,0.1333,0.0385,0.5,0.5
CAN,Canada,2023,0.0893,0.5,0.1333,0.0385,0.5,0.5
CAN,Canada,2024,0.0893,0.5,0.1333,0.0385,0.5,0.5
CHE,Switzerland,1999,0.1887,0.5,0.0667,0.3478,0.5,0.5
CHE,Switzerland,2000,0.1852,0.5,0.0667,0.3333,0.5,0.5
CHE,Switzerland,2001,0.1852,0.5,0.0667,0.3333,0.5,0.5
CHE,Switzerland,2002,0.1852,0.5,0.0667,0.3333,0.5,0.5
CHE,Switzerland,2003,0.1852,0.5,0.0667,0.3333,0.5,0.5
CHE,Switzerland,2004,0.1852,0.5,0.0667,0.3333,0.5,0.5
CHE,Switzerland,2005,0.1852,0.5,0.0667,0.3333,0.5,0.5
CHE,Switzerland,2006,0.1786,0.5,0.0667,0.3077,0.5,0.5
CHE,Switzerland,2007,0.1786,0.5,0.0667,0.3077,0.5,0.5
CHE,Switzerland,2008,0.1786,0.5,0.0667,0.3077,0.5,0.5
CHE,Switzerland,2009,0.1786,0.5,0.0667,0.3077,0.5,0.5
CHE,Switzerland,2010,0.1786,0.5,0.0667,0.3077,0.5,0.5
CHE,Switzerland,2011,0.1786,0.5,0.0667,0.3077,0.5,0.5
CHE,Switzerland,2012,0.1786,0.5,0.0667,0.3077,0.5,0.5
CHE,Switzerland,2013,0.2143,0.5,0.1,0.3462,0.5,0.5
CHE,Switzerland,2014,0.2143,0.5,0.1,0.3462,0.5,0.5
CHE,Switzerland,2015,0.2143,0.5,0.1,0.3462,0.5,0.5
CHE,Switzerland,2016,0.2143,0.5,0.1,0.3462,0.5,0.5
CHE,Switzerland,2017,0.2143,0.5,0.1,0.3462,0.5,0.5
CHE,Switzerland,2018,0.2143,0.5,0.1,0.3462,0.5,0.5
CHE,Switzerland,2019,0.1964,0.5,0.0667,0.3462,0.5,0.5
CHE,Switzerland,2020,0.1964,0.5,0.0667,0.3462,0.5,0.5
CHE,Switzerland,2021,0.1964,0.5,0.0667,0.3462,0.5,0.5
CHE,Switzerland,2022,0.1964,0.5,0.0667,0.3462,0.5,0.5
CHE,Switzerland,2023,0.1964,0.5,0.0667,0.3462,0.5,0.5
CHL,Chile,1999,0.6604,1.0,0.6333,0.6957,1.0,1.0
CHL,Chile,2000,0.6415,1.0,0.6,0.6957,1.0,1.0
CHL,Chile,2001,0.1509,0.1667,0.1667,0.1304,0.25,0.0
CHL,Chile,2002,0.1509,0.1667,0.2,0.087,0.25,0.0
CHL,Chile,2003,0.1509,0.1667,0.2,0.087,0.25,0.0
CHL,Chile,2004,0.0943,0.0,0.1,0.087,0.0,0.0
CHL,Chile,2005,0.0926,0.0,0.1,0.0833,0.0,0.0
CHL,Chile,2006,0.0,0.0,0.0,0.0,0.0,0.0
CHL,Chile,2007,0.0,0.0,0.0,0.0,0.0,0.0
CHL,Chile,2008,0.1786,0.3333,0.1,0.2692,0.5,0.0
CHL,Chile,2009,0.1786,0.3333,0.1,0.2692,0.5,0.0
CHL,Chile,2010,0.1786,0.3333,0.1,0.2692,0.5,0.0
CHL,Chile,2011,0.1964,0.3333,0.1,0.3077,0.5,0.0
CHL,Chile,2012,0.1964,0.3333,0.1,0.3077,0.5,0.0
CHL,Chile,2013,0.1964,0.3333,0.1,0.3077,0.5,0.0
CHL,Chile,2014,0.1964,0.3333,0.1,0.3077,0.5,0.0
CHL,Chile,2015,0.1964,0.3333,0.1,0.3077,0.5,0.0
CHL,Chile,2016,0.1964,0.3333,0.1,0.3077,0.5,0.0
CHL,Chile,2017,0.2143,0.3333,0.1,0.3462,0.5,0.0
CHL,Chile,2018,0.2143,0.3333,0.1,0.3462,0.5,0.0
CHL,Chile,2019,0.2679,0.3333,0.1,0.4615,0.5,0.0
CHL,Chile,2020,0.1786,0.3333,0.1,0.2692,0.5,0.0
CHL,Chile,2021,0.1786,0.3333,0.1,0.2692,0.5,0.0
CHL,Chile,2022,0.1786,0.3333,0.1,0.2692,0.5,0.0
CHL,Chile,2023,0.1786,0.3333,0.1,0.2692,0.5,0.0
CHN,China,1999,0.7174,0.8,0.5556,0.9474,0.6667,1.0
CHN,China,2000,0.7843,1.0,0.6552,0.9545,1.0,1.0
CHN,China,2001,0.7843,1.0,0.6552,0.9545,1.0,1.0
CHN,China,2002,0.7843,1.0,0.6552,0.9545,1.0,1.0
CHN,China,2003,0.7843,1.0,0.6552,0.9545,1.0,1.0
CHN,China,2004,0.7843,1.0,0.6552,0.9545,1.0,1.0
CHN,China,2005,0.7843,1.0,0.6552,0.9545,1.0,1.0
CHN,China,2006,0.8302,1.0,0.7241,0.9583,1.0,1.0
CHN,China,2007,0.7925,1.0,0.7241,0.875,1.0,1.0
CHN,China,2008,0.7925,1.0,0.7241,0.875,1.0,1.0
CHN,China,2009,0.7925,1.0,0.7241,0.875,1.0,1.0
CHN,China,2010,0.7963,1.0,0.7241,0.88,1.0,1.0
CHN,China,2011,0.7963,1.0,0.7241,0.88,1.0,1.0
CHN,China,2012,0.7407,1.0,0.6897,0.8,1.0,1.0
CHN,China,2013,0.7407,1.0,0.6897,0.8,1.0,1.0
CHN,China,2014,0.7407,1.0,0.6897,0.8,1.0,1.0
CHN,China,2015,0.7407,1.0,0.6897,0.8,1.0,1.0
CHN,China,2016,0.7273,1.0,0.6897,0.7692,1.0,1.0
CHN,China,2017,0.7455,1.0,0.7241,0.7692,1.0,1.0
CHN,China,2018,0.7273,1.0,0.6897,0.7692,1.0,1.0
CHN,China,2019,0.7273,1.0,0.6897,0.7692,1.0,1.0
CHN,China,2020,0.7273,1.0,0.6897,0.7692,1.0,1.0
CHN,China,2021,0.7455,1.0,0.7241,0.7692,1.0,1.0
CHN,China,2022,0.7455,1.0,0.7241,0.7692,1.0,1.0
CHN,China,2023,0.7455,1.0,0.7241,0.7692,1.0,1.0
CHN,China,2024,0.7455,1.0,0.7241,0.7692,1.0,1.0
CIV,Côte d’Ivoire,1999,0.7381,1.0,0.5909,0.9,1.0,1.0
CIV,Côte d’Ivoire,2000,0.6981,1.0,0.5333,0.913,1.0,1.0
CIV,Côte d’Ivoire,2001,0.7222,1.0,0.5667,0.9167,1.0,1.0
CIV,Côte d’Ivoire,2002,0.7222,1.0,0.5667,0.9167,1.0,1.0
CIV,Côte d’Ivoire,2003,0.6852,1.0,0.5333,0.875,1.0,1.0
CIV,Côte d’Ivoire,2004,0.6852,1.0,0.5333,0.875,1.0,1.0
CIV,Côte d’Ivoire,2005,0.6111,0.5,0.4,0.875,0.25,1.0
CIV,Côte d’Ivoire,2006,0.6607,0.5,0.4,0.9615,0.25,1.0
CIV,Côte d’Ivoire,2007,0.6607,0.5,0.4,0.9615,0.25,1.0
CIV,Côte d’Ivoire,2008,0.6607,0.5,0.4,0.9615,0.25,1.0
CIV,Côte d’Ivoire,2009,0.75,0.8333,0.5667,0.9615,0.75,1.0
CIV,Côte d’Ivoire,2010,0.75,0.8333,0.5667,0.9615,0.75,1.0
CIV,Côte d’Ivoire,2011,0.75,0.8333,0.5667,0.9615,0.75,1.0
CIV,Côte d’Ivoire,2012,0.75,0.8333,0.5667,0.9615,0.75,1.0
CIV,Côte d’Ivoire,2013,0.75,0.8333,0.5667,0.9615,0.75,1.0
CIV,Côte d’Ivoire,2014,0.75,0.8333,0.5667,0.9615,0.75,1.0
CIV,Côte d’Ivoire,2015,0.75,0.8333,0.5667,0.9615,0.75,1.0
CIV,Côte d’Ivoire,2016,0.7321,0.8333,0.5333,0.9615,0.75,1.0
CIV,Côte d’Ivoire,2017,0.7143,0.8333,0.5,0.9615,0.75,1.0
CIV,Côte d’Ivoire,2018,0.5893,0.5,0.2667,0.9615,0.25,1.0
CIV,Côte d’Ivoire,2019,0.5893,0.5,0.2667,0.9615,0.25,1.0
CIV,Côte d’Ivoire,2020,0.5893,0.5,0.2667,0.9615,0.25,1.0
CIV,Côte d’Ivoire,2021,0.5893,0.5,0.2667,0.9615,0.25,1.0
CIV,Côte d’Ivoire,2022,0.5893,0.5,0.2667,0.9615,0.25,1.0
CIV,Côte d’Ivoire,2023,0.5893,0.5,0.2667,0.9615,0.25,1.0
CMR,Cameroon,1999,0.8696,1.0,0.7692,1.0,1.0,1.0
CMR,Cameroon,2000,0.8696,1.0,0.7692,1.0,1.0,1.0
CMR,Cameroon,2001,0.8696,1.0,0.7692,1.0,1.0,1.0
CMR,Cameroon,2002,0.8043,1.0,0.6538,1.0,1.0,1.0
CMR,Cameroon,2003,0.8043,1.0,0.6538,1.0,1.0,1.0
CMR,Cameroon,2004,0.8085,1.0,0.6538,1.0,1.0,1.0
CMR,Cameroon,2005,0.8085,1.0,0.6538,1.0,1.0,1.0
CMR,Cameroon,2006,0.7727,1.0,0.5833,1.0,1.0,1.0
CMR,Cameroon,2007,0.7727,1.0,0.5833,1.0,1.0,1.0
CMR,Cameroon,2008,0.8085,1.0,0.64,1.0,1.0,1.0
CMR,Cameroon,2009,0.7872,1.0,0.6,1.0,1.0,1.0
CMR,Cameroon,2010,0.7872,1.0,0.6,1.0,1.0,1.0
CMR,Cameroon,2011,0.7872,1.0,0.6,1.0,1.0,1.0
CMR,Cameroon,2012,0.717,1.0,0.5714,0.88,1.0,1.0
CMR,Cameroon,2013,0.7708,1.0,0.6,0.9565,1.0,1.0
CMR,Cameroon,2014,0.7708,1.0,0.6,0.9565,1.0,1.0
CMR,Cameroon,2015,0.7708,1.0,0.6,0.9565,1.0,1.0
CMR,Cameroon,2016,0.6429,0.8333,0.5,0.8077,0.75,1.0
CMR,Cameroon,2017,0.6429,0.8333,0.5,0.8077,0.75,1.0
CMR,Cameroon,2018,0.6429,0.8333,0.5,0.8077,0.75,1.0
CMR,Cameroon,2019,0.625,0.8333,0.5,0.7692,0.75,1.0
CMR,Cameroon,2020,0.625,0.8333,0.5,0.7692,0.75,1.0
CMR,Cameroon,2021,0.625,0.8333,0.5,0.7692,0.75,1.0
CMR,Cameroon,2022,0.625,0.8333,0.5,0.7692,0.75,1.0
CMR,Cameroon,2023,0.625,0.8333,0.5,0.7692,0.75,1.0
COD,"Congo, Democratic Republic of the",1999,0.2453,0.3333,0.2333,0.2609,0.5,0.0
COD,"Congo, Democratic Republic of the",2000,0.2264,0.3333,0.2333,0.2174,0.5,0.0
COD,"Congo, Democratic Republic of the",2001,0.2264,0.3333,0.2333,0.2174,0.5,0.0
COD,"Congo, Democratic Republic of the",2002,0.2264,0.3333,0.2333,0.2174,0.5,0.0
COD,"Congo, Democratic Republic of the",2003,0.2264,0.3333,0.2333,0.2174,0.5,0.0
COD,"Congo, Democratic Republic of the",2004,0.3396,0.3333,0.3333,0.3478,0.5,0.0
COD,"Congo, Democratic Republic of the",2005,0.7925,1.0,0.7667,0.8261,1.0,1.0
COD,"Congo, Democratic Republic of the",2006,0.7736,1.0,0.7667,0.7826,1.0,1.0
COD,"Congo, Democratic Republic of the",2007,0.717,1.0,0.7667,0.6522,1.0,1.0
COD,"Congo, Democratic Republic of the",2008,0.7143,1.0,0.8,0.6154,1.0,1.0
COD,"Congo, Democratic Republic of the",2009,0.7143,1.0,0.8,0.6154,1.0,1.0
COD,"Congo, Democratic Republic of the",2010,0.7143,1.0,0.8,0.6154,1.0,1.0
COD,"Congo, Democratic Republic of the",2011,0.75,1.0,0.8,0.6923,1.0,1.0
COD,"Congo, Democratic Republic of the",2012,0.75,1.0,0.8,0.6923,1.0,1.0
COD,"Congo, Democratic Republic of the",2013,0.75,1.0,0.7,0.8077,1.0,1.0
COD,"Congo, Democratic Republic of the",2014,0.75,1.0,0.7,0.8077,1.0,1.0
COD,"Congo, Democratic Republic of the",2015,0.7321,1.0,0.6667,0.8077,1.0,1.0
COD,"Congo, Democratic Republic of the",2016,0.7321,1.0,0.6667,0.8077,1.0,1.0
COD,"Congo, Democratic Republic of the",2017,0.7321,1.0,0.6667,0.8077,1.0,1.0
COD,"Congo, Democratic Republic of the",2018,0.75,1.0,0.6667,0.8462,1.0,1.0
COD,"Congo, Democratic Republic of the",2019,0.75,1.0,0.6667,0.8462,1.0,1.0
COD,"Congo, Democratic Republic of the",2020,0.75,1.0,0.6667,0.8462,1.0,1.0
COD,"Congo, Democratic Republic of the",2021,0.75,1.0,0.6667,0.8462,1.0,1.0
COD,"Congo, Democratic Republic of the",2022,0.75,1.0,0.6667,0.8462,1.0,1.0
COD,"Congo, Democratic Republic of the",2023,0.75,1.0,0.6667,0.8462,1.0,1.0
COG,"Congo, Republic of",1999,0.8696,1.0,0.75,0.9333,1.0,1.0
COG,"Congo, Republic of",2000,0.875,1.0,0.75,0.9375,1.0,1.0
COG,"Congo, Republic of",2001,0.875,1.0,0.75,0.9375,1.0,1.0
COG,"Congo, Republic of",2002,0.875,1.0,0.75,0.9375,1.0,1.0
COG,"Congo, Republic of",2003,0.875,1.0,0.75,0.9375,1.0,1.0
COG,"Congo, Republic of",2004,0.875,1.0,0.75,0.9375,1.0,1.0
COG,"Congo, Republic of",2005,0.84,1.0,0.6667,0.9375,1.0,1.0
COG,"Congo, Republic of",2006,0.8333,1.0,0.5833,1.0,1.0,1.0
COG,"Congo, Republic of",2007,0.8333,1.0,0.5833,1.0,1.0,1.0
COG,"Congo, Republic of",2008,0.8125,1.0,0.64,1.0,1.0,1.0
COG,"Congo, Republic of",2009,0.7872,1.0,0.6,1.0,1.0,1.0
COG,"Congo, Republic of",2010,0.7872,1.0,0.6,1.0,1.0,1.0
COG,"Congo, Republic of",2011,0.7872,1.0,0.6,1.0,1.0,1.0
COG,"Congo, Republic of",2012,0.7708,1.0,0.6,0.9565,1.0,1.0
COG,"Congo, Republic of",2013,0.7708,1.0,0.6,0.9565,1.0,1.0
COG,"Congo, Republic of",2014,0.7708,1.0,0.6,0.9565,1.0,1.0
COG,"Congo, Republic of",2015,0.7708,1.0,0.6,0.9565,1.0,1.0
COG,"Congo, Republic of",2016,0.7708,1.0,0.6,0.9565,1.0,1.0
COG,"Congo, Republic of",2017,0.7708,1.0,0.6,0.9565,1.0,1.0
COG,"Congo, Republic of",2018,0.7708,1.0,0.6,0.9565,1.0,1.0
COG,"Congo, Republic of",2019,0.7292,1.0,0.6,0.8696,1.0,1.0
COG,"Congo, Republic of",2020,0.7292,1.0,0.6,0.8696,1.0,1.0
COG,"Congo, Republic of",2021,0.7292,1.0,0.6,0.8696,1.0,1.0
COG,"Congo, Republic of",2022,0.7292,1.0,0.6,0.8696,1.0,1.0
COG,"Congo, Republic of",2023,0.7292,1.0,0.6,0.8696,1.0,1.0
COL,Colombia,1999,0.5652,1.0,0.5,0.6667,1.0,1.0
COL,Colombia,2000,0.6279,1.0,0.5769,0.7059,1.0,1.0
COL,Colombia,2001,0.6444,1.0,0.5769,0.7368,1.0,1.0
COL,Colombia,2002,0.6038,0.6667,0.5,0.7391,0.5,1.0
COL,Colombia,2003,0.4906,0.3333,0.4667,0.5217,0.25,0.5
COL,Colombia,2004,0.5385,0.5,0.5333,0.5455,0.5,0.5
COL,Colombia,2005,0.5385,0.5,0.5333,0.5455,0.5,0.5
COL,Colombia,2006,0.5472,0.5,0.5333,0.5652,0.5,0.5
COL,Colombia,2007,0.5455,0.5,0.5667,0.52,0.5,0.5
COL,Colombia,2008,0.5636,0.5,0.5667,0.56,0.5,0.5
COL,Colombia,2009,0.5455,0.5,0.5333,0.56,0.5,0.5
COL,Colombia,2010,0.4909,0.5,0.4667,0.52,0.5,0.5
COL,Colombia,2011,0.4464,0.5,0.4,0.5,0.5,0.5
COL,Colombia,2012,0.4643,0.5,0.4333,0.5,0.5,0.5
COL,Colombia,2013,0.5,0.5,0.5,0.5,0.5,0.5
COL,Colombia,2014,0.5,0.5,0.5,0.5,0.5,0.5
COL,Colombia,2015,0.5,0.5,0.5,0.5,0.5,0.5
COL,Colombia,2016,0.5,0.5,0.5,0.5,0.5,0.5
COL,Colombia,2017,0.5,0.5,0.5,0.5,0.5,0.5
COL,Colombia,2018,0.5,0.5,0.5,0.5,0.5,0.5
COL,Colombia,2019,0.4286,0.5,0.4333,0.4231,0.5,0.5
COL,Colombia,2020,0.5,0.5,0.5,0.5,0.5,0.5
COL,Colombia,2021,0.5,0.5,0.5,0.5,0.5,0.5
COL,Colombia,2022,0.5,0.5,0.5,0.5,0.5,0.5
COL,Colombia,2023,0.5,0.5,0.5,0.5,0.5,0.5
COM,Comoros,1999,0.7429,0.6,0.6842,0.8125,0.3333,1.0
COM,Comoros,2000,0.6923,0.8,0.6087,0.8125,0.6667,1.0
COM,Comoros,2001,0.6923,0.8,0.6087,0.8125,0.6667,1.0
COM,Comoros,2002,0.6923,0.8,0.6087,0.8125,0.6667,1.0
COM,Comoros,2003,0.6829,0.6667,0.5833,0.8235,0.5,1.0
COM,Comoros,2004,0.6829,0.6667,0.5833,0.8235,0.5,1.0
COM,Comoros,2005,0.6829,0.6667,0.5833,0.8235,0.5,1.0
COM,Comoros,2006,0.6829,0.6667,0.5833,0.8235,0.5,1.0
COM,Comoros,2007,0.6905,0.6667,0.5833,0.8333,0.5,1.0
COM,Comoros,2008,0.6905,0.6667,0.5833,0.8333,0.5,1.0
COM,Comoros,2009,0.6905,0.6667,0.5833,0.8333,0.5,1.0
COM,Comoros,2010,0.4706,0.3333,0.3571,0.6087,0.25,0.5
COM,Comoros,2011,0.5192,0.3333,0.3571,0.7083,0.25,0.5
COM,Comoros,2012,0.4706,0.3333,0.3571,0.6087,0.25,0.5
COM,Comoros,2013,0.4706,0.3333,0.3571,0.6087,0.25,0.5
COM,Comoros,2014,0.4706,0.3333,0.3571,0.6087,0.25,0.5
COM,Comoros,2015,0.4706,0.3333,0.3571,0.6087,0.25,0.5
COM,Comoros,2016,0.4706,0.3333,0.3571,0.6087,0.25,0.5
COM,Comoros,2017,0.4706,0.3333,0.3571,0.6087,0.25,0.5
COM,Comoros,2018,0.4706,0.3333,0.3571,0.6087,0.25,0.5
COM,Comoros,2019,0.4706,0.3333,0.3571,0.6087,0.25,0.5
COM,Comoros,2020,0.4706,0.3333,0.3571,0.6087,0.25,0.5
COM,Comoros,2021,0.4706,0.3333,0.3571,0.6087,0.25,0.5
COM,Comoros,2022,0.4706,0.3333,0.3571,0.6087,0.25,0.5
COM,Comoros,2023,0.4706,0.3333,0.3571,0.6087,0.25,0.5
CPV,Cabo Verde,1999,0.6486,0.8333,0.5263,0.7778,0.75,1.0
CPV,Cabo Verde,2000,0.6486,0.8333,0.5263,0.7778,0.75,1.0
CPV,Cabo Verde,2001,0.575,0.8333,0.4762,0.6842,0.75,1.0
CPV,Cabo Verde,2002,0.575,0.8333,0.4762,0.6842,0.75,1.0
CPV,Cabo Verde,2003,0.575,0.8333,0.4762,0.6842,0.75,1.0
CPV,Cabo Verde,2004,0.575,0.8333,0.4762,0.6842,0.75,1.0
CPV,Cabo Verde,2005,0.575,0.8333,0.4762,0.6842,0.75,1.0
CPV,Cabo Verde,2006,0.5854,0.8333,0.4762,0.7,0.75,1.0
CPV,Cabo Verde,2007,0.5854,0.8333,0.4762,0.7,0.75,1.0
CPV,Cabo Verde,2008,0.5714,0.8333,0.4545,0.7,0.75,1.0
CPV,Cabo Verde,2009,0.5714,0.8333,0.4545,0.7,0.75,1.0
CPV,Cabo Verde,2010,0.5,0.8333,0.375,0.65,0.75,1.0
CPV,Cabo Verde,2011,0.5,0.8333,0.375,0.65,0.75,1.0
CPV,Cabo Verde,2012,0.5,0.8333,0.36,0.6522,0.75,1.0
CPV,Cabo Verde,2013,0.5,0.8333,0.36,0.6522,0.75,1.0
CPV,Cabo Verde,2014,0.4902,0.8333,0.3704,0.625,0.75,1.0
CPV,Cabo Verde,2015,0.4902,0.8333,0.3704,0.625,0.75,1.0
CPV,Cabo Verde,2016,0.4902,0.8333,0.3704,0.625,0.75,1.0
CPV,Cabo Verde,2017,0.4902,0.8333,0.3704,0.625,0.75,1.0
CPV,Cabo Verde,2018,0.0,0.0,0.0,0.0,0.0,0.0
CPV,Cabo Verde,2019,0.0,0.0,0.0,0.0,0.0,0.0
CPV,Cabo Verde,2020,0.0,0.0,0.0,0.0,0.0,0.0
CPV,Cabo Verde,2021,0.0,0.0,0.0,0.0,0.0,0.0
CPV,Cabo Verde,2022,0.0,0.0,0.0,0.0,0.0,0.0
CPV,Cabo Verde,2023,0.0,0.0,0.0,0.0,0.0,0.0
CPV,Cabo Verde,2024,0.0,0.0,0.0,0.0,0.0,0.0
CRI,Costa Rica,1999,0.0513,0.0,0.0,0.1053,0.0,0.0
CRI,Costa Rica,2000,0.0513,0.0,0.0,0.1053,0.0,0.0
CRI,Costa Rica,2001,0.0256,0.0,0.0,0.0526,0.0,0.0
CRI,Costa Rica,2002,0.0256,0.0,0.0,0.0526,0.0,0.0
CRI,Costa Rica,2003,0.0256,0.0,0.0,0.0526,0.0,0.0
CRI,Costa Rica,2004,0.0513,0.0,0.0,0.1053,0.0,0.0
CRI,Costa Rica,2005,0.0256,0.0,0.0,0.0526,0.0,0.0
CRI,Costa Rica,2006,0.037,0.0,0.0,0.08,0.0,0.0
CRI,Costa Rica,2007,0.037,0.0,0.0,0.08,0.0,0.0
CRI,Costa Rica,2008,0.0727,0.0,0.0,0.1538,0.0,0.0
CRI,Costa Rica,2009,0.0727,0.0,0.0,0.1538,0.0,0.0
CRI,Costa Rica,2010,0.0727,0.0,0.0,0.1538,0.0,0.0
CRI,Costa Rica,2011,0.2,0.0,0.2414,0.1538,0.0,0.0
CRI,Costa Rica,2012,0.2143,0.0,0.2667,0.1538,0.0,0.0
CRI,Costa Rica,2013,0.1786,0.0,0.2,0.1538,0.0,0.0
CRI,Costa Rica,2014,0.2321,0.0,0.2333,0.2308,0.0,0.0
CRI,Costa Rica,2015,0.1786,0.0,0.2667,0.0769,0.0,0.0
CRI,Costa Rica,2016,0.1607,0.0,0.2667,0.0385,0.0,0.0
CRI,Costa Rica,2017,0.1607,0.0,0.2667,0.0385,0.0,0.0
CRI,Costa Rica,2018,0.1607,0.0,0.2667,0.0385,0.0,0.0
CRI,Costa Rica,2019,0.125,0.0,0.1667,0.0769,0.0,0.0
CRI,Costa Rica,2020,0.125,0.0,0.1667,0.0769,0.0,0.0
CRI,Costa Rica,2021,0.1071,0.0,0.1333,0.0769,0.0,0.0
CRI,Costa Rica,2022,0.1071,0.0,0.1333,0.0769,0.0,0.0
CRI,Costa Rica,2023,0.1071,0.0,0.1333,0.0769,0.0,0.0
CUW,Curaçao and Sint Maarten,1999,0.6415,0.5,0.5667,0.7391,0.25,1.0
CUW,Curaçao and Sint Maarten,2000,0.6481,0.5,0.5667,0.75,0.25,1.0
CUW,Curaçao and Sint Maarten,2001,0.6296,0.3333,0.5667,0.7083,0.25,0.5
CUW,Curaçao and Sint Maarten,2002,0.6296,0.3333,0.5667,0.7083,0.25,0.5
CUW,Curaçao and Sint Maarten,2003,0.6296,0.3333,0.5667,0.7083,0.25,0.5
CUW,Curaçao and Sint Maarten,2004,0.6296,0.3333,0.5667,0.7083,0.25,0.5
CUW,Curaçao and Sint Maarten,2005,0.6111,0.5,0.5667,0.6667,0.5,0.5
CUW,Curaçao and Sint Maarten,2006,0.6296,0.5,0.6,0.6667,0.5,0.5
CUW,Curaçao and Sint Maarten,2007,0.6296,0.5,0.6,0.6667,0.5,0.5
CUW,Curaçao and Sint Maarten,2008,0.6786,0.5,0.6667,0.6923,0.5,0.5
CUW,Curaçao and Sint Maarten,2009,0.6786,0.5,0.6667,0.6923,0.5,0.5
CUW,Curaçao and Sint Maarten,2010,0.6786,0.5,0.6667,0.6923,0.5,0.5
CUW,Curaçao and Sint Maarten,2011,0.6786,0.5,0.6667,0.6923,0.5,0.5
CUW,Curaçao and Sint Maarten,2012,0.6786,0.5,0.6667,0.6923,0.5,0.5
CUW,Curaçao and Sint Maarten,2013,0.6786,0.5,0.6667,0.6923,0.5,0.5
CUW,Curaçao and Sint Maarten,2014,0.6786,0.5,0.6667,0.6923,0.5,0.5
CUW,Curaçao and Sint Maarten,2015,0.6786,0.5,0.6667,0.6923,0.5,0.5
CUW,Curaçao and Sint Maarten,2016,0.6786,0.5,0.6667,0.6923,0.5,0.5
CUW,Curaçao and Sint Maarten,2017,0.6786,0.5,0.6667,0.6923,0.5,0.5
CUW,Curaçao and Sint Maarten,2018,0.6786,0.5,0.6667,0.6923,0.5,0.5
CUW,Curaçao and Sint Maarten,2019,0.7143,0.8333,0.7,0.7308,0.75,1.0
CUW,Curaçao and Sint Maarten,2020,0.6786,0.5,0.6667,0.6923,0.5,0.5
CUW,Curaçao and Sint Maarten,2021,0.6786,0.5,0.6667,0.6923,0.5,0.5
CUW,Curaçao and Sint Maarten,2022,0.6786,0.5,0.6667,0.6923,0.5,0.5
CUW,Curaçao and Sint Maarten,2023,0.6786,0.5,0.6667,0.6923,0.5,0.5
CYP,Cyprus,1999,0.7358,1.0,0.6,0.913,1.0,1.0
CYP,Cyprus,2000,0.7222,1.0,0.6,0.875,1.0,1.0
CYP,Cyprus,2001,0.7037,1.0,0.5667,0.875,1.0,1.0
CYP,Cyprus,2002,0.7037,1.0,0.5667,0.875,1.0,1.0
CYP,Cyprus,2003,0.6481,0.8333,0.5,0.8333,1.0,0.5
CYP,Cyprus,2004,0.037,0.3333,0.0667,0.0,0.5,0.0
CYP,Cyprus,2005,0.037,0.3333,0.0667,0.0,0.5,0.0
CYP,Cyprus,2006,0.0714,0.5,0.0667,0.0769,0.5,0.5
CYP,Cyprus,2007,0.0714,0.5,0.0667,0.0769,0.5,0.5
CYP,Cyprus,2008,0.0714,0.5,0.0667,0.0769,0.5,0.5
CYP,Cyprus,2009,0.0714,0.5,0.0667,0.0769,0.5,0.5
CYP,Cyprus,2010,0.0714,0.5,0.0667,0.0769,0.5,0.5
CYP,Cyprus,2011,0.0714,0.5,0.0667,0.0769,0.5,0.5
CYP,Cyprus,2012,0.2143,0.5,0.1667,0.2692,0.5,0.5
CYP,Cyprus,2013,0.4286,1.0,0.4333,0.4231,1.0,1.0
CYP,Cyprus,2014,0.4286,1.0,0.4333,0.4231,1.0,1.0
CYP,Cyprus,2015,0.0536,0.5,0.0667,0.0385,0.5,0.5
CYP,Cyprus,2016,0.0714,0.5,0.0667,0.0769,0.5,0.5
CYP,Cyprus,2017,0.0714,0.5,0.0667,0.0769,0.5,0.5
CYP,Cyprus,2018,0.0714,0.5,0.0667,0.0769,0.5,0.5
CYP,Cyprus,2019,0.0714,0.5,0.0667,0.0769,0.5,0.5
CYP,Cyprus,2020,0.0714,0.5,0.0667,0.0769,0.5,0.5
CYP,Cyprus,2021,0.0536,0.5,0.0667,0.0385,0.5,0.5
CYP,Cyprus,2022,0.0536,0.5,0.0667,0.0385,0.5,0.5
CYP,Cyprus,2023,0.0536,0.5,0.0667,0.0385,0.5,0.5
CYP,Cyprus,2024,0.0536,0.5,0.0667,0.0385,0.5,0.5
CZE,Czech Republic,1999,0.3962,0.5,0.2333,0.6087,0.5,0.5
CZE,Czech Republic,2000,0.2963,0.5,0.1333,0.5,0.5,0.5
CZE,Czech Republic,2001,0.2778,0.5,0.1333,0.4583,0.5,0.5
CZE,Czech Republic,2002,0.2593,0.5,0.1333,0.4167,0.5,0.5
CZE,Czech Republic,2003,0.2593,0.5,0.1333,0.4167,0.5,0.5
CZE,Czech Republic,2004,0.2593,0.5,0.1333,0.4167,0.5,0.5
CZE,Czech Republic,2005,0.2593,0.5,0.1333,0.4167,0.5,0.5
CZE,Czech Republic,2006,0.25,0.5,0.1333,0.3846,0.5,0.5
CZE,Czech Republic,2007,0.25,0.5,0.1333,0.3846,0.5,0.5
CZE,Czech Republic,2008,0.25,0.5,0.1333,0.3846,0.5,0.5
CZE,Czech Republic,2009,0.25,0.5,0.1333,0.3846,0.5,0.5
CZE,Czech Republic,2010,0.25,0.5,0.1333,0.3846,0.5,0.5
CZE,Czech Republic,2011,0.2321,0.3333,0.1,0.3846,0.25,0.5
CZE,Czech Republic,2012,0.0893,0.1667,0.1,0.0769,0.25,0.0
CZE,Czech Republic,2013,0.1964,0.5,0.1,0.3077,0.5,0.5
CZE,Czech Republic,2014,0.1964,0.5,0.1,0.3077,0.5,0.5
CZE,Czech Republic,2015,0.1964,0.5,0.1,0.3077,0.5,0.5
CZE,Czech Republic,2016,0.1964,0.5,0.1,0.3077,0.5,0.5
CZE,Czech Republic,2017,0.1964,0.5,0.1,0.3077,0.5,0.5
CZE,Czech Republic,2018,0.1964,0.5,0.1,0.3077,0.5,0.5
CZE,Czech Republic,2019,0.1964,0.5,0.1,0.3077,0.5,0.5
CZE,Czech Republic,2020,0.1964,0.5,0.1,0.3077,0.5,0.5
CZE,Czech Republic,2021,0.1964,0.5,0.1,0.3077,0.5,0.5
CZE,Czech Republic,2022,0.1964,0.5,0.1,0.3077,0.5,0.5
CZE,Czech Republic,2023,0.1964,0.5,0.1,0.3077,0.5,0.5
CZE,Czech Republic,2024,0.1964,0.5,0.1,0.3077,0.5,0.5
DEU,Germany,1999,0.1698,0.3333,0.0667,0.3043,0.25,0.5
DEU,Germany,2000,0.1667,0.3333,0.0667,0.2917,0.25,0.5
DEU,Germany,2001,0.1667,0.3333,0.0667,0.2917,0.25,0.5
DEU,Germany,2002,0.1667,0.3333,0.0667,0.2917,0.25,0.5
DEU,Germany,2003,0.1667,0.3333,0.0667,0.2917,0.25,0.5
DEU,Germany,2004,0.2593,0.5,0.1333,0.4167,0.25,1.0
DEU,Germany,2005,0.2593,0.5,0.1333,0.4167,0.25,1.0
DEU,Germany,2006,0.25,0.5,0.1333,0.3846,0.25,1.0
DEU,Germany,2007,0.25,0.5,0.1333,0.3846,0.25,1.0
DEU,Germany,2008,0.25,0.5,0.1333,0.3846,0.25,1.0
DEU,Germany,2009,0.25,0.5,0.1333,0.3846,0.25,1.0
DEU,Germany,2010,0.25,0.5,0.1333,0.3846,0.25,1.0
DEU,Germany,2011,0.25,0.5,0.1333,0.3846,0.25,1.0
DEU,Germany,2012,0.25,0.5,0.1333,0.3846,0.25,1.0
DEU,Germany,2013,0.25,0.5,0.1333,0.3846,0.25,1.0
DEU,Germany,2014,0.2679,0.5,0.1667,0.3846,0.25,1.0
DEU,Germany,2015,0.2679,0.5,0.1667,0.3846,0.25,1.0
DEU,Germany,2016,0.2679,0.5,0.1667,0.3846,0.25,1.0
DEU,Germany,2017,0.2679,0.5,0.1667,0.3846,0.25,1.0
DEU,Germany,2018,0.2679,0.5,0.1667,0.3846,0.25,1.0
DEU,Germany,2019,0.2679,0.5,0.1667,0.3846,0.25,1.0
DEU,Germany,2020,0.2679,0.5,0.1667,0.3846,0.25,1.0
DEU,Germany,2021,0.2679,0.5,0.1667,0.3846,0.25,1.0
DEU,Germany,2022,0.25,0.3333,0.1667,0.3462,0.25,0.5
DEU,Germany,2023,0.25,0.3333,0.1667,0.3462,0.25,0.5
DEU,Germany,2024,0.25,0.3333,0.1667,0.3462,0.25,0.5
DJI,Djibouti,1999,0.1321,0.3333,0.1,0.1739,0.25,0.5
DJI,Djibouti,2000,0.1321,0.3333,0.1,0.1739,0.25,0.5
DJI,Djibouti,2001,0.1481,0.3333,0.1,0.2083,0.25,0.5
DJI,Djibouti,2002,0.1296,0.3333,0.0667,0.2083,0.25,0.5
DJI,Djibouti,2003,0.1296,0.3333,0.0667,0.2083,0.25,0.5
DJI,Djibouti,2004,0.1296,0.3333,0.0667,0.2083,0.25,0.5
DJI,Djibouti,2005,0.1296,0.3333,0.0667,0.2083,0.25,0.5
DJI,Djibouti,2006,0.125,0.3333,0.0667,0.1923,0.25,0.5
DJI,Djibouti,2007,0.125,0.3333,0.0667,0.1923,0.25,0.5
DJI,Djibouti,2008,0.125,0.3333,0.0667,0.1923,0.25,0.5
DJI,Djibouti,2009,0.1786,0.3333,0.0667,0.3077,0.25,0.5
DJI,Djibouti,2010,0.1786,0.3333,0.0667,0.3077,0.25,0.5
DJI,Djibouti,2011,0.1786,0.3333,0.0667,0.3077,0.25,0.5
DJI,Djibouti,2012,0.1964,0.3333,0.1,0.3077,0.25,0.5
DJI,Djibouti,2013,0.1964,0.3333,0.1,0.3077,0.25,0.5
DJI,Djibouti,2014,0.1964,0.3333,0.1,0.3077,0.25,0.5
DJI,Djibouti,2015,0.1964,0.3333,0.1,0.3077,0.25,0.5
DJI,Djibouti,2016,0.1964,0.3333,0.1,0.3077,0.25,0.5
DJI,Djibouti,2017,0.1964,0.3333,0.1,0.3077,0.25,0.5
DJI,Djibouti,2018,0.1964,0.3333,0.1,0.3077,0.25,0.5
DJI,Djibouti,2019,0.1964,0.3333,0.1,0.3077,0.25,0.5
DJI,Djibouti,2020,0.1964,0.3333,0.1,0.3077,0.25,0.5
DJI,Djibouti,2021,0.1964,0.3333,0.1,0.3077,0.25,0.5
DJI,Djibouti,2022,0.1964,0.3333,0.1,0.3077,0.25,0.5
DJI,Djibouti,2023,0.1964,0.3333,0.1,0.3077,0.25,0.5
DJI,Djibouti,2024,0.1964,0.3333,0.1,0.3077,0.25,0.5
DMA,Dominica,1999,0.5,0.8,0.25,0.8,0.6667,1.0
DMA,Dominica,2000,0.5,0.8,0.25,0.8,0.6667,1.0
DMA,Dominica,2001,0.5,0.8,0.25,0.8,0.6667,1.0
DMA,Dominica,2002,0.5,0.8,0.25,0.8,0.6667,1.0
DMA,Dominica,2003,0.5,0.8,0.25,0.8,0.6667,1.0
DMA,Dominica,2004,0.5227,0.8,0.2917,0.8,0.6667,1.0
DMA,Dominica,2005,0.4773,0.8,0.2917,0.7,0.6667,1.0
DMA,Dominica,2006,0.4773,0.8,0.2917,0.7,0.6667,1.0
DMA,Dominica,2007,0.4773,0.8,0.2917,0.7,0.6667,1.0
DMA,Dominica,2008,0.4898,0.8,0.3846,0.6087,0.6667,1.0
DMA,Dominica,2009,0.4898,0.8,0.3846,0.6087,0.6667,1.0
DMA,Dominica,2010,0.5,0.8,0.3846,0.625,0.6667,1.0
DMA,Dominica,2011,0.5,0.8,0.3846,0.625,0.6667,1.0
DMA,Dominica,2012,0.5,0.8,0.3846,0.625,0.6667,1.0
DMA,Dominica,2013,0.5,0.8,0.3846,0.625,0.6667,1.0
DMA,Dominica,2014,0.5,0.8,0.3846,0.625,0.6667,1.0
DMA,Dominica,2015,0.5,0.8,0.3846,0.625,0.6667,1.0
DMA,Dominica,2016,0.5,0.8,0.3846,0.625,0.6667,1.0
DMA,Dominica,2017,0.5,0.8,0.3846,0.625,0.6667,1.0
DMA,Dominica,2018,0.5,0.8,0.3846,0.625,0.6667,1.0
DMA,Dominica,2019,0.5,0.8,0.3846,0.625,0.6667,1.0
DMA,Dominica,2020,0.5,0.8,0.3846,0.625,0.6667,1.0
DMA,Dominica,2021,0.5,0.8,0.3846,0.625,0.6667,1.0
DMA,Dominica,2022,0.5,0.8,0.3846,0.625,0.6667,1.0
DMA,Dominica,2023,0.5,0.8,0.3846,0.625,0.6667,1.0
DNK,Denmark,1999,0.0566,0.5,0.0667,0.0435,0.5,0.5
DNK,Denmark,2000,0.0556,0.5,0.0667,0.0417,0.5,0.5
DNK,Denmark,2001,0.0556,0.5,0.0667,0.0417,0.5,0.5
DNK,Denmark,2002,0.037,0.3333,0.0667,0.0,0.5,0.0
DNK,Denmark,2003,0.037,0.3333,0.0667,0.0,0.5,0.0
DNK,Denmark,2004,0.037,0.3333,0.0667,0.0,0.5,0.0
DNK,Denmark,2005,0.037,0.3333,0.0667,0.0,0.5,0.0
DNK,Denmark,2006,0.0357,0.3333,0.0667,0.0,0.5,0.0
DNK,Denmark,2007,0.0357,0.3333,0.0667,0.0,0.5,0.0
DNK,Denmark,2008,0.0357,0.3333,0.0667,0.0,0.5,0.0
DNK,Denmark,2009,0.0364,0.4,0.069,0.0,0.6667,0.0
DNK,Denmark,2010,0.0364,0.4,0.069,0.0,0.6667,0.0
DNK,Denmark,2011,0.0364,0.4,0.069,0.0,0.6667,0.0
DNK,Denmark,2012,0.0364,0.4,0.069,0.0,0.6667,0.0
DNK,Denmark,2013,0.0364,0.4,0.069,0.0,0.6667,0.0
DNK,Denmark,2014,0.0357,0.3333,0.0667,0.0,0.5,0.0
DNK,Denmark,2015,0.0357,0.3333,0.0667,0.0,0.5,0.0
DNK,Denmark,2016,0.0357,0.3333,0.0667,0.0,0.5,0.0
DNK,Denmark,2017,0.0357,0.3333,0.0667,0.0,0.5,0.0
DNK,Denmark,2018,0.0357,0.3333,0.0667,0.0,0.5,0.0
DNK,Denmark,2019,0.0357,0.3333,0.0667,0.0,0.5,0.0
DNK,Denmark,2020,0.0357,0.3333,0.0667,0.0,0.5,0.0
DNK,Denmark,2021,0.0357,0.3333,0.0667,0.0,0.5,0.0
DNK,Denmark,2022,0.0357,0.3333,0.0667,0.0,0.5,0.0
DNK,Denmark,2023,0.0357,0.3333,0.0667,0.0,0.5,0.0
DNK,Denmark,2024,0.0357,0.3333,0.0667,0.0,0.5,0.0
DOM,Dominican Republic,1999,0.3019,0.1667,0.2667,0.3478,0.25,0.0
DOM,Dominican Republic,2000,0.2778,0.1667,0.2,0.375,0.25,0.0
DOM,Dominican Republic,2001,0.2778,0.1667,0.2,0.375,0.25,0.0
DOM,Dominican Republic,2002,0.3519,0.3333,0.3,0.4167,0.25,0.5
DOM,Dominican Republic,2003,0.2963,0.3333,0.3,0.2917,0.25,0.5
DOM,Dominican Republic,2004,0.2222,0.3333,0.1667,0.2917,0.25,0.5
DOM,Dominican Republic,2005,0.2037,0.3333,0.1667,0.25,0.25,0.5
DOM,Dominican Republic,2006,0.1852,0.3333,0.1333,0.25,0.25,0.5
DOM,Dominican Republic,2007,0.1852,0.3333,0.1333,0.25,0.25,0.5
DOM,Dominican Republic,2008,0.1607,0.3333,0.1333,0.1923,0.25,0.5
DOM,Dominican Republic,2009,0.25,0.3333,0.2,0.3077,0.25,0.5
DOM,Dominican Republic,2010,0.1964,0.3333,0.1667,0.2308,0.25,0.5
DOM,Dominican Republic,2011,0.1607,0.1667,0.1667,0.1538,0.25,0.0
DOM,Dominican Republic,2012,0.1964,0.1667,0.1667,0.2308,0.25,0.0
DOM,Dominican Republic,2013,0.1964,0.1667,0.1667,0.2308,0.25,0.0
DOM,Dominican Republic,2014,0.1964,0.1667,0.1667,0.2308,0.25,0.0
DOM,Dominican Republic,2015,0.1964,0.1667,0.1667,0.2308,0.25,0.0
DOM,Dominican Republic,2016,0.2321,0.3333,0.1667,0.3077,0.25,0.5
DOM,Dominican Republic,2017,0.1429,0.3333,0.1667,0.1154,0.25,0.5
DOM,Dominican Republic,2018,0.1429,0.3333,0.1667,0.1154,0.25,0.5
DOM,Dominican Republic,2019,0.25,0.3333,0.2333,0.2692,0.25,0.5
DOM,Dominican Republic,2020,0.25,0.3333,0.2333,0.2692,0.25,0.5
DOM,Dominican Republic,2021,0.25,0.3333,0.2333,0.2692,0.25,0.5
DOM,Dominican Republic,2022,0.25,0.3333,0.2333,0.2692,0.25,0.5
DOM,Dominican Republic,2023,0.25,0.3333,0.2333,0.2692,0.25,0.5
DZA,Algeria,1999,0.6429,0.75,0.2308,1.0,0.5,1.0
DZA,Algeria,2000,0.6563,1.0,0.3333,0.9412,1.0,1.0
DZA,Algeria,2001,0.6563,1.0,0.3333,0.9412,1.0,1.0
DZA,Algeria,2002,0.7568,1.0,0.5,1.0,1.0,1.0
DZA,Algeria,2003,0.7568,1.0,0.5,1.0,1.0,1.0
DZA,Algeria,2004,0.7838,1.0,0.5556,1.0,1.0,1.0
DZA,Algeria,2005,0.7368,1.0,0.5,1.0,1.0,1.0
DZA,Algeria,2006,0.7436,1.0,0.5,1.0,1.0,1.0
DZA,Algeria,2007,0.7436,1.0,0.5,1.0,1.0,1.0
DZA,Algeria,2008,0.7021,1.0,0.625,0.7826,1.0,1.0
DZA,Algeria,2009,0.7021,1.0,0.625,0.7826,1.0,1.0
DZA,Algeria,2010,0.6909,1.0,0.5172,0.8846,1.0,1.0
DZA,Algeria,2011,0.6909,1.0,0.5172,0.8846,1.0,1.0
DZA,Algeria,2012,0.6909,1.0,0.5172,0.8846,1.0,1.0
DZA,Algeria,2013,0.7636,1.0,0.5862,0.9615,1.0,1.0
DZA,Algeria,2014,0.75,1.0,0.6,0.9231,1.0,1.0
DZA,Algeria,2015,0.75,1.0,0.6,0.9231,1.0,1.0
DZA,Algeria,2016,0.75,1.0,0.6,0.9231,1.0,1.0
DZA,Algeria,2017,0.75,1.0,0.6,0.9231,1.0,1.0
DZA,Algeria,2018,0.6429,0.8333,0.4,0.9231,0.75,1.0
DZA,Algeria,2019,0.6607,0.8333,0.4333,0.9231,0.75,1.0
DZA,Algeria,2020,0.6607,0.8333,0.4333,0.9231,0.75,1.0
DZA,Algeria,2021,0.6429,0.8333,0.4333,0.8846,0.75,1.0
DZA,Algeria,2022,0.6429,0.8333,0.4333,0.8846,0.75,1.0
DZA,Algeria,2023,0.6429,0.8333,0.4333,0.8846,0.75,1.0
ECU,Ecuador,1999,0.2264,0.0,0.1,0.3913,0.0,0.0
ECU,Ecuador,2000,0.2222,0.0,0.1,0.375,0.0,0.0
ECU,Ecuador,2001,0.2222,0.0,0.1,0.375,0.0,0.0
ECU,Ecuador,2002,0.2222,0.0,0.1,0.375,0.0,0.0
ECU,Ecuador,2003,0.1481,0.0,0.1,0.2083,0.0,0.0
ECU,Ecuador,2004,0.0741,0.0,0.0333,0.125,0.0,0.0
ECU,Ecuador,2005,0.0926,0.0,0.0667,0.125,0.0,0.0
ECU,Ecuador,2006,0.1071,0.0,0.0667,0.1538,0.0,0.0
ECU,Ecuador,2007,0.1071,0.0,0.0667,0.1538,0.0,0.0
ECU,Ecuador,2008,0.1071,0.0,0.0667,0.1538,0.0,0.0
ECU,Ecuador,2009,0.1786,0.0,0.0667,0.3077,0.0,0.0
ECU,Ecuador,2010,0.1786,0.0,0.0667,0.3077,0.0,0.0
ECU,Ecuador,2011,0.1786,0.0,0.0667,0.3077,0.0,0.0
ECU,Ecuador,2012,0.1786,0.0,0.0667,0.3077,0.0,0.0
ECU,Ecuador,2013,0.2857,0.0,0.2333,0.3462,0.0,0.0
ECU,Ecuador,2014,0.25,0.0,0.1667,0.3462,0.0,0.0
ECU,Ecuador,2015,0.1786,0.0,0.0333,0.3462,0.0,0.0
ECU,Ecuador,2016,0.1786,0.0,0.0333,0.3462,0.0,0.0
ECU,Ecuador,2017,0.1786,0.0,0.0333,0.3462,0.0,0.0
ECU,Ecuador,2018,0.5536,0.3333,0.5,0.6154,0.25,0.5
ECU,Ecuador,2019,0.5536,0.3333,0.5,0.6154,0.25,0.5
ECU,Ecuador,2020,0.5536,0.3333,0.5,0.6154,0.25,0.5
ECU,Ecuador,2021,0.5714,0.3333,0.5333,0.6154,0.25,0.5
ECU,Ecuador,2022,0.5893,0.3333,0.5667,0.6154,0.25,0.5
ECU,Ecuador,2023,0.5893,0.3333,0.5667,0.6154,0.25,0.5
ECU,Ecuador,2024,0.5893,0.3333,0.5667,0.6154,0.25,0.5
EGY,Egypt,1999,0.0943,0.5,0.1333,0.0435,0.75,0.0
EGY,Egypt,2000,0.0943,0.5,0.1333,0.0435,0.75,0.0
EGY,Egypt,2001,0.098,0.5,0.1379,0.0455,0.75,0.0
EGY,Egypt,2002,0.098,0.5,0.1379,0.0455,0.75,0.0
EGY,Egypt,2003,0.1373,0.5,0.1379,0.1364,0.75,0.0
EGY,Egypt,2004,0.098,0.5,0.1379,0.0455,0.75,0.0
EGY,Egypt,2005,0.0588,0.1667,0.069,0.0455,0.25,0.0
EGY,Egypt,2006,0.0377,0.1667,0.0345,0.0417,0.25,0.0
EGY,Egypt,2007,0.0727,0.1667,0.0667,0.08,0.25,0.0
EGY,Egypt,2008,0.0893,0.1667,0.0667,0.1154,0.25,0.0
EGY,Egypt,2009,0.1786,0.1667,0.1,0.2692,0.25,0.0
EGY,Egypt,2010,0.1786,0.1667,0.1,0.2692,0.25,0.0
EGY,Egypt,2011,0.1964,0.1667,0.1333,0.2692,0.25,0.0
EGY,Egypt,2012,0.1786,0.1667,0.1,0.2692,0.25,0.0
EGY,Egypt,2013,0.1964,0.1667,0.1,0.3077,0.25,0.0
EGY,Egypt,2014,0.2321,0.1667,0.1,0.3846,0.25,0.0
EGY,Egypt,2015,0.2321,0.1667,0.1,0.3846,0.25,0.0
EGY,Egypt,2016,0.2321,0.1667,0.1,0.3846,0.25,0.0
EGY,Egypt,2017,0.2321,0.1667,0.1,0.3846,0.25,0.0
EGY,Egypt,2018,0.2321,0.1667,0.1,0.3846,0.25,0.0
EGY,Egypt,2019,0.2321,0.1667,0.1,0.3846,0.25,0.0
EGY,Egypt,2020,0.2321,0.1667,0.1,0.3846,0.25,0.0
EGY,Egypt,2021,0.2321,0.1667,0.1,0.3846,0.25,0.0
EGY,Egypt,2022,0.2321,0.1667,0.1,0.3846,0.25,0.0
EGY,Egypt,2023,0.2321,0.1667,0.1,0.3846,0.25,0.0
EGY,Egypt,2024,0.2321,0.1667,0.1,0.3846,0.25,0.0
ERI,Eritrea,1999,0.4167,0.2,0.3571,0.5,0.25,0.0
ERI,Eritrea,2000,0.4167,0.2,0.3571,0.5,0.25,0.0
ERI,Eritrea,2001,0.375,0.2,0.3571,0.4,0.25,0.0
ERI,Eritrea,2002,0.375,0.2,0.3571,0.4,0.25,0.0
ERI,Eritrea,2003,0.375,0.2,0.3571,0.4,0.25,0.0
ERI,Eritrea,2004,0.5,0.2,0.3571,0.7,0.25,0.0
ERI,Eritrea,2005,0.5,0.2,0.3571,0.7,0.25,0.0
ERI,Eritrea,2006,0.5,0.2,0.3571,0.7,0.25,0.0
ERI,Eritrea,2007,0.5,0.2,0.3571,0.7,0.25,0.0
ERI,Eritrea,2008,0.5556,0.2,0.3571,0.7692,0.25,0.0
ERI,Eritrea,2009,0.5185,0.2,0.3571,0.6923,0.25,0.0
ERI,Eritrea,2010,0.5185,0.2,0.3571,0.6923,0.25,0.0
ERI,Eritrea,2011,0.5185,0.2,0.3571,0.6923,0.25,0.0
ERI,Eritrea,2012,0.5185,0.2,0.3571,0.6923,0.25,0.0
ERI,Eritrea,2013,0.5185,0.2,0.3571,0.6923,0.25,0.0
ERI,Eritrea,2014,0.5556,0.2,0.3571,0.7692,0.25,0.0
ERI,Eritrea,2015,0.5556,0.2,0.3571,0.7692,0.25,0.0
ERI,Eritrea,2016,0.5556,0.2,0.3571,0.7692,0.25,0.0
ERI,Eritrea,2017,0.5556,0.2,0.3571,0.7692,0.25,0.0
ERI,Eritrea,2018,0.5556,0.2,0.3571,0.7692,0.25,0.0
ERI,Eritrea,2019,0.5556,0.2,0.3571,0.7692,0.25,0.0
ERI,Eritrea,2020,0.5556,0.2,0.3571,0.7692,0.25,0.0
ERI,Eritrea,2021,0.5556,0.2,0.3571,0.7692,0.25,0.0
ERI,Eritrea,2022,0.5556,0.2,0.3571,0.7692,0.25,0.0
ERI,Eritrea,2023,0.5556,0.2,0.3571,0.7692,0.25,0.0
ESP,Spain,1999,0.2264,0.3333,0.1333,0.3478,0.25,0.5
ESP,Spain,2000,0.2264,0.3333,0.1333,0.3478,0.25,0.5
ESP,Spain,2001,0.3019,1.0,0.2333,0.3913,1.0,1.0
ESP,Spain,2002,0.2407,1.0,0.1667,0.3333,1.0,1.0
ESP,Spain,2003,0.1667,0.3333,0.0667,0.2917,0.25,0.5
ESP,Spain,2004,0.1667,0.3333,0.0667,0.2917,0.25,0.5
ESP,Spain,2005,0.1852,0.5,0.1,0.2917,0.5,0.5
ESP,Spain,2006,0.1786,0.5,0.1,0.2692,0.5,0.5
ESP,Spain,2007,0.1786,0.5,0.1,0.2692,0.5,0.5
ESP,Spain,2008,0.1786,0.5,0.1,0.2692,0.5,0.5
ESP,Spain,2009,0.1786,0.5,0.1,0.2692,0.5,0.5
ESP,Spain,2010,0.1786,0.5,0.1,0.2692,0.5,0.5
ESP,Spain,2011,0.1786,0.5,0.1,0.2692,0.5,0.5
ESP,Spain,2012,0.1786,0.5,0.1,0.2692,0.5,0.5
ESP,Spain,2013,0.1786,0.5,0.1,0.2692,0.5,0.5
ESP,Spain,2014,0.1786,0.5,0.1,0.2692,0.5,0.5
ESP,Spain,2015,0.1786,0.5,0.1,0.2692,0.5,0.5
ESP,Spain,2016,0.1786,0.5,0.1,0.2692,0.5,0.5
ESP,Spain,2017,0.1786,0.5,0.1,0.2692,0.5,0.5
ESP,Spain,2018,0.1786,0.5,0.1,0.2692,0.5,0.5
ESP,Spain,2019,0.1786,0.5,0.1,0.2692,0.5,0.5
ESP,Spain,2020,0.1786,0.5,0.1,0.2692,0.5,0.5
ESP,Spain,2021,0.1786,0.5,0.1,0.2692,0.5,0.5
ESP,Spain,2022,0.1786,0.5,0.1,0.2692,0.5,0.5
ESP,Spain,2023,0.1786,0.5,0.1,0.2692,0.5,0.5
ESP,Spain,2024,0.1786,0.5,0.1,0.2692,0.5,0.5
EST,Estonia,1999,0.0566,0.3333,0.1,0.0,0.5,0.0
EST,Estonia,2000,0.0556,0.3333,0.1,0.0,0.5,0.0
EST,Estonia,2001,0.0556,0.3333,0.1,0.0,0.5,0.0
EST,Estonia,2002,0.0556,0.3333,0.1,0.0,0.5,0.0
EST,Estonia,2003,0.037,0.1667,0.0667,0.0,0.25,0.0
EST,Estonia,2004,0.037,0.1667,0.0667,0.0,0.25,0.0
EST,Estonia,2005,0.0556,0.1667,0.1,0.0,0.25,0.0
EST,Estonia,2006,0.0536,0.1667,0.1,0.0,0.25,0.0
EST,Estonia,2007,0.0536,0.1667,0.1,0.0,0.25,0.0
EST,Estonia,2008,0.0536,0.1667,0.1,0.0,0.25,0.0
EST,Estonia,2009,0.0536,0.1667,0.1,0.0,0.25,0.0
EST,Estonia,2010,0.0536,0.1667,0.1,0.0,0.25,0.0
EST,Estonia,2011,0.0714,0.3333,0.1333,0.0,0.5,0.0
EST,Estonia,2012,0.0714,0.3333,0.1333,0.0,0.5,0.0
EST,Estonia,2013,0.1071,0.3333,0.1667,0.0385,0.5,0.0
EST,Estonia,2014,0.1071,0.3333,0.1667,0.0385,0.5,0.0
EST,Estonia,2015,0.1071,0.3333,0.1667,0.0385,0.5,0.0
EST,Estonia,2016,0.1071,0.3333,0.1667,0.0385,0.5,0.0
EST,Estonia,2017,0.1071,0.3333,0.1667,0.0385,0.5,0.0
EST,Estonia,2018,0.1071,0.3333,0.1667,0.0385,0.5,0.0
EST,Estonia,2019,0.1071,0.3333,0.1667,0.0385,0.5,0.0
EST,Estonia,2020,0.0893,0.3333,0.1333,0.0385,0.5,0.0
EST,Estonia,2021,0.0893,0.3333,0.1333,0.0385,0.5,0.0
EST,Estonia,2022,0.0893,0.3333,0.1333,0.0385,0.5,0.0
EST,Estonia,2023,0.0893,0.3333,0.1333,0.0385,0.5,0.0
ETH,Ethiopia,1999,0.3654,0.5,0.3333,0.4091,0.75,0.0
ETH,Ethiopia,2000,0.4444,1.0,0.3333,0.5833,1.0,1.0
ETH,Ethiopia,2001,0.4444,1.0,0.3333,0.5833,1.0,1.0
ETH,Ethiopia,2002,0.5,1.0,0.3462,0.7,1.0,1.0
ETH,Ethiopia,2003,0.6522,1.0,0.5,0.85,1.0,1.0
ETH,Ethiopia,2004,0.6522,1.0,0.5,0.85,1.0,1.0
ETH,Ethiopia,2005,0.6522,1.0,0.5,0.85,1.0,1.0
ETH,Ethiopia,2006,0.7083,1.0,0.5385,0.9091,1.0,1.0
ETH,Ethiopia,2007,0.7083,1.0,0.5385,0.9091,1.0,1.0
ETH,Ethiopia,2008,0.7292,1.0,0.5769,0.9091,1.0,1.0
ETH,Ethiopia,2009,0.74,1.0,0.5769,0.9167,1.0,1.0
ETH,Ethiopia,2010,0.74,1.0,0.5769,0.9167,1.0,1.0
ETH,Ethiopia,2011,0.74,1.0,0.5769,0.9167,1.0,1.0
ETH,Ethiopia,2012,0.74,1.0,0.5769,0.9167,1.0,1.0
ETH,Ethiopia,2013,0.7843,1.0,0.6296,0.9583,1.0,1.0
ETH,Ethiopia,2014,0.7843,1.0,0.6296,0.9583,1.0,1.0
ETH,Ethiopia,2015,0.7843,1.0,0.6296,0.9583,1.0,1.0
ETH,Ethiopia,2016,0.7843,1.0,0.6296,0.9583,1.0,1.0
ETH,Ethiopia,2017,0.75,1.0,0.6333,0.8846,1.0,1.0
ETH,Ethiopia,2018,0.75,1.0,0.6333,0.8846,1.0,1.0
ETH,Ethiopia,2019,0.75,1.0,0.6333,0.8846,1.0,1.0
ETH,Ethiopia,2020,0.75,1.0,0.6333,0.8846,1.0,1.0
ETH,Ethiopia,2021,0.7679,1.0,0.6667,0.8846,1.0,1.0
ETH,Ethiopia,2022,0.7679,1.0,0.6667,0.8846,1.0,1.0
ETH,Ethiopia,2023,0.75,1.0,0.6333,0.8846,1.0,1.0
FIN,Finland,1999,0.1887,0.5,0.1,0.3043,0.5,0.5
FIN,Finland,2000,0.1887,0.5,0.1,0.3043,0.5,0.5
FIN,Finland,2001,0.1887,0.5,0.1,0.3043,0.5,0.5
FIN,Finland,2002,0.1887,0.5,0.1,0.3043,0.5,0.5
FIN,Finland,2003,0.1887,0.5,0.1,0.3043,0.5,0.5
FIN,Finland,2004,0.1852,0.5,0.1,0.2917,0.5,0.5
FIN,Finland,2005,0.1852,0.5,0.1,0.2917,0.5,0.5
FIN,Finland,2006,0.1786,0.5,0.1,0.2692,0.5,0.5
FIN,Finland,2007,0.1786,0.5,0.1,0.2692,0.5,0.5
FIN,Finland,2008,0.1786,0.5,0.1,0.2692,0.5,0.5
FIN,Finland,2009,0.1786,0.5,0.1,0.2692,0.5,0.5
FIN,Finland,2010,0.1607,0.5,0.0667,0.2692,0.5,0.5
FIN,Finland,2011,0.0357,0.3333,0.0667,0.0,0.5,0.0
FIN,Finland,2012,0.0357,0.3333,0.0667,0.0,0.5,0.0
FIN,Finland,2013,0.1964,0.5,0.1333,0.2692,0.5,0.5
FIN,Finland,2014,0.1964,0.5,0.1333,0.2692,0.5,0.5
FIN,Finland,2015,0.1964,0.5,0.1333,0.2692,0.5,0.5
FIN,Finland,2016,0.2321,0.5,0.1333,0.3462,0.5,0.5
FIN,Finland,2017,0.2321,0.5,0.1333,0.3462,0.5,0.5
FIN,Finland,2018,0.2321,0.5,0.1333,0.3462,0.5,0.5
FIN,Finland,2019,0.2321,0.5,0.1333,0.3462,0.5,0.5
FIN,Finland,2020,0.2321,0.5,0.1333,0.3462,0.5,0.5
FIN,Finland,2021,0.2321,0.5,0.1333,0.3462,0.5,0.5
FIN,Finland,2022,0.2321,0.5,0.1333,0.3462,0.5,0.5
FIN,Finland,2023,0.2321,0.5,0.1333,0.3462,0.5,0.5
FJI,Fiji,1999,0.8077,1.0,0.7241,0.913,1.0,1.0
FJI,Fiji,2000,0.7885,1.0,0.6897,0.913,1.0,1.0
FJI,Fiji,2001,0.7885,1.0,0.6897,0.913,1.0,1.0
FJI,Fiji,2002,0.7885,1.0,0.6897,0.913,1.0,1.0
FJI,Fiji,2003,0.7885,1.0,0.6897,0.913,1.0,1.0
FJI,Fiji,2004,0.7885,1.0,0.6897,0.913,1.0,1.0
FJI,Fiji,2005,0.7885,1.0,0.6897,0.913,1.0,1.0
FJI,Fiji,2006,0.7885,1.0,0.6897,0.913,1.0,1.0
FJI,Fiji,2007,0.7885,1.0,0.6897,0.913,1.0,1.0
FJI,Fiji,2008,0.7636,1.0,0.6897,0.8462,1.0,1.0
FJI,Fiji,2009,0.7636,1.0,0.6897,0.8462,1.0,1.0
FJI,Fiji,2010,0.7455,1.0,0.6552,0.8462,1.0,1.0
FJI,Fiji,2011,0.7455,1.0,0.6552,0.8462,1.0,1.0
FJI,Fiji,2012,0.7455,1.0,0.6552,0.8462,1.0,1.0
FJI,Fiji,2013,0.7455,1.0,0.6552,0.8462,1.0,1.0
FJI,Fiji,2014,0.7455,1.0,0.6552,0.8462,1.0,1.0
FJI,Fiji,2015,0.7455,1.0,0.6552,0.8462,1.0,1.0
FJI,Fiji,2016,0.7455,1.0,0.6552,0.8462,1.0,1.0
FJI,Fiji,2017,0.7455,1.0,0.6552,0.8462,1.0,1.0
FJI,Fiji,2018,0.6429,1.0,0.5,0.8077,1.0,1.0
FJI,Fiji,2019,0.75,1.0,0.6333,0.8846,1.0,1.0
FJI,Fiji,2020,0.7321,1.0,0.6,0.8846,1.0,1.0
FJI,Fiji,2021,0.75,1.0,0.6333,0.8846,1.0,1.0
FJI,Fiji,2022,0.75,1.0,0.6333,0.8846,1.0,1.0
FJI,Fiji,2023,0.7679,1.0,0.6333,0.9231,1.0,1.0
FRA,France,1999,0.0943,0.1667,0.1,0.087,0.25,0.0
FRA,France,2000,0.1296,0.1667,0.1,0.1667,0.25,0.0
FRA,France,2001,0.1296,0.1667,0.0667,0.2083,0.25,0.0
FRA,France,2002,0.0926,0.1667,0.0667,0.125,0.25,0.0
FRA,France,2003,0.0926,0.1667,0.0667,0.125,0.25,0.0
FRA,France,2004,0.0926,0.1667,0.0667,0.125,0.25,0.0
FRA,France,2005,0.0926,0.1667,0.0667,0.125,0.25,0.0
FRA,France,2006,0.0893,0.1667,0.0667,0.1154,0.25,0.0
FRA,France,2007,0.0893,0.1667,0.0667,0.1154,0.25,0.0
FRA,France,2008,0.0893,0.1667,0.0667,0.1154,0.25,0.0
FRA,France,2009,0.0893,0.1667,0.0667,0.1154,0.25,0.0
FRA,France,2010,0.0893,0.1667,0.0667,0.1154,0.25,0.0
FRA,France,2011,0.0893,0.1667,0.0667,0.1154,0.25,0.0
FRA,France,2012,0.0714,0.1667,0.0667,0.0769,0.25,0.0
FRA,France,2013,0.0714,0.1667,0.0667,0.0769,0.25,0.0
FRA,France,2014,0.0714,0.1667,0.0667,0.0769,0.25,0.0
FRA,France,2015,0.0714,0.1667,0.0667,0.0769,0.25,0.0
FRA,France,2016,0.0714,0.1667,0.0667,0.0769,0.25,0.0
FRA,France,2017,0.0714,0.1667,0.0667,0.0769,0.25,0.0
FRA,France,2018,0.0714,0.1667,0.0667,0.0769,0.25,0.0
FRA,France,2019,0.0714,0.1667,0.0667,0.0769,0.25,0.0
FRA,France,2020,0.0714,0.1667,0.0667,0.0769,0.25,0.0
FRA,France,2021,0.0714,0.1667,0.0667,0.0769,0.25,0.0
FRA,France,2022,0.0714,0.1667,0.0667,0.0769,0.25,0.0
FRA,France,2023,0.0714,0.1667,0.0667,0.0769,0.25,0.0
FRA,France,2024,0.0714,0.1667,0.0667,0.0769,0.25,0.0
FSM,Micronesia,1999,0.2,0.5,0.375,0.0,0.75,0.0
FSM,Micronesia,2000,0.2,0.5,0.375,0.0,0.75,0.0
FSM,Micronesia,2001,0.2222,0.5,0.3333,0.1111,0.75,0.0
FSM,Micronesia,2002,0.2222,0.5,0.3333,0.1111,0.75,0.0
FSM,Micronesia,2003,0.2222,0.5,0.3333,0.1111,0.75,0.0
FSM,Micronesia,2004,0.2222,0.5,0.3333,0.1111,0.75,0.0
FSM,Micronesia,2005,0.2222,0.5,0.3333,0.1111,0.75,0.0
FSM,Micronesia,2006,0.2105,0.5,0.3333,0.1,0.75,0.0
FSM,Micronesia,2007,0.2105,0.5,0.3333,0.1,0.75,0.0
FSM,Micronesia,2008,0.2105,0.5,0.3333,0.1,0.75,0.0
FSM,Micronesia,2009,0.2105,0.5,0.3333,0.1,0.75,0.0
FSM,Micronesia,2010,0.2105,0.5,0.3333,0.1,0.75,0.0
FSM,Micronesia,2011,0.2105,0.5,0.3333,0.1,0.75,0.0
FSM,Micronesia,2012,0.2105,0.5,0.3333,0.1,0.75,0.0
FSM,Micronesia,2013,0.2105,0.5,0.3333,0.1,0.75,0.0
FSM,Micronesia,2014,0.2105,0.5,0.3333,0.1,0.75,0.0
FSM,Micronesia,2015,0.2105,0.5,0.3333,0.1,0.75,0.0
FSM,Micronesia,2016,0.2105,0.5,0.3333,0.1,0.75,0.0
FSM,Micronesia,2017,0.2105,0.5,0.3333,0.1,0.75,0.0
FSM,Micronesia,2018,0.2105,0.5,0.3333,0.1,0.75,0.0
FSM,Micronesia,2019,0.2857,0.5,0.3636,0.2,0.75,0.0
FSM,Micronesia,2020,0.2857,0.5,0.3636,0.2,0.75,0.0
FSM,Micronesia,2021,0.2857,0.5,0.3636,0.2,0.75,0.0
FSM,Micronesia,2022,0.2857,0.5,0.3636,0.2,0.75,0.0
FSM,Micronesia,2023,0.2857,0.5,0.3636,0.2,0.75,0.0
GAB,Gabon,1999,0.7619,1.0,0.6,0.9091,1.0,1.0
GAB,Gabon,2000,0.7273,1.0,0.6,0.8333,1.0,1.0
GAB,Gabon,2001,0.6,1.0,0.3846,0.8333,1.0,1.0
GAB,Gabon,2002,0.7234,1.0,0.6154,0.8571,1.0,1.0
GAB,Gabon,2003,0.8077,1.0,0.7241,0.913,1.0,1.0
GAB,Gabon,2004,0.8077,1.0,0.7241,0.913,1.0,1.0
GAB,Gabon,2005,0.7885,1.0,0.6897,0.913,1.0,1.0
GAB,Gabon,2006,0.7843,1.0,0.6071,1.0,1.0,1.0
GAB,Gabon,2007,0.7843,1.0,0.6071,1.0,1.0,1.0
GAB,Gabon,2008,0.8235,1.0,0.6667,1.0,1.0,1.0
GAB,Gabon,2009,0.7872,1.0,0.6,1.0,1.0,1.0
GAB,Gabon,2010,0.7872,1.0,0.6,1.0,1.0,1.0
GAB,Gabon,2011,0.7872,1.0,0.6,1.0,1.0,1.0
GAB,Gabon,2012,0.7917,1.0,0.6154,1.0,1.0,1.0
GAB,Gabon,2013,0.7872,1.0,0.6,1.0,1.0,1.0
GAB,Gabon,2014,0.7708,1.0,0.6,0.9565,1.0,1.0
GAB,Gabon,2015,0.7708,1.0,0.6,0.9565,1.0,1.0
GAB,Gabon,2016,0.7708,1.0,0.6,0.9565,1.0,1.0
GAB,Gabon,2017,0.7708,1.0,0.6,0.9565,1.0,1.0
GAB,Gabon,2018,0.75,1.0,0.56,0.9565,1.0,1.0
GAB,Gabon,2019,0.7292,1.0,0.6,0.8696,1.0,1.0
GAB,Gabon,2020,0.7292,1.0,0.6,0.8696,1.0,1.0
GAB,Gabon,2021,0.7292,1.0,0.6,0.8696,1.0,1.0
GAB,Gabon,2022,0.7292,1.0,0.6,0.8696,1.0,1.0
GAB,Gabon,2023,0.7292,1.0,0.6,0.8696,1.0,1.0
GBR,United Kingdom,1999,0.0189,0.1667,0.0333,0.0,0.25,0.0
GBR,United Kingdom,2000,0.0189,0.1667,0.0333,0.0,0.25,0.0
GBR,United Kingdom,2001,0.0185,0.1667,0.0333,0.0,0.25,0.0
GBR,United Kingdom,2002,0.0185,0.1667,0.0333,0.0,0.25,0.0
GBR,United Kingdom,2003,0.0185,0.1667,0.0333,0.0,0.25,0.0
GBR,United Kingdom,2004,0.0185,0.1667,0.0333,0.0,0.25,0.0
GBR,United Kingdom,2005,0.0185,0.1667,0.0333,0.0,0.25,0.0
GBR,United Kingdom,2006,0.0179,0.1667,0.0333,0.0,0.25,0.0
GBR,United Kingdom,2007,0.0179,0.1667,0.0333,0.0,0.25,0.0
GBR,United Kingdom,2008,0.0179,0.1667,0.0333,0.0,0.25,0.0
GBR,United Kingdom,2009,0.0179,0.1667,0.0333,0.0,0.25,0.0
GBR,United Kingdom,2010,0.0179,0.1667,0.0333,0.0,0.25,0.0
GBR,United Kingdom,2011,0.0179,0.1667,0.0333,0.0,0.25,0.0
GBR,United Kingdom,2012,0.0179,0.1667,0.0333,0.0,0.25,0.0
GBR,United Kingdom,2013,0.0893,0.3333,0.1,0.0769,0.5,0.0
GBR,United Kingdom,2014,0.1071,0.3333,0.1,0.1154,0.5,0.0
GBR,United Kingdom,2015,0.1071,0.3333,0.1,0.1154,0.5,0.0
GBR,United Kingdom,2016,0.1071,0.3333,0.1,0.1154,0.5,0.0
GBR,United Kingdom,2017,0.1071,0.3333,0.1,0.1154,0.5,0.0
GBR,United Kingdom,2018,0.1071,0.3333,0.1,0.1154,0.5,0.0
GBR,United Kingdom,2019,0.1071,0.3333,0.1,0.1154,0.5,0.0
GBR,United Kingdom,2020,0.1071,0.3333,0.1,0.1154,0.5,0.0
GBR,United Kingdom,2021,0.1071,0.3333,0.1,0.1154,0.5,0.0
GBR,United Kingdom,2022,0.1071,0.3333,0.1,0.1154,0.5,0.0
GBR,United Kingdom,2023,0.1071,0.3333,0.1,0.1154,0.5,0.0
GEO,Georgia,1999,0.2,0.0,0.25,0.1364,0.0,0.0
GEO,Georgia,2000,0.2,0.0,0.25,0.1364,0.0,0.0
GEO,Georgia,2001,0.1569,0.0,0.1429,0.1739,0.0,0.0
GEO,Georgia,2002,0.0784,0.0,0.0714,0.087,0.0,0.0
GEO,Georgia,2003,0.0784,0.0,0.0714,0.087,0.0,0.0
GEO,Georgia,2004,0.0784,0.0,0.0714,0.087,0.0,0.0
GEO,Georgia,2005,0.0784,0.0,0.0714,0.087,0.0,0.0
GEO,Georgia,2006,0.0714,0.0,0.0667,0.0769,0.0,0.0
GEO,Georgia,2007,0.0179,0.0,0.0,0.0385,0.0,0.0
GEO,Georgia,2008,0.0179,0.0,0.0,0.0385,0.0,0.0
GEO,Georgia,2009,0.0536,0.0,0.0,0.1154,0.0,0.0
GEO,Georgia,2010,0.0714,0.0,0.0,0.1538,0.0,0.0
GEO,Georgia,2011,0.0714,0.0,0.0,0.1538,0.0,0.0
GEO,Georgia,2012,0.0714,0.3333,0.0667,0.0769,0.5,0.0
GEO,Georgia,2013,0.0893,0.3333,0.1,0.0769,0.5,0.0
GEO,Georgia,2014,0.0893,0.3333,0.1,0.0769,0.5,0.0
GEO,Georgia,2015,0.0893,0.3333,0.1,0.0769,0.5,0.0
GEO,Georgia,2016,0.0536,0.0,0.0333,0.0769,0.0,0.0
GEO,Georgia,2017,0.0536,0.0,0.0333,0.0769,0.0,0.0
GEO,Georgia,2018,0.0714,0.1667,0.0667,0.0769,0.25,0.0
GEO,Georgia,2019,0.0714,0.1667,0.0667,0.0769,0.25,0.0
GEO,Georgia,2020,0.0714,0.1667,0.0667,0.0769,0.25,0.0
GEO,Georgia,2021,0.0714,0.1667,0.0667,0.0769,0.25,0.0
GEO,Georgia,2022,0.0714,0.1667,0.0667,0.0769,0.25,0.0
GEO,Georgia,2023,0.0714,0.1667,0.0667,0.0769,0.25,0.0
GEO,Georgia,2024,0.0714,0.1667,0.0667,0.0769,0.25,0.0
GHA,Ghana,1999,0.6981,0.6667,0.6333,0.7826,0.5,1.0
GHA,Ghana,2000,0.6981,0.6667,0.6333,0.7826,0.5,1.0
GHA,Ghana,2001,0.7037,0.6667,0.6333,0.7917,0.5,1.0
GHA,Ghana,2002,0.6111,0.5,0.5,0.75,0.25,1.0
GHA,Ghana,2003,0.6111,0.5,0.5,0.75,0.25,1.0
GHA,Ghana,2004,0.6111,0.5,0.5,0.75,0.25,1.0
GHA,Ghana,2005,0.6111,0.5,0.5,0.75,0.25,1.0
GHA,Ghana,2006,0.25,0.1667,0.1667,0.3462,0.25,0.0
GHA,Ghana,2007,0.25,0.1667,0.1667,0.3462,0.25,0.0
GHA,Ghana,2008,0.2857,0.3333,0.2,0.3846,0.5,0.0
GHA,Ghana,2009,0.2857,0.3333,0.2,0.3846,0.5,0.0
GHA,Ghana,2010,0.2857,0.3333,0.2,0.3846,0.5,0.0
GHA,Ghana,2011,0.2857,0.3333,0.2,0.3846,0.5,0.0
GHA,Ghana,2012,0.2857,0.3333,0.2,0.3846,0.5,0.0
GHA,Ghana,2013,0.2857,0.3333,0.2,0.3846,0.5,0.0
GHA,Ghana,2014,0.2857,0.3333,0.2,0.3846,0.5,0.0
GHA,Ghana,2015,0.2857,0.3333,0.2,0.3846,0.5,0.0
GHA,Ghana,2016,0.2857,0.3333,0.2,0.3846,0.5,0.0
GHA,Ghana,2017,0.2857,0.3333,0.2,0.3846,0.5,0.0
GHA,Ghana,2018,0.2857,0.3333,0.2,0.3846,0.5,0.0
GHA,Ghana,2019,0.2857,0.3333,0.2,0.3846,0.5,0.0
GHA,Ghana,2020,0.2857,0.3333,0.2,0.3846,0.5,0.0
GHA,Ghana,2021,0.2857,0.3333,0.2,0.3846,0.5,0.0
GHA,Ghana,2022,0.2857,0.3333,0.2,0.3846,0.5,0.0
GHA,Ghana,2023,0.2857,0.3333,0.2,0.3846,0.5,0.0
GIN,Guinea,1999,0.4906,0.8333,0.4667,0.5217,0.75,1.0
GIN,Guinea,2000,0.4906,0.8333,0.4667,0.5217,0.75,1.0
GIN,Guinea,2001,0.4906,0.8333,0.4667,0.5217,0.75,1.0
GIN,Guinea,2002,0.4906,0.8333,0.4667,0.5217,0.75,1.0
GIN,Guinea,2003,0.5,0.8333,0.4667,0.5417,0.75,1.0
GIN,Guinea,2004,0.5,0.8333,0.4667,0.5417,0.75,1.0
GIN,Guinea,2005,0.537,0.8333,0.4667,0.625,0.75,1.0
GIN,Guinea,2006,0.6111,0.8333,0.4667,0.7917,0.75,1.0
GIN,Guinea,2007,0.5926,0.6667,0.4333,0.7917,0.5,1.0
GIN,Guinea,2008,0.5926,0.6667,0.4333,0.7917,0.5,1.0
GIN,Guinea,2009,0.5926,0.6667,0.4333,0.7917,0.5,1.0
GIN,Guinea,2010,0.5926,0.6667,0.4333,0.7917,0.5,1.0
GIN,Guinea,2011,0.5926,0.6667,0.4333,0.7917,0.5,1.0
GIN,Guinea,2012,0.5926,0.6667,0.4333,0.7917,0.5,1.0
GIN,Guinea,2013,0.5926,0.6667,0.4333,0.7917,0.5,1.0
GIN,Guinea,2014,0.5926,0.6667,0.4333,0.7917,0.5,1.0
GIN,Guinea,2015,0.5926,0.6667,0.4333,0.7917,0.5,1.0
GIN,Guinea,2016,0.5926,0.6667,0.4333,0.7917,0.5,1.0
GIN,Guinea,2017,0.5926,0.6667,0.4333,0.7917,0.5,1.0
GIN,Guinea,2018,0.5926,0.6667,0.4333,0.7917,0.5,1.0
GIN,Guinea,2019,0.5926,0.6667,0.4333,0.7917,0.5,1.0
GIN,Guinea,2020,0.5926,0.6667,0.4333,0.7917,0.5,1.0
GIN,Guinea,2021,0.5926,0.6667,0.4333,0.7917,0.5,1.0
GIN,Guinea,2022,0.5926,0.6667,0.4333,0.7917,0.5,1.0
GIN,Guinea,2023,0.5926,0.6667,0.4333,0.7917,0.5,1.0
GMB,"Gambia, The",1999,0.1667,0.5,0.1852,0.1429,0.5,0.5
GMB,"Gambia, The",2000,0.1667,0.5,0.1852,0.1429,0.5,0.5
GMB,"Gambia, The",2001,0.125,0.5,0.1111,0.1429,0.5,0.5
GMB,"Gambia, The",2002,0.0566,0.0,0.0333,0.087,0.0,0.0
GMB,"Gambia, The",2003,0.0566,0.0,0.0333,0.087,0.0,0.0
GMB,"Gambia, The",2004,0.0566,0.0,0.0333,0.087,0.0,0.0
GMB,"Gambia, The",2005,0.0566,0.0,0.0333,0.087,0.0,0.0
GMB,"Gambia, The",2006,0.0545,0.0,0.0333,0.08,0.0,0.0
GMB,"Gambia, The",2007,0.0545,0.0,0.0333,0.08,0.0,0.0
GMB,"Gambia, The",2008,0.0545,0.0,0.0333,0.08,0.0,0.0
GMB,"Gambia, The",2009,0.0545,0.0,0.0333,0.08,0.0,0.0
GMB,"Gambia, The",2010,0.0545,0.0,0.0333,0.08,0.0,0.0
GMB,"Gambia, The",2011,0.0545,0.0,0.0333,0.08,0.0,0.0
GMB,"Gambia, The",2012,0.0545,0.0,0.0333,0.08,0.0,0.0
GMB,"Gambia, The",2013,0.0545,0.0,0.0333,0.08,0.0,0.0
GMB,"Gambia, The",2014,0.0357,0.0,0.0333,0.0385,0.0,0.0
GMB,"Gambia, The",2015,0.0357,0.0,0.0333,0.0385,0.0,0.0
GMB,"Gambia, The",2016,0.0536,0.0,0.0333,0.0769,0.0,0.0
GMB,"Gambia, The",2017,0.0357,0.0,0.0333,0.0385,0.0,0.0
GMB,"Gambia, The",2018,0.0357,0.0,0.0333,0.0385,0.0,0.0
GMB,"Gambia, The",2019,0.0357,0.0,0.0333,0.0385,0.0,0.0
GMB,"Gambia, The",2020,0.0357,0.0,0.0333,0.0385,0.0,0.0
GMB,"Gambia, The",2021,0.0357,0.0,0.0333,0.0385,0.0,0.0
GMB,"Gambia, The",2022,0.0357,0.0,0.0333,0.0385,0.0,0.0
GMB,"Gambia, The",2023,0.0357,0.0,0.0333,0.0385,0.0,0.0
GNB,Guinea-Bissau,1999,0.5556,0.3333,0.2692,0.9474,0.0,1.0
GNB,Guinea-Bissau,2000,0.5333,0.3333,0.2692,0.8947,0.0,1.0
GNB,Guinea-Bissau,2001,0.5333,0.3333,0.2692,0.8947,0.0,1.0
GNB,Guinea-Bissau,2002,0.5333,0.3333,0.2692,0.8947,0.0,1.0
GNB,Guinea-Bissau,2003,0.5333,0.3333,0.2692,0.8947,0.0,1.0
GNB,Guinea-Bissau,2004,0.5333,0.3333,0.2692,0.8947,0.0,1.0
GNB,Guinea-Bissau,2005,0.6078,0.6667,0.3793,0.9091,0.5,1.0
GNB,Guinea-Bissau,2006,0.6545,0.6667,0.4,0.96,0.5,1.0
GNB,Guinea-Bissau,2007,0.6545,0.6667,0.4,0.96,0.5,1.0
GNB,Guinea-Bissau,2008,0.6545,0.6667,0.4,0.96,0.5,1.0
GNB,Guinea-Bissau,2009,0.6545,0.5,0.4,0.96,0.25,1.0
GNB,Guinea-Bissau,2010,0.6607,0.5,0.4,0.9615,0.25,1.0
GNB,Guinea-Bissau,2011,0.6607,0.5,0.4,0.9615,0.25,1.0
GNB,Guinea-Bissau,2012,0.6607,0.5,0.4,0.9615,0.25,1.0
GNB,Guinea-Bissau,2013,0.6607,0.5,0.4,0.9615,0.25,1.0
GNB,Guinea-Bissau,2014,0.6607,0.5,0.4,0.9615,0.25,1.0
GNB,Guinea-Bissau,2015,0.6607,0.5,0.4,0.9615,0.25,1.0
GNB,Guinea-Bissau,2016,0.6607,0.5,0.4,0.9615,0.25,1.0
GNB,Guinea-Bissau,2017,0.6607,0.5,0.4,0.9615,0.25,1.0
GNB,Guinea-Bissau,2018,0.5714,0.5,0.2333,0.9615,0.25,1.0
GNB,Guinea-Bissau,2019,0.5714,0.5,0.2333,0.9615,0.25,1.0
GNB,Guinea-Bissau,2020,0.5714,0.5,0.2333,0.9615,0.25,1.0
GNB,Guinea-Bissau,2021,0.5714,0.5,0.2333,0.9615,0.25,1.0
GNB,Guinea-Bissau,2022,0.5714,0.5,0.2333,0.9615,0.25,1.0
GNB,Guinea-Bissau,2023,0.5714,0.5,0.2333,0.9615,0.25,1.0
GNQ,Equatorial Guinea,1999,0.7813,1.0,0.7368,0.8462,1.0,1.0
GNQ,Equatorial Guinea,2000,0.7813,1.0,0.7368,0.8462,1.0,1.0
GNQ,Equatorial Guinea,2001,0.8537,1.0,0.8095,0.9,1.0,1.0
GNQ,Equatorial Guinea,2002,0.8537,1.0,0.8095,0.9,1.0,1.0
GNQ,Equatorial Guinea,2003,0.8049,1.0,0.7619,0.85,1.0,1.0
GNQ,Equatorial Guinea,2004,0.8049,1.0,0.7619,0.85,1.0,1.0
GNQ,Equatorial Guinea,2005,0.8049,1.0,0.7619,0.85,1.0,1.0
GNQ,Equatorial Guinea,2006,0.8571,1.0,0.7143,1.0,1.0,1.0
GNQ,Equatorial Guinea,2007,0.8605,1.0,0.7143,1.0,1.0,1.0
GNQ,Equatorial Guinea,2008,0.8302,1.0,0.6786,1.0,1.0,1.0
GNQ,Equatorial Guinea,2009,0.7872,1.0,0.6,1.0,1.0,1.0
GNQ,Equatorial Guinea,2010,0.7872,1.0,0.6,1.0,1.0,1.0
GNQ,Equatorial Guinea,2011,0.7872,1.0,0.6,1.0,1.0,1.0
GNQ,Equatorial Guinea,2012,0.7917,1.0,0.6154,1.0,1.0,1.0
GNQ,Equatorial Guinea,2013,0.7708,1.0,0.6,0.9565,1.0,1.0
GNQ,Equatorial Guinea,2014,0.7708,1.0,0.6,0.9565,1.0,1.0
GNQ,Equatorial Guinea,2015,0.7708,1.0,0.6,0.9565,1.0,1.0
GNQ,Equatorial Guinea,2016,0.7708,1.0,0.6,0.9565,1.0,1.0
GNQ,Equatorial Guinea,2017,0.7708,1.0,0.6,0.9565,1.0,1.0
GNQ,Equatorial Guinea,2018,0.7708,1.0,0.6,0.9565,1.0,1.0
GNQ,Equatorial Guinea,2019,0.7292,1.0,0.6,0.8696,1.0,1.0
GNQ,Equatorial Guinea,2020,0.7292,1.0,0.6,0.8696,1.0,1.0
GNQ,Equatorial Guinea,2021,0.7292,1.0,0.6,0.8696,1.0,1.0
GNQ,Equatorial Guinea,2022,0.7292,1.0,0.6,0.8696,1.0,1.0
GNQ,Equatorial Guinea,2023,0.7292,1.0,0.6,0.8696,1.0,1.0
GRC,Greece,1999,0.1887,0.5,0.1,0.3043,0.5,0.5
GRC,Greece,2000,0.1852,0.5,0.1,0.2917,0.5,0.5
GRC,Greece,2001,0.1852,0.5,0.1,0.2917,0.5,0.5
GRC,Greece,2002,0.1852,0.5,0.1,0.2917,0.5,0.5
GRC,Greece,2003,0.1852,0.5,0.1,0.2917,0.5,0.5
GRC,Greece,2004,0.1852,0.5,0.1,0.2917,0.5,0.5
GRC,Greece,2005,0.1852,0.5,0.1,0.2917,0.5,0.5
GRC,Greece,2006,0.1786,0.5,0.1,0.2692,0.5,0.5
GRC,Greece,2007,0.1786,0.5,0.1,0.2692,0.5,0.5
GRC,Greece,2008,0.1786,0.5,0.1,0.2692,0.5,0.5
GRC,Greece,2009,0.1786,0.5,0.1,0.2692,0.5,0.5
GRC,Greece,2010,0.1786,0.5,0.1,0.2692,0.5,0.5
GRC,Greece,2011,0.1786,0.5,0.1,0.2692,0.5,0.5
GRC,Greece,2012,0.1786,0.5,0.1,0.2692,0.5,0.5
GRC,Greece,2013,0.1786,0.5,0.1,0.2692,0.5,0.5
GRC,Greece,2014,0.1786,0.5,0.1,0.2692,0.5,0.5
GRC,Greece,2015,0.5,0.8333,0.4333,0.5769,0.75,1.0
GRC,Greece,2016,0.5,0.8333,0.4333,0.5769,0.75,1.0
GRC,Greece,2017,0.5,0.8333,0.4333,0.5769,0.75,1.0
GRC,Greece,2018,0.5,0.8333,0.4333,0.5769,0.75,1.0
GRC,Greece,2019,0.1071,0.3333,0.1,0.1154,0.5,0.0
GRC,Greece,2020,0.1071,0.3333,0.1,0.1154,0.5,0.0
GRC,Greece,2021,0.1071,0.3333,0.1,0.1154,0.5,0.0
GRC,Greece,2022,0.1071,0.3333,0.1,0.1154,0.5,0.0
GRC,Greece,2023,0.1071,0.3333,0.1,0.1154,0.5,0.0
GRC,Greece,2024,0.1071,0.3333,0.1,0.1154,0.5,0.0
GRD,Grenada,1999,0.65,0.6667,0.3684,0.9048,0.5,1.0
GRD,Grenada,2000,0.65,0.6667,0.3684,0.9048,0.5,1.0
GRD,Grenada,2001,0.65,0.6667,0.3684,0.9048,0.5,1.0
GRD,Grenada,2002,0.65,0.6667,0.3684,0.9048,0.5,1.0
GRD,Grenada,2003,0.65,0.6667,0.3684,0.9048,0.5,1.0
GRD,Grenada,2004,0.65,0.6667,0.3684,0.9048,0.5,1.0
GRD,Grenada,2005,0.65,0.6667,0.3684,0.9048,0.5,1.0
GRD,Grenada,2006,0.65,0.6667,0.3684,0.9048,0.5,1.0
GRD,Grenada,2007,0.65,0.6667,0.3684,0.9048,0.5,1.0
GRD,Grenada,2008,0.6182,0.6667,0.5,0.76,0.75,0.5
GRD,Grenada,2009,0.6182,0.6667,0.5,0.76,0.75,0.5
GRD,Grenada,2010,0.6182,0.6667,0.5,0.76,0.75,0.5
GRD,Grenada,2011,0.6182,0.6667,0.5,0.76,0.75,0.5
GRD,Grenada,2012,0.6182,0.6667,0.5,0.76,0.75,0.5
GRD,Grenada,2013,0.6182,0.6667,0.5,0.76,0.75,0.5
GRD,Grenada,2014,0.6182,0.6667,0.5,0.76,0.75,0.5
GRD,Grenada,2015,0.6182,0.6667,0.5,0.76,0.75,0.5
GRD,Grenada,2016,0.6182,0.6667,0.5,0.76,0.75,0.5
GRD,Grenada,2017,0.6071,0.6667,0.5,0.7308,0.75,0.5
GRD,Grenada,2018,0.6071,0.6667,0.5,0.7308,0.75,0.5
GRD,Grenada,2019,0.6071,0.6667,0.5,0.7308,0.75,0.5
GRD,Grenada,2020,0.6071,0.6667,0.5,0.7308,0.75,0.5
GRD,Grenada,2021,0.6071,0.6667,0.5,0.7308,0.75,0.5
GRD,Grenada,2022,0.6071,0.6667,0.5,0.7308,0.75,0.5
GRD,Grenada,2023,0.6071,0.6667,0.5,0.7308,0.75,0.5
GTM,Guatemala,1999,0.1698,0.1667,0.1,0.2609,0.25,0.0
GTM,Guatemala,2000,0.1887,0.1667,0.1333,0.2609,0.25,0.0
GTM,Guatemala,2001,0.0926,0.1667,0.1333,0.0417,0.25,0.0
GTM,Guatemala,2002,0.0556,0.1667,0.0667,0.0417,0.25,0.0
GTM,Guatemala,2003,0.0556,0.1667,0.0667,0.0417,0.25,0.0
GTM,Guatemala,2004,0.037,0.0,0.0333,0.0417,0.0,0.0
GTM,Guatemala,2005,0.037,0.0,0.0333,0.0417,0.0,0.0
GTM,Guatemala,2006,0.0357,0.0,0.0333,0.0385,0.0,0.0
GTM,Guatemala,2007,0.0357,0.0,0.0333,0.0385,0.0,0.0
GTM,Guatemala,2008,0.0357,0.0,0.0333,0.0385,0.0,0.0
GTM,Guatemala,2009,0.0357,0.0,0.0333,0.0385,0.0,0.0
GTM,Guatemala,2010,0.0357,0.0,0.0333,0.0385,0.0,0.0
GTM,Guatemala,2011,0.0357,0.0,0.0333,0.0385,0.0,0.0
GTM,Guatemala,2012,0.0357,0.0,0.0333,0.0385,0.0,0.0
GTM,Guatemala,2013,0.0357,0.0,0.0333,0.0385,0.0,0.0
GTM,Guatemala,2014,0.0357,0.0,0.0333,0.0385,0.0,0.0
GTM,Guatemala,2015,0.0357,0.0,0.0333,0.0385,0.0,0.0
GTM,Guatemala,2016,0.0714,0.1667,0.0667,0.0769,0.25,0.0
GTM,Guatemala,2017,0.0893,0.1667,0.1,0.0769,0.25,0.0
GTM,Guatemala,2018,0.0893,0.1667,0.1,0.0769,0.25,0.0
GTM,Guatemala,2019,0.0893,0.1667,0.1,0.0769,0.25,0.0
GTM,Guatemala,2020,0.0893,0.1667,0.1,0.0769,0.25,0.0
GTM,Guatemala,2021,0.0893,0.1667,0.1,0.0769,0.25,0.0
GTM,Guatemala,2022,0.0893,0.1667,0.1,0.0769,0.25,0.0
GTM,Guatemala,2023,0.0893,0.1667,0.1,0.0769,0.25,0.0
GTM,Guatemala,2024,0.0893,0.1667,0.1,0.0769,0.25,0.0
GUY,Guyana,1999,0.1321,0.0,0.1333,0.1304,0.0,0.0
GUY,Guyana,2000,0.1296,0.0,0.1,0.1667,0.0,0.0
GUY,Guyana,2001,0.1296,0.0,0.1,0.1667,0.0,0.0
GUY,Guyana,2002,0.1296,0.0,0.1,0.1667,0.0,0.0
GUY,Guyana,2003,0.1296,0.0,0.1,0.1667,0.0,0.0
GUY,Guyana,2004,0.1296,0.0,0.1,0.1667,0.0,0.0
GUY,Guyana,2005,0.1296,0.0,0.1,0.1667,0.0,0.0
GUY,Guyana,2006,0.1296,0.0,0.1,0.1667,0.0,0.0
GUY,Guyana,2007,0.1296,0.0,0.1,0.1667,0.0,0.0
GUY,Guyana,2008,0.1296,0.0,0.1,0.1667,0.0,0.0
GUY,Guyana,2009,0.1296,0.0,0.1,0.1667,0.0,0.0
GUY,Guyana,2010,0.1296,0.0,0.1,0.1667,0.0,0.0
GUY,Guyana,2011,0.1296,0.0,0.1,0.1667,0.0,0.0
GUY,Guyana,2012,0.1273,0.0,0.1,0.16,0.0,0.0
GUY,Guyana,2013,0.1273,0.0,0.1,0.16,0.0,0.0
GUY,Guyana,2014,0.1273,0.0,0.1,0.16,0.0,0.0
GUY,Guyana,2015,0.1455,0.0,0.1333,0.16,0.0,0.0
GUY,Guyana,2016,0.1455,0.0,0.1333,0.16,0.0,0.0
GUY,Guyana,2017,0.2364,0.0,0.2333,0.24,0.0,0.0
GUY,Guyana,2018,0.2364,0.0,0.2333,0.24,0.0,0.0
GUY,Guyana,2019,0.1964,0.0,0.1667,0.2308,0.0,0.0
GUY,Guyana,2020,0.1964,0.0,0.1667,0.2308,0.0,0.0
GUY,Guyana,2021,0.1964,0.0,0.1333,0.2692,0.0,0.0
GUY,Guyana,2022,0.2857,0.0,0.1333,0.4615,0.0,0.0
GUY,Guyana,2023,0.2857,0.0,0.1333,0.4615,0.0,0.0
HKG,Hong Kong SAR,1999,0.0,0.0,0.0,0.0,0.0,0.0
HKG,Hong Kong SAR,2000,0.0,0.0,0.0,0.0,0.0,0.0
HKG,Hong Kong SAR,2001,0.0,0.0,0.0,0.0,0.0,0.0
HKG,Hong Kong SAR,2002,0.0,0.0,0.0,0.0,0.0,0.0
HKG,Hong Kong SAR,2003,0.0,0.0,0.0,0.0,0.0,0.0
HKG,Hong Kong SAR,2004,0.0,0.0,0.0,0.0,0.0,0.0
HKG,Hong Kong SAR,2005,0.0,0.0,0.0,0.0,0.0,0.0
HKG,Hong Kong SAR,2006,0.0357,0.0,0.0333,0.0385,0.0,0.0
HKG,Hong Kong SAR,2007,0.0357,0.0,0.0333,0.0385,0.0,0.0
HKG,Hong Kong SAR,2008,0.0357,0.0,0.0333,0.0385,0.0,0.0
HKG,Hong Kong SAR,2009,0.0893,0.5,0.0667,0.1154,0.25,1.0
HKG,Hong Kong SAR,2010,0.0,0.0,0.0,0.0,0.0,0.0
HKG,Hong Kong SAR,2011,0.0,0.0,0.0,0.0,0.0,0.0
HKG,Hong Kong SAR,2012,0.0,0.0,0.0,0.0,0.0,0.0
HKG,Hong Kong SAR,2013,0.0,0.0,0.0,0.0,0.0,0.0
HKG,Hong Kong SAR,2014,0.0179,0.1667,0.0333,0.0,0.25,0.0
HKG,Hong Kong SAR,2015,0.0179,0.1667,0.0333,0.0,0.25,0.0
HKG,Hong Kong SAR,2016,0.0179,0.1667,0.0333,0.0,0.25,0.0
HKG,Hong Kong SAR,2017,0.0179,0.1667,0.0333,0.0,0.25,0.0
HKG,Hong Kong SAR,2018,0.0179,0.1667,0.0333,0.0,0.25,0.0
HKG,Hong Kong SAR,2019,0.0179,0.1667,0.0333,0.0,0.25,0.0
HKG,Hong Kong SAR,2020,0.0179,0.1667,0.0333,0.0,0.25,0.0
HKG,Hong Kong SAR,2021,0.0179,0.1667,0.0333,0.0,0.25,0.0
HKG,Hong Kong SAR,2022,0.0179,0.1667,0.0333,0.0,0.25,0.0
HKG,Hong Kong SAR,2023,0.0179,0.1667,0.0333,0.0,0.25,0.0
HKG,Hong Kong SAR,2024,0.0179,0.1667,0.0333,0.0,0.25,0.0
HND,Honduras,1999,0.1887,0.3333,0.2333,0.1304,0.5,0.0
HND,Honduras,2000,0.2037,0.3333,0.2333,0.1667,0.5,0.0
HND,Honduras,2001,0.2037,0.3333,0.2333,0.1667,0.5,0.0
HND,Honduras,2002,0.2407,0.3333,0.2333,0.25,0.5,0.0
HND,Honduras,2003,0.2222,0.3333,0.2,0.25,0.5,0.0
HND,Honduras,2004,0.2222,0.3333,0.2,0.25,0.5,0.0
HND,Honduras,2005,0.2222,0.3333,0.2,0.25,0.5,0.0
HND,Honduras,2006,0.25,0.3333,0.2,0.3077,0.5,0.0
HND,Honduras,2007,0.2143,0.3333,0.2,0.2308,0.5,0.0
HND,Honduras,2008,0.25,0.3333,0.2667,0.2308,0.5,0.0
HND,Honduras,2009,0.25,0.3333,0.2667,0.2308,0.5,0.0
HND,Honduras,2010,0.3393,0.3333,0.3333,0.3462,0.5,0.0
HND,Honduras,2011,0.4286,0.3333,0.3667,0.5,0.5,0.0
HND,Honduras,2012,0.4286,0.3333,0.3667,0.5,0.5,0.0
HND,Honduras,2013,0.4286,0.3333,0.3667,0.5,0.5,0.0
HND,Honduras,2014,0.4286,0.3333,0.3667,0.5,0.5,0.0
HND,Honduras,2015,0.4286,0.3333,0.3667,0.5,0.5,0.0
HND,Honduras,2016,0.4286,0.3333,0.3667,0.5,0.5,0.0
HND,Honduras,2017,0.4286,0.3333,0.3667,0.5,0.5,0.0
HND,Honduras,2018,0.4286,0.3333,0.3667,0.5,0.5,0.0
HND,Honduras,2019,0.4643,0.3333,0.3667,0.5769,0.5,0.0
HND,Honduras,2020,0.4643,0.3333,0.3667,0.5769,0.5,0.0
HND,Honduras,2021,0.4464,0.3333,0.3667,0.5385,0.5,0.0
HND,Honduras,2022,0.4464,0.3333,0.3667,0.5385,0.5,0.0
HND,Honduras,2023,0.4464,0.3333,0.3667,0.5385,0.5,0.0
HND,Honduras,2024,0.4464,0.3333,0.3667,0.5385,0.5,0.0
HRV,Croatia,1999,0.4906,0.6667,0.3667,0.6522,0.5,1.0
HRV,Croatia,2000,0.4906,0.6667,0.3667,0.6522,0.5,1.0
HRV,Croatia,2001,0.5952,0.6667,0.4583,0.7778,0.5,1.0
HRV,Croatia,2002,0.5952,0.6667,0.4583,0.7778,0.5,1.0
HRV,Croatia,2003,0.5385,0.3333,0.4828,0.6087,0.5,0.0
HRV,Croatia,2004,0.5385,0.3333,0.4828,0.6087,0.5,0.0
HRV,Croatia,2005,0.4151,0.1667,0.3667,0.4783,0.25,0.0
HRV,Croatia,2006,0.3214,0.1667,0.4,0.2308,0.25,0.0
HRV,Croatia,2007,0.3571,0.1667,0.3667,0.3462,0.25,0.0
HRV,Croatia,2008,0.3393,0.1667,0.3,0.3846,0.25,0.0
HRV,Croatia,2009,0.3393,0.1667,0.3,0.3846,0.25,0.0
HRV,Croatia,2010,0.2321,0.1667,0.2333,0.2308,0.25,0.0
HRV,Croatia,2011,0.2143,0.1667,0.2,0.2308,0.25,0.0
HRV,Croatia,2012,0.2143,0.1667,0.2,0.2308,0.25,0.0
HRV,Croatia,2013,0.2321,0.1667,0.2333,0.2308,0.25,0.0
HRV,Croatia,2014,0.2143,0.1667,0.2333,0.1923,0.25,0.0
HRV,Croatia,2015,0.2143,0.1667,0.2333,0.1923,0.25,0.0
HRV,Croatia,2016,0.2143,0.1667,0.2333,0.1923,0.25,0.0
HRV,Croatia,2017,0.2143,0.1667,0.2333,0.1923,0.25,0.0
HRV,Croatia,2018,0.2143,0.1667,0.2333,0.1923,0.25,0.0
HRV,Croatia,2019,0.2143,0.1667,0.2333,0.1923,0.25,0.0
HRV,Croatia,2020,0.2321,0.3333,0.2667,0.1923,0.5,0.0
HRV,Croatia,2021,0.2321,0.3333,0.2667,0.1923,0.5,0.0
HRV,Croatia,2022,0.2321,0.3333,0.2667,0.1923,0.5,0.0
HRV,Croatia,2023,0.2321,0.3333,0.2667,0.1923,0.5,0.0
HTI,Haiti,1999,0.0833,1.0,0.1667,0.0,1.0,
HTI,Haiti,2000,0.0833,1.0,0.1667,0.0,1.0,
HTI,Haiti,2001,0.0833,1.0,0.1667,0.0,1.0,
HTI,Haiti,2002,0.0833,1.0,0.1667,0.0,1.0,
HTI,Haiti,2003,0.0,0.0,0.0,0.0,0.0,0.0
HTI,Haiti,2004,0.0,0.0,0.0,0.0,0.0,0.0
HTI,Haiti,2005,0.0222,0.0,0.0,0.0455,0.0,0.0
HTI,Haiti,2006,0.0213,0.0,0.0,0.0417,0.0,0.0
HTI,Haiti,2007,0.0213,0.0,0.0,0.0417,0.0,0.0
HTI,Haiti,2008,0.0182,0.0,0.0,0.0385,0.0,0.0
HTI,Haiti,2009,0.0182,0.0,0.0,0.0385,0.0,0.0
HTI,Haiti,2010,0.0179,0.0,0.0,0.0385,0.0,0.0
HTI,Haiti,2011,0.0179,0.0,0.0,0.0385,0.0,0.0
HTI,Haiti,2012,0.0179,0.0,0.0,0.0385,0.0,0.0
HTI,Haiti,2013,0.0179,0.0,0.0,0.0385,0.0,0.0
HTI,Haiti,2014,0.0179,0.0,0.0,0.0385,0.0,0.0
HTI,Haiti,2015,0.0893,0.0,0.0,0.1923,0.0,0.0
HTI,Haiti,2016,0.0893,0.0,0.0,0.1923,0.0,0.0
HTI,Haiti,2017,0.0893,0.0,0.0,0.1923,0.0,0.0
HTI,Haiti,2018,0.0893,0.0,0.0,0.1923,0.0,0.0
HTI,Haiti,2019,0.0893,0.0,0.0,0.1923,0.0,0.0
HTI,Haiti,2020,0.0893,0.0,0.0,0.1923,0.0,0.0
HTI,Haiti,2021,0.1071,0.0,0.0,0.2308,0.0,0.0
HTI,Haiti,2022,0.0357,0.0,0.0,0.0769,0.0,0.0
HTI,Haiti,2023,0.0357,0.0,0.0,0.0769,0.0,0.0
HUN,Hungary,1999,0.64,0.5,0.5556,0.7391,0.5,0.5
HUN,Hungary,2000,0.5,0.1667,0.4,0.625,0.25,0.0
HUN,Hungary,2001,0.0926,0.1667,0.0333,0.1667,0.25,0.0
HUN,Hungary,2002,0.0926,0.1667,0.0333,0.1667,0.25,0.0
HUN,Hungary,2003,0.1111,0.3333,0.0333,0.2083,0.25,0.5
HUN,Hungary,2004,0.1111,0.3333,0.0333,0.2083,0.25,0.5
HUN,Hungary,2005,0.1481,0.5,0.1,0.2083,0.5,0.5
HUN,Hungary,2006,0.1964,0.5,0.1,0.3077,0.5,0.5
HUN,Hungary,2007,0.1964,0.5,0.1,0.3077,0.5,0.5
HUN,Hungary,2008,0.1964,0.5,0.1,0.3077,0.5,0.5
HUN,Hungary,2009,0.1455,0.6,0.0667,0.24,0.5,1.0
HUN,Hungary,2010,0.1636,0.6,0.1,0.24,0.5,1.0
HUN,Hungary,2011,0.1636,0.6,0.1,0.24,0.5,1.0
HUN,Hungary,2012,0.1636,0.6,0.1,0.24,0.5,1.0
HUN,Hungary,2013,0.1607,0.5,0.1,0.2308,0.5,0.5
HUN,Hungary,2014,0.1607,0.5,0.1,0.2308,0.5,0.5
HUN,Hungary,2015,0.1607,0.5,0.1,0.2308,0.5,0.5
HUN,Hungary,2016,0.1607,0.5,0.1,0.2308,0.5,0.5
HUN,Hungary,2017,0.1607,0.5,0.1,0.2308,0.5,0.5
HUN,Hungary,2018,0.1607,0.5,0.1,0.2308,0.5,0.5
HUN,Hungary,2019,0.1607,0.5,0.1,0.2308,0.5,0.5
HUN,Hungary,2020,0.1607,0.5,0.1,0.2308,0.5,0.5
HUN,Hungary,2021,0.1607,0.5,0.1,0.2308,0.5,0.5
HUN,Hungary,2022,0.1786,0.5,0.1333,0.2308,0.5,0.5
HUN,Hungary,2023,0.1964,0.5,0.1667,0.2308,0.5,0.5
IDN,Indonesia,1999,0.3673,0.5,0.3929,0.3333,0.75,0.0
IDN,Indonesia,2000,0.4118,0.5,0.4138,0.4091,0.75,0.0
IDN,Indonesia,2001,0.4314,0.5,0.4483,0.4091,0.75,0.0
IDN,Indonesia,2002,0.4314,0.5,0.4483,0.4091,0.75,0.0
IDN,Indonesia,2003,0.4038,0.5,0.4138,0.3913,0.75,0.0
IDN,Indonesia,2004,0.4038,0.5,0.4138,0.3913,0.75,0.0
IDN,Indonesia,2005,0.4038,0.5,0.4138,0.3913,0.75,0.0
IDN,Indonesia,2006,0.4182,0.5,0.4333,0.4,0.75,0.0
IDN,Indonesia,2007,0.4182,0.5,0.4333,0.4,0.75,0.0
IDN,Indonesia,2008,0.4286,0.5,0.4333,0.4231,0.75,0.0
IDN,Indonesia,2009,0.375,0.5,0.3667,0.3846,0.75,0.0
IDN,Indonesia,2010,0.375,0.5,0.3667,0.3846,0.75,0.0
IDN,Indonesia,2011,0.375,0.5,0.3667,0.3846,0.75,0.0
IDN,Indonesia,2012,0.4107,0.5,0.3667,0.4615,0.75,0.0
IDN,Indonesia,2013,0.4107,0.5,0.3667,0.4615,0.75,0.0
IDN,Indonesia,2014,0.4107,0.5,0.3667,0.4615,0.75,0.0
IDN,Indonesia,2015,0.4107,0.5,0.3667,0.4615,0.75,0.0
IDN,Indonesia,2016,0.4643,0.5,0.4667,0.4615,0.75,0.0
IDN,Indonesia,2017,0.4643,0.5,0.4667,0.4615,0.75,0.0
IDN,Indonesia,2018,0.4821,0.5,0.4667,0.5,0.75,0.0
IDN,Indonesia,2019,0.4821,0.5,0.4667,0.5,0.75,0.0
IDN,Indonesia,2020,0.4821,0.5,0.4667,0.5,0.75,0.0
IDN,Indonesia,2021,0.4821,0.5,0.4667,0.5,0.75,0.0
IDN,Indonesia,2022,0.4821,0.5,0.4667,0.5,0.75,0.0
IDN,Indonesia,2023,0.4821,0.5,0.4667,0.5,0.75,0.0
IDN,Indonesia,2024,0.5,0.5,0.4333,0.5769,0.75,0.0
IND,India,1999,0.75,1.0,0.6667,0.8571,1.0,1.0
IND,India,2000,0.7292,1.0,0.6296,0.8571,1.0,1.0
IND,India,2001,0.7083,1.0,0.5926,0.8571,1.0,1.0
IND,India,2002,0.7143,1.0,0.6071,0.8571,1.0,1.0
IND,India,2003,0.7451,1.0,0.6429,0.8696,1.0,1.0
IND,India,2004,0.7692,1.0,0.6207,0.9565,1.0,1.0
IND,India,2005,0.7692,1.0,0.6207,0.9565,1.0,1.0
IND,India,2006,0.7736,1.0,0.6207,0.9583,1.0,1.0
IND,India,2007,0.7925,1.0,0.6552,0.9583,1.0,1.0
IND,India,2008,0.8,1.0,0.6552,0.9615,1.0,1.0
IND,India,2009,0.7818,1.0,0.6207,0.9615,1.0,1.0
IND,India,2010,0.7818,1.0,0.6207,0.9615,1.0,1.0
IND,India,2011,0.8,1.0,0.6552,0.9615,1.0,1.0
IND,India,2012,0.7778,1.0,0.6207,0.96,1.0,1.0
IND,India,2013,0.7818,1.0,0.6207,0.9615,1.0,1.0
IND,India,2014,0.7818,1.0,0.6207,0.9615,1.0,1.0
IND,India,2015,0.7818,1.0,0.6207,0.9615,1.0,1.0
IND,India,2016,0.7818,1.0,0.6207,0.9615,1.0,1.0
IND,India,2017,0.7818,1.0,0.6207,0.9615,1.0,1.0
IND,India,2018,0.7818,1.0,0.6207,0.9615,1.0,1.0
IND,India,2019,0.7818,1.0,0.6207,0.9615,1.0,1.0
IND,India,2020,0.7818,1.0,0.6207,0.9615,1.0,1.0
IND,India,2021,0.7818,1.0,0.6207,0.9615,1.0,1.0
IND,India,2022,0.7818,1.0,0.6207,0.9615,1.0,1.0
IND,India,2023,0.7818,1.0,0.6207,0.9615,1.0,1.0
IND,India,2024,0.7818,1.0,0.6207,0.9615,1.0,1.0
IRL,Ireland,1999,0.0566,0.3333,0.1,0.0,0.5,0.0
IRL,Ireland,2000,0.0556,0.3333,0.1,0.0,0.5,0.0
IRL,Ireland,2001,0.0556,0.3333,0.1,0.0,0.5,0.0
IRL,Ireland,2002,0.0556,0.3333,0.1,0.0,0.5,0.0
IRL,Ireland,2003,0.0556,0.3333,0.1,0.0,0.5,0.0
IRL,Ireland,2004,0.0556,0.3333,0.1,0.0,0.5,0.0
IRL,Ireland,2005,0.0556,0.3333,0.1,0.0,0.5,0.0
IRL,Ireland,2006,0.0536,0.3333,0.1,0.0,0.5,0.0
IRL,Ireland,2007,0.0536,0.3333,0.1,0.0,0.5,0.0
IRL,Ireland,2008,0.0536,0.3333,0.1,0.0,0.5,0.0
IRL,Ireland,2009,0.0536,0.3333,0.1,0.0,0.5,0.0
IRL,Ireland,2010,0.0536,0.3333,0.1,0.0,0.5,0.0
IRL,Ireland,2011,0.0536,0.3333,0.1,0.0,0.5,0.0
IRL,Ireland,2012,0.0536,0.3333,0.1,0.0,0.5,0.0
IRL,Ireland,2013,0.0536,0.3333,0.1,0.0,0.5,0.0
IRL,Ireland,2014,0.0536,0.3333,0.1,0.0,0.5,0.0
IRL,Ireland,2015,0.0536,0.3333,0.1,0.0,0.5,0.0
IRL,Ireland,2016,0.0536,0.3333,0.1,0.0,0.5,0.0
IRL,Ireland,2017,0.0536,0.3333,0.1,0.0,0.5,0.0
IRL,Ireland,2018,0.0536,0.3333,0.1,0.0,0.5,0.0
IRL,Ireland,2019,0.0536,0.3333,0.1,0.0,0.5,0.0
IRL,Ireland,2020,0.0536,0.3333,0.1,0.0,0.5,0.0
IRL,Ireland,2021,0.0536,0.3333,0.1,0.0,0.5,0.0
IRL,Ireland,2022,0.0536,0.3333,0.1,0.0,0.5,0.0
IRL,Ireland,2023,0.0536,0.3333,0.1,0.0,0.5,0.0
IRL,Ireland,2024,0.0536,0.3333,0.1,0.0,0.5,0.0
IRN,"Iran, Islamic Republic of",1999,0.6061,0.75,0.6111,0.6,1.0,0.5
IRN,"Iran, Islamic Republic of",2000,0.6061,0.75,0.6111,0.6,1.0,0.5
IRN,"Iran, Islamic Republic of",2001,0.5758,0.75,0.6111,0.5333,1.0,0.5
IRN,"Iran, Islamic Republic of",2002,0.4848,0.75,0.6111,0.3333,1.0,0.5
IRN,"Iran, Islamic Republic of",2003,0.5577,0.8333,0.6897,0.3913,1.0,0.5
IRN,"Iran, Islamic Republic of",2004,0.5577,0.8333,0.6552,0.4348,1.0,0.5
IRN,"Iran, Islamic Republic of",2005,0.5577,0.8333,0.6552,0.4348,1.0,0.5
IRN,"Iran, Islamic Republic of",2006,0.537,0.8333,0.6552,0.4,1.0,0.5
IRN,"Iran, Islamic Republic of",2007,0.537,0.8333,0.6552,0.4,1.0,0.5
IRN,"Iran, Islamic Republic of",2008,0.537,0.8333,0.6552,0.4,1.0,0.5
IRN,"Iran, Islamic Republic of",2009,0.537,0.8333,0.6552,0.4,1.0,0.5
IRN,"Iran, Islamic Republic of",2010,0.537,0.8333,0.6552,0.4,1.0,0.5
IRN,"Iran, Islamic Republic of",2011,0.537,0.8333,0.6552,0.4,1.0,0.5
IRN,"Iran, Islamic Republic of",2012,0.537,0.8333,0.6552,0.4,1.0,0.5
IRN,"Iran, Islamic Republic of",2013,0.3036,0.5,0.2333,0.3846,0.5,0.5
IRN,"Iran, Islamic Republic of",2014,0.3036,0.5,0.2333,0.3846,0.5,0.5
IRN,"Iran, Islamic Republic of",2015,0.3036,0.5,0.2333,0.3846,0.5,0.5
IRN,"Iran, Islamic Republic of",2016,0.3036,0.5,0.2333,0.3846,0.5,0.5
IRN,"Iran, Islamic Republic of",2017,0.3214,0.5,0.2333,0.4231,0.5,0.5
IRN,"Iran, Islamic Republic of",2018,0.3214,0.5,0.2333,0.4231,0.5,0.5
IRN,"Iran, Islamic Republic of",2019,0.3214,0.5,0.2333,0.4231,0.5,0.5
IRN,"Iran, Islamic Republic of",2020,0.3214,0.5,0.2333,0.4231,0.5,0.5
IRN,"Iran, Islamic Republic of",2021,0.3214,0.5,0.2333,0.4231,0.5,0.5
IRN,"Iran, Islamic Republic of",2022,0.3214,0.5,0.2333,0.4231,0.5,0.5
IRN,"Iran, Islamic Republic of",2023,0.3214,0.5,0.2333,0.4231,0.5,0.5
IRQ,Iraq,1999,0.5349,0.6667,0.44,0.6667,0.75,0.5
IRQ,Iraq,2000,0.5349,0.6667,0.44,0.6667,0.75,0.5
IRQ,Iraq,2001,0.5349,0.6667,0.44,0.6667,0.75,0.5
IRQ,Iraq,2002,0.5349,0.6667,0.44,0.6667,0.75,0.5
IRQ,Iraq,2003,0.5116,0.6667,0.44,0.6111,0.75,0.5
IRQ,Iraq,2004,0.1875,0.6667,0.25,0.125,1.0,0.0
IRQ,Iraq,2005,0.4375,0.6667,0.25,0.625,1.0,0.0
IRQ,Iraq,2006,0.1875,0.6667,0.25,0.125,1.0,0.0
IRQ,Iraq,2007,0.1875,0.6667,0.25,0.125,1.0,0.0
IRQ,Iraq,2008,0.0727,0.6,0.1034,0.0385,1.0,0.0
IRQ,Iraq,2009,0.1071,0.6667,0.1333,0.0769,1.0,0.0
IRQ,Iraq,2010,0.1071,0.6667,0.1333,0.0769,1.0,0.0
IRQ,Iraq,2011,0.1071,0.6667,0.1333,0.0769,1.0,0.0
IRQ,Iraq,2012,0.2857,1.0,0.2,0.3846,1.0,1.0
IRQ,Iraq,2013,0.2857,1.0,0.2,0.3846,1.0,1.0
IRQ,Iraq,2014,0.3571,1.0,0.2667,0.4615,1.0,1.0
IRQ,Iraq,2015,0.3571,1.0,0.2667,0.4615,1.0,1.0
IRQ,Iraq,2016,0.375,1.0,0.3,0.4615,1.0,1.0
IRQ,Iraq,2017,0.375,1.0,0.3,0.4615,1.0,1.0
IRQ,Iraq,2018,0.375,1.0,0.3,0.4615,1.0,1.0
IRQ,Iraq,2019,0.375,1.0,0.3,0.4615,1.0,1.0
IRQ,Iraq,2020,0.375,1.0,0.3,0.4615,1.0,1.0
IRQ,Iraq,2021,0.375,1.0,0.3,0.4615,1.0,1.0
IRQ,Iraq,2022,0.375,1.0,0.3,0.4615,1.0,1.0
IRQ,Iraq,2023,0.375,1.0,0.3,0.4615,1.0,1.0
ISL,Iceland,1999,0.1321,0.3333,0.1,0.1739,0.5,0.0
ISL,Iceland,2000,0.1509,0.3333,0.1,0.2174,0.5,0.0
ISL,Iceland,2001,0.1509,0.3333,0.1,0.2174,0.5,0.0
ISL,Iceland,2002,0.1509,0.3333,0.1,0.2174,0.5,0.0
ISL,Iceland,2003,0.1509,0.3333,0.1,0.2174,0.5,0.0
ISL,Iceland,2004,0.1509,0.3333,0.1,0.2174,0.5,0.0
ISL,Iceland,2005,0.1509,0.3333,0.1333,0.1739,0.5,0.0
ISL,Iceland,2006,0.1455,0.3333,0.1333,0.16,0.5,0.0
ISL,Iceland,2007,0.1455,0.3333,0.1333,0.16,0.5,0.0
ISL,Iceland,2008,0.6364,0.5,0.6,0.68,0.75,0.0
ISL,Iceland,2009,0.6786,0.8333,0.6333,0.7308,0.75,1.0
ISL,Iceland,2010,0.6964,0.8333,0.7,0.6923,0.75,1.0
ISL,Iceland,2011,0.6964,0.8333,0.7,0.6923,0.75,1.0
ISL,Iceland,2012,0.7143,0.8333,0.7,0.7308,0.75,1.0
ISL,Iceland,2013,0.7143,0.8333,0.7,0.7308,0.75,1.0
ISL,Iceland,2014,0.7143,0.8333,0.7,0.7308,0.75,1.0
ISL,Iceland,2015,0.7143,0.8333,0.7,0.7308,0.75,1.0
ISL,Iceland,2016,0.5714,0.8333,0.5667,0.5769,0.75,1.0
ISL,Iceland,2017,0.5179,0.6667,0.5333,0.5,0.75,0.5
ISL,Iceland,2018,0.5,0.5,0.5333,0.4615,0.75,0.0
ISL,Iceland,2019,0.1964,0.3333,0.3,0.0769,0.5,0.0
ISL,Iceland,2020,0.1429,0.3333,0.2,0.0769,0.5,0.0
ISL,Iceland,2021,0.125,0.3333,0.1667,0.0769,0.5,0.0
ISL,Iceland,2022,0.125,0.3333,0.1667,0.0769,0.5,0.0
ISL,Iceland,2023,0.125,0.3333,0.1667,0.0769,0.5,0.0
ISR,Israel,1999,0.1887,0.3333,0.0667,0.3478,0.0,1.0
ISR,Israel,2000,0.1509,0.3333,0.0333,0.3043,0.0,1.0
ISR,Israel,2001,0.1481,0.3333,0.0333,0.2917,0.0,1.0
ISR,Israel,2002,0.0,0.0,0.0,0.0,0.0,0.0
ISR,Israel,2003,0.0,0.0,0.0,0.0,0.0,0.0
ISR,Israel,2004,0.0185,0.0,0.0333,0.0,0.0,0.0
ISR,Israel,2005,0.037,0.0,0.0667,0.0,0.0,0.0
ISR,Israel,2006,0.0357,0.0,0.0667,0.0,0.0,0.0
ISR,Israel,2007,0.0179,0.0,0.0333,0.0,0.0,0.0
ISR,Israel,2008,0.0357,0.0,0.0667,0.0,0.0,0.0
ISR,Israel,2009,0.0357,0.0,0.0667,0.0,0.0,0.0
ISR,Israel,2010,0.0357,0.0,0.0667,0.0,0.0,0.0
ISR,Israel,2011,0.1071,0.3333,0.2,0.0,0.5,0.0
ISR,Israel,2012,0.1071,0.3333,0.2,0.0,0.5,0.0
ISR,Israel,2013,0.1071,0.3333,0.2,0.0,0.5,0.0
ISR,Israel,2014,0.0893,0.3333,0.1667,0.0,0.5,0.0
ISR,Israel,2015,0.0893,0.3333,0.1667,0.0,0.5,0.0
ISR,Israel,2016,0.0893,0.3333,0.1667,0.0,0.5,0.0
ISR,Israel,2017,0.0893,0.3333,0.1667,0.0,0.5,0.0
ISR,Israel,2018,0.0893,0.3333,0.1667,0.0,0.5,0.0
ISR,Israel,2019,0.0893,0.3333,0.1667,0.0,0.5,0.0
ISR,Israel,2020,0.0893,0.3333,0.1667,0.0,0.5,0.0
ISR,Israel,2021,0.0893,0.3333,0.1667,0.0,0.5,0.0
ISR,Israel,2022,0.0893,0.3333,0.1667,0.0,0.5,0.0
ISR,Israel,2023,0.0893,0.3333,0.1667,0.0,0.5,0.0
ITA,Italy,1999,0.0566,0.1667,0.0667,0.0435,0.25,0.0
ITA,Italy,2000,0.0566,0.1667,0.0667,0.0435,0.25,0.0
ITA,Italy,2001,0.0566,0.1667,0.0667,0.0435,0.25,0.0
ITA,Italy,2002,0.0566,0.1667,0.0667,0.0435,0.25,0.0
ITA,Italy,2003,0.0556,0.1667,0.0667,0.0417,0.25,0.0
ITA,Italy,2004,0.0556,0.1667,0.0667,0.0417,0.25,0.0
ITA,Italy,2005,0.037,0.1667,0.0333,0.0417,0.25,0.0
ITA,Italy,2006,0.0357,0.1667,0.0333,0.0385,0.25,0.0
ITA,Italy,2007,0.0357,0.1667,0.0333,0.0385,0.25,0.0
ITA,Italy,2008,0.0357,0.1667,0.0333,0.0385,0.25,0.0
ITA,Italy,2009,0.0357,0.1667,0.0333,0.0385,0.25,0.0
ITA,Italy,2010,0.0357,0.1667,0.0333,0.0385,0.25,0.0
ITA,Italy,2011,0.0357,0.1667,0.0333,0.0385,0.25,0.0
ITA,Italy,2012,0.0357,0.1667,0.0333,0.0385,0.25,0.0
ITA,Italy,2013,0.0357,0.1667,0.0333,0.0385,0.25,0.0
ITA,Italy,2014,0.0357,0.1667,0.0333,0.0385,0.25,0.0
ITA,Italy,2015,0.0357,0.1667,0.0333,0.0385,0.25,0.0
ITA,Italy,2016,0.0357,0.1667,0.0333,0.0385,0.25,0.0
ITA,Italy,2017,0.0357,0.1667,0.0333,0.0385,0.25,0.0
ITA,Italy,2018,0.0357,0.1667,0.0333,0.0385,0.25,0.0
ITA,Italy,2019,0.0357,0.1667,0.0333,0.0385,0.25,0.0
ITA,Italy,2020,0.0357,0.1667,0.0333,0.0385,0.25,0.0
ITA,Italy,2021,0.0357,0.1667,0.0333,0.0385,0.25,0.0
ITA,Italy,2022,0.0357,0.1667,0.0333,0.0385,0.25,0.0
ITA,Italy,2023,0.0357,0.1667,0.0333,0.0385,0.25,0.0
ITA,Italy,2024,0.0357,0.1667,0.0333,0.0385,0.25,0.0
JAM,Jamaica,1999,0.2222,0.0,0.1579,0.2941,0.0,0.0
JAM,Jamaica,2000,0.2,0.0,0.1304,0.2941,0.0,0.0
JAM,Jamaica,2001,0.2,0.0,0.1304,0.2941,0.0,0.0
JAM,Jamaica,2002,0.3333,0.0,0.24,0.45,0.0,0.0
JAM,Jamaica,2003,0.3333,0.0,0.24,0.45,0.0,0.0
JAM,Jamaica,2004,0.3111,0.0,0.2,0.45,0.0,0.0
JAM,Jamaica,2005,0.3111,0.0,0.2,0.45,0.0,0.0
JAM,Jamaica,2006,0.2979,0.0,0.2,0.4091,0.0,0.0
JAM,Jamaica,2007,0.3958,0.1667,0.36,0.4348,0.25,0.0
JAM,Jamaica,2008,0.3958,0.1667,0.36,0.4348,0.25,0.0
JAM,Jamaica,2009,0.5,0.6667,0.44,0.5652,0.75,0.5
JAM,Jamaica,2010,0.4643,0.6667,0.4,0.5385,0.75,0.5
JAM,Jamaica,2011,0.4643,0.6667,0.4,0.5385,0.75,0.5
JAM,Jamaica,2012,0.4643,0.6667,0.4,0.5385,0.75,0.5
JAM,Jamaica,2013,0.4643,0.6667,0.4,0.5385,0.75,0.5
JAM,Jamaica,2014,0.4464,0.8333,0.3333,0.5769,0.75,1.0
JAM,Jamaica,2015,0.4286,0.3333,0.3667,0.5,0.25,0.5
JAM,Jamaica,2016,0.4286,0.3333,0.3667,0.5,0.25,0.5
JAM,Jamaica,2017,0.4821,0.3333,0.3667,0.6154,0.25,0.5
JAM,Jamaica,2018,0.5,0.3333,0.3667,0.6538,0.25,0.5
JAM,Jamaica,2019,0.5,0.3333,0.3667,0.6538,0.25,0.5
JAM,Jamaica,2020,0.5,0.3333,0.3667,0.6538,0.25,0.5
JAM,Jamaica,2021,0.5,0.3333,0.3667,0.6538,0.25,0.5
JAM,Jamaica,2022,0.5179,0.3333,0.4,0.6538,0.25,0.5
JAM,Jamaica,2023,0.5179,0.3333,0.4,0.6538,0.25,0.5
JAM,Jamaica,2024,0.5179,0.3333,0.4,0.6538,0.25,0.5
JOR,Jordan,1999,0.0566,0.3333,0.0667,0.0435,0.5,0.0
JOR,Jordan,2000,0.0377,0.3333,0.0667,0.0,0.5,0.0
JOR,Jordan,2001,0.0377,0.3333,0.0667,0.0,0.5,0.0
JOR,Jordan,2002,0.0377,0.3333,0.0667,0.0,0.5,0.0
JOR,Jordan,2003,0.0566,0.3333,0.1,0.0,0.5,0.0
JOR,Jordan,2004,0.0566,0.3333,0.1,0.0,0.5,0.0
JOR,Jordan,2005,0.0377,0.3333,0.0667,0.0,0.5,0.0
JOR,Jordan,2006,0.0364,0.3333,0.0667,0.0,0.5,0.0
JOR,Jordan,2007,0.0357,0.3333,0.0667,0.0,0.5,0.0
JOR,Jordan,2008,0.0357,0.3333,0.0667,0.0,0.5,0.0
JOR,Jordan,2009,0.0357,0.3333,0.0667,0.0,0.5,0.0
JOR,Jordan,2010,0.0357,0.3333,0.0667,0.0,0.5,0.0
JOR,Jordan,2011,0.0357,0.3333,0.0667,0.0,0.5,0.0
JOR,Jordan,2012,0.0357,0.3333,0.0667,0.0,0.5,0.0
JOR,Jordan,2013,0.0357,0.3333,0.0667,0.0,0.5,0.0
JOR,Jordan,2014,0.0536,0.3333,0.1,0.0,0.5,0.0
JOR,Jordan,2015,0.0536,0.3333,0.1,0.0,0.5,0.0
JOR,Jordan,2016,0.0536,0.3333,0.1,0.0,0.5,0.0
JOR,Jordan,2017,0.0536,0.3333,0.1,0.0,0.5,0.0
JOR,Jordan,2018,0.0536,0.3333,0.1,0.0,0.5,0.0
JOR,Jordan,2019,0.0536,0.3333,0.1,0.0,0.5,0.0
JOR,Jordan,2020,0.0536,0.3333,0.1,0.0,0.5,0.0
JOR,Jordan,2021,0.0536,0.3333,0.1,0.0,0.5,0.0
JOR,Jordan,2022,0.0536,0.3333,0.1,0.0,0.5,0.0
JOR,Jordan,2023,0.0536,0.3333,0.1,0.0,0.5,0.0
JPN,Japan,1999,0.1698,0.5,0.0333,0.3478,0.25,1.0
JPN,Japan,2000,0.1667,0.5,0.0333,0.3333,0.25,1.0
JPN,Japan,2001,0.1667,0.5,0.0333,0.3333,0.25,1.0
JPN,Japan,2002,0.1667,0.5,0.0333,0.3333,0.25,1.0
JPN,Japan,2003,0.1667,0.5,0.0333,0.3333,0.25,1.0
JPN,Japan,2004,0.1667,0.5,0.0333,0.3333,0.25,1.0
JPN,Japan,2005,0.1667,0.5,0.0333,0.3333,0.25,1.0
JPN,Japan,2006,0.1607,0.5,0.0333,0.3077,0.25,1.0
JPN,Japan,2007,0.1786,0.5,0.0667,0.3077,0.25,1.0
JPN,Japan,2008,0.1786,0.5,0.0667,0.3077,0.25,1.0
JPN,Japan,2009,0.1786,0.5,0.0667,0.3077,0.25,1.0
JPN,Japan,2010,0.1786,0.5,0.0667,0.3077,0.25,1.0
JPN,Japan,2011,0.1786,0.5,0.0667,0.3077,0.25,1.0
JPN,Japan,2012,0.1786,0.5,0.0667,0.3077,0.25,1.0
JPN,Japan,2013,0.0536,0.3333,0.0667,0.0385,0.25,0.5
JPN,Japan,2014,0.0536,0.3333,0.0667,0.0385,0.25,0.5
JPN,Japan,2015,0.0536,0.3333,0.0667,0.0385,0.25,0.5
JPN,Japan,2016,0.0536,0.3333,0.0667,0.0385,0.25,0.5
JPN,Japan,2017,0.0536,0.3333,0.0667,0.0385,0.25,0.5
JPN,Japan,2018,0.0536,0.3333,0.0667,0.0385,0.25,0.5
JPN,Japan,2019,0.0536,0.3333,0.0667,0.0385,0.25,0.5
JPN,Japan,2020,0.0536,0.3333,0.0667,0.0385,0.25,0.5
JPN,Japan,2021,0.0714,0.3333,0.0667,0.0769,0.25,0.5
JPN,Japan,2022,0.1071,0.3333,0.0667,0.1538,0.25,0.5
JPN,Japan,2023,0.1071,0.3333,0.0667,0.1538,0.25,0.5
KAZ,Kazakhstan,1999,0.6604,0.8333,0.5333,0.8261,0.75,1.0
KAZ,Kazakhstan,2000,0.6415,1.0,0.5667,0.7391,1.0,1.0
KAZ,Kazakhstan,2001,0.6415,1.0,0.5667,0.7391,1.0,1.0
KAZ,Kazakhstan,2002,0.7407,0.8333,0.7333,0.75,0.75,1.0
KAZ,Kazakhstan,2003,0.7037,0.8333,0.6667,0.75,0.75,1.0
KAZ,Kazakhstan,2004,0.7407,0.8333,0.7333,0.75,0.75,1.0
KAZ,Kazakhstan,2005,0.7407,0.8333,0.7333,0.75,0.75,1.0
KAZ,Kazakhstan,2006,0.7143,0.8333,0.6667,0.7692,0.75,1.0
KAZ,Kazakhstan,2007,0.6607,0.8333,0.6,0.7308,0.75,1.0
KAZ,Kazakhstan,2008,0.6607,0.8333,0.6,0.7308,0.75,1.0
KAZ,Kazakhstan,2009,0.625,0.8333,0.6,0.6538,0.75,1.0
KAZ,Kazakhstan,2010,0.5,0.3333,0.3667,0.6538,0.25,0.5
KAZ,Kazakhstan,2011,0.5,0.3333,0.3667,0.6538,0.25,0.5
KAZ,Kazakhstan,2012,0.4643,0.3333,0.3333,0.6154,0.25,0.5
KAZ,Kazakhstan,2013,0.4821,0.3333,0.3667,0.6154,0.25,0.5
KAZ,Kazakhstan,2014,0.4821,0.3333,0.3667,0.6154,0.25,0.5
KAZ,Kazakhstan,2015,0.4643,0.3333,0.3667,0.5769,0.25,0.5
KAZ,Kazakhstan,2016,0.4643,0.3333,0.3667,0.5769,0.25,0.5
KAZ,Kazakhstan,2017,0.4286,0.3333,0.3,0.5769,0.25,0.5
KAZ,Kazakhstan,2018,0.3929,0.3333,0.2667,0.5385,0.25,0.5
KAZ,Kazakhstan,2019,0.1786,0.0,0.0667,0.3077,0.0,0.0
KAZ,Kazakhstan,2020,0.5893,0.8333,0.5,0.6923,0.75,1.0
KAZ,Kazakhstan,2021,0.5714,0.8333,0.5,0.6538,0.75,1.0
KAZ,Kazakhstan,2022,0.5714,0.8333,0.5,0.6538,0.75,1.0
KAZ,Kazakhstan,2023,0.5536,0.8333,0.5,0.6154,0.75,1.0
KEN,Kenya,1999,0.2642,0.1667,0.3,0.2174,0.25,0.0
KEN,Kenya,2000,0.2642,0.1667,0.3,0.2174,0.25,0.0
KEN,Kenya,2001,0.2453,0.1667,0.2667,0.2174,0.25,0.0
KEN,Kenya,2002,0.2453,0.1667,0.2667,0.2174,0.25,0.0
KEN,Kenya,2003,0.2453,0.1667,0.2667,0.2174,0.25,0.0
KEN,Kenya,2004,0.2453,0.1667,0.2667,0.2174,0.25,0.0
KEN,Kenya,2005,0.2264,0.1667,0.2333,0.2174,0.25,0.0
KEN,Kenya,2006,0.2182,0.1667,0.2333,0.2,0.25,0.0
KEN,Kenya,2007,0.2182,0.1667,0.2333,0.2,0.25,0.0
KEN,Kenya,2008,0.1964,0.1667,0.2,0.1923,0.25,0.0
KEN,Kenya,2009,0.2143,0.3333,0.2333,0.1923,0.5,0.0
KEN,Kenya,2010,0.2143,0.3333,0.2333,0.1923,0.5,0.0
KEN,Kenya,2011,0.2143,0.3333,0.2333,0.1923,0.5,0.0
KEN,Kenya,2012,0.2143,0.3333,0.2333,0.1923,0.5,0.0
KEN,Kenya,2013,0.2143,0.3333,0.2333,0.1923,0.5,0.0
KEN,Kenya,2014,0.2143,0.3333,0.2333,0.1923,0.5,0.0
KEN,Kenya,2015,0.2143,0.3333,0.2333,0.1923,0.5,0.0
KEN,Kenya,2016,0.2143,0.3333,0.2333,0.1923,0.5,0.0
KEN,Kenya,2017,0.2143,0.3333,0.2333,0.1923,0.5,0.0
KEN,Kenya,2018,0.2143,0.3333,0.2333,0.1923,0.5,0.0
KEN,Kenya,2019,0.2143,0.5,0.2,0.2308,0.5,0.5
KEN,Kenya,2020,0.3036,0.5,0.2,0.4231,0.5,0.5
KEN,Kenya,2021,0.3036,0.5,0.2,0.4231,0.5,0.5
KEN,Kenya,2022,0.3036,0.5,0.2,0.4231,0.5,0.5
KEN,Kenya,2023,0.3036,0.5,0.2,0.4231,0.5,0.5
KGZ,Kyrgyz Republic,1999,0.2449,0.1667,0.2857,0.1905,0.25,0.0
KGZ,Kyrgyz Republic,2000,0.3148,0.1667,0.3667,0.25,0.25,0.0
KGZ,Kyrgyz Republic,2001,0.26,0.1667,0.3214,0.1818,0.25,0.0
KGZ,Kyrgyz Republic,2002,0.26,0.1667,0.3214,0.1818,0.25,0.0
KGZ,Kyrgyz Republic,2003,0.26,0.1667,0.3214,0.1818,0.25,0.0
KGZ,Kyrgyz Republic,2004,0.26,0.1667,0.3214,0.1818,0.25,0.0
KGZ,Kyrgyz Republic,2005,0.26,0.1667,0.3214,0.1818,0.25,0.0
KGZ,Kyrgyz Republic,2006,0.25,0.1667,0.3214,0.1667,0.25,0.0
KGZ,Kyrgyz Republic,2007,0.1346,0.1667,0.1429,0.125,0.25,0.0
KGZ,Kyrgyz Republic,2008,0.1538,0.3333,0.1786,0.125,0.5,0.0
KGZ,Kyrgyz Republic,2009,0.2692,0.3333,0.25,0.2917,0.5,0.0
KGZ,Kyrgyz Republic,2010,0.2692,0.3333,0.25,0.2917,0.5,0.0
KGZ,Kyrgyz Republic,2011,0.2692,0.3333,0.25,0.2917,0.5,0.0
KGZ,Kyrgyz Republic,2012,0.2692,0.3333,0.25,0.2917,0.5,0.0
KGZ,Kyrgyz Republic,2013,0.3269,0.3333,0.3571,0.2917,0.5,0.0
KGZ,Kyrgyz Republic,2014,0.3077,0.3333,0.2857,0.3333,0.5,0.0
KGZ,Kyrgyz Republic,2015,0.2642,0.3333,0.1786,0.36,0.5,0.0
KGZ,Kyrgyz Republic,2016,0.3036,0.3333,0.2333,0.3846,0.5,0.0
KGZ,Kyrgyz Republic,2017,0.3036,0.3333,0.2333,0.3846,0.5,0.0
KGZ,Kyrgyz Republic,2018,0.3214,0.3333,0.2333,0.4231,0.5,0.0
KGZ,Kyrgyz Republic,2019,0.3214,0.3333,0.2333,0.4231,0.5,0.0
KGZ,Kyrgyz Republic,2020,0.3214,0.3333,0.2333,0.4231,0.5,0.0
KGZ,Kyrgyz Republic,2021,0.3036,0.3333,0.2,0.4231,0.5,0.0
KGZ,Kyrgyz Republic,2022,0.3036,0.3333,0.2,0.4231,0.5,0.0
KGZ,Kyrgyz Republic,2023,0.3036,0.3333,0.2,0.4231,0.5,0.0
KGZ,Kyrgyz Republic,2024,0.3036,0.3333,0.2,0.4231,0.5,0.0
KHM,Cambodia,1999,0.5,0.4,0.3684,0.6923,0.6667,0.0
KHM,Cambodia,2000,0.4063,0.4,0.3684,0.4615,0.6667,0.0
KHM,Cambodia,2001,0.2903,0.6,0.2222,0.3846,0.6667,0.5
KHM,Cambodia,2002,0.2903,0.6,0.2222,0.3846,0.6667,0.5
KHM,Cambodia,2003,0.25,0.5,0.2632,0.2308,0.75,0.0
KHM,Cambodia,2004,0.25,0.5,0.2632,0.2308,0.75,0.0
KHM,Cambodia,2005,0.25,0.5,0.2632,0.2308,0.75,0.0
KHM,Cambodia,2006,0.2353,0.5,0.2632,0.2,0.75,0.0
KHM,Cambodia,2007,0.2353,0.5,0.2632,0.2,0.75,0.0
KHM,Cambodia,2008,0.25,0.5,0.2273,0.2778,0.75,0.0
KHM,Cambodia,2009,0.2045,0.5,0.1818,0.2273,0.75,0.0
KHM,Cambodia,2010,0.1591,0.5,0.1818,0.1364,0.75,0.0
KHM,Cambodia,2011,0.1591,0.5,0.1818,0.1364,0.75,0.0
KHM,Cambodia,2012,0.1591,0.5,0.1818,0.1364,0.75,0.0
KHM,Cambodia,2013,0.125,0.5,0.1,0.1538,0.75,0.0
KHM,Cambodia,2014,0.125,0.5,0.1,0.1538,0.75,0.0
KHM,Cambodia,2015,0.125,0.5,0.1667,0.0769,0.75,0.0
KHM,Cambodia,2016,0.125,0.5,0.1667,0.0769,0.75,0.0
KHM,Cambodia,2017,0.125,0.5,0.1667,0.0769,0.75,0.0
KHM,Cambodia,2018,0.1429,0.5,0.2,0.0769,0.75,0.0
KHM,Cambodia,2019,0.1429,0.5,0.2,0.0769,0.75,0.0
KHM,Cambodia,2020,0.1429,0.5,0.2,0.0769,0.75,0.0
KHM,Cambodia,2021,0.1429,0.5,0.2,0.0769,0.75,0.0
KHM,Cambodia,2022,0.1429,0.5,0.2,0.0769,0.75,0.0
KHM,Cambodia,2023,0.1429,0.5,0.2,0.0769,0.75,0.0
KIR,Kiribati,1999,0.1111,1.0,0.25,0.0,1.0,
KIR,Kiribati,2000,0.7692,0.8,0.8421,0.7,1.0,0.5
KIR,Kiribati,2001,0.7692,0.8,0.8421,0.7,1.0,0.5
KIR,Kiribati,2002,0.7692,0.8,0.8421,0.7,1.0,0.5
KIR,Kiribati,2003,0.7692,0.8,0.8421,0.7,1.0,0.5
KIR,Kiribati,2004,0.7692,0.8,0.8421,0.7,1.0,0.5
KIR,Kiribati,2005,0.7692,0.8,0.8421,0.7,1.0,0.5
KIR,Kiribati,2006,0.7317,0.8,0.8421,0.6364,1.0,0.5
KIR,Kiribati,2007,0.7317,0.8,0.8421,0.6364,1.0,0.5
KIR,Kiribati,2008,0.7317,0.8,0.8421,0.6364,1.0,0.5
KIR,Kiribati,2009,0.7317,0.8,0.8421,0.6364,1.0,0.5
KIR,Kiribati,2010,0.7317,0.8,0.8421,0.6364,1.0,0.5
KIR,Kiribati,2011,0.7317,0.8,0.8421,0.6364,1.0,0.5
KIR,Kiribati,2012,0.7317,0.8,0.8421,0.6364,1.0,0.5
KIR,Kiribati,2013,0.7317,0.8,0.8421,0.6364,1.0,0.5
KIR,Kiribati,2014,0.7317,0.8,0.8421,0.6364,1.0,0.5
KIR,Kiribati,2015,0.7317,0.8,0.8421,0.6364,1.0,0.5
KIR,Kiribati,2016,0.7317,0.8,0.8421,0.6364,1.0,0.5
KIR,Kiribati,2017,0.7317,0.8,0.8421,0.6364,1.0,0.5
KIR,Kiribati,2018,0.7317,0.8,0.8421,0.6364,1.0,0.5
KIR,Kiribati,2019,0.6977,0.8,0.8,0.6087,1.0,0.5
KIR,Kiribati,2020,0.6977,0.8,0.8,0.6087,1.0,0.5
KIR,Kiribati,2021,0.6977,0.8,0.8,0.6087,1.0,0.5
KIR,Kiribati,2022,0.6977,0.8,0.8,0.6087,1.0,0.5
KIR,Kiribati,2023,0.6977,0.8,0.8,0.6087,1.0,0.5
KNA,St. Kitts and Nevis,1999,0.625,0.75,0.4667,0.7647,0.5,1.0
KNA,St. Kitts and Nevis,2000,0.625,0.75,0.4667,0.7647,0.5,1.0
KNA,St. Kitts and Nevis,2001,0.7143,0.75,0.5385,0.8667,0.5,1.0
KNA,St. Kitts and Nevis,2002,0.56,0.6667,0.3929,0.7727,0.5,1.0
KNA,St. Kitts and Nevis,2003,0.56,0.6667,0.3929,0.7727,0.5,1.0
KNA,St. Kitts and Nevis,2004,0.56,0.6667,0.3929,0.7727,0.5,1.0
KNA,St. Kitts and Nevis,2005,0.56,0.6667,0.3929,0.7727,0.5,1.0
KNA,St. Kitts and Nevis,2006,0.56,0.6667,0.3929,0.7727,0.5,1.0
KNA,St. Kitts and Nevis,2007,0.56,0.6667,0.3929,0.7727,0.5,1.0
KNA,St. Kitts and Nevis,2008,0.42,0.5,0.3214,0.5455,0.5,0.5
KNA,St. Kitts and Nevis,2009,0.42,0.5,0.3214,0.5455,0.5,0.5
KNA,St. Kitts and Nevis,2010,0.42,0.5,0.3214,0.5455,0.5,0.5
KNA,St. Kitts and Nevis,2011,0.42,0.5,0.3214,0.5455,0.5,0.5
KNA,St. Kitts and Nevis,2012,0.42,0.5,0.3214,0.5455,0.5,0.5
KNA,St. Kitts and Nevis,2013,0.42,0.5,0.3214,0.5455,0.5,0.5
KNA,St. Kitts and Nevis,2014,0.4,0.3333,0.3214,0.5,0.5,0.0
KNA,St. Kitts and Nevis,2015,0.4,0.3333,0.3214,0.5,0.5,0.0
KNA,St. Kitts and Nevis,2016,0.3846,0.3333,0.3214,0.4583,0.5,0.0
KNA,St. Kitts and Nevis,2017,0.3571,0.3333,0.3,0.4231,0.5,0.0
KNA,St. Kitts and Nevis,2018,0.3571,0.3333,0.3,0.4231,0.5,0.0
KNA,St. Kitts and Nevis,2019,0.3571,0.3333,0.3,0.4231,0.5,0.0
KNA,St. Kitts and Nevis,2020,0.3571,0.3333,0.3,0.4231,0.5,0.0
KNA,St. Kitts and Nevis,2021,0.3571,0.3333,0.3,0.4231,0.5,0.0
KNA,St. Kitts and Nevis,2022,0.3571,0.3333,0.3,0.4231,0.5,0.0
KNA,St. Kitts and Nevis,2023,0.3571,0.3333,0.3,0.4231,0.5,0.0
KOR,Korea,1999,0.5769,0.8333,0.4483,0.7391,0.75,1.0
KOR,Korea,2000,0.5577,0.6667,0.4138,0.7391,0.5,1.0
KOR,Korea,2001,0.5283,0.6667,0.4,0.6957,0.5,1.0
KOR,Korea,2002,0.537,0.5,0.4,0.7083,0.25,1.0
KOR,Korea,2003,0.537,0.5,0.4,0.7083,0.25,1.0
KOR,Korea,2004,0.5,0.5,0.3333,0.7083,0.25,1.0
KOR,Korea,2005,0.5556,0.5,0.4333,0.7083,0.25,1.0
KOR,Korea,2006,0.3036,0.5,0.1667,0.4615,0.25,1.0
KOR,Korea,2007,0.2143,0.3333,0.1333,0.3077,0.25,0.5
KOR,Korea,2008,0.0893,0.1667,0.0667,0.1154,0.25,0.0
KOR,Korea,2009,0.0893,0.1667,0.0667,0.1154,0.25,0.0
KOR,Korea,2010,0.0893,0.1667,0.0667,0.1154,0.25,0.0
KOR,Korea,2011,0.1071,0.1667,0.1,0.1154,0.25,0.0
KOR,Korea,2012,0.1071,0.1667,0.1,0.1154,0.25,0.0
KOR,Korea,2013,0.125,0.1667,0.1,0.1538,0.25,0.0
KOR,Korea,2014,0.125,0.1667,0.1,0.1538,0.25,0.0
KOR,Korea,2015,0.1071,0.1667,0.0667,0.1538,0.25,0.0
KOR,Korea,2016,0.125,0.1667,0.1,0.1538,0.25,0.0
KOR,Korea,2017,0.0714,0.1667,0.1,0.0385,0.25,0.0
KOR,Korea,2018,0.0714,0.1667,0.1,0.0385,0.25,0.0
KOR,Korea,2019,0.0714,0.1667,0.1,0.0385,0.25,0.0
KOR,Korea,2020,0.0714,0.1667,0.1,0.0385,0.25,0.0
KOR,Korea,2021,0.0714,0.1667,0.1,0.0385,0.25,0.0
KOR,Korea,2022,0.0714,0.1667,0.1,0.0385,0.25,0.0
KOR,Korea,2023,0.0714,0.1667,0.1,0.0385,0.25,0.0
KOR,Korea,2024,0.0714,0.1667,0.1,0.0385,0.25,0.0
KWT,Kuwait,1999,0.2453,0.5,0.2667,0.2174,0.75,0.0
KWT,Kuwait,2000,0.2264,0.5,0.2333,0.2174,0.75,0.0
KWT,Kuwait,2001,0.2264,0.5,0.2333,0.2174,0.75,0.0
KWT,Kuwait,2002,0.2264,0.5,0.2333,0.2174,0.75,0.0
KWT,Kuwait,2003,0.2264,0.5,0.2333,0.2174,0.75,0.0
KWT,Kuwait,2004,0.2264,0.5,0.2333,0.2174,0.75,0.0
KWT,Kuwait,2005,0.2264,0.5,0.2333,0.2174,0.75,0.0
KWT,Kuwait,2006,0.2453,0.5,0.2667,0.2174,0.75,0.0
KWT,Kuwait,2007,0.2453,0.5,0.2667,0.2174,0.75,0.0
KWT,Kuwait,2008,0.2364,0.5,0.2667,0.2,0.75,0.0
KWT,Kuwait,2009,0.2364,0.5,0.2667,0.2,0.75,0.0
KWT,Kuwait,2010,0.2364,0.5,0.2667,0.2,0.75,0.0
KWT,Kuwait,2011,0.2364,0.5,0.2667,0.2,0.75,0.0
KWT,Kuwait,2012,0.2364,0.5,0.2667,0.2,0.75,0.0
KWT,Kuwait,2013,0.2364,0.5,0.2667,0.2,0.75,0.0
KWT,Kuwait,2014,0.2727,0.5,0.2667,0.28,0.75,0.0
KWT,Kuwait,2015,0.2727,0.5,0.2667,0.28,0.75,0.0
KWT,Kuwait,2016,0.2727,0.5,0.2667,0.28,0.75,0.0
KWT,Kuwait,2017,0.2143,0.5,0.2,0.2308,0.75,0.0
KWT,Kuwait,2018,0.2143,0.5,0.2,0.2308,0.75,0.0
KWT,Kuwait,2019,0.2143,0.5,0.2,0.2308,0.75,0.0
KWT,Kuwait,2020,0.2143,0.5,0.2,0.2308,0.75,0.0
KWT,Kuwait,2021,0.2143,0.5,0.2,0.2308,0.75,0.0
KWT,Kuwait,2022,0.2143,0.5,0.2,0.2308,0.75,0.0
KWT,Kuwait,2023,0.2143,0.5,0.2,0.2308,0.75,0.0
LAO,Lao P.D.R.,1999,0.725,1.0,0.6667,0.7895,1.0,1.0
LAO,Lao P.D.R.,2000,0.75,1.0,0.6667,0.8421,1.0,1.0
LAO,Lao P.D.R.,2001,0.75,1.0,0.6667,0.8421,1.0,1.0
LAO,Lao P.D.R.,2002,0.75,1.0,0.6667,0.8421,1.0,1.0
LAO,Lao P.D.R.,2003,0.7234,0.8333,0.625,0.8261,0.75,1.0
LAO,Lao P.D.R.,2004,0.7083,0.8333,0.6,0.8261,0.75,1.0
LAO,Lao P.D.R.,2005,0.7083,0.8333,0.6,0.8261,0.75,1.0
LAO,Lao P.D.R.,2006,0.7292,0.8333,0.6,0.8696,0.75,1.0
LAO,Lao P.D.R.,2007,0.7292,0.8333,0.6,0.8696,0.75,1.0
LAO,Lao P.D.R.,2008,0.7,0.8333,0.6296,0.7826,0.75,1.0
LAO,Lao P.D.R.,2009,0.7,0.8333,0.6296,0.7826,0.75,1.0
LAO,Lao P.D.R.,2010,0.7143,0.8333,0.6,0.8333,0.75,1.0
LAO,Lao P.D.R.,2011,0.7143,0.8333,0.6,0.8333,0.75,1.0
LAO,Lao P.D.R.,2012,0.7143,0.8333,0.6,0.8333,0.75,1.0
LAO,Lao P.D.R.,2013,0.7255,0.8333,0.6154,0.84,0.75,1.0
LAO,Lao P.D.R.,2014,0.7451,0.8333,0.6154,0.88,0.75,1.0
LAO,Lao P.D.R.,2015,0.717,0.8333,0.5714,0.88,0.75,1.0
LAO,Lao P.D.R.,2016,0.7037,0.8333,0.5714,0.8462,0.75,1.0
LAO,Lao P.D.R.,2017,0.6607,0.8333,0.5333,0.8077,0.75,1.0
LAO,Lao P.D.R.,2018,0.6607,0.8333,0.5333,0.8077,0.75,1.0
LAO,Lao P.D.R.,2019,0.6607,0.8333,0.5667,0.7692,0.75,1.0
LAO,Lao P.D.R.,2020,0.6607,0.8333,0.5667,0.7692,0.75,1.0
LAO,Lao P.D.R.,2021,0.6607,0.8333,0.5667,0.7692,0.75,1.0
LAO,Lao P.D.R.,2022,0.6607,0.8333,0.5667,0.7692,0.75,1.0
LAO,Lao P.D.R.,2023,0.6964,0.6667,0.5333,0.8846,0.5,1.0
LBN,Lebanon,1999,0.2453,0.3333,0.2333,0.2609,0.5,0.0
LBN,Lebanon,2000,0.1852,0.1667,0.1333,0.25,0.25,0.0
LBN,Lebanon,2001,0.1852,0.1667,0.1333,0.25,0.25,0.0
LBN,Lebanon,2002,0.2963,0.3333,0.3,0.2917,0.5,0.0
LBN,Lebanon,2003,0.1667,0.3333,0.2333,0.0833,0.5,0.0
LBN,Lebanon,2004,0.3889,0.6667,0.4,0.375,0.5,1.0
LBN,Lebanon,2005,0.463,0.6667,0.4,0.5417,0.5,1.0
LBN,Lebanon,2006,0.4643,0.6667,0.4333,0.5,0.5,1.0
LBN,Lebanon,2007,0.4643,0.6667,0.4333,0.5,0.5,1.0
LBN,Lebanon,2008,0.4643,0.6667,0.4333,0.5,0.5,1.0
LBN,Lebanon,2009,0.4643,0.6667,0.4333,0.5,0.5,1.0
LBN,Lebanon,2010,0.4643,0.6667,0.4333,0.5,0.5,1.0
LBN,Lebanon,2011,0.4643,0.6667,0.4333,0.5,0.5,1.0
LBN,Lebanon,2012,0.4643,0.6667,0.4333,0.5,0.5,1.0
LBN,Lebanon,2013,0.4821,0.6667,0.4,0.5769,0.5,1.0
LBN,Lebanon,2014,0.4821,0.6667,0.4,0.5769,0.5,1.0
LBN,Lebanon,2015,0.4821,0.6667,0.4,0.5769,0.5,1.0
LBN,Lebanon,2016,0.4821,0.6667,0.4,0.5769,0.5,1.0
LBN,Lebanon,2017,0.4821,0.6667,0.4,0.5769,0.5,1.0
LBN,Lebanon,2018,0.4821,0.6667,0.4,0.5769,0.5,1.0
LBN,Lebanon,2019,0.4821,0.6667,0.4,0.5769,0.5,1.0
LBN,Lebanon,2020,0.4821,0.6667,0.4,0.5769,0.5,1.0
LBN,Lebanon,2021,0.4821,0.6667,0.4,0.5769,0.5,1.0
LBN,Lebanon,2022,0.4821,0.6667,0.4,0.5769,0.5,1.0
LBN,Lebanon,2023,0.4821,0.6667,0.4,0.5769,0.5,1.0
LBN,Lebanon,2024,0.4821,0.6667,0.4,0.5769,0.5,1.0
LBR,Liberia,1999,0.0377,0.3333,0.0333,0.0435,0.25,0.5
LBR,Liberia,2000,0.0377,0.3333,0.0333,0.0435,0.25,0.5
LBR,Liberia,2001,0.0377,0.3333,0.0333,0.0435,0.25,0.5
LBR,Liberia,2002,0.0377,0.3333,0.0333,0.0435,0.25,0.5
LBR,Liberia,2003,0.0377,0.3333,0.0333,0.0435,0.25,0.5
LBR,Liberia,2004,0.0377,0.3333,0.0333,0.0435,0.25,0.5
LBR,Liberia,2005,0.0185,0.0,0.0,0.0417,0.0,0.0
LBR,Liberia,2006,0.0179,0.0,0.0,0.0385,0.0,0.0
LBR,Liberia,2007,0.0179,0.0,0.0,0.0385,0.0,0.0
LBR,Liberia,2008,0.0179,0.0,0.0,0.0385,0.0,0.0
LBR,Liberia,2009,0.0536,0.0,0.0667,0.0385,0.0,0.0
LBR,Liberia,2010,0.0357,0.0,0.0333,0.0385,0.0,0.0
LBR,Liberia,2011,0.0179,0.0,0.0,0.0385,0.0,0.0
LBR,Liberia,2012,0.0179,0.0,0.0,0.0385,0.0,0.0
LBR,Liberia,2013,0.0179,0.0,0.0,0.0385,0.0,0.0
LBR,Liberia,2014,0.0179,0.0,0.0,0.0385,0.0,0.0
LBR,Liberia,2015,0.0179,0.0,0.0,0.0385,0.0,0.0
LBR,Liberia,2016,0.0357,0.0,0.0,0.0769,0.0,0.0
LBR,Liberia,2017,0.0357,0.0,0.0,0.0769,0.0,0.0
LBR,Liberia,2018,0.0357,0.0,0.0,0.0769,0.0,0.0
LBR,Liberia,2019,0.0357,0.0,0.0,0.0769,0.0,0.0
LBR,Liberia,2020,0.0357,0.0,0.0,0.0769,0.0,0.0
LBR,Liberia,2021,0.0357,0.0,0.0,0.0769,0.0,0.0
LBR,Liberia,2022,0.0357,0.0,0.0,0.0769,0.0,0.0
LBR,Liberia,2023,0.0357,0.0,0.0,0.0769,0.0,0.0
LBY,Libya,1999,0.9,1.0,0.8,1.0,1.0,1.0
LBY,Libya,2000,0.9,1.0,0.8,1.0,1.0,1.0
LBY,Libya,2001,0.8182,1.0,0.6667,1.0,1.0,1.0
LBY,Libya,2002,0.8182,1.0,0.6667,1.0,1.0,1.0
LBY,Libya,2003,0.8182,1.0,0.6667,1.0,1.0,1.0
LBY,Libya,2004,0.8182,1.0,0.6667,1.0,1.0,1.0
LBY,Libya,2005,0.7727,0.8,0.6364,0.9091,1.0,0.5
LBY,Libya,2006,0.7143,0.8,0.6364,0.8,1.0,0.5
LBY,Libya,2007,0.6667,0.8,0.5455,0.8,1.0,0.5
LBY,Libya,2008,0.6957,0.8,0.5833,0.8182,1.0,0.5
LBY,Libya,2009,0.6875,0.8333,0.6667,0.7083,1.0,0.5
LBY,Libya,2010,0.6596,0.8333,0.6667,0.6522,1.0,0.5
LBY,Libya,2011,0.6596,0.8333,0.6667,0.6522,1.0,0.5
LBY,Libya,2012,0.6596,0.8333,0.6667,0.6522,1.0,0.5
LBY,Libya,2013,0.6596,0.8333,0.6667,0.6522,1.0,0.5
LBY,Libya,2014,0.6596,0.8333,0.6667,0.6522,1.0,0.5
LBY,Libya,2015,0.6596,0.8333,0.6667,0.6522,1.0,0.5
LBY,Libya,2016,0.6596,0.8333,0.6667,0.6522,1.0,0.5
LBY,Libya,2017,0.6078,0.8333,0.5714,0.6522,1.0,0.5
LBY,Libya,2018,0.6078,0.8333,0.5714,0.6522,1.0,0.5
LBY,Libya,2019,0.5962,0.8333,0.5714,0.625,1.0,0.5
LBY,Libya,2020,0.5893,0.8333,0.5667,0.6154,1.0,0.5
LBY,Libya,2021,0.5893,0.8333,0.5667,0.6154,1.0,0.5
LBY,Libya,2022,0.5893,0.8333,0.5667,0.6154,1.0,0.5
LBY,Libya,2023,0.5893,0.8333,0.5667,0.6154,1.0,0.5
LCA,St. Lucia,1999,0.5946,0.8,0.4737,0.7222,0.6667,1.0
LCA,St. Lucia,2000,0.5946,0.8,0.4737,0.7222,0.6667,1.0
LCA,St. Lucia,2001,0.5946,0.8,0.4737,0.7222,0.6667,1.0
LCA,St. Lucia,2002,0.5946,0.8,0.4737,0.7222,0.6667,1.0
LCA,St. Lucia,2003,0.5946,0.8,0.4737,0.7222,0.6667,1.0
LCA,St. Lucia,2004,0.5405,0.8,0.4211,0.6667,0.6667,1.0
LCA,St. Lucia,2005,0.5405,0.8,0.4211,0.6667,0.6667,1.0
LCA,St. Lucia,2006,0.5128,0.8,0.4211,0.6,0.6667,1.0
LCA,St. Lucia,2007,0.5128,0.8,0.4211,0.6,0.6667,1.0
LCA,St. Lucia,2008,0.5128,0.8,0.4211,0.6,0.6667,1.0
LCA,St. Lucia,2009,0.5128,0.8,0.4211,0.6,0.6667,1.0
LCA,St. Lucia,2010,0.5128,0.8,0.4211,0.6,0.6667,1.0
LCA,St. Lucia,2011,0.5128,0.8,0.4211,0.6,0.6667,1.0
LCA,St. Lucia,2012,0.5128,0.8,0.4211,0.6,0.6667,1.0
LCA,St. Lucia,2013,0.525,0.8,0.45,0.6,0.6667,1.0
LCA,St. Lucia,2014,0.525,0.8,0.45,0.6,0.6667,1.0
LCA,St. Lucia,2015,0.525,0.8,0.45,0.6,0.6667,1.0
LCA,St. Lucia,2016,0.525,0.8,0.45,0.6,0.6667,1.0
LCA,St. Lucia,2017,0.525,0.8,0.45,0.6,0.6667,1.0
LCA,St. Lucia,2018,0.525,0.8,0.45,0.6,0.6667,1.0
LCA,St. Lucia,2019,0.525,0.8,0.45,0.6,0.6667,1.0
LCA,St. Lucia,2020,0.525,0.8,0.45,0.6,0.6667,1.0
LCA,St. Lucia,2021,0.525,0.8,0.45,0.6,0.6667,1.0
LCA,St. Lucia,2022,0.525,0.8,0.45,0.6,0.6667,1.0
LCA,St. Lucia,2023,0.525,0.8,0.45,0.6,0.6667,1.0
LKA,Sri Lanka,1999,0.8113,1.0,0.8333,0.7826,1.0,1.0
LKA,Sri Lanka,2000,0.8113,1.0,0.8333,0.7826,1.0,1.0
LKA,Sri Lanka,2001,0.7963,1.0,0.8333,0.75,1.0,1.0
LKA,Sri Lanka,2002,0.7963,1.0,0.8333,0.75,1.0,1.0
LKA,Sri Lanka,2003,0.7963,1.0,0.8333,0.75,1.0,1.0
LKA,Sri Lanka,2004,0.7963,1.0,0.8333,0.75,1.0,1.0
LKA,Sri Lanka,2005,0.7963,1.0,0.8333,0.75,1.0,1.0
LKA,Sri Lanka,2006,0.7679,1.0,0.8333,0.6923,1.0,1.0
LKA,Sri Lanka,2007,0.7679,1.0,0.8333,0.6923,1.0,1.0
LKA,Sri Lanka,2008,0.7679,1.0,0.8333,0.6923,1.0,1.0
LKA,Sri Lanka,2009,0.7679,1.0,0.8333,0.6923,1.0,1.0
LKA,Sri Lanka,2010,0.8036,1.0,0.8333,0.7692,1.0,1.0
LKA,Sri Lanka,2011,0.8036,1.0,0.8333,0.7692,1.0,1.0
LKA,Sri Lanka,2012,0.8036,1.0,0.8333,0.7692,1.0,1.0
LKA,Sri Lanka,2013,0.7321,1.0,0.7,0.7692,1.0,1.0
LKA,Sri Lanka,2014,0.75,1.0,0.7333,0.7692,1.0,1.0
LKA,Sri Lanka,2015,0.75,1.0,0.7333,0.7692,1.0,1.0
LKA,Sri Lanka,2016,0.75,1.0,0.7333,0.7692,1.0,1.0
LKA,Sri Lanka,2017,0.7321,1.0,0.7,0.7692,1.0,1.0
LKA,Sri Lanka,2018,0.7321,1.0,0.7,0.7692,1.0,1.0
LKA,Sri Lanka,2019,0.7321,1.0,0.7,0.7692,1.0,1.0
LKA,Sri Lanka,2020,0.7321,1.0,0.7,0.7692,1.0,1.0
LKA,Sri Lanka,2021,0.7679,1.0,0.7,0.8462,1.0,1.0
LKA,Sri Lanka,2022,0.7857,1.0,0.7,0.8846,1.0,1.0
LKA,Sri Lanka,2023,0.8036,1.0,0.7333,0.8846,1.0,1.0
LKA,Sri Lanka,2024,0.8036,1.0,0.7333,0.8846,1.0,1.0
LSO,Lesotho,1999,0.5526,0.5,0.3333,0.8235,0.25,1.0
LSO,Lesotho,2000,0.449,0.3333,0.3333,0.5909,0.0,1.0
LSO,Lesotho,2001,0.4898,0.3333,0.3571,0.6667,0.0,1.0
LSO,Lesotho,2002,0.5,0.3333,0.3571,0.6818,0.0,1.0
LSO,Lesotho,2003,0.64,0.3333,0.5357,0.7727,0.0,1.0
LSO,Lesotho,2004,0.64,0.5,0.5714,0.7273,0.25,1.0
LSO,Lesotho,2005,0.6,0.5,0.5,0.7273,0.25,1.0
LSO,Lesotho,2006,0.6,0.5,0.5,0.7273,0.25,1.0
LSO,Lesotho,2007,0.6923,0.5,0.6071,0.7917,0.25,1.0
LSO,Lesotho,2008,0.6923,0.5,0.6071,0.7917,0.25,1.0
LSO,Lesotho,2009,0.6923,0.5,0.6071,0.7917,0.25,1.0
LSO,Lesotho,2010,0.7115,0.5,0.6071,0.8333,0.25,1.0
LSO,Lesotho,2011,0.7308,0.5,0.6071,0.875,0.25,1.0
LSO,Lesotho,2012,0.6731,0.5,0.5357,0.8333,0.25,1.0
LSO,Lesotho,2013,0.6731,0.5,0.5357,0.8333,0.25,1.0
LSO,Lesotho,2014,0.6731,0.5,0.5357,0.8333,0.25,1.0
LSO,Lesotho,2015,0.6731,0.5,0.5357,0.8333,0.25,1.0
LSO,Lesotho,2016,0.6964,0.5,0.5667,0.8462,0.25,1.0
LSO,Lesotho,2017,0.6607,0.5,0.5333,0.8077,0.25,1.0
LSO,Lesotho,2018,0.6607,0.5,0.5333,0.8077,0.25,1.0
LSO,Lesotho,2019,0.625,0.5,0.4667,0.8077,0.25,1.0
LSO,Lesotho,2020,0.625,0.5,0.4667,0.8077,0.25,1.0
LSO,Lesotho,2021,0.625,0.5,0.4667,0.8077,0.25,1.0
LSO,Lesotho,2022,0.625,0.5,0.4667,0.8077,0.25,1.0
LSO,Lesotho,2023,0.625,0.5,0.4667,0.8077,0.25,1.0
LTU,Lithuania,1999,0.1277,0.5,0.1923,0.0476,0.75,0.0
LTU,Lithuania,2000,0.1277,0.5,0.1923,0.0476,0.75,0.0
LTU,Lithuania,2001,0.125,0.5,0.1852,0.0476,0.75,0.0
LTU,Lithuania,2002,0.0943,0.1667,0.1333,0.0435,0.25,0.0
LTU,Lithuania,2003,0.1132,0.3333,0.1667,0.0435,0.5,0.0
LTU,Lithuania,2004,0.1132,0.3333,0.1667,0.0435,0.5,0.0
LTU,Lithuania,2005,0.1132,0.3333,0.1667,0.0435,0.5,0.0
LTU,Lithuania,2006,0.1091,0.3333,0.1667,0.04,0.5,0.0
LTU,Lithuania,2007,0.1091,0.3333,0.1667,0.04,0.5,0.0
LTU,Lithuania,2008,0.1818,0.5,0.1333,0.24,0.5,0.5
LTU,Lithuania,2009,0.1786,0.5,0.1333,0.2308,0.5,0.5
LTU,Lithuania,2010,0.1786,0.5,0.1333,0.2308,0.5,0.5
LTU,Lithuania,2011,0.1786,0.5,0.1333,0.2308,0.5,0.5
LTU,Lithuania,2012,0.1786,0.5,0.1333,0.2308,0.5,0.5
LTU,Lithuania,2013,0.1786,0.5,0.1333,0.2308,0.5,0.5
LTU,Lithuania,2014,0.1786,0.5,0.1333,0.2308,0.5,0.5
LTU,Lithuania,2015,0.1786,0.5,0.1333,0.2308,0.5,0.5
LTU,Lithuania,2016,0.0714,0.3333,0.1333,0.0,0.5,0.0
LTU,Lithuania,2017,0.0714,0.3333,0.1333,0.0,0.5,0.0
LTU,Lithuania,2018,0.0714,0.3333,0.1333,0.0,0.5,0.0
LTU,Lithuania,2019,0.0714,0.3333,0.1333,0.0,0.5,0.0
LTU,Lithuania,2020,0.0714,0.3333,0.1333,0.0,0.5,0.0
LTU,Lithuania,2021,0.0714,0.3333,0.1333,0.0,0.5,0.0
LTU,Lithuania,2022,0.0714,0.3333,0.1333,0.0,0.5,0.0
LTU,Lithuania,2023,0.0714,0.3333,0.1333,0.0,0.5,0.0
LTU,Lithuania,2024,0.0714,0.3333,0.1333,0.0,0.5,0.0
LUX,Luxembourg,1999,0.1509,0.1667,0.0333,0.3043,0.0,0.5
LUX,Luxembourg,2000,0.1481,0.1667,0.0333,0.2917,0.0,0.5
LUX,Luxembourg,2001,0.1481,0.1667,0.0333,0.2917,0.0,0.5
LUX,Luxembourg,2002,0.1481,0.1667,0.0333,0.2917,0.0,0.5
LUX,Luxembourg,2003,0.1481,0.1667,0.0333,0.2917,0.0,0.5
LUX,Luxembourg,2004,0.1481,0.1667,0.0333,0.2917,0.0,0.5
LUX,Luxembourg,2005,0.1481,0.1667,0.0333,0.2917,0.0,0.5
LUX,Luxembourg,2006,0.1429,0.1667,0.0333,0.2692,0.0,0.5
LUX,Luxembourg,2007,0.1429,0.1667,0.0333,0.2692,0.0,0.5
LUX,Luxembourg,2008,0.1429,0.1667,0.0333,0.2692,0.0,0.5
LUX,Luxembourg,2009,0.1607,0.3333,0.0667,0.2692,0.25,0.5
LUX,Luxembourg,2010,0.1607,0.3333,0.0667,0.2692,0.25,0.5
LUX,Luxembourg,2011,0.1607,0.3333,0.0667,0.2692,0.25,0.5
LUX,Luxembourg,2012,0.1607,0.3333,0.0667,0.2692,0.25,0.5
LUX,Luxembourg,2013,0.1607,0.3333,0.0667,0.2692,0.25,0.5
LUX,Luxembourg,2014,0.1607,0.3333,0.0667,0.2692,0.25,0.5
LUX,Luxembourg,2015,0.1607,0.3333,0.0667,0.2692,0.25,0.5
LUX,Luxembourg,2016,0.1607,0.3333,0.0667,0.2692,0.25,0.5
LUX,Luxembourg,2017,0.1607,0.3333,0.0667,0.2692,0.25,0.5
LUX,Luxembourg,2018,0.1607,0.3333,0.0667,0.2692,0.25,0.5
LUX,Luxembourg,2019,0.1429,0.3333,0.0667,0.2308,0.25,0.5
LUX,Luxembourg,2020,0.1429,0.3333,0.0667,0.2308,0.25,0.5
LUX,Luxembourg,2021,0.1429,0.3333,0.0667,0.2308,0.25,0.5
LUX,Luxembourg,2022,0.1429,0.3333,0.0667,0.2308,0.25,0.5
LUX,Luxembourg,2023,0.1429,0.3333,0.0667,0.2308,0.25,0.5
LUX,Luxembourg,2024,0.1429,0.3333,0.0667,0.2308,0.25,0.5
LVA,Latvia,1999,0.0385,0.3333,0.069,0.0,0.5,0.0
LVA,Latvia,2000,0.0377,0.3333,0.0667,0.0,0.5,0.0
LVA,Latvia,2001,0.0377,0.3333,0.0667,0.0,0.5,0.0
LVA,Latvia,2002,0.037,0.3333,0.0667,0.0,0.5,0.0
LVA,Latvia,2003,0.037,0.3333,0.0667,0.0,0.5,0.0
LVA,Latvia,2004,0.0556,0.3333,0.1,0.0,0.5,0.0
LVA,Latvia,2005,0.0556,0.3333,0.1,0.0,0.5,0.0
LVA,Latvia,2006,0.0893,0.3333,0.1333,0.0385,0.5,0.0
LVA,Latvia,2007,0.0536,0.3333,0.1,0.0,0.5,0.0
LVA,Latvia,2008,0.0714,0.5,0.1,0.0385,0.5,0.5
LVA,Latvia,2009,0.0714,0.5,0.1,0.0385,0.5,0.5
LVA,Latvia,2010,0.0714,0.5,0.1,0.0385,0.5,0.5
LVA,Latvia,2011,0.0893,0.5,0.1333,0.0385,0.5,0.5
LVA,Latvia,2012,0.0893,0.5,0.1333,0.0385,0.5,0.5
LVA,Latvia,2013,0.1071,0.5,0.1667,0.0385,0.5,0.5
LVA,Latvia,2014,0.0893,0.3333,0.1667,0.0,0.5,0.0
LVA,Latvia,2015,0.0893,0.3333,0.1667,0.0,0.5,0.0
LVA,Latvia,2016,0.0893,0.3333,0.1667,0.0,0.5,0.0
LVA,Latvia,2017,0.0893,0.3333,0.1667,0.0,0.5,0.0
LVA,Latvia,2018,0.0714,0.3333,0.1333,0.0,0.5,0.0
LVA,Latvia,2019,0.0714,0.3333,0.1333,0.0,0.5,0.0
LVA,Latvia,2020,0.0714,0.3333,0.1333,0.0,0.5,0.0
LVA,Latvia,2021,0.0714,0.3333,0.1333,0.0,0.5,0.0
LVA,Latvia,2022,0.0714,0.3333,0.1333,0.0,0.5,0.0
LVA,Latvia,2023,0.0714,0.3333,0.1333,0.0,0.5,0.0
LVA,Latvia,2024,0.0536,0.3333,0.1,0.0,0.5,0.0
MAC,Macao SAR,2021,0.0357,0.3333,0.0667,0.0,0.5,0.0
MAC,Macao SAR,2022,0.0357,0.3333,0.0667,0.0,0.5,0.0
MAC,Macao SAR,2023,0.0357,0.3333,0.0667,0.0,0.5,0.0
MAR,Morocco,1999,0.5849,0.5,0.4,0.8261,0.25,1.0
MAR,Morocco,2000,0.5849,0.5,0.4,0.8261,0.25,1.0
MAR,Morocco,2001,0.6275,0.5,0.4483,0.8636,0.25,1.0
MAR,Morocco,2002,0.6275,0.5,0.4138,0.9091,0.25,1.0
MAR,Morocco,2003,0.6275,0.5,0.4138,0.9091,0.25,1.0
MAR,Morocco,2004,0.6792,0.6667,0.5,0.913,0.5,1.0
MAR,Morocco,2005,0.6792,0.6667,0.5,0.913,0.5,1.0
MAR,Morocco,2006,0.6727,0.6667,0.4667,0.92,0.5,1.0
MAR,Morocco,2007,0.6727,0.6667,0.4667,0.92,0.5,1.0
MAR,Morocco,2008,0.6964,0.6667,0.5,0.9231,0.5,1.0
MAR,Morocco,2009,0.6786,0.5,0.4667,0.9231,0.25,1.0
MAR,Morocco,2010,0.6786,0.5,0.4667,0.9231,0.25,1.0
MAR,Morocco,2011,0.6786,0.5,0.4667,0.9231,0.25,1.0
MAR,Morocco,2012,0.6786,0.5,0.4667,0.9231,0.25,1.0
MAR,Morocco,2013,0.6786,0.5,0.4667,0.9231,0.25,1.0
MAR,Morocco,2014,0.6786,0.5,0.4667,0.9231,0.25,1.0
MAR,Morocco,2015,0.6786,0.5,0.4667,0.9231,0.25,1.0
MAR,Morocco,2016,0.6786,0.5,0.4667,0.9231,0.25,1.0
MAR,Morocco,2017,0.6786,0.5,0.4667,0.9231,0.25,1.0
MAR,Morocco,2018,0.6786,0.5,0.4667,0.9231,0.25,1.0
MAR,Morocco,2019,0.6786,0.5,0.4667,0.9231,0.25,1.0
MAR,Morocco,2020,0.6786,0.5,0.4667,0.9231,0.25,1.0
MAR,Morocco,2021,0.6786,0.5,0.4667,0.9231,0.25,1.0
MAR,Morocco,2022,0.6786,0.5,0.4667,0.9231,0.25,1.0
MAR,Morocco,2023,0.6786,0.5,0.4667,0.9231,0.25,1.0
MDA,Moldova,1999,0.6792,0.8333,0.5667,0.8261,0.75,1.0
MDA,Moldova,2000,0.6792,0.6667,0.5667,0.8261,0.5,1.0
MDA,Moldova,2001,0.7037,0.8333,0.6333,0.7917,0.75,1.0
MDA,Moldova,2002,0.7037,0.8333,0.6333,0.7917,0.75,1.0
MDA,Moldova,2003,0.5686,0.6667,0.4074,0.75,0.5,1.0
MDA,Moldova,2004,0.6154,0.8333,0.4643,0.7917,0.75,1.0
MDA,Moldova,2005,0.6154,0.8333,0.4643,0.7917,0.75,1.0
MDA,Moldova,2006,0.537,0.5,0.3929,0.6923,0.75,0.0
MDA,Moldova,2007,0.5556,0.5,0.4286,0.6923,0.75,0.0
MDA,Moldova,2008,0.5455,0.5,0.4138,0.6923,0.75,0.0
MDA,Moldova,2009,0.5636,0.6667,0.4483,0.6923,1.0,0.0
MDA,Moldova,2010,0.5636,0.6667,0.4483,0.6923,1.0,0.0
MDA,Moldova,2011,0.5536,0.6667,0.4333,0.6923,1.0,0.0
MDA,Moldova,2012,0.5536,0.6667,0.4333,0.6923,1.0,0.0
MDA,Moldova,2013,0.5536,0.6667,0.4333,0.6923,1.0,0.0
MDA,Moldova,2014,0.5,0.5,0.3333,0.6923,0.75,0.0
MDA,Moldova,2015,0.4821,0.5,0.3,0.6923,0.75,0.0
MDA,Moldova,2016,0.4821,0.5,0.3,0.6923,0.75,0.0
MDA,Moldova,2017,0.4821,0.5,0.3,0.6923,0.75,0.0
MDA,Moldova,2018,0.4821,0.5,0.3,0.6923,0.75,0.0
MDA,Moldova,2019,0.4821,0.5,0.3,0.6923,0.75,0.0
MDA,Moldova,2020,0.4821,0.5,0.3,0.6923,0.75,0.0
MDA,Moldova,2021,0.4821,0.5,0.3,0.6923,0.75,0.0
MDA,Moldova,2022,0.4821,0.5,0.3,0.6923,0.75,0.0
MDA,Moldova,2023,0.4464,0.5,0.2333,0.6923,0.75,0.0
MDA,Moldova,2024,0.4464,0.5,0.2333,0.6923,0.75,0.0
MDG,Madagascar,1999,0.5769,1.0,0.5714,0.5833,1.0,1.0
MDG,Madagascar,2000,0.5769,1.0,0.5714,0.5833,1.0,1.0
MDG,Madagascar,2001,0.5769,1.0,0.5714,0.5833,1.0,1.0
MDG,Madagascar,2002,0.5769,1.0,0.5714,0.5833,1.0,1.0
MDG,Madagascar,2003,0.5769,1.0,0.5714,0.5833,1.0,1.0
MDG,Madagascar,2004,0.5769,1.0,0.5714,0.5833,1.0,1.0
MDG,Madagascar,2005,0.5769,1.0,0.5714,0.5833,1.0,1.0
MDG,Madagascar,2006,0.5357,1.0,0.5714,0.5,1.0,1.0
MDG,Madagascar,2007,0.4828,0.6667,0.4667,0.5,0.5,1.0
MDG,Madagascar,2008,0.7692,0.8333,0.7407,0.8,0.75,1.0
MDG,Madagascar,2009,0.7692,0.8333,0.7407,0.8,0.75,1.0
MDG,Madagascar,2010,0.7692,0.8333,0.7407,0.8,0.75,1.0
MDG,Madagascar,2011,0.7321,0.8333,0.6667,0.8077,0.75,1.0
MDG,Madagascar,2012,0.7321,0.8333,0.6667,0.8077,0.75,1.0
MDG,Madagascar,2013,0.7321,0.8333,0.6667,0.8077,0.75,1.0
MDG,Madagascar,2014,0.7321,0.6667,0.6,0.8846,0.5,1.0
MDG,Madagascar,2015,0.75,0.6667,0.6,0.9231,0.5,1.0
MDG,Madagascar,2016,0.75,0.6667,0.6,0.9231,0.5,1.0
MDG,Madagascar,2017,0.75,0.6667,0.6,0.9231,0.5,1.0
MDG,Madagascar,2018,0.75,0.6667,0.6,0.9231,0.5,1.0
MDG,Madagascar,2019,0.75,0.6667,0.6,0.9231,0.5,1.0
MDG,Madagascar,2020,0.75,0.6667,0.6,0.9231,0.5,1.0
MDG,Madagascar,2021,0.75,0.6667,0.6,0.9231,0.5,1.0
MDG,Madagascar,2022,0.75,0.6667,0.6,0.9231,0.5,1.0
MDG,Madagascar,2023,0.75,0.6667,0.6,0.9231,0.5,1.0
MDV,Maldives,1999,0.2449,0.5,0.3214,0.1429,0.75,0.0
MDV,Maldives,2000,0.2653,0.5,0.3571,0.1429,0.75,0.0
MDV,Maldives,2001,0.2245,0.5,0.3214,0.0952,0.75,0.0
MDV,Maldives,2002,0.102,0.5,0.1429,0.0476,0.75,0.0
MDV,Maldives,2003,0.1,0.5,0.1429,0.0455,0.75,0.0
MDV,Maldives,2004,0.1,0.5,0.1429,0.0455,0.75,0.0
MDV,Maldives,2005,0.1,0.5,0.1429,0.0455,0.75,0.0
MDV,Maldives,2006,0.0962,0.5,0.1429,0.0417,0.75,0.0
MDV,Maldives,2007,0.0962,0.5,0.1429,0.0417,0.75,0.0
MDV,Maldives,2008,0.0943,0.5,0.1429,0.04,0.75,0.0
MDV,Maldives,2009,0.0755,0.5,0.1429,0.0,0.75,0.0
MDV,Maldives,2010,0.0755,0.5,0.1429,0.0,0.75,0.0
MDV,Maldives,2011,0.0755,0.5,0.1429,0.0,0.75,0.0
MDV,Maldives,2012,0.0755,0.5,0.1429,0.0,0.75,0.0
MDV,Maldives,2013,0.0755,0.5,0.1429,0.0,0.75,0.0
MDV,Maldives,2014,0.0755,0.5,0.1429,0.0,0.75,0.0
MDV,Maldives,2015,0.0755,0.5,0.1429,0.0,0.75,0.0
MDV,Maldives,2016,0.0943,0.5,0.1429,0.04,0.75,0.0
MDV,Maldives,2017,0.0893,0.5,0.1333,0.0385,0.75,0.0
MDV,Maldives,2018,0.0893,0.5,0.1333,0.0385,0.75,0.0
MDV,Maldives,2019,0.0893,0.5,0.1333,0.0385,0.75,0.0
MDV,Maldives,2020,0.0893,0.5,0.1333,0.0385,0.75,0.0
MDV,Maldives,2021,0.0893,0.5,0.1333,0.0385,0.75,0.0
MDV,Maldives,2022,0.0714,0.5,0.1333,0.0,0.75,0.0
MDV,Maldives,2023,0.125,0.5,0.1333,0.1154,0.75,0.0
MDV,Maldives,2024,0.1071,0.5,0.1,0.1154,0.75,0.0
MEX,Mexico,1999,0.4717,0.5,0.4,0.5652,0.5,0.5
MEX,Mexico,2000,0.4906,0.5,0.4333,0.5652,0.5,0.5
MEX,Mexico,2001,0.463,0.5,0.4333,0.5,0.5,0.5
MEX,Mexico,2002,0.463,0.5,0.4333,0.5,0.5,0.5
MEX,Mexico,2003,0.463,0.5,0.4333,0.5,0.5,0.5
MEX,Mexico,2004,0.463,0.5,0.4333,0.5,0.5,0.5
MEX,Mexico,2005,0.4444,0.5,0.4,0.5,0.5,0.5
MEX,Mexico,2006,0.4107,0.5,0.4,0.4231,0.5,0.5
MEX,Mexico,2007,0.4821,0.5,0.4667,0.5,0.5,0.5
MEX,Mexico,2008,0.4821,0.5,0.4667,0.5,0.5,0.5
MEX,Mexico,2009,0.4821,0.5,0.4667,0.5,0.5,0.5
MEX,Mexico,2010,0.4643,0.5,0.4333,0.5,0.5,0.5
MEX,Mexico,2011,0.4821,0.5,0.4667,0.5,0.5,0.5
MEX,Mexico,2012,0.4821,0.5,0.4667,0.5,0.5,0.5
MEX,Mexico,2013,0.4286,0.5,0.4,0.4615,0.5,0.5
MEX,Mexico,2014,0.4464,0.5,0.4333,0.4615,0.5,0.5
MEX,Mexico,2015,0.4464,0.5,0.4333,0.4615,0.5,0.5
MEX,Mexico,2016,0.4464,0.5,0.4333,0.4615,0.5,0.5
MEX,Mexico,2017,0.4464,0.5,0.4333,0.4615,0.5,0.5
MEX,Mexico,2018,0.4464,0.5,0.4333,0.4615,0.5,0.5
MEX,Mexico,2019,0.4464,0.5,0.4333,0.4615,0.5,0.5
MEX,Mexico,2020,0.4464,0.5,0.4333,0.4615,0.5,0.5
MEX,Mexico,2021,0.4464,0.5,0.4333,0.4615,0.5,0.5
MEX,Mexico,2022,0.4464,0.5,0.4333,0.4615,0.5,0.5
MEX,Mexico,2023,0.4464,0.5,0.4333,0.4615,0.5,0.5
MEX,Mexico,2024,0.4464,0.5,0.4333,0.4615,0.5,0.5
MHL,Marshall Islands,1999,0.25,1.0,0.3333,0.1667,1.0,1.0
MHL,Marshall Islands,2000,0.1818,1.0,0.3333,0.0,1.0,
MHL,Marshall Islands,2001,0.1667,1.0,0.3333,0.0,1.0,
MHL,Marshall Islands,2002,0.1667,1.0,0.3333,0.0,1.0,
MHL,Marshall Islands,2003,0.1667,1.0,0.3333,0.0,1.0,
MHL,Marshall Islands,2004,0.1667,1.0,0.3333,0.0,1.0,
MHL,Marshall Islands,2005,0.1667,1.0,0.3333,0.0,1.0,
MHL,Marshall Islands,2006,0.1111,1.0,0.25,0.0,1.0,
MHL,Marshall Islands,2007,0.1111,1.0,0.25,0.0,1.0,
MHL,Marshall Islands,2008,0.1,1.0,0.2222,0.0,1.0,
MHL,Marshall Islands,2009,0.1,1.0,0.2222,0.0,1.0,
MHL,Marshall Islands,2010,0.1,1.0,0.2222,0.0,1.0,
MHL,Marshall Islands,2011,0.1,1.0,0.2222,0.0,1.0,
MHL,Marshall Islands,2012,0.1,1.0,0.2222,0.0,1.0,
MHL,Marshall Islands,2013,0.1,1.0,0.2222,0.0,1.0,
MHL,Marshall Islands,2014,0.1,1.0,0.2222,0.0,1.0,
MHL,Marshall Islands,2015,0.1,1.0,0.2222,0.0,1.0,
MHL,Marshall Islands,2016,0.1,1.0,0.2222,0.0,1.0,
MHL,Marshall Islands,2017,0.1,1.0,0.2222,0.0,1.0,
MHL,Marshall Islands,2018,0.1,1.0,0.2222,0.0,1.0,
MHL,Marshall Islands,2019,0.1,1.0,0.2222,0.0,1.0,
MHL,Marshall Islands,2020,0.1,1.0,0.2222,0.0,1.0,
MHL,Marshall Islands,2021,0.1,1.0,0.2222,0.0,1.0,
MHL,Marshall Islands,2022,0.1,1.0,0.2222,0.0,1.0,
MHL,Marshall Islands,2023,0.1,1.0,0.2222,0.0,1.0,
MKD,"North Macedonia, Republic of",1999,0.6444,0.6667,0.4615,0.8947,0.5,1.0
MKD,"North Macedonia, Republic of",2000,0.6,0.6667,0.4231,0.8421,0.5,1.0
MKD,"North Macedonia, Republic of",2001,0.6222,0.6667,0.4615,0.8421,0.5,1.0
MKD,"North Macedonia, Republic of",2002,0.4815,0.5,0.4333,0.5417,0.25,1.0
MKD,"North Macedonia, Republic of",2003,0.463,0.5,0.4,0.5417,0.25,1.0
MKD,"North Macedonia, Republic of",2004,0.6667,0.8333,0.6,0.75,0.75,1.0
MKD,"North Macedonia, Republic of",2005,0.6667,0.8333,0.6,0.75,0.75,1.0
MKD,"North Macedonia, Republic of",2006,0.6667,0.8333,0.6,0.75,0.75,1.0
MKD,"North Macedonia, Republic of",2007,0.6667,0.8333,0.6,0.75,0.75,1.0
MKD,"North Macedonia, Republic of",2008,0.5357,0.6667,0.5,0.5769,0.75,0.5
MKD,"North Macedonia, Republic of",2009,0.5357,0.6667,0.5,0.5769,0.75,0.5
MKD,"North Macedonia, Republic of",2010,0.5357,0.6667,0.5,0.5769,0.75,0.5
MKD,"North Macedonia, Republic of",2011,0.4643,0.6667,0.4667,0.4615,0.75,0.5
MKD,"North Macedonia, Republic of",2012,0.4643,0.6667,0.4667,0.4615,0.75,0.5
MKD,"North Macedonia, Republic of",2013,0.4643,0.6667,0.4667,0.4615,0.75,0.5
MKD,"North Macedonia, Republic of",2014,0.4643,0.6667,0.4667,0.4615,0.75,0.5
MKD,"North Macedonia, Republic of",2015,0.4464,0.6667,0.4,0.5,0.75,0.5
MKD,"North Macedonia, Republic of",2016,0.4464,0.6667,0.4,0.5,0.75,0.5
MKD,"North Macedonia, Republic of",2017,0.4464,0.6667,0.4,0.5,0.75,0.5
MKD,"North Macedonia, Republic of",2018,0.4286,0.5,0.4,0.4615,0.75,0.0
MKD,"North Macedonia, Republic of",2019,0.4107,0.5,0.4,0.4231,0.75,0.0
MKD,"North Macedonia, Republic of",2020,0.4107,0.5,0.4,0.4231,0.75,0.0
MKD,"North Macedonia, Republic of",2021,0.4107,0.5,0.4,0.4231,0.75,0.0
MKD,"North Macedonia, Republic of",2022,0.4107,0.5,0.4,0.4231,0.75,0.0
MKD,"North Macedonia, Republic of",2023,0.4107,0.5,0.4,0.4231,0.75,0.0
MLI,Mali,1999,0.8696,0.8333,0.84,0.9048,0.75,1.0
MLI,Mali,2000,0.8696,0.6667,0.8,0.9524,0.5,1.0
MLI,Mali,2001,0.7143,0.5,0.6154,0.8261,0.25,1.0
MLI,Mali,2002,0.6481,0.5,0.5,0.8333,0.25,1.0
MLI,Mali,2003,0.6481,0.5,0.4667,0.875,0.25,1.0
MLI,Mali,2004,0.6481,0.5,0.4667,0.875,0.25,1.0
MLI,Mali,2005,0.6111,0.5,0.3667,0.9167,0.25,1.0
MLI,Mali,2006,0.625,0.5,0.3333,0.9615,0.25,1.0
MLI,Mali,2007,0.625,0.5,0.3333,0.9615,0.25,1.0
MLI,Mali,2008,0.625,0.6667,0.3333,0.9615,0.5,1.0
MLI,Mali,2009,0.6071,0.5,0.3,0.9615,0.25,1.0
MLI,Mali,2010,0.6071,0.5,0.3,0.9615,0.25,1.0
MLI,Mali,2011,0.6071,0.5,0.3,0.9615,0.25,1.0
MLI,Mali,2012,0.6071,0.5,0.3,0.9615,0.25,1.0
MLI,Mali,2013,0.6071,0.5,0.3,0.9615,0.25,1.0
MLI,Mali,2014,0.6071,0.5,0.3,0.9615,0.25,1.0
MLI,Mali,2015,0.625,0.5,0.3333,0.9615,0.25,1.0
MLI,Mali,2016,0.625,0.5,0.3333,0.9615,0.25,1.0
MLI,Mali,2017,0.625,0.5,0.3333,0.9615,0.25,1.0
MLI,Mali,2018,0.5357,0.5,0.2,0.9231,0.25,1.0
MLI,Mali,2019,0.5357,0.5,0.2,0.9231,0.25,1.0
MLI,Mali,2020,0.5357,0.5,0.2,0.9231,0.25,1.0
MLI,Mali,2021,0.5357,0.5,0.2,0.9231,0.25,1.0
MLI,Mali,2022,0.5714,0.5,0.2333,0.9615,0.25,1.0
MLI,Mali,2023,0.5714,0.5,0.2333,0.9615,0.25,1.0
MLT,Malta,1999,0.6981,1.0,0.5667,0.8696,1.0,1.0
MLT,Malta,2000,0.6667,1.0,0.5333,0.8333,1.0,1.0
MLT,Malta,2001,0.6111,1.0,0.4333,0.8333,1.0,1.0
MLT,Malta,2002,0.6111,0.8333,0.4667,0.7917,1.0,0.5
MLT,Malta,2003,0.5185,0.8333,0.4333,0.625,1.0,0.5
MLT,Malta,2004,0.2222,0.3333,0.2,0.25,0.5,0.0
MLT,Malta,2005,0.0926,0.3333,0.0667,0.125,0.5,0.0
MLT,Malta,2006,0.0536,0.3333,0.0667,0.0385,0.5,0.0
MLT,Malta,2007,0.0536,0.3333,0.0667,0.0385,0.5,0.0
MLT,Malta,2008,0.0536,0.3333,0.0667,0.0385,0.5,0.0
MLT,Malta,2009,0.0536,0.3333,0.1,0.0,0.5,0.0
MLT,Malta,2010,0.0536,0.3333,0.1,0.0,0.5,0.0
MLT,Malta,2011,0.0536,0.3333,0.1,0.0,0.5,0.0
MLT,Malta,2012,0.0536,0.3333,0.1,0.0,0.5,0.0
MLT,Malta,2013,0.0536,0.3333,0.1,0.0,0.5,0.0
MLT,Malta,2014,0.0536,0.3333,0.1,0.0,0.5,0.0
MLT,Malta,2015,0.0536,0.3333,0.1,0.0,0.5,0.0
MLT,Malta,2016,0.0536,0.3333,0.1,0.0,0.5,0.0
MLT,Malta,2017,0.0536,0.3333,0.1,0.0,0.5,0.0
MLT,Malta,2018,0.0536,0.3333,0.1,0.0,0.5,0.0
MLT,Malta,2019,0.125,0.3333,0.1667,0.0769,0.5,0.0
MLT,Malta,2020,0.125,0.3333,0.1667,0.0769,0.5,0.0
MLT,Malta,2021,0.125,0.3333,0.1667,0.0769,0.5,0.0
MLT,Malta,2022,0.125,0.3333,0.1667,0.0769,0.5,0.0
MLT,Malta,2023,0.125,0.3333,0.1667,0.0769,0.5,0.0
MMR,Myanmar,1999,0.6087,1.0,0.6923,0.5,1.0,1.0
MMR,Myanmar,2000,0.6087,1.0,0.6923,0.5,1.0,1.0
MMR,Myanmar,2001,0.6087,1.0,0.6923,0.5,1.0,1.0
MMR,Myanmar,2002,0.5652,1.0,0.6923,0.4,1.0,1.0
MMR,Myanmar,2003,0.5652,1.0,0.6923,0.4,1.0,1.0
MMR,Myanmar,2004,0.5652,1.0,0.6923,0.4,1.0,1.0
MMR,Myanmar,2005,0.5652,1.0,0.6923,0.4,1.0,1.0
MMR,Myanmar,2006,0.4815,1.0,0.6,0.3333,1.0,1.0
MMR,Myanmar,2007,0.4815,1.0,0.6,0.3333,1.0,1.0
MMR,Myanmar,2008,0.7273,1.0,0.7391,0.7143,1.0,1.0
MMR,Myanmar,2009,0.8409,1.0,0.8261,0.8571,1.0,1.0
MMR,Myanmar,2010,0.8409,1.0,0.8261,0.8571,1.0,1.0
MMR,Myanmar,2011,0.8409,1.0,0.8261,0.8571,1.0,1.0
MMR,Myanmar,2012,0.8444,1.0,0.8261,0.8636,1.0,1.0
MMR,Myanmar,2013,0.8261,1.0,0.7826,0.8696,1.0,1.0
MMR,Myanmar,2014,0.8261,1.0,0.7826,0.8696,1.0,1.0
MMR,Myanmar,2015,0.7111,1.0,0.6818,0.7391,1.0,1.0
MMR,Myanmar,2016,0.7111,1.0,0.6818,0.7391,1.0,1.0
MMR,Myanmar,2017,0.7234,1.0,0.6957,0.75,1.0,1.0
MMR,Myanmar,2018,0.7234,1.0,0.6957,0.75,1.0,1.0
MMR,Myanmar,2019,0.7234,1.0,0.6957,0.75,1.0,1.0
MMR,Myanmar,2020,0.7234,1.0,0.6957,0.75,1.0,1.0
MMR,Myanmar,2021,0.7447,1.0,0.6957,0.7917,1.0,1.0
MMR,Myanmar,2022,0.7959,1.0,0.7083,0.88,1.0,1.0
MNE,Montenegro,2006,0.0,0.0,0.0,0.0,0.0,0.0
MNE,Montenegro,2007,0.0536,0.1667,0.0333,0.0769,0.25,0.0
MNE,Montenegro,2008,0.0536,0.1667,0.0333,0.0769,0.25,0.0
MNE,Montenegro,2009,0.0893,0.1667,0.0333,0.1538,0.25,0.0
MNE,Montenegro,2010,0.0893,0.1667,0.0333,0.1538,0.25,0.0
MNE,Montenegro,2011,0.0893,0.1667,0.0333,0.1538,0.25,0.0
MNE,Montenegro,2012,0.0893,0.1667,0.0333,0.1538,0.25,0.0
MNE,Montenegro,2013,0.1071,0.1667,0.0333,0.1923,0.25,0.0
MNE,Montenegro,2014,0.1071,0.1667,0.0333,0.1923,0.25,0.0
MNE,Montenegro,2015,0.1071,0.1667,0.0333,0.1923,0.25,0.0
MNE,Montenegro,2016,0.1071,0.1667,0.0333,0.1923,0.25,0.0
MNE,Montenegro,2017,0.0714,0.1667,0.0333,0.1154,0.25,0.0
MNE,Montenegro,2018,0.0714,0.1667,0.0333,0.1154,0.25,0.0
MNE,Montenegro,2019,0.0714,0.1667,0.0333,0.1154,0.25,0.0
MNE,Montenegro,2020,0.0714,0.1667,0.0333,0.1154,0.25,0.0
MNE,Montenegro,2021,0.0714,0.1667,0.0333,0.1154,0.25,0.0
MNE,Montenegro,2022,0.0714,0.1667,0.0333,0.1154,0.25,0.0
MNE,Montenegro,2023,0.0714,0.1667,0.0333,0.1154,0.25,0.0
MNE,Montenegro,2024,0.0714,0.1667,0.0333,0.1154,0.25,0.0
MNG,Mongolia,1999,0.2667,0.4,0.1538,0.4211,0.25,1.0
MNG,Mongolia,2000,0.2826,0.4,0.1852,0.4211,0.25,1.0
MNG,Mongolia,2001,0.2826,0.4,0.1852,0.4211,0.25,1.0
MNG,Mongolia,2002,0.2826,0.4,0.1852,0.4211,0.25,1.0
MNG,Mongolia,2003,0.2979,0.4,0.1852,0.45,0.25,1.0
MNG,Mongolia,2004,0.2979,0.4,0.1852,0.45,0.25,1.0
MNG,Mongolia,2005,0.2979,0.4,0.1852,0.45,0.25,1.0
MNG,Mongolia,2006,0.3265,0.6,0.2593,0.4091,0.5,1.0
MNG,Mongolia,2007,0.34,0.6,0.2593,0.4348,0.5,1.0
MNG,Mongolia,2008,0.2105,0.4,0.1818,0.25,0.25,1.0
MNG,Mongolia,2009,0.1538,0.3333,0.1429,0.1667,0.25,0.5
MNG,Mongolia,2010,0.1538,0.3333,0.1429,0.1667,0.25,0.5
MNG,Mongolia,2011,0.1538,0.3333,0.1429,0.1667,0.25,0.5
MNG,Mongolia,2012,0.125,0.3333,0.1333,0.1154,0.25,0.5
MNG,Mongolia,2013,0.125,0.3333,0.1333,0.1154,0.25,0.5
MNG,Mongolia,2014,0.1429,0.3333,0.1333,0.1538,0.25,0.5
MNG,Mongolia,2015,0.1429,0.3333,0.1333,0.1538,0.25,0.5
MNG,Mongolia,2016,0.2143,0.3333,0.2,0.2308,0.25,0.5
MNG,Mongolia,2017,0.1429,0.3333,0.1333,0.1538,0.25,0.5
MNG,Mongolia,2018,0.1786,0.5,0.1333,0.2308,0.25,1.0
MNG,Mongolia,2019,0.1607,0.5,0.1,0.2308,0.25,1.0
MNG,Mongolia,2020,0.1607,0.5,0.1,0.2308,0.25,1.0
MNG,Mongolia,2021,0.1607,0.5,0.1,0.2308,0.25,1.0
MNG,Mongolia,2022,0.1607,0.5,0.1,0.2308,0.25,1.0
MNG,Mongolia,2023,0.1607,0.5,0.1,0.2308,0.25,1.0
MNG,Mongolia,2024,0.1607,0.5,0.1,0.2308,0.25,1.0
MOZ,Mozambique,1999,0.7843,1.0,0.7143,0.8696,1.0,1.0
MOZ,Mozambique,2000,0.7736,1.0,0.7,0.8696,1.0,1.0
MOZ,Mozambique,2001,0.7778,1.0,0.7,0.875,1.0,1.0
MOZ,Mozambique,2002,0.7778,1.0,0.7,0.875,1.0,1.0
MOZ,Mozambique,2003,0.7778,1.0,0.7,0.875,1.0,1.0
MOZ,Mozambique,2004,0.7778,1.0,0.7,0.875,1.0,1.0
MOZ,Mozambique,2005,0.7778,1.0,0.7,0.875,1.0,1.0
MOZ,Mozambique,2006,0.7679,1.0,0.7333,0.8077,1.0,1.0
MOZ,Mozambique,2007,0.7679,1.0,0.7333,0.8077,1.0,1.0
MOZ,Mozambique,2008,0.7857,1.0,0.7333,0.8462,1.0,1.0
MOZ,Mozambique,2009,0.7857,1.0,0.7333,0.8462,1.0,1.0
MOZ,Mozambique,2010,0.75,1.0,0.7,0.8077,1.0,1.0
MOZ,Mozambique,2011,0.75,1.0,0.7,0.8077,1.0,1.0
MOZ,Mozambique,2012,0.75,1.0,0.6667,0.8462,1.0,1.0
MOZ,Mozambique,2013,0.7857,1.0,0.7,0.8846,1.0,1.0
MOZ,Mozambique,2014,0.7857,1.0,0.7,0.8846,1.0,1.0
MOZ,Mozambique,2015,0.7857,1.0,0.7,0.8846,1.0,1.0
MOZ,Mozambique,2016,0.7857,1.0,0.7,0.8846,1.0,1.0
MOZ,Mozambique,2017,0.7679,1.0,0.7,0.8462,1.0,1.0
MOZ,Mozambique,2018,0.7679,1.0,0.7,0.8462,1.0,1.0
MOZ,Mozambique,2019,0.7857,1.0,0.7,0.8846,1.0,1.0
MOZ,Mozambique,2020,0.8214,1.0,0.7,0.9615,1.0,1.0
MOZ,Mozambique,2021,0.8182,1.0,0.7333,0.92,1.0,1.0
MOZ,Mozambique,2022,0.8393,1.0,0.7333,0.9615,1.0,1.0
MOZ,Mozambique,2023,0.8393,1.0,0.7333,0.9615,1.0,1.0
MRT,Mauritania,1999,0.6364,1.0,0.1429,0.8667,1.0,1.0
MRT,Mauritania,2000,0.6364,1.0,0.1429,0.8667,1.0,1.0
MRT,Mauritania,2001,0.5909,0.8,0.4167,0.8,0.6667,1.0
MRT,Mauritania,2002,0.6222,0.8,0.4167,0.8571,0.6667,1.0
MRT,Mauritania,2003,0.6222,0.8,0.4167,0.8571,0.6667,1.0
MRT,Mauritania,2004,0.6222,0.8,0.4167,0.8571,0.6667,1.0
MRT,Mauritania,2005,0.6222,0.8,0.4167,0.8571,0.6667,1.0
MRT,Mauritania,2006,0.6,0.8,0.4167,0.8095,0.6667,1.0
MRT,Mauritania,2007,0.619,0.8,0.4783,0.7895,0.6667,1.0
MRT,Mauritania,2008,0.619,0.8,0.4783,0.7895,0.6667,1.0
MRT,Mauritania,2009,0.5476,0.8,0.3478,0.7895,0.6667,1.0
MRT,Mauritania,2010,0.5476,0.8,0.3478,0.7895,0.6667,1.0
MRT,Mauritania,2011,0.4667,0.6,0.36,0.6,0.3333,1.0
MRT,Mauritania,2012,0.5111,0.6,0.44,0.6,0.3333,1.0
MRT,Mauritania,2013,0.5111,0.6,0.44,0.6,0.3333,1.0
MRT,Mauritania,2014,0.5111,0.6,0.44,0.6,0.3333,1.0
MRT,Mauritania,2015,0.4792,0.6667,0.4231,0.5455,0.5,1.0
MRT,Mauritania,2016,0.4583,0.5,0.3846,0.5455,0.25,1.0
MRT,Mauritania,2017,0.4583,0.5,0.3846,0.5455,0.25,1.0
MRT,Mauritania,2018,0.4583,0.5,0.3846,0.5455,0.25,1.0
MRT,Mauritania,2019,0.4314,0.5,0.3571,0.5217,0.25,1.0
MRT,Mauritania,2020,0.4808,0.5,0.3571,0.625,0.25,1.0
MRT,Mauritania,2021,0.4808,0.5,0.3571,0.625,0.25,1.0
MRT,Mauritania,2022,0.4808,0.5,0.3571,0.625,0.25,1.0
MRT,Mauritania,2023,0.4808,0.5,0.3571,0.625,0.25,1.0
MUS,Mauritius,1999,0.0566,0.3333,0.1,0.0,0.5,0.0
MUS,Mauritius,2000,0.0755,0.3333,0.1,0.0435,0.5,0.0
MUS,Mauritius,2001,0.0755,0.3333,0.1,0.0435,0.5,0.0
MUS,Mauritius,2002,0.0755,0.3333,0.1,0.0435,0.5,0.0
MUS,Mauritius,2003,0.0566,0.3333,0.1,0.0,0.5,0.0
MUS,Mauritius,2004,0.0566,0.3333,0.1,0.0,0.5,0.0
MUS,Mauritius,2005,0.0566,0.3333,0.1,0.0,0.5,0.0
MUS,Mauritius,2006,0.0545,0.3333,0.1,0.0,0.5,0.0
MUS,Mauritius,2007,0.0545,0.3333,0.1,0.0,0.5,0.0
MUS,Mauritius,2008,0.0545,0.3333,0.1,0.0,0.5,0.0
MUS,Mauritius,2009,0.1273,0.3333,0.1,0.16,0.5,0.0
MUS,Mauritius,2010,0.1273,0.3333,0.1,0.16,0.5,0.0
MUS,Mauritius,2011,0.125,0.3333,0.1,0.1538,0.5,0.0
MUS,Mauritius,2012,0.125,0.3333,0.1,0.1538,0.5,0.0
MUS,Mauritius,2013,0.125,0.3333,0.1,0.1538,0.5,0.0
MUS,Mauritius,2014,0.125,0.3333,0.1,0.1538,0.5,0.0
MUS,Mauritius,2015,0.125,0.3333,0.1,0.1538,0.5,0.0
MUS,Mauritius,2016,0.1429,0.3333,0.1333,0.1538,0.5,0.0
MUS,Mauritius,2017,0.1429,0.3333,0.1333,0.1538,0.5,0.0
MUS,Mauritius,2018,0.1429,0.3333,0.1333,0.1538,0.5,0.0
MUS,Mauritius,2019,0.1429,0.3333,0.1333,0.1538,0.5,0.0
MUS,Mauritius,2020,0.1429,0.3333,0.1333,0.1538,0.5,0.0
MUS,Mauritius,2021,0.1429,0.3333,0.1333,0.1538,0.5,0.0
MUS,Mauritius,2022,0.1429,0.3333,0.1333,0.1538,0.5,0.0
MUS,Mauritius,2023,0.2143,0.5,0.1667,0.2692,0.5,0.5
MUS,Mauritius,2024,0.2143,0.5,0.1667,0.2692,0.5,0.5
MWI,Malawi,1999,0.434,0.3333,0.3333,0.5652,0.0,1.0
MWI,Malawi,2000,0.463,0.3333,0.3667,0.5833,0.0,1.0
MWI,Malawi,2001,0.4444,0.3333,0.3333,0.5833,0.0,1.0
MWI,Malawi,2002,0.4259,0.3333,0.3,0.5833,0.0,1.0
MWI,Malawi,2003,0.4259,0.3333,0.3,0.5833,0.0,1.0
MWI,Malawi,2004,0.4259,0.3333,0.3,0.5833,0.0,1.0
MWI,Malawi,2005,0.4259,0.3333,0.3,0.5833,0.0,1.0
MWI,Malawi,2006,0.4815,0.3333,0.3,0.7083,0.0,1.0
MWI,Malawi,2007,0.537,0.5,0.3667,0.75,0.25,1.0
MWI,Malawi,2008,0.6607,0.6667,0.5,0.8462,0.5,1.0
MWI,Malawi,2009,0.6607,0.6667,0.5,0.8462,0.5,1.0
MWI,Malawi,2010,0.6786,0.6667,0.5333,0.8462,0.5,1.0
MWI,Malawi,2011,0.6786,0.6667,0.5333,0.8462,0.5,1.0
MWI,Malawi,2012,0.6786,0.6667,0.5333,0.8462,0.5,1.0
MWI,Malawi,2013,0.6786,0.6667,0.5333,0.8462,0.5,1.0
MWI,Malawi,2014,0.625,0.6667,0.5333,0.7308,0.5,1.0
MWI,Malawi,2015,0.625,0.6667,0.5333,0.7308,0.5,1.0
MWI,Malawi,2016,0.625,0.6667,0.5333,0.7308,0.5,1.0
MWI,Malawi,2017,0.625,0.6667,0.5333,0.7308,0.5,1.0
MWI,Malawi,2018,0.625,0.6667,0.5333,0.7308,0.5,1.0
MWI,Malawi,2019,0.6607,0.6667,0.5667,0.7692,0.5,1.0
MWI,Malawi,2020,0.6607,0.6667,0.5667,0.7692,0.5,1.0
MWI,Malawi,2021,0.6964,0.6667,0.5667,0.8462,0.5,1.0
MWI,Malawi,2022,0.4643,0.3333,0.2667,0.6923,0.0,1.0
MWI,Malawi,2023,0.4643,0.3333,0.2667,0.6923,0.0,1.0
MWI,Malawi,2024,0.4643,0.3333,0.2667,0.6923,0.0,1.0
MYS,Malaysia,1999,0.6522,0.6667,0.5417,0.7727,0.5,1.0
MYS,Malaysia,2000,0.6522,0.6667,0.5417,0.7727,0.5,1.0
MYS,Malaysia,2001,0.6739,0.6667,0.5417,0.8182,0.5,1.0
MYS,Malaysia,2002,0.6739,0.6667,0.5,0.8636,0.5,1.0
MYS,Malaysia,2003,0.6739,0.6667,0.5,0.8636,0.5,1.0
MYS,Malaysia,2004,0.6522,0.6667,0.4583,0.8636,0.5,1.0
MYS,Malaysia,2005,0.6522,0.6667,0.5,0.8182,0.5,1.0
MYS,Malaysia,2006,0.5957,0.6667,0.4167,0.7826,0.5,1.0
MYS,Malaysia,2007,0.5957,0.6667,0.4167,0.7826,0.5,1.0
MYS,Malaysia,2008,0.5357,0.6667,0.3667,0.7308,0.5,1.0
MYS,Malaysia,2009,0.5357,0.6667,0.3667,0.7308,0.5,1.0
MYS,Malaysia,2010,0.5357,0.6667,0.4,0.6923,0.5,1.0
MYS,Malaysia,2011,0.5,0.6667,0.4,0.6154,0.5,1.0
MYS,Malaysia,2012,0.5179,0.6667,0.4333,0.6154,0.5,1.0
MYS,Malaysia,2013,0.5893,0.6667,0.5,0.6923,0.5,1.0
MYS,Malaysia,2014,0.5636,0.6667,0.4138,0.7308,0.5,1.0
MYS,Malaysia,2015,0.5536,0.6667,0.4,0.7308,0.5,1.0
MYS,Malaysia,2016,0.6071,0.6667,0.4667,0.7692,0.5,1.0
MYS,Malaysia,2017,0.6071,0.6667,0.4667,0.7692,0.5,1.0
MYS,Malaysia,2018,0.6071,0.6667,0.4667,0.7692,0.5,1.0
MYS,Malaysia,2019,0.6071,0.6667,0.4667,0.7692,0.5,1.0
MYS,Malaysia,2020,0.6071,0.6667,0.4667,0.7692,0.5,1.0
MYS,Malaysia,2021,0.5893,0.6667,0.4667,0.7308,0.5,1.0
MYS,Malaysia,2022,0.5714,0.6667,0.4667,0.6923,0.5,1.0
MYS,Malaysia,2023,0.5714,0.6667,0.4667,0.6923,0.5,1.0
NAM,Namibia,1999,0.6939,0.5,0.5862,0.85,0.25,1.0
NAM,Namibia,2000,0.6939,0.5,0.5862,0.85,0.25,1.0
NAM,Namibia,2001,0.6939,0.5,0.5862,0.85,0.25,1.0
NAM,Namibia,2002,0.6939,0.5,0.5862,0.85,0.25,1.0
NAM,Namibia,2003,0.6939,0.5,0.5862,0.85,0.25,1.0
NAM,Namibia,2004,0.6939,0.5,0.5862,0.85,0.25,1.0
NAM,Namibia,2005,0.6939,0.5,0.5862,0.85,0.25,1.0
NAM,Namibia,2006,0.68,0.5,0.5517,0.8571,0.25,1.0
NAM,Namibia,2007,0.6346,0.3333,0.4483,0.8696,0.0,1.0
NAM,Namibia,2008,0.6154,0.3333,0.4138,0.8696,0.0,1.0
NAM,Namibia,2009,0.6154,0.3333,0.4138,0.8696,0.0,1.0
NAM,Namibia,2010,0.6154,0.3333,0.4138,0.8696,0.0,1.0
NAM,Namibia,2011,0.5357,0.3333,0.3667,0.7308,0.0,1.0
NAM,Namibia,2012,0.5357,0.3333,0.3667,0.7308,0.0,1.0
NAM,Namibia,2013,0.5357,0.3333,0.3667,0.7308,0.0,1.0
NAM,Namibia,2014,0.625,0.3333,0.4333,0.8462,0.0,1.0
NAM,Namibia,2015,0.625,0.3333,0.4333,0.8462,0.0,1.0
NAM,Namibia,2016,0.625,0.3333,0.4333,0.8462,0.0,1.0
NAM,Namibia,2017,0.5893,0.3333,0.4333,0.7692,0.0,1.0
NAM,Namibia,2018,0.5893,0.3333,0.4333,0.7692,0.0,1.0
NAM,Namibia,2019,0.5893,0.3333,0.4333,0.7692,0.0,1.0
NAM,Namibia,2020,0.5893,0.3333,0.4333,0.7692,0.0,1.0
NAM,Namibia,2021,0.5893,0.3333,0.4333,0.7692,0.0,1.0
NAM,Namibia,2022,0.5714,0.3333,0.4333,0.7308,0.0,1.0
NAM,Namibia,2023,0.5714,0.3333,0.4333,0.7308,0.0,1.0
NER,Niger,1999,0.7358,0.8333,0.5667,0.9565,0.75,1.0
NER,Niger,2000,0.7358,0.8333,0.6,0.913,0.75,1.0
NER,Niger,2001,0.7358,0.8333,0.6,0.913,0.75,1.0
NER,Niger,2002,0.7407,0.8333,0.6,0.9167,0.75,1.0
NER,Niger,2003,0.7407,0.8333,0.6,0.9167,0.75,1.0
NER,Niger,2004,0.7407,0.8333,0.6,0.9167,0.75,1.0
NER,Niger,2005,0.7222,0.6667,0.5667,0.9167,0.5,1.0
NER,Niger,2006,0.7321,0.6667,0.5333,0.9615,0.5,1.0
NER,Niger,2007,0.7321,0.6667,0.5333,0.9615,0.5,1.0
NER,Niger,2008,0.6607,0.6667,0.4,0.9615,0.5,1.0
NER,Niger,2009,0.6786,0.6667,0.4333,0.9615,0.5,1.0
NER,Niger,2010,0.6786,0.6667,0.4333,0.9615,0.5,1.0
NER,Niger,2011,0.6786,0.6667,0.4333,0.9615,0.5,1.0
NER,Niger,2012,0.6786,0.6667,0.4333,0.9615,0.5,1.0
NER,Niger,2013,0.6607,0.5,0.4,0.9615,0.25,1.0
NER,Niger,2014,0.6607,0.5,0.4,0.9615,0.25,1.0
NER,Niger,2015,0.6607,0.5,0.4,0.9615,0.25,1.0
NER,Niger,2016,0.6607,0.5,0.4,0.9615,0.25,1.0
NER,Niger,2017,0.6607,0.5,0.4,0.9615,0.25,1.0
NER,Niger,2018,0.5357,0.5,0.2,0.9231,0.25,1.0
NER,Niger,2019,0.5357,0.5,0.2,0.9231,0.25,1.0
NER,Niger,2020,0.5357,0.5,0.2,0.9231,0.25,1.0
NER,Niger,2021,0.5357,0.5,0.2,0.9231,0.25,1.0
NER,Niger,2022,0.5536,0.5,0.2,0.9615,0.25,1.0
NER,Niger,2023,0.5536,0.5,0.2,0.9615,0.25,1.0
NGA,Nigeria,1999,0.1509,0.1667,0.0667,0.2609,0.25,0.0
NGA,Nigeria,2000,0.2264,0.1667,0.1667,0.3043,0.25,0.0
NGA,Nigeria,2001,0.2222,0.1667,0.1667,0.2917,0.25,0.0
NGA,Nigeria,2002,0.2407,0.1667,0.1667,0.3333,0.25,0.0
NGA,Nigeria,2003,0.2407,0.1667,0.1667,0.3333,0.25,0.0
NGA,Nigeria,2004,0.2407,0.1667,0.1667,0.3333,0.25,0.0
NGA,Nigeria,2005,0.2407,0.1667,0.1667,0.3333,0.25,0.0
NGA,Nigeria,2006,0.2364,0.1667,0.2,0.28,0.25,0.0
NGA,Nigeria,2007,0.2679,0.1667,0.2333,0.3077,0.25,0.0
NGA,Nigeria,2008,0.2857,0.1667,0.2333,0.3462,0.25,0.0
NGA,Nigeria,2009,0.2857,0.1667,0.2333,0.3462,0.25,0.0
NGA,Nigeria,2010,0.2857,0.1667,0.2333,0.3462,0.25,0.0
NGA,Nigeria,2011,0.2679,0.1667,0.2,0.3462,0.25,0.0
NGA,Nigeria,2012,0.2679,0.1667,0.2,0.3462,0.25,0.0
NGA,Nigeria,2013,0.25,0.0,0.1667,0.3462,0.0,0.0
NGA,Nigeria,2014,0.2321,0.0,0.2,0.2692,0.0,0.0
NGA,Nigeria,2015,0.25,0.0,0.1667,0.3462,0.0,0.0
NGA,Nigeria,2016,0.25,0.0,0.1667,0.3462,0.0,0.0
NGA,Nigeria,2017,0.25,0.0,0.1667,0.3462,0.0,0.0
NGA,Nigeria,2018,0.125,0.0,0.0333,0.2308,0.0,0.0
NGA,Nigeria,2019,0.125,0.0,0.0333,0.2308,0.0,0.0
NGA,Nigeria,2020,0.1786,0.0,0.0667,0.3077,0.0,0.0
NGA,Nigeria,2021,0.1607,0.0,0.0333,0.3077,0.0,0.0
NGA,Nigeria,2022,0.1607,0.0,0.0333,0.3077,0.0,0.0
NGA,Nigeria,2023,0.1607,0.0,0.0333,0.3077,0.0,0.0
NIC,Nicaragua,1999,0.0189,0.1667,0.0333,0.0,0.25,0.0
NIC,Nicaragua,2000,0.0189,0.1667,0.0333,0.0,0.25,0.0
NIC,Nicaragua,2001,0.0189,0.1667,0.0333,0.0,0.25,0.0
NIC,Nicaragua,2002,0.1296,0.1667,0.2,0.0417,0.25,0.0
NIC,Nicaragua,2003,0.0556,0.1667,0.0667,0.0417,0.25,0.0
NIC,Nicaragua,2004,0.0556,0.1667,0.0667,0.0417,0.25,0.0
NIC,Nicaragua,2005,0.0556,0.1667,0.0667,0.0417,0.25,0.0
NIC,Nicaragua,2006,0.0357,0.1667,0.0333,0.0385,0.25,0.0
NIC,Nicaragua,2007,0.0536,0.1667,0.0667,0.0385,0.25,0.0
NIC,Nicaragua,2008,0.0536,0.1667,0.0667,0.0385,0.25,0.0
NIC,Nicaragua,2009,0.0893,0.1667,0.1333,0.0385,0.25,0.0
NIC,Nicaragua,2010,0.0893,0.1667,0.1333,0.0385,0.25,0.0
NIC,Nicaragua,2011,0.0893,0.1667,0.1333,0.0385,0.25,0.0
NIC,Nicaragua,2012,0.0893,0.1667,0.1333,0.0385,0.25,0.0
NIC,Nicaragua,2013,0.0893,0.1667,0.1333,0.0385,0.25,0.0
NIC,Nicaragua,2014,0.0893,0.1667,0.1333,0.0385,0.25,0.0
NIC,Nicaragua,2015,0.0893,0.1667,0.1333,0.0385,0.25,0.0
NIC,Nicaragua,2016,0.0893,0.1667,0.1333,0.0385,0.25,0.0
NIC,Nicaragua,2017,0.0893,0.1667,0.1333,0.0385,0.25,0.0
NIC,Nicaragua,2018,0.0893,0.1667,0.1333,0.0385,0.25,0.0
NIC,Nicaragua,2019,0.0893,0.1667,0.1333,0.0385,0.25,0.0
NIC,Nicaragua,2020,0.0893,0.1667,0.1333,0.0385,0.25,0.0
NIC,Nicaragua,2021,0.0893,0.1667,0.1333,0.0385,0.25,0.0
NIC,Nicaragua,2022,0.0893,0.1667,0.1333,0.0385,0.25,0.0
NIC,Nicaragua,2023,0.0893,0.1667,0.1333,0.0385,0.25,0.0
NLD,Netherlands,1999,0.0377,0.1667,0.0667,0.0,0.25,0.0
NLD,Netherlands,2000,0.037,0.1667,0.0667,0.0,0.25,0.0
NLD,Netherlands,2001,0.037,0.1667,0.0667,0.0,0.25,0.0
NLD,Netherlands,2002,0.037,0.1667,0.0667,0.0,0.25,0.0
NLD,Netherlands,2003,0.037,0.1667,0.0667,0.0,0.25,0.0
NLD,Netherlands,2004,0.037,0.1667,0.0667,0.0,0.25,0.0
NLD,Netherlands,2005,0.037,0.1667,0.0667,0.0,0.25,0.0
NLD,Netherlands,2006,0.0357,0.1667,0.0667,0.0,0.25,0.0
NLD,Netherlands,2007,0.0357,0.1667,0.0667,0.0,0.25,0.0
NLD,Netherlands,2008,0.0357,0.1667,0.0667,0.0,0.25,0.0
NLD,Netherlands,2009,0.0357,0.1667,0.0667,0.0,0.25,0.0
NLD,Netherlands,2010,0.0357,0.1667,0.0667,0.0,0.25,0.0
NLD,Netherlands,2011,0.0357,0.1667,0.0667,0.0,0.25,0.0
NLD,Netherlands,2012,0.0357,0.1667,0.0667,0.0,0.25,0.0
NLD,Netherlands,2013,0.0357,0.1667,0.0667,0.0,0.25,0.0
NLD,Netherlands,2014,0.0357,0.1667,0.0667,0.0,0.25,0.0
NLD,Netherlands,2015,0.0357,0.1667,0.0667,0.0,0.25,0.0
NLD,Netherlands,2016,0.0357,0.1667,0.0667,0.0,0.25,0.0
NLD,Netherlands,2017,0.0357,0.1667,0.0667,0.0,0.25,0.0
NLD,Netherlands,2018,0.0357,0.1667,0.0667,0.0,0.25,0.0
NLD,Netherlands,2019,0.0357,0.1667,0.0667,0.0,0.25,0.0
NLD,Netherlands,2020,0.0357,0.1667,0.0667,0.0,0.25,0.0
NLD,Netherlands,2021,0.0357,0.1667,0.0667,0.0,0.25,0.0
NLD,Netherlands,2022,0.0357,0.1667,0.0667,0.0,0.25,0.0
NLD,Netherlands,2023,0.0357,0.1667,0.0667,0.0,0.25,0.0
NLD,Netherlands,2024,0.0357,0.1667,0.0667,0.0,0.25,0.0
NOR,Norway,1999,0.0755,0.3333,0.1333,0.0,0.5,0.0
NOR,Norway,2000,0.0741,0.3333,0.1333,0.0,0.5,0.0
NOR,Norway,2001,0.0741,0.3333,0.1333,0.0,0.5,0.0
NOR,Norway,2002,0.0926,0.3333,0.1333,0.0417,0.5,0.0
NOR,Norway,2003,0.1111,0.3333,0.1667,0.0417,0.5,0.0
NOR,Norway,2004,0.1111,0.3333,0.1667,0.0417,0.5,0.0
NOR,Norway,2005,0.0926,0.3333,0.1333,0.0417,0.5,0.0
NOR,Norway,2006,0.0893,0.3333,0.1333,0.0385,0.5,0.0
NOR,Norway,2007,0.0893,0.3333,0.1333,0.0385,0.5,0.0
NOR,Norway,2008,0.0893,0.3333,0.1333,0.0385,0.5,0.0
NOR,Norway,2009,0.0893,0.3333,0.1333,0.0385,0.5,0.0
NOR,Norway,2010,0.0893,0.3333,0.1333,0.0385,0.5,0.0
NOR,Norway,2011,0.0893,0.3333,0.1333,0.0385,0.5,0.0
NOR,Norway,2012,0.0893,0.3333,0.1333,0.0385,0.5,0.0
NOR,Norway,2013,0.0893,0.3333,0.1333,0.0385,0.5,0.0
NOR,Norway,2014,0.0893,0.3333,0.1333,0.0385,0.5,0.0
NOR,Norway,2015,0.0893,0.3333,0.1333,0.0385,0.5,0.0
NOR,Norway,2016,0.0893,0.3333,0.1333,0.0385,0.5,0.0
NOR,Norway,2017,0.0893,0.3333,0.1333,0.0385,0.5,0.0
NOR,Norway,2018,0.0893,0.3333,0.1333,0.0385,0.5,0.0
NOR,Norway,2019,0.0893,0.3333,0.1333,0.0385,0.5,0.0
NOR,Norway,2020,0.0893,0.3333,0.1333,0.0385,0.5,0.0
NOR,Norway,2021,0.0893,0.3333,0.1333,0.0385,0.5,0.0
NOR,Norway,2022,0.0893,0.3333,0.1333,0.0385,0.5,0.0
NOR,Norway,2023,0.0893,0.3333,0.1333,0.0385,0.5,0.0
NOR,Norway,2024,0.0893,0.3333,0.1333,0.0385,0.5,0.0
NPL,Nepal,1999,0.7045,1.0,0.64,0.7895,1.0,1.0
NPL,Nepal,2000,0.5778,1.0,0.52,0.65,1.0,1.0
NPL,Nepal,2001,0.5778,1.0,0.52,0.65,1.0,1.0
NPL,Nepal,2002,0.5778,1.0,0.52,0.65,1.0,1.0
NPL,Nepal,2003,0.5778,1.0,0.52,0.65,1.0,1.0
NPL,Nepal,2004,0.5778,1.0,0.52,0.65,1.0,1.0
NPL,Nepal,2005,0.5532,1.0,0.5,0.619,1.0,1.0
NPL,Nepal,2006,0.6122,1.0,0.5556,0.6818,1.0,1.0
NPL,Nepal,2007,0.7963,1.0,0.7241,0.88,1.0,1.0
NPL,Nepal,2008,0.7593,1.0,0.6552,0.88,1.0,1.0
NPL,Nepal,2009,0.7778,1.0,0.6897,0.88,1.0,1.0
NPL,Nepal,2010,0.7778,1.0,0.6897,0.88,1.0,1.0
NPL,Nepal,2011,0.7778,1.0,0.6897,0.88,1.0,1.0
NPL,Nepal,2012,0.7818,1.0,0.6897,0.8846,1.0,1.0
NPL,Nepal,2013,0.7636,1.0,0.6552,0.8846,1.0,1.0
NPL,Nepal,2014,0.7636,1.0,0.6552,0.8846,1.0,1.0
NPL,Nepal,2015,0.7679,1.0,0.6667,0.8846,1.0,1.0
NPL,Nepal,2016,0.7679,1.0,0.6667,0.8846,1.0,1.0
NPL,Nepal,2017,0.7679,1.0,0.6667,0.8846,1.0,1.0
NPL,Nepal,2018,0.7679,1.0,0.6667,0.8846,1.0,1.0
NPL,Nepal,2019,0.7679,1.0,0.6667,0.8846,1.0,1.0
NPL,Nepal,2020,0.7679,1.0,0.6667,0.8846,1.0,1.0
NPL,Nepal,2021,0.7679,1.0,0.6667,0.8846,1.0,1.0
NPL,Nepal,2022,0.7857,1.0,0.7,0.8846,1.0,1.0
NPL,Nepal,2023,0.7857,1.0,0.7,0.8846,1.0,1.0
NRU,Nauru,2015,0.5,1.0,1.0,0.0,1.0,
NRU,Nauru,2016,0.5,1.0,1.0,0.0,1.0,
NRU,Nauru,2017,0.5,1.0,1.0,0.0,1.0,
NRU,Nauru,2018,0.5,1.0,1.0,0.0,1.0,
NRU,Nauru,2019,0.5,1.0,1.0,0.0,1.0,
NRU,Nauru,2020,0.1071,0.3333,0.1667,0.0385,0.5,0.0
NRU,Nauru,2021,0.1071,0.3333,0.1667,0.0385,0.5,0.0
NRU,Nauru,2022,0.1071,0.3333,0.1667,0.0385,0.5,0.0
NRU,Nauru,2023,0.1071,0.3333,0.1667,0.0385,0.5,0.0
NZL,New Zealand,1999,0.0566,0.3333,0.1,0.0,0.5,0.0
NZL,New Zealand,2000,0.0566,0.3333,0.1,0.0,0.5,0.0
NZL,New Zealand,2001,0.0566,0.3333,0.1,0.0,0.5,0.0
NZL,New Zealand,2002,0.0741,0.3333,0.1333,0.0,0.5,0.0
NZL,New Zealand,2003,0.0741,0.3333,0.1333,0.0,0.5,0.0
NZL,New Zealand,2004,0.0741,0.3333,0.1333,0.0,0.5,0.0
NZL,New Zealand,2005,0.0741,0.3333,0.1333,0.0,0.5,0.0
NZL,New Zealand,2006,0.0714,0.3333,0.1333,0.0,0.5,0.0
NZL,New Zealand,2007,0.0714,0.3333,0.1333,0.0,0.5,0.0
NZL,New Zealand,2008,0.0714,0.3333,0.1333,0.0,0.5,0.0
NZL,New Zealand,2009,0.0536,0.3333,0.1,0.0,0.5,0.0
NZL,New Zealand,2010,0.0536,0.3333,0.1,0.0,0.5,0.0
NZL,New Zealand,2011,0.0536,0.3333,0.1,0.0,0.5,0.0
NZL,New Zealand,2012,0.0536,0.3333,0.1,0.0,0.5,0.0
NZL,New Zealand,2013,0.0536,0.3333,0.1,0.0,0.5,0.0
NZL,New Zealand,2014,0.0536,0.3333,0.1,0.0,0.5,0.0
NZL,New Zealand,2015,0.0536,0.3333,0.1,0.0,0.5,0.0
NZL,New Zealand,2016,0.0536,0.3333,0.1,0.0,0.5,0.0
NZL,New Zealand,2017,0.0536,0.3333,0.1,0.0,0.5,0.0
NZL,New Zealand,2018,0.0536,0.3333,0.1,0.0,0.5,0.0
NZL,New Zealand,2019,0.0536,0.3333,0.1,0.0,0.5,0.0
NZL,New Zealand,2020,0.0536,0.3333,0.1,0.0,0.5,0.0
NZL,New Zealand,2021,0.0536,0.3333,0.1,0.0,0.5,0.0
NZL,New Zealand,2022,0.0536,0.3333,0.1,0.0,0.5,0.0
NZL,New Zealand,2023,0.0536,0.3333,0.1,0.0,0.5,0.0
OMN,Oman,1999,0.0755,0.5,0.1333,0.0,0.75,0.0
OMN,Oman,2000,0.0755,0.5,0.1333,0.0,0.75,0.0
OMN,Oman,2001,0.0926,0.5,0.1333,0.0417,0.75,0.0
OMN,Oman,2002,0.0926,0.5,0.1333,0.0417,0.75,0.0
OMN,Oman,2003,0.0926,0.5,0.1333,0.0417,0.75,0.0
OMN,Oman,2004,0.0926,0.5,0.1333,0.0417,0.75,0.0
OMN,Oman,2005,0.0926,0.5,0.1333,0.0417,0.75,0.0
OMN,Oman,2006,0.0893,0.5,0.1333,0.0385,0.75,0.0
OMN,Oman,2007,0.0893,0.5,0.1333,0.0385,0.75,0.0
OMN,Oman,2008,0.0893,0.5,0.1333,0.0385,0.75,0.0
OMN,Oman,2009,0.1071,0.5,0.1667,0.0385,0.75,0.0
OMN,Oman,2010,0.1071,0.5,0.1667,0.0385,0.75,0.0
OMN,Oman,2011,0.0893,0.3333,0.1333,0.0385,0.5,0.0
OMN,Oman,2012,0.0893,0.3333,0.1333,0.0385,0.5,0.0
OMN,Oman,2013,0.0893,0.3333,0.1333,0.0385,0.5,0.0
OMN,Oman,2014,0.0893,0.3333,0.1333,0.0385,0.5,0.0
OMN,Oman,2015,0.0893,0.3333,0.1333,0.0385,0.5,0.0
OMN,Oman,2016,0.1071,0.3333,0.1333,0.0769,0.5,0.0
OMN,Oman,2017,0.1071,0.3333,0.1333,0.0769,0.5,0.0
OMN,Oman,2018,0.1071,0.3333,0.1333,0.0769,0.5,0.0
OMN,Oman,2019,0.125,0.5,0.1667,0.0769,0.75,0.0
OMN,Oman,2020,0.125,0.5,0.1667,0.0769,0.75,0.0
OMN,Oman,2021,0.2321,0.8333,0.1667,0.3077,0.75,1.0
OMN,Oman,2022,0.2321,0.8333,0.1667,0.3077,0.75,1.0
OMN,Oman,2023,0.2321,0.8333,0.1667,0.3077,0.75,1.0
PAK,Pakistan,1999,0.6415,0.6667,0.4,0.9565,0.5,1.0
PAK,Pakistan,2000,0.6481,0.6667,0.4,0.9583,0.5,1.0
PAK,Pakistan,2001,0.6481,0.6667,0.4,0.9583,0.5,1.0
PAK,Pakistan,2002,0.6296,0.6667,0.3667,0.9583,0.5,1.0
PAK,Pakistan,2003,0.6471,0.6667,0.3929,0.9565,0.5,1.0
PAK,Pakistan,2004,0.5849,0.5,0.3448,0.875,0.25,1.0
PAK,Pakistan,2005,0.5741,0.5,0.3333,0.875,0.25,1.0
PAK,Pakistan,2006,0.5926,0.5,0.3667,0.875,0.25,1.0
PAK,Pakistan,2007,0.5926,0.5,0.3667,0.875,0.25,1.0
PAK,Pakistan,2008,0.6182,0.5,0.4,0.88,0.25,1.0
PAK,Pakistan,2009,0.6182,0.5,0.4,0.88,0.25,1.0
PAK,Pakistan,2010,0.6071,0.5,0.4,0.8462,0.25,1.0
PAK,Pakistan,2011,0.5893,0.5,0.3667,0.8462,0.25,1.0
PAK,Pakistan,2012,0.5714,0.5,0.3333,0.8462,0.25,1.0
PAK,Pakistan,2013,0.5893,0.5,0.3333,0.8846,0.25,1.0
PAK,Pakistan,2014,0.5893,0.5,0.3333,0.8846,0.25,1.0
PAK,Pakistan,2015,0.5893,0.5,0.3333,0.8846,0.25,1.0
PAK,Pakistan,2016,0.5893,0.5,0.3333,0.8846,0.25,1.0
PAK,Pakistan,2017,0.5893,0.5,0.3333,0.8846,0.25,1.0
PAK,Pakistan,2018,0.5893,0.5,0.3333,0.8846,0.25,1.0
PAK,Pakistan,2019,0.6964,0.5,0.5,0.9231,0.25,1.0
PAK,Pakistan,2020,0.6964,0.5,0.5,0.9231,0.25,1.0
PAK,Pakistan,2021,0.6786,0.5,0.4667,0.9231,0.25,1.0
PAK,Pakistan,2022,0.6786,0.5,0.4667,0.9231,0.25,1.0
PAK,Pakistan,2023,0.6786,0.5,0.4667,0.9231,0.25,1.0
PAN,Panama,1999,0.0,0.0,0.0,0.0,0.0,0.0
PAN,Panama,2000,0.0,0.0,0.0,0.0,0.0,0.0
PAN,Panama,2001,0.0,0.0,0.0,0.0,0.0,0.0
PAN,Panama,2002,0.0,0.0,0.0,0.0,0.0,0.0
PAN,Panama,2003,0.0,0.0,0.0,0.0,0.0,0.0
PAN,Panama,2004,0.0,0.0,0.0,0.0,0.0,0.0
PAN,Panama,2005,0.0,0.0,0.0,0.0,0.0,0.0
PAN,Panama,2006,0.0,0.0,0.0,0.0,0.0,0.0
PAN,Panama,2007,0.0,0.0,0.0,0.0,0.0,0.0
PAN,Panama,2008,0.0,0.0,0.0,0.0,0.0,0.0
PAN,Panama,2009,0.0,0.0,0.0,0.0,0.0,0.0
PAN,Panama,2010,0.0,0.0,0.0,0.0,0.0,0.0
PAN,Panama,2011,0.0,0.0,0.0,0.0,0.0,0.0
PAN,Panama,2012,0.0,0.0,0.0,0.0,0.0,0.0
PAN,Panama,2013,0.0,0.0,0.0,0.0,0.0,0.0
PAN,Panama,2014,0.0,0.0,0.0,0.0,0.0,0.0
PAN,Panama,2015,0.0,0.0,0.0,0.0,0.0,0.0
PAN,Panama,2016,0.0,0.0,0.0,0.0,0.0,0.0
PAN,Panama,2017,0.0,0.0,0.0,0.0,0.0,0.0
PAN,Panama,2018,0.0,0.0,0.0,0.0,0.0,0.0
PAN,Panama,2019,0.0,0.0,0.0,0.0,0.0,0.0
PAN,Panama,2020,0.0,0.0,0.0,0.0,0.0,0.0
PAN,Panama,2021,0.0,0.0,0.0,0.0,0.0,0.0
PAN,Panama,2022,0.0,0.0,0.0,0.0,0.0,0.0
PAN,Panama,2023,0.0,0.0,0.0,0.0,0.0,0.0
PER,Peru,1999,0.0,0.0,0.0,0.0,0.0,0.0
PER,Peru,2000,0.0185,0.0,0.0,0.0417,0.0,0.0
PER,Peru,2001,0.0185,0.0,0.0,0.0417,0.0,0.0
PER,Peru,2002,0.0185,0.0,0.0,0.0417,0.0,0.0
PER,Peru,2003,0.0185,0.0,0.0,0.0417,0.0,0.0
PER,Peru,2004,0.0185,0.0,0.0,0.0417,0.0,0.0
PER,Peru,2005,0.0185,0.0,0.0,0.0417,0.0,0.0
PER,Peru,2006,0.0,0.0,0.0,0.0,0.0,0.0
PER,Peru,2007,0.0179,0.0,0.0333,0.0,0.0,0.0
PER,Peru,2008,0.0357,0.0,0.0667,0.0,0.0,0.0
PER,Peru,2009,0.0357,0.0,0.0667,0.0,0.0,0.0
PER,Peru,2010,0.0179,0.0,0.0333,0.0,0.0,0.0
PER,Peru,2011,0.0357,0.0,0.0333,0.0385,0.0,0.0
PER,Peru,2012,0.0179,0.0,0.0333,0.0,0.0,0.0
PER,Peru,2013,0.0179,0.0,0.0333,0.0,0.0,0.0
PER,Peru,2014,0.0179,0.0,0.0333,0.0,0.0,0.0
PER,Peru,2015,0.0179,0.0,0.0333,0.0,0.0,0.0
PER,Peru,2016,0.0179,0.0,0.0333,0.0,0.0,0.0
PER,Peru,2017,0.0179,0.0,0.0333,0.0,0.0,0.0
PER,Peru,2018,0.0179,0.0,0.0333,0.0,0.0,0.0
PER,Peru,2019,0.0179,0.0,0.0333,0.0,0.0,0.0
PER,Peru,2020,0.0179,0.0,0.0333,0.0,0.0,0.0
PER,Peru,2021,0.0179,0.0,0.0333,0.0,0.0,0.0
PER,Peru,2022,0.0179,0.0,0.0333,0.0,0.0,0.0
PER,Peru,2023,0.0179,0.0,0.0333,0.0,0.0,0.0
PER,Peru,2024,0.0179,0.0,0.0333,0.0,0.0,0.0
PHL,Philippines,1999,0.434,0.6667,0.3,0.6087,0.5,1.0
PHL,Philippines,2000,0.434,0.6667,0.3,0.6087,0.5,1.0
PHL,Philippines,2001,0.434,0.6667,0.3,0.6087,0.5,1.0
PHL,Philippines,2002,0.434,0.6667,0.3,0.6087,0.5,1.0
PHL,Philippines,2003,0.4906,0.6667,0.4,0.6087,0.5,1.0
PHL,Philippines,2004,0.5283,0.6667,0.4667,0.6087,0.5,1.0
PHL,Philippines,2005,0.5849,0.6667,0.5,0.6957,0.5,1.0
PHL,Philippines,2006,0.5091,0.6667,0.4,0.64,0.5,1.0
PHL,Philippines,2007,0.5091,0.6667,0.4,0.64,0.5,1.0
PHL,Philippines,2008,0.5091,0.6667,0.4,0.64,0.5,1.0
PHL,Philippines,2009,0.5091,0.6667,0.4,0.64,0.5,1.0
PHL,Philippines,2010,0.5636,0.6667,0.4,0.76,0.5,1.0
PHL,Philippines,2011,0.5536,0.6667,0.4,0.7308,0.5,1.0
PHL,Philippines,2012,0.5536,0.6667,0.4,0.7308,0.5,1.0
PHL,Philippines,2013,0.5893,0.8333,0.5,0.6923,0.75,1.0
PHL,Philippines,2014,0.5714,0.8333,0.5,0.6538,0.75,1.0
PHL,Philippines,2015,0.6071,0.8333,0.5667,0.6538,0.75,1.0
PHL,Philippines,2016,0.6071,0.8333,0.5667,0.6538,0.75,1.0
PHL,Philippines,2017,0.6071,0.8333,0.5667,0.6538,0.75,1.0
PHL,Philippines,2018,0.6071,0.8333,0.5667,0.6538,0.75,1.0
PHL,Philippines,2019,0.6071,0.8333,0.5667,0.6538,0.75,1.0
PHL,Philippines,2020,0.6071,0.8333,0.5667,0.6538,0.75,1.0
PHL,Philippines,2021,0.6071,0.8333,0.5667,0.6538,0.75,1.0
PHL,Philippines,2022,0.6071,0.8333,0.5667,0.6538,0.75,1.0
PHL,Philippines,2023,0.6071,0.8333,0.5667,0.6538,0.75,1.0
PLW,Palau,1999,0.1373,0.3333,0.2333,0.0,0.5,0.0
PLW,Palau,2000,0.1373,0.3333,0.2333,0.0,0.5,0.0
PLW,Palau,2001,0.1373,0.3333,0.2333,0.0,0.5,0.0
PLW,Palau,2002,0.1373,0.3333,0.2333,0.0,0.5,0.0
PLW,Palau,2003,0.1373,0.3333,0.2333,0.0,0.5,0.0
PLW,Palau,2004,0.1373,0.3333,0.2333,0.0,0.5,0.0
PLW,Palau,2005,0.1373,0.3333,0.2333,0.0,0.5,0.0
PLW,Palau,2006,0.1321,0.3333,0.2333,0.0,0.5,0.0
PLW,Palau,2007,0.1321,0.3333,0.2333,0.0,0.5,0.0
PLW,Palau,2008,0.1321,0.3333,0.2333,0.0,0.5,0.0
PLW,Palau,2009,0.1321,0.3333,0.2333,0.0,0.5,0.0
PLW,Palau,2010,0.1321,0.3333,0.2333,0.0,0.5,0.0
PLW,Palau,2011,0.1321,0.3333,0.2333,0.0,0.5,0.0
PLW,Palau,2012,0.1321,0.3333,0.2333,0.0,0.5,0.0
PLW,Palau,2013,0.0357,0.3333,0.0667,0.0,0.5,0.0
PLW,Palau,2014,0.0357,0.3333,0.0667,0.0,0.5,0.0
PLW,Palau,2015,0.0357,0.3333,0.0667,0.0,0.5,0.0
PLW,Palau,2016,0.0357,0.3333,0.0667,0.0,0.5,0.0
PLW,Palau,2017,0.0357,0.3333,0.0667,0.0,0.5,0.0
PLW,Palau,2018,0.0357,0.3333,0.0667,0.0,0.5,0.0
PLW,Palau,2019,0.0357,0.3333,0.0667,0.0,0.5,0.0
PLW,Palau,2020,0.0357,0.3333,0.0667,0.0,0.5,0.0
PLW,Palau,2021,0.0357,0.3333,0.0667,0.0,0.5,0.0
PLW,Palau,2022,0.0357,0.3333,0.0667,0.0,0.5,0.0
PLW,Palau,2023,0.0357,0.3333,0.0667,0.0,0.5,0.0
PNG,Papua New Guinea,1999,0.4043,0.3333,0.1538,0.7143,0.0,1.0
PNG,Papua New Guinea,2000,0.4043,0.3333,0.1538,0.7143,0.0,1.0
PNG,Papua New Guinea,2001,0.5556,0.5,0.3667,0.7917,0.25,1.0
PNG,Papua New Guinea,2002,0.5556,0.5,0.3667,0.7917,0.25,1.0
PNG,Papua New Guinea,2003,0.6667,0.6667,0.5667,0.7917,0.5,1.0
PNG,Papua New Guinea,2004,0.7358,0.6667,0.6552,0.8333,0.5,1.0
PNG,Papua New Guinea,2005,0.6226,0.8333,0.5862,0.6667,0.75,1.0
PNG,Papua New Guinea,2006,0.6727,1.0,0.6897,0.6538,1.0,1.0
PNG,Papua New Guinea,2007,0.0364,0.0,0.0,0.0769,0.0,0.0
PNG,Papua New Guinea,2008,0.0357,0.0,0.0,0.0769,0.0,0.0
PNG,Papua New Guinea,2009,0.0357,0.0,0.0,0.0769,0.0,0.0
PNG,Papua New Guinea,2010,0.0357,0.0,0.0,0.0769,0.0,0.0
PNG,Papua New Guinea,2011,0.0357,0.0,0.0,0.0769,0.0,0.0
PNG,Papua New Guinea,2012,0.0357,0.0,0.0,0.0769,0.0,0.0
PNG,Papua New Guinea,2013,0.0357,0.0,0.0,0.0769,0.0,0.0
PNG,Papua New Guinea,2014,0.0357,0.0,0.0,0.0769,0.0,0.0
PNG,Papua New Guinea,2015,0.0357,0.0,0.0,0.0769,0.0,0.0
PNG,Papua New Guinea,2016,0.0714,0.0,0.0,0.1538,0.0,0.0
PNG,Papua New Guinea,2017,0.0714,0.0,0.0,0.1538,0.0,0.0
PNG,Papua New Guinea,2018,0.0714,0.0,0.0,0.1538,0.0,0.0
PNG,Papua New Guinea,2019,0.0893,0.0,0.0,0.1923,0.0,0.0
PNG,Papua New Guinea,2020,0.0893,0.0,0.0,0.1923,0.0,0.0
PNG,Papua New Guinea,2021,0.125,0.0,0.0,0.2692,0.0,0.0
PNG,Papua New Guinea,2022,0.1964,0.0,0.0667,0.3462,0.0,0.0
PNG,Papua New Guinea,2023,0.1964,0.0,0.0667,0.3462,0.0,0.0
PNG,Papua New Guinea,2024,0.1964,0.0,0.0667,0.3462,0.0,0.0
POL,Poland,1999,0.6981,0.8333,0.6,0.8261,0.75,1.0
POL,Poland,2000,0.6981,0.8333,0.6,0.8261,0.75,1.0
POL,Poland,2001,0.7037,0.8333,0.6333,0.7917,0.75,1.0
POL,Poland,2002,0.4444,0.8333,0.3667,0.5417,0.75,1.0
POL,Poland,2003,0.4444,0.8333,0.3667,0.5417,0.75,1.0
POL,Poland,2004,0.5185,0.8333,0.4,0.6667,0.75,1.0
POL,Poland,2005,0.537,0.8333,0.4333,0.6667,0.75,1.0
POL,Poland,2006,0.5179,0.8333,0.4333,0.6154,0.75,1.0
POL,Poland,2007,0.4286,0.8333,0.3333,0.5385,0.75,1.0
POL,Poland,2008,0.3929,0.6667,0.3333,0.4615,0.75,0.5
POL,Poland,2009,0.4464,0.8333,0.3333,0.5769,0.75,1.0
POL,Poland,2010,0.4464,0.8333,0.3333,0.5769,0.75,1.0
POL,Poland,2011,0.4464,0.8333,0.3333,0.5769,0.75,1.0
POL,Poland,2012,0.4464,0.6667,0.3333,0.5769,0.5,1.0
POL,Poland,2013,0.4107,0.6667,0.3,0.5385,0.5,1.0
POL,Poland,2014,0.4286,0.6667,0.3,0.5769,0.5,1.0
POL,Poland,2015,0.4286,0.6667,0.3,0.5769,0.5,1.0
POL,Poland,2016,0.4286,0.6667,0.3,0.5769,0.5,1.0
POL,Poland,2017,0.4286,0.6667,0.3,0.5769,0.5,1.0
POL,Poland,2018,0.4286,0.6667,0.3,0.5769,0.5,1.0
POL,Poland,2019,0.4286,0.6667,0.3,0.5769,0.5,1.0
POL,Poland,2020,0.4286,0.6667,0.3,0.5769,0.5,1.0
POL,Poland,2021,0.4286,0.6667,0.3,0.5769,0.5,1.0
POL,Poland,2022,0.4286,0.6667,0.3,0.5769,0.5,1.0
POL,Poland,2023,0.4286,0.6667,0.3,0.5769,0.5,1.0
POL,Poland,2024,0.4286,0.6667,0.3,0.5769,0.5,1.0
PRT,Portugal,1999,0.1698,0.5,0.0333,0.3478,0.25,1.0
PRT,Portugal,2000,0.2593,0.5,0.1,0.4583,0.25,1.0
PRT,Portugal,2001,0.2963,0.5,0.1667,0.4583,0.25,1.0
PRT,Portugal,2002,0.2963,0.5,0.1667,0.4583,0.25,1.0
PRT,Portugal,2003,0.2963,0.5,0.1667,0.4583,0.25,1.0
PRT,Portugal,2004,0.2963,0.5,0.1667,0.4583,0.25,1.0
PRT,Portugal,2005,0.2963,0.5,0.1667,0.4583,0.25,1.0
PRT,Portugal,2006,0.1607,0.3333,0.1667,0.1538,0.25,0.5
PRT,Portugal,2007,0.1607,0.3333,0.1667,0.1538,0.25,0.5
PRT,Portugal,2008,0.1607,0.3333,0.1667,0.1538,0.25,0.5
PRT,Portugal,2009,0.1607,0.3333,0.1667,0.1538,0.25,0.5
PRT,Portugal,2010,0.1607,0.3333,0.1667,0.1538,0.25,0.5
PRT,Portugal,2011,0.1607,0.3333,0.1667,0.1538,0.25,0.5
PRT,Portugal,2012,0.1607,0.3333,0.1667,0.1538,0.25,0.5
PRT,Portugal,2013,0.1786,0.3333,0.1667,0.1923,0.25,0.5
PRT,Portugal,2014,0.1786,0.3333,0.1667,0.1923,0.25,0.5
PRT,Portugal,2015,0.1786,0.3333,0.1667,0.1923,0.25,0.5
PRT,Portugal,2016,0.1786,0.3333,0.1667,0.1923,0.25,0.5
PRT,Portugal,2017,0.1964,0.3333,0.2,0.1923,0.25,0.5
PRT,Portugal,2018,0.0536,0.3333,0.0333,0.0769,0.25,0.5
PRT,Portugal,2019,0.0536,0.3333,0.0333,0.0769,0.25,0.5
PRT,Portugal,2020,0.0536,0.3333,0.0333,0.0769,0.25,0.5
PRT,Portugal,2021,0.0536,0.3333,0.0333,0.0769,0.25,0.5
PRT,Portugal,2022,0.0536,0.3333,0.0333,0.0769,0.25,0.5
PRT,Portugal,2023,0.0536,0.3333,0.0333,0.0769,0.25,0.5
PRT,Portugal,2024,0.0536,0.3333,0.0333,0.0769,0.25,0.5
PRY,Paraguay,1999,0.0377,0.0,0.0333,0.0435,0.0,0.0
PRY,Paraguay,2000,0.0377,0.0,0.0333,0.0435,0.0,0.0
PRY,Paraguay,2001,0.0377,0.0,0.0333,0.0435,0.0,0.0
PRY,Paraguay,2002,0.0196,0.0,0.0333,0.0,0.0,0.0
PRY,Paraguay,2003,0.0,0.0,0.0,0.0,0.0,0.0
PRY,Paraguay,2004,0.0392,0.0,0.0667,0.0,0.0,0.0
PRY,Paraguay,2005,0.0392,0.0,0.0667,0.0,0.0,0.0
PRY,Paraguay,2006,0.0755,0.0,0.0667,0.087,0.0,0.0
PRY,Paraguay,2007,0.0893,0.1667,0.0667,0.1154,0.25,0.0
PRY,Paraguay,2008,0.0893,0.1667,0.0667,0.1154,0.25,0.0
PRY,Paraguay,2009,0.0893,0.1667,0.0667,0.1154,0.25,0.0
PRY,Paraguay,2010,0.0893,0.1667,0.0667,0.1154,0.25,0.0
PRY,Paraguay,2011,0.1607,0.1667,0.1667,0.1538,0.25,0.0
PRY,Paraguay,2012,0.1607,0.1667,0.1667,0.1538,0.25,0.0
PRY,Paraguay,2013,0.125,0.1667,0.1333,0.1154,0.25,0.0
PRY,Paraguay,2014,0.1607,0.1667,0.1667,0.1538,0.25,0.0
PRY,Paraguay,2015,0.125,0.1667,0.1,0.1538,0.25,0.0
PRY,Paraguay,2016,0.1429,0.1667,0.1,0.1923,0.25,0.0
PRY,Paraguay,2017,0.1429,0.1667,0.1,0.1923,0.25,0.0
PRY,Paraguay,2018,0.1607,0.1667,0.1,0.2308,0.25,0.0
PRY,Paraguay,2019,0.2143,0.1667,0.2,0.2308,0.25,0.0
PRY,Paraguay,2020,0.2143,0.1667,0.2,0.2308,0.25,0.0
PRY,Paraguay,2021,0.2143,0.1667,0.1667,0.2692,0.25,0.0
PRY,Paraguay,2022,0.2143,0.1667,0.1667,0.2692,0.25,0.0
PRY,Paraguay,2023,0.2143,0.1667,0.1667,0.2692,0.25,0.0
PRY,Paraguay,2024,0.2143,0.1667,0.1667,0.2692,0.25,0.0
QAT,Qatar,1999,0.0755,0.1667,0.1,0.0435,0.25,0.0
QAT,Qatar,2000,0.0755,0.1667,0.1,0.0435,0.25,0.0
QAT,Qatar,2001,0.0943,0.3333,0.1333,0.0435,0.5,0.0
QAT,Qatar,2002,0.0943,0.3333,0.1333,0.0435,0.5,0.0
QAT,Qatar,2003,0.0943,0.3333,0.1333,0.0435,0.5,0.0
QAT,Qatar,2004,0.0943,0.3333,0.1333,0.0435,0.5,0.0
QAT,Qatar,2005,0.1509,0.3333,0.1667,0.1304,0.5,0.0
QAT,Qatar,2006,0.1455,0.3333,0.1667,0.12,0.5,0.0
QAT,Qatar,2007,0.1455,0.3333,0.1667,0.12,0.5,0.0
QAT,Qatar,2008,0.1455,0.3333,0.1333,0.16,0.5,0.0
QAT,Qatar,2009,0.1455,0.3333,0.1333,0.16,0.5,0.0
QAT,Qatar,2010,0.1455,0.3333,0.1333,0.16,0.5,0.0
QAT,Qatar,2011,0.1455,0.3333,0.1333,0.16,0.5,0.0
QAT,Qatar,2012,0.1455,0.3333,0.1333,0.16,0.5,0.0
QAT,Qatar,2013,0.1455,0.3333,0.1333,0.16,0.5,0.0
QAT,Qatar,2014,0.1455,0.3333,0.1333,0.16,0.5,0.0
QAT,Qatar,2015,0.1455,0.3333,0.1333,0.16,0.5,0.0
QAT,Qatar,2016,0.1455,0.3333,0.1333,0.16,0.5,0.0
QAT,Qatar,2017,0.1455,0.3333,0.1333,0.16,0.5,0.0
QAT,Qatar,2018,0.1607,0.3333,0.1667,0.1538,0.5,0.0
QAT,Qatar,2019,0.1429,0.3333,0.1333,0.1538,0.5,0.0
QAT,Qatar,2020,0.1786,0.3333,0.2,0.1538,0.5,0.0
QAT,Qatar,2021,0.1786,0.3333,0.2,0.1538,0.5,0.0
QAT,Qatar,2022,0.1786,0.3333,0.2,0.1538,0.5,0.0
QAT,Qatar,2023,0.1636,0.3333,0.2,0.12,0.5,0.0
ROU,Romania,1999,0.6531,0.5,0.5,0.8261,0.25,1.0
ROU,Romania,2000,0.66,0.5,0.5,0.8333,0.25,1.0
ROU,Romania,2001,0.52,0.3333,0.3846,0.6667,0.5,0.0
ROU,Romania,2002,0.36,0.3333,0.2692,0.4583,0.5,0.0
ROU,Romania,2003,0.3,0.3333,0.2692,0.3333,0.5,0.0
ROU,Romania,2004,0.24,0.3333,0.2692,0.2083,0.5,0.0
ROU,Romania,2005,0.22,0.3333,0.2692,0.1667,0.5,0.0
ROU,Romania,2006,0.0577,0.3333,0.1154,0.0,0.5,0.0
ROU,Romania,2007,0.0385,0.1667,0.0769,0.0,0.25,0.0
ROU,Romania,2008,0.0357,0.1667,0.0667,0.0,0.25,0.0
ROU,Romania,2009,0.0357,0.1667,0.0667,0.0,0.25,0.0
ROU,Romania,2010,0.0357,0.1667,0.0667,0.0,0.25,0.0
ROU,Romania,2011,0.0357,0.1667,0.0667,0.0,0.25,0.0
ROU,Romania,2012,0.0357,0.1667,0.0667,0.0,0.25,0.0
ROU,Romania,2013,0.0179,0.0,0.0333,0.0,0.0,0.0
ROU,Romania,2014,0.0179,0.0,0.0333,0.0,0.0,0.0
ROU,Romania,2015,0.0179,0.0,0.0333,0.0,0.0,0.0
ROU,Romania,2016,0.0179,0.0,0.0333,0.0,0.0,0.0
ROU,Romania,2017,0.0179,0.0,0.0333,0.0,0.0,0.0
ROU,Romania,2018,0.0179,0.0,0.0333,0.0,0.0,0.0
ROU,Romania,2019,0.0179,0.0,0.0333,0.0,0.0,0.0
ROU,Romania,2020,0.1429,0.3333,0.1,0.1923,0.5,0.0
ROU,Romania,2021,0.1429,0.3333,0.1,0.1923,0.5,0.0
ROU,Romania,2022,0.1786,0.3333,0.1667,0.1923,0.5,0.0
ROU,Romania,2023,0.1786,0.3333,0.1667,0.1923,0.5,0.0
ROU,Romania,2024,0.1786,0.3333,0.1667,0.1923,0.5,0.0
RUS,Russia,1999,0.7609,1.0,0.64,0.9048,1.0,1.0
RUS,Russia,2000,0.7609,1.0,0.64,0.9048,1.0,1.0
RUS,Russia,2001,0.6863,0.8333,0.5556,0.8333,0.75,1.0
RUS,Russia,2002,0.6481,0.5,0.5333,0.7917,0.25,1.0
RUS,Russia,2003,0.5926,0.5,0.4333,0.7917,0.25,1.0
RUS,Russia,2004,0.5556,0.3333,0.4,0.75,0.25,0.5
RUS,Russia,2005,0.5741,0.3333,0.4333,0.75,0.25,0.5
RUS,Russia,2006,0.5179,0.3333,0.4333,0.6154,0.25,0.5
RUS,Russia,2007,0.5179,0.3333,0.4333,0.6154,0.25,0.5
RUS,Russia,2008,0.375,0.3333,0.3,0.4615,0.25,0.5
RUS,Russia,2009,0.1607,0.3333,0.2,0.1154,0.25,0.5
RUS,Russia,2010,0.25,0.3333,0.2667,0.2308,0.25,0.5
RUS,Russia,2011,0.25,0.3333,0.2667,0.2308,0.25,0.5
RUS,Russia,2012,0.25,0.3333,0.2667,0.2308,0.25,0.5
RUS,Russia,2013,0.2321,0.3333,0.2333,0.2308,0.25,0.5
RUS,Russia,2014,0.2321,0.3333,0.2333,0.2308,0.25,0.5
RUS,Russia,2015,0.2321,0.3333,0.2333,0.2308,0.25,0.5
RUS,Russia,2016,0.2857,0.5,0.2667,0.3077,0.5,0.5
RUS,Russia,2017,0.2857,0.5,0.2667,0.3077,0.5,0.5
RUS,Russia,2018,0.3929,0.5,0.3,0.5,0.5,0.5
RUS,Russia,2019,0.3929,0.5,0.3,0.5,0.5,0.5
RUS,Russia,2020,0.3929,0.5,0.3,0.5,0.5,0.5
RUS,Russia,2021,0.3929,0.5,0.3,0.5,0.5,0.5
RUS,Russia,2022,0.5714,0.8333,0.5333,0.6154,1.0,0.5
RUS,Russia,2023,0.6429,1.0,0.5667,0.7308,1.0,1.0
RUS,Russia,2024,0.6429,1.0,0.5667,0.7308,1.0,1.0
RWA,Rwanda,1999,0.4528,0.5,0.3,0.6522,0.25,1.0
RWA,Rwanda,2000,0.4528,0.5,0.3,0.6522,0.25,1.0
RWA,Rwanda,2001,0.4528,0.5,0.3,0.6522,0.25,1.0
RWA,Rwanda,2002,0.566,0.3333,0.4333,0.7391,0.0,1.0
RWA,Rwanda,2003,0.566,0.3333,0.4333,0.7391,0.0,1.0
RWA,Rwanda,2004,0.4717,0.1667,0.3667,0.6087,0.0,0.5
RWA,Rwanda,2005,0.4717,0.1667,0.3667,0.6087,0.0,0.5
RWA,Rwanda,2006,0.4681,0.1667,0.4074,0.55,0.0,0.5
RWA,Rwanda,2007,0.4894,0.1667,0.3704,0.65,0.0,0.5
RWA,Rwanda,2008,0.52,0.1667,0.3929,0.6818,0.0,0.5
RWA,Rwanda,2009,0.5192,0.1667,0.4,0.6818,0.0,0.5
RWA,Rwanda,2010,0.0943,0.0,0.0667,0.1304,0.0,0.0
RWA,Rwanda,2011,0.0893,0.0,0.0667,0.1154,0.0,0.0
RWA,Rwanda,2012,0.0357,0.0,0.0333,0.0385,0.0,0.0
RWA,Rwanda,2013,0.0357,0.0,0.0333,0.0385,0.0,0.0
RWA,Rwanda,2014,0.0179,0.0,0.0,0.0385,0.0,0.0
RWA,Rwanda,2015,0.0179,0.0,0.0,0.0385,0.0,0.0
RWA,Rwanda,2016,0.0179,0.0,0.0,0.0385,0.0,0.0
RWA,Rwanda,2017,0.0179,0.0,0.0,0.0385,0.0,0.0
RWA,Rwanda,2018,0.0179,0.0,0.0,0.0385,0.0,0.0
RWA,Rwanda,2019,0.0179,0.0,0.0,0.0385,0.0,0.0
RWA,Rwanda,2020,0.0179,0.0,0.0,0.0385,0.0,0.0
RWA,Rwanda,2021,0.0179,0.0,0.0,0.0385,0.0,0.0
RWA,Rwanda,2022,0.0179,0.0,0.0,0.0385,0.0,0.0
RWA,Rwanda,2023,0.0179,0.0,0.0,0.0385,0.0,0.0
SAU,Saudi Arabia,1999,0.3962,0.5,0.4333,0.3478,0.75,0.0
SAU,Saudi Arabia,2000,0.3889,0.3333,0.4,0.375,0.5,0.0
SAU,Saudi Arabia,2001,0.3889,0.3333,0.4,0.375,0.5,0.0
SAU,Saudi Arabia,2002,0.3889,0.3333,0.4,0.375,0.5,0.0
SAU,Saudi Arabia,2003,0.3889,0.3333,0.4,0.375,0.5,0.0
SAU,Saudi Arabia,2004,0.3889,0.3333,0.4,0.375,0.5,0.0
SAU,Saudi Arabia,2005,0.3704,0.3333,0.3667,0.375,0.5,0.0
SAU,Saudi Arabia,2006,0.3571,0.3333,0.3667,0.3462,0.5,0.0
SAU,Saudi Arabia,2007,0.3571,0.3333,0.3667,0.3462,0.5,0.0
SAU,Saudi Arabia,2008,0.3571,0.3333,0.3667,0.3462,0.5,0.0
SAU,Saudi Arabia,2009,0.3393,0.3333,0.3333,0.3462,0.5,0.0
SAU,Saudi Arabia,2010,0.3571,0.3333,0.3667,0.3462,0.5,0.0
SAU,Saudi Arabia,2011,0.375,0.3333,0.4,0.3462,0.5,0.0
SAU,Saudi Arabia,2012,0.3571,0.3333,0.3667,0.3462,0.5,0.0
SAU,Saudi Arabia,2013,0.3929,0.3333,0.3667,0.4231,0.5,0.0
SAU,Saudi Arabia,2014,0.3929,0.3333,0.3667,0.4231,0.5,0.0
SAU,Saudi Arabia,2015,0.3929,0.3333,0.3667,0.4231,0.5,0.0
SAU,Saudi Arabia,2016,0.4107,0.3333,0.4,0.4231,0.5,0.0
SAU,Saudi Arabia,2017,0.4286,0.5,0.4,0.4615,0.5,0.5
SAU,Saudi Arabia,2018,0.4464,0.5,0.4,0.5,0.5,0.5
SAU,Saudi Arabia,2019,0.4286,0.5,0.4,0.4615,0.5,0.5
SAU,Saudi Arabia,2020,0.4464,0.5,0.4333,0.4615,0.5,0.5
SAU,Saudi Arabia,2021,0.4464,0.5,0.4333,0.4615,0.5,0.5
SAU,Saudi Arabia,2022,0.4643,0.5,0.4667,0.4615,0.5,0.5
SAU,Saudi Arabia,2023,0.4643,0.5,0.4667,0.4615,0.5,0.5
SDN,Sudan,1999,0.0755,0.0,0.0667,0.087,0.0,0.0
SDN,Sudan,2000,0.0943,0.0,0.1,0.087,0.0,0.0
SDN,Sudan,2001,0.0943,0.0,0.1,0.087,0.0,0.0
SDN,Sudan,2002,0.6136,0.6,0.56,0.6842,0.3333,1.0
SDN,Sudan,2003,0.5909,0.6,0.52,0.6842,0.3333,1.0
SDN,Sudan,2004,0.6,0.6667,0.48,0.75,0.5,1.0
SDN,Sudan,2005,0.6,0.6667,0.48,0.75,0.5,1.0
SDN,Sudan,2006,0.5745,0.6667,0.44,0.7273,0.5,1.0
SDN,Sudan,2007,0.5,0.6667,0.4348,0.5714,0.5,1.0
SDN,Sudan,2008,0.5455,0.6667,0.5217,0.5714,0.5,1.0
SDN,Sudan,2009,0.5455,0.6667,0.5217,0.5714,0.5,1.0
SDN,Sudan,2010,0.1042,0.0,0.0385,0.1818,0.0,0.0
SDN,Sudan,2011,0.2083,0.0,0.1538,0.2727,0.0,0.0
SDN,Sudan,2012,0.2292,0.0,0.1923,0.2727,0.0,0.0
SDN,Sudan,2013,0.2708,0.0,0.1923,0.3636,0.0,0.0
SDN,Sudan,2014,0.2708,0.0,0.1923,0.3636,0.0,0.0
SDN,Sudan,2015,0.3333,0.0,0.2692,0.4091,0.0,0.0
SDN,Sudan,2016,0.3125,0.0,0.2308,0.4091,0.0,0.0
SDN,Sudan,2017,0.3125,0.0,0.2308,0.4091,0.0,0.0
SDN,Sudan,2018,0.3125,0.0,0.2308,0.4091,0.0,0.0
SDN,Sudan,2019,0.3542,0.0,0.2308,0.5,0.0,0.0
SDN,Sudan,2020,0.3542,0.0,0.2308,0.5,0.0,0.0
SDN,Sudan,2021,0.3542,0.0,0.2308,0.5,0.0,0.0
SDN,Sudan,2022,0.3542,0.0,0.2308,0.5,0.0,0.0
SDN,Sudan,2023,0.3542,0.0,0.2308,0.5,0.0,0.0
SEN,Senegal,1999,0.6981,1.0,0.5333,0.913,1.0,1.0
SEN,Senegal,2000,0.7736,1.0,0.6667,0.913,1.0,1.0
SEN,Senegal,2001,0.7778,1.0,0.6667,0.9167,1.0,1.0
SEN,Senegal,2002,0.6852,1.0,0.5,0.9167,1.0,1.0
SEN,Senegal,2003,0.7037,1.0,0.5333,0.9167,1.0,1.0
SEN,Senegal,2004,0.7593,1.0,0.6,0.9583,1.0,1.0
SEN,Senegal,2005,0.6852,0.6667,0.4667,0.9583,0.5,1.0
SEN,Senegal,2006,0.6786,0.5,0.4333,0.9615,0.25,1.0
SEN,Senegal,2007,0.6429,0.5,0.3667,0.9615,0.25,1.0
SEN,Senegal,2008,0.6429,0.5,0.3667,0.9615,0.25,1.0
SEN,Senegal,2009,0.625,0.5,0.3333,0.9615,0.25,1.0
SEN,Senegal,2010,0.625,0.5,0.3333,0.9615,0.25,1.0
SEN,Senegal,2011,0.625,0.5,0.3333,0.9615,0.25,1.0
SEN,Senegal,2012,0.625,0.5,0.3333,0.9615,0.25,1.0
SEN,Senegal,2013,0.625,0.5,0.3333,0.9615,0.25,1.0
SEN,Senegal,2014,0.625,0.5,0.3333,0.9615,0.25,1.0
SEN,Senegal,2015,0.625,0.5,0.3333,0.9615,0.25,1.0
SEN,Senegal,2016,0.625,0.5,0.3333,0.9615,0.25,1.0
SEN,Senegal,2017,0.625,0.5,0.3333,0.9615,0.25,1.0
SEN,Senegal,2018,0.5179,0.3333,0.1667,0.9231,0.0,1.0
SEN,Senegal,2019,0.5179,0.3333,0.1667,0.9231,0.0,1.0
SEN,Senegal,2020,0.5179,0.3333,0.1667,0.9231,0.0,1.0
SEN,Senegal,2021,0.5179,0.3333,0.1667,0.9231,0.0,1.0
SEN,Senegal,2022,0.5536,0.3333,0.2,0.9615,0.0,1.0
SEN,Senegal,2023,0.5536,0.3333,0.2,0.9615,0.0,1.0
SGP,Singapore,1999,0.1346,0.4,0.1034,0.1739,0.3333,0.5
SGP,Singapore,2000,0.1698,0.4,0.1034,0.25,0.3333,0.5
SGP,Singapore,2001,0.1321,0.4,0.069,0.2083,0.3333,0.5
SGP,Singapore,2002,0.1132,0.4,0.0345,0.2083,0.3333,0.5
SGP,Singapore,2003,0.0943,0.4,0.0345,0.1667,0.3333,0.5
SGP,Singapore,2004,0.0755,0.2,0.0345,0.125,0.3333,0.0
SGP,Singapore,2005,0.0755,0.2,0.0345,0.125,0.3333,0.0
SGP,Singapore,2006,0.0727,0.2,0.0345,0.1154,0.3333,0.0
SGP,Singapore,2007,0.0727,0.2,0.0345,0.1154,0.3333,0.0
SGP,Singapore,2008,0.1071,0.3333,0.0667,0.1538,0.5,0.0
SGP,Singapore,2009,0.0536,0.3333,0.0667,0.0385,0.5,0.0
SGP,Singapore,2010,0.0536,0.3333,0.0667,0.0385,0.5,0.0
SGP,Singapore,2011,0.0536,0.3333,0.0667,0.0385,0.5,0.0
SGP,Singapore,2012,0.0536,0.3333,0.0667,0.0385,0.5,0.0
SGP,Singapore,2013,0.0536,0.3333,0.0667,0.0385,0.5,0.0
SGP,Singapore,2014,0.0536,0.3333,0.0667,0.0385,0.5,0.0
SGP,Singapore,2015,0.0536,0.3333,0.0667,0.0385,0.5,0.0
SGP,Singapore,2016,0.0536,0.3333,0.0667,0.0385,0.5,0.0
SGP,Singapore,2017,0.0536,0.3333,0.0667,0.0385,0.5,0.0
SGP,Singapore,2018,0.0536,0.3333,0.0667,0.0385,0.5,0.0
SGP,Singapore,2019,0.0536,0.3333,0.0667,0.0385,0.5,0.0
SGP,Singapore,2020,0.0536,0.3333,0.0667,0.0385,0.5,0.0
SGP,Singapore,2021,0.0536,0.3333,0.0667,0.0385,0.5,0.0
SGP,Singapore,2022,0.0536,0.3333,0.0667,0.0385,0.5,0.0
SGP,Singapore,2023,0.0536,0.3333,0.0667,0.0385,0.5,0.0
SLB,Solomon Islands,1999,0.8077,0.6667,0.7241,0.913,0.5,1.0
SLB,Solomon Islands,2000,0.7925,0.6667,0.7241,0.875,0.5,1.0
SLB,Solomon Islands,2001,0.7925,0.6667,0.7241,0.875,0.5,1.0
SLB,Solomon Islands,2002,0.7925,0.6667,0.7241,0.875,0.5,1.0
SLB,Solomon Islands,2003,0.7925,0.6667,0.7241,0.875,0.5,1.0
SLB,Solomon Islands,2004,0.7925,0.6667,0.7241,0.875,0.5,1.0
SLB,Solomon Islands,2005,0.7925,0.6667,0.7241,0.875,0.5,1.0
SLB,Solomon Islands,2006,0.7925,0.6667,0.7241,0.875,0.5,1.0
SLB,Solomon Islands,2007,0.7925,0.6667,0.7241,0.875,0.5,1.0
SLB,Solomon Islands,2008,0.7679,1.0,0.7,0.8462,1.0,1.0
SLB,Solomon Islands,2009,0.7679,1.0,0.7,0.8462,1.0,1.0
SLB,Solomon Islands,2010,0.7679,1.0,0.7,0.8462,1.0,1.0
SLB,Solomon Islands,2011,0.7679,1.0,0.7,0.8462,1.0,1.0
SLB,Solomon Islands,2012,0.7679,1.0,0.7,0.8462,1.0,1.0
SLB,Solomon Islands,2013,0.75,1.0,0.6667,0.8462,1.0,1.0
SLB,Solomon Islands,2014,0.7679,1.0,0.7,0.8462,1.0,1.0
SLB,Solomon Islands,2015,0.7679,1.0,0.7,0.8462,1.0,1.0
SLB,Solomon Islands,2016,0.7679,1.0,0.7,0.8462,1.0,1.0
SLB,Solomon Islands,2017,0.7679,1.0,0.7,0.8462,1.0,1.0
SLB,Solomon Islands,2018,0.7679,1.0,0.7,0.8462,1.0,1.0
SLB,Solomon Islands,2019,0.75,1.0,0.6667,0.8462,1.0,1.0
SLB,Solomon Islands,2020,0.7679,1.0,0.7,0.8462,1.0,1.0
SLB,Solomon Islands,2021,0.7679,1.0,0.7,0.8462,1.0,1.0
SLB,Solomon Islands,2022,0.7679,1.0,0.7,0.8462,1.0,1.0
SLB,Solomon Islands,2023,0.7679,1.0,0.7,0.8462,1.0,1.0
SLE,Sierra Leone,1999,0.5833,0.75,0.45,0.75,0.5,1.0
SLE,Sierra Leone,2000,0.5833,0.75,0.45,0.75,0.5,1.0
SLE,Sierra Leone,2001,0.5833,0.75,0.45,0.75,0.5,1.0
SLE,Sierra Leone,2002,0.5676,0.6,0.4286,0.75,0.3333,1.0
SLE,Sierra Leone,2003,0.5676,0.6,0.4286,0.75,0.3333,1.0
SLE,Sierra Leone,2004,0.5676,0.6,0.4286,0.75,0.3333,1.0
SLE,Sierra Leone,2005,0.5789,0.6,0.4286,0.7647,0.3333,1.0
SLE,Sierra Leone,2006,0.575,0.4,0.381,0.7895,0.0,1.0
SLE,Sierra Leone,2007,0.55,0.4,0.381,0.7368,0.0,1.0
SLE,Sierra Leone,2008,0.6471,0.4,0.5185,0.7917,0.0,1.0
SLE,Sierra Leone,2009,0.6471,0.4,0.5185,0.7917,0.0,1.0
SLE,Sierra Leone,2010,0.6275,0.4,0.4815,0.7917,0.0,1.0
SLE,Sierra Leone,2011,0.6275,0.4,0.4815,0.7917,0.0,1.0
SLE,Sierra Leone,2012,0.6275,0.4,0.4815,0.7917,0.0,1.0
SLE,Sierra Leone,2013,0.6429,0.3333,0.5333,0.7692,0.0,1.0
SLE,Sierra Leone,2014,0.6429,0.3333,0.5333,0.7692,0.0,1.0
SLE,Sierra Leone,2015,0.7321,0.5,0.6667,0.8077,0.25,1.0
SLE,Sierra Leone,2016,0.7321,0.5,0.6667,0.8077,0.25,1.0
SLE,Sierra Leone,2017,0.7321,0.5,0.6667,0.8077,0.25,1.0
SLE,Sierra Leone,2018,0.7321,0.5,0.6667,0.8077,0.25,1.0
SLE,Sierra Leone,2019,0.7321,0.5,0.6667,0.8077,0.25,1.0
SLE,Sierra Leone,2020,0.7321,0.5,0.6667,0.8077,0.25,1.0
SLE,Sierra Leone,2021,0.7321,0.5,0.6667,0.8077,0.25,1.0
SLE,Sierra Leone,2022,0.7321,0.5,0.6667,0.8077,0.25,1.0
SLE,Sierra Leone,2023,0.7321,0.5,0.6667,0.8077,0.25,1.0
SLV,El Salvador,1999,0.0,0.0,0.0,0.0,0.0,0.0
SLV,El Salvador,2000,0.0,0.0,0.0,0.0,0.0,0.0
SLV,El Salvador,2001,0.0189,0.1667,0.0333,0.0,0.25,0.0
SLV,El Salvador,2002,0.0189,0.1667,0.0333,0.0,0.25,0.0
SLV,El Salvador,2003,0.0185,0.1667,0.0333,0.0,0.25,0.0
SLV,El Salvador,2004,0.037,0.1667,0.0333,0.0417,0.25,0.0
SLV,El Salvador,2005,0.037,0.1667,0.0333,0.0417,0.25,0.0
SLV,El Salvador,2006,0.0357,0.1667,0.0333,0.0385,0.25,0.0
SLV,El Salvador,2007,0.0536,0.1667,0.0667,0.0385,0.25,0.0
SLV,El Salvador,2008,0.0536,0.1667,0.0667,0.0385,0.25,0.0
SLV,El Salvador,2009,0.1429,0.1667,0.0667,0.2308,0.25,0.0
SLV,El Salvador,2010,0.1429,0.1667,0.0667,0.2308,0.25,0.0
SLV,El Salvador,2011,0.1429,0.1667,0.0667,0.2308,0.25,0.0
SLV,El Salvador,2012,0.1429,0.1667,0.0667,0.2308,0.25,0.0
SLV,El Salvador,2013,0.1429,0.1667,0.0667,0.2308,0.25,0.0
SLV,El Salvador,2014,0.1429,0.1667,0.0667,0.2308,0.25,0.0
SLV,El Salvador,2015,0.1429,0.1667,0.0667,0.2308,0.25,0.0
SLV,El Salvador,2016,0.2321,0.3333,0.2333,0.2308,0.5,0.0
SLV,El Salvador,2017,0.25,0.3333,0.2333,0.2692,0.5,0.0
SLV,El Salvador,2018,0.2679,0.3333,0.2333,0.3077,0.5,0.0
SLV,El Salvador,2019,0.2679,0.3333,0.2333,0.3077,0.5,0.0
SLV,El Salvador,2020,0.2679,0.3333,0.2333,0.3077,0.5,0.0
SLV,El Salvador,2021,0.2679,0.3333,0.2333,0.3077,0.5,0.0
SLV,El Salvador,2022,0.1964,0.3333,0.1,0.3077,0.5,0.0
SLV,El Salvador,2023,0.1964,0.3333,0.1,0.3077,0.5,0.0
SLV,El Salvador,2024,0.1964,0.3333,0.1,0.3077,0.5,0.0
SMR,San Marino,1999,0.1887,0.3333,0.0667,0.3478,0.5,0.0
SMR,San Marino,2000,0.1887,0.3333,0.0667,0.3478,0.5,0.0
SMR,San Marino,2001,0.1852,0.3333,0.0667,0.3333,0.5,0.0
SMR,San Marino,2002,0.1852,0.3333,0.0667,0.3333,0.5,0.0
SMR,San Marino,2003,0.1852,0.3333,0.0667,0.3333,0.5,0.0
SMR,San Marino,2004,0.1852,0.3333,0.0667,0.3333,0.5,0.0
SMR,San Marino,2005,0.1852,0.3333,0.0667,0.3333,0.5,0.0
SMR,San Marino,2006,0.1786,0.3333,0.0667,0.3077,0.5,0.0
SMR,San Marino,2007,0.1786,0.3333,0.0667,0.3077,0.5,0.0
SMR,San Marino,2008,0.1786,0.3333,0.0667,0.3077,0.5,0.0
SMR,San Marino,2009,0.1786,0.3333,0.0667,0.3077,0.5,0.0
SMR,San Marino,2010,0.1786,0.3333,0.0667,0.3077,0.5,0.0
SMR,San Marino,2011,0.1786,0.3333,0.0667,0.3077,0.5,0.0
SMR,San Marino,2012,0.1786,0.3333,0.0667,0.3077,0.5,0.0
SMR,San Marino,2013,0.1786,0.3333,0.0667,0.3077,0.5,0.0
SMR,San Marino,2014,0.1786,0.3333,0.0667,0.3077,0.5,0.0
SMR,San Marino,2015,0.1786,0.3333,0.0667,0.3077,0.5,0.0
SMR,San Marino,2016,0.1786,0.3333,0.0667,0.3077,0.5,0.0
SMR,San Marino,2017,0.1786,0.3333,0.0667,0.3077,0.5,0.0
SMR,San Marino,2018,0.1786,0.3333,0.0667,0.3077,0.5,0.0
SMR,San Marino,2019,0.1786,0.3333,0.0667,0.3077,0.5,0.0
SMR,San Marino,2020,0.1786,0.3333,0.0667,0.3077,0.5,0.0
SMR,San Marino,2021,0.1786,0.3333,0.0667,0.3077,0.5,0.0
SMR,San Marino,2022,0.1786,0.3333,0.0667,0.3077,0.5,0.0
SMR,San Marino,2023,0.1964,0.3333,0.1,0.3077,0.5,0.0
SMR,San Marino,2024,0.1964,0.3333,0.1,0.3077,0.5,0.0
SOM,Somalia,1999,0.7586,0.6667,0.5333,1.0,0.5,1.0
SOM,Somalia,2000,0.7586,0.6667,0.5333,1.0,0.5,1.0
SOM,Somalia,2001,0.7586,0.6667,0.5333,1.0,0.5,1.0
SOM,Somalia,2002,0.7586,0.6667,0.5333,1.0,0.5,1.0
SOM,Somalia,2003,0.7586,0.6667,0.5333,1.0,0.5,1.0
SOM,Somalia,2004,0.7586,0.6667,0.5333,1.0,0.5,1.0
SOM,Somalia,2005,0.7586,0.6667,0.5333,1.0,0.5,1.0
SOM,Somalia,2006,0.7586,0.6667,0.5333,1.0,0.5,1.0
SOM,Somalia,2007,0.7586,0.6667,0.5333,1.0,0.5,1.0
SOM,Somalia,2008,0.1333,0.0,0.0,0.2667,0.0,0.0
SOM,Somalia,2009,0.0,0.0,0.0,0.0,0.0,0.0
SOM,Somalia,2010,0.0,0.0,0.0,0.0,0.0,0.0
SOM,Somalia,2011,0.0,0.0,0.0,0.0,0.0,0.0
SOM,Somalia,2012,0.0893,0.0,0.1,0.0769,0.0,0.0
SOM,Somalia,2013,0.0893,0.0,0.1,0.0769,0.0,0.0
SOM,Somalia,2014,0.0893,0.0,0.1,0.0769,0.0,0.0
SOM,Somalia,2015,0.0893,0.0,0.1,0.0769,0.0,0.0
SOM,Somalia,2016,0.0893,0.0,0.1,0.0769,0.0,0.0
SOM,Somalia,2017,0.0893,0.0,0.1,0.0769,0.0,0.0
SOM,Somalia,2018,0.0714,0.0,0.1,0.0385,0.0,0.0
SOM,Somalia,2019,0.0714,0.0,0.1,0.0385,0.0,0.0
SOM,Somalia,2020,0.0714,0.0,0.1,0.0385,0.0,0.0
SOM,Somalia,2021,0.0714,0.0,0.1,0.0385,0.0,0.0
SOM,Somalia,2022,0.0714,0.0,0.1,0.0385,0.0,0.0
SOM,Somalia,2023,0.0714,0.0,0.1,0.0385,0.0,0.0
SRB,Serbia,2000,0.6667,,0.5,0.75,,
SRB,Serbia,2001,0.7429,,0.6471,0.8333,,
SRB,Serbia,2002,0.6667,1.0,0.5185,0.8571,1.0,1.0
SRB,Serbia,2003,0.625,1.0,0.4815,0.8095,1.0,1.0
SRB,Serbia,2004,0.5833,1.0,0.4444,0.7619,1.0,1.0
SRB,Serbia,2005,0.6731,1.0,0.5172,0.8696,1.0,1.0
SRB,Serbia,2006,0.6545,0.8333,0.5517,0.7692,1.0,0.5
SRB,Serbia,2007,0.6182,0.8333,0.5172,0.7308,1.0,0.5
SRB,Serbia,2008,0.6182,0.8333,0.5172,0.7308,1.0,0.5
SRB,Serbia,2009,0.6182,0.8333,0.5172,0.7308,1.0,0.5
SRB,Serbia,2010,0.6182,0.8333,0.5172,0.7308,1.0,0.5
SRB,Serbia,2011,0.6,0.8333,0.4828,0.7308,1.0,0.5
SRB,Serbia,2012,0.5455,0.8333,0.4828,0.6154,1.0,0.5
SRB,Serbia,2013,0.5273,0.5,0.4138,0.6538,0.5,0.5
SRB,Serbia,2014,0.5273,0.5,0.4138,0.6538,0.5,0.5
SRB,Serbia,2015,0.5273,0.5,0.4138,0.6538,0.5,0.5
SRB,Serbia,2016,0.5273,0.5,0.4138,0.6538,0.5,0.5
SRB,Serbia,2017,0.5,0.5,0.3667,0.6538,0.5,0.5
SRB,Serbia,2018,0.5179,0.5,0.3667,0.6923,0.5,0.5
SRB,Serbia,2019,0.5179,0.5,0.3667,0.6923,0.5,0.5
SRB,Serbia,2020,0.5179,0.5,0.3667,0.6923,0.5,0.5
SRB,Serbia,2021,0.5,0.5,0.3667,0.6538,0.5,0.5
SRB,Serbia,2022,0.5,0.5,0.3667,0.6538,0.5,0.5
SRB,Serbia,2023,0.5,0.5,0.3667,0.6538,0.5,0.5
SRB,Serbia,2024,0.5,0.5,0.3667,0.6538,0.5,0.5
SSD,South Sudan,2012,0.1429,,0.1429,,,
SSD,South Sudan,2013,0.1429,,0.1429,,,
SSD,South Sudan,2014,0.1429,,0.1429,,,
SSD,South Sudan,2015,0.1429,,0.1429,,,
SSD,South Sudan,2016,0.1429,,0.1429,,,
SSD,South Sudan,2017,0.1429,,0.1429,,,
SSD,South Sudan,2018,0.25,,0.1429,1.0,,
SSD,South Sudan,2019,0.25,,0.1429,1.0,,
SSD,South Sudan,2020,0.0,,0.0,,,
SSD,South Sudan,2021,0.0,,0.0,,,
SSD,South Sudan,2022,0.0,,0.0,,,
SSD,South Sudan,2023,0.0,,0.0,,,
STP,São Tomé and Príncipe,1999,0.2143,0.5,0.125,0.3333,0.5,
STP,São Tomé and Príncipe,2000,0.0571,0.5,0.05,0.0667,0.5,
STP,São Tomé and Príncipe,2001,0.0541,0.5,0.0476,0.0625,0.5,
STP,São Tomé and Príncipe,2002,0.0541,0.5,0.0476,0.0625,0.5,
STP,São Tomé and Príncipe,2003,0.0811,0.5,0.0476,0.125,0.5,
STP,São Tomé and Príncipe,2004,0.0811,0.5,0.0476,0.125,0.5,
STP,São Tomé and Príncipe,2005,0.0811,0.5,0.0476,0.125,0.5,
STP,São Tomé and Príncipe,2006,0.0769,0.5,0.0476,0.1111,0.5,
STP,São Tomé and Príncipe,2007,0.0769,0.5,0.0476,0.1111,0.5,
STP,São Tomé and Príncipe,2008,0.0769,0.5,0.0476,0.1111,0.5,
STP,São Tomé and Príncipe,2009,0.1429,0.8,0.1304,0.1579,0.75,1.0
STP,São Tomé and Príncipe,2010,0.1429,0.8,0.1304,0.1579,0.75,1.0
STP,São Tomé and Príncipe,2011,0.2,0.8,0.2,0.2,0.75,1.0
STP,São Tomé and Príncipe,2012,0.1915,0.6667,0.1923,0.1905,0.75,0.5
STP,São Tomé and Príncipe,2013,0.1915,0.6667,0.1923,0.1905,0.75,0.5
STP,São Tomé and Príncipe,2014,0.1702,0.6667,0.1923,0.1429,0.75,0.5
STP,São Tomé and Príncipe,2015,0.1778,0.5,0.125,0.2381,0.5,0.5
STP,São Tomé and Príncipe,2016,0.1707,0.5,0.125,0.2353,0.5,
STP,São Tomé and Príncipe,2017,0.0976,0.5,0.125,0.0588,0.5,
STP,São Tomé and Príncipe,2018,0.1111,0.5,0.16,0.05,0.6667,0.0
STP,São Tomé and Príncipe,2019,0.1111,0.5,0.16,0.05,0.6667,0.0
STP,São Tomé and Príncipe,2020,0.1111,0.5,0.16,0.05,0.6667,0.0
STP,São Tomé and Príncipe,2021,0.1111,0.5,0.16,0.05,0.6667,0.0
STP,São Tomé and Príncipe,2022,0.1111,0.5,0.16,0.05,0.6667,0.0
STP,São Tomé and Príncipe,2023,0.1111,0.5,0.16,0.05,0.6667,0.0
SUR,Suriname,1999,0.7059,1.0,0.625,0.7778,1.0,1.0
SUR,Suriname,2000,0.7059,1.0,0.625,0.7778,1.0,1.0
SUR,Suriname,2001,0.7059,1.0,0.625,0.7778,1.0,1.0
SUR,Suriname,2002,0.7059,1.0,0.625,0.7778,1.0,1.0
SUR,Suriname,2003,0.8125,1.0,0.7692,0.8636,1.0,1.0
SUR,Suriname,2004,0.7917,1.0,0.7692,0.8182,1.0,1.0
SUR,Suriname,2005,0.7917,1.0,0.7692,0.8182,1.0,1.0
SUR,Suriname,2006,0.8214,1.0,0.8333,0.8077,1.0,1.0
SUR,Suriname,2007,0.8214,1.0,0.8333,0.8077,1.0,1.0
SUR,Suriname,2008,0.8214,1.0,0.8333,0.8077,1.0,1.0
SUR,Suriname,2009,0.8036,1.0,0.8,0.8077,1.0,1.0
SUR,Suriname,2010,0.8036,1.0,0.8,0.8077,1.0,1.0
SUR,Suriname,2011,0.8036,1.0,0.8,0.8077,1.0,1.0
SUR,Suriname,2012,0.8036,1.0,0.8,0.8077,1.0,1.0
SUR,Suriname,2013,0.8036,1.0,0.8,0.8077,1.0,1.0
SUR,Suriname,2014,0.8036,1.0,0.8,0.8077,1.0,1.0
SUR,Suriname,2015,0.8036,1.0,0.8,0.8077,1.0,1.0
SUR,Suriname,2016,0.8036,1.0,0.8,0.8077,1.0,1.0
SUR,Suriname,2017,0.8036,1.0,0.8,0.8077,1.0,1.0
SUR,Suriname,2018,0.8036,1.0,0.8,0.8077,1.0,1.0
SUR,Suriname,2019,0.8036,1.0,0.8,0.8077,1.0,1.0
SUR,Suriname,2020,0.8036,1.0,0.8,0.8077,1.0,1.0
SUR,Suriname,2021,0.8036,1.0,0.8,0.8077,1.0,1.0
SUR,Suriname,2022,0.8393,1.0,0.8,0.8846,1.0,1.0
SUR,Suriname,2023,0.8393,1.0,0.8,0.8846,1.0,1.0
SVK,Slovak Republic,1999,0.5283,0.5,0.3333,0.7826,0.25,1.0
SVK,Slovak Republic,2000,0.4074,0.6667,0.2,0.6667,0.5,1.0
SVK,Slovak Republic,2001,0.3704,0.6667,0.3,0.4583,0.5,1.0
SVK,Slovak Republic,2002,0.381,1.0,0.1818,0.6,1.0,1.0
SVK,Slovak Republic,2003,0.2,0.75,0.1538,0.25,1.0,0.5
SVK,Slovak Republic,2004,0.12,0.5,0.1538,0.0833,1.0,0.0
SVK,Slovak Republic,2005,0.0769,0.4,0.1071,0.0417,0.6667,0.0
SVK,Slovak Republic,2006,0.0741,0.4,0.1071,0.0385,0.6667,0.0
SVK,Slovak Republic,2007,0.0741,0.4,0.1071,0.0385,0.6667,0.0
SVK,Slovak Republic,2008,0.0727,0.4,0.1034,0.0385,0.6667,0.0
SVK,Slovak Republic,2009,0.0727,0.4,0.1034,0.0385,0.6667,0.0
SVK,Slovak Republic,2010,0.0727,0.4,0.1034,0.0385,0.6667,0.0
SVK,Slovak Republic,2011,0.0714,0.3333,0.1,0.0385,0.5,0.0
SVK,Slovak Republic,2012,0.0714,0.3333,0.1,0.0385,0.5,0.0
SVK,Slovak Republic,2013,0.0714,0.3333,0.1,0.0385,0.5,0.0
SVK,Slovak Republic,2014,0.0714,0.3333,0.1,0.0385,0.5,0.0
SVK,Slovak Republic,2015,0.0714,0.3333,0.1,0.0385,0.5,0.0
SVK,Slovak Republic,2016,0.0714,0.3333,0.1,0.0385,0.5,0.0
SVK,Slovak Republic,2017,0.0714,0.3333,0.1,0.0385,0.5,0.0
SVK,Slovak Republic,2018,0.0714,0.3333,0.1,0.0385,0.5,0.0
SVK,Slovak Republic,2019,0.0714,0.3333,0.1,0.0385,0.5,0.0
SVK,Slovak Republic,2020,0.1607,0.3333,0.1,0.2308,0.5,0.0
SVK,Slovak Republic,2021,0.1607,0.3333,0.1,0.2308,0.5,0.0
SVK,Slovak Republic,2022,0.1607,0.3333,0.1,0.2308,0.5,0.0
SVK,Slovak Republic,2023,0.1607,0.3333,0.1,0.2308,0.5,0.0
SVK,Slovak Republic,2024,0.1607,0.3333,0.1,0.2308,0.5,0.0
SVN,Slovenia,1999,0.5094,0.3333,0.5,0.5217,0.5,0.0
SVN,Slovenia,2000,0.4074,0.3333,0.4,0.4167,0.5,0.0
SVN,Slovenia,2001,0.3519,0.3333,0.3333,0.375,0.5,0.0
SVN,Slovenia,2002,0.2593,0.3333,0.3,0.2083,0.5,0.0
SVN,Slovenia,2003,0.1481,0.5,0.2,0.0833,0.75,0.0
SVN,Slovenia,2004,0.0926,0.3333,0.1333,0.0417,0.5,0.0
SVN,Slovenia,2005,0.0926,0.3333,0.1333,0.0417,0.5,0.0
SVN,Slovenia,2006,0.0893,0.3333,0.1333,0.0385,0.5,0.0
SVN,Slovenia,2007,0.1964,0.1667,0.2,0.1923,0.25,0.0
SVN,Slovenia,2008,0.1964,0.1667,0.2,0.1923,0.25,0.0
SVN,Slovenia,2009,0.25,0.3333,0.2,0.3077,0.25,0.5
SVN,Slovenia,2010,0.25,0.3333,0.2,0.3077,0.25,0.5
SVN,Slovenia,2011,0.2857,0.5,0.2667,0.3077,0.5,0.5
SVN,Slovenia,2012,0.2143,0.5,0.2667,0.1538,0.5,0.5
SVN,Slovenia,2013,0.2679,0.5,0.2667,0.2692,0.5,0.5
SVN,Slovenia,2014,0.2679,0.5,0.2667,0.2692,0.5,0.5
SVN,Slovenia,2015,0.2679,0.5,0.2667,0.2692,0.5,0.5
SVN,Slovenia,2016,0.2679,0.5,0.2667,0.2692,0.5,0.5
SVN,Slovenia,2017,0.2679,0.5,0.2667,0.2692,0.5,0.5
SVN,Slovenia,2018,0.1964,0.5,0.1333,0.2692,0.5,0.5
SVN,Slovenia,2019,0.1964,0.5,0.1333,0.2692,0.5,0.5
SVN,Slovenia,2020,0.1964,0.5,0.1333,0.2692,0.5,0.5
SVN,Slovenia,2021,0.1964,0.5,0.1333,0.2692,0.5,0.5
SVN,Slovenia,2022,0.1964,0.5,0.1333,0.2692,0.5,0.5
SVN,Slovenia,2023,0.1964,0.5,0.1333,0.2692,0.5,0.5
SWE,Sweden,1999,0.2264,0.5,0.1667,0.3043,0.5,0.5
SWE,Sweden,2000,0.2222,0.5,0.1667,0.2917,0.5,0.5
SWE,Sweden,2001,0.2037,0.5,0.1333,0.2917,0.5,0.5
SWE,Sweden,2002,0.2037,0.5,0.1333,0.2917,0.5,0.5
SWE,Sweden,2003,0.2037,0.5,0.1333,0.2917,0.5,0.5
SWE,Sweden,2004,0.2037,0.5,0.1333,0.2917,0.5,0.5
SWE,Sweden,2005,0.2037,0.5,0.1333,0.2917,0.5,0.5
SWE,Sweden,2006,0.1786,0.3333,0.1,0.2692,0.25,0.5
SWE,Sweden,2007,0.1786,0.3333,0.1,0.2692,0.25,0.5
SWE,Sweden,2008,0.1786,0.3333,0.1,0.2692,0.25,0.5
SWE,Sweden,2009,0.1786,0.3333,0.1,0.2692,0.25,0.5
SWE,Sweden,2010,0.1786,0.3333,0.1,0.2692,0.25,0.5
SWE,Sweden,2011,0.1786,0.3333,0.1,0.2692,0.25,0.5
SWE,Sweden,2012,0.1818,0.3333,0.1034,0.2692,0.25,0.5
SWE,Sweden,2013,0.1636,0.3333,0.069,0.2692,0.25,0.5
SWE,Sweden,2014,0.1607,0.3333,0.0667,0.2692,0.25,0.5
SWE,Sweden,2015,0.1607,0.3333,0.0667,0.2692,0.25,0.5
SWE,Sweden,2016,0.1607,0.3333,0.0667,0.2692,0.25,0.5
SWE,Sweden,2017,0.1607,0.3333,0.0667,0.2692,0.25,0.5
SWE,Sweden,2018,0.1607,0.3333,0.0667,0.2692,0.25,0.5
SWE,Sweden,2019,0.1607,0.3333,0.0667,0.2692,0.25,0.5
SWE,Sweden,2020,0.1607,0.3333,0.0667,0.2692,0.25,0.5
SWE,Sweden,2021,0.1607,0.3333,0.0667,0.2692,0.25,0.5
SWE,Sweden,2022,0.1607,0.3333,0.0667,0.2692,0.25,0.5
SWE,Sweden,2023,0.1607,0.3333,0.0667,0.2692,0.25,0.5
SWE,Sweden,2024,0.1607,0.3333,0.0667,0.2692,0.25,0.5
SWZ,Eswatini,1999,0.8679,0.8333,0.8,0.9565,0.75,1.0
SWZ,Eswatini,2000,0.6981,0.6667,0.5667,0.8696,0.5,1.0
SWZ,Eswatini,2001,0.6981,0.6667,0.5667,0.8696,0.5,1.0
SWZ,Eswatini,2002,0.6852,0.6667,0.5667,0.8333,0.5,1.0
SWZ,Eswatini,2003,0.6481,0.6667,0.5,0.8333,0.5,1.0
SWZ,Eswatini,2004,0.6481,0.6667,0.5,0.8333,0.5,1.0
SWZ,Eswatini,2005,0.6481,0.6667,0.5,0.8333,0.5,1.0
SWZ,Eswatini,2006,0.6346,0.6667,0.5,0.8182,0.5,1.0
SWZ,Eswatini,2007,0.5962,0.6667,0.5,0.7273,0.5,1.0
SWZ,Eswatini,2008,0.5962,0.6667,0.5,0.7273,0.5,1.0
SWZ,Eswatini,2009,0.6,0.6667,0.5,0.72,0.5,1.0
SWZ,Eswatini,2010,0.5818,0.6667,0.5,0.68,0.5,1.0
SWZ,Eswatini,2011,0.5818,0.6667,0.5,0.68,0.5,1.0
SWZ,Eswatini,2012,0.5818,0.6667,0.5,0.68,0.5,1.0
SWZ,Eswatini,2013,0.5818,0.6667,0.5,0.68,0.5,1.0
SWZ,Eswatini,2014,0.5818,0.6667,0.5,0.68,0.5,1.0
SWZ,Eswatini,2015,0.5818,0.6667,0.5,0.68,0.5,1.0
SWZ,Eswatini,2016,0.5818,0.6667,0.5,0.68,0.5,1.0
SWZ,Eswatini,2017,0.5818,0.6667,0.5,0.68,0.5,1.0
SWZ,Eswatini,2018,0.6071,0.6667,0.5,0.7308,0.5,1.0
SWZ,Eswatini,2019,0.6071,0.6667,0.5,0.7308,0.5,1.0
SWZ,Eswatini,2020,0.5,0.6667,0.4333,0.5769,0.5,1.0
SWZ,Eswatini,2021,0.5,0.6667,0.4333,0.5769,0.5,1.0
SWZ,Eswatini,2022,0.5,0.6667,0.4333,0.5769,0.5,1.0
SWZ,Eswatini,2023,0.5,0.6667,0.4333,0.5769,0.5,1.0
SYC,Seychelles,1999,0.24,0.3333,0.2593,0.2174,0.5,0.0
SYC,Seychelles,2000,0.24,0.3333,0.2593,0.2174,0.5,0.0
SYC,Seychelles,2001,0.1837,0.3333,0.1538,0.2174,0.5,0.0
SYC,Seychelles,2002,0.1837,0.3333,0.1538,0.2174,0.5,0.0
SYC,Seychelles,2003,0.1837,0.3333,0.1538,0.2174,0.5,0.0
SYC,Seychelles,2004,0.4694,0.6667,0.3462,0.6087,0.5,1.0
SYC,Seychelles,2005,0.1538,0.5,0.1034,0.2174,0.5,0.5
SYC,Seychelles,2006,0.1538,0.5,0.1034,0.2174,0.5,0.5
SYC,Seychelles,2007,0.1346,0.5,0.069,0.2174,0.5,0.5
SYC,Seychelles,2008,0.1071,0.3333,0.1,0.1154,0.5,0.0
SYC,Seychelles,2009,0.0536,0.3333,0.1,0.0,0.5,0.0
SYC,Seychelles,2010,0.0536,0.3333,0.1,0.0,0.5,0.0
SYC,Seychelles,2011,0.0536,0.3333,0.1,0.0,0.5,0.0
SYC,Seychelles,2012,0.0536,0.3333,0.1,0.0,0.5,0.0
SYC,Seychelles,2013,0.0357,0.1667,0.0667,0.0,0.25,0.0
SYC,Seychelles,2014,0.0357,0.1667,0.0667,0.0,0.25,0.0
SYC,Seychelles,2015,0.0357,0.1667,0.0667,0.0,0.25,0.0
SYC,Seychelles,2016,0.0357,0.1667,0.0667,0.0,0.25,0.0
SYC,Seychelles,2017,0.0357,0.1667,0.0667,0.0,0.25,0.0
SYC,Seychelles,2018,0.0357,0.1667,0.0667,0.0,0.25,0.0
SYC,Seychelles,2019,0.0357,0.1667,0.0667,0.0,0.25,0.0
SYC,Seychelles,2020,0.0357,0.1667,0.0667,0.0,0.25,0.0
SYC,Seychelles,2021,0.0357,0.1667,0.0667,0.0,0.25,0.0
SYC,Seychelles,2022,0.0357,0.1667,0.0667,0.0,0.25,0.0
SYC,Seychelles,2023,0.0357,0.1667,0.0667,0.0,0.25,0.0
SYR,Syria,1999,0.7419,1.0,0.5882,0.9286,1.0,1.0
SYR,Syria,2000,0.7419,1.0,0.5882,0.9286,1.0,1.0
SYR,Syria,2001,0.7419,1.0,0.5882,0.9286,1.0,1.0
SYR,Syria,2002,0.7188,1.0,0.5294,0.9333,1.0,1.0
SYR,Syria,2003,0.6563,1.0,0.5294,0.8,1.0,1.0
SYR,Syria,2004,0.7097,1.0,0.5294,0.9286,1.0,1.0
SYR,Syria,2005,0.7059,1.0,0.5263,0.9333,1.0,1.0
SYR,Syria,2006,0.6765,1.0,0.5263,0.8667,1.0,1.0
SYR,Syria,2007,0.7647,1.0,0.6429,0.913,1.0,1.0
SYR,Syria,2008,0.7736,0.6667,0.6897,0.875,0.75,0.5
SYR,Syria,2009,0.7455,0.6667,0.6667,0.84,0.75,0.5
SYR,Syria,2010,0.7455,0.6667,0.6667,0.84,0.75,0.5
SYR,Syria,2011,0.75,0.6667,0.7143,0.7917,0.75,0.5
SYR,Syria,2012,0.75,0.6667,0.7308,0.7727,0.75,0.5
SYR,Syria,2013,0.75,0.6667,0.7308,0.7727,0.75,0.5
SYR,Syria,2014,0.75,0.6667,0.7308,0.7727,0.75,0.5
SYR,Syria,2015,0.75,0.6667,0.7308,0.7727,0.75,0.5
SYR,Syria,2016,0.75,0.6667,0.7308,0.7727,0.75,0.5
SYR,Syria,2017,0.75,0.6667,0.7308,0.7727,0.75,0.5
TCD,Chad,1999,0.8,1.0,0.6667,0.9474,1.0,1.0
TCD,Chad,2000,0.8095,1.0,0.6818,0.95,1.0,1.0
TCD,Chad,2001,0.8095,1.0,0.6818,0.95,1.0,1.0
TCD,Chad,2002,0.8095,1.0,0.6818,0.95,1.0,1.0
TCD,Chad,2003,0.8095,1.0,0.6818,0.95,1.0,1.0
TCD,Chad,2004,0.8095,1.0,0.6818,0.95,1.0,1.0
TCD,Chad,2005,0.8095,1.0,0.6818,0.95,1.0,1.0
TCD,Chad,2006,0.8,1.0,0.5789,1.0,1.0,1.0
TCD,Chad,2007,0.8,1.0,0.5789,1.0,1.0,1.0
TCD,Chad,2008,0.8125,1.0,0.64,1.0,1.0,1.0
TCD,Chad,2009,0.7872,1.0,0.6,1.0,1.0,1.0
TCD,Chad,2010,0.7872,1.0,0.6,1.0,1.0,1.0
TCD,Chad,2011,0.7872,1.0,0.6,1.0,1.0,1.0
TCD,Chad,2012,0.7708,1.0,0.6,0.9565,1.0,1.0
TCD,Chad,2013,0.7708,1.0,0.6,0.9565,1.0,1.0
TCD,Chad,2014,0.7708,1.0,0.6,0.9565,1.0,1.0
TCD,Chad,2015,0.7708,1.0,0.6,0.9565,1.0,1.0
TCD,Chad,2016,0.7708,1.0,0.6,0.9565,1.0,1.0
TCD,Chad,2017,0.7708,1.0,0.6,0.9565,1.0,1.0
TCD,Chad,2018,0.75,1.0,0.56,0.9565,1.0,1.0
TCD,Chad,2019,0.7292,1.0,0.6,0.8696,1.0,1.0
TCD,Chad,2020,0.7292,1.0,0.6,0.8696,1.0,1.0
TCD,Chad,2021,0.7292,1.0,0.6,0.8696,1.0,1.0
TCD,Chad,2022,0.7292,1.0,0.6,0.8696,1.0,1.0
TCD,Chad,2023,0.7292,1.0,0.6,0.8696,1.0,1.0
TGO,Togo,1999,0.68,1.0,0.5,0.9091,1.0,1.0
TGO,Togo,2000,0.68,1.0,0.5,0.9091,1.0,1.0
TGO,Togo,2001,0.68,1.0,0.5,0.9091,1.0,1.0
TGO,Togo,2002,0.68,1.0,0.5,0.9091,1.0,1.0
TGO,Togo,2003,0.68,1.0,0.5,0.9091,1.0,1.0
TGO,Togo,2004,0.68,1.0,0.5,0.9091,1.0,1.0
TGO,Togo,2005,0.6471,0.6667,0.3929,0.9565,0.5,1.0
TGO,Togo,2006,0.6607,0.5,0.4,0.9615,0.25,1.0
TGO,Togo,2007,0.6429,0.5,0.3667,0.9615,0.25,1.0
TGO,Togo,2008,0.6429,0.5,0.3667,0.9615,0.25,1.0
TGO,Togo,2009,0.6429,0.5,0.3667,0.9615,0.25,1.0
TGO,Togo,2010,0.6429,0.5,0.3667,0.9615,0.25,1.0
TGO,Togo,2011,0.6429,0.5,0.3667,0.9615,0.25,1.0
TGO,Togo,2012,0.6429,0.5,0.3667,0.9615,0.25,1.0
TGO,Togo,2013,0.6429,0.5,0.3667,0.9615,0.25,1.0
TGO,Togo,2014,0.6429,0.5,0.3667,0.9615,0.25,1.0
TGO,Togo,2015,0.6429,0.5,0.3667,0.9615,0.25,1.0
TGO,Togo,2016,0.6429,0.5,0.3667,0.9615,0.25,1.0
TGO,Togo,2017,0.6429,0.5,0.3667,0.9615,0.25,1.0
TGO,Togo,2018,0.5179,0.3333,0.1667,0.9231,0.0,1.0
TGO,Togo,2019,0.5179,0.3333,0.1667,0.9231,0.0,1.0
TGO,Togo,2020,0.5179,0.3333,0.1667,0.9231,0.0,1.0
TGO,Togo,2021,0.5179,0.3333,0.1667,0.9231,0.0,1.0
TGO,Togo,2022,0.5536,0.3333,0.2,0.9615,0.0,1.0
TGO,Togo,2023,0.5536,0.3333,0.2,0.9615,0.0,1.0
THA,Thailand,1999,0.5472,0.6667,0.3667,0.7826,0.5,1.0
THA,Thailand,2000,0.566,0.6667,0.3667,0.8261,0.5,1.0
THA,Thailand,2001,0.5849,0.6667,0.4,0.8261,0.5,1.0
THA,Thailand,2002,0.566,0.6667,0.3667,0.8261,0.5,1.0
THA,Thailand,2003,0.5849,0.6667,0.4,0.8261,0.5,1.0
THA,Thailand,2004,0.6226,0.6667,0.4333,0.8696,0.5,1.0
THA,Thailand,2005,0.6415,0.6667,0.4667,0.8696,0.5,1.0
THA,Thailand,2006,0.6415,0.6667,0.4667,0.8696,0.5,1.0
THA,Thailand,2007,0.6,0.6667,0.4667,0.76,0.5,1.0
THA,Thailand,2008,0.6964,0.6667,0.5667,0.8462,0.5,1.0
THA,Thailand,2009,0.6964,0.6667,0.5667,0.8462,0.5,1.0
THA,Thailand,2010,0.625,0.6667,0.5333,0.7308,0.5,1.0
THA,Thailand,2011,0.625,0.6667,0.5333,0.7308,0.5,1.0
THA,Thailand,2012,0.625,0.8333,0.5333,0.7308,0.75,1.0
THA,Thailand,2013,0.5536,0.5,0.4667,0.6538,0.5,0.5
THA,Thailand,2014,0.5536,0.5,0.4667,0.6538,0.5,0.5
THA,Thailand,2015,0.5536,0.5,0.4667,0.6538,0.5,0.5
THA,Thailand,2016,0.5536,0.5,0.4667,0.6538,0.5,0.5
THA,Thailand,2017,0.5536,0.5,0.4667,0.6538,0.5,0.5
THA,Thailand,2018,0.5536,0.5,0.4667,0.6538,0.5,0.5
THA,Thailand,2019,0.5357,0.5,0.4333,0.6538,0.5,0.5
THA,Thailand,2020,0.5357,0.5,0.4333,0.6538,0.5,0.5
THA,Thailand,2021,0.5357,0.5,0.4333,0.6538,0.5,0.5
THA,Thailand,2022,0.5,0.3333,0.4333,0.5769,0.5,0.0
THA,Thailand,2023,0.5,0.3333,0.4333,0.5769,0.5,0.0
THA,Thailand,2024,0.5,0.3333,0.4333,0.5769,0.5,0.0
TJK,Tajikistan,1999,0.566,0.3333,0.4333,0.7391,0.0,1.0
TJK,Tajikistan,2000,0.566,0.3333,0.4333,0.7391,0.0,1.0
TJK,Tajikistan,2001,0.566,0.3333,0.4333,0.7391,0.0,1.0
TJK,Tajikistan,2002,0.6481,1.0,0.5667,0.75,1.0,1.0
TJK,Tajikistan,2003,0.6415,1.0,0.5667,0.7391,1.0,1.0
TJK,Tajikistan,2004,0.6415,1.0,0.5667,0.7391,1.0,1.0
TJK,Tajikistan,2005,0.6415,1.0,0.5667,0.7391,1.0,1.0
TJK,Tajikistan,2006,0.6364,1.0,0.6,0.68,1.0,1.0
TJK,Tajikistan,2007,0.6545,1.0,0.6,0.72,1.0,1.0
TJK,Tajikistan,2008,0.6545,1.0,0.6,0.72,1.0,1.0
TJK,Tajikistan,2009,0.6545,1.0,0.6,0.72,1.0,1.0
TJK,Tajikistan,2010,0.6364,1.0,0.5667,0.72,1.0,1.0
TJK,Tajikistan,2011,0.4464,0.3333,0.3333,0.5769,0.0,1.0
TJK,Tajikistan,2012,0.4821,0.3333,0.3333,0.6538,0.0,1.0
TJK,Tajikistan,2013,0.4643,0.1667,0.3333,0.6154,0.0,0.5
TJK,Tajikistan,2014,0.4821,0.3333,0.3333,0.6538,0.0,1.0
TJK,Tajikistan,2015,0.4821,0.3333,0.3333,0.6538,0.0,1.0
TJK,Tajikistan,2016,0.4643,0.3333,0.3333,0.6154,0.0,1.0
TJK,Tajikistan,2017,0.4821,0.3333,0.3333,0.6538,0.0,1.0
TJK,Tajikistan,2018,0.2143,0.0,0.2,0.2308,0.0,0.0
TJK,Tajikistan,2019,0.2321,0.0,0.2,0.2692,0.0,0.0
TJK,Tajikistan,2020,0.2321,0.0,0.2,0.2692,0.0,0.0
TJK,Tajikistan,2021,0.2321,0.0,0.2,0.2692,0.0,0.0
TJK,Tajikistan,2022,0.2321,0.0,0.2,0.2692,0.0,0.0
TJK,Tajikistan,2023,0.3036,0.5,0.1333,0.5,0.25,1.0
TKM,Turkmenistan,1999,0.8462,0.75,0.7273,0.9333,0.5,1.0
TKM,Turkmenistan,2000,0.8462,0.75,0.7273,0.9333,0.5,1.0
TKM,Turkmenistan,2001,0.7931,0.75,0.6429,0.9333,0.5,1.0
TKM,Turkmenistan,2002,0.7931,0.75,0.6429,0.9333,0.5,1.0
TKM,Turkmenistan,2003,0.7419,0.75,0.6667,0.8125,0.5,1.0
TKM,Turkmenistan,2004,0.878,0.8,0.8636,0.8947,0.6667,1.0
TKM,Turkmenistan,2005,0.878,0.8,0.8636,0.8947,0.6667,1.0
TKM,Turkmenistan,2006,0.7674,1.0,0.7727,0.7619,1.0,1.0
TKM,Turkmenistan,2007,0.7674,1.0,0.7727,0.7619,1.0,1.0
TKM,Turkmenistan,2008,0.7674,1.0,0.7727,0.7619,1.0,1.0
TKM,Turkmenistan,2009,0.7674,1.0,0.7727,0.7619,1.0,1.0
TKM,Turkmenistan,2010,0.7674,1.0,0.7727,0.7619,1.0,1.0
TKM,Turkmenistan,2011,0.7674,1.0,0.7727,0.7619,1.0,1.0
TKM,Turkmenistan,2012,0.7636,1.0,0.6897,0.8462,1.0,1.0
TKM,Turkmenistan,2013,0.7636,1.0,0.6897,0.8462,1.0,1.0
TKM,Turkmenistan,2014,0.7636,1.0,0.6897,0.8462,1.0,1.0
TKM,Turkmenistan,2015,0.7636,1.0,0.6897,0.8462,1.0,1.0
TKM,Turkmenistan,2016,0.7636,1.0,0.6897,0.8462,1.0,1.0
TKM,Turkmenistan,2017,0.7636,1.0,0.6897,0.8462,1.0,1.0
TKM,Turkmenistan,2018,0.7636,1.0,0.6897,0.8462,1.0,1.0
TKM,Turkmenistan,2019,0.7636,1.0,0.6897,0.8462,1.0,1.0
TKM,Turkmenistan,2020,0.7636,1.0,0.6897,0.8462,1.0,1.0
TKM,Turkmenistan,2021,0.7636,1.0,0.6897,0.8462,1.0,1.0
TKM,Turkmenistan,2022,0.7636,1.0,0.6897,0.8462,1.0,1.0
TKM,Turkmenistan,2023,0.7455,1.0,0.6897,0.8077,1.0,1.0
TLS,Timor-Leste,2002,0.0377,0.3333,0.069,0.0,0.5,0.0
TLS,Timor-Leste,2003,0.0377,0.3333,0.069,0.0,0.5,0.0
TLS,Timor-Leste,2004,0.037,0.3333,0.0667,0.0,0.5,0.0
TLS,Timor-Leste,2005,0.037,0.3333,0.0667,0.0,0.5,0.0
TLS,Timor-Leste,2006,0.0357,0.3333,0.0667,0.0,0.5,0.0
TLS,Timor-Leste,2007,0.0357,0.3333,0.0667,0.0,0.5,0.0
TLS,Timor-Leste,2008,0.0357,0.3333,0.0667,0.0,0.5,0.0
TLS,Timor-Leste,2009,0.0357,0.3333,0.0667,0.0,0.5,0.0
TLS,Timor-Leste,2010,0.0357,0.3333,0.0667,0.0,0.5,0.0
TLS,Timor-Leste,2011,0.0357,0.3333,0.0667,0.0,0.5,0.0
TLS,Timor-Leste,2012,0.0357,0.3333,0.0667,0.0,0.5,0.0
TLS,Timor-Leste,2013,0.0357,0.3333,0.0667,0.0,0.5,0.0
TLS,Timor-Leste,2014,0.0357,0.3333,0.0667,0.0,0.5,0.0
TLS,Timor-Leste,2015,0.0357,0.3333,0.0667,0.0,0.5,0.0
TLS,Timor-Leste,2016,0.0357,0.3333,0.0667,0.0,0.5,0.0
TLS,Timor-Leste,2017,0.0357,0.3333,0.0667,0.0,0.5,0.0
TLS,Timor-Leste,2018,0.0357,0.3333,0.0667,0.0,0.5,0.0
TLS,Timor-Leste,2019,0.0357,0.3333,0.0667,0.0,0.5,0.0
TLS,Timor-Leste,2020,0.0357,0.3333,0.0667,0.0,0.5,0.0
TLS,Timor-Leste,2021,0.0357,0.3333,0.0667,0.0,0.5,0.0
TLS,Timor-Leste,2022,0.0357,0.3333,0.0667,0.0,0.5,0.0
TLS,Timor-Leste,2023,0.0357,0.3333,0.0667,0.0,0.5,0.0
TON,Tonga,1999,0.2264,0.1667,0.2,0.2609,0.25,0.0
TON,Tonga,2000,0.7407,1.0,0.7,0.7917,1.0,1.0
TON,Tonga,2001,0.7407,1.0,0.7,0.7917,1.0,1.0
TON,Tonga,2002,0.7407,1.0,0.7,0.7917,1.0,1.0
TON,Tonga,2003,0.7358,1.0,0.7,0.7826,1.0,1.0
TON,Tonga,2004,0.7358,1.0,0.7,0.7826,1.0,1.0
TON,Tonga,2005,0.7358,1.0,0.7,0.7826,1.0,1.0
TON,Tonga,2006,0.7451,1.0,0.7,0.8095,1.0,1.0
TON,Tonga,2007,0.7308,1.0,0.7,0.7727,1.0,1.0
TON,Tonga,2008,0.75,1.0,0.7333,0.7727,1.0,1.0
TON,Tonga,2009,0.5273,1.0,0.4333,0.64,1.0,1.0
TON,Tonga,2010,0.5273,1.0,0.4333,0.64,1.0,1.0
TON,Tonga,2011,0.5179,1.0,0.4333,0.6154,1.0,1.0
TON,Tonga,2012,0.5179,1.0,0.4333,0.6154,1.0,1.0
TON,Tonga,2013,0.5179,1.0,0.4333,0.6154,1.0,1.0
TON,Tonga,2014,0.5179,1.0,0.4333,0.6154,1.0,1.0
TON,Tonga,2015,0.5179,1.0,0.4333,0.6154,1.0,1.0
TON,Tonga,2016,0.5179,1.0,0.4333,0.6154,1.0,1.0
TON,Tonga,2017,0.5179,1.0,0.4333,0.6154,1.0,1.0
TON,Tonga,2018,0.5,1.0,0.4333,0.5769,1.0,1.0
TON,Tonga,2019,0.5,1.0,0.4333,0.5769,1.0,1.0
TON,Tonga,2020,0.5179,1.0,0.4333,0.6154,1.0,1.0
TON,Tonga,2021,0.6071,1.0,0.6,0.6154,1.0,1.0
TON,Tonga,2022,0.6071,1.0,0.6,0.6154,1.0,1.0
TON,Tonga,2023,0.6071,1.0,0.6,0.6154,1.0,1.0
TTO,Trinidad and Tobago,1999,0.0377,0.3333,0.0667,0.0,0.5,0.0
TTO,Trinidad and Tobago,2000,0.0377,0.3333,0.0667,0.0,0.5,0.0
TTO,Trinidad and Tobago,2001,0.0377,0.3333,0.0667,0.0,0.5,0.0
TTO,Trinidad and Tobago,2002,0.0377,0.3333,0.0667,0.0,0.5,0.0
TTO,Trinidad and Tobago,2003,0.0377,0.3333,0.0667,0.0,0.5,0.0
TTO,Trinidad and Tobago,2004,0.0377,0.3333,0.0667,0.0,0.5,0.0
TTO,Trinidad and Tobago,2005,0.0377,0.3333,0.0667,0.0,0.5,0.0
TTO,Trinidad and Tobago,2006,0.0364,0.3333,0.0667,0.0,0.5,0.0
TTO,Trinidad and Tobago,2007,0.0545,0.3333,0.1,0.0,0.5,0.0
TTO,Trinidad and Tobago,2008,0.0536,0.3333,0.1,0.0,0.5,0.0
TTO,Trinidad and Tobago,2009,0.0536,0.3333,0.1,0.0,0.5,0.0
TTO,Trinidad and Tobago,2010,0.0536,0.3333,0.1,0.0,0.5,0.0
TTO,Trinidad and Tobago,2011,0.0536,0.3333,0.1,0.0,0.5,0.0
TTO,Trinidad and Tobago,2012,0.0536,0.3333,0.1,0.0,0.5,0.0
TTO,Trinidad and Tobago,2013,0.0536,0.3333,0.1,0.0,0.5,0.0
TTO,Trinidad and Tobago,2014,0.0536,0.3333,0.1,0.0,0.5,0.0
TTO,Trinidad and Tobago,2015,0.0536,0.3333,0.1,0.0,0.5,0.0
TTO,Trinidad and Tobago,2016,0.0536,0.3333,0.1,0.0,0.5,0.0
TTO,Trinidad and Tobago,2017,0.0536,0.3333,0.1,0.0,0.5,0.0
TTO,Trinidad and Tobago,2018,0.0536,0.3333,0.1,0.0,0.5,0.0
TTO,Trinidad and Tobago,2019,0.0536,0.3333,0.1,0.0,0.5,0.0
TTO,Trinidad and Tobago,2020,0.0536,0.3333,0.1,0.0,0.5,0.0
TTO,Trinidad and Tobago,2021,0.125,0.3333,0.1,0.1538,0.5,0.0
TTO,Trinidad and Tobago,2022,0.125,0.3333,0.1,0.1538,0.5,0.0
TTO,Trinidad and Tobago,2023,0.125,0.3333,0.1,0.1538,0.5,0.0
TUN,Tunisia,1999,0.8077,0.8333,0.7241,0.913,0.75,1.0
TUN,Tunisia,2000,0.8113,0.8333,0.7241,0.9167,0.75,1.0
TUN,Tunisia,2001,0.8302,0.8333,0.7586,0.9167,0.75,1.0
TUN,Tunisia,2002,0.8302,0.8333,0.7586,0.9167,0.75,1.0
TUN,Tunisia,2003,0.8302,0.8333,0.7586,0.9167,0.75,1.0
TUN,Tunisia,2004,0.8302,0.8333,0.7586,0.9167,0.75,1.0
TUN,Tunisia,2005,0.8113,0.8333,0.7586,0.875,0.75,1.0
TUN,Tunisia,2006,0.8,0.8333,0.7586,0.8462,0.75,1.0
TUN,Tunisia,2007,0.8,0.8333,0.7586,0.8462,0.75,1.0
TUN,Tunisia,2008,0.8,0.8333,0.7586,0.8462,0.75,1.0
TUN,Tunisia,2009,0.8,0.8333,0.7586,0.8462,0.75,1.0
TUN,Tunisia,2010,0.7818,0.8333,0.7241,0.8462,0.75,1.0
TUN,Tunisia,2011,0.7818,0.8333,0.7241,0.8462,0.75,1.0
TUN,Tunisia,2012,0.8,0.8333,0.7241,0.8846,0.75,1.0
TUN,Tunisia,2013,0.8364,0.8333,0.7586,0.9231,0.75,1.0
TUN,Tunisia,2014,0.8364,0.8333,0.7586,0.9231,0.75,1.0
TUN,Tunisia,2015,0.8364,0.8333,0.7586,0.9231,0.75,1.0
TUN,Tunisia,2016,0.8364,0.8333,0.7586,0.9231,0.75,1.0
TUN,Tunisia,2017,0.8364,0.8333,0.7586,0.9231,0.75,1.0
TUN,Tunisia,2018,0.8364,0.8333,0.7586,0.9231,0.75,1.0
TUN,Tunisia,2019,0.8364,0.8333,0.7586,0.9231,0.75,1.0
TUN,Tunisia,2020,0.8364,0.8333,0.7586,0.9231,0.75,1.0
TUN,Tunisia,2021,0.8364,0.8333,0.7586,0.9231,0.75,1.0
TUN,Tunisia,2022,0.8364,0.8333,0.7586,0.9231,0.75,1.0
TUN,Tunisia,2023,0.8364,0.8333,0.7586,0.9231,0.75,1.0
TUR,Türkiye,1999,0.4,0.6667,0.2143,0.6364,0.5,1.0
TUR,Türkiye,2000,0.4528,0.6667,0.3,0.6522,0.5,1.0
TUR,Türkiye,2001,0.3774,0.6667,0.2,0.6087,0.5,1.0
TUR,Türkiye,2002,0.3519,0.6667,0.1667,0.5833,0.5,1.0
TUR,Türkiye,2003,0.4074,0.6667,0.2667,0.5833,0.5,1.0
TUR,Türkiye,2004,0.4074,0.6667,0.2667,0.5833,0.5,1.0
TUR,Türkiye,2005,0.4074,0.6667,0.2333,0.625,0.5,1.0
TUR,Türkiye,2006,0.3929,0.6667,0.2333,0.5769,0.5,1.0
TUR,Türkiye,2007,0.3929,0.5,0.2667,0.5385,0.5,0.5
TUR,Türkiye,2008,0.3929,0.5,0.2667,0.5385,0.5,0.5
TUR,Türkiye,2009,0.3214,0.5,0.2333,0.4231,0.5,0.5
TUR,Türkiye,2010,0.3214,0.5,0.2333,0.4231,0.5,0.5
TUR,Türkiye,2011,0.3571,0.5,0.2667,0.4615,0.5,0.5
TUR,Türkiye,2012,0.3571,0.5,0.2667,0.4615,0.5,0.5
TUR,Türkiye,2013,0.3929,0.5,0.3,0.5,0.5,0.5
TUR,Türkiye,2014,0.375,0.5,0.2667,0.5,0.5,0.5
TUR,Türkiye,2015,0.375,0.5,0.2667,0.5,0.5,0.5
TUR,Türkiye,2016,0.375,0.5,0.2667,0.5,0.5,0.5
TUR,Türkiye,2017,0.375,0.5,0.2667,0.5,0.5,0.5
TUR,Türkiye,2018,0.4107,0.5,0.2667,0.5769,0.5,0.5
TUR,Türkiye,2019,0.4107,0.5,0.2667,0.5769,0.5,0.5
TUR,Türkiye,2020,0.3929,0.5,0.2667,0.5385,0.5,0.5
TUR,Türkiye,2021,0.3929,0.5,0.2667,0.5385,0.5,0.5
TUR,Türkiye,2022,0.4107,0.5,0.2667,0.5769,0.5,0.5
TUR,Türkiye,2023,0.4107,0.5,0.2667,0.5769,0.5,0.5
TUR,Türkiye,2024,0.4107,0.5,0.2667,0.5769,0.5,0.5
TUV,Tuvalu,2021,0.1429,0.0,0.1667,0.1154,0.0,0.0
TUV,Tuvalu,2022,0.1429,0.0,0.1667,0.1154,0.0,0.0
TUV,Tuvalu,2023,0.1429,0.0,0.1667,0.1154,0.0,0.0
TZA,Tanzania,1999,0.8333,1.0,0.8,0.8696,1.0,1.0
TZA,Tanzania,2000,0.8571,1.0,0.8077,0.913,1.0,1.0
TZA,Tanzania,2001,0.8571,1.0,0.8077,0.913,1.0,1.0
TZA,Tanzania,2002,0.8367,1.0,0.7692,0.913,1.0,1.0
TZA,Tanzania,2003,0.8163,1.0,0.7308,0.913,1.0,1.0
TZA,Tanzania,2004,0.8163,1.0,0.7308,0.913,1.0,1.0
TZA,Tanzania,2005,0.8163,1.0,0.7308,0.913,1.0,1.0
TZA,Tanzania,2006,0.7843,1.0,0.7308,0.84,1.0,1.0
TZA,Tanzania,2007,0.8163,1.0,0.7308,0.913,1.0,1.0
TZA,Tanzania,2008,0.8163,1.0,0.7308,0.913,1.0,1.0
TZA,Tanzania,2009,0.7407,1.0,0.6786,0.8077,1.0,1.0
TZA,Tanzania,2010,0.7407,1.0,0.6786,0.8077,1.0,1.0
TZA,Tanzania,2011,0.7273,1.0,0.6552,0.8077,1.0,1.0
TZA,Tanzania,2012,0.7273,1.0,0.6552,0.8077,1.0,1.0
TZA,Tanzania,2013,0.7273,1.0,0.6552,0.8077,1.0,1.0
TZA,Tanzania,2014,0.7273,1.0,0.6552,0.8077,1.0,1.0
TZA,Tanzania,2015,0.7143,1.0,0.6333,0.8077,1.0,1.0
TZA,Tanzania,2016,0.6429,0.6667,0.5333,0.7692,0.5,1.0
TZA,Tanzania,2017,0.625,0.6667,0.5333,0.7308,0.5,1.0
TZA,Tanzania,2018,0.6071,0.6667,0.5,0.7308,0.5,1.0
TZA,Tanzania,2019,0.6071,0.6667,0.5,0.7308,0.5,1.0
TZA,Tanzania,2020,0.625,0.6667,0.5,0.7692,0.5,1.0
TZA,Tanzania,2021,0.625,0.6667,0.5,0.7692,0.5,1.0
TZA,Tanzania,2022,0.6071,0.6667,0.5,0.7308,0.5,1.0
TZA,Tanzania,2023,0.6071,0.6667,0.5,0.7308,0.5,1.0
UGA,Uganda,1999,0.0189,0.1667,0.0333,0.0,0.25,0.0
UGA,Uganda,2000,0.0189,0.1667,0.0333,0.0,0.25,0.0
UGA,Uganda,2001,0.0185,0.1667,0.0333,0.0,0.25,0.0
UGA,Uganda,2002,0.037,0.3333,0.0667,0.0,0.5,0.0
UGA,Uganda,2003,0.037,0.3333,0.0667,0.0,0.5,0.0
UGA,Uganda,2004,0.0926,0.3333,0.1667,0.0,0.5,0.0
UGA,Uganda,2005,0.037,0.3333,0.0667,0.0,0.5,0.0
UGA,Uganda,2006,0.0357,0.3333,0.0667,0.0,0.5,0.0
UGA,Uganda,2007,0.0357,0.3333,0.0667,0.0,0.5,0.0
UGA,Uganda,2008,0.0357,0.3333,0.0667,0.0,0.5,0.0
UGA,Uganda,2009,0.0357,0.3333,0.0667,0.0,0.5,0.0
UGA,Uganda,2010,0.0357,0.3333,0.0667,0.0,0.5,0.0
UGA,Uganda,2011,0.0179,0.1667,0.0333,0.0,0.25,0.0
UGA,Uganda,2012,0.0179,0.1667,0.0333,0.0,0.25,0.0
UGA,Uganda,2013,0.0179,0.1667,0.0333,0.0,0.25,0.0
UGA,Uganda,2014,0.0179,0.1667,0.0333,0.0,0.25,0.0
UGA,Uganda,2015,0.0179,0.1667,0.0333,0.0,0.25,0.0
UGA,Uganda,2016,0.0179,0.1667,0.0333,0.0,0.25,0.0
UGA,Uganda,2017,0.0179,0.1667,0.0333,0.0,0.25,0.0
UGA,Uganda,2018,0.0179,0.1667,0.0333,0.0,0.25,0.0
UGA,Uganda,2019,0.0179,0.1667,0.0333,0.0,0.25,0.0
UGA,Uganda,2020,0.0179,0.1667,0.0333,0.0,0.25,0.0
UGA,Uganda,2021,0.0179,0.1667,0.0333,0.0,0.25,0.0
UGA,Uganda,2022,0.0179,0.1667,0.0333,0.0,0.25,0.0
UGA,Uganda,2023,0.0179,0.1667,0.0333,0.0,0.25,0.0
UKR,Ukraine,1999,0.7115,0.8333,0.5862,0.8696,0.75,1.0
UKR,Ukraine,2000,0.6792,0.8333,0.5172,0.875,0.75,1.0
UKR,Ukraine,2001,0.717,0.8333,0.5862,0.875,0.75,1.0
UKR,Ukraine,2002,0.7358,0.8333,0.5862,0.9167,0.75,1.0
UKR,Ukraine,2003,0.7358,0.8333,0.5862,0.9167,0.75,1.0
UKR,Ukraine,2004,0.7358,0.8333,0.5862,0.9167,0.75,1.0
UKR,Ukraine,2005,0.717,0.8333,0.5862,0.875,0.75,1.0
UKR,Ukraine,2006,0.6727,0.8333,0.5862,0.7692,0.75,1.0
UKR,Ukraine,2007,0.6545,0.8333,0.5517,0.7692,0.75,1.0
UKR,Ukraine,2008,0.6545,0.8333,0.5517,0.7692,0.75,1.0
UKR,Ukraine,2009,0.6429,0.8333,0.5333,0.7692,0.75,1.0
UKR,Ukraine,2010,0.7321,1.0,0.6,0.8846,1.0,1.0
UKR,Ukraine,2011,0.7321,1.0,0.6,0.8846,1.0,1.0
UKR,Ukraine,2012,0.7321,1.0,0.6,0.8846,1.0,1.0
UKR,Ukraine,2013,0.7321,1.0,0.6,0.8846,1.0,1.0
UKR,Ukraine,2014,0.7143,1.0,0.5667,0.8846,1.0,1.0
UKR,Ukraine,2015,0.7321,1.0,0.6,0.8846,1.0,1.0
UKR,Ukraine,2016,0.7321,1.0,0.6,0.8846,1.0,1.0
UKR,Ukraine,2017,0.7321,1.0,0.6,0.8846,1.0,1.0
UKR,Ukraine,2018,0.7143,1.0,0.6,0.8462,1.0,1.0
UKR,Ukraine,2019,0.6607,1.0,0.5667,0.7692,1.0,1.0
UKR,Ukraine,2020,0.6607,1.0,0.5667,0.7692,1.0,1.0
UKR,Ukraine,2021,0.6607,1.0,0.5667,0.7692,1.0,1.0
UKR,Ukraine,2022,0.6964,0.6667,0.6333,0.7692,0.5,1.0
UKR,Ukraine,2023,0.7143,0.6667,0.6667,0.7692,0.5,1.0
UKR,Ukraine,2024,0.7143,0.6667,0.6667,0.7692,0.5,1.0
URY,Uruguay,1999,0.0,0.0,0.0,0.0,0.0,0.0
URY,Uruguay,2000,0.0204,0.0,0.0357,0.0,0.0,0.0
URY,Uruguay,2001,0.0204,0.0,0.0357,0.0,0.0,0.0
URY,Uruguay,2002,0.0204,0.0,0.0357,0.0,0.0,0.0
URY,Uruguay,2003,0.0408,0.0,0.0714,0.0,0.0,0.0
URY,Uruguay,2004,0.0408,0.0,0.0714,0.0,0.0,0.0
URY,Uruguay,2005,0.0408,0.0,0.0714,0.0,0.0,0.0
URY,Uruguay,2006,0.0392,0.0,0.0714,0.0,0.0,0.0
URY,Uruguay,2007,0.0392,0.0,0.0714,0.0,0.0,0.0
URY,Uruguay,2008,0.0392,0.0,0.0714,0.0,0.0,0.0
URY,Uruguay,2009,0.0392,0.0,0.0714,0.0,0.0,0.0
URY,Uruguay,2010,0.0392,0.0,0.0714,0.0,0.0,0.0
URY,Uruguay,2011,0.0357,0.0,0.0667,0.0,0.0,0.0
URY,Uruguay,2012,0.0536,0.0,0.1,0.0,0.0,0.0
URY,Uruguay,2013,0.0536,0.0,0.1,0.0,0.0,0.0
URY,Uruguay,2014,0.0536,0.0,0.1,0.0,0.0,0.0
URY,Uruguay,2015,0.0357,0.0,0.0667,0.0,0.0,0.0
URY,Uruguay,2016,0.0357,0.0,0.0667,0.0,0.0,0.0
URY,Uruguay,2017,0.0179,0.0,0.0333,0.0,0.0,0.0
URY,Uruguay,2018,0.0179,0.0,0.0333,0.0,0.0,0.0
URY,Uruguay,2019,0.0179,0.0,0.0333,0.0,0.0,0.0
URY,Uruguay,2020,0.0179,0.0,0.0333,0.0,0.0,0.0
URY,Uruguay,2021,0.0179,0.0,0.0333,0.0,0.0,0.0
URY,Uruguay,2022,0.0179,0.0,0.0333,0.0,0.0,0.0
URY,Uruguay,2023,0.0179,0.0,0.0333,0.0,0.0,0.0
URY,Uruguay,2024,0.0179,0.0,0.0333,0.0,0.0,0.0
USA,United States,1999,0.1321,0.3333,0.1,0.1739,0.25,0.5
USA,United States,2000,0.1296,0.3333,0.1,0.1667,0.25,0.5
USA,United States,2001,0.1296,0.3333,0.1,0.1667,0.25,0.5
USA,United States,2002,0.1296,0.3333,0.1,0.1667,0.25,0.5
USA,United States,2003,0.1296,0.3333,0.1,0.1667,0.25,0.5
USA,United States,2004,0.1296,0.3333,0.1,0.1667,0.25,0.5
USA,United States,2005,0.1481,0.3333,0.1,0.2083,0.25,0.5
USA,United States,2006,0.1429,0.3333,0.1,0.1923,0.25,0.5
USA,United States,2007,0.1607,0.5,0.1333,0.1923,0.5,0.5
USA,United States,2008,0.2143,0.5,0.1667,0.2692,0.5,0.5
USA,United States,2009,0.2143,0.5,0.1667,0.2692,0.5,0.5
USA,United States,2010,0.2143,0.5,0.1667,0.2692,0.5,0.5
USA,United States,2011,0.2143,0.5,0.1667,0.2692,0.5,0.5
USA,United States,2012,0.2143,0.5,0.1667,0.2692,0.5,0.5
USA,United States,2013,0.2143,0.5,0.1667,0.2692,0.5,0.5
USA,United States,2014,0.2143,0.5,0.1667,0.2692,0.5,0.5
USA,United States,2015,0.2143,0.5,0.1667,0.2692,0.5,0.5
USA,United States,2016,0.2143,0.5,0.1667,0.2692,0.5,0.5
USA,United States,2017,0.2143,0.5,0.1667,0.2692,0.5,0.5
USA,United States,2018,0.2143,0.5,0.1667,0.2692,0.5,0.5
USA,United States,2019,0.2143,0.5,0.1667,0.2692,0.5,0.5
USA,United States,2020,0.2143,0.5,0.1667,0.2692,0.5,0.5
USA,United States,2021,0.2143,0.5,0.1667,0.2692,0.5,0.5
USA,United States,2022,0.2143,0.5,0.1667,0.2692,0.5,0.5
USA,United States,2023,0.2143,0.5,0.1667,0.2692,0.5,0.5
UZB,Uzbekistan,1999,0.8235,0.8333,0.7778,0.875,1.0,0.5
UZB,Uzbekistan,2000,0.8235,0.8333,0.7778,0.875,1.0,0.5
UZB,Uzbekistan,2001,0.8,0.8333,0.7222,0.8824,1.0,0.5
UZB,Uzbekistan,2002,0.8,0.8333,0.7222,0.8824,1.0,0.5
UZB,Uzbekistan,2003,0.7714,0.8333,0.6667,0.8824,1.0,0.5
UZB,Uzbekistan,2004,0.7714,0.8333,0.6667,0.8824,1.0,0.5
UZB,Uzbekistan,2005,0.7692,0.8333,0.7,0.8421,1.0,0.5
UZB,Uzbekistan,2006,0.7561,0.8333,0.7,0.8095,1.0,0.5
UZB,Uzbekistan,2007,0.766,0.8333,0.7083,0.8261,1.0,0.5
UZB,Uzbekistan,2008,0.7551,0.8333,0.6923,0.8261,1.0,0.5
UZB,Uzbekistan,2009,0.8,0.8333,0.7778,0.8261,1.0,0.5
UZB,Uzbekistan,2010,0.7963,0.8333,0.7586,0.84,0.75,1.0
UZB,Uzbekistan,2011,0.7708,0.8333,0.72,0.8261,0.75,1.0
UZB,Uzbekistan,2012,0.7708,0.8333,0.72,0.8261,0.75,1.0
UZB,Uzbekistan,2013,0.7708,0.8333,0.72,0.8261,0.75,1.0
UZB,Uzbekistan,2014,0.7708,0.8333,0.72,0.8261,0.75,1.0
UZB,Uzbekistan,2015,0.6863,0.8333,0.6296,0.75,0.75,1.0
UZB,Uzbekistan,2016,0.6863,0.8333,0.6296,0.75,0.75,1.0
UZB,Uzbekistan,2017,0.6275,0.8333,0.5556,0.7083,0.75,1.0
UZB,Uzbekistan,2018,0.5472,0.5,0.3929,0.72,0.25,1.0
UZB,Uzbekistan,2019,0.566,0.6667,0.4286,0.72,0.5,1.0
UZB,Uzbekistan,2020,0.5283,0.6667,0.3571,0.72,0.5,1.0
UZB,Uzbekistan,2021,0.5283,0.6667,0.3571,0.72,0.5,1.0
UZB,Uzbekistan,2022,0.5273,0.6667,0.3448,0.7308,0.5,1.0
UZB,Uzbekistan,2023,0.5273,0.6667,0.3448,0.7308,0.5,1.0
VCT,St. Vincent and the Grenadines,1999,0.8095,0.6,0.5,1.0,0.3333,1.0
VCT,St. Vincent and the Grenadines,2000,0.8095,0.6,0.5,1.0,0.3333,1.0
VCT,St. Vincent and the Grenadines,2001,0.8095,0.6,0.5,1.0,0.3333,1.0
VCT,St. Vincent and the Grenadines,2002,0.8095,0.6,0.5,1.0,0.3333,1.0
VCT,St. Vincent and the Grenadines,2003,0.8095,0.6,0.5,1.0,0.3333,1.0
VCT,St. Vincent and the Grenadines,2004,0.8095,0.6,0.5,1.0,0.3333,1.0
VCT,St. Vincent and the Grenadines,2005,0.8095,0.6,0.5,1.0,0.3333,1.0
VCT,St. Vincent and the Grenadines,2006,0.8095,0.6,0.5,1.0,0.3333,1.0
VCT,St. Vincent and the Grenadines,2007,0.8095,0.6,0.5,1.0,0.3333,1.0
VCT,St. Vincent and the Grenadines,2008,0.6154,0.6667,0.4828,0.7826,0.5,1.0
VCT,St. Vincent and the Grenadines,2009,0.6154,0.6667,0.4828,0.7826,0.5,1.0
VCT,St. Vincent and the Grenadines,2010,0.6154,0.6667,0.4828,0.7826,0.5,1.0
VCT,St. Vincent and the Grenadines,2011,0.6154,0.6667,0.4828,0.7826,0.5,1.0
VCT,St. Vincent and the Grenadines,2012,0.6154,0.6667,0.4828,0.7826,0.5,1.0
VCT,St. Vincent and the Grenadines,2013,0.6154,0.6667,0.4828,0.7826,0.5,1.0
VCT,St. Vincent and the Grenadines,2014,0.6154,0.6667,0.4828,0.7826,0.5,1.0
VCT,St. Vincent and the Grenadines,2015,0.6154,0.6667,0.4828,0.7826,0.5,1.0
VCT,St. Vincent and the Grenadines,2016,0.6154,0.6667,0.4828,0.7826,0.5,1.0
VCT,St. Vincent and the Grenadines,2017,0.6154,0.6667,0.4828,0.7826,0.5,1.0
VCT,St. Vincent and the Grenadines,2018,0.6154,0.6667,0.4828,0.7826,0.5,1.0
VCT,St. Vincent and the Grenadines,2019,0.6154,0.6667,0.4828,0.7826,0.5,1.0
VCT,St. Vincent and the Grenadines,2020,0.6154,0.6667,0.4828,0.7826,0.5,1.0
VCT,St. Vincent and the Grenadines,2021,0.6154,0.6667,0.4828,0.7826,0.5,1.0
VCT,St. Vincent and the Grenadines,2022,0.6154,0.6667,0.4828,0.7826,0.5,1.0
VCT,St. Vincent and the Grenadines,2023,0.6154,0.6667,0.4828,0.7826,0.5,1.0
VEN,Venezuela,1999,0.1509,0.1667,0.1667,0.1304,0.25,0.0
VEN,Venezuela,2000,0.1509,0.1667,0.1667,0.1304,0.25,0.0
VEN,Venezuela,2001,0.1509,0.1667,0.1667,0.1304,0.25,0.0
VEN,Venezuela,2002,0.3585,0.1667,0.4,0.3043,0.25,0.0
VEN,Venezuela,2003,0.3585,0.1667,0.3667,0.3478,0.25,0.0
VEN,Venezuela,2004,0.3585,0.1667,0.3667,0.3478,0.25,0.0
VEN,Venezuela,2005,0.3774,0.3333,0.4,0.3478,0.5,0.0
VEN,Venezuela,2006,0.4182,0.3333,0.4,0.44,0.5,0.0
VEN,Venezuela,2007,0.5273,0.3333,0.5667,0.48,0.5,0.0
VEN,Venezuela,2008,0.6792,0.3333,0.7667,0.5652,0.5,0.0
VEN,Venezuela,2009,0.6792,0.3333,0.7667,0.5652,0.5,0.0
VEN,Venezuela,2010,0.6792,0.3333,0.7667,0.5652,0.5,0.0
VEN,Venezuela,2011,0.6792,0.3333,0.7667,0.5652,0.5,0.0
VEN,Venezuela,2012,0.6792,0.3333,0.7667,0.5652,0.5,0.0
VEN,Venezuela,2013,0.6792,0.3333,0.7667,0.5652,0.5,0.0
VEN,Venezuela,2014,0.7037,0.6667,0.7333,0.6667,1.0,0.0
VEN,Venezuela,2015,0.7037,0.6667,0.7333,0.6667,1.0,0.0
VEN,Venezuela,2016,0.7037,0.6667,0.7333,0.6667,1.0,0.0
VEN,Venezuela,2017,0.7037,0.6667,0.7333,0.6667,1.0,0.0
VEN,Venezuela,2018,0.7037,0.6667,0.7333,0.6667,1.0,0.0
VEN,Venezuela,2019,0.7037,0.6667,0.7333,0.6667,1.0,0.0
VEN,Venezuela,2020,0.7037,0.6667,0.7333,0.6667,1.0,0.0
VNM,Vietnam,1999,0.8333,1.0,0.7273,0.95,1.0,1.0
VNM,Vietnam,2000,0.8372,1.0,0.7391,0.95,1.0,1.0
VNM,Vietnam,2001,0.8372,1.0,0.7391,0.95,1.0,1.0
VNM,Vietnam,2002,0.7907,1.0,0.6957,0.9,1.0,1.0
VNM,Vietnam,2003,0.7273,1.0,0.6364,0.8182,1.0,1.0
VNM,Vietnam,2004,0.7273,1.0,0.6364,0.8182,1.0,1.0
VNM,Vietnam,2005,0.7045,1.0,0.5909,0.8182,1.0,1.0
VNM,Vietnam,2006,0.6739,1.0,0.5652,0.7826,1.0,1.0
VNM,Vietnam,2007,0.6739,1.0,0.5652,0.7826,1.0,1.0
VNM,Vietnam,2008,0.6875,1.0,0.5833,0.7917,1.0,1.0
VNM,Vietnam,2009,0.6667,0.6,0.5385,0.8,0.5,1.0
VNM,Vietnam,2010,0.6471,0.6,0.5,0.8,0.5,1.0
VNM,Vietnam,2011,0.6667,0.6,0.5385,0.8,0.5,1.0
VNM,Vietnam,2012,0.6415,0.6,0.5,0.8,0.5,1.0
VNM,Vietnam,2013,0.6604,0.6,0.5357,0.8,0.5,1.0
VNM,Vietnam,2014,0.6604,0.6,0.5357,0.8,0.5,1.0
VNM,Vietnam,2015,0.6538,0.6,0.5357,0.7917,0.5,1.0
VNM,Vietnam,2016,0.6731,0.6,0.5714,0.7917,0.5,1.0
VNM,Vietnam,2017,0.6731,0.6,0.5714,0.7917,0.5,1.0
VNM,Vietnam,2018,0.6481,0.6,0.5333,0.7917,0.5,1.0
VNM,Vietnam,2019,0.6481,0.6,0.5333,0.7917,0.5,1.0
VNM,Vietnam,2020,0.6481,0.6,0.5333,0.7917,0.5,1.0
VNM,Vietnam,2021,0.6481,0.6,0.5333,0.7917,0.5,1.0
VNM,Vietnam,2022,0.6,0.5,0.5,0.72,0.5,0.5
VNM,Vietnam,2023,0.5714,0.5,0.4333,0.7308,0.5,0.5
VNM,Vietnam,2024,0.5714,0.5,0.4333,0.7308,0.5,0.5
VUT,Vanuatu,1999,0.0,,0.0,0.0,,
VUT,Vanuatu,2000,0.0,,0.0,0.0,,
VUT,Vanuatu,2001,0.0,,0.0,0.0,,
VUT,Vanuatu,2002,0.0,,0.0,0.0,,
VUT,Vanuatu,2003,0.0,,0.0,0.0,,
VUT,Vanuatu,2004,0.0,,0.0,0.0,,
VUT,Vanuatu,2005,0.0,,0.0,0.0,,
VUT,Vanuatu,2006,0.0,,0.0,0.0,,
VUT,Vanuatu,2007,0.0,,0.0,0.0,,
VUT,Vanuatu,2008,0.0,,0.0,0.0,,
VUT,Vanuatu,2009,0.0,,0.0,0.0,,
VUT,Vanuatu,2010,0.0,,0.0,0.0,,
VUT,Vanuatu,2011,0.0,,0.0,0.0,,
VUT,Vanuatu,2012,0.0,,0.0,0.0,,
VUT,Vanuatu,2013,0.0,,0.0,0.0,,
VUT,Vanuatu,2014,0.0,,0.0,0.0,,
VUT,Vanuatu,2015,0.0,,0.0,0.0,,
VUT,Vanuatu,2016,0.0,,0.0,0.0,,
VUT,Vanuatu,2017,0.0,,0.0,0.0,,
VUT,Vanuatu,2018,0.0556,,0.0909,0.0,,
VUT,Vanuatu,2019,0.0893,0.0,0.0333,0.1538,0.0,0.0
VUT,Vanuatu,2020,0.0893,0.0,0.0333,0.1538,0.0,0.0
VUT,Vanuatu,2021,0.0893,0.0,0.0333,0.1538,0.0,0.0
VUT,Vanuatu,2022,0.0893,0.0,0.0333,0.1538,0.0,0.0
VUT,Vanuatu,2023,0.0893,0.0,0.0333,0.1538,0.0,0.0
WSM,Samoa,1999,0.5472,0.8333,0.4333,0.6957,0.75,1.0
WSM,Samoa,2000,0.5472,0.8333,0.4333,0.6957,0.75,1.0
WSM,Samoa,2001,0.5472,0.8333,0.4333,0.6957,0.75,1.0
WSM,Samoa,2002,0.537,0.8333,0.4,0.7083,0.75,1.0
WSM,Samoa,2003,0.537,0.8333,0.4,0.7083,0.75,1.0
WSM,Samoa,2004,0.537,0.8333,0.4,0.7083,0.75,1.0
WSM,Samoa,2005,0.537,0.8333,0.4,0.7083,0.75,1.0
WSM,Samoa,2006,0.5091,1.0,0.4333,0.6,1.0,1.0
WSM,Samoa,2007,0.5179,1.0,0.4333,0.6154,1.0,1.0
WSM,Samoa,2008,0.5357,1.0,0.4667,0.6154,1.0,1.0
WSM,Samoa,2009,0.5357,1.0,0.4667,0.6154,1.0,1.0
WSM,Samoa,2010,0.5455,1.0,0.5,0.6,1.0,1.0
WSM,Samoa,2011,0.5455,1.0,0.5,0.6,1.0,1.0
WSM,Samoa,2012,0.5714,1.0,0.5,0.6538,1.0,1.0
WSM,Samoa,2013,0.5714,1.0,0.5,0.6538,1.0,1.0
WSM,Samoa,2014,0.5357,1.0,0.4333,0.6538,1.0,1.0
WSM,Samoa,2015,0.5455,1.0,0.4667,0.64,1.0,1.0
WSM,Samoa,2016,0.5536,1.0,0.4667,0.6538,1.0,1.0
WSM,Samoa,2017,0.5536,1.0,0.5,0.6154,1.0,1.0
WSM,Samoa,2018,0.5536,1.0,0.5,0.6154,1.0,1.0
WSM,Samoa,2019,0.5536,1.0,0.5,0.6154,1.0,1.0
WSM,Samoa,2020,0.5536,1.0,0.5,0.6154,1.0,1.0
WSM,Samoa,2021,0.5536,1.0,0.5,0.6154,1.0,1.0
WSM,Samoa,2022,0.5536,1.0,0.5,0.6154,1.0,1.0
WSM,Samoa,2023,0.5536,1.0,0.5,0.6154,1.0,1.0
XKX,Kosovo,2009,0.0,0.0,0.0,0.0,0.0,0.0
XKX,Kosovo,2010,0.0179,0.0,0.0,0.0385,0.0,0.0
XKX,Kosovo,2011,0.0179,0.0,0.0,0.0385,0.0,0.0
XKX,Kosovo,2012,0.0179,0.0,0.0,0.0385,0.0,0.0
XKX,Kosovo,2013,0.0179,0.0,0.0,0.0385,0.0,0.0
XKX,Kosovo,2014,0.0179,0.0,0.0,0.0385,0.0,0.0
XKX,Kosovo,2015,0.0179,0.0,0.0,0.0385,0.0,0.0
XKX,Kosovo,2016,0.0179,0.0,0.0,0.0385,0.0,0.0
XKX,Kosovo,2017,0.0179,0.0,0.0,0.0385,0.0,0.0
XKX,Kosovo,2018,0.0,0.0,0.0,0.0,0.0,0.0
XKX,Kosovo,2019,0.0,0.0,0.0,0.0,0.0,0.0
XKX,Kosovo,2020,0.0,0.0,0.0,0.0,0.0,0.0
XKX,Kosovo,2021,0.0,0.0,0.0,0.0,0.0,0.0
XKX,Kosovo,2022,0.0,0.0,0.0,0.0,0.0,0.0
XKX,Kosovo,2023,0.0,0.0,0.0,0.0,0.0,0.0
YEM,Yemen,1999,0.0755,0.0,0.1333,0.0,0.0,0.0
YEM,Yemen,2000,0.0755,0.0,0.1333,0.0,0.0,0.0
YEM,Yemen,2001,0.0755,0.0,0.1333,0.0,0.0,0.0
YEM,Yemen,2002,0.0755,0.0,0.1333,0.0,0.0,0.0
YEM,Yemen,2003,0.0755,0.0,0.1333,0.0,0.0,0.0
YEM,Yemen,2004,0.0755,0.0,0.1333,0.0,0.0,0.0
YEM,Yemen,2005,0.037,0.0,0.0667,0.0,0.0,0.0
YEM,Yemen,2006,0.037,0.0,0.069,0.0,0.0,0.0
YEM,Yemen,2007,0.037,0.0,0.069,0.0,0.0,0.0
YEM,Yemen,2008,0.037,0.0,0.069,0.0,0.0,0.0
YEM,Yemen,2009,0.0357,0.0,0.0667,0.0,0.0,0.0
YEM,Yemen,2010,0.0536,0.1667,0.1,0.0,0.25,0.0
YEM,Yemen,2011,0.0536,0.1667,0.1,0.0,0.25,0.0
YEM,Yemen,2012,0.0536,0.1667,0.1,0.0,0.25,0.0
YEM,Yemen,2013,0.0536,0.1667,0.1,0.0,0.25,0.0
YEM,Yemen,2014,0.0536,0.1667,0.1,0.0,0.25,0.0
YEM,Yemen,2015,0.0536,0.1667,0.1,0.0,0.25,0.0
YEM,Yemen,2016,0.0536,0.1667,0.1,0.0,0.25,0.0
YEM,Yemen,2017,0.0536,0.1667,0.1,0.0,0.25,0.0
YEM,Yemen,2018,0.0536,0.1667,0.1,0.0,0.25,0.0
YEM,Yemen,2019,0.0536,0.1667,0.1,0.0,0.25,0.0
YEM,Yemen,2020,0.0727,0.1667,0.1,0.04,0.25,0.0
YEM,Yemen,2021,0.0536,0.1667,0.1,0.0,0.25,0.0
YEM,Yemen,2022,0.0536,0.1667,0.1,0.0,0.25,0.0
YEM,Yemen,2023,0.0536,0.1667,0.1,0.0,0.25,0.0
ZAF,South Africa,1999,0.5472,0.3333,0.3333,0.8261,0.0,1.0
ZAF,South Africa,2000,0.5556,0.3333,0.3333,0.8333,0.0,1.0
ZAF,South Africa,2001,0.5556,0.3333,0.3333,0.8333,0.0,1.0
ZAF,South Africa,2002,0.5556,0.3333,0.3333,0.8333,0.0,1.0
ZAF,South Africa,2003,0.5556,0.3333,0.3333,0.8333,0.0,1.0
ZAF,South Africa,2004,0.5556,0.3333,0.3333,0.8333,0.0,1.0
ZAF,South Africa,2005,0.5556,0.3333,0.3333,0.8333,0.0,1.0
ZAF,South Africa,2006,0.5741,0.3333,0.3667,0.8333,0.0,1.0
ZAF,South Africa,2007,0.6071,0.3333,0.3667,0.8846,0.0,1.0
ZAF,South Africa,2008,0.6071,0.3333,0.3667,0.8846,0.0,1.0
ZAF,South Africa,2009,0.5714,0.3333,0.3333,0.8462,0.0,1.0
ZAF,South Africa,2010,0.5714,0.3333,0.3333,0.8462,0.0,1.0
ZAF,South Africa,2011,0.5714,0.3333,0.3333,0.8462,0.0,1.0
ZAF,South Africa,2012,0.5536,0.3333,0.3,0.8462,0.0,1.0
ZAF,South Africa,2013,0.5714,0.3333,0.3,0.8846,0.0,1.0
ZAF,South Africa,2014,0.5714,0.3333,0.3,0.8846,0.0,1.0
ZAF,South Africa,2015,0.5714,0.3333,0.3,0.8846,0.0,1.0
ZAF,South Africa,2016,0.5714,0.3333,0.3,0.8846,0.0,1.0
ZAF,South Africa,2017,0.5714,0.3333,0.3,0.8846,0.0,1.0
ZAF,South Africa,2018,0.5893,0.3333,0.3333,0.8846,0.0,1.0
ZAF,South Africa,2019,0.5893,0.3333,0.3333,0.8846,0.0,1.0
ZAF,South Africa,2020,0.5893,0.3333,0.3333,0.8846,0.0,1.0
ZAF,South Africa,2021,0.5893,0.3333,0.3333,0.8846,0.0,1.0
ZAF,South Africa,2022,0.5893,0.3333,0.3333,0.8846,0.0,1.0
ZAF,South Africa,2023,0.5893,0.3333,0.3333,0.8846,0.0,1.0
ZAF,South Africa,2024,0.5893,0.3333,0.3333,0.8846,0.0,1.0
ZMB,Zambia,1999,0.0,0.0,0.0,0.0,0.0,0.0
ZMB,Zambia,2000,0.0,0.0,0.0,0.0,0.0,0.0
ZMB,Zambia,2001,0.0,0.0,0.0,0.0,0.0,0.0
ZMB,Zambia,2002,0.0,0.0,0.0,0.0,0.0,0.0
ZMB,Zambia,2003,0.0,0.0,0.0,0.0,0.0,0.0
ZMB,Zambia,2004,0.0,0.0,0.0,0.0,0.0,0.0
ZMB,Zambia,2005,0.0,0.0,0.0,0.0,0.0,0.0
ZMB,Zambia,2006,0.0,0.0,0.0,0.0,0.0,0.0
ZMB,Zambia,2007,0.0,0.0,0.0,0.0,0.0,0.0
ZMB,Zambia,2008,0.0,0.0,0.0,0.0,0.0,0.0
ZMB,Zambia,2009,0.0,0.0,0.0,0.0,0.0,0.0
ZMB,Zambia,2010,0.0,0.0,0.0,0.0,0.0,0.0
ZMB,Zambia,2011,0.0,0.0,0.0,0.0,0.0,0.0
ZMB,Zambia,2012,0.0,0.0,0.0,0.0,0.0,0.0
ZMB,Zambia,2013,0.0,0.0,0.0,0.0,0.0,0.0
ZMB,Zambia,2014,0.0,0.0,0.0,0.0,0.0,0.0
ZMB,Zambia,2015,0.0,0.0,0.0,0.0,0.0,0.0
ZMB,Zambia,2016,0.0,0.0,0.0,0.0,0.0,0.0
ZMB,Zambia,2017,0.0,0.0,0.0,0.0,0.0,0.0
ZMB,Zambia,2018,0.0,0.0,0.0,0.0,0.0,0.0
ZMB,Zambia,2019,0.0,0.0,0.0,0.0,0.0,0.0
ZMB,Zambia,2020,0.0,0.0,0.0,0.0,0.0,0.0
ZMB,Zambia,2021,0.0,0.0,0.0,0.0,0.0,0.0
ZMB,Zambia,2022,0.0,0.0,0.0,0.0,0.0,0.0
ZMB,Zambia,2023,0.0,0.0,0.0,0.0,0.0,0.0
ZWE,Zimbabwe,1999,0.8113,0.8333,0.7333,0.913,0.75,1.0
ZWE,Zimbabwe,2000,0.8113,0.8333,0.7333,0.913,0.75,1.0
ZWE,Zimbabwe,2001,0.8148,0.8333,0.7333,0.9167,0.75,1.0
ZWE,Zimbabwe,2002,0.8148,0.8333,0.7333,0.9167,0.75,1.0
ZWE,Zimbabwe,2003,0.8148,0.8333,0.7333,0.9167,0.75,1.0
ZWE,Zimbabwe,2004,0.8148,0.8333,0.7333,0.9167,0.75,1.0
ZWE,Zimbabwe,2005,0.8148,0.8333,0.7333,0.9167,0.75,1.0
ZWE,Zimbabwe,2006,0.8214,0.8333,0.7333,0.9231,0.75,1.0
ZWE,Zimbabwe,2007,0.8214,0.8333,0.7333,0.9231,0.75,1.0
ZWE,Zimbabwe,2008,0.8036,1.0,0.8,0.8077,1.0,1.0
ZWE,Zimbabwe,2009,0.8036,1.0,0.8,0.8077,1.0,1.0
ZWE,Zimbabwe,2010,0.7321,1.0,0.7333,0.7308,1.0,1.0
ZWE,Zimbabwe,2011,0.7143,1.0,0.7,0.7308,1.0,1.0
ZWE,Zimbabwe,2012,0.7143,1.0,0.7,0.7308,1.0,1.0
ZWE,Zimbabwe,2013,0.7143,1.0,0.7,0.7308,1.0,1.0
ZWE,Zimbabwe,2014,0.7143,1.0,0.7,0.7308,1.0,1.0
ZWE,Zimbabwe,2015,0.7143,1.0,0.7,0.7308,1.0,1.0
ZWE,Zimbabwe,2016,0.7143,1.0,0.7,0.7308,1.0,1.0
ZWE,Zimbabwe,2017,0.7143,1.0,0.7,0.7308,1.0,1.0
ZWE,Zimbabwe,2018,0.7321,1.0,0.6667,0.8077,1.0,1.0
ZWE,Zimbabwe,2019,0.6964,1.0,0.6,0.8077,1.0,1.0
ZWE,Zimbabwe,2020,0.6964,1.0,0.6,0.8077,1.0,1.0
ZWE,Zimbabwe,2021,0.6786,1.0,0.5667,0.8077,1.0,1.0
ZWE,Zimbabwe,2022,0.6429,0.8333,0.5333,0.7692,0.75,1.0
ZWE,Zimbabwe,2023,0.6607,0.8333,0.5333,0.8077,0.75,1.0
