iso3,concept_id,category,computed_score,n_present,n_absent_penalty_relevant,f,floor_low,floor_sd,floor,penalty_w,penalty_regime,penalized_score,relevance,measurement_quality,effective_weight,weighted_contribution,low_confidence
AFG,1,Political foundations,0.1191675272205424,7,0,1.0,0.1191675272205424,0.13975264893651285,0.0,0.0,none,0.1191675272205424,1.0,1.0,1.0,0.1191675272205424,False
AGO,1,Political foundations,0.3384347018872675,7,0,1.0,0.1191675272205424,0.13975264893651285,0.0,0.0,none,0.3384347018872675,1.0,1.0,1.0,0.3384347018872675,False
ALB,1,Political foundations,0.5319313721912494,7,0,1.0,0.1191675272205424,0.13975264893651285,0.0,0.0,none,0.5319313721912494,1.0,1.0,1.0,0.5319313721912494,False
ARE,1,Political foundations,0.4134428956012346,7,0,1.0,0.1191675272205424,0.13975264893651285,0.0,0.0,none,0.4134428956012346,1.0,1.0,1.0,0.4134428956012346,False
ARG,1,Political foundations,0.6267690773490284,7,0,1.0,0.1191675272205424,0.13975264893651285,0.0,0.0,none,0.6267690773490284,1.0,1.0,1.0,0.6267690773490284,False
ARM,1,Political foundations,0.5765241150198546,7,0,1.0,0.1191675272205424,0.13975264893651285,0.0,0.0,none,0.5765241150198546,1.0,1.0,1.0,0.5765241150198546,False
ATG,1,Political foundations,0.680477617411777,3,0,1.0,0.1191675272205424,0.13975264893651285,0.0,0.0,none,0.680477617411777,1.0,1.0,1.0,0.680477617411777,True
AUS,1,Political foundations,0.6875349031488328,7,0,1.0,0.1191675272205424,0.13975264893651285,0.0,0.0,none,0.6875349031488328,1.0,1.0,1.0,0.6875349031488328,False
AUT,1,Political foundations,0.6673820672022219,6,0,1.0,0.1191675272205424,0.13975264893651285,0.0,0.0,none,0.6673820672022219,1.0,1.0,1.0,0.6673820672022219,False
AZE,1,Political foundations,0.284289950658694,7,0,1.0,0.1191675272205424,0.13975264893651285,0.0,0.0,none,0.284289950658694,1.0,1.0,1.0,0.284289950658694,False
BDI,1,Political foundations,0.3614148120235354,7,0,1.0,0.1191675272205424,0.13975264893651285,0.0,0.0,none,0.3614148120235354,1.0,1.0,1.0,0.3614148120235354,False
BEL,1,Political foundations,0.6959775022046634,7,0,1.0,0.1191675272205424,0.13975264893651285,0.0,0.0,none,0.6959775022046634,1.0,1.0,1.0,0.6959775022046634,False
BEN,1,Political foundations,0.5784067614539811,7,0,1.0,0.1191675272205424,0.13975264893651285,0.0,0.0,none,0.5784067614539811,1.0,1.0,1.0,0.5784067614539811,False
BFA,1,Political foundations,0.5087477763758397,7,0,1.0,0.1191675272205424,0.13975264893651285,0.0,0.0,none,0.5087477763758397,1.0,1.0,1.0,0.5087477763758397,False
BGD,1,Political foundations,0.3423755428218418,7,0,1.0,0.1191675272205424,0.13975264893651285,0.0,0.0,none,0.3423755428218418,1.0,1.0,1.0,0.3423755428218418,False
BGR,1,Political foundations,0.5800730733884232,7,0,1.0,0.1191675272205424,0.13975264893651285,0.0,0.0,none,0.5800730733884232,1.0,1.0,1.0,0.5800730733884232,False
BHR,1,Political foundations,0.2582906839465766,7,0,1.0,0.1191675272205424,0.13975264893651285,0.0,0.0,none,0.2582906839465766,1.0,1.0,1.0,0.2582906839465766,False
BHS,1,Political foundations,0.7043081345170108,3,0,1.0,0.1191675272205424,0.13975264893651285,0.0,0.0,none,0.7043081345170108,1.0,1.0,1.0,0.7043081345170108,True
BIH,1,Political foundations,0.4728515222713143,7,0,1.0,0.1191675272205424,0.13975264893651285,0.0,0.0,none,0.4728515222713143,1.0,1.0,1.0,0.4728515222713143,False
BLR,1,Political foundations,0.4595955517053427,7,0,1.0,0.1191675272205424,0.13975264893651285,0.0,0.0,none,0.4595955517053427,1.0,1.0,1.0,0.4595955517053427,False
BLZ,1,Political foundations,0.616881611231822,3,0,1.0,0.1191675272205424,0.13975264893651285,0.0,0.0,none,0.616881611231822,1.0,1.0,1.0,0.616881611231822,True
BOL,1,Political foundations,0.510410135044833,7,0,1.0,0.1191675272205424,0.13975264893651285,0.0,0.0,none,0.510410135044833,1.0,1.0,1.0,0.510410135044833,False
BRA,1,Political foundations,0.5335011032364163,7,0,1.0,0.1191675272205424,0.13975264893651285,0.0,0.0,none,0.5335011032364163,1.0,1.0,1.0,0.5335011032364163,False
BRB,1,Political foundations,0.6564806367322537,7,0,1.0,0.1191675272205424,0.13975264893651285,0.0,0.0,none,0.6564806367322537,1.0,1.0,1.0,0.6564806367322537,False
BRN,1,Political foundations,0.4172128654044588,3,0,1.0,0.1191675272205424,0.13975264893651285,0.0,0.0,none,0.4172128654044588,1.0,1.0,1.0,0.4172128654044588,True
BTN,1,Political foundations,0.5082965433644704,7,0,1.0,0.1191675272205424,0.13975264893651285,0.0,0.0,none,0.5082965433644704,1.0,1.0,1.0,0.5082965433644704,False
BWA,1,Political foundations,0.6054299767334298,7,0,1.0,0.1191675272205424,0.13975264893651285,0.0,0.0,none,0.6054299767334298,1.0,1.0,1.0,0.6054299767334298,False
CAF,1,Political foundations,0.3323779707933984,7,0,1.0,0.1191675272205424,0.13975264893651285,0.0,0.0,none,0.3323779707933984,1.0,1.0,1.0,0.3323779707933984,False
CAN,1,Political foundations,0.6620120495236613,7,0,1.0,0.1191675272205424,0.13975264893651285,0.0,0.0,none,0.6620120495236613,1.0,1.0,1.0,0.6620120495236613,False
CHE,1,Political foundations,0.7431593406724218,6,0,1.0,0.1191675272205424,0.13975264893651285,0.0,0.0,none,0.7431593406724218,1.0,1.0,1.0,0.7431593406724218,False
CHL,1,Political foundations,0.658155597356216,7,0,1.0,0.1191675272205424,0.13975264893651285,0.0,0.0,none,0.658155597356216,1.0,1.0,1.0,0.658155597356216,False
CHN,1,Political foundations,0.2772155117312425,7,0,1.0,0.1191675272205424,0.13975264893651285,0.0,0.0,none,0.2772155117312425,1.0,1.0,1.0,0.2772155117312425,False
CIV,1,Political foundations,0.4060588283128027,7,0,1.0,0.1191675272205424,0.13975264893651285,0.0,0.0,none,0.4060588283128027,1.0,1.0,1.0,0.4060588283128027,False
CMR,1,Political foundations,0.3288716269551929,7,0,1.0,0.1191675272205424,0.13975264893651285,0.0,0.0,none,0.3288716269551929,1.0,1.0,1.0,0.3288716269551929,False
COD,1,Political foundations,0.3267855908698082,7,0,1.0,0.1191675272205424,0.13975264893651285,0.0,0.0,none,0.3267855908698082,1.0,1.0,1.0,0.3267855908698082,False
COG,1,Political foundations,0.3562497742942522,7,0,1.0,0.1191675272205424,0.13975264893651285,0.0,0.0,none,0.3562497742942522,1.0,1.0,1.0,0.3562497742942522,False
COL,1,Political foundations,0.4887543469131705,7,0,1.0,0.1191675272205424,0.13975264893651285,0.0,0.0,none,0.4887543469131705,1.0,1.0,1.0,0.4887543469131705,False
COM,1,Political foundations,0.5203184125753403,7,0,1.0,0.1191675272205424,0.13975264893651285,0.0,0.0,none,0.5203184125753403,1.0,1.0,1.0,0.5203184125753403,False
CPV,1,Political foundations,0.6482125929225141,7,0,1.0,0.1191675272205424,0.13975264893651285,0.0,0.0,none,0.6482125929225141,1.0,1.0,1.0,0.6482125929225141,False
CRI,1,Political foundations,0.664757044012729,7,0,1.0,0.1191675272205424,0.13975264893651285,0.0,0.0,none,0.664757044012729,1.0,1.0,1.0,0.664757044012729,False
CUB,1,Political foundations,0.5131150245655363,7,0,1.0,0.1191675272205424,0.13975264893651285,0.0,0.0,none,0.5131150245655363,1.0,1.0,1.0,0.5131150245655363,False
CYP,1,Political foundations,0.610925517794887,7,0,1.0,0.1191675272205424,0.13975264893651285,0.0,0.0,none,0.610925517794887,1.0,1.0,1.0,0.610925517794887,False
CZE,1,Political foundations,0.6624610482305306,7,0,1.0,0.1191675272205424,0.13975264893651285,0.0,0.0,none,0.6624610482305306,1.0,1.0,1.0,0.6624610482305306,False
DEU,1,Political foundations,0.7268052099440587,7,0,1.0,0.1191675272205424,0.13975264893651285,0.0,0.0,none,0.7268052099440587,1.0,1.0,1.0,0.7268052099440587,False
DJI,1,Political foundations,0.4394861591618368,7,0,1.0,0.1191675272205424,0.13975264893651285,0.0,0.0,none,0.4394861591618368,1.0,1.0,1.0,0.4394861591618368,False
DNK,1,Political foundations,0.7642859167666737,7,0,1.0,0.1191675272205424,0.13975264893651285,0.0,0.0,none,0.7642859167666737,1.0,1.0,1.0,0.7642859167666737,False
DOM,1,Political foundations,0.5006897569935242,7,0,1.0,0.1191675272205424,0.13975264893651285,0.0,0.0,none,0.5006897569935242,1.0,1.0,1.0,0.5006897569935242,False
DZA,1,Political foundations,0.4822424575842006,7,0,1.0,0.1191675272205424,0.13975264893651285,0.0,0.0,none,0.4822424575842006,1.0,1.0,1.0,0.4822424575842006,False
ECU,1,Political foundations,0.4095984540578544,7,0,1.0,0.1191675272205424,0.13975264893651285,0.0,0.0,none,0.4095984540578544,1.0,1.0,1.0,0.4095984540578544,False
EGY,1,Political foundations,0.334631165211215,7,0,1.0,0.1191675272205424,0.13975264893651285,0.0,0.0,none,0.334631165211215,1.0,1.0,1.0,0.334631165211215,False
ESP,1,Political foundations,0.5771147932472811,7,0,1.0,0.1191675272205424,0.13975264893651285,0.0,0.0,none,0.5771147932472811,1.0,1.0,1.0,0.5771147932472811,False
EST,1,Political foundations,0.6181366817498511,7,0,1.0,0.1191675272205424,0.13975264893651285,0.0,0.0,none,0.6181366817498511,1.0,1.0,1.0,0.6181366817498511,False
ETH,1,Political foundations,0.3312571130213964,7,0,1.0,0.1191675272205424,0.13975264893651285,0.0,0.0,none,0.3312571130213964,1.0,1.0,1.0,0.3312571130213964,False
FIN,1,Political foundations,0.7328737546497536,7,0,1.0,0.1191675272205424,0.13975264893651285,0.0,0.0,none,0.7328737546497536,1.0,1.0,1.0,0.7328737546497536,False
FJI,1,Political foundations,0.5083886409852078,7,0,1.0,0.1191675272205424,0.13975264893651285,0.0,0.0,none,0.5083886409852078,1.0,1.0,1.0,0.5083886409852078,False
FRA,1,Political foundations,0.6486340260616416,7,0,1.0,0.1191675272205424,0.13975264893651285,0.0,0.0,none,0.6486340260616416,1.0,1.0,1.0,0.6486340260616416,False
FSM,1,Political foundations,0.6119270957037884,3,0,1.0,0.1191675272205424,0.13975264893651285,0.0,0.0,none,0.6119270957037884,1.0,1.0,1.0,0.6119270957037884,True
GAB,1,Political foundations,0.4914226917170879,7,0,1.0,0.1191675272205424,0.13975264893651285,0.0,0.0,none,0.4914226917170879,1.0,1.0,1.0,0.4914226917170879,False
GBR,1,Political foundations,0.5779300081889733,7,0,1.0,0.1191675272205424,0.13975264893651285,0.0,0.0,none,0.5779300081889733,1.0,1.0,1.0,0.5779300081889733,False
GEO,1,Political foundations,0.4558558970291241,7,0,1.0,0.1191675272205424,0.13975264893651285,0.0,0.0,none,0.4558558970291241,1.0,1.0,1.0,0.4558558970291241,False
GHA,1,Political foundations,0.5834134693921572,7,0,1.0,0.1191675272205424,0.13975264893651285,0.0,0.0,none,0.5834134693921572,1.0,1.0,1.0,0.5834134693921572,False
GIN,1,Political foundations,0.3931264984731772,7,0,1.0,0.1191675272205424,0.13975264893651285,0.0,0.0,none,0.3931264984731772,1.0,1.0,1.0,0.3931264984731772,False
GMB,1,Political foundations,0.5371868500432412,7,0,1.0,0.1191675272205424,0.13975264893651285,0.0,0.0,none,0.5371868500432412,1.0,1.0,1.0,0.5371868500432412,False
GNB,1,Political foundations,0.4178063173569941,7,0,1.0,0.1191675272205424,0.13975264893651285,0.0,0.0,none,0.4178063173569941,1.0,1.0,1.0,0.4178063173569941,False
GNQ,1,Political foundations,0.2912033109833727,7,0,1.0,0.1191675272205424,0.13975264893651285,0.0,0.0,none,0.2912033109833727,1.0,1.0,1.0,0.2912033109833727,False
GRC,1,Political foundations,0.6805988246723951,7,0,1.0,0.1191675272205424,0.13975264893651285,0.0,0.0,none,0.6805988246723951,1.0,1.0,1.0,0.6805988246723951,False
GRD,1,Political foundations,0.6158533074632526,3,0,1.0,0.1191675272205424,0.13975264893651285,0.0,0.0,none,0.6158533074632526,1.0,1.0,1.0,0.6158533074632526,True
GTM,1,Political foundations,0.4565130668183767,7,0,1.0,0.1191675272205424,0.13975264893651285,0.0,0.0,none,0.4565130668183767,1.0,1.0,1.0,0.4565130668183767,False
GUY,1,Political foundations,0.544811415478048,7,0,1.0,0.1191675272205424,0.13975264893651285,0.0,0.0,none,0.544811415478048,1.0,1.0,1.0,0.544811415478048,False
HKG,1,Political foundations,0.4283017701217819,4,0,1.0,0.1191675272205424,0.13975264893651285,0.0,0.0,none,0.4283017701217819,1.0,1.0,1.0,0.4283017701217819,False
HND,1,Political foundations,0.4874184758749441,7,0,1.0,0.1191675272205424,0.13975264893651285,0.0,0.0,none,0.4874184758749441,1.0,1.0,1.0,0.4874184758749441,False
HRV,1,Political foundations,0.5817059423638383,7,0,1.0,0.1191675272205424,0.13975264893651285,0.0,0.0,none,0.5817059423638383,1.0,1.0,1.0,0.5817059423638383,False
HTI,1,Political foundations,0.3262349890212415,7,0,1.0,0.1191675272205424,0.13975264893651285,0.0,0.0,none,0.3262349890212415,1.0,1.0,1.0,0.3262349890212415,False
HUN,1,Political foundations,0.5231125437198122,7,0,1.0,0.1191675272205424,0.13975264893651285,0.0,0.0,none,0.5231125437198122,1.0,1.0,1.0,0.5231125437198122,False
IDN,1,Political foundations,0.4119664410760741,7,0,1.0,0.1191675272205424,0.13975264893651285,0.0,0.0,none,0.4119664410760741,1.0,1.0,1.0,0.4119664410760741,False
IND,1,Political foundations,0.4267149711703,7,0,1.0,0.1191675272205424,0.13975264893651285,0.0,0.0,none,0.4267149711703,1.0,1.0,1.0,0.4267149711703,False
IRL,1,Political foundations,0.7496723436042628,7,0,1.0,0.1191675272205424,0.13975264893651285,0.0,0.0,none,0.7496723436042628,1.0,1.0,1.0,0.7496723436042628,False
IRN,1,Political foundations,0.3106586174644715,7,0,1.0,0.1191675272205424,0.13975264893651285,0.0,0.0,none,0.3106586174644715,1.0,1.0,1.0,0.3106586174644715,False
IRQ,1,Political foundations,0.3452519207176478,7,0,1.0,0.1191675272205424,0.13975264893651285,0.0,0.0,none,0.3452519207176478,1.0,1.0,1.0,0.3452519207176478,False
ISL,1,Political foundations,0.7467660597110758,7,0,1.0,0.1191675272205424,0.13975264893651285,0.0,0.0,none,0.7467660597110758,1.0,1.0,1.0,0.7467660597110758,False
ISR,1,Political foundations,0.5194999892908891,7,0,1.0,0.1191675272205424,0.13975264893651285,0.0,0.0,none,0.5194999892908891,1.0,1.0,1.0,0.5194999892908891,False
ITA,1,Political foundations,0.6770058340068635,7,0,1.0,0.1191675272205424,0.13975264893651285,0.0,0.0,none,0.6770058340068635,1.0,1.0,1.0,0.6770058340068635,False
JAM,1,Political foundations,0.668369987560207,7,0,1.0,0.1191675272205424,0.13975264893651285,0.0,0.0,none,0.668369987560207,1.0,1.0,1.0,0.668369987560207,False
JOR,1,Political foundations,0.4123464315475766,7,0,1.0,0.1191675272205424,0.13975264893651285,0.0,0.0,none,0.4123464315475766,1.0,1.0,1.0,0.4123464315475766,False
JPN,1,Political foundations,0.729103848292643,7,0,1.0,0.1191675272205424,0.13975264893651285,0.0,0.0,none,0.729103848292643,1.0,1.0,1.0,0.729103848292643,False
KAZ,1,Political foundations,0.3652348944656423,7,0,1.0,0.1191675272205424,0.13975264893651285,0.0,0.0,none,0.3652348944656423,1.0,1.0,1.0,0.3652348944656423,False
KEN,1,Political foundations,0.438328044320752,7,0,1.0,0.1191675272205424,0.13975264893651285,0.0,0.0,none,0.438328044320752,1.0,1.0,1.0,0.438328044320752,False
KGZ,1,Political foundations,0.4026177363644604,7,0,1.0,0.1191675272205424,0.13975264893651285,0.0,0.0,none,0.4026177363644604,1.0,1.0,1.0,0.4026177363644604,False
KHM,1,Political foundations,0.3255792726576983,7,0,1.0,0.1191675272205424,0.13975264893651285,0.0,0.0,none,0.3255792726576983,1.0,1.0,1.0,0.3255792726576983,False
KOR,1,Political foundations,0.7069176518083428,7,0,1.0,0.1191675272205424,0.13975264893651285,0.0,0.0,none,0.7069176518083428,1.0,1.0,1.0,0.7069176518083428,False
KWT,1,Political foundations,0.4092978720352461,7,0,1.0,0.1191675272205424,0.13975264893651285,0.0,0.0,none,0.4092978720352461,1.0,1.0,1.0,0.4092978720352461,False
LAO,1,Political foundations,0.2957968019346007,7,0,1.0,0.1191675272205424,0.13975264893651285,0.0,0.0,none,0.2957968019346007,1.0,1.0,1.0,0.2957968019346007,False
LBN,1,Political foundations,0.3764639268323027,7,0,1.0,0.1191675272205424,0.13975264893651285,0.0,0.0,none,0.3764639268323027,1.0,1.0,1.0,0.3764639268323027,False
LBR,1,Political foundations,0.5382122223650112,7,0,1.0,0.1191675272205424,0.13975264893651285,0.0,0.0,none,0.5382122223650112,1.0,1.0,1.0,0.5382122223650112,False
LBY,1,Political foundations,0.3606411408180172,7,0,1.0,0.1191675272205424,0.13975264893651285,0.0,0.0,none,0.3606411408180172,1.0,1.0,1.0,0.3606411408180172,False
LKA,1,Political foundations,0.4917863970074541,7,0,1.0,0.1191675272205424,0.13975264893651285,0.0,0.0,none,0.4917863970074541,1.0,1.0,1.0,0.4917863970074541,False
LSO,1,Political foundations,0.5937551274704443,7,0,1.0,0.1191675272205424,0.13975264893651285,0.0,0.0,none,0.5937551274704443,1.0,1.0,1.0,0.5937551274704443,False
LTU,1,Political foundations,0.723013363212495,7,0,1.0,0.1191675272205424,0.13975264893651285,0.0,0.0,none,0.723013363212495,1.0,1.0,1.0,0.723013363212495,False
LUX,1,Political foundations,0.7260867406471049,7,0,1.0,0.1191675272205424,0.13975264893651285,0.0,0.0,none,0.7260867406471049,1.0,1.0,1.0,0.7260867406471049,False
LVA,1,Political foundations,0.6100592342294592,7,0,1.0,0.1191675272205424,0.13975264893651285,0.0,0.0,none,0.6100592342294592,1.0,1.0,1.0,0.6100592342294592,False
MAR,1,Political foundations,0.4247434228544089,7,0,1.0,0.1191675272205424,0.13975264893651285,0.0,0.0,none,0.4247434228544089,1.0,1.0,1.0,0.4247434228544089,False
MDA,1,Political foundations,0.5645173443418923,7,0,1.0,0.1191675272205424,0.13975264893651285,0.0,0.0,none,0.5645173443418923,1.0,1.0,1.0,0.5645173443418923,False
MDG,1,Political foundations,0.4824622426288711,7,0,1.0,0.1191675272205424,0.13975264893651285,0.0,0.0,none,0.4824622426288711,1.0,1.0,1.0,0.4824622426288711,False
MDV,1,Political foundations,0.4943813061577633,7,0,1.0,0.1191675272205424,0.13975264893651285,0.0,0.0,none,0.4943813061577633,1.0,1.0,1.0,0.4943813061577633,False
MEX,1,Political foundations,0.4850935890189973,7,0,1.0,0.1191675272205424,0.13975264893651285,0.0,0.0,none,0.4850935890189973,1.0,1.0,1.0,0.4850935890189973,False
MKD,1,Political foundations,0.4654046255017408,6,0,1.0,0.1191675272205424,0.13975264893651285,0.0,0.0,none,0.4654046255017408,1.0,1.0,1.0,0.4654046255017408,False
MLI,1,Political foundations,0.473972724333934,7,0,1.0,0.1191675272205424,0.13975264893651285,0.0,0.0,none,0.473972724333934,1.0,1.0,1.0,0.473972724333934,False
MLT,1,Political foundations,0.7166861765866507,7,0,1.0,0.1191675272205424,0.13975264893651285,0.0,0.0,none,0.7166861765866507,1.0,1.0,1.0,0.7166861765866507,False
MMR,1,Political foundations,0.2161555570287991,7,0,1.0,0.1191675272205424,0.13975264893651285,0.0,0.0,none,0.2161555570287991,1.0,1.0,1.0,0.2161555570287991,False
MNE,1,Political foundations,0.5331559309143363,6,0,1.0,0.1191675272205424,0.13975264893651285,0.0,0.0,none,0.5331559309143363,1.0,1.0,1.0,0.5331559309143363,False
MNG,1,Political foundations,0.5425679810149001,7,0,1.0,0.1191675272205424,0.13975264893651285,0.0,0.0,none,0.5425679810149001,1.0,1.0,1.0,0.5425679810149001,False
MOZ,1,Political foundations,0.4835490122952172,7,0,1.0,0.1191675272205424,0.13975264893651285,0.0,0.0,none,0.4835490122952172,1.0,1.0,1.0,0.4835490122952172,False
MRT,1,Political foundations,0.2978350849242272,7,0,1.0,0.1191675272205424,0.13975264893651285,0.0,0.0,none,0.2978350849242272,1.0,1.0,1.0,0.2978350849242272,False
MUS,1,Political foundations,0.5721640228490329,7,0,1.0,0.1191675272205424,0.13975264893651285,0.0,0.0,none,0.5721640228490329,1.0,1.0,1.0,0.5721640228490329,False
MWI,1,Political foundations,0.4751524771587697,7,0,1.0,0.1191675272205424,0.13975264893651285,0.0,0.0,none,0.4751524771587697,1.0,1.0,1.0,0.4751524771587697,False
MYS,1,Political foundations,0.5351262742851016,7,0,1.0,0.1191675272205424,0.13975264893651285,0.0,0.0,none,0.5351262742851016,1.0,1.0,1.0,0.5351262742851016,False
NAM,1,Political foundations,0.5492509295876967,7,0,1.0,0.1191675272205424,0.13975264893651285,0.0,0.0,none,0.5492509295876967,1.0,1.0,1.0,0.5492509295876967,False
NER,1,Political foundations,0.5098234896342093,7,0,1.0,0.1191675272205424,0.13975264893651285,0.0,0.0,none,0.5098234896342093,1.0,1.0,1.0,0.5098234896342093,False
NGA,1,Political foundations,0.4130825193396596,7,0,1.0,0.1191675272205424,0.13975264893651285,0.0,0.0,none,0.4130825193396596,1.0,1.0,1.0,0.4130825193396596,False
NIC,1,Political foundations,0.2458245857438903,7,0,1.0,0.1191675272205424,0.13975264893651285,0.0,0.0,none,0.2458245857438903,1.0,1.0,1.0,0.2458245857438903,False
NLD,1,Political foundations,0.6827165052648007,7,0,1.0,0.1191675272205424,0.13975264893651285,0.0,0.0,none,0.6827165052648007,1.0,1.0,1.0,0.6827165052648007,False
NOR,1,Political foundations,0.7503845554751644,7,0,1.0,0.1191675272205424,0.13975264893651285,0.0,0.0,none,0.7503845554751644,1.0,1.0,1.0,0.7503845554751644,False
NPL,1,Political foundations,0.4919227464946716,7,0,1.0,0.1191675272205424,0.13975264893651285,0.0,0.0,none,0.4919227464946716,1.0,1.0,1.0,0.4919227464946716,False
NZL,1,Political foundations,0.6834576449849438,7,0,1.0,0.1191675272205424,0.13975264893651285,0.0,0.0,none,0.6834576449849438,1.0,1.0,1.0,0.6834576449849438,False
OMN,1,Political foundations,0.4099456824648531,7,0,1.0,0.1191675272205424,0.13975264893651285,0.0,0.0,none,0.4099456824648531,1.0,1.0,1.0,0.4099456824648531,False
PAK,1,Political foundations,0.3184696075707863,7,0,1.0,0.1191675272205424,0.13975264893651285,0.0,0.0,none,0.3184696075707863,1.0,1.0,1.0,0.3184696075707863,False
PAN,1,Political foundations,0.5182336294745958,7,0,1.0,0.1191675272205424,0.13975264893651285,0.0,0.0,none,0.5182336294745958,1.0,1.0,1.0,0.5182336294745958,False
PER,1,Political foundations,0.4417548838014091,7,0,1.0,0.1191675272205424,0.13975264893651285,0.0,0.0,none,0.4417548838014091,1.0,1.0,1.0,0.4417548838014091,False
PHL,1,Political foundations,0.3478779910780802,7,0,1.0,0.1191675272205424,0.13975264893651285,0.0,0.0,none,0.3478779910780802,1.0,1.0,1.0,0.3478779910780802,False
PNG,1,Political foundations,0.5156259316914575,7,0,1.0,0.1191675272205424,0.13975264893651285,0.0,0.0,none,0.5156259316914575,1.0,1.0,1.0,0.5156259316914575,False
POL,1,Political foundations,0.6648425470228023,7,0,1.0,0.1191675272205424,0.13975264893651285,0.0,0.0,none,0.6648425470228023,1.0,1.0,1.0,0.6648425470228023,False
PRT,1,Political foundations,0.6495989378703001,7,0,1.0,0.1191675272205424,0.13975264893651285,0.0,0.0,none,0.6495989378703001,1.0,1.0,1.0,0.6495989378703001,False
PRY,1,Political foundations,0.4204155241565736,7,0,1.0,0.1191675272205424,0.13975264893651285,0.0,0.0,none,0.4204155241565736,1.0,1.0,1.0,0.4204155241565736,False
PSE,1,Political foundations,0.506158146527036,6,0,1.0,0.1191675272205424,0.13975264893651285,0.0,0.0,none,0.506158146527036,1.0,1.0,1.0,0.506158146527036,False
QAT,1,Political foundations,0.3578094649090214,6,0,1.0,0.1191675272205424,0.13975264893651285,0.0,0.0,none,0.3578094649090214,1.0,1.0,1.0,0.3578094649090214,False
ROU,1,Political foundations,0.566274766101278,7,0,1.0,0.1191675272205424,0.13975264893651285,0.0,0.0,none,0.566274766101278,1.0,1.0,1.0,0.566274766101278,False
RUS,1,Political foundations,0.3070099227370793,7,0,1.0,0.1191675272205424,0.13975264893651285,0.0,0.0,none,0.3070099227370793,1.0,1.0,1.0,0.3070099227370793,False
RWA,1,Political foundations,0.2924134514654919,7,0,1.0,0.1191675272205424,0.13975264893651285,0.0,0.0,none,0.2924134514654919,1.0,1.0,1.0,0.2924134514654919,False
SAU,1,Political foundations,0.2469161515367915,7,0,1.0,0.1191675272205424,0.13975264893651285,0.0,0.0,none,0.2469161515367915,1.0,1.0,1.0,0.2469161515367915,False
SDN,1,Political foundations,0.3311220740876111,7,0,1.0,0.1191675272205424,0.13975264893651285,0.0,0.0,none,0.3311220740876111,1.0,1.0,1.0,0.3311220740876111,False
SEN,1,Political foundations,0.5575785645048951,7,0,1.0,0.1191675272205424,0.13975264893651285,0.0,0.0,none,0.5575785645048951,1.0,1.0,1.0,0.5575785645048951,False
SGP,1,Political foundations,0.602776983761447,7,0,1.0,0.1191675272205424,0.13975264893651285,0.0,0.0,none,0.602776983761447,1.0,1.0,1.0,0.602776983761447,False
SLB,1,Political foundations,0.5115936045082305,7,0,1.0,0.1191675272205424,0.13975264893651285,0.0,0.0,none,0.5115936045082305,1.0,1.0,1.0,0.5115936045082305,False
SLE,1,Political foundations,0.5376699326043418,7,0,1.0,0.1191675272205424,0.13975264893651285,0.0,0.0,none,0.5376699326043418,1.0,1.0,1.0,0.5376699326043418,False
SLV,1,Political foundations,0.4405753478286378,7,0,1.0,0.1191675272205424,0.13975264893651285,0.0,0.0,none,0.4405753478286378,1.0,1.0,1.0,0.4405753478286378,False
SOM,1,Political foundations,0.3794964198530768,7,0,1.0,0.1191675272205424,0.13975264893651285,0.0,0.0,none,0.3794964198530768,1.0,1.0,1.0,0.3794964198530768,False
SRB,1,Political foundations,0.4531478175216005,7,0,1.0,0.1191675272205424,0.13975264893651285,0.0,0.0,none,0.4531478175216005,1.0,1.0,1.0,0.4531478175216005,False
SSD,1,Political foundations,0.1909241903767387,7,0,1.0,0.1191675272205424,0.13975264893651285,0.0,0.0,none,0.1909241903767387,1.0,1.0,1.0,0.1909241903767387,False
STP,1,Political foundations,0.5309592464633045,7,0,1.0,0.1191675272205424,0.13975264893651285,0.0,0.0,none,0.5309592464633045,1.0,1.0,1.0,0.5309592464633045,False
SUR,1,Political foundations,0.5588751035655705,7,0,1.0,0.1191675272205424,0.13975264893651285,0.0,0.0,none,0.5588751035655705,1.0,1.0,1.0,0.5588751035655705,False
SVK,1,Political foundations,0.5901633046604814,7,0,1.0,0.1191675272205424,0.13975264893651285,0.0,0.0,none,0.5901633046604814,1.0,1.0,1.0,0.5901633046604814,False
SVN,1,Political foundations,0.6815835076257674,6,0,1.0,0.1191675272205424,0.13975264893651285,0.0,0.0,none,0.6815835076257674,1.0,1.0,1.0,0.6815835076257674,False
SWE,1,Political foundations,0.7195495764099537,7,0,1.0,0.1191675272205424,0.13975264893651285,0.0,0.0,none,0.7195495764099537,1.0,1.0,1.0,0.7195495764099537,False
SWZ,1,Political foundations,0.3654331583221916,7,0,1.0,0.1191675272205424,0.13975264893651285,0.0,0.0,none,0.3654331583221916,1.0,1.0,1.0,0.3654331583221916,False
SYC,1,Political foundations,0.5910014041943903,7,0,1.0,0.1191675272205424,0.13975264893651285,0.0,0.0,none,0.5910014041943903,1.0,1.0,1.0,0.5910014041943903,False
SYR,1,Political foundations,0.3561287002139241,7,0,1.0,0.1191675272205424,0.13975264893651285,0.0,0.0,none,0.3561287002139241,1.0,1.0,1.0,0.3561287002139241,False
TCD,1,Political foundations,0.2481989665801793,7,0,1.0,0.1191675272205424,0.13975264893651285,0.0,0.0,none,0.2481989665801793,1.0,1.0,1.0,0.2481989665801793,False
TGO,1,Political foundations,0.4257231813299691,7,0,1.0,0.1191675272205424,0.13975264893651285,0.0,0.0,none,0.4257231813299691,1.0,1.0,1.0,0.4257231813299691,False
THA,1,Political foundations,0.3982887136023774,7,0,1.0,0.1191675272205424,0.13975264893651285,0.0,0.0,none,0.3982887136023774,1.0,1.0,1.0,0.3982887136023774,False
TJK,1,Political foundations,0.2333352366131765,7,0,1.0,0.1191675272205424,0.13975264893651285,0.0,0.0,none,0.2333352366131765,1.0,1.0,1.0,0.2333352366131765,False
TLS,1,Political foundations,0.5096020838571034,7,0,1.0,0.1191675272205424,0.13975264893651285,0.0,0.0,none,0.5096020838571034,1.0,1.0,1.0,0.5096020838571034,False
TTO,1,Political foundations,0.6190734426267855,7,0,1.0,0.1191675272205424,0.13975264893651285,0.0,0.0,none,0.6190734426267855,1.0,1.0,1.0,0.6190734426267855,False
TUN,1,Political foundations,0.5409373875273346,7,0,1.0,0.1191675272205424,0.13975264893651285,0.0,0.0,none,0.5409373875273346,1.0,1.0,1.0,0.5409373875273346,False
TUR,1,Political foundations,0.4126879943566355,7,0,1.0,0.1191675272205424,0.13975264893651285,0.0,0.0,none,0.4126879943566355,1.0,1.0,1.0,0.4126879943566355,False
TZA,1,Political foundations,0.5016146756282365,7,0,1.0,0.1191675272205424,0.13975264893651285,0.0,0.0,none,0.5016146756282365,1.0,1.0,1.0,0.5016146756282365,False
UGA,1,Political foundations,0.3456923526616004,7,0,1.0,0.1191675272205424,0.13975264893651285,0.0,0.0,none,0.3456923526616004,1.0,1.0,1.0,0.3456923526616004,False
UKR,1,Political foundations,0.4423284650425136,7,0,1.0,0.1191675272205424,0.13975264893651285,0.0,0.0,none,0.4423284650425136,1.0,1.0,1.0,0.4423284650425136,False
URY,1,Political foundations,0.6907493874557536,7,0,1.0,0.1191675272205424,0.13975264893651285,0.0,0.0,none,0.6907493874557536,1.0,1.0,1.0,0.6907493874557536,False
USA,1,Political foundations,0.4876498911564299,7,0,1.0,0.1191675272205424,0.13975264893651285,0.0,0.0,none,0.4876498911564299,1.0,1.0,1.0,0.4876498911564299,False
UZB,1,Political foundations,0.3357081498437917,7,0,1.0,0.1191675272205424,0.13975264893651285,0.0,0.0,none,0.3357081498437917,1.0,1.0,1.0,0.3357081498437917,False
VEN,1,Political foundations,0.3059727010383772,7,0,1.0,0.1191675272205424,0.13975264893651285,0.0,0.0,none,0.3059727010383772,1.0,1.0,1.0,0.3059727010383772,False
VNM,1,Political foundations,0.3784842802476921,7,0,1.0,0.1191675272205424,0.13975264893651285,0.0,0.0,none,0.3784842802476921,1.0,1.0,1.0,0.3784842802476921,False
VUT,1,Political foundations,0.6076552626781958,5,0,1.0,0.1191675272205424,0.13975264893651285,0.0,0.0,none,0.6076552626781958,1.0,1.0,1.0,0.6076552626781958,False
WSM,1,Political foundations,0.5739665284261657,3,0,1.0,0.1191675272205424,0.13975264893651285,0.0,0.0,none,0.5739665284261657,1.0,1.0,1.0,0.5739665284261657,True
XKX,1,Political foundations,0.5370492317041096,5,0,1.0,0.1191675272205424,0.13975264893651285,0.0,0.0,none,0.5370492317041096,1.0,1.0,1.0,0.5370492317041096,False
YEM,1,Political foundations,0.2341076075876221,7,0,1.0,0.1191675272205424,0.13975264893651285,0.0,0.0,none,0.2341076075876221,1.0,1.0,1.0,0.2341076075876221,False
ZAF,1,Political foundations,0.5045613970690831,7,0,1.0,0.1191675272205424,0.13975264893651285,0.0,0.0,none,0.5045613970690831,1.0,1.0,1.0,0.5045613970690831,False
ZMB,1,Political foundations,0.474974657732071,7,0,1.0,0.1191675272205424,0.13975264893651285,0.0,0.0,none,0.474974657732071,1.0,1.0,1.0,0.474974657732071,False
ZWE,1,Political foundations,0.2919924173770556,7,0,1.0,0.1191675272205424,0.13975264893651285,0.0,0.0,none,0.2919924173770556,1.0,1.0,1.0,0.2919924173770556,False
ABW,2,Political foundations,0.7239353186072632,1,0,1.0,0.2531000405680467,0.09831743872013671,0.15478260184790998,0.0,none,0.7239353186072632,1.0,1.0,1.0,0.7239353186072632,True
AFG,2,Political foundations,0.2722381034982528,7,0,1.0,0.2531000405680467,0.09831743872013671,0.15478260184790998,0.0,none,0.2722381034982528,1.0,1.0,1.0,0.2722381034982528,False
AGO,2,Political foundations,0.4408325486397456,7,0,1.0,0.2531000405680467,0.09831743872013671,0.15478260184790998,0.0,none,0.4408325486397456,1.0,1.0,1.0,0.4408325486397456,False
ALB,2,Political foundations,0.4809238499299272,7,0,1.0,0.2531000405680467,0.09831743872013671,0.15478260184790998,0.0,none,0.4809238499299272,1.0,1.0,1.0,0.4809238499299272,False
AND,2,Political foundations,0.5853525700196452,4,0,1.0,0.2531000405680467,0.09831743872013671,0.15478260184790998,0.0,none,0.5853525700196452,1.0,1.0,1.0,0.5853525700196452,False
ARE,2,Political foundations,0.6008686440300222,7,0,1.0,0.2531000405680467,0.09831743872013671,0.15478260184790998,0.0,none,0.6008686440300222,1.0,1.0,1.0,0.6008686440300222,False
ARG,2,Political foundations,0.5422641954402793,7,0,1.0,0.2531000405680467,0.09831743872013671,0.15478260184790998,0.0,none,0.5422641954402793,1.0,1.0,1.0,0.5422641954402793,False
ARM,2,Political foundations,0.4693922865661382,6,0,1.0,0.2531000405680467,0.09831743872013671,0.15478260184790998,0.0,none,0.4693922865661382,1.0,1.0,1.0,0.4693922865661382,False
ASM,2,Political foundations,0.7109395252438642,1,0,1.0,0.2531000405680467,0.09831743872013671,0.15478260184790998,0.0,none,0.7109395252438642,1.0,1.0,1.0,0.7109395252438642,True
ATG,2,Political foundations,0.5683013529624793,5,0,1.0,0.2531000405680467,0.09831743872013671,0.15478260184790998,0.0,none,0.5683013529624793,1.0,1.0,1.0,0.5683013529624793,False
AUS,2,Political foundations,0.6060576599274662,7,0,1.0,0.2531000405680467,0.09831743872013671,0.15478260184790998,0.0,none,0.6060576599274662,1.0,1.0,1.0,0.6060576599274662,False
AUT,2,Political foundations,0.6608814224203678,5,0,1.0,0.2531000405680467,0.09831743872013671,0.15478260184790998,0.0,none,0.6608814224203678,1.0,1.0,1.0,0.6608814224203678,False
AZE,2,Political foundations,0.5502408282840291,6,0,1.0,0.2531000405680467,0.09831743872013671,0.15478260184790998,0.0,none,0.5502408282840291,1.0,1.0,1.0,0.5502408282840291,False
BDI,2,Political foundations,0.4261278827843934,6,0,1.0,0.2531000405680467,0.09831743872013671,0.15478260184790998,0.0,none,0.4261278827843934,1.0,1.0,1.0,0.4261278827843934,False
BEL,2,Political foundations,0.582303441918326,7,0,1.0,0.2531000405680467,0.09831743872013671,0.15478260184790998,0.0,none,0.582303441918326,1.0,1.0,1.0,0.582303441918326,False
BEN,2,Political foundations,0.3268821495147225,7,0,1.0,0.2531000405680467,0.09831743872013671,0.15478260184790998,0.0,none,0.3268821495147225,1.0,1.0,1.0,0.3268821495147225,False
BFA,2,Political foundations,0.2600495038485953,7,0,1.0,0.2531000405680467,0.09831743872013671,0.15478260184790998,0.0,none,0.2600495038485953,1.0,1.0,1.0,0.2600495038485953,False
BGD,2,Political foundations,0.3944142675056599,7,0,1.0,0.2531000405680467,0.09831743872013671,0.15478260184790998,0.0,none,0.3944142675056599,1.0,1.0,1.0,0.3944142675056599,False
BGR,2,Political foundations,0.57207408243173,7,0,1.0,0.2531000405680467,0.09831743872013671,0.15478260184790998,0.0,none,0.57207408243173,1.0,1.0,1.0,0.57207408243173,False
BHR,2,Political foundations,0.5449953795417504,6,0,1.0,0.2531000405680467,0.09831743872013671,0.15478260184790998,0.0,none,0.5449953795417504,1.0,1.0,1.0,0.5449953795417504,False
BHS,2,Political foundations,0.557746112769734,5,0,1.0,0.2531000405680467,0.09831743872013671,0.15478260184790998,0.0,none,0.557746112769734,1.0,1.0,1.0,0.557746112769734,False
BIH,2,Political foundations,0.463678426427192,7,0,1.0,0.2531000405680467,0.09831743872013671,0.15478260184790998,0.0,none,0.463678426427192,1.0,1.0,1.0,0.463678426427192,False
BLR,2,Political foundations,0.4622618525973803,7,0,1.0,0.2531000405680467,0.09831743872013671,0.15478260184790998,0.0,none,0.4622618525973803,1.0,1.0,1.0,0.4622618525973803,False
BLZ,2,Political foundations,0.5463634270532247,5,0,1.0,0.2531000405680467,0.09831743872013671,0.15478260184790998,0.0,none,0.5463634270532247,1.0,1.0,1.0,0.5463634270532247,False
BMU,2,Political foundations,0.6634799338618445,1,0,1.0,0.2531000405680467,0.09831743872013671,0.15478260184790998,0.0,none,0.6634799338618445,1.0,1.0,1.0,0.6634799338618445,True
BOL,2,Political foundations,0.4520119006924039,7,0,1.0,0.2531000405680467,0.09831743872013671,0.15478260184790998,0.0,none,0.4520119006924039,1.0,1.0,1.0,0.4520119006924039,False
BRA,2,Political foundations,0.5120498376286583,7,0,1.0,0.2531000405680467,0.09831743872013671,0.15478260184790998,0.0,none,0.5120498376286583,1.0,1.0,1.0,0.5120498376286583,False
BRB,2,Political foundations,0.5452700423192501,6,0,1.0,0.2531000405680467,0.09831743872013671,0.15478260184790998,0.0,none,0.5452700423192501,1.0,1.0,1.0,0.5452700423192501,False
BRN,2,Political foundations,0.5709951153436026,4,0,1.0,0.2531000405680467,0.09831743872013671,0.15478260184790998,0.0,none,0.5709951153436026,1.0,1.0,1.0,0.5709951153436026,False
BTN,2,Political foundations,0.5264334134874822,6,0,1.0,0.2531000405680467,0.09831743872013671,0.15478260184790998,0.0,none,0.5264334134874822,1.0,1.0,1.0,0.5264334134874822,False
BWA,2,Political foundations,0.5168733037903205,7,0,1.0,0.2531000405680467,0.09831743872013671,0.15478260184790998,0.0,none,0.5168733037903205,1.0,1.0,1.0,0.5168733037903205,False
CAF,2,Political foundations,0.3704311557322674,6,0,1.0,0.2531000405680467,0.09831743872013671,0.15478260184790998,0.0,none,0.3704311557322674,1.0,1.0,1.0,0.3704311557322674,False
CAN,2,Political foundations,0.5295380279585288,7,0,1.0,0.2531000405680467,0.09831743872013671,0.15478260184790998,0.0,none,0.5295380279585288,1.0,1.0,1.0,0.5295380279585288,False
CHE,2,Political foundations,0.6727117154020111,4,0,1.0,0.2531000405680467,0.09831743872013671,0.15478260184790998,0.0,none,0.6727117154020111,1.0,1.0,1.0,0.6727117154020111,False
CHL,2,Political foundations,0.4811109873275863,7,0,1.0,0.2531000405680467,0.09831743872013671,0.15478260184790998,0.0,none,0.4811109873275863,1.0,1.0,1.0,0.4811109873275863,False
CHN,2,Political foundations,0.5545635377629891,7,0,1.0,0.2531000405680467,0.09831743872013671,0.15478260184790998,0.0,none,0.5545635377629891,1.0,1.0,1.0,0.5545635377629891,False
CIV,2,Political foundations,0.4522859743664334,7,0,1.0,0.2531000405680467,0.09831743872013671,0.15478260184790998,0.0,none,0.4522859743664334,1.0,1.0,1.0,0.4522859743664334,False
CMR,2,Political foundations,0.3919211792096995,7,0,1.0,0.2531000405680467,0.09831743872013671,0.15478260184790998,0.0,none,0.3919211792096995,1.0,1.0,1.0,0.3919211792096995,False
COD,2,Political foundations,0.3057909748843609,7,0,1.0,0.2531000405680467,0.09831743872013671,0.15478260184790998,0.0,none,0.3057909748843609,1.0,1.0,1.0,0.3057909748843609,False
COG,2,Political foundations,0.5124056147161299,7,0,1.0,0.2531000405680467,0.09831743872013671,0.15478260184790998,0.0,none,0.5124056147161299,1.0,1.0,1.0,0.5124056147161299,False
COL,2,Political foundations,0.4117338649364616,7,0,1.0,0.2531000405680467,0.09831743872013671,0.15478260184790998,0.0,none,0.4117338649364616,1.0,1.0,1.0,0.4117338649364616,False
COM,2,Political foundations,0.533732806245315,5,0,1.0,0.2531000405680467,0.09831743872013671,0.15478260184790998,0.0,none,0.533732806245315,1.0,1.0,1.0,0.533732806245315,False
CPV,2,Political foundations,0.5877937664054333,5,0,1.0,0.2531000405680467,0.09831743872013671,0.15478260184790998,0.0,none,0.5877937664054333,1.0,1.0,1.0,0.5877937664054333,False
CRI,2,Political foundations,0.5874967437800503,7,0,1.0,0.2531000405680467,0.09831743872013671,0.15478260184790998,0.0,none,0.5874967437800503,1.0,1.0,1.0,0.5874967437800503,False
CUB,2,Political foundations,0.5622769546199303,6,0,1.0,0.2531000405680467,0.09831743872013671,0.15478260184790998,0.0,none,0.5622769546199303,1.0,1.0,1.0,0.5622769546199303,False
CYM,2,Political foundations,0.7459225084150053,1,0,1.0,0.2531000405680467,0.09831743872013671,0.15478260184790998,0.0,none,0.7459225084150053,1.0,1.0,1.0,0.7459225084150053,True
CYP,2,Political foundations,0.5502808267118732,7,0,1.0,0.2531000405680467,0.09831743872013671,0.15478260184790998,0.0,none,0.5502808267118732,1.0,1.0,1.0,0.5502808267118732,False
CZE,2,Political foundations,0.5405237201055851,7,0,1.0,0.2531000405680467,0.09831743872013671,0.15478260184790998,0.0,none,0.5405237201055851,1.0,1.0,1.0,0.5405237201055851,False
DEU,2,Political foundations,0.5872048545032134,7,0,1.0,0.2531000405680467,0.09831743872013671,0.15478260184790998,0.0,none,0.5872048545032134,1.0,1.0,1.0,0.5872048545032134,False
DJI,2,Political foundations,0.5303330025962099,6,0,1.0,0.2531000405680467,0.09831743872013671,0.15478260184790998,0.0,none,0.5303330025962099,1.0,1.0,1.0,0.5303330025962099,False
DMA,2,Political foundations,0.5632402146759028,5,0,1.0,0.2531000405680467,0.09831743872013671,0.15478260184790998,0.0,none,0.5632402146759028,1.0,1.0,1.0,0.5632402146759028,False
DNK,2,Political foundations,0.6154413223026513,7,0,1.0,0.2531000405680467,0.09831743872013671,0.15478260184790998,0.0,none,0.6154413223026513,1.0,1.0,1.0,0.6154413223026513,False
DOM,2,Political foundations,0.5604430828078528,7,0,1.0,0.2531000405680467,0.09831743872013671,0.15478260184790998,0.0,none,0.5604430828078528,1.0,1.0,1.0,0.5604430828078528,False
DZA,2,Political foundations,0.5181332524773047,7,0,1.0,0.2531000405680467,0.09831743872013671,0.15478260184790998,0.0,none,0.5181332524773047,1.0,1.0,1.0,0.5181332524773047,False
ECU,2,Political foundations,0.5011849541618749,7,0,1.0,0.2531000405680467,0.09831743872013671,0.15478260184790998,0.0,none,0.5011849541618749,1.0,1.0,1.0,0.5011849541618749,False
EGY,2,Political foundations,0.4604857227256224,7,0,1.0,0.2531000405680467,0.09831743872013671,0.15478260184790998,0.0,none,0.4604857227256224,1.0,1.0,1.0,0.4604857227256224,False
ESP,2,Political foundations,0.5755331296410039,7,0,1.0,0.2531000405680467,0.09831743872013671,0.15478260184790998,0.0,none,0.5755331296410039,1.0,1.0,1.0,0.5755331296410039,False
EST,2,Political foundations,0.605641873819042,7,0,1.0,0.2531000405680467,0.09831743872013671,0.15478260184790998,0.0,none,0.605641873819042,1.0,1.0,1.0,0.605641873819042,False
ETH,2,Political foundations,0.359802169837521,7,0,1.0,0.2531000405680467,0.09831743872013671,0.15478260184790998,0.0,none,0.359802169837521,1.0,1.0,1.0,0.359802169837521,False
FIN,2,Political foundations,0.6154045969754306,7,0,1.0,0.2531000405680467,0.09831743872013671,0.15478260184790998,0.0,none,0.6154045969754306,1.0,1.0,1.0,0.6154045969754306,False
FJI,2,Political foundations,0.4922807086545981,5,0,1.0,0.2531000405680467,0.09831743872013671,0.15478260184790998,0.0,none,0.4922807086545981,1.0,1.0,1.0,0.4922807086545981,False
FRA,2,Political foundations,0.5535852958900901,7,0,1.0,0.2531000405680467,0.09831743872013671,0.15478260184790998,0.0,none,0.5535852958900901,1.0,1.0,1.0,0.5535852958900901,False
FSM,2,Political foundations,0.5834865873636976,4,0,1.0,0.2531000405680467,0.09831743872013671,0.15478260184790998,0.0,none,0.5834865873636976,1.0,1.0,1.0,0.5834865873636976,False
GAB,2,Political foundations,0.4458274779037912,7,0,1.0,0.2531000405680467,0.09831743872013671,0.15478260184790998,0.0,none,0.4458274779037912,1.0,1.0,1.0,0.4458274779037912,False
GBR,2,Political foundations,0.5034290958275759,7,0,1.0,0.2531000405680467,0.09831743872013671,0.15478260184790998,0.0,none,0.5034290958275759,1.0,1.0,1.0,0.5034290958275759,False
GEO,2,Political foundations,0.4552838219137197,7,0,1.0,0.2531000405680467,0.09831743872013671,0.15478260184790998,0.0,none,0.4552838219137197,1.0,1.0,1.0,0.4552838219137197,False
GHA,2,Political foundations,0.500265679417271,7,0,1.0,0.2531000405680467,0.09831743872013671,0.15478260184790998,0.0,none,0.500265679417271,1.0,1.0,1.0,0.500265679417271,False
GIN,2,Political foundations,0.440577767147298,7,0,1.0,0.2531000405680467,0.09831743872013671,0.15478260184790998,0.0,none,0.440577767147298,1.0,1.0,1.0,0.440577767147298,False
GMB,2,Political foundations,0.4811615233807898,7,0,1.0,0.2531000405680467,0.09831743872013671,0.15478260184790998,0.0,none,0.4811615233807898,1.0,1.0,1.0,0.4811615233807898,False
GNB,2,Political foundations,0.3517789159649793,6,0,1.0,0.2531000405680467,0.09831743872013671,0.15478260184790998,0.0,none,0.3517789159649793,1.0,1.0,1.0,0.3517789159649793,False
GNQ,2,Political foundations,0.5523869102839748,6,0,1.0,0.2531000405680467,0.09831743872013671,0.15478260184790998,0.0,none,0.5523869102839748,1.0,1.0,1.0,0.5523869102839748,False
GRC,2,Political foundations,0.4943852974566273,7,0,1.0,0.2531000405680467,0.09831743872013671,0.15478260184790998,0.0,none,0.4943852974566273,1.0,1.0,1.0,0.4943852974566273,False
GRD,2,Political foundations,0.5711749853307209,5,0,1.0,0.2531000405680467,0.09831743872013671,0.15478260184790998,0.0,none,0.5711749853307209,1.0,1.0,1.0,0.5711749853307209,False
GRL,2,Political foundations,0.7088331159486042,1,0,1.0,0.2531000405680467,0.09831743872013671,0.15478260184790998,0.0,none,0.7088331159486042,1.0,1.0,1.0,0.7088331159486042,True
GTM,2,Political foundations,0.5146951906942719,7,0,1.0,0.2531000405680467,0.09831743872013671,0.15478260184790998,0.0,none,0.5146951906942719,1.0,1.0,1.0,0.5146951906942719,False
GUM,2,Political foundations,0.6671134217019707,1,0,1.0,0.2531000405680467,0.09831743872013671,0.15478260184790998,0.0,none,0.6671134217019707,1.0,1.0,1.0,0.6671134217019707,True
GUY,2,Political foundations,0.4602430772997861,7,0,1.0,0.2531000405680467,0.09831743872013671,0.15478260184790998,0.0,none,0.4602430772997861,1.0,1.0,1.0,0.4602430772997861,False
HKG,2,Political foundations,0.6857053974177783,3,0,1.0,0.2531000405680467,0.09831743872013671,0.15478260184790998,0.0,none,0.6857053974177783,1.0,1.0,1.0,0.6857053974177783,True
HND,2,Political foundations,0.4415446756195683,7,0,1.0,0.2531000405680467,0.09831743872013671,0.15478260184790998,0.0,none,0.4415446756195683,1.0,1.0,1.0,0.4415446756195683,False
HRV,2,Political foundations,0.5844380627976983,7,0,1.0,0.2531000405680467,0.09831743872013671,0.15478260184790998,0.0,none,0.5844380627976983,1.0,1.0,1.0,0.5844380627976983,False
HTI,2,Political foundations,0.3234793006290924,7,0,1.0,0.2531000405680467,0.09831743872013671,0.15478260184790998,0.0,none,0.3234793006290924,1.0,1.0,1.0,0.3234793006290924,False
HUN,2,Political foundations,0.5346855657549338,7,0,1.0,0.2531000405680467,0.09831743872013671,0.15478260184790998,0.0,none,0.5346855657549338,1.0,1.0,1.0,0.5346855657549338,False
IDN,2,Political foundations,0.4092305780658198,7,0,1.0,0.2531000405680467,0.09831743872013671,0.15478260184790998,0.0,none,0.4092305780658198,1.0,1.0,1.0,0.4092305780658198,False
IND,2,Political foundations,0.3782535380913446,7,0,1.0,0.2531000405680467,0.09831743872013671,0.15478260184790998,0.0,none,0.3782535380913446,1.0,1.0,1.0,0.3782535380913446,False
IRL,2,Political foundations,0.61798017603229,7,0,1.0,0.2531000405680467,0.09831743872013671,0.15478260184790998,0.0,none,0.61798017603229,1.0,1.0,1.0,0.61798017603229,False
IRN,2,Political foundations,0.3318461394522082,7,0,1.0,0.2531000405680467,0.09831743872013671,0.15478260184790998,0.0,none,0.3318461394522082,1.0,1.0,1.0,0.3318461394522082,False
IRQ,2,Political foundations,0.3546290254308404,6,0,1.0,0.2531000405680467,0.09831743872013671,0.15478260184790998,0.0,none,0.3546290254308404,1.0,1.0,1.0,0.3546290254308404,False
ISL,2,Political foundations,0.6248105905455099,6,0,1.0,0.2531000405680467,0.09831743872013671,0.15478260184790998,0.0,none,0.6248105905455099,1.0,1.0,1.0,0.6248105905455099,False
ISR,2,Political foundations,0.297851259210879,6,0,1.0,0.2531000405680467,0.09831743872013671,0.15478260184790998,0.0,none,0.297851259210879,1.0,1.0,1.0,0.297851259210879,False
ITA,2,Political foundations,0.5744342099219053,7,0,1.0,0.2531000405680467,0.09831743872013671,0.15478260184790998,0.0,none,0.5744342099219053,1.0,1.0,1.0,0.5744342099219053,False
JAM,2,Political foundations,0.4842847007713235,7,0,1.0,0.2531000405680467,0.09831743872013671,0.15478260184790998,0.0,none,0.4842847007713235,1.0,1.0,1.0,0.4842847007713235,False
JOR,2,Political foundations,0.5479839437210009,7,0,1.0,0.2531000405680467,0.09831743872013671,0.15478260184790998,0.0,none,0.5479839437210009,1.0,1.0,1.0,0.5479839437210009,False
JPN,2,Political foundations,0.6238669269650595,7,0,1.0,0.2531000405680467,0.09831743872013671,0.15478260184790998,0.0,none,0.6238669269650595,1.0,1.0,1.0,0.6238669269650595,False
KAZ,2,Political foundations,0.5569889166028411,7,0,1.0,0.2531000405680467,0.09831743872013671,0.15478260184790998,0.0,none,0.5569889166028411,1.0,1.0,1.0,0.5569889166028411,False
KEN,2,Political foundations,0.3566346530848987,7,0,1.0,0.2531000405680467,0.09831743872013671,0.15478260184790998,0.0,none,0.3566346530848987,1.0,1.0,1.0,0.3566346530848987,False
KGZ,2,Political foundations,0.5420248322999935,7,0,1.0,0.2531000405680467,0.09831743872013671,0.15478260184790998,0.0,none,0.5420248322999935,1.0,1.0,1.0,0.5420248322999935,False
KHM,2,Political foundations,0.5488555092835592,7,0,1.0,0.2531000405680467,0.09831743872013671,0.15478260184790998,0.0,none,0.5488555092835592,1.0,1.0,1.0,0.5488555092835592,False
KIR,2,Political foundations,0.5724869391724707,4,0,1.0,0.2531000405680467,0.09831743872013671,0.15478260184790998,0.0,none,0.5724869391724707,1.0,1.0,1.0,0.5724869391724707,False
KNA,2,Political foundations,0.5580799589229518,5,0,1.0,0.2531000405680467,0.09831743872013671,0.15478260184790998,0.0,none,0.5580799589229518,1.0,1.0,1.0,0.5580799589229518,False
KOR,2,Political foundations,0.5090119580562769,7,0,1.0,0.2531000405680467,0.09831743872013671,0.15478260184790998,0.0,none,0.5090119580562769,1.0,1.0,1.0,0.5090119580562769,False
KWT,2,Political foundations,0.5886627162665016,7,0,1.0,0.2531000405680467,0.09831743872013671,0.15478260184790998,0.0,none,0.5886627162665016,1.0,1.0,1.0,0.5886627162665016,False
LAO,2,Political foundations,0.581359666232829,6,0,1.0,0.2531000405680467,0.09831743872013671,0.15478260184790998,0.0,none,0.581359666232829,1.0,1.0,1.0,0.581359666232829,False
LBN,2,Political foundations,0.3824885174278527,7,0,1.0,0.2531000405680467,0.09831743872013671,0.15478260184790998,0.0,none,0.3824885174278527,1.0,1.0,1.0,0.3824885174278527,False
LBR,2,Political foundations,0.5066077272154654,7,0,1.0,0.2531000405680467,0.09831743872013671,0.15478260184790998,0.0,none,0.5066077272154654,1.0,1.0,1.0,0.5066077272154654,False
LBY,2,Political foundations,0.4110283384443973,6,0,1.0,0.2531000405680467,0.09831743872013671,0.15478260184790998,0.0,none,0.4110283384443973,1.0,1.0,1.0,0.4110283384443973,False
LCA,2,Political foundations,0.5582608741293877,5,0,1.0,0.2531000405680467,0.09831743872013671,0.15478260184790998,0.0,none,0.5582608741293877,1.0,1.0,1.0,0.5582608741293877,False
LIE,2,Political foundations,0.5869756803061319,4,0,1.0,0.2531000405680467,0.09831743872013671,0.15478260184790998,0.0,none,0.5869756803061319,1.0,1.0,1.0,0.5869756803061319,False
LKA,2,Political foundations,0.4814427549337914,7,0,1.0,0.2531000405680467,0.09831743872013671,0.15478260184790998,0.0,none,0.4814427549337914,1.0,1.0,1.0,0.4814427549337914,False
LSO,2,Political foundations,0.5178027381693536,6,0,1.0,0.2531000405680467,0.09831743872013671,0.15478260184790998,0.0,none,0.5178027381693536,1.0,1.0,1.0,0.5178027381693536,False
LTU,2,Political foundations,0.528468307858466,7,0,1.0,0.2531000405680467,0.09831743872013671,0.15478260184790998,0.0,none,0.528468307858466,1.0,1.0,1.0,0.528468307858466,False
LUX,2,Political foundations,0.6161767464577935,6,0,1.0,0.2531000405680467,0.09831743872013671,0.15478260184790998,0.0,none,0.6161767464577935,1.0,1.0,1.0,0.6161767464577935,False
LVA,2,Political foundations,0.5383850749201815,7,0,1.0,0.2531000405680467,0.09831743872013671,0.15478260184790998,0.0,none,0.5383850749201815,1.0,1.0,1.0,0.5383850749201815,False
MAC,2,Political foundations,0.5613103730231949,3,0,1.0,0.2531000405680467,0.09831743872013671,0.15478260184790998,0.0,none,0.5613103730231949,1.0,1.0,1.0,0.5613103730231949,True
MAR,2,Political foundations,0.5099023332742948,7,0,1.0,0.2531000405680467,0.09831743872013671,0.15478260184790998,0.0,none,0.5099023332742948,1.0,1.0,1.0,0.5099023332742948,False
MCO,2,Political foundations,0.5725098305331393,4,0,1.0,0.2531000405680467,0.09831743872013671,0.15478260184790998,0.0,none,0.5725098305331393,1.0,1.0,1.0,0.5725098305331393,False
MDA,2,Political foundations,0.5151507739612812,7,0,1.0,0.2531000405680467,0.09831743872013671,0.15478260184790998,0.0,none,0.5151507739612812,1.0,1.0,1.0,0.5151507739612812,False
MDG,2,Political foundations,0.4082877814112624,7,0,1.0,0.2531000405680467,0.09831743872013671,0.15478260184790998,0.0,none,0.4082877814112624,1.0,1.0,1.0,0.4082877814112624,False
MDV,2,Political foundations,0.480721216716613,5,0,1.0,0.2531000405680467,0.09831743872013671,0.15478260184790998,0.0,none,0.480721216716613,1.0,1.0,1.0,0.480721216716613,False
MEX,2,Political foundations,0.4078267124106963,7,0,1.0,0.2531000405680467,0.09831743872013671,0.15478260184790998,0.0,none,0.4078267124106963,1.0,1.0,1.0,0.4078267124106963,False
MHL,2,Political foundations,0.5741309623460116,4,0,1.0,0.2531000405680467,0.09831743872013671,0.15478260184790998,0.0,none,0.5741309623460116,1.0,1.0,1.0,0.5741309623460116,False
MKD,2,Political foundations,0.5152408278941885,5,0,1.0,0.2531000405680467,0.09831743872013671,0.15478260184790998,0.0,none,0.5152408278941885,1.0,1.0,1.0,0.5152408278941885,False
MLI,2,Political foundations,0.2531000405680467,7,0,1.0,0.2531000405680467,0.09831743872013671,0.15478260184790998,0.0,none,0.2531000405680467,1.0,1.0,1.0,0.2531000405680467,False
MLT,2,Political foundations,0.6031968193473956,6,0,1.0,0.2531000405680467,0.09831743872013671,0.15478260184790998,0.0,none,0.6031968193473956,1.0,1.0,1.0,0.6031968193473956,False
MMR,2,Political foundations,0.2799475833635075,7,0,1.0,0.2531000405680467,0.09831743872013671,0.15478260184790998,0.0,none,0.2799475833635075,1.0,1.0,1.0,0.2799475833635075,False
MNE,2,Political foundations,0.5134408576371029,5,0,1.0,0.2531000405680467,0.09831743872013671,0.15478260184790998,0.0,none,0.5134408576371029,1.0,1.0,1.0,0.5134408576371029,False
MNG,2,Political foundations,0.4938611907677233,7,0,1.0,0.2531000405680467,0.09831743872013671,0.15478260184790998,0.0,none,0.4938611907677233,1.0,1.0,1.0,0.4938611907677233,False
MOZ,2,Political foundations,0.4019799401072149,7,0,1.0,0.2531000405680467,0.09831743872013671,0.15478260184790998,0.0,none,0.4019799401072149,1.0,1.0,1.0,0.4019799401072149,False
MRT,2,Political foundations,0.4724186935660538,7,0,1.0,0.2531000405680467,0.09831743872013671,0.15478260184790998,0.0,none,0.4724186935660538,1.0,1.0,1.0,0.4724186935660538,False
MUS,2,Political foundations,0.5074248825770217,7,0,1.0,0.2531000405680467,0.09831743872013671,0.15478260184790998,0.0,none,0.5074248825770217,1.0,1.0,1.0,0.5074248825770217,False
MWI,2,Political foundations,0.4691201759413235,7,0,1.0,0.2531000405680467,0.09831743872013671,0.15478260184790998,0.0,none,0.4691201759413235,1.0,1.0,1.0,0.4691201759413235,False
MYS,2,Political foundations,0.5082246073244953,7,0,1.0,0.2531000405680467,0.09831743872013671,0.15478260184790998,0.0,none,0.5082246073244953,1.0,1.0,1.0,0.5082246073244953,False
NAM,2,Political foundations,0.5776363233684255,7,0,1.0,0.2531000405680467,0.09831743872013671,0.15478260184790998,0.0,none,0.5776363233684255,1.0,1.0,1.0,0.5776363233684255,False
NCL,2,Political foundations,0.6847716775656294,1,0,1.0,0.2531000405680467,0.09831743872013671,0.15478260184790998,0.0,none,0.6847716775656294,1.0,1.0,1.0,0.6847716775656294,True
NER,2,Political foundations,0.2956547388063579,7,0,1.0,0.2531000405680467,0.09831743872013671,0.15478260184790998,0.0,none,0.2956547388063579,1.0,1.0,1.0,0.2956547388063579,False
NGA,2,Political foundations,0.2556895941535804,7,0,1.0,0.2531000405680467,0.09831743872013671,0.15478260184790998,0.0,none,0.2556895941535804,1.0,1.0,1.0,0.2556895941535804,False
NIC,2,Political foundations,0.50910121339837,7,0,1.0,0.2531000405680467,0.09831743872013671,0.15478260184790998,0.0,none,0.50910121339837,1.0,1.0,1.0,0.50910121339837,False
NLD,2,Political foundations,0.5930642140372756,7,0,1.0,0.2531000405680467,0.09831743872013671,0.15478260184790998,0.0,none,0.5930642140372756,1.0,1.0,1.0,0.5930642140372756,False
NOR,2,Political foundations,0.610681733153399,7,0,1.0,0.2531000405680467,0.09831743872013671,0.15478260184790998,0.0,none,0.610681733153399,1.0,1.0,1.0,0.610681733153399,False
NPL,2,Political foundations,0.4892784560061637,7,0,1.0,0.2531000405680467,0.09831743872013671,0.15478260184790998,0.0,none,0.4892784560061637,1.0,1.0,1.0,0.4892784560061637,False
NRU,2,Political foundations,0.5668689749449778,4,0,1.0,0.2531000405680467,0.09831743872013671,0.15478260184790998,0.0,none,0.5668689749449778,1.0,1.0,1.0,0.5668689749449778,False
NZL,2,Political foundations,0.6247166180931568,7,0,1.0,0.2531000405680467,0.09831743872013671,0.15478260184790998,0.0,none,0.6247166180931568,1.0,1.0,1.0,0.6247166180931568,False
OMN,2,Political foundations,0.5850342619763714,6,0,1.0,0.2531000405680467,0.09831743872013671,0.15478260184790998,0.0,none,0.5850342619763714,1.0,1.0,1.0,0.5850342619763714,False
PAK,2,Political foundations,0.3215182274075505,7,0,1.0,0.2531000405680467,0.09831743872013671,0.15478260184790998,0.0,none,0.3215182274075505,1.0,1.0,1.0,0.3215182274075505,False
PAN,2,Political foundations,0.5570023000001806,7,0,1.0,0.2531000405680467,0.09831743872013671,0.15478260184790998,0.0,none,0.5570023000001806,1.0,1.0,1.0,0.5570023000001806,False
PER,2,Political foundations,0.5055808904056839,7,0,1.0,0.2531000405680467,0.09831743872013671,0.15478260184790998,0.0,none,0.5055808904056839,1.0,1.0,1.0,0.5055808904056839,False
PHL,2,Political foundations,0.3985374094823045,7,0,1.0,0.2531000405680467,0.09831743872013671,0.15478260184790998,0.0,none,0.3985374094823045,1.0,1.0,1.0,0.3985374094823045,False
PLW,2,Political foundations,0.5725098305331393,4,0,1.0,0.2531000405680467,0.09831743872013671,0.15478260184790998,0.0,none,0.5725098305331393,1.0,1.0,1.0,0.5725098305331393,False
PNG,2,Political foundations,0.4913033270736077,6,0,1.0,0.2531000405680467,0.09831743872013671,0.15478260184790998,0.0,none,0.4913033270736077,1.0,1.0,1.0,0.4913033270736077,False
POL,2,Political foundations,0.53106512519834,7,0,1.0,0.2531000405680467,0.09831743872013671,0.15478260184790998,0.0,none,0.53106512519834,1.0,1.0,1.0,0.53106512519834,False
PRI,2,Political foundations,0.5737466251069868,1,0,1.0,0.2531000405680467,0.09831743872013671,0.15478260184790998,0.0,none,0.5737466251069868,1.0,1.0,1.0,0.5737466251069868,True
PRT,2,Political foundations,0.5156823105724274,7,0,1.0,0.2531000405680467,0.09831743872013671,0.15478260184790998,0.0,none,0.5156823105724274,1.0,1.0,1.0,0.5156823105724274,False
PRY,2,Political foundations,0.5473156679927724,7,0,1.0,0.2531000405680467,0.09831743872013671,0.15478260184790998,0.0,none,0.5473156679927724,1.0,1.0,1.0,0.5473156679927724,False
PSE,2,Political foundations,0.361125017935869,2,0,1.0,0.2531000405680467,0.09831743872013671,0.15478260184790998,0.0,none,0.361125017935869,1.0,1.0,1.0,0.361125017935869,True
PYF,2,Political foundations,0.673443021840911,1,0,1.0,0.2531000405680467,0.09831743872013671,0.15478260184790998,0.0,none,0.673443021840911,1.0,1.0,1.0,0.673443021840911,True
QAT,2,Political foundations,0.6135635477354694,7,0,1.0,0.2531000405680467,0.09831743872013671,0.15478260184790998,0.0,none,0.6135635477354694,1.0,1.0,1.0,0.6135635477354694,False
ROU,2,Political foundations,0.5771150428152171,7,0,1.0,0.2531000405680467,0.09831743872013671,0.15478260184790998,0.0,none,0.5771150428152171,1.0,1.0,1.0,0.5771150428152171,False
RUS,2,Political foundations,0.4071173511350378,7,0,1.0,0.2531000405680467,0.09831743872013671,0.15478260184790998,0.0,none,0.4071173511350378,1.0,1.0,1.0,0.4071173511350378,False
RWA,2,Political foundations,0.5347418460848338,7,0,1.0,0.2531000405680467,0.09831743872013671,0.15478260184790998,0.0,none,0.5347418460848338,1.0,1.0,1.0,0.5347418460848338,False
SAU,2,Political foundations,0.5541629085538451,6,0,1.0,0.2531000405680467,0.09831743872013671,0.15478260184790998,0.0,none,0.5541629085538451,1.0,1.0,1.0,0.5541629085538451,False
SDN,2,Political foundations,0.2761389511920147,7,0,1.0,0.2531000405680467,0.09831743872013671,0.15478260184790998,0.0,none,0.2761389511920147,1.0,1.0,1.0,0.2761389511920147,False
SEN,2,Political foundations,0.5461051521053376,7,0,1.0,0.2531000405680467,0.09831743872013671,0.15478260184790998,0.0,none,0.5461051521053376,1.0,1.0,1.0,0.5461051521053376,False
SGP,2,Political foundations,0.6304005084798724,7,0,1.0,0.2531000405680467,0.09831743872013671,0.15478260184790998,0.0,none,0.6304005084798724,1.0,1.0,1.0,0.6304005084798724,False
SLB,2,Political foundations,0.5491946706150967,5,0,1.0,0.2531000405680467,0.09831743872013671,0.15478260184790998,0.0,none,0.5491946706150967,1.0,1.0,1.0,0.5491946706150967,False
SLE,2,Political foundations,0.4593721236367821,7,0,1.0,0.2531000405680467,0.09831743872013671,0.15478260184790998,0.0,none,0.4593721236367821,1.0,1.0,1.0,0.4593721236367821,False
SLV,2,Political foundations,0.4750072075387166,7,0,1.0,0.2531000405680467,0.09831743872013671,0.15478260184790998,0.0,none,0.4750072075387166,1.0,1.0,1.0,0.4750072075387166,False
SMR,2,Political foundations,0.5781506945403374,4,0,1.0,0.2531000405680467,0.09831743872013671,0.15478260184790998,0.0,none,0.5781506945403374,1.0,1.0,1.0,0.5781506945403374,False
SOM,2,Political foundations,0.3492730633904278,6,0,1.0,0.2531000405680467,0.09831743872013671,0.15478260184790998,0.0,none,0.3492730633904278,1.0,1.0,1.0,0.3492730633904278,False
SRB,2,Political foundations,0.5025005639085971,7,0,1.0,0.2531000405680467,0.09831743872013671,0.15478260184790998,0.0,none,0.5025005639085971,1.0,1.0,1.0,0.5025005639085971,False
SSD,2,Political foundations,0.3816499216915401,6,0,1.0,0.2531000405680467,0.09831743872013671,0.15478260184790998,0.0,none,0.3816499216915401,1.0,1.0,1.0,0.3816499216915401,False
STP,2,Political foundations,0.5783452566820293,5,0,1.0,0.2531000405680467,0.09831743872013671,0.15478260184790998,0.0,none,0.5783452566820293,1.0,1.0,1.0,0.5783452566820293,False
SUR,2,Political foundations,0.4743597899822435,6,0,1.0,0.2531000405680467,0.09831743872013671,0.15478260184790998,0.0,none,0.4743597899822435,1.0,1.0,1.0,0.4743597899822435,False
SVK,2,Political foundations,0.523634184440216,7,0,1.0,0.2531000405680467,0.09831743872013671,0.15478260184790998,0.0,none,0.523634184440216,1.0,1.0,1.0,0.523634184440216,False
SVN,2,Political foundations,0.5451116952614883,5,0,1.0,0.2531000405680467,0.09831743872013671,0.15478260184790998,0.0,none,0.5451116952614883,1.0,1.0,1.0,0.5451116952614883,False
SWE,2,Political foundations,0.6001365366748203,7,0,1.0,0.2531000405680467,0.09831743872013671,0.15478260184790998,0.0,none,0.6001365366748203,1.0,1.0,1.0,0.6001365366748203,False
SWZ,2,Political foundations,0.5311786680294327,6,0,1.0,0.2531000405680467,0.09831743872013671,0.15478260184790998,0.0,none,0.5311786680294327,1.0,1.0,1.0,0.5311786680294327,False
SYC,2,Political foundations,0.5237637683200804,5,0,1.0,0.2531000405680467,0.09831743872013671,0.15478260184790998,0.0,none,0.5237637683200804,1.0,1.0,1.0,0.5237637683200804,False
SYR,2,Political foundations,0.2859690734414061,6,0,1.0,0.2531000405680467,0.09831743872013671,0.15478260184790998,0.0,none,0.2859690734414061,1.0,1.0,1.0,0.2859690734414061,False
TCD,2,Political foundations,0.3363871365321979,6,0,1.0,0.2531000405680467,0.09831743872013671,0.15478260184790998,0.0,none,0.3363871365321979,1.0,1.0,1.0,0.3363871365321979,False
TGO,2,Political foundations,0.4656816305930272,7,0,1.0,0.2531000405680467,0.09831743872013671,0.15478260184790998,0.0,none,0.4656816305930272,1.0,1.0,1.0,0.4656816305930272,False
THA,2,Political foundations,0.4131775336845762,7,0,1.0,0.2531000405680467,0.09831743872013671,0.15478260184790998,0.0,none,0.4131775336845762,1.0,1.0,1.0,0.4131775336845762,False
TJK,2,Political foundations,0.5485372483951043,6,0,1.0,0.2531000405680467,0.09831743872013671,0.15478260184790998,0.0,none,0.5485372483951043,1.0,1.0,1.0,0.5485372483951043,False
TLS,2,Political foundations,0.5624372537002346,6,0,1.0,0.2531000405680467,0.09831743872013671,0.15478260184790998,0.0,none,0.5624372537002346,1.0,1.0,1.0,0.5624372537002346,False
TON,2,Political foundations,0.5731864432520961,4,0,1.0,0.2531000405680467,0.09831743872013671,0.15478260184790998,0.0,none,0.5731864432520961,1.0,1.0,1.0,0.5731864432520961,False
TTO,2,Political foundations,0.4782940913981639,7,0,1.0,0.2531000405680467,0.09831743872013671,0.15478260184790998,0.0,none,0.4782940913981639,1.0,1.0,1.0,0.4782940913981639,False
TUN,2,Political foundations,0.4512916981335182,7,0,1.0,0.2531000405680467,0.09831743872013671,0.15478260184790998,0.0,none,0.4512916981335182,1.0,1.0,1.0,0.4512916981335182,False
TUR,2,Political foundations,0.4026226112891183,7,0,1.0,0.2531000405680467,0.09831743872013671,0.15478260184790998,0.0,none,0.4026226112891183,1.0,1.0,1.0,0.4026226112891183,False
TUV,2,Political foundations,0.582194155789479,4,0,1.0,0.2531000405680467,0.09831743872013671,0.15478260184790998,0.0,none,0.582194155789479,1.0,1.0,1.0,0.582194155789479,False
TZA,2,Political foundations,0.5404206875462402,7,0,1.0,0.2531000405680467,0.09831743872013671,0.15478260184790998,0.0,none,0.5404206875462402,1.0,1.0,1.0,0.5404206875462402,False
UGA,2,Political foundations,0.5026365548834618,7,0,1.0,0.2531000405680467,0.09831743872013671,0.15478260184790998,0.0,none,0.5026365548834618,1.0,1.0,1.0,0.5026365548834618,False
UKR,2,Political foundations,0.4123994556114198,7,0,1.0,0.2531000405680467,0.09831743872013671,0.15478260184790998,0.0,none,0.4123994556114198,1.0,1.0,1.0,0.4123994556114198,False
URY,2,Political foundations,0.5929998640886668,7,0,1.0,0.2531000405680467,0.09831743872013671,0.15478260184790998,0.0,none,0.5929998640886668,1.0,1.0,1.0,0.5929998640886668,False
USA,2,Political foundations,0.4638962433030886,7,0,1.0,0.2531000405680467,0.09831743872013671,0.15478260184790998,0.0,none,0.4638962433030886,1.0,1.0,1.0,0.4638962433030886,False
UZB,2,Political foundations,0.50380098730467,7,0,1.0,0.2531000405680467,0.09831743872013671,0.15478260184790998,0.0,none,0.50380098730467,1.0,1.0,1.0,0.50380098730467,False
VCT,2,Political foundations,0.5599943471119695,5,0,1.0,0.2531000405680467,0.09831743872013671,0.15478260184790998,0.0,none,0.5599943471119695,1.0,1.0,1.0,0.5599943471119695,False
VEN,2,Political foundations,0.4437566939510586,7,0,1.0,0.2531000405680467,0.09831743872013671,0.15478260184790998,0.0,none,0.4437566939510586,1.0,1.0,1.0,0.4437566939510586,False
VIR,2,Political foundations,0.6634799338618445,1,0,1.0,0.2531000405680467,0.09831743872013671,0.15478260184790998,0.0,none,0.6634799338618445,1.0,1.0,1.0,0.6634799338618445,True
VNM,2,Political foundations,0.4960241496347717,7,0,1.0,0.2531000405680467,0.09831743872013671,0.15478260184790998,0.0,none,0.4960241496347717,1.0,1.0,1.0,0.4960241496347717,False
VUT,2,Political foundations,0.5942135681031091,5,0,1.0,0.2531000405680467,0.09831743872013671,0.15478260184790998,0.0,none,0.5942135681031091,1.0,1.0,1.0,0.5942135681031091,False
WSM,2,Political foundations,0.5724990836328475,4,0,1.0,0.2531000405680467,0.09831743872013671,0.15478260184790998,0.0,none,0.5724990836328475,1.0,1.0,1.0,0.5724990836328475,False
XKX,2,Political foundations,0.5379241827001559,6,0,1.0,0.2531000405680467,0.09831743872013671,0.15478260184790998,0.0,none,0.5379241827001559,1.0,1.0,1.0,0.5379241827001559,False
YEM,2,Political foundations,0.2757742060637222,6,0,1.0,0.2531000405680467,0.09831743872013671,0.15478260184790998,0.0,none,0.2757742060637222,1.0,1.0,1.0,0.2757742060637222,False
ZAF,2,Political foundations,0.4622781513757716,7,0,1.0,0.2531000405680467,0.09831743872013671,0.15478260184790998,0.0,none,0.4622781513757716,1.0,1.0,1.0,0.4622781513757716,False
ZMB,2,Political foundations,0.4637965066973372,7,0,1.0,0.2531000405680467,0.09831743872013671,0.15478260184790998,0.0,none,0.4637965066973372,1.0,1.0,1.0,0.4637965066973372,False
ZWE,2,Political foundations,0.512564433732487,7,0,1.0,0.2531000405680467,0.09831743872013671,0.15478260184790998,0.0,none,0.512564433732487,1.0,1.0,1.0,0.512564433732487,False
ABW,3,State capacity,0.3184732222372275,1,1,0.5,0.1855293003457457,0.11476670320122616,0.07076259714451953,0.0,none,0.3184732222372275,1.0,1.0,1.0,0.3184732222372275,False
AFG,3,State capacity,0.3579851249727442,2,0,1.0,0.1855293003457457,0.11476670320122616,0.07076259714451953,0.0,none,0.3579851249727442,1.0,1.0,1.0,0.3579851249727442,False
AGO,3,State capacity,0.3624674980979938,2,0,1.0,0.1855293003457457,0.11476670320122616,0.07076259714451953,0.0,none,0.3624674980979938,1.0,1.0,1.0,0.3624674980979938,False
ALB,3,State capacity,0.5214660339699198,2,0,1.0,0.1855293003457457,0.11476670320122616,0.07076259714451953,0.0,none,0.5214660339699198,1.0,1.0,1.0,0.5214660339699198,False
AND,3,State capacity,0.3754241452270387,2,0,1.0,0.1855293003457457,0.11476670320122616,0.07076259714451953,0.0,none,0.3754241452270387,1.0,1.0,1.0,0.3754241452270387,False
ARE,3,State capacity,0.5802817479605346,2,0,1.0,0.1855293003457457,0.11476670320122616,0.07076259714451953,0.0,none,0.5802817479605346,1.0,1.0,1.0,0.5802817479605346,False
ARG,3,State capacity,0.508602795381968,2,0,1.0,0.1855293003457457,0.11476670320122616,0.07076259714451953,0.0,none,0.508602795381968,1.0,1.0,1.0,0.508602795381968,False
ARM,3,State capacity,0.5172759795624662,2,0,1.0,0.1855293003457457,0.11476670320122616,0.07076259714451953,0.0,none,0.5172759795624662,1.0,1.0,1.0,0.5172759795624662,False
ATG,3,State capacity,0.3938689770643784,2,0,1.0,0.1855293003457457,0.11476670320122616,0.07076259714451953,0.0,none,0.3938689770643784,1.0,1.0,1.0,0.3938689770643784,False
AUS,3,State capacity,0.613128114993685,2,0,1.0,0.1855293003457457,0.11476670320122616,0.07076259714451953,0.0,none,0.613128114993685,1.0,1.0,1.0,0.613128114993685,False
AUT,3,State capacity,0.5962695879457799,2,0,1.0,0.1855293003457457,0.11476670320122616,0.07076259714451953,0.0,none,0.5962695879457799,1.0,1.0,1.0,0.5962695879457799,False
AZE,3,State capacity,0.4626503760437767,2,0,1.0,0.1855293003457457,0.11476670320122616,0.07076259714451953,0.0,none,0.4626503760437767,1.0,1.0,1.0,0.4626503760437767,False
BDI,3,State capacity,0.3785815741350609,2,0,1.0,0.1855293003457457,0.11476670320122616,0.07076259714451953,0.0,none,0.3785815741350609,1.0,1.0,1.0,0.3785815741350609,False
BEL,3,State capacity,0.5350036968539009,2,0,1.0,0.1855293003457457,0.11476670320122616,0.07076259714451953,0.0,none,0.5350036968539009,1.0,1.0,1.0,0.5350036968539009,False
BEN,3,State capacity,0.477975713427832,2,0,1.0,0.1855293003457457,0.11476670320122616,0.07076259714451953,0.0,none,0.477975713427832,1.0,1.0,1.0,0.477975713427832,False
BFA,3,State capacity,0.5461474414030043,2,0,1.0,0.1855293003457457,0.11476670320122616,0.07076259714451953,0.0,none,0.5461474414030043,1.0,1.0,1.0,0.5461474414030043,False
BGD,3,State capacity,0.4307788014629307,2,0,1.0,0.1855293003457457,0.11476670320122616,0.07076259714451953,0.0,none,0.4307788014629307,1.0,1.0,1.0,0.4307788014629307,False
BGR,3,State capacity,0.5711407100767236,2,0,1.0,0.1855293003457457,0.11476670320122616,0.07076259714451953,0.0,none,0.5711407100767236,1.0,1.0,1.0,0.5711407100767236,False
BHR,3,State capacity,0.3924558037909964,2,0,1.0,0.1855293003457457,0.11476670320122616,0.07076259714451953,0.0,none,0.3924558037909964,1.0,1.0,1.0,0.3924558037909964,False
BHS,3,State capacity,0.3162658063614324,2,0,1.0,0.1855293003457457,0.11476670320122616,0.07076259714451953,0.0,none,0.3162658063614324,1.0,1.0,1.0,0.3162658063614324,False
BIH,3,State capacity,0.4276553737681341,2,0,1.0,0.1855293003457457,0.11476670320122616,0.07076259714451953,0.0,none,0.4276553737681341,1.0,1.0,1.0,0.4276553737681341,False
BLR,3,State capacity,0.6223038707419717,2,0,1.0,0.1855293003457457,0.11476670320122616,0.07076259714451953,0.0,none,0.6223038707419717,1.0,1.0,1.0,0.6223038707419717,False
BLZ,3,State capacity,0.4381688695344371,2,0,1.0,0.1855293003457457,0.11476670320122616,0.07076259714451953,0.0,none,0.4381688695344371,1.0,1.0,1.0,0.4381688695344371,False
BOL,3,State capacity,0.4505173028903727,2,0,1.0,0.1855293003457457,0.11476670320122616,0.07076259714451953,0.0,none,0.4505173028903727,1.0,1.0,1.0,0.4505173028903727,False
BRA,3,State capacity,0.5375654568053674,2,0,1.0,0.1855293003457457,0.11476670320122616,0.07076259714451953,0.0,none,0.5375654568053674,1.0,1.0,1.0,0.5375654568053674,False
BRB,3,State capacity,0.3808357110131626,2,0,1.0,0.1855293003457457,0.11476670320122616,0.07076259714451953,0.0,none,0.3808357110131626,1.0,1.0,1.0,0.3808357110131626,False
BRN,3,State capacity,0.4364153297736693,2,0,1.0,0.1855293003457457,0.11476670320122616,0.07076259714451953,0.0,none,0.4364153297736693,1.0,1.0,1.0,0.4364153297736693,False
BTN,3,State capacity,0.3812626432585743,2,0,1.0,0.1855293003457457,0.11476670320122616,0.07076259714451953,0.0,none,0.3812626432585743,1.0,1.0,1.0,0.3812626432585743,False
BWA,3,State capacity,0.4351040925197131,2,0,1.0,0.1855293003457457,0.11476670320122616,0.07076259714451953,0.0,none,0.4351040925197131,1.0,1.0,1.0,0.4351040925197131,False
CAF,3,State capacity,0.3853464113503876,2,0,1.0,0.1855293003457457,0.11476670320122616,0.07076259714451953,0.0,none,0.3853464113503876,1.0,1.0,1.0,0.3853464113503876,False
CAN,3,State capacity,0.6177458747708029,2,0,1.0,0.1855293003457457,0.11476670320122616,0.07076259714451953,0.0,none,0.6177458747708029,1.0,1.0,1.0,0.6177458747708029,False
CHE,3,State capacity,0.561718802050782,2,0,1.0,0.1855293003457457,0.11476670320122616,0.07076259714451953,0.0,none,0.561718802050782,1.0,1.0,1.0,0.561718802050782,False
CHL,3,State capacity,0.5659332669051563,2,0,1.0,0.1855293003457457,0.11476670320122616,0.07076259714451953,0.0,none,0.5659332669051563,1.0,1.0,1.0,0.5659332669051563,False
CHN,3,State capacity,0.3426889653865262,2,0,1.0,0.1855293003457457,0.11476670320122616,0.07076259714451953,0.0,none,0.3426889653865262,1.0,1.0,1.0,0.3426889653865262,False
CIV,3,State capacity,0.5074095106421075,2,0,1.0,0.1855293003457457,0.11476670320122616,0.07076259714451953,0.0,none,0.5074095106421075,1.0,1.0,1.0,0.5074095106421075,False
CMR,3,State capacity,0.4784271451375521,2,0,1.0,0.1855293003457457,0.11476670320122616,0.07076259714451953,0.0,none,0.4784271451375521,1.0,1.0,1.0,0.4784271451375521,False
COD,3,State capacity,0.3049357129286374,2,0,1.0,0.1855293003457457,0.11476670320122616,0.07076259714451953,0.0,none,0.3049357129286374,1.0,1.0,1.0,0.3049357129286374,False
COG,3,State capacity,0.2650873524878629,2,0,1.0,0.1855293003457457,0.11476670320122616,0.07076259714451953,0.0,none,0.2650873524878629,1.0,1.0,1.0,0.2650873524878629,False
COL,3,State capacity,0.5371411225406537,2,0,1.0,0.1855293003457457,0.11476670320122616,0.07076259714451953,0.0,none,0.5371411225406537,1.0,1.0,1.0,0.5371411225406537,False
COM,3,State capacity,0.3509703757608766,2,0,1.0,0.1855293003457457,0.11476670320122616,0.07076259714451953,0.0,none,0.3509703757608766,1.0,1.0,1.0,0.3509703757608766,False
CPV,3,State capacity,0.3875306270075254,2,0,1.0,0.1855293003457457,0.11476670320122616,0.07076259714451953,0.0,none,0.3875306270075254,1.0,1.0,1.0,0.3875306270075254,False
CRI,3,State capacity,0.585515609390923,2,0,1.0,0.1855293003457457,0.11476670320122616,0.07076259714451953,0.0,none,0.585515609390923,1.0,1.0,1.0,0.585515609390923,False
CUB,3,State capacity,0.2948697845986206,1,1,0.5,0.1855293003457457,0.11476670320122616,0.07076259714451953,0.0,none,0.2948697845986206,1.0,1.0,1.0,0.2948697845986206,False
CYP,3,State capacity,0.5440028894045633,2,0,1.0,0.1855293003457457,0.11476670320122616,0.07076259714451953,0.0,none,0.5440028894045633,1.0,1.0,1.0,0.5440028894045633,False
CZE,3,State capacity,0.5593685251248076,2,0,1.0,0.1855293003457457,0.11476670320122616,0.07076259714451953,0.0,none,0.5593685251248076,1.0,1.0,1.0,0.5593685251248076,False
DEU,3,State capacity,0.6183845290616332,2,0,1.0,0.1855293003457457,0.11476670320122616,0.07076259714451953,0.0,none,0.6183845290616332,1.0,1.0,1.0,0.6183845290616332,False
DJI,3,State capacity,0.2623733668362337,2,0,1.0,0.1855293003457457,0.11476670320122616,0.07076259714451953,0.0,none,0.2623733668362337,1.0,1.0,1.0,0.2623733668362337,False
DMA,3,State capacity,0.2769371355532137,2,0,1.0,0.1855293003457457,0.11476670320122616,0.07076259714451953,0.0,none,0.2769371355532137,1.0,1.0,1.0,0.2769371355532137,False
DNK,3,State capacity,0.6437888866001902,2,0,1.0,0.1855293003457457,0.11476670320122616,0.07076259714451953,0.0,none,0.6437888866001902,1.0,1.0,1.0,0.6437888866001902,False
DOM,3,State capacity,0.4874561550842228,2,0,1.0,0.1855293003457457,0.11476670320122616,0.07076259714451953,0.0,none,0.4874561550842228,1.0,1.0,1.0,0.4874561550842228,False
DZA,3,State capacity,0.3198212007047199,2,0,1.0,0.1855293003457457,0.11476670320122616,0.07076259714451953,0.0,none,0.3198212007047199,1.0,1.0,1.0,0.3198212007047199,False
ECU,3,State capacity,0.5315924342636036,2,0,1.0,0.1855293003457457,0.11476670320122616,0.07076259714451953,0.0,none,0.5315924342636036,1.0,1.0,1.0,0.5315924342636036,False
EGY,3,State capacity,0.4642458710212714,2,0,1.0,0.1855293003457457,0.11476670320122616,0.07076259714451953,0.0,none,0.4642458710212714,1.0,1.0,1.0,0.4642458710212714,False
ESP,3,State capacity,0.6092481085261989,2,0,1.0,0.1855293003457457,0.11476670320122616,0.07076259714451953,0.0,none,0.6092481085261989,1.0,1.0,1.0,0.6092481085261989,False
EST,3,State capacity,0.6161734994881091,2,0,1.0,0.1855293003457457,0.11476670320122616,0.07076259714451953,0.0,none,0.6161734994881091,1.0,1.0,1.0,0.6161734994881091,False
ETH,3,State capacity,0.390716922152528,2,0,1.0,0.1855293003457457,0.11476670320122616,0.07076259714451953,0.0,none,0.390716922152528,1.0,1.0,1.0,0.390716922152528,False
FIN,3,State capacity,0.6366343114228525,2,0,1.0,0.1855293003457457,0.11476670320122616,0.07076259714451953,0.0,none,0.6366343114228525,1.0,1.0,1.0,0.6366343114228525,False
FJI,3,State capacity,0.409611700436235,2,0,1.0,0.1855293003457457,0.11476670320122616,0.07076259714451953,0.0,none,0.409611700436235,1.0,1.0,1.0,0.409611700436235,False
FRA,3,State capacity,0.5757924875435245,2,0,1.0,0.1855293003457457,0.11476670320122616,0.07076259714451953,0.0,none,0.5757924875435245,1.0,1.0,1.0,0.5757924875435245,False
FSM,3,State capacity,0.2319342805874598,2,0,1.0,0.1855293003457457,0.11476670320122616,0.07076259714451953,0.0,none,0.2319342805874598,1.0,1.0,1.0,0.2319342805874598,False
GAB,3,State capacity,0.3089303782668778,2,0,1.0,0.1855293003457457,0.11476670320122616,0.07076259714451953,0.0,none,0.3089303782668778,1.0,1.0,1.0,0.3089303782668778,False
GBR,3,State capacity,0.5974673400314781,2,0,1.0,0.1855293003457457,0.11476670320122616,0.07076259714451953,0.0,none,0.5974673400314781,1.0,1.0,1.0,0.5974673400314781,False
GEO,3,State capacity,0.5834484000095326,2,0,1.0,0.1855293003457457,0.11476670320122616,0.07076259714451953,0.0,none,0.5834484000095326,1.0,1.0,1.0,0.5834484000095326,False
GHA,3,State capacity,0.4208706099281819,2,0,1.0,0.1855293003457457,0.11476670320122616,0.07076259714451953,0.0,none,0.4208706099281819,1.0,1.0,1.0,0.4208706099281819,False
GIN,3,State capacity,0.3284394003944939,2,0,1.0,0.1855293003457457,0.11476670320122616,0.07076259714451953,0.0,none,0.3284394003944939,1.0,1.0,1.0,0.3284394003944939,False
GMB,3,State capacity,0.4241014646882,2,0,1.0,0.1855293003457457,0.11476670320122616,0.07076259714451953,0.0,none,0.4241014646882,1.0,1.0,1.0,0.4241014646882,False
GNB,3,State capacity,0.3119389245474513,2,0,1.0,0.1855293003457457,0.11476670320122616,0.07076259714451953,0.0,none,0.3119389245474513,1.0,1.0,1.0,0.3119389245474513,False
GNQ,3,State capacity,0.2364367418956523,2,0,1.0,0.1855293003457457,0.11476670320122616,0.07076259714451953,0.0,none,0.2364367418956523,1.0,1.0,1.0,0.2364367418956523,False
GRC,3,State capacity,0.5396021531281066,2,0,1.0,0.1855293003457457,0.11476670320122616,0.07076259714451953,0.0,none,0.5396021531281066,1.0,1.0,1.0,0.5396021531281066,False
GRD,3,State capacity,0.3200019036193979,2,0,1.0,0.1855293003457457,0.11476670320122616,0.07076259714451953,0.0,none,0.3200019036193979,1.0,1.0,1.0,0.3200019036193979,False
GRL,3,State capacity,0.4522260355226668,1,1,0.5,0.1855293003457457,0.11476670320122616,0.07076259714451953,0.0,none,0.4522260355226668,1.0,1.0,1.0,0.4522260355226668,False
GTM,3,State capacity,0.4976858266581474,2,0,1.0,0.1855293003457457,0.11476670320122616,0.07076259714451953,0.0,none,0.4976858266581474,1.0,1.0,1.0,0.4976858266581474,False
GUY,3,State capacity,0.3662306482922719,2,0,1.0,0.1855293003457457,0.11476670320122616,0.07076259714451953,0.0,none,0.3662306482922719,1.0,1.0,1.0,0.3662306482922719,False
HKG,3,State capacity,0.5230363484384876,1,1,0.5,0.1855293003457457,0.11476670320122616,0.07076259714451953,0.0,none,0.5230363484384876,1.0,1.0,1.0,0.5230363484384876,False
HND,3,State capacity,0.4176495849543953,2,0,1.0,0.1855293003457457,0.11476670320122616,0.07076259714451953,0.0,none,0.4176495849543953,1.0,1.0,1.0,0.4176495849543953,False
HRV,3,State capacity,0.5429871029534274,2,0,1.0,0.1855293003457457,0.11476670320122616,0.07076259714451953,0.0,none,0.5429871029534274,1.0,1.0,1.0,0.5429871029534274,False
HTI,3,State capacity,0.2398865505066221,2,0,1.0,0.1855293003457457,0.11476670320122616,0.07076259714451953,0.0,none,0.2398865505066221,1.0,1.0,1.0,0.2398865505066221,False
HUN,3,State capacity,0.6087844996252544,2,0,1.0,0.1855293003457457,0.11476670320122616,0.07076259714451953,0.0,none,0.6087844996252544,1.0,1.0,1.0,0.6087844996252544,False
IDN,3,State capacity,0.5583941497272047,2,0,1.0,0.1855293003457457,0.11476670320122616,0.07076259714451953,0.0,none,0.5583941497272047,1.0,1.0,1.0,0.5583941497272047,False
IND,3,State capacity,0.4752811648051958,2,0,1.0,0.1855293003457457,0.11476670320122616,0.07076259714451953,0.0,none,0.4752811648051958,1.0,1.0,1.0,0.4752811648051958,False
IRL,3,State capacity,0.6197985315237399,2,0,1.0,0.1855293003457457,0.11476670320122616,0.07076259714451953,0.0,none,0.6197985315237399,1.0,1.0,1.0,0.6197985315237399,False
IRN,3,State capacity,0.4562880190582576,2,0,1.0,0.1855293003457457,0.11476670320122616,0.07076259714451953,0.0,none,0.4562880190582576,1.0,1.0,1.0,0.4562880190582576,False
IRQ,3,State capacity,0.3658671621100857,2,0,1.0,0.1855293003457457,0.11476670320122616,0.07076259714451953,0.0,none,0.3658671621100857,1.0,1.0,1.0,0.3658671621100857,False
ISL,3,State capacity,0.5826783368170406,2,0,1.0,0.1855293003457457,0.11476670320122616,0.07076259714451953,0.0,none,0.5826783368170406,1.0,1.0,1.0,0.5826783368170406,False
ISR,3,State capacity,0.610688318259436,2,0,1.0,0.1855293003457457,0.11476670320122616,0.07076259714451953,0.0,none,0.610688318259436,1.0,1.0,1.0,0.610688318259436,False
ITA,3,State capacity,0.6078770913983669,2,0,1.0,0.1855293003457457,0.11476670320122616,0.07076259714451953,0.0,none,0.6078770913983669,1.0,1.0,1.0,0.6078770913983669,False
JAM,3,State capacity,0.5075057281515898,2,0,1.0,0.1855293003457457,0.11476670320122616,0.07076259714451953,0.0,none,0.5075057281515898,1.0,1.0,1.0,0.5075057281515898,False
JOR,3,State capacity,0.5491478211954746,2,0,1.0,0.1855293003457457,0.11476670320122616,0.07076259714451953,0.0,none,0.5491478211954746,1.0,1.0,1.0,0.5491478211954746,False
JPN,3,State capacity,0.6003081452686287,2,0,1.0,0.1855293003457457,0.11476670320122616,0.07076259714451953,0.0,none,0.6003081452686287,1.0,1.0,1.0,0.6003081452686287,False
KAZ,3,State capacity,0.5589449029991949,2,0,1.0,0.1855293003457457,0.11476670320122616,0.07076259714451953,0.0,none,0.5589449029991949,1.0,1.0,1.0,0.5589449029991949,False
KEN,3,State capacity,0.4843385184402999,2,0,1.0,0.1855293003457457,0.11476670320122616,0.07076259714451953,0.0,none,0.4843385184402999,1.0,1.0,1.0,0.4843385184402999,False
KGZ,3,State capacity,0.4927442559133189,2,0,1.0,0.1855293003457457,0.11476670320122616,0.07076259714451953,0.0,none,0.4927442559133189,1.0,1.0,1.0,0.4927442559133189,False
KHM,3,State capacity,0.3978311989936769,2,0,1.0,0.1855293003457457,0.11476670320122616,0.07076259714451953,0.0,none,0.3978311989936769,1.0,1.0,1.0,0.3978311989936769,False
KIR,3,State capacity,0.3241439827981919,2,0,1.0,0.1855293003457457,0.11476670320122616,0.07076259714451953,0.0,none,0.3241439827981919,1.0,1.0,1.0,0.3241439827981919,False
KNA,3,State capacity,0.2952491622429263,2,0,1.0,0.1855293003457457,0.11476670320122616,0.07076259714451953,0.0,none,0.2952491622429263,1.0,1.0,1.0,0.2952491622429263,False
KOR,3,State capacity,0.6306301972094186,2,0,1.0,0.1855293003457457,0.11476670320122616,0.07076259714451953,0.0,none,0.6306301972094186,1.0,1.0,1.0,0.6306301972094186,False
KWT,3,State capacity,0.4251544009140434,2,0,1.0,0.1855293003457457,0.11476670320122616,0.07076259714451953,0.0,none,0.4251544009140434,1.0,1.0,1.0,0.4251544009140434,False
LAO,3,State capacity,0.4050047941453059,2,0,1.0,0.1855293003457457,0.11476670320122616,0.07076259714451953,0.0,none,0.4050047941453059,1.0,1.0,1.0,0.4050047941453059,False
LBN,3,State capacity,0.3608277715427985,2,0,1.0,0.1855293003457457,0.11476670320122616,0.07076259714451953,0.0,none,0.3608277715427985,1.0,1.0,1.0,0.3608277715427985,False
LBR,3,State capacity,0.3514309415941852,2,0,1.0,0.1855293003457457,0.11476670320122616,0.07076259714451953,0.0,none,0.3514309415941852,1.0,1.0,1.0,0.3514309415941852,False
LBY,3,State capacity,0.2254523328819421,2,0,1.0,0.1855293003457457,0.11476670320122616,0.07076259714451953,0.0,none,0.2254523328819421,1.0,1.0,1.0,0.2254523328819421,False
LCA,3,State capacity,0.4250936418489036,2,0,1.0,0.1855293003457457,0.11476670320122616,0.07076259714451953,0.0,none,0.4250936418489036,1.0,1.0,1.0,0.4250936418489036,False
LIE,3,State capacity,0.4738625200247231,1,1,0.5,0.1855293003457457,0.11476670320122616,0.07076259714451953,0.0,none,0.4738625200247231,1.0,1.0,1.0,0.4738625200247231,False
LKA,3,State capacity,0.4538625939776761,2,0,1.0,0.1855293003457457,0.11476670320122616,0.07076259714451953,0.0,none,0.4538625939776761,1.0,1.0,1.0,0.4538625939776761,False
LSO,3,State capacity,0.375676760698123,2,0,1.0,0.1855293003457457,0.11476670320122616,0.07076259714451953,0.0,none,0.375676760698123,1.0,1.0,1.0,0.375676760698123,False
LTU,3,State capacity,0.5933837780066757,2,0,1.0,0.1855293003457457,0.11476670320122616,0.07076259714451953,0.0,none,0.5933837780066757,1.0,1.0,1.0,0.5933837780066757,False
LUX,3,State capacity,0.5722771689929568,2,0,1.0,0.1855293003457457,0.11476670320122616,0.07076259714451953,0.0,none,0.5722771689929568,1.0,1.0,1.0,0.5722771689929568,False
LVA,3,State capacity,0.617668054113899,2,0,1.0,0.1855293003457457,0.11476670320122616,0.07076259714451953,0.0,none,0.617668054113899,1.0,1.0,1.0,0.617668054113899,False
MAC,3,State capacity,0.3656800975144414,1,1,0.5,0.1855293003457457,0.11476670320122616,0.07076259714451953,0.0,none,0.3656800975144414,1.0,1.0,1.0,0.3656800975144414,False
MAR,3,State capacity,0.537040404732418,2,0,1.0,0.1855293003457457,0.11476670320122616,0.07076259714451953,0.0,none,0.537040404732418,1.0,1.0,1.0,0.537040404732418,False
MCO,3,State capacity,0.2220925185462492,1,1,0.5,0.1855293003457457,0.11476670320122616,0.07076259714451953,0.0,none,0.2220925185462492,1.0,1.0,1.0,0.2220925185462492,False
MDA,3,State capacity,0.5981343544871994,2,0,1.0,0.1855293003457457,0.11476670320122616,0.07076259714451953,0.0,none,0.5981343544871994,1.0,1.0,1.0,0.5981343544871994,False
MDG,3,State capacity,0.352408716128974,2,0,1.0,0.1855293003457457,0.11476670320122616,0.07076259714451953,0.0,none,0.352408716128974,1.0,1.0,1.0,0.352408716128974,False
MDV,3,State capacity,0.4172096298525773,2,0,1.0,0.1855293003457457,0.11476670320122616,0.07076259714451953,0.0,none,0.4172096298525773,1.0,1.0,1.0,0.4172096298525773,False
MEX,3,State capacity,0.6119038885846935,2,0,1.0,0.1855293003457457,0.11476670320122616,0.07076259714451953,0.0,none,0.6119038885846935,1.0,1.0,1.0,0.6119038885846935,False
MHL,3,State capacity,0.2867349294960351,2,0,1.0,0.1855293003457457,0.11476670320122616,0.07076259714451953,0.0,none,0.2867349294960351,1.0,1.0,1.0,0.2867349294960351,False
MKD,3,State capacity,0.5581911447506727,2,0,1.0,0.1855293003457457,0.11476670320122616,0.07076259714451953,0.0,none,0.5581911447506727,1.0,1.0,1.0,0.5581911447506727,False
MLI,3,State capacity,0.4570450119456384,2,0,1.0,0.1855293003457457,0.11476670320122616,0.07076259714451953,0.0,none,0.4570450119456384,1.0,1.0,1.0,0.4570450119456384,False
MLT,3,State capacity,0.5440415244426237,2,0,1.0,0.1855293003457457,0.11476670320122616,0.07076259714451953,0.0,none,0.5440415244426237,1.0,1.0,1.0,0.5440415244426237,False
MMR,3,State capacity,0.4444763339866305,2,0,1.0,0.1855293003457457,0.11476670320122616,0.07076259714451953,0.0,none,0.4444763339866305,1.0,1.0,1.0,0.4444763339866305,False
MNE,3,State capacity,0.4898919130831144,2,0,1.0,0.1855293003457457,0.11476670320122616,0.07076259714451953,0.0,none,0.4898919130831144,1.0,1.0,1.0,0.4898919130831144,False
MNG,3,State capacity,0.5916785695441182,2,0,1.0,0.1855293003457457,0.11476670320122616,0.07076259714451953,0.0,none,0.5916785695441182,1.0,1.0,1.0,0.5916785695441182,False
MOZ,3,State capacity,0.43063043646335,2,0,1.0,0.1855293003457457,0.11476670320122616,0.07076259714451953,0.0,none,0.43063043646335,1.0,1.0,1.0,0.43063043646335,False
MRT,3,State capacity,0.3698041279272809,2,0,1.0,0.1855293003457457,0.11476670320122616,0.07076259714451953,0.0,none,0.3698041279272809,1.0,1.0,1.0,0.3698041279272809,False
MUS,3,State capacity,0.517698427985582,2,0,1.0,0.1855293003457457,0.11476670320122616,0.07076259714451953,0.0,none,0.517698427985582,1.0,1.0,1.0,0.517698427985582,False
MWI,3,State capacity,0.3973926846465181,2,0,1.0,0.1855293003457457,0.11476670320122616,0.07076259714451953,0.0,none,0.3973926846465181,1.0,1.0,1.0,0.3973926846465181,False
MYS,3,State capacity,0.6203950016367836,2,0,1.0,0.1855293003457457,0.11476670320122616,0.07076259714451953,0.0,none,0.6203950016367836,1.0,1.0,1.0,0.6203950016367836,False
NAM,3,State capacity,0.3690959084850376,2,0,1.0,0.1855293003457457,0.11476670320122616,0.07076259714451953,0.0,none,0.3690959084850376,1.0,1.0,1.0,0.3690959084850376,False
NER,3,State capacity,0.5096732663187498,2,0,1.0,0.1855293003457457,0.11476670320122616,0.07076259714451953,0.0,none,0.5096732663187498,1.0,1.0,1.0,0.5096732663187498,False
NGA,3,State capacity,0.4687189319881574,2,0,1.0,0.1855293003457457,0.11476670320122616,0.07076259714451953,0.0,none,0.4687189319881574,1.0,1.0,1.0,0.4687189319881574,False
NIC,3,State capacity,0.3471524355871078,2,0,1.0,0.1855293003457457,0.11476670320122616,0.07076259714451953,0.0,none,0.3471524355871078,1.0,1.0,1.0,0.3471524355871078,False
NLD,3,State capacity,0.6112468209648272,2,0,1.0,0.1855293003457457,0.11476670320122616,0.07076259714451953,0.0,none,0.6112468209648272,1.0,1.0,1.0,0.6112468209648272,False
NOR,3,State capacity,0.6578660767239641,2,0,1.0,0.1855293003457457,0.11476670320122616,0.07076259714451953,0.0,none,0.6578660767239641,1.0,1.0,1.0,0.6578660767239641,False
NPL,3,State capacity,0.3938595033476979,2,0,1.0,0.1855293003457457,0.11476670320122616,0.07076259714451953,0.0,none,0.3938595033476979,1.0,1.0,1.0,0.3938595033476979,False
NRU,3,State capacity,0.2795345929689495,2,0,1.0,0.1855293003457457,0.11476670320122616,0.07076259714451953,0.0,none,0.2795345929689495,1.0,1.0,1.0,0.2795345929689495,False
NZL,3,State capacity,0.6226088682109329,2,0,1.0,0.1855293003457457,0.11476670320122616,0.07076259714451953,0.0,none,0.6226088682109329,1.0,1.0,1.0,0.6226088682109329,False
OMN,3,State capacity,0.4935321769333838,2,0,1.0,0.1855293003457457,0.11476670320122616,0.07076259714451953,0.0,none,0.4935321769333838,1.0,1.0,1.0,0.4935321769333838,False
PAK,3,State capacity,0.4055747173941267,2,0,1.0,0.1855293003457457,0.11476670320122616,0.07076259714451953,0.0,none,0.4055747173941267,1.0,1.0,1.0,0.4055747173941267,False
PAN,3,State capacity,0.5124383312518269,2,0,1.0,0.1855293003457457,0.11476670320122616,0.07076259714451953,0.0,none,0.5124383312518269,1.0,1.0,1.0,0.5124383312518269,False
PER,3,State capacity,0.5261454874947468,2,0,1.0,0.1855293003457457,0.11476670320122616,0.07076259714451953,0.0,none,0.5261454874947468,1.0,1.0,1.0,0.5261454874947468,False
PHL,3,State capacity,0.5715182873239675,2,0,1.0,0.1855293003457457,0.11476670320122616,0.07076259714451953,0.0,none,0.5715182873239675,1.0,1.0,1.0,0.5715182873239675,False
PLW,3,State capacity,0.3662129800552525,2,0,1.0,0.1855293003457457,0.11476670320122616,0.07076259714451953,0.0,none,0.3662129800552525,1.0,1.0,1.0,0.3662129800552525,False
PNG,3,State capacity,0.2871569773409067,2,0,1.0,0.1855293003457457,0.11476670320122616,0.07076259714451953,0.0,none,0.2871569773409067,1.0,1.0,1.0,0.2871569773409067,False
POL,3,State capacity,0.6470808119862042,2,0,1.0,0.1855293003457457,0.11476670320122616,0.07076259714451953,0.0,none,0.6470808119862042,1.0,1.0,1.0,0.6470808119862042,False
PRT,3,State capacity,0.6362990073707825,2,0,1.0,0.1855293003457457,0.11476670320122616,0.07076259714451953,0.0,none,0.6362990073707825,1.0,1.0,1.0,0.6362990073707825,False
PRY,3,State capacity,0.507158218876059,2,0,1.0,0.1855293003457457,0.11476670320122616,0.07076259714451953,0.0,none,0.507158218876059,1.0,1.0,1.0,0.507158218876059,False
PSE,3,State capacity,0.5228433152677995,2,0,1.0,0.1855293003457457,0.11476670320122616,0.07076259714451953,0.0,none,0.5228433152677995,1.0,1.0,1.0,0.5228433152677995,False
QAT,3,State capacity,0.4372559818175326,2,0,1.0,0.1855293003457457,0.11476670320122616,0.07076259714451953,0.0,none,0.4372559818175326,1.0,1.0,1.0,0.4372559818175326,False
ROU,3,State capacity,0.6172796678891601,2,0,1.0,0.1855293003457457,0.11476670320122616,0.07076259714451953,0.0,none,0.6172796678891601,1.0,1.0,1.0,0.6172796678891601,False
RUS,3,State capacity,0.5287345394024527,2,0,1.0,0.1855293003457457,0.11476670320122616,0.07076259714451953,0.0,none,0.5287345394024527,1.0,1.0,1.0,0.5287345394024527,False
RWA,3,State capacity,0.4905222673597608,2,0,1.0,0.1855293003457457,0.11476670320122616,0.07076259714451953,0.0,none,0.4905222673597608,1.0,1.0,1.0,0.4905222673597608,False
SAU,3,State capacity,0.5550961662381543,2,0,1.0,0.1855293003457457,0.11476670320122616,0.07076259714451953,0.0,none,0.5550961662381543,1.0,1.0,1.0,0.5550961662381543,False
SDN,3,State capacity,0.2984218559185027,2,0,1.0,0.1855293003457457,0.11476670320122616,0.07076259714451953,0.0,none,0.2984218559185027,1.0,1.0,1.0,0.2984218559185027,False
SEN,3,State capacity,0.5814222456121256,2,0,1.0,0.1855293003457457,0.11476670320122616,0.07076259714451953,0.0,none,0.5814222456121256,1.0,1.0,1.0,0.5814222456121256,False
SGP,3,State capacity,0.6286538593735749,2,0,1.0,0.1855293003457457,0.11476670320122616,0.07076259714451953,0.0,none,0.6286538593735749,1.0,1.0,1.0,0.6286538593735749,False
SLB,3,State capacity,0.3250080941299483,2,0,1.0,0.1855293003457457,0.11476670320122616,0.07076259714451953,0.0,none,0.3250080941299483,1.0,1.0,1.0,0.3250080941299483,False
SLE,3,State capacity,0.3839258776660708,2,0,1.0,0.1855293003457457,0.11476670320122616,0.07076259714451953,0.0,none,0.3839258776660708,1.0,1.0,1.0,0.3839258776660708,False
SLV,3,State capacity,0.4262123435107297,2,0,1.0,0.1855293003457457,0.11476670320122616,0.07076259714451953,0.0,none,0.4262123435107297,1.0,1.0,1.0,0.4262123435107297,False
SMR,3,State capacity,0.2712663469600136,1,1,0.5,0.1855293003457457,0.11476670320122616,0.07076259714451953,0.0,none,0.2712663469600136,1.0,1.0,1.0,0.2712663469600136,False
SOM,3,State capacity,0.3509196245167434,2,0,1.0,0.1855293003457457,0.11476670320122616,0.07076259714451953,0.0,none,0.3509196245167434,1.0,1.0,1.0,0.3509196245167434,False
SRB,3,State capacity,0.5572676986319781,2,0,1.0,0.1855293003457457,0.11476670320122616,0.07076259714451953,0.0,none,0.5572676986319781,1.0,1.0,1.0,0.5572676986319781,False
SSD,3,State capacity,0.1855293003457457,2,0,1.0,0.1855293003457457,0.11476670320122616,0.07076259714451953,0.0,none,0.1855293003457457,1.0,1.0,1.0,0.1855293003457457,False
STP,3,State capacity,0.3501398370318657,2,0,1.0,0.1855293003457457,0.11476670320122616,0.07076259714451953,0.0,none,0.3501398370318657,1.0,1.0,1.0,0.3501398370318657,False
SUR,3,State capacity,0.4237680745099629,2,0,1.0,0.1855293003457457,0.11476670320122616,0.07076259714451953,0.0,none,0.4237680745099629,1.0,1.0,1.0,0.4237680745099629,False
SVK,3,State capacity,0.5873752080031822,2,0,1.0,0.1855293003457457,0.11476670320122616,0.07076259714451953,0.0,none,0.5873752080031822,1.0,1.0,1.0,0.5873752080031822,False
SVN,3,State capacity,0.6420685188639237,2,0,1.0,0.1855293003457457,0.11476670320122616,0.07076259714451953,0.0,none,0.6420685188639237,1.0,1.0,1.0,0.6420685188639237,False
SWE,3,State capacity,0.6280632248200981,2,0,1.0,0.1855293003457457,0.11476670320122616,0.07076259714451953,0.0,none,0.6280632248200981,1.0,1.0,1.0,0.6280632248200981,False
SWZ,3,State capacity,0.3711828664562779,2,0,1.0,0.1855293003457457,0.11476670320122616,0.07076259714451953,0.0,none,0.3711828664562779,1.0,1.0,1.0,0.3711828664562779,False
SYC,3,State capacity,0.3983135163080564,2,0,1.0,0.1855293003457457,0.11476670320122616,0.07076259714451953,0.0,none,0.3983135163080564,1.0,1.0,1.0,0.3983135163080564,False
SYR,3,State capacity,0.2131583779446403,2,0,1.0,0.1855293003457457,0.11476670320122616,0.07076259714451953,0.0,none,0.2131583779446403,1.0,1.0,1.0,0.2131583779446403,False
TCD,3,State capacity,0.3687631579049714,2,0,1.0,0.1855293003457457,0.11476670320122616,0.07076259714451953,0.0,none,0.3687631579049714,1.0,1.0,1.0,0.3687631579049714,False
TGO,3,State capacity,0.4346492006876549,2,0,1.0,0.1855293003457457,0.11476670320122616,0.07076259714451953,0.0,none,0.4346492006876549,1.0,1.0,1.0,0.4346492006876549,False
THA,3,State capacity,0.5468664862992006,2,0,1.0,0.1855293003457457,0.11476670320122616,0.07076259714451953,0.0,none,0.5468664862992006,1.0,1.0,1.0,0.5468664862992006,False
TJK,3,State capacity,0.4295122853823074,2,0,1.0,0.1855293003457457,0.11476670320122616,0.07076259714451953,0.0,none,0.4295122853823074,1.0,1.0,1.0,0.4295122853823074,False
TLS,3,State capacity,0.3719604565387021,2,0,1.0,0.1855293003457457,0.11476670320122616,0.07076259714451953,0.0,none,0.3719604565387021,1.0,1.0,1.0,0.3719604565387021,False
TON,3,State capacity,0.3839978627634069,2,0,1.0,0.1855293003457457,0.11476670320122616,0.07076259714451953,0.0,none,0.3839978627634069,1.0,1.0,1.0,0.3839978627634069,False
TTO,3,State capacity,0.3959761122359495,2,0,1.0,0.1855293003457457,0.11476670320122616,0.07076259714451953,0.0,none,0.3959761122359495,1.0,1.0,1.0,0.3959761122359495,False
TUN,3,State capacity,0.5102638728399904,2,0,1.0,0.1855293003457457,0.11476670320122616,0.07076259714451953,0.0,none,0.5102638728399904,1.0,1.0,1.0,0.5102638728399904,False
TUR,3,State capacity,0.5094511968592319,2,0,1.0,0.1855293003457457,0.11476670320122616,0.07076259714451953,0.0,none,0.5094511968592319,1.0,1.0,1.0,0.5094511968592319,False
TUV,3,State capacity,0.2802626780506672,2,0,1.0,0.1855293003457457,0.11476670320122616,0.07076259714451953,0.0,none,0.2802626780506672,1.0,1.0,1.0,0.2802626780506672,False
TZA,3,State capacity,0.4643712333756751,2,0,1.0,0.1855293003457457,0.11476670320122616,0.07076259714451953,0.0,none,0.4643712333756751,1.0,1.0,1.0,0.4643712333756751,False
UGA,3,State capacity,0.4657100296380334,2,0,1.0,0.1855293003457457,0.11476670320122616,0.07076259714451953,0.0,none,0.4657100296380334,1.0,1.0,1.0,0.4657100296380334,False
UKR,3,State capacity,0.5030441883012996,2,0,1.0,0.1855293003457457,0.11476670320122616,0.07076259714451953,0.0,none,0.5030441883012996,1.0,1.0,1.0,0.5030441883012996,False
URY,3,State capacity,0.5015185865125327,2,0,1.0,0.1855293003457457,0.11476670320122616,0.07076259714451953,0.0,none,0.5015185865125327,1.0,1.0,1.0,0.5015185865125327,False
USA,3,State capacity,0.6174172074347883,2,0,1.0,0.1855293003457457,0.11476670320122616,0.07076259714451953,0.0,none,0.6174172074347883,1.0,1.0,1.0,0.6174172074347883,False
UZB,3,State capacity,0.5808103326967515,2,0,1.0,0.1855293003457457,0.11476670320122616,0.07076259714451953,0.0,none,0.5808103326967515,1.0,1.0,1.0,0.5808103326967515,False
VCT,3,State capacity,0.3580240270629674,2,0,1.0,0.1855293003457457,0.11476670320122616,0.07076259714451953,0.0,none,0.3580240270629674,1.0,1.0,1.0,0.3580240270629674,False
VEN,3,State capacity,0.2374428485630966,2,0,1.0,0.1855293003457457,0.11476670320122616,0.07076259714451953,0.0,none,0.2374428485630966,1.0,1.0,1.0,0.2374428485630966,False
VNM,3,State capacity,0.4360081461181078,2,0,1.0,0.1855293003457457,0.11476670320122616,0.07076259714451953,0.0,none,0.4360081461181078,1.0,1.0,1.0,0.4360081461181078,False
VUT,3,State capacity,0.3327804622909206,2,0,1.0,0.1855293003457457,0.11476670320122616,0.07076259714451953,0.0,none,0.3327804622909206,1.0,1.0,1.0,0.3327804622909206,False
WSM,3,State capacity,0.3861203962286136,2,0,1.0,0.1855293003457457,0.11476670320122616,0.07076259714451953,0.0,none,0.3861203962286136,1.0,1.0,1.0,0.3861203962286136,False
XKX,3,State capacity,0.3912504882895989,1,1,0.5,0.1855293003457457,0.11476670320122616,0.07076259714451953,0.0,none,0.3912504882895989,1.0,1.0,1.0,0.3912504882895989,False
YEM,3,State capacity,0.2532152673606576,2,0,1.0,0.1855293003457457,0.11476670320122616,0.07076259714451953,0.0,none,0.2532152673606576,1.0,1.0,1.0,0.2532152673606576,False
ZAF,3,State capacity,0.507049634584799,2,0,1.0,0.1855293003457457,0.11476670320122616,0.07076259714451953,0.0,none,0.507049634584799,1.0,1.0,1.0,0.507049634584799,False
ZMB,3,State capacity,0.389658194875811,2,0,1.0,0.1855293003457457,0.11476670320122616,0.07076259714451953,0.0,none,0.389658194875811,1.0,1.0,1.0,0.389658194875811,False
ZWE,3,State capacity,0.4309434384535656,2,0,1.0,0.1855293003457457,0.11476670320122616,0.07076259714451953,0.0,none,0.4309434384535656,1.0,1.0,1.0,0.4309434384535656,False
ABW,4,State capacity,0.6089872084160914,1,0,1.0,0.1353202659041198,0.1576471208648994,0.0,0.0,none,0.6089872084160914,1.0,1.0,1.0,0.6089872084160914,True
AFG,4,State capacity,0.1555530214108483,3,0,1.0,0.1353202659041198,0.1576471208648994,0.0,0.0,none,0.1555530214108483,1.0,1.0,1.0,0.1555530214108483,False
AGO,4,State capacity,0.4093854796101282,3,0,1.0,0.1353202659041198,0.1576471208648994,0.0,0.0,none,0.4093854796101282,1.0,1.0,1.0,0.4093854796101282,False
ALB,4,State capacity,0.5041119884165163,3,0,1.0,0.1353202659041198,0.1576471208648994,0.0,0.0,none,0.5041119884165163,1.0,1.0,1.0,0.5041119884165163,False
AND,4,State capacity,0.6958542618824927,1,0,1.0,0.1353202659041198,0.1576471208648994,0.0,0.0,none,0.6958542618824927,1.0,1.0,1.0,0.6958542618824927,True
ARE,4,State capacity,0.6405706858080256,3,0,1.0,0.1353202659041198,0.1576471208648994,0.0,0.0,none,0.6405706858080256,1.0,1.0,1.0,0.6405706858080256,False
ARG,4,State capacity,0.5067228804856492,3,0,1.0,0.1353202659041198,0.1576471208648994,0.0,0.0,none,0.5067228804856492,1.0,1.0,1.0,0.5067228804856492,False
ARM,4,State capacity,0.4617188968406518,2,0,1.0,0.1353202659041198,0.1576471208648994,0.0,0.0,none,0.4617188968406518,1.0,1.0,1.0,0.4617188968406518,False
ASM,4,State capacity,0.6281154521952831,1,0,1.0,0.1353202659041198,0.1576471208648994,0.0,0.0,none,0.6281154521952831,1.0,1.0,1.0,0.6281154521952831,True
ATG,4,State capacity,0.5758024307113282,2,0,1.0,0.1353202659041198,0.1576471208648994,0.0,0.0,none,0.5758024307113282,1.0,1.0,1.0,0.5758024307113282,False
AUS,4,State capacity,0.8141784974967766,3,0,1.0,0.1353202659041198,0.1576471208648994,0.0,0.0,none,0.8141784974967766,1.0,1.0,1.0,0.8141784974967766,False
AUT,4,State capacity,0.7386694681197683,3,0,1.0,0.1353202659041198,0.1576471208648994,0.0,0.0,none,0.7386694681197683,1.0,1.0,1.0,0.7386694681197683,False
AZE,4,State capacity,0.4338552665128363,2,0,1.0,0.1353202659041198,0.1576471208648994,0.0,0.0,none,0.4338552665128363,1.0,1.0,1.0,0.4338552665128363,False
BDI,4,State capacity,0.3148272605802577,2,0,1.0,0.1353202659041198,0.1576471208648994,0.0,0.0,none,0.3148272605802577,1.0,1.0,1.0,0.3148272605802577,False
BEL,4,State capacity,0.7469590716716333,3,0,1.0,0.1353202659041198,0.1576471208648994,0.0,0.0,none,0.7469590716716333,1.0,1.0,1.0,0.7469590716716333,False
BEN,4,State capacity,0.525957745558516,3,0,1.0,0.1353202659041198,0.1576471208648994,0.0,0.0,none,0.525957745558516,1.0,1.0,1.0,0.525957745558516,False
BFA,4,State capacity,0.4145212718367785,3,0,1.0,0.1353202659041198,0.1576471208648994,0.0,0.0,none,0.4145212718367785,1.0,1.0,1.0,0.4145212718367785,False
BGD,4,State capacity,0.367419600781777,3,0,1.0,0.1353202659041198,0.1576471208648994,0.0,0.0,none,0.367419600781777,1.0,1.0,1.0,0.367419600781777,False
BGR,4,State capacity,0.479901735997803,3,0,1.0,0.1353202659041198,0.1576471208648994,0.0,0.0,none,0.479901735997803,1.0,1.0,1.0,0.479901735997803,False
BHR,4,State capacity,0.4758412734648087,2,0,1.0,0.1353202659041198,0.1576471208648994,0.0,0.0,none,0.4758412734648087,1.0,1.0,1.0,0.4758412734648087,False
BHS,4,State capacity,0.566862741749585,2,0,1.0,0.1353202659041198,0.1576471208648994,0.0,0.0,none,0.566862741749585,1.0,1.0,1.0,0.566862741749585,False
BIH,4,State capacity,0.4160889635176558,3,0,1.0,0.1353202659041198,0.1576471208648994,0.0,0.0,none,0.4160889635176558,1.0,1.0,1.0,0.4160889635176558,False
BLR,4,State capacity,0.3832988411843051,3,0,1.0,0.1353202659041198,0.1576471208648994,0.0,0.0,none,0.3832988411843051,1.0,1.0,1.0,0.3832988411843051,False
BLZ,4,State capacity,0.4360302616726264,2,0,1.0,0.1353202659041198,0.1576471208648994,0.0,0.0,none,0.4360302616726264,1.0,1.0,1.0,0.4360302616726264,False
BMU,4,State capacity,0.75061084955222,1,0,1.0,0.1353202659041198,0.1576471208648994,0.0,0.0,none,0.75061084955222,1.0,1.0,1.0,0.75061084955222,True
BOL,4,State capacity,0.4116365947617261,3,0,1.0,0.1353202659041198,0.1576471208648994,0.0,0.0,none,0.4116365947617261,1.0,1.0,1.0,0.4116365947617261,False
BRA,4,State capacity,0.5190010226636408,3,0,1.0,0.1353202659041198,0.1576471208648994,0.0,0.0,none,0.5190010226636408,1.0,1.0,1.0,0.5190010226636408,False
BRB,4,State capacity,0.5975444984102383,3,0,1.0,0.1353202659041198,0.1576471208648994,0.0,0.0,none,0.5975444984102383,1.0,1.0,1.0,0.5975444984102383,False
BRN,4,State capacity,0.6398447334623466,1,0,1.0,0.1353202659041198,0.1576471208648994,0.0,0.0,none,0.6398447334623466,1.0,1.0,1.0,0.6398447334623466,True
BTN,4,State capacity,0.6059166072983948,2,0,1.0,0.1353202659041198,0.1576471208648994,0.0,0.0,none,0.6059166072983948,1.0,1.0,1.0,0.6059166072983948,False
BWA,4,State capacity,0.6091265319614525,3,0,1.0,0.1353202659041198,0.1576471208648994,0.0,0.0,none,0.6091265319614525,1.0,1.0,1.0,0.6091265319614525,False
CAF,4,State capacity,0.2116083225671903,2,0,1.0,0.1353202659041198,0.1576471208648994,0.0,0.0,none,0.2116083225671903,1.0,1.0,1.0,0.2116083225671903,False
CAN,4,State capacity,0.7443339051072666,3,0,1.0,0.1353202659041198,0.1576471208648994,0.0,0.0,none,0.7443339051072666,1.0,1.0,1.0,0.7443339051072666,False
CHE,4,State capacity,0.8359340673998856,2,0,1.0,0.1353202659041198,0.1576471208648994,0.0,0.0,none,0.8359340673998856,1.0,1.0,1.0,0.8359340673998856,False
CHL,4,State capacity,0.6271611720125719,3,0,1.0,0.1353202659041198,0.1576471208648994,0.0,0.0,none,0.6271611720125719,1.0,1.0,1.0,0.6271611720125719,False
CHN,4,State capacity,0.5024145342208804,3,0,1.0,0.1353202659041198,0.1576471208648994,0.0,0.0,none,0.5024145342208804,1.0,1.0,1.0,0.5024145342208804,False
CIV,4,State capacity,0.4401208805670502,3,0,1.0,0.1353202659041198,0.1576471208648994,0.0,0.0,none,0.4401208805670502,1.0,1.0,1.0,0.4401208805670502,False
CMR,4,State capacity,0.3151171526370052,3,0,1.0,0.1353202659041198,0.1576471208648994,0.0,0.0,none,0.3151171526370052,1.0,1.0,1.0,0.3151171526370052,False
COD,4,State capacity,0.220736835356245,3,0,1.0,0.1353202659041198,0.1576471208648994,0.0,0.0,none,0.220736835356245,1.0,1.0,1.0,0.220736835356245,False
COG,4,State capacity,0.363857361460162,3,0,1.0,0.1353202659041198,0.1576471208648994,0.0,0.0,none,0.363857361460162,1.0,1.0,1.0,0.363857361460162,False
COL,4,State capacity,0.4950193072874592,3,0,1.0,0.1353202659041198,0.1576471208648994,0.0,0.0,none,0.4950193072874592,1.0,1.0,1.0,0.4950193072874592,False
COM,4,State capacity,0.3382137448536494,2,0,1.0,0.1353202659041198,0.1576471208648994,0.0,0.0,none,0.3382137448536494,1.0,1.0,1.0,0.3382137448536494,False
CPV,4,State capacity,0.545794481892653,2,0,1.0,0.1353202659041198,0.1576471208648994,0.0,0.0,none,0.545794481892653,1.0,1.0,1.0,0.545794481892653,False
CRI,4,State capacity,0.6504009847317058,3,0,1.0,0.1353202659041198,0.1576471208648994,0.0,0.0,none,0.6504009847317058,1.0,1.0,1.0,0.6504009847317058,False
CUB,4,State capacity,0.3490173983860315,2,0,1.0,0.1353202659041198,0.1576471208648994,0.0,0.0,none,0.3490173983860315,1.0,1.0,1.0,0.3490173983860315,False
CYM,4,State capacity,0.7002150380820605,1,0,1.0,0.1353202659041198,0.1576471208648994,0.0,0.0,none,0.7002150380820605,1.0,1.0,1.0,0.7002150380820605,True
CYP,4,State capacity,0.6231689556882971,3,0,1.0,0.1353202659041198,0.1576471208648994,0.0,0.0,none,0.6231689556882971,1.0,1.0,1.0,0.6231689556882971,False
CZE,4,State capacity,0.743975916223133,3,0,1.0,0.1353202659041198,0.1576471208648994,0.0,0.0,none,0.743975916223133,1.0,1.0,1.0,0.743975916223133,False
DEU,4,State capacity,0.8325974936416823,3,0,1.0,0.1353202659041198,0.1576471208648994,0.0,0.0,none,0.8325974936416823,1.0,1.0,1.0,0.8325974936416823,False
DJI,4,State capacity,0.436947928217921,2,0,1.0,0.1353202659041198,0.1576471208648994,0.0,0.0,none,0.436947928217921,1.0,1.0,1.0,0.436947928217921,False
DMA,4,State capacity,0.5107136383768349,2,0,1.0,0.1353202659041198,0.1576471208648994,0.0,0.0,none,0.5107136383768349,1.0,1.0,1.0,0.5107136383768349,False
DNK,4,State capacity,0.8351521077264362,3,0,1.0,0.1353202659041198,0.1576471208648994,0.0,0.0,none,0.8351521077264362,1.0,1.0,1.0,0.8351521077264362,False
DOM,4,State capacity,0.4811707244981516,3,0,1.0,0.1353202659041198,0.1576471208648994,0.0,0.0,none,0.4811707244981516,1.0,1.0,1.0,0.4811707244981516,False
DZA,4,State capacity,0.4117121094923289,3,0,1.0,0.1353202659041198,0.1576471208648994,0.0,0.0,none,0.4117121094923289,1.0,1.0,1.0,0.4117121094923289,False
ECU,4,State capacity,0.4002333795786653,3,0,1.0,0.1353202659041198,0.1576471208648994,0.0,0.0,none,0.4002333795786653,1.0,1.0,1.0,0.4002333795786653,False
EGY,4,State capacity,0.383596771801193,3,0,1.0,0.1353202659041198,0.1576471208648994,0.0,0.0,none,0.383596771801193,1.0,1.0,1.0,0.383596771801193,False
ESP,4,State capacity,0.6748789063142389,3,0,1.0,0.1353202659041198,0.1576471208648994,0.0,0.0,none,0.6748789063142389,1.0,1.0,1.0,0.6748789063142389,False
EST,4,State capacity,0.7783679038682368,3,0,1.0,0.1353202659041198,0.1576471208648994,0.0,0.0,none,0.7783679038682368,1.0,1.0,1.0,0.7783679038682368,False
ETH,4,State capacity,0.3439295694327552,3,0,1.0,0.1353202659041198,0.1576471208648994,0.0,0.0,none,0.3439295694327552,1.0,1.0,1.0,0.3439295694327552,False
FIN,4,State capacity,0.7973802541036058,3,0,1.0,0.1353202659041198,0.1576471208648994,0.0,0.0,none,0.7973802541036058,1.0,1.0,1.0,0.7973802541036058,False
FJI,4,State capacity,0.5585065498707424,2,0,1.0,0.1353202659041198,0.1576471208648994,0.0,0.0,none,0.5585065498707424,1.0,1.0,1.0,0.5585065498707424,False
FRA,4,State capacity,0.7188779427225969,3,0,1.0,0.1353202659041198,0.1576471208648994,0.0,0.0,none,0.7188779427225969,1.0,1.0,1.0,0.7188779427225969,False
FSM,4,State capacity,0.4634338823963839,1,0,1.0,0.1353202659041198,0.1576471208648994,0.0,0.0,none,0.4634338823963839,1.0,1.0,1.0,0.4634338823963839,True
GAB,4,State capacity,0.4966209910349343,3,0,1.0,0.1353202659041198,0.1576471208648994,0.0,0.0,none,0.4966209910349343,1.0,1.0,1.0,0.4966209910349343,False
GBR,4,State capacity,0.6800740998888195,3,0,1.0,0.1353202659041198,0.1576471208648994,0.0,0.0,none,0.6800740998888195,1.0,1.0,1.0,0.6800740998888195,False
GEO,4,State capacity,0.5038317356564875,3,0,1.0,0.1353202659041198,0.1576471208648994,0.0,0.0,none,0.5038317356564875,1.0,1.0,1.0,0.5038317356564875,False
GHA,4,State capacity,0.4787743087596359,3,0,1.0,0.1353202659041198,0.1576471208648994,0.0,0.0,none,0.4787743087596359,1.0,1.0,1.0,0.4787743087596359,False
GIN,4,State capacity,0.2938256224458483,3,0,1.0,0.1353202659041198,0.1576471208648994,0.0,0.0,none,0.2938256224458483,1.0,1.0,1.0,0.2938256224458483,False
GMB,4,State capacity,0.4475589089481787,3,0,1.0,0.1353202659041198,0.1576471208648994,0.0,0.0,none,0.4475589089481787,1.0,1.0,1.0,0.4475589089481787,False
GNB,4,State capacity,0.2830505492865214,2,0,1.0,0.1353202659041198,0.1576471208648994,0.0,0.0,none,0.2830505492865214,1.0,1.0,1.0,0.2830505492865214,False
GNQ,4,State capacity,0.3699762026227454,2,0,1.0,0.1353202659041198,0.1576471208648994,0.0,0.0,none,0.3699762026227454,1.0,1.0,1.0,0.3699762026227454,False
GRC,4,State capacity,0.5496694699911471,3,0,1.0,0.1353202659041198,0.1576471208648994,0.0,0.0,none,0.5496694699911471,1.0,1.0,1.0,0.5496694699911471,False
GRD,4,State capacity,0.4991571761273416,2,0,1.0,0.1353202659041198,0.1576471208648994,0.0,0.0,none,0.4991571761273416,1.0,1.0,1.0,0.4991571761273416,False
GRL,4,State capacity,0.7293751789056016,1,0,1.0,0.1353202659041198,0.1576471208648994,0.0,0.0,none,0.7293751789056016,1.0,1.0,1.0,0.7293751789056016,True
GTM,4,State capacity,0.4159654847994026,3,0,1.0,0.1353202659041198,0.1576471208648994,0.0,0.0,none,0.4159654847994026,1.0,1.0,1.0,0.4159654847994026,False
GUM,4,State capacity,0.7149411347317806,1,0,1.0,0.1353202659041198,0.1576471208648994,0.0,0.0,none,0.7149411347317806,1.0,1.0,1.0,0.7149411347317806,True
GUY,4,State capacity,0.4550819666404083,3,0,1.0,0.1353202659041198,0.1576471208648994,0.0,0.0,none,0.4550819666404083,1.0,1.0,1.0,0.4550819666404083,False
HKG,4,State capacity,0.6579136486387959,3,0,1.0,0.1353202659041198,0.1576471208648994,0.0,0.0,none,0.6579136486387959,1.0,1.0,1.0,0.6579136486387959,False
HND,4,State capacity,0.459224292804535,3,0,1.0,0.1353202659041198,0.1576471208648994,0.0,0.0,none,0.459224292804535,1.0,1.0,1.0,0.459224292804535,False
HRV,4,State capacity,0.5588208194438009,3,0,1.0,0.1353202659041198,0.1576471208648994,0.0,0.0,none,0.5588208194438009,1.0,1.0,1.0,0.5588208194438009,False
HTI,4,State capacity,0.2177308238729938,3,0,1.0,0.1353202659041198,0.1576471208648994,0.0,0.0,none,0.2177308238729938,1.0,1.0,1.0,0.2177308238729938,False
HUN,4,State capacity,0.5025759017839918,3,0,1.0,0.1353202659041198,0.1576471208648994,0.0,0.0,none,0.5025759017839918,1.0,1.0,1.0,0.5025759017839918,False
IDN,4,State capacity,0.4651953305651662,3,0,1.0,0.1353202659041198,0.1576471208648994,0.0,0.0,none,0.4651953305651662,1.0,1.0,1.0,0.4651953305651662,False
IND,4,State capacity,0.4181484876162555,3,0,1.0,0.1353202659041198,0.1576471208648994,0.0,0.0,none,0.4181484876162555,1.0,1.0,1.0,0.4181484876162555,False
IRL,4,State capacity,0.7699360619257241,3,0,1.0,0.1353202659041198,0.1576471208648994,0.0,0.0,none,0.7699360619257241,1.0,1.0,1.0,0.7699360619257241,False
IRN,4,State capacity,0.3789239971726196,3,0,1.0,0.1353202659041198,0.1576471208648994,0.0,0.0,none,0.3789239971726196,1.0,1.0,1.0,0.3789239971726196,False
IRQ,4,State capacity,0.3246569888505163,2,0,1.0,0.1353202659041198,0.1576471208648994,0.0,0.0,none,0.3246569888505163,1.0,1.0,1.0,0.3246569888505163,False
ISL,4,State capacity,0.7525973815332416,2,0,1.0,0.1353202659041198,0.1576471208648994,0.0,0.0,none,0.7525973815332416,1.0,1.0,1.0,0.7525973815332416,False
ISR,4,State capacity,0.6640425658618465,2,0,1.0,0.1353202659041198,0.1576471208648994,0.0,0.0,none,0.6640425658618465,1.0,1.0,1.0,0.6640425658618465,False
ITA,4,State capacity,0.6071688880046034,3,0,1.0,0.1353202659041198,0.1576471208648994,0.0,0.0,none,0.6071688880046034,1.0,1.0,1.0,0.6071688880046034,False
JAM,4,State capacity,0.5899527677681674,3,0,1.0,0.1353202659041198,0.1576471208648994,0.0,0.0,none,0.5899527677681674,1.0,1.0,1.0,0.5899527677681674,False
JOR,4,State capacity,0.5500463906419641,3,0,1.0,0.1353202659041198,0.1576471208648994,0.0,0.0,none,0.5500463906419641,1.0,1.0,1.0,0.5500463906419641,False
JPN,4,State capacity,0.7532816654221022,3,0,1.0,0.1353202659041198,0.1576471208648994,0.0,0.0,none,0.7532816654221022,1.0,1.0,1.0,0.7532816654221022,False
KAZ,4,State capacity,0.4584256555364653,3,0,1.0,0.1353202659041198,0.1576471208648994,0.0,0.0,none,0.4584256555364653,1.0,1.0,1.0,0.4584256555364653,False
KEN,4,State capacity,0.4606507168031954,3,0,1.0,0.1353202659041198,0.1576471208648994,0.0,0.0,none,0.4606507168031954,1.0,1.0,1.0,0.4606507168031954,False
KGZ,4,State capacity,0.4146945225696378,3,0,1.0,0.1353202659041198,0.1576471208648994,0.0,0.0,none,0.4146945225696378,1.0,1.0,1.0,0.4146945225696378,False
KHM,4,State capacity,0.3119290475254117,3,0,1.0,0.1353202659041198,0.1576471208648994,0.0,0.0,none,0.3119290475254117,1.0,1.0,1.0,0.3119290475254117,False
KIR,4,State capacity,0.4202762886964947,1,0,1.0,0.1353202659041198,0.1576471208648994,0.0,0.0,none,0.4202762886964947,1.0,1.0,1.0,0.4202762886964947,True
KNA,4,State capacity,0.601417042153344,2,0,1.0,0.1353202659041198,0.1576471208648994,0.0,0.0,none,0.601417042153344,1.0,1.0,1.0,0.601417042153344,False
KOR,4,State capacity,0.7440514220113972,3,0,1.0,0.1353202659041198,0.1576471208648994,0.0,0.0,none,0.7440514220113972,1.0,1.0,1.0,0.7440514220113972,False
KWT,4,State capacity,0.5451360294990996,3,0,1.0,0.1353202659041198,0.1576471208648994,0.0,0.0,none,0.5451360294990996,1.0,1.0,1.0,0.5451360294990996,False
LAO,4,State capacity,0.3773708579999274,2,0,1.0,0.1353202659041198,0.1576471208648994,0.0,0.0,none,0.3773708579999274,1.0,1.0,1.0,0.3773708579999274,False
LBN,4,State capacity,0.3296069331416694,3,0,1.0,0.1353202659041198,0.1576471208648994,0.0,0.0,none,0.3296069331416694,1.0,1.0,1.0,0.3296069331416694,False
LBR,4,State capacity,0.3605591789134442,3,0,1.0,0.1353202659041198,0.1576471208648994,0.0,0.0,none,0.3605591789134442,1.0,1.0,1.0,0.3605591789134442,False
LBY,4,State capacity,0.2152791930978913,2,0,1.0,0.1353202659041198,0.1576471208648994,0.0,0.0,none,0.2152791930978913,1.0,1.0,1.0,0.2152791930978913,False
LCA,4,State capacity,0.5503472639626301,2,0,1.0,0.1353202659041198,0.1576471208648994,0.0,0.0,none,0.5503472639626301,1.0,1.0,1.0,0.5503472639626301,False
LIE,4,State capacity,0.7882345106247167,1,0,1.0,0.1353202659041198,0.1576471208648994,0.0,0.0,none,0.7882345106247167,1.0,1.0,1.0,0.7882345106247167,True
LKA,4,State capacity,0.4840986351626345,3,0,1.0,0.1353202659041198,0.1576471208648994,0.0,0.0,none,0.4840986351626345,1.0,1.0,1.0,0.4840986351626345,False
LSO,4,State capacity,0.45974080086168,2,0,1.0,0.1353202659041198,0.1576471208648994,0.0,0.0,none,0.45974080086168,1.0,1.0,1.0,0.45974080086168,False
LTU,4,State capacity,0.6553139281703665,3,0,1.0,0.1353202659041198,0.1576471208648994,0.0,0.0,none,0.6553139281703665,1.0,1.0,1.0,0.6553139281703665,False
LUX,4,State capacity,0.8299275771419936,3,0,1.0,0.1353202659041198,0.1576471208648994,0.0,0.0,none,0.8299275771419936,1.0,1.0,1.0,0.8299275771419936,False
LVA,4,State capacity,0.7303074139298645,3,0,1.0,0.1353202659041198,0.1576471208648994,0.0,0.0,none,0.7303074139298645,1.0,1.0,1.0,0.7303074139298645,False
MAC,4,State capacity,0.6883981722041979,1,0,1.0,0.1353202659041198,0.1576471208648994,0.0,0.0,none,0.6883981722041979,1.0,1.0,1.0,0.6883981722041979,True
MAR,4,State capacity,0.4624274855458125,3,0,1.0,0.1353202659041198,0.1576471208648994,0.0,0.0,none,0.4624274855458125,1.0,1.0,1.0,0.4624274855458125,False
MCO,4,State capacity,0.7958240007973033,1,0,1.0,0.1353202659041198,0.1576471208648994,0.0,0.0,none,0.7958240007973033,1.0,1.0,1.0,0.7958240007973033,True
MDA,4,State capacity,0.5100900059349613,3,0,1.0,0.1353202659041198,0.1576471208648994,0.0,0.0,none,0.5100900059349613,1.0,1.0,1.0,0.5100900059349613,False
MDG,4,State capacity,0.3133060218896326,3,0,1.0,0.1353202659041198,0.1576471208648994,0.0,0.0,none,0.3133060218896326,1.0,1.0,1.0,0.3133060218896326,False
MDV,4,State capacity,0.5673676413463842,2,0,1.0,0.1353202659041198,0.1576471208648994,0.0,0.0,none,0.5673676413463842,1.0,1.0,1.0,0.5673676413463842,False
MEX,4,State capacity,0.4237708115104917,3,0,1.0,0.1353202659041198,0.1576471208648994,0.0,0.0,none,0.4237708115104917,1.0,1.0,1.0,0.4237708115104917,False
MHL,4,State capacity,0.4450722460992342,1,0,1.0,0.1353202659041198,0.1576471208648994,0.0,0.0,none,0.4450722460992342,1.0,1.0,1.0,0.4450722460992342,True
MKD,4,State capacity,0.4343202446983927,3,0,1.0,0.1353202659041198,0.1576471208648994,0.0,0.0,none,0.4343202446983927,1.0,1.0,1.0,0.4343202446983927,False
MLI,4,State capacity,0.3410590080849204,3,0,1.0,0.1353202659041198,0.1576471208648994,0.0,0.0,none,0.3410590080849204,1.0,1.0,1.0,0.3410590080849204,False
MLT,4,State capacity,0.5896508802121854,3,0,1.0,0.1353202659041198,0.1576471208648994,0.0,0.0,none,0.5896508802121854,1.0,1.0,1.0,0.5896508802121854,False
MMR,4,State capacity,0.2689778823954883,3,0,1.0,0.1353202659041198,0.1576471208648994,0.0,0.0,none,0.2689778823954883,1.0,1.0,1.0,0.2689778823954883,False
MNE,4,State capacity,0.5494385051856201,3,0,1.0,0.1353202659041198,0.1576471208648994,0.0,0.0,none,0.5494385051856201,1.0,1.0,1.0,0.5494385051856201,False
MNG,4,State capacity,0.4422248487804825,3,0,1.0,0.1353202659041198,0.1576471208648994,0.0,0.0,none,0.4422248487804825,1.0,1.0,1.0,0.4422248487804825,False
MOZ,4,State capacity,0.3374632784445301,3,0,1.0,0.1353202659041198,0.1576471208648994,0.0,0.0,none,0.3374632784445301,1.0,1.0,1.0,0.3374632784445301,False
MRT,4,State capacity,0.3282752819450846,3,0,1.0,0.1353202659041198,0.1576471208648994,0.0,0.0,none,0.3282752819450846,1.0,1.0,1.0,0.3282752819450846,False
MUS,4,State capacity,0.6012758641405187,3,0,1.0,0.1353202659041198,0.1576471208648994,0.0,0.0,none,0.6012758641405187,1.0,1.0,1.0,0.6012758641405187,False
MWI,4,State capacity,0.4609122133088993,3,0,1.0,0.1353202659041198,0.1576471208648994,0.0,0.0,none,0.4609122133088993,1.0,1.0,1.0,0.4609122133088993,False
MYS,4,State capacity,0.529023841071154,3,0,1.0,0.1353202659041198,0.1576471208648994,0.0,0.0,none,0.529023841071154,1.0,1.0,1.0,0.529023841071154,False
NAM,4,State capacity,0.6168574327516508,3,0,1.0,0.1353202659041198,0.1576471208648994,0.0,0.0,none,0.6168574327516508,1.0,1.0,1.0,0.6168574327516508,False
NER,4,State capacity,0.3915782588925878,3,0,1.0,0.1353202659041198,0.1576471208648994,0.0,0.0,none,0.3915782588925878,1.0,1.0,1.0,0.3915782588925878,False
NGA,4,State capacity,0.3432619436578288,3,0,1.0,0.1353202659041198,0.1576471208648994,0.0,0.0,none,0.3432619436578288,1.0,1.0,1.0,0.3432619436578288,False
NIC,4,State capacity,0.1989672965620791,3,0,1.0,0.1353202659041198,0.1576471208648994,0.0,0.0,none,0.1989672965620791,1.0,1.0,1.0,0.1989672965620791,False
NLD,4,State capacity,0.7486433651963902,3,0,1.0,0.1353202659041198,0.1576471208648994,0.0,0.0,none,0.7486433651963902,1.0,1.0,1.0,0.7486433651963902,False
NOR,4,State capacity,0.7953206773491021,3,0,1.0,0.1353202659041198,0.1576471208648994,0.0,0.0,none,0.7953206773491021,1.0,1.0,1.0,0.7953206773491021,False
NPL,4,State capacity,0.4336341819286306,3,0,1.0,0.1353202659041198,0.1576471208648994,0.0,0.0,none,0.4336341819286306,1.0,1.0,1.0,0.4336341819286306,False
NRU,4,State capacity,0.4971268554440247,1,0,1.0,0.1353202659041198,0.1576471208648994,0.0,0.0,none,0.4971268554440247,1.0,1.0,1.0,0.4971268554440247,True
NZL,4,State capacity,0.7982002938441579,3,0,1.0,0.1353202659041198,0.1576471208648994,0.0,0.0,none,0.7982002938441579,1.0,1.0,1.0,0.7982002938441579,False
OMN,4,State capacity,0.5468902127668769,2,0,1.0,0.1353202659041198,0.1576471208648994,0.0,0.0,none,0.5468902127668769,1.0,1.0,1.0,0.5468902127668769,False
PAK,4,State capacity,0.3414440566646187,3,0,1.0,0.1353202659041198,0.1576471208648994,0.0,0.0,none,0.3414440566646187,1.0,1.0,1.0,0.3414440566646187,False
PAN,4,State capacity,0.5776261550043176,3,0,1.0,0.1353202659041198,0.1576471208648994,0.0,0.0,none,0.5776261550043176,1.0,1.0,1.0,0.5776261550043176,False
PER,4,State capacity,0.4625890562309826,3,0,1.0,0.1353202659041198,0.1576471208648994,0.0,0.0,none,0.4625890562309826,1.0,1.0,1.0,0.4625890562309826,False
PHL,4,State capacity,0.4287705683114232,3,0,1.0,0.1353202659041198,0.1576471208648994,0.0,0.0,none,0.4287705683114232,1.0,1.0,1.0,0.4287705683114232,False
PLW,4,State capacity,0.4971268554440247,1,0,1.0,0.1353202659041198,0.1576471208648994,0.0,0.0,none,0.4971268554440247,1.0,1.0,1.0,0.4971268554440247,True
PNG,4,State capacity,0.4030268466081801,2,0,1.0,0.1353202659041198,0.1576471208648994,0.0,0.0,none,0.4030268466081801,1.0,1.0,1.0,0.4030268466081801,False
POL,4,State capacity,0.6068166336836077,3,0,1.0,0.1353202659041198,0.1576471208648994,0.0,0.0,none,0.6068166336836077,1.0,1.0,1.0,0.6068166336836077,False
PRI,4,State capacity,0.4512522881866627,1,0,1.0,0.1353202659041198,0.1576471208648994,0.0,0.0,none,0.4512522881866627,1.0,1.0,1.0,0.4512522881866627,True
PRT,4,State capacity,0.6063265199585357,3,0,1.0,0.1353202659041198,0.1576471208648994,0.0,0.0,none,0.6063265199585357,1.0,1.0,1.0,0.6063265199585357,False
PRY,4,State capacity,0.4368986648235092,3,0,1.0,0.1353202659041198,0.1576471208648994,0.0,0.0,none,0.4368986648235092,1.0,1.0,1.0,0.4368986648235092,False
PSE,4,State capacity,0.2679792636035093,2,0,1.0,0.1353202659041198,0.1576471208648994,0.0,0.0,none,0.2679792636035093,1.0,1.0,1.0,0.2679792636035093,False
QAT,4,State capacity,0.6278787219407963,3,0,1.0,0.1353202659041198,0.1576471208648994,0.0,0.0,none,0.6278787219407963,1.0,1.0,1.0,0.6278787219407963,False
ROU,4,State capacity,0.5310190500627294,3,0,1.0,0.1353202659041198,0.1576471208648994,0.0,0.0,none,0.5310190500627294,1.0,1.0,1.0,0.5310190500627294,False
RUS,4,State capacity,0.3888942165423287,3,0,1.0,0.1353202659041198,0.1576471208648994,0.0,0.0,none,0.3888942165423287,1.0,1.0,1.0,0.3888942165423287,False
RWA,4,State capacity,0.5210520960882428,3,0,1.0,0.1353202659041198,0.1576471208648994,0.0,0.0,none,0.5210520960882428,1.0,1.0,1.0,0.5210520960882428,False
SAU,4,State capacity,0.5065381720453597,2,0,1.0,0.1353202659041198,0.1576471208648994,0.0,0.0,none,0.5065381720453597,1.0,1.0,1.0,0.5065381720453597,False
SDN,4,State capacity,0.2345596555801051,3,0,1.0,0.1353202659041198,0.1576471208648994,0.0,0.0,none,0.2345596555801051,1.0,1.0,1.0,0.2345596555801051,False
SEN,4,State capacity,0.5304771351678804,3,0,1.0,0.1353202659041198,0.1576471208648994,0.0,0.0,none,0.5304771351678804,1.0,1.0,1.0,0.5304771351678804,False
SGP,4,State capacity,0.8495689525064508,3,0,1.0,0.1353202659041198,0.1576471208648994,0.0,0.0,none,0.8495689525064508,1.0,1.0,1.0,0.8495689525064508,False
SLB,4,State capacity,0.4331782178032378,2,0,1.0,0.1353202659041198,0.1576471208648994,0.0,0.0,none,0.4331782178032378,1.0,1.0,1.0,0.4331782178032378,False
SLE,4,State capacity,0.445651012467731,3,0,1.0,0.1353202659041198,0.1576471208648994,0.0,0.0,none,0.445651012467731,1.0,1.0,1.0,0.445651012467731,False
SLV,4,State capacity,0.3853829037005797,3,0,1.0,0.1353202659041198,0.1576471208648994,0.0,0.0,none,0.3853829037005797,1.0,1.0,1.0,0.3853829037005797,False
SMR,4,State capacity,0.6506410587507915,1,0,1.0,0.1353202659041198,0.1576471208648994,0.0,0.0,none,0.6506410587507915,1.0,1.0,1.0,0.6506410587507915,True
SOM,4,State capacity,0.2783096729745933,2,0,1.0,0.1353202659041198,0.1576471208648994,0.0,0.0,none,0.2783096729745933,1.0,1.0,1.0,0.2783096729745933,False
SRB,4,State capacity,0.4973950420796151,3,0,1.0,0.1353202659041198,0.1576471208648994,0.0,0.0,none,0.4973950420796151,1.0,1.0,1.0,0.4973950420796151,False
SSD,4,State capacity,0.1353202659041198,2,0,1.0,0.1353202659041198,0.1576471208648994,0.0,0.0,none,0.1353202659041198,1.0,1.0,1.0,0.1353202659041198,False
STP,4,State capacity,0.5141015118188568,2,0,1.0,0.1353202659041198,0.1576471208648994,0.0,0.0,none,0.5141015118188568,1.0,1.0,1.0,0.5141015118188568,False
SUR,4,State capacity,0.4661403258430591,3,0,1.0,0.1353202659041198,0.1576471208648994,0.0,0.0,none,0.4661403258430591,1.0,1.0,1.0,0.4661403258430591,False
SVK,4,State capacity,0.5524056643513163,3,0,1.0,0.1353202659041198,0.1576471208648994,0.0,0.0,none,0.5524056643513163,1.0,1.0,1.0,0.5524056643513163,False
SVN,4,State capacity,0.6447687698806867,3,0,1.0,0.1353202659041198,0.1576471208648994,0.0,0.0,none,0.6447687698806867,1.0,1.0,1.0,0.6447687698806867,False
SWE,4,State capacity,0.7960404025248203,3,0,1.0,0.1353202659041198,0.1576471208648994,0.0,0.0,none,0.7960404025248203,1.0,1.0,1.0,0.7960404025248203,False
SWZ,4,State capacity,0.3408307262298403,2,0,1.0,0.1353202659041198,0.1576471208648994,0.0,0.0,none,0.3408307262298403,1.0,1.0,1.0,0.3408307262298403,False
SYC,4,State capacity,0.677958944025782,2,0,1.0,0.1353202659041198,0.1576471208648994,0.0,0.0,none,0.677958944025782,1.0,1.0,1.0,0.677958944025782,False
SYR,4,State capacity,0.3380145144763063,2,0,1.0,0.1353202659041198,0.1576471208648994,0.0,0.0,none,0.3380145144763063,1.0,1.0,1.0,0.3380145144763063,False
TCD,4,State capacity,0.2004843270070955,2,0,1.0,0.1353202659041198,0.1576471208648994,0.0,0.0,none,0.2004843270070955,1.0,1.0,1.0,0.2004843270070955,False
TGO,4,State capacity,0.4720962578652149,3,0,1.0,0.1353202659041198,0.1576471208648994,0.0,0.0,none,0.4720962578652149,1.0,1.0,1.0,0.4720962578652149,False
THA,4,State capacity,0.4618252833410631,3,0,1.0,0.1353202659041198,0.1576471208648994,0.0,0.0,none,0.4618252833410631,1.0,1.0,1.0,0.4618252833410631,False
TJK,4,State capacity,0.2816797730212332,2,0,1.0,0.1353202659041198,0.1576471208648994,0.0,0.0,none,0.2816797730212332,1.0,1.0,1.0,0.2816797730212332,False
TLS,4,State capacity,0.4375382425945435,2,0,1.0,0.1353202659041198,0.1576471208648994,0.0,0.0,none,0.4375382425945435,1.0,1.0,1.0,0.4375382425945435,False
TON,4,State capacity,0.4889452351894243,1,0,1.0,0.1353202659041198,0.1576471208648994,0.0,0.0,none,0.4889452351894243,1.0,1.0,1.0,0.4889452351894243,True
TTO,4,State capacity,0.507162262557762,3,0,1.0,0.1353202659041198,0.1576471208648994,0.0,0.0,none,0.507162262557762,1.0,1.0,1.0,0.507162262557762,False
TUN,4,State capacity,0.43896145952732,3,0,1.0,0.1353202659041198,0.1576471208648994,0.0,0.0,none,0.43896145952732,1.0,1.0,1.0,0.43896145952732,False
TUR,4,State capacity,0.3674849945343437,3,0,1.0,0.1353202659041198,0.1576471208648994,0.0,0.0,none,0.3674849945343437,1.0,1.0,1.0,0.3674849945343437,False
TUV,4,State capacity,0.3758829114211302,1,0,1.0,0.1353202659041198,0.1576471208648994,0.0,0.0,none,0.3758829114211302,1.0,1.0,1.0,0.3758829114211302,True
TZA,4,State capacity,0.4187193060550684,3,0,1.0,0.1353202659041198,0.1576471208648994,0.0,0.0,none,0.4187193060550684,1.0,1.0,1.0,0.4187193060550684,False
UGA,4,State capacity,0.4292763953144202,3,0,1.0,0.1353202659041198,0.1576471208648994,0.0,0.0,none,0.4292763953144202,1.0,1.0,1.0,0.4292763953144202,False
UKR,4,State capacity,0.4210086706497195,3,0,1.0,0.1353202659041198,0.1576471208648994,0.0,0.0,none,0.4210086706497195,1.0,1.0,1.0,0.4210086706497195,False
URY,4,State capacity,0.639237022116284,3,0,1.0,0.1353202659041198,0.1576471208648994,0.0,0.0,none,0.639237022116284,1.0,1.0,1.0,0.639237022116284,False
USA,4,State capacity,0.6628661409355957,3,0,1.0,0.1353202659041198,0.1576471208648994,0.0,0.0,none,0.6628661409355957,1.0,1.0,1.0,0.6628661409355957,False
UZB,4,State capacity,0.4245177448393802,3,0,1.0,0.1353202659041198,0.1576471208648994,0.0,0.0,none,0.4245177448393802,1.0,1.0,1.0,0.4245177448393802,False
VCT,4,State capacity,0.5262075060127142,2,0,1.0,0.1353202659041198,0.1576471208648994,0.0,0.0,none,0.5262075060127142,1.0,1.0,1.0,0.5262075060127142,False
VEN,4,State capacity,0.1815407970699348,3,0,1.0,0.1353202659041198,0.1576471208648994,0.0,0.0,none,0.1815407970699348,1.0,1.0,1.0,0.1815407970699348,False
VIR,4,State capacity,0.5602147908517033,1,0,1.0,0.1353202659041198,0.1576471208648994,0.0,0.0,none,0.5602147908517033,1.0,1.0,1.0,0.5602147908517033,True
VNM,4,State capacity,0.4169239654993891,3,0,1.0,0.1353202659041198,0.1576471208648994,0.0,0.0,none,0.4169239654993891,1.0,1.0,1.0,0.4169239654993891,False
VUT,4,State capacity,0.4755350176068911,2,0,1.0,0.1353202659041198,0.1576471208648994,0.0,0.0,none,0.4755350176068911,1.0,1.0,1.0,0.4755350176068911,False
WSM,4,State capacity,0.5705399683552393,1,0,1.0,0.1353202659041198,0.1576471208648994,0.0,0.0,none,0.5705399683552393,1.0,1.0,1.0,0.5705399683552393,True
XKX,4,State capacity,0.479896352152055,3,0,1.0,0.1353202659041198,0.1576471208648994,0.0,0.0,none,0.479896352152055,1.0,1.0,1.0,0.479896352152055,False
YEM,4,State capacity,0.1364320136847668,2,0,1.0,0.1353202659041198,0.1576471208648994,0.0,0.0,none,0.1364320136847668,1.0,1.0,1.0,0.1364320136847668,False
ZAF,4,State capacity,0.5088232772119463,3,0,1.0,0.1353202659041198,0.1576471208648994,0.0,0.0,none,0.5088232772119463,1.0,1.0,1.0,0.5088232772119463,False
ZMB,4,State capacity,0.4260780437868284,3,0,1.0,0.1353202659041198,0.1576471208648994,0.0,0.0,none,0.4260780437868284,1.0,1.0,1.0,0.4260780437868284,False
ZWE,4,State capacity,0.3314069815234842,3,0,1.0,0.1353202659041198,0.1576471208648994,0.0,0.0,none,0.3314069815234842,1.0,1.0,1.0,0.3314069815234842,False
ABW,5,State capacity,0.6487701654548351,3,1,0.75,0.0984119192594683,0.13945887968733062,0.0,0.0,none,0.6487701654548351,1.0,1.0,1.0,0.6487701654548351,False
AFG,5,State capacity,0.290440913101858,6,0,1.0,0.0984119192594683,0.13945887968733062,0.0,0.0,none,0.290440913101858,1.0,1.0,1.0,0.290440913101858,False
AGO,5,State capacity,0.240128786811696,6,0,1.0,0.0984119192594683,0.13945887968733062,0.0,0.0,none,0.240128786811696,1.0,1.0,1.0,0.240128786811696,False
ALB,5,State capacity,0.596106812934647,6,0,1.0,0.0984119192594683,0.13945887968733062,0.0,0.0,none,0.596106812934647,1.0,1.0,1.0,0.596106812934647,False
AND,5,State capacity,0.5861365653571735,3,1,0.75,0.0984119192594683,0.13945887968733062,0.0,0.0,none,0.5861365653571735,1.0,1.0,1.0,0.5861365653571735,False
ARE,5,State capacity,0.6742027563010681,5,1,0.8333333333333334,0.0984119192594683,0.13945887968733062,0.0,0.0,none,0.6742027563010681,1.0,1.0,1.0,0.6742027563010681,False
ARG,5,State capacity,0.5634490615623418,6,0,1.0,0.0984119192594683,0.13945887968733062,0.0,0.0,none,0.5634490615623418,1.0,1.0,1.0,0.5634490615623418,False
ARM,5,State capacity,0.6299115088114037,6,0,1.0,0.0984119192594683,0.13945887968733062,0.0,0.0,none,0.6299115088114037,1.0,1.0,1.0,0.6299115088114037,False
ASM,5,State capacity,0.507586758877817,3,1,0.75,0.0984119192594683,0.13945887968733062,0.0,0.0,none,0.507586758877817,1.0,1.0,1.0,0.507586758877817,False
ATG,5,State capacity,0.6301363083983885,5,1,0.8333333333333334,0.0984119192594683,0.13945887968733062,0.0,0.0,none,0.6301363083983885,1.0,1.0,1.0,0.6301363083983885,False
AUS,5,State capacity,0.677254754100672,5,1,0.8333333333333334,0.0984119192594683,0.13945887968733062,0.0,0.0,none,0.677254754100672,1.0,1.0,1.0,0.677254754100672,False
AUT,5,State capacity,0.6478720000117956,5,1,0.8333333333333334,0.0984119192594683,0.13945887968733062,0.0,0.0,none,0.6478720000117956,1.0,1.0,1.0,0.6478720000117956,False
AZE,5,State capacity,0.5393670234990886,6,0,1.0,0.0984119192594683,0.13945887968733062,0.0,0.0,none,0.5393670234990886,1.0,1.0,1.0,0.5393670234990886,False
BDI,5,State capacity,0.3052372396105153,6,0,1.0,0.0984119192594683,0.13945887968733062,0.0,0.0,none,0.3052372396105153,1.0,1.0,1.0,0.3052372396105153,False
BEL,5,State capacity,0.6847289001357547,5,1,0.8333333333333334,0.0984119192594683,0.13945887968733062,0.0,0.0,none,0.6847289001357547,1.0,1.0,1.0,0.6847289001357547,False
BEN,5,State capacity,0.249642398202969,6,0,1.0,0.0984119192594683,0.13945887968733062,0.0,0.0,none,0.249642398202969,1.0,1.0,1.0,0.249642398202969,False
BFA,5,State capacity,0.2630907156027269,6,0,1.0,0.0984119192594683,0.13945887968733062,0.0,0.0,none,0.2630907156027269,1.0,1.0,1.0,0.2630907156027269,False
BGD,5,State capacity,0.4770609181467697,6,0,1.0,0.0984119192594683,0.13945887968733062,0.0,0.0,none,0.4770609181467697,1.0,1.0,1.0,0.4770609181467697,False
BGR,5,State capacity,0.5981084288494255,6,0,1.0,0.0984119192594683,0.13945887968733062,0.0,0.0,none,0.5981084288494255,1.0,1.0,1.0,0.5981084288494255,False
BHR,5,State capacity,0.6285304675155841,5,1,0.8333333333333334,0.0984119192594683,0.13945887968733062,0.0,0.0,none,0.6285304675155841,1.0,1.0,1.0,0.6285304675155841,False
BHS,5,State capacity,0.5161882160510118,4,1,0.8,0.0984119192594683,0.13945887968733062,0.0,0.0,none,0.5161882160510118,1.0,1.0,1.0,0.5161882160510118,False
BIH,5,State capacity,0.5394037728228785,6,0,1.0,0.0984119192594683,0.13945887968733062,0.0,0.0,none,0.5394037728228785,1.0,1.0,1.0,0.5394037728228785,False
BLR,5,State capacity,0.6382721905713623,6,0,1.0,0.0984119192594683,0.13945887968733062,0.0,0.0,none,0.6382721905713623,1.0,1.0,1.0,0.6382721905713623,False
BLZ,5,State capacity,0.4966665411724102,6,0,1.0,0.0984119192594683,0.13945887968733062,0.0,0.0,none,0.4966665411724102,1.0,1.0,1.0,0.4966665411724102,False
BMU,5,State capacity,0.5880971590459257,3,1,0.75,0.0984119192594683,0.13945887968733062,0.0,0.0,none,0.5880971590459257,1.0,1.0,1.0,0.5880971590459257,False
BOL,5,State capacity,0.4950081647542447,5,0,1.0,0.0984119192594683,0.13945887968733062,0.0,0.0,none,0.4950081647542447,1.0,1.0,1.0,0.4950081647542447,False
BRA,5,State capacity,0.5385907047312694,6,0,1.0,0.0984119192594683,0.13945887968733062,0.0,0.0,none,0.5385907047312694,1.0,1.0,1.0,0.5385907047312694,False
BRB,5,State capacity,0.5670509928922303,4,1,0.8,0.0984119192594683,0.13945887968733062,0.0,0.0,none,0.5670509928922303,1.0,1.0,1.0,0.5670509928922303,False
BRN,5,State capacity,0.6205906777140354,5,1,0.8333333333333334,0.0984119192594683,0.13945887968733062,0.0,0.0,none,0.6205906777140354,1.0,1.0,1.0,0.6205906777140354,False
BTN,5,State capacity,0.489036754526906,6,0,1.0,0.0984119192594683,0.13945887968733062,0.0,0.0,none,0.489036754526906,1.0,1.0,1.0,0.489036754526906,False
BWA,5,State capacity,0.5143162290499024,6,0,1.0,0.0984119192594683,0.13945887968733062,0.0,0.0,none,0.5143162290499024,1.0,1.0,1.0,0.5143162290499024,False
CAF,5,State capacity,0.0984119192594683,5,1,0.8333333333333334,0.0984119192594683,0.13945887968733062,0.0,0.0,none,0.0984119192594683,1.0,1.0,1.0,0.0984119192594683,False
CAN,5,State capacity,0.6426987022837807,5,1,0.8333333333333334,0.0984119192594683,0.13945887968733062,0.0,0.0,none,0.6426987022837807,1.0,1.0,1.0,0.6426987022837807,False
CHE,5,State capacity,0.6688905680609258,5,1,0.8333333333333334,0.0984119192594683,0.13945887968733062,0.0,0.0,none,0.6688905680609258,1.0,1.0,1.0,0.6688905680609258,False
CHL,5,State capacity,0.6477323611989999,6,0,1.0,0.0984119192594683,0.13945887968733062,0.0,0.0,none,0.6477323611989999,1.0,1.0,1.0,0.6477323611989999,False
CHN,5,State capacity,0.5745148999859672,6,0,1.0,0.0984119192594683,0.13945887968733062,0.0,0.0,none,0.5745148999859672,1.0,1.0,1.0,0.5745148999859672,False
CIV,5,State capacity,0.3084083848655994,6,0,1.0,0.0984119192594683,0.13945887968733062,0.0,0.0,none,0.3084083848655994,1.0,1.0,1.0,0.3084083848655994,False
CMR,5,State capacity,0.3394083940730368,6,0,1.0,0.0984119192594683,0.13945887968733062,0.0,0.0,none,0.3394083940730368,1.0,1.0,1.0,0.3394083940730368,False
COD,5,State capacity,0.2380323749531275,6,0,1.0,0.0984119192594683,0.13945887968733062,0.0,0.0,none,0.2380323749531275,1.0,1.0,1.0,0.2380323749531275,False
COG,5,State capacity,0.2954144240446485,6,0,1.0,0.0984119192594683,0.13945887968733062,0.0,0.0,none,0.2954144240446485,1.0,1.0,1.0,0.2954144240446485,False
COL,5,State capacity,0.5360241854194949,6,0,1.0,0.0984119192594683,0.13945887968733062,0.0,0.0,none,0.5360241854194949,1.0,1.0,1.0,0.5360241854194949,False
COM,5,State capacity,0.3373244233840529,6,0,1.0,0.0984119192594683,0.13945887968733062,0.0,0.0,none,0.3373244233840529,1.0,1.0,1.0,0.3373244233840529,False
CPV,5,State capacity,0.5119573858908893,5,0,1.0,0.0984119192594683,0.13945887968733062,0.0,0.0,none,0.5119573858908893,1.0,1.0,1.0,0.5119573858908893,False
CRI,5,State capacity,0.619011614529301,6,0,1.0,0.0984119192594683,0.13945887968733062,0.0,0.0,none,0.619011614529301,1.0,1.0,1.0,0.619011614529301,False
CUB,5,State capacity,0.5793208337688284,4,1,0.8,0.0984119192594683,0.13945887968733062,0.0,0.0,none,0.5793208337688284,1.0,1.0,1.0,0.5793208337688284,False
CUW,5,State capacity,0.5213092213533851,3,1,0.75,0.0984119192594683,0.13945887968733062,0.0,0.0,none,0.5213092213533851,1.0,1.0,1.0,0.5213092213533851,False
CYM,5,State capacity,0.5981344841456576,3,1,0.75,0.0984119192594683,0.13945887968733062,0.0,0.0,none,0.5981344841456576,1.0,1.0,1.0,0.5981344841456576,False
CYP,5,State capacity,0.6532590105845661,5,1,0.8333333333333334,0.0984119192594683,0.13945887968733062,0.0,0.0,none,0.6532590105845661,1.0,1.0,1.0,0.6532590105845661,False
CZE,5,State capacity,0.6227093021417398,5,1,0.8333333333333334,0.0984119192594683,0.13945887968733062,0.0,0.0,none,0.6227093021417398,1.0,1.0,1.0,0.6227093021417398,False
DEU,5,State capacity,0.6603501119744295,5,1,0.8333333333333334,0.0984119192594683,0.13945887968733062,0.0,0.0,none,0.6603501119744295,1.0,1.0,1.0,0.6603501119744295,False
DJI,5,State capacity,0.3158908497177842,6,0,1.0,0.0984119192594683,0.13945887968733062,0.0,0.0,none,0.3158908497177842,1.0,1.0,1.0,0.3158908497177842,False
DMA,5,State capacity,0.4675248241263288,4,0,1.0,0.0984119192594683,0.13945887968733062,0.0,0.0,none,0.4675248241263288,1.0,1.0,1.0,0.4675248241263288,False
DNK,5,State capacity,0.6801711547308913,5,1,0.8333333333333334,0.0984119192594683,0.13945887968733062,0.0,0.0,none,0.6801711547308913,1.0,1.0,1.0,0.6801711547308913,False
DOM,5,State capacity,0.4969672597060076,6,0,1.0,0.0984119192594683,0.13945887968733062,0.0,0.0,none,0.4969672597060076,1.0,1.0,1.0,0.4969672597060076,False
DZA,5,State capacity,0.5454385117842304,5,1,0.8333333333333334,0.0984119192594683,0.13945887968733062,0.0,0.0,none,0.5454385117842304,1.0,1.0,1.0,0.5454385117842304,False
ECU,5,State capacity,0.4892713540666129,6,0,1.0,0.0984119192594683,0.13945887968733062,0.0,0.0,none,0.4892713540666129,1.0,1.0,1.0,0.4892713540666129,False
EGY,5,State capacity,0.6022667970821576,6,0,1.0,0.0984119192594683,0.13945887968733062,0.0,0.0,none,0.6022667970821576,1.0,1.0,1.0,0.6022667970821576,False
ESP,5,State capacity,0.6557517674900883,5,1,0.8333333333333334,0.0984119192594683,0.13945887968733062,0.0,0.0,none,0.6557517674900883,1.0,1.0,1.0,0.6557517674900883,False
EST,5,State capacity,0.6385307744153198,5,1,0.8333333333333334,0.0984119192594683,0.13945887968733062,0.0,0.0,none,0.6385307744153198,1.0,1.0,1.0,0.6385307744153198,False
ETH,5,State capacity,0.2426247675427584,6,0,1.0,0.0984119192594683,0.13945887968733062,0.0,0.0,none,0.2426247675427584,1.0,1.0,1.0,0.2426247675427584,False
FIN,5,State capacity,0.6898958090257516,5,1,0.8333333333333334,0.0984119192594683,0.13945887968733062,0.0,0.0,none,0.6898958090257516,1.0,1.0,1.0,0.6898958090257516,False
FJI,5,State capacity,0.5549019791042579,6,0,1.0,0.0984119192594683,0.13945887968733062,0.0,0.0,none,0.5549019791042579,1.0,1.0,1.0,0.5549019791042579,False
FRA,5,State capacity,0.6733295370405051,5,1,0.8333333333333334,0.0984119192594683,0.13945887968733062,0.0,0.0,none,0.6733295370405051,1.0,1.0,1.0,0.6733295370405051,False
FRO,5,State capacity,0.6965532260527731,2,1,0.6666666666666666,0.0984119192594683,0.13945887968733062,0.0,0.0,none,0.6965532260527731,1.0,1.0,1.0,0.6965532260527731,True
FSM,5,State capacity,0.3924077760497395,6,0,1.0,0.0984119192594683,0.13945887968733062,0.0,0.0,none,0.3924077760497395,1.0,1.0,1.0,0.3924077760497395,False
GAB,5,State capacity,0.4082924265108155,6,0,1.0,0.0984119192594683,0.13945887968733062,0.0,0.0,none,0.4082924265108155,1.0,1.0,1.0,0.4082924265108155,False
GBR,5,State capacity,0.6528130890643783,5,1,0.8333333333333334,0.0984119192594683,0.13945887968733062,0.0,0.0,none,0.6528130890643783,1.0,1.0,1.0,0.6528130890643783,False
GEO,5,State capacity,0.6002266358839458,6,0,1.0,0.0984119192594683,0.13945887968733062,0.0,0.0,none,0.6002266358839458,1.0,1.0,1.0,0.6002266358839458,False
GHA,5,State capacity,0.4142072612326455,6,0,1.0,0.0984119192594683,0.13945887968733062,0.0,0.0,none,0.4142072612326455,1.0,1.0,1.0,0.4142072612326455,False
GIB,5,State capacity,0.6386361018682248,3,1,0.75,0.0984119192594683,0.13945887968733062,0.0,0.0,none,0.6386361018682248,1.0,1.0,1.0,0.6386361018682248,False
GIN,5,State capacity,0.245249563125247,6,0,1.0,0.0984119192594683,0.13945887968733062,0.0,0.0,none,0.245249563125247,1.0,1.0,1.0,0.245249563125247,False
GMB,5,State capacity,0.3570202005985923,6,0,1.0,0.0984119192594683,0.13945887968733062,0.0,0.0,none,0.3570202005985923,1.0,1.0,1.0,0.3570202005985923,False
GNB,5,State capacity,0.2914670762134175,6,0,1.0,0.0984119192594683,0.13945887968733062,0.0,0.0,none,0.2914670762134175,1.0,1.0,1.0,0.2914670762134175,False
GNQ,5,State capacity,0.2250562271447106,4,1,0.8,0.0984119192594683,0.13945887968733062,0.0,0.0,none,0.2250562271447106,1.0,1.0,1.0,0.2250562271447106,False
GRC,5,State capacity,0.6133529726263264,5,1,0.8333333333333334,0.0984119192594683,0.13945887968733062,0.0,0.0,none,0.6133529726263264,1.0,1.0,1.0,0.6133529726263264,False
GRD,5,State capacity,0.5802341817641534,5,1,0.8333333333333334,0.0984119192594683,0.13945887968733062,0.0,0.0,none,0.5802341817641534,1.0,1.0,1.0,0.5802341817641534,False
GRL,5,State capacity,0.5426683500409945,2,1,0.6666666666666666,0.0984119192594683,0.13945887968733062,0.0,0.0,none,0.5426683500409945,1.0,1.0,1.0,0.5426683500409945,True
GTM,5,State capacity,0.4604303574457081,6,0,1.0,0.0984119192594683,0.13945887968733062,0.0,0.0,none,0.4604303574457081,1.0,1.0,1.0,0.4604303574457081,False
GUM,5,State capacity,0.6177837669189306,2,1,0.6666666666666666,0.0984119192594683,0.13945887968733062,0.0,0.0,none,0.6177837669189306,1.0,1.0,1.0,0.6177837669189306,True
GUY,5,State capacity,0.5170978575606004,5,1,0.8333333333333334,0.0984119192594683,0.13945887968733062,0.0,0.0,none,0.5170978575606004,1.0,1.0,1.0,0.5170978575606004,False
HKG,5,State capacity,0.6796901625524434,4,1,0.8,0.0984119192594683,0.13945887968733062,0.0,0.0,none,0.6796901625524434,1.0,1.0,1.0,0.6796901625524434,False
HND,5,State capacity,0.3858230443631156,6,0,1.0,0.0984119192594683,0.13945887968733062,0.0,0.0,none,0.3858230443631156,1.0,1.0,1.0,0.3858230443631156,False
HRV,5,State capacity,0.6318728578910865,6,0,1.0,0.0984119192594683,0.13945887968733062,0.0,0.0,none,0.6318728578910865,1.0,1.0,1.0,0.6318728578910865,False
HTI,5,State capacity,0.411330045234974,6,0,1.0,0.0984119192594683,0.13945887968733062,0.0,0.0,none,0.411330045234974,1.0,1.0,1.0,0.411330045234974,False
HUN,5,State capacity,0.6786552834488386,6,0,1.0,0.0984119192594683,0.13945887968733062,0.0,0.0,none,0.6786552834488386,1.0,1.0,1.0,0.6786552834488386,False
IDN,5,State capacity,0.5085260161432512,6,0,1.0,0.0984119192594683,0.13945887968733062,0.0,0.0,none,0.5085260161432512,1.0,1.0,1.0,0.5085260161432512,False
IMN,5,State capacity,0.6779748782335475,2,1,0.6666666666666666,0.0984119192594683,0.13945887968733062,0.0,0.0,none,0.6779748782335475,1.0,1.0,1.0,0.6779748782335475,True
IND,5,State capacity,0.5304115961171977,6,0,1.0,0.0984119192594683,0.13945887968733062,0.0,0.0,none,0.5304115961171977,1.0,1.0,1.0,0.5304115961171977,False
IRL,5,State capacity,0.6558706185618599,5,1,0.8333333333333334,0.0984119192594683,0.13945887968733062,0.0,0.0,none,0.6558706185618599,1.0,1.0,1.0,0.6558706185618599,False
IRN,5,State capacity,0.6314092668334005,6,0,1.0,0.0984119192594683,0.13945887968733062,0.0,0.0,none,0.6314092668334005,1.0,1.0,1.0,0.6314092668334005,False
IRQ,5,State capacity,0.4985925111552762,6,0,1.0,0.0984119192594683,0.13945887968733062,0.0,0.0,none,0.4985925111552762,1.0,1.0,1.0,0.4985925111552762,False
ISL,5,State capacity,0.6812857187334964,5,1,0.8333333333333334,0.0984119192594683,0.13945887968733062,0.0,0.0,none,0.6812857187334964,1.0,1.0,1.0,0.6812857187334964,False
ISR,5,State capacity,0.661327630267779,5,1,0.8333333333333334,0.0984119192594683,0.13945887968733062,0.0,0.0,none,0.661327630267779,1.0,1.0,1.0,0.661327630267779,False
ITA,5,State capacity,0.6234016320657096,5,1,0.8333333333333334,0.0984119192594683,0.13945887968733062,0.0,0.0,none,0.6234016320657096,1.0,1.0,1.0,0.6234016320657096,False
JAM,5,State capacity,0.4955229149569274,6,0,1.0,0.0984119192594683,0.13945887968733062,0.0,0.0,none,0.4955229149569274,1.0,1.0,1.0,0.4955229149569274,False
JOR,5,State capacity,0.5857373971508415,6,0,1.0,0.0984119192594683,0.13945887968733062,0.0,0.0,none,0.5857373971508415,1.0,1.0,1.0,0.5857373971508415,False
JPN,5,State capacity,0.6740278166271438,5,1,0.8333333333333334,0.0984119192594683,0.13945887968733062,0.0,0.0,none,0.6740278166271438,1.0,1.0,1.0,0.6740278166271438,False
KAZ,5,State capacity,0.5897023553346166,6,0,1.0,0.0984119192594683,0.13945887968733062,0.0,0.0,none,0.5897023553346166,1.0,1.0,1.0,0.5897023553346166,False
KEN,5,State capacity,0.3808556044247899,6,0,1.0,0.0984119192594683,0.13945887968733062,0.0,0.0,none,0.3808556044247899,1.0,1.0,1.0,0.3808556044247899,False
KGZ,5,State capacity,0.5524958053018044,6,0,1.0,0.0984119192594683,0.13945887968733062,0.0,0.0,none,0.5524958053018044,1.0,1.0,1.0,0.5524958053018044,False
KHM,5,State capacity,0.4021864301637592,6,0,1.0,0.0984119192594683,0.13945887968733062,0.0,0.0,none,0.4021864301637592,1.0,1.0,1.0,0.4021864301637592,False
KIR,5,State capacity,0.4472915787696803,5,0,1.0,0.0984119192594683,0.13945887968733062,0.0,0.0,none,0.4472915787696803,1.0,1.0,1.0,0.4472915787696803,False
KNA,5,State capacity,0.6929679720699716,3,1,0.75,0.0984119192594683,0.13945887968733062,0.0,0.0,none,0.6929679720699716,1.0,1.0,1.0,0.6929679720699716,False
KOR,5,State capacity,0.6635299672130607,5,1,0.8333333333333334,0.0984119192594683,0.13945887968733062,0.0,0.0,none,0.6635299672130607,1.0,1.0,1.0,0.6635299672130607,False
KWT,5,State capacity,0.5663598667707129,5,1,0.8333333333333334,0.0984119192594683,0.13945887968733062,0.0,0.0,none,0.5663598667707129,1.0,1.0,1.0,0.5663598667707129,False
LAO,5,State capacity,0.3796930167817452,6,0,1.0,0.0984119192594683,0.13945887968733062,0.0,0.0,none,0.3796930167817452,1.0,1.0,1.0,0.3796930167817452,False
LBN,5,State capacity,0.4250814487289435,6,0,1.0,0.0984119192594683,0.13945887968733062,0.0,0.0,none,0.4250814487289435,1.0,1.0,1.0,0.4250814487289435,False
LBR,5,State capacity,0.2314646989861249,6,0,1.0,0.0984119192594683,0.13945887968733062,0.0,0.0,none,0.2314646989861249,1.0,1.0,1.0,0.2314646989861249,False
LBY,5,State capacity,0.508155448440555,4,1,0.8,0.0984119192594683,0.13945887968733062,0.0,0.0,none,0.508155448440555,1.0,1.0,1.0,0.508155448440555,False
LCA,5,State capacity,0.554788363418203,4,1,0.8,0.0984119192594683,0.13945887968733062,0.0,0.0,none,0.554788363418203,1.0,1.0,1.0,0.554788363418203,False
LIE,5,State capacity,0.6691118990805355,3,1,0.75,0.0984119192594683,0.13945887968733062,0.0,0.0,none,0.6691118990805355,1.0,1.0,1.0,0.6691118990805355,False
LKA,5,State capacity,0.5014736534806921,6,0,1.0,0.0984119192594683,0.13945887968733062,0.0,0.0,none,0.5014736534806921,1.0,1.0,1.0,0.5014736534806921,False
LSO,5,State capacity,0.3543325462223738,6,0,1.0,0.0984119192594683,0.13945887968733062,0.0,0.0,none,0.3543325462223738,1.0,1.0,1.0,0.3543325462223738,False
LTU,5,State capacity,0.6356654809046889,6,0,1.0,0.0984119192594683,0.13945887968733062,0.0,0.0,none,0.6356654809046889,1.0,1.0,1.0,0.6356654809046889,False
LUX,5,State capacity,0.651741694979223,5,1,0.8333333333333334,0.0984119192594683,0.13945887968733062,0.0,0.0,none,0.651741694979223,1.0,1.0,1.0,0.651741694979223,False
LVA,5,State capacity,0.638088895850841,6,0,1.0,0.0984119192594683,0.13945887968733062,0.0,0.0,none,0.638088895850841,1.0,1.0,1.0,0.638088895850841,False
MAC,5,State capacity,0.6406538430420463,4,1,0.8,0.0984119192594683,0.13945887968733062,0.0,0.0,none,0.6406538430420463,1.0,1.0,1.0,0.6406538430420463,False
MAF,5,State capacity,0.6699282193236638,2,1,0.6666666666666666,0.0984119192594683,0.13945887968733062,0.0,0.0,none,0.6699282193236638,1.0,1.0,1.0,0.6699282193236638,True
MAR,5,State capacity,0.5475914017020241,6,0,1.0,0.0984119192594683,0.13945887968733062,0.0,0.0,none,0.5475914017020241,1.0,1.0,1.0,0.5475914017020241,False
MCO,5,State capacity,0.7646728987727909,3,1,0.75,0.0984119192594683,0.13945887968733062,0.0,0.0,none,0.7646728987727909,1.0,1.0,1.0,0.7646728987727909,False
MDA,5,State capacity,0.5787155492248514,6,0,1.0,0.0984119192594683,0.13945887968733062,0.0,0.0,none,0.5787155492248514,1.0,1.0,1.0,0.5787155492248514,False
MDG,5,State capacity,0.2553767332902874,6,0,1.0,0.0984119192594683,0.13945887968733062,0.0,0.0,none,0.2553767332902874,1.0,1.0,1.0,0.2553767332902874,False
MDV,5,State capacity,0.533892600043863,5,0,1.0,0.0984119192594683,0.13945887968733062,0.0,0.0,none,0.533892600043863,1.0,1.0,1.0,0.533892600043863,False
MEX,5,State capacity,0.5254785816449186,6,0,1.0,0.0984119192594683,0.13945887968733062,0.0,0.0,none,0.5254785816449186,1.0,1.0,1.0,0.5254785816449186,False
MHL,5,State capacity,0.5095113528593086,5,0,1.0,0.0984119192594683,0.13945887968733062,0.0,0.0,none,0.5095113528593086,1.0,1.0,1.0,0.5095113528593086,False
MKD,5,State capacity,0.5594081505632738,5,1,0.8333333333333334,0.0984119192594683,0.13945887968733062,0.0,0.0,none,0.5594081505632738,1.0,1.0,1.0,0.5594081505632738,False
MLI,5,State capacity,0.2721269750822015,6,0,1.0,0.0984119192594683,0.13945887968733062,0.0,0.0,none,0.2721269750822015,1.0,1.0,1.0,0.2721269750822015,False
MLT,5,State capacity,0.6536163082057737,5,1,0.8333333333333334,0.0984119192594683,0.13945887968733062,0.0,0.0,none,0.6536163082057737,1.0,1.0,1.0,0.6536163082057737,False
MMR,5,State capacity,0.379733063204612,6,0,1.0,0.0984119192594683,0.13945887968733062,0.0,0.0,none,0.379733063204612,1.0,1.0,1.0,0.379733063204612,False
MNE,5,State capacity,0.5629224950209807,6,0,1.0,0.0984119192594683,0.13945887968733062,0.0,0.0,none,0.5629224950209807,1.0,1.0,1.0,0.5629224950209807,False
MNG,5,State capacity,0.5725568796072859,6,0,1.0,0.0984119192594683,0.13945887968733062,0.0,0.0,none,0.5725568796072859,1.0,1.0,1.0,0.5725568796072859,False
MNP,5,State capacity,0.651845638810598,2,1,0.6666666666666666,0.0984119192594683,0.13945887968733062,0.0,0.0,none,0.651845638810598,1.0,1.0,1.0,0.651845638810598,True
MOZ,5,State capacity,0.3005651046459023,6,0,1.0,0.0984119192594683,0.13945887968733062,0.0,0.0,none,0.3005651046459023,1.0,1.0,1.0,0.3005651046459023,False
MRT,5,State capacity,0.4281275680577903,6,0,1.0,0.0984119192594683,0.13945887968733062,0.0,0.0,none,0.4281275680577903,1.0,1.0,1.0,0.4281275680577903,False
MUS,5,State capacity,0.5776755169314453,6,0,1.0,0.0984119192594683,0.13945887968733062,0.0,0.0,none,0.5776755169314453,1.0,1.0,1.0,0.5776755169314453,False
MWI,5,State capacity,0.4275621057522273,6,0,1.0,0.0984119192594683,0.13945887968733062,0.0,0.0,none,0.4275621057522273,1.0,1.0,1.0,0.4275621057522273,False
MYS,5,State capacity,0.5746426278844216,6,0,1.0,0.0984119192594683,0.13945887968733062,0.0,0.0,none,0.5746426278844216,1.0,1.0,1.0,0.5746426278844216,False
NAM,5,State capacity,0.426361410820307,6,0,1.0,0.0984119192594683,0.13945887968733062,0.0,0.0,none,0.426361410820307,1.0,1.0,1.0,0.426361410820307,False
NCL,5,State capacity,0.6294275537490247,3,1,0.75,0.0984119192594683,0.13945887968733062,0.0,0.0,none,0.6294275537490247,1.0,1.0,1.0,0.6294275537490247,False
NER,5,State capacity,0.2006587979950117,6,0,1.0,0.0984119192594683,0.13945887968733062,0.0,0.0,none,0.2006587979950117,1.0,1.0,1.0,0.2006587979950117,False
NGA,5,State capacity,0.2663909251050096,6,0,1.0,0.0984119192594683,0.13945887968733062,0.0,0.0,none,0.2663909251050096,1.0,1.0,1.0,0.2663909251050096,False
NIC,5,State capacity,0.5247026502793749,6,0,1.0,0.0984119192594683,0.13945887968733062,0.0,0.0,none,0.5247026502793749,1.0,1.0,1.0,0.5247026502793749,False
NLD,5,State capacity,0.7024559902100369,5,1,0.8333333333333334,0.0984119192594683,0.13945887968733062,0.0,0.0,none,0.7024559902100369,1.0,1.0,1.0,0.7024559902100369,False
NOR,5,State capacity,0.686070300902072,5,1,0.8333333333333334,0.0984119192594683,0.13945887968733062,0.0,0.0,none,0.686070300902072,1.0,1.0,1.0,0.686070300902072,False
NPL,5,State capacity,0.541275624821505,6,0,1.0,0.0984119192594683,0.13945887968733062,0.0,0.0,none,0.541275624821505,1.0,1.0,1.0,0.541275624821505,False
NRU,5,State capacity,0.5057216542079127,4,1,0.8,0.0984119192594683,0.13945887968733062,0.0,0.0,none,0.5057216542079127,1.0,1.0,1.0,0.5057216542079127,False
NZL,5,State capacity,0.6638315839876079,5,1,0.8333333333333334,0.0984119192594683,0.13945887968733062,0.0,0.0,none,0.6638315839876079,1.0,1.0,1.0,0.6638315839876079,False
OMN,5,State capacity,0.6005033712245695,5,1,0.8333333333333334,0.0984119192594683,0.13945887968733062,0.0,0.0,none,0.6005033712245695,1.0,1.0,1.0,0.6005033712245695,False
PAK,5,State capacity,0.3627265819624577,6,0,1.0,0.0984119192594683,0.13945887968733062,0.0,0.0,none,0.3627265819624577,1.0,1.0,1.0,0.3627265819624577,False
PAN,5,State capacity,0.5499532603525181,6,0,1.0,0.0984119192594683,0.13945887968733062,0.0,0.0,none,0.5499532603525181,1.0,1.0,1.0,0.5499532603525181,False
PER,5,State capacity,0.5628322514529942,6,0,1.0,0.0984119192594683,0.13945887968733062,0.0,0.0,none,0.5628322514529942,1.0,1.0,1.0,0.5628322514529942,False
PHL,5,State capacity,0.4646586884588638,6,0,1.0,0.0984119192594683,0.13945887968733062,0.0,0.0,none,0.4646586884588638,1.0,1.0,1.0,0.4646586884588638,False
PLW,5,State capacity,0.5881849445983797,5,0,1.0,0.0984119192594683,0.13945887968733062,0.0,0.0,none,0.5881849445983797,1.0,1.0,1.0,0.5881849445983797,False
PNG,5,State capacity,0.2560129530918731,6,0,1.0,0.0984119192594683,0.13945887968733062,0.0,0.0,none,0.2560129530918731,1.0,1.0,1.0,0.2560129530918731,False
POL,5,State capacity,0.6472220420712884,6,0,1.0,0.0984119192594683,0.13945887968733062,0.0,0.0,none,0.6472220420712884,1.0,1.0,1.0,0.6472220420712884,False
PRI,5,State capacity,0.5830852013818862,3,1,0.75,0.0984119192594683,0.13945887968733062,0.0,0.0,none,0.5830852013818862,1.0,1.0,1.0,0.5830852013818862,False
PRT,5,State capacity,0.681914872844257,5,1,0.8333333333333334,0.0984119192594683,0.13945887968733062,0.0,0.0,none,0.681914872844257,1.0,1.0,1.0,0.681914872844257,False
PRY,5,State capacity,0.5021176983157917,6,0,1.0,0.0984119192594683,0.13945887968733062,0.0,0.0,none,0.5021176983157917,1.0,1.0,1.0,0.5021176983157917,False
PSE,5,State capacity,0.4856477814462019,6,0,1.0,0.0984119192594683,0.13945887968733062,0.0,0.0,none,0.4856477814462019,1.0,1.0,1.0,0.4856477814462019,False
PYF,5,State capacity,0.673283455648305,3,1,0.75,0.0984119192594683,0.13945887968733062,0.0,0.0,none,0.673283455648305,1.0,1.0,1.0,0.673283455648305,False
QAT,5,State capacity,0.6404595865515824,5,1,0.8333333333333334,0.0984119192594683,0.13945887968733062,0.0,0.0,none,0.6404595865515824,1.0,1.0,1.0,0.6404595865515824,False
ROU,5,State capacity,0.53844619631516,6,0,1.0,0.0984119192594683,0.13945887968733062,0.0,0.0,none,0.53844619631516,1.0,1.0,1.0,0.53844619631516,False
RUS,5,State capacity,0.6281022815586321,6,0,1.0,0.0984119192594683,0.13945887968733062,0.0,0.0,none,0.6281022815586321,1.0,1.0,1.0,0.6281022815586321,False
RWA,5,State capacity,0.4391046554341233,6,0,1.0,0.0984119192594683,0.13945887968733062,0.0,0.0,none,0.4391046554341233,1.0,1.0,1.0,0.4391046554341233,False
SAU,5,State capacity,0.6208270536008683,5,1,0.8333333333333334,0.0984119192594683,0.13945887968733062,0.0,0.0,none,0.6208270536008683,1.0,1.0,1.0,0.6208270536008683,False
SDN,5,State capacity,0.2169038967534719,6,0,1.0,0.0984119192594683,0.13945887968733062,0.0,0.0,none,0.2169038967534719,1.0,1.0,1.0,0.2169038967534719,False
SEN,5,State capacity,0.359284673564594,6,0,1.0,0.0984119192594683,0.13945887968733062,0.0,0.0,none,0.359284673564594,1.0,1.0,1.0,0.359284673564594,False
SGP,5,State capacity,0.6870874978774246,5,1,0.8333333333333334,0.0984119192594683,0.13945887968733062,0.0,0.0,none,0.6870874978774246,1.0,1.0,1.0,0.6870874978774246,False
SLB,5,State capacity,0.3048664672806814,6,0,1.0,0.0984119192594683,0.13945887968733062,0.0,0.0,none,0.3048664672806814,1.0,1.0,1.0,0.3048664672806814,False
SLE,5,State capacity,0.4004434966484894,6,0,1.0,0.0984119192594683,0.13945887968733062,0.0,0.0,none,0.4004434966484894,1.0,1.0,1.0,0.4004434966484894,False
SLV,5,State capacity,0.5143196146466015,6,0,1.0,0.0984119192594683,0.13945887968733062,0.0,0.0,none,0.5143196146466015,1.0,1.0,1.0,0.5143196146466015,False
SMR,5,State capacity,0.5504869031050804,3,1,0.75,0.0984119192594683,0.13945887968733062,0.0,0.0,none,0.5504869031050804,1.0,1.0,1.0,0.5504869031050804,False
SOM,5,State capacity,0.1870139158896811,5,0,1.0,0.0984119192594683,0.13945887968733062,0.0,0.0,none,0.1870139158896811,1.0,1.0,1.0,0.1870139158896811,False
SRB,5,State capacity,0.5755983336262573,6,0,1.0,0.0984119192594683,0.13945887968733062,0.0,0.0,none,0.5755983336262573,1.0,1.0,1.0,0.5755983336262573,False
SSD,5,State capacity,0.2588421844532147,5,0,1.0,0.0984119192594683,0.13945887968733062,0.0,0.0,none,0.2588421844532147,1.0,1.0,1.0,0.2588421844532147,False
STP,5,State capacity,0.4096055470602603,6,0,1.0,0.0984119192594683,0.13945887968733062,0.0,0.0,none,0.4096055470602603,1.0,1.0,1.0,0.4096055470602603,False
SUR,5,State capacity,0.4696075867912795,4,1,0.8,0.0984119192594683,0.13945887968733062,0.0,0.0,none,0.4696075867912795,1.0,1.0,1.0,0.4696075867912795,False
SVK,5,State capacity,0.6664428316458623,6,0,1.0,0.0984119192594683,0.13945887968733062,0.0,0.0,none,0.6664428316458623,1.0,1.0,1.0,0.6664428316458623,False
SVN,5,State capacity,0.6491196683287315,5,1,0.8333333333333334,0.0984119192594683,0.13945887968733062,0.0,0.0,none,0.6491196683287315,1.0,1.0,1.0,0.6491196683287315,False
SWE,5,State capacity,0.7166833827014323,5,1,0.8333333333333334,0.0984119192594683,0.13945887968733062,0.0,0.0,none,0.7166833827014323,1.0,1.0,1.0,0.7166833827014323,False
SWZ,5,State capacity,0.4880146038381162,6,0,1.0,0.0984119192594683,0.13945887968733062,0.0,0.0,none,0.4880146038381162,1.0,1.0,1.0,0.4880146038381162,False
SXM,5,State capacity,0.7378373413127247,3,1,0.75,0.0984119192594683,0.13945887968733062,0.0,0.0,none,0.7378373413127247,1.0,1.0,1.0,0.7378373413127247,False
SYC,5,State capacity,0.5984048953880557,5,1,0.8333333333333334,0.0984119192594683,0.13945887968733062,0.0,0.0,none,0.5984048953880557,1.0,1.0,1.0,0.5984048953880557,False
SYR,5,State capacity,0.3396307791056338,5,0,1.0,0.0984119192594683,0.13945887968733062,0.0,0.0,none,0.3396307791056338,1.0,1.0,1.0,0.3396307791056338,False
TCA,5,State capacity,0.719069984824846,3,1,0.75,0.0984119192594683,0.13945887968733062,0.0,0.0,none,0.719069984824846,1.0,1.0,1.0,0.719069984824846,False
TCD,5,State capacity,0.1808947890814181,6,0,1.0,0.0984119192594683,0.13945887968733062,0.0,0.0,none,0.1808947890814181,1.0,1.0,1.0,0.1808947890814181,False
TGO,5,State capacity,0.3673323929251758,6,0,1.0,0.0984119192594683,0.13945887968733062,0.0,0.0,none,0.3673323929251758,1.0,1.0,1.0,0.3673323929251758,False
THA,5,State capacity,0.6175383123373172,6,0,1.0,0.0984119192594683,0.13945887968733062,0.0,0.0,none,0.6175383123373172,1.0,1.0,1.0,0.6175383123373172,False
TJK,5,State capacity,0.4947639101559128,6,0,1.0,0.0984119192594683,0.13945887968733062,0.0,0.0,none,0.4947639101559128,1.0,1.0,1.0,0.4947639101559128,False
TLS,5,State capacity,0.457988259220856,6,0,1.0,0.0984119192594683,0.13945887968733062,0.0,0.0,none,0.457988259220856,1.0,1.0,1.0,0.457988259220856,False
TON,5,State capacity,0.6014664059755133,4,1,0.8,0.0984119192594683,0.13945887968733062,0.0,0.0,none,0.6014664059755133,1.0,1.0,1.0,0.6014664059755133,False
TTO,5,State capacity,0.5650910679507131,5,1,0.8333333333333334,0.0984119192594683,0.13945887968733062,0.0,0.0,none,0.5650910679507131,1.0,1.0,1.0,0.5650910679507131,False
TUN,5,State capacity,0.5096181009271084,6,0,1.0,0.0984119192594683,0.13945887968733062,0.0,0.0,none,0.5096181009271084,1.0,1.0,1.0,0.5096181009271084,False
TUR,5,State capacity,0.5818697274278903,6,0,1.0,0.0984119192594683,0.13945887968733062,0.0,0.0,none,0.5818697274278903,1.0,1.0,1.0,0.5818697274278903,False
TUV,5,State capacity,0.5420061452531868,4,1,0.8,0.0984119192594683,0.13945887968733062,0.0,0.0,none,0.5420061452531868,1.0,1.0,1.0,0.5420061452531868,False
TZA,5,State capacity,0.316332403491267,6,0,1.0,0.0984119192594683,0.13945887968733062,0.0,0.0,none,0.316332403491267,1.0,1.0,1.0,0.316332403491267,False
UGA,5,State capacity,0.3094503435381869,6,0,1.0,0.0984119192594683,0.13945887968733062,0.0,0.0,none,0.3094503435381869,1.0,1.0,1.0,0.3094503435381869,False
UKR,5,State capacity,0.5395957087715467,6,0,1.0,0.0984119192594683,0.13945887968733062,0.0,0.0,none,0.5395957087715467,1.0,1.0,1.0,0.5395957087715467,False
URY,5,State capacity,0.6323360517552287,6,0,1.0,0.0984119192594683,0.13945887968733062,0.0,0.0,none,0.6323360517552287,1.0,1.0,1.0,0.6323360517552287,False
USA,5,State capacity,0.6358736999164125,5,1,0.8333333333333334,0.0984119192594683,0.13945887968733062,0.0,0.0,none,0.6358736999164125,1.0,1.0,1.0,0.6358736999164125,False
UZB,5,State capacity,0.5425955996676638,6,0,1.0,0.0984119192594683,0.13945887968733062,0.0,0.0,none,0.5425955996676638,1.0,1.0,1.0,0.5425955996676638,False
VCT,5,State capacity,0.6196405171621551,4,1,0.8,0.0984119192594683,0.13945887968733062,0.0,0.0,none,0.6196405171621551,1.0,1.0,1.0,0.6196405171621551,False
VEN,5,State capacity,0.4444921102477314,6,0,1.0,0.0984119192594683,0.13945887968733062,0.0,0.0,none,0.4444921102477314,1.0,1.0,1.0,0.4444921102477314,False
VGB,5,State capacity,0.4527765849693471,3,1,0.75,0.0984119192594683,0.13945887968733062,0.0,0.0,none,0.4527765849693471,1.0,1.0,1.0,0.4527765849693471,False
VIR,5,State capacity,0.6566870454531023,3,1,0.75,0.0984119192594683,0.13945887968733062,0.0,0.0,none,0.6566870454531023,1.0,1.0,1.0,0.6566870454531023,False
VNM,5,State capacity,0.6271112645290607,6,0,1.0,0.0984119192594683,0.13945887968733062,0.0,0.0,none,0.6271112645290607,1.0,1.0,1.0,0.6271112645290607,False
VUT,5,State capacity,0.4765628662206,5,0,1.0,0.0984119192594683,0.13945887968733062,0.0,0.0,none,0.4765628662206,1.0,1.0,1.0,0.4765628662206,False
WSM,5,State capacity,0.5354030771112859,6,0,1.0,0.0984119192594683,0.13945887968733062,0.0,0.0,none,0.5354030771112859,1.0,1.0,1.0,0.5354030771112859,False
XKX,5,State capacity,0.5659595939759122,3,0,1.0,0.0984119192594683,0.13945887968733062,0.0,0.0,none,0.5659595939759122,1.0,1.0,1.0,0.5659595939759122,False
YEM,5,State capacity,0.2587157393636397,6,0,1.0,0.0984119192594683,0.13945887968733062,0.0,0.0,none,0.2587157393636397,1.0,1.0,1.0,0.2587157393636397,False
ZAF,5,State capacity,0.4776729724938178,6,0,1.0,0.0984119192594683,0.13945887968733062,0.0,0.0,none,0.4776729724938178,1.0,1.0,1.0,0.4776729724938178,False
ZMB,5,State capacity,0.3574388174104952,6,0,1.0,0.0984119192594683,0.13945887968733062,0.0,0.0,none,0.3574388174104952,1.0,1.0,1.0,0.3574388174104952,False
ZWE,5,State capacity,0.349946956269797,6,0,1.0,0.0984119192594683,0.13945887968733062,0.0,0.0,none,0.349946956269797,1.0,1.0,1.0,0.349946956269797,False
ABW,6,Economic and fiscal governance,0.6668974330253382,1,0,1.0,0.1140740803425482,0.1574451819024742,0.0,0.0,none,0.6668974330253382,1.0,1.0,1.0,0.6668974330253382,True
AFG,6,Economic and fiscal governance,0.255189886723468,2,0,1.0,0.1140740803425482,0.1574451819024742,0.0,0.0,none,0.255189886723468,1.0,1.0,1.0,0.255189886723468,False
AGO,6,Economic and fiscal governance,0.363446829076395,3,0,1.0,0.1140740803425482,0.1574451819024742,0.0,0.0,none,0.363446829076395,1.0,1.0,1.0,0.363446829076395,False
ALB,6,Economic and fiscal governance,0.4835873660129758,3,0,1.0,0.1140740803425482,0.1574451819024742,0.0,0.0,none,0.4835873660129758,1.0,1.0,1.0,0.4835873660129758,False
AND,6,Economic and fiscal governance,0.6880724418945245,1,0,1.0,0.1140740803425482,0.1574451819024742,0.0,0.0,none,0.6880724418945245,1.0,1.0,1.0,0.6880724418945245,True
ARE,6,Economic and fiscal governance,0.6597741654600251,3,0,1.0,0.1140740803425482,0.1574451819024742,0.0,0.0,none,0.6597741654600251,1.0,1.0,1.0,0.6597741654600251,False
ARG,6,Economic and fiscal governance,0.4532595940792589,3,0,1.0,0.1140740803425482,0.1574451819024742,0.0,0.0,none,0.4532595940792589,1.0,1.0,1.0,0.4532595940792589,False
ARM,6,Economic and fiscal governance,0.5211531108496658,2,0,1.0,0.1140740803425482,0.1574451819024742,0.0,0.0,none,0.5211531108496658,1.0,1.0,1.0,0.5211531108496658,False
ASM,6,Economic and fiscal governance,0.5639964214975984,1,0,1.0,0.1140740803425482,0.1574451819024742,0.0,0.0,none,0.5639964214975984,1.0,1.0,1.0,0.5639964214975984,True
ATG,6,Economic and fiscal governance,0.5971522165617548,2,0,1.0,0.1140740803425482,0.1574451819024742,0.0,0.0,none,0.5971522165617548,1.0,1.0,1.0,0.5971522165617548,False
AUS,6,Economic and fiscal governance,0.7964713844736144,3,0,1.0,0.1140740803425482,0.1574451819024742,0.0,0.0,none,0.7964713844736144,1.0,1.0,1.0,0.7964713844736144,False
AUT,6,Economic and fiscal governance,0.7284164977265111,3,0,1.0,0.1140740803425482,0.1574451819024742,0.0,0.0,none,0.7284164977265111,1.0,1.0,1.0,0.7284164977265111,False
AZE,6,Economic and fiscal governance,0.5006450018318933,2,0,1.0,0.1140740803425482,0.1574451819024742,0.0,0.0,none,0.5006450018318933,1.0,1.0,1.0,0.5006450018318933,False
BDI,6,Economic and fiscal governance,0.3807556485375893,2,0,1.0,0.1140740803425482,0.1574451819024742,0.0,0.0,none,0.3807556485375893,1.0,1.0,1.0,0.3807556485375893,False
BEL,6,Economic and fiscal governance,0.7280027504198265,3,0,1.0,0.1140740803425482,0.1574451819024742,0.0,0.0,none,0.7280027504198265,1.0,1.0,1.0,0.7280027504198265,False
BEN,6,Economic and fiscal governance,0.4532409231547026,3,0,1.0,0.1140740803425482,0.1574451819024742,0.0,0.0,none,0.4532409231547026,1.0,1.0,1.0,0.4532409231547026,False
BFA,6,Economic and fiscal governance,0.4358416016077644,3,0,1.0,0.1140740803425482,0.1574451819024742,0.0,0.0,none,0.4358416016077644,1.0,1.0,1.0,0.4358416016077644,False
BGD,6,Economic and fiscal governance,0.3421631200491982,3,0,1.0,0.1140740803425482,0.1574451819024742,0.0,0.0,none,0.3421631200491982,1.0,1.0,1.0,0.3421631200491982,False
BGR,6,Economic and fiscal governance,0.524222826532971,3,0,1.0,0.1140740803425482,0.1574451819024742,0.0,0.0,none,0.524222826532971,1.0,1.0,1.0,0.524222826532971,False
BHR,6,Economic and fiscal governance,0.6754487665380958,2,0,1.0,0.1140740803425482,0.1574451819024742,0.0,0.0,none,0.6754487665380958,1.0,1.0,1.0,0.6754487665380958,False
BHS,6,Economic and fiscal governance,0.5130345768495774,3,0,1.0,0.1140740803425482,0.1574451819024742,0.0,0.0,none,0.5130345768495774,1.0,1.0,1.0,0.5130345768495774,False
BIH,6,Economic and fiscal governance,0.4671390206581435,3,0,1.0,0.1140740803425482,0.1574451819024742,0.0,0.0,none,0.4671390206581435,1.0,1.0,1.0,0.4671390206581435,False
BLR,6,Economic and fiscal governance,0.3167818170194636,3,0,1.0,0.1140740803425482,0.1574451819024742,0.0,0.0,none,0.3167818170194636,1.0,1.0,1.0,0.3167818170194636,False
BLZ,6,Economic and fiscal governance,0.4312240136320812,3,0,1.0,0.1140740803425482,0.1574451819024742,0.0,0.0,none,0.4312240136320812,1.0,1.0,1.0,0.4312240136320812,False
BMU,6,Economic and fiscal governance,0.6053550658531458,1,0,1.0,0.1140740803425482,0.1574451819024742,0.0,0.0,none,0.6053550658531458,1.0,1.0,1.0,0.6053550658531458,True
BOL,6,Economic and fiscal governance,0.2796588230170682,3,0,1.0,0.1140740803425482,0.1574451819024742,0.0,0.0,none,0.2796588230170682,1.0,1.0,1.0,0.2796588230170682,False
BRA,6,Economic and fiscal governance,0.4273778795626664,3,0,1.0,0.1140740803425482,0.1574451819024742,0.0,0.0,none,0.4273778795626664,1.0,1.0,1.0,0.4273778795626664,False
BRB,6,Economic and fiscal governance,0.5713382432998317,3,0,1.0,0.1140740803425482,0.1574451819024742,0.0,0.0,none,0.5713382432998317,1.0,1.0,1.0,0.5713382432998317,False
BRN,6,Economic and fiscal governance,0.6487776495559694,2,0,1.0,0.1140740803425482,0.1574451819024742,0.0,0.0,none,0.6487776495559694,1.0,1.0,1.0,0.6487776495559694,False
BTN,6,Economic and fiscal governance,0.5284498800958285,2,0,1.0,0.1140740803425482,0.1574451819024742,0.0,0.0,none,0.5284498800958285,1.0,1.0,1.0,0.5284498800958285,False
BWA,6,Economic and fiscal governance,0.5430930542494476,3,0,1.0,0.1140740803425482,0.1574451819024742,0.0,0.0,none,0.5430930542494476,1.0,1.0,1.0,0.5430930542494476,False
CAF,6,Economic and fiscal governance,0.2594101107865922,2,0,1.0,0.1140740803425482,0.1574451819024742,0.0,0.0,none,0.2594101107865922,1.0,1.0,1.0,0.2594101107865922,False
CAN,6,Economic and fiscal governance,0.7616778640179641,3,0,1.0,0.1140740803425482,0.1574451819024742,0.0,0.0,none,0.7616778640179641,1.0,1.0,1.0,0.7616778640179641,False
CHE,6,Economic and fiscal governance,0.7758467123227457,2,0,1.0,0.1140740803425482,0.1574451819024742,0.0,0.0,none,0.7758467123227457,1.0,1.0,1.0,0.7758467123227457,False
CHL,6,Economic and fiscal governance,0.6090901052269295,3,0,1.0,0.1140740803425482,0.1574451819024742,0.0,0.0,none,0.6090901052269295,1.0,1.0,1.0,0.6090901052269295,False
CHN,6,Economic and fiscal governance,0.4605876286496332,3,0,1.0,0.1140740803425482,0.1574451819024742,0.0,0.0,none,0.4605876286496332,1.0,1.0,1.0,0.4605876286496332,False
CIV,6,Economic and fiscal governance,0.4644290500682445,3,0,1.0,0.1140740803425482,0.1574451819024742,0.0,0.0,none,0.4644290500682445,1.0,1.0,1.0,0.4644290500682445,False
CMR,6,Economic and fiscal governance,0.3745480560540254,3,0,1.0,0.1140740803425482,0.1574451819024742,0.0,0.0,none,0.3745480560540254,1.0,1.0,1.0,0.3745480560540254,False
COD,6,Economic and fiscal governance,0.2781205774592946,3,0,1.0,0.1140740803425482,0.1574451819024742,0.0,0.0,none,0.2781205774592946,1.0,1.0,1.0,0.2781205774592946,False
COG,6,Economic and fiscal governance,0.3139993869532145,3,0,1.0,0.1140740803425482,0.1574451819024742,0.0,0.0,none,0.3139993869532145,1.0,1.0,1.0,0.3139993869532145,False
COL,6,Economic and fiscal governance,0.5036740833663664,3,0,1.0,0.1140740803425482,0.1574451819024742,0.0,0.0,none,0.5036740833663664,1.0,1.0,1.0,0.5036740833663664,False
COM,6,Economic and fiscal governance,0.3369087254102264,2,0,1.0,0.1140740803425482,0.1574451819024742,0.0,0.0,none,0.3369087254102264,1.0,1.0,1.0,0.3369087254102264,False
CPV,6,Economic and fiscal governance,0.515224296852601,2,0,1.0,0.1140740803425482,0.1574451819024742,0.0,0.0,none,0.515224296852601,1.0,1.0,1.0,0.515224296852601,False
CRI,6,Economic and fiscal governance,0.6248591016342984,3,0,1.0,0.1140740803425482,0.1574451819024742,0.0,0.0,none,0.6248591016342984,1.0,1.0,1.0,0.6248591016342984,False
CUB,6,Economic and fiscal governance,0.2445602504983548,1,0,1.0,0.1140740803425482,0.1574451819024742,0.0,0.0,none,0.2445602504983548,1.0,1.0,1.0,0.2445602504983548,True
CYM,6,Economic and fiscal governance,0.6833199278447225,1,0,1.0,0.1140740803425482,0.1574451819024742,0.0,0.0,none,0.6833199278447225,1.0,1.0,1.0,0.6833199278447225,True
CYP,6,Economic and fiscal governance,0.6183504348114665,3,0,1.0,0.1140740803425482,0.1574451819024742,0.0,0.0,none,0.6183504348114665,1.0,1.0,1.0,0.6183504348114665,False
CZE,6,Economic and fiscal governance,0.6829054458800213,3,0,1.0,0.1140740803425482,0.1574451819024742,0.0,0.0,none,0.6829054458800213,1.0,1.0,1.0,0.6829054458800213,False
DEU,6,Economic and fiscal governance,0.7690025390682311,3,0,1.0,0.1140740803425482,0.1574451819024742,0.0,0.0,none,0.7690025390682311,1.0,1.0,1.0,0.7690025390682311,False
DJI,6,Economic and fiscal governance,0.4190287247087479,2,0,1.0,0.1140740803425482,0.1574451819024742,0.0,0.0,none,0.4190287247087479,1.0,1.0,1.0,0.4190287247087479,False
DMA,6,Economic and fiscal governance,0.4979113930854195,2,0,1.0,0.1140740803425482,0.1574451819024742,0.0,0.0,none,0.4979113930854195,1.0,1.0,1.0,0.4979113930854195,False
DNK,6,Economic and fiscal governance,0.8379279803150063,3,0,1.0,0.1140740803425482,0.1574451819024742,0.0,0.0,none,0.8379279803150063,1.0,1.0,1.0,0.8379279803150063,False
DOM,6,Economic and fiscal governance,0.4682625882159106,3,0,1.0,0.1140740803425482,0.1574451819024742,0.0,0.0,none,0.4682625882159106,1.0,1.0,1.0,0.4682625882159106,False
DZA,6,Economic and fiscal governance,0.3577629571107096,3,0,1.0,0.1140740803425482,0.1574451819024742,0.0,0.0,none,0.3577629571107096,1.0,1.0,1.0,0.3577629571107096,False
ECU,6,Economic and fiscal governance,0.3993090001865629,3,0,1.0,0.1140740803425482,0.1574451819024742,0.0,0.0,none,0.3993090001865629,1.0,1.0,1.0,0.3993090001865629,False
EGY,6,Economic and fiscal governance,0.3266200793948587,3,0,1.0,0.1140740803425482,0.1574451819024742,0.0,0.0,none,0.3266200793948587,1.0,1.0,1.0,0.3266200793948587,False
ESP,6,Economic and fiscal governance,0.6326755641567031,3,0,1.0,0.1140740803425482,0.1574451819024742,0.0,0.0,none,0.6326755641567031,1.0,1.0,1.0,0.6326755641567031,False
EST,6,Economic and fiscal governance,0.761510149348274,3,0,1.0,0.1140740803425482,0.1574451819024742,0.0,0.0,none,0.761510149348274,1.0,1.0,1.0,0.761510149348274,False
ETH,6,Economic and fiscal governance,0.3210951270362007,3,0,1.0,0.1140740803425482,0.1574451819024742,0.0,0.0,none,0.3210951270362007,1.0,1.0,1.0,0.3210951270362007,False
FIN,6,Economic and fiscal governance,0.8159487114809816,3,0,1.0,0.1140740803425482,0.1574451819024742,0.0,0.0,none,0.8159487114809816,1.0,1.0,1.0,0.8159487114809816,False
FJI,6,Economic and fiscal governance,0.5397465488761167,2,0,1.0,0.1140740803425482,0.1574451819024742,0.0,0.0,none,0.5397465488761167,1.0,1.0,1.0,0.5397465488761167,False
FRA,6,Economic and fiscal governance,0.6862273149254973,3,0,1.0,0.1140740803425482,0.1574451819024742,0.0,0.0,none,0.6862273149254973,1.0,1.0,1.0,0.6862273149254973,False
FSM,6,Economic and fiscal governance,0.3622599026145412,1,0,1.0,0.1140740803425482,0.1574451819024742,0.0,0.0,none,0.3622599026145412,1.0,1.0,1.0,0.3622599026145412,True
GAB,6,Economic and fiscal governance,0.3669637956005211,3,0,1.0,0.1140740803425482,0.1574451819024742,0.0,0.0,none,0.3669637956005211,1.0,1.0,1.0,0.3669637956005211,False
GBR,6,Economic and fiscal governance,0.7548077074979063,3,0,1.0,0.1140740803425482,0.1574451819024742,0.0,0.0,none,0.7548077074979063,1.0,1.0,1.0,0.7548077074979063,False
GEO,6,Economic and fiscal governance,0.5975271510931436,3,0,1.0,0.1140740803425482,0.1574451819024742,0.0,0.0,none,0.5975271510931436,1.0,1.0,1.0,0.5975271510931436,False
GHA,6,Economic and fiscal governance,0.484715429018185,3,0,1.0,0.1140740803425482,0.1574451819024742,0.0,0.0,none,0.484715429018185,1.0,1.0,1.0,0.484715429018185,False
GIN,6,Economic and fiscal governance,0.3340388118404854,3,0,1.0,0.1140740803425482,0.1574451819024742,0.0,0.0,none,0.3340388118404854,1.0,1.0,1.0,0.3340388118404854,False
GMB,6,Economic and fiscal governance,0.3934070566325953,3,0,1.0,0.1140740803425482,0.1574451819024742,0.0,0.0,none,0.3934070566325953,1.0,1.0,1.0,0.3934070566325953,False
GNB,6,Economic and fiscal governance,0.2927946276121191,2,0,1.0,0.1140740803425482,0.1574451819024742,0.0,0.0,none,0.2927946276121191,1.0,1.0,1.0,0.2927946276121191,False
GNQ,6,Economic and fiscal governance,0.2512147308012006,1,0,1.0,0.1140740803425482,0.1574451819024742,0.0,0.0,none,0.2512147308012006,1.0,1.0,1.0,0.2512147308012006,True
GRC,6,Economic and fiscal governance,0.5579157706713584,3,0,1.0,0.1140740803425482,0.1574451819024742,0.0,0.0,none,0.5579157706713584,1.0,1.0,1.0,0.5579157706713584,False
GRD,6,Economic and fiscal governance,0.5020021888239956,2,0,1.0,0.1140740803425482,0.1574451819024742,0.0,0.0,none,0.5020021888239956,1.0,1.0,1.0,0.5020021888239956,False
GRL,6,Economic and fiscal governance,0.7581742597843727,1,0,1.0,0.1140740803425482,0.1574451819024742,0.0,0.0,none,0.7581742597843727,1.0,1.0,1.0,0.7581742597843727,True
GTM,6,Economic and fiscal governance,0.4428734559714312,3,0,1.0,0.1140740803425482,0.1574451819024742,0.0,0.0,none,0.4428734559714312,1.0,1.0,1.0,0.4428734559714312,False
GUM,6,Economic and fiscal governance,0.5639964214975984,1,0,1.0,0.1140740803425482,0.1574451819024742,0.0,0.0,none,0.5639964214975984,1.0,1.0,1.0,0.5639964214975984,True
GUY,6,Economic and fiscal governance,0.4436687401187734,3,0,1.0,0.1140740803425482,0.1574451819024742,0.0,0.0,none,0.4436687401187734,1.0,1.0,1.0,0.4436687401187734,False
HKG,6,Economic and fiscal governance,0.7999565328853084,3,0,1.0,0.1140740803425482,0.1574451819024742,0.0,0.0,none,0.7999565328853084,1.0,1.0,1.0,0.7999565328853084,False
HND,6,Economic and fiscal governance,0.3928604052311704,3,0,1.0,0.1140740803425482,0.1574451819024742,0.0,0.0,none,0.3928604052311704,1.0,1.0,1.0,0.3928604052311704,False
HRV,6,Economic and fiscal governance,0.5231552574127745,3,0,1.0,0.1140740803425482,0.1574451819024742,0.0,0.0,none,0.5231552574127745,1.0,1.0,1.0,0.5231552574127745,False
HTI,6,Economic and fiscal governance,0.265589443013514,3,0,1.0,0.1140740803425482,0.1574451819024742,0.0,0.0,none,0.265589443013514,1.0,1.0,1.0,0.265589443013514,False
HUN,6,Economic and fiscal governance,0.4889391619726244,3,0,1.0,0.1140740803425482,0.1574451819024742,0.0,0.0,none,0.4889391619726244,1.0,1.0,1.0,0.4889391619726244,False
IDN,6,Economic and fiscal governance,0.5072377066362643,3,0,1.0,0.1140740803425482,0.1574451819024742,0.0,0.0,none,0.5072377066362643,1.0,1.0,1.0,0.5072377066362643,False
IND,6,Economic and fiscal governance,0.4568431211260818,3,0,1.0,0.1140740803425482,0.1574451819024742,0.0,0.0,none,0.4568431211260818,1.0,1.0,1.0,0.4568431211260818,False
IRL,6,Economic and fiscal governance,0.8119435639967945,3,0,1.0,0.1140740803425482,0.1574451819024742,0.0,0.0,none,0.8119435639967945,1.0,1.0,1.0,0.8119435639967945,False
IRN,6,Economic and fiscal governance,0.277903578087768,3,0,1.0,0.1140740803425482,0.1574451819024742,0.0,0.0,none,0.277903578087768,1.0,1.0,1.0,0.277903578087768,False
IRQ,6,Economic and fiscal governance,0.3561318227293062,2,0,1.0,0.1140740803425482,0.1574451819024742,0.0,0.0,none,0.3561318227293062,1.0,1.0,1.0,0.3561318227293062,False
ISL,6,Economic and fiscal governance,0.6901865829443866,2,0,1.0,0.1140740803425482,0.1574451819024742,0.0,0.0,none,0.6901865829443866,1.0,1.0,1.0,0.6901865829443866,False
ISR,6,Economic and fiscal governance,0.6754053053927055,2,0,1.0,0.1140740803425482,0.1574451819024742,0.0,0.0,none,0.6754053053927055,1.0,1.0,1.0,0.6754053053927055,False
ITA,6,Economic and fiscal governance,0.5848289009219855,3,0,1.0,0.1140740803425482,0.1574451819024742,0.0,0.0,none,0.5848289009219855,1.0,1.0,1.0,0.5848289009219855,False
JAM,6,Economic and fiscal governance,0.5471468610172175,3,0,1.0,0.1140740803425482,0.1574451819024742,0.0,0.0,none,0.5471468610172175,1.0,1.0,1.0,0.5471468610172175,False
JOR,6,Economic and fiscal governance,0.5612093658724929,3,0,1.0,0.1140740803425482,0.1574451819024742,0.0,0.0,none,0.5612093658724929,1.0,1.0,1.0,0.5612093658724929,False
JPN,6,Economic and fiscal governance,0.7438537326006731,3,0,1.0,0.1140740803425482,0.1574451819024742,0.0,0.0,none,0.7438537326006731,1.0,1.0,1.0,0.7438537326006731,False
KAZ,6,Economic and fiscal governance,0.4952339134536181,3,0,1.0,0.1140740803425482,0.1574451819024742,0.0,0.0,none,0.4952339134536181,1.0,1.0,1.0,0.4952339134536181,False
KEN,6,Economic and fiscal governance,0.4428378791454365,3,0,1.0,0.1140740803425482,0.1574451819024742,0.0,0.0,none,0.4428378791454365,1.0,1.0,1.0,0.4428378791454365,False
KGZ,6,Economic and fiscal governance,0.3995608666778706,3,0,1.0,0.1140740803425482,0.1574451819024742,0.0,0.0,none,0.3995608666778706,1.0,1.0,1.0,0.3995608666778706,False
KHM,6,Economic and fiscal governance,0.3035414901050676,3,0,1.0,0.1140740803425482,0.1574451819024742,0.0,0.0,none,0.3035414901050676,1.0,1.0,1.0,0.3035414901050676,False
KIR,6,Economic and fiscal governance,0.4079922222483354,1,0,1.0,0.1140740803425482,0.1574451819024742,0.0,0.0,none,0.4079922222483354,1.0,1.0,1.0,0.4079922222483354,True
KNA,6,Economic and fiscal governance,0.5768572671194323,2,0,1.0,0.1140740803425482,0.1574451819024742,0.0,0.0,none,0.5768572671194323,1.0,1.0,1.0,0.5768572671194323,False
KOR,6,Economic and fiscal governance,0.6859185571028298,3,0,1.0,0.1140740803425482,0.1574451819024742,0.0,0.0,none,0.6859185571028298,1.0,1.0,1.0,0.6859185571028298,False
KWT,6,Economic and fiscal governance,0.5754669178168786,3,0,1.0,0.1140740803425482,0.1574451819024742,0.0,0.0,none,0.5754669178168786,1.0,1.0,1.0,0.5754669178168786,False
LAO,6,Economic and fiscal governance,0.4000059522584872,2,0,1.0,0.1140740803425482,0.1574451819024742,0.0,0.0,none,0.4000059522584872,1.0,1.0,1.0,0.4000059522584872,False
LBN,6,Economic and fiscal governance,0.3777490312783609,3,0,1.0,0.1140740803425482,0.1574451819024742,0.0,0.0,none,0.3777490312783609,1.0,1.0,1.0,0.3777490312783609,False
LBR,6,Economic and fiscal governance,0.3564822577600935,3,0,1.0,0.1140740803425482,0.1574451819024742,0.0,0.0,none,0.3564822577600935,1.0,1.0,1.0,0.3564822577600935,False
LBY,6,Economic and fiscal governance,0.1977429247563438,2,0,1.0,0.1140740803425482,0.1574451819024742,0.0,0.0,none,0.1977429247563438,1.0,1.0,1.0,0.1977429247563438,False
LCA,6,Economic and fiscal governance,0.5474041359359135,2,0,1.0,0.1140740803425482,0.1574451819024742,0.0,0.0,none,0.5474041359359135,1.0,1.0,1.0,0.5474041359359135,False
LIE,6,Economic and fiscal governance,0.7638474271530984,1,0,1.0,0.1140740803425482,0.1574451819024742,0.0,0.0,none,0.7638474271530984,1.0,1.0,1.0,0.7638474271530984,True
LKA,6,Economic and fiscal governance,0.4547749238004293,3,0,1.0,0.1140740803425482,0.1574451819024742,0.0,0.0,none,0.4547749238004293,1.0,1.0,1.0,0.4547749238004293,False
LSO,6,Economic and fiscal governance,0.4167602539904751,2,0,1.0,0.1140740803425482,0.1574451819024742,0.0,0.0,none,0.4167602539904751,1.0,1.0,1.0,0.4167602539904751,False
LTU,6,Economic and fiscal governance,0.7144811392268446,3,0,1.0,0.1140740803425482,0.1574451819024742,0.0,0.0,none,0.7144811392268446,1.0,1.0,1.0,0.7144811392268446,False
LUX,6,Economic and fiscal governance,0.8047628974803709,3,0,1.0,0.1140740803425482,0.1574451819024742,0.0,0.0,none,0.8047628974803709,1.0,1.0,1.0,0.8047628974803709,False
LVA,6,Economic and fiscal governance,0.6907627469852808,3,0,1.0,0.1140740803425482,0.1574451819024742,0.0,0.0,none,0.6907627469852808,1.0,1.0,1.0,0.6907627469852808,False
MAC,6,Economic and fiscal governance,0.7351012494570317,1,0,1.0,0.1140740803425482,0.1574451819024742,0.0,0.0,none,0.7351012494570317,1.0,1.0,1.0,0.7351012494570317,True
MAR,6,Economic and fiscal governance,0.474021792823683,3,0,1.0,0.1140740803425482,0.1574451819024742,0.0,0.0,none,0.474021792823683,1.0,1.0,1.0,0.474021792823683,False
MCO,6,Economic and fiscal governance,0.6880724418945245,1,0,1.0,0.1140740803425482,0.1574451819024742,0.0,0.0,none,0.6880724418945245,1.0,1.0,1.0,0.6880724418945245,True
MDA,6,Economic and fiscal governance,0.4408244659662014,3,0,1.0,0.1140740803425482,0.1574451819024742,0.0,0.0,none,0.4408244659662014,1.0,1.0,1.0,0.4408244659662014,False
MDG,6,Economic and fiscal governance,0.3691318174305923,3,0,1.0,0.1140740803425482,0.1574451819024742,0.0,0.0,none,0.3691318174305923,1.0,1.0,1.0,0.3691318174305923,False
MDV,6,Economic and fiscal governance,0.4544668667613307,1,0,1.0,0.1140740803425482,0.1574451819024742,0.0,0.0,none,0.4544668667613307,1.0,1.0,1.0,0.4544668667613307,True
MEX,6,Economic and fiscal governance,0.4279489506450948,3,0,1.0,0.1140740803425482,0.1574451819024742,0.0,0.0,none,0.4279489506450948,1.0,1.0,1.0,0.4279489506450948,False
MHL,6,Economic and fiscal governance,0.3754816202666173,1,0,1.0,0.1140740803425482,0.1574451819024742,0.0,0.0,none,0.3754816202666173,1.0,1.0,1.0,0.3754816202666173,True
MKD,6,Economic and fiscal governance,0.5130454518011608,3,0,1.0,0.1140740803425482,0.1574451819024742,0.0,0.0,none,0.5130454518011608,1.0,1.0,1.0,0.5130454518011608,False
MLI,6,Economic and fiscal governance,0.3853753721489918,3,0,1.0,0.1140740803425482,0.1574451819024742,0.0,0.0,none,0.3853753721489918,1.0,1.0,1.0,0.3853753721489918,False
MLT,6,Economic and fiscal governance,0.5832318396709525,3,0,1.0,0.1140740803425482,0.1574451819024742,0.0,0.0,none,0.5832318396709525,1.0,1.0,1.0,0.5832318396709525,False
MMR,6,Economic and fiscal governance,0.2913265391704706,3,0,1.0,0.1140740803425482,0.1574451819024742,0.0,0.0,none,0.2913265391704706,1.0,1.0,1.0,0.2913265391704706,False
MNE,6,Economic and fiscal governance,0.5008862107351659,3,0,1.0,0.1140740803425482,0.1574451819024742,0.0,0.0,none,0.5008862107351659,1.0,1.0,1.0,0.5008862107351659,False
MNG,6,Economic and fiscal governance,0.477113461597512,3,0,1.0,0.1140740803425482,0.1574451819024742,0.0,0.0,none,0.477113461597512,1.0,1.0,1.0,0.477113461597512,False
MOZ,6,Economic and fiscal governance,0.3453926639900374,3,0,1.0,0.1140740803425482,0.1574451819024742,0.0,0.0,none,0.3453926639900374,1.0,1.0,1.0,0.3453926639900374,False
MRT,6,Economic and fiscal governance,0.3258749740303764,3,0,1.0,0.1140740803425482,0.1574451819024742,0.0,0.0,none,0.3258749740303764,1.0,1.0,1.0,0.3258749740303764,False
MUS,6,Economic and fiscal governance,0.6303080969521531,3,0,1.0,0.1140740803425482,0.1574451819024742,0.0,0.0,none,0.6303080969521531,1.0,1.0,1.0,0.6303080969521531,False
MWI,6,Economic and fiscal governance,0.4217813673718489,3,0,1.0,0.1140740803425482,0.1574451819024742,0.0,0.0,none,0.4217813673718489,1.0,1.0,1.0,0.4217813673718489,False
MYS,6,Economic and fiscal governance,0.5988695401892912,3,0,1.0,0.1140740803425482,0.1574451819024742,0.0,0.0,none,0.5988695401892912,1.0,1.0,1.0,0.5988695401892912,False
NAM,6,Economic and fiscal governance,0.5009033897078476,3,0,1.0,0.1140740803425482,0.1574451819024742,0.0,0.0,none,0.5009033897078476,1.0,1.0,1.0,0.5009033897078476,False
NER,6,Economic and fiscal governance,0.3979174618487149,3,0,1.0,0.1140740803425482,0.1574451819024742,0.0,0.0,none,0.3979174618487149,1.0,1.0,1.0,0.3979174618487149,False
NGA,6,Economic and fiscal governance,0.3982208318552435,3,0,1.0,0.1140740803425482,0.1574451819024742,0.0,0.0,none,0.3982208318552435,1.0,1.0,1.0,0.3982208318552435,False
NIC,6,Economic and fiscal governance,0.3290503240513854,3,0,1.0,0.1140740803425482,0.1574451819024742,0.0,0.0,none,0.3290503240513854,1.0,1.0,1.0,0.3290503240513854,False
NLD,6,Economic and fiscal governance,0.7766097209482895,3,0,1.0,0.1140740803425482,0.1574451819024742,0.0,0.0,none,0.7766097209482895,1.0,1.0,1.0,0.7766097209482895,False
NOR,6,Economic and fiscal governance,0.7898839412006659,3,0,1.0,0.1140740803425482,0.1574451819024742,0.0,0.0,none,0.7898839412006659,1.0,1.0,1.0,0.7898839412006659,False
NPL,6,Economic and fiscal governance,0.4607889629416073,3,0,1.0,0.1140740803425482,0.1574451819024742,0.0,0.0,none,0.4607889629416073,1.0,1.0,1.0,0.4607889629416073,False
NRU,6,Economic and fiscal governance,0.4039597638553404,1,0,1.0,0.1140740803425482,0.1574451819024742,0.0,0.0,none,0.4039597638553404,1.0,1.0,1.0,0.4039597638553404,True
NZL,6,Economic and fiscal governance,0.837750061114021,3,0,1.0,0.1140740803425482,0.1574451819024742,0.0,0.0,none,0.837750061114021,1.0,1.0,1.0,0.837750061114021,False
OMN,6,Economic and fiscal governance,0.6089293442334406,2,0,1.0,0.1140740803425482,0.1574451819024742,0.0,0.0,none,0.6089293442334406,1.0,1.0,1.0,0.6089293442334406,False
PAK,6,Economic and fiscal governance,0.3676265448126337,3,0,1.0,0.1140740803425482,0.1574451819024742,0.0,0.0,none,0.3676265448126337,1.0,1.0,1.0,0.3676265448126337,False
PAN,6,Economic and fiscal governance,0.4909640799047756,3,0,1.0,0.1140740803425482,0.1574451819024742,0.0,0.0,none,0.4909640799047756,1.0,1.0,1.0,0.4909640799047756,False
PER,6,Economic and fiscal governance,0.487229611119543,3,0,1.0,0.1140740803425482,0.1574451819024742,0.0,0.0,none,0.487229611119543,1.0,1.0,1.0,0.487229611119543,False
PHL,6,Economic and fiscal governance,0.4823292712812107,3,0,1.0,0.1140740803425482,0.1574451819024742,0.0,0.0,none,0.4823292712812107,1.0,1.0,1.0,0.4823292712812107,False
PLW,6,Economic and fiscal governance,0.5796158968904715,1,0,1.0,0.1140740803425482,0.1574451819024742,0.0,0.0,none,0.5796158968904715,1.0,1.0,1.0,0.5796158968904715,True
PNG,6,Economic and fiscal governance,0.4387021028253029,2,0,1.0,0.1140740803425482,0.1574451819024742,0.0,0.0,none,0.4387021028253029,1.0,1.0,1.0,0.4387021028253029,False
POL,6,Economic and fiscal governance,0.5985995734354745,3,0,1.0,0.1140740803425482,0.1574451819024742,0.0,0.0,none,0.5985995734354745,1.0,1.0,1.0,0.5985995734354745,False
PRI,6,Economic and fiscal governance,0.6095932045307807,1,0,1.0,0.1140740803425482,0.1574451819024742,0.0,0.0,none,0.6095932045307807,1.0,1.0,1.0,0.6095932045307807,True
PRT,6,Economic and fiscal governance,0.589977070188113,3,0,1.0,0.1140740803425482,0.1574451819024742,0.0,0.0,none,0.589977070188113,1.0,1.0,1.0,0.589977070188113,False
PRY,6,Economic and fiscal governance,0.4599373024092454,3,0,1.0,0.1140740803425482,0.1574451819024742,0.0,0.0,none,0.4599373024092454,1.0,1.0,1.0,0.4599373024092454,False
PSE,6,Economic and fiscal governance,0.4138978279006876,1,0,1.0,0.1140740803425482,0.1574451819024742,0.0,0.0,none,0.4138978279006876,1.0,1.0,1.0,0.4138978279006876,True
QAT,6,Economic and fiscal governance,0.641791231431565,3,0,1.0,0.1140740803425482,0.1574451819024742,0.0,0.0,none,0.641791231431565,1.0,1.0,1.0,0.641791231431565,False
ROU,6,Economic and fiscal governance,0.5407764642634774,3,0,1.0,0.1140740803425482,0.1574451819024742,0.0,0.0,none,0.5407764642634774,1.0,1.0,1.0,0.5407764642634774,False
RUS,6,Economic and fiscal governance,0.3319267700231388,3,0,1.0,0.1140740803425482,0.1574451819024742,0.0,0.0,none,0.3319267700231388,1.0,1.0,1.0,0.3319267700231388,False
RWA,6,Economic and fiscal governance,0.5643097914280217,3,0,1.0,0.1140740803425482,0.1574451819024742,0.0,0.0,none,0.5643097914280217,1.0,1.0,1.0,0.5643097914280217,False
SAU,6,Economic and fiscal governance,0.6011900111751002,2,0,1.0,0.1140740803425482,0.1574451819024742,0.0,0.0,none,0.6011900111751002,1.0,1.0,1.0,0.6011900111751002,False
SDN,6,Economic and fiscal governance,0.2268542542760299,3,0,1.0,0.1140740803425482,0.1574451819024742,0.0,0.0,none,0.2268542542760299,1.0,1.0,1.0,0.2268542542760299,False
SEN,6,Economic and fiscal governance,0.4881567523051542,3,0,1.0,0.1140740803425482,0.1574451819024742,0.0,0.0,none,0.4881567523051542,1.0,1.0,1.0,0.4881567523051542,False
SGP,6,Economic and fiscal governance,0.8497405999263755,3,0,1.0,0.1140740803425482,0.1574451819024742,0.0,0.0,none,0.8497405999263755,1.0,1.0,1.0,0.8497405999263755,False
SLB,6,Economic and fiscal governance,0.3403933950913831,1,0,1.0,0.1140740803425482,0.1574451819024742,0.0,0.0,none,0.3403933950913831,1.0,1.0,1.0,0.3403933950913831,True
SLE,6,Economic and fiscal governance,0.3199600348144354,3,0,1.0,0.1140740803425482,0.1574451819024742,0.0,0.0,none,0.3199600348144354,1.0,1.0,1.0,0.3199600348144354,False
SLV,6,Economic and fiscal governance,0.447526789721817,3,0,1.0,0.1140740803425482,0.1574451819024742,0.0,0.0,none,0.447526789721817,1.0,1.0,1.0,0.447526789721817,False
SMR,6,Economic and fiscal governance,0.6467137975389772,1,0,1.0,0.1140740803425482,0.1574451819024742,0.0,0.0,none,0.6467137975389772,1.0,1.0,1.0,0.6467137975389772,True
SOM,6,Economic and fiscal governance,0.2020269267397512,2,0,1.0,0.1140740803425482,0.1574451819024742,0.0,0.0,none,0.2020269267397512,1.0,1.0,1.0,0.2020269267397512,False
SRB,6,Economic and fiscal governance,0.4625607308503433,3,0,1.0,0.1140740803425482,0.1574451819024742,0.0,0.0,none,0.4625607308503433,1.0,1.0,1.0,0.4625607308503433,False
SSD,6,Economic and fiscal governance,0.1585626267313193,1,0,1.0,0.1140740803425482,0.1574451819024742,0.0,0.0,none,0.1585626267313193,1.0,1.0,1.0,0.1585626267313193,True
STP,6,Economic and fiscal governance,0.3399717470146603,1,0,1.0,0.1140740803425482,0.1574451819024742,0.0,0.0,none,0.3399717470146603,1.0,1.0,1.0,0.3399717470146603,True
SUR,6,Economic and fiscal governance,0.3900967025789039,3,0,1.0,0.1140740803425482,0.1574451819024742,0.0,0.0,none,0.3900967025789039,1.0,1.0,1.0,0.3900967025789039,False
SVK,6,Economic and fiscal governance,0.5738770864210613,3,0,1.0,0.1140740803425482,0.1574451819024742,0.0,0.0,none,0.5738770864210613,1.0,1.0,1.0,0.5738770864210613,False
SVN,6,Economic and fiscal governance,0.6047355636590966,3,0,1.0,0.1140740803425482,0.1574451819024742,0.0,0.0,none,0.6047355636590966,1.0,1.0,1.0,0.6047355636590966,False
SWE,6,Economic and fiscal governance,0.7781108732678532,3,0,1.0,0.1140740803425482,0.1574451819024742,0.0,0.0,none,0.7781108732678532,1.0,1.0,1.0,0.7781108732678532,False
SWZ,6,Economic and fiscal governance,0.3794401096738132,2,0,1.0,0.1140740803425482,0.1574451819024742,0.0,0.0,none,0.3794401096738132,1.0,1.0,1.0,0.3794401096738132,False
SYC,6,Economic and fiscal governance,0.5707391181543618,2,0,1.0,0.1140740803425482,0.1574451819024742,0.0,0.0,none,0.5707391181543618,1.0,1.0,1.0,0.5707391181543618,False
SYR,6,Economic and fiscal governance,0.1333514794692734,2,0,1.0,0.1140740803425482,0.1574451819024742,0.0,0.0,none,0.1333514794692734,1.0,1.0,1.0,0.1333514794692734,False
TCD,6,Economic and fiscal governance,0.2655923804763927,2,0,1.0,0.1140740803425482,0.1574451819024742,0.0,0.0,none,0.2655923804763927,1.0,1.0,1.0,0.2655923804763927,False
TGO,6,Economic and fiscal governance,0.4446412922319492,3,0,1.0,0.1140740803425482,0.1574451819024742,0.0,0.0,none,0.4446412922319492,1.0,1.0,1.0,0.4446412922319492,False
THA,6,Economic and fiscal governance,0.4826790538891116,3,0,1.0,0.1140740803425482,0.1574451819024742,0.0,0.0,none,0.4826790538891116,1.0,1.0,1.0,0.4826790538891116,False
TJK,6,Economic and fiscal governance,0.4021606918183715,2,0,1.0,0.1140740803425482,0.1574451819024742,0.0,0.0,none,0.4021606918183715,1.0,1.0,1.0,0.4021606918183715,False
TLS,6,Economic and fiscal governance,0.4428963019982737,2,0,1.0,0.1140740803425482,0.1574451819024742,0.0,0.0,none,0.4428963019982737,1.0,1.0,1.0,0.4428963019982737,False
TON,6,Economic and fiscal governance,0.4616044581947077,1,0,1.0,0.1140740803425482,0.1574451819024742,0.0,0.0,none,0.4616044581947077,1.0,1.0,1.0,0.4616044581947077,True
TTO,6,Economic and fiscal governance,0.4675129902540863,3,0,1.0,0.1140740803425482,0.1574451819024742,0.0,0.0,none,0.4675129902540863,1.0,1.0,1.0,0.4675129902540863,False
TUN,6,Economic and fiscal governance,0.4239520706194037,3,0,1.0,0.1140740803425482,0.1574451819024742,0.0,0.0,none,0.4239520706194037,1.0,1.0,1.0,0.4239520706194037,False
TUR,6,Economic and fiscal governance,0.4110418133472146,3,0,1.0,0.1140740803425482,0.1574451819024742,0.0,0.0,none,0.4110418133472146,1.0,1.0,1.0,0.4110418133472146,False
TUV,6,Economic and fiscal governance,0.4253232140111245,1,0,1.0,0.1140740803425482,0.1574451819024742,0.0,0.0,none,0.4253232140111245,1.0,1.0,1.0,0.4253232140111245,True
TZA,6,Economic and fiscal governance,0.4354253509972445,3,0,1.0,0.1140740803425482,0.1574451819024742,0.0,0.0,none,0.4354253509972445,1.0,1.0,1.0,0.4354253509972445,False
UGA,6,Economic and fiscal governance,0.4118862158911233,3,0,1.0,0.1140740803425482,0.1574451819024742,0.0,0.0,none,0.4118862158911233,1.0,1.0,1.0,0.4118862158911233,False
UKR,6,Economic and fiscal governance,0.3771728215343577,3,0,1.0,0.1140740803425482,0.1574451819024742,0.0,0.0,none,0.3771728215343577,1.0,1.0,1.0,0.3771728215343577,False
URY,6,Economic and fiscal governance,0.6333700615936673,3,0,1.0,0.1140740803425482,0.1574451819024742,0.0,0.0,none,0.6333700615936673,1.0,1.0,1.0,0.6333700615936673,False
USA,6,Economic and fiscal governance,0.7303285476888302,3,0,1.0,0.1140740803425482,0.1574451819024742,0.0,0.0,none,0.7303285476888302,1.0,1.0,1.0,0.7303285476888302,False
UZB,6,Economic and fiscal governance,0.4019987182740422,2,0,1.0,0.1140740803425482,0.1574451819024742,0.0,0.0,none,0.4019987182740422,1.0,1.0,1.0,0.4019987182740422,False
VCT,6,Economic and fiscal governance,0.5045881202285657,2,0,1.0,0.1140740803425482,0.1574451819024742,0.0,0.0,none,0.5045881202285657,1.0,1.0,1.0,0.5045881202285657,False
VEN,6,Economic and fiscal governance,0.1140740803425482,3,0,1.0,0.1140740803425482,0.1574451819024742,0.0,0.0,none,0.1140740803425482,1.0,1.0,1.0,0.1140740803425482,False
VIR,6,Economic and fiscal governance,0.6880724418945245,1,0,1.0,0.1140740803425482,0.1574451819024742,0.0,0.0,none,0.6880724418945245,1.0,1.0,1.0,0.6880724418945245,True
VNM,6,Economic and fiscal governance,0.4297711829843768,3,0,1.0,0.1140740803425482,0.1574451819024742,0.0,0.0,none,0.4297711829843768,1.0,1.0,1.0,0.4297711829843768,False
VUT,6,Economic and fiscal governance,0.4388520897377316,1,0,1.0,0.1140740803425482,0.1574451819024742,0.0,0.0,none,0.4388520897377316,1.0,1.0,1.0,0.4388520897377316,True
WSM,6,Economic and fiscal governance,0.477803771740559,1,0,1.0,0.1140740803425482,0.1574451819024742,0.0,0.0,none,0.477803771740559,1.0,1.0,1.0,0.477803771740559,True
XKX,6,Economic and fiscal governance,0.43779167823265,2,0,1.0,0.1140740803425482,0.1574451819024742,0.0,0.0,none,0.43779167823265,1.0,1.0,1.0,0.43779167823265,False
YEM,6,Economic and fiscal governance,0.1459257950943169,2,0,1.0,0.1140740803425482,0.1574451819024742,0.0,0.0,none,0.1459257950943169,1.0,1.0,1.0,0.1459257950943169,False
ZAF,6,Economic and fiscal governance,0.4856545009319514,3,0,1.0,0.1140740803425482,0.1574451819024742,0.0,0.0,none,0.4856545009319514,1.0,1.0,1.0,0.4856545009319514,False
ZMB,6,Economic and fiscal governance,0.394856062357641,3,0,1.0,0.1140740803425482,0.1574451819024742,0.0,0.0,none,0.394856062357641,1.0,1.0,1.0,0.394856062357641,False
ZWE,6,Economic and fiscal governance,0.3055775808493968,3,0,1.0,0.1140740803425482,0.1574451819024742,0.0,0.0,none,0.3055775808493968,1.0,1.0,1.0,0.3055775808493968,False
ABW,8,Economic and fiscal governance,0.4000198719087415,8,3,0.7272727272727273,0.1593546670047506,0.11495225152318961,0.044402415481560986,0.0,none,0.4000198719087415,1.0,1.0,1.0,0.4000198719087415,False
AFG,8,Economic and fiscal governance,0.5120917179097942,8,4,0.6666666666666666,0.1593546670047506,0.11495225152318961,0.044402415481560986,0.0,none,0.5120917179097942,1.0,1.0,1.0,0.5120917179097942,False
AGO,8,Economic and fiscal governance,0.5293009309055831,10,3,0.7692307692307693,0.1593546670047506,0.11495225152318961,0.044402415481560986,0.0,none,0.5293009309055831,1.0,1.0,1.0,0.5293009309055831,False
ALB,8,Economic and fiscal governance,0.6448624302334799,9,4,0.6923076923076923,0.1593546670047506,0.11495225152318961,0.044402415481560986,0.0,none,0.6448624302334799,1.0,1.0,1.0,0.6448624302334799,False
AND,8,Economic and fiscal governance,0.6495330789589073,7,3,0.7,0.1593546670047506,0.11495225152318961,0.044402415481560986,0.0,none,0.6495330789589073,1.0,1.0,1.0,0.6495330789589073,False
ARE,8,Economic and fiscal governance,0.5768555357984341,6,7,0.46153846153846156,0.1593546670047506,0.11495225152318961,0.044402415481560986,0.07692307692307687,endogenous,0.535897603466367,1.0,1.0,1.0,0.535897603466367,True
ARG,8,Economic and fiscal governance,0.4575555475913631,12,1,0.9230769230769231,0.1593546670047506,0.11495225152318961,0.044402415481560986,0.0,none,0.4575555475913631,1.0,1.0,1.0,0.4575555475913631,False
ARM,8,Economic and fiscal governance,0.65525297009679,12,0,1.0,0.1593546670047506,0.11495225152318961,0.044402415481560986,0.0,none,0.65525297009679,1.0,1.0,1.0,0.65525297009679,False
ATG,8,Economic and fiscal governance,0.4085429560568332,9,3,0.75,0.1593546670047506,0.11495225152318961,0.044402415481560986,0.0,none,0.4085429560568332,1.0,1.0,1.0,0.4085429560568332,False
AUS,8,Economic and fiscal governance,0.4730923109875606,10,3,0.7692307692307693,0.1593546670047506,0.11495225152318961,0.044402415481560986,0.0,none,0.4730923109875606,1.0,1.0,1.0,0.4730923109875606,False
AUT,8,Economic and fiscal governance,0.6800597719276988,10,3,0.7692307692307693,0.1593546670047506,0.11495225152318961,0.044402415481560986,0.0,none,0.6800597719276988,1.0,1.0,1.0,0.6800597719276988,False
AZE,8,Economic and fiscal governance,0.5606585304256663,11,2,0.8461538461538461,0.1593546670047506,0.11495225152318961,0.044402415481560986,0.0,none,0.5606585304256663,1.0,1.0,1.0,0.5606585304256663,False
BDI,8,Economic and fiscal governance,0.494290117346751,11,2,0.8461538461538461,0.1593546670047506,0.11495225152318961,0.044402415481560986,0.0,none,0.494290117346751,1.0,1.0,1.0,0.494290117346751,False
BEL,8,Economic and fiscal governance,0.651193199522137,9,4,0.6923076923076923,0.1593546670047506,0.11495225152318961,0.044402415481560986,0.0,none,0.651193199522137,1.0,1.0,1.0,0.651193199522137,False
BEN,8,Economic and fiscal governance,0.6052143943553728,9,4,0.6923076923076923,0.1593546670047506,0.11495225152318961,0.044402415481560986,0.0,none,0.6052143943553728,1.0,1.0,1.0,0.6052143943553728,False
BFA,8,Economic and fiscal governance,0.5250341124166631,11,2,0.8461538461538461,0.1593546670047506,0.11495225152318961,0.044402415481560986,0.0,none,0.5250341124166631,1.0,1.0,1.0,0.5250341124166631,False
BGD,8,Economic and fiscal governance,0.4371954632046792,9,4,0.6923076923076923,0.1593546670047506,0.11495225152318961,0.044402415481560986,0.0,none,0.4371954632046792,1.0,1.0,1.0,0.4371954632046792,False
BGR,8,Economic and fiscal governance,0.6765041344484457,11,2,0.8461538461538461,0.1593546670047506,0.11495225152318961,0.044402415481560986,0.0,none,0.6765041344484457,1.0,1.0,1.0,0.6765041344484457,False
BHR,8,Economic and fiscal governance,0.4835006453619014,6,7,0.46153846153846156,0.1593546670047506,0.11495225152318961,0.044402415481560986,0.07692307692307687,endogenous,0.4497238584480291,1.0,1.0,1.0,0.4497238584480291,True
BHS,8,Economic and fiscal governance,0.5109476167514183,10,3,0.7692307692307693,0.1593546670047506,0.11495225152318961,0.044402415481560986,0.0,none,0.5109476167514183,1.0,1.0,1.0,0.5109476167514183,False
BIH,8,Economic and fiscal governance,0.5417540725130596,7,6,0.5384615384615384,0.1593546670047506,0.11495225152318961,0.044402415481560986,0.0,none,0.5417540725130596,1.0,1.0,1.0,0.5417540725130596,False
BLR,8,Economic and fiscal governance,0.5408760131821544,6,7,0.46153846153846156,0.1593546670047506,0.11495225152318961,0.044402415481560986,0.07692307692307687,endogenous,0.5026857364359549,1.0,1.0,1.0,0.5026857364359549,True
BLZ,8,Economic and fiscal governance,0.2114002414154152,4,7,0.36363636363636365,0.1593546670047506,0.11495225152318961,0.044402415481560986,0.2727272727272727,endogenous,0.1658553797970913,1.0,1.0,1.0,0.1658553797970913,True
BOL,8,Economic and fiscal governance,0.5534305313384892,8,4,0.6666666666666666,0.1593546670047506,0.11495225152318961,0.044402415481560986,0.0,none,0.5534305313384892,1.0,1.0,1.0,0.5534305313384892,False
BRA,8,Economic and fiscal governance,0.6589799967945772,10,3,0.7692307692307693,0.1593546670047506,0.11495225152318961,0.044402415481560986,0.0,none,0.6589799967945772,1.0,1.0,1.0,0.6589799967945772,False
BRB,8,Economic and fiscal governance,0.1771704114160665,8,3,0.7272727272727273,0.1593546670047506,0.11495225152318961,0.044402415481560986,0.0,none,0.1771704114160665,1.0,1.0,1.0,0.1771704114160665,False
BRN,8,Economic and fiscal governance,0.5759562519307245,5,7,0.4166666666666667,0.1593546670047506,0.11495225152318961,0.044402415481560986,0.16666666666666663,endogenous,0.48736394585586396,1.0,1.0,1.0,0.48736394585586396,True
BTN,8,Economic and fiscal governance,0.5306417639949872,7,5,0.5833333333333334,0.1593546670047506,0.11495225152318961,0.044402415481560986,0.0,none,0.5306417639949872,1.0,1.0,1.0,0.5306417639949872,False
BWA,8,Economic and fiscal governance,0.5675314103487797,13,0,1.0,0.1593546670047506,0.11495225152318961,0.044402415481560986,0.0,none,0.5675314103487797,1.0,1.0,1.0,0.5675314103487797,False
CAF,8,Economic and fiscal governance,0.4439067122787009,8,4,0.6666666666666666,0.1593546670047506,0.11495225152318961,0.044402415481560986,0.0,none,0.4439067122787009,1.0,1.0,1.0,0.4439067122787009,False
CAN,8,Economic and fiscal governance,0.4385358505343015,11,2,0.8461538461538461,0.1593546670047506,0.11495225152318961,0.044402415481560986,0.0,none,0.4385358505343015,1.0,1.0,1.0,0.4385358505343015,False
CHE,8,Economic and fiscal governance,0.6350412289912745,10,3,0.7692307692307693,0.1593546670047506,0.11495225152318961,0.044402415481560986,0.0,none,0.6350412289912745,1.0,1.0,1.0,0.6350412289912745,False
CHL,8,Economic and fiscal governance,0.5946258271803064,11,2,0.8461538461538461,0.1593546670047506,0.11495225152318961,0.044402415481560986,0.0,none,0.5946258271803064,1.0,1.0,1.0,0.5946258271803064,False
CHN,8,Economic and fiscal governance,0.4141379782857339,7,6,0.5384615384615384,0.1593546670047506,0.11495225152318961,0.044402415481560986,0.0,none,0.4141379782857339,1.0,1.0,1.0,0.4141379782857339,False
CIV,8,Economic and fiscal governance,0.5785340459529695,11,2,0.8461538461538461,0.1593546670047506,0.11495225152318961,0.044402415481560986,0.0,none,0.5785340459529695,1.0,1.0,1.0,0.5785340459529695,False
CMR,8,Economic and fiscal governance,0.509881438420543,10,2,0.8333333333333334,0.1593546670047506,0.11495225152318961,0.044402415481560986,0.0,none,0.509881438420543,1.0,1.0,1.0,0.509881438420543,False
COD,8,Economic and fiscal governance,0.4097749627810845,11,2,0.8461538461538461,0.1593546670047506,0.11495225152318961,0.044402415481560986,0.0,none,0.4097749627810845,1.0,1.0,1.0,0.4097749627810845,False
COG,8,Economic and fiscal governance,0.4637591815215432,7,5,0.5833333333333334,0.1593546670047506,0.11495225152318961,0.044402415481560986,0.0,none,0.4637591815215432,1.0,1.0,1.0,0.4637591815215432,False
COL,8,Economic and fiscal governance,0.5621468493839653,13,0,1.0,0.1593546670047506,0.11495225152318961,0.044402415481560986,0.0,none,0.5621468493839653,1.0,1.0,1.0,0.5621468493839653,False
COM,8,Economic and fiscal governance,0.2943369762034786,6,6,0.5,0.1593546670047506,0.11495225152318961,0.044402415481560986,0.0,none,0.2943369762034786,1.0,1.0,1.0,0.2943369762034786,True
CPV,8,Economic and fiscal governance,0.4951297138965985,8,4,0.6666666666666666,0.1593546670047506,0.11495225152318961,0.044402415481560986,0.0,none,0.4951297138965985,1.0,1.0,1.0,0.4951297138965985,False
CRI,8,Economic and fiscal governance,0.6385705336697178,13,0,1.0,0.1593546670047506,0.11495225152318961,0.044402415481560986,0.0,none,0.6385705336697178,1.0,1.0,1.0,0.6385705336697178,False
CUB,8,Economic and fiscal governance,0.1593546670047506,1,7,0.125,0.1593546670047506,0.11495225152318961,0.044402415481560986,0.75,endogenous,0.07314047836235839,1.0,1.0,1.0,0.07314047836235839,True
CUW,8,Economic and fiscal governance,0.5100041692327215,4,7,0.36363636363636365,0.1593546670047506,0.11495225152318961,0.044402415481560986,0.2727272727272727,endogenous,0.3830218727551323,1.0,1.0,1.0,0.3830218727551323,True
CYP,8,Economic and fiscal governance,0.6165242461393832,10,3,0.7692307692307693,0.1593546670047506,0.11495225152318961,0.044402415481560986,0.0,none,0.6165242461393832,1.0,1.0,1.0,0.6165242461393832,False
CZE,8,Economic and fiscal governance,0.59633684532497,11,2,0.8461538461538461,0.1593546670047506,0.11495225152318961,0.044402415481560986,0.0,none,0.59633684532497,1.0,1.0,1.0,0.59633684532497,False
DEU,8,Economic and fiscal governance,0.737628944781753,11,2,0.8461538461538461,0.1593546670047506,0.11495225152318961,0.044402415481560986,0.0,none,0.737628944781753,1.0,1.0,1.0,0.737628944781753,False
DJI,8,Economic and fiscal governance,0.4874869773074001,6,5,0.5454545454545454,0.1593546670047506,0.11495225152318961,0.044402415481560986,0.0,none,0.4874869773074001,1.0,1.0,1.0,0.4874869773074001,True
DMA,8,Economic and fiscal governance,0.3893323092225559,8,4,0.6666666666666666,0.1593546670047506,0.11495225152318961,0.044402415481560986,0.0,none,0.3893323092225559,1.0,1.0,1.0,0.3893323092225559,False
DNK,8,Economic and fiscal governance,0.5717119256754108,10,3,0.7692307692307693,0.1593546670047506,0.11495225152318961,0.044402415481560986,0.0,none,0.5717119256754108,1.0,1.0,1.0,0.5717119256754108,False
DOM,8,Economic and fiscal governance,0.6181099939077422,12,1,0.9230769230769231,0.1593546670047506,0.11495225152318961,0.044402415481560986,0.0,none,0.6181099939077422,1.0,1.0,1.0,0.6181099939077422,False
DZA,8,Economic and fiscal governance,0.3766341654702901,7,6,0.5384615384615384,0.1593546670047506,0.11495225152318961,0.044402415481560986,0.0,none,0.3766341654702901,1.0,1.0,1.0,0.3766341654702901,False
ECU,8,Economic and fiscal governance,0.5530680668780652,11,2,0.8461538461538461,0.1593546670047506,0.11495225152318961,0.044402415481560986,0.0,none,0.5530680668780652,1.0,1.0,1.0,0.5530680668780652,False
EGY,8,Economic and fiscal governance,0.5244700574018211,6,6,0.5,0.1593546670047506,0.11495225152318961,0.044402415481560986,0.0,none,0.5244700574018211,1.0,1.0,1.0,0.5244700574018211,True
ESP,8,Economic and fiscal governance,0.6638023942614093,11,2,0.8461538461538461,0.1593546670047506,0.11495225152318961,0.044402415481560986,0.0,none,0.6638023942614093,1.0,1.0,1.0,0.6638023942614093,False
EST,8,Economic and fiscal governance,0.7009868400351774,10,3,0.7692307692307693,0.1593546670047506,0.11495225152318961,0.044402415481560986,0.0,none,0.7009868400351774,1.0,1.0,1.0,0.7009868400351774,False
ETH,8,Economic and fiscal governance,0.3416551037515407,9,4,0.6923076923076923,0.1593546670047506,0.11495225152318961,0.044402415481560986,0.0,none,0.3416551037515407,1.0,1.0,1.0,0.3416551037515407,False
FIN,8,Economic and fiscal governance,0.5429155014524223,10,3,0.7692307692307693,0.1593546670047506,0.11495225152318961,0.044402415481560986,0.0,none,0.5429155014524223,1.0,1.0,1.0,0.5429155014524223,False
FJI,8,Economic and fiscal governance,0.49616851935673,8,4,0.6666666666666666,0.1593546670047506,0.11495225152318961,0.044402415481560986,0.0,none,0.49616851935673,1.0,1.0,1.0,0.49616851935673,False
FRA,8,Economic and fiscal governance,0.748027389006471,11,2,0.8461538461538461,0.1593546670047506,0.11495225152318961,0.044402415481560986,0.0,none,0.748027389006471,1.0,1.0,1.0,0.748027389006471,False
FSM,8,Economic and fiscal governance,0.4672467469321963,4,7,0.36363636363636365,0.1593546670047506,0.11495225152318961,0.044402415481560986,0.2727272727272727,endogenous,0.35192556562747757,1.0,1.0,1.0,0.35192556562747757,True
GAB,8,Economic and fiscal governance,0.4479012778929593,9,3,0.75,0.1593546670047506,0.11495225152318961,0.044402415481560986,0.0,none,0.4479012778929593,1.0,1.0,1.0,0.4479012778929593,False
GBR,8,Economic and fiscal governance,0.4626510206410795,10,3,0.7692307692307693,0.1593546670047506,0.11495225152318961,0.044402415481560986,0.0,none,0.4626510206410795,1.0,1.0,1.0,0.4626510206410795,False
GEO,8,Economic and fiscal governance,0.6853484930182921,13,0,1.0,0.1593546670047506,0.11495225152318961,0.044402415481560986,0.0,none,0.6853484930182921,1.0,1.0,1.0,0.6853484930182921,False
GHA,8,Economic and fiscal governance,0.5053847371890967,9,4,0.6923076923076923,0.1593546670047506,0.11495225152318961,0.044402415481560986,0.0,none,0.5053847371890967,1.0,1.0,1.0,0.5053847371890967,False
GIN,8,Economic and fiscal governance,0.3897070706293208,8,4,0.6666666666666666,0.1593546670047506,0.11495225152318961,0.044402415481560986,0.0,none,0.3897070706293208,1.0,1.0,1.0,0.3897070706293208,False
GMB,8,Economic and fiscal governance,0.4791368811261088,9,4,0.6923076923076923,0.1593546670047506,0.11495225152318961,0.044402415481560986,0.0,none,0.4791368811261088,1.0,1.0,1.0,0.4791368811261088,False
GNB,8,Economic and fiscal governance,0.5214449146548223,9,4,0.6923076923076923,0.1593546670047506,0.11495225152318961,0.044402415481560986,0.0,none,0.5214449146548223,1.0,1.0,1.0,0.5214449146548223,False
GNQ,8,Economic and fiscal governance,0.4418020041012245,8,4,0.6666666666666666,0.1593546670047506,0.11495225152318961,0.044402415481560986,0.0,none,0.4418020041012245,1.0,1.0,1.0,0.4418020041012245,False
GRC,8,Economic and fiscal governance,0.6930082235905526,10,3,0.7692307692307693,0.1593546670047506,0.11495225152318961,0.044402415481560986,0.0,none,0.6930082235905526,1.0,1.0,1.0,0.6930082235905526,False
GRD,8,Economic and fiscal governance,0.4545881810884792,9,3,0.75,0.1593546670047506,0.11495225152318961,0.044402415481560986,0.0,none,0.4545881810884792,1.0,1.0,1.0,0.4545881810884792,False
GRL,8,Economic and fiscal governance,0.8029112486851023,2,5,0.2857142857142857,0.1593546670047506,0.11495225152318961,0.044402415481560986,0.4285714285714286,endogenous,0.47783603445501316,1.0,1.0,1.0,0.47783603445501316,True
GTM,8,Economic and fiscal governance,0.5218988795712771,8,4,0.6666666666666666,0.1593546670047506,0.11495225152318961,0.044402415481560986,0.0,none,0.5218988795712771,1.0,1.0,1.0,0.5218988795712771,False
GUY,8,Economic and fiscal governance,0.6900418221599702,4,7,0.36363636363636365,0.1593546670047506,0.11495225152318961,0.044402415481560986,0.2727272727272727,endogenous,0.5139583476113132,1.0,1.0,1.0,0.5139583476113132,True
HKG,8,Economic and fiscal governance,0.6147463347435878,8,4,0.6666666666666666,0.1593546670047506,0.11495225152318961,0.044402415481560986,0.0,none,0.6147463347435878,1.0,1.0,1.0,0.6147463347435878,False
HND,8,Economic and fiscal governance,0.5371199115941947,10,2,0.8333333333333334,0.1593546670047506,0.11495225152318961,0.044402415481560986,0.0,none,0.5371199115941947,1.0,1.0,1.0,0.5371199115941947,False
HRV,8,Economic and fiscal governance,0.6350320498044418,11,2,0.8461538461538461,0.1593546670047506,0.11495225152318961,0.044402415481560986,0.0,none,0.6350320498044418,1.0,1.0,1.0,0.6350320498044418,False
HTI,8,Economic and fiscal governance,0.4448602611359484,6,7,0.46153846153846156,0.1593546670047506,0.11495225152318961,0.044402415481560986,0.07692307692307687,endogenous,0.4140558114702263,1.0,1.0,1.0,0.4140558114702263,True
HUN,8,Economic and fiscal governance,0.6452486763047012,10,3,0.7692307692307693,0.1593546670047506,0.11495225152318961,0.044402415481560986,0.0,none,0.6452486763047012,1.0,1.0,1.0,0.6452486763047012,False
IDN,8,Economic and fiscal governance,0.5433311660485303,12,1,0.9230769230769231,0.1593546670047506,0.11495225152318961,0.044402415481560986,0.0,none,0.5433311660485303,1.0,1.0,1.0,0.5433311660485303,False
IND,8,Economic and fiscal governance,0.4286563231714987,11,2,0.8461538461538461,0.1593546670047506,0.11495225152318961,0.044402415481560986,0.0,none,0.4286563231714987,1.0,1.0,1.0,0.4286563231714987,False
IRL,8,Economic and fiscal governance,0.6152259441354303,10,3,0.7692307692307693,0.1593546670047506,0.11495225152318961,0.044402415481560986,0.0,none,0.6152259441354303,1.0,1.0,1.0,0.6152259441354303,False
IRN,8,Economic and fiscal governance,0.3828392620413067,9,3,0.75,0.1593546670047506,0.11495225152318961,0.044402415481560986,0.0,none,0.3828392620413067,1.0,1.0,1.0,0.3828392620413067,False
IRQ,8,Economic and fiscal governance,0.3961410465249491,8,4,0.6666666666666666,0.1593546670047506,0.11495225152318961,0.044402415481560986,0.0,none,0.3961410465249491,1.0,1.0,1.0,0.3961410465249491,False
ISL,8,Economic and fiscal governance,0.5181402995486575,9,4,0.6923076923076923,0.1593546670047506,0.11495225152318961,0.044402415481560986,0.0,none,0.5181402995486575,1.0,1.0,1.0,0.5181402995486575,False
ISR,8,Economic and fiscal governance,0.5616223380526723,8,4,0.6666666666666666,0.1593546670047506,0.11495225152318961,0.044402415481560986,0.0,none,0.5616223380526723,1.0,1.0,1.0,0.5616223380526723,False
ITA,8,Economic and fiscal governance,0.6811190661104776,11,2,0.8461538461538461,0.1593546670047506,0.11495225152318961,0.044402415481560986,0.0,none,0.6811190661104776,1.0,1.0,1.0,0.6811190661104776,False
JAM,8,Economic and fiscal governance,0.545518046701919,13,0,1.0,0.1593546670047506,0.11495225152318961,0.044402415481560986,0.0,none,0.545518046701919,1.0,1.0,1.0,0.545518046701919,False
JOR,8,Economic and fiscal governance,0.5988650690160047,9,4,0.6923076923076923,0.1593546670047506,0.11495225152318961,0.044402415481560986,0.0,none,0.5988650690160047,1.0,1.0,1.0,0.5988650690160047,False
JPN,8,Economic and fiscal governance,0.4157865891184289,10,3,0.7692307692307693,0.1593546670047506,0.11495225152318961,0.044402415481560986,0.0,none,0.4157865891184289,1.0,1.0,1.0,0.4157865891184289,False
KAZ,8,Economic and fiscal governance,0.5572254756468956,13,0,1.0,0.1593546670047506,0.11495225152318961,0.044402415481560986,0.0,none,0.5572254756468956,1.0,1.0,1.0,0.5572254756468956,False
KEN,8,Economic and fiscal governance,0.4867143868472719,13,0,1.0,0.1593546670047506,0.11495225152318961,0.044402415481560986,0.0,none,0.4867143868472719,1.0,1.0,1.0,0.4867143868472719,False
KGZ,8,Economic and fiscal governance,0.6136201780900665,9,4,0.6923076923076923,0.1593546670047506,0.11495225152318961,0.044402415481560986,0.0,none,0.6136201780900665,1.0,1.0,1.0,0.6136201780900665,False
KHM,8,Economic and fiscal governance,0.4731127493463651,13,0,1.0,0.1593546670047506,0.11495225152318961,0.044402415481560986,0.0,none,0.4731127493463651,1.0,1.0,1.0,0.4731127493463651,False
KIR,8,Economic and fiscal governance,0.2375042663707052,8,3,0.7272727272727273,0.1593546670047506,0.11495225152318961,0.044402415481560986,0.0,none,0.2375042663707052,1.0,1.0,1.0,0.2375042663707052,False
KNA,8,Economic and fiscal governance,0.3274363564491687,8,5,0.6153846153846154,0.1593546670047506,0.11495225152318961,0.044402415481560986,0.0,none,0.3274363564491687,1.0,1.0,1.0,0.3274363564491687,False
KOR,8,Economic and fiscal governance,0.6474401617788927,7,6,0.5384615384615384,0.1593546670047506,0.11495225152318961,0.044402415481560986,0.0,none,0.6474401617788927,1.0,1.0,1.0,0.6474401617788927,False
KWT,8,Economic and fiscal governance,0.4895070844314365,6,7,0.46153846153846156,0.1593546670047506,0.11495225152318961,0.044402415481560986,0.07692307692307687,endogenous,0.4552682637429845,1.0,1.0,1.0,0.4552682637429845,True
LAO,8,Economic and fiscal governance,0.4005694356888284,8,5,0.6153846153846154,0.1593546670047506,0.11495225152318961,0.044402415481560986,0.0,none,0.4005694356888284,1.0,1.0,1.0,0.4005694356888284,False
LBN,8,Economic and fiscal governance,0.3676306064343563,7,6,0.5384615384615384,0.1593546670047506,0.11495225152318961,0.044402415481560986,0.0,none,0.3676306064343563,1.0,1.0,1.0,0.3676306064343563,False
LBR,8,Economic and fiscal governance,0.5229442616493363,12,0,1.0,0.1593546670047506,0.11495225152318961,0.044402415481560986,0.0,none,0.5229442616493363,1.0,1.0,1.0,0.5229442616493363,False
LBY,8,Economic and fiscal governance,0.3610255752800469,5,7,0.4166666666666667,0.1593546670047506,0.11495225152318961,0.044402415481560986,0.16666666666666663,endogenous,0.3082550486469659,1.0,1.0,1.0,0.3082550486469659,True
LCA,8,Economic and fiscal governance,0.2963887694495727,7,5,0.5833333333333334,0.1593546670047506,0.11495225152318961,0.044402415481560986,0.0,none,0.2963887694495727,1.0,1.0,1.0,0.2963887694495727,False
LKA,8,Economic and fiscal governance,0.4840276721121904,11,2,0.8461538461538461,0.1593546670047506,0.11495225152318961,0.044402415481560986,0.0,none,0.4840276721121904,1.0,1.0,1.0,0.4840276721121904,False
LSO,8,Economic and fiscal governance,0.431480103598895,8,4,0.6666666666666666,0.1593546670047506,0.11495225152318961,0.044402415481560986,0.0,none,0.431480103598895,1.0,1.0,1.0,0.431480103598895,False
LTU,8,Economic and fiscal governance,0.754705904384368,10,3,0.7692307692307693,0.1593546670047506,0.11495225152318961,0.044402415481560986,0.0,none,0.754705904384368,1.0,1.0,1.0,0.754705904384368,False
LUX,8,Economic and fiscal governance,0.7122415311428756,8,4,0.6666666666666666,0.1593546670047506,0.11495225152318961,0.044402415481560986,0.0,none,0.7122415311428756,1.0,1.0,1.0,0.7122415311428756,False
LVA,8,Economic and fiscal governance,0.7580522886203324,10,3,0.7692307692307693,0.1593546670047506,0.11495225152318961,0.044402415481560986,0.0,none,0.7580522886203324,1.0,1.0,1.0,0.7580522886203324,False
MAC,8,Economic and fiscal governance,0.5917020788180732,3,7,0.3,0.1593546670047506,0.11495225152318961,0.044402415481560986,0.4,endogenous,0.37278221348346835,1.0,1.0,1.0,0.37278221348346835,True
MAR,8,Economic and fiscal governance,0.517802768056486,12,1,0.9230769230769231,0.1593546670047506,0.11495225152318961,0.044402415481560986,0.0,none,0.517802768056486,1.0,1.0,1.0,0.517802768056486,False
MDA,8,Economic and fiscal governance,0.6456912652303479,9,4,0.6923076923076923,0.1593546670047506,0.11495225152318961,0.044402415481560986,0.0,none,0.6456912652303479,1.0,1.0,1.0,0.6456912652303479,False
MDG,8,Economic and fiscal governance,0.3611091484316657,7,4,0.6363636363636364,0.1593546670047506,0.11495225152318961,0.044402415481560986,0.0,none,0.3611091484316657,1.0,1.0,1.0,0.3611091484316657,False
MDV,8,Economic and fiscal governance,0.4055966503980789,11,1,0.9166666666666666,0.1593546670047506,0.11495225152318961,0.044402415481560986,0.0,none,0.4055966503980789,1.0,1.0,1.0,0.4055966503980789,False
MEX,8,Economic and fiscal governance,0.5662708485871903,10,3,0.7692307692307693,0.1593546670047506,0.11495225152318961,0.044402415481560986,0.0,none,0.5662708485871903,1.0,1.0,1.0,0.5662708485871903,False
MHL,8,Economic and fiscal governance,0.4798119589098177,8,3,0.7272727272727273,0.1593546670047506,0.11495225152318961,0.044402415481560986,0.0,none,0.4798119589098177,1.0,1.0,1.0,0.4798119589098177,False
MKD,8,Economic and fiscal governance,0.5642759020012168,9,4,0.6923076923076923,0.1593546670047506,0.11495225152318961,0.044402415481560986,0.0,none,0.5642759020012168,1.0,1.0,1.0,0.5642759020012168,False
MLI,8,Economic and fiscal governance,0.5141004307941848,11,2,0.8461538461538461,0.1593546670047506,0.11495225152318961,0.044402415481560986,0.0,none,0.5141004307941848,1.0,1.0,1.0,0.5141004307941848,False
MLT,8,Economic and fiscal governance,0.7420764046757645,10,3,0.7692307692307693,0.1593546670047506,0.11495225152318961,0.044402415481560986,0.0,none,0.7420764046757645,1.0,1.0,1.0,0.7420764046757645,False
MMR,8,Economic and fiscal governance,0.4559700989279042,8,4,0.6666666666666666,0.1593546670047506,0.11495225152318961,0.044402415481560986,0.0,none,0.4559700989279042,1.0,1.0,1.0,0.4559700989279042,False
MNE,8,Economic and fiscal governance,0.59467358818521,11,1,0.9166666666666666,0.1593546670047506,0.11495225152318961,0.044402415481560986,0.0,none,0.59467358818521,1.0,1.0,1.0,0.59467358818521,False
MNG,8,Economic and fiscal governance,0.6254959599432641,13,0,1.0,0.1593546670047506,0.11495225152318961,0.044402415481560986,0.0,none,0.6254959599432641,1.0,1.0,1.0,0.6254959599432641,False
MOZ,8,Economic and fiscal governance,0.4601483033801013,8,4,0.6666666666666666,0.1593546670047506,0.11495225152318961,0.044402415481560986,0.0,none,0.4601483033801013,1.0,1.0,1.0,0.4601483033801013,False
MRT,8,Economic and fiscal governance,0.4669898206339825,8,5,0.6153846153846154,0.1593546670047506,0.11495225152318961,0.044402415481560986,0.0,none,0.4669898206339825,1.0,1.0,1.0,0.4669898206339825,False
MUS,8,Economic and fiscal governance,0.560806109241277,10,3,0.7692307692307693,0.1593546670047506,0.11495225152318961,0.044402415481560986,0.0,none,0.560806109241277,1.0,1.0,1.0,0.560806109241277,False
MWI,8,Economic and fiscal governance,0.5018987220209017,8,4,0.6666666666666666,0.1593546670047506,0.11495225152318961,0.044402415481560986,0.0,none,0.5018987220209017,1.0,1.0,1.0,0.5018987220209017,False
MYS,8,Economic and fiscal governance,0.5525894991013719,10,3,0.7692307692307693,0.1593546670047506,0.11495225152318961,0.044402415481560986,0.0,none,0.5525894991013719,1.0,1.0,1.0,0.5525894991013719,False
NAM,8,Economic and fiscal governance,0.4323917013479408,10,2,0.8333333333333334,0.1593546670047506,0.11495225152318961,0.044402415481560986,0.0,none,0.4323917013479408,1.0,1.0,1.0,0.4323917013479408,False
NCL,8,Economic and fiscal governance,0.556698708391718,2,5,0.2857142857142857,0.1593546670047506,0.11495225152318961,0.044402415481560986,0.4285714285714286,endogenous,0.33714315428736497,1.0,1.0,1.0,0.33714315428736497,True
NER,8,Economic and fiscal governance,0.5311260911905619,11,2,0.8461538461538461,0.1593546670047506,0.11495225152318961,0.044402415481560986,0.0,none,0.5311260911905619,1.0,1.0,1.0,0.5311260911905619,False
NGA,8,Economic and fiscal governance,0.4914245883314492,9,4,0.6923076923076923,0.1593546670047506,0.11495225152318961,0.044402415481560986,0.0,none,0.4914245883314492,1.0,1.0,1.0,0.4914245883314492,False
NIC,8,Economic and fiscal governance,0.5504837607948723,5,6,0.45454545454545453,0.1593546670047506,0.11495225152318961,0.044402415481560986,0.09090909090909094,endogenous,0.5044763657663893,1.0,1.0,1.0,0.5044763657663893,True
NLD,8,Economic and fiscal governance,0.7425358338351553,9,4,0.6923076923076923,0.1593546670047506,0.11495225152318961,0.044402415481560986,0.0,none,0.7425358338351553,1.0,1.0,1.0,0.7425358338351553,False
NOR,8,Economic and fiscal governance,0.4795000238158931,10,3,0.7692307692307693,0.1593546670047506,0.11495225152318961,0.044402415481560986,0.0,none,0.4795000238158931,1.0,1.0,1.0,0.4795000238158931,False
NPL,8,Economic and fiscal governance,0.4521746273650902,9,4,0.6923076923076923,0.1593546670047506,0.11495225152318961,0.044402415481560986,0.0,none,0.4521746273650902,1.0,1.0,1.0,0.4521746273650902,False
NRU,8,Economic and fiscal governance,0.3936081368333912,9,1,0.9,0.1593546670047506,0.11495225152318961,0.044402415481560986,0.0,none,0.3936081368333912,1.0,1.0,1.0,0.3936081368333912,False
NZL,8,Economic and fiscal governance,0.5167216818860678,10,3,0.7692307692307693,0.1593546670047506,0.11495225152318961,0.044402415481560986,0.0,none,0.5167216818860678,1.0,1.0,1.0,0.5167216818860678,False
OMN,8,Economic and fiscal governance,0.4983070497658135,6,7,0.46153846153846156,0.1593546670047506,0.11495225152318961,0.044402415481560986,0.07692307692307687,endogenous,0.4633913086670249,1.0,1.0,1.0,0.4633913086670249,True
PAK,8,Economic and fiscal governance,0.5073285635712798,11,2,0.8461538461538461,0.1593546670047506,0.11495225152318961,0.044402415481560986,0.0,none,0.5073285635712798,1.0,1.0,1.0,0.5073285635712798,False
PAN,8,Economic and fiscal governance,0.4230076054673405,8,4,0.6666666666666666,0.1593546670047506,0.11495225152318961,0.044402415481560986,0.0,none,0.4230076054673405,1.0,1.0,1.0,0.4230076054673405,False
PER,8,Economic and fiscal governance,0.6252790855884731,11,2,0.8461538461538461,0.1593546670047506,0.11495225152318961,0.044402415481560986,0.0,none,0.6252790855884731,1.0,1.0,1.0,0.6252790855884731,False
PHL,8,Economic and fiscal governance,0.5138428309126214,9,4,0.6923076923076923,0.1593546670047506,0.11495225152318961,0.044402415481560986,0.0,none,0.5138428309126214,1.0,1.0,1.0,0.5138428309126214,False
PLW,8,Economic and fiscal governance,0.4439410388747127,5,5,0.5,0.1593546670047506,0.11495225152318961,0.044402415481560986,0.0,none,0.4439410388747127,1.0,1.0,1.0,0.4439410388747127,True
PNG,8,Economic and fiscal governance,0.5876341847509352,8,3,0.7272727272727273,0.1593546670047506,0.11495225152318961,0.044402415481560986,0.0,none,0.5876341847509352,1.0,1.0,1.0,0.5876341847509352,False
POL,8,Economic and fiscal governance,0.6854678448044585,11,2,0.8461538461538461,0.1593546670047506,0.11495225152318961,0.044402415481560986,0.0,none,0.6854678448044585,1.0,1.0,1.0,0.6854678448044585,False
PRT,8,Economic and fiscal governance,0.6951386699245481,11,2,0.8461538461538461,0.1593546670047506,0.11495225152318961,0.044402415481560986,0.0,none,0.6951386699245481,1.0,1.0,1.0,0.6951386699245481,False
PRY,8,Economic and fiscal governance,0.4981047736046596,13,0,1.0,0.1593546670047506,0.11495225152318961,0.044402415481560986,0.0,none,0.4981047736046596,1.0,1.0,1.0,0.4981047736046596,False
PSE,8,Economic and fiscal governance,0.4929792798157115,2,5,0.2857142857142857,0.1593546670047506,0.11495225152318961,0.044402415481560986,0.4285714285714286,endogenous,0.30073205224393273,1.0,1.0,1.0,0.30073205224393273,True
PYF,8,Economic and fiscal governance,0.5110086785308531,2,5,0.2857142857142857,0.1593546670047506,0.11495225152318961,0.044402415481560986,0.4285714285714286,endogenous,0.3110345657954422,1.0,1.0,1.0,0.3110345657954422,True
QAT,8,Economic and fiscal governance,0.3633160252981363,6,6,0.5,0.1593546670047506,0.11495225152318961,0.044402415481560986,0.0,none,0.3633160252981363,1.0,1.0,1.0,0.3633160252981363,True
ROU,8,Economic and fiscal governance,0.6428384582652311,11,2,0.8461538461538461,0.1593546670047506,0.11495225152318961,0.044402415481560986,0.0,none,0.6428384582652311,1.0,1.0,1.0,0.6428384582652311,False
RUS,8,Economic and fiscal governance,0.4948959462130722,10,3,0.7692307692307693,0.1593546670047506,0.11495225152318961,0.044402415481560986,0.0,none,0.4948959462130722,1.0,1.0,1.0,0.4948959462130722,False
RWA,8,Economic and fiscal governance,0.5234571871967847,10,2,0.8333333333333334,0.1593546670047506,0.11495225152318961,0.044402415481560986,0.0,none,0.5234571871967847,1.0,1.0,1.0,0.5234571871967847,False
SAU,8,Economic and fiscal governance,0.4197530169418357,7,6,0.5384615384615384,0.1593546670047506,0.11495225152318961,0.044402415481560986,0.0,none,0.4197530169418357,1.0,1.0,1.0,0.4197530169418357,False
SDN,8,Economic and fiscal governance,0.3436932833209921,6,6,0.5,0.1593546670047506,0.11495225152318961,0.044402415481560986,0.0,none,0.3436932833209921,1.0,1.0,1.0,0.3436932833209921,True
SEN,8,Economic and fiscal governance,0.5649644553107723,11,2,0.8461538461538461,0.1593546670047506,0.11495225152318961,0.044402415481560986,0.0,none,0.5649644553107723,1.0,1.0,1.0,0.5649644553107723,False
SGP,8,Economic and fiscal governance,0.6163614594628423,9,4,0.6923076923076923,0.1593546670047506,0.11495225152318961,0.044402415481560986,0.0,none,0.6163614594628423,1.0,1.0,1.0,0.6163614594628423,False
SLB,8,Economic and fiscal governance,0.4071337712206586,9,3,0.75,0.1593546670047506,0.11495225152318961,0.044402415481560986,0.0,none,0.4071337712206586,1.0,1.0,1.0,0.4071337712206586,False
SLE,8,Economic and fiscal governance,0.4824297718434707,8,4,0.6666666666666666,0.1593546670047506,0.11495225152318961,0.044402415481560986,0.0,none,0.4824297718434707,1.0,1.0,1.0,0.4824297718434707,False
SLV,8,Economic and fiscal governance,0.5048865845181993,11,1,0.9166666666666666,0.1593546670047506,0.11495225152318961,0.044402415481560986,0.0,none,0.5048865845181993,1.0,1.0,1.0,0.5048865845181993,False
SMR,8,Economic and fiscal governance,0.5594435867156369,4,7,0.36363636363636365,0.1593546670047506,0.11495225152318961,0.044402415481560986,0.2727272727272727,endogenous,0.41897781274270707,1.0,1.0,1.0,0.41897781274270707,True
SOM,8,Economic and fiscal governance,0.5030178108468171,8,4,0.6666666666666666,0.1593546670047506,0.11495225152318961,0.044402415481560986,0.0,none,0.5030178108468171,1.0,1.0,1.0,0.5030178108468171,False
SRB,8,Economic and fiscal governance,0.6512904263409982,11,0,1.0,0.1593546670047506,0.11495225152318961,0.044402415481560986,0.0,none,0.6512904263409982,1.0,1.0,1.0,0.6512904263409982,False
SSD,8,Economic and fiscal governance,0.453645473796012,4,4,0.5,0.1593546670047506,0.11495225152318961,0.044402415481560986,0.0,none,0.453645473796012,1.0,1.0,1.0,0.453645473796012,True
STP,8,Economic and fiscal governance,0.3849824970408456,7,4,0.6363636363636364,0.1593546670047506,0.11495225152318961,0.044402415481560986,0.0,none,0.3849824970408456,1.0,1.0,1.0,0.3849824970408456,False
SUR,8,Economic and fiscal governance,0.2844994575816837,7,4,0.6363636363636364,0.1593546670047506,0.11495225152318961,0.044402415481560986,0.0,none,0.2844994575816837,1.0,1.0,1.0,0.2844994575816837,False
SVK,8,Economic and fiscal governance,0.715443412270605,11,2,0.8461538461538461,0.1593546670047506,0.11495225152318961,0.044402415481560986,0.0,none,0.715443412270605,1.0,1.0,1.0,0.715443412270605,False
SVN,8,Economic and fiscal governance,0.6678783046394867,11,2,0.8461538461538461,0.1593546670047506,0.11495225152318961,0.044402415481560986,0.0,none,0.6678783046394867,1.0,1.0,1.0,0.6678783046394867,False
SWE,8,Economic and fiscal governance,0.6386175634760981,10,3,0.7692307692307693,0.1593546670047506,0.11495225152318961,0.044402415481560986,0.0,none,0.6386175634760981,1.0,1.0,1.0,0.6386175634760981,False
SWZ,8,Economic and fiscal governance,0.411639714497898,5,6,0.45454545454545453,0.1593546670047506,0.11495225152318961,0.044402415481560986,0.09090909090909094,endogenous,0.3782545054964128,1.0,1.0,1.0,0.3782545054964128,True
SYC,8,Economic and fiscal governance,0.5399064781531067,7,5,0.5833333333333334,0.1593546670047506,0.11495225152318961,0.044402415481560986,0.0,none,0.5399064781531067,1.0,1.0,1.0,0.5399064781531067,False
SYR,8,Economic and fiscal governance,0.3441915452331634,4,7,0.36363636363636365,0.1593546670047506,0.11495225152318961,0.044402415481560986,0.2727272727272727,endogenous,0.26243087348272637,1.0,1.0,1.0,0.26243087348272637,True
TCD,8,Economic and fiscal governance,0.4330323463336646,10,2,0.8333333333333334,0.1593546670047506,0.11495225152318961,0.044402415481560986,0.0,none,0.4330323463336646,1.0,1.0,1.0,0.4330323463336646,False
TGO,8,Economic and fiscal governance,0.5626343491071266,11,2,0.8461538461538461,0.1593546670047506,0.11495225152318961,0.044402415481560986,0.0,none,0.5626343491071266,1.0,1.0,1.0,0.5626343491071266,False
THA,8,Economic and fiscal governance,0.4514951956686199,11,2,0.8461538461538461,0.1593546670047506,0.11495225152318961,0.044402415481560986,0.0,none,0.4514951956686199,1.0,1.0,1.0,0.4514951956686199,False
TJK,8,Economic and fiscal governance,0.5391005938179063,8,4,0.6666666666666666,0.1593546670047506,0.11495225152318961,0.044402415481560986,0.0,none,0.5391005938179063,1.0,1.0,1.0,0.5391005938179063,False
TLS,8,Economic and fiscal governance,0.4820968853920218,10,1,0.9090909090909091,0.1593546670047506,0.11495225152318961,0.044402415481560986,0.0,none,0.4820968853920218,1.0,1.0,1.0,0.4820968853920218,False
TON,8,Economic and fiscal governance,0.3836001424414823,11,1,0.9166666666666666,0.1593546670047506,0.11495225152318961,0.044402415481560986,0.0,none,0.3836001424414823,1.0,1.0,1.0,0.3836001424414823,False
TTO,8,Economic and fiscal governance,0.451754875880044,7,6,0.5384615384615384,0.1593546670047506,0.11495225152318961,0.044402415481560986,0.0,none,0.451754875880044,1.0,1.0,1.0,0.451754875880044,False
TUN,8,Economic and fiscal governance,0.4827195239977018,9,4,0.6923076923076923,0.1593546670047506,0.11495225152318961,0.044402415481560986,0.0,none,0.4827195239977018,1.0,1.0,1.0,0.4827195239977018,False
TUR,8,Economic and fiscal governance,0.6207096263686225,7,6,0.5384615384615384,0.1593546670047506,0.11495225152318961,0.044402415481560986,0.0,none,0.6207096263686225,1.0,1.0,1.0,0.6207096263686225,False
TUV,8,Economic and fiscal governance,0.4433229069920544,5,5,0.5,0.1593546670047506,0.11495225152318961,0.044402415481560986,0.0,none,0.4433229069920544,1.0,1.0,1.0,0.4433229069920544,True
TZA,8,Economic and fiscal governance,0.5125583658462411,12,1,0.9230769230769231,0.1593546670047506,0.11495225152318961,0.044402415481560986,0.0,none,0.5125583658462411,1.0,1.0,1.0,0.5125583658462411,False
UGA,8,Economic and fiscal governance,0.5264297177373742,13,0,1.0,0.1593546670047506,0.11495225152318961,0.044402415481560986,0.0,none,0.5264297177373742,1.0,1.0,1.0,0.5264297177373742,False
UKR,8,Economic and fiscal governance,0.6180472090137427,9,4,0.6923076923076923,0.1593546670047506,0.11495225152318961,0.044402415481560986,0.0,none,0.6180472090137427,1.0,1.0,1.0,0.6180472090137427,False
URY,8,Economic and fiscal governance,0.5613876842584854,10,3,0.7692307692307693,0.1593546670047506,0.11495225152318961,0.044402415481560986,0.0,none,0.5613876842584854,1.0,1.0,1.0,0.5613876842584854,False
USA,8,Economic and fiscal governance,0.5316914745795897,10,3,0.7692307692307693,0.1593546670047506,0.11495225152318961,0.044402415481560986,0.0,none,0.5316914745795897,1.0,1.0,1.0,0.5316914745795897,False
UZB,8,Economic and fiscal governance,0.6802164882123822,7,5,0.5833333333333334,0.1593546670047506,0.11495225152318961,0.044402415481560986,0.0,none,0.6802164882123822,1.0,1.0,1.0,0.6802164882123822,False
VCT,8,Economic and fiscal governance,0.3615048296110261,9,3,0.75,0.1593546670047506,0.11495225152318961,0.044402415481560986,0.0,none,0.3615048296110261,1.0,1.0,1.0,0.3615048296110261,False
VEN,8,Economic and fiscal governance,0.3947007984821749,6,6,0.5,0.1593546670047506,0.11495225152318961,0.044402415481560986,0.0,none,0.3947007984821749,1.0,1.0,1.0,0.3947007984821749,True
VNM,8,Economic and fiscal governance,0.4389053928680355,13,0,1.0,0.1593546670047506,0.11495225152318961,0.044402415481560986,0.0,none,0.4389053928680355,1.0,1.0,1.0,0.4389053928680355,False
VUT,8,Economic and fiscal governance,0.531640001330803,10,1,0.9090909090909091,0.1593546670047506,0.11495225152318961,0.044402415481560986,0.0,none,0.531640001330803,1.0,1.0,1.0,0.531640001330803,False
WSM,8,Economic and fiscal governance,0.2795104241805471,4,7,0.36363636363636365,0.1593546670047506,0.11495225152318961,0.044402415481560986,0.2727272727272727,endogenous,0.2153900581717327,1.0,1.0,1.0,0.2153900581717327,True
XKX,8,Economic and fiscal governance,0.7047641246300469,10,1,0.9090909090909091,0.1593546670047506,0.11495225152318961,0.044402415481560986,0.0,none,0.7047641246300469,1.0,1.0,1.0,0.7047641246300469,False
YEM,8,Economic and fiscal governance,0.3879323343608402,7,6,0.5384615384615384,0.1593546670047506,0.11495225152318961,0.044402415481560986,0.0,none,0.3879323343608402,1.0,1.0,1.0,0.3879323343608402,False
ZAF,8,Economic and fiscal governance,0.5922606087983119,7,6,0.5384615384615384,0.1593546670047506,0.11495225152318961,0.044402415481560986,0.0,none,0.5922606087983119,1.0,1.0,1.0,0.5922606087983119,False
ZMB,8,Economic and fiscal governance,0.4640991724788094,13,0,1.0,0.1593546670047506,0.11495225152318961,0.044402415481560986,0.0,none,0.4640991724788094,1.0,1.0,1.0,0.4640991724788094,False
ZWE,8,Economic and fiscal governance,0.3951641097721339,8,4,0.6666666666666666,0.1593546670047506,0.11495225152318961,0.044402415481560986,0.0,none,0.3951641097721339,1.0,1.0,1.0,0.3951641097721339,False
ABW,9,Economic and fiscal governance,0.6582537134585618,3,0,1.0,0.1936389616269766,0.14859344046793493,0.045045521159041674,0.0,none,0.6582537134585618,1.0,0.75,0.75,0.4936902850939213,False
AGO,9,Economic and fiscal governance,0.3433635177590841,3,0,1.0,0.1936389616269766,0.14859344046793493,0.045045521159041674,0.0,none,0.3433635177590841,1.0,0.75,0.75,0.25752263831931305,False
ALB,9,Economic and fiscal governance,0.5433261663905541,3,0,1.0,0.1936389616269766,0.14859344046793493,0.045045521159041674,0.0,none,0.5433261663905541,1.0,0.75,0.75,0.40749462479291554,False
AND,9,Economic and fiscal governance,0.6209536103932621,2,1,0.6666666666666666,0.1936389616269766,0.14859344046793493,0.045045521159041674,0.0,none,0.6209536103932621,1.0,0.75,0.75,0.4657152077949466,False
ARE,9,Economic and fiscal governance,0.529864033085582,2,1,0.6666666666666666,0.1936389616269766,0.14859344046793493,0.045045521159041674,0.0,none,0.529864033085582,1.0,0.75,0.75,0.3973980248141865,False
ARG,9,Economic and fiscal governance,0.5191981685923661,3,0,1.0,0.1936389616269766,0.14859344046793493,0.045045521159041674,0.0,none,0.5191981685923661,1.0,0.75,0.75,0.3893986264442746,False
ARM,9,Economic and fiscal governance,0.6604910857768475,3,0,1.0,0.1936389616269766,0.14859344046793493,0.045045521159041674,0.0,none,0.6604910857768475,1.0,0.75,0.75,0.4953683143326356,False
ATG,9,Economic and fiscal governance,0.4807026874052068,3,0,1.0,0.1936389616269766,0.14859344046793493,0.045045521159041674,0.0,none,0.4807026874052068,1.0,0.75,0.75,0.3605270155539051,False
AUS,9,Economic and fiscal governance,0.6481088460635589,3,0,1.0,0.1936389616269766,0.14859344046793493,0.045045521159041674,0.0,none,0.6481088460635589,1.0,0.75,0.75,0.4860816345476692,False
AUT,9,Economic and fiscal governance,0.648629843161772,3,0,1.0,0.1936389616269766,0.14859344046793493,0.045045521159041674,0.0,none,0.648629843161772,1.0,0.75,0.75,0.48647238237132895,False
AZE,9,Economic and fiscal governance,0.5564982716576657,3,0,1.0,0.1936389616269766,0.14859344046793493,0.045045521159041674,0.0,none,0.5564982716576657,1.0,0.75,0.75,0.41737370374324934,False
BEL,9,Economic and fiscal governance,0.5819371321078898,3,0,1.0,0.1936389616269766,0.14859344046793493,0.045045521159041674,0.0,none,0.5819371321078898,1.0,0.75,0.75,0.4364528490809173,False
BEN,9,Economic and fiscal governance,0.3065844117919974,3,0,1.0,0.1936389616269766,0.14859344046793493,0.045045521159041674,0.0,none,0.3065844117919974,1.0,0.75,0.75,0.22993830884399807,False
BFA,9,Economic and fiscal governance,0.377230870384238,3,0,1.0,0.1936389616269766,0.14859344046793493,0.045045521159041674,0.0,none,0.377230870384238,1.0,0.75,0.75,0.28292315278817853,False
BGD,9,Economic and fiscal governance,0.521435540910652,3,0,1.0,0.1936389616269766,0.14859344046793493,0.045045521159041674,0.0,none,0.521435540910652,1.0,0.75,0.75,0.391076655682989,False
BGR,9,Economic and fiscal governance,0.4394488368015487,3,0,1.0,0.1936389616269766,0.14859344046793493,0.045045521159041674,0.0,none,0.4394488368015487,1.0,0.75,0.75,0.32958662760116153,False
BHR,9,Economic and fiscal governance,0.6113297400964722,3,0,1.0,0.1936389616269766,0.14859344046793493,0.045045521159041674,0.0,none,0.6113297400964722,1.0,0.75,0.75,0.4584973050723542,False
BHS,9,Economic and fiscal governance,0.497038674656854,2,1,0.6666666666666666,0.1936389616269766,0.14859344046793493,0.045045521159041674,0.0,none,0.497038674656854,1.0,0.75,0.75,0.37277900599264047,False
BIH,9,Economic and fiscal governance,0.4366904673850499,3,0,1.0,0.1936389616269766,0.14859344046793493,0.045045521159041674,0.0,none,0.4366904673850499,1.0,0.75,0.75,0.32751785053878746,False
BLR,9,Economic and fiscal governance,0.6328148530083377,3,0,1.0,0.1936389616269766,0.14859344046793493,0.045045521159041674,0.0,none,0.6328148530083377,1.0,0.75,0.75,0.4746111397562533,False
BLZ,9,Economic and fiscal governance,0.7474735316207353,3,0,1.0,0.1936389616269766,0.14859344046793493,0.045045521159041674,0.0,none,0.7474735316207353,1.0,0.75,0.75,0.5606051487155514,False
BMU,9,Economic and fiscal governance,0.7565764048193122,3,0,1.0,0.1936389616269766,0.14859344046793493,0.045045521159041674,0.0,none,0.7565764048193122,1.0,0.75,0.75,0.5674323036144842,False
BOL,9,Economic and fiscal governance,0.5530655212175203,3,0,1.0,0.1936389616269766,0.14859344046793493,0.045045521159041674,0.0,none,0.5530655212175203,1.0,0.75,0.75,0.4147991409131402,False
BRA,9,Economic and fiscal governance,0.5582146468777386,3,0,1.0,0.1936389616269766,0.14859344046793493,0.045045521159041674,0.0,none,0.5582146468777386,1.0,0.75,0.75,0.41866098515830397,False
BRB,9,Economic and fiscal governance,0.4004323585161763,2,1,0.6666666666666666,0.1936389616269766,0.14859344046793493,0.045045521159041674,0.0,none,0.4004323585161763,1.0,0.75,0.75,0.30032426888713226,False
BRN,9,Economic and fiscal governance,0.6011848727014694,2,1,0.6666666666666666,0.1936389616269766,0.14859344046793493,0.045045521159041674,0.0,none,0.6011848727014694,1.0,0.75,0.75,0.45088865452610205,False
BTN,9,Economic and fiscal governance,0.3574621326924454,3,0,1.0,0.1936389616269766,0.14859344046793493,0.045045521159041674,0.0,none,0.3574621326924454,1.0,0.75,0.75,0.26809659951933407,False
BWA,9,Economic and fiscal governance,0.3652682496271532,3,0,1.0,0.1936389616269766,0.14859344046793493,0.045045521159041674,0.0,none,0.3652682496271532,1.0,0.75,0.75,0.27395118722036493,False
CAF,9,Economic and fiscal governance,0.207740723333034,2,1,0.6666666666666666,0.1936389616269766,0.14859344046793493,0.045045521159041674,0.0,none,0.207740723333034,1.0,0.75,0.75,0.15580554249977552,False
CAN,9,Economic and fiscal governance,0.6130461153165451,3,0,1.0,0.1936389616269766,0.14859344046793493,0.045045521159041674,0.0,none,0.6130461153165451,1.0,0.75,0.75,0.45978458648740883,False
CHE,9,Economic and fiscal governance,0.6695939589754244,3,0,1.0,0.1936389616269766,0.14859344046793493,0.045045521159041674,0.0,none,0.6695939589754244,1.0,0.75,0.75,0.5021954692315683,False
CHL,9,Economic and fiscal governance,0.5743337714572003,3,0,1.0,0.1936389616269766,0.14859344046793493,0.045045521159041674,0.0,none,0.5743337714572003,1.0,0.75,0.75,0.43075032859290024,False
CHN,9,Economic and fiscal governance,0.4937593081421421,3,0,1.0,0.1936389616269766,0.14859344046793493,0.045045521159041674,0.0,none,0.4937593081421421,1.0,0.75,0.75,0.37031948110660656,False
CIV,9,Economic and fiscal governance,0.3591785079125182,3,0,1.0,0.1936389616269766,0.14859344046793493,0.045045521159041674,0.0,none,0.3591785079125182,1.0,0.75,0.75,0.26938388093438864,False
CMR,9,Economic and fiscal governance,0.3614158802308039,2,1,0.6666666666666666,0.1936389616269766,0.14859344046793493,0.045045521159041674,0.0,none,0.3614158802308039,1.0,0.75,0.75,0.27106191017310294,False
COD,9,Economic and fiscal governance,0.2789081790234877,3,0,1.0,0.1936389616269766,0.14859344046793493,0.045045521159041674,0.0,none,0.2789081790234877,1.0,0.75,0.75,0.20918113426761575,False
COG,9,Economic and fiscal governance,0.2393707036399023,2,1,0.6666666666666666,0.1936389616269766,0.14859344046793493,0.045045521159041674,0.0,none,0.2393707036399023,1.0,0.75,0.75,0.1795280277299267,False
COL,9,Economic and fiscal governance,0.5608575317640611,3,0,1.0,0.1936389616269766,0.14859344046793493,0.045045521159041674,0.0,none,0.5608575317640611,1.0,0.75,0.75,0.42064314882304576,False
COM,9,Economic and fiscal governance,0.2986769167152803,3,0,1.0,0.1936389616269766,0.14859344046793493,0.045045521159041674,0.0,none,0.2986769167152803,1.0,0.75,0.75,0.22400768753646022,False
CPV,9,Economic and fiscal governance,0.2986769167152803,3,0,1.0,0.1936389616269766,0.14859344046793493,0.045045521159041674,0.0,none,0.2986769167152803,1.0,0.75,0.75,0.22400768753646022,False
CRI,9,Economic and fiscal governance,0.5434416509207304,3,0,1.0,0.1936389616269766,0.14859344046793493,0.045045521159041674,0.0,none,0.5434416509207304,1.0,0.75,0.75,0.4075812381905478,False
CUB,9,Economic and fiscal governance,0.6859299462270716,2,1,0.6666666666666666,0.1936389616269766,0.14859344046793493,0.045045521159041674,0.0,none,0.6859299462270716,1.0,0.75,0.75,0.5144474596703037,False
CUW,9,Economic and fiscal governance,0.470557820010204,3,0,1.0,0.1936389616269766,0.14859344046793493,0.045045521159041674,0.0,none,0.470557820010204,1.0,0.75,0.75,0.352918365007653,False
CYM,9,Economic and fiscal governance,0.5264312826454364,3,0,1.0,0.1936389616269766,0.14859344046793493,0.045045521159041674,0.0,none,0.5264312826454364,1.0,0.75,0.75,0.39482346198407725,False
CYP,9,Economic and fiscal governance,0.6350522253266235,3,0,1.0,0.1936389616269766,0.14859344046793493,0.045045521159041674,0.0,none,0.6350522253266235,1.0,0.75,0.75,0.47628916899496765,False
CZE,9,Economic and fiscal governance,0.5836535073279625,3,0,1.0,0.1936389616269766,0.14859344046793493,0.045045521159041674,0.0,none,0.5836535073279625,1.0,0.75,0.75,0.4377401304959719,False
DEU,9,Economic and fiscal governance,0.6525835907001304,3,0,1.0,0.1936389616269766,0.14859344046793493,0.045045521159041674,0.0,none,0.6525835907001304,1.0,0.75,0.75,0.48943769302509776,False
DJI,9,Economic and fiscal governance,0.2950202504088658,3,0,1.0,0.1936389616269766,0.14859344046793493,0.045045521159041674,0.0,none,0.2950202504088658,1.0,0.75,0.75,0.22126518780664936,False
DMA,9,Economic and fiscal governance,0.5609730162942373,2,1,0.6666666666666666,0.1936389616269766,0.14859344046793493,0.045045521159041674,0.0,none,0.5609730162942373,1.0,0.75,0.75,0.42072976222067804,False
DNK,9,Economic and fiscal governance,0.5604520191960244,3,0,1.0,0.1936389616269766,0.14859344046793493,0.045045521159041674,0.0,none,0.5604520191960244,1.0,0.75,0.75,0.42033901439701826,False
DOM,9,Economic and fiscal governance,0.5762670093494585,3,0,1.0,0.1936389616269766,0.14859344046793493,0.045045521159041674,0.0,none,0.5762670093494585,1.0,0.75,0.75,0.43220025701209386,False
DZA,9,Economic and fiscal governance,0.436704573773217,2,1,0.6666666666666666,0.1936389616269766,0.14859344046793493,0.045045521159041674,0.0,none,0.436704573773217,1.0,0.75,0.75,0.32752843032991275,False
ECU,9,Economic and fiscal governance,0.5327757864275146,3,0,1.0,0.1936389616269766,0.14859344046793493,0.045045521159041674,0.0,none,0.5327757864275146,1.0,0.75,0.75,0.3995818398206359,False
EGY,9,Economic and fiscal governance,0.6113297400964722,2,1,0.6666666666666666,0.1936389616269766,0.14859344046793493,0.045045521159041674,0.0,none,0.6113297400964722,1.0,0.75,0.75,0.4584973050723542,False
ESP,9,Economic and fiscal governance,0.8227481187749813,3,0,1.0,0.1936389616269766,0.14859344046793493,0.045045521159041674,0.0,none,0.8227481187749813,1.0,0.75,0.75,0.617061089081236,False
EST,9,Economic and fiscal governance,0.5599310220978113,3,0,1.0,0.1936389616269766,0.14859344046793493,0.045045521159041674,0.0,none,0.5599310220978113,1.0,0.75,0.75,0.4199482665733585,False
ETH,9,Economic and fiscal governance,0.4017643807504629,2,1,0.6666666666666666,0.1936389616269766,0.14859344046793493,0.045045521159041674,0.0,none,0.4017643807504629,1.0,0.75,0.75,0.30132328556284715,False
FIN,9,Economic and fiscal governance,0.6209536103932621,3,0,1.0,0.1936389616269766,0.14859344046793493,0.045045521159041674,0.0,none,0.6209536103932621,1.0,0.75,0.75,0.4657152077949466,False
FJI,9,Economic and fiscal governance,0.4671250695700584,3,0,1.0,0.1936389616269766,0.14859344046793493,0.045045521159041674,0.0,none,0.4671250695700584,1.0,0.75,0.75,0.3503438021775438,False
FRA,9,Economic and fiscal governance,0.8007420087649028,3,0,1.0,0.1936389616269766,0.14859344046793493,0.045045521159041674,0.0,none,0.8007420087649028,1.0,0.75,0.75,0.6005565065736771,False
GAB,9,Economic and fiscal governance,0.2393707036399023,2,1,0.6666666666666666,0.1936389616269766,0.14859344046793493,0.045045521159041674,0.0,none,0.2393707036399023,1.0,0.75,0.75,0.1795280277299267,False
GBR,9,Economic and fiscal governance,0.8284182415334126,3,0,1.0,0.1936389616269766,0.14859344046793493,0.045045521159041674,0.0,none,0.8284182415334126,1.0,0.75,0.75,0.6213136811500595,False
GEO,9,Economic and fiscal governance,0.5327757864275146,3,0,1.0,0.1936389616269766,0.14859344046793493,0.045045521159041674,0.0,none,0.5327757864275146,1.0,0.75,0.75,0.3995818398206359,False
GHA,9,Economic and fiscal governance,0.471078817108417,3,0,1.0,0.1936389616269766,0.14859344046793493,0.045045521159041674,0.0,none,0.471078817108417,1.0,0.75,0.75,0.3533091128313127,False
GIB,9,Economic and fiscal governance,0.5790253787659573,3,0,1.0,0.1936389616269766,0.14859344046793493,0.045045521159041674,0.0,none,0.5790253787659573,1.0,0.75,0.75,0.43426903407446793,False
GIN,9,Economic and fiscal governance,0.3223994019454315,2,1,0.6666666666666666,0.1936389616269766,0.14859344046793493,0.045045521159041674,0.0,none,0.3223994019454315,1.0,0.75,0.75,0.24179955145907361,False
GMB,9,Economic and fiscal governance,0.2687633116284849,3,0,1.0,0.1936389616269766,0.14859344046793493,0.045045521159041674,0.0,none,0.2687633116284849,1.0,0.75,0.75,0.20157248372136366,False
GNB,9,Economic and fiscal governance,0.2472781987166193,3,0,1.0,0.1936389616269766,0.14859344046793493,0.045045521159041674,0.0,none,0.2472781987166193,1.0,0.75,0.75,0.18545864903746448,False
GNQ,9,Economic and fiscal governance,0.2314632085631852,2,1,0.6666666666666666,0.1936389616269766,0.14859344046793493,0.045045521159041674,0.0,none,0.2314632085631852,1.0,0.75,0.75,0.1735974064223889,False
GRC,9,Economic and fiscal governance,0.6622074609969203,3,0,1.0,0.1936389616269766,0.14859344046793493,0.045045521159041674,0.0,none,0.6622074609969203,1.0,0.75,0.75,0.49665559574769025,False
GRD,9,Economic and fiscal governance,0.4258712189664002,2,1,0.6666666666666666,0.1936389616269766,0.14859344046793493,0.045045521159041674,0.0,none,0.4258712189664002,1.0,0.75,0.75,0.3194034142248001,False
GTM,9,Economic and fiscal governance,0.6249073579316207,3,0,1.0,0.1936389616269766,0.14859344046793493,0.045045521159041674,0.0,none,0.6249073579316207,1.0,0.75,0.75,0.4686805184487155,False
GUY,9,Economic and fiscal governance,0.6135671124147581,3,0,1.0,0.1936389616269766,0.14859344046793493,0.045045521159041674,0.0,none,0.6135671124147581,1.0,0.75,0.75,0.4601753343110686,False
HKG,9,Economic and fiscal governance,0.6599700886786345,3,0,1.0,0.1936389616269766,0.14859344046793493,0.045045521159041674,0.0,none,0.6599700886786345,1.0,0.75,0.75,0.49497756650897584,False
HND,9,Economic and fiscal governance,0.5937983747229655,3,0,1.0,0.1936389616269766,0.14859344046793493,0.045045521159041674,0.0,none,0.5937983747229655,1.0,0.75,0.75,0.4453487810422241,False
HRV,9,Economic and fiscal governance,0.5253892884490106,3,0,1.0,0.1936389616269766,0.14859344046793493,0.045045521159041674,0.0,none,0.5253892884490106,1.0,0.75,0.75,0.3940419663367579,False
HTI,9,Economic and fiscal governance,0.2354169561015437,3,0,1.0,0.1936389616269766,0.14859344046793493,0.045045521159041674,0.0,none,0.2354169561015437,1.0,0.75,0.75,0.17656271707615778,False
HUN,9,Economic and fiscal governance,0.5039041755371451,3,0,1.0,0.1936389616269766,0.14859344046793493,0.045045521159041674,0.0,none,0.5039041755371451,1.0,0.75,0.75,0.37792813165285877,False
IDN,9,Economic and fiscal governance,0.6130461153165451,3,0,1.0,0.1936389616269766,0.14859344046793493,0.045045521159041674,0.0,none,0.6130461153165451,1.0,0.75,0.75,0.45978458648740883,False
IMN,9,Economic and fiscal governance,0.58074175398603,2,1,0.6666666666666666,0.1936389616269766,0.14859344046793493,0.045045521159041674,0.0,none,0.58074175398603,1.0,0.75,0.75,0.4355563154895225,False
IND,9,Economic and fiscal governance,0.663923836216993,3,0,1.0,0.1936389616269766,0.14859344046793493,0.045045521159041674,0.0,none,0.663923836216993,1.0,0.75,0.75,0.49794287716274477,False
IRL,9,Economic and fiscal governance,0.6582537134585618,3,0,1.0,0.1936389616269766,0.14859344046793493,0.045045521159041674,0.0,none,0.6582537134585618,1.0,0.75,0.75,0.4936902850939213,False
IRQ,9,Economic and fiscal governance,0.5271056636690833,2,1,0.6666666666666666,0.1936389616269766,0.14859344046793493,0.045045521159041674,0.0,none,0.5271056636690833,1.0,0.75,0.75,0.39532924775181244,False
ISL,9,Economic and fiscal governance,0.5185237875687193,3,0,1.0,0.1936389616269766,0.14859344046793493,0.045045521159041674,0.0,none,0.5185237875687193,1.0,0.75,0.75,0.3888928406765395,False
ISR,9,Economic and fiscal governance,0.768612190942072,3,0,1.0,0.1936389616269766,0.14859344046793493,0.045045521159041674,0.0,none,0.768612190942072,1.0,0.75,0.75,0.576459143206554,False
ITA,9,Economic and fiscal governance,0.722709052194158,3,0,1.0,0.1936389616269766,0.14859344046793493,0.045045521159041674,0.0,none,0.722709052194158,1.0,0.75,0.75,0.5420317891456186,False
JAM,9,Economic and fiscal governance,0.471078817108417,3,0,1.0,0.1936389616269766,0.14859344046793493,0.045045521159041674,0.0,none,0.471078817108417,1.0,0.75,0.75,0.3533091128313127,False
JOR,9,Economic and fiscal governance,0.5039041755371451,3,0,1.0,0.1936389616269766,0.14859344046793493,0.045045521159041674,0.0,none,0.5039041755371451,1.0,0.75,0.75,0.37792813165285877,False
JPN,9,Economic and fiscal governance,0.5959202625110748,3,0,1.0,0.1936389616269766,0.14859344046793493,0.045045521159041674,0.0,none,0.5959202625110748,1.0,0.75,0.75,0.4469401968833061,False
KAZ,9,Economic and fiscal governance,0.6419177262069146,2,1,0.6666666666666666,0.1936389616269766,0.14859344046793493,0.045045521159041674,0.0,none,0.6419177262069146,1.0,0.75,0.75,0.48143829465518595,False
KEN,9,Economic and fiscal governance,0.3890921129993137,3,0,1.0,0.1936389616269766,0.14859344046793493,0.045045521159041674,0.0,none,0.3890921129993137,1.0,0.75,0.75,0.29181908474948526,False
KGZ,9,Economic and fiscal governance,0.5078579230755036,3,0,1.0,0.1936389616269766,0.14859344046793493,0.045045521159041674,0.0,none,0.5078579230755036,1.0,0.75,0.75,0.3808934423066277,False
KHM,9,Economic and fiscal governance,0.3981949861978905,2,1,0.6666666666666666,0.1936389616269766,0.14859344046793493,0.045045521159041674,0.0,none,0.3981949861978905,1.0,0.75,0.75,0.29864623964841785,False
KNA,9,Economic and fiscal governance,0.4145309734495376,2,1,0.6666666666666666,0.1936389616269766,0.14859344046793493,0.045045521159041674,0.0,none,0.4145309734495376,1.0,0.75,0.75,0.3108982300871532,False
KOR,9,Economic and fiscal governance,0.6384849757667691,3,0,1.0,0.1936389616269766,0.14859344046793493,0.045045521159041674,0.0,none,0.6384849757667691,1.0,0.75,0.75,0.4788637318250768,False
KWT,9,Economic and fiscal governance,0.4807026874052068,3,0,1.0,0.1936389616269766,0.14859344046793493,0.045045521159041674,0.0,none,0.4807026874052068,1.0,0.75,0.75,0.3605270155539051,False
LAO,9,Economic and fiscal governance,0.2557798562572246,2,1,0.6666666666666666,0.1936389616269766,0.14859344046793493,0.045045521159041674,0.0,none,0.2557798562572246,1.0,0.75,0.75,0.19183489219291844,False
LBN,9,Economic and fiscal governance,0.5039041755371451,3,0,1.0,0.1936389616269766,0.14859344046793493,0.045045521159041674,0.0,none,0.5039041755371451,1.0,0.75,0.75,0.37792813165285877,False
LBR,9,Economic and fiscal governance,0.2648095640901263,3,0,1.0,0.1936389616269766,0.14859344046793493,0.045045521159041674,0.0,none,0.2648095640901263,1.0,0.75,0.75,0.19860717306759473,False
LCA,9,Economic and fiscal governance,0.4184847209878962,2,1,0.6666666666666666,0.1936389616269766,0.14859344046793493,0.045045521159041674,0.0,none,0.4184847209878962,1.0,0.75,0.75,0.31386354074092215,False
LIE,9,Economic and fiscal governance,0.6463924708434862,3,0,1.0,0.1936389616269766,0.14859344046793493,0.045045521159041674,0.0,none,0.6463924708434862,1.0,0.75,0.75,0.48479435313261465,False
LKA,9,Economic and fiscal governance,0.3789472456043108,3,0,1.0,0.1936389616269766,0.14859344046793493,0.045045521159041674,0.0,none,0.3789472456043108,1.0,0.75,0.75,0.2842104342032331,False
LSO,9,Economic and fiscal governance,0.2942021720787088,3,0,1.0,0.1936389616269766,0.14859344046793493,0.045045521159041674,0.0,none,0.2942021720787088,1.0,0.75,0.75,0.2206516290590316,False
LTU,9,Economic and fiscal governance,0.5644057667343828,3,0,1.0,0.1936389616269766,0.14859344046793493,0.045045521159041674,0.0,none,0.5644057667343828,1.0,0.75,0.75,0.4233043250507871,False
LUX,9,Economic and fiscal governance,0.7215136740722983,3,0,1.0,0.1936389616269766,0.14859344046793493,0.045045521159041674,0.0,none,0.7215136740722983,1.0,0.75,0.75,0.5411352555542237,False
LVA,9,Economic and fiscal governance,0.8375211147319894,3,0,1.0,0.1936389616269766,0.14859344046793493,0.045045521159041674,0.0,none,0.8375211147319894,1.0,0.75,0.75,0.6281408360489921,False
MAC,9,Economic and fiscal governance,0.6842135710069986,3,0,1.0,0.1936389616269766,0.14859344046793493,0.045045521159041674,0.0,none,0.6842135710069986,1.0,0.75,0.75,0.513160178255249,False
MAR,9,Economic and fiscal governance,0.5078579230755036,3,0,1.0,0.1936389616269766,0.14859344046793493,0.045045521159041674,0.0,none,0.5078579230755036,1.0,0.75,0.75,0.3808934423066277,False
MCO,9,Economic and fiscal governance,0.4982340527787137,2,1,0.6666666666666666,0.1936389616269766,0.14859344046793493,0.045045521159041674,0.0,none,0.4982340527787137,1.0,0.75,0.75,0.37367553958403527,False
MDA,9,Economic and fiscal governance,0.5819371321078898,3,0,1.0,0.1936389616269766,0.14859344046793493,0.045045521159041674,0.0,none,0.5819371321078898,1.0,0.75,0.75,0.4364528490809173,False
MDG,9,Economic and fiscal governance,0.292485796858636,3,0,1.0,0.1936389616269766,0.14859344046793493,0.045045521159041674,0.0,none,0.292485796858636,1.0,0.75,0.75,0.219364347643977,False
MDV,9,Economic and fiscal governance,0.2857736799037788,3,0,1.0,0.1936389616269766,0.14859344046793493,0.045045521159041674,0.0,none,0.2857736799037788,1.0,0.75,0.75,0.21433025992783408,False
MEX,9,Economic and fiscal governance,0.5564982716576657,3,0,1.0,0.1936389616269766,0.14859344046793493,0.045045521159041674,0.0,none,0.5564982716576657,1.0,0.75,0.75,0.41737370374324934,False
MHL,9,Economic and fiscal governance,0.5061415478554309,3,0,1.0,0.1936389616269766,0.14859344046793493,0.045045521159041674,0.0,none,0.5061415478554309,1.0,0.75,0.75,0.3796061608915732,False
MKD,9,Economic and fiscal governance,0.5327757864275146,3,0,1.0,0.1936389616269766,0.14859344046793493,0.045045521159041674,0.0,none,0.5327757864275146,1.0,0.75,0.75,0.3995818398206359,False
MLI,9,Economic and fiscal governance,0.3043470394737117,3,0,1.0,0.1936389616269766,0.14859344046793493,0.045045521159041674,0.0,none,0.3043470394737117,1.0,0.75,0.75,0.22826027960528378,False
MLT,9,Economic and fiscal governance,0.5570192687558787,3,0,1.0,0.1936389616269766,0.14859344046793493,0.045045521159041674,0.0,none,0.5570192687558787,1.0,0.75,0.75,0.417764451566909,False
MMR,9,Economic and fiscal governance,0.3241157771655044,2,1,0.6666666666666666,0.1936389616269766,0.14859344046793493,0.045045521159041674,0.0,none,0.3241157771655044,1.0,0.75,0.75,0.2430868328741283,False
MNE,9,Economic and fiscal governance,0.5423996567243045,3,0,1.0,0.1936389616269766,0.14859344046793493,0.045045521159041674,0.0,none,0.5423996567243045,1.0,0.75,0.75,0.40679974254322837,False
MNG,9,Economic and fiscal governance,0.4049071031527478,2,1,0.6666666666666666,0.1936389616269766,0.14859344046793493,0.045045521159041674,0.0,none,0.4049071031527478,1.0,0.75,0.75,0.30368032736456085,False
MOZ,9,Economic and fiscal governance,0.3540293822522999,3,0,1.0,0.1936389616269766,0.14859344046793493,0.045045521159041674,0.0,none,0.3540293822522999,1.0,0.75,0.75,0.2655220366892249,False
MRT,9,Economic and fiscal governance,0.369844372405734,3,0,1.0,0.1936389616269766,0.14859344046793493,0.045045521159041674,0.0,none,0.369844372405734,1.0,0.75,0.75,0.2773832793043005,False
MUS,9,Economic and fiscal governance,0.5071835420518568,3,0,1.0,0.1936389616269766,0.14859344046793493,0.045045521159041674,0.0,none,0.5071835420518568,1.0,0.75,0.75,0.3803876565388926,False
MWI,9,Economic and fiscal governance,0.5241939103271507,3,0,1.0,0.1936389616269766,0.14859344046793493,0.045045521159041674,0.0,none,0.5241939103271507,1.0,0.75,0.75,0.393145432745363,False
MYS,9,Economic and fiscal governance,0.7271837968307295,3,0,1.0,0.1936389616269766,0.14859344046793493,0.045045521159041674,0.0,none,0.7271837968307295,1.0,0.75,0.75,0.5453878476230472,False
NAM,9,Economic and fiscal governance,0.4513100794166242,3,0,1.0,0.1936389616269766,0.14859344046793493,0.045045521159041674,0.0,none,0.4513100794166242,1.0,0.75,0.75,0.33848255956246814,False
NER,9,Economic and fiscal governance,0.3241157771655044,3,0,1.0,0.1936389616269766,0.14859344046793493,0.045045521159041674,0.0,none,0.3241157771655044,1.0,0.75,0.75,0.2430868328741283,False
NGA,9,Economic and fiscal governance,0.4049071031527478,3,0,1.0,0.1936389616269766,0.14859344046793493,0.045045521159041674,0.0,none,0.4049071031527478,1.0,0.75,0.75,0.30368032736456085,False
NIC,9,Economic and fiscal governance,0.5039041755371451,3,0,1.0,0.1936389616269766,0.14859344046793493,0.045045521159041674,0.0,none,0.5039041755371451,1.0,0.75,0.75,0.37792813165285877,False
NLD,9,Economic and fiscal governance,0.7204716798758722,3,0,1.0,0.1936389616269766,0.14859344046793493,0.045045521159041674,0.0,none,0.7204716798758722,1.0,0.75,0.75,0.5403537599069042,False
NOR,9,Economic and fiscal governance,0.6780224511503544,3,0,1.0,0.1936389616269766,0.14859344046793493,0.045045521159041674,0.0,none,0.6780224511503544,1.0,0.75,0.75,0.5085168383627658,False
NPL,9,Economic and fiscal governance,0.3727561257476666,3,0,1.0,0.1936389616269766,0.14859344046793493,0.045045521159041674,0.0,none,0.3727561257476666,1.0,0.75,0.75,0.27956709431074994,False
NRU,9,Economic and fiscal governance,0.5281476578655092,2,1,0.6666666666666666,0.1936389616269766,0.14859344046793493,0.045045521159041674,0.0,none,0.5281476578655092,1.0,0.75,0.75,0.3961107433991319,False
NZL,9,Economic and fiscal governance,0.6792178292722143,3,0,1.0,0.1936389616269766,0.14859344046793493,0.045045521159041674,0.0,none,0.6792178292722143,1.0,0.75,0.75,0.5094133719541607,False
OMN,9,Economic and fiscal governance,0.6842135710069986,3,0,1.0,0.1936389616269766,0.14859344046793493,0.045045521159041674,0.0,none,0.6842135710069986,1.0,0.75,0.75,0.513160178255249,False
PAK,9,Economic and fiscal governance,0.3794682427025238,3,0,1.0,0.1936389616269766,0.14859344046793493,0.045045521159041674,0.0,none,0.3794682427025238,1.0,0.75,0.75,0.28460118202689283,False
PAN,9,Economic and fiscal governance,0.5609730162942373,3,0,1.0,0.1936389616269766,0.14859344046793493,0.045045521159041674,0.0,none,0.5609730162942373,1.0,0.75,0.75,0.42072976222067804,False
PER,9,Economic and fiscal governance,0.605659617338041,3,0,1.0,0.1936389616269766,0.14859344046793493,0.045045521159041674,0.0,none,0.605659617338041,1.0,0.75,0.75,0.45424471300353075,False
PHL,9,Economic and fiscal governance,0.4592175744933413,3,0,1.0,0.1936389616269766,0.14859344046793493,0.045045521159041674,0.0,none,0.4592175744933413,1.0,0.75,0.75,0.34441318087000594,False
PLW,9,Economic and fiscal governance,0.4248292247699743,3,0,1.0,0.1936389616269766,0.14859344046793493,0.045045521159041674,0.0,none,0.4248292247699743,1.0,0.75,0.75,0.31862191857748073,False
PNG,9,Economic and fiscal governance,0.3564201384960194,3,0,1.0,0.1936389616269766,0.14859344046793493,0.045045521159041674,0.0,none,0.3564201384960194,1.0,0.75,0.75,0.2673151038720145,False
POL,9,Economic and fiscal governance,0.5226309190325118,3,0,1.0,0.1936389616269766,0.14859344046793493,0.045045521159041674,0.0,none,0.5226309190325118,1.0,0.75,0.75,0.39197318927438385,False
PRT,9,Economic and fiscal governance,0.6560163411402758,3,0,1.0,0.1936389616269766,0.14859344046793493,0.045045521159041674,0.0,none,0.6560163411402758,1.0,0.75,0.75,0.4920122558552069,False
PRY,9,Economic and fiscal governance,0.5879325488745991,3,0,1.0,0.1936389616269766,0.14859344046793493,0.045045521159041674,0.0,none,0.5879325488745991,1.0,0.75,0.75,0.44094941165594936,False
QAT,9,Economic and fiscal governance,0.706219681017077,3,0,1.0,0.1936389616269766,0.14859344046793493,0.045045521159041674,0.0,none,0.706219681017077,1.0,0.75,0.75,0.5296647607628078,False
ROU,9,Economic and fiscal governance,0.5130070487357219,3,0,1.0,0.1936389616269766,0.14859344046793493,0.045045521159041674,0.0,none,0.5130070487357219,1.0,0.75,0.75,0.3847552865517914,False
RUS,9,Economic and fiscal governance,0.6792178292722143,3,0,1.0,0.1936389616269766,0.14859344046793493,0.045045521159041674,0.0,none,0.6792178292722143,1.0,0.75,0.75,0.5094133719541607,False
RWA,9,Economic and fiscal governance,0.284578301781919,3,0,1.0,0.1936389616269766,0.14859344046793493,0.045045521159041674,0.0,none,0.284578301781919,1.0,0.75,0.75,0.21343372633643926,False
SAU,9,Economic and fiscal governance,0.6039432421179681,3,0,1.0,0.1936389616269766,0.14859344046793493,0.045045521159041674,0.0,none,0.6039432421179681,1.0,0.75,0.75,0.4529574315884761,False
SEN,9,Economic and fiscal governance,0.3794682427025238,3,0,1.0,0.1936389616269766,0.14859344046793493,0.045045521159041674,0.0,none,0.3794682427025238,1.0,0.75,0.75,0.28460118202689283,False
SGP,9,Economic and fiscal governance,0.7368076671275195,3,0,1.0,0.1936389616269766,0.14859344046793493,0.045045521159041674,0.0,none,0.7368076671275195,1.0,0.75,0.75,0.5526057503456396,False
SLB,9,Economic and fiscal governance,0.2484735768384792,2,1,0.6666666666666666,0.1936389616269766,0.14859344046793493,0.045045521159041674,0.0,none,0.2484735768384792,1.0,0.75,0.75,0.18635518262885942,False
SLE,9,Economic and fiscal governance,0.3083007870120702,2,1,0.6666666666666666,0.1936389616269766,0.14859344046793493,0.045045521159041674,0.0,none,0.3083007870120702,1.0,0.75,0.75,0.23122559025905265,False
SLV,9,Economic and fiscal governance,0.5149402866279801,3,0,1.0,0.1936389616269766,0.14859344046793493,0.045045521159041674,0.0,none,0.5149402866279801,1.0,0.75,0.75,0.38620521497098503,False
SMR,9,Economic and fiscal governance,0.6876463214471441,3,0,1.0,0.1936389616269766,0.14859344046793493,0.045045521159041674,0.0,none,0.6876463214471441,1.0,0.75,0.75,0.5157347410853581,False
SRB,9,Economic and fiscal governance,0.6854089491288585,3,0,1.0,0.1936389616269766,0.14859344046793493,0.045045521159041674,0.0,none,0.6854089491288585,1.0,0.75,0.75,0.5140567118466439,False
STP,9,Economic and fiscal governance,0.2393707036399023,3,0,1.0,0.1936389616269766,0.14859344046793493,0.045045521159041674,0.0,none,0.2393707036399023,1.0,0.75,0.75,0.1795280277299267,False
SUR,9,Economic and fiscal governance,0.2828619265618462,3,0,1.0,0.1936389616269766,0.14859344046793493,0.045045521159041674,0.0,none,0.2828619265618462,1.0,0.75,0.75,0.21214644492138468,False
SVK,9,Economic and fiscal governance,0.5389669062841589,3,0,1.0,0.1936389616269766,0.14859344046793493,0.045045521159041674,0.0,none,0.5389669062841589,1.0,0.75,0.75,0.40422517971311916,False
SVN,9,Economic and fiscal governance,0.588128251964534,3,0,1.0,0.1936389616269766,0.14859344046793493,0.045045521159041674,0.0,none,0.588128251964534,1.0,0.75,0.75,0.4410961889734005,False
SWE,9,Economic and fiscal governance,0.6757850788320686,3,0,1.0,0.1936389616269766,0.14859344046793493,0.045045521159041674,0.0,none,0.6757850788320686,1.0,0.75,0.75,0.5068388091240514,False
SWZ,9,Economic and fiscal governance,0.2156482184097511,3,0,1.0,0.1936389616269766,0.14859344046793493,0.045045521159041674,0.0,none,0.2156482184097511,1.0,0.75,0.75,0.16173616380731332,False
SXM,9,Economic and fiscal governance,0.3297858999239356,2,1,0.6666666666666666,0.1936389616269766,0.14859344046793493,0.045045521159041674,0.0,none,0.3297858999239356,1.0,0.75,0.75,0.2473394249429517,False
SYC,9,Economic and fiscal governance,0.3992369803943165,3,0,1.0,0.1936389616269766,0.14859344046793493,0.045045521159041674,0.0,none,0.3992369803943165,1.0,0.75,0.75,0.29942773529573735,False
TCA,9,Economic and fiscal governance,0.5106162924920024,3,0,1.0,0.1936389616269766,0.14859344046793493,0.045045521159041674,0.0,none,0.5106162924920024,1.0,0.75,0.75,0.38296221936900177,False
TCD,9,Economic and fiscal governance,0.2393707036399023,2,1,0.6666666666666666,0.1936389616269766,0.14859344046793493,0.045045521159041674,0.0,none,0.2393707036399023,1.0,0.75,0.75,0.1795280277299267,False
TGO,9,Economic and fiscal governance,0.259139441331695,3,0,1.0,0.1936389616269766,0.14859344046793493,0.045045521159041674,0.0,none,0.259139441331695,1.0,0.75,0.75,0.19435458099877123,False
THA,9,Economic and fiscal governance,0.5288220388891559,3,0,1.0,0.1936389616269766,0.14859344046793493,0.045045521159041674,0.0,none,0.5288220388891559,1.0,0.75,0.75,0.39661652916686696,False
TJK,9,Economic and fiscal governance,0.5564982716576657,3,0,1.0,0.1936389616269766,0.14859344046793493,0.045045521159041674,0.0,none,0.5564982716576657,1.0,0.75,0.75,0.41737370374324934,False
TLS,9,Economic and fiscal governance,0.3367598321403194,2,1,0.6666666666666666,0.1936389616269766,0.14859344046793493,0.045045521159041674,0.0,none,0.3367598321403194,1.0,0.75,0.75,0.25256987410523957,False
TON,9,Economic and fiscal governance,0.1936389616269766,3,0,1.0,0.1936389616269766,0.14859344046793493,0.045045521159041674,0.0,none,0.1936389616269766,1.0,0.75,0.75,0.14522922122023246,False
TTO,9,Economic and fiscal governance,0.522477535107078,3,0,1.0,0.1936389616269766,0.14859344046793493,0.045045521159041674,0.0,none,0.522477535107078,1.0,0.75,0.75,0.39185815133030844,False
TUN,9,Economic and fiscal governance,0.4456399566581929,3,0,1.0,0.1936389616269766,0.14859344046793493,0.045045521159041674,0.0,none,0.4456399566581929,1.0,0.75,0.75,0.33422996749364464,False
TUR,9,Economic and fiscal governance,0.5785043816677442,3,0,1.0,0.1936389616269766,0.14859344046793493,0.045045521159041674,0.0,none,0.5785043816677442,1.0,0.75,0.75,0.43387828625080815,False
TZA,9,Economic and fiscal governance,0.3021096671554259,3,0,1.0,0.1936389616269766,0.14859344046793493,0.045045521159041674,0.0,none,0.3021096671554259,1.0,0.75,0.75,0.22658225036656943,False
UGA,9,Economic and fiscal governance,0.3658906248673754,3,0,1.0,0.1936389616269766,0.14859344046793493,0.045045521159041674,0.0,none,0.3658906248673754,1.0,0.75,0.75,0.27441796865053153,False
UKR,9,Economic and fiscal governance,0.5649126574444288,3,0,1.0,0.1936389616269766,0.14859344046793493,0.045045521159041674,0.0,none,0.5649126574444288,1.0,0.75,0.75,0.42368449308332157,False
URY,9,Economic and fiscal governance,0.5919876745549669,3,0,1.0,0.1936389616269766,0.14859344046793493,0.045045521159041674,0.0,none,0.5919876745549669,1.0,0.75,0.75,0.44399075591622517,False
USA,9,Economic and fiscal governance,0.7120431877009423,3,0,1.0,0.1936389616269766,0.14859344046793493,0.045045521159041674,0.0,none,0.7120431877009423,1.0,0.75,0.75,0.5340323907757067,False
UZB,9,Economic and fiscal governance,0.6402013509868417,2,1,0.6666666666666666,0.1936389616269766,0.14859344046793493,0.045045521159041674,0.0,none,0.6402013509868417,1.0,0.75,0.75,0.4801510132401313,False
VCT,9,Economic and fiscal governance,0.5429206538225174,2,1,0.6666666666666666,0.1936389616269766,0.14859344046793493,0.045045521159041674,0.0,none,0.5429206538225174,1.0,0.75,0.75,0.40719049036688804,False
VEN,9,Economic and fiscal governance,0.2173645936298238,2,1,0.6666666666666666,0.1936389616269766,0.14859344046793493,0.045045521159041674,0.0,none,0.2173645936298238,1.0,0.75,0.75,0.16302344522236784,False
VGB,9,Economic and fiscal governance,0.4518310765148373,3,0,1.0,0.1936389616269766,0.14859344046793493,0.045045521159041674,0.0,none,0.4518310765148373,1.0,0.75,0.75,0.338873307386128,False
VNM,9,Economic and fiscal governance,0.3406051483425853,3,0,1.0,0.1936389616269766,0.14859344046793493,0.045045521159041674,0.0,none,0.3406051483425853,1.0,0.75,0.75,0.255453861256939,False
VUT,9,Economic and fiscal governance,0.4014743527126023,3,0,1.0,0.1936389616269766,0.14859344046793493,0.045045521159041674,0.0,none,0.4014743527126023,1.0,0.75,0.75,0.3011057645344517,False
WSM,9,Economic and fiscal governance,0.419159102011543,3,0,1.0,0.1936389616269766,0.14859344046793493,0.045045521159041674,0.0,none,0.419159102011543,1.0,0.75,0.75,0.31436932650865723,False
ZAF,9,Economic and fiscal governance,0.4784653150869211,3,0,1.0,0.1936389616269766,0.14859344046793493,0.045045521159041674,0.0,none,0.4784653150869211,1.0,0.75,0.75,0.3588489863151908,False
ZMB,9,Economic and fiscal governance,0.4999504279987865,2,1,0.6666666666666666,0.1936389616269766,0.14859344046793493,0.045045521159041674,0.0,none,0.4999504279987865,1.0,0.75,0.75,0.37496282099908984,False
ZWE,9,Economic and fiscal governance,0.436537083459616,3,0,1.0,0.1936389616269766,0.14859344046793493,0.045045521159041674,0.0,none,0.436537083459616,1.0,0.75,0.75,0.327402812594712,False
AFG,10,Economic and fiscal governance,0.0190637603994281,1,0,1.0,0.0190637603994281,0.16840656666603757,0.0,0.0,none,0.0190637603994281,1.0,1.0,1.0,0.0190637603994281,False
AGO,10,Economic and fiscal governance,0.2863327654124887,1,0,1.0,0.0190637603994281,0.16840656666603757,0.0,0.0,none,0.2863327654124887,1.0,1.0,1.0,0.2863327654124887,False
ALB,10,Economic and fiscal governance,0.6354418274156848,1,0,1.0,0.0190637603994281,0.16840656666603757,0.0,0.0,none,0.6354418274156848,1.0,1.0,1.0,0.6354418274156848,False
ARE,10,Economic and fiscal governance,0.2578176274454533,1,0,1.0,0.0190637603994281,0.16840656666603757,0.0,0.0,none,0.2578176274454533,1.0,1.0,1.0,0.2578176274454533,False
ARG,10,Economic and fiscal governance,0.5880776999450158,1,0,1.0,0.0190637603994281,0.16840656666603757,0.0,0.0,none,0.5880776999450158,1.0,1.0,1.0,0.5880776999450158,False
ARM,10,Economic and fiscal governance,0.6228758344132624,1,0,1.0,0.0190637603994281,0.16840656666603757,0.0,0.0,none,0.6228758344132624,1.0,1.0,1.0,0.6228758344132624,False
AUS,10,Economic and fiscal governance,0.6241646542083826,1,0,1.0,0.0190637603994281,0.16840656666603757,0.0,0.0,none,0.6241646542083826,1.0,1.0,1.0,0.6241646542083826,False
AUT,10,Economic and fiscal governance,0.4699895862171234,1,0,1.0,0.0190637603994281,0.16840656666603757,0.0,0.0,none,0.4699895862171234,1.0,1.0,1.0,0.4699895862171234,False
AZE,10,Economic and fiscal governance,0.1933766376894411,1,0,1.0,0.0190637603994281,0.16840656666603757,0.0,0.0,none,0.1933766376894411,1.0,1.0,1.0,0.1933766376894411,False
BDI,10,Economic and fiscal governance,0.3314414582416972,1,0,1.0,0.0190637603994281,0.16840656666603757,0.0,0.0,none,0.3314414582416972,1.0,1.0,1.0,0.3314414582416972,False
BEL,10,Economic and fiscal governance,0.7274313402923922,1,0,1.0,0.0190637603994281,0.16840656666603757,0.0,0.0,none,0.7274313402923922,1.0,1.0,1.0,0.7274313402923922,False
BEN,10,Economic and fiscal governance,0.684416979630254,1,0,1.0,0.0190637603994281,0.16840656666603757,0.0,0.0,none,0.684416979630254,1.0,1.0,1.0,0.684416979630254,False
BFA,10,Economic and fiscal governance,0.4422799606220382,1,0,1.0,0.0190637603994281,0.16840656666603757,0.0,0.0,none,0.4422799606220382,1.0,1.0,1.0,0.4422799606220382,False
BGD,10,Economic and fiscal governance,0.5121984345073115,1,0,1.0,0.0190637603994281,0.16840656666603757,0.0,0.0,none,0.5121984345073115,1.0,1.0,1.0,0.5121984345073115,False
BGR,10,Economic and fiscal governance,0.5072042578012205,1,0,1.0,0.0190637603994281,0.16840656666603757,0.0,0.0,none,0.5072042578012205,1.0,1.0,1.0,0.5072042578012205,False
BHR,10,Economic and fiscal governance,0.2629729066259342,1,0,1.0,0.0190637603994281,0.16840656666603757,0.0,0.0,none,0.2629729066259342,1.0,1.0,1.0,0.2629729066259342,False
BIH,10,Economic and fiscal governance,0.5092985899682909,1,0,1.0,0.0190637603994281,0.16840656666603757,0.0,0.0,none,0.5092985899682909,1.0,1.0,1.0,0.5092985899682909,False
BLR,10,Economic and fiscal governance,0.1637337824016755,1,0,1.0,0.0190637603994281,0.16840656666603757,0.0,0.0,none,0.1637337824016755,1.0,1.0,1.0,0.1637337824016755,False
BOL,10,Economic and fiscal governance,0.3971712677928297,1,0,1.0,0.0190637603994281,0.16840656666603757,0.0,0.0,none,0.3971712677928297,1.0,1.0,1.0,0.3971712677928297,False
BRA,10,Economic and fiscal governance,0.5832446257133149,1,0,1.0,0.0190637603994281,0.16840656666603757,0.0,0.0,none,0.5832446257133149,1.0,1.0,1.0,0.5832446257133149,False
BRB,10,Economic and fiscal governance,0.494316059850018,1,0,1.0,0.0190637603994281,0.16840656666603757,0.0,0.0,none,0.494316059850018,1.0,1.0,1.0,0.494316059850018,False
BTN,10,Economic and fiscal governance,0.3172644404953745,1,0,1.0,0.0190637603994281,0.16840656666603757,0.0,0.0,none,0.3172644404953745,1.0,1.0,1.0,0.3172644404953745,False
BWA,10,Economic and fiscal governance,0.5614957916706608,1,0,1.0,0.0190637603994281,0.16840656666603757,0.0,0.0,none,0.5614957916706608,1.0,1.0,1.0,0.5614957916706608,False
CAF,10,Economic and fiscal governance,0.6517131773290779,1,0,1.0,0.0190637603994281,0.16840656666603757,0.0,0.0,none,0.6517131773290779,1.0,1.0,1.0,0.6517131773290779,False
CAN,10,Economic and fiscal governance,0.5324973462804553,1,0,1.0,0.0190637603994281,0.16840656666603757,0.0,0.0,none,0.5324973462804553,1.0,1.0,1.0,0.5324973462804553,False
CHE,10,Economic and fiscal governance,0.7503078916557765,1,0,1.0,0.0190637603994281,0.16840656666603757,0.0,0.0,none,0.7503078916557765,1.0,1.0,1.0,0.7503078916557765,False
CHL,10,Economic and fiscal governance,0.6770062658083127,1,0,1.0,0.0190637603994281,0.16840656666603757,0.0,0.0,none,0.6770062658083127,1.0,1.0,1.0,0.6770062658083127,False
CHN,10,Economic and fiscal governance,0.2102923975003943,1,0,1.0,0.0190637603994281,0.16840656666603757,0.0,0.0,none,0.2102923975003943,1.0,1.0,1.0,0.2102923975003943,False
CIV,10,Economic and fiscal governance,0.520253558226813,1,0,1.0,0.0190637603994281,0.16840656666603757,0.0,0.0,none,0.520253558226813,1.0,1.0,1.0,0.520253558226813,False
CMR,10,Economic and fiscal governance,0.5009212613000092,1,0,1.0,0.0190637603994281,0.16840656666603757,0.0,0.0,none,0.5009212613000092,1.0,1.0,1.0,0.5009212613000092,False
COD,10,Economic and fiscal governance,0.4219810488488943,1,0,1.0,0.0190637603994281,0.16840656666603757,0.0,0.0,none,0.4219810488488943,1.0,1.0,1.0,0.4219810488488943,False
COG,10,Economic and fiscal governance,0.1714667011723969,1,0,1.0,0.0190637603994281,0.16840656666603757,0.0,0.0,none,0.1714667011723969,1.0,1.0,1.0,0.1714667011723969,False
COL,10,Economic and fiscal governance,0.5901720321120862,1,0,1.0,0.0190637603994281,0.16840656666603757,0.0,0.0,none,0.5901720321120862,1.0,1.0,1.0,0.5901720321120862,False
COM,10,Economic and fiscal governance,0.4881941658231969,1,0,1.0,0.0190637603994281,0.16840656666603757,0.0,0.0,none,0.4881941658231969,1.0,1.0,1.0,0.4881941658231969,False
CPV,10,Economic and fiscal governance,0.6086988166669397,1,0,1.0,0.0190637603994281,0.16840656666603757,0.0,0.0,none,0.6086988166669397,1.0,1.0,1.0,0.6086988166669397,False
CRI,10,Economic and fiscal governance,0.579055961379174,1,0,1.0,0.0190637603994281,0.16840656666603757,0.0,0.0,none,0.579055961379174,1.0,1.0,1.0,0.579055961379174,False
CUB,10,Economic and fiscal governance,0.1474624324882824,1,0,1.0,0.0190637603994281,0.16840656666603757,0.0,0.0,none,0.1474624324882824,1.0,1.0,1.0,0.1474624324882824,False
CYP,10,Economic and fiscal governance,0.6902166687082952,1,0,1.0,0.0190637603994281,0.16840656666603757,0.0,0.0,none,0.6902166687082952,1.0,1.0,1.0,0.6902166687082952,False
CZE,10,Economic and fiscal governance,0.7011716369668172,1,0,1.0,0.0190637603994281,0.16840656666603757,0.0,0.0,none,0.7011716369668172,1.0,1.0,1.0,0.7011716369668172,False
DEU,10,Economic and fiscal governance,0.7084212483143686,1,0,1.0,0.0190637603994281,0.16840656666603757,0.0,0.0,none,0.7084212483143686,1.0,1.0,1.0,0.7084212483143686,False
DJI,10,Economic and fiscal governance,0.3079204969807527,1,0,1.0,0.0190637603994281,0.16840656666603757,0.0,0.0,none,0.3079204969807527,1.0,1.0,1.0,0.3079204969807527,False
DNK,10,Economic and fiscal governance,0.6119208661547403,1,0,1.0,0.0190637603994281,0.16840656666603757,0.0,0.0,none,0.6119208661547403,1.0,1.0,1.0,0.6119208661547403,False
DOM,10,Economic and fiscal governance,0.573417374775523,1,0,1.0,0.0190637603994281,0.16840656666603757,0.0,0.0,none,0.573417374775523,1.0,1.0,1.0,0.573417374775523,False
DZA,10,Economic and fiscal governance,0.0862434922200708,1,0,1.0,0.0190637603994281,0.16840656666603757,0.0,0.0,none,0.0862434922200708,1.0,1.0,1.0,0.0862434922200708,False
ECU,10,Economic and fiscal governance,0.5128428444048715,1,0,1.0,0.0190637603994281,0.16840656666603757,0.0,0.0,none,0.5128428444048715,1.0,1.0,1.0,0.5128428444048715,False
EGY,10,Economic and fiscal governance,0.2098090900772241,1,0,1.0,0.0190637603994281,0.16840656666603757,0.0,0.0,none,0.2098090900772241,1.0,1.0,1.0,0.2098090900772241,False
ESP,10,Economic and fiscal governance,0.6231980393620424,1,0,1.0,0.0190637603994281,0.16840656666603757,0.0,0.0,none,0.6231980393620424,1.0,1.0,1.0,0.6231980393620424,False
EST,10,Economic and fiscal governance,0.6347974175181247,1,0,1.0,0.0190637603994281,0.16840656666603757,0.0,0.0,none,0.6347974175181247,1.0,1.0,1.0,0.6347974175181247,False
ETH,10,Economic and fiscal governance,0.2921324544905297,1,0,1.0,0.0190637603994281,0.16840656666603757,0.0,0.0,none,0.2921324544905297,1.0,1.0,1.0,0.2921324544905297,False
FIN,10,Economic and fiscal governance,0.5661677634279717,1,0,1.0,0.0190637603994281,0.16840656666603757,0.0,0.0,none,0.5661677634279717,1.0,1.0,1.0,0.5661677634279717,False
FJI,10,Economic and fiscal governance,0.5614957916706608,1,0,1.0,0.0190637603994281,0.16840656666603757,0.0,0.0,none,0.5614957916706608,1.0,1.0,1.0,0.5614957916706608,False
FRA,10,Economic and fiscal governance,0.5616568941450508,1,0,1.0,0.0190637603994281,0.16840656666603757,0.0,0.0,none,0.5616568941450508,1.0,1.0,1.0,0.5616568941450508,False
GAB,10,Economic and fiscal governance,0.3876662218038178,1,0,1.0,0.0190637603994281,0.16840656666603757,0.0,0.0,none,0.3876662218038178,1.0,1.0,1.0,0.3876662218038178,False
GBR,10,Economic and fiscal governance,0.6291588309144736,1,0,1.0,0.0190637603994281,0.16840656666603757,0.0,0.0,none,0.6291588309144736,1.0,1.0,1.0,0.6291588309144736,False
GEO,10,Economic and fiscal governance,0.5352360883450858,1,0,1.0,0.0190637603994281,0.16840656666603757,0.0,0.0,none,0.5352360883450858,1.0,1.0,1.0,0.5352360883450858,False
GHA,10,Economic and fiscal governance,0.6359251348388548,1,0,1.0,0.0190637603994281,0.16840656666603757,0.0,0.0,none,0.6359251348388548,1.0,1.0,1.0,0.6359251348388548,False
GIN,10,Economic and fiscal governance,0.5083319751219507,1,0,1.0,0.0190637603994281,0.16840656666603757,0.0,0.0,none,0.5083319751219507,1.0,1.0,1.0,0.5083319751219507,False
GMB,10,Economic and fiscal governance,0.5613346891962707,1,0,1.0,0.0190637603994281,0.16840656666603757,0.0,0.0,none,0.5613346891962707,1.0,1.0,1.0,0.5613346891962707,False
GNB,10,Economic and fiscal governance,0.4885163707719769,1,0,1.0,0.0190637603994281,0.16840656666603757,0.0,0.0,none,0.4885163707719769,1.0,1.0,1.0,0.4885163707719769,False
GNQ,10,Economic and fiscal governance,0.1597062205419247,1,0,1.0,0.0190637603994281,0.16840656666603757,0.0,0.0,none,0.1597062205419247,1.0,1.0,1.0,0.1597062205419247,False
GRC,10,Economic and fiscal governance,0.5561794100157897,1,0,1.0,0.0190637603994281,0.16840656666603757,0.0,0.0,none,0.5561794100157897,1.0,1.0,1.0,0.5561794100157897,False
GTM,10,Economic and fiscal governance,0.7337143367936033,1,0,1.0,0.0190637603994281,0.16840656666603757,0.0,0.0,none,0.7337143367936033,1.0,1.0,1.0,0.7337143367936033,False
GUY,10,Economic and fiscal governance,0.3855718896367475,1,0,1.0,0.0190637603994281,0.16840656666603757,0.0,0.0,none,0.3855718896367475,1.0,1.0,1.0,0.3855718896367475,False
HKG,10,Economic and fiscal governance,0.5336250636011856,1,0,1.0,0.0190637603994281,0.16840656666603757,0.0,0.0,none,0.5336250636011856,1.0,1.0,1.0,0.5336250636011856,False
HND,10,Economic and fiscal governance,0.5304030141133849,1,0,1.0,0.0190637603994281,0.16840656666603757,0.0,0.0,none,0.5304030141133849,1.0,1.0,1.0,0.5304030141133849,False
HRV,10,Economic and fiscal governance,0.3960435504720994,1,0,1.0,0.0190637603994281,0.16840656666603757,0.0,0.0,none,0.3960435504720994,1.0,1.0,1.0,0.3960435504720994,False
HTI,10,Economic and fiscal governance,0.6414026189681159,1,0,1.0,0.0190637603994281,0.16840656666603757,0.0,0.0,none,0.6414026189681159,1.0,1.0,1.0,0.6414026189681159,False
HUN,10,Economic and fiscal governance,0.3509348576428909,1,0,1.0,0.0190637603994281,0.16840656666603757,0.0,0.0,none,0.3509348576428909,1.0,1.0,1.0,0.3509348576428909,False
IDN,10,Economic and fiscal governance,0.3496460378477706,1,0,1.0,0.0190637603994281,0.16840656666603757,0.0,0.0,none,0.3496460378477706,1.0,1.0,1.0,0.3496460378477706,False
IND,10,Economic and fiscal governance,0.4171479746171935,1,0,1.0,0.0190637603994281,0.16840656666603757,0.0,0.0,none,0.4171479746171935,1.0,1.0,1.0,0.4171479746171935,False
IRL,10,Economic and fiscal governance,0.6289977284400835,1,0,1.0,0.0190637603994281,0.16840656666603757,0.0,0.0,none,0.6289977284400835,1.0,1.0,1.0,0.6289977284400835,False
IRN,10,Economic and fiscal governance,0.2110979098723444,1,0,1.0,0.0190637603994281,0.16840656666603757,0.0,0.0,none,0.2110979098723444,1.0,1.0,1.0,0.2110979098723444,False
IRQ,10,Economic and fiscal governance,0.2885882000539491,1,0,1.0,0.0190637603994281,0.16840656666603757,0.0,0.0,none,0.2885882000539491,1.0,1.0,1.0,0.2885882000539491,False
ISL,10,Economic and fiscal governance,0.4139259251293928,1,0,1.0,0.0190637603994281,0.16840656666603757,0.0,0.0,none,0.4139259251293928,1.0,1.0,1.0,0.4139259251293928,False
ISR,10,Economic and fiscal governance,0.5903331345864763,1,0,1.0,0.0190637603994281,0.16840656666603757,0.0,0.0,none,0.5903331345864763,1.0,1.0,1.0,0.5903331345864763,False
ITA,10,Economic and fiscal governance,0.6140151983218107,1,0,1.0,0.0190637603994281,0.16840656666603757,0.0,0.0,none,0.6140151983218107,1.0,1.0,1.0,0.6140151983218107,False
JAM,10,Economic and fiscal governance,0.4426021655708183,1,0,1.0,0.0190637603994281,0.16840656666603757,0.0,0.0,none,0.4426021655708183,1.0,1.0,1.0,0.4426021655708183,False
JOR,10,Economic and fiscal governance,0.6227147319388724,1,0,1.0,0.0190637603994281,0.16840656666603757,0.0,0.0,none,0.6227147319388724,1.0,1.0,1.0,0.6227147319388724,False
JPN,10,Economic and fiscal governance,0.8729068746665897,1,0,1.0,0.0190637603994281,0.16840656666603757,0.0,0.0,none,0.8729068746665897,1.0,1.0,1.0,0.8729068746665897,False
KAZ,10,Economic and fiscal governance,0.4366413740183871,1,0,1.0,0.0190637603994281,0.16840656666603757,0.0,0.0,none,0.4366413740183871,1.0,1.0,1.0,0.4366413740183871,False
KEN,10,Economic and fiscal governance,0.5977438484084177,1,0,1.0,0.0190637603994281,0.16840656666603757,0.0,0.0,none,0.5977438484084177,1.0,1.0,1.0,0.5977438484084177,False
KGZ,10,Economic and fiscal governance,0.3187143627648848,1,0,1.0,0.0190637603994281,0.16840656666603757,0.0,0.0,none,0.3187143627648848,1.0,1.0,1.0,0.3187143627648848,False
KHM,10,Economic and fiscal governance,0.60982653398767,1,0,1.0,0.0190637603994281,0.16840656666603757,0.0,0.0,none,0.60982653398767,1.0,1.0,1.0,0.60982653398767,False
KOR,10,Economic and fiscal governance,0.5650400461072415,1,0,1.0,0.0190637603994281,0.16840656666603757,0.0,0.0,none,0.5650400461072415,1.0,1.0,1.0,0.5650400461072415,False
KWT,10,Economic and fiscal governance,0.3664006951843339,1,0,1.0,0.0190637603994281,0.16840656666603757,0.0,0.0,none,0.3664006951843339,1.0,1.0,1.0,0.3664006951843339,False
LAO,10,Economic and fiscal governance,0.2115812172955145,1,0,1.0,0.0190637603994281,0.16840656666603757,0.0,0.0,none,0.2115812172955145,1.0,1.0,1.0,0.2115812172955145,False
LBN,10,Economic and fiscal governance,0.5774449366352737,1,0,1.0,0.0190637603994281,0.16840656666603757,0.0,0.0,none,0.5774449366352737,1.0,1.0,1.0,0.5774449366352737,False
LBR,10,Economic and fiscal governance,0.5142927666743818,1,0,1.0,0.0190637603994281,0.16840656666603757,0.0,0.0,none,0.5142927666743818,1.0,1.0,1.0,0.5142927666743818,False
LBY,10,Economic and fiscal governance,0.2803719738600576,1,0,1.0,0.0190637603994281,0.16840656666603757,0.0,0.0,none,0.2803719738600576,1.0,1.0,1.0,0.2803719738600576,False
LKA,10,Economic and fiscal governance,0.5101041023402411,1,0,1.0,0.0190637603994281,0.16840656666603757,0.0,0.0,none,0.5101041023402411,1.0,1.0,1.0,0.5101041023402411,False
LSO,10,Economic and fiscal governance,0.5904942370608662,1,0,1.0,0.0190637603994281,0.16840656666603757,0.0,0.0,none,0.5904942370608662,1.0,1.0,1.0,0.5904942370608662,False
LTU,10,Economic and fiscal governance,0.7283979551387324,1,0,1.0,0.0190637603994281,0.16840656666603757,0.0,0.0,none,0.7283979551387324,1.0,1.0,1.0,0.7283979551387324,False
LUX,10,Economic and fiscal governance,0.7348420541143336,1,0,1.0,0.0190637603994281,0.16840656666603757,0.0,0.0,none,0.7348420541143336,1.0,1.0,1.0,0.7348420541143336,False
LVA,10,Economic and fiscal governance,0.742091665461885,1,0,1.0,0.0190637603994281,0.16840656666603757,0.0,0.0,none,0.742091665461885,1.0,1.0,1.0,0.742091665461885,False
MAR,10,Economic and fiscal governance,0.5001157489280591,1,0,1.0,0.0190637603994281,0.16840656666603757,0.0,0.0,none,0.5001157489280591,1.0,1.0,1.0,0.5001157489280591,False
MDA,10,Economic and fiscal governance,0.5492520036170184,1,0,1.0,0.0190637603994281,0.16840656666603757,0.0,0.0,none,0.5492520036170184,1.0,1.0,1.0,0.5492520036170184,False
MDG,10,Economic and fiscal governance,0.5497353110401885,1,0,1.0,0.0190637603994281,0.16840656666603757,0.0,0.0,none,0.5497353110401885,1.0,1.0,1.0,0.5497353110401885,False
MDV,10,Economic and fiscal governance,0.4298750700940059,1,0,1.0,0.0190637603994281,0.16840656666603757,0.0,0.0,none,0.4298750700940059,1.0,1.0,1.0,0.4298750700940059,False
MEX,10,Economic and fiscal governance,0.5217034804963232,1,0,1.0,0.0190637603994281,0.16840656666603757,0.0,0.0,none,0.5217034804963232,1.0,1.0,1.0,0.5217034804963232,False
MKD,10,Economic and fiscal governance,0.6048323572815789,1,0,1.0,0.0190637603994281,0.16840656666603757,0.0,0.0,none,0.6048323572815789,1.0,1.0,1.0,0.6048323572815789,False
MLI,10,Economic and fiscal governance,0.6111153537827901,1,0,1.0,0.0190637603994281,0.16840656666603757,0.0,0.0,none,0.6111153537827901,1.0,1.0,1.0,0.6111153537827901,False
MLT,10,Economic and fiscal governance,0.4981825192353788,1,0,1.0,0.0190637603994281,0.16840656666603757,0.0,0.0,none,0.4981825192353788,1.0,1.0,1.0,0.4981825192353788,False
MMR,10,Economic and fiscal governance,0.1948265599589513,1,0,1.0,0.0190637603994281,0.16840656666603757,0.0,0.0,none,0.1948265599589513,1.0,1.0,1.0,0.1948265599589513,False
MNE,10,Economic and fiscal governance,0.6233591418364325,1,0,1.0,0.0190637603994281,0.16840656666603757,0.0,0.0,none,0.6233591418364325,1.0,1.0,1.0,0.6233591418364325,False
MNG,10,Economic and fiscal governance,0.4725672258073639,1,0,1.0,0.0190637603994281,0.16840656666603757,0.0,0.0,none,0.4725672258073639,1.0,1.0,1.0,0.4725672258073639,False
MOZ,10,Economic and fiscal governance,0.3805777129306565,1,0,1.0,0.0190637603994281,0.16840656666603757,0.0,0.0,none,0.3805777129306565,1.0,1.0,1.0,0.3805777129306565,False
MRT,10,Economic and fiscal governance,0.4825555792195458,1,0,1.0,0.0190637603994281,0.16840656666603757,0.0,0.0,none,0.4825555792195458,1.0,1.0,1.0,0.4825555792195458,False
MUS,10,Economic and fiscal governance,0.515098279046332,1,0,1.0,0.0190637603994281,0.16840656666603757,0.0,0.0,none,0.515098279046332,1.0,1.0,1.0,0.515098279046332,False
MWI,10,Economic and fiscal governance,0.5835668306620949,1,0,1.0,0.0190637603994281,0.16840656666603757,0.0,0.0,none,0.5835668306620949,1.0,1.0,1.0,0.5835668306620949,False
MYS,10,Economic and fiscal governance,0.3064705747112425,1,0,1.0,0.0190637603994281,0.16840656666603757,0.0,0.0,none,0.3064705747112425,1.0,1.0,1.0,0.3064705747112425,False
NAM,10,Economic and fiscal governance,0.4053874939867212,1,0,1.0,0.0190637603994281,0.16840656666603757,0.0,0.0,none,0.4053874939867212,1.0,1.0,1.0,0.4053874939867212,False
NER,10,Economic and fiscal governance,0.4736949431280941,1,0,1.0,0.0190637603994281,0.16840656666603757,0.0,0.0,none,0.4736949431280941,1.0,1.0,1.0,0.4736949431280941,False
NGA,10,Economic and fiscal governance,0.6120819686291303,1,0,1.0,0.0190637603994281,0.16840656666603757,0.0,0.0,none,0.6120819686291303,1.0,1.0,1.0,0.6120819686291303,False
NIC,10,Economic and fiscal governance,0.383316454995287,1,0,1.0,0.0190637603994281,0.16840656666603757,0.0,0.0,none,0.383316454995287,1.0,1.0,1.0,0.383316454995287,False
NLD,10,Economic and fiscal governance,0.6128874810010805,1,0,1.0,0.0190637603994281,0.16840656666603757,0.0,0.0,none,0.6128874810010805,1.0,1.0,1.0,0.6128874810010805,False
NOR,10,Economic and fiscal governance,0.6557407391888286,1,0,1.0,0.0190637603994281,0.16840656666603757,0.0,0.0,none,0.6557407391888286,1.0,1.0,1.0,0.6557407391888286,False
NPL,10,Economic and fiscal governance,0.5497353110401885,1,0,1.0,0.0190637603994281,0.16840656666603757,0.0,0.0,none,0.5497353110401885,1.0,1.0,1.0,0.5497353110401885,False
NZL,10,Economic and fiscal governance,0.4600012328049416,1,0,1.0,0.0190637603994281,0.16840656666603757,0.0,0.0,none,0.4600012328049416,1.0,1.0,1.0,0.4600012328049416,False
OMN,10,Economic and fiscal governance,0.3177477479185446,1,0,1.0,0.0190637603994281,0.16840656666603757,0.0,0.0,none,0.3177477479185446,1.0,1.0,1.0,0.3177477479185446,False
PAK,10,Economic and fiscal governance,0.4600012328049416,1,0,1.0,0.0190637603994281,0.16840656666603757,0.0,0.0,none,0.4600012328049416,1.0,1.0,1.0,0.4600012328049416,False
PAN,10,Economic and fiscal governance,0.578733756430394,1,0,1.0,0.0190637603994281,0.16840656666603757,0.0,0.0,none,0.578733756430394,1.0,1.0,1.0,0.578733756430394,False
PER,10,Economic and fiscal governance,0.7482135594887062,1,0,1.0,0.0190637603994281,0.16840656666603757,0.0,0.0,none,0.7482135594887062,1.0,1.0,1.0,0.7482135594887062,False
PHL,10,Economic and fiscal governance,0.6265811913242331,1,0,1.0,0.0190637603994281,0.16840656666603757,0.0,0.0,none,0.6265811913242331,1.0,1.0,1.0,0.6265811913242331,False
PNG,10,Economic and fiscal governance,0.4234309711184046,1,0,1.0,0.0190637603994281,0.16840656666603757,0.0,0.0,none,0.4234309711184046,1.0,1.0,1.0,0.4234309711184046,False
POL,10,Economic and fiscal governance,0.5595625619779804,1,0,1.0,0.0190637603994281,0.16840656666603757,0.0,0.0,none,0.5595625619779804,1.0,1.0,1.0,0.5595625619779804,False
PRT,10,Economic and fiscal governance,0.589205417265746,1,0,1.0,0.0190637603994281,0.16840656666603757,0.0,0.0,none,0.589205417265746,1.0,1.0,1.0,0.589205417265746,False
PRY,10,Economic and fiscal governance,0.6563851490863887,1,0,1.0,0.0190637603994281,0.16840656666603757,0.0,0.0,none,0.6563851490863887,1.0,1.0,1.0,0.6563851490863887,False
PSE,10,Economic and fiscal governance,0.1725944184931271,1,0,1.0,0.0190637603994281,0.16840656666603757,0.0,0.0,none,0.1725944184931271,1.0,1.0,1.0,0.1725944184931271,False
QAT,10,Economic and fiscal governance,0.156161966105344,1,0,1.0,0.0190637603994281,0.16840656666603757,0.0,0.0,none,0.156161966105344,1.0,1.0,1.0,0.156161966105344,False
ROU,10,Economic and fiscal governance,0.5357193957682559,1,0,1.0,0.0190637603994281,0.16840656666603757,0.0,0.0,none,0.5357193957682559,1.0,1.0,1.0,0.5357193957682559,False
RUS,10,Economic and fiscal governance,0.2420295849552303,1,0,1.0,0.0190637603994281,0.16840656666603757,0.0,0.0,none,0.2420295849552303,1.0,1.0,1.0,0.2420295849552303,False
RWA,10,Economic and fiscal governance,0.1394073087687809,1,0,1.0,0.0190637603994281,0.16840656666603757,0.0,0.0,none,0.1394073087687809,1.0,1.0,1.0,0.1394073087687809,False
SAU,10,Economic and fiscal governance,0.1323187998956195,1,0,1.0,0.0190637603994281,0.16840656666603757,0.0,0.0,none,0.1323187998956195,1.0,1.0,1.0,0.1323187998956195,False
SDN,10,Economic and fiscal governance,0.229946899375978,1,0,1.0,0.0190637603994281,0.16840656666603757,0.0,0.0,none,0.229946899375978,1.0,1.0,1.0,0.229946899375978,False
SEN,10,Economic and fiscal governance,0.4074818261537916,1,0,1.0,0.0190637603994281,0.16840656666603757,0.0,0.0,none,0.4074818261537916,1.0,1.0,1.0,0.4074818261537916,False
SGP,10,Economic and fiscal governance,0.3401409918587588,1,0,1.0,0.0190637603994281,0.16840656666603757,0.0,0.0,none,0.3401409918587588,1.0,1.0,1.0,0.3401409918587588,False
SLB,10,Economic and fiscal governance,0.5217034804963232,1,0,1.0,0.0190637603994281,0.16840656666603757,0.0,0.0,none,0.5217034804963232,1.0,1.0,1.0,0.5217034804963232,False
SLE,10,Economic and fiscal governance,0.5711619401340626,1,0,1.0,0.0190637603994281,0.16840656666603757,0.0,0.0,none,0.5711619401340626,1.0,1.0,1.0,0.5711619401340626,False
SLV,10,Economic and fiscal governance,0.3744558189038353,1,0,1.0,0.0190637603994281,0.16840656666603757,0.0,0.0,none,0.3744558189038353,1.0,1.0,1.0,0.3744558189038353,False
SOM,10,Economic and fiscal governance,0.6839336722070839,1,0,1.0,0.0190637603994281,0.16840656666603757,0.0,0.0,none,0.6839336722070839,1.0,1.0,1.0,0.6839336722070839,False
SRB,10,Economic and fiscal governance,0.5623013040426109,1,0,1.0,0.0190637603994281,0.16840656666603757,0.0,0.0,none,0.5623013040426109,1.0,1.0,1.0,0.5623013040426109,False
SSD,10,Economic and fiscal governance,0.0762551388078889,1,0,1.0,0.0190637603994281,0.16840656666603757,0.0,0.0,none,0.0762551388078889,1.0,1.0,1.0,0.0762551388078889,False
STP,10,Economic and fiscal governance,0.4749837629232143,1,0,1.0,0.0190637603994281,0.16840656666603757,0.0,0.0,none,0.4749837629232143,1.0,1.0,1.0,0.4749837629232143,False
SUR,10,Economic and fiscal governance,0.4211755364769442,1,0,1.0,0.0190637603994281,0.16840656666603757,0.0,0.0,none,0.4211755364769442,1.0,1.0,1.0,0.4211755364769442,False
SVK,10,Economic and fiscal governance,0.6499410501107875,1,0,1.0,0.0190637603994281,0.16840656666603757,0.0,0.0,none,0.6499410501107875,1.0,1.0,1.0,0.6499410501107875,False
SVN,10,Economic and fiscal governance,0.4983436217097688,1,0,1.0,0.0190637603994281,0.16840656666603757,0.0,0.0,none,0.4983436217097688,1.0,1.0,1.0,0.4983436217097688,False
SWE,10,Economic and fiscal governance,0.6140151983218107,1,0,1.0,0.0190637603994281,0.16840656666603757,0.0,0.0,none,0.6140151983218107,1.0,1.0,1.0,0.6140151983218107,False
SWZ,10,Economic and fiscal governance,0.2592675497149635,1,0,1.0,0.0190637603994281,0.16840656666603757,0.0,0.0,none,0.2592675497149635,1.0,1.0,1.0,0.2592675497149635,False
SYC,10,Economic and fiscal governance,0.3459406809367999,1,0,1.0,0.0190637603994281,0.16840656666603757,0.0,0.0,none,0.3459406809367999,1.0,1.0,1.0,0.3459406809367999,False
SYR,10,Economic and fiscal governance,0.4374468863903373,1,0,1.0,0.0190637603994281,0.16840656666603757,0.0,0.0,none,0.4374468863903373,1.0,1.0,1.0,0.4374468863903373,False
TCD,10,Economic and fiscal governance,0.5497353110401885,1,0,1.0,0.0190637603994281,0.16840656666603757,0.0,0.0,none,0.5497353110401885,1.0,1.0,1.0,0.5497353110401885,False
TGO,10,Economic and fiscal governance,0.4538793387781203,1,0,1.0,0.0190637603994281,0.16840656666603757,0.0,0.0,none,0.4538793387781203,1.0,1.0,1.0,0.4538793387781203,False
THA,10,Economic and fiscal governance,0.5178370211109625,1,0,1.0,0.0190637603994281,0.16840656666603757,0.0,0.0,none,0.5178370211109625,1.0,1.0,1.0,0.5178370211109625,False
TJK,10,Economic and fiscal governance,0.0653001705493668,1,0,1.0,0.0190637603994281,0.16840656666603757,0.0,0.0,none,0.0653001705493668,1.0,1.0,1.0,0.0653001705493668,False
TLS,10,Economic and fiscal governance,0.3599565962087326,1,0,1.0,0.0190637603994281,0.16840656666603757,0.0,0.0,none,0.3599565962087326,1.0,1.0,1.0,0.3599565962087326,False
TTO,10,Economic and fiscal governance,0.467573049101273,1,0,1.0,0.0190637603994281,0.16840656666603757,0.0,0.0,none,0.467573049101273,1.0,1.0,1.0,0.467573049101273,False
TUN,10,Economic and fiscal governance,0.3849274797391873,1,0,1.0,0.0190637603994281,0.16840656666603757,0.0,0.0,none,0.3849274797391873,1.0,1.0,1.0,0.3849274797391873,False
TUR,10,Economic and fiscal governance,0.5432912120645873,1,0,1.0,0.0190637603994281,0.16840656666603757,0.0,0.0,none,0.5432912120645873,1.0,1.0,1.0,0.5432912120645873,False
TZA,10,Economic and fiscal governance,0.4269752255549853,1,0,1.0,0.0190637603994281,0.16840656666603757,0.0,0.0,none,0.4269752255549853,1.0,1.0,1.0,0.4269752255549853,False
UGA,10,Economic and fiscal governance,0.4556514659964107,1,0,1.0,0.0190637603994281,0.16840656666603757,0.0,0.0,none,0.4556514659964107,1.0,1.0,1.0,0.4556514659964107,False
UKR,10,Economic and fiscal governance,0.605154562230359,1,0,1.0,0.0190637603994281,0.16840656666603757,0.0,0.0,none,0.605154562230359,1.0,1.0,1.0,0.605154562230359,False
URY,10,Economic and fiscal governance,0.578733756430394,1,0,1.0,0.0190637603994281,0.16840656666603757,0.0,0.0,none,0.578733756430394,1.0,1.0,1.0,0.578733756430394,False
USA,10,Economic and fiscal governance,0.6755563435388025,1,0,1.0,0.0190637603994281,0.16840656666603757,0.0,0.0,none,0.6755563435388025,1.0,1.0,1.0,0.6755563435388025,False
UZB,10,Economic and fiscal governance,0.2388075354674297,1,0,1.0,0.0190637603994281,0.16840656666603757,0.0,0.0,none,0.2388075354674297,1.0,1.0,1.0,0.2388075354674297,False
VEN,10,Economic and fiscal governance,0.1062201990444346,1,0,1.0,0.0190637603994281,0.16840656666603757,0.0,0.0,none,0.1062201990444346,1.0,1.0,1.0,0.1062201990444346,False
VNM,10,Economic and fiscal governance,0.330474843395357,1,0,1.0,0.0190637603994281,0.16840656666603757,0.0,0.0,none,0.330474843395357,1.0,1.0,1.0,0.330474843395357,False
VUT,10,Economic and fiscal governance,0.4918995227341676,1,0,1.0,0.0190637603994281,0.16840656666603757,0.0,0.0,none,0.4918995227341676,1.0,1.0,1.0,0.4918995227341676,False
XKX,10,Economic and fiscal governance,0.5426468021670272,1,0,1.0,0.0190637603994281,0.16840656666603757,0.0,0.0,none,0.5426468021670272,1.0,1.0,1.0,0.5426468021670272,False
YEM,10,Economic and fiscal governance,0.2900381223234594,1,0,1.0,0.0190637603994281,0.16840656666603757,0.0,0.0,none,0.2900381223234594,1.0,1.0,1.0,0.2900381223234594,False
ZAF,10,Economic and fiscal governance,0.6066044844998694,1,0,1.0,0.0190637603994281,0.16840656666603757,0.0,0.0,none,0.6066044844998694,1.0,1.0,1.0,0.6066044844998694,False
ZMB,10,Economic and fiscal governance,0.6077322018205995,1,0,1.0,0.0190637603994281,0.16840656666603757,0.0,0.0,none,0.6077322018205995,1.0,1.0,1.0,0.6077322018205995,False
ZWE,10,Economic and fiscal governance,0.2386464329930396,1,0,1.0,0.0190637603994281,0.16840656666603757,0.0,0.0,none,0.2386464329930396,1.0,1.0,1.0,0.2386464329930396,False
ABW,11,Economic and fiscal governance,0.4284981605998376,1,0,1.0,0.0283893073461717,0.15415395648690244,0.0,0.0,none,0.4284981605998376,0.5,1.0,0.5,0.2142490802999188,True
AFG,11,Economic and fiscal governance,0.3505842694095794,2,0,1.0,0.0283893073461717,0.15415395648690244,0.0,0.0,none,0.3505842694095794,0.5,1.0,0.5,0.1752921347047897,False
AGO,11,Economic and fiscal governance,0.3246164196717103,4,0,1.0,0.0283893073461717,0.15415395648690244,0.0,0.0,none,0.3246164196717103,0.5,1.0,0.5,0.16230820983585514,False
ALB,11,Economic and fiscal governance,0.5972918841310685,4,0,1.0,0.0283893073461717,0.15415395648690244,0.0,0.0,none,0.5972918841310685,0.5,1.0,0.5,0.29864594206553424,False
ARE,11,Economic and fiscal governance,0.6827315898182218,4,0,1.0,0.0283893073461717,0.15415395648690244,0.0,0.0,none,0.6827315898182218,0.5,1.0,0.5,0.3413657949091109,False
ARG,11,Economic and fiscal governance,0.3876455219865761,4,0,1.0,0.0283893073461717,0.15415395648690244,0.0,0.0,none,0.3876455219865761,0.5,1.0,0.5,0.19382276099328805,False
ARM,11,Economic and fiscal governance,0.5460136246207316,4,0,1.0,0.0283893073461717,0.15415395648690244,0.0,0.0,none,0.5460136246207316,0.5,1.0,0.5,0.2730068123103658,False
ATG,11,Economic and fiscal governance,0.4040908870899704,3,0,1.0,0.0283893073461717,0.15415395648690244,0.0,0.0,none,0.4040908870899704,0.5,1.0,0.5,0.2020454435449852,False
AUS,11,Economic and fiscal governance,0.6980220348397336,4,0,1.0,0.0283893073461717,0.15415395648690244,0.0,0.0,none,0.6980220348397336,0.5,1.0,0.5,0.3490110174198668,False
AUT,11,Economic and fiscal governance,0.7316108568034937,4,0,1.0,0.0283893073461717,0.15415395648690244,0.0,0.0,none,0.7316108568034937,0.5,1.0,0.5,0.36580542840174685,False
AZE,11,Economic and fiscal governance,0.4755708145432232,4,0,1.0,0.0283893073461717,0.15415395648690244,0.0,0.0,none,0.4755708145432232,0.5,1.0,0.5,0.2377854072716116,False
BDI,11,Economic and fiscal governance,0.2350658346042946,4,0,1.0,0.0283893073461717,0.15415395648690244,0.0,0.0,none,0.2350658346042946,0.5,1.0,0.5,0.1175329173021473,False
BEL,11,Economic and fiscal governance,0.738135838185905,4,0,1.0,0.0283893073461717,0.15415395648690244,0.0,0.0,none,0.738135838185905,0.5,1.0,0.5,0.3690679190929525,False
BEN,11,Economic and fiscal governance,0.4245411702963829,4,0,1.0,0.0283893073461717,0.15415395648690244,0.0,0.0,none,0.4245411702963829,0.5,1.0,0.5,0.21227058514819144,False
BFA,11,Economic and fiscal governance,0.3657771898113259,4,0,1.0,0.0283893073461717,0.15415395648690244,0.0,0.0,none,0.3657771898113259,0.5,1.0,0.5,0.18288859490566295,False
BGD,11,Economic and fiscal governance,0.383751991027079,4,0,1.0,0.0283893073461717,0.15415395648690244,0.0,0.0,none,0.383751991027079,0.5,1.0,0.5,0.1918759955135395,False
BGR,11,Economic and fiscal governance,0.6573041897841778,4,0,1.0,0.0283893073461717,0.15415395648690244,0.0,0.0,none,0.6573041897841778,0.5,1.0,0.5,0.3286520948920889,False
BHR,11,Economic and fiscal governance,0.6251345775263089,4,0,1.0,0.0283893073461717,0.15415395648690244,0.0,0.0,none,0.6251345775263089,0.5,1.0,0.5,0.3125672887631544,False
BHS,11,Economic and fiscal governance,0.275172161878178,4,0,1.0,0.0283893073461717,0.15415395648690244,0.0,0.0,none,0.275172161878178,0.5,1.0,0.5,0.137586080939089,False
BIH,11,Economic and fiscal governance,0.5684251944403567,4,0,1.0,0.0283893073461717,0.15415395648690244,0.0,0.0,none,0.5684251944403567,0.5,1.0,0.5,0.28421259722017833,False
BLR,11,Economic and fiscal governance,0.4390589388136296,4,0,1.0,0.0283893073461717,0.15415395648690244,0.0,0.0,none,0.4390589388136296,0.5,1.0,0.5,0.2195294694068148,False
BLZ,11,Economic and fiscal governance,0.3539947493897915,3,0,1.0,0.0283893073461717,0.15415395648690244,0.0,0.0,none,0.3539947493897915,0.5,1.0,0.5,0.17699737469489574,False
BMU,11,Economic and fiscal governance,0.0440063586050968,1,0,1.0,0.0283893073461717,0.15415395648690244,0.0,0.0,none,0.0440063586050968,0.5,1.0,0.5,0.0220031793025484,True
BOL,11,Economic and fiscal governance,0.4058050130044982,4,0,1.0,0.0283893073461717,0.15415395648690244,0.0,0.0,none,0.4058050130044982,0.5,1.0,0.5,0.2029025065022491,False
BRA,11,Economic and fiscal governance,0.5290993746618634,4,0,1.0,0.0283893073461717,0.15415395648690244,0.0,0.0,none,0.5290993746618634,0.5,1.0,0.5,0.2645496873309317,False
BRB,11,Economic and fiscal governance,0.3871686311625702,3,0,1.0,0.0283893073461717,0.15415395648690244,0.0,0.0,none,0.3871686311625702,0.5,1.0,0.5,0.1935843155812851,False
BRN,11,Economic and fiscal governance,0.5801275192467351,4,0,1.0,0.0283893073461717,0.15415395648690244,0.0,0.0,none,0.5801275192467351,0.5,1.0,0.5,0.29006375962336756,False
BTN,11,Economic and fiscal governance,0.4263830746546907,4,0,1.0,0.0283893073461717,0.15415395648690244,0.0,0.0,none,0.4263830746546907,0.5,1.0,0.5,0.21319153732734536,False
BWA,11,Economic and fiscal governance,0.520166794694653,4,0,1.0,0.0283893073461717,0.15415395648690244,0.0,0.0,none,0.520166794694653,0.5,1.0,0.5,0.2600833973473265,False
CAF,11,Economic and fiscal governance,0.2701018716256582,4,0,1.0,0.0283893073461717,0.15415395648690244,0.0,0.0,none,0.2701018716256582,0.5,1.0,0.5,0.1350509358128291,False
CAN,11,Economic and fiscal governance,0.7283195305516857,4,0,1.0,0.0283893073461717,0.15415395648690244,0.0,0.0,none,0.7283195305516857,0.5,1.0,0.5,0.3641597652758429,False
CHE,11,Economic and fiscal governance,0.71352708373275,4,0,1.0,0.0283893073461717,0.15415395648690244,0.0,0.0,none,0.71352708373275,0.5,1.0,0.5,0.356763541866375,False
CHL,11,Economic and fiscal governance,0.6477427380407532,4,0,1.0,0.0283893073461717,0.15415395648690244,0.0,0.0,none,0.6477427380407532,0.5,1.0,0.5,0.3238713690203766,False
CHN,11,Economic and fiscal governance,0.6167800186615131,4,0,1.0,0.0283893073461717,0.15415395648690244,0.0,0.0,none,0.6167800186615131,0.5,1.0,0.5,0.30839000933075655,False
CIV,11,Economic and fiscal governance,0.4035374669001878,4,0,1.0,0.0283893073461717,0.15415395648690244,0.0,0.0,none,0.4035374669001878,0.5,1.0,0.5,0.2017687334500939,False
CMR,11,Economic and fiscal governance,0.2922873744293894,4,0,1.0,0.0283893073461717,0.15415395648690244,0.0,0.0,none,0.2922873744293894,0.5,1.0,0.5,0.1461436872146947,False
COD,11,Economic and fiscal governance,0.3321573645845067,4,0,1.0,0.0283893073461717,0.15415395648690244,0.0,0.0,none,0.3321573645845067,0.5,1.0,0.5,0.16607868229225334,False
COG,11,Economic and fiscal governance,0.3159584510432535,4,0,1.0,0.0283893073461717,0.15415395648690244,0.0,0.0,none,0.3159584510432535,0.5,1.0,0.5,0.15797922552162674,False
COL,11,Economic and fiscal governance,0.5682322790982757,4,0,1.0,0.0283893073461717,0.15415395648690244,0.0,0.0,none,0.5682322790982757,0.5,1.0,0.5,0.28411613954913784,False
COM,11,Economic and fiscal governance,0.3520277837869203,4,0,1.0,0.0283893073461717,0.15415395648690244,0.0,0.0,none,0.3520277837869203,0.5,1.0,0.5,0.17601389189346014,False
CPV,11,Economic and fiscal governance,0.4261609311568545,2,0,1.0,0.0283893073461717,0.15415395648690244,0.0,0.0,none,0.4261609311568545,0.5,1.0,0.5,0.21308046557842725,False
CRI,11,Economic and fiscal governance,0.6272374781434673,4,0,1.0,0.0283893073461717,0.15415395648690244,0.0,0.0,none,0.6272374781434673,0.5,1.0,0.5,0.31361873907173365,False
CUB,11,Economic and fiscal governance,0.396368231237834,3,0,1.0,0.0283893073461717,0.15415395648690244,0.0,0.0,none,0.396368231237834,0.5,1.0,0.5,0.198184115618917,False
CYM,11,Economic and fiscal governance,0.0283893073461717,1,0,1.0,0.0283893073461717,0.15415395648690244,0.0,0.0,none,0.0283893073461717,0.5,1.0,0.5,0.01419465367308585,True
CYP,11,Economic and fiscal governance,0.6817064458873324,4,0,1.0,0.0283893073461717,0.15415395648690244,0.0,0.0,none,0.6817064458873324,0.5,1.0,0.5,0.3408532229436662,False
CZE,11,Economic and fiscal governance,0.6801867623407908,4,0,1.0,0.0283893073461717,0.15415395648690244,0.0,0.0,none,0.6801867623407908,0.5,1.0,0.5,0.3400933811703954,False
DEU,11,Economic and fiscal governance,0.7392917055531013,4,0,1.0,0.0283893073461717,0.15415395648690244,0.0,0.0,none,0.7392917055531013,0.5,1.0,0.5,0.36964585277655065,False
DJI,11,Economic and fiscal governance,0.2840491976718652,4,0,1.0,0.0283893073461717,0.15415395648690244,0.0,0.0,none,0.2840491976718652,0.5,1.0,0.5,0.1420245988359326,False
DMA,11,Economic and fiscal governance,0.4179556051814148,2,0,1.0,0.0283893073461717,0.15415395648690244,0.0,0.0,none,0.4179556051814148,0.5,1.0,0.5,0.2089778025907074,False
DNK,11,Economic and fiscal governance,0.7499093315022028,4,0,1.0,0.0283893073461717,0.15415395648690244,0.0,0.0,none,0.7499093315022028,0.5,1.0,0.5,0.3749546657511014,False
DOM,11,Economic and fiscal governance,0.5553675704027721,4,0,1.0,0.0283893073461717,0.15415395648690244,0.0,0.0,none,0.5553675704027721,0.5,1.0,0.5,0.27768378520138604,False
DZA,11,Economic and fiscal governance,0.2978919766621442,4,0,1.0,0.0283893073461717,0.15415395648690244,0.0,0.0,none,0.2978919766621442,0.5,1.0,0.5,0.1489459883310721,False
ECU,11,Economic and fiscal governance,0.4956097131774722,4,0,1.0,0.0283893073461717,0.15415395648690244,0.0,0.0,none,0.4956097131774722,0.5,1.0,0.5,0.2478048565887361,False
EGY,11,Economic and fiscal governance,0.4356000729296529,4,0,1.0,0.0283893073461717,0.15415395648690244,0.0,0.0,none,0.4356000729296529,0.5,1.0,0.5,0.21780003646482646,False
ESP,11,Economic and fiscal governance,0.7264061065807885,4,0,1.0,0.0283893073461717,0.15415395648690244,0.0,0.0,none,0.7264061065807885,0.5,1.0,0.5,0.36320305329039426,False
EST,11,Economic and fiscal governance,0.7147457615669748,4,0,1.0,0.0283893073461717,0.15415395648690244,0.0,0.0,none,0.7147457615669748,0.5,1.0,0.5,0.3573728807834874,False
ETH,11,Economic and fiscal governance,0.2574975730596965,4,0,1.0,0.0283893073461717,0.15415395648690244,0.0,0.0,none,0.2574975730596965,0.5,1.0,0.5,0.12874878652984825,False
FIN,11,Economic and fiscal governance,0.7497811894460814,4,0,1.0,0.0283893073461717,0.15415395648690244,0.0,0.0,none,0.7497811894460814,0.5,1.0,0.5,0.3748905947230407,False
FJI,11,Economic and fiscal governance,0.4229204932068365,4,0,1.0,0.0283893073461717,0.15415395648690244,0.0,0.0,none,0.4229204932068365,0.5,1.0,0.5,0.21146024660341825,False
FRA,11,Economic and fiscal governance,0.7346278629337218,4,0,1.0,0.0283893073461717,0.15415395648690244,0.0,0.0,none,0.7346278629337218,0.5,1.0,0.5,0.3673139314668609,False
FSM,11,Economic and fiscal governance,0.2371938058207832,1,0,1.0,0.0283893073461717,0.15415395648690244,0.0,0.0,none,0.2371938058207832,0.5,1.0,0.5,0.1185969029103916,True
GAB,11,Economic and fiscal governance,0.2766121009228203,4,0,1.0,0.0283893073461717,0.15415395648690244,0.0,0.0,none,0.2766121009228203,0.5,1.0,0.5,0.13830605046141015,False
GBR,11,Economic and fiscal governance,0.7217052536500931,4,0,1.0,0.0283893073461717,0.15415395648690244,0.0,0.0,none,0.7217052536500931,0.5,1.0,0.5,0.36085262682504654,False
GEO,11,Economic and fiscal governance,0.6373327971568675,4,0,1.0,0.0283893073461717,0.15415395648690244,0.0,0.0,none,0.6373327971568675,0.5,1.0,0.5,0.31866639857843376,False
GHA,11,Economic and fiscal governance,0.3964755101886427,4,0,1.0,0.0283893073461717,0.15415395648690244,0.0,0.0,none,0.3964755101886427,0.5,1.0,0.5,0.19823775509432134,False
GIN,11,Economic and fiscal governance,0.3604642817650568,3,0,1.0,0.0283893073461717,0.15415395648690244,0.0,0.0,none,0.3604642817650568,0.5,1.0,0.5,0.1802321408825284,False
GMB,11,Economic and fiscal governance,0.3780409978938265,4,0,1.0,0.0283893073461717,0.15415395648690244,0.0,0.0,none,0.3780409978938265,0.5,1.0,0.5,0.18902049894691325,False
GNB,11,Economic and fiscal governance,0.379475210719521,3,0,1.0,0.0283893073461717,0.15415395648690244,0.0,0.0,none,0.379475210719521,0.5,1.0,0.5,0.1897376053597605,False
GNQ,11,Economic and fiscal governance,0.2293502576541247,2,0,1.0,0.0283893073461717,0.15415395648690244,0.0,0.0,none,0.2293502576541247,0.5,1.0,0.5,0.11467512882706235,False
GRC,11,Economic and fiscal governance,0.6941823347668045,4,0,1.0,0.0283893073461717,0.15415395648690244,0.0,0.0,none,0.6941823347668045,0.5,1.0,0.5,0.34709116738340223,False
GRD,11,Economic and fiscal governance,0.3650651600304722,2,0,1.0,0.0283893073461717,0.15415395648690244,0.0,0.0,none,0.3650651600304722,0.5,1.0,0.5,0.1825325800152361,False
GTM,11,Economic and fiscal governance,0.567689957248168,4,0,1.0,0.0283893073461717,0.15415395648690244,0.0,0.0,none,0.567689957248168,0.5,1.0,0.5,0.283844978624084,False
GUY,11,Economic and fiscal governance,0.4022954095250154,3,0,1.0,0.0283893073461717,0.15415395648690244,0.0,0.0,none,0.4022954095250154,0.5,1.0,0.5,0.2011477047625077,False
HKG,11,Economic and fiscal governance,0.7857218187607065,4,0,1.0,0.0283893073461717,0.15415395648690244,0.0,0.0,none,0.7857218187607065,0.5,1.0,0.5,0.39286090938035323,False
HND,11,Economic and fiscal governance,0.5389314302100252,4,0,1.0,0.0283893073461717,0.15415395648690244,0.0,0.0,none,0.5389314302100252,0.5,1.0,0.5,0.2694657151050126,False
HRV,11,Economic and fiscal governance,0.67557645632903,4,0,1.0,0.0283893073461717,0.15415395648690244,0.0,0.0,none,0.67557645632903,0.5,1.0,0.5,0.337788228164515,False
HTI,11,Economic and fiscal governance,0.4665390823608837,3,0,1.0,0.0283893073461717,0.15415395648690244,0.0,0.0,none,0.4665390823608837,0.5,1.0,0.5,0.23326954118044185,False
HUN,11,Economic and fiscal governance,0.6603898711950406,4,0,1.0,0.0283893073461717,0.15415395648690244,0.0,0.0,none,0.6603898711950406,0.5,1.0,0.5,0.3301949355975203,False
IDN,11,Economic and fiscal governance,0.5444643533303849,4,0,1.0,0.0283893073461717,0.15415395648690244,0.0,0.0,none,0.5444643533303849,0.5,1.0,0.5,0.27223217666519245,False
IND,11,Economic and fiscal governance,0.5267112473596229,4,0,1.0,0.0283893073461717,0.15415395648690244,0.0,0.0,none,0.5267112473596229,0.5,1.0,0.5,0.26335562367981147,False
IRL,11,Economic and fiscal governance,0.7132065146636629,4,0,1.0,0.0283893073461717,0.15415395648690244,0.0,0.0,none,0.7132065146636629,0.5,1.0,0.5,0.35660325733183146,False
IRN,11,Economic and fiscal governance,0.2004567829040929,3,0,1.0,0.0283893073461717,0.15415395648690244,0.0,0.0,none,0.2004567829040929,0.5,1.0,0.5,0.10022839145204646,False
IRQ,11,Economic and fiscal governance,0.4322865243239481,2,0,1.0,0.0283893073461717,0.15415395648690244,0.0,0.0,none,0.4322865243239481,0.5,1.0,0.5,0.21614326216197405,False
ISL,11,Economic and fiscal governance,0.6883872135773345,4,0,1.0,0.0283893073461717,0.15415395648690244,0.0,0.0,none,0.6883872135773345,0.5,1.0,0.5,0.34419360678866723,False
ISR,11,Economic and fiscal governance,0.6796047890441834,4,0,1.0,0.0283893073461717,0.15415395648690244,0.0,0.0,none,0.6796047890441834,0.5,1.0,0.5,0.3398023945220917,False
ITA,11,Economic and fiscal governance,0.7136897745140005,4,0,1.0,0.0283893073461717,0.15415395648690244,0.0,0.0,none,0.7136897745140005,0.5,1.0,0.5,0.35684488725700025,False
JAM,11,Economic and fiscal governance,0.4372750062026431,4,0,1.0,0.0283893073461717,0.15415395648690244,0.0,0.0,none,0.4372750062026431,0.5,1.0,0.5,0.21863750310132155,False
JOR,11,Economic and fiscal governance,0.5218992018322495,4,0,1.0,0.0283893073461717,0.15415395648690244,0.0,0.0,none,0.5218992018322495,0.5,1.0,0.5,0.26094960091612474,False
JPN,11,Economic and fiscal governance,0.726703137233559,4,0,1.0,0.0283893073461717,0.15415395648690244,0.0,0.0,none,0.726703137233559,0.5,1.0,0.5,0.3633515686167795,False
KAZ,11,Economic and fiscal governance,0.5181422409344529,4,0,1.0,0.0283893073461717,0.15415395648690244,0.0,0.0,none,0.5181422409344529,0.5,1.0,0.5,0.25907112046722647,False
KEN,11,Economic and fiscal governance,0.4257030782076216,4,0,1.0,0.0283893073461717,0.15415395648690244,0.0,0.0,none,0.4257030782076216,0.5,1.0,0.5,0.2128515391038108,False
KGZ,11,Economic and fiscal governance,0.4858498085908636,4,0,1.0,0.0283893073461717,0.15415395648690244,0.0,0.0,none,0.4858498085908636,0.5,1.0,0.5,0.2429249042954318,False
KHM,11,Economic and fiscal governance,0.4457026439924699,4,0,1.0,0.0283893073461717,0.15415395648690244,0.0,0.0,none,0.4457026439924699,0.5,1.0,0.5,0.22285132199623495,False
KIR,11,Economic and fiscal governance,0.2386863320740536,1,0,1.0,0.0283893073461717,0.15415395648690244,0.0,0.0,none,0.2386863320740536,0.5,1.0,0.5,0.1193431660370268,True
KNA,11,Economic and fiscal governance,0.4269364554739451,1,0,1.0,0.0283893073461717,0.15415395648690244,0.0,0.0,none,0.4269364554739451,0.5,1.0,0.5,0.21346822773697255,True
KOR,11,Economic and fiscal governance,0.6750775418127722,4,0,1.0,0.0283893073461717,0.15415395648690244,0.0,0.0,none,0.6750775418127722,0.5,1.0,0.5,0.3375387709063861,False
KWT,11,Economic and fiscal governance,0.5398551301886025,4,0,1.0,0.0283893073461717,0.15415395648690244,0.0,0.0,none,0.5398551301886025,0.5,1.0,0.5,0.26992756509430127,False
LAO,11,Economic and fiscal governance,0.4667781088342288,4,0,1.0,0.0283893073461717,0.15415395648690244,0.0,0.0,none,0.4667781088342288,0.5,1.0,0.5,0.2333890544171144,False
LBN,11,Economic and fiscal governance,0.378346006915836,4,0,1.0,0.0283893073461717,0.15415395648690244,0.0,0.0,none,0.378346006915836,0.5,1.0,0.5,0.189173003457918,False
LBR,11,Economic and fiscal governance,0.3349063543091514,4,0,1.0,0.0283893073461717,0.15415395648690244,0.0,0.0,none,0.3349063543091514,0.5,1.0,0.5,0.1674531771545757,False
LBY,11,Economic and fiscal governance,0.3820502710989403,3,0,1.0,0.0283893073461717,0.15415395648690244,0.0,0.0,none,0.3820502710989403,0.5,1.0,0.5,0.19102513554947015,False
LCA,11,Economic and fiscal governance,0.4612939682435808,1,0,1.0,0.0283893073461717,0.15415395648690244,0.0,0.0,none,0.4612939682435808,0.5,1.0,0.5,0.2306469841217904,True
LKA,11,Economic and fiscal governance,0.4924688946761081,4,0,1.0,0.0283893073461717,0.15415395648690244,0.0,0.0,none,0.4924688946761081,0.5,1.0,0.5,0.24623444733805405,False
LSO,11,Economic and fiscal governance,0.437767294005511,4,0,1.0,0.0283893073461717,0.15415395648690244,0.0,0.0,none,0.437767294005511,0.5,1.0,0.5,0.2188836470027555,False
LTU,11,Economic and fiscal governance,0.6899422762538201,4,0,1.0,0.0283893073461717,0.15415395648690244,0.0,0.0,none,0.6899422762538201,0.5,1.0,0.5,0.34497113812691005,False
LUX,11,Economic and fiscal governance,0.7280854192799983,3,0,1.0,0.0283893073461717,0.15415395648690244,0.0,0.0,none,0.7280854192799983,0.5,1.0,0.5,0.36404270963999913,False
LVA,11,Economic and fiscal governance,0.693650244612111,4,0,1.0,0.0283893073461717,0.15415395648690244,0.0,0.0,none,0.693650244612111,0.5,1.0,0.5,0.3468251223060555,False
MAC,11,Economic and fiscal governance,0.7402145037279866,1,0,1.0,0.0283893073461717,0.15415395648690244,0.0,0.0,none,0.7402145037279866,0.5,1.0,0.5,0.3701072518639933,True
MAR,11,Economic and fiscal governance,0.5298049375331466,4,0,1.0,0.0283893073461717,0.15415395648690244,0.0,0.0,none,0.5298049375331466,0.5,1.0,0.5,0.2649024687665733,False
MDA,11,Economic and fiscal governance,0.5255896719155874,4,0,1.0,0.0283893073461717,0.15415395648690244,0.0,0.0,none,0.5255896719155874,0.5,1.0,0.5,0.2627948359577937,False
MDG,11,Economic and fiscal governance,0.4227349919203745,4,0,1.0,0.0283893073461717,0.15415395648690244,0.0,0.0,none,0.4227349919203745,0.5,1.0,0.5,0.21136749596018725,False
MDV,11,Economic and fiscal governance,0.4294924211723359,3,0,1.0,0.0283893073461717,0.15415395648690244,0.0,0.0,none,0.4294924211723359,0.5,1.0,0.5,0.21474621058616794,False
MEX,11,Economic and fiscal governance,0.6175985785673849,4,0,1.0,0.0283893073461717,0.15415395648690244,0.0,0.0,none,0.6175985785673849,0.5,1.0,0.5,0.30879928928369244,False
MKD,11,Economic and fiscal governance,0.5868746103449071,4,0,1.0,0.0283893073461717,0.15415395648690244,0.0,0.0,none,0.5868746103449071,0.5,1.0,0.5,0.29343730517245353,False
MLI,11,Economic and fiscal governance,0.399194570955617,4,0,1.0,0.0283893073461717,0.15415395648690244,0.0,0.0,none,0.399194570955617,0.5,1.0,0.5,0.1995972854778085,False
MLT,11,Economic and fiscal governance,0.6834941123636773,4,0,1.0,0.0283893073461717,0.15415395648690244,0.0,0.0,none,0.6834941123636773,0.5,1.0,0.5,0.34174705618183865,False
MMR,11,Economic and fiscal governance,0.3994152711230414,4,0,1.0,0.0283893073461717,0.15415395648690244,0.0,0.0,none,0.3994152711230414,0.5,1.0,0.5,0.1997076355615207,False
MNE,11,Economic and fiscal governance,0.5933533905607289,4,0,1.0,0.0283893073461717,0.15415395648690244,0.0,0.0,none,0.5933533905607289,0.5,1.0,0.5,0.29667669528036444,False
MNG,11,Economic and fiscal governance,0.5008257346868706,4,0,1.0,0.0283893073461717,0.15415395648690244,0.0,0.0,none,0.5008257346868706,0.5,1.0,0.5,0.2504128673434353,False
MOZ,11,Economic and fiscal governance,0.4356460619033434,4,0,1.0,0.0283893073461717,0.15415395648690244,0.0,0.0,none,0.4356460619033434,0.5,1.0,0.5,0.2178230309516717,False
MRT,11,Economic and fiscal governance,0.3771278784587403,3,0,1.0,0.0283893073461717,0.15415395648690244,0.0,0.0,none,0.3771278784587403,0.5,1.0,0.5,0.18856393922937015,False
MUS,11,Economic and fiscal governance,0.621856096928811,4,0,1.0,0.0283893073461717,0.15415395648690244,0.0,0.0,none,0.621856096928811,0.5,1.0,0.5,0.3109280484644055,False
MWI,11,Economic and fiscal governance,0.349196839970844,4,0,1.0,0.0283893073461717,0.15415395648690244,0.0,0.0,none,0.349196839970844,0.5,1.0,0.5,0.174598419985422,False
MYS,11,Economic and fiscal governance,0.6294558171360369,4,0,1.0,0.0283893073461717,0.15415395648690244,0.0,0.0,none,0.6294558171360369,0.5,1.0,0.5,0.31472790856801847,False
NAM,11,Economic and fiscal governance,0.468628379232662,4,0,1.0,0.0283893073461717,0.15415395648690244,0.0,0.0,none,0.468628379232662,0.5,1.0,0.5,0.234314189616331,False
NER,11,Economic and fiscal governance,0.3345669732500074,4,0,1.0,0.0283893073461717,0.15415395648690244,0.0,0.0,none,0.3345669732500074,0.5,1.0,0.5,0.1672834866250037,False
NGA,11,Economic and fiscal governance,0.3137742474939943,4,0,1.0,0.0283893073461717,0.15415395648690244,0.0,0.0,none,0.3137742474939943,0.5,1.0,0.5,0.15688712374699715,False
NIC,11,Economic and fiscal governance,0.5485763276706879,4,0,1.0,0.0283893073461717,0.15415395648690244,0.0,0.0,none,0.5485763276706879,0.5,1.0,0.5,0.27428816383534393,False
NLD,11,Economic and fiscal governance,0.7616529192497689,4,0,1.0,0.0283893073461717,0.15415395648690244,0.0,0.0,none,0.7616529192497689,0.5,1.0,0.5,0.38082645962488443,False
NOR,11,Economic and fiscal governance,0.7010820979895298,4,0,1.0,0.0283893073461717,0.15415395648690244,0.0,0.0,none,0.7010820979895298,0.5,1.0,0.5,0.3505410489947649,False
NPL,11,Economic and fiscal governance,0.351086622991859,4,0,1.0,0.0283893073461717,0.15415395648690244,0.0,0.0,none,0.351086622991859,0.5,1.0,0.5,0.1755433114959295,False
NRU,11,Economic and fiscal governance,0.2320356557625574,1,0,1.0,0.0283893073461717,0.15415395648690244,0.0,0.0,none,0.2320356557625574,0.5,1.0,0.5,0.1160178278812787,True
NZL,11,Economic and fiscal governance,0.7107305337165688,4,0,1.0,0.0283893073461717,0.15415395648690244,0.0,0.0,none,0.7107305337165688,0.5,1.0,0.5,0.3553652668582844,False
OMN,11,Economic and fiscal governance,0.6269922589059556,4,0,1.0,0.0283893073461717,0.15415395648690244,0.0,0.0,none,0.6269922589059556,0.5,1.0,0.5,0.3134961294529778,False
PAK,11,Economic and fiscal governance,0.4237238674877577,4,0,1.0,0.0283893073461717,0.15415395648690244,0.0,0.0,none,0.4237238674877577,0.5,1.0,0.5,0.21186193374387885,False
PAN,11,Economic and fiscal governance,0.6208457804292679,4,0,1.0,0.0283893073461717,0.15415395648690244,0.0,0.0,none,0.6208457804292679,0.5,1.0,0.5,0.31042289021463393,False
PER,11,Economic and fiscal governance,0.6402752179966215,4,0,1.0,0.0283893073461717,0.15415395648690244,0.0,0.0,none,0.6402752179966215,0.5,1.0,0.5,0.32013760899831073,False
PHL,11,Economic and fiscal governance,0.5791238712400122,4,0,1.0,0.0283893073461717,0.15415395648690244,0.0,0.0,none,0.5791238712400122,0.5,1.0,0.5,0.2895619356200061,False
PLW,11,Economic and fiscal governance,0.4000453896896203,2,0,1.0,0.0283893073461717,0.15415395648690244,0.0,0.0,none,0.4000453896896203,0.5,1.0,0.5,0.20002269484481014,False
PNG,11,Economic and fiscal governance,0.5106068031273368,4,0,1.0,0.0283893073461717,0.15415395648690244,0.0,0.0,none,0.5106068031273368,0.5,1.0,0.5,0.2553034015636684,False
POL,11,Economic and fiscal governance,0.6978240467776399,4,0,1.0,0.0283893073461717,0.15415395648690244,0.0,0.0,none,0.6978240467776399,0.5,1.0,0.5,0.34891202338881994,False
PRT,11,Economic and fiscal governance,0.7007934022753721,4,0,1.0,0.0283893073461717,0.15415395648690244,0.0,0.0,none,0.7007934022753721,0.5,1.0,0.5,0.35039670113768606,False
PRY,11,Economic and fiscal governance,0.4966223233139605,4,0,1.0,0.0283893073461717,0.15415395648690244,0.0,0.0,none,0.4966223233139605,0.5,1.0,0.5,0.24831116165698025,False
PSE,11,Economic and fiscal governance,0.6821190730447844,1,0,1.0,0.0283893073461717,0.15415395648690244,0.0,0.0,none,0.6821190730447844,0.5,1.0,0.5,0.3410595365223922,True
PYF,11,Economic and fiscal governance,0.502210642541965,1,0,1.0,0.0283893073461717,0.15415395648690244,0.0,0.0,none,0.502210642541965,0.5,1.0,0.5,0.2511053212709825,True
QAT,11,Economic and fiscal governance,0.6370665079468587,4,0,1.0,0.0283893073461717,0.15415395648690244,0.0,0.0,none,0.6370665079468587,0.5,1.0,0.5,0.31853325397342935,False
ROU,11,Economic and fiscal governance,0.6516602545413501,4,0,1.0,0.0283893073461717,0.15415395648690244,0.0,0.0,none,0.6516602545413501,0.5,1.0,0.5,0.32583012727067506,False
RUS,11,Economic and fiscal governance,0.4844295811743161,4,0,1.0,0.0283893073461717,0.15415395648690244,0.0,0.0,none,0.4844295811743161,0.5,1.0,0.5,0.24221479058715806,False
RWA,11,Economic and fiscal governance,0.4607817865993313,4,0,1.0,0.0283893073461717,0.15415395648690244,0.0,0.0,none,0.4607817865993313,0.5,1.0,0.5,0.23039089329966564,False
SAU,11,Economic and fiscal governance,0.5707591218547715,4,0,1.0,0.0283893073461717,0.15415395648690244,0.0,0.0,none,0.5707591218547715,0.5,1.0,0.5,0.28537956092738576,False
SDN,11,Economic and fiscal governance,0.4094958951061021,4,0,1.0,0.0283893073461717,0.15415395648690244,0.0,0.0,none,0.4094958951061021,0.5,1.0,0.5,0.20474794755305106,False
SEN,11,Economic and fiscal governance,0.4116391801227461,4,0,1.0,0.0283893073461717,0.15415395648690244,0.0,0.0,none,0.4116391801227461,0.5,1.0,0.5,0.20581959006137304,False
SGP,11,Economic and fiscal governance,0.800734366570455,4,0,1.0,0.0283893073461717,0.15415395648690244,0.0,0.0,none,0.800734366570455,0.5,1.0,0.5,0.4003671832852275,False
SLB,11,Economic and fiscal governance,0.383163368601204,3,0,1.0,0.0283893073461717,0.15415395648690244,0.0,0.0,none,0.383163368601204,0.5,1.0,0.5,0.191581684300602,False
SLE,11,Economic and fiscal governance,0.3222812026288674,4,0,1.0,0.0283893073461717,0.15415395648690244,0.0,0.0,none,0.3222812026288674,0.5,1.0,0.5,0.1611406013144337,False
SLV,11,Economic and fiscal governance,0.573079671361768,4,0,1.0,0.0283893073461717,0.15415395648690244,0.0,0.0,none,0.573079671361768,0.5,1.0,0.5,0.286539835680884,False
SOM,11,Economic and fiscal governance,0.3288142492801362,2,0,1.0,0.0283893073461717,0.15415395648690244,0.0,0.0,none,0.3288142492801362,0.5,1.0,0.5,0.1644071246400681,False
SRB,11,Economic and fiscal governance,0.5772800271884867,4,0,1.0,0.0283893073461717,0.15415395648690244,0.0,0.0,none,0.5772800271884867,0.5,1.0,0.5,0.28864001359424335,False
STP,11,Economic and fiscal governance,0.4320125255406373,2,0,1.0,0.0283893073461717,0.15415395648690244,0.0,0.0,none,0.4320125255406373,0.5,1.0,0.5,0.21600626277031865,False
SUR,11,Economic and fiscal governance,0.3689517437595056,3,0,1.0,0.0283893073461717,0.15415395648690244,0.0,0.0,none,0.3689517437595056,0.5,1.0,0.5,0.1844758718797528,False
SVK,11,Economic and fiscal governance,0.6697305355093253,4,0,1.0,0.0283893073461717,0.15415395648690244,0.0,0.0,none,0.6697305355093253,0.5,1.0,0.5,0.33486526775466263,False
SVN,11,Economic and fiscal governance,0.6736364844486777,4,0,1.0,0.0283893073461717,0.15415395648690244,0.0,0.0,none,0.6736364844486777,0.5,1.0,0.5,0.33681824222433887,False
SWE,11,Economic and fiscal governance,0.7383266911230322,4,0,1.0,0.0283893073461717,0.15415395648690244,0.0,0.0,none,0.7383266911230322,0.5,1.0,0.5,0.3691633455615161,False
SWZ,11,Economic and fiscal governance,0.4299801473091045,3,0,1.0,0.0283893073461717,0.15415395648690244,0.0,0.0,none,0.4299801473091045,0.5,1.0,0.5,0.21499007365455225,False
SYC,11,Economic and fiscal governance,0.6627938492245027,2,0,1.0,0.0283893073461717,0.15415395648690244,0.0,0.0,none,0.6627938492245027,0.5,1.0,0.5,0.33139692461225134,False
SYR,11,Economic and fiscal governance,0.3451109073152131,3,0,1.0,0.0283893073461717,0.15415395648690244,0.0,0.0,none,0.3451109073152131,0.5,1.0,0.5,0.17255545365760655,False
TCD,11,Economic and fiscal governance,0.2555098607123025,4,0,1.0,0.0283893073461717,0.15415395648690244,0.0,0.0,none,0.2555098607123025,0.5,1.0,0.5,0.12775493035615124,False
TGO,11,Economic and fiscal governance,0.3739933555364083,4,0,1.0,0.0283893073461717,0.15415395648690244,0.0,0.0,none,0.3739933555364083,0.5,1.0,0.5,0.18699667776820414,False
THA,11,Economic and fiscal governance,0.5710579999540621,4,0,1.0,0.0283893073461717,0.15415395648690244,0.0,0.0,none,0.5710579999540621,0.5,1.0,0.5,0.2855289999770311,False
TJK,11,Economic and fiscal governance,0.4785568017475455,4,0,1.0,0.0283893073461717,0.15415395648690244,0.0,0.0,none,0.4785568017475455,0.5,1.0,0.5,0.23927840087377275,False
TLS,11,Economic and fiscal governance,0.4729027935799994,3,0,1.0,0.0283893073461717,0.15415395648690244,0.0,0.0,none,0.4729027935799994,0.5,1.0,0.5,0.2364513967899997,False
TON,11,Economic and fiscal governance,0.4014497886570939,2,0,1.0,0.0283893073461717,0.15415395648690244,0.0,0.0,none,0.4014497886570939,0.5,1.0,0.5,0.20072489432854695,False
TTO,11,Economic and fiscal governance,0.451669903382664,4,0,1.0,0.0283893073461717,0.15415395648690244,0.0,0.0,none,0.451669903382664,0.5,1.0,0.5,0.225834951691332,False
TUN,11,Economic and fiscal governance,0.4505812638951956,4,0,1.0,0.0283893073461717,0.15415395648690244,0.0,0.0,none,0.4505812638951956,0.5,1.0,0.5,0.2252906319475978,False
TUR,11,Economic and fiscal governance,0.5844430084977534,4,0,1.0,0.0283893073461717,0.15415395648690244,0.0,0.0,none,0.5844430084977534,0.5,1.0,0.5,0.2922215042488767,False
TUV,11,Economic and fiscal governance,0.4637926964450088,1,0,1.0,0.0283893073461717,0.15415395648690244,0.0,0.0,none,0.4637926964450088,0.5,1.0,0.5,0.2318963482225044,True
TZA,11,Economic and fiscal governance,0.4072717181756496,4,0,1.0,0.0283893073461717,0.15415395648690244,0.0,0.0,none,0.4072717181756496,0.5,1.0,0.5,0.2036358590878248,False
UGA,11,Economic and fiscal governance,0.398101375780578,4,0,1.0,0.0283893073461717,0.15415395648690244,0.0,0.0,none,0.398101375780578,0.5,1.0,0.5,0.199050687890289,False
UKR,11,Economic and fiscal governance,0.4877063642339025,4,0,1.0,0.0283893073461717,0.15415395648690244,0.0,0.0,none,0.4877063642339025,0.5,1.0,0.5,0.24385318211695126,False
URY,11,Economic and fiscal governance,0.5537499086051221,4,0,1.0,0.0283893073461717,0.15415395648690244,0.0,0.0,none,0.5537499086051221,0.5,1.0,0.5,0.27687495430256104,False
USA,11,Economic and fiscal governance,0.6988567066128822,4,0,1.0,0.0283893073461717,0.15415395648690244,0.0,0.0,none,0.6988567066128822,0.5,1.0,0.5,0.3494283533064411,False
UZB,11,Economic and fiscal governance,0.4463568248320162,3,0,1.0,0.0283893073461717,0.15415395648690244,0.0,0.0,none,0.4463568248320162,0.5,1.0,0.5,0.2231784124160081,False
VCT,11,Economic and fiscal governance,0.4366190272544789,1,0,1.0,0.0283893073461717,0.15415395648690244,0.0,0.0,none,0.4366190272544789,0.5,1.0,0.5,0.21830951362723944,True
VEN,11,Economic and fiscal governance,0.3126818620807408,4,0,1.0,0.0283893073461717,0.15415395648690244,0.0,0.0,none,0.3126818620807408,0.5,1.0,0.5,0.1563409310403704,False
VNM,11,Economic and fiscal governance,0.5730570360855748,4,0,1.0,0.0283893073461717,0.15415395648690244,0.0,0.0,none,0.5730570360855748,0.5,1.0,0.5,0.2865285180427874,False
VUT,11,Economic and fiscal governance,0.454351623401743,2,0,1.0,0.0283893073461717,0.15415395648690244,0.0,0.0,none,0.454351623401743,0.5,1.0,0.5,0.2271758117008715,False
WSM,11,Economic and fiscal governance,0.3801602689380575,2,0,1.0,0.0283893073461717,0.15415395648690244,0.0,0.0,none,0.3801602689380575,0.5,1.0,0.5,0.19008013446902874,False
YEM,11,Economic and fiscal governance,0.3090775416756819,4,0,1.0,0.0283893073461717,0.15415395648690244,0.0,0.0,none,0.3090775416756819,0.5,1.0,0.5,0.15453877083784096,False
ZAF,11,Economic and fiscal governance,0.5997655806202221,4,0,1.0,0.0283893073461717,0.15415395648690244,0.0,0.0,none,0.5997655806202221,0.5,1.0,0.5,0.29988279031011106,False
ZMB,11,Economic and fiscal governance,0.4022596772394099,4,0,1.0,0.0283893073461717,0.15415395648690244,0.0,0.0,none,0.4022596772394099,0.5,1.0,0.5,0.20112983861970496,False
ZWE,11,Economic and fiscal governance,0.2675676028851581,4,0,1.0,0.0283893073461717,0.15415395648690244,0.0,0.0,none,0.2675676028851581,0.5,1.0,0.5,0.13378380144257904,False
ABW,12,Economic and fiscal governance,0.1797834588607804,3,1,0.75,0.0205399061032863,0.13272048504130868,0.0,0.0,none,0.1797834588607804,0.5,1.0,0.5,0.0898917294303902,True
AFG,12,Economic and fiscal governance,0.4288735229832784,7,1,0.875,0.0205399061032863,0.13272048504130868,0.0,0.0,none,0.4288735229832784,0.5,1.0,0.5,0.2144367614916392,False
AGO,12,Economic and fiscal governance,0.4422397178116775,8,1,0.8888888888888888,0.0205399061032863,0.13272048504130868,0.0,0.0,none,0.4422397178116775,0.5,1.0,0.5,0.22111985890583874,False
ALB,12,Economic and fiscal governance,0.526048698926287,10,0,1.0,0.0205399061032863,0.13272048504130868,0.0,0.0,none,0.526048698926287,0.5,1.0,0.5,0.2630243494631435,False
AND,12,Economic and fiscal governance,0.445773334137753,4,0,1.0,0.0205399061032863,0.13272048504130868,0.0,0.0,none,0.445773334137753,0.5,1.0,0.5,0.2228866670688765,True
ARE,12,Economic and fiscal governance,0.450855799354334,8,1,0.8888888888888888,0.0205399061032863,0.13272048504130868,0.0,0.0,none,0.450855799354334,0.5,1.0,0.5,0.225427899677167,False
ARG,12,Economic and fiscal governance,0.489420161201371,11,0,1.0,0.0205399061032863,0.13272048504130868,0.0,0.0,none,0.489420161201371,0.5,1.0,0.5,0.2447100806006855,False
ARM,12,Economic and fiscal governance,0.4071841240891798,7,1,0.875,0.0205399061032863,0.13272048504130868,0.0,0.0,none,0.4071841240891798,0.5,1.0,0.5,0.2035920620445899,False
ASM,12,Economic and fiscal governance,0.1563877244897225,3,1,0.75,0.0205399061032863,0.13272048504130868,0.0,0.0,none,0.1563877244897225,0.5,1.0,0.5,0.07819386224486125,True
ATG,12,Economic and fiscal governance,0.39292064165459,7,1,0.875,0.0205399061032863,0.13272048504130868,0.0,0.0,none,0.39292064165459,0.5,1.0,0.5,0.196460320827295,False
AUS,12,Economic and fiscal governance,0.5386469565632039,11,0,1.0,0.0205399061032863,0.13272048504130868,0.0,0.0,none,0.5386469565632039,0.5,1.0,0.5,0.26932347828160197,False
AUT,12,Economic and fiscal governance,0.6221342272540613,11,0,1.0,0.0205399061032863,0.13272048504130868,0.0,0.0,none,0.6221342272540613,0.5,1.0,0.5,0.31106711362703066,False
AZE,12,Economic and fiscal governance,0.4167718007182235,8,1,0.8888888888888888,0.0205399061032863,0.13272048504130868,0.0,0.0,none,0.4167718007182235,0.5,1.0,0.5,0.20838590035911175,False
BDI,12,Economic and fiscal governance,0.4208088237439298,7,1,0.875,0.0205399061032863,0.13272048504130868,0.0,0.0,none,0.4208088237439298,0.5,1.0,0.5,0.2104044118719649,False
BEL,12,Economic and fiscal governance,0.5746205666518333,10,0,1.0,0.0205399061032863,0.13272048504130868,0.0,0.0,none,0.5746205666518333,0.5,1.0,0.5,0.2873102833259166,False
BEN,12,Economic and fiscal governance,0.3695393317595286,7,1,0.875,0.0205399061032863,0.13272048504130868,0.0,0.0,none,0.3695393317595286,0.5,1.0,0.5,0.1847696658797643,False
BFA,12,Economic and fiscal governance,0.4405017675343932,7,1,0.875,0.0205399061032863,0.13272048504130868,0.0,0.0,none,0.4405017675343932,0.5,1.0,0.5,0.2202508837671966,False
BGD,12,Economic and fiscal governance,0.4193876006615095,8,1,0.8888888888888888,0.0205399061032863,0.13272048504130868,0.0,0.0,none,0.4193876006615095,0.5,1.0,0.5,0.20969380033075474,False
BGR,12,Economic and fiscal governance,0.5715788746605054,10,0,1.0,0.0205399061032863,0.13272048504130868,0.0,0.0,none,0.5715788746605054,0.5,1.0,0.5,0.2857894373302527,False
BHR,12,Economic and fiscal governance,0.3608191272022381,8,1,0.8888888888888888,0.0205399061032863,0.13272048504130868,0.0,0.0,none,0.3608191272022381,0.5,1.0,0.5,0.18040956360111904,False
BHS,12,Economic and fiscal governance,0.4278418978350006,7,1,0.875,0.0205399061032863,0.13272048504130868,0.0,0.0,none,0.4278418978350006,0.5,1.0,0.5,0.2139209489175003,False
BIH,12,Economic and fiscal governance,0.4033245953881282,7,1,0.875,0.0205399061032863,0.13272048504130868,0.0,0.0,none,0.4033245953881282,0.5,1.0,0.5,0.2016622976940641,False
BLR,12,Economic and fiscal governance,0.4665001950432106,7,1,0.875,0.0205399061032863,0.13272048504130868,0.0,0.0,none,0.4665001950432106,0.5,1.0,0.5,0.2332500975216053,False
BLZ,12,Economic and fiscal governance,0.5134858776962116,7,1,0.875,0.0205399061032863,0.13272048504130868,0.0,0.0,none,0.5134858776962116,0.5,1.0,0.5,0.2567429388481058,False
BMU,12,Economic and fiscal governance,0.1483818633895689,3,1,0.75,0.0205399061032863,0.13272048504130868,0.0,0.0,none,0.1483818633895689,0.5,1.0,0.5,0.07419093169478445,True
BOL,12,Economic and fiscal governance,0.4772570221464806,7,1,0.875,0.0205399061032863,0.13272048504130868,0.0,0.0,none,0.4772570221464806,0.5,1.0,0.5,0.2386285110732403,False
BRA,12,Economic and fiscal governance,0.5936701195408193,8,1,0.8888888888888888,0.0205399061032863,0.13272048504130868,0.0,0.0,none,0.5936701195408193,0.5,1.0,0.5,0.29683505977040964,False
BRB,12,Economic and fiscal governance,0.4000489624457787,8,1,0.8888888888888888,0.0205399061032863,0.13272048504130868,0.0,0.0,none,0.4000489624457787,0.5,1.0,0.5,0.20002448122288935,False
BRN,12,Economic and fiscal governance,0.3623239439599077,7,1,0.875,0.0205399061032863,0.13272048504130868,0.0,0.0,none,0.3623239439599077,0.5,1.0,0.5,0.18116197197995385,False
BTN,12,Economic and fiscal governance,0.4992940720565209,7,1,0.875,0.0205399061032863,0.13272048504130868,0.0,0.0,none,0.4992940720565209,0.5,1.0,0.5,0.24964703602826044,False
BWA,12,Economic and fiscal governance,0.3970288158353968,7,1,0.875,0.0205399061032863,0.13272048504130868,0.0,0.0,none,0.3970288158353968,0.5,1.0,0.5,0.1985144079176984,False
CAF,12,Economic and fiscal governance,0.4430910099297946,7,1,0.875,0.0205399061032863,0.13272048504130868,0.0,0.0,none,0.4430910099297946,0.5,1.0,0.5,0.2215455049648973,False
CAN,12,Economic and fiscal governance,0.5826375975021238,11,0,1.0,0.0205399061032863,0.13272048504130868,0.0,0.0,none,0.5826375975021238,0.5,1.0,0.5,0.2913187987510619,False
CHE,12,Economic and fiscal governance,0.604076676961703,11,0,1.0,0.0205399061032863,0.13272048504130868,0.0,0.0,none,0.604076676961703,0.5,1.0,0.5,0.3020383384808515,False
CHL,12,Economic and fiscal governance,0.5467337458647467,11,0,1.0,0.0205399061032863,0.13272048504130868,0.0,0.0,none,0.5467337458647467,0.5,1.0,0.5,0.27336687293237333,False
CHN,12,Economic and fiscal governance,0.476640967823387,10,0,1.0,0.0205399061032863,0.13272048504130868,0.0,0.0,none,0.476640967823387,0.5,1.0,0.5,0.2383204839116935,False
CIV,12,Economic and fiscal governance,0.4212219754413869,7,1,0.875,0.0205399061032863,0.13272048504130868,0.0,0.0,none,0.4212219754413869,0.5,1.0,0.5,0.21061098772069345,False
CMR,12,Economic and fiscal governance,0.4292045953796846,7,1,0.875,0.0205399061032863,0.13272048504130868,0.0,0.0,none,0.4292045953796846,0.5,1.0,0.5,0.2146022976898423,False
COD,12,Economic and fiscal governance,0.4400151431656621,7,1,0.875,0.0205399061032863,0.13272048504130868,0.0,0.0,none,0.4400151431656621,0.5,1.0,0.5,0.22000757158283105,False
COG,12,Economic and fiscal governance,0.4010246880259884,7,1,0.875,0.0205399061032863,0.13272048504130868,0.0,0.0,none,0.4010246880259884,0.5,1.0,0.5,0.2005123440129942,False
COL,12,Economic and fiscal governance,0.4772727767780207,11,0,1.0,0.0205399061032863,0.13272048504130868,0.0,0.0,none,0.4772727767780207,0.5,1.0,0.5,0.23863638838901036,False
COM,12,Economic and fiscal governance,0.3443604631738846,7,1,0.875,0.0205399061032863,0.13272048504130868,0.0,0.0,none,0.3443604631738846,0.5,1.0,0.5,0.1721802315869423,False
CPV,12,Economic and fiscal governance,0.3507174938223496,7,1,0.875,0.0205399061032863,0.13272048504130868,0.0,0.0,none,0.3507174938223496,0.5,1.0,0.5,0.1753587469111748,False
CRI,12,Economic and fiscal governance,0.5414045101537569,8,1,0.8888888888888888,0.0205399061032863,0.13272048504130868,0.0,0.0,none,0.5414045101537569,0.5,1.0,0.5,0.27070225507687845,False
CUB,12,Economic and fiscal governance,0.417788155768706,7,1,0.875,0.0205399061032863,0.13272048504130868,0.0,0.0,none,0.417788155768706,0.5,1.0,0.5,0.208894077884353,False
CUW,12,Economic and fiscal governance,0.0205399061032863,2,1,0.6666666666666666,0.0205399061032863,0.13272048504130868,0.0,0.0,none,0.0205399061032863,0.5,1.0,0.5,0.01026995305164315,True
CYM,12,Economic and fiscal governance,0.1536684072258989,3,1,0.75,0.0205399061032863,0.13272048504130868,0.0,0.0,none,0.1536684072258989,0.5,1.0,0.5,0.07683420361294944,True
CYP,12,Economic and fiscal governance,0.4673151407529961,10,0,1.0,0.0205399061032863,0.13272048504130868,0.0,0.0,none,0.4673151407529961,0.5,1.0,0.5,0.23365757037649806,False
CZE,12,Economic and fiscal governance,0.5667311349617286,10,0,1.0,0.0205399061032863,0.13272048504130868,0.0,0.0,none,0.5667311349617286,0.5,1.0,0.5,0.2833655674808643,False
DEU,12,Economic and fiscal governance,0.6379781224171339,11,0,1.0,0.0205399061032863,0.13272048504130868,0.0,0.0,none,0.6379781224171339,0.5,1.0,0.5,0.31898906120856696,False
DJI,12,Economic and fiscal governance,0.4115852206900969,7,1,0.875,0.0205399061032863,0.13272048504130868,0.0,0.0,none,0.4115852206900969,0.5,1.0,0.5,0.20579261034504845,False
DMA,12,Economic and fiscal governance,0.3995355969735515,7,1,0.875,0.0205399061032863,0.13272048504130868,0.0,0.0,none,0.3995355969735515,0.5,1.0,0.5,0.19976779848677576,False
DNK,12,Economic and fiscal governance,0.6637931058700499,11,0,1.0,0.0205399061032863,0.13272048504130868,0.0,0.0,none,0.6637931058700499,0.5,1.0,0.5,0.33189655293502496,False
DOM,12,Economic and fiscal governance,0.4769384493396213,8,1,0.8888888888888888,0.0205399061032863,0.13272048504130868,0.0,0.0,none,0.4769384493396213,0.5,1.0,0.5,0.23846922466981066,False
DZA,12,Economic and fiscal governance,0.4244180809324526,7,1,0.875,0.0205399061032863,0.13272048504130868,0.0,0.0,none,0.4244180809324526,0.5,1.0,0.5,0.2122090404662263,False
ECU,12,Economic and fiscal governance,0.5156543812975145,8,1,0.8888888888888888,0.0205399061032863,0.13272048504130868,0.0,0.0,none,0.5156543812975145,0.5,1.0,0.5,0.25782719064875725,False
EGY,12,Economic and fiscal governance,0.4253568260737275,8,1,0.8888888888888888,0.0205399061032863,0.13272048504130868,0.0,0.0,none,0.4253568260737275,0.5,1.0,0.5,0.21267841303686374,False
ESP,12,Economic and fiscal governance,0.5554955423223346,11,0,1.0,0.0205399061032863,0.13272048504130868,0.0,0.0,none,0.5554955423223346,0.5,1.0,0.5,0.2777477711611673,False
EST,12,Economic and fiscal governance,0.5647295381622982,11,0,1.0,0.0205399061032863,0.13272048504130868,0.0,0.0,none,0.5647295381622982,0.5,1.0,0.5,0.2823647690811491,False
ETH,12,Economic and fiscal governance,0.4892903344301642,7,1,0.875,0.0205399061032863,0.13272048504130868,0.0,0.0,none,0.4892903344301642,0.5,1.0,0.5,0.2446451672150821,False
FIN,12,Economic and fiscal governance,0.6306112388503047,11,0,1.0,0.0205399061032863,0.13272048504130868,0.0,0.0,none,0.6306112388503047,0.5,1.0,0.5,0.31530561942515234,False
FJI,12,Economic and fiscal governance,0.5014892966658437,7,1,0.875,0.0205399061032863,0.13272048504130868,0.0,0.0,none,0.5014892966658437,0.5,1.0,0.5,0.25074464833292187,False
FRA,12,Economic and fiscal governance,0.592882070854513,11,0,1.0,0.0205399061032863,0.13272048504130868,0.0,0.0,none,0.592882070854513,0.5,1.0,0.5,0.2964410354272565,False
FRO,12,Economic and fiscal governance,0.240986918028977,3,1,0.75,0.0205399061032863,0.13272048504130868,0.0,0.0,none,0.240986918028977,0.5,1.0,0.5,0.1204934590144885,True
FSM,12,Economic and fiscal governance,0.3424038602558257,6,1,0.8571428571428571,0.0205399061032863,0.13272048504130868,0.0,0.0,none,0.3424038602558257,0.5,1.0,0.5,0.17120193012791285,False
GAB,12,Economic and fiscal governance,0.4247250560439619,7,1,0.875,0.0205399061032863,0.13272048504130868,0.0,0.0,none,0.4247250560439619,0.5,1.0,0.5,0.21236252802198094,False
GBR,12,Economic and fiscal governance,0.5834625373364469,11,0,1.0,0.0205399061032863,0.13272048504130868,0.0,0.0,none,0.5834625373364469,0.5,1.0,0.5,0.29173126866822346,False
GEO,12,Economic and fiscal governance,0.4544153787409244,7,1,0.875,0.0205399061032863,0.13272048504130868,0.0,0.0,none,0.4544153787409244,0.5,1.0,0.5,0.2272076893704622,False
GHA,12,Economic and fiscal governance,0.4533031058123486,8,1,0.8888888888888888,0.0205399061032863,0.13272048504130868,0.0,0.0,none,0.4533031058123486,0.5,1.0,0.5,0.2266515529061743,False
GIB,12,Economic and fiscal governance,0.1450305726584481,3,1,0.75,0.0205399061032863,0.13272048504130868,0.0,0.0,none,0.1450305726584481,0.5,1.0,0.5,0.07251528632922405,True
GIN,12,Economic and fiscal governance,0.418577447258545,7,1,0.875,0.0205399061032863,0.13272048504130868,0.0,0.0,none,0.418577447258545,0.5,1.0,0.5,0.2092887236292725,False
GMB,12,Economic and fiscal governance,0.3303507047579456,7,1,0.875,0.0205399061032863,0.13272048504130868,0.0,0.0,none,0.3303507047579456,0.5,1.0,0.5,0.1651753523789728,False
GNB,12,Economic and fiscal governance,0.3399664800833734,7,1,0.875,0.0205399061032863,0.13272048504130868,0.0,0.0,none,0.3399664800833734,0.5,1.0,0.5,0.1699832400416867,False
GNQ,12,Economic and fiscal governance,0.3916859488949111,7,1,0.875,0.0205399061032863,0.13272048504130868,0.0,0.0,none,0.3916859488949111,0.5,1.0,0.5,0.19584297444745555,False
GRC,12,Economic and fiscal governance,0.5952346574745981,10,0,1.0,0.0205399061032863,0.13272048504130868,0.0,0.0,none,0.5952346574745981,0.5,1.0,0.5,0.29761732873729907,False
GRD,12,Economic and fiscal governance,0.3777731413587862,7,1,0.875,0.0205399061032863,0.13272048504130868,0.0,0.0,none,0.3777731413587862,0.5,1.0,0.5,0.1888865706793931,False
GRL,12,Economic and fiscal governance,0.3153878511497069,3,1,0.75,0.0205399061032863,0.13272048504130868,0.0,0.0,none,0.3153878511497069,0.5,1.0,0.5,0.15769392557485346,True
GTM,12,Economic and fiscal governance,0.4732588566452804,7,1,0.875,0.0205399061032863,0.13272048504130868,0.0,0.0,none,0.4732588566452804,0.5,1.0,0.5,0.2366294283226402,False
GUM,12,Economic and fiscal governance,0.1626158397199418,3,1,0.75,0.0205399061032863,0.13272048504130868,0.0,0.0,none,0.1626158397199418,0.5,1.0,0.5,0.0813079198599709,True
GUY,12,Economic and fiscal governance,0.4314017368665827,7,1,0.875,0.0205399061032863,0.13272048504130868,0.0,0.0,none,0.4314017368665827,0.5,1.0,0.5,0.21570086843329134,False
HKG,12,Economic and fiscal governance,0.2498829058413345,4,1,0.8,0.0205399061032863,0.13272048504130868,0.0,0.0,none,0.2498829058413345,0.5,1.0,0.5,0.12494145292066725,True
HND,12,Economic and fiscal governance,0.444941793943217,7,1,0.875,0.0205399061032863,0.13272048504130868,0.0,0.0,none,0.444941793943217,0.5,1.0,0.5,0.2224708969716085,False
HRV,12,Economic and fiscal governance,0.6021278552347308,10,0,1.0,0.0205399061032863,0.13272048504130868,0.0,0.0,none,0.6021278552347308,0.5,1.0,0.5,0.3010639276173654,False
HTI,12,Economic and fiscal governance,0.3611889250179254,7,1,0.875,0.0205399061032863,0.13272048504130868,0.0,0.0,none,0.3611889250179254,0.5,1.0,0.5,0.1805944625089627,False
HUN,12,Economic and fiscal governance,0.5696919092997768,11,0,1.0,0.0205399061032863,0.13272048504130868,0.0,0.0,none,0.5696919092997768,0.5,1.0,0.5,0.2848459546498884,False
IDN,12,Economic and fiscal governance,0.4269951405581666,10,0,1.0,0.0205399061032863,0.13272048504130868,0.0,0.0,none,0.4269951405581666,0.5,1.0,0.5,0.2134975702790833,False
IMN,12,Economic and fiscal governance,0.0205399061032863,2,1,0.6666666666666666,0.0205399061032863,0.13272048504130868,0.0,0.0,none,0.0205399061032863,0.5,1.0,0.5,0.01026995305164315,True
IND,12,Economic and fiscal governance,0.4302659376063316,8,1,0.8888888888888888,0.0205399061032863,0.13272048504130868,0.0,0.0,none,0.4302659376063316,0.5,1.0,0.5,0.2151329688031658,False
IRL,12,Economic and fiscal governance,0.5951120047857226,11,0,1.0,0.0205399061032863,0.13272048504130868,0.0,0.0,none,0.5951120047857226,0.5,1.0,0.5,0.2975560023928613,False
IRN,12,Economic and fiscal governance,0.3642154351984148,7,1,0.875,0.0205399061032863,0.13272048504130868,0.0,0.0,none,0.3642154351984148,0.5,1.0,0.5,0.1821077175992074,False
IRQ,12,Economic and fiscal governance,0.3285062511043615,7,1,0.875,0.0205399061032863,0.13272048504130868,0.0,0.0,none,0.3285062511043615,0.5,1.0,0.5,0.16425312555218075,False
ISL,12,Economic and fiscal governance,0.5344425675156347,10,0,1.0,0.0205399061032863,0.13272048504130868,0.0,0.0,none,0.5344425675156347,0.5,1.0,0.5,0.26722128375781734,False
ISR,12,Economic and fiscal governance,0.4609302996343776,11,0,1.0,0.0205399061032863,0.13272048504130868,0.0,0.0,none,0.4609302996343776,0.5,1.0,0.5,0.2304651498171888,False
ITA,12,Economic and fiscal governance,0.5571017432155833,10,0,1.0,0.0205399061032863,0.13272048504130868,0.0,0.0,none,0.5571017432155833,0.5,1.0,0.5,0.27855087160779163,False
JAM,12,Economic and fiscal governance,0.4004902091316732,8,1,0.8888888888888888,0.0205399061032863,0.13272048504130868,0.0,0.0,none,0.4004902091316732,0.5,1.0,0.5,0.2002451045658366,False
JOR,12,Economic and fiscal governance,0.4663691684724444,8,1,0.8888888888888888,0.0205399061032863,0.13272048504130868,0.0,0.0,none,0.4663691684724444,0.5,1.0,0.5,0.2331845842362222,False
JPN,12,Economic and fiscal governance,0.5265296692124727,11,0,1.0,0.0205399061032863,0.13272048504130868,0.0,0.0,none,0.5265296692124727,0.5,1.0,0.5,0.26326483460623634,False
KAZ,12,Economic and fiscal governance,0.4127280156713577,11,0,1.0,0.0205399061032863,0.13272048504130868,0.0,0.0,none,0.4127280156713577,0.5,1.0,0.5,0.20636400783567885,False
KEN,12,Economic and fiscal governance,0.4978344402384875,8,1,0.8888888888888888,0.0205399061032863,0.13272048504130868,0.0,0.0,none,0.4978344402384875,0.5,1.0,0.5,0.24891722011924375,False
KGZ,12,Economic and fiscal governance,0.4711940830155596,7,1,0.875,0.0205399061032863,0.13272048504130868,0.0,0.0,none,0.4711940830155596,0.5,1.0,0.5,0.2355970415077798,False
KHM,12,Economic and fiscal governance,0.4481988210573828,7,1,0.875,0.0205399061032863,0.13272048504130868,0.0,0.0,none,0.4481988210573828,0.5,1.0,0.5,0.2240994105286914,False
KIR,12,Economic and fiscal governance,0.4192533404436396,7,1,0.875,0.0205399061032863,0.13272048504130868,0.0,0.0,none,0.4192533404436396,0.5,1.0,0.5,0.2096266702218198,False
KNA,12,Economic and fiscal governance,0.2463281114431929,3,1,0.75,0.0205399061032863,0.13272048504130868,0.0,0.0,none,0.2463281114431929,0.5,1.0,0.5,0.12316405572159644,True
KOR,12,Economic and fiscal governance,0.5157611677121396,11,0,1.0,0.0205399061032863,0.13272048504130868,0.0,0.0,none,0.5157611677121396,0.5,1.0,0.5,0.2578805838560698,False
KWT,12,Economic and fiscal governance,0.4074300257816372,8,1,0.8888888888888888,0.0205399061032863,0.13272048504130868,0.0,0.0,none,0.4074300257816372,0.5,1.0,0.5,0.2037150128908186,False
LAO,12,Economic and fiscal governance,0.4747959552374867,7,1,0.875,0.0205399061032863,0.13272048504130868,0.0,0.0,none,0.4747959552374867,0.5,1.0,0.5,0.23739797761874334,False
LBN,12,Economic and fiscal governance,0.4321292590974858,7,1,0.875,0.0205399061032863,0.13272048504130868,0.0,0.0,none,0.4321292590974858,0.5,1.0,0.5,0.2160646295487429,False
LBR,12,Economic and fiscal governance,0.3711587339481044,7,1,0.875,0.0205399061032863,0.13272048504130868,0.0,0.0,none,0.3711587339481044,0.5,1.0,0.5,0.1855793669740522,False
LBY,12,Economic and fiscal governance,0.171169485398425,3,1,0.75,0.0205399061032863,0.13272048504130868,0.0,0.0,none,0.171169485398425,0.5,1.0,0.5,0.0855847426992125,True
LCA,12,Economic and fiscal governance,0.3905666415998399,7,1,0.875,0.0205399061032863,0.13272048504130868,0.0,0.0,none,0.3905666415998399,0.5,1.0,0.5,0.19528332079991995,False
LIE,12,Economic and fiscal governance,0.555589540691787,5,0,1.0,0.0205399061032863,0.13272048504130868,0.0,0.0,none,0.555589540691787,0.5,1.0,0.5,0.2777947703458935,True
LKA,12,Economic and fiscal governance,0.4664637055218281,8,1,0.8888888888888888,0.0205399061032863,0.13272048504130868,0.0,0.0,none,0.4664637055218281,0.5,1.0,0.5,0.23323185276091404,False
LSO,12,Economic and fiscal governance,0.4533316603363205,7,1,0.875,0.0205399061032863,0.13272048504130868,0.0,0.0,none,0.4533316603363205,0.5,1.0,0.5,0.22666583016816025,False
LTU,12,Economic and fiscal governance,0.6061790729392231,10,0,1.0,0.0205399061032863,0.13272048504130868,0.0,0.0,none,0.6061790729392231,0.5,1.0,0.5,0.30308953646961156,False
LUX,12,Economic and fiscal governance,0.6557200523206522,11,0,1.0,0.0205399061032863,0.13272048504130868,0.0,0.0,none,0.6557200523206522,0.5,1.0,0.5,0.3278600261603261,False
LVA,12,Economic and fiscal governance,0.5422564141534331,11,0,1.0,0.0205399061032863,0.13272048504130868,0.0,0.0,none,0.5422564141534331,0.5,1.0,0.5,0.27112820707671653,False
MAC,12,Economic and fiscal governance,0.2079317266719281,3,1,0.75,0.0205399061032863,0.13272048504130868,0.0,0.0,none,0.2079317266719281,0.5,1.0,0.5,0.10396586333596405,True
MAF,12,Economic and fiscal governance,0.0205399061032863,2,1,0.6666666666666666,0.0205399061032863,0.13272048504130868,0.0,0.0,none,0.0205399061032863,0.5,1.0,0.5,0.01026995305164315,True
MAR,12,Economic and fiscal governance,0.4126898631029331,8,1,0.8888888888888888,0.0205399061032863,0.13272048504130868,0.0,0.0,none,0.4126898631029331,0.5,1.0,0.5,0.20634493155146655,False
MCO,12,Economic and fiscal governance,0.1445618153364632,2,1,0.6666666666666666,0.0205399061032863,0.13272048504130868,0.0,0.0,none,0.1445618153364632,0.5,1.0,0.5,0.0722809076682316,True
MDA,12,Economic and fiscal governance,0.4273006675214671,7,1,0.875,0.0205399061032863,0.13272048504130868,0.0,0.0,none,0.4273006675214671,0.5,1.0,0.5,0.21365033376073356,False
MDG,12,Economic and fiscal governance,0.4050622738210115,7,1,0.875,0.0205399061032863,0.13272048504130868,0.0,0.0,none,0.4050622738210115,0.5,1.0,0.5,0.20253113691050575,False
MDV,12,Economic and fiscal governance,0.3992309644655405,7,1,0.875,0.0205399061032863,0.13272048504130868,0.0,0.0,none,0.3992309644655405,0.5,1.0,0.5,0.19961548223277026,False
MEX,12,Economic and fiscal governance,0.4629294388900106,11,0,1.0,0.0205399061032863,0.13272048504130868,0.0,0.0,none,0.4629294388900106,0.5,1.0,0.5,0.2314647194450053,False
MHL,12,Economic and fiscal governance,0.4222629518475526,6,1,0.8571428571428571,0.0205399061032863,0.13272048504130868,0.0,0.0,none,0.4222629518475526,0.5,1.0,0.5,0.2111314759237763,False
MKD,12,Economic and fiscal governance,0.4461940873819464,7,1,0.875,0.0205399061032863,0.13272048504130868,0.0,0.0,none,0.4461940873819464,0.5,1.0,0.5,0.2230970436909732,False
MLI,12,Economic and fiscal governance,0.4189197147207657,7,1,0.875,0.0205399061032863,0.13272048504130868,0.0,0.0,none,0.4189197147207657,0.5,1.0,0.5,0.20945985736038286,False
MLT,12,Economic and fiscal governance,0.5248175877829182,10,0,1.0,0.0205399061032863,0.13272048504130868,0.0,0.0,none,0.5248175877829182,0.5,1.0,0.5,0.2624087938914591,False
MMR,12,Economic and fiscal governance,0.4238494767744765,7,1,0.875,0.0205399061032863,0.13272048504130868,0.0,0.0,none,0.4238494767744765,0.5,1.0,0.5,0.21192473838723824,False
MNE,12,Economic and fiscal governance,0.4913213113084734,10,0,1.0,0.0205399061032863,0.13272048504130868,0.0,0.0,none,0.4913213113084734,0.5,1.0,0.5,0.2456606556542367,False
MNG,12,Economic and fiscal governance,0.378696306462453,7,1,0.875,0.0205399061032863,0.13272048504130868,0.0,0.0,none,0.378696306462453,0.5,1.0,0.5,0.1893481532312265,False
MNP,12,Economic and fiscal governance,0.0205399061032863,2,1,0.6666666666666666,0.0205399061032863,0.13272048504130868,0.0,0.0,none,0.0205399061032863,0.5,1.0,0.5,0.01026995305164315,True
MOZ,12,Economic and fiscal governance,0.4504270540786431,7,1,0.875,0.0205399061032863,0.13272048504130868,0.0,0.0,none,0.4504270540786431,0.5,1.0,0.5,0.22521352703932154,False
MRT,12,Economic and fiscal governance,0.3395494944211314,7,1,0.875,0.0205399061032863,0.13272048504130868,0.0,0.0,none,0.3395494944211314,0.5,1.0,0.5,0.1697747472105657,False
MUS,12,Economic and fiscal governance,0.4307062763495004,7,1,0.875,0.0205399061032863,0.13272048504130868,0.0,0.0,none,0.4307062763495004,0.5,1.0,0.5,0.2153531381747502,False
MWI,12,Economic and fiscal governance,0.4746002507496465,7,1,0.875,0.0205399061032863,0.13272048504130868,0.0,0.0,none,0.4746002507496465,0.5,1.0,0.5,0.23730012537482326,False
MYS,12,Economic and fiscal governance,0.4400361207171081,8,1,0.8888888888888888,0.0205399061032863,0.13272048504130868,0.0,0.0,none,0.4400361207171081,0.5,1.0,0.5,0.22001806035855406,False
NAM,12,Economic and fiscal governance,0.4492686315267931,7,1,0.875,0.0205399061032863,0.13272048504130868,0.0,0.0,none,0.4492686315267931,0.5,1.0,0.5,0.22463431576339654,False
NCL,12,Economic and fiscal governance,0.2000690803759556,3,1,0.75,0.0205399061032863,0.13272048504130868,0.0,0.0,none,0.2000690803759556,0.5,1.0,0.5,0.1000345401879778,True
NER,12,Economic and fiscal governance,0.4029739530750102,7,1,0.875,0.0205399061032863,0.13272048504130868,0.0,0.0,none,0.4029739530750102,0.5,1.0,0.5,0.2014869765375051,False
NGA,12,Economic and fiscal governance,0.4348439795779978,8,1,0.8888888888888888,0.0205399061032863,0.13272048504130868,0.0,0.0,none,0.4348439795779978,0.5,1.0,0.5,0.2174219897889989,False
NIC,12,Economic and fiscal governance,0.4962577700203308,7,1,0.875,0.0205399061032863,0.13272048504130868,0.0,0.0,none,0.4962577700203308,0.5,1.0,0.5,0.2481288850101654,False
NLD,12,Economic and fiscal governance,0.6003242897813688,11,0,1.0,0.0205399061032863,0.13272048504130868,0.0,0.0,none,0.6003242897813688,0.5,1.0,0.5,0.3001621448906844,False
NOR,12,Economic and fiscal governance,0.6593409016186669,11,0,1.0,0.0205399061032863,0.13272048504130868,0.0,0.0,none,0.6593409016186669,0.5,1.0,0.5,0.32967045080933344,False
NPL,12,Economic and fiscal governance,0.5132662968413911,7,1,0.875,0.0205399061032863,0.13272048504130868,0.0,0.0,none,0.5132662968413911,0.5,1.0,0.5,0.25663314842069557,False
NRU,12,Economic and fiscal governance,0.2773012976576018,3,1,0.75,0.0205399061032863,0.13272048504130868,0.0,0.0,none,0.2773012976576018,0.5,1.0,0.5,0.1386506488288009,True
NZL,12,Economic and fiscal governance,0.5579739499118603,11,0,1.0,0.0205399061032863,0.13272048504130868,0.0,0.0,none,0.5579739499118603,0.5,1.0,0.5,0.27898697495593017,False
OMN,12,Economic and fiscal governance,0.4568789572362843,8,1,0.8888888888888888,0.0205399061032863,0.13272048504130868,0.0,0.0,none,0.4568789572362843,0.5,1.0,0.5,0.22843947861814215,False
PAK,12,Economic and fiscal governance,0.4157241594395681,8,1,0.8888888888888888,0.0205399061032863,0.13272048504130868,0.0,0.0,none,0.4157241594395681,0.5,1.0,0.5,0.20786207971978404,False
PAN,12,Economic and fiscal governance,0.4885543003678842,8,1,0.8888888888888888,0.0205399061032863,0.13272048504130868,0.0,0.0,none,0.4885543003678842,0.5,1.0,0.5,0.2442771501839421,False
PER,12,Economic and fiscal governance,0.5071424290808418,8,1,0.8888888888888888,0.0205399061032863,0.13272048504130868,0.0,0.0,none,0.5071424290808418,0.5,1.0,0.5,0.2535712145404209,False
PHL,12,Economic and fiscal governance,0.4486828809455783,8,1,0.8888888888888888,0.0205399061032863,0.13272048504130868,0.0,0.0,none,0.4486828809455783,0.5,1.0,0.5,0.22434144047278914,False
PLW,12,Economic and fiscal governance,0.1597417840375587,2,1,0.6666666666666666,0.0205399061032863,0.13272048504130868,0.0,0.0,none,0.1597417840375587,0.5,1.0,0.5,0.07987089201877935,True
PNG,12,Economic and fiscal governance,0.4026430233406456,7,1,0.875,0.0205399061032863,0.13272048504130868,0.0,0.0,none,0.4026430233406456,0.5,1.0,0.5,0.2013215116703228,False
POL,12,Economic and fiscal governance,0.5313696785623543,11,0,1.0,0.0205399061032863,0.13272048504130868,0.0,0.0,none,0.5313696785623543,0.5,1.0,0.5,0.26568483928117714,False
PRI,12,Economic and fiscal governance,0.1580405909738072,3,1,0.75,0.0205399061032863,0.13272048504130868,0.0,0.0,none,0.1580405909738072,0.5,1.0,0.5,0.0790202954869036,True
PRT,12,Economic and fiscal governance,0.6157134376543782,11,0,1.0,0.0205399061032863,0.13272048504130868,0.0,0.0,none,0.6157134376543782,0.5,1.0,0.5,0.3078567188271891,False
PRY,12,Economic and fiscal governance,0.5126100981881933,8,1,0.8888888888888888,0.0205399061032863,0.13272048504130868,0.0,0.0,none,0.5126100981881933,0.5,1.0,0.5,0.2563050490940966,False
PSE,12,Economic and fiscal governance,0.2999762461318813,3,1,0.75,0.0205399061032863,0.13272048504130868,0.0,0.0,none,0.2999762461318813,0.5,1.0,0.5,0.14998812306594064,True
PYF,12,Economic and fiscal governance,0.2160127703262331,3,1,0.75,0.0205399061032863,0.13272048504130868,0.0,0.0,none,0.2160127703262331,0.5,1.0,0.5,0.10800638516311654,True
QAT,12,Economic and fiscal governance,0.3833078861821204,8,1,0.8888888888888888,0.0205399061032863,0.13272048504130868,0.0,0.0,none,0.3833078861821204,0.5,1.0,0.5,0.1916539430910602,False
ROU,12,Economic and fiscal governance,0.5578922431879237,10,0,1.0,0.0205399061032863,0.13272048504130868,0.0,0.0,none,0.5578922431879237,0.5,1.0,0.5,0.27894612159396187,False
RUS,12,Economic and fiscal governance,0.4556528399267136,8,1,0.8888888888888888,0.0205399061032863,0.13272048504130868,0.0,0.0,none,0.4556528399267136,0.5,1.0,0.5,0.2278264199633568,False
RWA,12,Economic and fiscal governance,0.4189747411977477,7,1,0.875,0.0205399061032863,0.13272048504130868,0.0,0.0,none,0.4189747411977477,0.5,1.0,0.5,0.20948737059887385,False
SAU,12,Economic and fiscal governance,0.4054391084761137,8,1,0.8888888888888888,0.0205399061032863,0.13272048504130868,0.0,0.0,none,0.4054391084761137,0.5,1.0,0.5,0.20271955423805685,False
SDN,12,Economic and fiscal governance,0.393122823548584,7,1,0.875,0.0205399061032863,0.13272048504130868,0.0,0.0,none,0.393122823548584,0.5,1.0,0.5,0.196561411774292,False
SEN,12,Economic and fiscal governance,0.4412354845052269,7,1,0.875,0.0205399061032863,0.13272048504130868,0.0,0.0,none,0.4412354845052269,0.5,1.0,0.5,0.22061774225261346,False
SGP,12,Economic and fiscal governance,0.4930540217099071,11,0,1.0,0.0205399061032863,0.13272048504130868,0.0,0.0,none,0.4930540217099071,0.5,1.0,0.5,0.24652701085495354,False
SLB,12,Economic and fiscal governance,0.3464992312136161,7,1,0.875,0.0205399061032863,0.13272048504130868,0.0,0.0,none,0.3464992312136161,0.5,1.0,0.5,0.17324961560680804,False
SLE,12,Economic and fiscal governance,0.4551996048273412,7,1,0.875,0.0205399061032863,0.13272048504130868,0.0,0.0,none,0.4551996048273412,0.5,1.0,0.5,0.2275998024136706,False
SLV,12,Economic and fiscal governance,0.4909574729458048,8,1,0.8888888888888888,0.0205399061032863,0.13272048504130868,0.0,0.0,none,0.4909574729458048,0.5,1.0,0.5,0.2454787364729024,False
SMR,12,Economic and fiscal governance,0.0810641627543036,2,1,0.6666666666666666,0.0205399061032863,0.13272048504130868,0.0,0.0,none,0.0810641627543036,0.5,1.0,0.5,0.0405320813771518,True
SOM,12,Economic and fiscal governance,0.2622311302946659,3,1,0.75,0.0205399061032863,0.13272048504130868,0.0,0.0,none,0.2622311302946659,0.5,1.0,0.5,0.13111556514733294,True
SRB,12,Economic and fiscal governance,0.4664775405529031,8,1,0.8888888888888888,0.0205399061032863,0.13272048504130868,0.0,0.0,none,0.4664775405529031,0.5,1.0,0.5,0.23323877027645154,False
SSD,12,Economic and fiscal governance,0.195864184535749,3,1,0.75,0.0205399061032863,0.13272048504130868,0.0,0.0,none,0.195864184535749,0.5,1.0,0.5,0.0979320922678745,True
STP,12,Economic and fiscal governance,0.313401299680569,7,1,0.875,0.0205399061032863,0.13272048504130868,0.0,0.0,none,0.313401299680569,0.5,1.0,0.5,0.1567006498402845,False
SUR,12,Economic and fiscal governance,0.473616756383189,7,1,0.875,0.0205399061032863,0.13272048504130868,0.0,0.0,none,0.473616756383189,0.5,1.0,0.5,0.2368083781915945,False
SVK,12,Economic and fiscal governance,0.5439999067190558,10,0,1.0,0.0205399061032863,0.13272048504130868,0.0,0.0,none,0.5439999067190558,0.5,1.0,0.5,0.2719999533595279,False
SVN,12,Economic and fiscal governance,0.5594194764843939,11,0,1.0,0.0205399061032863,0.13272048504130868,0.0,0.0,none,0.5594194764843939,0.5,1.0,0.5,0.27970973824219697,False
SWE,12,Economic and fiscal governance,0.6606702097716899,11,0,1.0,0.0205399061032863,0.13272048504130868,0.0,0.0,none,0.6606702097716899,0.5,1.0,0.5,0.33033510488584494,False
SWZ,12,Economic and fiscal governance,0.4688256449118197,7,1,0.875,0.0205399061032863,0.13272048504130868,0.0,0.0,none,0.4688256449118197,0.5,1.0,0.5,0.23441282245590986,False
SXM,12,Economic and fiscal governance,0.0205399061032863,2,1,0.6666666666666666,0.0205399061032863,0.13272048504130868,0.0,0.0,none,0.0205399061032863,0.5,1.0,0.5,0.01026995305164315,True
SYC,12,Economic and fiscal governance,0.4329495478562331,7,1,0.875,0.0205399061032863,0.13272048504130868,0.0,0.0,none,0.4329495478562331,0.5,1.0,0.5,0.21647477392811654,False
SYR,12,Economic and fiscal governance,0.1994442698710392,3,1,0.75,0.0205399061032863,0.13272048504130868,0.0,0.0,none,0.1994442698710392,0.5,1.0,0.5,0.0997221349355196,True
TCA,12,Economic and fiscal governance,0.1526020069400593,3,1,0.75,0.0205399061032863,0.13272048504130868,0.0,0.0,none,0.1526020069400593,0.5,1.0,0.5,0.07630100347002965,True
TCD,12,Economic and fiscal governance,0.3500052049792991,7,1,0.875,0.0205399061032863,0.13272048504130868,0.0,0.0,none,0.3500052049792991,0.5,1.0,0.5,0.17500260248964955,False
TGO,12,Economic and fiscal governance,0.3918673192922808,7,1,0.875,0.0205399061032863,0.13272048504130868,0.0,0.0,none,0.3918673192922808,0.5,1.0,0.5,0.1959336596461404,False
THA,12,Economic and fiscal governance,0.4298810332310769,8,1,0.8888888888888888,0.0205399061032863,0.13272048504130868,0.0,0.0,none,0.4298810332310769,0.5,1.0,0.5,0.21494051661553845,False
TJK,12,Economic and fiscal governance,0.4749721870256318,7,1,0.875,0.0205399061032863,0.13272048504130868,0.0,0.0,none,0.4749721870256318,0.5,1.0,0.5,0.2374860935128159,False
TLS,12,Economic and fiscal governance,0.3989337264547923,7,1,0.875,0.0205399061032863,0.13272048504130868,0.0,0.0,none,0.3989337264547923,0.5,1.0,0.5,0.19946686322739615,False
TON,12,Economic and fiscal governance,0.3635826977918338,7,1,0.875,0.0205399061032863,0.13272048504130868,0.0,0.0,none,0.3635826977918338,0.5,1.0,0.5,0.1817913488959169,False
TTO,12,Economic and fiscal governance,0.3219981466641254,7,1,0.875,0.0205399061032863,0.13272048504130868,0.0,0.0,none,0.3219981466641254,0.5,1.0,0.5,0.1609990733320627,False
TUN,12,Economic and fiscal governance,0.4240812823975651,7,1,0.875,0.0205399061032863,0.13272048504130868,0.0,0.0,none,0.4240812823975651,0.5,1.0,0.5,0.21204064119878255,False
TUR,12,Economic and fiscal governance,0.496454797851482,8,1,0.8888888888888888,0.0205399061032863,0.13272048504130868,0.0,0.0,none,0.496454797851482,0.5,1.0,0.5,0.248227398925741,False
TUV,12,Economic and fiscal governance,0.1948748043818466,2,1,0.6666666666666666,0.0205399061032863,0.13272048504130868,0.0,0.0,none,0.1948748043818466,0.5,1.0,0.5,0.0974374021909233,True
TZA,12,Economic and fiscal governance,0.4320611197103544,7,1,0.875,0.0205399061032863,0.13272048504130868,0.0,0.0,none,0.4320611197103544,0.5,1.0,0.5,0.2160305598551772,False
UGA,12,Economic and fiscal governance,0.4958554319266396,8,1,0.8888888888888888,0.0205399061032863,0.13272048504130868,0.0,0.0,none,0.4958554319266396,0.5,1.0,0.5,0.2479277159633198,False
UKR,12,Economic and fiscal governance,0.4671707723500875,11,0,1.0,0.0205399061032863,0.13272048504130868,0.0,0.0,none,0.4671707723500875,0.5,1.0,0.5,0.23358538617504376,False
URY,12,Economic and fiscal governance,0.5566723853077666,11,0,1.0,0.0205399061032863,0.13272048504130868,0.0,0.0,none,0.5566723853077666,0.5,1.0,0.5,0.2783361926538833,False
USA,12,Economic and fiscal governance,0.5282223851056357,8,1,0.8888888888888888,0.0205399061032863,0.13272048504130868,0.0,0.0,none,0.5282223851056357,0.5,1.0,0.5,0.26411119255281784,False
UZB,12,Economic and fiscal governance,0.4632801211019727,7,1,0.875,0.0205399061032863,0.13272048504130868,0.0,0.0,none,0.4632801211019727,0.5,1.0,0.5,0.23164006055098635,False
VCT,12,Economic and fiscal governance,0.4358078280875256,7,1,0.875,0.0205399061032863,0.13272048504130868,0.0,0.0,none,0.4358078280875256,0.5,1.0,0.5,0.2179039140437628,False
VEN,12,Economic and fiscal governance,0.4906102261782439,7,1,0.875,0.0205399061032863,0.13272048504130868,0.0,0.0,none,0.4906102261782439,0.5,1.0,0.5,0.24530511308912195,False
VGB,12,Economic and fiscal governance,0.1450305726584481,3,1,0.75,0.0205399061032863,0.13272048504130868,0.0,0.0,none,0.1450305726584481,0.5,1.0,0.5,0.07251528632922405,True
VIR,12,Economic and fiscal governance,0.1510431825837531,3,1,0.75,0.0205399061032863,0.13272048504130868,0.0,0.0,none,0.1510431825837531,0.5,1.0,0.5,0.07552159129187655,True
VNM,12,Economic and fiscal governance,0.4383294327265032,8,1,0.8888888888888888,0.0205399061032863,0.13272048504130868,0.0,0.0,none,0.4383294327265032,0.5,1.0,0.5,0.2191647163632516,False
VUT,12,Economic and fiscal governance,0.4080753350402485,7,1,0.875,0.0205399061032863,0.13272048504130868,0.0,0.0,none,0.4080753350402485,0.5,1.0,0.5,0.20403766752012426,False
WSM,12,Economic and fiscal governance,0.4436265718319992,7,1,0.875,0.0205399061032863,0.13272048504130868,0.0,0.0,none,0.4436265718319992,0.5,1.0,0.5,0.2218132859159996,False
XKX,12,Economic and fiscal governance,0.2510961767658415,3,1,0.75,0.0205399061032863,0.13272048504130868,0.0,0.0,none,0.2510961767658415,0.5,1.0,0.5,0.12554808838292075,True
YEM,12,Economic and fiscal governance,0.2334739504567063,3,1,0.75,0.0205399061032863,0.13272048504130868,0.0,0.0,none,0.2334739504567063,0.5,1.0,0.5,0.11673697522835315,True
ZAF,12,Economic and fiscal governance,0.4932992361124064,11,0,1.0,0.0205399061032863,0.13272048504130868,0.0,0.0,none,0.4932992361124064,0.5,1.0,0.5,0.2466496180562032,False
ZMB,12,Economic and fiscal governance,0.5007138326156474,7,1,0.875,0.0205399061032863,0.13272048504130868,0.0,0.0,none,0.5007138326156474,0.5,1.0,0.5,0.2503569163078237,False
ZWE,12,Economic and fiscal governance,0.4949936581282352,7,1,0.875,0.0205399061032863,0.13272048504130868,0.0,0.0,none,0.4949936581282352,0.5,1.0,0.5,0.2474968290641176,False
AFG,13,State capacity,0.2020720217557939,3,0,1.0,0.0168912903923703,0.1378662774165513,0.0,0.0,none,0.2020720217557939,1.0,1.0,1.0,0.2020720217557939,False
AGO,13,State capacity,0.5612712166184831,3,0,1.0,0.0168912903923703,0.1378662774165513,0.0,0.0,none,0.5612712166184831,1.0,1.0,1.0,0.5612712166184831,False
ALB,13,State capacity,0.4965989807379982,3,0,1.0,0.0168912903923703,0.1378662774165513,0.0,0.0,none,0.4965989807379982,1.0,1.0,1.0,0.4965989807379982,False
ARE,13,State capacity,0.6473145145977625,3,0,1.0,0.0168912903923703,0.1378662774165513,0.0,0.0,none,0.6473145145977625,1.0,1.0,1.0,0.6473145145977625,False
ARG,13,State capacity,0.5292612487395475,3,0,1.0,0.0168912903923703,0.1378662774165513,0.0,0.0,none,0.5292612487395475,1.0,1.0,1.0,0.5292612487395475,False
ARM,13,State capacity,0.4618132761672187,3,0,1.0,0.0168912903923703,0.1378662774165513,0.0,0.0,none,0.4618132761672187,1.0,1.0,1.0,0.4618132761672187,False
ATG,13,State capacity,0.5464569479158972,1,0,1.0,0.0168912903923703,0.1378662774165513,0.0,0.0,none,0.5464569479158972,1.0,1.0,1.0,0.5464569479158972,True
AUS,13,State capacity,0.636709740244204,3,0,1.0,0.0168912903923703,0.1378662774165513,0.0,0.0,none,0.636709740244204,1.0,1.0,1.0,0.636709740244204,False
AUT,13,State capacity,0.6905521922801391,3,0,1.0,0.0168912903923703,0.1378662774165513,0.0,0.0,none,0.6905521922801391,1.0,1.0,1.0,0.6905521922801391,False
AZE,13,State capacity,0.513902541525598,3,0,1.0,0.0168912903923703,0.1378662774165513,0.0,0.0,none,0.513902541525598,1.0,1.0,1.0,0.513902541525598,False
BDI,13,State capacity,0.4806209775837273,3,0,1.0,0.0168912903923703,0.1378662774165513,0.0,0.0,none,0.4806209775837273,1.0,1.0,1.0,0.4806209775837273,False
BEL,13,State capacity,0.6616786782980814,3,0,1.0,0.0168912903923703,0.1378662774165513,0.0,0.0,none,0.6616786782980814,1.0,1.0,1.0,0.6616786782980814,False
BEN,13,State capacity,0.5238878646116598,3,0,1.0,0.0168912903923703,0.1378662774165513,0.0,0.0,none,0.5238878646116598,1.0,1.0,1.0,0.5238878646116598,False
BFA,13,State capacity,0.3531622741656089,3,0,1.0,0.0168912903923703,0.1378662774165513,0.0,0.0,none,0.3531622741656089,1.0,1.0,1.0,0.3531622741656089,False
BGD,13,State capacity,0.5400391325196655,3,0,1.0,0.0168912903923703,0.1378662774165513,0.0,0.0,none,0.5400391325196655,1.0,1.0,1.0,0.5400391325196655,False
BGR,13,State capacity,0.6272276981732459,3,0,1.0,0.0168912903923703,0.1378662774165513,0.0,0.0,none,0.6272276981732459,1.0,1.0,1.0,0.6272276981732459,False
BHR,13,State capacity,0.4053584511881991,3,0,1.0,0.0168912903923703,0.1378662774165513,0.0,0.0,none,0.4053584511881991,1.0,1.0,1.0,0.4053584511881991,False
BHS,13,State capacity,0.5887652840187447,1,0,1.0,0.0168912903923703,0.1378662774165513,0.0,0.0,none,0.5887652840187447,1.0,1.0,1.0,0.5887652840187447,True
BIH,13,State capacity,0.3889907031439295,3,0,1.0,0.0168912903923703,0.1378662774165513,0.0,0.0,none,0.3889907031439295,1.0,1.0,1.0,0.3889907031439295,False
BLR,13,State capacity,0.4311557201156962,3,0,1.0,0.0168912903923703,0.1378662774165513,0.0,0.0,none,0.4311557201156962,1.0,1.0,1.0,0.4311557201156962,False
BLZ,13,State capacity,0.4124805502568798,1,0,1.0,0.0168912903923703,0.1378662774165513,0.0,0.0,none,0.4124805502568798,1.0,1.0,1.0,0.4124805502568798,True
BOL,13,State capacity,0.4963339101670679,3,0,1.0,0.0168912903923703,0.1378662774165513,0.0,0.0,none,0.4963339101670679,1.0,1.0,1.0,0.4963339101670679,False
BRA,13,State capacity,0.4673527579768586,3,0,1.0,0.0168912903923703,0.1378662774165513,0.0,0.0,none,0.4673527579768586,1.0,1.0,1.0,0.4673527579768586,False
BRB,13,State capacity,0.5702316761307294,3,0,1.0,0.0168912903923703,0.1378662774165513,0.0,0.0,none,0.5702316761307294,1.0,1.0,1.0,0.5702316761307294,False
BRN,13,State capacity,0.6169708414206432,1,0,1.0,0.0168912903923703,0.1378662774165513,0.0,0.0,none,0.6169708414206432,1.0,1.0,1.0,0.6169708414206432,True
BTN,13,State capacity,0.5475006361924529,3,0,1.0,0.0168912903923703,0.1378662774165513,0.0,0.0,none,0.5475006361924529,1.0,1.0,1.0,0.5475006361924529,False
BWA,13,State capacity,0.6174988429711709,3,0,1.0,0.0168912903923703,0.1378662774165513,0.0,0.0,none,0.6174988429711709,1.0,1.0,1.0,0.6174988429711709,False
CAF,13,State capacity,0.2766915389509873,3,0,1.0,0.0168912903923703,0.1378662774165513,0.0,0.0,none,0.2766915389509873,1.0,1.0,1.0,0.2766915389509873,False
CAN,13,State capacity,0.6404580170785356,3,0,1.0,0.0168912903923703,0.1378662774165513,0.0,0.0,none,0.6404580170785356,1.0,1.0,1.0,0.6404580170785356,False
CHE,13,State capacity,0.6169557924751463,3,0,1.0,0.0168912903923703,0.1378662774165513,0.0,0.0,none,0.6169557924751463,1.0,1.0,1.0,0.6169557924751463,False
CHL,13,State capacity,0.5162423076198321,3,0,1.0,0.0168912903923703,0.1378662774165513,0.0,0.0,none,0.5162423076198321,1.0,1.0,1.0,0.5162423076198321,False
CHN,13,State capacity,0.5989735928617445,3,0,1.0,0.0168912903923703,0.1378662774165513,0.0,0.0,none,0.5989735928617445,1.0,1.0,1.0,0.5989735928617445,False
CIV,13,State capacity,0.4108744461553734,3,0,1.0,0.0168912903923703,0.1378662774165513,0.0,0.0,none,0.4108744461553734,1.0,1.0,1.0,0.4108744461553734,False
CMR,13,State capacity,0.4126661093612139,3,0,1.0,0.0168912903923703,0.1378662774165513,0.0,0.0,none,0.4126661093612139,1.0,1.0,1.0,0.4126661093612139,False
COD,13,State capacity,0.2795177249434293,3,0,1.0,0.0168912903923703,0.1378662774165513,0.0,0.0,none,0.2795177249434293,1.0,1.0,1.0,0.2795177249434293,False
COG,13,State capacity,0.3869857377936461,3,0,1.0,0.0168912903923703,0.1378662774165513,0.0,0.0,none,0.3869857377936461,1.0,1.0,1.0,0.3869857377936461,False
COL,13,State capacity,0.4287260947543712,3,0,1.0,0.0168912903923703,0.1378662774165513,0.0,0.0,none,0.4287260947543712,1.0,1.0,1.0,0.4287260947543712,False
COM,13,State capacity,0.3842142531161566,3,0,1.0,0.0168912903923703,0.1378662774165513,0.0,0.0,none,0.3842142531161566,1.0,1.0,1.0,0.3842142531161566,False
CPV,13,State capacity,0.5687202629891065,3,0,1.0,0.0168912903923703,0.1378662774165513,0.0,0.0,none,0.5687202629891065,1.0,1.0,1.0,0.5687202629891065,False
CRI,13,State capacity,0.5889032202690867,3,0,1.0,0.0168912903923703,0.1378662774165513,0.0,0.0,none,0.5889032202690867,1.0,1.0,1.0,0.5889032202690867,False
CUB,13,State capacity,0.6299734998469747,3,0,1.0,0.0168912903923703,0.1378662774165513,0.0,0.0,none,0.6299734998469747,1.0,1.0,1.0,0.6299734998469747,False
CYP,13,State capacity,0.4125044090180151,3,0,1.0,0.0168912903923703,0.1378662774165513,0.0,0.0,none,0.4125044090180151,1.0,1.0,1.0,0.4125044090180151,False
CZE,13,State capacity,0.6719977701248973,3,0,1.0,0.0168912903923703,0.1378662774165513,0.0,0.0,none,0.6719977701248973,1.0,1.0,1.0,0.6719977701248973,False
DEU,13,State capacity,0.6732032534177416,3,0,1.0,0.0168912903923703,0.1378662774165513,0.0,0.0,none,0.6732032534177416,1.0,1.0,1.0,0.6732032534177416,False
DJI,13,State capacity,0.4503781745034922,3,0,1.0,0.0168912903923703,0.1378662774165513,0.0,0.0,none,0.4503781745034922,1.0,1.0,1.0,0.4503781745034922,False
DNK,13,State capacity,0.674310457839392,3,0,1.0,0.0168912903923703,0.1378662774165513,0.0,0.0,none,0.674310457839392,1.0,1.0,1.0,0.674310457839392,False
DOM,13,State capacity,0.6015014171257058,3,0,1.0,0.0168912903923703,0.1378662774165513,0.0,0.0,none,0.6015014171257058,1.0,1.0,1.0,0.6015014171257058,False
DZA,13,State capacity,0.5499320237714662,3,0,1.0,0.0168912903923703,0.1378662774165513,0.0,0.0,none,0.5499320237714662,1.0,1.0,1.0,0.5499320237714662,False
ECU,13,State capacity,0.4541270444015408,3,0,1.0,0.0168912903923703,0.1378662774165513,0.0,0.0,none,0.4541270444015408,1.0,1.0,1.0,0.4541270444015408,False
EGY,13,State capacity,0.5325905804763771,3,0,1.0,0.0168912903923703,0.1378662774165513,0.0,0.0,none,0.5325905804763771,1.0,1.0,1.0,0.5325905804763771,False
ESP,13,State capacity,0.6533782044030193,3,0,1.0,0.0168912903923703,0.1378662774165513,0.0,0.0,none,0.6533782044030193,1.0,1.0,1.0,0.6533782044030193,False
EST,13,State capacity,0.6852386974657142,3,0,1.0,0.0168912903923703,0.1378662774165513,0.0,0.0,none,0.6852386974657142,1.0,1.0,1.0,0.6852386974657142,False
ETH,13,State capacity,0.2879049615274353,3,0,1.0,0.0168912903923703,0.1378662774165513,0.0,0.0,none,0.2879049615274353,1.0,1.0,1.0,0.2879049615274353,False
FIN,13,State capacity,0.6825928224041896,3,0,1.0,0.0168912903923703,0.1378662774165513,0.0,0.0,none,0.6825928224041896,1.0,1.0,1.0,0.6825928224041896,False
FJI,13,State capacity,0.5266705788479759,3,0,1.0,0.0168912903923703,0.1378662774165513,0.0,0.0,none,0.5266705788479759,1.0,1.0,1.0,0.5266705788479759,False
FRA,13,State capacity,0.6374747852280015,3,0,1.0,0.0168912903923703,0.1378662774165513,0.0,0.0,none,0.6374747852280015,1.0,1.0,1.0,0.6374747852280015,False
FSM,13,State capacity,0.6733819562244401,1,0,1.0,0.0168912903923703,0.1378662774165513,0.0,0.0,none,0.6733819562244401,1.0,1.0,1.0,0.6733819562244401,True
GAB,13,State capacity,0.4718062987177451,3,0,1.0,0.0168912903923703,0.1378662774165513,0.0,0.0,none,0.4718062987177451,1.0,1.0,1.0,0.4718062987177451,False
GBR,13,State capacity,0.648533190321119,3,0,1.0,0.0168912903923703,0.1378662774165513,0.0,0.0,none,0.648533190321119,1.0,1.0,1.0,0.648533190321119,False
GEO,13,State capacity,0.3990971501661991,3,0,1.0,0.0168912903923703,0.1378662774165513,0.0,0.0,none,0.3990971501661991,1.0,1.0,1.0,0.3990971501661991,False
GHA,13,State capacity,0.5957462162178554,3,0,1.0,0.0168912903923703,0.1378662774165513,0.0,0.0,none,0.5957462162178554,1.0,1.0,1.0,0.5957462162178554,False
GIN,13,State capacity,0.4075332834272231,3,0,1.0,0.0168912903923703,0.1378662774165513,0.0,0.0,none,0.4075332834272231,1.0,1.0,1.0,0.4075332834272231,False
GMB,13,State capacity,0.5376334887656723,3,0,1.0,0.0168912903923703,0.1378662774165513,0.0,0.0,none,0.5376334887656723,1.0,1.0,1.0,0.5376334887656723,False
GNB,13,State capacity,0.4126580113324564,3,0,1.0,0.0168912903923703,0.1378662774165513,0.0,0.0,none,0.4126580113324564,1.0,1.0,1.0,0.4126580113324564,False
GNQ,13,State capacity,0.5627533434633816,3,0,1.0,0.0168912903923703,0.1378662774165513,0.0,0.0,none,0.5627533434633816,1.0,1.0,1.0,0.5627533434633816,False
GRC,13,State capacity,0.6241417075708187,3,0,1.0,0.0168912903923703,0.1378662774165513,0.0,0.0,none,0.6241417075708187,1.0,1.0,1.0,0.6241417075708187,False
GRD,13,State capacity,0.5535083372663718,1,0,1.0,0.0168912903923703,0.1378662774165513,0.0,0.0,none,0.5535083372663718,1.0,1.0,1.0,0.5535083372663718,True
GTM,13,State capacity,0.4881674024225131,3,0,1.0,0.0168912903923703,0.1378662774165513,0.0,0.0,none,0.4881674024225131,1.0,1.0,1.0,0.4881674024225131,False
GUY,13,State capacity,0.4710004004707881,3,0,1.0,0.0168912903923703,0.1378662774165513,0.0,0.0,none,0.4710004004707881,1.0,1.0,1.0,0.4710004004707881,False
HKG,13,State capacity,0.0168912903923703,1,0,1.0,0.0168912903923703,0.1378662774165513,0.0,0.0,none,0.0168912903923703,1.0,1.0,1.0,0.0168912903923703,True
HND,13,State capacity,0.3842100563938217,3,0,1.0,0.0168912903923703,0.1378662774165513,0.0,0.0,none,0.3842100563938217,1.0,1.0,1.0,0.3842100563938217,False
HRV,13,State capacity,0.5988880509141422,3,0,1.0,0.0168912903923703,0.1378662774165513,0.0,0.0,none,0.5988880509141422,1.0,1.0,1.0,0.5988880509141422,False
HTI,13,State capacity,0.1951859683857175,3,0,1.0,0.0168912903923703,0.1378662774165513,0.0,0.0,none,0.1951859683857175,1.0,1.0,1.0,0.1951859683857175,False
HUN,13,State capacity,0.6779687433928955,3,0,1.0,0.0168912903923703,0.1378662774165513,0.0,0.0,none,0.6779687433928955,1.0,1.0,1.0,0.6779687433928955,False
IDN,13,State capacity,0.5510522626926365,3,0,1.0,0.0168912903923703,0.1378662774165513,0.0,0.0,none,0.5510522626926365,1.0,1.0,1.0,0.5510522626926365,False
IND,13,State capacity,0.5765297375354649,3,0,1.0,0.0168912903923703,0.1378662774165513,0.0,0.0,none,0.5765297375354649,1.0,1.0,1.0,0.5765297375354649,False
IRL,13,State capacity,0.6417401986469035,3,0,1.0,0.0168912903923703,0.1378662774165513,0.0,0.0,none,0.6417401986469035,1.0,1.0,1.0,0.6417401986469035,False
IRN,13,State capacity,0.4299267109922589,3,0,1.0,0.0168912903923703,0.1378662774165513,0.0,0.0,none,0.4299267109922589,1.0,1.0,1.0,0.4299267109922589,False
IRQ,13,State capacity,0.3714304706710225,3,0,1.0,0.0168912903923703,0.1378662774165513,0.0,0.0,none,0.3714304706710225,1.0,1.0,1.0,0.3714304706710225,False
ISL,13,State capacity,0.7284635465140714,3,0,1.0,0.0168912903923703,0.1378662774165513,0.0,0.0,none,0.7284635465140714,1.0,1.0,1.0,0.7284635465140714,False
ISR,13,State capacity,0.611514998933703,3,0,1.0,0.0168912903923703,0.1378662774165513,0.0,0.0,none,0.611514998933703,1.0,1.0,1.0,0.611514998933703,False
ITA,13,State capacity,0.5473179740707116,3,0,1.0,0.0168912903923703,0.1378662774165513,0.0,0.0,none,0.5473179740707116,1.0,1.0,1.0,0.5473179740707116,False
JAM,13,State capacity,0.5209721093283652,3,0,1.0,0.0168912903923703,0.1378662774165513,0.0,0.0,none,0.5209721093283652,1.0,1.0,1.0,0.5209721093283652,False
JOR,13,State capacity,0.4969243359776236,3,0,1.0,0.0168912903923703,0.1378662774165513,0.0,0.0,none,0.4969243359776236,1.0,1.0,1.0,0.4969243359776236,False
JPN,13,State capacity,0.659557815560697,3,0,1.0,0.0168912903923703,0.1378662774165513,0.0,0.0,none,0.659557815560697,1.0,1.0,1.0,0.659557815560697,False
KAZ,13,State capacity,0.5686931681138035,3,0,1.0,0.0168912903923703,0.1378662774165513,0.0,0.0,none,0.5686931681138035,1.0,1.0,1.0,0.5686931681138035,False
KEN,13,State capacity,0.4653168736897956,3,0,1.0,0.0168912903923703,0.1378662774165513,0.0,0.0,none,0.4653168736897956,1.0,1.0,1.0,0.4653168736897956,False
KGZ,13,State capacity,0.5397556975196882,3,0,1.0,0.0168912903923703,0.1378662774165513,0.0,0.0,none,0.5397556975196882,1.0,1.0,1.0,0.5397556975196882,False
KHM,13,State capacity,0.4237212826672061,3,0,1.0,0.0168912903923703,0.1378662774165513,0.0,0.0,none,0.4237212826672061,1.0,1.0,1.0,0.4237212826672061,False
KOR,13,State capacity,0.6808397663053937,3,0,1.0,0.0168912903923703,0.1378662774165513,0.0,0.0,none,0.6808397663053937,1.0,1.0,1.0,0.6808397663053937,False
KWT,13,State capacity,0.6562254487680589,3,0,1.0,0.0168912903923703,0.1378662774165513,0.0,0.0,none,0.6562254487680589,1.0,1.0,1.0,0.6562254487680589,False
LAO,13,State capacity,0.5513977213650759,3,0,1.0,0.0168912903923703,0.1378662774165513,0.0,0.0,none,0.5513977213650759,1.0,1.0,1.0,0.5513977213650759,False
LBN,13,State capacity,0.2643190324228158,3,0,1.0,0.0168912903923703,0.1378662774165513,0.0,0.0,none,0.2643190324228158,1.0,1.0,1.0,0.2643190324228158,False
LBR,13,State capacity,0.4646613807681839,3,0,1.0,0.0168912903923703,0.1378662774165513,0.0,0.0,none,0.4646613807681839,1.0,1.0,1.0,0.4646613807681839,False
LBY,13,State capacity,0.1076454392351982,3,0,1.0,0.0168912903923703,0.1378662774165513,0.0,0.0,none,0.1076454392351982,1.0,1.0,1.0,0.1076454392351982,False
LKA,13,State capacity,0.5388931345766852,3,0,1.0,0.0168912903923703,0.1378662774165513,0.0,0.0,none,0.5388931345766852,1.0,1.0,1.0,0.5388931345766852,False
LSO,13,State capacity,0.481328212215067,3,0,1.0,0.0168912903923703,0.1378662774165513,0.0,0.0,none,0.481328212215067,1.0,1.0,1.0,0.481328212215067,False
LTU,13,State capacity,0.6629865728262594,3,0,1.0,0.0168912903923703,0.1378662774165513,0.0,0.0,none,0.6629865728262594,1.0,1.0,1.0,0.6629865728262594,False
LUX,13,State capacity,0.6934000203489424,3,0,1.0,0.0168912903923703,0.1378662774165513,0.0,0.0,none,0.6934000203489424,1.0,1.0,1.0,0.6934000203489424,False
LVA,13,State capacity,0.6419396608184221,3,0,1.0,0.0168912903923703,0.1378662774165513,0.0,0.0,none,0.6419396608184221,1.0,1.0,1.0,0.6419396608184221,False
MAR,13,State capacity,0.4226925412126509,3,0,1.0,0.0168912903923703,0.1378662774165513,0.0,0.0,none,0.4226925412126509,1.0,1.0,1.0,0.4226925412126509,False
MDA,13,State capacity,0.4977609644849534,3,0,1.0,0.0168912903923703,0.1378662774165513,0.0,0.0,none,0.4977609644849534,1.0,1.0,1.0,0.4977609644849534,False
MDG,13,State capacity,0.376273727626943,3,0,1.0,0.0168912903923703,0.1378662774165513,0.0,0.0,none,0.376273727626943,1.0,1.0,1.0,0.376273727626943,False
MDV,13,State capacity,0.5723423870705676,3,0,1.0,0.0168912903923703,0.1378662774165513,0.0,0.0,none,0.5723423870705676,1.0,1.0,1.0,0.5723423870705676,False
MEX,13,State capacity,0.4386787506597274,3,0,1.0,0.0168912903923703,0.1378662774165513,0.0,0.0,none,0.4386787506597274,1.0,1.0,1.0,0.4386787506597274,False
MKD,13,State capacity,0.5864230175061561,3,0,1.0,0.0168912903923703,0.1378662774165513,0.0,0.0,none,0.5864230175061561,1.0,1.0,1.0,0.5864230175061561,False
MLI,13,State capacity,0.3639877847262687,3,0,1.0,0.0168912903923703,0.1378662774165513,0.0,0.0,none,0.3639877847262687,1.0,1.0,1.0,0.3639877847262687,False
MLT,13,State capacity,0.6730492524369014,3,0,1.0,0.0168912903923703,0.1378662774165513,0.0,0.0,none,0.6730492524369014,1.0,1.0,1.0,0.6730492524369014,False
MMR,13,State capacity,0.2708641848534422,3,0,1.0,0.0168912903923703,0.1378662774165513,0.0,0.0,none,0.2708641848534422,1.0,1.0,1.0,0.2708641848534422,False
MNE,13,State capacity,0.5777527865739981,3,0,1.0,0.0168912903923703,0.1378662774165513,0.0,0.0,none,0.5777527865739981,1.0,1.0,1.0,0.5777527865739981,False
MNG,13,State capacity,0.6329784678182961,3,0,1.0,0.0168912903923703,0.1378662774165513,0.0,0.0,none,0.6329784678182961,1.0,1.0,1.0,0.6329784678182961,False
MOZ,13,State capacity,0.4011586937136039,3,0,1.0,0.0168912903923703,0.1378662774165513,0.0,0.0,none,0.4011586937136039,1.0,1.0,1.0,0.4011586937136039,False
MRT,13,State capacity,0.4445928276064977,3,0,1.0,0.0168912903923703,0.1378662774165513,0.0,0.0,none,0.4445928276064977,1.0,1.0,1.0,0.4445928276064977,False
MUS,13,State capacity,0.5871401043529908,3,0,1.0,0.0168912903923703,0.1378662774165513,0.0,0.0,none,0.5871401043529908,1.0,1.0,1.0,0.5871401043529908,False
MWI,13,State capacity,0.5350967433388266,3,0,1.0,0.0168912903923703,0.1378662774165513,0.0,0.0,none,0.5350967433388266,1.0,1.0,1.0,0.5350967433388266,False
MYS,13,State capacity,0.4610258634243616,3,0,1.0,0.0168912903923703,0.1378662774165513,0.0,0.0,none,0.4610258634243616,1.0,1.0,1.0,0.4610258634243616,False
NAM,13,State capacity,0.5865435342649993,3,0,1.0,0.0168912903923703,0.1378662774165513,0.0,0.0,none,0.5865435342649993,1.0,1.0,1.0,0.5865435342649993,False
NER,13,State capacity,0.4361234240678458,3,0,1.0,0.0168912903923703,0.1378662774165513,0.0,0.0,none,0.4361234240678458,1.0,1.0,1.0,0.4361234240678458,False
NGA,13,State capacity,0.3312873677763302,3,0,1.0,0.0168912903923703,0.1378662774165513,0.0,0.0,none,0.3312873677763302,1.0,1.0,1.0,0.3312873677763302,False
NIC,13,State capacity,0.3975760224137958,3,0,1.0,0.0168912903923703,0.1378662774165513,0.0,0.0,none,0.3975760224137958,1.0,1.0,1.0,0.3975760224137958,False
NLD,13,State capacity,0.6641201792501096,3,0,1.0,0.0168912903923703,0.1378662774165513,0.0,0.0,none,0.6641201792501096,1.0,1.0,1.0,0.6641201792501096,False
NOR,13,State capacity,0.6486596818522486,3,0,1.0,0.0168912903923703,0.1378662774165513,0.0,0.0,none,0.6486596818522486,1.0,1.0,1.0,0.6486596818522486,False
NPL,13,State capacity,0.5528738048112483,3,0,1.0,0.0168912903923703,0.1378662774165513,0.0,0.0,none,0.5528738048112483,1.0,1.0,1.0,0.5528738048112483,False
NZL,13,State capacity,0.6877756986268152,3,0,1.0,0.0168912903923703,0.1378662774165513,0.0,0.0,none,0.6877756986268152,1.0,1.0,1.0,0.6877756986268152,False
OMN,13,State capacity,0.62362329190767,3,0,1.0,0.0168912903923703,0.1378662774165513,0.0,0.0,none,0.62362329190767,1.0,1.0,1.0,0.62362329190767,False
PAK,13,State capacity,0.2767927519375428,3,0,1.0,0.0168912903923703,0.1378662774165513,0.0,0.0,none,0.2767927519375428,1.0,1.0,1.0,0.2767927519375428,False
PAN,13,State capacity,0.4925148631218874,3,0,1.0,0.0168912903923703,0.1378662774165513,0.0,0.0,none,0.4925148631218874,1.0,1.0,1.0,0.4925148631218874,False
PER,13,State capacity,0.4248260832236501,3,0,1.0,0.0168912903923703,0.1378662774165513,0.0,0.0,none,0.4248260832236501,1.0,1.0,1.0,0.4248260832236501,False
PHL,13,State capacity,0.4270828575243155,3,0,1.0,0.0168912903923703,0.1378662774165513,0.0,0.0,none,0.4270828575243155,1.0,1.0,1.0,0.4270828575243155,False
PNG,13,State capacity,0.3708918816738051,3,0,1.0,0.0168912903923703,0.1378662774165513,0.0,0.0,none,0.3708918816738051,1.0,1.0,1.0,0.3708918816738051,False
POL,13,State capacity,0.6481580967043348,3,0,1.0,0.0168912903923703,0.1378662774165513,0.0,0.0,none,0.6481580967043348,1.0,1.0,1.0,0.6481580967043348,False
PRT,13,State capacity,0.7084149264768645,3,0,1.0,0.0168912903923703,0.1378662774165513,0.0,0.0,none,0.7084149264768645,1.0,1.0,1.0,0.7084149264768645,False
PRY,13,State capacity,0.3738385563074517,3,0,1.0,0.0168912903923703,0.1378662774165513,0.0,0.0,none,0.3738385563074517,1.0,1.0,1.0,0.3738385563074517,False
PSE,13,State capacity,0.1674576337008295,2,0,1.0,0.0168912903923703,0.1378662774165513,0.0,0.0,none,0.1674576337008295,1.0,1.0,1.0,0.1674576337008295,False
QAT,13,State capacity,0.6003204912668987,3,0,1.0,0.0168912903923703,0.1378662774165513,0.0,0.0,none,0.6003204912668987,1.0,1.0,1.0,0.6003204912668987,False
ROU,13,State capacity,0.6677945886498335,3,0,1.0,0.0168912903923703,0.1378662774165513,0.0,0.0,none,0.6677945886498335,1.0,1.0,1.0,0.6677945886498335,False
RUS,13,State capacity,0.503005636565483,3,0,1.0,0.0168912903923703,0.1378662774165513,0.0,0.0,none,0.503005636565483,1.0,1.0,1.0,0.503005636565483,False
RWA,13,State capacity,0.5200997056859675,3,0,1.0,0.0168912903923703,0.1378662774165513,0.0,0.0,none,0.5200997056859675,1.0,1.0,1.0,0.5200997056859675,False
SAU,13,State capacity,0.5419181127736783,3,0,1.0,0.0168912903923703,0.1378662774165513,0.0,0.0,none,0.5419181127736783,1.0,1.0,1.0,0.5419181127736783,False
SDN,13,State capacity,0.1999422487697623,3,0,1.0,0.0168912903923703,0.1378662774165513,0.0,0.0,none,0.1999422487697623,1.0,1.0,1.0,0.1999422487697623,False
SEN,13,State capacity,0.5448167978655155,3,0,1.0,0.0168912903923703,0.1378662774165513,0.0,0.0,none,0.5448167978655155,1.0,1.0,1.0,0.5448167978655155,False
SGP,13,State capacity,0.6747471887197877,3,0,1.0,0.0168912903923703,0.1378662774165513,0.0,0.0,none,0.6747471887197877,1.0,1.0,1.0,0.6747471887197877,False
SLB,13,State capacity,0.500229271037126,3,0,1.0,0.0168912903923703,0.1378662774165513,0.0,0.0,none,0.500229271037126,1.0,1.0,1.0,0.500229271037126,False
SLE,13,State capacity,0.5643105643551645,3,0,1.0,0.0168912903923703,0.1378662774165513,0.0,0.0,none,0.5643105643551645,1.0,1.0,1.0,0.5643105643551645,False
SLV,13,State capacity,0.5704382639083513,3,0,1.0,0.0168912903923703,0.1378662774165513,0.0,0.0,none,0.5704382639083513,1.0,1.0,1.0,0.5704382639083513,False
SOM,13,State capacity,0.320319282698956,3,0,1.0,0.0168912903923703,0.1378662774165513,0.0,0.0,none,0.320319282698956,1.0,1.0,1.0,0.320319282698956,False
SRB,13,State capacity,0.582078906993266,3,0,1.0,0.0168912903923703,0.1378662774165513,0.0,0.0,none,0.582078906993266,1.0,1.0,1.0,0.582078906993266,False
SSD,13,State capacity,0.1229317503064617,3,0,1.0,0.0168912903923703,0.1378662774165513,0.0,0.0,none,0.1229317503064617,1.0,1.0,1.0,0.1229317503064617,False
STP,13,State capacity,0.6054049316923341,3,0,1.0,0.0168912903923703,0.1378662774165513,0.0,0.0,none,0.6054049316923341,1.0,1.0,1.0,0.6054049316923341,False
SUR,13,State capacity,0.4393767087345654,3,0,1.0,0.0168912903923703,0.1378662774165513,0.0,0.0,none,0.4393767087345654,1.0,1.0,1.0,0.4393767087345654,False
SVK,13,State capacity,0.6890610873297289,3,0,1.0,0.0168912903923703,0.1378662774165513,0.0,0.0,none,0.6890610873297289,1.0,1.0,1.0,0.6890610873297289,False
SVN,13,State capacity,0.6403139369635894,3,0,1.0,0.0168912903923703,0.1378662774165513,0.0,0.0,none,0.6403139369635894,1.0,1.0,1.0,0.6403139369635894,False
SWE,13,State capacity,0.6683762765746062,3,0,1.0,0.0168912903923703,0.1378662774165513,0.0,0.0,none,0.6683762765746062,1.0,1.0,1.0,0.6683762765746062,False
SWZ,13,State capacity,0.5404173528068501,3,0,1.0,0.0168912903923703,0.1378662774165513,0.0,0.0,none,0.5404173528068501,1.0,1.0,1.0,0.5404173528068501,False
SYC,13,State capacity,0.5943594258280203,3,0,1.0,0.0168912903923703,0.1378662774165513,0.0,0.0,none,0.5943594258280203,1.0,1.0,1.0,0.5943594258280203,False
SYR,13,State capacity,0.1727309046641724,3,0,1.0,0.0168912903923703,0.1378662774165513,0.0,0.0,none,0.1727309046641724,1.0,1.0,1.0,0.1727309046641724,False
TCD,13,State capacity,0.2957848834344821,3,0,1.0,0.0168912903923703,0.1378662774165513,0.0,0.0,none,0.2957848834344821,1.0,1.0,1.0,0.2957848834344821,False
TGO,13,State capacity,0.3975726873761838,3,0,1.0,0.0168912903923703,0.1378662774165513,0.0,0.0,none,0.3975726873761838,1.0,1.0,1.0,0.3975726873761838,False
THA,13,State capacity,0.5044248572552898,3,0,1.0,0.0168912903923703,0.1378662774165513,0.0,0.0,none,0.5044248572552898,1.0,1.0,1.0,0.5044248572552898,False
TJK,13,State capacity,0.481770838432558,3,0,1.0,0.0168912903923703,0.1378662774165513,0.0,0.0,none,0.481770838432558,1.0,1.0,1.0,0.481770838432558,False
TLS,13,State capacity,0.5348836716064889,3,0,1.0,0.0168912903923703,0.1378662774165513,0.0,0.0,none,0.5348836716064889,1.0,1.0,1.0,0.5348836716064889,False
TTO,13,State capacity,0.4315390727916354,3,0,1.0,0.0168912903923703,0.1378662774165513,0.0,0.0,none,0.4315390727916354,1.0,1.0,1.0,0.4315390727916354,False
TUN,13,State capacity,0.5195967928655353,3,0,1.0,0.0168912903923703,0.1378662774165513,0.0,0.0,none,0.5195967928655353,1.0,1.0,1.0,0.5195967928655353,False
TUR,13,State capacity,0.5142657637821451,3,0,1.0,0.0168912903923703,0.1378662774165513,0.0,0.0,none,0.5142657637821451,1.0,1.0,1.0,0.5142657637821451,False
TZA,13,State capacity,0.4430474003344183,3,0,1.0,0.0168912903923703,0.1378662774165513,0.0,0.0,none,0.4430474003344183,1.0,1.0,1.0,0.4430474003344183,False
UGA,13,State capacity,0.4668834739989537,3,0,1.0,0.0168912903923703,0.1378662774165513,0.0,0.0,none,0.4668834739989537,1.0,1.0,1.0,0.4668834739989537,False
UKR,13,State capacity,0.2035834333048659,3,0,1.0,0.0168912903923703,0.1378662774165513,0.0,0.0,none,0.2035834333048659,1.0,1.0,1.0,0.2035834333048659,False
URY,13,State capacity,0.6521669560820209,3,0,1.0,0.0168912903923703,0.1378662774165513,0.0,0.0,none,0.6521669560820209,1.0,1.0,1.0,0.6521669560820209,False
USA,13,State capacity,0.6119086301312757,3,0,1.0,0.0168912903923703,0.1378662774165513,0.0,0.0,none,0.6119086301312757,1.0,1.0,1.0,0.6119086301312757,False
UZB,13,State capacity,0.5565963698407893,3,0,1.0,0.0168912903923703,0.1378662774165513,0.0,0.0,none,0.5565963698407893,1.0,1.0,1.0,0.5565963698407893,False
VEN,13,State capacity,0.3372540615238491,3,0,1.0,0.0168912903923703,0.1378662774165513,0.0,0.0,none,0.3372540615238491,1.0,1.0,1.0,0.3372540615238491,False
VNM,13,State capacity,0.5747759268571055,3,0,1.0,0.0168912903923703,0.1378662774165513,0.0,0.0,none,0.5747759268571055,1.0,1.0,1.0,0.5747759268571055,False
VUT,13,State capacity,0.535531052443928,2,0,1.0,0.0168912903923703,0.1378662774165513,0.0,0.0,none,0.535531052443928,1.0,1.0,1.0,0.535531052443928,False
WSM,13,State capacity,0.638125009472067,1,0,1.0,0.0168912903923703,0.1378662774165513,0.0,0.0,none,0.638125009472067,1.0,1.0,1.0,0.638125009472067,True
XKX,13,State capacity,0.4233857640674865,2,0,1.0,0.0168912903923703,0.1378662774165513,0.0,0.0,none,0.4233857640674865,1.0,1.0,1.0,0.4233857640674865,False
YEM,13,State capacity,0.0951851806494456,3,0,1.0,0.0168912903923703,0.1378662774165513,0.0,0.0,none,0.0951851806494456,1.0,1.0,1.0,0.0951851806494456,False
ZAF,13,State capacity,0.523590769027089,3,0,1.0,0.0168912903923703,0.1378662774165513,0.0,0.0,none,0.523590769027089,1.0,1.0,1.0,0.523590769027089,False
ZMB,13,State capacity,0.553032565150462,3,0,1.0,0.0168912903923703,0.1378662774165513,0.0,0.0,none,0.553032565150462,1.0,1.0,1.0,0.553032565150462,False
ZWE,13,State capacity,0.4737454992280694,3,0,1.0,0.0168912903923703,0.1378662774165513,0.0,0.0,none,0.4737454992280694,1.0,1.0,1.0,0.4737454992280694,False
AFG,14,Rule of law,0.1350375044322383,7,0,1.0,0.1350375044322383,0.1353403790997427,0.0,0.0,none,0.1350375044322383,1.0,1.0,1.0,0.1350375044322383,False
AGO,14,Rule of law,0.4296470978427008,7,0,1.0,0.1350375044322383,0.1353403790997427,0.0,0.0,none,0.4296470978427008,1.0,1.0,1.0,0.4296470978427008,False
ALB,14,Rule of law,0.4197385316662326,7,0,1.0,0.1350375044322383,0.1353403790997427,0.0,0.0,none,0.4197385316662326,1.0,1.0,1.0,0.4197385316662326,False
AND,14,Rule of law,0.4118572210065645,2,0,1.0,0.1350375044322383,0.1353403790997427,0.0,0.0,none,0.4118572210065645,1.0,1.0,1.0,0.4118572210065645,True
ARE,14,Rule of law,0.4494744142309507,7,0,1.0,0.1350375044322383,0.1353403790997427,0.0,0.0,none,0.4494744142309507,1.0,1.0,1.0,0.4494744142309507,False
ARG,14,Rule of law,0.4396189418521571,7,0,1.0,0.1350375044322383,0.1353403790997427,0.0,0.0,none,0.4396189418521571,1.0,1.0,1.0,0.4396189418521571,False
ARM,14,Rule of law,0.4341007654681182,5,0,1.0,0.1350375044322383,0.1353403790997427,0.0,0.0,none,0.4341007654681182,1.0,1.0,1.0,0.4341007654681182,False
ATG,14,Rule of law,0.5941733159890921,4,0,1.0,0.1350375044322383,0.1353403790997427,0.0,0.0,none,0.5941733159890921,1.0,1.0,1.0,0.5941733159890921,False
AUS,14,Rule of law,0.6931627486752515,7,0,1.0,0.1350375044322383,0.1353403790997427,0.0,0.0,none,0.6931627486752515,1.0,1.0,1.0,0.6931627486752515,False
AUT,14,Rule of law,0.6893411390297131,7,0,1.0,0.1350375044322383,0.1353403790997427,0.0,0.0,none,0.6893411390297131,1.0,1.0,1.0,0.6893411390297131,False
AZE,14,Rule of law,0.2938555124916816,5,0,1.0,0.1350375044322383,0.1353403790997427,0.0,0.0,none,0.2938555124916816,1.0,1.0,1.0,0.2938555124916816,False
BDI,14,Rule of law,0.5091748886929593,5,0,1.0,0.1350375044322383,0.1353403790997427,0.0,0.0,none,0.5091748886929593,1.0,1.0,1.0,0.5091748886929593,False
BEL,14,Rule of law,0.7054683391902511,7,0,1.0,0.1350375044322383,0.1353403790997427,0.0,0.0,none,0.7054683391902511,1.0,1.0,1.0,0.7054683391902511,False
BEN,14,Rule of law,0.5661604061160332,7,0,1.0,0.1350375044322383,0.1353403790997427,0.0,0.0,none,0.5661604061160332,1.0,1.0,1.0,0.5661604061160332,False
BFA,14,Rule of law,0.4859154376275697,7,0,1.0,0.1350375044322383,0.1353403790997427,0.0,0.0,none,0.4859154376275697,1.0,1.0,1.0,0.4859154376275697,False
BGD,14,Rule of law,0.4323897757934759,7,0,1.0,0.1350375044322383,0.1353403790997427,0.0,0.0,none,0.4323897757934759,1.0,1.0,1.0,0.4323897757934759,False
BGR,14,Rule of law,0.4853536509171423,7,0,1.0,0.1350375044322383,0.1353403790997427,0.0,0.0,none,0.4853536509171423,1.0,1.0,1.0,0.4853536509171423,False
BHR,14,Rule of law,0.4876423825400999,5,0,1.0,0.1350375044322383,0.1353403790997427,0.0,0.0,none,0.4876423825400999,1.0,1.0,1.0,0.4876423825400999,False
BHS,14,Rule of law,0.3350824340559315,4,0,1.0,0.1350375044322383,0.1353403790997427,0.0,0.0,none,0.3350824340559315,1.0,1.0,1.0,0.3350824340559315,False
BIH,14,Rule of law,0.5378666003549238,7,0,1.0,0.1350375044322383,0.1353403790997427,0.0,0.0,none,0.5378666003549238,1.0,1.0,1.0,0.5378666003549238,False
BLR,14,Rule of law,0.3256659674553602,7,0,1.0,0.1350375044322383,0.1353403790997427,0.0,0.0,none,0.3256659674553602,1.0,1.0,1.0,0.3256659674553602,False
BLZ,14,Rule of law,0.6174071127716697,4,0,1.0,0.1350375044322383,0.1353403790997427,0.0,0.0,none,0.6174071127716697,1.0,1.0,1.0,0.6174071127716697,False
BOL,14,Rule of law,0.3779307103595435,7,0,1.0,0.1350375044322383,0.1353403790997427,0.0,0.0,none,0.3779307103595435,1.0,1.0,1.0,0.3779307103595435,False
BRA,14,Rule of law,0.446242554450107,7,0,1.0,0.1350375044322383,0.1353403790997427,0.0,0.0,none,0.446242554450107,1.0,1.0,1.0,0.446242554450107,False
BRB,14,Rule of law,0.4871224656313586,7,0,1.0,0.1350375044322383,0.1353403790997427,0.0,0.0,none,0.4871224656313586,1.0,1.0,1.0,0.4871224656313586,False
BRN,14,Rule of law,0.625136761487965,2,0,1.0,0.1350375044322383,0.1353403790997427,0.0,0.0,none,0.625136761487965,1.0,1.0,1.0,0.625136761487965,True
BTN,14,Rule of law,0.4134550584706476,5,0,1.0,0.1350375044322383,0.1353403790997427,0.0,0.0,none,0.4134550584706476,1.0,1.0,1.0,0.4134550584706476,False
BWA,14,Rule of law,0.5562993941505677,7,0,1.0,0.1350375044322383,0.1353403790997427,0.0,0.0,none,0.5562993941505677,1.0,1.0,1.0,0.5562993941505677,False
CAF,14,Rule of law,0.2566626036619581,5,0,1.0,0.1350375044322383,0.1353403790997427,0.0,0.0,none,0.2566626036619581,1.0,1.0,1.0,0.2566626036619581,False
CAN,14,Rule of law,0.6614949506777624,7,0,1.0,0.1350375044322383,0.1353403790997427,0.0,0.0,none,0.6614949506777624,1.0,1.0,1.0,0.6614949506777624,False
CHE,14,Rule of law,0.7198371882946467,5,0,1.0,0.1350375044322383,0.1353403790997427,0.0,0.0,none,0.7198371882946467,1.0,1.0,1.0,0.7198371882946467,False
CHL,14,Rule of law,0.52737315880141,7,0,1.0,0.1350375044322383,0.1353403790997427,0.0,0.0,none,0.52737315880141,1.0,1.0,1.0,0.52737315880141,False
CHN,14,Rule of law,0.3763404308611139,7,0,1.0,0.1350375044322383,0.1353403790997427,0.0,0.0,none,0.3763404308611139,1.0,1.0,1.0,0.3763404308611139,False
CIV,14,Rule of law,0.3320822961866692,7,0,1.0,0.1350375044322383,0.1353403790997427,0.0,0.0,none,0.3320822961866692,1.0,1.0,1.0,0.3320822961866692,False
CMR,14,Rule of law,0.430373532826182,7,0,1.0,0.1350375044322383,0.1353403790997427,0.0,0.0,none,0.430373532826182,1.0,1.0,1.0,0.430373532826182,False
COD,14,Rule of law,0.435512820160452,7,0,1.0,0.1350375044322383,0.1353403790997427,0.0,0.0,none,0.435512820160452,1.0,1.0,1.0,0.435512820160452,False
COG,14,Rule of law,0.3767031484523107,7,0,1.0,0.1350375044322383,0.1353403790997427,0.0,0.0,none,0.3767031484523107,1.0,1.0,1.0,0.3767031484523107,False
COL,14,Rule of law,0.3955706396048825,7,0,1.0,0.1350375044322383,0.1353403790997427,0.0,0.0,none,0.3955706396048825,1.0,1.0,1.0,0.3955706396048825,False
COM,14,Rule of law,0.3111535971976468,5,0,1.0,0.1350375044322383,0.1353403790997427,0.0,0.0,none,0.3111535971976468,1.0,1.0,1.0,0.3111535971976468,False
CPV,14,Rule of law,0.4039314897185756,5,0,1.0,0.1350375044322383,0.1353403790997427,0.0,0.0,none,0.4039314897185756,1.0,1.0,1.0,0.4039314897185756,False
CRI,14,Rule of law,0.5452243899141512,7,0,1.0,0.1350375044322383,0.1353403790997427,0.0,0.0,none,0.5452243899141512,1.0,1.0,1.0,0.5452243899141512,False
CUB,14,Rule of law,0.3576281478128163,5,0,1.0,0.1350375044322383,0.1353403790997427,0.0,0.0,none,0.3576281478128163,1.0,1.0,1.0,0.3576281478128163,False
CYP,14,Rule of law,0.6471806196859217,7,0,1.0,0.1350375044322383,0.1353403790997427,0.0,0.0,none,0.6471806196859217,1.0,1.0,1.0,0.6471806196859217,False
CZE,14,Rule of law,0.6783294677055052,7,0,1.0,0.1350375044322383,0.1353403790997427,0.0,0.0,none,0.6783294677055052,1.0,1.0,1.0,0.6783294677055052,False
DEU,14,Rule of law,0.6859907603413894,7,0,1.0,0.1350375044322383,0.1353403790997427,0.0,0.0,none,0.6859907603413894,1.0,1.0,1.0,0.6859907603413894,False
DJI,14,Rule of law,0.5986113749291092,5,0,1.0,0.1350375044322383,0.1353403790997427,0.0,0.0,none,0.5986113749291092,1.0,1.0,1.0,0.5986113749291092,False
DMA,14,Rule of law,0.5662076124633525,4,0,1.0,0.1350375044322383,0.1353403790997427,0.0,0.0,none,0.5662076124633525,1.0,1.0,1.0,0.5662076124633525,False
DNK,14,Rule of law,0.7796184261273317,7,0,1.0,0.1350375044322383,0.1353403790997427,0.0,0.0,none,0.7796184261273317,1.0,1.0,1.0,0.7796184261273317,False
DOM,14,Rule of law,0.3995580048453689,7,0,1.0,0.1350375044322383,0.1353403790997427,0.0,0.0,none,0.3995580048453689,1.0,1.0,1.0,0.3995580048453689,False
DZA,14,Rule of law,0.349633298286392,7,0,1.0,0.1350375044322383,0.1353403790997427,0.0,0.0,none,0.349633298286392,1.0,1.0,1.0,0.349633298286392,False
ECU,14,Rule of law,0.3363586814928047,7,0,1.0,0.1350375044322383,0.1353403790997427,0.0,0.0,none,0.3363586814928047,1.0,1.0,1.0,0.3363586814928047,False
EGY,14,Rule of law,0.2414801179166296,7,0,1.0,0.1350375044322383,0.1353403790997427,0.0,0.0,none,0.2414801179166296,1.0,1.0,1.0,0.2414801179166296,False
ESP,14,Rule of law,0.6599906481191683,7,0,1.0,0.1350375044322383,0.1353403790997427,0.0,0.0,none,0.6599906481191683,1.0,1.0,1.0,0.6599906481191683,False
EST,14,Rule of law,0.6441438180222504,7,0,1.0,0.1350375044322383,0.1353403790997427,0.0,0.0,none,0.6441438180222504,1.0,1.0,1.0,0.6441438180222504,False
ETH,14,Rule of law,0.4016869359003686,7,0,1.0,0.1350375044322383,0.1353403790997427,0.0,0.0,none,0.4016869359003686,1.0,1.0,1.0,0.4016869359003686,False
FIN,14,Rule of law,0.6519631497657488,7,0,1.0,0.1350375044322383,0.1353403790997427,0.0,0.0,none,0.6519631497657488,1.0,1.0,1.0,0.6519631497657488,False
FJI,14,Rule of law,0.3781576887093016,5,0,1.0,0.1350375044322383,0.1353403790997427,0.0,0.0,none,0.3781576887093016,1.0,1.0,1.0,0.3781576887093016,False
FRA,14,Rule of law,0.7280112989788712,7,0,1.0,0.1350375044322383,0.1353403790997427,0.0,0.0,none,0.7280112989788712,1.0,1.0,1.0,0.7280112989788712,False
FSM,14,Rule of law,0.625136761487965,2,0,1.0,0.1350375044322383,0.1353403790997427,0.0,0.0,none,0.625136761487965,1.0,1.0,1.0,0.625136761487965,True
GAB,14,Rule of law,0.6176840625510014,7,0,1.0,0.1350375044322383,0.1353403790997427,0.0,0.0,none,0.6176840625510014,1.0,1.0,1.0,0.6176840625510014,False
GBR,14,Rule of law,0.6516002824892795,7,0,1.0,0.1350375044322383,0.1353403790997427,0.0,0.0,none,0.6516002824892795,1.0,1.0,1.0,0.6516002824892795,False
GEO,14,Rule of law,0.4500320410421302,7,0,1.0,0.1350375044322383,0.1353403790997427,0.0,0.0,none,0.4500320410421302,1.0,1.0,1.0,0.4500320410421302,False
GHA,14,Rule of law,0.5107813171554969,7,0,1.0,0.1350375044322383,0.1353403790997427,0.0,0.0,none,0.5107813171554969,1.0,1.0,1.0,0.5107813171554969,False
GIN,14,Rule of law,0.3050996968066247,7,0,1.0,0.1350375044322383,0.1353403790997427,0.0,0.0,none,0.3050996968066247,1.0,1.0,1.0,0.3050996968066247,False
GMB,14,Rule of law,0.5378804597840631,7,0,1.0,0.1350375044322383,0.1353403790997427,0.0,0.0,none,0.5378804597840631,1.0,1.0,1.0,0.5378804597840631,False
GNB,14,Rule of law,0.4816520713138049,5,0,1.0,0.1350375044322383,0.1353403790997427,0.0,0.0,none,0.4816520713138049,1.0,1.0,1.0,0.4816520713138049,False
GNQ,14,Rule of law,0.3812839152542646,5,0,1.0,0.1350375044322383,0.1353403790997427,0.0,0.0,none,0.3812839152542646,1.0,1.0,1.0,0.3812839152542646,False
GRC,14,Rule of law,0.5979322551995024,7,0,1.0,0.1350375044322383,0.1353403790997427,0.0,0.0,none,0.5979322551995024,1.0,1.0,1.0,0.5979322551995024,False
GRD,14,Rule of law,0.5561978035133512,4,0,1.0,0.1350375044322383,0.1353403790997427,0.0,0.0,none,0.5561978035133512,1.0,1.0,1.0,0.5561978035133512,False
GTM,14,Rule of law,0.381932188498128,7,0,1.0,0.1350375044322383,0.1353403790997427,0.0,0.0,none,0.381932188498128,1.0,1.0,1.0,0.381932188498128,False
GUY,14,Rule of law,0.5219091387358872,7,0,1.0,0.1350375044322383,0.1353403790997427,0.0,0.0,none,0.5219091387358872,1.0,1.0,1.0,0.5219091387358872,False
HKG,14,Rule of law,0.4962613689386807,5,0,1.0,0.1350375044322383,0.1353403790997427,0.0,0.0,none,0.4962613689386807,1.0,1.0,1.0,0.4962613689386807,False
HND,14,Rule of law,0.4273587556547565,7,0,1.0,0.1350375044322383,0.1353403790997427,0.0,0.0,none,0.4273587556547565,1.0,1.0,1.0,0.4273587556547565,False
HRV,14,Rule of law,0.6333897605421014,7,0,1.0,0.1350375044322383,0.1353403790997427,0.0,0.0,none,0.6333897605421014,1.0,1.0,1.0,0.6333897605421014,False
HTI,14,Rule of law,0.2545452146208534,7,0,1.0,0.1350375044322383,0.1353403790997427,0.0,0.0,none,0.2545452146208534,1.0,1.0,1.0,0.2545452146208534,False
HUN,14,Rule of law,0.3772267466541,7,0,1.0,0.1350375044322383,0.1353403790997427,0.0,0.0,none,0.3772267466541,1.0,1.0,1.0,0.3772267466541,False
IDN,14,Rule of law,0.4077279580037887,7,0,1.0,0.1350375044322383,0.1353403790997427,0.0,0.0,none,0.4077279580037887,1.0,1.0,1.0,0.4077279580037887,False
IND,14,Rule of law,0.4469109751540758,7,0,1.0,0.1350375044322383,0.1353403790997427,0.0,0.0,none,0.4469109751540758,1.0,1.0,1.0,0.4469109751540758,False
IRL,14,Rule of law,0.7257887238724381,7,0,1.0,0.1350375044322383,0.1353403790997427,0.0,0.0,none,0.7257887238724381,1.0,1.0,1.0,0.7257887238724381,False
IRN,14,Rule of law,0.3650117594877228,7,0,1.0,0.1350375044322383,0.1353403790997427,0.0,0.0,none,0.3650117594877228,1.0,1.0,1.0,0.3650117594877228,False
IRQ,14,Rule of law,0.4417277731116461,5,0,1.0,0.1350375044322383,0.1353403790997427,0.0,0.0,none,0.4417277731116461,1.0,1.0,1.0,0.4417277731116461,False
ISL,14,Rule of law,0.6748797497745855,5,0,1.0,0.1350375044322383,0.1353403790997427,0.0,0.0,none,0.6748797497745855,1.0,1.0,1.0,0.6748797497745855,False
ISR,14,Rule of law,0.594384442756061,5,0,1.0,0.1350375044322383,0.1353403790997427,0.0,0.0,none,0.594384442756061,1.0,1.0,1.0,0.594384442756061,False
ITA,14,Rule of law,0.5982594158615674,7,0,1.0,0.1350375044322383,0.1353403790997427,0.0,0.0,none,0.5982594158615674,1.0,1.0,1.0,0.5982594158615674,False
JAM,14,Rule of law,0.5927081139818534,7,0,1.0,0.1350375044322383,0.1353403790997427,0.0,0.0,none,0.5927081139818534,1.0,1.0,1.0,0.5927081139818534,False
JOR,14,Rule of law,0.5312042970670366,7,0,1.0,0.1350375044322383,0.1353403790997427,0.0,0.0,none,0.5312042970670366,1.0,1.0,1.0,0.5312042970670366,False
JPN,14,Rule of law,0.6939482103609576,7,0,1.0,0.1350375044322383,0.1353403790997427,0.0,0.0,none,0.6939482103609576,1.0,1.0,1.0,0.6939482103609576,False
KAZ,14,Rule of law,0.3248377247027147,7,0,1.0,0.1350375044322383,0.1353403790997427,0.0,0.0,none,0.3248377247027147,1.0,1.0,1.0,0.3248377247027147,False
KEN,14,Rule of law,0.3814902294242378,7,0,1.0,0.1350375044322383,0.1353403790997427,0.0,0.0,none,0.3814902294242378,1.0,1.0,1.0,0.3814902294242378,False
KGZ,14,Rule of law,0.3639594610998092,7,0,1.0,0.1350375044322383,0.1353403790997427,0.0,0.0,none,0.3639594610998092,1.0,1.0,1.0,0.3639594610998092,False
KHM,14,Rule of law,0.3527509106101863,7,0,1.0,0.1350375044322383,0.1353403790997427,0.0,0.0,none,0.3527509106101863,1.0,1.0,1.0,0.3527509106101863,False
KIR,14,Rule of law,0.625136761487965,2,0,1.0,0.1350375044322383,0.1353403790997427,0.0,0.0,none,0.625136761487965,1.0,1.0,1.0,0.625136761487965,True
KNA,14,Rule of law,0.5737790989641526,4,0,1.0,0.1350375044322383,0.1353403790997427,0.0,0.0,none,0.5737790989641526,1.0,1.0,1.0,0.5737790989641526,False
KOR,14,Rule of law,0.6787137082892182,7,0,1.0,0.1350375044322383,0.1353403790997427,0.0,0.0,none,0.6787137082892182,1.0,1.0,1.0,0.6787137082892182,False
KWT,14,Rule of law,0.4776086815587012,7,0,1.0,0.1350375044322383,0.1353403790997427,0.0,0.0,none,0.4776086815587012,1.0,1.0,1.0,0.4776086815587012,False
LAO,14,Rule of law,0.4725706275972469,5,0,1.0,0.1350375044322383,0.1353403790997427,0.0,0.0,none,0.4725706275972469,1.0,1.0,1.0,0.4725706275972469,False
LBN,14,Rule of law,0.3958260613386342,7,0,1.0,0.1350375044322383,0.1353403790997427,0.0,0.0,none,0.3958260613386342,1.0,1.0,1.0,0.3958260613386342,False
LBR,14,Rule of law,0.5274524674192703,7,0,1.0,0.1350375044322383,0.1353403790997427,0.0,0.0,none,0.5274524674192703,1.0,1.0,1.0,0.5274524674192703,False
LBY,14,Rule of law,0.4462558123208276,5,0,1.0,0.1350375044322383,0.1353403790997427,0.0,0.0,none,0.4462558123208276,1.0,1.0,1.0,0.4462558123208276,False
LCA,14,Rule of law,0.5784316020212547,4,0,1.0,0.1350375044322383,0.1353403790997427,0.0,0.0,none,0.5784316020212547,1.0,1.0,1.0,0.5784316020212547,False
LIE,14,Rule of law,0.625136761487965,2,0,1.0,0.1350375044322383,0.1353403790997427,0.0,0.0,none,0.625136761487965,1.0,1.0,1.0,0.625136761487965,True
LKA,14,Rule of law,0.4843861380314772,7,0,1.0,0.1350375044322383,0.1353403790997427,0.0,0.0,none,0.4843861380314772,1.0,1.0,1.0,0.4843861380314772,False
LSO,14,Rule of law,0.6017117989655455,5,0,1.0,0.1350375044322383,0.1353403790997427,0.0,0.0,none,0.6017117989655455,1.0,1.0,1.0,0.6017117989655455,False
LTU,14,Rule of law,0.6106171762303172,7,0,1.0,0.1350375044322383,0.1353403790997427,0.0,0.0,none,0.6106171762303172,1.0,1.0,1.0,0.6106171762303172,False
LUX,14,Rule of law,0.7905809057720941,7,0,1.0,0.1350375044322383,0.1353403790997427,0.0,0.0,none,0.7905809057720941,1.0,1.0,1.0,0.7905809057720941,False
LVA,14,Rule of law,0.6937880474304066,7,0,1.0,0.1350375044322383,0.1353403790997427,0.0,0.0,none,0.6937880474304066,1.0,1.0,1.0,0.6937880474304066,False
MAR,14,Rule of law,0.3551620856408529,7,0,1.0,0.1350375044322383,0.1353403790997427,0.0,0.0,none,0.3551620856408529,1.0,1.0,1.0,0.3551620856408529,False
MCO,14,Rule of law,0.8023112691466083,2,0,1.0,0.1350375044322383,0.1353403790997427,0.0,0.0,none,0.8023112691466083,1.0,1.0,1.0,0.8023112691466083,True
MDA,14,Rule of law,0.51629545928973,7,0,1.0,0.1350375044322383,0.1353403790997427,0.0,0.0,none,0.51629545928973,1.0,1.0,1.0,0.51629545928973,False
MDG,14,Rule of law,0.3187030680022098,7,0,1.0,0.1350375044322383,0.1353403790997427,0.0,0.0,none,0.3187030680022098,1.0,1.0,1.0,0.3187030680022098,False
MDV,14,Rule of law,0.324166466164829,5,0,1.0,0.1350375044322383,0.1353403790997427,0.0,0.0,none,0.324166466164829,1.0,1.0,1.0,0.324166466164829,False
MEX,14,Rule of law,0.3589699986423622,7,0,1.0,0.1350375044322383,0.1353403790997427,0.0,0.0,none,0.3589699986423622,1.0,1.0,1.0,0.3589699986423622,False
MHL,14,Rule of law,0.625136761487965,2,0,1.0,0.1350375044322383,0.1353403790997427,0.0,0.0,none,0.625136761487965,1.0,1.0,1.0,0.625136761487965,True
MKD,14,Rule of law,0.4521078404631525,7,0,1.0,0.1350375044322383,0.1353403790997427,0.0,0.0,none,0.4521078404631525,1.0,1.0,1.0,0.4521078404631525,False
MLI,14,Rule of law,0.478159039129004,7,0,1.0,0.1350375044322383,0.1353403790997427,0.0,0.0,none,0.478159039129004,1.0,1.0,1.0,0.478159039129004,False
MLT,14,Rule of law,0.6360217608712366,7,0,1.0,0.1350375044322383,0.1353403790997427,0.0,0.0,none,0.6360217608712366,1.0,1.0,1.0,0.6360217608712366,False
MMR,14,Rule of law,0.3104351807324451,7,0,1.0,0.1350375044322383,0.1353403790997427,0.0,0.0,none,0.3104351807324451,1.0,1.0,1.0,0.3104351807324451,False
MNE,14,Rule of law,0.5179976130163971,7,0,1.0,0.1350375044322383,0.1353403790997427,0.0,0.0,none,0.5179976130163971,1.0,1.0,1.0,0.5179976130163971,False
MNG,14,Rule of law,0.4377995255732723,7,0,1.0,0.1350375044322383,0.1353403790997427,0.0,0.0,none,0.4377995255732723,1.0,1.0,1.0,0.4377995255732723,False
MOZ,14,Rule of law,0.3797546331434186,7,0,1.0,0.1350375044322383,0.1353403790997427,0.0,0.0,none,0.3797546331434186,1.0,1.0,1.0,0.3797546331434186,False
MRT,14,Rule of law,0.2857786546955249,7,0,1.0,0.1350375044322383,0.1353403790997427,0.0,0.0,none,0.2857786546955249,1.0,1.0,1.0,0.2857786546955249,False
MUS,14,Rule of law,0.6172630595666347,7,0,1.0,0.1350375044322383,0.1353403790997427,0.0,0.0,none,0.6172630595666347,1.0,1.0,1.0,0.6172630595666347,False
MWI,14,Rule of law,0.4659644238801878,7,0,1.0,0.1350375044322383,0.1353403790997427,0.0,0.0,none,0.4659644238801878,1.0,1.0,1.0,0.4659644238801878,False
MYS,14,Rule of law,0.4990692308454861,7,0,1.0,0.1350375044322383,0.1353403790997427,0.0,0.0,none,0.4990692308454861,1.0,1.0,1.0,0.4990692308454861,False
NAM,14,Rule of law,0.5866148706502016,7,0,1.0,0.1350375044322383,0.1353403790997427,0.0,0.0,none,0.5866148706502016,1.0,1.0,1.0,0.5866148706502016,False
NER,14,Rule of law,0.5170994338233691,7,0,1.0,0.1350375044322383,0.1353403790997427,0.0,0.0,none,0.5170994338233691,1.0,1.0,1.0,0.5170994338233691,False
NGA,14,Rule of law,0.4947208809600752,7,0,1.0,0.1350375044322383,0.1353403790997427,0.0,0.0,none,0.4947208809600752,1.0,1.0,1.0,0.4947208809600752,False
NIC,14,Rule of law,0.1951814018118884,7,0,1.0,0.1350375044322383,0.1353403790997427,0.0,0.0,none,0.1951814018118884,1.0,1.0,1.0,0.1951814018118884,False
NLD,14,Rule of law,0.6904616773006046,7,0,1.0,0.1350375044322383,0.1353403790997427,0.0,0.0,none,0.6904616773006046,1.0,1.0,1.0,0.6904616773006046,False
NOR,14,Rule of law,0.7252949603906081,7,0,1.0,0.1350375044322383,0.1353403790997427,0.0,0.0,none,0.7252949603906081,1.0,1.0,1.0,0.7252949603906081,False
NPL,14,Rule of law,0.4170551412768595,7,0,1.0,0.1350375044322383,0.1353403790997427,0.0,0.0,none,0.4170551412768595,1.0,1.0,1.0,0.4170551412768595,False
NRU,14,Rule of law,0.625136761487965,2,0,1.0,0.1350375044322383,0.1353403790997427,0.0,0.0,none,0.625136761487965,1.0,1.0,1.0,0.625136761487965,True
NZL,14,Rule of law,0.7412111133679666,7,0,1.0,0.1350375044322383,0.1353403790997427,0.0,0.0,none,0.7412111133679666,1.0,1.0,1.0,0.7412111133679666,False
OMN,14,Rule of law,0.4825554369695055,5,0,1.0,0.1350375044322383,0.1353403790997427,0.0,0.0,none,0.4825554369695055,1.0,1.0,1.0,0.4825554369695055,False
PAK,14,Rule of law,0.3321031320444479,7,0,1.0,0.1350375044322383,0.1353403790997427,0.0,0.0,none,0.3321031320444479,1.0,1.0,1.0,0.3321031320444479,False
PAN,14,Rule of law,0.4858994330313727,7,0,1.0,0.1350375044322383,0.1353403790997427,0.0,0.0,none,0.4858994330313727,1.0,1.0,1.0,0.4858994330313727,False
PER,14,Rule of law,0.5128891439905954,7,0,1.0,0.1350375044322383,0.1353403790997427,0.0,0.0,none,0.5128891439905954,1.0,1.0,1.0,0.5128891439905954,False
PHL,14,Rule of law,0.3278357858559367,7,0,1.0,0.1350375044322383,0.1353403790997427,0.0,0.0,none,0.3278357858559367,1.0,1.0,1.0,0.3278357858559367,False
PLW,14,Rule of law,0.3835475929978118,2,0,1.0,0.1350375044322383,0.1353403790997427,0.0,0.0,none,0.3835475929978118,1.0,1.0,1.0,0.3835475929978118,True
PNG,14,Rule of law,0.335987499752005,5,0,1.0,0.1350375044322383,0.1353403790997427,0.0,0.0,none,0.335987499752005,1.0,1.0,1.0,0.335987499752005,False
POL,14,Rule of law,0.5393672614726038,7,0,1.0,0.1350375044322383,0.1353403790997427,0.0,0.0,none,0.5393672614726038,1.0,1.0,1.0,0.5393672614726038,False
PRT,14,Rule of law,0.4721134817998457,7,0,1.0,0.1350375044322383,0.1353403790997427,0.0,0.0,none,0.4721134817998457,1.0,1.0,1.0,0.4721134817998457,False
PRY,14,Rule of law,0.3359833372010317,7,0,1.0,0.1350375044322383,0.1353403790997427,0.0,0.0,none,0.3359833372010317,1.0,1.0,1.0,0.3359833372010317,False
PSE,14,Rule of law,0.445530369675555,3,0,1.0,0.1350375044322383,0.1353403790997427,0.0,0.0,none,0.445530369675555,1.0,1.0,1.0,0.445530369675555,True
QAT,14,Rule of law,0.4130478024194848,7,0,1.0,0.1350375044322383,0.1353403790997427,0.0,0.0,none,0.4130478024194848,1.0,1.0,1.0,0.4130478024194848,False
ROU,14,Rule of law,0.5081240358671189,7,0,1.0,0.1350375044322383,0.1353403790997427,0.0,0.0,none,0.5081240358671189,1.0,1.0,1.0,0.5081240358671189,False
RUS,14,Rule of law,0.3289161418768203,7,0,1.0,0.1350375044322383,0.1353403790997427,0.0,0.0,none,0.3289161418768203,1.0,1.0,1.0,0.3289161418768203,False
RWA,14,Rule of law,0.4702594542304146,7,0,1.0,0.1350375044322383,0.1353403790997427,0.0,0.0,none,0.4702594542304146,1.0,1.0,1.0,0.4702594542304146,False
SAU,14,Rule of law,0.4007470648607613,5,0,1.0,0.1350375044322383,0.1353403790997427,0.0,0.0,none,0.4007470648607613,1.0,1.0,1.0,0.4007470648607613,False
SDN,14,Rule of law,0.3060313378915861,7,0,1.0,0.1350375044322383,0.1353403790997427,0.0,0.0,none,0.3060313378915861,1.0,1.0,1.0,0.3060313378915861,False
SEN,14,Rule of law,0.6281659709270643,7,0,1.0,0.1350375044322383,0.1353403790997427,0.0,0.0,none,0.6281659709270643,1.0,1.0,1.0,0.6281659709270643,False
SGP,14,Rule of law,0.611074085022187,7,0,1.0,0.1350375044322383,0.1353403790997427,0.0,0.0,none,0.611074085022187,1.0,1.0,1.0,0.611074085022187,False
SLB,14,Rule of law,0.498138240024799,5,0,1.0,0.1350375044322383,0.1353403790997427,0.0,0.0,none,0.498138240024799,1.0,1.0,1.0,0.498138240024799,False
SLE,14,Rule of law,0.506508544066697,7,0,1.0,0.1350375044322383,0.1353403790997427,0.0,0.0,none,0.506508544066697,1.0,1.0,1.0,0.506508544066697,False
SLV,14,Rule of law,0.3084373961312744,7,0,1.0,0.1350375044322383,0.1353403790997427,0.0,0.0,none,0.3084373961312744,1.0,1.0,1.0,0.3084373961312744,False
SOM,14,Rule of law,0.4084166701445782,5,0,1.0,0.1350375044322383,0.1353403790997427,0.0,0.0,none,0.4084166701445782,1.0,1.0,1.0,0.4084166701445782,False
SRB,14,Rule of law,0.4646323974194778,7,0,1.0,0.1350375044322383,0.1353403790997427,0.0,0.0,none,0.4646323974194778,1.0,1.0,1.0,0.4646323974194778,False
SSD,14,Rule of law,0.1810558352923763,3,0,1.0,0.1350375044322383,0.1353403790997427,0.0,0.0,none,0.1810558352923763,1.0,1.0,1.0,0.1810558352923763,True
STP,14,Rule of law,0.5055459035198026,5,0,1.0,0.1350375044322383,0.1353403790997427,0.0,0.0,none,0.5055459035198026,1.0,1.0,1.0,0.5055459035198026,False
SUR,14,Rule of law,0.5431833413125242,7,0,1.0,0.1350375044322383,0.1353403790997427,0.0,0.0,none,0.5431833413125242,1.0,1.0,1.0,0.5431833413125242,False
SVK,14,Rule of law,0.5920825506478209,7,0,1.0,0.1350375044322383,0.1353403790997427,0.0,0.0,none,0.5920825506478209,1.0,1.0,1.0,0.5920825506478209,False
SVN,14,Rule of law,0.5193827988730797,7,0,1.0,0.1350375044322383,0.1353403790997427,0.0,0.0,none,0.5193827988730797,1.0,1.0,1.0,0.5193827988730797,False
SWE,14,Rule of law,0.6660882590360716,7,0,1.0,0.1350375044322383,0.1353403790997427,0.0,0.0,none,0.6660882590360716,1.0,1.0,1.0,0.6660882590360716,False
SWZ,14,Rule of law,0.411312475598991,5,0,1.0,0.1350375044322383,0.1353403790997427,0.0,0.0,none,0.411312475598991,1.0,1.0,1.0,0.411312475598991,False
SYC,14,Rule of law,0.5049320666504546,5,0,1.0,0.1350375044322383,0.1353403790997427,0.0,0.0,none,0.5049320666504546,1.0,1.0,1.0,0.5049320666504546,False
SYR,14,Rule of law,0.4495046511765115,5,0,1.0,0.1350375044322383,0.1353403790997427,0.0,0.0,none,0.4495046511765115,1.0,1.0,1.0,0.4495046511765115,False
TCD,14,Rule of law,0.312706271431149,5,0,1.0,0.1350375044322383,0.1353403790997427,0.0,0.0,none,0.312706271431149,1.0,1.0,1.0,0.312706271431149,False
TGO,14,Rule of law,0.4520598321917586,7,0,1.0,0.1350375044322383,0.1353403790997427,0.0,0.0,none,0.4520598321917586,1.0,1.0,1.0,0.4520598321917586,False
THA,14,Rule of law,0.3430371861952073,7,0,1.0,0.1350375044322383,0.1353403790997427,0.0,0.0,none,0.3430371861952073,1.0,1.0,1.0,0.3430371861952073,False
TJK,14,Rule of law,0.2386751447218264,5,0,1.0,0.1350375044322383,0.1353403790997427,0.0,0.0,none,0.2386751447218264,1.0,1.0,1.0,0.2386751447218264,False
TLS,14,Rule of law,0.4547108391200504,5,0,1.0,0.1350375044322383,0.1353403790997427,0.0,0.0,none,0.4547108391200504,1.0,1.0,1.0,0.4547108391200504,False
TON,14,Rule of law,0.625136761487965,2,0,1.0,0.1350375044322383,0.1353403790997427,0.0,0.0,none,0.625136761487965,1.0,1.0,1.0,0.625136761487965,True
TTO,14,Rule of law,0.5920407564302081,7,0,1.0,0.1350375044322383,0.1353403790997427,0.0,0.0,none,0.5920407564302081,1.0,1.0,1.0,0.5920407564302081,False
TUN,14,Rule of law,0.5702063799368506,7,0,1.0,0.1350375044322383,0.1353403790997427,0.0,0.0,none,0.5702063799368506,1.0,1.0,1.0,0.5702063799368506,False
TUR,14,Rule of law,0.4071222328044257,7,0,1.0,0.1350375044322383,0.1353403790997427,0.0,0.0,none,0.4071222328044257,1.0,1.0,1.0,0.4071222328044257,False
TUV,14,Rule of law,0.625136761487965,2,0,1.0,0.1350375044322383,0.1353403790997427,0.0,0.0,none,0.625136761487965,1.0,1.0,1.0,0.625136761487965,True
TZA,14,Rule of law,0.4807374421328711,7,0,1.0,0.1350375044322383,0.1353403790997427,0.0,0.0,none,0.4807374421328711,1.0,1.0,1.0,0.4807374421328711,False
UGA,14,Rule of law,0.3673025951911804,7,0,1.0,0.1350375044322383,0.1353403790997427,0.0,0.0,none,0.3673025951911804,1.0,1.0,1.0,0.3673025951911804,False
UKR,14,Rule of law,0.4470612498683634,7,0,1.0,0.1350375044322383,0.1353403790997427,0.0,0.0,none,0.4470612498683634,1.0,1.0,1.0,0.4470612498683634,False
URY,14,Rule of law,0.7144209543741322,7,0,1.0,0.1350375044322383,0.1353403790997427,0.0,0.0,none,0.7144209543741322,1.0,1.0,1.0,0.7144209543741322,False
USA,14,Rule of law,0.5940856562194615,7,0,1.0,0.1350375044322383,0.1353403790997427,0.0,0.0,none,0.5940856562194615,1.0,1.0,1.0,0.5940856562194615,False
UZB,14,Rule of law,0.3494645321978121,7,0,1.0,0.1350375044322383,0.1353403790997427,0.0,0.0,none,0.3494645321978121,1.0,1.0,1.0,0.3494645321978121,False
VCT,14,Rule of law,0.5785183948791847,4,0,1.0,0.1350375044322383,0.1353403790997427,0.0,0.0,none,0.5785183948791847,1.0,1.0,1.0,0.5785183948791847,False
VEN,14,Rule of law,0.1986561048559066,7,0,1.0,0.1350375044322383,0.1353403790997427,0.0,0.0,none,0.1986561048559066,1.0,1.0,1.0,0.1986561048559066,False
VNM,14,Rule of law,0.4395145516149506,7,0,1.0,0.1350375044322383,0.1353403790997427,0.0,0.0,none,0.4395145516149506,1.0,1.0,1.0,0.4395145516149506,False
VUT,14,Rule of law,0.5459609678394208,5,0,1.0,0.1350375044322383,0.1353403790997427,0.0,0.0,none,0.5459609678394208,1.0,1.0,1.0,0.5459609678394208,False
WSM,14,Rule of law,0.625136761487965,2,0,1.0,0.1350375044322383,0.1353403790997427,0.0,0.0,none,0.625136761487965,1.0,1.0,1.0,0.625136761487965,True
XKX,14,Rule of law,0.5069072561533885,5,0,1.0,0.1350375044322383,0.1353403790997427,0.0,0.0,none,0.5069072561533885,1.0,1.0,1.0,0.5069072561533885,False
YEM,14,Rule of law,0.1705310300653187,3,0,1.0,0.1350375044322383,0.1353403790997427,0.0,0.0,none,0.1705310300653187,1.0,1.0,1.0,0.1705310300653187,True
ZAF,14,Rule of law,0.5201684399003217,7,0,1.0,0.1350375044322383,0.1353403790997427,0.0,0.0,none,0.5201684399003217,1.0,1.0,1.0,0.5201684399003217,False
ZMB,14,Rule of law,0.4781958108080545,7,0,1.0,0.1350375044322383,0.1353403790997427,0.0,0.0,none,0.4781958108080545,1.0,1.0,1.0,0.4781958108080545,False
ZWE,14,Rule of law,0.2555758042324824,7,0,1.0,0.1350375044322383,0.1353403790997427,0.0,0.0,none,0.2555758042324824,1.0,1.0,1.0,0.2555758042324824,False
AFG,15,Rule of law,0.2820264437704766,7,0,1.0,0.1170635157814338,0.14515314539619253,0.0,0.0,none,0.2820264437704766,1.0,1.0,1.0,0.2820264437704766,False
AGO,15,Rule of law,0.3883645018844709,7,0,1.0,0.1170635157814338,0.14515314539619253,0.0,0.0,none,0.3883645018844709,1.0,1.0,1.0,0.3883645018844709,False
ALB,15,Rule of law,0.5106212613169554,7,0,1.0,0.1170635157814338,0.14515314539619253,0.0,0.0,none,0.5106212613169554,1.0,1.0,1.0,0.5106212613169554,False
ARE,15,Rule of law,0.4674320194553099,7,0,1.0,0.1170635157814338,0.14515314539619253,0.0,0.0,none,0.4674320194553099,1.0,1.0,1.0,0.4674320194553099,False
ARG,15,Rule of law,0.5194237378773683,7,0,1.0,0.1170635157814338,0.14515314539619253,0.0,0.0,none,0.5194237378773683,1.0,1.0,1.0,0.5194237378773683,False
ARM,15,Rule of law,0.3205161298971563,5,0,1.0,0.1170635157814338,0.14515314539619253,0.0,0.0,none,0.3205161298971563,1.0,1.0,1.0,0.3205161298971563,False
ATG,15,Rule of law,0.6078770969512891,2,0,1.0,0.1170635157814338,0.14515314539619253,0.0,0.0,none,0.6078770969512891,1.0,1.0,1.0,0.6078770969512891,True
AUS,15,Rule of law,0.7402960061846766,7,0,1.0,0.1170635157814338,0.14515314539619253,0.0,0.0,none,0.7402960061846766,1.0,1.0,1.0,0.7402960061846766,False
AUT,15,Rule of law,0.6994162121371096,7,0,1.0,0.1170635157814338,0.14515314539619253,0.0,0.0,none,0.6994162121371096,1.0,1.0,1.0,0.6994162121371096,False
AZE,15,Rule of law,0.1688483382771318,5,0,1.0,0.1170635157814338,0.14515314539619253,0.0,0.0,none,0.1688483382771318,1.0,1.0,1.0,0.1688483382771318,False
BDI,15,Rule of law,0.191949423850519,5,0,1.0,0.1170635157814338,0.14515314539619253,0.0,0.0,none,0.191949423850519,1.0,1.0,1.0,0.191949423850519,False
BEL,15,Rule of law,0.6420873678079052,7,0,1.0,0.1170635157814338,0.14515314539619253,0.0,0.0,none,0.6420873678079052,1.0,1.0,1.0,0.6420873678079052,False
BEN,15,Rule of law,0.4745212633235492,7,0,1.0,0.1170635157814338,0.14515314539619253,0.0,0.0,none,0.4745212633235492,1.0,1.0,1.0,0.4745212633235492,False
BFA,15,Rule of law,0.4138717764911467,7,0,1.0,0.1170635157814338,0.14515314539619253,0.0,0.0,none,0.4138717764911467,1.0,1.0,1.0,0.4138717764911467,False
BGD,15,Rule of law,0.3080272155064531,7,0,1.0,0.1170635157814338,0.14515314539619253,0.0,0.0,none,0.3080272155064531,1.0,1.0,1.0,0.3080272155064531,False
BGR,15,Rule of law,0.5209483866079024,7,0,1.0,0.1170635157814338,0.14515314539619253,0.0,0.0,none,0.5209483866079024,1.0,1.0,1.0,0.5209483866079024,False
BHR,15,Rule of law,0.3908603012667287,5,0,1.0,0.1170635157814338,0.14515314539619253,0.0,0.0,none,0.3908603012667287,1.0,1.0,1.0,0.3908603012667287,False
BHS,15,Rule of law,0.5539584139173446,2,0,1.0,0.1170635157814338,0.14515314539619253,0.0,0.0,none,0.5539584139173446,1.0,1.0,1.0,0.5539584139173446,True
BIH,15,Rule of law,0.528355449874371,7,0,1.0,0.1170635157814338,0.14515314539619253,0.0,0.0,none,0.528355449874371,1.0,1.0,1.0,0.528355449874371,False
BLR,15,Rule of law,0.3204462763355669,7,0,1.0,0.1170635157814338,0.14515314539619253,0.0,0.0,none,0.3204462763355669,1.0,1.0,1.0,0.3204462763355669,False
BLZ,15,Rule of law,0.4436705028291607,2,0,1.0,0.1170635157814338,0.14515314539619253,0.0,0.0,none,0.4436705028291607,1.0,1.0,1.0,0.4436705028291607,True
BOL,15,Rule of law,0.3258793997237085,7,0,1.0,0.1170635157814338,0.14515314539619253,0.0,0.0,none,0.3258793997237085,1.0,1.0,1.0,0.3258793997237085,False
BRA,15,Rule of law,0.5882491472318562,7,0,1.0,0.1170635157814338,0.14515314539619253,0.0,0.0,none,0.5882491472318562,1.0,1.0,1.0,0.5882491472318562,False
BRB,15,Rule of law,0.6625931482734488,7,0,1.0,0.1170635157814338,0.14515314539619253,0.0,0.0,none,0.6625931482734488,1.0,1.0,1.0,0.6625931482734488,False
BTN,15,Rule of law,0.5678249391647956,5,0,1.0,0.1170635157814338,0.14515314539619253,0.0,0.0,none,0.5678249391647956,1.0,1.0,1.0,0.5678249391647956,False
BWA,15,Rule of law,0.5341064952496217,7,0,1.0,0.1170635157814338,0.14515314539619253,0.0,0.0,none,0.5341064952496217,1.0,1.0,1.0,0.5341064952496217,False
CAF,15,Rule of law,0.4227375222561978,5,0,1.0,0.1170635157814338,0.14515314539619253,0.0,0.0,none,0.4227375222561978,1.0,1.0,1.0,0.4227375222561978,False
CAN,15,Rule of law,0.65291320137383,7,0,1.0,0.1170635157814338,0.14515314539619253,0.0,0.0,none,0.65291320137383,1.0,1.0,1.0,0.65291320137383,False
CHE,15,Rule of law,0.7301926780523054,5,0,1.0,0.1170635157814338,0.14515314539619253,0.0,0.0,none,0.7301926780523054,1.0,1.0,1.0,0.7301926780523054,False
CHL,15,Rule of law,0.6199377384002875,7,0,1.0,0.1170635157814338,0.14515314539619253,0.0,0.0,none,0.6199377384002875,1.0,1.0,1.0,0.6199377384002875,False
CHN,15,Rule of law,0.2749234152866627,7,0,1.0,0.1170635157814338,0.14515314539619253,0.0,0.0,none,0.2749234152866627,1.0,1.0,1.0,0.2749234152866627,False
CIV,15,Rule of law,0.4758389343186375,7,0,1.0,0.1170635157814338,0.14515314539619253,0.0,0.0,none,0.4758389343186375,1.0,1.0,1.0,0.4758389343186375,False
CMR,15,Rule of law,0.2919909079483395,7,0,1.0,0.1170635157814338,0.14515314539619253,0.0,0.0,none,0.2919909079483395,1.0,1.0,1.0,0.2919909079483395,False
COD,15,Rule of law,0.2861849420086052,7,0,1.0,0.1170635157814338,0.14515314539619253,0.0,0.0,none,0.2861849420086052,1.0,1.0,1.0,0.2861849420086052,False
COG,15,Rule of law,0.3899508137360405,7,0,1.0,0.1170635157814338,0.14515314539619253,0.0,0.0,none,0.3899508137360405,1.0,1.0,1.0,0.3899508137360405,False
COL,15,Rule of law,0.5757440912825889,7,0,1.0,0.1170635157814338,0.14515314539619253,0.0,0.0,none,0.5757440912825889,1.0,1.0,1.0,0.5757440912825889,False
COM,15,Rule of law,0.3067779645837886,5,0,1.0,0.1170635157814338,0.14515314539619253,0.0,0.0,none,0.3067779645837886,1.0,1.0,1.0,0.3067779645837886,False
CPV,15,Rule of law,0.6447226447910066,5,0,1.0,0.1170635157814338,0.14515314539619253,0.0,0.0,none,0.6447226447910066,1.0,1.0,1.0,0.6447226447910066,False
CRI,15,Rule of law,0.6573590069542067,7,0,1.0,0.1170635157814338,0.14515314539619253,0.0,0.0,none,0.6573590069542067,1.0,1.0,1.0,0.6573590069542067,False
CUB,15,Rule of law,0.3899044781687816,5,0,1.0,0.1170635157814338,0.14515314539619253,0.0,0.0,none,0.3899044781687816,1.0,1.0,1.0,0.3899044781687816,False
CYP,15,Rule of law,0.6085556375172235,7,0,1.0,0.1170635157814338,0.14515314539619253,0.0,0.0,none,0.6085556375172235,1.0,1.0,1.0,0.6085556375172235,False
CZE,15,Rule of law,0.6665741473555823,7,0,1.0,0.1170635157814338,0.14515314539619253,0.0,0.0,none,0.6665741473555823,1.0,1.0,1.0,0.6665741473555823,False
DEU,15,Rule of law,0.746260460571575,7,0,1.0,0.1170635157814338,0.14515314539619253,0.0,0.0,none,0.746260460571575,1.0,1.0,1.0,0.746260460571575,False
DJI,15,Rule of law,0.346768391020765,5,0,1.0,0.1170635157814338,0.14515314539619253,0.0,0.0,none,0.346768391020765,1.0,1.0,1.0,0.346768391020765,False
DMA,15,Rule of law,0.5425760416470348,2,0,1.0,0.1170635157814338,0.14515314539619253,0.0,0.0,none,0.5425760416470348,1.0,1.0,1.0,0.5425760416470348,True
DNK,15,Rule of law,0.7787542955952391,7,0,1.0,0.1170635157814338,0.14515314539619253,0.0,0.0,none,0.7787542955952391,1.0,1.0,1.0,0.7787542955952391,False
DOM,15,Rule of law,0.5355938191512724,7,0,1.0,0.1170635157814338,0.14515314539619253,0.0,0.0,none,0.5355938191512724,1.0,1.0,1.0,0.5355938191512724,False
DZA,15,Rule of law,0.3349057199391117,7,0,1.0,0.1170635157814338,0.14515314539619253,0.0,0.0,none,0.3349057199391117,1.0,1.0,1.0,0.3349057199391117,False
ECU,15,Rule of law,0.4718449225470346,7,0,1.0,0.1170635157814338,0.14515314539619253,0.0,0.0,none,0.4718449225470346,1.0,1.0,1.0,0.4718449225470346,False
EGY,15,Rule of law,0.4086808702551147,7,0,1.0,0.1170635157814338,0.14515314539619253,0.0,0.0,none,0.4086808702551147,1.0,1.0,1.0,0.4086808702551147,False
ESP,15,Rule of law,0.6878693516342971,7,0,1.0,0.1170635157814338,0.14515314539619253,0.0,0.0,none,0.6878693516342971,1.0,1.0,1.0,0.6878693516342971,False
EST,15,Rule of law,0.7252056788729572,7,0,1.0,0.1170635157814338,0.14515314539619253,0.0,0.0,none,0.7252056788729572,1.0,1.0,1.0,0.7252056788729572,False
ETH,15,Rule of law,0.3440719661997561,7,0,1.0,0.1170635157814338,0.14515314539619253,0.0,0.0,none,0.3440719661997561,1.0,1.0,1.0,0.3440719661997561,False
FIN,15,Rule of law,0.7762829092694986,7,0,1.0,0.1170635157814338,0.14515314539619253,0.0,0.0,none,0.7762829092694986,1.0,1.0,1.0,0.7762829092694986,False
FJI,15,Rule of law,0.5530241942577329,5,0,1.0,0.1170635157814338,0.14515314539619253,0.0,0.0,none,0.5530241942577329,1.0,1.0,1.0,0.5530241942577329,False
FRA,15,Rule of law,0.6667281638948402,7,0,1.0,0.1170635157814338,0.14515314539619253,0.0,0.0,none,0.6667281638948402,1.0,1.0,1.0,0.6667281638948402,False
GAB,15,Rule of law,0.4057859304547045,7,0,1.0,0.1170635157814338,0.14515314539619253,0.0,0.0,none,0.4057859304547045,1.0,1.0,1.0,0.4057859304547045,False
GBR,15,Rule of law,0.6926238257737698,7,0,1.0,0.1170635157814338,0.14515314539619253,0.0,0.0,none,0.6926238257737698,1.0,1.0,1.0,0.6926238257737698,False
GEO,15,Rule of law,0.4358165829097015,7,0,1.0,0.1170635157814338,0.14515314539619253,0.0,0.0,none,0.4358165829097015,1.0,1.0,1.0,0.4358165829097015,False
GHA,15,Rule of law,0.5401491512374382,7,0,1.0,0.1170635157814338,0.14515314539619253,0.0,0.0,none,0.5401491512374382,1.0,1.0,1.0,0.5401491512374382,False
GIN,15,Rule of law,0.3892929049077421,7,0,1.0,0.1170635157814338,0.14515314539619253,0.0,0.0,none,0.3892929049077421,1.0,1.0,1.0,0.3892929049077421,False
GMB,15,Rule of law,0.567510891324406,7,0,1.0,0.1170635157814338,0.14515314539619253,0.0,0.0,none,0.567510891324406,1.0,1.0,1.0,0.567510891324406,False
GNB,15,Rule of law,0.2670009876797292,5,0,1.0,0.1170635157814338,0.14515314539619253,0.0,0.0,none,0.2670009876797292,1.0,1.0,1.0,0.2670009876797292,False
GNQ,15,Rule of law,0.1873049163736795,5,0,1.0,0.1170635157814338,0.14515314539619253,0.0,0.0,none,0.1873049163736795,1.0,1.0,1.0,0.1873049163736795,False
GRC,15,Rule of law,0.5150612291800337,7,0,1.0,0.1170635157814338,0.14515314539619253,0.0,0.0,none,0.5150612291800337,1.0,1.0,1.0,0.5150612291800337,False
GRD,15,Rule of law,0.5604094321805899,2,0,1.0,0.1170635157814338,0.14515314539619253,0.0,0.0,none,0.5604094321805899,1.0,1.0,1.0,0.5604094321805899,True
GTM,15,Rule of law,0.5339716764811331,7,0,1.0,0.1170635157814338,0.14515314539619253,0.0,0.0,none,0.5339716764811331,1.0,1.0,1.0,0.5339716764811331,False
GUY,15,Rule of law,0.5266670403937487,7,0,1.0,0.1170635157814338,0.14515314539619253,0.0,0.0,none,0.5266670403937487,1.0,1.0,1.0,0.5266670403937487,False
HKG,15,Rule of law,0.591504048796928,7,0,1.0,0.1170635157814338,0.14515314539619253,0.0,0.0,none,0.591504048796928,1.0,1.0,1.0,0.591504048796928,False
HND,15,Rule of law,0.4584568910265212,7,0,1.0,0.1170635157814338,0.14515314539619253,0.0,0.0,none,0.4584568910265212,1.0,1.0,1.0,0.4584568910265212,False
HRV,15,Rule of law,0.5573143187087178,7,0,1.0,0.1170635157814338,0.14515314539619253,0.0,0.0,none,0.5573143187087178,1.0,1.0,1.0,0.5573143187087178,False
HTI,15,Rule of law,0.3793546458759191,7,0,1.0,0.1170635157814338,0.14515314539619253,0.0,0.0,none,0.3793546458759191,1.0,1.0,1.0,0.3793546458759191,False
HUN,15,Rule of law,0.4824234693272708,7,0,1.0,0.1170635157814338,0.14515314539619253,0.0,0.0,none,0.4824234693272708,1.0,1.0,1.0,0.4824234693272708,False
IDN,15,Rule of law,0.4571891006274597,7,0,1.0,0.1170635157814338,0.14515314539619253,0.0,0.0,none,0.4571891006274597,1.0,1.0,1.0,0.4571891006274597,False
IND,15,Rule of law,0.4453165850032398,7,0,1.0,0.1170635157814338,0.14515314539619253,0.0,0.0,none,0.4453165850032398,1.0,1.0,1.0,0.4453165850032398,False
IRL,15,Rule of law,0.727711310984669,7,0,1.0,0.1170635157814338,0.14515314539619253,0.0,0.0,none,0.727711310984669,1.0,1.0,1.0,0.727711310984669,False
IRN,15,Rule of law,0.3481714100932257,7,0,1.0,0.1170635157814338,0.14515314539619253,0.0,0.0,none,0.3481714100932257,1.0,1.0,1.0,0.3481714100932257,False
IRQ,15,Rule of law,0.4332223560092366,5,0,1.0,0.1170635157814338,0.14515314539619253,0.0,0.0,none,0.4332223560092366,1.0,1.0,1.0,0.4332223560092366,False
ISL,15,Rule of law,0.6888238887812953,5,0,1.0,0.1170635157814338,0.14515314539619253,0.0,0.0,none,0.6888238887812953,1.0,1.0,1.0,0.6888238887812953,False
ISR,15,Rule of law,0.6408550717501033,5,0,1.0,0.1170635157814338,0.14515314539619253,0.0,0.0,none,0.6408550717501033,1.0,1.0,1.0,0.6408550717501033,False
ITA,15,Rule of law,0.5453452481208315,7,0,1.0,0.1170635157814338,0.14515314539619253,0.0,0.0,none,0.5453452481208315,1.0,1.0,1.0,0.5453452481208315,False
JAM,15,Rule of law,0.6035265390693886,7,0,1.0,0.1170635157814338,0.14515314539619253,0.0,0.0,none,0.6035265390693886,1.0,1.0,1.0,0.6035265390693886,False
JOR,15,Rule of law,0.5737144856094332,7,0,1.0,0.1170635157814338,0.14515314539619253,0.0,0.0,none,0.5737144856094332,1.0,1.0,1.0,0.5737144856094332,False
JPN,15,Rule of law,0.6787488006734285,7,0,1.0,0.1170635157814338,0.14515314539619253,0.0,0.0,none,0.6787488006734285,1.0,1.0,1.0,0.6787488006734285,False
KAZ,15,Rule of law,0.3932222696527688,7,0,1.0,0.1170635157814338,0.14515314539619253,0.0,0.0,none,0.3932222696527688,1.0,1.0,1.0,0.3932222696527688,False
KEN,15,Rule of law,0.5719358386279535,7,0,1.0,0.1170635157814338,0.14515314539619253,0.0,0.0,none,0.5719358386279535,1.0,1.0,1.0,0.5719358386279535,False
KGZ,15,Rule of law,0.4154636712548827,7,0,1.0,0.1170635157814338,0.14515314539619253,0.0,0.0,none,0.4154636712548827,1.0,1.0,1.0,0.4154636712548827,False
KHM,15,Rule of law,0.244563517024627,7,0,1.0,0.1170635157814338,0.14515314539619253,0.0,0.0,none,0.244563517024627,1.0,1.0,1.0,0.244563517024627,False
KNA,15,Rule of law,0.6427783043217139,2,0,1.0,0.1170635157814338,0.14515314539619253,0.0,0.0,none,0.6427783043217139,1.0,1.0,1.0,0.6427783043217139,True
KOR,15,Rule of law,0.6768771533387179,7,0,1.0,0.1170635157814338,0.14515314539619253,0.0,0.0,none,0.6768771533387179,1.0,1.0,1.0,0.6768771533387179,False
KWT,15,Rule of law,0.5483061454751355,7,0,1.0,0.1170635157814338,0.14515314539619253,0.0,0.0,none,0.5483061454751355,1.0,1.0,1.0,0.5483061454751355,False
LAO,15,Rule of law,0.4021849403659703,5,0,1.0,0.1170635157814338,0.14515314539619253,0.0,0.0,none,0.4021849403659703,1.0,1.0,1.0,0.4021849403659703,False
LBN,15,Rule of law,0.4104269583911776,7,0,1.0,0.1170635157814338,0.14515314539619253,0.0,0.0,none,0.4104269583911776,1.0,1.0,1.0,0.4104269583911776,False
LBR,15,Rule of law,0.4623571357250403,7,0,1.0,0.1170635157814338,0.14515314539619253,0.0,0.0,none,0.4623571357250403,1.0,1.0,1.0,0.4623571357250403,False
LBY,15,Rule of law,0.4336415928881113,5,0,1.0,0.1170635157814338,0.14515314539619253,0.0,0.0,none,0.4336415928881113,1.0,1.0,1.0,0.4336415928881113,False
LCA,15,Rule of law,0.5916282514889215,2,0,1.0,0.1170635157814338,0.14515314539619253,0.0,0.0,none,0.5916282514889215,1.0,1.0,1.0,0.5916282514889215,True
LKA,15,Rule of law,0.564899811827903,7,0,1.0,0.1170635157814338,0.14515314539619253,0.0,0.0,none,0.564899811827903,1.0,1.0,1.0,0.564899811827903,False
LSO,15,Rule of law,0.5709186045529648,5,0,1.0,0.1170635157814338,0.14515314539619253,0.0,0.0,none,0.5709186045529648,1.0,1.0,1.0,0.5709186045529648,False
LTU,15,Rule of law,0.679165063025824,7,0,1.0,0.1170635157814338,0.14515314539619253,0.0,0.0,none,0.679165063025824,1.0,1.0,1.0,0.679165063025824,False
LUX,15,Rule of law,0.6671640431579746,7,0,1.0,0.1170635157814338,0.14515314539619253,0.0,0.0,none,0.6671640431579746,1.0,1.0,1.0,0.6671640431579746,False
LVA,15,Rule of law,0.6893648006678913,7,0,1.0,0.1170635157814338,0.14515314539619253,0.0,0.0,none,0.6893648006678913,1.0,1.0,1.0,0.6893648006678913,False
MAR,15,Rule of law,0.5095775464786725,7,0,1.0,0.1170635157814338,0.14515314539619253,0.0,0.0,none,0.5095775464786725,1.0,1.0,1.0,0.5095775464786725,False
MDA,15,Rule of law,0.4979172047123387,7,0,1.0,0.1170635157814338,0.14515314539619253,0.0,0.0,none,0.4979172047123387,1.0,1.0,1.0,0.4979172047123387,False
MDG,15,Rule of law,0.3116504103692829,7,0,1.0,0.1170635157814338,0.14515314539619253,0.0,0.0,none,0.3116504103692829,1.0,1.0,1.0,0.3116504103692829,False
MDV,15,Rule of law,0.5213866583411125,5,0,1.0,0.1170635157814338,0.14515314539619253,0.0,0.0,none,0.5213866583411125,1.0,1.0,1.0,0.5213866583411125,False
MEX,15,Rule of law,0.2883874445780358,7,0,1.0,0.1170635157814338,0.14515314539619253,0.0,0.0,none,0.2883874445780358,1.0,1.0,1.0,0.2883874445780358,False
MKD,15,Rule of law,0.4323900325260305,7,0,1.0,0.1170635157814338,0.14515314539619253,0.0,0.0,none,0.4323900325260305,1.0,1.0,1.0,0.4323900325260305,False
MLI,15,Rule of law,0.5366415622820538,7,0,1.0,0.1170635157814338,0.14515314539619253,0.0,0.0,none,0.5366415622820538,1.0,1.0,1.0,0.5366415622820538,False
MLT,15,Rule of law,0.6237011221383774,7,0,1.0,0.1170635157814338,0.14515314539619253,0.0,0.0,none,0.6237011221383774,1.0,1.0,1.0,0.6237011221383774,False
MMR,15,Rule of law,0.2442160074256416,7,0,1.0,0.1170635157814338,0.14515314539619253,0.0,0.0,none,0.2442160074256416,1.0,1.0,1.0,0.2442160074256416,False
MNE,15,Rule of law,0.5093965043358241,7,0,1.0,0.1170635157814338,0.14515314539619253,0.0,0.0,none,0.5093965043358241,1.0,1.0,1.0,0.5093965043358241,False
MNG,15,Rule of law,0.5192290088756579,7,0,1.0,0.1170635157814338,0.14515314539619253,0.0,0.0,none,0.5192290088756579,1.0,1.0,1.0,0.5192290088756579,False
MOZ,15,Rule of law,0.4248275758071602,7,0,1.0,0.1170635157814338,0.14515314539619253,0.0,0.0,none,0.4248275758071602,1.0,1.0,1.0,0.4248275758071602,False
MRT,15,Rule of law,0.3089014755300955,7,0,1.0,0.1170635157814338,0.14515314539619253,0.0,0.0,none,0.3089014755300955,1.0,1.0,1.0,0.3089014755300955,False
MUS,15,Rule of law,0.6028726946252893,7,0,1.0,0.1170635157814338,0.14515314539619253,0.0,0.0,none,0.6028726946252893,1.0,1.0,1.0,0.6028726946252893,False
MWI,15,Rule of law,0.5648331278004294,7,0,1.0,0.1170635157814338,0.14515314539619253,0.0,0.0,none,0.5648331278004294,1.0,1.0,1.0,0.5648331278004294,False
MYS,15,Rule of law,0.5903342252195003,7,0,1.0,0.1170635157814338,0.14515314539619253,0.0,0.0,none,0.5903342252195003,1.0,1.0,1.0,0.5903342252195003,False
NAM,15,Rule of law,0.5872686180519714,7,0,1.0,0.1170635157814338,0.14515314539619253,0.0,0.0,none,0.5872686180519714,1.0,1.0,1.0,0.5872686180519714,False
NER,15,Rule of law,0.3972694056217433,7,0,1.0,0.1170635157814338,0.14515314539619253,0.0,0.0,none,0.3972694056217433,1.0,1.0,1.0,0.3972694056217433,False
NGA,15,Rule of law,0.4341382335092075,7,0,1.0,0.1170635157814338,0.14515314539619253,0.0,0.0,none,0.4341382335092075,1.0,1.0,1.0,0.4341382335092075,False
NIC,15,Rule of law,0.1170635157814338,7,0,1.0,0.1170635157814338,0.14515314539619253,0.0,0.0,none,0.1170635157814338,1.0,1.0,1.0,0.1170635157814338,False
NLD,15,Rule of law,0.7229527486709991,7,0,1.0,0.1170635157814338,0.14515314539619253,0.0,0.0,none,0.7229527486709991,1.0,1.0,1.0,0.7229527486709991,False
NOR,15,Rule of law,0.763795629594593,7,0,1.0,0.1170635157814338,0.14515314539619253,0.0,0.0,none,0.763795629594593,1.0,1.0,1.0,0.763795629594593,False
NPL,15,Rule of law,0.5617212907390379,7,0,1.0,0.1170635157814338,0.14515314539619253,0.0,0.0,none,0.5617212907390379,1.0,1.0,1.0,0.5617212907390379,False
NZL,15,Rule of law,0.7571166698881653,7,0,1.0,0.1170635157814338,0.14515314539619253,0.0,0.0,none,0.7571166698881653,1.0,1.0,1.0,0.7571166698881653,False
OMN,15,Rule of law,0.4782116747949828,5,0,1.0,0.1170635157814338,0.14515314539619253,0.0,0.0,none,0.4782116747949828,1.0,1.0,1.0,0.4782116747949828,False
PAK,15,Rule of law,0.3624775604660696,7,0,1.0,0.1170635157814338,0.14515314539619253,0.0,0.0,none,0.3624775604660696,1.0,1.0,1.0,0.3624775604660696,False
PAN,15,Rule of law,0.5338477984242495,7,0,1.0,0.1170635157814338,0.14515314539619253,0.0,0.0,none,0.5338477984242495,1.0,1.0,1.0,0.5338477984242495,False
PER,15,Rule of law,0.4615702795907485,7,0,1.0,0.1170635157814338,0.14515314539619253,0.0,0.0,none,0.4615702795907485,1.0,1.0,1.0,0.4615702795907485,False
PHL,15,Rule of law,0.4818665464866021,7,0,1.0,0.1170635157814338,0.14515314539619253,0.0,0.0,none,0.4818665464866021,1.0,1.0,1.0,0.4818665464866021,False
PNG,15,Rule of law,0.6242504478440662,5,0,1.0,0.1170635157814338,0.14515314539619253,0.0,0.0,none,0.6242504478440662,1.0,1.0,1.0,0.6242504478440662,False
POL,15,Rule of law,0.5709894606042779,7,0,1.0,0.1170635157814338,0.14515314539619253,0.0,0.0,none,0.5709894606042779,1.0,1.0,1.0,0.5709894606042779,False
PRT,15,Rule of law,0.6486818241910867,7,0,1.0,0.1170635157814338,0.14515314539619253,0.0,0.0,none,0.6486818241910867,1.0,1.0,1.0,0.6486818241910867,False
PRY,15,Rule of law,0.4434694824173512,7,0,1.0,0.1170635157814338,0.14515314539619253,0.0,0.0,none,0.4434694824173512,1.0,1.0,1.0,0.4434694824173512,False
PSE,15,Rule of law,0.4914986467253349,5,0,1.0,0.1170635157814338,0.14515314539619253,0.0,0.0,none,0.4914986467253349,1.0,1.0,1.0,0.4914986467253349,False
QAT,15,Rule of law,0.5240590381479103,7,0,1.0,0.1170635157814338,0.14515314539619253,0.0,0.0,none,0.5240590381479103,1.0,1.0,1.0,0.5240590381479103,False
ROU,15,Rule of law,0.5260551078832736,7,0,1.0,0.1170635157814338,0.14515314539619253,0.0,0.0,none,0.5260551078832736,1.0,1.0,1.0,0.5260551078832736,False
RUS,15,Rule of law,0.3292280289645653,7,0,1.0,0.1170635157814338,0.14515314539619253,0.0,0.0,none,0.3292280289645653,1.0,1.0,1.0,0.3292280289645653,False
RWA,15,Rule of law,0.403818856010521,7,0,1.0,0.1170635157814338,0.14515314539619253,0.0,0.0,none,0.403818856010521,1.0,1.0,1.0,0.403818856010521,False
SAU,15,Rule of law,0.3735898797116468,5,0,1.0,0.1170635157814338,0.14515314539619253,0.0,0.0,none,0.3735898797116468,1.0,1.0,1.0,0.3735898797116468,False
SDN,15,Rule of law,0.2497764763657753,7,0,1.0,0.1170635157814338,0.14515314539619253,0.0,0.0,none,0.2497764763657753,1.0,1.0,1.0,0.2497764763657753,False
SEN,15,Rule of law,0.5170634140595017,7,0,1.0,0.1170635157814338,0.14515314539619253,0.0,0.0,none,0.5170634140595017,1.0,1.0,1.0,0.5170634140595017,False
SGP,15,Rule of law,0.6888768623699729,7,0,1.0,0.1170635157814338,0.14515314539619253,0.0,0.0,none,0.6888768623699729,1.0,1.0,1.0,0.6888768623699729,False
SLB,15,Rule of law,0.6452887950702461,5,0,1.0,0.1170635157814338,0.14515314539619253,0.0,0.0,none,0.6452887950702461,1.0,1.0,1.0,0.6452887950702461,False
SLE,15,Rule of law,0.4368786688581031,7,0,1.0,0.1170635157814338,0.14515314539619253,0.0,0.0,none,0.4368786688581031,1.0,1.0,1.0,0.4368786688581031,False
SLV,15,Rule of law,0.2519200097364087,7,0,1.0,0.1170635157814338,0.14515314539619253,0.0,0.0,none,0.2519200097364087,1.0,1.0,1.0,0.2519200097364087,False
SOM,15,Rule of law,0.3620151074358163,5,0,1.0,0.1170635157814338,0.14515314539619253,0.0,0.0,none,0.3620151074358163,1.0,1.0,1.0,0.3620151074358163,False
SRB,15,Rule of law,0.4106342516581183,7,0,1.0,0.1170635157814338,0.14515314539619253,0.0,0.0,none,0.4106342516581183,1.0,1.0,1.0,0.4106342516581183,False
SSD,15,Rule of law,0.2583595049882971,5,0,1.0,0.1170635157814338,0.14515314539619253,0.0,0.0,none,0.2583595049882971,1.0,1.0,1.0,0.2583595049882971,False
STP,15,Rule of law,0.5301649648973463,5,0,1.0,0.1170635157814338,0.14515314539619253,0.0,0.0,none,0.5301649648973463,1.0,1.0,1.0,0.5301649648973463,False
SUR,15,Rule of law,0.5791389772577012,7,0,1.0,0.1170635157814338,0.14515314539619253,0.0,0.0,none,0.5791389772577012,1.0,1.0,1.0,0.5791389772577012,False
SVK,15,Rule of law,0.5875407062451455,7,0,1.0,0.1170635157814338,0.14515314539619253,0.0,0.0,none,0.5875407062451455,1.0,1.0,1.0,0.5875407062451455,False
SVN,15,Rule of law,0.5504801051124792,7,0,1.0,0.1170635157814338,0.14515314539619253,0.0,0.0,none,0.5504801051124792,1.0,1.0,1.0,0.5504801051124792,False
SWE,15,Rule of law,0.7561052965447753,7,0,1.0,0.1170635157814338,0.14515314539619253,0.0,0.0,none,0.7561052965447753,1.0,1.0,1.0,0.7561052965447753,False
SWZ,15,Rule of law,0.4392303963964782,5,0,1.0,0.1170635157814338,0.14515314539619253,0.0,0.0,none,0.4392303963964782,1.0,1.0,1.0,0.4392303963964782,False
SYC,15,Rule of law,0.6906439792214636,5,0,1.0,0.1170635157814338,0.14515314539619253,0.0,0.0,none,0.6906439792214636,1.0,1.0,1.0,0.6906439792214636,False
SYR,15,Rule of law,0.2821545855426398,5,0,1.0,0.1170635157814338,0.14515314539619253,0.0,0.0,none,0.2821545855426398,1.0,1.0,1.0,0.2821545855426398,False
TCD,15,Rule of law,0.136013127247318,5,0,1.0,0.1170635157814338,0.14515314539619253,0.0,0.0,none,0.136013127247318,1.0,1.0,1.0,0.136013127247318,False
TGO,15,Rule of law,0.4262302870792611,7,0,1.0,0.1170635157814338,0.14515314539619253,0.0,0.0,none,0.4262302870792611,1.0,1.0,1.0,0.4262302870792611,False
THA,15,Rule of law,0.5055723163170459,7,0,1.0,0.1170635157814338,0.14515314539619253,0.0,0.0,none,0.5055723163170459,1.0,1.0,1.0,0.5055723163170459,False
TJK,15,Rule of law,0.2786052486192878,5,0,1.0,0.1170635157814338,0.14515314539619253,0.0,0.0,none,0.2786052486192878,1.0,1.0,1.0,0.2786052486192878,False
TLS,15,Rule of law,0.5534450446738656,5,0,1.0,0.1170635157814338,0.14515314539619253,0.0,0.0,none,0.5534450446738656,1.0,1.0,1.0,0.5534450446738656,False
TTO,15,Rule of law,0.5644410348681883,7,0,1.0,0.1170635157814338,0.14515314539619253,0.0,0.0,none,0.5644410348681883,1.0,1.0,1.0,0.5644410348681883,False
TUN,15,Rule of law,0.4289578042711386,7,0,1.0,0.1170635157814338,0.14515314539619253,0.0,0.0,none,0.4289578042711386,1.0,1.0,1.0,0.4289578042711386,False
TUR,15,Rule of law,0.3068721664647257,7,0,1.0,0.1170635157814338,0.14515314539619253,0.0,0.0,none,0.3068721664647257,1.0,1.0,1.0,0.3068721664647257,False
TZA,15,Rule of law,0.4815660132170671,7,0,1.0,0.1170635157814338,0.14515314539619253,0.0,0.0,none,0.4815660132170671,1.0,1.0,1.0,0.4815660132170671,False
UGA,15,Rule of law,0.360089868159035,7,0,1.0,0.1170635157814338,0.14515314539619253,0.0,0.0,none,0.360089868159035,1.0,1.0,1.0,0.360089868159035,False
UKR,15,Rule of law,0.4148615407754569,7,0,1.0,0.1170635157814338,0.14515314539619253,0.0,0.0,none,0.4148615407754569,1.0,1.0,1.0,0.4148615407754569,False
URY,15,Rule of law,0.6749425723842081,7,0,1.0,0.1170635157814338,0.14515314539619253,0.0,0.0,none,0.6749425723842081,1.0,1.0,1.0,0.6749425723842081,False
USA,15,Rule of law,0.6012240175287372,7,0,1.0,0.1170635157814338,0.14515314539619253,0.0,0.0,none,0.6012240175287372,1.0,1.0,1.0,0.6012240175287372,False
UZB,15,Rule of law,0.3369776078897533,7,0,1.0,0.1170635157814338,0.14515314539619253,0.0,0.0,none,0.3369776078897533,1.0,1.0,1.0,0.3369776078897533,False
VCT,15,Rule of law,0.6059192458857606,2,0,1.0,0.1170635157814338,0.14515314539619253,0.0,0.0,none,0.6059192458857606,1.0,1.0,1.0,0.6059192458857606,True
VEN,15,Rule of law,0.2798217530539658,7,0,1.0,0.1170635157814338,0.14515314539619253,0.0,0.0,none,0.2798217530539658,1.0,1.0,1.0,0.2798217530539658,False
VNM,15,Rule of law,0.3446664251897824,7,0,1.0,0.1170635157814338,0.14515314539619253,0.0,0.0,none,0.3446664251897824,1.0,1.0,1.0,0.3446664251897824,False
VUT,15,Rule of law,0.6863199625189209,5,0,1.0,0.1170635157814338,0.14515314539619253,0.0,0.0,none,0.6863199625189209,1.0,1.0,1.0,0.6863199625189209,False
XKX,15,Rule of law,0.5075117269763416,7,0,1.0,0.1170635157814338,0.14515314539619253,0.0,0.0,none,0.5075117269763416,1.0,1.0,1.0,0.5075117269763416,False
YEM,15,Rule of law,0.2835625803061711,5,0,1.0,0.1170635157814338,0.14515314539619253,0.0,0.0,none,0.2835625803061711,1.0,1.0,1.0,0.2835625803061711,False
ZAF,15,Rule of law,0.5897065629964411,7,0,1.0,0.1170635157814338,0.14515314539619253,0.0,0.0,none,0.5897065629964411,1.0,1.0,1.0,0.5897065629964411,False
ZMB,15,Rule of law,0.4298892084067693,7,0,1.0,0.1170635157814338,0.14515314539619253,0.0,0.0,none,0.4298892084067693,1.0,1.0,1.0,0.4298892084067693,False
ZWE,15,Rule of law,0.4106249227668123,7,0,1.0,0.1170635157814338,0.14515314539619253,0.0,0.0,none,0.4106249227668123,1.0,1.0,1.0,0.4106249227668123,False
ABW,16,Rule of law,0.5962844586496204,1,0,1.0,0.0017978425888933,0.17966495925877451,0.0,0.0,none,0.5962844586496204,1.0,1.0,1.0,0.5962844586496204,True
AFG,16,Rule of law,0.1345548307090492,7,0,1.0,0.0017978425888933,0.17966495925877451,0.0,0.0,none,0.1345548307090492,1.0,1.0,1.0,0.1345548307090492,False
AGO,16,Rule of law,0.4330452516608973,7,0,1.0,0.0017978425888933,0.17966495925877451,0.0,0.0,none,0.4330452516608973,1.0,1.0,1.0,0.4330452516608973,False
ALB,16,Rule of law,0.6310189507940895,7,0,1.0,0.0017978425888933,0.17966495925877451,0.0,0.0,none,0.6310189507940895,1.0,1.0,1.0,0.6310189507940895,False
AND,16,Rule of law,0.6092170103651774,2,0,1.0,0.0017978425888933,0.17966495925877451,0.0,0.0,none,0.6092170103651774,1.0,1.0,1.0,0.6092170103651774,True
ARE,16,Rule of law,0.5801238370678001,7,0,1.0,0.0017978425888933,0.17966495925877451,0.0,0.0,none,0.5801238370678001,1.0,1.0,1.0,0.5801238370678001,False
ARG,16,Rule of law,0.4647798584903669,7,0,1.0,0.0017978425888933,0.17966495925877451,0.0,0.0,none,0.4647798584903669,1.0,1.0,1.0,0.4647798584903669,False
ARM,16,Rule of law,0.5811153724364991,6,0,1.0,0.0017978425888933,0.17966495925877451,0.0,0.0,none,0.5811153724364991,1.0,1.0,1.0,0.5811153724364991,False
ASM,16,Rule of law,0.991410307630843,1,0,1.0,0.0017978425888933,0.17966495925877451,0.0,0.0,none,0.991410307630843,1.0,1.0,1.0,0.991410307630843,True
ATG,16,Rule of law,0.5025276099689583,3,0,1.0,0.0017978425888933,0.17966495925877451,0.0,0.0,none,0.5025276099689583,1.0,1.0,1.0,0.5025276099689583,True
AUS,16,Rule of law,0.6834755933820958,7,0,1.0,0.0017978425888933,0.17966495925877451,0.0,0.0,none,0.6834755933820958,1.0,1.0,1.0,0.6834755933820958,False
AUT,16,Rule of law,0.7031164683501819,7,0,1.0,0.0017978425888933,0.17966495925877451,0.0,0.0,none,0.7031164683501819,1.0,1.0,1.0,0.7031164683501819,False
AZE,16,Rule of law,0.4546074438003817,6,0,1.0,0.0017978425888933,0.17966495925877451,0.0,0.0,none,0.4546074438003817,1.0,1.0,1.0,0.4546074438003817,False
BDI,16,Rule of law,0.3076313289484264,6,0,1.0,0.0017978425888933,0.17966495925877451,0.0,0.0,none,0.3076313289484264,1.0,1.0,1.0,0.3076313289484264,False
BEL,16,Rule of law,0.7164562278202242,7,0,1.0,0.0017978425888933,0.17966495925877451,0.0,0.0,none,0.7164562278202242,1.0,1.0,1.0,0.7164562278202242,False
BEN,16,Rule of law,0.5358734284454264,6,0,1.0,0.0017978425888933,0.17966495925877451,0.0,0.0,none,0.5358734284454264,1.0,1.0,1.0,0.5358734284454264,False
BFA,16,Rule of law,0.2698921136103441,6,0,1.0,0.0017978425888933,0.17966495925877451,0.0,0.0,none,0.2698921136103441,1.0,1.0,1.0,0.2698921136103441,False
BGD,16,Rule of law,0.4187354688391718,7,0,1.0,0.0017978425888933,0.17966495925877451,0.0,0.0,none,0.4187354688391718,1.0,1.0,1.0,0.4187354688391718,False
BGR,16,Rule of law,0.5987810999494814,7,0,1.0,0.0017978425888933,0.17966495925877451,0.0,0.0,none,0.5987810999494814,1.0,1.0,1.0,0.5987810999494814,False
BHR,16,Rule of law,0.495274477522272,6,0,1.0,0.0017978425888933,0.17966495925877451,0.0,0.0,none,0.495274477522272,1.0,1.0,1.0,0.495274477522272,False
BHS,16,Rule of law,0.3726939588426689,3,0,1.0,0.0017978425888933,0.17966495925877451,0.0,0.0,none,0.3726939588426689,1.0,1.0,1.0,0.3726939588426689,True
BIH,16,Rule of law,0.568804974968413,7,0,1.0,0.0017978425888933,0.17966495925877451,0.0,0.0,none,0.568804974968413,1.0,1.0,1.0,0.568804974968413,False
BLR,16,Rule of law,0.4196651686615851,7,0,1.0,0.0017978425888933,0.17966495925877451,0.0,0.0,none,0.4196651686615851,1.0,1.0,1.0,0.4196651686615851,False
BLZ,16,Rule of law,0.374239679698821,3,0,1.0,0.0017978425888933,0.17966495925877451,0.0,0.0,none,0.374239679698821,1.0,1.0,1.0,0.374239679698821,True
BMU,16,Rule of law,0.3282061526168598,1,0,1.0,0.0017978425888933,0.17966495925877451,0.0,0.0,none,0.3282061526168598,1.0,1.0,1.0,0.3282061526168598,True
BOL,16,Rule of law,0.4677506455046689,7,0,1.0,0.0017978425888933,0.17966495925877451,0.0,0.0,none,0.4677506455046689,1.0,1.0,1.0,0.4677506455046689,False
BRA,16,Rule of law,0.3616533831104024,7,0,1.0,0.0017978425888933,0.17966495925877451,0.0,0.0,none,0.3616533831104024,1.0,1.0,1.0,0.3616533831104024,False
BRB,16,Rule of law,0.5614706353880744,6,0,1.0,0.0017978425888933,0.17966495925877451,0.0,0.0,none,0.5614706353880744,1.0,1.0,1.0,0.5614706353880744,False
BRN,16,Rule of law,0.8177667506768034,2,0,1.0,0.0017978425888933,0.17966495925877451,0.0,0.0,none,0.8177667506768034,1.0,1.0,1.0,0.8177667506768034,True
BTN,16,Rule of law,0.574919977560081,6,0,1.0,0.0017978425888933,0.17966495925877451,0.0,0.0,none,0.574919977560081,1.0,1.0,1.0,0.574919977560081,False
BWA,16,Rule of law,0.5129298874673092,7,0,1.0,0.0017978425888933,0.17966495925877451,0.0,0.0,none,0.5129298874673092,1.0,1.0,1.0,0.5129298874673092,False
CAF,16,Rule of law,0.2775000498381358,5,0,1.0,0.0017978425888933,0.17966495925877451,0.0,0.0,none,0.2775000498381358,1.0,1.0,1.0,0.2775000498381358,False
CAN,16,Rule of law,0.6308724797974221,7,0,1.0,0.0017978425888933,0.17966495925877451,0.0,0.0,none,0.6308724797974221,1.0,1.0,1.0,0.6308724797974221,False
CHE,16,Rule of law,0.7589350503134338,6,0,1.0,0.0017978425888933,0.17966495925877451,0.0,0.0,none,0.7589350503134338,1.0,1.0,1.0,0.7589350503134338,False
CHL,16,Rule of law,0.5264371090742789,7,0,1.0,0.0017978425888933,0.17966495925877451,0.0,0.0,none,0.5264371090742789,1.0,1.0,1.0,0.5264371090742789,False
CHN,16,Rule of law,0.4362827511159128,7,0,1.0,0.0017978425888933,0.17966495925877451,0.0,0.0,none,0.4362827511159128,1.0,1.0,1.0,0.4362827511159128,False
CIV,16,Rule of law,0.4638542262786224,6,0,1.0,0.0017978425888933,0.17966495925877451,0.0,0.0,none,0.4638542262786224,1.0,1.0,1.0,0.4638542262786224,False
CMR,16,Rule of law,0.3115048551838525,7,0,1.0,0.0017978425888933,0.17966495925877451,0.0,0.0,none,0.3115048551838525,1.0,1.0,1.0,0.3115048551838525,False
COD,16,Rule of law,0.2033347762902795,6,0,1.0,0.0017978425888933,0.17966495925877451,0.0,0.0,none,0.2033347762902795,1.0,1.0,1.0,0.2033347762902795,False
COG,16,Rule of law,0.3233023665834177,6,0,1.0,0.0017978425888933,0.17966495925877451,0.0,0.0,none,0.3233023665834177,1.0,1.0,1.0,0.3233023665834177,False
COL,16,Rule of law,0.3110315947100532,7,0,1.0,0.0017978425888933,0.17966495925877451,0.0,0.0,none,0.3110315947100532,1.0,1.0,1.0,0.3110315947100532,False
COM,16,Rule of law,0.4207110835701011,4,0,1.0,0.0017978425888933,0.17966495925877451,0.0,0.0,none,0.4207110835701011,1.0,1.0,1.0,0.4207110835701011,False
CPV,16,Rule of law,0.5923593374086551,5,0,1.0,0.0017978425888933,0.17966495925877451,0.0,0.0,none,0.5923593374086551,1.0,1.0,1.0,0.5923593374086551,False
CRI,16,Rule of law,0.5615186847737694,7,0,1.0,0.0017978425888933,0.17966495925877451,0.0,0.0,none,0.5615186847737694,1.0,1.0,1.0,0.5615186847737694,False
CUB,16,Rule of law,0.4333906552870324,6,0,1.0,0.0017978425888933,0.17966495925877451,0.0,0.0,none,0.4333906552870324,1.0,1.0,1.0,0.4333906552870324,False
CUW,16,Rule of law,0.1428286056731922,1,0,1.0,0.0017978425888933,0.17966495925877451,0.0,0.0,none,0.1428286056731922,1.0,1.0,1.0,0.1428286056731922,True
CYM,16,Rule of law,0.4061126648022373,1,0,1.0,0.0017978425888933,0.17966495925877451,0.0,0.0,none,0.4061126648022373,1.0,1.0,1.0,0.4061126648022373,True
CYP,16,Rule of law,0.6377067836537053,7,0,1.0,0.0017978425888933,0.17966495925877451,0.0,0.0,none,0.6377067836537053,1.0,1.0,1.0,0.6377067836537053,False
CZE,16,Rule of law,0.736492826126374,7,0,1.0,0.0017978425888933,0.17966495925877451,0.0,0.0,none,0.736492826126374,1.0,1.0,1.0,0.736492826126374,False
DEU,16,Rule of law,0.7315239912090845,7,0,1.0,0.0017978425888933,0.17966495925877451,0.0,0.0,none,0.7315239912090845,1.0,1.0,1.0,0.7315239912090845,False
DJI,16,Rule of law,0.3553097387941953,5,0,1.0,0.0017978425888933,0.17966495925877451,0.0,0.0,none,0.3553097387941953,1.0,1.0,1.0,0.3553097387941953,False
DMA,16,Rule of law,0.4237242554595455,3,0,1.0,0.0017978425888933,0.17966495925877451,0.0,0.0,none,0.4237242554595455,1.0,1.0,1.0,0.4237242554595455,True
DNK,16,Rule of law,0.74952854350232,7,0,1.0,0.0017978425888933,0.17966495925877451,0.0,0.0,none,0.74952854350232,1.0,1.0,1.0,0.74952854350232,False
DOM,16,Rule of law,0.4701226473341404,7,0,1.0,0.0017978425888933,0.17966495925877451,0.0,0.0,none,0.4701226473341404,1.0,1.0,1.0,0.4701226473341404,False
DZA,16,Rule of law,0.4895990408225451,7,0,1.0,0.0017978425888933,0.17966495925877451,0.0,0.0,none,0.4895990408225451,1.0,1.0,1.0,0.4895990408225451,False
ECU,16,Rule of law,0.3446253013083242,7,0,1.0,0.0017978425888933,0.17966495925877451,0.0,0.0,none,0.3446253013083242,1.0,1.0,1.0,0.3446253013083242,False
EGY,16,Rule of law,0.3914251426433077,7,0,1.0,0.0017978425888933,0.17966495925877451,0.0,0.0,none,0.3914251426433077,1.0,1.0,1.0,0.3914251426433077,False
ESP,16,Rule of law,0.7051807167529648,7,0,1.0,0.0017978425888933,0.17966495925877451,0.0,0.0,none,0.7051807167529648,1.0,1.0,1.0,0.7051807167529648,False
EST,16,Rule of law,0.7170553724540921,7,0,1.0,0.0017978425888933,0.17966495925877451,0.0,0.0,none,0.7170553724540921,1.0,1.0,1.0,0.7170553724540921,False
ETH,16,Rule of law,0.2332879625512754,7,0,1.0,0.0017978425888933,0.17966495925877451,0.0,0.0,none,0.2332879625512754,1.0,1.0,1.0,0.2332879625512754,False
FIN,16,Rule of law,0.7486976614782329,7,0,1.0,0.0017978425888933,0.17966495925877451,0.0,0.0,none,0.7486976614782329,1.0,1.0,1.0,0.7486976614782329,False
FJI,16,Rule of law,0.5539390193897151,5,0,1.0,0.0017978425888933,0.17966495925877451,0.0,0.0,none,0.5539390193897151,1.0,1.0,1.0,0.5539390193897151,False
FRA,16,Rule of law,0.6372316645609731,7,0,1.0,0.0017978425888933,0.17966495925877451,0.0,0.0,none,0.6372316645609731,1.0,1.0,1.0,0.6372316645609731,False
FSM,16,Rule of law,0.7560408217914658,2,0,1.0,0.0017978425888933,0.17966495925877451,0.0,0.0,none,0.7560408217914658,1.0,1.0,1.0,0.7560408217914658,True
GAB,16,Rule of law,0.4636858562849698,6,0,1.0,0.0017978425888933,0.17966495925877451,0.0,0.0,none,0.4636858562849698,1.0,1.0,1.0,0.4636858562849698,False
GBR,16,Rule of law,0.6498238218531566,7,0,1.0,0.0017978425888933,0.17966495925877451,0.0,0.0,none,0.6498238218531566,1.0,1.0,1.0,0.6498238218531566,False
GEO,16,Rule of law,0.4854814868102271,7,0,1.0,0.0017978425888933,0.17966495925877451,0.0,0.0,none,0.4854814868102271,1.0,1.0,1.0,0.4854814868102271,False
GHA,16,Rule of law,0.5744908890074478,7,0,1.0,0.0017978425888933,0.17966495925877451,0.0,0.0,none,0.5744908890074478,1.0,1.0,1.0,0.5744908890074478,False
GIB,16,Rule of law,0.991410307630843,1,0,1.0,0.0017978425888933,0.17966495925877451,0.0,0.0,none,0.991410307630843,1.0,1.0,1.0,0.991410307630843,True
GIN,16,Rule of law,0.3595264655159572,6,0,1.0,0.0017978425888933,0.17966495925877451,0.0,0.0,none,0.3595264655159572,1.0,1.0,1.0,0.3595264655159572,False
GMB,16,Rule of law,0.5945782130634374,6,0,1.0,0.0017978425888933,0.17966495925877451,0.0,0.0,none,0.5945782130634374,1.0,1.0,1.0,0.5945782130634374,False
GNB,16,Rule of law,0.5297799259319553,6,0,1.0,0.0017978425888933,0.17966495925877451,0.0,0.0,none,0.5297799259319553,1.0,1.0,1.0,0.5297799259319553,False
GNQ,16,Rule of law,0.3838898408964691,5,0,1.0,0.0017978425888933,0.17966495925877451,0.0,0.0,none,0.3838898408964691,1.0,1.0,1.0,0.3838898408964691,False
GRC,16,Rule of law,0.6232556353776944,7,0,1.0,0.0017978425888933,0.17966495925877451,0.0,0.0,none,0.6232556353776944,1.0,1.0,1.0,0.6232556353776944,False
GRD,16,Rule of law,0.4807444462389664,3,0,1.0,0.0017978425888933,0.17966495925877451,0.0,0.0,none,0.4807444462389664,1.0,1.0,1.0,0.4807444462389664,True
GRL,16,Rule of law,0.3589692369157011,1,0,1.0,0.0017978425888933,0.17966495925877451,0.0,0.0,none,0.3589692369157011,1.0,1.0,1.0,0.3589692369157011,True
GTM,16,Rule of law,0.3875836290458226,7,0,1.0,0.0017978425888933,0.17966495925877451,0.0,0.0,none,0.3875836290458226,1.0,1.0,1.0,0.3875836290458226,False
GUM,16,Rule of law,0.4093088294047143,1,0,1.0,0.0017978425888933,0.17966495925877451,0.0,0.0,none,0.4093088294047143,1.0,1.0,1.0,0.4093088294047143,True
GUY,16,Rule of law,0.4286990158398427,7,0,1.0,0.0017978425888933,0.17966495925877451,0.0,0.0,none,0.4286990158398427,1.0,1.0,1.0,0.4286990158398427,False
HKG,16,Rule of law,0.7079346030101361,5,0,1.0,0.0017978425888933,0.17966495925877451,0.0,0.0,none,0.7079346030101361,1.0,1.0,1.0,0.7079346030101361,False
HND,16,Rule of law,0.3580347111499553,7,0,1.0,0.0017978425888933,0.17966495925877451,0.0,0.0,none,0.3580347111499553,1.0,1.0,1.0,0.3580347111499553,False
HRV,16,Rule of law,0.6883388558172865,7,0,1.0,0.0017978425888933,0.17966495925877451,0.0,0.0,none,0.6883388558172865,1.0,1.0,1.0,0.6883388558172865,False
HTI,16,Rule of law,0.3318800503976601,7,0,1.0,0.0017978425888933,0.17966495925877451,0.0,0.0,none,0.3318800503976601,1.0,1.0,1.0,0.3318800503976601,False
HUN,16,Rule of law,0.6940802692855323,7,0,1.0,0.0017978425888933,0.17966495925877451,0.0,0.0,none,0.6940802692855323,1.0,1.0,1.0,0.6940802692855323,False
IDN,16,Rule of law,0.4854650643495203,7,0,1.0,0.0017978425888933,0.17966495925877451,0.0,0.0,none,0.4854650643495203,1.0,1.0,1.0,0.4854650643495203,False
IMN,16,Rule of law,0.991410307630843,1,0,1.0,0.0017978425888933,0.17966495925877451,0.0,0.0,none,0.991410307630843,1.0,1.0,1.0,0.991410307630843,True
IND,16,Rule of law,0.3570606508553455,7,0,1.0,0.0017978425888933,0.17966495925877451,0.0,0.0,none,0.3570606508553455,1.0,1.0,1.0,0.3570606508553455,False
IRL,16,Rule of law,0.7598537257701587,7,0,1.0,0.0017978425888933,0.17966495925877451,0.0,0.0,none,0.7598537257701587,1.0,1.0,1.0,0.7598537257701587,False
IRN,16,Rule of law,0.31044859042768,7,0,1.0,0.0017978425888933,0.17966495925877451,0.0,0.0,none,0.31044859042768,1.0,1.0,1.0,0.31044859042768,False
IRQ,16,Rule of law,0.3062679260193687,6,0,1.0,0.0017978425888933,0.17966495925877451,0.0,0.0,none,0.3062679260193687,1.0,1.0,1.0,0.3062679260193687,False
ISL,16,Rule of law,0.7346052923728731,6,0,1.0,0.0017978425888933,0.17966495925877451,0.0,0.0,none,0.7346052923728731,1.0,1.0,1.0,0.7346052923728731,False
ISR,16,Rule of law,0.4750898282292617,6,0,1.0,0.0017978425888933,0.17966495925877451,0.0,0.0,none,0.4750898282292617,1.0,1.0,1.0,0.4750898282292617,False
ITA,16,Rule of law,0.6656332325003622,7,0,1.0,0.0017978425888933,0.17966495925877451,0.0,0.0,none,0.6656332325003622,1.0,1.0,1.0,0.6656332325003622,False
JAM,16,Rule of law,0.426466954598288,7,0,1.0,0.0017978425888933,0.17966495925877451,0.0,0.0,none,0.426466954598288,1.0,1.0,1.0,0.426466954598288,False
JOR,16,Rule of law,0.5683378916826386,7,0,1.0,0.0017978425888933,0.17966495925877451,0.0,0.0,none,0.5683378916826386,1.0,1.0,1.0,0.5683378916826386,False
JPN,16,Rule of law,0.7517697033602276,7,0,1.0,0.0017978425888933,0.17966495925877451,0.0,0.0,none,0.7517697033602276,1.0,1.0,1.0,0.7517697033602276,False
KAZ,16,Rule of law,0.4916475389327293,7,0,1.0,0.0017978425888933,0.17966495925877451,0.0,0.0,none,0.4916475389327293,1.0,1.0,1.0,0.4916475389327293,False
KEN,16,Rule of law,0.390004287146628,7,0,1.0,0.0017978425888933,0.17966495925877451,0.0,0.0,none,0.390004287146628,1.0,1.0,1.0,0.390004287146628,False
KGZ,16,Rule of law,0.4322594531538541,6,0,1.0,0.0017978425888933,0.17966495925877451,0.0,0.0,none,0.4322594531538541,1.0,1.0,1.0,0.4322594531538541,False
KHM,16,Rule of law,0.3928980326941335,7,0,1.0,0.0017978425888933,0.17966495925877451,0.0,0.0,none,0.3928980326941335,1.0,1.0,1.0,0.3928980326941335,False
KIR,16,Rule of law,0.4969517287031718,2,0,1.0,0.0017978425888933,0.17966495925877451,0.0,0.0,none,0.4969517287031718,1.0,1.0,1.0,0.4969517287031718,True
KNA,16,Rule of law,0.4513177108602133,3,0,1.0,0.0017978425888933,0.17966495925877451,0.0,0.0,none,0.4513177108602133,1.0,1.0,1.0,0.4513177108602133,True
KOR,16,Rule of law,0.692876811179459,7,0,1.0,0.0017978425888933,0.17966495925877451,0.0,0.0,none,0.692876811179459,1.0,1.0,1.0,0.692876811179459,False
KWT,16,Rule of law,0.6151137932989544,7,0,1.0,0.0017978425888933,0.17966495925877451,0.0,0.0,none,0.6151137932989544,1.0,1.0,1.0,0.6151137932989544,False
LAO,16,Rule of law,0.3599419751891273,5,0,1.0,0.0017978425888933,0.17966495925877451,0.0,0.0,none,0.3599419751891273,1.0,1.0,1.0,0.3599419751891273,False
LBN,16,Rule of law,0.4109140483634122,7,0,1.0,0.0017978425888933,0.17966495925877451,0.0,0.0,none,0.4109140483634122,1.0,1.0,1.0,0.4109140483634122,False
LBR,16,Rule of law,0.4642993585189398,7,0,1.0,0.0017978425888933,0.17966495925877451,0.0,0.0,none,0.4642993585189398,1.0,1.0,1.0,0.4642993585189398,False
LBY,16,Rule of law,0.2654704724944226,5,0,1.0,0.0017978425888933,0.17966495925877451,0.0,0.0,none,0.2654704724944226,1.0,1.0,1.0,0.2654704724944226,False
LCA,16,Rule of law,0.4171948316161201,3,0,1.0,0.0017978425888933,0.17966495925877451,0.0,0.0,none,0.4171948316161201,1.0,1.0,1.0,0.4171948316161201,True
LIE,16,Rule of law,0.5367040259464798,2,0,1.0,0.0017978425888933,0.17966495925877451,0.0,0.0,none,0.5367040259464798,1.0,1.0,1.0,0.5367040259464798,True
LKA,16,Rule of law,0.4717338082478918,7,0,1.0,0.0017978425888933,0.17966495925877451,0.0,0.0,none,0.4717338082478918,1.0,1.0,1.0,0.4717338082478918,False
LSO,16,Rule of law,0.4625540912640604,6,0,1.0,0.0017978425888933,0.17966495925877451,0.0,0.0,none,0.4625540912640604,1.0,1.0,1.0,0.4625540912640604,False
LTU,16,Rule of law,0.6692570498336397,7,0,1.0,0.0017978425888933,0.17966495925877451,0.0,0.0,none,0.6692570498336397,1.0,1.0,1.0,0.6692570498336397,False
LUX,16,Rule of law,0.6926181521216824,6,0,1.0,0.0017978425888933,0.17966495925877451,0.0,0.0,none,0.6926181521216824,1.0,1.0,1.0,0.6926181521216824,False
LVA,16,Rule of law,0.6589581376851691,7,0,1.0,0.0017978425888933,0.17966495925877451,0.0,0.0,none,0.6589581376851691,1.0,1.0,1.0,0.6589581376851691,False
MAC,16,Rule of law,0.9166999600479424,1,0,1.0,0.0017978425888933,0.17966495925877451,0.0,0.0,none,0.9166999600479424,1.0,1.0,1.0,0.9166999600479424,True
MAF,16,Rule of law,0.0840990811026768,1,0,1.0,0.0017978425888933,0.17966495925877451,0.0,0.0,none,0.0840990811026768,1.0,1.0,1.0,0.0840990811026768,True
MAR,16,Rule of law,0.5107667755722377,7,0,1.0,0.0017978425888933,0.17966495925877451,0.0,0.0,none,0.5107667755722377,1.0,1.0,1.0,0.5107667755722377,False
MCO,16,Rule of law,0.8467319923867516,2,0,1.0,0.0017978425888933,0.17966495925877451,0.0,0.0,none,0.8467319923867516,1.0,1.0,1.0,0.8467319923867516,True
MDA,16,Rule of law,0.5677964085332681,7,0,1.0,0.0017978425888933,0.17966495925877451,0.0,0.0,none,0.5677964085332681,1.0,1.0,1.0,0.5677964085332681,False
MDG,16,Rule of law,0.4427890867944513,6,0,1.0,0.0017978425888933,0.17966495925877451,0.0,0.0,none,0.4427890867944513,1.0,1.0,1.0,0.4427890867944513,False
MDV,16,Rule of law,0.6221969144021001,5,0,1.0,0.0017978425888933,0.17966495925877451,0.0,0.0,none,0.6221969144021001,1.0,1.0,1.0,0.6221969144021001,False
MEX,16,Rule of law,0.2645844652542533,7,0,1.0,0.0017978425888933,0.17966495925877451,0.0,0.0,none,0.2645844652542533,1.0,1.0,1.0,0.2645844652542533,False
MHL,16,Rule of law,0.5583780171570272,2,0,1.0,0.0017978425888933,0.17966495925877451,0.0,0.0,none,0.5583780171570272,1.0,1.0,1.0,0.5583780171570272,True
MKD,16,Rule of law,0.5735939940763969,7,0,1.0,0.0017978425888933,0.17966495925877451,0.0,0.0,none,0.5735939940763969,1.0,1.0,1.0,0.5735939940763969,False
MLI,16,Rule of law,0.2930155090082629,6,0,1.0,0.0017978425888933,0.17966495925877451,0.0,0.0,none,0.2930155090082629,1.0,1.0,1.0,0.2930155090082629,False
MLT,16,Rule of law,0.706976296939109,6,0,1.0,0.0017978425888933,0.17966495925877451,0.0,0.0,none,0.706976296939109,1.0,1.0,1.0,0.706976296939109,False
MMR,16,Rule of law,0.2726900347397107,7,0,1.0,0.0017978425888933,0.17966495925877451,0.0,0.0,none,0.2726900347397107,1.0,1.0,1.0,0.2726900347397107,False
MNE,16,Rule of law,0.6449342768251657,7,0,1.0,0.0017978425888933,0.17966495925877451,0.0,0.0,none,0.6449342768251657,1.0,1.0,1.0,0.6449342768251657,False
MNG,16,Rule of law,0.5264479348716763,7,0,1.0,0.0017978425888933,0.17966495925877451,0.0,0.0,none,0.5264479348716763,1.0,1.0,1.0,0.5264479348716763,False
MOZ,16,Rule of law,0.3136391890417914,7,0,1.0,0.0017978425888933,0.17966495925877451,0.0,0.0,none,0.3136391890417914,1.0,1.0,1.0,0.3136391890417914,False
MRT,16,Rule of law,0.4500401985770225,7,0,1.0,0.0017978425888933,0.17966495925877451,0.0,0.0,none,0.4500401985770225,1.0,1.0,1.0,0.4500401985770225,False
MUS,16,Rule of law,0.5589620727796448,7,0,1.0,0.0017978425888933,0.17966495925877451,0.0,0.0,none,0.5589620727796448,1.0,1.0,1.0,0.5589620727796448,False
MWI,16,Rule of law,0.5169104345200464,7,0,1.0,0.0017978425888933,0.17966495925877451,0.0,0.0,none,0.5169104345200464,1.0,1.0,1.0,0.5169104345200464,False
MYS,16,Rule of law,0.6062461060806017,7,0,1.0,0.0017978425888933,0.17966495925877451,0.0,0.0,none,0.6062461060806017,1.0,1.0,1.0,0.6062461060806017,False
NAM,16,Rule of law,0.4938637613291608,7,0,1.0,0.0017978425888933,0.17966495925877451,0.0,0.0,none,0.4938637613291608,1.0,1.0,1.0,0.4938637613291608,False
NCL,16,Rule of law,0.4776268477826608,1,0,1.0,0.0017978425888933,0.17966495925877451,0.0,0.0,none,0.4776268477826608,1.0,1.0,1.0,0.4776268477826608,True
NER,16,Rule of law,0.3561656045091407,7,0,1.0,0.0017978425888933,0.17966495925877451,0.0,0.0,none,0.3561656045091407,1.0,1.0,1.0,0.3561656045091407,False
NGA,16,Rule of law,0.2419135302255195,7,0,1.0,0.0017978425888933,0.17966495925877451,0.0,0.0,none,0.2419135302255195,1.0,1.0,1.0,0.2419135302255195,False
NIC,16,Rule of law,0.2790656074563168,7,0,1.0,0.0017978425888933,0.17966495925877451,0.0,0.0,none,0.2790656074563168,1.0,1.0,1.0,0.2790656074563168,False
NLD,16,Rule of law,0.7252006037606744,7,0,1.0,0.0017978425888933,0.17966495925877451,0.0,0.0,none,0.7252006037606744,1.0,1.0,1.0,0.7252006037606744,False
NOR,16,Rule of law,0.7464008042120087,7,0,1.0,0.0017978425888933,0.17966495925877451,0.0,0.0,none,0.7464008042120087,1.0,1.0,1.0,0.7464008042120087,False
NPL,16,Rule of law,0.4712194149168441,7,0,1.0,0.0017978425888933,0.17966495925877451,0.0,0.0,none,0.4712194149168441,1.0,1.0,1.0,0.4712194149168441,False
NRU,16,Rule of law,0.70205367714266,1,0,1.0,0.0017978425888933,0.17966495925877451,0.0,0.0,none,0.70205367714266,1.0,1.0,1.0,0.70205367714266,True
NZL,16,Rule of law,0.7284444070432762,7,0,1.0,0.0017978425888933,0.17966495925877451,0.0,0.0,none,0.7284444070432762,1.0,1.0,1.0,0.7284444070432762,False
OMN,16,Rule of law,0.6138313661131907,6,0,1.0,0.0017978425888933,0.17966495925877451,0.0,0.0,none,0.6138313661131907,1.0,1.0,1.0,0.6138313661131907,False
PAK,16,Rule of law,0.2493107268335657,7,0,1.0,0.0017978425888933,0.17966495925877451,0.0,0.0,none,0.2493107268335657,1.0,1.0,1.0,0.2493107268335657,False
PAN,16,Rule of law,0.4967657652701346,7,0,1.0,0.0017978425888933,0.17966495925877451,0.0,0.0,none,0.4967657652701346,1.0,1.0,1.0,0.4967657652701346,False
PER,16,Rule of law,0.4174072442574055,7,0,1.0,0.0017978425888933,0.17966495925877451,0.0,0.0,none,0.4174072442574055,1.0,1.0,1.0,0.4174072442574055,False
PHL,16,Rule of law,0.3545976730093259,7,0,1.0,0.0017978425888933,0.17966495925877451,0.0,0.0,none,0.3545976730093259,1.0,1.0,1.0,0.3545976730093259,False
PLW,16,Rule of law,0.4530044654191126,2,0,1.0,0.0017978425888933,0.17966495925877451,0.0,0.0,none,0.4530044654191126,1.0,1.0,1.0,0.4530044654191126,True
PNG,16,Rule of law,0.4419158307413502,6,0,1.0,0.0017978425888933,0.17966495925877451,0.0,0.0,none,0.4419158307413502,1.0,1.0,1.0,0.4419158307413502,False
POL,16,Rule of law,0.6777517764663439,7,0,1.0,0.0017978425888933,0.17966495925877451,0.0,0.0,none,0.6777517764663439,1.0,1.0,1.0,0.6777517764663439,False
PRI,16,Rule of law,0.1536156612065521,1,0,1.0,0.0017978425888933,0.17966495925877451,0.0,0.0,none,0.1536156612065521,1.0,1.0,1.0,0.1536156612065521,True
PRT,16,Rule of law,0.6611278392954395,7,0,1.0,0.0017978425888933,0.17966495925877451,0.0,0.0,none,0.6611278392954395,1.0,1.0,1.0,0.6611278392954395,False
PRY,16,Rule of law,0.4626803380662805,7,0,1.0,0.0017978425888933,0.17966495925877451,0.0,0.0,none,0.4626803380662805,1.0,1.0,1.0,0.4626803380662805,False
PSE,16,Rule of law,0.5130636927300571,4,0,1.0,0.0017978425888933,0.17966495925877451,0.0,0.0,none,0.5130636927300571,1.0,1.0,1.0,0.5130636927300571,False
PYF,16,Rule of law,0.9490611266480224,1,0,1.0,0.0017978425888933,0.17966495925877451,0.0,0.0,none,0.9490611266480224,1.0,1.0,1.0,0.9490611266480224,True
QAT,16,Rule of law,0.6770347973599367,7,0,1.0,0.0017978425888933,0.17966495925877451,0.0,0.0,none,0.6770347973599367,1.0,1.0,1.0,0.6770347973599367,False
ROU,16,Rule of law,0.6683404590217648,7,0,1.0,0.0017978425888933,0.17966495925877451,0.0,0.0,none,0.6683404590217648,1.0,1.0,1.0,0.6683404590217648,False
RUS,16,Rule of law,0.2259140431270202,7,0,1.0,0.0017978425888933,0.17966495925877451,0.0,0.0,none,0.2259140431270202,1.0,1.0,1.0,0.2259140431270202,False
RWA,16,Rule of law,0.4499784696866593,7,0,1.0,0.0017978425888933,0.17966495925877451,0.0,0.0,none,0.4499784696866593,1.0,1.0,1.0,0.4499784696866593,False
SAU,16,Rule of law,0.4498516332694082,6,0,1.0,0.0017978425888933,0.17966495925877451,0.0,0.0,none,0.4498516332694082,1.0,1.0,1.0,0.4498516332694082,False
SDN,16,Rule of law,0.2212199691794096,6,0,1.0,0.0017978425888933,0.17966495925877451,0.0,0.0,none,0.2212199691794096,1.0,1.0,1.0,0.2212199691794096,False
SEN,16,Rule of law,0.4914483074372798,6,0,1.0,0.0017978425888933,0.17966495925877451,0.0,0.0,none,0.4914483074372798,1.0,1.0,1.0,0.4914483074372798,False
SGP,16,Rule of law,0.7445455225080886,7,0,1.0,0.0017978425888933,0.17966495925877451,0.0,0.0,none,0.7445455225080886,1.0,1.0,1.0,0.7445455225080886,False
SLB,16,Rule of law,0.5787125068770524,5,0,1.0,0.0017978425888933,0.17966495925877451,0.0,0.0,none,0.5787125068770524,1.0,1.0,1.0,0.5787125068770524,False
SLE,16,Rule of law,0.453569775199632,7,0,1.0,0.0017978425888933,0.17966495925877451,0.0,0.0,none,0.453569775199632,1.0,1.0,1.0,0.453569775199632,False
SLV,16,Rule of law,0.3747214844407053,7,0,1.0,0.0017978425888933,0.17966495925877451,0.0,0.0,none,0.3747214844407053,1.0,1.0,1.0,0.3747214844407053,False
SMR,16,Rule of law,0.8467319923867516,2,0,1.0,0.0017978425888933,0.17966495925877451,0.0,0.0,none,0.8467319923867516,1.0,1.0,1.0,0.8467319923867516,True
SOM,16,Rule of law,0.2876169127193785,5,0,1.0,0.0017978425888933,0.17966495925877451,0.0,0.0,none,0.2876169127193785,1.0,1.0,1.0,0.2876169127193785,False
SRB,16,Rule of law,0.5697296758289081,7,0,1.0,0.0017978425888933,0.17966495925877451,0.0,0.0,none,0.5697296758289081,1.0,1.0,1.0,0.5697296758289081,False
SSD,16,Rule of law,0.2381176676257139,6,0,1.0,0.0017978425888933,0.17966495925877451,0.0,0.0,none,0.2381176676257139,1.0,1.0,1.0,0.2381176676257139,False
STP,16,Rule of law,0.5889334206606633,5,0,1.0,0.0017978425888933,0.17966495925877451,0.0,0.0,none,0.5889334206606633,1.0,1.0,1.0,0.5889334206606633,False
SUR,16,Rule of law,0.5263460629585746,6,0,1.0,0.0017978425888933,0.17966495925877451,0.0,0.0,none,0.5263460629585746,1.0,1.0,1.0,0.5263460629585746,False
SVK,16,Rule of law,0.6399348460938209,7,0,1.0,0.0017978425888933,0.17966495925877451,0.0,0.0,none,0.6399348460938209,1.0,1.0,1.0,0.6399348460938209,False
SVN,16,Rule of law,0.7290851310106345,7,0,1.0,0.0017978425888933,0.17966495925877451,0.0,0.0,none,0.7290851310106345,1.0,1.0,1.0,0.7290851310106345,False
SWE,16,Rule of law,0.736276054843708,7,0,1.0,0.0017978425888933,0.17966495925877451,0.0,0.0,none,0.736276054843708,1.0,1.0,1.0,0.736276054843708,False
SWZ,16,Rule of law,0.2958423644411823,6,0,1.0,0.0017978425888933,0.17966495925877451,0.0,0.0,none,0.2958423644411823,1.0,1.0,1.0,0.2958423644411823,False
SYC,16,Rule of law,0.6045042310272051,5,0,1.0,0.0017978425888933,0.17966495925877451,0.0,0.0,none,0.6045042310272051,1.0,1.0,1.0,0.6045042310272051,False
SYR,16,Rule of law,0.3085278380587229,6,0,1.0,0.0017978425888933,0.17966495925877451,0.0,0.0,none,0.3085278380587229,1.0,1.0,1.0,0.3085278380587229,False
TCA,16,Rule of law,0.0017978425888933,1,0,1.0,0.0017978425888933,0.17966495925877451,0.0,0.0,none,0.0017978425888933,1.0,1.0,1.0,0.0017978425888933,True
TCD,16,Rule of law,0.2709637803943702,5,0,1.0,0.0017978425888933,0.17966495925877451,0.0,0.0,none,0.2709637803943702,1.0,1.0,1.0,0.2709637803943702,False
TGO,16,Rule of law,0.4325184636706853,6,0,1.0,0.0017978425888933,0.17966495925877451,0.0,0.0,none,0.4325184636706853,1.0,1.0,1.0,0.4325184636706853,False
THA,16,Rule of law,0.3677467872386616,7,0,1.0,0.0017978425888933,0.17966495925877451,0.0,0.0,none,0.3677467872386616,1.0,1.0,1.0,0.3677467872386616,False
TJK,16,Rule of law,0.4225164775109371,6,0,1.0,0.0017978425888933,0.17966495925877451,0.0,0.0,none,0.4225164775109371,1.0,1.0,1.0,0.4225164775109371,False
TLS,16,Rule of law,0.5873991143948699,6,0,1.0,0.0017978425888933,0.17966495925877451,0.0,0.0,none,0.5873991143948699,1.0,1.0,1.0,0.5873991143948699,False
TON,16,Rule of law,0.7500480131618215,2,0,1.0,0.0017978425888933,0.17966495925877451,0.0,0.0,none,0.7500480131618215,1.0,1.0,1.0,0.7500480131618215,True
TTO,16,Rule of law,0.4592900354624581,7,0,1.0,0.0017978425888933,0.17966495925877451,0.0,0.0,none,0.4592900354624581,1.0,1.0,1.0,0.4592900354624581,False
TUN,16,Rule of law,0.4811363255643446,7,0,1.0,0.0017978425888933,0.17966495925877451,0.0,0.0,none,0.4811363255643446,1.0,1.0,1.0,0.4811363255643446,False
TUR,16,Rule of law,0.3476776076395079,7,0,1.0,0.0017978425888933,0.17966495925877451,0.0,0.0,none,0.3476776076395079,1.0,1.0,1.0,0.3476776076395079,False
TUV,16,Rule of law,0.8467319923867516,2,0,1.0,0.0017978425888933,0.17966495925877451,0.0,0.0,none,0.8467319923867516,1.0,1.0,1.0,0.8467319923867516,True
TZA,16,Rule of law,0.4623769367375734,7,0,1.0,0.0017978425888933,0.17966495925877451,0.0,0.0,none,0.4623769367375734,1.0,1.0,1.0,0.4623769367375734,False
UGA,16,Rule of law,0.3315742101224433,7,0,1.0,0.0017978425888933,0.17966495925877451,0.0,0.0,none,0.3315742101224433,1.0,1.0,1.0,0.3315742101224433,False
UKR,16,Rule of law,0.4429683385304012,7,0,1.0,0.0017978425888933,0.17966495925877451,0.0,0.0,none,0.4429683385304012,1.0,1.0,1.0,0.4429683385304012,False
URY,16,Rule of law,0.5552172375857263,7,0,1.0,0.0017978425888933,0.17966495925877451,0.0,0.0,none,0.5552172375857263,1.0,1.0,1.0,0.5552172375857263,False
USA,16,Rule of law,0.4670573960256687,7,0,1.0,0.0017978425888933,0.17966495925877451,0.0,0.0,none,0.4670573960256687,1.0,1.0,1.0,0.4670573960256687,False
UZB,16,Rule of law,0.4943393028118862,7,0,1.0,0.0017978425888933,0.17966495925877451,0.0,0.0,none,0.4943393028118862,1.0,1.0,1.0,0.4943393028118862,False
VCT,16,Rule of law,0.4197317800618012,3,0,1.0,0.0017978425888933,0.17966495925877451,0.0,0.0,none,0.4197317800618012,1.0,1.0,1.0,0.4197317800618012,True
VEN,16,Rule of law,0.2162905040819513,7,0,1.0,0.0017978425888933,0.17966495925877451,0.0,0.0,none,0.2162905040819513,1.0,1.0,1.0,0.2162905040819513,False
VGB,16,Rule of law,0.2658809428685577,1,0,1.0,0.0017978425888933,0.17966495925877451,0.0,0.0,none,0.2658809428685577,1.0,1.0,1.0,0.2658809428685577,True
VIR,16,Rule of law,0.0161805833000399,1,0,1.0,0.0017978425888933,0.17966495925877451,0.0,0.0,none,0.0161805833000399,1.0,1.0,1.0,0.0161805833000399,True
VNM,16,Rule of law,0.4955631326757077,7,0,1.0,0.0017978425888933,0.17966495925877451,0.0,0.0,none,0.4955631326757077,1.0,1.0,1.0,0.4955631326757077,False
VUT,16,Rule of law,0.7059637658583078,5,0,1.0,0.0017978425888933,0.17966495925877451,0.0,0.0,none,0.7059637658583078,1.0,1.0,1.0,0.7059637658583078,False
WSM,16,Rule of law,0.5131323120032117,2,0,1.0,0.0017978425888933,0.17966495925877451,0.0,0.0,none,0.5131323120032117,1.0,1.0,1.0,0.5131323120032117,True
XKX,16,Rule of law,0.6348273023795971,5,0,1.0,0.0017978425888933,0.17966495925877451,0.0,0.0,none,0.6348273023795971,1.0,1.0,1.0,0.6348273023795971,False
YEM,16,Rule of law,0.209248997635091,6,0,1.0,0.0017978425888933,0.17966495925877451,0.0,0.0,none,0.209248997635091,1.0,1.0,1.0,0.209248997635091,False
ZAF,16,Rule of law,0.4256779202405745,7,0,1.0,0.0017978425888933,0.17966495925877451,0.0,0.0,none,0.4256779202405745,1.0,1.0,1.0,0.4256779202405745,False
ZMB,16,Rule of law,0.4491309942752597,7,0,1.0,0.0017978425888933,0.17966495925877451,0.0,0.0,none,0.4491309942752597,1.0,1.0,1.0,0.4491309942752597,False
ZWE,16,Rule of law,0.3647968122236036,7,0,1.0,0.0017978425888933,0.17966495925877451,0.0,0.0,none,0.3647968122236036,1.0,1.0,1.0,0.3647968122236036,False
AFG,17,Rule of law,0.1925628574581513,2,0,1.0,0.0920121010345793,0.14745919893758705,0.0,0.0,none,0.1925628574581513,1.0,1.0,1.0,0.1925628574581513,False
AGO,17,Rule of law,0.2833750432295958,3,0,1.0,0.0920121010345793,0.14745919893758705,0.0,0.0,none,0.2833750432295958,1.0,1.0,1.0,0.2833750432295958,False
ALB,17,Rule of law,0.4726764532761727,3,0,1.0,0.0920121010345793,0.14745919893758705,0.0,0.0,none,0.4726764532761727,1.0,1.0,1.0,0.4726764532761727,False
ARE,17,Rule of law,0.416398275862422,3,0,1.0,0.0920121010345793,0.14745919893758705,0.0,0.0,none,0.416398275862422,1.0,1.0,1.0,0.416398275862422,False
ARG,17,Rule of law,0.5365231055039114,3,0,1.0,0.0920121010345793,0.14745919893758705,0.0,0.0,none,0.5365231055039114,1.0,1.0,1.0,0.5365231055039114,False
ARM,17,Rule of law,0.5285781640374932,2,0,1.0,0.0920121010345793,0.14745919893758705,0.0,0.0,none,0.5285781640374932,1.0,1.0,1.0,0.5285781640374932,False
ATG,17,Rule of law,0.6118221716935422,1,0,1.0,0.0920121010345793,0.14745919893758705,0.0,0.0,none,0.6118221716935422,1.0,1.0,1.0,0.6118221716935422,True
AUS,17,Rule of law,0.725585107334507,3,0,1.0,0.0920121010345793,0.14745919893758705,0.0,0.0,none,0.725585107334507,1.0,1.0,1.0,0.725585107334507,False
AUT,17,Rule of law,0.7015793512101697,3,0,1.0,0.0920121010345793,0.14745919893758705,0.0,0.0,none,0.7015793512101697,1.0,1.0,1.0,0.7015793512101697,False
AZE,17,Rule of law,0.4298926900945417,2,0,1.0,0.0920121010345793,0.14745919893758705,0.0,0.0,none,0.4298926900945417,1.0,1.0,1.0,0.4298926900945417,False
BDI,17,Rule of law,0.3806110658410682,2,0,1.0,0.0920121010345793,0.14745919893758705,0.0,0.0,none,0.3806110658410682,1.0,1.0,1.0,0.3806110658410682,False
BEL,17,Rule of law,0.7464307877930672,3,0,1.0,0.0920121010345793,0.14745919893758705,0.0,0.0,none,0.7464307877930672,1.0,1.0,1.0,0.7464307877930672,False
BEN,17,Rule of law,0.487969287987002,3,0,1.0,0.0920121010345793,0.14745919893758705,0.0,0.0,none,0.487969287987002,1.0,1.0,1.0,0.487969287987002,False
BFA,17,Rule of law,0.4538611769149044,3,0,1.0,0.0920121010345793,0.14745919893758705,0.0,0.0,none,0.4538611769149044,1.0,1.0,1.0,0.4538611769149044,False
BGD,17,Rule of law,0.5303504065554149,3,0,1.0,0.0920121010345793,0.14745919893758705,0.0,0.0,none,0.5303504065554149,1.0,1.0,1.0,0.5303504065554149,False
BGR,17,Rule of law,0.5276327298070974,3,0,1.0,0.0920121010345793,0.14745919893758705,0.0,0.0,none,0.5276327298070974,1.0,1.0,1.0,0.5276327298070974,False
BHR,17,Rule of law,0.5199491506336598,2,0,1.0,0.0920121010345793,0.14745919893758705,0.0,0.0,none,0.5199491506336598,1.0,1.0,1.0,0.5199491506336598,False
BHS,17,Rule of law,0.5024064498669819,2,0,1.0,0.0920121010345793,0.14745919893758705,0.0,0.0,none,0.5024064498669819,1.0,1.0,1.0,0.5024064498669819,False
BIH,17,Rule of law,0.5307519279066663,3,0,1.0,0.0920121010345793,0.14745919893758705,0.0,0.0,none,0.5307519279066663,1.0,1.0,1.0,0.5307519279066663,False
BLR,17,Rule of law,0.3332931049012876,3,0,1.0,0.0920121010345793,0.14745919893758705,0.0,0.0,none,0.3332931049012876,1.0,1.0,1.0,0.3332931049012876,False
BLZ,17,Rule of law,0.4234955218711547,2,0,1.0,0.0920121010345793,0.14745919893758705,0.0,0.0,none,0.4234955218711547,1.0,1.0,1.0,0.4234955218711547,False
BOL,17,Rule of law,0.3861529007926384,3,0,1.0,0.0920121010345793,0.14745919893758705,0.0,0.0,none,0.3861529007926384,1.0,1.0,1.0,0.3861529007926384,False
BRA,17,Rule of law,0.5521591452499022,3,0,1.0,0.0920121010345793,0.14745919893758705,0.0,0.0,none,0.5521591452499022,1.0,1.0,1.0,0.5521591452499022,False
BRB,17,Rule of law,0.5866291824722373,3,0,1.0,0.0920121010345793,0.14745919893758705,0.0,0.0,none,0.5866291824722373,1.0,1.0,1.0,0.5866291824722373,False
BRN,17,Rule of law,0.5504939630184413,1,0,1.0,0.0920121010345793,0.14745919893758705,0.0,0.0,none,0.5504939630184413,1.0,1.0,1.0,0.5504939630184413,True
BTN,17,Rule of law,0.5227264122316905,2,0,1.0,0.0920121010345793,0.14745919893758705,0.0,0.0,none,0.5227264122316905,1.0,1.0,1.0,0.5227264122316905,False
BWA,17,Rule of law,0.5986667029107935,3,0,1.0,0.0920121010345793,0.14745919893758705,0.0,0.0,none,0.5986667029107935,1.0,1.0,1.0,0.5986667029107935,False
CAF,17,Rule of law,0.1704242322372788,2,0,1.0,0.0920121010345793,0.14745919893758705,0.0,0.0,none,0.1704242322372788,1.0,1.0,1.0,0.1704242322372788,False
CAN,17,Rule of law,0.6517558902864766,3,0,1.0,0.0920121010345793,0.14745919893758705,0.0,0.0,none,0.6517558902864766,1.0,1.0,1.0,0.6517558902864766,False
CHE,17,Rule of law,0.7133163906259329,2,0,1.0,0.0920121010345793,0.14745919893758705,0.0,0.0,none,0.7133163906259329,1.0,1.0,1.0,0.7133163906259329,False
CHL,17,Rule of law,0.6774914848538292,3,0,1.0,0.0920121010345793,0.14745919893758705,0.0,0.0,none,0.6774914848538292,1.0,1.0,1.0,0.6774914848538292,False
CHN,17,Rule of law,0.3232386170996592,3,0,1.0,0.0920121010345793,0.14745919893758705,0.0,0.0,none,0.3232386170996592,1.0,1.0,1.0,0.3232386170996592,False
CIV,17,Rule of law,0.478389882721597,3,0,1.0,0.0920121010345793,0.14745919893758705,0.0,0.0,none,0.478389882721597,1.0,1.0,1.0,0.478389882721597,False
CMR,17,Rule of law,0.4378341694966883,3,0,1.0,0.0920121010345793,0.14745919893758705,0.0,0.0,none,0.4378341694966883,1.0,1.0,1.0,0.4378341694966883,False
COD,17,Rule of law,0.1734356053574229,3,0,1.0,0.0920121010345793,0.14745919893758705,0.0,0.0,none,0.1734356053574229,1.0,1.0,1.0,0.1734356053574229,False
COG,17,Rule of law,0.34025939917544,3,0,1.0,0.0920121010345793,0.14745919893758705,0.0,0.0,none,0.34025939917544,1.0,1.0,1.0,0.34025939917544,False
COL,17,Rule of law,0.5314138926544446,3,0,1.0,0.0920121010345793,0.14745919893758705,0.0,0.0,none,0.5314138926544446,1.0,1.0,1.0,0.5314138926544446,False
COM,17,Rule of law,0.2817486221959109,2,0,1.0,0.0920121010345793,0.14745919893758705,0.0,0.0,none,0.2817486221959109,1.0,1.0,1.0,0.2817486221959109,False
CPV,17,Rule of law,0.5978594138452542,2,0,1.0,0.0920121010345793,0.14745919893758705,0.0,0.0,none,0.5978594138452542,1.0,1.0,1.0,0.5978594138452542,False
CRI,17,Rule of law,0.6793287065602938,3,0,1.0,0.0920121010345793,0.14745919893758705,0.0,0.0,none,0.6793287065602938,1.0,1.0,1.0,0.6793287065602938,False
CUB,17,Rule of law,0.241655627774657,1,0,1.0,0.0920121010345793,0.14745919893758705,0.0,0.0,none,0.241655627774657,1.0,1.0,1.0,0.241655627774657,True
CYP,17,Rule of law,0.6260614449076378,3,0,1.0,0.0920121010345793,0.14745919893758705,0.0,0.0,none,0.6260614449076378,1.0,1.0,1.0,0.6260614449076378,False
CZE,17,Rule of law,0.6742682830015188,3,0,1.0,0.0920121010345793,0.14745919893758705,0.0,0.0,none,0.6742682830015188,1.0,1.0,1.0,0.6742682830015188,False
DEU,17,Rule of law,0.7840041334324057,3,0,1.0,0.0920121010345793,0.14745919893758705,0.0,0.0,none,0.7840041334324057,1.0,1.0,1.0,0.7840041334324057,False
DJI,17,Rule of law,0.3559159377519468,2,0,1.0,0.0920121010345793,0.14745919893758705,0.0,0.0,none,0.3559159377519468,1.0,1.0,1.0,0.3559159377519468,False
DMA,17,Rule of law,0.4856360000333545,1,0,1.0,0.0920121010345793,0.14745919893758705,0.0,0.0,none,0.4856360000333545,1.0,1.0,1.0,0.4856360000333545,True
DNK,17,Rule of law,0.7582096289386453,3,0,1.0,0.0920121010345793,0.14745919893758705,0.0,0.0,none,0.7582096289386453,1.0,1.0,1.0,0.7582096289386453,False
DOM,17,Rule of law,0.5037154013416835,3,0,1.0,0.0920121010345793,0.14745919893758705,0.0,0.0,none,0.5037154013416835,1.0,1.0,1.0,0.5037154013416835,False
DZA,17,Rule of law,0.4627025062968147,3,0,1.0,0.0920121010345793,0.14745919893758705,0.0,0.0,none,0.4627025062968147,1.0,1.0,1.0,0.4627025062968147,False
ECU,17,Rule of law,0.4533873205616968,3,0,1.0,0.0920121010345793,0.14745919893758705,0.0,0.0,none,0.4533873205616968,1.0,1.0,1.0,0.4533873205616968,False
EGY,17,Rule of law,0.3602719979212861,3,0,1.0,0.0920121010345793,0.14745919893758705,0.0,0.0,none,0.3602719979212861,1.0,1.0,1.0,0.3602719979212861,False
ESP,17,Rule of law,0.650188737829339,3,0,1.0,0.0920121010345793,0.14745919893758705,0.0,0.0,none,0.650188737829339,1.0,1.0,1.0,0.650188737829339,False
EST,17,Rule of law,0.6986503649336321,3,0,1.0,0.0920121010345793,0.14745919893758705,0.0,0.0,none,0.6986503649336321,1.0,1.0,1.0,0.6986503649336321,False
ETH,17,Rule of law,0.3156722321134776,3,0,1.0,0.0920121010345793,0.14745919893758705,0.0,0.0,none,0.3156722321134776,1.0,1.0,1.0,0.3156722321134776,False
FIN,17,Rule of law,0.6865740723968539,3,0,1.0,0.0920121010345793,0.14745919893758705,0.0,0.0,none,0.6865740723968539,1.0,1.0,1.0,0.6865740723968539,False
FJI,17,Rule of law,0.3737511643426381,2,0,1.0,0.0920121010345793,0.14745919893758705,0.0,0.0,none,0.3737511643426381,1.0,1.0,1.0,0.3737511643426381,False
FRA,17,Rule of law,0.6867181527192144,3,0,1.0,0.0920121010345793,0.14745919893758705,0.0,0.0,none,0.6867181527192144,1.0,1.0,1.0,0.6867181527192144,False
GAB,17,Rule of law,0.4560320948253341,3,0,1.0,0.0920121010345793,0.14745919893758705,0.0,0.0,none,0.4560320948253341,1.0,1.0,1.0,0.4560320948253341,False
GBR,17,Rule of law,0.659994198650033,3,0,1.0,0.0920121010345793,0.14745919893758705,0.0,0.0,none,0.659994198650033,1.0,1.0,1.0,0.659994198650033,False
GEO,17,Rule of law,0.5687743887437724,3,0,1.0,0.0920121010345793,0.14745919893758705,0.0,0.0,none,0.5687743887437724,1.0,1.0,1.0,0.5687743887437724,False
GHA,17,Rule of law,0.5679175439418049,3,0,1.0,0.0920121010345793,0.14745919893758705,0.0,0.0,none,0.5679175439418049,1.0,1.0,1.0,0.5679175439418049,False
GIN,17,Rule of law,0.2297829080989484,3,0,1.0,0.0920121010345793,0.14745919893758705,0.0,0.0,none,0.2297829080989484,1.0,1.0,1.0,0.2297829080989484,False
GMB,17,Rule of law,0.4747442050837406,3,0,1.0,0.0920121010345793,0.14745919893758705,0.0,0.0,none,0.4747442050837406,1.0,1.0,1.0,0.4747442050837406,False
GNB,17,Rule of law,0.2987624043786662,2,0,1.0,0.0920121010345793,0.14745919893758705,0.0,0.0,none,0.2987624043786662,1.0,1.0,1.0,0.2987624043786662,False
GNQ,17,Rule of law,0.2286807555139566,1,0,1.0,0.0920121010345793,0.14745919893758705,0.0,0.0,none,0.2286807555139566,1.0,1.0,1.0,0.2286807555139566,True
GRC,17,Rule of law,0.6201588490752858,3,0,1.0,0.0920121010345793,0.14745919893758705,0.0,0.0,none,0.6201588490752858,1.0,1.0,1.0,0.6201588490752858,False
GRD,17,Rule of law,0.4170960297943829,1,0,1.0,0.0920121010345793,0.14745919893758705,0.0,0.0,none,0.4170960297943829,1.0,1.0,1.0,0.4170960297943829,True
GTM,17,Rule of law,0.4043886558658004,3,0,1.0,0.0920121010345793,0.14745919893758705,0.0,0.0,none,0.4043886558658004,1.0,1.0,1.0,0.4043886558658004,False
GUY,17,Rule of law,0.4777904969656056,3,0,1.0,0.0920121010345793,0.14745919893758705,0.0,0.0,none,0.4777904969656056,1.0,1.0,1.0,0.4777904969656056,False
HKG,17,Rule of law,0.6614544660611232,3,0,1.0,0.0920121010345793,0.14745919893758705,0.0,0.0,none,0.6614544660611232,1.0,1.0,1.0,0.6614544660611232,False
HND,17,Rule of law,0.4770293164575232,3,0,1.0,0.0920121010345793,0.14745919893758705,0.0,0.0,none,0.4770293164575232,1.0,1.0,1.0,0.4770293164575232,False
HRV,17,Rule of law,0.5986170233625627,3,0,1.0,0.0920121010345793,0.14745919893758705,0.0,0.0,none,0.5986170233625627,1.0,1.0,1.0,0.5986170233625627,False
HTI,17,Rule of law,0.3147219145078537,3,0,1.0,0.0920121010345793,0.14745919893758705,0.0,0.0,none,0.3147219145078537,1.0,1.0,1.0,0.3147219145078537,False
HUN,17,Rule of law,0.5129782858892582,3,0,1.0,0.0920121010345793,0.14745919893758705,0.0,0.0,none,0.5129782858892582,1.0,1.0,1.0,0.5129782858892582,False
IDN,17,Rule of law,0.4673315772722031,3,0,1.0,0.0920121010345793,0.14745919893758705,0.0,0.0,none,0.4673315772722031,1.0,1.0,1.0,0.4673315772722031,False
IND,17,Rule of law,0.5415857406461795,3,0,1.0,0.0920121010345793,0.14745919893758705,0.0,0.0,none,0.5415857406461795,1.0,1.0,1.0,0.5415857406461795,False
IRL,17,Rule of law,0.7677768836422432,3,0,1.0,0.0920121010345793,0.14745919893758705,0.0,0.0,none,0.7677768836422432,1.0,1.0,1.0,0.7677768836422432,False
IRN,17,Rule of law,0.4117370232235814,3,0,1.0,0.0920121010345793,0.14745919893758705,0.0,0.0,none,0.4117370232235814,1.0,1.0,1.0,0.4117370232235814,False
IRQ,17,Rule of law,0.3675617806380943,2,0,1.0,0.0920121010345793,0.14745919893758705,0.0,0.0,none,0.3675617806380943,1.0,1.0,1.0,0.3675617806380943,False
ISL,17,Rule of law,0.7368636655347583,2,0,1.0,0.0920121010345793,0.14745919893758705,0.0,0.0,none,0.7368636655347583,1.0,1.0,1.0,0.7368636655347583,False
ISR,17,Rule of law,0.6244567562898585,2,0,1.0,0.0920121010345793,0.14745919893758705,0.0,0.0,none,0.6244567562898585,1.0,1.0,1.0,0.6244567562898585,False
ITA,17,Rule of law,0.6157262815143445,3,0,1.0,0.0920121010345793,0.14745919893758705,0.0,0.0,none,0.6157262815143445,1.0,1.0,1.0,0.6157262815143445,False
JAM,17,Rule of law,0.5836863623723989,3,0,1.0,0.0920121010345793,0.14745919893758705,0.0,0.0,none,0.5836863623723989,1.0,1.0,1.0,0.5836863623723989,False
JOR,17,Rule of law,0.5247696150379815,3,0,1.0,0.0920121010345793,0.14745919893758705,0.0,0.0,none,0.5247696150379815,1.0,1.0,1.0,0.5247696150379815,False
JPN,17,Rule of law,0.6910235952969186,3,0,1.0,0.0920121010345793,0.14745919893758705,0.0,0.0,none,0.6910235952969186,1.0,1.0,1.0,0.6910235952969186,False
KAZ,17,Rule of law,0.4784712209198782,3,0,1.0,0.0920121010345793,0.14745919893758705,0.0,0.0,none,0.4784712209198782,1.0,1.0,1.0,0.4784712209198782,False
KEN,17,Rule of law,0.5011441566158881,3,0,1.0,0.0920121010345793,0.14745919893758705,0.0,0.0,none,0.5011441566158881,1.0,1.0,1.0,0.5011441566158881,False
KGZ,17,Rule of law,0.4487614520377898,3,0,1.0,0.0920121010345793,0.14745919893758705,0.0,0.0,none,0.4487614520377898,1.0,1.0,1.0,0.4487614520377898,False
KHM,17,Rule of law,0.2670762541136298,3,0,1.0,0.0920121010345793,0.14745919893758705,0.0,0.0,none,0.2670762541136298,1.0,1.0,1.0,0.2670762541136298,False
KNA,17,Rule of law,0.5550292445776613,1,0,1.0,0.0920121010345793,0.14745919893758705,0.0,0.0,none,0.5550292445776613,1.0,1.0,1.0,0.5550292445776613,True
KOR,17,Rule of law,0.6574254938131837,3,0,1.0,0.0920121010345793,0.14745919893758705,0.0,0.0,none,0.6574254938131837,1.0,1.0,1.0,0.6574254938131837,False
KWT,17,Rule of law,0.5260006243607537,3,0,1.0,0.0920121010345793,0.14745919893758705,0.0,0.0,none,0.5260006243607537,1.0,1.0,1.0,0.5260006243607537,False
LAO,17,Rule of law,0.2536507424103618,2,0,1.0,0.0920121010345793,0.14745919893758705,0.0,0.0,none,0.2536507424103618,1.0,1.0,1.0,0.2536507424103618,False
LBN,17,Rule of law,0.409707522129434,3,0,1.0,0.0920121010345793,0.14745919893758705,0.0,0.0,none,0.409707522129434,1.0,1.0,1.0,0.409707522129434,False
LBR,17,Rule of law,0.4066303568004308,3,0,1.0,0.0920121010345793,0.14745919893758705,0.0,0.0,none,0.4066303568004308,1.0,1.0,1.0,0.4066303568004308,False
LBY,17,Rule of law,0.3427099301195036,2,0,1.0,0.0920121010345793,0.14745919893758705,0.0,0.0,none,0.3427099301195036,1.0,1.0,1.0,0.3427099301195036,False
LCA,17,Rule of law,0.5870689408215205,1,0,1.0,0.0920121010345793,0.14745919893758705,0.0,0.0,none,0.5870689408215205,1.0,1.0,1.0,0.5870689408215205,True
LKA,17,Rule of law,0.4905635042200826,3,0,1.0,0.0920121010345793,0.14745919893758705,0.0,0.0,none,0.4905635042200826,1.0,1.0,1.0,0.4905635042200826,False
LSO,17,Rule of law,0.4651904989549926,2,0,1.0,0.0920121010345793,0.14745919893758705,0.0,0.0,none,0.4651904989549926,1.0,1.0,1.0,0.4651904989549926,False
LTU,17,Rule of law,0.684837161987398,3,0,1.0,0.0920121010345793,0.14745919893758705,0.0,0.0,none,0.684837161987398,1.0,1.0,1.0,0.684837161987398,False
LUX,17,Rule of law,0.7389207668988521,3,0,1.0,0.0920121010345793,0.14745919893758705,0.0,0.0,none,0.7389207668988521,1.0,1.0,1.0,0.7389207668988521,False
LVA,17,Rule of law,0.6636340619977641,3,0,1.0,0.0920121010345793,0.14745919893758705,0.0,0.0,none,0.6636340619977641,1.0,1.0,1.0,0.6636340619977641,False
MAR,17,Rule of law,0.5046670131959722,3,0,1.0,0.0920121010345793,0.14745919893758705,0.0,0.0,none,0.5046670131959722,1.0,1.0,1.0,0.5046670131959722,False
MDA,17,Rule of law,0.5150447548262118,3,0,1.0,0.0920121010345793,0.14745919893758705,0.0,0.0,none,0.5150447548262118,1.0,1.0,1.0,0.5150447548262118,False
MDG,17,Rule of law,0.4638185694665696,3,0,1.0,0.0920121010345793,0.14745919893758705,0.0,0.0,none,0.4638185694665696,1.0,1.0,1.0,0.4638185694665696,False
MDV,17,Rule of law,0.58073228952096,1,0,1.0,0.0920121010345793,0.14745919893758705,0.0,0.0,none,0.58073228952096,1.0,1.0,1.0,0.58073228952096,True
MEX,17,Rule of law,0.4769762282088288,3,0,1.0,0.0920121010345793,0.14745919893758705,0.0,0.0,none,0.4769762282088288,1.0,1.0,1.0,0.4769762282088288,False
MKD,17,Rule of law,0.5140290754954197,3,0,1.0,0.0920121010345793,0.14745919893758705,0.0,0.0,none,0.5140290754954197,1.0,1.0,1.0,0.5140290754954197,False
MLI,17,Rule of law,0.4874478115969702,3,0,1.0,0.0920121010345793,0.14745919893758705,0.0,0.0,none,0.4874478115969702,1.0,1.0,1.0,0.4874478115969702,False
MLT,17,Rule of law,0.5965222727353549,3,0,1.0,0.0920121010345793,0.14745919893758705,0.0,0.0,none,0.5965222727353549,1.0,1.0,1.0,0.5965222727353549,False
MMR,17,Rule of law,0.1945321655270365,3,0,1.0,0.0920121010345793,0.14745919893758705,0.0,0.0,none,0.1945321655270365,1.0,1.0,1.0,0.1945321655270365,False
MNE,17,Rule of law,0.5674734723672794,3,0,1.0,0.0920121010345793,0.14745919893758705,0.0,0.0,none,0.5674734723672794,1.0,1.0,1.0,0.5674734723672794,False
MNG,17,Rule of law,0.4802947797839417,3,0,1.0,0.0920121010345793,0.14745919893758705,0.0,0.0,none,0.4802947797839417,1.0,1.0,1.0,0.4802947797839417,False
MOZ,17,Rule of law,0.2988428196749162,3,0,1.0,0.0920121010345793,0.14745919893758705,0.0,0.0,none,0.2988428196749162,1.0,1.0,1.0,0.2988428196749162,False
MRT,17,Rule of law,0.336196447146992,3,0,1.0,0.0920121010345793,0.14745919893758705,0.0,0.0,none,0.336196447146992,1.0,1.0,1.0,0.336196447146992,False
MUS,17,Rule of law,0.5743434171312385,3,0,1.0,0.0920121010345793,0.14745919893758705,0.0,0.0,none,0.5743434171312385,1.0,1.0,1.0,0.5743434171312385,False
MWI,17,Rule of law,0.5209146646547641,3,0,1.0,0.0920121010345793,0.14745919893758705,0.0,0.0,none,0.5209146646547641,1.0,1.0,1.0,0.5209146646547641,False
MYS,17,Rule of law,0.4720350193817232,3,0,1.0,0.0920121010345793,0.14745919893758705,0.0,0.0,none,0.4720350193817232,1.0,1.0,1.0,0.4720350193817232,False
NAM,17,Rule of law,0.5911634026799252,3,0,1.0,0.0920121010345793,0.14745919893758705,0.0,0.0,none,0.5911634026799252,1.0,1.0,1.0,0.5911634026799252,False
NER,17,Rule of law,0.4098908167717682,3,0,1.0,0.0920121010345793,0.14745919893758705,0.0,0.0,none,0.4098908167717682,1.0,1.0,1.0,0.4098908167717682,False
NGA,17,Rule of law,0.4287052156752047,3,0,1.0,0.0920121010345793,0.14745919893758705,0.0,0.0,none,0.4287052156752047,1.0,1.0,1.0,0.4287052156752047,False
NIC,17,Rule of law,0.2571074380019015,3,0,1.0,0.0920121010345793,0.14745919893758705,0.0,0.0,none,0.2571074380019015,1.0,1.0,1.0,0.2571074380019015,False
NLD,17,Rule of law,0.7611456983295141,3,0,1.0,0.0920121010345793,0.14745919893758705,0.0,0.0,none,0.7611456983295141,1.0,1.0,1.0,0.7611456983295141,False
NOR,17,Rule of law,0.7842428857171064,3,0,1.0,0.0920121010345793,0.14745919893758705,0.0,0.0,none,0.7842428857171064,1.0,1.0,1.0,0.7842428857171064,False
NPL,17,Rule of law,0.4782478933664776,3,0,1.0,0.0920121010345793,0.14745919893758705,0.0,0.0,none,0.4782478933664776,1.0,1.0,1.0,0.4782478933664776,False
NZL,17,Rule of law,0.7548664917765467,3,0,1.0,0.0920121010345793,0.14745919893758705,0.0,0.0,none,0.7548664917765467,1.0,1.0,1.0,0.7548664917765467,False
OMN,17,Rule of law,0.4387620066546296,2,0,1.0,0.0920121010345793,0.14745919893758705,0.0,0.0,none,0.4387620066546296,1.0,1.0,1.0,0.4387620066546296,False
PAK,17,Rule of law,0.4503771636515656,3,0,1.0,0.0920121010345793,0.14745919893758705,0.0,0.0,none,0.4503771636515656,1.0,1.0,1.0,0.4503771636515656,False
PAN,17,Rule of law,0.5295197934231479,3,0,1.0,0.0920121010345793,0.14745919893758705,0.0,0.0,none,0.5295197934231479,1.0,1.0,1.0,0.5295197934231479,False
PER,17,Rule of law,0.5518685181209687,3,0,1.0,0.0920121010345793,0.14745919893758705,0.0,0.0,none,0.5518685181209687,1.0,1.0,1.0,0.5518685181209687,False
PHL,17,Rule of law,0.4655366809003922,3,0,1.0,0.0920121010345793,0.14745919893758705,0.0,0.0,none,0.4655366809003922,1.0,1.0,1.0,0.4655366809003922,False
PNG,17,Rule of law,0.3990037456356234,2,0,1.0,0.0920121010345793,0.14745919893758705,0.0,0.0,none,0.3990037456356234,1.0,1.0,1.0,0.3990037456356234,False
POL,17,Rule of law,0.6395892062433399,3,0,1.0,0.0920121010345793,0.14745919893758705,0.0,0.0,none,0.6395892062433399,1.0,1.0,1.0,0.6395892062433399,False
PRT,17,Rule of law,0.5531012171430548,3,0,1.0,0.0920121010345793,0.14745919893758705,0.0,0.0,none,0.5531012171430548,1.0,1.0,1.0,0.5531012171430548,False
PRY,17,Rule of law,0.4711540611320054,3,0,1.0,0.0920121010345793,0.14745919893758705,0.0,0.0,none,0.4711540611320054,1.0,1.0,1.0,0.4711540611320054,False
PSE,17,Rule of law,0.2926901253334118,1,0,1.0,0.0920121010345793,0.14745919893758705,0.0,0.0,none,0.2926901253334118,1.0,1.0,1.0,0.2926901253334118,True
QAT,17,Rule of law,0.3753186132329468,3,0,1.0,0.0920121010345793,0.14745919893758705,0.0,0.0,none,0.3753186132329468,1.0,1.0,1.0,0.3753186132329468,False
ROU,17,Rule of law,0.6118035755876274,3,0,1.0,0.0920121010345793,0.14745919893758705,0.0,0.0,none,0.6118035755876274,1.0,1.0,1.0,0.6118035755876274,False
RUS,17,Rule of law,0.4060499993852334,3,0,1.0,0.0920121010345793,0.14745919893758705,0.0,0.0,none,0.4060499993852334,1.0,1.0,1.0,0.4060499993852334,False
RWA,17,Rule of law,0.3911542940197466,3,0,1.0,0.0920121010345793,0.14745919893758705,0.0,0.0,none,0.3911542940197466,1.0,1.0,1.0,0.3911542940197466,False
SAU,17,Rule of law,0.3975768753911062,2,0,1.0,0.0920121010345793,0.14745919893758705,0.0,0.0,none,0.3975768753911062,1.0,1.0,1.0,0.3975768753911062,False
SDN,17,Rule of law,0.1239171168403973,3,0,1.0,0.0920121010345793,0.14745919893758705,0.0,0.0,none,0.1239171168403973,1.0,1.0,1.0,0.1239171168403973,False
SEN,17,Rule of law,0.5490972554220279,3,0,1.0,0.0920121010345793,0.14745919893758705,0.0,0.0,none,0.5490972554220279,1.0,1.0,1.0,0.5490972554220279,False
SGP,17,Rule of law,0.6410389959564322,3,0,1.0,0.0920121010345793,0.14745919893758705,0.0,0.0,none,0.6410389959564322,1.0,1.0,1.0,0.6410389959564322,False
SLB,17,Rule of law,0.5392126982867189,1,0,1.0,0.0920121010345793,0.14745919893758705,0.0,0.0,none,0.5392126982867189,1.0,1.0,1.0,0.5392126982867189,True
SLE,17,Rule of law,0.3859381316388882,3,0,1.0,0.0920121010345793,0.14745919893758705,0.0,0.0,none,0.3859381316388882,1.0,1.0,1.0,0.3859381316388882,False
SLV,17,Rule of law,0.4381374429183949,3,0,1.0,0.0920121010345793,0.14745919893758705,0.0,0.0,none,0.4381374429183949,1.0,1.0,1.0,0.4381374429183949,False
SOM,17,Rule of law,0.1282802370243485,2,0,1.0,0.0920121010345793,0.14745919893758705,0.0,0.0,none,0.1282802370243485,1.0,1.0,1.0,0.1282802370243485,False
SRB,17,Rule of law,0.524947692806385,3,0,1.0,0.0920121010345793,0.14745919893758705,0.0,0.0,none,0.524947692806385,1.0,1.0,1.0,0.524947692806385,False
SSD,17,Rule of law,0.0920121010345793,1,0,1.0,0.0920121010345793,0.14745919893758705,0.0,0.0,none,0.0920121010345793,1.0,1.0,1.0,0.0920121010345793,True
STP,17,Rule of law,0.566892425776213,1,0,1.0,0.0920121010345793,0.14745919893758705,0.0,0.0,none,0.566892425776213,1.0,1.0,1.0,0.566892425776213,True
SUR,17,Rule of law,0.5141396390299089,3,0,1.0,0.0920121010345793,0.14745919893758705,0.0,0.0,none,0.5141396390299089,1.0,1.0,1.0,0.5141396390299089,False
SVK,17,Rule of law,0.6159544647679557,3,0,1.0,0.0920121010345793,0.14745919893758705,0.0,0.0,none,0.6159544647679557,1.0,1.0,1.0,0.6159544647679557,False
SVN,17,Rule of law,0.6016440112989662,3,0,1.0,0.0920121010345793,0.14745919893758705,0.0,0.0,none,0.6016440112989662,1.0,1.0,1.0,0.6016440112989662,False
SWE,17,Rule of law,0.758961500065548,3,0,1.0,0.0920121010345793,0.14745919893758705,0.0,0.0,none,0.758961500065548,1.0,1.0,1.0,0.758961500065548,False
SWZ,17,Rule of law,0.1003831117513073,2,0,1.0,0.0920121010345793,0.14745919893758705,0.0,0.0,none,0.1003831117513073,1.0,1.0,1.0,0.1003831117513073,False
SYC,17,Rule of law,0.5302217436910572,2,0,1.0,0.0920121010345793,0.14745919893758705,0.0,0.0,none,0.5302217436910572,1.0,1.0,1.0,0.5302217436910572,False
SYR,17,Rule of law,0.2714946218504224,2,0,1.0,0.0920121010345793,0.14745919893758705,0.0,0.0,none,0.2714946218504224,1.0,1.0,1.0,0.2714946218504224,False
TCD,17,Rule of law,0.4505717961213116,2,0,1.0,0.0920121010345793,0.14745919893758705,0.0,0.0,none,0.4505717961213116,1.0,1.0,1.0,0.4505717961213116,False
TGO,17,Rule of law,0.4450233843017394,3,0,1.0,0.0920121010345793,0.14745919893758705,0.0,0.0,none,0.4450233843017394,1.0,1.0,1.0,0.4450233843017394,False
THA,17,Rule of law,0.4490955115332147,3,0,1.0,0.0920121010345793,0.14745919893758705,0.0,0.0,none,0.4490955115332147,1.0,1.0,1.0,0.4490955115332147,False
TJK,17,Rule of law,0.3560319078814087,2,0,1.0,0.0920121010345793,0.14745919893758705,0.0,0.0,none,0.3560319078814087,1.0,1.0,1.0,0.3560319078814087,False
TLS,17,Rule of law,0.4334042322908777,2,0,1.0,0.0920121010345793,0.14745919893758705,0.0,0.0,none,0.4334042322908777,1.0,1.0,1.0,0.4334042322908777,False
TTO,17,Rule of law,0.5592107014324957,3,0,1.0,0.0920121010345793,0.14745919893758705,0.0,0.0,none,0.5592107014324957,1.0,1.0,1.0,0.5592107014324957,False
TUN,17,Rule of law,0.5430781325849438,3,0,1.0,0.0920121010345793,0.14745919893758705,0.0,0.0,none,0.5430781325849438,1.0,1.0,1.0,0.5430781325849438,False
TUR,17,Rule of law,0.4007914971945993,3,0,1.0,0.0920121010345793,0.14745919893758705,0.0,0.0,none,0.4007914971945993,1.0,1.0,1.0,0.4007914971945993,False
TZA,17,Rule of law,0.3666670672017306,3,0,1.0,0.0920121010345793,0.14745919893758705,0.0,0.0,none,0.3666670672017306,1.0,1.0,1.0,0.3666670672017306,False
UGA,17,Rule of law,0.3950927438470514,3,0,1.0,0.0920121010345793,0.14745919893758705,0.0,0.0,none,0.3950927438470514,1.0,1.0,1.0,0.3950927438470514,False
UKR,17,Rule of law,0.4281413167396587,3,0,1.0,0.0920121010345793,0.14745919893758705,0.0,0.0,none,0.4281413167396587,1.0,1.0,1.0,0.4281413167396587,False
URY,17,Rule of law,0.6264135042766179,3,0,1.0,0.0920121010345793,0.14745919893758705,0.0,0.0,none,0.6264135042766179,1.0,1.0,1.0,0.6264135042766179,False
USA,17,Rule of law,0.6258006851249507,3,0,1.0,0.0920121010345793,0.14745919893758705,0.0,0.0,none,0.6258006851249507,1.0,1.0,1.0,0.6258006851249507,False
UZB,17,Rule of law,0.3156392956758834,2,0,1.0,0.0920121010345793,0.14745919893758705,0.0,0.0,none,0.3156392956758834,1.0,1.0,1.0,0.3156392956758834,False
VCT,17,Rule of law,0.4998679506054638,1,0,1.0,0.0920121010345793,0.14745919893758705,0.0,0.0,none,0.4998679506054638,1.0,1.0,1.0,0.4998679506054638,True
VEN,17,Rule of law,0.2467725006566238,3,0,1.0,0.0920121010345793,0.14745919893758705,0.0,0.0,none,0.2467725006566238,1.0,1.0,1.0,0.2467725006566238,False
VNM,17,Rule of law,0.4266736560153982,3,0,1.0,0.0920121010345793,0.14745919893758705,0.0,0.0,none,0.4266736560153982,1.0,1.0,1.0,0.4266736560153982,False
VUT,17,Rule of law,0.4985580985365243,1,0,1.0,0.0920121010345793,0.14745919893758705,0.0,0.0,none,0.4985580985365243,1.0,1.0,1.0,0.4985580985365243,True
XKX,17,Rule of law,0.4000149837105013,2,0,1.0,0.0920121010345793,0.14745919893758705,0.0,0.0,none,0.4000149837105013,1.0,1.0,1.0,0.4000149837105013,False
YEM,17,Rule of law,0.3371860362246072,2,0,1.0,0.0920121010345793,0.14745919893758705,0.0,0.0,none,0.3371860362246072,1.0,1.0,1.0,0.3371860362246072,False
ZAF,17,Rule of law,0.5525552036143152,3,0,1.0,0.0920121010345793,0.14745919893758705,0.0,0.0,none,0.5525552036143152,1.0,1.0,1.0,0.5525552036143152,False
ZMB,17,Rule of law,0.4170119247011694,3,0,1.0,0.0920121010345793,0.14745919893758705,0.0,0.0,none,0.4170119247011694,1.0,1.0,1.0,0.4170119247011694,False
ZWE,17,Rule of law,0.283456408605977,3,0,1.0,0.0920121010345793,0.14745919893758705,0.0,0.0,none,0.283456408605977,1.0,1.0,1.0,0.283456408605977,False
AFG,18,Rule of law,0.2925843900009668,6,0,1.0,0.2495296918512767,0.1570128123223407,0.092516879528936,0.0,none,0.2925843900009668,1.0,1.0,1.0,0.2925843900009668,False
AGO,18,Rule of law,0.431939246687667,6,0,1.0,0.2495296918512767,0.1570128123223407,0.092516879528936,0.0,none,0.431939246687667,1.0,1.0,1.0,0.431939246687667,False
ALB,18,Rule of law,0.4330836697921004,6,0,1.0,0.2495296918512767,0.1570128123223407,0.092516879528936,0.0,none,0.4330836697921004,1.0,1.0,1.0,0.4330836697921004,False
AND,18,Rule of law,0.7729923913215866,1,0,1.0,0.2495296918512767,0.1570128123223407,0.092516879528936,0.0,none,0.7729923913215866,1.0,1.0,1.0,0.7729923913215866,True
ARE,18,Rule of law,0.726786160765188,6,0,1.0,0.2495296918512767,0.1570128123223407,0.092516879528936,0.0,none,0.726786160765188,1.0,1.0,1.0,0.726786160765188,False
ARG,18,Rule of law,0.4925103724030737,6,0,1.0,0.2495296918512767,0.1570128123223407,0.092516879528936,0.0,none,0.4925103724030737,1.0,1.0,1.0,0.4925103724030737,False
ARM,18,Rule of law,0.516567020690295,5,0,1.0,0.2495296918512767,0.1570128123223407,0.092516879528936,0.0,none,0.516567020690295,1.0,1.0,1.0,0.516567020690295,False
ATG,18,Rule of law,0.5939337434307345,2,0,1.0,0.2495296918512767,0.1570128123223407,0.092516879528936,0.0,none,0.5939337434307345,1.0,1.0,1.0,0.5939337434307345,True
AUS,18,Rule of law,0.7614055459896026,6,0,1.0,0.2495296918512767,0.1570128123223407,0.092516879528936,0.0,none,0.7614055459896026,1.0,1.0,1.0,0.7614055459896026,False
AUT,18,Rule of law,0.7229737822307033,6,0,1.0,0.2495296918512767,0.1570128123223407,0.092516879528936,0.0,none,0.7229737822307033,1.0,1.0,1.0,0.7229737822307033,False
AZE,18,Rule of law,0.271431363141957,5,0,1.0,0.2495296918512767,0.1570128123223407,0.092516879528936,0.0,none,0.271431363141957,1.0,1.0,1.0,0.271431363141957,False
BDI,18,Rule of law,0.2984455050408112,5,0,1.0,0.2495296918512767,0.1570128123223407,0.092516879528936,0.0,none,0.2984455050408112,1.0,1.0,1.0,0.2984455050408112,False
BEL,18,Rule of law,0.7366027248012886,6,0,1.0,0.2495296918512767,0.1570128123223407,0.092516879528936,0.0,none,0.7366027248012886,1.0,1.0,1.0,0.7366027248012886,False
BEN,18,Rule of law,0.538135583145163,6,0,1.0,0.2495296918512767,0.1570128123223407,0.092516879528936,0.0,none,0.538135583145163,1.0,1.0,1.0,0.538135583145163,False
BFA,18,Rule of law,0.5206886971538949,6,0,1.0,0.2495296918512767,0.1570128123223407,0.092516879528936,0.0,none,0.5206886971538949,1.0,1.0,1.0,0.5206886971538949,False
BGD,18,Rule of law,0.3204266516882355,6,0,1.0,0.2495296918512767,0.1570128123223407,0.092516879528936,0.0,none,0.3204266516882355,1.0,1.0,1.0,0.3204266516882355,False
BGR,18,Rule of law,0.4414962146059377,6,0,1.0,0.2495296918512767,0.1570128123223407,0.092516879528936,0.0,none,0.4414962146059377,1.0,1.0,1.0,0.4414962146059377,False
BHR,18,Rule of law,0.5442490226531635,5,0,1.0,0.2495296918512767,0.1570128123223407,0.092516879528936,0.0,none,0.5442490226531635,1.0,1.0,1.0,0.5442490226531635,False
BHS,18,Rule of law,0.6477734436882017,3,0,1.0,0.2495296918512767,0.1570128123223407,0.092516879528936,0.0,none,0.6477734436882017,1.0,1.0,1.0,0.6477734436882017,False
BIH,18,Rule of law,0.4065798772896956,6,0,1.0,0.2495296918512767,0.1570128123223407,0.092516879528936,0.0,none,0.4065798772896956,1.0,1.0,1.0,0.4065798772896956,False
BLR,18,Rule of law,0.5113429214160877,6,0,1.0,0.2495296918512767,0.1570128123223407,0.092516879528936,0.0,none,0.5113429214160877,1.0,1.0,1.0,0.5113429214160877,False
BLZ,18,Rule of law,0.4570468958341743,2,0,1.0,0.2495296918512767,0.1570128123223407,0.092516879528936,0.0,none,0.4570468958341743,1.0,1.0,1.0,0.4570468958341743,True
BOL,18,Rule of law,0.3420472074768087,6,0,1.0,0.2495296918512767,0.1570128123223407,0.092516879528936,0.0,none,0.3420472074768087,1.0,1.0,1.0,0.3420472074768087,False
BRA,18,Rule of law,0.468079396705217,6,0,1.0,0.2495296918512767,0.1570128123223407,0.092516879528936,0.0,none,0.468079396705217,1.0,1.0,1.0,0.468079396705217,False
BRB,18,Rule of law,0.6949083359227313,6,0,1.0,0.2495296918512767,0.1570128123223407,0.092516879528936,0.0,none,0.6949083359227313,1.0,1.0,1.0,0.6949083359227313,False
BRN,18,Rule of law,0.668721008163077,2,0,1.0,0.2495296918512767,0.1570128123223407,0.092516879528936,0.0,none,0.668721008163077,1.0,1.0,1.0,0.668721008163077,True
BTN,18,Rule of law,0.6902478601100319,5,0,1.0,0.2495296918512767,0.1570128123223407,0.092516879528936,0.0,none,0.6902478601100319,1.0,1.0,1.0,0.6902478601100319,False
BWA,18,Rule of law,0.6124935189802104,6,0,1.0,0.2495296918512767,0.1570128123223407,0.092516879528936,0.0,none,0.6124935189802104,1.0,1.0,1.0,0.6124935189802104,False
CAF,18,Rule of law,0.3023070697147993,5,0,1.0,0.2495296918512767,0.1570128123223407,0.092516879528936,0.0,none,0.3023070697147993,1.0,1.0,1.0,0.3023070697147993,False
CAN,18,Rule of law,0.7704326403369373,6,0,1.0,0.2495296918512767,0.1570128123223407,0.092516879528936,0.0,none,0.7704326403369373,1.0,1.0,1.0,0.7704326403369373,False
CHE,18,Rule of law,0.7814433848388185,5,0,1.0,0.2495296918512767,0.1570128123223407,0.092516879528936,0.0,none,0.7814433848388185,1.0,1.0,1.0,0.7814433848388185,False
CHL,18,Rule of law,0.6658609116898458,6,0,1.0,0.2495296918512767,0.1570128123223407,0.092516879528936,0.0,none,0.6658609116898458,1.0,1.0,1.0,0.6658609116898458,False
CHN,18,Rule of law,0.4849261145853625,6,0,1.0,0.2495296918512767,0.1570128123223407,0.092516879528936,0.0,none,0.4849261145853625,1.0,1.0,1.0,0.4849261145853625,False
CIV,18,Rule of law,0.4381038499832691,6,0,1.0,0.2495296918512767,0.1570128123223407,0.092516879528936,0.0,none,0.4381038499832691,1.0,1.0,1.0,0.4381038499832691,False
CMR,18,Rule of law,0.2966929825286844,6,0,1.0,0.2495296918512767,0.1570128123223407,0.092516879528936,0.0,none,0.2966929825286844,1.0,1.0,1.0,0.2966929825286844,False
COD,18,Rule of law,0.2780451358889424,6,0,1.0,0.2495296918512767,0.1570128123223407,0.092516879528936,0.0,none,0.2780451358889424,1.0,1.0,1.0,0.2780451358889424,False
COG,18,Rule of law,0.2952940533078734,6,0,1.0,0.2495296918512767,0.1570128123223407,0.092516879528936,0.0,none,0.2952940533078734,1.0,1.0,1.0,0.2952940533078734,False
COL,18,Rule of law,0.4769398685258759,6,0,1.0,0.2495296918512767,0.1570128123223407,0.092516879528936,0.0,none,0.4769398685258759,1.0,1.0,1.0,0.4769398685258759,False
COM,18,Rule of law,0.3429688929207158,5,0,1.0,0.2495296918512767,0.1570128123223407,0.092516879528936,0.0,none,0.3429688929207158,1.0,1.0,1.0,0.3429688929207158,False
CPV,18,Rule of law,0.5814720358531511,5,0,1.0,0.2495296918512767,0.1570128123223407,0.092516879528936,0.0,none,0.5814720358531511,1.0,1.0,1.0,0.5814720358531511,False
CRI,18,Rule of law,0.6090340087780812,6,0,1.0,0.2495296918512767,0.1570128123223407,0.092516879528936,0.0,none,0.6090340087780812,1.0,1.0,1.0,0.6090340087780812,False
CUB,18,Rule of law,0.4721748220912237,5,0,1.0,0.2495296918512767,0.1570128123223407,0.092516879528936,0.0,none,0.4721748220912237,1.0,1.0,1.0,0.4721748220912237,False
CYP,18,Rule of law,0.634990775786079,6,0,1.0,0.2495296918512767,0.1570128123223407,0.092516879528936,0.0,none,0.634990775786079,1.0,1.0,1.0,0.634990775786079,False
CZE,18,Rule of law,0.6379803014727732,6,0,1.0,0.2495296918512767,0.1570128123223407,0.092516879528936,0.0,none,0.6379803014727732,1.0,1.0,1.0,0.6379803014727732,False
DEU,18,Rule of law,0.7659631840342939,6,0,1.0,0.2495296918512767,0.1570128123223407,0.092516879528936,0.0,none,0.7659631840342939,1.0,1.0,1.0,0.7659631840342939,False
DJI,18,Rule of law,0.4049064764601711,5,0,1.0,0.2495296918512767,0.1570128123223407,0.092516879528936,0.0,none,0.4049064764601711,1.0,1.0,1.0,0.4049064764601711,False
DMA,18,Rule of law,0.62478604610365,3,0,1.0,0.2495296918512767,0.1570128123223407,0.092516879528936,0.0,none,0.62478604610365,1.0,1.0,1.0,0.62478604610365,False
DNK,18,Rule of law,0.8668601587835547,6,0,1.0,0.2495296918512767,0.1570128123223407,0.092516879528936,0.0,none,0.8668601587835547,1.0,1.0,1.0,0.8668601587835547,False
DOM,18,Rule of law,0.4392494285050747,6,0,1.0,0.2495296918512767,0.1570128123223407,0.092516879528936,0.0,none,0.4392494285050747,1.0,1.0,1.0,0.4392494285050747,False
DZA,18,Rule of law,0.4249287924072646,6,0,1.0,0.2495296918512767,0.1570128123223407,0.092516879528936,0.0,none,0.4249287924072646,1.0,1.0,1.0,0.4249287924072646,False
ECU,18,Rule of law,0.4056692418947782,6,0,1.0,0.2495296918512767,0.1570128123223407,0.092516879528936,0.0,none,0.4056692418947782,1.0,1.0,1.0,0.4056692418947782,False
EGY,18,Rule of law,0.3964016533113186,6,0,1.0,0.2495296918512767,0.1570128123223407,0.092516879528936,0.0,none,0.3964016533113186,1.0,1.0,1.0,0.3964016533113186,False
ESP,18,Rule of law,0.6525680167536279,6,0,1.0,0.2495296918512767,0.1570128123223407,0.092516879528936,0.0,none,0.6525680167536279,1.0,1.0,1.0,0.6525680167536279,False
EST,18,Rule of law,0.7679711075860008,6,0,1.0,0.2495296918512767,0.1570128123223407,0.092516879528936,0.0,none,0.7679711075860008,1.0,1.0,1.0,0.7679711075860008,False
ETH,18,Rule of law,0.4470913723868588,6,0,1.0,0.2495296918512767,0.1570128123223407,0.092516879528936,0.0,none,0.4470913723868588,1.0,1.0,1.0,0.4470913723868588,False
FIN,18,Rule of law,0.8074603019391954,6,0,1.0,0.2495296918512767,0.1570128123223407,0.092516879528936,0.0,none,0.8074603019391954,1.0,1.0,1.0,0.8074603019391954,False
FJI,18,Rule of law,0.5879195513159419,5,0,1.0,0.2495296918512767,0.1570128123223407,0.092516879528936,0.0,none,0.5879195513159419,1.0,1.0,1.0,0.5879195513159419,False
FRA,18,Rule of law,0.7105638953774402,6,0,1.0,0.2495296918512767,0.1570128123223407,0.092516879528936,0.0,none,0.7105638953774402,1.0,1.0,1.0,0.7105638953774402,False
FSM,18,Rule of law,0.6181673857889101,1,0,1.0,0.2495296918512767,0.1570128123223407,0.092516879528936,0.0,none,0.6181673857889101,1.0,1.0,1.0,0.6181673857889101,True
GAB,18,Rule of law,0.3679017143949848,6,0,1.0,0.2495296918512767,0.1570128123223407,0.092516879528936,0.0,none,0.3679017143949848,1.0,1.0,1.0,0.3679017143949848,False
GBR,18,Rule of law,0.7379336696606006,6,0,1.0,0.2495296918512767,0.1570128123223407,0.092516879528936,0.0,none,0.7379336696606006,1.0,1.0,1.0,0.7379336696606006,False
GEO,18,Rule of law,0.6026722806244874,6,0,1.0,0.2495296918512767,0.1570128123223407,0.092516879528936,0.0,none,0.6026722806244874,1.0,1.0,1.0,0.6026722806244874,False
GHA,18,Rule of law,0.448687289543497,6,0,1.0,0.2495296918512767,0.1570128123223407,0.092516879528936,0.0,none,0.448687289543497,1.0,1.0,1.0,0.448687289543497,False
GIN,18,Rule of law,0.355958948762421,6,0,1.0,0.2495296918512767,0.1570128123223407,0.092516879528936,0.0,none,0.355958948762421,1.0,1.0,1.0,0.355958948762421,False
GMB,18,Rule of law,0.5359261296354716,6,0,1.0,0.2495296918512767,0.1570128123223407,0.092516879528936,0.0,none,0.5359261296354716,1.0,1.0,1.0,0.5359261296354716,False
GNB,18,Rule of law,0.3253718719785246,5,0,1.0,0.2495296918512767,0.1570128123223407,0.092516879528936,0.0,none,0.3253718719785246,1.0,1.0,1.0,0.3253718719785246,False
GNQ,18,Rule of law,0.3162374684233918,5,0,1.0,0.2495296918512767,0.1570128123223407,0.092516879528936,0.0,none,0.3162374684233918,1.0,1.0,1.0,0.3162374684233918,False
GRC,18,Rule of law,0.5548369437678784,6,0,1.0,0.2495296918512767,0.1570128123223407,0.092516879528936,0.0,none,0.5548369437678784,1.0,1.0,1.0,0.5548369437678784,False
GRD,18,Rule of law,0.6094795063027746,3,0,1.0,0.2495296918512767,0.1570128123223407,0.092516879528936,0.0,none,0.6094795063027746,1.0,1.0,1.0,0.6094795063027746,False
GTM,18,Rule of law,0.3638361390604524,6,0,1.0,0.2495296918512767,0.1570128123223407,0.092516879528936,0.0,none,0.3638361390604524,1.0,1.0,1.0,0.3638361390604524,False
GUY,18,Rule of law,0.4872772134445952,6,0,1.0,0.2495296918512767,0.1570128123223407,0.092516879528936,0.0,none,0.4872772134445952,1.0,1.0,1.0,0.4872772134445952,False
HKG,18,Rule of law,0.7516361353835034,5,0,1.0,0.2495296918512767,0.1570128123223407,0.092516879528936,0.0,none,0.7516361353835034,1.0,1.0,1.0,0.7516361353835034,False
HND,18,Rule of law,0.3561432492029089,6,0,1.0,0.2495296918512767,0.1570128123223407,0.092516879528936,0.0,none,0.3561432492029089,1.0,1.0,1.0,0.3561432492029089,False
HRV,18,Rule of law,0.5637312828416049,6,0,1.0,0.2495296918512767,0.1570128123223407,0.092516879528936,0.0,none,0.5637312828416049,1.0,1.0,1.0,0.5637312828416049,False
HTI,18,Rule of law,0.2881181311087388,6,0,1.0,0.2495296918512767,0.1570128123223407,0.092516879528936,0.0,none,0.2881181311087388,1.0,1.0,1.0,0.2881181311087388,False
HUN,18,Rule of law,0.49247667580175,6,0,1.0,0.2495296918512767,0.1570128123223407,0.092516879528936,0.0,none,0.49247667580175,1.0,1.0,1.0,0.49247667580175,False
IDN,18,Rule of law,0.3840330005791371,6,0,1.0,0.2495296918512767,0.1570128123223407,0.092516879528936,0.0,none,0.3840330005791371,1.0,1.0,1.0,0.3840330005791371,False
IND,18,Rule of law,0.4283454798133976,6,0,1.0,0.2495296918512767,0.1570128123223407,0.092516879528936,0.0,none,0.4283454798133976,1.0,1.0,1.0,0.4283454798133976,False
IRL,18,Rule of law,0.7482791662220507,6,0,1.0,0.2495296918512767,0.1570128123223407,0.092516879528936,0.0,none,0.7482791662220507,1.0,1.0,1.0,0.7482791662220507,False
IRN,18,Rule of law,0.3481491543155882,6,0,1.0,0.2495296918512767,0.1570128123223407,0.092516879528936,0.0,none,0.3481491543155882,1.0,1.0,1.0,0.3481491543155882,False
IRQ,18,Rule of law,0.2935871681980537,5,0,1.0,0.2495296918512767,0.1570128123223407,0.092516879528936,0.0,none,0.2935871681980537,1.0,1.0,1.0,0.2935871681980537,False
ISL,18,Rule of law,0.8057307066512291,5,0,1.0,0.2495296918512767,0.1570128123223407,0.092516879528936,0.0,none,0.8057307066512291,1.0,1.0,1.0,0.8057307066512291,False
ISR,18,Rule of law,0.6903453571990205,5,0,1.0,0.2495296918512767,0.1570128123223407,0.092516879528936,0.0,none,0.6903453571990205,1.0,1.0,1.0,0.6903453571990205,False
ITA,18,Rule of law,0.6177676698605952,6,0,1.0,0.2495296918512767,0.1570128123223407,0.092516879528936,0.0,none,0.6177676698605952,1.0,1.0,1.0,0.6177676698605952,False
JAM,18,Rule of law,0.5809225170448132,6,0,1.0,0.2495296918512767,0.1570128123223407,0.092516879528936,0.0,none,0.5809225170448132,1.0,1.0,1.0,0.5809225170448132,False
JOR,18,Rule of law,0.5206194576238651,6,0,1.0,0.2495296918512767,0.1570128123223407,0.092516879528936,0.0,none,0.5206194576238651,1.0,1.0,1.0,0.5206194576238651,False
JPN,18,Rule of law,0.7509046842605855,6,0,1.0,0.2495296918512767,0.1570128123223407,0.092516879528936,0.0,none,0.7509046842605855,1.0,1.0,1.0,0.7509046842605855,False
KAZ,18,Rule of law,0.4228335485402053,6,0,1.0,0.2495296918512767,0.1570128123223407,0.092516879528936,0.0,none,0.4228335485402053,1.0,1.0,1.0,0.4228335485402053,False
KEN,18,Rule of law,0.3927664722232657,6,0,1.0,0.2495296918512767,0.1570128123223407,0.092516879528936,0.0,none,0.3927664722232657,1.0,1.0,1.0,0.3927664722232657,False
KGZ,18,Rule of law,0.3242778707296943,6,0,1.0,0.2495296918512767,0.1570128123223407,0.092516879528936,0.0,none,0.3242778707296943,1.0,1.0,1.0,0.3242778707296943,False
KHM,18,Rule of law,0.3018400702635341,6,0,1.0,0.2495296918512767,0.1570128123223407,0.092516879528936,0.0,none,0.3018400702635341,1.0,1.0,1.0,0.3018400702635341,False
KIR,18,Rule of law,0.4670485025921856,1,0,1.0,0.2495296918512767,0.1570128123223407,0.092516879528936,0.0,none,0.4670485025921856,1.0,1.0,1.0,0.4670485025921856,True
KNA,18,Rule of law,0.590381283134613,2,0,1.0,0.2495296918512767,0.1570128123223407,0.092516879528936,0.0,none,0.590381283134613,1.0,1.0,1.0,0.590381283134613,True
KOR,18,Rule of law,0.6420331011110408,6,0,1.0,0.2495296918512767,0.1570128123223407,0.092516879528936,0.0,none,0.6420331011110408,1.0,1.0,1.0,0.6420331011110408,False
KWT,18,Rule of law,0.57629178274779,6,0,1.0,0.2495296918512767,0.1570128123223407,0.092516879528936,0.0,none,0.57629178274779,1.0,1.0,1.0,0.57629178274779,False
LAO,18,Rule of law,0.3653243988466196,5,0,1.0,0.2495296918512767,0.1570128123223407,0.092516879528936,0.0,none,0.3653243988466196,1.0,1.0,1.0,0.3653243988466196,False
LBN,18,Rule of law,0.3348715459737226,6,0,1.0,0.2495296918512767,0.1570128123223407,0.092516879528936,0.0,none,0.3348715459737226,1.0,1.0,1.0,0.3348715459737226,False
LBR,18,Rule of law,0.3086214076294901,6,0,1.0,0.2495296918512767,0.1570128123223407,0.092516879528936,0.0,none,0.3086214076294901,1.0,1.0,1.0,0.3086214076294901,False
LBY,18,Rule of law,0.3220346254789014,5,0,1.0,0.2495296918512767,0.1570128123223407,0.092516879528936,0.0,none,0.3220346254789014,1.0,1.0,1.0,0.3220346254789014,False
LCA,18,Rule of law,0.6222143980748582,3,0,1.0,0.2495296918512767,0.1570128123223407,0.092516879528936,0.0,none,0.6222143980748582,1.0,1.0,1.0,0.6222143980748582,False
LIE,18,Rule of law,0.8785909260219854,1,0,1.0,0.2495296918512767,0.1570128123223407,0.092516879528936,0.0,none,0.8785909260219854,1.0,1.0,1.0,0.8785909260219854,True
LKA,18,Rule of law,0.5254234875425561,6,0,1.0,0.2495296918512767,0.1570128123223407,0.092516879528936,0.0,none,0.5254234875425561,1.0,1.0,1.0,0.5254234875425561,False
LSO,18,Rule of law,0.497883684242122,5,0,1.0,0.2495296918512767,0.1570128123223407,0.092516879528936,0.0,none,0.497883684242122,1.0,1.0,1.0,0.497883684242122,False
LTU,18,Rule of law,0.651064870421251,6,0,1.0,0.2495296918512767,0.1570128123223407,0.092516879528936,0.0,none,0.651064870421251,1.0,1.0,1.0,0.651064870421251,False
LUX,18,Rule of law,0.7983843284304519,6,0,1.0,0.2495296918512767,0.1570128123223407,0.092516879528936,0.0,none,0.7983843284304519,1.0,1.0,1.0,0.7983843284304519,False
LVA,18,Rule of law,0.6647696729874001,6,0,1.0,0.2495296918512767,0.1570128123223407,0.092516879528936,0.0,none,0.6647696729874001,1.0,1.0,1.0,0.6647696729874001,False
MAR,18,Rule of law,0.4358247752554331,6,0,1.0,0.2495296918512767,0.1570128123223407,0.092516879528936,0.0,none,0.4358247752554331,1.0,1.0,1.0,0.4358247752554331,False
MDA,18,Rule of law,0.4924803248025821,6,0,1.0,0.2495296918512767,0.1570128123223407,0.092516879528936,0.0,none,0.4924803248025821,1.0,1.0,1.0,0.4924803248025821,False
MDG,18,Rule of law,0.302836680715897,6,0,1.0,0.2495296918512767,0.1570128123223407,0.092516879528936,0.0,none,0.302836680715897,1.0,1.0,1.0,0.302836680715897,False
MDV,18,Rule of law,0.5446367149530402,5,0,1.0,0.2495296918512767,0.1570128123223407,0.092516879528936,0.0,none,0.5446367149530402,1.0,1.0,1.0,0.5446367149530402,False
MEX,18,Rule of law,0.3879337427668829,6,0,1.0,0.2495296918512767,0.1570128123223407,0.092516879528936,0.0,none,0.3879337427668829,1.0,1.0,1.0,0.3879337427668829,False
MHL,18,Rule of law,0.502443469604674,1,0,1.0,0.2495296918512767,0.1570128123223407,0.092516879528936,0.0,none,0.502443469604674,1.0,1.0,1.0,0.502443469604674,True
MKD,18,Rule of law,0.4009116620683303,6,0,1.0,0.2495296918512767,0.1570128123223407,0.092516879528936,0.0,none,0.4009116620683303,1.0,1.0,1.0,0.4009116620683303,False
MLI,18,Rule of law,0.3791762353164083,6,0,1.0,0.2495296918512767,0.1570128123223407,0.092516879528936,0.0,none,0.3791762353164083,1.0,1.0,1.0,0.3791762353164083,False
MLT,18,Rule of law,0.6221141623723846,6,0,1.0,0.2495296918512767,0.1570128123223407,0.092516879528936,0.0,none,0.6221141623723846,1.0,1.0,1.0,0.6221141623723846,False
MMR,18,Rule of law,0.3793293495817238,6,0,1.0,0.2495296918512767,0.1570128123223407,0.092516879528936,0.0,none,0.3793293495817238,1.0,1.0,1.0,0.3793293495817238,False
MNE,18,Rule of law,0.498317537565466,6,0,1.0,0.2495296918512767,0.1570128123223407,0.092516879528936,0.0,none,0.498317537565466,1.0,1.0,1.0,0.498317537565466,False
MNG,18,Rule of law,0.412620486970445,6,0,1.0,0.2495296918512767,0.1570128123223407,0.092516879528936,0.0,none,0.412620486970445,1.0,1.0,1.0,0.412620486970445,False
MOZ,18,Rule of law,0.4011904901093878,6,0,1.0,0.2495296918512767,0.1570128123223407,0.092516879528936,0.0,none,0.4011904901093878,1.0,1.0,1.0,0.4011904901093878,False
MRT,18,Rule of law,0.3621985448296351,6,0,1.0,0.2495296918512767,0.1570128123223407,0.092516879528936,0.0,none,0.3621985448296351,1.0,1.0,1.0,0.3621985448296351,False
MUS,18,Rule of law,0.5554393689882428,6,0,1.0,0.2495296918512767,0.1570128123223407,0.092516879528936,0.0,none,0.5554393689882428,1.0,1.0,1.0,0.5554393689882428,False
MWI,18,Rule of law,0.4338251524030648,6,0,1.0,0.2495296918512767,0.1570128123223407,0.092516879528936,0.0,none,0.4338251524030648,1.0,1.0,1.0,0.4338251524030648,False
MYS,18,Rule of law,0.5589532202827495,6,0,1.0,0.2495296918512767,0.1570128123223407,0.092516879528936,0.0,none,0.5589532202827495,1.0,1.0,1.0,0.5589532202827495,False
NAM,18,Rule of law,0.5749661448949727,6,0,1.0,0.2495296918512767,0.1570128123223407,0.092516879528936,0.0,none,0.5749661448949727,1.0,1.0,1.0,0.5749661448949727,False
NER,18,Rule of law,0.4434165698384642,6,0,1.0,0.2495296918512767,0.1570128123223407,0.092516879528936,0.0,none,0.4434165698384642,1.0,1.0,1.0,0.4434165698384642,False
NGA,18,Rule of law,0.3522593711863964,6,0,1.0,0.2495296918512767,0.1570128123223407,0.092516879528936,0.0,none,0.3522593711863964,1.0,1.0,1.0,0.3522593711863964,False
NIC,18,Rule of law,0.2640373499559298,6,0,1.0,0.2495296918512767,0.1570128123223407,0.092516879528936,0.0,none,0.2640373499559298,1.0,1.0,1.0,0.2640373499559298,False
NLD,18,Rule of law,0.7807188359698922,6,0,1.0,0.2495296918512767,0.1570128123223407,0.092516879528936,0.0,none,0.7807188359698922,1.0,1.0,1.0,0.7807188359698922,False
NOR,18,Rule of law,0.8324731261900918,6,0,1.0,0.2495296918512767,0.1570128123223407,0.092516879528936,0.0,none,0.8324731261900918,1.0,1.0,1.0,0.8324731261900918,False
NPL,18,Rule of law,0.4310168232508253,6,0,1.0,0.2495296918512767,0.1570128123223407,0.092516879528936,0.0,none,0.4310168232508253,1.0,1.0,1.0,0.4310168232508253,False
NRU,18,Rule of law,0.3295593048036358,1,0,1.0,0.2495296918512767,0.1570128123223407,0.092516879528936,0.0,none,0.3295593048036358,1.0,1.0,1.0,0.3295593048036358,True
NZL,18,Rule of law,0.8215484070510043,6,0,1.0,0.2495296918512767,0.1570128123223407,0.092516879528936,0.0,none,0.8215484070510043,1.0,1.0,1.0,0.8215484070510043,False
OMN,18,Rule of law,0.6188913194458252,5,0,1.0,0.2495296918512767,0.1570128123223407,0.092516879528936,0.0,none,0.6188913194458252,1.0,1.0,1.0,0.6188913194458252,False
PAK,18,Rule of law,0.3267260091873898,6,0,1.0,0.2495296918512767,0.1570128123223407,0.092516879528936,0.0,none,0.3267260091873898,1.0,1.0,1.0,0.3267260091873898,False
PAN,18,Rule of law,0.4459191445666004,6,0,1.0,0.2495296918512767,0.1570128123223407,0.092516879528936,0.0,none,0.4459191445666004,1.0,1.0,1.0,0.4459191445666004,False
PER,18,Rule of law,0.3581974456936896,6,0,1.0,0.2495296918512767,0.1570128123223407,0.092516879528936,0.0,none,0.3581974456936896,1.0,1.0,1.0,0.3581974456936896,False
PHL,18,Rule of law,0.3436406785745435,6,0,1.0,0.2495296918512767,0.1570128123223407,0.092516879528936,0.0,none,0.3436406785745435,1.0,1.0,1.0,0.3436406785745435,False
PLW,18,Rule of law,0.2764972133316495,1,0,1.0,0.2495296918512767,0.1570128123223407,0.092516879528936,0.0,none,0.2764972133316495,1.0,1.0,1.0,0.2764972133316495,True
PNG,18,Rule of law,0.4330202153316977,5,0,1.0,0.2495296918512767,0.1570128123223407,0.092516879528936,0.0,none,0.4330202153316977,1.0,1.0,1.0,0.4330202153316977,False
POL,18,Rule of law,0.6563921894222584,6,0,1.0,0.2495296918512767,0.1570128123223407,0.092516879528936,0.0,none,0.6563921894222584,1.0,1.0,1.0,0.6563921894222584,False
PRI,18,Rule of law,0.6717790790127199,1,0,1.0,0.2495296918512767,0.1570128123223407,0.092516879528936,0.0,none,0.6717790790127199,1.0,1.0,1.0,0.6717790790127199,True
PRT,18,Rule of law,0.6266044809769573,6,0,1.0,0.2495296918512767,0.1570128123223407,0.092516879528936,0.0,none,0.6266044809769573,1.0,1.0,1.0,0.6266044809769573,False
PRY,18,Rule of law,0.3225467878672992,6,0,1.0,0.2495296918512767,0.1570128123223407,0.092516879528936,0.0,none,0.3225467878672992,1.0,1.0,1.0,0.3225467878672992,False
PSE,18,Rule of law,0.5690658459817656,3,0,1.0,0.2495296918512767,0.1570128123223407,0.092516879528936,0.0,none,0.5690658459817656,1.0,1.0,1.0,0.5690658459817656,False
QAT,18,Rule of law,0.6199488847947175,6,0,1.0,0.2495296918512767,0.1570128123223407,0.092516879528936,0.0,none,0.6199488847947175,1.0,1.0,1.0,0.6199488847947175,False
ROU,18,Rule of law,0.5010254724476639,6,0,1.0,0.2495296918512767,0.1570128123223407,0.092516879528936,0.0,none,0.5010254724476639,1.0,1.0,1.0,0.5010254724476639,False
RUS,18,Rule of law,0.3643576444818475,6,0,1.0,0.2495296918512767,0.1570128123223407,0.092516879528936,0.0,none,0.3643576444818475,1.0,1.0,1.0,0.3643576444818475,False
RWA,18,Rule of law,0.5854980513329292,6,0,1.0,0.2495296918512767,0.1570128123223407,0.092516879528936,0.0,none,0.5854980513329292,1.0,1.0,1.0,0.5854980513329292,False
SAU,18,Rule of law,0.6004222008875151,5,0,1.0,0.2495296918512767,0.1570128123223407,0.092516879528936,0.0,none,0.6004222008875151,1.0,1.0,1.0,0.6004222008875151,False
SDN,18,Rule of law,0.3351666382592275,6,0,1.0,0.2495296918512767,0.1570128123223407,0.092516879528936,0.0,none,0.3351666382592275,1.0,1.0,1.0,0.3351666382592275,False
SEN,18,Rule of law,0.5272112813170938,6,0,1.0,0.2495296918512767,0.1570128123223407,0.092516879528936,0.0,none,0.5272112813170938,1.0,1.0,1.0,0.5272112813170938,False
SGP,18,Rule of law,0.8273034716301965,6,0,1.0,0.2495296918512767,0.1570128123223407,0.092516879528936,0.0,none,0.8273034716301965,1.0,1.0,1.0,0.8273034716301965,False
SLB,18,Rule of law,0.4541081510473513,5,0,1.0,0.2495296918512767,0.1570128123223407,0.092516879528936,0.0,none,0.4541081510473513,1.0,1.0,1.0,0.4541081510473513,False
SLE,18,Rule of law,0.4378878939901667,6,0,1.0,0.2495296918512767,0.1570128123223407,0.092516879528936,0.0,none,0.4378878939901667,1.0,1.0,1.0,0.4378878939901667,False
SLV,18,Rule of law,0.3969989974314648,6,0,1.0,0.2495296918512767,0.1570128123223407,0.092516879528936,0.0,none,0.3969989974314648,1.0,1.0,1.0,0.3969989974314648,False
SOM,18,Rule of law,0.2632645724979799,5,0,1.0,0.2495296918512767,0.1570128123223407,0.092516879528936,0.0,none,0.2632645724979799,1.0,1.0,1.0,0.2632645724979799,False
SRB,18,Rule of law,0.3816999665235325,6,0,1.0,0.2495296918512767,0.1570128123223407,0.092516879528936,0.0,none,0.3816999665235325,1.0,1.0,1.0,0.3816999665235325,False
SSD,18,Rule of law,0.2752990091148236,5,0,1.0,0.2495296918512767,0.1570128123223407,0.092516879528936,0.0,none,0.2752990091148236,1.0,1.0,1.0,0.2752990091148236,False
STP,18,Rule of law,0.579650123446527,5,0,1.0,0.2495296918512767,0.1570128123223407,0.092516879528936,0.0,none,0.579650123446527,1.0,1.0,1.0,0.579650123446527,False
SUR,18,Rule of law,0.5496494869333142,6,0,1.0,0.2495296918512767,0.1570128123223407,0.092516879528936,0.0,none,0.5496494869333142,1.0,1.0,1.0,0.5496494869333142,False
SVK,18,Rule of law,0.5560940338878918,6,0,1.0,0.2495296918512767,0.1570128123223407,0.092516879528936,0.0,none,0.5560940338878918,1.0,1.0,1.0,0.5560940338878918,False
SVN,18,Rule of law,0.6600711433082135,6,0,1.0,0.2495296918512767,0.1570128123223407,0.092516879528936,0.0,none,0.6600711433082135,1.0,1.0,1.0,0.6600711433082135,False
SWE,18,Rule of law,0.8185829059828144,6,0,1.0,0.2495296918512767,0.1570128123223407,0.092516879528936,0.0,none,0.8185829059828144,1.0,1.0,1.0,0.8185829059828144,False
SWZ,18,Rule of law,0.4810311127228874,5,0,1.0,0.2495296918512767,0.1570128123223407,0.092516879528936,0.0,none,0.4810311127228874,1.0,1.0,1.0,0.4810311127228874,False
SYC,18,Rule of law,0.7462701619690386,5,0,1.0,0.2495296918512767,0.1570128123223407,0.092516879528936,0.0,none,0.7462701619690386,1.0,1.0,1.0,0.7462701619690386,False
SYR,18,Rule of law,0.32264061721328,5,0,1.0,0.2495296918512767,0.1570128123223407,0.092516879528936,0.0,none,0.32264061721328,1.0,1.0,1.0,0.32264061721328,False
TCD,18,Rule of law,0.2773069385397036,5,0,1.0,0.2495296918512767,0.1570128123223407,0.092516879528936,0.0,none,0.2773069385397036,1.0,1.0,1.0,0.2773069385397036,False
TGO,18,Rule of law,0.3829480266791569,6,0,1.0,0.2495296918512767,0.1570128123223407,0.092516879528936,0.0,none,0.3829480266791569,1.0,1.0,1.0,0.3829480266791569,False
THA,18,Rule of law,0.4417706056588205,6,0,1.0,0.2495296918512767,0.1570128123223407,0.092516879528936,0.0,none,0.4417706056588205,1.0,1.0,1.0,0.4417706056588205,False
TJK,18,Rule of law,0.3201431501007904,5,0,1.0,0.2495296918512767,0.1570128123223407,0.092516879528936,0.0,none,0.3201431501007904,1.0,1.0,1.0,0.3201431501007904,False
TLS,18,Rule of law,0.5599141092210522,5,0,1.0,0.2495296918512767,0.1570128123223407,0.092516879528936,0.0,none,0.5599141092210522,1.0,1.0,1.0,0.5599141092210522,False
TON,18,Rule of law,0.559176302136154,1,0,1.0,0.2495296918512767,0.1570128123223407,0.092516879528936,0.0,none,0.559176302136154,1.0,1.0,1.0,0.559176302136154,True
TTO,18,Rule of law,0.5768366080419125,6,0,1.0,0.2495296918512767,0.1570128123223407,0.092516879528936,0.0,none,0.5768366080419125,1.0,1.0,1.0,0.5768366080419125,False
TUN,18,Rule of law,0.5007130479326499,6,0,1.0,0.2495296918512767,0.1570128123223407,0.092516879528936,0.0,none,0.5007130479326499,1.0,1.0,1.0,0.5007130479326499,False
TUR,18,Rule of law,0.3905235611394817,6,0,1.0,0.2495296918512767,0.1570128123223407,0.092516879528936,0.0,none,0.3905235611394817,1.0,1.0,1.0,0.3905235611394817,False
TUV,18,Rule of law,0.5803123580932747,1,0,1.0,0.2495296918512767,0.1570128123223407,0.092516879528936,0.0,none,0.5803123580932747,1.0,1.0,1.0,0.5803123580932747,True
TZA,18,Rule of law,0.4833445914322284,6,0,1.0,0.2495296918512767,0.1570128123223407,0.092516879528936,0.0,none,0.4833445914322284,1.0,1.0,1.0,0.4833445914322284,False
UGA,18,Rule of law,0.3079044783947062,6,0,1.0,0.2495296918512767,0.1570128123223407,0.092516879528936,0.0,none,0.3079044783947062,1.0,1.0,1.0,0.3079044783947062,False
UKR,18,Rule of law,0.3970342653903004,6,0,1.0,0.2495296918512767,0.1570128123223407,0.092516879528936,0.0,none,0.3970342653903004,1.0,1.0,1.0,0.3970342653903004,False
URY,18,Rule of law,0.7350135777593452,6,0,1.0,0.2495296918512767,0.1570128123223407,0.092516879528936,0.0,none,0.7350135777593452,1.0,1.0,1.0,0.7350135777593452,False
USA,18,Rule of law,0.705945705441759,6,0,1.0,0.2495296918512767,0.1570128123223407,0.092516879528936,0.0,none,0.705945705441759,1.0,1.0,1.0,0.705945705441759,False
UZB,18,Rule of law,0.3793913620715756,6,0,1.0,0.2495296918512767,0.1570128123223407,0.092516879528936,0.0,none,0.3793913620715756,1.0,1.0,1.0,0.3793913620715756,False
VCT,18,Rule of law,0.6596021232964371,3,0,1.0,0.2495296918512767,0.1570128123223407,0.092516879528936,0.0,none,0.6596021232964371,1.0,1.0,1.0,0.6596021232964371,False
VEN,18,Rule of law,0.2495296918512767,6,0,1.0,0.2495296918512767,0.1570128123223407,0.092516879528936,0.0,none,0.2495296918512767,1.0,1.0,1.0,0.2495296918512767,False
VNM,18,Rule of law,0.4685859275734824,6,0,1.0,0.2495296918512767,0.1570128123223407,0.092516879528936,0.0,none,0.4685859275734824,1.0,1.0,1.0,0.4685859275734824,False
VUT,18,Rule of law,0.5736924614913058,5,0,1.0,0.2495296918512767,0.1570128123223407,0.092516879528936,0.0,none,0.5736924614913058,1.0,1.0,1.0,0.5736924614913058,False
WSM,18,Rule of law,0.6842901152809865,1,0,1.0,0.2495296918512767,0.1570128123223407,0.092516879528936,0.0,none,0.6842901152809865,1.0,1.0,1.0,0.6842901152809865,True
XKX,18,Rule of law,0.5238895395402436,5,0,1.0,0.2495296918512767,0.1570128123223407,0.092516879528936,0.0,none,0.5238895395402436,1.0,1.0,1.0,0.5238895395402436,False
YEM,18,Rule of law,0.2546663652472531,5,0,1.0,0.2495296918512767,0.1570128123223407,0.092516879528936,0.0,none,0.2546663652472531,1.0,1.0,1.0,0.2546663652472531,False
ZAF,18,Rule of law,0.4851048231477772,6,0,1.0,0.2495296918512767,0.1570128123223407,0.092516879528936,0.0,none,0.4851048231477772,1.0,1.0,1.0,0.4851048231477772,False
ZMB,18,Rule of law,0.4641171672388495,6,0,1.0,0.2495296918512767,0.1570128123223407,0.092516879528936,0.0,none,0.4641171672388495,1.0,1.0,1.0,0.4641171672388495,False
ZWE,18,Rule of law,0.3212431043882521,6,0,1.0,0.2495296918512767,0.1570128123223407,0.092516879528936,0.0,none,0.3212431043882521,1.0,1.0,1.0,0.3212431043882521,False
AFG,19,Accountability,0.3476029735418072,5,0,1.0,0.1469987515038863,0.15632324627035651,0.0,0.0,none,0.3476029735418072,1.0,1.0,1.0,0.3476029735418072,False
AGO,19,Accountability,0.2910760194953446,5,0,1.0,0.1469987515038863,0.15632324627035651,0.0,0.0,none,0.2910760194953446,1.0,1.0,1.0,0.2910760194953446,False
ALB,19,Accountability,0.5154354405700007,5,0,1.0,0.1469987515038863,0.15632324627035651,0.0,0.0,none,0.5154354405700007,1.0,1.0,1.0,0.5154354405700007,False
ARE,19,Accountability,0.2822389880186906,5,0,1.0,0.1469987515038863,0.15632324627035651,0.0,0.0,none,0.2822389880186906,1.0,1.0,1.0,0.2822389880186906,False
ARG,19,Accountability,0.5767222031626049,5,0,1.0,0.1469987515038863,0.15632324627035651,0.0,0.0,none,0.5767222031626049,1.0,1.0,1.0,0.5767222031626049,False
ARM,19,Accountability,0.4836952508835692,5,0,1.0,0.1469987515038863,0.15632324627035651,0.0,0.0,none,0.4836952508835692,1.0,1.0,1.0,0.4836952508835692,False
AUS,19,Accountability,0.680889921885007,5,0,1.0,0.1469987515038863,0.15632324627035651,0.0,0.0,none,0.680889921885007,1.0,1.0,1.0,0.680889921885007,False
AUT,19,Accountability,0.6652798602704607,5,0,1.0,0.1469987515038863,0.15632324627035651,0.0,0.0,none,0.6652798602704607,1.0,1.0,1.0,0.6652798602704607,False
AZE,19,Accountability,0.197290465641846,5,0,1.0,0.1469987515038863,0.15632324627035651,0.0,0.0,none,0.197290465641846,1.0,1.0,1.0,0.197290465641846,False
BDI,19,Accountability,0.2808445280228697,5,0,1.0,0.1469987515038863,0.15632324627035651,0.0,0.0,none,0.2808445280228697,1.0,1.0,1.0,0.2808445280228697,False
BEL,19,Accountability,0.6489087686163394,5,0,1.0,0.1469987515038863,0.15632324627035651,0.0,0.0,none,0.6489087686163394,1.0,1.0,1.0,0.6489087686163394,False
BEN,19,Accountability,0.3403683668073684,5,0,1.0,0.1469987515038863,0.15632324627035651,0.0,0.0,none,0.3403683668073684,1.0,1.0,1.0,0.3403683668073684,False
BFA,19,Accountability,0.3195401145358146,5,0,1.0,0.1469987515038863,0.15632324627035651,0.0,0.0,none,0.3195401145358146,1.0,1.0,1.0,0.3195401145358146,False
BGD,19,Accountability,0.2784559859405884,5,0,1.0,0.1469987515038863,0.15632324627035651,0.0,0.0,none,0.2784559859405884,1.0,1.0,1.0,0.2784559859405884,False
BGR,19,Accountability,0.6490556368968126,5,0,1.0,0.1469987515038863,0.15632324627035651,0.0,0.0,none,0.6490556368968126,1.0,1.0,1.0,0.6490556368968126,False
BHR,19,Accountability,0.2502012269822081,5,0,1.0,0.1469987515038863,0.15632324627035651,0.0,0.0,none,0.2502012269822081,1.0,1.0,1.0,0.2502012269822081,False
BIH,19,Accountability,0.4174340906637891,5,0,1.0,0.1469987515038863,0.15632324627035651,0.0,0.0,none,0.4174340906637891,1.0,1.0,1.0,0.4174340906637891,False
BLR,19,Accountability,0.1630155330885022,5,0,1.0,0.1469987515038863,0.15632324627035651,0.0,0.0,none,0.1630155330885022,1.0,1.0,1.0,0.1630155330885022,False
BOL,19,Accountability,0.4793180079214763,5,0,1.0,0.1469987515038863,0.15632324627035651,0.0,0.0,none,0.4793180079214763,1.0,1.0,1.0,0.4793180079214763,False
BRA,19,Accountability,0.6920935759130337,5,0,1.0,0.1469987515038863,0.15632324627035651,0.0,0.0,none,0.6920935759130337,1.0,1.0,1.0,0.6920935759130337,False
BRB,19,Accountability,0.5421192336266873,5,0,1.0,0.1469987515038863,0.15632324627035651,0.0,0.0,none,0.5421192336266873,1.0,1.0,1.0,0.5421192336266873,False
BTN,19,Accountability,0.6220460440855582,5,0,1.0,0.1469987515038863,0.15632324627035651,0.0,0.0,none,0.6220460440855582,1.0,1.0,1.0,0.6220460440855582,False
BWA,19,Accountability,0.5365703681890477,5,0,1.0,0.1469987515038863,0.15632324627035651,0.0,0.0,none,0.5365703681890477,1.0,1.0,1.0,0.5365703681890477,False
CAF,19,Accountability,0.2852615882882325,5,0,1.0,0.1469987515038863,0.15632324627035651,0.0,0.0,none,0.2852615882882325,1.0,1.0,1.0,0.2852615882882325,False
CAN,19,Accountability,0.6239804161820823,5,0,1.0,0.1469987515038863,0.15632324627035651,0.0,0.0,none,0.6239804161820823,1.0,1.0,1.0,0.6239804161820823,False
CHE,19,Accountability,0.7016987346918886,5,0,1.0,0.1469987515038863,0.15632324627035651,0.0,0.0,none,0.7016987346918886,1.0,1.0,1.0,0.7016987346918886,False
CHL,19,Accountability,0.7310148091067711,5,0,1.0,0.1469987515038863,0.15632324627035651,0.0,0.0,none,0.7310148091067711,1.0,1.0,1.0,0.7310148091067711,False
CHN,19,Accountability,0.2522358871630735,5,0,1.0,0.1469987515038863,0.15632324627035651,0.0,0.0,none,0.2522358871630735,1.0,1.0,1.0,0.2522358871630735,False
CIV,19,Accountability,0.3682382615147942,5,0,1.0,0.1469987515038863,0.15632324627035651,0.0,0.0,none,0.3682382615147942,1.0,1.0,1.0,0.3682382615147942,False
CMR,19,Accountability,0.333676457527759,5,0,1.0,0.1469987515038863,0.15632324627035651,0.0,0.0,none,0.333676457527759,1.0,1.0,1.0,0.333676457527759,False
COD,19,Accountability,0.3492731211458558,5,0,1.0,0.1469987515038863,0.15632324627035651,0.0,0.0,none,0.3492731211458558,1.0,1.0,1.0,0.3492731211458558,False
COG,19,Accountability,0.3599450210853213,5,0,1.0,0.1469987515038863,0.15632324627035651,0.0,0.0,none,0.3599450210853213,1.0,1.0,1.0,0.3599450210853213,False
COL,19,Accountability,0.648284870155506,5,0,1.0,0.1469987515038863,0.15632324627035651,0.0,0.0,none,0.648284870155506,1.0,1.0,1.0,0.648284870155506,False
COM,19,Accountability,0.3561695975767968,5,0,1.0,0.1469987515038863,0.15632324627035651,0.0,0.0,none,0.3561695975767968,1.0,1.0,1.0,0.3561695975767968,False
CPV,19,Accountability,0.5949481754291334,5,0,1.0,0.1469987515038863,0.15632324627035651,0.0,0.0,none,0.5949481754291334,1.0,1.0,1.0,0.5949481754291334,False
CRI,19,Accountability,0.7244742925870123,5,0,1.0,0.1469987515038863,0.15632324627035651,0.0,0.0,none,0.7244742925870123,1.0,1.0,1.0,0.7244742925870123,False
CUB,19,Accountability,0.2246278707250625,5,0,1.0,0.1469987515038863,0.15632324627035651,0.0,0.0,none,0.2246278707250625,1.0,1.0,1.0,0.2246278707250625,False
CYP,19,Accountability,0.5894501249694023,5,0,1.0,0.1469987515038863,0.15632324627035651,0.0,0.0,none,0.5894501249694023,1.0,1.0,1.0,0.5894501249694023,False
CZE,19,Accountability,0.6899176157050092,5,0,1.0,0.1469987515038863,0.15632324627035651,0.0,0.0,none,0.6899176157050092,1.0,1.0,1.0,0.6899176157050092,False
DEU,19,Accountability,0.7627390490066279,5,0,1.0,0.1469987515038863,0.15632324627035651,0.0,0.0,none,0.7627390490066279,1.0,1.0,1.0,0.7627390490066279,False
DJI,19,Accountability,0.2845510861632225,5,0,1.0,0.1469987515038863,0.15632324627035651,0.0,0.0,none,0.2845510861632225,1.0,1.0,1.0,0.2845510861632225,False
DNK,19,Accountability,0.7552767424424555,5,0,1.0,0.1469987515038863,0.15632324627035651,0.0,0.0,none,0.7552767424424555,1.0,1.0,1.0,0.7552767424424555,False
DOM,19,Accountability,0.4060907172374257,5,0,1.0,0.1469987515038863,0.15632324627035651,0.0,0.0,none,0.4060907172374257,1.0,1.0,1.0,0.4060907172374257,False
DZA,19,Accountability,0.3278699855462911,5,0,1.0,0.1469987515038863,0.15632324627035651,0.0,0.0,none,0.3278699855462911,1.0,1.0,1.0,0.3278699855462911,False
ECU,19,Accountability,0.4972000157727188,5,0,1.0,0.1469987515038863,0.15632324627035651,0.0,0.0,none,0.4972000157727188,1.0,1.0,1.0,0.4972000157727188,False
EGY,19,Accountability,0.2922390452518347,5,0,1.0,0.1469987515038863,0.15632324627035651,0.0,0.0,none,0.2922390452518347,1.0,1.0,1.0,0.2922390452518347,False
ESP,19,Accountability,0.6096910874682882,5,0,1.0,0.1469987515038863,0.15632324627035651,0.0,0.0,none,0.6096910874682882,1.0,1.0,1.0,0.6096910874682882,False
EST,19,Accountability,0.6813856239399425,5,0,1.0,0.1469987515038863,0.15632324627035651,0.0,0.0,none,0.6813856239399425,1.0,1.0,1.0,0.6813856239399425,False
ETH,19,Accountability,0.2518608078477915,5,0,1.0,0.1469987515038863,0.15632324627035651,0.0,0.0,none,0.2518608078477915,1.0,1.0,1.0,0.2518608078477915,False
FIN,19,Accountability,0.7268702929644405,5,0,1.0,0.1469987515038863,0.15632324627035651,0.0,0.0,none,0.7268702929644405,1.0,1.0,1.0,0.7268702929644405,False
FJI,19,Accountability,0.5473246150787594,5,0,1.0,0.1469987515038863,0.15632324627035651,0.0,0.0,none,0.5473246150787594,1.0,1.0,1.0,0.5473246150787594,False
FRA,19,Accountability,0.689452688346498,5,0,1.0,0.1469987515038863,0.15632324627035651,0.0,0.0,none,0.689452688346498,1.0,1.0,1.0,0.689452688346498,False
GAB,19,Accountability,0.2826167774609838,5,0,1.0,0.1469987515038863,0.15632324627035651,0.0,0.0,none,0.2826167774609838,1.0,1.0,1.0,0.2826167774609838,False
GBR,19,Accountability,0.704420289147226,5,0,1.0,0.1469987515038863,0.15632324627035651,0.0,0.0,none,0.704420289147226,1.0,1.0,1.0,0.704420289147226,False
GEO,19,Accountability,0.4905450028931136,5,0,1.0,0.1469987515038863,0.15632324627035651,0.0,0.0,none,0.4905450028931136,1.0,1.0,1.0,0.4905450028931136,False
GHA,19,Accountability,0.6394929465375766,5,0,1.0,0.1469987515038863,0.15632324627035651,0.0,0.0,none,0.6394929465375766,1.0,1.0,1.0,0.6394929465375766,False
GIN,19,Accountability,0.3775078060590605,5,0,1.0,0.1469987515038863,0.15632324627035651,0.0,0.0,none,0.3775078060590605,1.0,1.0,1.0,0.3775078060590605,False
GMB,19,Accountability,0.5164270914046318,5,0,1.0,0.1469987515038863,0.15632324627035651,0.0,0.0,none,0.5164270914046318,1.0,1.0,1.0,0.5164270914046318,False
GNB,19,Accountability,0.3894889823046306,5,0,1.0,0.1469987515038863,0.15632324627035651,0.0,0.0,none,0.3894889823046306,1.0,1.0,1.0,0.3894889823046306,False
GNQ,19,Accountability,0.2774794828009826,5,0,1.0,0.1469987515038863,0.15632324627035651,0.0,0.0,none,0.2774794828009826,1.0,1.0,1.0,0.2774794828009826,False
GRC,19,Accountability,0.505118673107442,5,0,1.0,0.1469987515038863,0.15632324627035651,0.0,0.0,none,0.505118673107442,1.0,1.0,1.0,0.505118673107442,False
GTM,19,Accountability,0.6706255574604731,5,0,1.0,0.1469987515038863,0.15632324627035651,0.0,0.0,none,0.6706255574604731,1.0,1.0,1.0,0.6706255574604731,False
GUY,19,Accountability,0.3617219541278068,5,0,1.0,0.1469987515038863,0.15632324627035651,0.0,0.0,none,0.3617219541278068,1.0,1.0,1.0,0.3617219541278068,False
HKG,19,Accountability,0.2793216302814402,5,0,1.0,0.1469987515038863,0.15632324627035651,0.0,0.0,none,0.2793216302814402,1.0,1.0,1.0,0.2793216302814402,False
HND,19,Accountability,0.435354121390789,5,0,1.0,0.1469987515038863,0.15632324627035651,0.0,0.0,none,0.435354121390789,1.0,1.0,1.0,0.435354121390789,False
HRV,19,Accountability,0.6386042745906477,5,0,1.0,0.1469987515038863,0.15632324627035651,0.0,0.0,none,0.6386042745906477,1.0,1.0,1.0,0.6386042745906477,False
HTI,19,Accountability,0.4319128114507337,5,0,1.0,0.1469987515038863,0.15632324627035651,0.0,0.0,none,0.4319128114507337,1.0,1.0,1.0,0.4319128114507337,False
HUN,19,Accountability,0.4500181523280989,5,0,1.0,0.1469987515038863,0.15632324627035651,0.0,0.0,none,0.4500181523280989,1.0,1.0,1.0,0.4500181523280989,False
IDN,19,Accountability,0.4673284992009066,5,0,1.0,0.1469987515038863,0.15632324627035651,0.0,0.0,none,0.4673284992009066,1.0,1.0,1.0,0.4673284992009066,False
IND,19,Accountability,0.4624741653298677,5,0,1.0,0.1469987515038863,0.15632324627035651,0.0,0.0,none,0.4624741653298677,1.0,1.0,1.0,0.4624741653298677,False
IRL,19,Accountability,0.6475524303980232,5,0,1.0,0.1469987515038863,0.15632324627035651,0.0,0.0,none,0.6475524303980232,1.0,1.0,1.0,0.6475524303980232,False
IRN,19,Accountability,0.4772500877083356,5,0,1.0,0.1469987515038863,0.15632324627035651,0.0,0.0,none,0.4772500877083356,1.0,1.0,1.0,0.4772500877083356,False
IRQ,19,Accountability,0.486873027729035,5,0,1.0,0.1469987515038863,0.15632324627035651,0.0,0.0,none,0.486873027729035,1.0,1.0,1.0,0.486873027729035,False
ISL,19,Accountability,0.5883207675912832,5,0,1.0,0.1469987515038863,0.15632324627035651,0.0,0.0,none,0.5883207675912832,1.0,1.0,1.0,0.5883207675912832,False
ISR,19,Accountability,0.6412260516331634,5,0,1.0,0.1469987515038863,0.15632324627035651,0.0,0.0,none,0.6412260516331634,1.0,1.0,1.0,0.6412260516331634,False
ITA,19,Accountability,0.6771787829278606,5,0,1.0,0.1469987515038863,0.15632324627035651,0.0,0.0,none,0.6771787829278606,1.0,1.0,1.0,0.6771787829278606,False
JAM,19,Accountability,0.5707744087012478,5,0,1.0,0.1469987515038863,0.15632324627035651,0.0,0.0,none,0.5707744087012478,1.0,1.0,1.0,0.5707744087012478,False
JOR,19,Accountability,0.5565595017028315,5,0,1.0,0.1469987515038863,0.15632324627035651,0.0,0.0,none,0.5565595017028315,1.0,1.0,1.0,0.5565595017028315,False
JPN,19,Accountability,0.6623952775512494,5,0,1.0,0.1469987515038863,0.15632324627035651,0.0,0.0,none,0.6623952775512494,1.0,1.0,1.0,0.6623952775512494,False
KAZ,19,Accountability,0.3688319147681665,5,0,1.0,0.1469987515038863,0.15632324627035651,0.0,0.0,none,0.3688319147681665,1.0,1.0,1.0,0.3688319147681665,False
KEN,19,Accountability,0.6237940681406094,5,0,1.0,0.1469987515038863,0.15632324627035651,0.0,0.0,none,0.6237940681406094,1.0,1.0,1.0,0.6237940681406094,False
KGZ,19,Accountability,0.3728306370741074,5,0,1.0,0.1469987515038863,0.15632324627035651,0.0,0.0,none,0.3728306370741074,1.0,1.0,1.0,0.3728306370741074,False
KHM,19,Accountability,0.1998868306354927,5,0,1.0,0.1469987515038863,0.15632324627035651,0.0,0.0,none,0.1998868306354927,1.0,1.0,1.0,0.1998868306354927,False
KOR,19,Accountability,0.6903590714785918,5,0,1.0,0.1469987515038863,0.15632324627035651,0.0,0.0,none,0.6903590714785918,1.0,1.0,1.0,0.6903590714785918,False
KWT,19,Accountability,0.5819208304970875,5,0,1.0,0.1469987515038863,0.15632324627035651,0.0,0.0,none,0.5819208304970875,1.0,1.0,1.0,0.5819208304970875,False
LAO,19,Accountability,0.3453672003714165,5,0,1.0,0.1469987515038863,0.15632324627035651,0.0,0.0,none,0.3453672003714165,1.0,1.0,1.0,0.3453672003714165,False
LBN,19,Accountability,0.4693725878781748,5,0,1.0,0.1469987515038863,0.15632324627035651,0.0,0.0,none,0.4693725878781748,1.0,1.0,1.0,0.4693725878781748,False
LBR,19,Accountability,0.4894485863397232,5,0,1.0,0.1469987515038863,0.15632324627035651,0.0,0.0,none,0.4894485863397232,1.0,1.0,1.0,0.4894485863397232,False
LBY,19,Accountability,0.4219625073261882,5,0,1.0,0.1469987515038863,0.15632324627035651,0.0,0.0,none,0.4219625073261882,1.0,1.0,1.0,0.4219625073261882,False
LKA,19,Accountability,0.5059038170476681,5,0,1.0,0.1469987515038863,0.15632324627035651,0.0,0.0,none,0.5059038170476681,1.0,1.0,1.0,0.5059038170476681,False
LSO,19,Accountability,0.5030343933451349,5,0,1.0,0.1469987515038863,0.15632324627035651,0.0,0.0,none,0.5030343933451349,1.0,1.0,1.0,0.5030343933451349,False
LTU,19,Accountability,0.6645692895195967,5,0,1.0,0.1469987515038863,0.15632324627035651,0.0,0.0,none,0.6645692895195967,1.0,1.0,1.0,0.6645692895195967,False
LUX,19,Accountability,0.6376647992078182,5,0,1.0,0.1469987515038863,0.15632324627035651,0.0,0.0,none,0.6376647992078182,1.0,1.0,1.0,0.6376647992078182,False
LVA,19,Accountability,0.6001176584680912,5,0,1.0,0.1469987515038863,0.15632324627035651,0.0,0.0,none,0.6001176584680912,1.0,1.0,1.0,0.6001176584680912,False
MAR,19,Accountability,0.5418903933043997,5,0,1.0,0.1469987515038863,0.15632324627035651,0.0,0.0,none,0.5418903933043997,1.0,1.0,1.0,0.5418903933043997,False
MDA,19,Accountability,0.5364858429404848,5,0,1.0,0.1469987515038863,0.15632324627035651,0.0,0.0,none,0.5364858429404848,1.0,1.0,1.0,0.5364858429404848,False
MDG,19,Accountability,0.4426135867575805,5,0,1.0,0.1469987515038863,0.15632324627035651,0.0,0.0,none,0.4426135867575805,1.0,1.0,1.0,0.4426135867575805,False
MDV,19,Accountability,0.5618399101281947,5,0,1.0,0.1469987515038863,0.15632324627035651,0.0,0.0,none,0.5618399101281947,1.0,1.0,1.0,0.5618399101281947,False
MEX,19,Accountability,0.3636773202367834,5,0,1.0,0.1469987515038863,0.15632324627035651,0.0,0.0,none,0.3636773202367834,1.0,1.0,1.0,0.3636773202367834,False
MKD,19,Accountability,0.5238251638726092,5,0,1.0,0.1469987515038863,0.15632324627035651,0.0,0.0,none,0.5238251638726092,1.0,1.0,1.0,0.5238251638726092,False
MLI,19,Accountability,0.2419328822522923,5,0,1.0,0.1469987515038863,0.15632324627035651,0.0,0.0,none,0.2419328822522923,1.0,1.0,1.0,0.2419328822522923,False
MLT,19,Accountability,0.5111646210148784,5,0,1.0,0.1469987515038863,0.15632324627035651,0.0,0.0,none,0.5111646210148784,1.0,1.0,1.0,0.5111646210148784,False
MMR,19,Accountability,0.3296195493990932,5,0,1.0,0.1469987515038863,0.15632324627035651,0.0,0.0,none,0.3296195493990932,1.0,1.0,1.0,0.3296195493990932,False
MNE,19,Accountability,0.5597982255014823,5,0,1.0,0.1469987515038863,0.15632324627035651,0.0,0.0,none,0.5597982255014823,1.0,1.0,1.0,0.5597982255014823,False
MNG,19,Accountability,0.6108458454365877,5,0,1.0,0.1469987515038863,0.15632324627035651,0.0,0.0,none,0.6108458454365877,1.0,1.0,1.0,0.6108458454365877,False
MOZ,19,Accountability,0.4007227643293216,5,0,1.0,0.1469987515038863,0.15632324627035651,0.0,0.0,none,0.4007227643293216,1.0,1.0,1.0,0.4007227643293216,False
MRT,19,Accountability,0.3970110150575542,5,0,1.0,0.1469987515038863,0.15632324627035651,0.0,0.0,none,0.3970110150575542,1.0,1.0,1.0,0.3970110150575542,False
MUS,19,Accountability,0.6751379566533544,5,0,1.0,0.1469987515038863,0.15632324627035651,0.0,0.0,none,0.6751379566533544,1.0,1.0,1.0,0.6751379566533544,False
MWI,19,Accountability,0.6773955858722545,5,0,1.0,0.1469987515038863,0.15632324627035651,0.0,0.0,none,0.6773955858722545,1.0,1.0,1.0,0.6773955858722545,False
MYS,19,Accountability,0.4410067567121918,5,0,1.0,0.1469987515038863,0.15632324627035651,0.0,0.0,none,0.4410067567121918,1.0,1.0,1.0,0.4410067567121918,False
NAM,19,Accountability,0.5750309084374339,5,0,1.0,0.1469987515038863,0.15632324627035651,0.0,0.0,none,0.5750309084374339,1.0,1.0,1.0,0.5750309084374339,False
NER,19,Accountability,0.3261760866035259,5,0,1.0,0.1469987515038863,0.15632324627035651,0.0,0.0,none,0.3261760866035259,1.0,1.0,1.0,0.3261760866035259,False
NGA,19,Accountability,0.4626879612574313,5,0,1.0,0.1469987515038863,0.15632324627035651,0.0,0.0,none,0.4626879612574313,1.0,1.0,1.0,0.4626879612574313,False
NIC,19,Accountability,0.1469987515038863,5,0,1.0,0.1469987515038863,0.15632324627035651,0.0,0.0,none,0.1469987515038863,1.0,1.0,1.0,0.1469987515038863,False
NLD,19,Accountability,0.7114100798667751,5,0,1.0,0.1469987515038863,0.15632324627035651,0.0,0.0,none,0.7114100798667751,1.0,1.0,1.0,0.7114100798667751,False
NOR,19,Accountability,0.7670175978896043,5,0,1.0,0.1469987515038863,0.15632324627035651,0.0,0.0,none,0.7670175978896043,1.0,1.0,1.0,0.7670175978896043,False
NPL,19,Accountability,0.5834649237531819,5,0,1.0,0.1469987515038863,0.15632324627035651,0.0,0.0,none,0.5834649237531819,1.0,1.0,1.0,0.5834649237531819,False
NZL,19,Accountability,0.6384296177886574,5,0,1.0,0.1469987515038863,0.15632324627035651,0.0,0.0,none,0.6384296177886574,1.0,1.0,1.0,0.6384296177886574,False
OMN,19,Accountability,0.3542505292073884,5,0,1.0,0.1469987515038863,0.15632324627035651,0.0,0.0,none,0.3542505292073884,1.0,1.0,1.0,0.3542505292073884,False
PAK,19,Accountability,0.4369882363408686,5,0,1.0,0.1469987515038863,0.15632324627035651,0.0,0.0,none,0.4369882363408686,1.0,1.0,1.0,0.4369882363408686,False
PAN,19,Accountability,0.6019128618939147,5,0,1.0,0.1469987515038863,0.15632324627035651,0.0,0.0,none,0.6019128618939147,1.0,1.0,1.0,0.6019128618939147,False
PER,19,Accountability,0.5966436005641953,5,0,1.0,0.1469987515038863,0.15632324627035651,0.0,0.0,none,0.5966436005641953,1.0,1.0,1.0,0.5966436005641953,False
PHL,19,Accountability,0.5504396075007693,5,0,1.0,0.1469987515038863,0.15632324627035651,0.0,0.0,none,0.5504396075007693,1.0,1.0,1.0,0.5504396075007693,False
PNG,19,Accountability,0.5846587812610361,5,0,1.0,0.1469987515038863,0.15632324627035651,0.0,0.0,none,0.5846587812610361,1.0,1.0,1.0,0.5846587812610361,False
POL,19,Accountability,0.671607790801737,5,0,1.0,0.1469987515038863,0.15632324627035651,0.0,0.0,none,0.671607790801737,1.0,1.0,1.0,0.671607790801737,False
PRT,19,Accountability,0.6541881911238663,5,0,1.0,0.1469987515038863,0.15632324627035651,0.0,0.0,none,0.6541881911238663,1.0,1.0,1.0,0.6541881911238663,False
PRY,19,Accountability,0.4269682329886354,5,0,1.0,0.1469987515038863,0.15632324627035651,0.0,0.0,none,0.4269682329886354,1.0,1.0,1.0,0.4269682329886354,False
PSE,19,Accountability,0.2825241139839083,5,0,1.0,0.1469987515038863,0.15632324627035651,0.0,0.0,none,0.2825241139839083,1.0,1.0,1.0,0.2825241139839083,False
QAT,19,Accountability,0.1988575873133305,5,0,1.0,0.1469987515038863,0.15632324627035651,0.0,0.0,none,0.1988575873133305,1.0,1.0,1.0,0.1988575873133305,False
ROU,19,Accountability,0.5290909411839597,5,0,1.0,0.1469987515038863,0.15632324627035651,0.0,0.0,none,0.5290909411839597,1.0,1.0,1.0,0.5290909411839597,False
RUS,19,Accountability,0.2003673110597801,5,0,1.0,0.1469987515038863,0.15632324627035651,0.0,0.0,none,0.2003673110597801,1.0,1.0,1.0,0.2003673110597801,False
RWA,19,Accountability,0.3613527733710261,5,0,1.0,0.1469987515038863,0.15632324627035651,0.0,0.0,none,0.3613527733710261,1.0,1.0,1.0,0.3613527733710261,False
SAU,19,Accountability,0.2029548808544163,5,0,1.0,0.1469987515038863,0.15632324627035651,0.0,0.0,none,0.2029548808544163,1.0,1.0,1.0,0.2029548808544163,False
SDN,19,Accountability,0.3484499628997025,5,0,1.0,0.1469987515038863,0.15632324627035651,0.0,0.0,none,0.3484499628997025,1.0,1.0,1.0,0.3484499628997025,False
SEN,19,Accountability,0.5538386162211657,5,0,1.0,0.1469987515038863,0.15632324627035651,0.0,0.0,none,0.5538386162211657,1.0,1.0,1.0,0.5538386162211657,False
SGP,19,Accountability,0.4506729601504594,5,0,1.0,0.1469987515038863,0.15632324627035651,0.0,0.0,none,0.4506729601504594,1.0,1.0,1.0,0.4506729601504594,False
SLB,19,Accountability,0.5191513058450554,5,0,1.0,0.1469987515038863,0.15632324627035651,0.0,0.0,none,0.5191513058450554,1.0,1.0,1.0,0.5191513058450554,False
SLE,19,Accountability,0.5181787975969165,5,0,1.0,0.1469987515038863,0.15632324627035651,0.0,0.0,none,0.5181787975969165,1.0,1.0,1.0,0.5181787975969165,False
SLV,19,Accountability,0.1988813805063921,5,0,1.0,0.1469987515038863,0.15632324627035651,0.0,0.0,none,0.1988813805063921,1.0,1.0,1.0,0.1988813805063921,False
SOM,19,Accountability,0.4908046977149254,5,0,1.0,0.1469987515038863,0.15632324627035651,0.0,0.0,none,0.4908046977149254,1.0,1.0,1.0,0.4908046977149254,False
SRB,19,Accountability,0.3863726638808465,5,0,1.0,0.1469987515038863,0.15632324627035651,0.0,0.0,none,0.3863726638808465,1.0,1.0,1.0,0.3863726638808465,False
SSD,19,Accountability,0.331384930159636,5,0,1.0,0.1469987515038863,0.15632324627035651,0.0,0.0,none,0.331384930159636,1.0,1.0,1.0,0.331384930159636,False
STP,19,Accountability,0.6079220045768061,5,0,1.0,0.1469987515038863,0.15632324627035651,0.0,0.0,none,0.6079220045768061,1.0,1.0,1.0,0.6079220045768061,False
SUR,19,Accountability,0.5028068514653959,5,0,1.0,0.1469987515038863,0.15632324627035651,0.0,0.0,none,0.5028068514653959,1.0,1.0,1.0,0.5028068514653959,False
SVK,19,Accountability,0.5301853888628882,5,0,1.0,0.1469987515038863,0.15632324627035651,0.0,0.0,none,0.5301853888628882,1.0,1.0,1.0,0.5301853888628882,False
SVN,19,Accountability,0.6377433889699067,5,0,1.0,0.1469987515038863,0.15632324627035651,0.0,0.0,none,0.6377433889699067,1.0,1.0,1.0,0.6377433889699067,False
SWE,19,Accountability,0.7766521044182693,5,0,1.0,0.1469987515038863,0.15632324627035651,0.0,0.0,none,0.7766521044182693,1.0,1.0,1.0,0.7766521044182693,False
SWZ,19,Accountability,0.4037723945468816,5,0,1.0,0.1469987515038863,0.15632324627035651,0.0,0.0,none,0.4037723945468816,1.0,1.0,1.0,0.4037723945468816,False
SYC,19,Accountability,0.6058699024522666,5,0,1.0,0.1469987515038863,0.15632324627035651,0.0,0.0,none,0.6058699024522666,1.0,1.0,1.0,0.6058699024522666,False
SYR,19,Accountability,0.2938873226869946,5,0,1.0,0.1469987515038863,0.15632324627035651,0.0,0.0,none,0.2938873226869946,1.0,1.0,1.0,0.2938873226869946,False
TCD,19,Accountability,0.2729496228549014,5,0,1.0,0.1469987515038863,0.15632324627035651,0.0,0.0,none,0.2729496228549014,1.0,1.0,1.0,0.2729496228549014,False
TGO,19,Accountability,0.3100476785875236,5,0,1.0,0.1469987515038863,0.15632324627035651,0.0,0.0,none,0.3100476785875236,1.0,1.0,1.0,0.3100476785875236,False
THA,19,Accountability,0.6799172158034312,5,0,1.0,0.1469987515038863,0.15632324627035651,0.0,0.0,none,0.6799172158034312,1.0,1.0,1.0,0.6799172158034312,False
TJK,19,Accountability,0.267127533707472,5,0,1.0,0.1469987515038863,0.15632324627035651,0.0,0.0,none,0.267127533707472,1.0,1.0,1.0,0.267127533707472,False
TLS,19,Accountability,0.5167492198923416,5,0,1.0,0.1469987515038863,0.15632324627035651,0.0,0.0,none,0.5167492198923416,1.0,1.0,1.0,0.5167492198923416,False
TTO,19,Accountability,0.621535653653394,5,0,1.0,0.1469987515038863,0.15632324627035651,0.0,0.0,none,0.621535653653394,1.0,1.0,1.0,0.621535653653394,False
TUN,19,Accountability,0.4344165485516318,5,0,1.0,0.1469987515038863,0.15632324627035651,0.0,0.0,none,0.4344165485516318,1.0,1.0,1.0,0.4344165485516318,False
TUR,19,Accountability,0.2892237268988586,5,0,1.0,0.1469987515038863,0.15632324627035651,0.0,0.0,none,0.2892237268988586,1.0,1.0,1.0,0.2892237268988586,False
TZA,19,Accountability,0.5357409486335842,5,0,1.0,0.1469987515038863,0.15632324627035651,0.0,0.0,none,0.5357409486335842,1.0,1.0,1.0,0.5357409486335842,False
UGA,19,Accountability,0.5354160975555219,5,0,1.0,0.1469987515038863,0.15632324627035651,0.0,0.0,none,0.5354160975555219,1.0,1.0,1.0,0.5354160975555219,False
UKR,19,Accountability,0.5098504039554328,5,0,1.0,0.1469987515038863,0.15632324627035651,0.0,0.0,none,0.5098504039554328,1.0,1.0,1.0,0.5098504039554328,False
URY,19,Accountability,0.6727286273393661,5,0,1.0,0.1469987515038863,0.15632324627035651,0.0,0.0,none,0.6727286273393661,1.0,1.0,1.0,0.6727286273393661,False
USA,19,Accountability,0.4967209507594184,5,0,1.0,0.1469987515038863,0.15632324627035651,0.0,0.0,none,0.4967209507594184,1.0,1.0,1.0,0.4967209507594184,False
UZB,19,Accountability,0.2204849634001122,5,0,1.0,0.1469987515038863,0.15632324627035651,0.0,0.0,none,0.2204849634001122,1.0,1.0,1.0,0.2204849634001122,False
VEN,19,Accountability,0.1681051019548746,5,0,1.0,0.1469987515038863,0.15632324627035651,0.0,0.0,none,0.1681051019548746,1.0,1.0,1.0,0.1681051019548746,False
VNM,19,Accountability,0.4156531297495351,5,0,1.0,0.1469987515038863,0.15632324627035651,0.0,0.0,none,0.4156531297495351,1.0,1.0,1.0,0.4156531297495351,False
VUT,19,Accountability,0.5737850506576313,5,0,1.0,0.1469987515038863,0.15632324627035651,0.0,0.0,none,0.5737850506576313,1.0,1.0,1.0,0.5737850506576313,False
XKX,19,Accountability,0.5322269970577214,5,0,1.0,0.1469987515038863,0.15632324627035651,0.0,0.0,none,0.5322269970577214,1.0,1.0,1.0,0.5322269970577214,False
YEM,19,Accountability,0.2675173733367806,5,0,1.0,0.1469987515038863,0.15632324627035651,0.0,0.0,none,0.2675173733367806,1.0,1.0,1.0,0.2675173733367806,False
ZAF,19,Accountability,0.6305258304004577,5,0,1.0,0.1469987515038863,0.15632324627035651,0.0,0.0,none,0.6305258304004577,1.0,1.0,1.0,0.6305258304004577,False
ZMB,19,Accountability,0.5762346182759854,5,0,1.0,0.1469987515038863,0.15632324627035651,0.0,0.0,none,0.5762346182759854,1.0,1.0,1.0,0.5762346182759854,False
ZWE,19,Accountability,0.4581291870722158,5,0,1.0,0.1469987515038863,0.15632324627035651,0.0,0.0,none,0.4581291870722158,1.0,1.0,1.0,0.4581291870722158,False
AFG,20,Accountability,0.2457399824397318,15,0,1.0,0.1700903771275358,0.1507128715593989,0.019377505568136916,0.0,none,0.2457399824397318,1.0,1.0,1.0,0.2457399824397318,False
AGO,20,Accountability,0.3594733538012815,15,0,1.0,0.1700903771275358,0.1507128715593989,0.019377505568136916,0.0,none,0.3594733538012815,1.0,1.0,1.0,0.3594733538012815,False
ALB,20,Accountability,0.4355954135124696,15,0,1.0,0.1700903771275358,0.1507128715593989,0.019377505568136916,0.0,none,0.4355954135124696,1.0,1.0,1.0,0.4355954135124696,False
AND,20,Accountability,0.6680355643509511,6,0,1.0,0.1700903771275358,0.1507128715593989,0.019377505568136916,0.0,none,0.6680355643509511,1.0,1.0,1.0,0.6680355643509511,True
ARE,20,Accountability,0.4759143899219696,9,0,1.0,0.1700903771275358,0.1507128715593989,0.019377505568136916,0.0,none,0.4759143899219696,1.0,1.0,1.0,0.4759143899219696,False
ARG,20,Accountability,0.616869276693438,15,0,1.0,0.1700903771275358,0.1507128715593989,0.019377505568136916,0.0,none,0.616869276693438,1.0,1.0,1.0,0.616869276693438,False
ARM,20,Accountability,0.5291374397500043,15,0,1.0,0.1700903771275358,0.1507128715593989,0.019377505568136916,0.0,none,0.5291374397500043,1.0,1.0,1.0,0.5291374397500043,False
ATG,20,Accountability,0.6297714130043434,6,0,1.0,0.1700903771275358,0.1507128715593989,0.019377505568136916,0.0,none,0.6297714130043434,1.0,1.0,1.0,0.6297714130043434,True
AUS,20,Accountability,0.709674030465359,15,0,1.0,0.1700903771275358,0.1507128715593989,0.019377505568136916,0.0,none,0.709674030465359,1.0,1.0,1.0,0.709674030465359,False
AUT,20,Accountability,0.6937736122178527,15,0,1.0,0.1700903771275358,0.1507128715593989,0.019377505568136916,0.0,none,0.6937736122178527,1.0,1.0,1.0,0.6937736122178527,False
AZE,20,Accountability,0.2985010844586857,15,0,1.0,0.1700903771275358,0.1507128715593989,0.019377505568136916,0.0,none,0.2985010844586857,1.0,1.0,1.0,0.2985010844586857,False
BDI,20,Accountability,0.2872907056513437,15,0,1.0,0.1700903771275358,0.1507128715593989,0.019377505568136916,0.0,none,0.2872907056513437,1.0,1.0,1.0,0.2872907056513437,False
BEL,20,Accountability,0.7235644002495113,15,0,1.0,0.1700903771275358,0.1507128715593989,0.019377505568136916,0.0,none,0.7235644002495113,1.0,1.0,1.0,0.7235644002495113,False
BEN,20,Accountability,0.4981085286526163,15,0,1.0,0.1700903771275358,0.1507128715593989,0.019377505568136916,0.0,none,0.4981085286526163,1.0,1.0,1.0,0.4981085286526163,False
BFA,20,Accountability,0.3809035188733227,15,0,1.0,0.1700903771275358,0.1507128715593989,0.019377505568136916,0.0,none,0.3809035188733227,1.0,1.0,1.0,0.3809035188733227,False
BGD,20,Accountability,0.3041715231423191,15,0,1.0,0.1700903771275358,0.1507128715593989,0.019377505568136916,0.0,none,0.3041715231423191,1.0,1.0,1.0,0.3041715231423191,False
BGR,20,Accountability,0.5233007640369006,15,0,1.0,0.1700903771275358,0.1507128715593989,0.019377505568136916,0.0,none,0.5233007640369006,1.0,1.0,1.0,0.5233007640369006,False
BHR,20,Accountability,0.3698341869654246,15,0,1.0,0.1700903771275358,0.1507128715593989,0.019377505568136916,0.0,none,0.3698341869654246,1.0,1.0,1.0,0.3698341869654246,False
BHS,20,Accountability,0.5470660512039199,7,0,1.0,0.1700903771275358,0.1507128715593989,0.019377505568136916,0.0,none,0.5470660512039199,1.0,1.0,1.0,0.5470660512039199,True
BIH,20,Accountability,0.4566652623762059,15,0,1.0,0.1700903771275358,0.1507128715593989,0.019377505568136916,0.0,none,0.4566652623762059,1.0,1.0,1.0,0.4566652623762059,False
BLR,20,Accountability,0.3357054423402758,15,0,1.0,0.1700903771275358,0.1507128715593989,0.019377505568136916,0.0,none,0.3357054423402758,1.0,1.0,1.0,0.3357054423402758,False
BLZ,20,Accountability,0.5789291797487196,7,0,1.0,0.1700903771275358,0.1507128715593989,0.019377505568136916,0.0,none,0.5789291797487196,1.0,1.0,1.0,0.5789291797487196,True
BOL,20,Accountability,0.5839952655933683,15,0,1.0,0.1700903771275358,0.1507128715593989,0.019377505568136916,0.0,none,0.5839952655933683,1.0,1.0,1.0,0.5839952655933683,False
BRA,20,Accountability,0.5957924917969917,15,0,1.0,0.1700903771275358,0.1507128715593989,0.019377505568136916,0.0,none,0.5957924917969917,1.0,1.0,1.0,0.5957924917969917,False
BRB,20,Accountability,0.6211502714719825,15,0,1.0,0.1700903771275358,0.1507128715593989,0.019377505568136916,0.0,none,0.6211502714719825,1.0,1.0,1.0,0.6211502714719825,False
BRN,20,Accountability,0.2088657481916571,1,0,1.0,0.1700903771275358,0.1507128715593989,0.019377505568136916,0.0,none,0.2088657481916571,1.0,1.0,1.0,0.2088657481916571,True
BTN,20,Accountability,0.606651373320058,15,0,1.0,0.1700903771275358,0.1507128715593989,0.019377505568136916,0.0,none,0.606651373320058,1.0,1.0,1.0,0.606651373320058,False
BWA,20,Accountability,0.5780221145394229,15,0,1.0,0.1700903771275358,0.1507128715593989,0.019377505568136916,0.0,none,0.5780221145394229,1.0,1.0,1.0,0.5780221145394229,False
CAF,20,Accountability,0.2487696072675799,15,0,1.0,0.1700903771275358,0.1507128715593989,0.019377505568136916,0.0,none,0.2487696072675799,1.0,1.0,1.0,0.2487696072675799,False
CAN,20,Accountability,0.7134770637125786,15,0,1.0,0.1700903771275358,0.1507128715593989,0.019377505568136916,0.0,none,0.7134770637125786,1.0,1.0,1.0,0.7134770637125786,False
CHE,20,Accountability,0.7104085103495696,15,0,1.0,0.1700903771275358,0.1507128715593989,0.019377505568136916,0.0,none,0.7104085103495696,1.0,1.0,1.0,0.7104085103495696,False
CHL,20,Accountability,0.7130106797893394,15,0,1.0,0.1700903771275358,0.1507128715593989,0.019377505568136916,0.0,none,0.7130106797893394,1.0,1.0,1.0,0.7130106797893394,False
CHN,20,Accountability,0.2901118807419524,4,0,1.0,0.1700903771275358,0.1507128715593989,0.019377505568136916,0.0,none,0.2901118807419524,1.0,1.0,1.0,0.2901118807419524,True
CIV,20,Accountability,0.4054567896494242,15,0,1.0,0.1700903771275358,0.1507128715593989,0.019377505568136916,0.0,none,0.4054567896494242,1.0,1.0,1.0,0.4054567896494242,False
CMR,20,Accountability,0.2613696020583059,15,0,1.0,0.1700903771275358,0.1507128715593989,0.019377505568136916,0.0,none,0.2613696020583059,1.0,1.0,1.0,0.2613696020583059,False
COD,20,Accountability,0.3093964054818877,12,0,1.0,0.1700903771275358,0.1507128715593989,0.019377505568136916,0.0,none,0.3093964054818877,1.0,1.0,1.0,0.3093964054818877,False
COG,20,Accountability,0.254852690528082,15,0,1.0,0.1700903771275358,0.1507128715593989,0.019377505568136916,0.0,none,0.254852690528082,1.0,1.0,1.0,0.254852690528082,False
COL,20,Accountability,0.5678393639102572,15,0,1.0,0.1700903771275358,0.1507128715593989,0.019377505568136916,0.0,none,0.5678393639102572,1.0,1.0,1.0,0.5678393639102572,False
COM,20,Accountability,0.3017971906537433,15,0,1.0,0.1700903771275358,0.1507128715593989,0.019377505568136916,0.0,none,0.3017971906537433,1.0,1.0,1.0,0.3017971906537433,False
CPV,20,Accountability,0.6198545082836343,15,0,1.0,0.1700903771275358,0.1507128715593989,0.019377505568136916,0.0,none,0.6198545082836343,1.0,1.0,1.0,0.6198545082836343,False
CRI,20,Accountability,0.6964208572183946,14,0,1.0,0.1700903771275358,0.1507128715593989,0.019377505568136916,0.0,none,0.6964208572183946,1.0,1.0,1.0,0.6964208572183946,False
CUB,20,Accountability,0.3119494657112465,14,0,1.0,0.1700903771275358,0.1507128715593989,0.019377505568136916,0.0,none,0.3119494657112465,1.0,1.0,1.0,0.3119494657112465,False
CYP,20,Accountability,0.6495134081694846,15,0,1.0,0.1700903771275358,0.1507128715593989,0.019377505568136916,0.0,none,0.6495134081694846,1.0,1.0,1.0,0.6495134081694846,False
CZE,20,Accountability,0.6815636578702426,15,0,1.0,0.1700903771275358,0.1507128715593989,0.019377505568136916,0.0,none,0.6815636578702426,1.0,1.0,1.0,0.6815636578702426,False
DEU,20,Accountability,0.7050080666450779,15,0,1.0,0.1700903771275358,0.1507128715593989,0.019377505568136916,0.0,none,0.7050080666450779,1.0,1.0,1.0,0.7050080666450779,False
DJI,20,Accountability,0.3057696643936186,15,0,1.0,0.1700903771275358,0.1507128715593989,0.019377505568136916,0.0,none,0.3057696643936186,1.0,1.0,1.0,0.3057696643936186,False
DMA,20,Accountability,0.6297714130043434,6,0,1.0,0.1700903771275358,0.1507128715593989,0.019377505568136916,0.0,none,0.6297714130043434,1.0,1.0,1.0,0.6297714130043434,True
DNK,20,Accountability,0.7220075143622464,15,0,1.0,0.1700903771275358,0.1507128715593989,0.019377505568136916,0.0,none,0.7220075143622464,1.0,1.0,1.0,0.7220075143622464,False
DOM,20,Accountability,0.5554792162771024,15,0,1.0,0.1700903771275358,0.1507128715593989,0.019377505568136916,0.0,none,0.5554792162771024,1.0,1.0,1.0,0.5554792162771024,False
DZA,20,Accountability,0.3643409763281034,15,0,1.0,0.1700903771275358,0.1507128715593989,0.019377505568136916,0.0,none,0.3643409763281034,1.0,1.0,1.0,0.3643409763281034,False
ECU,20,Accountability,0.6044382389974948,15,0,1.0,0.1700903771275358,0.1507128715593989,0.019377505568136916,0.0,none,0.6044382389974948,1.0,1.0,1.0,0.6044382389974948,False
EGY,20,Accountability,0.2646836039491224,15,0,1.0,0.1700903771275358,0.1507128715593989,0.019377505568136916,0.0,none,0.2646836039491224,1.0,1.0,1.0,0.2646836039491224,False
ESP,20,Accountability,0.6845115450799705,15,0,1.0,0.1700903771275358,0.1507128715593989,0.019377505568136916,0.0,none,0.6845115450799705,1.0,1.0,1.0,0.6845115450799705,False
EST,20,Accountability,0.6910403751250479,15,0,1.0,0.1700903771275358,0.1507128715593989,0.019377505568136916,0.0,none,0.6910403751250479,1.0,1.0,1.0,0.6910403751250479,False
ETH,20,Accountability,0.3955032728992019,15,0,1.0,0.1700903771275358,0.1507128715593989,0.019377505568136916,0.0,none,0.3955032728992019,1.0,1.0,1.0,0.3955032728992019,False
FIN,20,Accountability,0.7306233395012838,15,0,1.0,0.1700903771275358,0.1507128715593989,0.019377505568136916,0.0,none,0.7306233395012838,1.0,1.0,1.0,0.7306233395012838,False
FJI,20,Accountability,0.4840369039253704,15,0,1.0,0.1700903771275358,0.1507128715593989,0.019377505568136916,0.0,none,0.4840369039253704,1.0,1.0,1.0,0.4840369039253704,False
FRA,20,Accountability,0.6974408242962736,14,0,1.0,0.1700903771275358,0.1507128715593989,0.019377505568136916,0.0,none,0.6974408242962736,1.0,1.0,1.0,0.6974408242962736,False
FSM,20,Accountability,0.6212123135413286,7,0,1.0,0.1700903771275358,0.1507128715593989,0.019377505568136916,0.0,none,0.6212123135413286,1.0,1.0,1.0,0.6212123135413286,True
GAB,20,Accountability,0.3133248532026055,15,0,1.0,0.1700903771275358,0.1507128715593989,0.019377505568136916,0.0,none,0.3133248532026055,1.0,1.0,1.0,0.3133248532026055,False
GBR,20,Accountability,0.6724047907950312,15,0,1.0,0.1700903771275358,0.1507128715593989,0.019377505568136916,0.0,none,0.6724047907950312,1.0,1.0,1.0,0.6724047907950312,False
GEO,20,Accountability,0.3786261310760607,15,0,1.0,0.1700903771275358,0.1507128715593989,0.019377505568136916,0.0,none,0.3786261310760607,1.0,1.0,1.0,0.3786261310760607,False
GHA,20,Accountability,0.5732072944089013,14,0,1.0,0.1700903771275358,0.1507128715593989,0.019377505568136916,0.0,none,0.5732072944089013,1.0,1.0,1.0,0.5732072944089013,False
GIN,20,Accountability,0.2987763408679932,15,0,1.0,0.1700903771275358,0.1507128715593989,0.019377505568136916,0.0,none,0.2987763408679932,1.0,1.0,1.0,0.2987763408679932,False
GMB,20,Accountability,0.5488390509613952,15,0,1.0,0.1700903771275358,0.1507128715593989,0.019377505568136916,0.0,none,0.5488390509613952,1.0,1.0,1.0,0.5488390509613952,False
GNB,20,Accountability,0.4078091307620883,15,0,1.0,0.1700903771275358,0.1507128715593989,0.019377505568136916,0.0,none,0.4078091307620883,1.0,1.0,1.0,0.4078091307620883,False
GNQ,20,Accountability,0.2210839679634676,15,0,1.0,0.1700903771275358,0.1507128715593989,0.019377505568136916,0.0,none,0.2210839679634676,1.0,1.0,1.0,0.2210839679634676,False
GRC,20,Accountability,0.6828201964388387,15,0,1.0,0.1700903771275358,0.1507128715593989,0.019377505568136916,0.0,none,0.6828201964388387,1.0,1.0,1.0,0.6828201964388387,False
GRD,20,Accountability,0.5498069473232623,7,0,1.0,0.1700903771275358,0.1507128715593989,0.019377505568136916,0.0,none,0.5498069473232623,1.0,1.0,1.0,0.5498069473232623,True
GTM,20,Accountability,0.4808678447218667,15,0,1.0,0.1700903771275358,0.1507128715593989,0.019377505568136916,0.0,none,0.4808678447218667,1.0,1.0,1.0,0.4808678447218667,False
GUY,20,Accountability,0.4965374037755087,15,0,1.0,0.1700903771275358,0.1507128715593989,0.019377505568136916,0.0,none,0.4965374037755087,1.0,1.0,1.0,0.4965374037755087,False
HKG,20,Accountability,0.3721119582231896,8,0,1.0,0.1700903771275358,0.1507128715593989,0.019377505568136916,0.0,none,0.3721119582231896,1.0,1.0,1.0,0.3721119582231896,False
HND,20,Accountability,0.3832581144415464,14,0,1.0,0.1700903771275358,0.1507128715593989,0.019377505568136916,0.0,none,0.3832581144415464,1.0,1.0,1.0,0.3832581144415464,False
HRV,20,Accountability,0.640111823894212,15,0,1.0,0.1700903771275358,0.1507128715593989,0.019377505568136916,0.0,none,0.640111823894212,1.0,1.0,1.0,0.640111823894212,False
HTI,20,Accountability,0.3156344936387563,15,0,1.0,0.1700903771275358,0.1507128715593989,0.019377505568136916,0.0,none,0.3156344936387563,1.0,1.0,1.0,0.3156344936387563,False
HUN,20,Accountability,0.4789067762730886,15,0,1.0,0.1700903771275358,0.1507128715593989,0.019377505568136916,0.0,none,0.4789067762730886,1.0,1.0,1.0,0.4789067762730886,False
IDN,20,Accountability,0.4694448625489529,15,0,1.0,0.1700903771275358,0.1507128715593989,0.019377505568136916,0.0,none,0.4694448625489529,1.0,1.0,1.0,0.4694448625489529,False
IND,20,Accountability,0.4767095189460314,15,0,1.0,0.1700903771275358,0.1507128715593989,0.019377505568136916,0.0,none,0.4767095189460314,1.0,1.0,1.0,0.4767095189460314,False
IRL,20,Accountability,0.7029078894971164,15,0,1.0,0.1700903771275358,0.1507128715593989,0.019377505568136916,0.0,none,0.7029078894971164,1.0,1.0,1.0,0.7029078894971164,False
IRN,20,Accountability,0.4021242567110926,15,0,1.0,0.1700903771275358,0.1507128715593989,0.019377505568136916,0.0,none,0.4021242567110926,1.0,1.0,1.0,0.4021242567110926,False
IRQ,20,Accountability,0.4468060504003574,15,0,1.0,0.1700903771275358,0.1507128715593989,0.019377505568136916,0.0,none,0.4468060504003574,1.0,1.0,1.0,0.4468060504003574,False
ISL,20,Accountability,0.6825818839938026,15,0,1.0,0.1700903771275358,0.1507128715593989,0.019377505568136916,0.0,none,0.6825818839938026,1.0,1.0,1.0,0.6825818839938026,False
ISR,20,Accountability,0.6449959160538122,15,0,1.0,0.1700903771275358,0.1507128715593989,0.019377505568136916,0.0,none,0.6449959160538122,1.0,1.0,1.0,0.6449959160538122,False
ITA,20,Accountability,0.6732027040048092,15,0,1.0,0.1700903771275358,0.1507128715593989,0.019377505568136916,0.0,none,0.6732027040048092,1.0,1.0,1.0,0.6732027040048092,False
JAM,20,Accountability,0.6585683020654184,15,0,1.0,0.1700903771275358,0.1507128715593989,0.019377505568136916,0.0,none,0.6585683020654184,1.0,1.0,1.0,0.6585683020654184,False
JOR,20,Accountability,0.4461184828521123,15,0,1.0,0.1700903771275358,0.1507128715593989,0.019377505568136916,0.0,none,0.4461184828521123,1.0,1.0,1.0,0.4461184828521123,False
JPN,20,Accountability,0.6942988425872401,15,0,1.0,0.1700903771275358,0.1507128715593989,0.019377505568136916,0.0,none,0.6942988425872401,1.0,1.0,1.0,0.6942988425872401,False
KAZ,20,Accountability,0.36808500312712,15,0,1.0,0.1700903771275358,0.1507128715593989,0.019377505568136916,0.0,none,0.36808500312712,1.0,1.0,1.0,0.36808500312712,False
KEN,20,Accountability,0.4709649431990276,14,0,1.0,0.1700903771275358,0.1507128715593989,0.019377505568136916,0.0,none,0.4709649431990276,1.0,1.0,1.0,0.4709649431990276,False
KGZ,20,Accountability,0.3920172645502983,15,0,1.0,0.1700903771275358,0.1507128715593989,0.019377505568136916,0.0,none,0.3920172645502983,1.0,1.0,1.0,0.3920172645502983,False
KHM,20,Accountability,0.2385993564017093,15,0,1.0,0.1700903771275358,0.1507128715593989,0.019377505568136916,0.0,none,0.2385993564017093,1.0,1.0,1.0,0.2385993564017093,False
KIR,20,Accountability,0.6549081794584297,7,0,1.0,0.1700903771275358,0.1507128715593989,0.019377505568136916,0.0,none,0.6549081794584297,1.0,1.0,1.0,0.6549081794584297,True
KNA,20,Accountability,0.5915072616577356,6,0,1.0,0.1700903771275358,0.1507128715593989,0.019377505568136916,0.0,none,0.5915072616577356,1.0,1.0,1.0,0.5915072616577356,True
KOR,20,Accountability,0.6805990131447309,15,0,1.0,0.1700903771275358,0.1507128715593989,0.019377505568136916,0.0,none,0.6805990131447309,1.0,1.0,1.0,0.6805990131447309,False
KWT,20,Accountability,0.4257813740150118,15,0,1.0,0.1700903771275358,0.1507128715593989,0.019377505568136916,0.0,none,0.4257813740150118,1.0,1.0,1.0,0.4257813740150118,False
LAO,20,Accountability,0.3164688209443984,14,0,1.0,0.1700903771275358,0.1507128715593989,0.019377505568136916,0.0,none,0.3164688209443984,1.0,1.0,1.0,0.3164688209443984,False
LBN,20,Accountability,0.3808740997762531,15,0,1.0,0.1700903771275358,0.1507128715593989,0.019377505568136916,0.0,none,0.3808740997762531,1.0,1.0,1.0,0.3808740997762531,False
LBR,20,Accountability,0.5203512410111975,15,0,1.0,0.1700903771275358,0.1507128715593989,0.019377505568136916,0.0,none,0.5203512410111975,1.0,1.0,1.0,0.5203512410111975,False
LBY,20,Accountability,0.4158101934263468,14,0,1.0,0.1700903771275358,0.1507128715593989,0.019377505568136916,0.0,none,0.4158101934263468,1.0,1.0,1.0,0.4158101934263468,False
LCA,20,Accountability,0.6297714130043434,6,0,1.0,0.1700903771275358,0.1507128715593989,0.019377505568136916,0.0,none,0.6297714130043434,1.0,1.0,1.0,0.6297714130043434,True
LIE,20,Accountability,0.5915072616577356,6,0,1.0,0.1700903771275358,0.1507128715593989,0.019377505568136916,0.0,none,0.5915072616577356,1.0,1.0,1.0,0.5915072616577356,True
LKA,20,Accountability,0.6355616805142328,15,0,1.0,0.1700903771275358,0.1507128715593989,0.019377505568136916,0.0,none,0.6355616805142328,1.0,1.0,1.0,0.6355616805142328,False
LSO,20,Accountability,0.5902072300376361,15,0,1.0,0.1700903771275358,0.1507128715593989,0.019377505568136916,0.0,none,0.5902072300376361,1.0,1.0,1.0,0.5902072300376361,False
LTU,20,Accountability,0.6520761935049768,15,0,1.0,0.1700903771275358,0.1507128715593989,0.019377505568136916,0.0,none,0.6520761935049768,1.0,1.0,1.0,0.6520761935049768,False
LUX,20,Accountability,0.6976595638049091,15,0,1.0,0.1700903771275358,0.1507128715593989,0.019377505568136916,0.0,none,0.6976595638049091,1.0,1.0,1.0,0.6976595638049091,False
LVA,20,Accountability,0.6858876452672255,15,0,1.0,0.1700903771275358,0.1507128715593989,0.019377505568136916,0.0,none,0.6858876452672255,1.0,1.0,1.0,0.6858876452672255,False
MAR,20,Accountability,0.4583818463139079,15,0,1.0,0.1700903771275358,0.1507128715593989,0.019377505568136916,0.0,none,0.4583818463139079,1.0,1.0,1.0,0.4583818463139079,False
MCO,20,Accountability,0.5149789589645198,6,0,1.0,0.1700903771275358,0.1507128715593989,0.019377505568136916,0.0,none,0.5149789589645198,1.0,1.0,1.0,0.5149789589645198,True
MDA,20,Accountability,0.5240079100775128,15,0,1.0,0.1700903771275358,0.1507128715593989,0.019377505568136916,0.0,none,0.5240079100775128,1.0,1.0,1.0,0.5240079100775128,False
MDG,20,Accountability,0.3299164884211966,15,0,1.0,0.1700903771275358,0.1507128715593989,0.019377505568136916,0.0,none,0.3299164884211966,1.0,1.0,1.0,0.3299164884211966,False
MDV,20,Accountability,0.4976203586882509,15,0,1.0,0.1700903771275358,0.1507128715593989,0.019377505568136916,0.0,none,0.4976203586882509,1.0,1.0,1.0,0.4976203586882509,False
MEX,20,Accountability,0.5085626831377573,15,0,1.0,0.1700903771275358,0.1507128715593989,0.019377505568136916,0.0,none,0.5085626831377573,1.0,1.0,1.0,0.5085626831377573,False
MHL,20,Accountability,0.6680355643509511,6,0,1.0,0.1700903771275358,0.1507128715593989,0.019377505568136916,0.0,none,0.6680355643509511,1.0,1.0,1.0,0.6680355643509511,True
MKD,20,Accountability,0.5146212864190758,15,0,1.0,0.1700903771275358,0.1507128715593989,0.019377505568136916,0.0,none,0.5146212864190758,1.0,1.0,1.0,0.5146212864190758,False
MLI,20,Accountability,0.384465454124768,14,0,1.0,0.1700903771275358,0.1507128715593989,0.019377505568136916,0.0,none,0.384465454124768,1.0,1.0,1.0,0.384465454124768,False
MLT,20,Accountability,0.643924367885627,15,0,1.0,0.1700903771275358,0.1507128715593989,0.019377505568136916,0.0,none,0.643924367885627,1.0,1.0,1.0,0.643924367885627,False
MMR,20,Accountability,0.2253951679760694,15,0,1.0,0.1700903771275358,0.1507128715593989,0.019377505568136916,0.0,none,0.2253951679760694,1.0,1.0,1.0,0.2253951679760694,False
MNE,20,Accountability,0.5183890461728418,15,0,1.0,0.1700903771275358,0.1507128715593989,0.019377505568136916,0.0,none,0.5183890461728418,1.0,1.0,1.0,0.5183890461728418,False
MNG,20,Accountability,0.5164711035340331,15,0,1.0,0.1700903771275358,0.1507128715593989,0.019377505568136916,0.0,none,0.5164711035340331,1.0,1.0,1.0,0.5164711035340331,False
MOZ,20,Accountability,0.2712103029378766,14,0,1.0,0.1700903771275358,0.1507128715593989,0.019377505568136916,0.0,none,0.2712103029378766,1.0,1.0,1.0,0.2712103029378766,False
MRT,20,Accountability,0.4079612828548873,15,0,1.0,0.1700903771275358,0.1507128715593989,0.019377505568136916,0.0,none,0.4079612828548873,1.0,1.0,1.0,0.4079612828548873,False
MUS,20,Accountability,0.5854138968509066,15,0,1.0,0.1700903771275358,0.1507128715593989,0.019377505568136916,0.0,none,0.5854138968509066,1.0,1.0,1.0,0.5854138968509066,False
MWI,20,Accountability,0.4845900796793946,15,0,1.0,0.1700903771275358,0.1507128715593989,0.019377505568136916,0.0,none,0.4845900796793946,1.0,1.0,1.0,0.4845900796793946,False
MYS,20,Accountability,0.4942400355499646,15,0,1.0,0.1700903771275358,0.1507128715593989,0.019377505568136916,0.0,none,0.4942400355499646,1.0,1.0,1.0,0.4942400355499646,False
NAM,20,Accountability,0.486858417943614,14,0,1.0,0.1700903771275358,0.1507128715593989,0.019377505568136916,0.0,none,0.486858417943614,1.0,1.0,1.0,0.486858417943614,False
NER,20,Accountability,0.4012706639499981,15,0,1.0,0.1700903771275358,0.1507128715593989,0.019377505568136916,0.0,none,0.4012706639499981,1.0,1.0,1.0,0.4012706639499981,False
NGA,20,Accountability,0.3915534608758476,15,0,1.0,0.1700903771275358,0.1507128715593989,0.019377505568136916,0.0,none,0.3915534608758476,1.0,1.0,1.0,0.3915534608758476,False
NIC,20,Accountability,0.262854512217204,14,0,1.0,0.1700903771275358,0.1507128715593989,0.019377505568136916,0.0,none,0.262854512217204,1.0,1.0,1.0,0.262854512217204,False
NLD,20,Accountability,0.7145350246876477,15,0,1.0,0.1700903771275358,0.1507128715593989,0.019377505568136916,0.0,none,0.7145350246876477,1.0,1.0,1.0,0.7145350246876477,False
NOR,20,Accountability,0.7163288077951293,15,0,1.0,0.1700903771275358,0.1507128715593989,0.019377505568136916,0.0,none,0.7163288077951293,1.0,1.0,1.0,0.7163288077951293,False
NPL,20,Accountability,0.549906987016115,15,0,1.0,0.1700903771275358,0.1507128715593989,0.019377505568136916,0.0,none,0.549906987016115,1.0,1.0,1.0,0.549906987016115,False
NRU,20,Accountability,0.6297714130043434,6,0,1.0,0.1700903771275358,0.1507128715593989,0.019377505568136916,0.0,none,0.6297714130043434,1.0,1.0,1.0,0.6297714130043434,True
NZL,20,Accountability,0.6961736018314257,15,0,1.0,0.1700903771275358,0.1507128715593989,0.019377505568136916,0.0,none,0.6961736018314257,1.0,1.0,1.0,0.6961736018314257,False
OMN,20,Accountability,0.4761130287969005,15,0,1.0,0.1700903771275358,0.1507128715593989,0.019377505568136916,0.0,none,0.4761130287969005,1.0,1.0,1.0,0.4761130287969005,False
PAK,20,Accountability,0.3140156575111305,15,0,1.0,0.1700903771275358,0.1507128715593989,0.019377505568136916,0.0,none,0.3140156575111305,1.0,1.0,1.0,0.3140156575111305,False
PAN,20,Accountability,0.6092648326083314,15,0,1.0,0.1700903771275358,0.1507128715593989,0.019377505568136916,0.0,none,0.6092648326083314,1.0,1.0,1.0,0.6092648326083314,False
PER,20,Accountability,0.5740826638206056,15,0,1.0,0.1700903771275358,0.1507128715593989,0.019377505568136916,0.0,none,0.5740826638206056,1.0,1.0,1.0,0.5740826638206056,False
PHL,20,Accountability,0.3913612623280685,15,0,1.0,0.1700903771275358,0.1507128715593989,0.019377505568136916,0.0,none,0.3913612623280685,1.0,1.0,1.0,0.3913612623280685,False
PLW,20,Accountability,0.6680355643509511,5,0,1.0,0.1700903771275358,0.1507128715593989,0.019377505568136916,0.0,none,0.6680355643509511,1.0,1.0,1.0,0.6680355643509511,True
PNG,20,Accountability,0.3958514615309562,15,0,1.0,0.1700903771275358,0.1507128715593989,0.019377505568136916,0.0,none,0.3958514615309562,1.0,1.0,1.0,0.3958514615309562,False
POL,20,Accountability,0.6122443536313934,15,0,1.0,0.1700903771275358,0.1507128715593989,0.019377505568136916,0.0,none,0.6122443536313934,1.0,1.0,1.0,0.6122443536313934,False
PRT,20,Accountability,0.691501482210345,15,0,1.0,0.1700903771275358,0.1507128715593989,0.019377505568136916,0.0,none,0.691501482210345,1.0,1.0,1.0,0.691501482210345,False
PRY,20,Accountability,0.4971506579928738,15,0,1.0,0.1700903771275358,0.1507128715593989,0.019377505568136916,0.0,none,0.4971506579928738,1.0,1.0,1.0,0.4971506579928738,False
PSE,20,Accountability,0.4967787361068774,8,0,1.0,0.1700903771275358,0.1507128715593989,0.019377505568136916,0.0,none,0.4967787361068774,1.0,1.0,1.0,0.4967787361068774,False
QAT,20,Accountability,0.379985015924288,9,0,1.0,0.1700903771275358,0.1507128715593989,0.019377505568136916,0.0,none,0.379985015924288,1.0,1.0,1.0,0.379985015924288,False
ROU,20,Accountability,0.5233719400838732,15,0,1.0,0.1700903771275358,0.1507128715593989,0.019377505568136916,0.0,none,0.5233719400838732,1.0,1.0,1.0,0.5233719400838732,False
RUS,20,Accountability,0.2862968300518526,15,0,1.0,0.1700903771275358,0.1507128715593989,0.019377505568136916,0.0,none,0.2862968300518526,1.0,1.0,1.0,0.2862968300518526,False
RWA,20,Accountability,0.3622771462489694,15,0,1.0,0.1700903771275358,0.1507128715593989,0.019377505568136916,0.0,none,0.3622771462489694,1.0,1.0,1.0,0.3622771462489694,False
SAU,20,Accountability,0.1700903771275358,9,0,1.0,0.1700903771275358,0.1507128715593989,0.019377505568136916,0.0,none,0.1700903771275358,1.0,1.0,1.0,0.1700903771275358,False
SDN,20,Accountability,0.3093687393496243,12,0,1.0,0.1700903771275358,0.1507128715593989,0.019377505568136916,0.0,none,0.3093687393496243,1.0,1.0,1.0,0.3093687393496243,False
SEN,20,Accountability,0.5378144473505858,15,0,1.0,0.1700903771275358,0.1507128715593989,0.019377505568136916,0.0,none,0.5378144473505858,1.0,1.0,1.0,0.5378144473505858,False
SGP,20,Accountability,0.5415078182248232,15,0,1.0,0.1700903771275358,0.1507128715593989,0.019377505568136916,0.0,none,0.5415078182248232,1.0,1.0,1.0,0.5415078182248232,False
SLB,20,Accountability,0.5617547683331969,15,0,1.0,0.1700903771275358,0.1507128715593989,0.019377505568136916,0.0,none,0.5617547683331969,1.0,1.0,1.0,0.5617547683331969,False
SLE,20,Accountability,0.4145755477513007,14,0,1.0,0.1700903771275358,0.1507128715593989,0.019377505568136916,0.0,none,0.4145755477513007,1.0,1.0,1.0,0.4145755477513007,False
SLV,20,Accountability,0.3880451553034182,15,0,1.0,0.1700903771275358,0.1507128715593989,0.019377505568136916,0.0,none,0.3880451553034182,1.0,1.0,1.0,0.3880451553034182,False
SMR,20,Accountability,0.6680355643509511,6,0,1.0,0.1700903771275358,0.1507128715593989,0.019377505568136916,0.0,none,0.6680355643509511,1.0,1.0,1.0,0.6680355643509511,True
SOM,20,Accountability,0.2482562923838353,9,0,1.0,0.1700903771275358,0.1507128715593989,0.019377505568136916,0.0,none,0.2482562923838353,1.0,1.0,1.0,0.2482562923838353,False
SRB,20,Accountability,0.3303779001750201,15,0,1.0,0.1700903771275358,0.1507128715593989,0.019377505568136916,0.0,none,0.3303779001750201,1.0,1.0,1.0,0.3303779001750201,False
SSD,20,Accountability,0.2438387538279092,4,0,1.0,0.1700903771275358,0.1507128715593989,0.019377505568136916,0.0,none,0.2438387538279092,1.0,1.0,1.0,0.2438387538279092,True
STP,20,Accountability,0.5421586797453275,15,0,1.0,0.1700903771275358,0.1507128715593989,0.019377505568136916,0.0,none,0.5421586797453275,1.0,1.0,1.0,0.5421586797453275,False
SUR,20,Accountability,0.611796552754974,15,0,1.0,0.1700903771275358,0.1507128715593989,0.019377505568136916,0.0,none,0.611796552754974,1.0,1.0,1.0,0.611796552754974,False
SVK,20,Accountability,0.6720412116226111,15,0,1.0,0.1700903771275358,0.1507128715593989,0.019377505568136916,0.0,none,0.6720412116226111,1.0,1.0,1.0,0.6720412116226111,False
SVN,20,Accountability,0.6476785572364455,15,0,1.0,0.1700903771275358,0.1507128715593989,0.019377505568136916,0.0,none,0.6476785572364455,1.0,1.0,1.0,0.6476785572364455,False
SWE,20,Accountability,0.7175364539669414,15,0,1.0,0.1700903771275358,0.1507128715593989,0.019377505568136916,0.0,none,0.7175364539669414,1.0,1.0,1.0,0.7175364539669414,False
SWZ,20,Accountability,0.3594685209934553,15,0,1.0,0.1700903771275358,0.1507128715593989,0.019377505568136916,0.0,none,0.3594685209934553,1.0,1.0,1.0,0.3594685209934553,False
SYC,20,Accountability,0.6320496151345236,14,0,1.0,0.1700903771275358,0.1507128715593989,0.019377505568136916,0.0,none,0.6320496151345236,1.0,1.0,1.0,0.6320496151345236,False
SYR,20,Accountability,0.1962593288552518,15,0,1.0,0.1700903771275358,0.1507128715593989,0.019377505568136916,0.0,none,0.1962593288552518,1.0,1.0,1.0,0.1962593288552518,False
TCD,20,Accountability,0.2228564064121574,15,0,1.0,0.1700903771275358,0.1507128715593989,0.019377505568136916,0.0,none,0.2228564064121574,1.0,1.0,1.0,0.2228564064121574,False
TGO,20,Accountability,0.3550690172161418,15,0,1.0,0.1700903771275358,0.1507128715593989,0.019377505568136916,0.0,none,0.3550690172161418,1.0,1.0,1.0,0.3550690172161418,False
THA,20,Accountability,0.432277009655403,15,0,1.0,0.1700903771275358,0.1507128715593989,0.019377505568136916,0.0,none,0.432277009655403,1.0,1.0,1.0,0.432277009655403,False
TJK,20,Accountability,0.26867727039082,15,0,1.0,0.1700903771275358,0.1507128715593989,0.019377505568136916,0.0,none,0.26867727039082,1.0,1.0,1.0,0.26867727039082,False
TLS,20,Accountability,0.61328557503383,15,0,1.0,0.1700903771275358,0.1507128715593989,0.019377505568136916,0.0,none,0.61328557503383,1.0,1.0,1.0,0.61328557503383,False
TON,20,Accountability,0.4085214072941385,7,0,1.0,0.1700903771275358,0.1507128715593989,0.019377505568136916,0.0,none,0.4085214072941385,1.0,1.0,1.0,0.4085214072941385,True
TTO,20,Accountability,0.6203946775202814,15,0,1.0,0.1700903771275358,0.1507128715593989,0.019377505568136916,0.0,none,0.6203946775202814,1.0,1.0,1.0,0.6203946775202814,False
TUN,20,Accountability,0.4108113371980579,15,0,1.0,0.1700903771275358,0.1507128715593989,0.019377505568136916,0.0,none,0.4108113371980579,1.0,1.0,1.0,0.4108113371980579,False
TUR,20,Accountability,0.4307588444377007,15,0,1.0,0.1700903771275358,0.1507128715593989,0.019377505568136916,0.0,none,0.4307588444377007,1.0,1.0,1.0,0.4307588444377007,False
TUV,20,Accountability,0.6680355643509511,6,0,1.0,0.1700903771275358,0.1507128715593989,0.019377505568136916,0.0,none,0.6680355643509511,1.0,1.0,1.0,0.6680355643509511,True
TZA,20,Accountability,0.3379548203777199,15,0,1.0,0.1700903771275358,0.1507128715593989,0.019377505568136916,0.0,none,0.3379548203777199,1.0,1.0,1.0,0.3379548203777199,False
UGA,20,Accountability,0.3018558770970445,15,0,1.0,0.1700903771275358,0.1507128715593989,0.019377505568136916,0.0,none,0.3018558770970445,1.0,1.0,1.0,0.3018558770970445,False
UKR,20,Accountability,0.5002524266434023,15,0,1.0,0.1700903771275358,0.1507128715593989,0.019377505568136916,0.0,none,0.5002524266434023,1.0,1.0,1.0,0.5002524266434023,False
URY,20,Accountability,0.7065345773900985,14,0,1.0,0.1700903771275358,0.1507128715593989,0.019377505568136916,0.0,none,0.7065345773900985,1.0,1.0,1.0,0.7065345773900985,False
USA,20,Accountability,0.6476659337150101,15,0,1.0,0.1700903771275358,0.1507128715593989,0.019377505568136916,0.0,none,0.6476659337150101,1.0,1.0,1.0,0.6476659337150101,False
UZB,20,Accountability,0.3745646230045996,15,0,1.0,0.1700903771275358,0.1507128715593989,0.019377505568136916,0.0,none,0.3745646230045996,1.0,1.0,1.0,0.3745646230045996,False
VCT,20,Accountability,0.6297714130043434,6,0,1.0,0.1700903771275358,0.1507128715593989,0.019377505568136916,0.0,none,0.6297714130043434,1.0,1.0,1.0,0.6297714130043434,True
VEN,20,Accountability,0.2321394931082375,15,0,1.0,0.1700903771275358,0.1507128715593989,0.019377505568136916,0.0,none,0.2321394931082375,1.0,1.0,1.0,0.2321394931082375,False
VNM,20,Accountability,0.4224441034307369,15,0,1.0,0.1700903771275358,0.1507128715593989,0.019377505568136916,0.0,none,0.4224441034307369,1.0,1.0,1.0,0.4224441034307369,False
VUT,20,Accountability,0.6075376670232722,15,0,1.0,0.1700903771275358,0.1507128715593989,0.019377505568136916,0.0,none,0.6075376670232722,1.0,1.0,1.0,0.6075376670232722,False
WSM,20,Accountability,0.4947654182502021,7,0,1.0,0.1700903771275358,0.1507128715593989,0.019377505568136916,0.0,none,0.4947654182502021,1.0,1.0,1.0,0.4947654182502021,True
XKX,20,Accountability,0.5251590569261273,9,0,1.0,0.1700903771275358,0.1507128715593989,0.019377505568136916,0.0,none,0.5251590569261273,1.0,1.0,1.0,0.5251590569261273,False
YEM,20,Accountability,0.3752437264756886,14,0,1.0,0.1700903771275358,0.1507128715593989,0.019377505568136916,0.0,none,0.3752437264756886,1.0,1.0,1.0,0.3752437264756886,False
ZAF,20,Accountability,0.607593119907159,15,0,1.0,0.1700903771275358,0.1507128715593989,0.019377505568136916,0.0,none,0.607593119907159,1.0,1.0,1.0,0.607593119907159,False
ZMB,20,Accountability,0.4348675684779488,15,0,1.0,0.1700903771275358,0.1507128715593989,0.019377505568136916,0.0,none,0.4348675684779488,1.0,1.0,1.0,0.4348675684779488,False
ZWE,20,Accountability,0.3004895826987535,15,0,1.0,0.1700903771275358,0.1507128715593989,0.019377505568136916,0.0,none,0.3004895826987535,1.0,1.0,1.0,0.3004895826987535,False
AFG,21,Accountability,0.1374037354703462,9,0,1.0,0.1374037354703462,0.14998799451440029,0.0,0.0,none,0.1374037354703462,1.0,1.0,1.0,0.1374037354703462,False
AGO,21,Accountability,0.3743901857947729,9,0,1.0,0.1374037354703462,0.14998799451440029,0.0,0.0,none,0.3743901857947729,1.0,1.0,1.0,0.3743901857947729,False
ALB,21,Accountability,0.4849502002433816,9,0,1.0,0.1374037354703462,0.14998799451440029,0.0,0.0,none,0.4849502002433816,1.0,1.0,1.0,0.4849502002433816,False
AND,21,Accountability,0.702862581295129,1,0,1.0,0.1374037354703462,0.14998799451440029,0.0,0.0,none,0.702862581295129,1.0,1.0,1.0,0.702862581295129,True
ARE,21,Accountability,0.2521232473912682,9,0,1.0,0.1374037354703462,0.14998799451440029,0.0,0.0,none,0.2521232473912682,1.0,1.0,1.0,0.2521232473912682,False
ARG,21,Accountability,0.4947660549674524,9,0,1.0,0.1374037354703462,0.14998799451440029,0.0,0.0,none,0.4947660549674524,1.0,1.0,1.0,0.4947660549674524,False
ARM,21,Accountability,0.5248059566881533,9,0,1.0,0.1374037354703462,0.14998799451440029,0.0,0.0,none,0.5248059566881533,1.0,1.0,1.0,0.5248059566881533,False
ATG,21,Accountability,0.6291119059399745,1,0,1.0,0.1374037354703462,0.14998799451440029,0.0,0.0,none,0.6291119059399745,1.0,1.0,1.0,0.6291119059399745,True
AUS,21,Accountability,0.6768028315866577,9,0,1.0,0.1374037354703462,0.14998799451440029,0.0,0.0,none,0.6768028315866577,1.0,1.0,1.0,0.6768028315866577,False
AUT,21,Accountability,0.6571770956264378,9,0,1.0,0.1374037354703462,0.14998799451440029,0.0,0.0,none,0.6571770956264378,1.0,1.0,1.0,0.6571770956264378,False
AZE,21,Accountability,0.1969526735154262,9,0,1.0,0.1374037354703462,0.14998799451440029,0.0,0.0,none,0.1969526735154262,1.0,1.0,1.0,0.1969526735154262,False
BDI,21,Accountability,0.2930792207974209,9,0,1.0,0.1374037354703462,0.14998799451440029,0.0,0.0,none,0.2930792207974209,1.0,1.0,1.0,0.2930792207974209,False
BEL,21,Accountability,0.6806636556906622,9,0,1.0,0.1374037354703462,0.14998799451440029,0.0,0.0,none,0.6806636556906622,1.0,1.0,1.0,0.6806636556906622,False
BEN,21,Accountability,0.4802351479393411,9,0,1.0,0.1374037354703462,0.14998799451440029,0.0,0.0,none,0.4802351479393411,1.0,1.0,1.0,0.4802351479393411,False
BFA,21,Accountability,0.3215603888317623,9,0,1.0,0.1374037354703462,0.14998799451440029,0.0,0.0,none,0.3215603888317623,1.0,1.0,1.0,0.3215603888317623,False
BGD,21,Accountability,0.429200609071857,9,0,1.0,0.1374037354703462,0.14998799451440029,0.0,0.0,none,0.429200609071857,1.0,1.0,1.0,0.429200609071857,False
BGR,21,Accountability,0.5634782935433106,9,0,1.0,0.1374037354703462,0.14998799451440029,0.0,0.0,none,0.5634782935433106,1.0,1.0,1.0,0.5634782935433106,False
BHR,21,Accountability,0.2695851934181149,9,0,1.0,0.1374037354703462,0.14998799451440029,0.0,0.0,none,0.2695851934181149,1.0,1.0,1.0,0.2695851934181149,False
BHS,21,Accountability,0.7376482093397138,1,0,1.0,0.1374037354703462,0.14998799451440029,0.0,0.0,none,0.7376482093397138,1.0,1.0,1.0,0.7376482093397138,True
BIH,21,Accountability,0.4920693216854546,9,0,1.0,0.1374037354703462,0.14998799451440029,0.0,0.0,none,0.4920693216854546,1.0,1.0,1.0,0.4920693216854546,False
BLR,21,Accountability,0.2558348360791356,9,0,1.0,0.1374037354703462,0.14998799451440029,0.0,0.0,none,0.2558348360791356,1.0,1.0,1.0,0.2558348360791356,False
BLZ,21,Accountability,0.6765643892983912,1,0,1.0,0.1374037354703462,0.14998799451440029,0.0,0.0,none,0.6765643892983912,1.0,1.0,1.0,0.6765643892983912,True
BOL,21,Accountability,0.513957052127264,9,0,1.0,0.1374037354703462,0.14998799451440029,0.0,0.0,none,0.513957052127264,1.0,1.0,1.0,0.513957052127264,False
BRA,21,Accountability,0.6030942379325487,9,0,1.0,0.1374037354703462,0.14998799451440029,0.0,0.0,none,0.6030942379325487,1.0,1.0,1.0,0.6030942379325487,False
BRB,21,Accountability,0.6011550164483135,9,0,1.0,0.1374037354703462,0.14998799451440029,0.0,0.0,none,0.6011550164483135,1.0,1.0,1.0,0.6011550164483135,False
BRN,21,Accountability,0.3620148654645492,1,0,1.0,0.1374037354703462,0.14998799451440029,0.0,0.0,none,0.3620148654645492,1.0,1.0,1.0,0.3620148654645492,True
BTN,21,Accountability,0.5355064318182301,9,0,1.0,0.1374037354703462,0.14998799451440029,0.0,0.0,none,0.5355064318182301,1.0,1.0,1.0,0.5355064318182301,False
BWA,21,Accountability,0.5364553876538558,9,0,1.0,0.1374037354703462,0.14998799451440029,0.0,0.0,none,0.5364553876538558,1.0,1.0,1.0,0.5364553876538558,False
CAF,21,Accountability,0.3532847017156107,9,0,1.0,0.1374037354703462,0.14998799451440029,0.0,0.0,none,0.3532847017156107,1.0,1.0,1.0,0.3532847017156107,False
CAN,21,Accountability,0.6517407695230772,9,0,1.0,0.1374037354703462,0.14998799451440029,0.0,0.0,none,0.6517407695230772,1.0,1.0,1.0,0.6517407695230772,False
CHE,21,Accountability,0.7273597732007486,9,0,1.0,0.1374037354703462,0.14998799451440029,0.0,0.0,none,0.7273597732007486,1.0,1.0,1.0,0.7273597732007486,False
CHL,21,Accountability,0.6411452019600234,9,0,1.0,0.1374037354703462,0.14998799451440029,0.0,0.0,none,0.6411452019600234,1.0,1.0,1.0,0.6411452019600234,False
CHN,21,Accountability,0.3090469544231092,9,0,1.0,0.1374037354703462,0.14998799451440029,0.0,0.0,none,0.3090469544231092,1.0,1.0,1.0,0.3090469544231092,False
CIV,21,Accountability,0.4701897610234158,9,0,1.0,0.1374037354703462,0.14998799451440029,0.0,0.0,none,0.4701897610234158,1.0,1.0,1.0,0.4701897610234158,False
CMR,21,Accountability,0.3149207517194621,9,0,1.0,0.1374037354703462,0.14998799451440029,0.0,0.0,none,0.3149207517194621,1.0,1.0,1.0,0.3149207517194621,False
COD,21,Accountability,0.4407365479164765,9,0,1.0,0.1374037354703462,0.14998799451440029,0.0,0.0,none,0.4407365479164765,1.0,1.0,1.0,0.4407365479164765,False
COG,21,Accountability,0.3484093548654304,9,0,1.0,0.1374037354703462,0.14998799451440029,0.0,0.0,none,0.3484093548654304,1.0,1.0,1.0,0.3484093548654304,False
COL,21,Accountability,0.5174348299506225,9,0,1.0,0.1374037354703462,0.14998799451440029,0.0,0.0,none,0.5174348299506225,1.0,1.0,1.0,0.5174348299506225,False
COM,21,Accountability,0.4086458666399554,9,0,1.0,0.1374037354703462,0.14998799451440029,0.0,0.0,none,0.4086458666399554,1.0,1.0,1.0,0.4086458666399554,False
CPV,21,Accountability,0.5622357756734626,9,0,1.0,0.1374037354703462,0.14998799451440029,0.0,0.0,none,0.5622357756734626,1.0,1.0,1.0,0.5622357756734626,False
CRI,21,Accountability,0.6334365161022939,9,0,1.0,0.1374037354703462,0.14998799451440029,0.0,0.0,none,0.6334365161022939,1.0,1.0,1.0,0.6334365161022939,False
CUB,21,Accountability,0.2739135561547789,9,0,1.0,0.1374037354703462,0.14998799451440029,0.0,0.0,none,0.2739135561547789,1.0,1.0,1.0,0.2739135561547789,False
CYP,21,Accountability,0.6066571622439866,9,0,1.0,0.1374037354703462,0.14998799451440029,0.0,0.0,none,0.6066571622439866,1.0,1.0,1.0,0.6066571622439866,False
CZE,21,Accountability,0.6326275350406648,9,0,1.0,0.1374037354703462,0.14998799451440029,0.0,0.0,none,0.6326275350406648,1.0,1.0,1.0,0.6326275350406648,False
DEU,21,Accountability,0.6979880436824376,9,0,1.0,0.1374037354703462,0.14998799451440029,0.0,0.0,none,0.6979880436824376,1.0,1.0,1.0,0.6979880436824376,False
DJI,21,Accountability,0.3540928895404225,9,0,1.0,0.1374037354703462,0.14998799451440029,0.0,0.0,none,0.3540928895404225,1.0,1.0,1.0,0.3540928895404225,False
DMA,21,Accountability,0.6224891338723363,1,0,1.0,0.1374037354703462,0.14998799451440029,0.0,0.0,none,0.6224891338723363,1.0,1.0,1.0,0.6224891338723363,True
DNK,21,Accountability,0.7540446398878897,9,0,1.0,0.1374037354703462,0.14998799451440029,0.0,0.0,none,0.7540446398878897,1.0,1.0,1.0,0.7540446398878897,False
DOM,21,Accountability,0.5669653961397011,9,0,1.0,0.1374037354703462,0.14998799451440029,0.0,0.0,none,0.5669653961397011,1.0,1.0,1.0,0.5669653961397011,False
DZA,21,Accountability,0.308133407888781,9,0,1.0,0.1374037354703462,0.14998799451440029,0.0,0.0,none,0.308133407888781,1.0,1.0,1.0,0.308133407888781,False
ECU,21,Accountability,0.4483408108042057,9,0,1.0,0.1374037354703462,0.14998799451440029,0.0,0.0,none,0.4483408108042057,1.0,1.0,1.0,0.4483408108042057,False
EGY,21,Accountability,0.3174861631006993,9,0,1.0,0.1374037354703462,0.14998799451440029,0.0,0.0,none,0.3174861631006993,1.0,1.0,1.0,0.3174861631006993,False
ESP,21,Accountability,0.6618885377165996,9,0,1.0,0.1374037354703462,0.14998799451440029,0.0,0.0,none,0.6618885377165996,1.0,1.0,1.0,0.6618885377165996,False
EST,21,Accountability,0.6812202459804081,9,0,1.0,0.1374037354703462,0.14998799451440029,0.0,0.0,none,0.6812202459804081,1.0,1.0,1.0,0.6812202459804081,False
ETH,21,Accountability,0.3867859829225324,9,0,1.0,0.1374037354703462,0.14998799451440029,0.0,0.0,none,0.3867859829225324,1.0,1.0,1.0,0.3867859829225324,False
FIN,21,Accountability,0.6720097411159037,9,0,1.0,0.1374037354703462,0.14998799451440029,0.0,0.0,none,0.6720097411159037,1.0,1.0,1.0,0.6720097411159037,False
FJI,21,Accountability,0.5407680981663292,9,0,1.0,0.1374037354703462,0.14998799451440029,0.0,0.0,none,0.5407680981663292,1.0,1.0,1.0,0.5407680981663292,False
FRA,21,Accountability,0.64369919365488,9,0,1.0,0.1374037354703462,0.14998799451440029,0.0,0.0,none,0.64369919365488,1.0,1.0,1.0,0.64369919365488,False
FSM,21,Accountability,0.7484504006733372,1,0,1.0,0.1374037354703462,0.14998799451440029,0.0,0.0,none,0.7484504006733372,1.0,1.0,1.0,0.7484504006733372,True
GAB,21,Accountability,0.5301167732176024,9,0,1.0,0.1374037354703462,0.14998799451440029,0.0,0.0,none,0.5301167732176024,1.0,1.0,1.0,0.5301167732176024,False
GBR,21,Accountability,0.6133112956406637,9,0,1.0,0.1374037354703462,0.14998799451440029,0.0,0.0,none,0.6133112956406637,1.0,1.0,1.0,0.6133112956406637,False
GEO,21,Accountability,0.460997745662917,9,0,1.0,0.1374037354703462,0.14998799451440029,0.0,0.0,none,0.460997745662917,1.0,1.0,1.0,0.460997745662917,False
GHA,21,Accountability,0.5591598186236113,9,0,1.0,0.1374037354703462,0.14998799451440029,0.0,0.0,none,0.5591598186236113,1.0,1.0,1.0,0.5591598186236113,False
GIN,21,Accountability,0.3938400446503878,9,0,1.0,0.1374037354703462,0.14998799451440029,0.0,0.0,none,0.3938400446503878,1.0,1.0,1.0,0.3938400446503878,False
GMB,21,Accountability,0.5313035827753149,9,0,1.0,0.1374037354703462,0.14998799451440029,0.0,0.0,none,0.5313035827753149,1.0,1.0,1.0,0.5313035827753149,False
GNB,21,Accountability,0.4053678806448691,9,0,1.0,0.1374037354703462,0.14998799451440029,0.0,0.0,none,0.4053678806448691,1.0,1.0,1.0,0.4053678806448691,False
GNQ,21,Accountability,0.2694101257890511,9,0,1.0,0.1374037354703462,0.14998799451440029,0.0,0.0,none,0.2694101257890511,1.0,1.0,1.0,0.2694101257890511,False
GRC,21,Accountability,0.6020199772707512,9,0,1.0,0.1374037354703462,0.14998799451440029,0.0,0.0,none,0.6020199772707512,1.0,1.0,1.0,0.6020199772707512,False
GRD,21,Accountability,0.7440780851335372,1,0,1.0,0.1374037354703462,0.14998799451440029,0.0,0.0,none,0.7440780851335372,1.0,1.0,1.0,0.7440780851335372,True
GTM,21,Accountability,0.4932751529428801,9,0,1.0,0.1374037354703462,0.14998799451440029,0.0,0.0,none,0.4932751529428801,1.0,1.0,1.0,0.4932751529428801,False
GUY,21,Accountability,0.4949054429454794,9,0,1.0,0.1374037354703462,0.14998799451440029,0.0,0.0,none,0.4949054429454794,1.0,1.0,1.0,0.4949054429454794,False
HKG,21,Accountability,0.3023842388669241,7,0,1.0,0.1374037354703462,0.14998799451440029,0.0,0.0,none,0.3023842388669241,1.0,1.0,1.0,0.3023842388669241,False
HND,21,Accountability,0.5179562466356652,9,0,1.0,0.1374037354703462,0.14998799451440029,0.0,0.0,none,0.5179562466356652,1.0,1.0,1.0,0.5179562466356652,False
HRV,21,Accountability,0.5619415572104943,9,0,1.0,0.1374037354703462,0.14998799451440029,0.0,0.0,none,0.5619415572104943,1.0,1.0,1.0,0.5619415572104943,False
HTI,21,Accountability,0.3842411669200056,9,0,1.0,0.1374037354703462,0.14998799451440029,0.0,0.0,none,0.3842411669200056,1.0,1.0,1.0,0.3842411669200056,False
HUN,21,Accountability,0.4788840281000247,9,0,1.0,0.1374037354703462,0.14998799451440029,0.0,0.0,none,0.4788840281000247,1.0,1.0,1.0,0.4788840281000247,False
IDN,21,Accountability,0.5149681716573213,9,0,1.0,0.1374037354703462,0.14998799451440029,0.0,0.0,none,0.5149681716573213,1.0,1.0,1.0,0.5149681716573213,False
IND,21,Accountability,0.4428840477423571,9,0,1.0,0.1374037354703462,0.14998799451440029,0.0,0.0,none,0.4428840477423571,1.0,1.0,1.0,0.4428840477423571,False
IRL,21,Accountability,0.703417920815101,9,0,1.0,0.1374037354703462,0.14998799451440029,0.0,0.0,none,0.703417920815101,1.0,1.0,1.0,0.703417920815101,False
IRN,21,Accountability,0.2738937498167796,9,0,1.0,0.1374037354703462,0.14998799451440029,0.0,0.0,none,0.2738937498167796,1.0,1.0,1.0,0.2738937498167796,False
IRQ,21,Accountability,0.4276164677294981,9,0,1.0,0.1374037354703462,0.14998799451440029,0.0,0.0,none,0.4276164677294981,1.0,1.0,1.0,0.4276164677294981,False
ISL,21,Accountability,0.6971829772612291,9,0,1.0,0.1374037354703462,0.14998799451440029,0.0,0.0,none,0.6971829772612291,1.0,1.0,1.0,0.6971829772612291,False
ISR,21,Accountability,0.5586903789418871,9,0,1.0,0.1374037354703462,0.14998799451440029,0.0,0.0,none,0.5586903789418871,1.0,1.0,1.0,0.5586903789418871,False
ITA,21,Accountability,0.6199387542454551,9,0,1.0,0.1374037354703462,0.14998799451440029,0.0,0.0,none,0.6199387542454551,1.0,1.0,1.0,0.6199387542454551,False
JAM,21,Accountability,0.6386496602167062,9,0,1.0,0.1374037354703462,0.14998799451440029,0.0,0.0,none,0.6386496602167062,1.0,1.0,1.0,0.6386496602167062,False
JOR,21,Accountability,0.4028830729217575,9,0,1.0,0.1374037354703462,0.14998799451440029,0.0,0.0,none,0.4028830729217575,1.0,1.0,1.0,0.4028830729217575,False
JPN,21,Accountability,0.635736027929276,9,0,1.0,0.1374037354703462,0.14998799451440029,0.0,0.0,none,0.635736027929276,1.0,1.0,1.0,0.635736027929276,False
KAZ,21,Accountability,0.3701191578775056,9,0,1.0,0.1374037354703462,0.14998799451440029,0.0,0.0,none,0.3701191578775056,1.0,1.0,1.0,0.3701191578775056,False
KEN,21,Accountability,0.5202697406566589,9,0,1.0,0.1374037354703462,0.14998799451440029,0.0,0.0,none,0.5202697406566589,1.0,1.0,1.0,0.5202697406566589,False
KGZ,21,Accountability,0.2973666760456841,9,0,1.0,0.1374037354703462,0.14998799451440029,0.0,0.0,none,0.2973666760456841,1.0,1.0,1.0,0.2973666760456841,False
KHM,21,Accountability,0.3184089710442958,9,0,1.0,0.1374037354703462,0.14998799451440029,0.0,0.0,none,0.3184089710442958,1.0,1.0,1.0,0.3184089710442958,False
KIR,21,Accountability,0.814806718865595,1,0,1.0,0.1374037354703462,0.14998799451440029,0.0,0.0,none,0.814806718865595,1.0,1.0,1.0,0.814806718865595,True
KNA,21,Accountability,0.7484504006733372,1,0,1.0,0.1374037354703462,0.14998799451440029,0.0,0.0,none,0.7484504006733372,1.0,1.0,1.0,0.7484504006733372,True
KOR,21,Accountability,0.615718952607724,9,0,1.0,0.1374037354703462,0.14998799451440029,0.0,0.0,none,0.615718952607724,1.0,1.0,1.0,0.615718952607724,False
KWT,21,Accountability,0.3047382768701655,9,0,1.0,0.1374037354703462,0.14998799451440029,0.0,0.0,none,0.3047382768701655,1.0,1.0,1.0,0.3047382768701655,False
LAO,21,Accountability,0.3228259965392182,9,0,1.0,0.1374037354703462,0.14998799451440029,0.0,0.0,none,0.3228259965392182,1.0,1.0,1.0,0.3228259965392182,False
LBN,21,Accountability,0.4834709595053236,9,0,1.0,0.1374037354703462,0.14998799451440029,0.0,0.0,none,0.4834709595053236,1.0,1.0,1.0,0.4834709595053236,False
LBR,21,Accountability,0.4679937903149367,9,0,1.0,0.1374037354703462,0.14998799451440029,0.0,0.0,none,0.4679937903149367,1.0,1.0,1.0,0.4679937903149367,False
LBY,21,Accountability,0.421542672861796,9,0,1.0,0.1374037354703462,0.14998799451440029,0.0,0.0,none,0.421542672861796,1.0,1.0,1.0,0.421542672861796,False
LCA,21,Accountability,0.695403925374294,1,0,1.0,0.1374037354703462,0.14998799451440029,0.0,0.0,none,0.695403925374294,1.0,1.0,1.0,0.695403925374294,True
LIE,21,Accountability,0.7606671646816018,1,0,1.0,0.1374037354703462,0.14998799451440029,0.0,0.0,none,0.7606671646816018,1.0,1.0,1.0,0.7606671646816018,True
LKA,21,Accountability,0.5633981027286785,9,0,1.0,0.1374037354703462,0.14998799451440029,0.0,0.0,none,0.5633981027286785,1.0,1.0,1.0,0.5633981027286785,False
LSO,21,Accountability,0.5649980100612644,9,0,1.0,0.1374037354703462,0.14998799451440029,0.0,0.0,none,0.5649980100612644,1.0,1.0,1.0,0.5649980100612644,False
LTU,21,Accountability,0.6143522676844532,9,0,1.0,0.1374037354703462,0.14998799451440029,0.0,0.0,none,0.6143522676844532,1.0,1.0,1.0,0.6143522676844532,False
LUX,21,Accountability,0.714669686508492,9,0,1.0,0.1374037354703462,0.14998799451440029,0.0,0.0,none,0.714669686508492,1.0,1.0,1.0,0.714669686508492,False
LVA,21,Accountability,0.6388570138852586,9,0,1.0,0.1374037354703462,0.14998799451440029,0.0,0.0,none,0.6388570138852586,1.0,1.0,1.0,0.6388570138852586,False
MAR,21,Accountability,0.4109063632990565,9,0,1.0,0.1374037354703462,0.14998799451440029,0.0,0.0,none,0.4109063632990565,1.0,1.0,1.0,0.4109063632990565,False
MCO,21,Accountability,0.7352048565380609,1,0,1.0,0.1374037354703462,0.14998799451440029,0.0,0.0,none,0.7352048565380609,1.0,1.0,1.0,0.7352048565380609,True
MDA,21,Accountability,0.5543481032112658,9,0,1.0,0.1374037354703462,0.14998799451440029,0.0,0.0,none,0.5543481032112658,1.0,1.0,1.0,0.5543481032112658,False
MDG,21,Accountability,0.4056806874726316,9,0,1.0,0.1374037354703462,0.14998799451440029,0.0,0.0,none,0.4056806874726316,1.0,1.0,1.0,0.4056806874726316,False
MDV,21,Accountability,0.5043784915349007,9,0,1.0,0.1374037354703462,0.14998799451440029,0.0,0.0,none,0.5043784915349007,1.0,1.0,1.0,0.5043784915349007,False
MEX,21,Accountability,0.487469226629775,9,0,1.0,0.1374037354703462,0.14998799451440029,0.0,0.0,none,0.487469226629775,1.0,1.0,1.0,0.487469226629775,False
MHL,21,Accountability,0.7484504006733372,1,0,1.0,0.1374037354703462,0.14998799451440029,0.0,0.0,none,0.7484504006733372,1.0,1.0,1.0,0.7484504006733372,True
MKD,21,Accountability,0.5226175727808401,9,0,1.0,0.1374037354703462,0.14998799451440029,0.0,0.0,none,0.5226175727808401,1.0,1.0,1.0,0.5226175727808401,False
MLI,21,Accountability,0.4175205733664773,9,0,1.0,0.1374037354703462,0.14998799451440029,0.0,0.0,none,0.4175205733664773,1.0,1.0,1.0,0.4175205733664773,False
MLT,21,Accountability,0.6169270521570889,9,0,1.0,0.1374037354703462,0.14998799451440029,0.0,0.0,none,0.6169270521570889,1.0,1.0,1.0,0.6169270521570889,False
MMR,21,Accountability,0.2537205868092276,9,0,1.0,0.1374037354703462,0.14998799451440029,0.0,0.0,none,0.2537205868092276,1.0,1.0,1.0,0.2537205868092276,False
MNE,21,Accountability,0.5786764303428554,9,0,1.0,0.1374037354703462,0.14998799451440029,0.0,0.0,none,0.5786764303428554,1.0,1.0,1.0,0.5786764303428554,False
MNG,21,Accountability,0.493896595852535,9,0,1.0,0.1374037354703462,0.14998799451440029,0.0,0.0,none,0.493896595852535,1.0,1.0,1.0,0.493896595852535,False
MOZ,21,Accountability,0.4349556523865368,9,0,1.0,0.1374037354703462,0.14998799451440029,0.0,0.0,none,0.4349556523865368,1.0,1.0,1.0,0.4349556523865368,False
MRT,21,Accountability,0.4394180283127659,9,0,1.0,0.1374037354703462,0.14998799451440029,0.0,0.0,none,0.4394180283127659,1.0,1.0,1.0,0.4394180283127659,False
MUS,21,Accountability,0.6519773193430973,9,0,1.0,0.1374037354703462,0.14998799451440029,0.0,0.0,none,0.6519773193430973,1.0,1.0,1.0,0.6519773193430973,False
MWI,21,Accountability,0.5014418299494448,9,0,1.0,0.1374037354703462,0.14998799451440029,0.0,0.0,none,0.5014418299494448,1.0,1.0,1.0,0.5014418299494448,False
MYS,21,Accountability,0.5200716137434105,9,0,1.0,0.1374037354703462,0.14998799451440029,0.0,0.0,none,0.5200716137434105,1.0,1.0,1.0,0.5200716137434105,False
NAM,21,Accountability,0.5864777065122191,9,0,1.0,0.1374037354703462,0.14998799451440029,0.0,0.0,none,0.5864777065122191,1.0,1.0,1.0,0.5864777065122191,False
NER,21,Accountability,0.4833969329451496,9,0,1.0,0.1374037354703462,0.14998799451440029,0.0,0.0,none,0.4833969329451496,1.0,1.0,1.0,0.4833969329451496,False
NGA,21,Accountability,0.4694722986739618,9,0,1.0,0.1374037354703462,0.14998799451440029,0.0,0.0,none,0.4694722986739618,1.0,1.0,1.0,0.4694722986739618,False
NIC,21,Accountability,0.2145193350843938,9,0,1.0,0.1374037354703462,0.14998799451440029,0.0,0.0,none,0.2145193350843938,1.0,1.0,1.0,0.2145193350843938,False
NLD,21,Accountability,0.6572342808286895,9,0,1.0,0.1374037354703462,0.14998799451440029,0.0,0.0,none,0.6572342808286895,1.0,1.0,1.0,0.6572342808286895,False
NOR,21,Accountability,0.7761786700999512,9,0,1.0,0.1374037354703462,0.14998799451440029,0.0,0.0,none,0.7761786700999512,1.0,1.0,1.0,0.7761786700999512,False
NPL,21,Accountability,0.5413231885714653,9,0,1.0,0.1374037354703462,0.14998799451440029,0.0,0.0,none,0.5413231885714653,1.0,1.0,1.0,0.5413231885714653,False
NRU,21,Accountability,0.5576116871126579,1,0,1.0,0.1374037354703462,0.14998799451440029,0.0,0.0,none,0.5576116871126579,1.0,1.0,1.0,0.5576116871126579,True
NZL,21,Accountability,0.6266196576822365,9,0,1.0,0.1374037354703462,0.14998799451440029,0.0,0.0,none,0.6266196576822365,1.0,1.0,1.0,0.6266196576822365,False
OMN,21,Accountability,0.2776314771981808,9,0,1.0,0.1374037354703462,0.14998799451440029,0.0,0.0,none,0.2776314771981808,1.0,1.0,1.0,0.2776314771981808,False
PAK,21,Accountability,0.4268782289450867,9,0,1.0,0.1374037354703462,0.14998799451440029,0.0,0.0,none,0.4268782289450867,1.0,1.0,1.0,0.4268782289450867,False
PAN,21,Accountability,0.5608032500950335,9,0,1.0,0.1374037354703462,0.14998799451440029,0.0,0.0,none,0.5608032500950335,1.0,1.0,1.0,0.5608032500950335,False
PER,21,Accountability,0.4321141392608421,9,0,1.0,0.1374037354703462,0.14998799451440029,0.0,0.0,none,0.4321141392608421,1.0,1.0,1.0,0.4321141392608421,False
PHL,21,Accountability,0.4175931418708745,9,0,1.0,0.1374037354703462,0.14998799451440029,0.0,0.0,none,0.4175931418708745,1.0,1.0,1.0,0.4175931418708745,False
PLW,21,Accountability,0.7484504006733372,1,0,1.0,0.1374037354703462,0.14998799451440029,0.0,0.0,none,0.7484504006733372,1.0,1.0,1.0,0.7484504006733372,True
PNG,21,Accountability,0.4652240056759088,9,0,1.0,0.1374037354703462,0.14998799451440029,0.0,0.0,none,0.4652240056759088,1.0,1.0,1.0,0.4652240056759088,False
POL,21,Accountability,0.6311110701401711,9,0,1.0,0.1374037354703462,0.14998799451440029,0.0,0.0,none,0.6311110701401711,1.0,1.0,1.0,0.6311110701401711,False
PRT,21,Accountability,0.6641825759106916,9,0,1.0,0.1374037354703462,0.14998799451440029,0.0,0.0,none,0.6641825759106916,1.0,1.0,1.0,0.6641825759106916,False
PRY,21,Accountability,0.469129605991869,9,0,1.0,0.1374037354703462,0.14998799451440029,0.0,0.0,none,0.469129605991869,1.0,1.0,1.0,0.469129605991869,False
PSE,21,Accountability,0.3123677431493743,9,0,1.0,0.1374037354703462,0.14998799451440029,0.0,0.0,none,0.3123677431493743,1.0,1.0,1.0,0.3123677431493743,False
QAT,21,Accountability,0.2462200927011181,9,0,1.0,0.1374037354703462,0.14998799451440029,0.0,0.0,none,0.2462200927011181,1.0,1.0,1.0,0.2462200927011181,False
ROU,21,Accountability,0.5133996042356733,9,0,1.0,0.1374037354703462,0.14998799451440029,0.0,0.0,none,0.5133996042356733,1.0,1.0,1.0,0.5133996042356733,False
RUS,21,Accountability,0.2948650258436819,9,0,1.0,0.1374037354703462,0.14998799451440029,0.0,0.0,none,0.2948650258436819,1.0,1.0,1.0,0.2948650258436819,False
RWA,21,Accountability,0.3795126748338939,9,0,1.0,0.1374037354703462,0.14998799451440029,0.0,0.0,none,0.3795126748338939,1.0,1.0,1.0,0.3795126748338939,False
SAU,21,Accountability,0.2757733523419283,9,0,1.0,0.1374037354703462,0.14998799451440029,0.0,0.0,none,0.2757733523419283,1.0,1.0,1.0,0.2757733523419283,False
SDN,21,Accountability,0.2330227232620977,9,0,1.0,0.1374037354703462,0.14998799451440029,0.0,0.0,none,0.2330227232620977,1.0,1.0,1.0,0.2330227232620977,False
SEN,21,Accountability,0.5617910898953082,9,0,1.0,0.1374037354703462,0.14998799451440029,0.0,0.0,none,0.5617910898953082,1.0,1.0,1.0,0.5617910898953082,False
SGP,21,Accountability,0.4290176481227863,9,0,1.0,0.1374037354703462,0.14998799451440029,0.0,0.0,none,0.4290176481227863,1.0,1.0,1.0,0.4290176481227863,False
SLB,21,Accountability,0.4797536731183106,9,0,1.0,0.1374037354703462,0.14998799451440029,0.0,0.0,none,0.4797536731183106,1.0,1.0,1.0,0.4797536731183106,False
SLE,21,Accountability,0.5838136494957233,9,0,1.0,0.1374037354703462,0.14998799451440029,0.0,0.0,none,0.5838136494957233,1.0,1.0,1.0,0.5838136494957233,False
SLV,21,Accountability,0.4076003410974835,9,0,1.0,0.1374037354703462,0.14998799451440029,0.0,0.0,none,0.4076003410974835,1.0,1.0,1.0,0.4076003410974835,False
SMR,21,Accountability,0.7750057877018279,1,0,1.0,0.1374037354703462,0.14998799451440029,0.0,0.0,none,0.7750057877018279,1.0,1.0,1.0,0.7750057877018279,True
SOM,21,Accountability,0.3318234572805908,9,0,1.0,0.1374037354703462,0.14998799451440029,0.0,0.0,none,0.3318234572805908,1.0,1.0,1.0,0.3318234572805908,False
SRB,21,Accountability,0.4610268434633626,9,0,1.0,0.1374037354703462,0.14998799451440029,0.0,0.0,none,0.4610268434633626,1.0,1.0,1.0,0.4610268434633626,False
SSD,21,Accountability,0.2115267804718237,9,0,1.0,0.1374037354703462,0.14998799451440029,0.0,0.0,none,0.2115267804718237,1.0,1.0,1.0,0.2115267804718237,False
STP,21,Accountability,0.5254830566846838,7,0,1.0,0.1374037354703462,0.14998799451440029,0.0,0.0,none,0.5254830566846838,1.0,1.0,1.0,0.5254830566846838,False
SUR,21,Accountability,0.5865637292391092,9,0,1.0,0.1374037354703462,0.14998799451440029,0.0,0.0,none,0.5865637292391092,1.0,1.0,1.0,0.5865637292391092,False
SVK,21,Accountability,0.5212457094997873,9,0,1.0,0.1374037354703462,0.14998799451440029,0.0,0.0,none,0.5212457094997873,1.0,1.0,1.0,0.5212457094997873,False
SVN,21,Accountability,0.6433967873269775,9,0,1.0,0.1374037354703462,0.14998799451440029,0.0,0.0,none,0.6433967873269775,1.0,1.0,1.0,0.6433967873269775,False
SWE,21,Accountability,0.728524683965049,9,0,1.0,0.1374037354703462,0.14998799451440029,0.0,0.0,none,0.728524683965049,1.0,1.0,1.0,0.728524683965049,False
SWZ,21,Accountability,0.269347140914019,9,0,1.0,0.1374037354703462,0.14998799451440029,0.0,0.0,none,0.269347140914019,1.0,1.0,1.0,0.269347140914019,False
SYC,21,Accountability,0.5801381458927174,7,0,1.0,0.1374037354703462,0.14998799451440029,0.0,0.0,none,0.5801381458927174,1.0,1.0,1.0,0.5801381458927174,False
SYR,21,Accountability,0.2820145758806792,9,0,1.0,0.1374037354703462,0.14998799451440029,0.0,0.0,none,0.2820145758806792,1.0,1.0,1.0,0.2820145758806792,False
TCD,21,Accountability,0.3264882825833742,9,0,1.0,0.1374037354703462,0.14998799451440029,0.0,0.0,none,0.3264882825833742,1.0,1.0,1.0,0.3264882825833742,False
TGO,21,Accountability,0.4236927492297321,9,0,1.0,0.1374037354703462,0.14998799451440029,0.0,0.0,none,0.4236927492297321,1.0,1.0,1.0,0.4236927492297321,False
THA,21,Accountability,0.4062710420643511,9,0,1.0,0.1374037354703462,0.14998799451440029,0.0,0.0,none,0.4062710420643511,1.0,1.0,1.0,0.4062710420643511,False
TJK,21,Accountability,0.2560462561916409,9,0,1.0,0.1374037354703462,0.14998799451440029,0.0,0.0,none,0.2560462561916409,1.0,1.0,1.0,0.2560462561916409,False
TLS,21,Accountability,0.5672489464207424,9,0,1.0,0.1374037354703462,0.14998799451440029,0.0,0.0,none,0.5672489464207424,1.0,1.0,1.0,0.5672489464207424,False
TON,21,Accountability,0.6864020992629412,1,0,1.0,0.1374037354703462,0.14998799451440029,0.0,0.0,none,0.6864020992629412,1.0,1.0,1.0,0.6864020992629412,True
TTO,21,Accountability,0.6230511580897223,9,0,1.0,0.1374037354703462,0.14998799451440029,0.0,0.0,none,0.6230511580897223,1.0,1.0,1.0,0.6230511580897223,False
TUN,21,Accountability,0.4197263006242437,9,0,1.0,0.1374037354703462,0.14998799451440029,0.0,0.0,none,0.4197263006242437,1.0,1.0,1.0,0.4197263006242437,False
TUR,21,Accountability,0.3901596321906353,9,0,1.0,0.1374037354703462,0.14998799451440029,0.0,0.0,none,0.3901596321906353,1.0,1.0,1.0,0.3901596321906353,False
TUV,21,Accountability,0.7352048565380609,1,0,1.0,0.1374037354703462,0.14998799451440029,0.0,0.0,none,0.7352048565380609,1.0,1.0,1.0,0.7352048565380609,True
TZA,21,Accountability,0.4344651752367267,9,0,1.0,0.1374037354703462,0.14998799451440029,0.0,0.0,none,0.4344651752367267,1.0,1.0,1.0,0.4344651752367267,False
UGA,21,Accountability,0.3523678448447726,9,0,1.0,0.1374037354703462,0.14998799451440029,0.0,0.0,none,0.3523678448447726,1.0,1.0,1.0,0.3523678448447726,False
UKR,21,Accountability,0.5068254473293763,9,0,1.0,0.1374037354703462,0.14998799451440029,0.0,0.0,none,0.5068254473293763,1.0,1.0,1.0,0.5068254473293763,False
URY,21,Accountability,0.7019695611980139,9,0,1.0,0.1374037354703462,0.14998799451440029,0.0,0.0,none,0.7019695611980139,1.0,1.0,1.0,0.7019695611980139,False
USA,21,Accountability,0.6033007933356326,9,0,1.0,0.1374037354703462,0.14998799451440029,0.0,0.0,none,0.6033007933356326,1.0,1.0,1.0,0.6033007933356326,False
UZB,21,Accountability,0.3373773634584535,9,0,1.0,0.1374037354703462,0.14998799451440029,0.0,0.0,none,0.3373773634584535,1.0,1.0,1.0,0.3373773634584535,False
VCT,21,Accountability,0.7352048565380609,1,0,1.0,0.1374037354703462,0.14998799451440029,0.0,0.0,none,0.7352048565380609,1.0,1.0,1.0,0.7352048565380609,True
VEN,21,Accountability,0.2936338553131923,9,0,1.0,0.1374037354703462,0.14998799451440029,0.0,0.0,none,0.2936338553131923,1.0,1.0,1.0,0.2936338553131923,False
VNM,21,Accountability,0.4145197158818522,9,0,1.0,0.1374037354703462,0.14998799451440029,0.0,0.0,none,0.4145197158818522,1.0,1.0,1.0,0.4145197158818522,False
VUT,21,Accountability,0.5381962993971373,9,0,1.0,0.1374037354703462,0.14998799451440029,0.0,0.0,none,0.5381962993971373,1.0,1.0,1.0,0.5381962993971373,False
WSM,21,Accountability,0.6926390787829497,1,0,1.0,0.1374037354703462,0.14998799451440029,0.0,0.0,none,0.6926390787829497,1.0,1.0,1.0,0.6926390787829497,True
XKX,21,Accountability,0.5055983966772487,9,0,1.0,0.1374037354703462,0.14998799451440029,0.0,0.0,none,0.5055983966772487,1.0,1.0,1.0,0.5055983966772487,False
YEM,21,Accountability,0.282036734609021,9,0,1.0,0.1374037354703462,0.14998799451440029,0.0,0.0,none,0.282036734609021,1.0,1.0,1.0,0.282036734609021,False
ZAF,21,Accountability,0.5996028011364316,9,0,1.0,0.1374037354703462,0.14998799451440029,0.0,0.0,none,0.5996028011364316,1.0,1.0,1.0,0.5996028011364316,False
ZMB,21,Accountability,0.5739124401493779,9,0,1.0,0.1374037354703462,0.14998799451440029,0.0,0.0,none,0.5739124401493779,1.0,1.0,1.0,0.5739124401493779,False
ZWE,21,Accountability,0.3981100165815289,9,0,1.0,0.1374037354703462,0.14998799451440029,0.0,0.0,none,0.3981100165815289,1.0,1.0,1.0,0.3981100165815289,False
AFG,22,Accountability,0.0864926246832946,14,0,1.0,0.0864926246832946,0.13116901231589956,0.0,0.0,none,0.0864926246832946,1.0,1.0,1.0,0.0864926246832946,False
AGO,22,Accountability,0.4402070772590295,14,0,1.0,0.0864926246832946,0.13116901231589956,0.0,0.0,none,0.4402070772590295,1.0,1.0,1.0,0.4402070772590295,False
ALB,22,Accountability,0.6053360693227814,14,0,1.0,0.0864926246832946,0.13116901231589956,0.0,0.0,none,0.6053360693227814,1.0,1.0,1.0,0.6053360693227814,False
AND,22,Accountability,0.6593522359483804,5,0,1.0,0.0864926246832946,0.13116901231589956,0.0,0.0,none,0.6593522359483804,1.0,1.0,1.0,0.6593522359483804,True
ARE,22,Accountability,0.2954739472279247,13,0,1.0,0.0864926246832946,0.13116901231589956,0.0,0.0,none,0.2954739472279247,1.0,1.0,1.0,0.2954739472279247,False
ARG,22,Accountability,0.5666027789807406,14,0,1.0,0.0864926246832946,0.13116901231589956,0.0,0.0,none,0.5666027789807406,1.0,1.0,1.0,0.5666027789807406,False
ARM,22,Accountability,0.5538528401060818,14,0,1.0,0.0864926246832946,0.13116901231589956,0.0,0.0,none,0.5538528401060818,1.0,1.0,1.0,0.5538528401060818,False
ATG,22,Accountability,0.5810245421441138,8,0,1.0,0.0864926246832946,0.13116901231589956,0.0,0.0,none,0.5810245421441138,1.0,1.0,1.0,0.5810245421441138,False
AUS,22,Accountability,0.6340498682469095,14,0,1.0,0.0864926246832946,0.13116901231589956,0.0,0.0,none,0.6340498682469095,1.0,1.0,1.0,0.6340498682469095,False
AUT,22,Accountability,0.6471144293612279,14,0,1.0,0.0864926246832946,0.13116901231589956,0.0,0.0,none,0.6471144293612279,1.0,1.0,1.0,0.6471144293612279,False
AZE,22,Accountability,0.3708752617384838,14,0,1.0,0.0864926246832946,0.13116901231589956,0.0,0.0,none,0.3708752617384838,1.0,1.0,1.0,0.3708752617384838,False
BDI,22,Accountability,0.3605471488953305,14,0,1.0,0.0864926246832946,0.13116901231589956,0.0,0.0,none,0.3605471488953305,1.0,1.0,1.0,0.3605471488953305,False
BEL,22,Accountability,0.686220730442628,14,0,1.0,0.0864926246832946,0.13116901231589956,0.0,0.0,none,0.686220730442628,1.0,1.0,1.0,0.686220730442628,False
BEN,22,Accountability,0.6113970968178697,14,0,1.0,0.0864926246832946,0.13116901231589956,0.0,0.0,none,0.6113970968178697,1.0,1.0,1.0,0.6113970968178697,False
BFA,22,Accountability,0.4128518141442742,14,0,1.0,0.0864926246832946,0.13116901231589956,0.0,0.0,none,0.4128518141442742,1.0,1.0,1.0,0.4128518141442742,False
BGD,22,Accountability,0.4025671050202528,14,0,1.0,0.0864926246832946,0.13116901231589956,0.0,0.0,none,0.4025671050202528,1.0,1.0,1.0,0.4025671050202528,False
BGR,22,Accountability,0.5736866976664388,14,0,1.0,0.0864926246832946,0.13116901231589956,0.0,0.0,none,0.5736866976664388,1.0,1.0,1.0,0.5736866976664388,False
BHR,22,Accountability,0.3169177795975272,14,0,1.0,0.0864926246832946,0.13116901231589956,0.0,0.0,none,0.3169177795975272,1.0,1.0,1.0,0.3169177795975272,False
BHS,22,Accountability,0.5342798845756549,8,0,1.0,0.0864926246832946,0.13116901231589956,0.0,0.0,none,0.5342798845756549,1.0,1.0,1.0,0.5342798845756549,False
BIH,22,Accountability,0.5109005228126657,14,0,1.0,0.0864926246832946,0.13116901231589956,0.0,0.0,none,0.5109005228126657,1.0,1.0,1.0,0.5109005228126657,False
BLR,22,Accountability,0.4215136106172504,14,0,1.0,0.0864926246832946,0.13116901231589956,0.0,0.0,none,0.4215136106172504,1.0,1.0,1.0,0.4215136106172504,False
BLZ,22,Accountability,0.5929979350074023,7,0,1.0,0.0864926246832946,0.13116901231589956,0.0,0.0,none,0.5929979350074023,1.0,1.0,1.0,0.5929979350074023,False
BOL,22,Accountability,0.5735705490052742,14,0,1.0,0.0864926246832946,0.13116901231589956,0.0,0.0,none,0.5735705490052742,1.0,1.0,1.0,0.5735705490052742,False
BRA,22,Accountability,0.5682595273483876,14,0,1.0,0.0864926246832946,0.13116901231589956,0.0,0.0,none,0.5682595273483876,1.0,1.0,1.0,0.5682595273483876,False
BRB,22,Accountability,0.6027191448665393,14,0,1.0,0.0864926246832946,0.13116901231589956,0.0,0.0,none,0.6027191448665393,1.0,1.0,1.0,0.6027191448665393,False
BRN,22,Accountability,0.3765943252975787,8,0,1.0,0.0864926246832946,0.13116901231589956,0.0,0.0,none,0.3765943252975787,1.0,1.0,1.0,0.3765943252975787,False
BTN,22,Accountability,0.4718798365808571,14,0,1.0,0.0864926246832946,0.13116901231589956,0.0,0.0,none,0.4718798365808571,1.0,1.0,1.0,0.4718798365808571,False
BWA,22,Accountability,0.5192143356882583,14,0,1.0,0.0864926246832946,0.13116901231589956,0.0,0.0,none,0.5192143356882583,1.0,1.0,1.0,0.5192143356882583,False
CAF,22,Accountability,0.2988549899921024,14,0,1.0,0.0864926246832946,0.13116901231589956,0.0,0.0,none,0.2988549899921024,1.0,1.0,1.0,0.2988549899921024,False
CAN,22,Accountability,0.590456524064061,14,0,1.0,0.0864926246832946,0.13116901231589956,0.0,0.0,none,0.590456524064061,1.0,1.0,1.0,0.590456524064061,False
CHE,22,Accountability,0.6388232107249009,14,0,1.0,0.0864926246832946,0.13116901231589956,0.0,0.0,none,0.6388232107249009,1.0,1.0,1.0,0.6388232107249009,False
CHL,22,Accountability,0.6363740643985657,14,0,1.0,0.0864926246832946,0.13116901231589956,0.0,0.0,none,0.6363740643985657,1.0,1.0,1.0,0.6363740643985657,False
CHN,22,Accountability,0.2573634061783165,14,0,1.0,0.0864926246832946,0.13116901231589956,0.0,0.0,none,0.2573634061783165,1.0,1.0,1.0,0.2573634061783165,False
CIV,22,Accountability,0.5029682368158221,14,0,1.0,0.0864926246832946,0.13116901231589956,0.0,0.0,none,0.5029682368158221,1.0,1.0,1.0,0.5029682368158221,False
CMR,22,Accountability,0.4174326239360751,14,0,1.0,0.0864926246832946,0.13116901231589956,0.0,0.0,none,0.4174326239360751,1.0,1.0,1.0,0.4174326239360751,False
COD,22,Accountability,0.3595711700324052,14,0,1.0,0.0864926246832946,0.13116901231589956,0.0,0.0,none,0.3595711700324052,1.0,1.0,1.0,0.3595711700324052,False
COG,22,Accountability,0.3577707217539638,14,0,1.0,0.0864926246832946,0.13116901231589956,0.0,0.0,none,0.3577707217539638,1.0,1.0,1.0,0.3577707217539638,False
COL,22,Accountability,0.5273447018062761,14,0,1.0,0.0864926246832946,0.13116901231589956,0.0,0.0,none,0.5273447018062761,1.0,1.0,1.0,0.5273447018062761,False
COM,22,Accountability,0.4043270857764547,14,0,1.0,0.0864926246832946,0.13116901231589956,0.0,0.0,none,0.4043270857764547,1.0,1.0,1.0,0.4043270857764547,False
CPV,22,Accountability,0.6166890751167615,14,0,1.0,0.0864926246832946,0.13116901231589956,0.0,0.0,none,0.6166890751167615,1.0,1.0,1.0,0.6166890751167615,False
CRI,22,Accountability,0.6425306269093556,14,0,1.0,0.0864926246832946,0.13116901231589956,0.0,0.0,none,0.6425306269093556,1.0,1.0,1.0,0.6425306269093556,False
CUB,22,Accountability,0.3642344269988611,11,0,1.0,0.0864926246832946,0.13116901231589956,0.0,0.0,none,0.3642344269988611,1.0,1.0,1.0,0.3642344269988611,False
CYP,22,Accountability,0.5837863582800369,14,0,1.0,0.0864926246832946,0.13116901231589956,0.0,0.0,none,0.5837863582800369,1.0,1.0,1.0,0.5837863582800369,False
CZE,22,Accountability,0.6627641212576497,14,0,1.0,0.0864926246832946,0.13116901231589956,0.0,0.0,none,0.6627641212576497,1.0,1.0,1.0,0.6627641212576497,False
DEU,22,Accountability,0.6877399053637412,14,0,1.0,0.0864926246832946,0.13116901231589956,0.0,0.0,none,0.6877399053637412,1.0,1.0,1.0,0.6877399053637412,False
DJI,22,Accountability,0.3792317225561334,14,0,1.0,0.0864926246832946,0.13116901231589956,0.0,0.0,none,0.3792317225561334,1.0,1.0,1.0,0.3792317225561334,False
DMA,22,Accountability,0.5922735165713797,8,0,1.0,0.0864926246832946,0.13116901231589956,0.0,0.0,none,0.5922735165713797,1.0,1.0,1.0,0.5922735165713797,False
DNK,22,Accountability,0.6639806537842767,14,0,1.0,0.0864926246832946,0.13116901231589956,0.0,0.0,none,0.6639806537842767,1.0,1.0,1.0,0.6639806537842767,False
DOM,22,Accountability,0.5228135709314601,14,0,1.0,0.0864926246832946,0.13116901231589956,0.0,0.0,none,0.5228135709314601,1.0,1.0,1.0,0.5228135709314601,False
DZA,22,Accountability,0.3611197166095901,14,0,1.0,0.0864926246832946,0.13116901231589956,0.0,0.0,none,0.3611197166095901,1.0,1.0,1.0,0.3611197166095901,False
ECU,22,Accountability,0.5400814698948608,14,0,1.0,0.0864926246832946,0.13116901231589956,0.0,0.0,none,0.5400814698948608,1.0,1.0,1.0,0.5400814698948608,False
EGY,22,Accountability,0.315234352579878,14,0,1.0,0.0864926246832946,0.13116901231589956,0.0,0.0,none,0.315234352579878,1.0,1.0,1.0,0.315234352579878,False
ESP,22,Accountability,0.6523465753860813,14,0,1.0,0.0864926246832946,0.13116901231589956,0.0,0.0,none,0.6523465753860813,1.0,1.0,1.0,0.6523465753860813,False
EST,22,Accountability,0.6829506032691042,14,0,1.0,0.0864926246832946,0.13116901231589956,0.0,0.0,none,0.6829506032691042,1.0,1.0,1.0,0.6829506032691042,False
ETH,22,Accountability,0.3100390831210918,14,0,1.0,0.0864926246832946,0.13116901231589956,0.0,0.0,none,0.3100390831210918,1.0,1.0,1.0,0.3100390831210918,False
FIN,22,Accountability,0.6787778646543084,14,0,1.0,0.0864926246832946,0.13116901231589956,0.0,0.0,none,0.6787778646543084,1.0,1.0,1.0,0.6787778646543084,False
FJI,22,Accountability,0.5242184125994699,14,0,1.0,0.0864926246832946,0.13116901231589956,0.0,0.0,none,0.5242184125994699,1.0,1.0,1.0,0.5242184125994699,False
FRA,22,Accountability,0.5763542833756031,14,0,1.0,0.0864926246832946,0.13116901231589956,0.0,0.0,none,0.5763542833756031,1.0,1.0,1.0,0.5763542833756031,False
FSM,22,Accountability,0.5530386918176918,8,0,1.0,0.0864926246832946,0.13116901231589956,0.0,0.0,none,0.5530386918176918,1.0,1.0,1.0,0.5530386918176918,False
GAB,22,Accountability,0.5322937868645741,14,0,1.0,0.0864926246832946,0.13116901231589956,0.0,0.0,none,0.5322937868645741,1.0,1.0,1.0,0.5322937868645741,False
GBR,22,Accountability,0.5683719577296775,14,0,1.0,0.0864926246832946,0.13116901231589956,0.0,0.0,none,0.5683719577296775,1.0,1.0,1.0,0.5683719577296775,False
GEO,22,Accountability,0.5303220835214162,14,0,1.0,0.0864926246832946,0.13116901231589956,0.0,0.0,none,0.5303220835214162,1.0,1.0,1.0,0.5303220835214162,False
GHA,22,Accountability,0.6263475408864132,14,0,1.0,0.0864926246832946,0.13116901231589956,0.0,0.0,none,0.6263475408864132,1.0,1.0,1.0,0.6263475408864132,False
GIN,22,Accountability,0.3672177281218953,14,0,1.0,0.0864926246832946,0.13116901231589956,0.0,0.0,none,0.3672177281218953,1.0,1.0,1.0,0.3672177281218953,False
GMB,22,Accountability,0.5414802289952544,14,0,1.0,0.0864926246832946,0.13116901231589956,0.0,0.0,none,0.5414802289952544,1.0,1.0,1.0,0.5414802289952544,False
GNB,22,Accountability,0.4397264216361706,14,0,1.0,0.0864926246832946,0.13116901231589956,0.0,0.0,none,0.4397264216361706,1.0,1.0,1.0,0.4397264216361706,False
GNQ,22,Accountability,0.2962953903605111,14,0,1.0,0.0864926246832946,0.13116901231589956,0.0,0.0,none,0.2962953903605111,1.0,1.0,1.0,0.2962953903605111,False
GRC,22,Accountability,0.6018101803978664,14,0,1.0,0.0864926246832946,0.13116901231589956,0.0,0.0,none,0.6018101803978664,1.0,1.0,1.0,0.6018101803978664,False
GRD,22,Accountability,0.6072201498674625,8,0,1.0,0.0864926246832946,0.13116901231589956,0.0,0.0,none,0.6072201498674625,1.0,1.0,1.0,0.6072201498674625,False
GTM,22,Accountability,0.4360602070835414,14,0,1.0,0.0864926246832946,0.13116901231589956,0.0,0.0,none,0.4360602070835414,1.0,1.0,1.0,0.4360602070835414,False
GUY,22,Accountability,0.5408276845729886,14,0,1.0,0.0864926246832946,0.13116901231589956,0.0,0.0,none,0.5408276845729886,1.0,1.0,1.0,0.5408276845729886,False
HKG,22,Accountability,0.5250304081261811,11,0,1.0,0.0864926246832946,0.13116901231589956,0.0,0.0,none,0.5250304081261811,1.0,1.0,1.0,0.5250304081261811,False
HND,22,Accountability,0.5134678135507262,14,0,1.0,0.0864926246832946,0.13116901231589956,0.0,0.0,none,0.5134678135507262,1.0,1.0,1.0,0.5134678135507262,False
HRV,22,Accountability,0.6085693564538002,14,0,1.0,0.0864926246832946,0.13116901231589956,0.0,0.0,none,0.6085693564538002,1.0,1.0,1.0,0.6085693564538002,False
HTI,22,Accountability,0.4156906254422825,14,0,1.0,0.0864926246832946,0.13116901231589956,0.0,0.0,none,0.4156906254422825,1.0,1.0,1.0,0.4156906254422825,False
HUN,22,Accountability,0.542863649822281,14,0,1.0,0.0864926246832946,0.13116901231589956,0.0,0.0,none,0.542863649822281,1.0,1.0,1.0,0.542863649822281,False
IDN,22,Accountability,0.4234629092315909,14,0,1.0,0.0864926246832946,0.13116901231589956,0.0,0.0,none,0.4234629092315909,1.0,1.0,1.0,0.4234629092315909,False
IND,22,Accountability,0.3778795847587288,14,0,1.0,0.0864926246832946,0.13116901231589956,0.0,0.0,none,0.3778795847587288,1.0,1.0,1.0,0.3778795847587288,False
IRL,22,Accountability,0.6925310806876005,14,0,1.0,0.0864926246832946,0.13116901231589956,0.0,0.0,none,0.6925310806876005,1.0,1.0,1.0,0.6925310806876005,False
IRN,22,Accountability,0.2418406989977499,14,0,1.0,0.0864926246832946,0.13116901231589956,0.0,0.0,none,0.2418406989977499,1.0,1.0,1.0,0.2418406989977499,False
IRQ,22,Accountability,0.3266664438831676,14,0,1.0,0.0864926246832946,0.13116901231589956,0.0,0.0,none,0.3266664438831676,1.0,1.0,1.0,0.3266664438831676,False
ISL,22,Accountability,0.6664110628853632,14,0,1.0,0.0864926246832946,0.13116901231589956,0.0,0.0,none,0.6664110628853632,1.0,1.0,1.0,0.6664110628853632,False
ISR,22,Accountability,0.4881060749180649,14,0,1.0,0.0864926246832946,0.13116901231589956,0.0,0.0,none,0.4881060749180649,1.0,1.0,1.0,0.4881060749180649,False
ITA,22,Accountability,0.6344334179861002,14,0,1.0,0.0864926246832946,0.13116901231589956,0.0,0.0,none,0.6344334179861002,1.0,1.0,1.0,0.6344334179861002,False
JAM,22,Accountability,0.5744484564835668,14,0,1.0,0.0864926246832946,0.13116901231589956,0.0,0.0,none,0.5744484564835668,1.0,1.0,1.0,0.5744484564835668,False
JOR,22,Accountability,0.4448859014067939,14,0,1.0,0.0864926246832946,0.13116901231589956,0.0,0.0,none,0.4448859014067939,1.0,1.0,1.0,0.4448859014067939,False
JPN,22,Accountability,0.6658676595691335,14,0,1.0,0.0864926246832946,0.13116901231589956,0.0,0.0,none,0.6658676595691335,1.0,1.0,1.0,0.6658676595691335,False
KAZ,22,Accountability,0.439251103135601,13,0,1.0,0.0864926246832946,0.13116901231589956,0.0,0.0,none,0.439251103135601,1.0,1.0,1.0,0.439251103135601,False
KEN,22,Accountability,0.4798636773341175,14,0,1.0,0.0864926246832946,0.13116901231589956,0.0,0.0,none,0.4798636773341175,1.0,1.0,1.0,0.4798636773341175,False
KGZ,22,Accountability,0.4813153261301779,14,0,1.0,0.0864926246832946,0.13116901231589956,0.0,0.0,none,0.4813153261301779,1.0,1.0,1.0,0.4813153261301779,False
KHM,22,Accountability,0.3634925000100171,14,0,1.0,0.0864926246832946,0.13116901231589956,0.0,0.0,none,0.3634925000100171,1.0,1.0,1.0,0.3634925000100171,False
KIR,22,Accountability,0.5509198849774352,8,0,1.0,0.0864926246832946,0.13116901231589956,0.0,0.0,none,0.5509198849774352,1.0,1.0,1.0,0.5509198849774352,False
KNA,22,Accountability,0.5877410045655974,8,0,1.0,0.0864926246832946,0.13116901231589956,0.0,0.0,none,0.5877410045655974,1.0,1.0,1.0,0.5877410045655974,False
KOR,22,Accountability,0.6193316853674046,13,0,1.0,0.0864926246832946,0.13116901231589956,0.0,0.0,none,0.6193316853674046,1.0,1.0,1.0,0.6193316853674046,False
KWT,22,Accountability,0.2970752775546478,13,0,1.0,0.0864926246832946,0.13116901231589956,0.0,0.0,none,0.2970752775546478,1.0,1.0,1.0,0.2970752775546478,False
LAO,22,Accountability,0.2867169734018656,14,0,1.0,0.0864926246832946,0.13116901231589956,0.0,0.0,none,0.2867169734018656,1.0,1.0,1.0,0.2867169734018656,False
LBN,22,Accountability,0.4038611688635406,14,0,1.0,0.0864926246832946,0.13116901231589956,0.0,0.0,none,0.4038611688635406,1.0,1.0,1.0,0.4038611688635406,False
LBR,22,Accountability,0.501481212398323,14,0,1.0,0.0864926246832946,0.13116901231589956,0.0,0.0,none,0.501481212398323,1.0,1.0,1.0,0.501481212398323,False
LBY,22,Accountability,0.2391052015490621,14,0,1.0,0.0864926246832946,0.13116901231589956,0.0,0.0,none,0.2391052015490621,1.0,1.0,1.0,0.2391052015490621,False
LCA,22,Accountability,0.5885730756574021,8,0,1.0,0.0864926246832946,0.13116901231589956,0.0,0.0,none,0.5885730756574021,1.0,1.0,1.0,0.5885730756574021,False
LIE,22,Accountability,0.6793654484042926,5,0,1.0,0.0864926246832946,0.13116901231589956,0.0,0.0,none,0.6793654484042926,1.0,1.0,1.0,0.6793654484042926,True
LKA,22,Accountability,0.4447494332982581,14,0,1.0,0.0864926246832946,0.13116901231589956,0.0,0.0,none,0.4447494332982581,1.0,1.0,1.0,0.4447494332982581,False
LSO,22,Accountability,0.5652171663190203,14,0,1.0,0.0864926246832946,0.13116901231589956,0.0,0.0,none,0.5652171663190203,1.0,1.0,1.0,0.5652171663190203,False
LTU,22,Accountability,0.6313891286052903,14,0,1.0,0.0864926246832946,0.13116901231589956,0.0,0.0,none,0.6313891286052903,1.0,1.0,1.0,0.6313891286052903,False
LUX,22,Accountability,0.6877482503069083,14,0,1.0,0.0864926246832946,0.13116901231589956,0.0,0.0,none,0.6877482503069083,1.0,1.0,1.0,0.6877482503069083,False
LVA,22,Accountability,0.6591922518003369,14,0,1.0,0.0864926246832946,0.13116901231589956,0.0,0.0,none,0.6591922518003369,1.0,1.0,1.0,0.6591922518003369,False
MAC,22,Accountability,0.6804874432773259,2,0,1.0,0.0864926246832946,0.13116901231589956,0.0,0.0,none,0.6804874432773259,1.0,1.0,1.0,0.6804874432773259,True
MAR,22,Accountability,0.4295052136375059,14,0,1.0,0.0864926246832946,0.13116901231589956,0.0,0.0,none,0.4295052136375059,1.0,1.0,1.0,0.4295052136375059,False
MCO,22,Accountability,0.692666950666596,5,0,1.0,0.0864926246832946,0.13116901231589956,0.0,0.0,none,0.692666950666596,1.0,1.0,1.0,0.692666950666596,True
MDA,22,Accountability,0.5642537256455198,14,0,1.0,0.0864926246832946,0.13116901231589956,0.0,0.0,none,0.5642537256455198,1.0,1.0,1.0,0.5642537256455198,False
MDG,22,Accountability,0.473139088791523,14,0,1.0,0.0864926246832946,0.13116901231589956,0.0,0.0,none,0.473139088791523,1.0,1.0,1.0,0.473139088791523,False
MDV,22,Accountability,0.3769094290050861,14,0,1.0,0.0864926246832946,0.13116901231589956,0.0,0.0,none,0.3769094290050861,1.0,1.0,1.0,0.3769094290050861,False
MEX,22,Accountability,0.4387042850864685,14,0,1.0,0.0864926246832946,0.13116901231589956,0.0,0.0,none,0.4387042850864685,1.0,1.0,1.0,0.4387042850864685,False
MHL,22,Accountability,0.5605739572326357,8,0,1.0,0.0864926246832946,0.13116901231589956,0.0,0.0,none,0.5605739572326357,1.0,1.0,1.0,0.5605739572326357,False
MKD,22,Accountability,0.544448245132377,14,0,1.0,0.0864926246832946,0.13116901231589956,0.0,0.0,none,0.544448245132377,1.0,1.0,1.0,0.544448245132377,False
MLI,22,Accountability,0.420417198836149,14,0,1.0,0.0864926246832946,0.13116901231589956,0.0,0.0,none,0.420417198836149,1.0,1.0,1.0,0.420417198836149,False
MLT,22,Accountability,0.6396988923296273,13,0,1.0,0.0864926246832946,0.13116901231589956,0.0,0.0,none,0.6396988923296273,1.0,1.0,1.0,0.6396988923296273,False
MMR,22,Accountability,0.1881388386768273,14,0,1.0,0.0864926246832946,0.13116901231589956,0.0,0.0,none,0.1881388386768273,1.0,1.0,1.0,0.1881388386768273,False
MNE,22,Accountability,0.5671159297312969,13,0,1.0,0.0864926246832946,0.13116901231589956,0.0,0.0,none,0.5671159297312969,1.0,1.0,1.0,0.5671159297312969,False
MNG,22,Accountability,0.5684707339006904,14,0,1.0,0.0864926246832946,0.13116901231589956,0.0,0.0,none,0.5684707339006904,1.0,1.0,1.0,0.5684707339006904,False
MOZ,22,Accountability,0.4374630214848666,14,0,1.0,0.0864926246832946,0.13116901231589956,0.0,0.0,none,0.4374630214848666,1.0,1.0,1.0,0.4374630214848666,False
MRT,22,Accountability,0.3189474391348637,14,0,1.0,0.0864926246832946,0.13116901231589956,0.0,0.0,none,0.3189474391348637,1.0,1.0,1.0,0.3189474391348637,False
MUS,22,Accountability,0.5577227522435857,14,0,1.0,0.0864926246832946,0.13116901231589956,0.0,0.0,none,0.5577227522435857,1.0,1.0,1.0,0.5577227522435857,False
MWI,22,Accountability,0.5195890780449164,14,0,1.0,0.0864926246832946,0.13116901231589956,0.0,0.0,none,0.5195890780449164,1.0,1.0,1.0,0.5195890780449164,False
MYS,22,Accountability,0.4497752278379173,14,0,1.0,0.0864926246832946,0.13116901231589956,0.0,0.0,none,0.4497752278379173,1.0,1.0,1.0,0.4497752278379173,False
NAM,22,Accountability,0.5681247159359292,14,0,1.0,0.0864926246832946,0.13116901231589956,0.0,0.0,none,0.5681247159359292,1.0,1.0,1.0,0.5681247159359292,False
NER,22,Accountability,0.452448910963547,14,0,1.0,0.0864926246832946,0.13116901231589956,0.0,0.0,none,0.452448910963547,1.0,1.0,1.0,0.452448910963547,False
NGA,22,Accountability,0.4543534629798384,14,0,1.0,0.0864926246832946,0.13116901231589956,0.0,0.0,none,0.4543534629798384,1.0,1.0,1.0,0.4543534629798384,False
NIC,22,Accountability,0.2921670264583582,14,0,1.0,0.0864926246832946,0.13116901231589956,0.0,0.0,none,0.2921670264583582,1.0,1.0,1.0,0.2921670264583582,False
NLD,22,Accountability,0.6446821096443484,14,0,1.0,0.0864926246832946,0.13116901231589956,0.0,0.0,none,0.6446821096443484,1.0,1.0,1.0,0.6446821096443484,False
NOR,22,Accountability,0.6327804996016919,14,0,1.0,0.0864926246832946,0.13116901231589956,0.0,0.0,none,0.6327804996016919,1.0,1.0,1.0,0.6327804996016919,False
NPL,22,Accountability,0.4551256733947494,14,0,1.0,0.0864926246832946,0.13116901231589956,0.0,0.0,none,0.4551256733947494,1.0,1.0,1.0,0.4551256733947494,False
NRU,22,Accountability,0.6277890930870104,5,0,1.0,0.0864926246832946,0.13116901231589956,0.0,0.0,none,0.6277890930870104,1.0,1.0,1.0,0.6277890930870104,True
NZL,22,Accountability,0.6800060256904378,13,0,1.0,0.0864926246832946,0.13116901231589956,0.0,0.0,none,0.6800060256904378,1.0,1.0,1.0,0.6800060256904378,False
OMN,22,Accountability,0.3538248241971705,13,0,1.0,0.0864926246832946,0.13116901231589956,0.0,0.0,none,0.3538248241971705,1.0,1.0,1.0,0.3538248241971705,False
PAK,22,Accountability,0.2990780111723652,14,0,1.0,0.0864926246832946,0.13116901231589956,0.0,0.0,none,0.2990780111723652,1.0,1.0,1.0,0.2990780111723652,False
PAN,22,Accountability,0.5261398231972461,14,0,1.0,0.0864926246832946,0.13116901231589956,0.0,0.0,none,0.5261398231972461,1.0,1.0,1.0,0.5261398231972461,False
PER,22,Accountability,0.5266224811808791,14,0,1.0,0.0864926246832946,0.13116901231589956,0.0,0.0,none,0.5266224811808791,1.0,1.0,1.0,0.5266224811808791,False
PHL,22,Accountability,0.4768396972425166,14,0,1.0,0.0864926246832946,0.13116901231589956,0.0,0.0,none,0.4768396972425166,1.0,1.0,1.0,0.4768396972425166,False
PLW,22,Accountability,0.5284342880786256,8,0,1.0,0.0864926246832946,0.13116901231589956,0.0,0.0,none,0.5284342880786256,1.0,1.0,1.0,0.5284342880786256,False
PNG,22,Accountability,0.4765695727011452,14,0,1.0,0.0864926246832946,0.13116901231589956,0.0,0.0,none,0.4765695727011452,1.0,1.0,1.0,0.4765695727011452,False
POL,22,Accountability,0.6424574936519862,14,0,1.0,0.0864926246832946,0.13116901231589956,0.0,0.0,none,0.6424574936519862,1.0,1.0,1.0,0.6424574936519862,False
PRI,22,Accountability,0.599959483408898,3,0,1.0,0.0864926246832946,0.13116901231589956,0.0,0.0,none,0.599959483408898,1.0,1.0,1.0,0.599959483408898,True
PRT,22,Accountability,0.5628426986412762,14,0,1.0,0.0864926246832946,0.13116901231589956,0.0,0.0,none,0.5628426986412762,1.0,1.0,1.0,0.5628426986412762,False
PRY,22,Accountability,0.497820306055001,14,0,1.0,0.0864926246832946,0.13116901231589956,0.0,0.0,none,0.497820306055001,1.0,1.0,1.0,0.497820306055001,False
PSE,22,Accountability,0.2422813081297388,10,0,1.0,0.0864926246832946,0.13116901231589956,0.0,0.0,none,0.2422813081297388,1.0,1.0,1.0,0.2422813081297388,False
QAT,22,Accountability,0.2501441716352395,14,0,1.0,0.0864926246832946,0.13116901231589956,0.0,0.0,none,0.2501441716352395,1.0,1.0,1.0,0.2501441716352395,False
ROU,22,Accountability,0.5602414592488939,14,0,1.0,0.0864926246832946,0.13116901231589956,0.0,0.0,none,0.5602414592488939,1.0,1.0,1.0,0.5602414592488939,False
RUS,22,Accountability,0.3249736045316951,14,0,1.0,0.0864926246832946,0.13116901231589956,0.0,0.0,none,0.3249736045316951,1.0,1.0,1.0,0.3249736045316951,False
RWA,22,Accountability,0.3696806483234334,14,0,1.0,0.0864926246832946,0.13116901231589956,0.0,0.0,none,0.3696806483234334,1.0,1.0,1.0,0.3696806483234334,False
SAU,22,Accountability,0.2430683241695683,14,0,1.0,0.0864926246832946,0.13116901231589956,0.0,0.0,none,0.2430683241695683,1.0,1.0,1.0,0.2430683241695683,False
SDN,22,Accountability,0.1701530053530779,14,0,1.0,0.0864926246832946,0.13116901231589956,0.0,0.0,none,0.1701530053530779,1.0,1.0,1.0,0.1701530053530779,False
SEN,22,Accountability,0.5549656359545788,14,0,1.0,0.0864926246832946,0.13116901231589956,0.0,0.0,none,0.5549656359545788,1.0,1.0,1.0,0.5549656359545788,False
SGP,22,Accountability,0.4936913313296566,14,0,1.0,0.0864926246832946,0.13116901231589956,0.0,0.0,none,0.4936913313296566,1.0,1.0,1.0,0.4936913313296566,False
SLB,22,Accountability,0.5306197892590655,14,0,1.0,0.0864926246832946,0.13116901231589956,0.0,0.0,none,0.5306197892590655,1.0,1.0,1.0,0.5306197892590655,False
SLE,22,Accountability,0.524422967472161,14,0,1.0,0.0864926246832946,0.13116901231589956,0.0,0.0,none,0.524422967472161,1.0,1.0,1.0,0.524422967472161,False
SLV,22,Accountability,0.4767457184968122,14,0,1.0,0.0864926246832946,0.13116901231589956,0.0,0.0,none,0.4767457184968122,1.0,1.0,1.0,0.4767457184968122,False
SMR,22,Accountability,0.66491670226476,8,0,1.0,0.0864926246832946,0.13116901231589956,0.0,0.0,none,0.66491670226476,1.0,1.0,1.0,0.66491670226476,False
SOM,22,Accountability,0.2608198669230938,14,0,1.0,0.0864926246832946,0.13116901231589956,0.0,0.0,none,0.2608198669230938,1.0,1.0,1.0,0.2608198669230938,False
SRB,22,Accountability,0.5459772779016381,14,0,1.0,0.0864926246832946,0.13116901231589956,0.0,0.0,none,0.5459772779016381,1.0,1.0,1.0,0.5459772779016381,False
SSD,22,Accountability,0.2075748149621742,14,0,1.0,0.0864926246832946,0.13116901231589956,0.0,0.0,none,0.2075748149621742,1.0,1.0,1.0,0.2075748149621742,False
STP,22,Accountability,0.598943026478649,14,0,1.0,0.0864926246832946,0.13116901231589956,0.0,0.0,none,0.598943026478649,1.0,1.0,1.0,0.598943026478649,False
SUR,22,Accountability,0.5862105935300003,14,0,1.0,0.0864926246832946,0.13116901231589956,0.0,0.0,none,0.5862105935300003,1.0,1.0,1.0,0.5862105935300003,False
SVK,22,Accountability,0.5985793795787042,13,0,1.0,0.0864926246832946,0.13116901231589956,0.0,0.0,none,0.5985793795787042,1.0,1.0,1.0,0.5985793795787042,False
SVN,22,Accountability,0.6552213770054147,14,0,1.0,0.0864926246832946,0.13116901231589956,0.0,0.0,none,0.6552213770054147,1.0,1.0,1.0,0.6552213770054147,False
SWE,22,Accountability,0.6787731947342469,14,0,1.0,0.0864926246832946,0.13116901231589956,0.0,0.0,none,0.6787731947342469,1.0,1.0,1.0,0.6787731947342469,False
SWZ,22,Accountability,0.341230979030087,14,0,1.0,0.0864926246832946,0.13116901231589956,0.0,0.0,none,0.341230979030087,1.0,1.0,1.0,0.341230979030087,False
SYC,22,Accountability,0.6235598236010871,14,0,1.0,0.0864926246832946,0.13116901231589956,0.0,0.0,none,0.6235598236010871,1.0,1.0,1.0,0.6235598236010871,False
SYR,22,Accountability,0.2156450464673667,14,0,1.0,0.0864926246832946,0.13116901231589956,0.0,0.0,none,0.2156450464673667,1.0,1.0,1.0,0.2156450464673667,False
TCD,22,Accountability,0.3214591417228209,14,0,1.0,0.0864926246832946,0.13116901231589956,0.0,0.0,none,0.3214591417228209,1.0,1.0,1.0,0.3214591417228209,False
TGO,22,Accountability,0.512917957480854,14,0,1.0,0.0864926246832946,0.13116901231589956,0.0,0.0,none,0.512917957480854,1.0,1.0,1.0,0.512917957480854,False
THA,22,Accountability,0.3859980722595612,14,0,1.0,0.0864926246832946,0.13116901231589956,0.0,0.0,none,0.3859980722595612,1.0,1.0,1.0,0.3859980722595612,False
TJK,22,Accountability,0.3278194371427642,14,0,1.0,0.0864926246832946,0.13116901231589956,0.0,0.0,none,0.3278194371427642,1.0,1.0,1.0,0.3278194371427642,False
TLS,22,Accountability,0.5381679758017446,14,0,1.0,0.0864926246832946,0.13116901231589956,0.0,0.0,none,0.5381679758017446,1.0,1.0,1.0,0.5381679758017446,False
TON,22,Accountability,0.5144322812196397,8,0,1.0,0.0864926246832946,0.13116901231589956,0.0,0.0,none,0.5144322812196397,1.0,1.0,1.0,0.5144322812196397,False
TTO,22,Accountability,0.5609969076050769,14,0,1.0,0.0864926246832946,0.13116901231589956,0.0,0.0,none,0.5609969076050769,1.0,1.0,1.0,0.5609969076050769,False
TUN,22,Accountability,0.4591199479859827,14,0,1.0,0.0864926246832946,0.13116901231589956,0.0,0.0,none,0.4591199479859827,1.0,1.0,1.0,0.4591199479859827,False
TUR,22,Accountability,0.388922803619831,14,0,1.0,0.0864926246832946,0.13116901231589956,0.0,0.0,none,0.388922803619831,1.0,1.0,1.0,0.388922803619831,False
TUV,22,Accountability,0.6236962669532967,5,0,1.0,0.0864926246832946,0.13116901231589956,0.0,0.0,none,0.6236962669532967,1.0,1.0,1.0,0.6236962669532967,True
TZA,22,Accountability,0.4711300379003579,14,0,1.0,0.0864926246832946,0.13116901231589956,0.0,0.0,none,0.4711300379003579,1.0,1.0,1.0,0.4711300379003579,False
UGA,22,Accountability,0.3648901896627872,14,0,1.0,0.0864926246832946,0.13116901231589956,0.0,0.0,none,0.3648901896627872,1.0,1.0,1.0,0.3648901896627872,False
UKR,22,Accountability,0.4573222172046086,14,0,1.0,0.0864926246832946,0.13116901231589956,0.0,0.0,none,0.4573222172046086,1.0,1.0,1.0,0.4573222172046086,False
URY,22,Accountability,0.6398408603571284,14,0,1.0,0.0864926246832946,0.13116901231589956,0.0,0.0,none,0.6398408603571284,1.0,1.0,1.0,0.6398408603571284,False
USA,22,Accountability,0.5642690058335355,14,0,1.0,0.0864926246832946,0.13116901231589956,0.0,0.0,none,0.5642690058335355,1.0,1.0,1.0,0.5642690058335355,False
UZB,22,Accountability,0.3490392423968664,14,0,1.0,0.0864926246832946,0.13116901231589956,0.0,0.0,none,0.3490392423968664,1.0,1.0,1.0,0.3490392423968664,False
VCT,22,Accountability,0.5660636764261902,8,0,1.0,0.0864926246832946,0.13116901231589956,0.0,0.0,none,0.5660636764261902,1.0,1.0,1.0,0.5660636764261902,False
VEN,22,Accountability,0.4103484019251054,14,0,1.0,0.0864926246832946,0.13116901231589956,0.0,0.0,none,0.4103484019251054,1.0,1.0,1.0,0.4103484019251054,False
VNM,22,Accountability,0.4325817227151316,14,0,1.0,0.0864926246832946,0.13116901231589956,0.0,0.0,none,0.4325817227151316,1.0,1.0,1.0,0.4325817227151316,False
VUT,22,Accountability,0.5566086378230882,14,0,1.0,0.0864926246832946,0.13116901231589956,0.0,0.0,none,0.5566086378230882,1.0,1.0,1.0,0.5566086378230882,False
WSM,22,Accountability,0.5762999117502361,7,0,1.0,0.0864926246832946,0.13116901231589956,0.0,0.0,none,0.5762999117502361,1.0,1.0,1.0,0.5762999117502361,False
XKX,22,Accountability,0.5030365182112253,13,0,1.0,0.0864926246832946,0.13116901231589956,0.0,0.0,none,0.5030365182112253,1.0,1.0,1.0,0.5030365182112253,False
YEM,22,Accountability,0.1462121797242258,14,0,1.0,0.0864926246832946,0.13116901231589956,0.0,0.0,none,0.1462121797242258,1.0,1.0,1.0,0.1462121797242258,False
ZAF,22,Accountability,0.5583040232387654,14,0,1.0,0.0864926246832946,0.13116901231589956,0.0,0.0,none,0.5583040232387654,1.0,1.0,1.0,0.5583040232387654,False
ZMB,22,Accountability,0.5220789012374532,14,0,1.0,0.0864926246832946,0.13116901231589956,0.0,0.0,none,0.5220789012374532,1.0,1.0,1.0,0.5220789012374532,False
ZWE,22,Accountability,0.4380049825413729,14,0,1.0,0.0864926246832946,0.13116901231589956,0.0,0.0,none,0.4380049825413729,1.0,1.0,1.0,0.4380049825413729,False
AFG,23,Accountability,0.2214179101801441,9,0,1.0,0.1385263539561202,0.13449668952434152,0.0040296644317786845,0.0,none,0.2214179101801441,1.0,1.0,1.0,0.2214179101801441,False
AGO,23,Accountability,0.3690311845879546,7,0,1.0,0.1385263539561202,0.13449668952434152,0.0040296644317786845,0.0,none,0.3690311845879546,1.0,1.0,1.0,0.3690311845879546,False
ALB,23,Accountability,0.4864664031049043,7,0,1.0,0.1385263539561202,0.13449668952434152,0.0040296644317786845,0.0,none,0.4864664031049043,1.0,1.0,1.0,0.4864664031049043,False
AND,23,Accountability,0.5738534743512194,2,0,1.0,0.1385263539561202,0.13449668952434152,0.0040296644317786845,0.0,none,0.5738534743512194,1.0,1.0,1.0,0.5738534743512194,True
ARE,23,Accountability,0.2487539876531561,9,0,1.0,0.1385263539561202,0.13449668952434152,0.0040296644317786845,0.0,none,0.2487539876531561,1.0,1.0,1.0,0.2487539876531561,False
ARG,23,Accountability,0.5436056925489123,7,0,1.0,0.1385263539561202,0.13449668952434152,0.0040296644317786845,0.0,none,0.5436056925489123,1.0,1.0,1.0,0.5436056925489123,False
ARM,23,Accountability,0.5143658971378496,7,0,1.0,0.1385263539561202,0.13449668952434152,0.0040296644317786845,0.0,none,0.5143658971378496,1.0,1.0,1.0,0.5143658971378496,False
ATG,23,Accountability,0.6767789200364478,2,0,1.0,0.1385263539561202,0.13449668952434152,0.0040296644317786845,0.0,none,0.6767789200364478,1.0,1.0,1.0,0.6767789200364478,True
AUS,23,Accountability,0.6463585723145034,7,0,1.0,0.1385263539561202,0.13449668952434152,0.0040296644317786845,0.0,none,0.6463585723145034,1.0,1.0,1.0,0.6463585723145034,False
AUT,23,Accountability,0.6067170288645721,7,0,1.0,0.1385263539561202,0.13449668952434152,0.0040296644317786845,0.0,none,0.6067170288645721,1.0,1.0,1.0,0.6067170288645721,False
AZE,23,Accountability,0.2433499255039556,9,0,1.0,0.1385263539561202,0.13449668952434152,0.0040296644317786845,0.0,none,0.2433499255039556,1.0,1.0,1.0,0.2433499255039556,False
BDI,23,Accountability,0.24121131017031,7,0,1.0,0.1385263539561202,0.13449668952434152,0.0040296644317786845,0.0,none,0.24121131017031,1.0,1.0,1.0,0.24121131017031,False
BEL,23,Accountability,0.7055275950927724,7,0,1.0,0.1385263539561202,0.13449668952434152,0.0040296644317786845,0.0,none,0.7055275950927724,1.0,1.0,1.0,0.7055275950927724,False
BEN,23,Accountability,0.5260742533196048,9,0,1.0,0.1385263539561202,0.13449668952434152,0.0040296644317786845,0.0,none,0.5260742533196048,1.0,1.0,1.0,0.5260742533196048,False
BFA,23,Accountability,0.4046818313898976,9,0,1.0,0.1385263539561202,0.13449668952434152,0.0040296644317786845,0.0,none,0.4046818313898976,1.0,1.0,1.0,0.4046818313898976,False
BGD,23,Accountability,0.4268008597917697,9,0,1.0,0.1385263539561202,0.13449668952434152,0.0040296644317786845,0.0,none,0.4268008597917697,1.0,1.0,1.0,0.4268008597917697,False
BGR,23,Accountability,0.5168973193221885,7,0,1.0,0.1385263539561202,0.13449668952434152,0.0040296644317786845,0.0,none,0.5168973193221885,1.0,1.0,1.0,0.5168973193221885,False
BHR,23,Accountability,0.3047880862310551,9,0,1.0,0.1385263539561202,0.13449668952434152,0.0040296644317786845,0.0,none,0.3047880862310551,1.0,1.0,1.0,0.3047880862310551,False
BHS,23,Accountability,0.6514804080849248,2,0,1.0,0.1385263539561202,0.13449668952434152,0.0040296644317786845,0.0,none,0.6514804080849248,1.0,1.0,1.0,0.6514804080849248,True
BIH,23,Accountability,0.5031928721349161,7,0,1.0,0.1385263539561202,0.13449668952434152,0.0040296644317786845,0.0,none,0.5031928721349161,1.0,1.0,1.0,0.5031928721349161,False
BLR,23,Accountability,0.188136684469088,9,0,1.0,0.1385263539561202,0.13449668952434152,0.0040296644317786845,0.0,none,0.188136684469088,1.0,1.0,1.0,0.188136684469088,False
BLZ,23,Accountability,0.636346131329713,2,0,1.0,0.1385263539561202,0.13449668952434152,0.0040296644317786845,0.0,none,0.636346131329713,1.0,1.0,1.0,0.636346131329713,True
BOL,23,Accountability,0.5135126614924781,7,0,1.0,0.1385263539561202,0.13449668952434152,0.0040296644317786845,0.0,none,0.5135126614924781,1.0,1.0,1.0,0.5135126614924781,False
BRA,23,Accountability,0.6418696609521496,7,0,1.0,0.1385263539561202,0.13449668952434152,0.0040296644317786845,0.0,none,0.6418696609521496,1.0,1.0,1.0,0.6418696609521496,False
BRB,23,Accountability,0.6145865155235316,7,0,1.0,0.1385263539561202,0.13449668952434152,0.0040296644317786845,0.0,none,0.6145865155235316,1.0,1.0,1.0,0.6145865155235316,False
BRN,23,Accountability,0.2908209471381469,2,0,1.0,0.1385263539561202,0.13449668952434152,0.0040296644317786845,0.0,none,0.2908209471381469,1.0,1.0,1.0,0.2908209471381469,True
BTN,23,Accountability,0.5258861075523776,7,0,1.0,0.1385263539561202,0.13449668952434152,0.0040296644317786845,0.0,none,0.5258861075523776,1.0,1.0,1.0,0.5258861075523776,False
BWA,23,Accountability,0.543085913223086,7,0,1.0,0.1385263539561202,0.13449668952434152,0.0040296644317786845,0.0,none,0.543085913223086,1.0,1.0,1.0,0.543085913223086,False
CAF,23,Accountability,0.3905982311557294,7,0,1.0,0.1385263539561202,0.13449668952434152,0.0040296644317786845,0.0,none,0.3905982311557294,1.0,1.0,1.0,0.3905982311557294,False
CAN,23,Accountability,0.6868767298000037,7,0,1.0,0.1385263539561202,0.13449668952434152,0.0040296644317786845,0.0,none,0.6868767298000037,1.0,1.0,1.0,0.6868767298000037,False
CHE,23,Accountability,0.6857938765554003,7,0,1.0,0.1385263539561202,0.13449668952434152,0.0040296644317786845,0.0,none,0.6857938765554003,1.0,1.0,1.0,0.6857938765554003,False
CHL,23,Accountability,0.6425304734661441,7,0,1.0,0.1385263539561202,0.13449668952434152,0.0040296644317786845,0.0,none,0.6425304734661441,1.0,1.0,1.0,0.6425304734661441,False
CHN,23,Accountability,0.1832298689460572,9,0,1.0,0.1385263539561202,0.13449668952434152,0.0040296644317786845,0.0,none,0.1832298689460572,1.0,1.0,1.0,0.1832298689460572,False
CIV,23,Accountability,0.4997886449607906,7,0,1.0,0.1385263539561202,0.13449668952434152,0.0040296644317786845,0.0,none,0.4997886449607906,1.0,1.0,1.0,0.4997886449607906,False
CMR,23,Accountability,0.3848895359132231,9,0,1.0,0.1385263539561202,0.13449668952434152,0.0040296644317786845,0.0,none,0.3848895359132231,1.0,1.0,1.0,0.3848895359132231,False
COD,23,Accountability,0.4501897002621012,9,0,1.0,0.1385263539561202,0.13449668952434152,0.0040296644317786845,0.0,none,0.4501897002621012,1.0,1.0,1.0,0.4501897002621012,False
COG,23,Accountability,0.335792357126517,7,0,1.0,0.1385263539561202,0.13449668952434152,0.0040296644317786845,0.0,none,0.335792357126517,1.0,1.0,1.0,0.335792357126517,False
COL,23,Accountability,0.5734500794417116,9,0,1.0,0.1385263539561202,0.13449668952434152,0.0040296644317786845,0.0,none,0.5734500794417116,1.0,1.0,1.0,0.5734500794417116,False
COM,23,Accountability,0.3931955321994429,7,0,1.0,0.1385263539561202,0.13449668952434152,0.0040296644317786845,0.0,none,0.3931955321994429,1.0,1.0,1.0,0.3931955321994429,False
CPV,23,Accountability,0.6174108993168358,7,0,1.0,0.1385263539561202,0.13449668952434152,0.0040296644317786845,0.0,none,0.6174108993168358,1.0,1.0,1.0,0.6174108993168358,False
CRI,23,Accountability,0.6305361724251158,7,0,1.0,0.1385263539561202,0.13449668952434152,0.0040296644317786845,0.0,none,0.6305361724251158,1.0,1.0,1.0,0.6305361724251158,False
CUB,23,Accountability,0.2797221545005144,9,0,1.0,0.1385263539561202,0.13449668952434152,0.0040296644317786845,0.0,none,0.2797221545005144,1.0,1.0,1.0,0.2797221545005144,False
CYP,23,Accountability,0.5937615264344049,7,0,1.0,0.1385263539561202,0.13449668952434152,0.0040296644317786845,0.0,none,0.5937615264344049,1.0,1.0,1.0,0.5937615264344049,False
CZE,23,Accountability,0.661385774791387,7,0,1.0,0.1385263539561202,0.13449668952434152,0.0040296644317786845,0.0,none,0.661385774791387,1.0,1.0,1.0,0.661385774791387,False
DEU,23,Accountability,0.6411269007857787,7,0,1.0,0.1385263539561202,0.13449668952434152,0.0040296644317786845,0.0,none,0.6411269007857787,1.0,1.0,1.0,0.6411269007857787,False
DJI,23,Accountability,0.3390694637982577,7,0,1.0,0.1385263539561202,0.13449668952434152,0.0040296644317786845,0.0,none,0.3390694637982577,1.0,1.0,1.0,0.3390694637982577,False
DMA,23,Accountability,0.4581945997595151,2,0,1.0,0.1385263539561202,0.13449668952434152,0.0040296644317786845,0.0,none,0.4581945997595151,1.0,1.0,1.0,0.4581945997595151,True
DNK,23,Accountability,0.7287385324371983,7,0,1.0,0.1385263539561202,0.13449668952434152,0.0040296644317786845,0.0,none,0.7287385324371983,1.0,1.0,1.0,0.7287385324371983,False
DOM,23,Accountability,0.5781828152677627,7,0,1.0,0.1385263539561202,0.13449668952434152,0.0040296644317786845,0.0,none,0.5781828152677627,1.0,1.0,1.0,0.5781828152677627,False
DZA,23,Accountability,0.3657534411690699,9,0,1.0,0.1385263539561202,0.13449668952434152,0.0040296644317786845,0.0,none,0.3657534411690699,1.0,1.0,1.0,0.3657534411690699,False
ECU,23,Accountability,0.5088898507274482,7,0,1.0,0.1385263539561202,0.13449668952434152,0.0040296644317786845,0.0,none,0.5088898507274482,1.0,1.0,1.0,0.5088898507274482,False
EGY,23,Accountability,0.2936280953612079,9,0,1.0,0.1385263539561202,0.13449668952434152,0.0040296644317786845,0.0,none,0.2936280953612079,1.0,1.0,1.0,0.2936280953612079,False
ESP,23,Accountability,0.5489225273680656,7,0,1.0,0.1385263539561202,0.13449668952434152,0.0040296644317786845,0.0,none,0.5489225273680656,1.0,1.0,1.0,0.5489225273680656,False
EST,23,Accountability,0.7082771019194283,7,0,1.0,0.1385263539561202,0.13449668952434152,0.0040296644317786845,0.0,none,0.7082771019194283,1.0,1.0,1.0,0.7082771019194283,False
ETH,23,Accountability,0.4019539472369058,9,0,1.0,0.1385263539561202,0.13449668952434152,0.0040296644317786845,0.0,none,0.4019539472369058,1.0,1.0,1.0,0.4019539472369058,False
FIN,23,Accountability,0.6739235305487187,7,0,1.0,0.1385263539561202,0.13449668952434152,0.0040296644317786845,0.0,none,0.6739235305487187,1.0,1.0,1.0,0.6739235305487187,False
FJI,23,Accountability,0.5128569785338617,7,0,1.0,0.1385263539561202,0.13449668952434152,0.0040296644317786845,0.0,none,0.5128569785338617,1.0,1.0,1.0,0.5128569785338617,False
FRA,23,Accountability,0.6609380789196744,7,0,1.0,0.1385263539561202,0.13449668952434152,0.0040296644317786845,0.0,none,0.6609380789196744,1.0,1.0,1.0,0.6609380789196744,False
FSM,23,Accountability,0.4767916722730005,2,0,1.0,0.1385263539561202,0.13449668952434152,0.0040296644317786845,0.0,none,0.4767916722730005,1.0,1.0,1.0,0.4767916722730005,True
GAB,23,Accountability,0.4760505507731172,7,0,1.0,0.1385263539561202,0.13449668952434152,0.0040296644317786845,0.0,none,0.4760505507731172,1.0,1.0,1.0,0.4760505507731172,False
GBR,23,Accountability,0.6052595405718871,7,0,1.0,0.1385263539561202,0.13449668952434152,0.0040296644317786845,0.0,none,0.6052595405718871,1.0,1.0,1.0,0.6052595405718871,False
GEO,23,Accountability,0.5347041397299885,9,0,1.0,0.1385263539561202,0.13449668952434152,0.0040296644317786845,0.0,none,0.5347041397299885,1.0,1.0,1.0,0.5347041397299885,False
GHA,23,Accountability,0.6083369390740732,7,0,1.0,0.1385263539561202,0.13449668952434152,0.0040296644317786845,0.0,none,0.6083369390740732,1.0,1.0,1.0,0.6083369390740732,False
GIN,23,Accountability,0.466570046824567,7,0,1.0,0.1385263539561202,0.13449668952434152,0.0040296644317786845,0.0,none,0.466570046824567,1.0,1.0,1.0,0.466570046824567,False
GMB,23,Accountability,0.5876013056471671,7,0,1.0,0.1385263539561202,0.13449668952434152,0.0040296644317786845,0.0,none,0.5876013056471671,1.0,1.0,1.0,0.5876013056471671,False
GNB,23,Accountability,0.426672500417039,7,0,1.0,0.1385263539561202,0.13449668952434152,0.0040296644317786845,0.0,none,0.426672500417039,1.0,1.0,1.0,0.426672500417039,False
GNQ,23,Accountability,0.2060005813500649,7,0,1.0,0.1385263539561202,0.13449668952434152,0.0040296644317786845,0.0,none,0.2060005813500649,1.0,1.0,1.0,0.2060005813500649,False
GRC,23,Accountability,0.5470786781089122,7,0,1.0,0.1385263539561202,0.13449668952434152,0.0040296644317786845,0.0,none,0.5470786781089122,1.0,1.0,1.0,0.5470786781089122,False
GRD,23,Accountability,0.4581945997595151,2,0,1.0,0.1385263539561202,0.13449668952434152,0.0040296644317786845,0.0,none,0.4581945997595151,1.0,1.0,1.0,0.4581945997595151,True
GTM,23,Accountability,0.5902630763620522,9,0,1.0,0.1385263539561202,0.13449668952434152,0.0040296644317786845,0.0,none,0.5902630763620522,1.0,1.0,1.0,0.5902630763620522,False
GUY,23,Accountability,0.5574080746380646,7,0,1.0,0.1385263539561202,0.13449668952434152,0.0040296644317786845,0.0,none,0.5574080746380646,1.0,1.0,1.0,0.5574080746380646,False
HKG,23,Accountability,0.3228524942014245,5,1,0.8333333333333334,0.1385263539561202,0.13449668952434152,0.0040296644317786845,0.0,none,0.3228524942014245,1.0,1.0,1.0,0.3228524942014245,False
HND,23,Accountability,0.555641907116922,9,0,1.0,0.1385263539561202,0.13449668952434152,0.0040296644317786845,0.0,none,0.555641907116922,1.0,1.0,1.0,0.555641907116922,False
HRV,23,Accountability,0.5297175003285693,7,0,1.0,0.1385263539561202,0.13449668952434152,0.0040296644317786845,0.0,none,0.5297175003285693,1.0,1.0,1.0,0.5297175003285693,False
HTI,23,Accountability,0.4811695156920425,9,0,1.0,0.1385263539561202,0.13449668952434152,0.0040296644317786845,0.0,none,0.4811695156920425,1.0,1.0,1.0,0.4811695156920425,False
HUN,23,Accountability,0.4018979756841696,7,0,1.0,0.1385263539561202,0.13449668952434152,0.0040296644317786845,0.0,none,0.4018979756841696,1.0,1.0,1.0,0.4018979756841696,False
IDN,23,Accountability,0.5508739694879643,9,0,1.0,0.1385263539561202,0.13449668952434152,0.0040296644317786845,0.0,none,0.5508739694879643,1.0,1.0,1.0,0.5508739694879643,False
IND,23,Accountability,0.4177908267129752,9,0,1.0,0.1385263539561202,0.13449668952434152,0.0040296644317786845,0.0,none,0.4177908267129752,1.0,1.0,1.0,0.4177908267129752,False
IRL,23,Accountability,0.7130024524234478,7,0,1.0,0.1385263539561202,0.13449668952434152,0.0040296644317786845,0.0,none,0.7130024524234478,1.0,1.0,1.0,0.7130024524234478,False
IRN,23,Accountability,0.2499658028540761,9,0,1.0,0.1385263539561202,0.13449668952434152,0.0040296644317786845,0.0,none,0.2499658028540761,1.0,1.0,1.0,0.2499658028540761,False
IRQ,23,Accountability,0.4119963287723995,9,0,1.0,0.1385263539561202,0.13449668952434152,0.0040296644317786845,0.0,none,0.4119963287723995,1.0,1.0,1.0,0.4119963287723995,False
ISL,23,Accountability,0.6227019339216961,7,0,1.0,0.1385263539561202,0.13449668952434152,0.0040296644317786845,0.0,none,0.6227019339216961,1.0,1.0,1.0,0.6227019339216961,False
ISR,23,Accountability,0.484090225029005,9,0,1.0,0.1385263539561202,0.13449668952434152,0.0040296644317786845,0.0,none,0.484090225029005,1.0,1.0,1.0,0.484090225029005,False
ITA,23,Accountability,0.5443954098512641,7,0,1.0,0.1385263539561202,0.13449668952434152,0.0040296644317786845,0.0,none,0.5443954098512641,1.0,1.0,1.0,0.5443954098512641,False
JAM,23,Accountability,0.6216243305739215,7,0,1.0,0.1385263539561202,0.13449668952434152,0.0040296644317786845,0.0,none,0.6216243305739215,1.0,1.0,1.0,0.6216243305739215,False
JOR,23,Accountability,0.4138330385912466,7,0,1.0,0.1385263539561202,0.13449668952434152,0.0040296644317786845,0.0,none,0.4138330385912466,1.0,1.0,1.0,0.4138330385912466,False
JPN,23,Accountability,0.5993533384840194,7,0,1.0,0.1385263539561202,0.13449668952434152,0.0040296644317786845,0.0,none,0.5993533384840194,1.0,1.0,1.0,0.5993533384840194,False
KAZ,23,Accountability,0.2960056578576189,7,0,1.0,0.1385263539561202,0.13449668952434152,0.0040296644317786845,0.0,none,0.2960056578576189,1.0,1.0,1.0,0.2960056578576189,False
KEN,23,Accountability,0.6390699363921292,7,0,1.0,0.1385263539561202,0.13449668952434152,0.0040296644317786845,0.0,none,0.6390699363921292,1.0,1.0,1.0,0.6390699363921292,False
KGZ,23,Accountability,0.4317327523823068,7,0,1.0,0.1385263539561202,0.13449668952434152,0.0040296644317786845,0.0,none,0.4317327523823068,1.0,1.0,1.0,0.4317327523823068,False
KHM,23,Accountability,0.2937068479973333,9,0,1.0,0.1385263539561202,0.13449668952434152,0.0040296644317786845,0.0,none,0.2937068479973333,1.0,1.0,1.0,0.2937068479973333,False
KIR,23,Accountability,0.4767916722730005,2,0,1.0,0.1385263539561202,0.13449668952434152,0.0040296644317786845,0.0,none,0.4767916722730005,1.0,1.0,1.0,0.4767916722730005,True
KNA,23,Accountability,0.7017006205378139,2,0,1.0,0.1385263539561202,0.13449668952434152,0.0040296644317786845,0.0,none,0.7017006205378139,1.0,1.0,1.0,0.7017006205378139,True
KOR,23,Accountability,0.6698043784370092,7,0,1.0,0.1385263539561202,0.13449668952434152,0.0040296644317786845,0.0,none,0.6698043784370092,1.0,1.0,1.0,0.6698043784370092,False
KWT,23,Accountability,0.4397554666516196,7,0,1.0,0.1385263539561202,0.13449668952434152,0.0040296644317786845,0.0,none,0.4397554666516196,1.0,1.0,1.0,0.4397554666516196,False
LAO,23,Accountability,0.1385263539561202,7,0,1.0,0.1385263539561202,0.13449668952434152,0.0040296644317786845,0.0,none,0.1385263539561202,1.0,1.0,1.0,0.1385263539561202,False
LBN,23,Accountability,0.4892582099547984,9,0,1.0,0.1385263539561202,0.13449668952434152,0.0040296644317786845,0.0,none,0.4892582099547984,1.0,1.0,1.0,0.4892582099547984,False
LBR,23,Accountability,0.5632560757083117,7,0,1.0,0.1385263539561202,0.13449668952434152,0.0040296644317786845,0.0,none,0.5632560757083117,1.0,1.0,1.0,0.5632560757083117,False
LBY,23,Accountability,0.4237599431776798,7,0,1.0,0.1385263539561202,0.13449668952434152,0.0040296644317786845,0.0,none,0.4237599431776798,1.0,1.0,1.0,0.4237599431776798,False
LCA,23,Accountability,0.4581945997595151,2,0,1.0,0.1385263539561202,0.13449668952434152,0.0040296644317786845,0.0,none,0.4581945997595151,1.0,1.0,1.0,0.4581945997595151,True
LIE,23,Accountability,0.5165550110101359,2,0,1.0,0.1385263539561202,0.13449668952434152,0.0040296644317786845,0.0,none,0.5165550110101359,1.0,1.0,1.0,0.5165550110101359,True
LKA,23,Accountability,0.6123203190705226,7,0,1.0,0.1385263539561202,0.13449668952434152,0.0040296644317786845,0.0,none,0.6123203190705226,1.0,1.0,1.0,0.6123203190705226,False
LSO,23,Accountability,0.5237903604972505,9,0,1.0,0.1385263539561202,0.13449668952434152,0.0040296644317786845,0.0,none,0.5237903604972505,1.0,1.0,1.0,0.5237903604972505,False
LTU,23,Accountability,0.6564943847665349,7,0,1.0,0.1385263539561202,0.13449668952434152,0.0040296644317786845,0.0,none,0.6564943847665349,1.0,1.0,1.0,0.6564943847665349,False
LUX,23,Accountability,0.6973479007782096,7,0,1.0,0.1385263539561202,0.13449668952434152,0.0040296644317786845,0.0,none,0.6973479007782096,1.0,1.0,1.0,0.6973479007782096,False
LVA,23,Accountability,0.6245486682703068,7,0,1.0,0.1385263539561202,0.13449668952434152,0.0040296644317786845,0.0,none,0.6245486682703068,1.0,1.0,1.0,0.6245486682703068,False
MAR,23,Accountability,0.4455411886791046,7,0,1.0,0.1385263539561202,0.13449668952434152,0.0040296644317786845,0.0,none,0.4455411886791046,1.0,1.0,1.0,0.4455411886791046,False
MCO,23,Accountability,0.5520177581579698,2,0,1.0,0.1385263539561202,0.13449668952434152,0.0040296644317786845,0.0,none,0.5520177581579698,1.0,1.0,1.0,0.5520177581579698,True
MDA,23,Accountability,0.4247480137266951,7,0,1.0,0.1385263539561202,0.13449668952434152,0.0040296644317786845,0.0,none,0.4247480137266951,1.0,1.0,1.0,0.4247480137266951,False
MDG,23,Accountability,0.4791234774157737,7,0,1.0,0.1385263539561202,0.13449668952434152,0.0040296644317786845,0.0,none,0.4791234774157737,1.0,1.0,1.0,0.4791234774157737,False
MDV,23,Accountability,0.5271814146084087,7,0,1.0,0.1385263539561202,0.13449668952434152,0.0040296644317786845,0.0,none,0.5271814146084087,1.0,1.0,1.0,0.5271814146084087,False
MEX,23,Accountability,0.5346940371341377,9,0,1.0,0.1385263539561202,0.13449668952434152,0.0040296644317786845,0.0,none,0.5346940371341377,1.0,1.0,1.0,0.5346940371341377,False
MHL,23,Accountability,0.4767916722730005,2,0,1.0,0.1385263539561202,0.13449668952434152,0.0040296644317786845,0.0,none,0.4767916722730005,1.0,1.0,1.0,0.4767916722730005,True
MKD,23,Accountability,0.4872132214858759,7,0,1.0,0.1385263539561202,0.13449668952434152,0.0040296644317786845,0.0,none,0.4872132214858759,1.0,1.0,1.0,0.4872132214858759,False
MLI,23,Accountability,0.4641611505136717,9,0,1.0,0.1385263539561202,0.13449668952434152,0.0040296644317786845,0.0,none,0.4641611505136717,1.0,1.0,1.0,0.4641611505136717,False
MLT,23,Accountability,0.6059380737343766,7,0,1.0,0.1385263539561202,0.13449668952434152,0.0040296644317786845,0.0,none,0.6059380737343766,1.0,1.0,1.0,0.6059380737343766,False
MMR,23,Accountability,0.1664394111591899,9,0,1.0,0.1385263539561202,0.13449668952434152,0.0040296644317786845,0.0,none,0.1664394111591899,1.0,1.0,1.0,0.1664394111591899,False
MNE,23,Accountability,0.5713809773511297,7,0,1.0,0.1385263539561202,0.13449668952434152,0.0040296644317786845,0.0,none,0.5713809773511297,1.0,1.0,1.0,0.5713809773511297,False
MNG,23,Accountability,0.5483395217266771,7,0,1.0,0.1385263539561202,0.13449668952434152,0.0040296644317786845,0.0,none,0.5483395217266771,1.0,1.0,1.0,0.5483395217266771,False
MOZ,23,Accountability,0.4838757781358985,9,0,1.0,0.1385263539561202,0.13449668952434152,0.0040296644317786845,0.0,none,0.4838757781358985,1.0,1.0,1.0,0.4838757781358985,False
MRT,23,Accountability,0.4667205832954593,7,0,1.0,0.1385263539561202,0.13449668952434152,0.0040296644317786845,0.0,none,0.4667205832954593,1.0,1.0,1.0,0.4667205832954593,False
MUS,23,Accountability,0.5839742050235949,7,0,1.0,0.1385263539561202,0.13449668952434152,0.0040296644317786845,0.0,none,0.5839742050235949,1.0,1.0,1.0,0.5839742050235949,False
MWI,23,Accountability,0.5535398530701038,7,0,1.0,0.1385263539561202,0.13449668952434152,0.0040296644317786845,0.0,none,0.5535398530701038,1.0,1.0,1.0,0.5535398530701038,False
MYS,23,Accountability,0.4313274507845097,7,0,1.0,0.1385263539561202,0.13449668952434152,0.0040296644317786845,0.0,none,0.4313274507845097,1.0,1.0,1.0,0.4313274507845097,False
NAM,23,Accountability,0.6077065655338801,7,0,1.0,0.1385263539561202,0.13449668952434152,0.0040296644317786845,0.0,none,0.6077065655338801,1.0,1.0,1.0,0.6077065655338801,False
NER,23,Accountability,0.5173466098922198,9,0,1.0,0.1385263539561202,0.13449668952434152,0.0040296644317786845,0.0,none,0.5173466098922198,1.0,1.0,1.0,0.5173466098922198,False
NGA,23,Accountability,0.5453446532069732,7,0,1.0,0.1385263539561202,0.13449668952434152,0.0040296644317786845,0.0,none,0.5453446532069732,1.0,1.0,1.0,0.5453446532069732,False
NIC,23,Accountability,0.2718283479992004,9,0,1.0,0.1385263539561202,0.13449668952434152,0.0040296644317786845,0.0,none,0.2718283479992004,1.0,1.0,1.0,0.2718283479992004,False
NLD,23,Accountability,0.6456481438831904,7,0,1.0,0.1385263539561202,0.13449668952434152,0.0040296644317786845,0.0,none,0.6456481438831904,1.0,1.0,1.0,0.6456481438831904,False
NOR,23,Accountability,0.6782934756875298,7,0,1.0,0.1385263539561202,0.13449668952434152,0.0040296644317786845,0.0,none,0.6782934756875298,1.0,1.0,1.0,0.6782934756875298,False
NPL,23,Accountability,0.5626782447319548,7,0,1.0,0.1385263539561202,0.13449668952434152,0.0040296644317786845,0.0,none,0.5626782447319548,1.0,1.0,1.0,0.5626782447319548,False
NRU,23,Accountability,0.4210004547325444,2,0,1.0,0.1385263539561202,0.13449668952434152,0.0040296644317786845,0.0,none,0.4210004547325444,1.0,1.0,1.0,0.4210004547325444,True
NZL,23,Accountability,0.6506876325481157,7,0,1.0,0.1385263539561202,0.13449668952434152,0.0040296644317786845,0.0,none,0.6506876325481157,1.0,1.0,1.0,0.6506876325481157,False
OMN,23,Accountability,0.2387900186794299,7,0,1.0,0.1385263539561202,0.13449668952434152,0.0040296644317786845,0.0,none,0.2387900186794299,1.0,1.0,1.0,0.2387900186794299,False
PAK,23,Accountability,0.4508220658872259,9,0,1.0,0.1385263539561202,0.13449668952434152,0.0040296644317786845,0.0,none,0.4508220658872259,1.0,1.0,1.0,0.4508220658872259,False
PAN,23,Accountability,0.5572699525171388,7,0,1.0,0.1385263539561202,0.13449668952434152,0.0040296644317786845,0.0,none,0.5572699525171388,1.0,1.0,1.0,0.5572699525171388,False
PER,23,Accountability,0.5586983938388107,9,0,1.0,0.1385263539561202,0.13449668952434152,0.0040296644317786845,0.0,none,0.5586983938388107,1.0,1.0,1.0,0.5586983938388107,False
PHL,23,Accountability,0.5008734740738517,9,0,1.0,0.1385263539561202,0.13449668952434152,0.0040296644317786845,0.0,none,0.5008734740738517,1.0,1.0,1.0,0.5008734740738517,False
PLW,23,Accountability,0.526719246206447,2,0,1.0,0.1385263539561202,0.13449668952434152,0.0040296644317786845,0.0,none,0.526719246206447,1.0,1.0,1.0,0.526719246206447,True
PNG,23,Accountability,0.5443473181027455,7,0,1.0,0.1385263539561202,0.13449668952434152,0.0040296644317786845,0.0,none,0.5443473181027455,1.0,1.0,1.0,0.5443473181027455,False
POL,23,Accountability,0.6106670489961878,7,0,1.0,0.1385263539561202,0.13449668952434152,0.0040296644317786845,0.0,none,0.6106670489961878,1.0,1.0,1.0,0.6106670489961878,False
PRT,23,Accountability,0.6368221560446273,7,0,1.0,0.1385263539561202,0.13449668952434152,0.0040296644317786845,0.0,none,0.6368221560446273,1.0,1.0,1.0,0.6368221560446273,False
PRY,23,Accountability,0.5069245498694509,7,0,1.0,0.1385263539561202,0.13449668952434152,0.0040296644317786845,0.0,none,0.5069245498694509,1.0,1.0,1.0,0.5069245498694509,False
PSE,23,Accountability,0.3092085368162153,5,1,0.8333333333333334,0.1385263539561202,0.13449668952434152,0.0040296644317786845,0.0,none,0.3092085368162153,1.0,1.0,1.0,0.3092085368162153,False
QAT,23,Accountability,0.1845731063747761,7,0,1.0,0.1385263539561202,0.13449668952434152,0.0040296644317786845,0.0,none,0.1845731063747761,1.0,1.0,1.0,0.1845731063747761,False
ROU,23,Accountability,0.5075168364145285,7,0,1.0,0.1385263539561202,0.13449668952434152,0.0040296644317786845,0.0,none,0.5075168364145285,1.0,1.0,1.0,0.5075168364145285,False
RUS,23,Accountability,0.1885730576719016,9,0,1.0,0.1385263539561202,0.13449668952434152,0.0040296644317786845,0.0,none,0.1885730576719016,1.0,1.0,1.0,0.1885730576719016,False
RWA,23,Accountability,0.3663879472768744,9,0,1.0,0.1385263539561202,0.13449668952434152,0.0040296644317786845,0.0,none,0.3663879472768744,1.0,1.0,1.0,0.3663879472768744,False
SAU,23,Accountability,0.2383084182768344,9,0,1.0,0.1385263539561202,0.13449668952434152,0.0040296644317786845,0.0,none,0.2383084182768344,1.0,1.0,1.0,0.2383084182768344,False
SDN,23,Accountability,0.359208998327468,9,0,1.0,0.1385263539561202,0.13449668952434152,0.0040296644317786845,0.0,none,0.359208998327468,1.0,1.0,1.0,0.359208998327468,False
SEN,23,Accountability,0.5653972198757241,7,0,1.0,0.1385263539561202,0.13449668952434152,0.0040296644317786845,0.0,none,0.5653972198757241,1.0,1.0,1.0,0.5653972198757241,False
SGP,23,Accountability,0.4134212948525435,7,0,1.0,0.1385263539561202,0.13449668952434152,0.0040296644317786845,0.0,none,0.4134212948525435,1.0,1.0,1.0,0.4134212948525435,False
SLB,23,Accountability,0.5574007972492153,7,0,1.0,0.1385263539561202,0.13449668952434152,0.0040296644317786845,0.0,none,0.5574007972492153,1.0,1.0,1.0,0.5574007972492153,False
SLE,23,Accountability,0.5610825923160457,7,0,1.0,0.1385263539561202,0.13449668952434152,0.0040296644317786845,0.0,none,0.5610825923160457,1.0,1.0,1.0,0.5610825923160457,False
SLV,23,Accountability,0.4024785559385326,7,0,1.0,0.1385263539561202,0.13449668952434152,0.0040296644317786845,0.0,none,0.4024785559385326,1.0,1.0,1.0,0.4024785559385326,False
SMR,23,Accountability,0.5629356162545945,2,0,1.0,0.1385263539561202,0.13449668952434152,0.0040296644317786845,0.0,none,0.5629356162545945,1.0,1.0,1.0,0.5629356162545945,True
SOM,23,Accountability,0.4400808214132871,9,0,1.0,0.1385263539561202,0.13449668952434152,0.0040296644317786845,0.0,none,0.4400808214132871,1.0,1.0,1.0,0.4400808214132871,False
SRB,23,Accountability,0.3751681942452836,7,0,1.0,0.1385263539561202,0.13449668952434152,0.0040296644317786845,0.0,none,0.3751681942452836,1.0,1.0,1.0,0.3751681942452836,False
SSD,23,Accountability,0.2770765390686215,7,0,1.0,0.1385263539561202,0.13449668952434152,0.0040296644317786845,0.0,none,0.2770765390686215,1.0,1.0,1.0,0.2770765390686215,False
STP,23,Accountability,0.4990362191919366,7,0,1.0,0.1385263539561202,0.13449668952434152,0.0040296644317786845,0.0,none,0.4990362191919366,1.0,1.0,1.0,0.4990362191919366,False
SUR,23,Accountability,0.5846774841892237,7,0,1.0,0.1385263539561202,0.13449668952434152,0.0040296644317786845,0.0,none,0.5846774841892237,1.0,1.0,1.0,0.5846774841892237,False
SVK,23,Accountability,0.5797959161286508,7,0,1.0,0.1385263539561202,0.13449668952434152,0.0040296644317786845,0.0,none,0.5797959161286508,1.0,1.0,1.0,0.5797959161286508,False
SVN,23,Accountability,0.502922635858652,7,0,1.0,0.1385263539561202,0.13449668952434152,0.0040296644317786845,0.0,none,0.502922635858652,1.0,1.0,1.0,0.502922635858652,False
SWE,23,Accountability,0.7041850902894087,7,0,1.0,0.1385263539561202,0.13449668952434152,0.0040296644317786845,0.0,none,0.7041850902894087,1.0,1.0,1.0,0.7041850902894087,False
SWZ,23,Accountability,0.206699559302639,7,0,1.0,0.1385263539561202,0.13449668952434152,0.0040296644317786845,0.0,none,0.206699559302639,1.0,1.0,1.0,0.206699559302639,False
SYC,23,Accountability,0.5713016505191185,7,0,1.0,0.1385263539561202,0.13449668952434152,0.0040296644317786845,0.0,none,0.5713016505191185,1.0,1.0,1.0,0.5713016505191185,False
SYR,23,Accountability,0.3677382990471708,9,0,1.0,0.1385263539561202,0.13449668952434152,0.0040296644317786845,0.0,none,0.3677382990471708,1.0,1.0,1.0,0.3677382990471708,False
TCD,23,Accountability,0.3575040868990045,7,0,1.0,0.1385263539561202,0.13449668952434152,0.0040296644317786845,0.0,none,0.3575040868990045,1.0,1.0,1.0,0.3575040868990045,False
TGO,23,Accountability,0.4693983486014696,7,0,1.0,0.1385263539561202,0.13449668952434152,0.0040296644317786845,0.0,none,0.4693983486014696,1.0,1.0,1.0,0.4693983486014696,False
THA,23,Accountability,0.4596274150950887,7,0,1.0,0.1385263539561202,0.13449668952434152,0.0040296644317786845,0.0,none,0.4596274150950887,1.0,1.0,1.0,0.4596274150950887,False
TJK,23,Accountability,0.2065224322323575,9,0,1.0,0.1385263539561202,0.13449668952434152,0.0040296644317786845,0.0,none,0.2065224322323575,1.0,1.0,1.0,0.2065224322323575,False
TLS,23,Accountability,0.5867239904984297,7,0,1.0,0.1385263539561202,0.13449668952434152,0.0040296644317786845,0.0,none,0.5867239904984297,1.0,1.0,1.0,0.5867239904984297,False
TON,23,Accountability,0.4395975272460298,2,0,1.0,0.1385263539561202,0.13449668952434152,0.0040296644317786845,0.0,none,0.4395975272460298,1.0,1.0,1.0,0.4395975272460298,True
TTO,23,Accountability,0.6223527305119149,7,0,1.0,0.1385263539561202,0.13449668952434152,0.0040296644317786845,0.0,none,0.6223527305119149,1.0,1.0,1.0,0.6223527305119149,False
TUN,23,Accountability,0.5478235480928806,9,0,1.0,0.1385263539561202,0.13449668952434152,0.0040296644317786845,0.0,none,0.5478235480928806,1.0,1.0,1.0,0.5478235480928806,False
TUR,23,Accountability,0.3232695835571347,9,0,1.0,0.1385263539561202,0.13449668952434152,0.0040296644317786845,0.0,none,0.3232695835571347,1.0,1.0,1.0,0.3232695835571347,False
TUV,23,Accountability,0.4767916722730005,2,0,1.0,0.1385263539561202,0.13449668952434152,0.0040296644317786845,0.0,none,0.4767916722730005,1.0,1.0,1.0,0.4767916722730005,True
TZA,23,Accountability,0.458393173691686,7,0,1.0,0.1385263539561202,0.13449668952434152,0.0040296644317786845,0.0,none,0.458393173691686,1.0,1.0,1.0,0.458393173691686,False
UGA,23,Accountability,0.4402953300507176,7,0,1.0,0.1385263539561202,0.13449668952434152,0.0040296644317786845,0.0,none,0.4402953300507176,1.0,1.0,1.0,0.4402953300507176,False
UKR,23,Accountability,0.433661826749834,9,0,1.0,0.1385263539561202,0.13449668952434152,0.0040296644317786845,0.0,none,0.433661826749834,1.0,1.0,1.0,0.433661826749834,False
URY,23,Accountability,0.6528095497054437,7,0,1.0,0.1385263539561202,0.13449668952434152,0.0040296644317786845,0.0,none,0.6528095497054437,1.0,1.0,1.0,0.6528095497054437,False
USA,23,Accountability,0.535980791156676,7,0,1.0,0.1385263539561202,0.13449668952434152,0.0040296644317786845,0.0,none,0.535980791156676,1.0,1.0,1.0,0.535980791156676,False
UZB,23,Accountability,0.2893294733589808,7,0,1.0,0.1385263539561202,0.13449668952434152,0.0040296644317786845,0.0,none,0.2893294733589808,1.0,1.0,1.0,0.2893294733589808,False
VCT,23,Accountability,0.4581945997595151,2,0,1.0,0.1385263539561202,0.13449668952434152,0.0040296644317786845,0.0,none,0.4581945997595151,1.0,1.0,1.0,0.4581945997595151,True
VEN,23,Accountability,0.3394105569641152,7,0,1.0,0.1385263539561202,0.13449668952434152,0.0040296644317786845,0.0,none,0.3394105569641152,1.0,1.0,1.0,0.3394105569641152,False
VNM,23,Accountability,0.296187456495364,9,0,1.0,0.1385263539561202,0.13449668952434152,0.0040296644317786845,0.0,none,0.296187456495364,1.0,1.0,1.0,0.296187456495364,False
VUT,23,Accountability,0.6411933086182616,7,0,1.0,0.1385263539561202,0.13449668952434152,0.0040296644317786845,0.0,none,0.6411933086182616,1.0,1.0,1.0,0.6411933086182616,False
WSM,23,Accountability,0.4395975272460298,2,0,1.0,0.1385263539561202,0.13449668952434152,0.0040296644317786845,0.0,none,0.4395975272460298,1.0,1.0,1.0,0.4395975272460298,True
XKX,23,Accountability,0.5311734281844018,7,0,1.0,0.1385263539561202,0.13449668952434152,0.0040296644317786845,0.0,none,0.5311734281844018,1.0,1.0,1.0,0.5311734281844018,False
YEM,23,Accountability,0.3496928468336502,9,0,1.0,0.1385263539561202,0.13449668952434152,0.0040296644317786845,0.0,none,0.3496928468336502,1.0,1.0,1.0,0.3496928468336502,False
ZAF,23,Accountability,0.600919866786688,7,0,1.0,0.1385263539561202,0.13449668952434152,0.0040296644317786845,0.0,none,0.600919866786688,1.0,1.0,1.0,0.600919866786688,False
ZMB,23,Accountability,0.5452730209179718,7,0,1.0,0.1385263539561202,0.13449668952434152,0.0040296644317786845,0.0,none,0.5452730209179718,1.0,1.0,1.0,0.5452730209179718,False
ZWE,23,Accountability,0.3948324089067168,7,0,1.0,0.1385263539561202,0.13449668952434152,0.0040296644317786845,0.0,none,0.3948324089067168,1.0,1.0,1.0,0.3948324089067168,False
AFG,24,Accountability,0.1615643542832862,6,0,1.0,0.1031318945714884,0.16183402351508852,0.0,0.0,none,0.1615643542832862,1.0,1.0,1.0,0.1615643542832862,False
AGO,24,Accountability,0.3744296263033694,6,0,1.0,0.1031318945714884,0.16183402351508852,0.0,0.0,none,0.3744296263033694,1.0,1.0,1.0,0.3744296263033694,False
ALB,24,Accountability,0.5179674093397802,6,0,1.0,0.1031318945714884,0.16183402351508852,0.0,0.0,none,0.5179674093397802,1.0,1.0,1.0,0.5179674093397802,False
AND,24,Accountability,0.6756958212077404,2,0,1.0,0.1031318945714884,0.16183402351508852,0.0,0.0,none,0.6756958212077404,1.0,1.0,1.0,0.6756958212077404,True
ARE,24,Accountability,0.243636002882333,6,0,1.0,0.1031318945714884,0.16183402351508852,0.0,0.0,none,0.243636002882333,1.0,1.0,1.0,0.243636002882333,False
ARG,24,Accountability,0.5196746240536839,6,0,1.0,0.1031318945714884,0.16183402351508852,0.0,0.0,none,0.5196746240536839,1.0,1.0,1.0,0.5196746240536839,False
ARM,24,Accountability,0.5532815562342379,6,0,1.0,0.1031318945714884,0.16183402351508852,0.0,0.0,none,0.5532815562342379,1.0,1.0,1.0,0.5532815562342379,False
ATG,24,Accountability,0.6171469022677141,2,0,1.0,0.1031318945714884,0.16183402351508852,0.0,0.0,none,0.6171469022677141,1.0,1.0,1.0,0.6171469022677141,True
AUS,24,Accountability,0.6519497724768939,6,0,1.0,0.1031318945714884,0.16183402351508852,0.0,0.0,none,0.6519497724768939,1.0,1.0,1.0,0.6519497724768939,False
AUT,24,Accountability,0.647077965508991,6,0,1.0,0.1031318945714884,0.16183402351508852,0.0,0.0,none,0.647077965508991,1.0,1.0,1.0,0.647077965508991,False
AZE,24,Accountability,0.1314812178032711,6,0,1.0,0.1031318945714884,0.16183402351508852,0.0,0.0,none,0.1314812178032711,1.0,1.0,1.0,0.1314812178032711,False
BDI,24,Accountability,0.2227060635977678,6,0,1.0,0.1031318945714884,0.16183402351508852,0.0,0.0,none,0.2227060635977678,1.0,1.0,1.0,0.2227060635977678,False
BEL,24,Accountability,0.6900735356352219,6,0,1.0,0.1031318945714884,0.16183402351508852,0.0,0.0,none,0.6900735356352219,1.0,1.0,1.0,0.6900735356352219,False
BEN,24,Accountability,0.5115597869871377,6,0,1.0,0.1031318945714884,0.16183402351508852,0.0,0.0,none,0.5115597869871377,1.0,1.0,1.0,0.5115597869871377,False
BFA,24,Accountability,0.3567141861730749,6,0,1.0,0.1031318945714884,0.16183402351508852,0.0,0.0,none,0.3567141861730749,1.0,1.0,1.0,0.3567141861730749,False
BGD,24,Accountability,0.4879739720985605,6,0,1.0,0.1031318945714884,0.16183402351508852,0.0,0.0,none,0.4879739720985605,1.0,1.0,1.0,0.4879739720985605,False
BGR,24,Accountability,0.6040867983431498,6,0,1.0,0.1031318945714884,0.16183402351508852,0.0,0.0,none,0.6040867983431498,1.0,1.0,1.0,0.6040867983431498,False
BHR,24,Accountability,0.2367596624784124,6,0,1.0,0.1031318945714884,0.16183402351508852,0.0,0.0,none,0.2367596624784124,1.0,1.0,1.0,0.2367596624784124,False
BHS,24,Accountability,0.7147622164924818,2,0,1.0,0.1031318945714884,0.16183402351508852,0.0,0.0,none,0.7147622164924818,1.0,1.0,1.0,0.7147622164924818,True
BIH,24,Accountability,0.5133208220404879,6,0,1.0,0.1031318945714884,0.16183402351508852,0.0,0.0,none,0.5133208220404879,1.0,1.0,1.0,0.5133208220404879,False
BLR,24,Accountability,0.1031318945714884,6,0,1.0,0.1031318945714884,0.16183402351508852,0.0,0.0,none,0.1031318945714884,1.0,1.0,1.0,0.1031318945714884,False
BLZ,24,Accountability,0.6625467252093715,2,0,1.0,0.1031318945714884,0.16183402351508852,0.0,0.0,none,0.6625467252093715,1.0,1.0,1.0,0.6625467252093715,True
BOL,24,Accountability,0.5258507297796763,6,0,1.0,0.1031318945714884,0.16183402351508852,0.0,0.0,none,0.5258507297796763,1.0,1.0,1.0,0.5258507297796763,False
BRA,24,Accountability,0.6044857376936268,6,0,1.0,0.1031318945714884,0.16183402351508852,0.0,0.0,none,0.6044857376936268,1.0,1.0,1.0,0.6044857376936268,False
BRB,24,Accountability,0.657445367045431,6,0,1.0,0.1031318945714884,0.16183402351508852,0.0,0.0,none,0.657445367045431,1.0,1.0,1.0,0.657445367045431,False
BRN,24,Accountability,0.3318833131928579,2,0,1.0,0.1031318945714884,0.16183402351508852,0.0,0.0,none,0.3318833131928579,1.0,1.0,1.0,0.3318833131928579,True
BTN,24,Accountability,0.4818589187717359,6,0,1.0,0.1031318945714884,0.16183402351508852,0.0,0.0,none,0.4818589187717359,1.0,1.0,1.0,0.4818589187717359,False
BWA,24,Accountability,0.5992111752540953,6,0,1.0,0.1031318945714884,0.16183402351508852,0.0,0.0,none,0.5992111752540953,1.0,1.0,1.0,0.5992111752540953,False
CAF,24,Accountability,0.3057131357800164,6,0,1.0,0.1031318945714884,0.16183402351508852,0.0,0.0,none,0.3057131357800164,1.0,1.0,1.0,0.3057131357800164,False
CAN,24,Accountability,0.6573409328817809,6,0,1.0,0.1031318945714884,0.16183402351508852,0.0,0.0,none,0.6573409328817809,1.0,1.0,1.0,0.6573409328817809,False
CHE,24,Accountability,0.7215496245195059,6,0,1.0,0.1031318945714884,0.16183402351508852,0.0,0.0,none,0.7215496245195059,1.0,1.0,1.0,0.7215496245195059,False
CHL,24,Accountability,0.594434761250315,6,0,1.0,0.1031318945714884,0.16183402351508852,0.0,0.0,none,0.594434761250315,1.0,1.0,1.0,0.594434761250315,False
CHN,24,Accountability,0.176079805274247,6,0,1.0,0.1031318945714884,0.16183402351508852,0.0,0.0,none,0.176079805274247,1.0,1.0,1.0,0.176079805274247,False
CIV,24,Accountability,0.5086120398673861,6,0,1.0,0.1031318945714884,0.16183402351508852,0.0,0.0,none,0.5086120398673861,1.0,1.0,1.0,0.5086120398673861,False
CMR,24,Accountability,0.3106215899873981,6,0,1.0,0.1031318945714884,0.16183402351508852,0.0,0.0,none,0.3106215899873981,1.0,1.0,1.0,0.3106215899873981,False
COD,24,Accountability,0.3887096816459408,6,0,1.0,0.1031318945714884,0.16183402351508852,0.0,0.0,none,0.3887096816459408,1.0,1.0,1.0,0.3887096816459408,False
COG,24,Accountability,0.3072903101762207,6,0,1.0,0.1031318945714884,0.16183402351508852,0.0,0.0,none,0.3072903101762207,1.0,1.0,1.0,0.3072903101762207,False
COL,24,Accountability,0.5240147698163086,6,0,1.0,0.1031318945714884,0.16183402351508852,0.0,0.0,none,0.5240147698163086,1.0,1.0,1.0,0.5240147698163086,False
COM,24,Accountability,0.4405075028540941,6,0,1.0,0.1031318945714884,0.16183402351508852,0.0,0.0,none,0.4405075028540941,1.0,1.0,1.0,0.4405075028540941,False
CPV,24,Accountability,0.5908425946269021,6,0,1.0,0.1031318945714884,0.16183402351508852,0.0,0.0,none,0.5908425946269021,1.0,1.0,1.0,0.5908425946269021,False
CRI,24,Accountability,0.6599320651521833,6,0,1.0,0.1031318945714884,0.16183402351508852,0.0,0.0,none,0.6599320651521833,1.0,1.0,1.0,0.6599320651521833,False
CUB,24,Accountability,0.1268198896286157,6,0,1.0,0.1031318945714884,0.16183402351508852,0.0,0.0,none,0.1268198896286157,1.0,1.0,1.0,0.1268198896286157,False
CYP,24,Accountability,0.6179039553905087,6,0,1.0,0.1031318945714884,0.16183402351508852,0.0,0.0,none,0.6179039553905087,1.0,1.0,1.0,0.6179039553905087,False
CZE,24,Accountability,0.6152156734187034,6,0,1.0,0.1031318945714884,0.16183402351508852,0.0,0.0,none,0.6152156734187034,1.0,1.0,1.0,0.6152156734187034,False
DEU,24,Accountability,0.681247423118054,6,0,1.0,0.1031318945714884,0.16183402351508852,0.0,0.0,none,0.681247423118054,1.0,1.0,1.0,0.681247423118054,False
DJI,24,Accountability,0.3710567878268825,6,0,1.0,0.1031318945714884,0.16183402351508852,0.0,0.0,none,0.3710567878268825,1.0,1.0,1.0,0.3710567878268825,False
DMA,24,Accountability,0.635509097496344,2,0,1.0,0.1031318945714884,0.16183402351508852,0.0,0.0,none,0.635509097496344,1.0,1.0,1.0,0.635509097496344,True
DNK,24,Accountability,0.7329477595998272,6,0,1.0,0.1031318945714884,0.16183402351508852,0.0,0.0,none,0.7329477595998272,1.0,1.0,1.0,0.7329477595998272,False
DOM,24,Accountability,0.6270595759326504,6,0,1.0,0.1031318945714884,0.16183402351508852,0.0,0.0,none,0.6270595759326504,1.0,1.0,1.0,0.6270595759326504,False
DZA,24,Accountability,0.284850858901534,6,0,1.0,0.1031318945714884,0.16183402351508852,0.0,0.0,none,0.284850858901534,1.0,1.0,1.0,0.284850858901534,False
ECU,24,Accountability,0.477483539764157,6,0,1.0,0.1031318945714884,0.16183402351508852,0.0,0.0,none,0.477483539764157,1.0,1.0,1.0,0.477483539764157,False
EGY,24,Accountability,0.229403049721769,6,0,1.0,0.1031318945714884,0.16183402351508852,0.0,0.0,none,0.229403049721769,1.0,1.0,1.0,0.229403049721769,False
ESP,24,Accountability,0.6462694786549953,6,0,1.0,0.1031318945714884,0.16183402351508852,0.0,0.0,none,0.6462694786549953,1.0,1.0,1.0,0.6462694786549953,False
EST,24,Accountability,0.70640387881983,6,0,1.0,0.1031318945714884,0.16183402351508852,0.0,0.0,none,0.70640387881983,1.0,1.0,1.0,0.70640387881983,False
ETH,24,Accountability,0.3752131726757866,6,0,1.0,0.1031318945714884,0.16183402351508852,0.0,0.0,none,0.3752131726757866,1.0,1.0,1.0,0.3752131726757866,False
FIN,24,Accountability,0.6658859905349811,6,0,1.0,0.1031318945714884,0.16183402351508852,0.0,0.0,none,0.6658859905349811,1.0,1.0,1.0,0.6658859905349811,False
FJI,24,Accountability,0.5972418859342992,6,0,1.0,0.1031318945714884,0.16183402351508852,0.0,0.0,none,0.5972418859342992,1.0,1.0,1.0,0.5972418859342992,False
FRA,24,Accountability,0.6022847154779746,6,0,1.0,0.1031318945714884,0.16183402351508852,0.0,0.0,none,0.6022847154779746,1.0,1.0,1.0,0.6022847154779746,False
FSM,24,Accountability,0.6984897308968445,2,0,1.0,0.1031318945714884,0.16183402351508852,0.0,0.0,none,0.6984897308968445,1.0,1.0,1.0,0.6984897308968445,True
GAB,24,Accountability,0.4838098375085066,6,0,1.0,0.1031318945714884,0.16183402351508852,0.0,0.0,none,0.4838098375085066,1.0,1.0,1.0,0.4838098375085066,False
GBR,24,Accountability,0.6022576116249906,6,0,1.0,0.1031318945714884,0.16183402351508852,0.0,0.0,none,0.6022576116249906,1.0,1.0,1.0,0.6022576116249906,False
GEO,24,Accountability,0.4068522246524968,6,0,1.0,0.1031318945714884,0.16183402351508852,0.0,0.0,none,0.4068522246524968,1.0,1.0,1.0,0.4068522246524968,False
GHA,24,Accountability,0.6157863338969863,6,0,1.0,0.1031318945714884,0.16183402351508852,0.0,0.0,none,0.6157863338969863,1.0,1.0,1.0,0.6157863338969863,False
GIN,24,Accountability,0.3520602046331873,6,0,1.0,0.1031318945714884,0.16183402351508852,0.0,0.0,none,0.3520602046331873,1.0,1.0,1.0,0.3520602046331873,False
GMB,24,Accountability,0.5518621147701502,6,0,1.0,0.1031318945714884,0.16183402351508852,0.0,0.0,none,0.5518621147701502,1.0,1.0,1.0,0.5518621147701502,False
GNB,24,Accountability,0.4872417784420641,6,0,1.0,0.1031318945714884,0.16183402351508852,0.0,0.0,none,0.4872417784420641,1.0,1.0,1.0,0.4872417784420641,False
GNQ,24,Accountability,0.1850133009626001,6,0,1.0,0.1031318945714884,0.16183402351508852,0.0,0.0,none,0.1850133009626001,1.0,1.0,1.0,0.1850133009626001,False
GRC,24,Accountability,0.575359659991938,6,0,1.0,0.1031318945714884,0.16183402351508852,0.0,0.0,none,0.575359659991938,1.0,1.0,1.0,0.575359659991938,False
GRD,24,Accountability,0.6963035731269445,2,0,1.0,0.1031318945714884,0.16183402351508852,0.0,0.0,none,0.6963035731269445,1.0,1.0,1.0,0.6963035731269445,True
GTM,24,Accountability,0.5237108173010013,6,0,1.0,0.1031318945714884,0.16183402351508852,0.0,0.0,none,0.5237108173010013,1.0,1.0,1.0,0.5237108173010013,False
GUY,24,Accountability,0.5996200791304458,6,0,1.0,0.1031318945714884,0.16183402351508852,0.0,0.0,none,0.5996200791304458,1.0,1.0,1.0,0.5996200791304458,False
HKG,24,Accountability,0.2934930955739465,5,0,1.0,0.1031318945714884,0.16183402351508852,0.0,0.0,none,0.2934930955739465,1.0,1.0,1.0,0.2934930955739465,False
HND,24,Accountability,0.51197641440967,6,0,1.0,0.1031318945714884,0.16183402351508852,0.0,0.0,none,0.51197641440967,1.0,1.0,1.0,0.51197641440967,False
HRV,24,Accountability,0.5610004929950047,6,0,1.0,0.1031318945714884,0.16183402351508852,0.0,0.0,none,0.5610004929950047,1.0,1.0,1.0,0.5610004929950047,False
HTI,24,Accountability,0.4546136354967079,6,0,1.0,0.1031318945714884,0.16183402351508852,0.0,0.0,none,0.4546136354967079,1.0,1.0,1.0,0.4546136354967079,False
HUN,24,Accountability,0.4070133865657081,6,0,1.0,0.1031318945714884,0.16183402351508852,0.0,0.0,none,0.4070133865657081,1.0,1.0,1.0,0.4070133865657081,False
IDN,24,Accountability,0.4720339930784579,6,0,1.0,0.1031318945714884,0.16183402351508852,0.0,0.0,none,0.4720339930784579,1.0,1.0,1.0,0.4720339930784579,False
IND,24,Accountability,0.404750416619406,6,0,1.0,0.1031318945714884,0.16183402351508852,0.0,0.0,none,0.404750416619406,1.0,1.0,1.0,0.404750416619406,False
IRL,24,Accountability,0.7234044097936149,6,0,1.0,0.1031318945714884,0.16183402351508852,0.0,0.0,none,0.7234044097936149,1.0,1.0,1.0,0.7234044097936149,False
IRN,24,Accountability,0.2062424693913514,6,0,1.0,0.1031318945714884,0.16183402351508852,0.0,0.0,none,0.2062424693913514,1.0,1.0,1.0,0.2062424693913514,False
IRQ,24,Accountability,0.4470883135596057,6,0,1.0,0.1031318945714884,0.16183402351508852,0.0,0.0,none,0.4470883135596057,1.0,1.0,1.0,0.4470883135596057,False
ISL,24,Accountability,0.6841137319703371,6,0,1.0,0.1031318945714884,0.16183402351508852,0.0,0.0,none,0.6841137319703371,1.0,1.0,1.0,0.6841137319703371,False
ISR,24,Accountability,0.5092961011351737,6,0,1.0,0.1031318945714884,0.16183402351508852,0.0,0.0,none,0.5092961011351737,1.0,1.0,1.0,0.5092961011351737,False
ITA,24,Accountability,0.6187361705591732,6,0,1.0,0.1031318945714884,0.16183402351508852,0.0,0.0,none,0.6187361705591732,1.0,1.0,1.0,0.6187361705591732,False
JAM,24,Accountability,0.6221347198009314,6,0,1.0,0.1031318945714884,0.16183402351508852,0.0,0.0,none,0.6221347198009314,1.0,1.0,1.0,0.6221347198009314,False
JOR,24,Accountability,0.3996504167462041,6,0,1.0,0.1031318945714884,0.16183402351508852,0.0,0.0,none,0.3996504167462041,1.0,1.0,1.0,0.3996504167462041,False
JPN,24,Accountability,0.6422466820192374,6,0,1.0,0.1031318945714884,0.16183402351508852,0.0,0.0,none,0.6422466820192374,1.0,1.0,1.0,0.6422466820192374,False
KAZ,24,Accountability,0.3280669826146809,6,0,1.0,0.1031318945714884,0.16183402351508852,0.0,0.0,none,0.3280669826146809,1.0,1.0,1.0,0.3280669826146809,False
KEN,24,Accountability,0.4759963587569206,6,0,1.0,0.1031318945714884,0.16183402351508852,0.0,0.0,none,0.4759963587569206,1.0,1.0,1.0,0.4759963587569206,False
KGZ,24,Accountability,0.3303834941862919,6,0,1.0,0.1031318945714884,0.16183402351508852,0.0,0.0,none,0.3303834941862919,1.0,1.0,1.0,0.3303834941862919,False
KHM,24,Accountability,0.2768475404221612,6,0,1.0,0.1031318945714884,0.16183402351508852,0.0,0.0,none,0.2768475404221612,1.0,1.0,1.0,0.2768475404221612,False
KIR,24,Accountability,0.7533414712554225,2,0,1.0,0.1031318945714884,0.16183402351508852,0.0,0.0,none,0.7533414712554225,1.0,1.0,1.0,0.7533414712554225,True
KNA,24,Accountability,0.7201633121592936,2,0,1.0,0.1031318945714884,0.16183402351508852,0.0,0.0,none,0.7201633121592936,1.0,1.0,1.0,0.7201633121592936,True
KOR,24,Accountability,0.5899067408386068,6,0,1.0,0.1031318945714884,0.16183402351508852,0.0,0.0,none,0.5899067408386068,1.0,1.0,1.0,0.5899067408386068,False
KWT,24,Accountability,0.3843855868062623,6,0,1.0,0.1031318945714884,0.16183402351508852,0.0,0.0,none,0.3843855868062623,1.0,1.0,1.0,0.3843855868062623,False
LAO,24,Accountability,0.2056323027687823,6,0,1.0,0.1031318945714884,0.16183402351508852,0.0,0.0,none,0.2056323027687823,1.0,1.0,1.0,0.2056323027687823,False
LBN,24,Accountability,0.5195295432128341,6,0,1.0,0.1031318945714884,0.16183402351508852,0.0,0.0,none,0.5195295432128341,1.0,1.0,1.0,0.5195295432128341,False
LBR,24,Accountability,0.5745310834426179,6,0,1.0,0.1031318945714884,0.16183402351508852,0.0,0.0,none,0.5745310834426179,1.0,1.0,1.0,0.5745310834426179,False
LBY,24,Accountability,0.4287225892580587,6,0,1.0,0.1031318945714884,0.16183402351508852,0.0,0.0,none,0.4287225892580587,1.0,1.0,1.0,0.4287225892580587,False
LCA,24,Accountability,0.6936400745097719,2,0,1.0,0.1031318945714884,0.16183402351508852,0.0,0.0,none,0.6936400745097719,1.0,1.0,1.0,0.6936400745097719,True
LIE,24,Accountability,0.7262716941634259,2,0,1.0,0.1031318945714884,0.16183402351508852,0.0,0.0,none,0.7262716941634259,1.0,1.0,1.0,0.7262716941634259,True
LKA,24,Accountability,0.5395048721820396,6,0,1.0,0.1031318945714884,0.16183402351508852,0.0,0.0,none,0.5395048721820396,1.0,1.0,1.0,0.5395048721820396,False
LSO,24,Accountability,0.5612704604135441,6,0,1.0,0.1031318945714884,0.16183402351508852,0.0,0.0,none,0.5612704604135441,1.0,1.0,1.0,0.5612704604135441,False
LTU,24,Accountability,0.6174079990262367,6,0,1.0,0.1031318945714884,0.16183402351508852,0.0,0.0,none,0.6174079990262367,1.0,1.0,1.0,0.6174079990262367,False
LUX,24,Accountability,0.7431303405101519,6,0,1.0,0.1031318945714884,0.16183402351508852,0.0,0.0,none,0.7431303405101519,1.0,1.0,1.0,0.7431303405101519,False
LVA,24,Accountability,0.6595470151996631,6,0,1.0,0.1031318945714884,0.16183402351508852,0.0,0.0,none,0.6595470151996631,1.0,1.0,1.0,0.6595470151996631,False
MAR,24,Accountability,0.4150085392616853,6,0,1.0,0.1031318945714884,0.16183402351508852,0.0,0.0,none,0.4150085392616853,1.0,1.0,1.0,0.4150085392616853,False
MCO,24,Accountability,0.7135405400916555,2,0,1.0,0.1031318945714884,0.16183402351508852,0.0,0.0,none,0.7135405400916555,1.0,1.0,1.0,0.7135405400916555,True
MDA,24,Accountability,0.5228459251352051,6,0,1.0,0.1031318945714884,0.16183402351508852,0.0,0.0,none,0.5228459251352051,1.0,1.0,1.0,0.5228459251352051,False
MDG,24,Accountability,0.5148027756433734,6,0,1.0,0.1031318945714884,0.16183402351508852,0.0,0.0,none,0.5148027756433734,1.0,1.0,1.0,0.5148027756433734,False
MDV,24,Accountability,0.4743348737305612,6,0,1.0,0.1031318945714884,0.16183402351508852,0.0,0.0,none,0.4743348737305612,1.0,1.0,1.0,0.4743348737305612,False
MEX,24,Accountability,0.4222396070526817,6,0,1.0,0.1031318945714884,0.16183402351508852,0.0,0.0,none,0.4222396070526817,1.0,1.0,1.0,0.4222396070526817,False
MHL,24,Accountability,0.6984897308968445,2,0,1.0,0.1031318945714884,0.16183402351508852,0.0,0.0,none,0.6984897308968445,1.0,1.0,1.0,0.6984897308968445,True
MKD,24,Accountability,0.5076446838473746,6,0,1.0,0.1031318945714884,0.16183402351508852,0.0,0.0,none,0.5076446838473746,1.0,1.0,1.0,0.5076446838473746,False
MLI,24,Accountability,0.419623414892645,6,0,1.0,0.1031318945714884,0.16183402351508852,0.0,0.0,none,0.419623414892645,1.0,1.0,1.0,0.419623414892645,False
MLT,24,Accountability,0.6454433883049185,6,0,1.0,0.1031318945714884,0.16183402351508852,0.0,0.0,none,0.6454433883049185,1.0,1.0,1.0,0.6454433883049185,False
MMR,24,Accountability,0.2031941189949941,6,0,1.0,0.1031318945714884,0.16183402351508852,0.0,0.0,none,0.2031941189949941,1.0,1.0,1.0,0.2031941189949941,False
MNE,24,Accountability,0.5802908344935526,6,0,1.0,0.1031318945714884,0.16183402351508852,0.0,0.0,none,0.5802908344935526,1.0,1.0,1.0,0.5802908344935526,False
MNG,24,Accountability,0.5455131565504617,6,0,1.0,0.1031318945714884,0.16183402351508852,0.0,0.0,none,0.5455131565504617,1.0,1.0,1.0,0.5455131565504617,False
MOZ,24,Accountability,0.3989369177852584,6,0,1.0,0.1031318945714884,0.16183402351508852,0.0,0.0,none,0.3989369177852584,1.0,1.0,1.0,0.3989369177852584,False
MRT,24,Accountability,0.4610651110410226,6,0,1.0,0.1031318945714884,0.16183402351508852,0.0,0.0,none,0.4610651110410226,1.0,1.0,1.0,0.4610651110410226,False
MUS,24,Accountability,0.6434015191414343,6,0,1.0,0.1031318945714884,0.16183402351508852,0.0,0.0,none,0.6434015191414343,1.0,1.0,1.0,0.6434015191414343,False
MWI,24,Accountability,0.5701158928719119,6,0,1.0,0.1031318945714884,0.16183402351508852,0.0,0.0,none,0.5701158928719119,1.0,1.0,1.0,0.5701158928719119,False
MYS,24,Accountability,0.4906367973435979,6,0,1.0,0.1031318945714884,0.16183402351508852,0.0,0.0,none,0.4906367973435979,1.0,1.0,1.0,0.4906367973435979,False
NAM,24,Accountability,0.5920412012080708,6,0,1.0,0.1031318945714884,0.16183402351508852,0.0,0.0,none,0.5920412012080708,1.0,1.0,1.0,0.5920412012080708,False
NER,24,Accountability,0.5005381531145475,6,0,1.0,0.1031318945714884,0.16183402351508852,0.0,0.0,none,0.5005381531145475,1.0,1.0,1.0,0.5005381531145475,False
NGA,24,Accountability,0.5041199218742404,6,0,1.0,0.1031318945714884,0.16183402351508852,0.0,0.0,none,0.5041199218742404,1.0,1.0,1.0,0.5041199218742404,False
NIC,24,Accountability,0.162772787229991,6,0,1.0,0.1031318945714884,0.16183402351508852,0.0,0.0,none,0.162772787229991,1.0,1.0,1.0,0.162772787229991,False
NLD,24,Accountability,0.5957884154802998,6,0,1.0,0.1031318945714884,0.16183402351508852,0.0,0.0,none,0.5957884154802998,1.0,1.0,1.0,0.5957884154802998,False
NOR,24,Accountability,0.7481446472120453,6,0,1.0,0.1031318945714884,0.16183402351508852,0.0,0.0,none,0.7481446472120453,1.0,1.0,1.0,0.7481446472120453,False
NPL,24,Accountability,0.5627458216476395,6,0,1.0,0.1031318945714884,0.16183402351508852,0.0,0.0,none,0.5627458216476395,1.0,1.0,1.0,0.5627458216476395,False
NRU,24,Accountability,0.5597232115916067,2,0,1.0,0.1031318945714884,0.16183402351508852,0.0,0.0,none,0.5597232115916067,1.0,1.0,1.0,0.5597232115916067,True
NZL,24,Accountability,0.5887162609968378,6,0,1.0,0.1031318945714884,0.16183402351508852,0.0,0.0,none,0.5887162609968378,1.0,1.0,1.0,0.5887162609968378,False
OMN,24,Accountability,0.2849888543478822,6,0,1.0,0.1031318945714884,0.16183402351508852,0.0,0.0,none,0.2849888543478822,1.0,1.0,1.0,0.2849888543478822,False
PAK,24,Accountability,0.4494078720507044,6,0,1.0,0.1031318945714884,0.16183402351508852,0.0,0.0,none,0.4494078720507044,1.0,1.0,1.0,0.4494078720507044,False
PAN,24,Accountability,0.5703112281365708,6,0,1.0,0.1031318945714884,0.16183402351508852,0.0,0.0,none,0.5703112281365708,1.0,1.0,1.0,0.5703112281365708,False
PER,24,Accountability,0.4734669415244703,6,0,1.0,0.1031318945714884,0.16183402351508852,0.0,0.0,none,0.4734669415244703,1.0,1.0,1.0,0.4734669415244703,False
PHL,24,Accountability,0.4806213670278205,6,0,1.0,0.1031318945714884,0.16183402351508852,0.0,0.0,none,0.4806213670278205,1.0,1.0,1.0,0.4806213670278205,False
PLW,24,Accountability,0.6984897308968445,2,0,1.0,0.1031318945714884,0.16183402351508852,0.0,0.0,none,0.6984897308968445,1.0,1.0,1.0,0.6984897308968445,True
PNG,24,Accountability,0.5621165814388656,6,0,1.0,0.1031318945714884,0.16183402351508852,0.0,0.0,none,0.5621165814388656,1.0,1.0,1.0,0.5621165814388656,False
POL,24,Accountability,0.5859010379101566,6,0,1.0,0.1031318945714884,0.16183402351508852,0.0,0.0,none,0.5859010379101566,1.0,1.0,1.0,0.5859010379101566,False
PRT,24,Accountability,0.631266847408718,6,0,1.0,0.1031318945714884,0.16183402351508852,0.0,0.0,none,0.631266847408718,1.0,1.0,1.0,0.631266847408718,False
PRY,24,Accountability,0.4667039648720192,6,0,1.0,0.1031318945714884,0.16183402351508852,0.0,0.0,none,0.4667039648720192,1.0,1.0,1.0,0.4667039648720192,False
PSE,24,Accountability,0.2542268218560014,5,0,1.0,0.1031318945714884,0.16183402351508852,0.0,0.0,none,0.2542268218560014,1.0,1.0,1.0,0.2542268218560014,False
QAT,24,Accountability,0.2368905886556963,6,0,1.0,0.1031318945714884,0.16183402351508852,0.0,0.0,none,0.2368905886556963,1.0,1.0,1.0,0.2368905886556963,False
ROU,24,Accountability,0.5372076173569796,6,0,1.0,0.1031318945714884,0.16183402351508852,0.0,0.0,none,0.5372076173569796,1.0,1.0,1.0,0.5372076173569796,False
RUS,24,Accountability,0.1865135221165804,6,0,1.0,0.1031318945714884,0.16183402351508852,0.0,0.0,none,0.1865135221165804,1.0,1.0,1.0,0.1865135221165804,False
RWA,24,Accountability,0.2959188472964063,6,0,1.0,0.1031318945714884,0.16183402351508852,0.0,0.0,none,0.2959188472964063,1.0,1.0,1.0,0.2959188472964063,False
SAU,24,Accountability,0.2373035409575338,6,0,1.0,0.1031318945714884,0.16183402351508852,0.0,0.0,none,0.2373035409575338,1.0,1.0,1.0,0.2373035409575338,False
SDN,24,Accountability,0.2365803255371485,6,0,1.0,0.1031318945714884,0.16183402351508852,0.0,0.0,none,0.2365803255371485,1.0,1.0,1.0,0.2365803255371485,False
SEN,24,Accountability,0.5606095970411721,6,0,1.0,0.1031318945714884,0.16183402351508852,0.0,0.0,none,0.5606095970411721,1.0,1.0,1.0,0.5606095970411721,False
SGP,24,Accountability,0.3627432215560718,6,0,1.0,0.1031318945714884,0.16183402351508852,0.0,0.0,none,0.3627432215560718,1.0,1.0,1.0,0.3627432215560718,False
SLB,24,Accountability,0.5938369420628188,6,0,1.0,0.1031318945714884,0.16183402351508852,0.0,0.0,none,0.5938369420628188,1.0,1.0,1.0,0.5938369420628188,False
SLE,24,Accountability,0.5730715236614553,6,0,1.0,0.1031318945714884,0.16183402351508852,0.0,0.0,none,0.5730715236614553,1.0,1.0,1.0,0.5730715236614553,False
SLV,24,Accountability,0.3581686406477202,6,0,1.0,0.1031318945714884,0.16183402351508852,0.0,0.0,none,0.3581686406477202,1.0,1.0,1.0,0.3581686406477202,False
SMR,24,Accountability,0.733441005673539,2,0,1.0,0.1031318945714884,0.16183402351508852,0.0,0.0,none,0.733441005673539,1.0,1.0,1.0,0.733441005673539,True
SOM,24,Accountability,0.4048802936364841,6,0,1.0,0.1031318945714884,0.16183402351508852,0.0,0.0,none,0.4048802936364841,1.0,1.0,1.0,0.4048802936364841,False
SRB,24,Accountability,0.4101517604680852,6,0,1.0,0.1031318945714884,0.16183402351508852,0.0,0.0,none,0.4101517604680852,1.0,1.0,1.0,0.4101517604680852,False
SSD,24,Accountability,0.2435052364090215,6,0,1.0,0.1031318945714884,0.16183402351508852,0.0,0.0,none,0.2435052364090215,1.0,1.0,1.0,0.2435052364090215,False
STP,24,Accountability,0.5777109012147162,6,0,1.0,0.1031318945714884,0.16183402351508852,0.0,0.0,none,0.5777109012147162,1.0,1.0,1.0,0.5777109012147162,False
SUR,24,Accountability,0.6471137741019909,6,0,1.0,0.1031318945714884,0.16183402351508852,0.0,0.0,none,0.6471137741019909,1.0,1.0,1.0,0.6471137741019909,False
SVK,24,Accountability,0.5348957146795343,6,0,1.0,0.1031318945714884,0.16183402351508852,0.0,0.0,none,0.5348957146795343,1.0,1.0,1.0,0.5348957146795343,False
SVN,24,Accountability,0.6399914585757013,6,0,1.0,0.1031318945714884,0.16183402351508852,0.0,0.0,none,0.6399914585757013,1.0,1.0,1.0,0.6399914585757013,False
SWE,24,Accountability,0.7088982367487032,6,0,1.0,0.1031318945714884,0.16183402351508852,0.0,0.0,none,0.7088982367487032,1.0,1.0,1.0,0.7088982367487032,False
SWZ,24,Accountability,0.2365094614462892,6,0,1.0,0.1031318945714884,0.16183402351508852,0.0,0.0,none,0.2365094614462892,1.0,1.0,1.0,0.2365094614462892,False
SYC,24,Accountability,0.5924036665944222,6,0,1.0,0.1031318945714884,0.16183402351508852,0.0,0.0,none,0.5924036665944222,1.0,1.0,1.0,0.5924036665944222,False
SYR,24,Accountability,0.2596729969185059,6,0,1.0,0.1031318945714884,0.16183402351508852,0.0,0.0,none,0.2596729969185059,1.0,1.0,1.0,0.2596729969185059,False
TCD,24,Accountability,0.3147212855851503,6,0,1.0,0.1031318945714884,0.16183402351508852,0.0,0.0,none,0.3147212855851503,1.0,1.0,1.0,0.3147212855851503,False
TGO,24,Accountability,0.4019953270209748,6,0,1.0,0.1031318945714884,0.16183402351508852,0.0,0.0,none,0.4019953270209748,1.0,1.0,1.0,0.4019953270209748,False
THA,24,Accountability,0.4212878050463963,6,0,1.0,0.1031318945714884,0.16183402351508852,0.0,0.0,none,0.4212878050463963,1.0,1.0,1.0,0.4212878050463963,False
TJK,24,Accountability,0.1901578628901516,6,0,1.0,0.1031318945714884,0.16183402351508852,0.0,0.0,none,0.1901578628901516,1.0,1.0,1.0,0.1901578628901516,False
TLS,24,Accountability,0.601702252695147,6,0,1.0,0.1031318945714884,0.16183402351508852,0.0,0.0,none,0.601702252695147,1.0,1.0,1.0,0.601702252695147,False
TON,24,Accountability,0.6674655801916465,2,0,1.0,0.1031318945714884,0.16183402351508852,0.0,0.0,none,0.6674655801916465,1.0,1.0,1.0,0.6674655801916465,True
TTO,24,Accountability,0.6551974257554761,6,0,1.0,0.1031318945714884,0.16183402351508852,0.0,0.0,none,0.6551974257554761,1.0,1.0,1.0,0.6551974257554761,False
TUN,24,Accountability,0.364551325093417,6,0,1.0,0.1031318945714884,0.16183402351508852,0.0,0.0,none,0.364551325093417,1.0,1.0,1.0,0.364551325093417,False
TUR,24,Accountability,0.3170093555292576,6,0,1.0,0.1031318945714884,0.16183402351508852,0.0,0.0,none,0.3170093555292576,1.0,1.0,1.0,0.3170093555292576,False
TUV,24,Accountability,0.7135405400916555,2,0,1.0,0.1031318945714884,0.16183402351508852,0.0,0.0,none,0.7135405400916555,1.0,1.0,1.0,0.7135405400916555,True
TZA,24,Accountability,0.4055945591007046,6,0,1.0,0.1031318945714884,0.16183402351508852,0.0,0.0,none,0.4055945591007046,1.0,1.0,1.0,0.4055945591007046,False
UGA,24,Accountability,0.3647745468543141,6,0,1.0,0.1031318945714884,0.16183402351508852,0.0,0.0,none,0.3647745468543141,1.0,1.0,1.0,0.3647745468543141,False
UKR,24,Accountability,0.4970905317458984,6,0,1.0,0.1031318945714884,0.16183402351508852,0.0,0.0,none,0.4970905317458984,1.0,1.0,1.0,0.4970905317458984,False
URY,24,Accountability,0.6474321508557154,6,0,1.0,0.1031318945714884,0.16183402351508852,0.0,0.0,none,0.6474321508557154,1.0,1.0,1.0,0.6474321508557154,False
USA,24,Accountability,0.6470527621390746,6,0,1.0,0.1031318945714884,0.16183402351508852,0.0,0.0,none,0.6470527621390746,1.0,1.0,1.0,0.6470527621390746,False
UZB,24,Accountability,0.2868765760219569,6,0,1.0,0.1031318945714884,0.16183402351508852,0.0,0.0,none,0.2868765760219569,1.0,1.0,1.0,0.2868765760219569,False
VCT,24,Accountability,0.7135405400916555,2,0,1.0,0.1031318945714884,0.16183402351508852,0.0,0.0,none,0.7135405400916555,1.0,1.0,1.0,0.7135405400916555,True
VEN,24,Accountability,0.2603106048568201,6,0,1.0,0.1031318945714884,0.16183402351508852,0.0,0.0,none,0.2603106048568201,1.0,1.0,1.0,0.2603106048568201,False
VNM,24,Accountability,0.3060782892702656,6,0,1.0,0.1031318945714884,0.16183402351508852,0.0,0.0,none,0.3060782892702656,1.0,1.0,1.0,0.3060782892702656,False
VUT,24,Accountability,0.6553949005755393,6,0,1.0,0.1031318945714884,0.16183402351508852,0.0,0.0,none,0.6553949005755393,1.0,1.0,1.0,0.6553949005755393,False
WSM,24,Accountability,0.6922576512140999,2,0,1.0,0.1031318945714884,0.16183402351508852,0.0,0.0,none,0.6922576512140999,1.0,1.0,1.0,0.6922576512140999,True
XKX,24,Accountability,0.5039384646166652,6,0,1.0,0.1031318945714884,0.16183402351508852,0.0,0.0,none,0.5039384646166652,1.0,1.0,1.0,0.5039384646166652,False
YEM,24,Accountability,0.2932697517785012,6,0,1.0,0.1031318945714884,0.16183402351508852,0.0,0.0,none,0.2932697517785012,1.0,1.0,1.0,0.2932697517785012,False
ZAF,24,Accountability,0.6016256753916972,6,0,1.0,0.1031318945714884,0.16183402351508852,0.0,0.0,none,0.6016256753916972,1.0,1.0,1.0,0.6016256753916972,False
ZMB,24,Accountability,0.5945192418586874,6,0,1.0,0.1031318945714884,0.16183402351508852,0.0,0.0,none,0.5945192418586874,1.0,1.0,1.0,0.5945192418586874,False
ZWE,24,Accountability,0.3542776011906277,6,0,1.0,0.1031318945714884,0.16183402351508852,0.0,0.0,none,0.3542776011906277,1.0,1.0,1.0,0.3542776011906277,False
AFG,25,Accountability,0.3361969259936842,7,0,1.0,0.2373851768465152,0.12787958251484258,0.10950559433167262,0.0,none,0.3361969259936842,1.0,1.0,1.0,0.3361969259936842,False
AGO,25,Accountability,0.4245347281657302,7,0,1.0,0.2373851768465152,0.12787958251484258,0.10950559433167262,0.0,none,0.4245347281657302,1.0,1.0,1.0,0.4245347281657302,False
ALB,25,Accountability,0.5455891529363263,7,0,1.0,0.2373851768465152,0.12787958251484258,0.10950559433167262,0.0,none,0.5455891529363263,1.0,1.0,1.0,0.5455891529363263,False
AND,25,Accountability,0.5815982092124732,3,1,0.75,0.2373851768465152,0.12787958251484258,0.10950559433167262,0.0,none,0.5815982092124732,1.0,1.0,1.0,0.5815982092124732,True
ARE,25,Accountability,0.3946190984056807,5,2,0.7142857142857143,0.2373851768465152,0.12787958251484258,0.10950559433167262,0.0,none,0.3946190984056807,1.0,1.0,1.0,0.3946190984056807,False
ARG,25,Accountability,0.5324663802850624,7,0,1.0,0.2373851768465152,0.12787958251484258,0.10950559433167262,0.0,none,0.5324663802850624,1.0,1.0,1.0,0.5324663802850624,False
ARM,25,Accountability,0.567561927167082,6,0,1.0,0.2373851768465152,0.12787958251484258,0.10950559433167262,0.0,none,0.567561927167082,1.0,1.0,1.0,0.567561927167082,False
ATG,25,Accountability,0.5335466356854465,4,1,0.8,0.2373851768465152,0.12787958251484258,0.10950559433167262,0.0,none,0.5335466356854465,1.0,1.0,1.0,0.5335466356854465,False
AUS,25,Accountability,0.6708092905784548,7,0,1.0,0.2373851768465152,0.12787958251484258,0.10950559433167262,0.0,none,0.6708092905784548,1.0,1.0,1.0,0.6708092905784548,False
AUT,25,Accountability,0.5810265631900818,6,1,0.8571428571428571,0.2373851768465152,0.12787958251484258,0.10950559433167262,0.0,none,0.5810265631900818,1.0,1.0,1.0,0.5810265631900818,False
AZE,25,Accountability,0.4074854096714593,6,0,1.0,0.2373851768465152,0.12787958251484258,0.10950559433167262,0.0,none,0.4074854096714593,1.0,1.0,1.0,0.4074854096714593,False
BDI,25,Accountability,0.2609383761656399,6,0,1.0,0.2373851768465152,0.12787958251484258,0.10950559433167262,0.0,none,0.2609383761656399,1.0,1.0,1.0,0.2609383761656399,False
BEL,25,Accountability,0.6530832982293433,6,1,0.8571428571428571,0.2373851768465152,0.12787958251484258,0.10950559433167262,0.0,none,0.6530832982293433,1.0,1.0,1.0,0.6530832982293433,False
BEN,25,Accountability,0.4198615816514721,7,0,1.0,0.2373851768465152,0.12787958251484258,0.10950559433167262,0.0,none,0.4198615816514721,1.0,1.0,1.0,0.4198615816514721,False
BFA,25,Accountability,0.4120696821120393,7,0,1.0,0.2373851768465152,0.12787958251484258,0.10950559433167262,0.0,none,0.4120696821120393,1.0,1.0,1.0,0.4120696821120393,False
BGD,25,Accountability,0.4765169629865903,7,0,1.0,0.2373851768465152,0.12787958251484258,0.10950559433167262,0.0,none,0.4765169629865903,1.0,1.0,1.0,0.4765169629865903,False
BGR,25,Accountability,0.575416305111509,7,0,1.0,0.2373851768465152,0.12787958251484258,0.10950559433167262,0.0,none,0.575416305111509,1.0,1.0,1.0,0.575416305111509,False
BHR,25,Accountability,0.3378766749866491,5,1,0.8333333333333334,0.2373851768465152,0.12787958251484258,0.10950559433167262,0.0,none,0.3378766749866491,1.0,1.0,1.0,0.3378766749866491,False
BHS,25,Accountability,0.4685556155543954,4,1,0.8,0.2373851768465152,0.12787958251484258,0.10950559433167262,0.0,none,0.4685556155543954,1.0,1.0,1.0,0.4685556155543954,False
BIH,25,Accountability,0.5241556850535833,7,0,1.0,0.2373851768465152,0.12787958251484258,0.10950559433167262,0.0,none,0.5241556850535833,1.0,1.0,1.0,0.5241556850535833,False
BLR,25,Accountability,0.2470322190158842,6,1,0.8571428571428571,0.2373851768465152,0.12787958251484258,0.10950559433167262,0.0,none,0.2470322190158842,1.0,1.0,1.0,0.2470322190158842,False
BLZ,25,Accountability,0.4318618974907381,4,1,0.8,0.2373851768465152,0.12787958251484258,0.10950559433167262,0.0,none,0.4318618974907381,1.0,1.0,1.0,0.4318618974907381,False
BOL,25,Accountability,0.4461664600071769,7,0,1.0,0.2373851768465152,0.12787958251484258,0.10950559433167262,0.0,none,0.4461664600071769,1.0,1.0,1.0,0.4461664600071769,False
BRA,25,Accountability,0.6691020707495932,7,0,1.0,0.2373851768465152,0.12787958251484258,0.10950559433167262,0.0,none,0.6691020707495932,1.0,1.0,1.0,0.6691020707495932,False
BRB,25,Accountability,0.5030092221790308,6,1,0.8571428571428571,0.2373851768465152,0.12787958251484258,0.10950559433167262,0.0,none,0.5030092221790308,1.0,1.0,1.0,0.5030092221790308,False
BRN,25,Accountability,0.2626543987088006,2,2,0.5,0.2373851768465152,0.12787958251484258,0.10950559433167262,0.0,none,0.2626543987088006,1.0,1.0,1.0,0.2626543987088006,True
BTN,25,Accountability,0.5436190791495973,5,1,0.8333333333333334,0.2373851768465152,0.12787958251484258,0.10950559433167262,0.0,none,0.5436190791495973,1.0,1.0,1.0,0.5436190791495973,False
BWA,25,Accountability,0.4196032021972581,7,0,1.0,0.2373851768465152,0.12787958251484258,0.10950559433167262,0.0,none,0.4196032021972581,1.0,1.0,1.0,0.4196032021972581,False
CAF,25,Accountability,0.2817573515133322,6,0,1.0,0.2373851768465152,0.12787958251484258,0.10950559433167262,0.0,none,0.2817573515133322,1.0,1.0,1.0,0.2817573515133322,False
CAN,25,Accountability,0.6497136910349585,7,0,1.0,0.2373851768465152,0.12787958251484258,0.10950559433167262,0.0,none,0.6497136910349585,1.0,1.0,1.0,0.6497136910349585,False
CHE,25,Accountability,0.7017296272776162,5,1,0.8333333333333334,0.2373851768465152,0.12787958251484258,0.10950559433167262,0.0,none,0.7017296272776162,1.0,1.0,1.0,0.7017296272776162,False
CHL,25,Accountability,0.6856343270275194,7,0,1.0,0.2373851768465152,0.12787958251484258,0.10950559433167262,0.0,none,0.6856343270275194,1.0,1.0,1.0,0.6856343270275194,False
CHN,25,Accountability,0.3856785588619307,6,1,0.8571428571428571,0.2373851768465152,0.12787958251484258,0.10950559433167262,0.0,none,0.3856785588619307,1.0,1.0,1.0,0.3856785588619307,False
CIV,25,Accountability,0.4553090351096288,7,0,1.0,0.2373851768465152,0.12787958251484258,0.10950559433167262,0.0,none,0.4553090351096288,1.0,1.0,1.0,0.4553090351096288,False
CMR,25,Accountability,0.319624714717403,7,0,1.0,0.2373851768465152,0.12787958251484258,0.10950559433167262,0.0,none,0.319624714717403,1.0,1.0,1.0,0.319624714717403,False
COD,25,Accountability,0.3408470078405993,7,0,1.0,0.2373851768465152,0.12787958251484258,0.10950559433167262,0.0,none,0.3408470078405993,1.0,1.0,1.0,0.3408470078405993,False
COG,25,Accountability,0.305887389101368,6,1,0.8571428571428571,0.2373851768465152,0.12787958251484258,0.10950559433167262,0.0,none,0.305887389101368,1.0,1.0,1.0,0.305887389101368,False
COL,25,Accountability,0.5548555600039735,7,0,1.0,0.2373851768465152,0.12787958251484258,0.10950559433167262,0.0,none,0.5548555600039735,1.0,1.0,1.0,0.5548555600039735,False
COM,25,Accountability,0.290117748654993,6,0,1.0,0.2373851768465152,0.12787958251484258,0.10950559433167262,0.0,none,0.290117748654993,1.0,1.0,1.0,0.290117748654993,False
CPV,25,Accountability,0.511875294543416,5,1,0.8333333333333334,0.2373851768465152,0.12787958251484258,0.10950559433167262,0.0,none,0.511875294543416,1.0,1.0,1.0,0.511875294543416,False
CRI,25,Accountability,0.6248276849594445,7,0,1.0,0.2373851768465152,0.12787958251484258,0.10950559433167262,0.0,none,0.6248276849594445,1.0,1.0,1.0,0.6248276849594445,False
CUB,25,Accountability,0.344568627469147,4,2,0.6666666666666666,0.2373851768465152,0.12787958251484258,0.10950559433167262,0.0,none,0.344568627469147,1.0,1.0,1.0,0.344568627469147,False
CYP,25,Accountability,0.5936657621375663,6,1,0.8571428571428571,0.2373851768465152,0.12787958251484258,0.10950559433167262,0.0,none,0.5936657621375663,1.0,1.0,1.0,0.5936657621375663,False
CZE,25,Accountability,0.6255844238595472,7,0,1.0,0.2373851768465152,0.12787958251484258,0.10950559433167262,0.0,none,0.6255844238595472,1.0,1.0,1.0,0.6255844238595472,False
DEU,25,Accountability,0.7066469576789862,7,0,1.0,0.2373851768465152,0.12787958251484258,0.10950559433167262,0.0,none,0.7066469576789862,1.0,1.0,1.0,0.7066469576789862,False
DJI,25,Accountability,0.3395465914048298,5,1,0.8333333333333334,0.2373851768465152,0.12787958251484258,0.10950559433167262,0.0,none,0.3395465914048298,1.0,1.0,1.0,0.3395465914048298,False
DMA,25,Accountability,0.3367695341701863,4,1,0.8,0.2373851768465152,0.12787958251484258,0.10950559433167262,0.0,none,0.3367695341701863,1.0,1.0,1.0,0.3367695341701863,False
DNK,25,Accountability,0.7045341215484403,6,1,0.8571428571428571,0.2373851768465152,0.12787958251484258,0.10950559433167262,0.0,none,0.7045341215484403,1.0,1.0,1.0,0.7045341215484403,False
DOM,25,Accountability,0.5627155500796659,7,0,1.0,0.2373851768465152,0.12787958251484258,0.10950559433167262,0.0,none,0.5627155500796659,1.0,1.0,1.0,0.5627155500796659,False
DZA,25,Accountability,0.3834969251072212,7,0,1.0,0.2373851768465152,0.12787958251484258,0.10950559433167262,0.0,none,0.3834969251072212,1.0,1.0,1.0,0.3834969251072212,False
ECU,25,Accountability,0.4560598354835609,7,0,1.0,0.2373851768465152,0.12787958251484258,0.10950559433167262,0.0,none,0.4560598354835609,1.0,1.0,1.0,0.4560598354835609,False
EGY,25,Accountability,0.3278801582665846,7,0,1.0,0.2373851768465152,0.12787958251484258,0.10950559433167262,0.0,none,0.3278801582665846,1.0,1.0,1.0,0.3278801582665846,False
ESP,25,Accountability,0.59626357643303,7,0,1.0,0.2373851768465152,0.12787958251484258,0.10950559433167262,0.0,none,0.59626357643303,1.0,1.0,1.0,0.59626357643303,False
EST,25,Accountability,0.6983610648358384,6,1,0.8571428571428571,0.2373851768465152,0.12787958251484258,0.10950559433167262,0.0,none,0.6983610648358384,1.0,1.0,1.0,0.6983610648358384,False
ETH,25,Accountability,0.4266513959759417,7,0,1.0,0.2373851768465152,0.12787958251484258,0.10950559433167262,0.0,none,0.4266513959759417,1.0,1.0,1.0,0.4266513959759417,False
FIN,25,Accountability,0.7295225642298807,6,1,0.8571428571428571,0.2373851768465152,0.12787958251484258,0.10950559433167262,0.0,none,0.7295225642298807,1.0,1.0,1.0,0.7295225642298807,False
FJI,25,Accountability,0.5258103104953591,6,0,1.0,0.2373851768465152,0.12787958251484258,0.10950559433167262,0.0,none,0.5258103104953591,1.0,1.0,1.0,0.5258103104953591,False
FRA,25,Accountability,0.6673753596361055,7,0,1.0,0.2373851768465152,0.12787958251484258,0.10950559433167262,0.0,none,0.6673753596361055,1.0,1.0,1.0,0.6673753596361055,False
FSM,25,Accountability,0.2383814230029293,3,1,0.75,0.2373851768465152,0.12787958251484258,0.10950559433167262,0.0,none,0.2383814230029293,1.0,1.0,1.0,0.2383814230029293,True
GAB,25,Accountability,0.4201387556640483,6,1,0.8571428571428571,0.2373851768465152,0.12787958251484258,0.10950559433167262,0.0,none,0.4201387556640483,1.0,1.0,1.0,0.4201387556640483,False
GBR,25,Accountability,0.6349483581175565,7,0,1.0,0.2373851768465152,0.12787958251484258,0.10950559433167262,0.0,none,0.6349483581175565,1.0,1.0,1.0,0.6349483581175565,False
GEO,25,Accountability,0.5581808834649672,7,0,1.0,0.2373851768465152,0.12787958251484258,0.10950559433167262,0.0,none,0.5581808834649672,1.0,1.0,1.0,0.5581808834649672,False
GHA,25,Accountability,0.5981616381342142,7,0,1.0,0.2373851768465152,0.12787958251484258,0.10950559433167262,0.0,none,0.5981616381342142,1.0,1.0,1.0,0.5981616381342142,False
GIN,25,Accountability,0.3642816365661212,7,0,1.0,0.2373851768465152,0.12787958251484258,0.10950559433167262,0.0,none,0.3642816365661212,1.0,1.0,1.0,0.3642816365661212,False
GMB,25,Accountability,0.501132052203477,7,0,1.0,0.2373851768465152,0.12787958251484258,0.10950559433167262,0.0,none,0.501132052203477,1.0,1.0,1.0,0.501132052203477,False
GNB,25,Accountability,0.3799378920566603,6,0,1.0,0.2373851768465152,0.12787958251484258,0.10950559433167262,0.0,none,0.3799378920566603,1.0,1.0,1.0,0.3799378920566603,False
GNQ,25,Accountability,0.2373851768465152,5,1,0.8333333333333334,0.2373851768465152,0.12787958251484258,0.10950559433167262,0.0,none,0.2373851768465152,1.0,1.0,1.0,0.2373851768465152,False
GRC,25,Accountability,0.5593119411943075,6,1,0.8571428571428571,0.2373851768465152,0.12787958251484258,0.10950559433167262,0.0,none,0.5593119411943075,1.0,1.0,1.0,0.5593119411943075,False
GRD,25,Accountability,0.3080443992784446,4,1,0.8,0.2373851768465152,0.12787958251484258,0.10950559433167262,0.0,none,0.3080443992784446,1.0,1.0,1.0,0.3080443992784446,False
GTM,25,Accountability,0.572940074574358,7,0,1.0,0.2373851768465152,0.12787958251484258,0.10950559433167262,0.0,none,0.572940074574358,1.0,1.0,1.0,0.572940074574358,False
GUY,25,Accountability,0.4093415311879557,6,1,0.8571428571428571,0.2373851768465152,0.12787958251484258,0.10950559433167262,0.0,none,0.4093415311879557,1.0,1.0,1.0,0.4093415311879557,False
HKG,25,Accountability,0.4393537021273175,4,3,0.5714285714285714,0.2373851768465152,0.12787958251484258,0.10950559433167262,0.0,none,0.4393537021273175,1.0,1.0,1.0,0.4393537021273175,False
HND,25,Accountability,0.5178029585652386,7,0,1.0,0.2373851768465152,0.12787958251484258,0.10950559433167262,0.0,none,0.5178029585652386,1.0,1.0,1.0,0.5178029585652386,False
HRV,25,Accountability,0.60859915080035,7,0,1.0,0.2373851768465152,0.12787958251484258,0.10950559433167262,0.0,none,0.60859915080035,1.0,1.0,1.0,0.60859915080035,False
HTI,25,Accountability,0.3670765042467581,6,1,0.8571428571428571,0.2373851768465152,0.12787958251484258,0.10950559433167262,0.0,none,0.3670765042467581,1.0,1.0,1.0,0.3670765042467581,False
HUN,25,Accountability,0.4234535215069778,7,0,1.0,0.2373851768465152,0.12787958251484258,0.10950559433167262,0.0,none,0.4234535215069778,1.0,1.0,1.0,0.4234535215069778,False
IDN,25,Accountability,0.5491485440746375,7,0,1.0,0.2373851768465152,0.12787958251484258,0.10950559433167262,0.0,none,0.5491485440746375,1.0,1.0,1.0,0.5491485440746375,False
IND,25,Accountability,0.5708745664245483,7,0,1.0,0.2373851768465152,0.12787958251484258,0.10950559433167262,0.0,none,0.5708745664245483,1.0,1.0,1.0,0.5708745664245483,False
IRL,25,Accountability,0.7231808385763921,6,1,0.8571428571428571,0.2373851768465152,0.12787958251484258,0.10950559433167262,0.0,none,0.7231808385763921,1.0,1.0,1.0,0.7231808385763921,False
IRN,25,Accountability,0.372549707811556,6,1,0.8571428571428571,0.2373851768465152,0.12787958251484258,0.10950559433167262,0.0,none,0.372549707811556,1.0,1.0,1.0,0.372549707811556,False
IRQ,25,Accountability,0.3863795726768199,6,0,1.0,0.2373851768465152,0.12787958251484258,0.10950559433167262,0.0,none,0.3863795726768199,1.0,1.0,1.0,0.3863795726768199,False
ISL,25,Accountability,0.6281715796151551,5,1,0.8333333333333334,0.2373851768465152,0.12787958251484258,0.10950559433167262,0.0,none,0.6281715796151551,1.0,1.0,1.0,0.6281715796151551,False
ISR,25,Accountability,0.5776984168778073,5,1,0.8333333333333334,0.2373851768465152,0.12787958251484258,0.10950559433167262,0.0,none,0.5776984168778073,1.0,1.0,1.0,0.5776984168778073,False
ITA,25,Accountability,0.6277104433518188,7,0,1.0,0.2373851768465152,0.12787958251484258,0.10950559433167262,0.0,none,0.6277104433518188,1.0,1.0,1.0,0.6277104433518188,False
JAM,25,Accountability,0.5659573078832947,7,0,1.0,0.2373851768465152,0.12787958251484258,0.10950559433167262,0.0,none,0.5659573078832947,1.0,1.0,1.0,0.5659573078832947,False
JOR,25,Accountability,0.5108044264268806,7,0,1.0,0.2373851768465152,0.12787958251484258,0.10950559433167262,0.0,none,0.5108044264268806,1.0,1.0,1.0,0.5108044264268806,False
JPN,25,Accountability,0.6515448471595626,7,0,1.0,0.2373851768465152,0.12787958251484258,0.10950559433167262,0.0,none,0.6515448471595626,1.0,1.0,1.0,0.6515448471595626,False
KAZ,25,Accountability,0.4657932579705784,7,0,1.0,0.2373851768465152,0.12787958251484258,0.10950559433167262,0.0,none,0.4657932579705784,1.0,1.0,1.0,0.4657932579705784,False
KEN,25,Accountability,0.5667891968902145,7,0,1.0,0.2373851768465152,0.12787958251484258,0.10950559433167262,0.0,none,0.5667891968902145,1.0,1.0,1.0,0.5667891968902145,False
KGZ,25,Accountability,0.4978540418054682,7,0,1.0,0.2373851768465152,0.12787958251484258,0.10950559433167262,0.0,none,0.4978540418054682,1.0,1.0,1.0,0.4978540418054682,False
KHM,25,Accountability,0.2823854943026282,7,0,1.0,0.2373851768465152,0.12787958251484258,0.10950559433167262,0.0,none,0.2823854943026282,1.0,1.0,1.0,0.2823854943026282,False
KIR,25,Accountability,0.2441812943225216,3,1,0.75,0.2373851768465152,0.12787958251484258,0.10950559433167262,0.0,none,0.2441812943225216,1.0,1.0,1.0,0.2441812943225216,True
KNA,25,Accountability,0.4884885556198149,4,1,0.8,0.2373851768465152,0.12787958251484258,0.10950559433167262,0.0,none,0.4884885556198149,1.0,1.0,1.0,0.4884885556198149,False
KOR,25,Accountability,0.6738564420049861,7,0,1.0,0.2373851768465152,0.12787958251484258,0.10950559433167262,0.0,none,0.6738564420049861,1.0,1.0,1.0,0.6738564420049861,False
KWT,25,Accountability,0.4470381461433923,5,2,0.7142857142857143,0.2373851768465152,0.12787958251484258,0.10950559433167262,0.0,none,0.4470381461433923,1.0,1.0,1.0,0.4470381461433923,False
LAO,25,Accountability,0.3689750331950361,4,2,0.6666666666666666,0.2373851768465152,0.12787958251484258,0.10950559433167262,0.0,none,0.3689750331950361,1.0,1.0,1.0,0.3689750331950361,False
LBN,25,Accountability,0.4787674338984015,7,0,1.0,0.2373851768465152,0.12787958251484258,0.10950559433167262,0.0,none,0.4787674338984015,1.0,1.0,1.0,0.4787674338984015,False
LBR,25,Accountability,0.544648288718603,7,0,1.0,0.2373851768465152,0.12787958251484258,0.10950559433167262,0.0,none,0.544648288718603,1.0,1.0,1.0,0.544648288718603,False
LBY,25,Accountability,0.4336464715560533,5,1,0.8333333333333334,0.2373851768465152,0.12787958251484258,0.10950559433167262,0.0,none,0.4336464715560533,1.0,1.0,1.0,0.4336464715560533,False
LCA,25,Accountability,0.3240293274435739,4,1,0.8,0.2373851768465152,0.12787958251484258,0.10950559433167262,0.0,none,0.3240293274435739,1.0,1.0,1.0,0.3240293274435739,False
LIE,25,Accountability,0.3488195808431305,3,1,0.75,0.2373851768465152,0.12787958251484258,0.10950559433167262,0.0,none,0.3488195808431305,1.0,1.0,1.0,0.3488195808431305,True
LKA,25,Accountability,0.5698861462803608,7,0,1.0,0.2373851768465152,0.12787958251484258,0.10950559433167262,0.0,none,0.5698861462803608,1.0,1.0,1.0,0.5698861462803608,False
LSO,25,Accountability,0.4534117116851457,6,0,1.0,0.2373851768465152,0.12787958251484258,0.10950559433167262,0.0,none,0.4534117116851457,1.0,1.0,1.0,0.4534117116851457,False
LTU,25,Accountability,0.6395148454197974,6,1,0.8571428571428571,0.2373851768465152,0.12787958251484258,0.10950559433167262,0.0,none,0.6395148454197974,1.0,1.0,1.0,0.6395148454197974,False
LUX,25,Accountability,0.7223271445146653,6,1,0.8571428571428571,0.2373851768465152,0.12787958251484258,0.10950559433167262,0.0,none,0.7223271445146653,1.0,1.0,1.0,0.7223271445146653,False
LVA,25,Accountability,0.6444055179949012,6,1,0.8571428571428571,0.2373851768465152,0.12787958251484258,0.10950559433167262,0.0,none,0.6444055179949012,1.0,1.0,1.0,0.6444055179949012,False
MAR,25,Accountability,0.466338595692045,7,0,1.0,0.2373851768465152,0.12787958251484258,0.10950559433167262,0.0,none,0.466338595692045,1.0,1.0,1.0,0.466338595692045,False
MCO,25,Accountability,0.3777040639188711,3,1,0.75,0.2373851768465152,0.12787958251484258,0.10950559433167262,0.0,none,0.3777040639188711,1.0,1.0,1.0,0.3777040639188711,True
MDA,25,Accountability,0.5939638348377908,7,0,1.0,0.2373851768465152,0.12787958251484258,0.10950559433167262,0.0,none,0.5939638348377908,1.0,1.0,1.0,0.5939638348377908,False
MDG,25,Accountability,0.3447838125828322,7,0,1.0,0.2373851768465152,0.12787958251484258,0.10950559433167262,0.0,none,0.3447838125828322,1.0,1.0,1.0,0.3447838125828322,False
MDV,25,Accountability,0.5564830817121117,5,1,0.8333333333333334,0.2373851768465152,0.12787958251484258,0.10950559433167262,0.0,none,0.5564830817121117,1.0,1.0,1.0,0.5564830817121117,False
MEX,25,Accountability,0.546053972570321,7,0,1.0,0.2373851768465152,0.12787958251484258,0.10950559433167262,0.0,none,0.546053972570321,1.0,1.0,1.0,0.546053972570321,False
MHL,25,Accountability,0.2682870094945773,3,1,0.75,0.2373851768465152,0.12787958251484258,0.10950559433167262,0.0,none,0.2682870094945773,1.0,1.0,1.0,0.2682870094945773,True
MKD,25,Accountability,0.5336624304508443,7,0,1.0,0.2373851768465152,0.12787958251484258,0.10950559433167262,0.0,none,0.5336624304508443,1.0,1.0,1.0,0.5336624304508443,False
MLI,25,Accountability,0.3672216076036239,7,0,1.0,0.2373851768465152,0.12787958251484258,0.10950559433167262,0.0,none,0.3672216076036239,1.0,1.0,1.0,0.3672216076036239,False
MLT,25,Accountability,0.5799891428185938,6,1,0.8571428571428571,0.2373851768465152,0.12787958251484258,0.10950559433167262,0.0,none,0.5799891428185938,1.0,1.0,1.0,0.5799891428185938,False
MMR,25,Accountability,0.2443890686516697,7,0,1.0,0.2373851768465152,0.12787958251484258,0.10950559433167262,0.0,none,0.2443890686516697,1.0,1.0,1.0,0.2443890686516697,False
MNE,25,Accountability,0.5756113154974674,7,0,1.0,0.2373851768465152,0.12787958251484258,0.10950559433167262,0.0,none,0.5756113154974674,1.0,1.0,1.0,0.5756113154974674,False
MNG,25,Accountability,0.5366825259232508,7,0,1.0,0.2373851768465152,0.12787958251484258,0.10950559433167262,0.0,none,0.5366825259232508,1.0,1.0,1.0,0.5366825259232508,False
MOZ,25,Accountability,0.3879320520877011,7,0,1.0,0.2373851768465152,0.12787958251484258,0.10950559433167262,0.0,none,0.3879320520877011,1.0,1.0,1.0,0.3879320520877011,False
MRT,25,Accountability,0.3246887363840952,6,1,0.8571428571428571,0.2373851768465152,0.12787958251484258,0.10950559433167262,0.0,none,0.3246887363840952,1.0,1.0,1.0,0.3246887363840952,False
MUS,25,Accountability,0.4795175438911577,6,1,0.8571428571428571,0.2373851768465152,0.12787958251484258,0.10950559433167262,0.0,none,0.4795175438911577,1.0,1.0,1.0,0.4795175438911577,False
MWI,25,Accountability,0.5329386560195838,7,0,1.0,0.2373851768465152,0.12787958251484258,0.10950559433167262,0.0,none,0.5329386560195838,1.0,1.0,1.0,0.5329386560195838,False
MYS,25,Accountability,0.4084412515063937,7,0,1.0,0.2373851768465152,0.12787958251484258,0.10950559433167262,0.0,none,0.4084412515063937,1.0,1.0,1.0,0.4084412515063937,False
NAM,25,Accountability,0.5868447309048649,7,0,1.0,0.2373851768465152,0.12787958251484258,0.10950559433167262,0.0,none,0.5868447309048649,1.0,1.0,1.0,0.5868447309048649,False
NER,25,Accountability,0.4498132001497888,7,0,1.0,0.2373851768465152,0.12787958251484258,0.10950559433167262,0.0,none,0.4498132001497888,1.0,1.0,1.0,0.4498132001497888,False
NGA,25,Accountability,0.4668541238069287,7,0,1.0,0.2373851768465152,0.12787958251484258,0.10950559433167262,0.0,none,0.4668541238069287,1.0,1.0,1.0,0.4668541238069287,False
NIC,25,Accountability,0.2943082289210296,7,0,1.0,0.2373851768465152,0.12787958251484258,0.10950559433167262,0.0,none,0.2943082289210296,1.0,1.0,1.0,0.2943082289210296,False
NLD,25,Accountability,0.6436099627739996,6,1,0.8571428571428571,0.2373851768465152,0.12787958251484258,0.10950559433167262,0.0,none,0.6436099627739996,1.0,1.0,1.0,0.6436099627739996,False
NOR,25,Accountability,0.7396994686866503,7,0,1.0,0.2373851768465152,0.12787958251484258,0.10950559433167262,0.0,none,0.7396994686866503,1.0,1.0,1.0,0.7396994686866503,False
NPL,25,Accountability,0.5370060126856492,7,0,1.0,0.2373851768465152,0.12787958251484258,0.10950559433167262,0.0,none,0.5370060126856492,1.0,1.0,1.0,0.5370060126856492,False
NRU,25,Accountability,0.2424594575245177,3,1,0.75,0.2373851768465152,0.12787958251484258,0.10950559433167262,0.0,none,0.2424594575245177,1.0,1.0,1.0,0.2424594575245177,True
NZL,25,Accountability,0.6510526297387198,7,0,1.0,0.2373851768465152,0.12787958251484258,0.10950559433167262,0.0,none,0.6510526297387198,1.0,1.0,1.0,0.6510526297387198,False
OMN,25,Accountability,0.3073893939714952,4,2,0.6666666666666666,0.2373851768465152,0.12787958251484258,0.10950559433167262,0.0,none,0.3073893939714952,1.0,1.0,1.0,0.3073893939714952,False
PAK,25,Accountability,0.4390232057044843,7,0,1.0,0.2373851768465152,0.12787958251484258,0.10950559433167262,0.0,none,0.4390232057044843,1.0,1.0,1.0,0.4390232057044843,False
PAN,25,Accountability,0.563624218316415,6,1,0.8571428571428571,0.2373851768465152,0.12787958251484258,0.10950559433167262,0.0,none,0.563624218316415,1.0,1.0,1.0,0.563624218316415,False
PER,25,Accountability,0.5217276435323157,7,0,1.0,0.2373851768465152,0.12787958251484258,0.10950559433167262,0.0,none,0.5217276435323157,1.0,1.0,1.0,0.5217276435323157,False
PHL,25,Accountability,0.4458611262632125,7,0,1.0,0.2373851768465152,0.12787958251484258,0.10950559433167262,0.0,none,0.4458611262632125,1.0,1.0,1.0,0.4458611262632125,False
PLW,25,Accountability,0.381346701618613,3,1,0.75,0.2373851768465152,0.12787958251484258,0.10950559433167262,0.0,none,0.381346701618613,1.0,1.0,1.0,0.381346701618613,True
PNG,25,Accountability,0.4254412804481652,6,0,1.0,0.2373851768465152,0.12787958251484258,0.10950559433167262,0.0,none,0.4254412804481652,1.0,1.0,1.0,0.4254412804481652,False
POL,25,Accountability,0.591670509771162,7,0,1.0,0.2373851768465152,0.12787958251484258,0.10950559433167262,0.0,none,0.591670509771162,1.0,1.0,1.0,0.591670509771162,False
PRT,25,Accountability,0.5909068437802945,7,0,1.0,0.2373851768465152,0.12787958251484258,0.10950559433167262,0.0,none,0.5909068437802945,1.0,1.0,1.0,0.5909068437802945,False
PRY,25,Accountability,0.506037694761633,7,0,1.0,0.2373851768465152,0.12787958251484258,0.10950559433167262,0.0,none,0.506037694761633,1.0,1.0,1.0,0.506037694761633,False
PSE,25,Accountability,0.2566777138424256,3,3,0.5,0.2373851768465152,0.12787958251484258,0.10950559433167262,0.0,none,0.2566777138424256,1.0,1.0,1.0,0.2566777138424256,True
QAT,25,Accountability,0.3604747527939219,6,1,0.8571428571428571,0.2373851768465152,0.12787958251484258,0.10950559433167262,0.0,none,0.3604747527939219,1.0,1.0,1.0,0.3604747527939219,False
ROU,25,Accountability,0.5087085157924877,7,0,1.0,0.2373851768465152,0.12787958251484258,0.10950559433167262,0.0,none,0.5087085157924877,1.0,1.0,1.0,0.5087085157924877,False
RUS,25,Accountability,0.4548617537705365,7,0,1.0,0.2373851768465152,0.12787958251484258,0.10950559433167262,0.0,none,0.4548617537705365,1.0,1.0,1.0,0.4548617537705365,False
RWA,25,Accountability,0.4738704396228284,7,0,1.0,0.2373851768465152,0.12787958251484258,0.10950559433167262,0.0,none,0.4738704396228284,1.0,1.0,1.0,0.4738704396228284,False
SAU,25,Accountability,0.3825944381114564,5,1,0.8333333333333334,0.2373851768465152,0.12787958251484258,0.10950559433167262,0.0,none,0.3825944381114564,1.0,1.0,1.0,0.3825944381114564,False
SDN,25,Accountability,0.3182247848911698,7,0,1.0,0.2373851768465152,0.12787958251484258,0.10950559433167262,0.0,none,0.3182247848911698,1.0,1.0,1.0,0.3182247848911698,False
SEN,25,Accountability,0.527951244143996,7,0,1.0,0.2373851768465152,0.12787958251484258,0.10950559433167262,0.0,none,0.527951244143996,1.0,1.0,1.0,0.527951244143996,False
SGP,25,Accountability,0.5106177574407003,6,1,0.8571428571428571,0.2373851768465152,0.12787958251484258,0.10950559433167262,0.0,none,0.5106177574407003,1.0,1.0,1.0,0.5106177574407003,False
SLB,25,Accountability,0.404751526806502,5,1,0.8333333333333334,0.2373851768465152,0.12787958251484258,0.10950559433167262,0.0,none,0.404751526806502,1.0,1.0,1.0,0.404751526806502,False
SLE,25,Accountability,0.5575243414729937,7,0,1.0,0.2373851768465152,0.12787958251484258,0.10950559433167262,0.0,none,0.5575243414729937,1.0,1.0,1.0,0.5575243414729937,False
SLV,25,Accountability,0.3925776948034531,7,0,1.0,0.2373851768465152,0.12787958251484258,0.10950559433167262,0.0,none,0.3925776948034531,1.0,1.0,1.0,0.3925776948034531,False
SMR,25,Accountability,0.4402261381172576,3,1,0.75,0.2373851768465152,0.12787958251484258,0.10950559433167262,0.0,none,0.4402261381172576,1.0,1.0,1.0,0.4402261381172576,True
SOM,25,Accountability,0.3988523494906991,5,1,0.8333333333333334,0.2373851768465152,0.12787958251484258,0.10950559433167262,0.0,none,0.3988523494906991,1.0,1.0,1.0,0.3988523494906991,False
SRB,25,Accountability,0.5671209148396723,7,0,1.0,0.2373851768465152,0.12787958251484258,0.10950559433167262,0.0,none,0.5671209148396723,1.0,1.0,1.0,0.5671209148396723,False
SSD,25,Accountability,0.386450542665229,5,1,0.8333333333333334,0.2373851768465152,0.12787958251484258,0.10950559433167262,0.0,none,0.386450542665229,1.0,1.0,1.0,0.386450542665229,False
STP,25,Accountability,0.4374314685621511,5,1,0.8333333333333334,0.2373851768465152,0.12787958251484258,0.10950559433167262,0.0,none,0.4374314685621511,1.0,1.0,1.0,0.4374314685621511,False
SUR,25,Accountability,0.4020946895897795,6,1,0.8571428571428571,0.2373851768465152,0.12787958251484258,0.10950559433167262,0.0,none,0.4020946895897795,1.0,1.0,1.0,0.4020946895897795,False
SVK,25,Accountability,0.5117562299179054,7,0,1.0,0.2373851768465152,0.12787958251484258,0.10950559433167262,0.0,none,0.5117562299179054,1.0,1.0,1.0,0.5117562299179054,False
SVN,25,Accountability,0.6540487151842063,7,0,1.0,0.2373851768465152,0.12787958251484258,0.10950559433167262,0.0,none,0.6540487151842063,1.0,1.0,1.0,0.6540487151842063,False
SWE,25,Accountability,0.7082271824808462,7,0,1.0,0.2373851768465152,0.12787958251484258,0.10950559433167262,0.0,none,0.7082271824808462,1.0,1.0,1.0,0.7082271824808462,False
SWZ,25,Accountability,0.2654101684263294,5,1,0.8333333333333334,0.2373851768465152,0.12787958251484258,0.10950559433167262,0.0,none,0.2654101684263294,1.0,1.0,1.0,0.2654101684263294,False
SYC,25,Accountability,0.6770600266483505,5,1,0.8333333333333334,0.2373851768465152,0.12787958251484258,0.10950559433167262,0.0,none,0.6770600266483505,1.0,1.0,1.0,0.6770600266483505,False
SYR,25,Accountability,0.3539760166645437,5,1,0.8333333333333334,0.2373851768465152,0.12787958251484258,0.10950559433167262,0.0,none,0.3539760166645437,1.0,1.0,1.0,0.3539760166645437,False
TCD,25,Accountability,0.2891529801257259,6,0,1.0,0.2373851768465152,0.12787958251484258,0.10950559433167262,0.0,none,0.2891529801257259,1.0,1.0,1.0,0.2891529801257259,False
TGO,25,Accountability,0.4021062016744694,7,0,1.0,0.2373851768465152,0.12787958251484258,0.10950559433167262,0.0,none,0.4021062016744694,1.0,1.0,1.0,0.4021062016744694,False
THA,25,Accountability,0.4312074698177062,7,0,1.0,0.2373851768465152,0.12787958251484258,0.10950559433167262,0.0,none,0.4312074698177062,1.0,1.0,1.0,0.4312074698177062,False
TJK,25,Accountability,0.3285850851333445,6,0,1.0,0.2373851768465152,0.12787958251484258,0.10950559433167262,0.0,none,0.3285850851333445,1.0,1.0,1.0,0.3285850851333445,False
TLS,25,Accountability,0.4977558670211758,6,0,1.0,0.2373851768465152,0.12787958251484258,0.10950559433167262,0.0,none,0.4977558670211758,1.0,1.0,1.0,0.4977558670211758,False
TON,25,Accountability,0.2476249679185296,3,1,0.75,0.2373851768465152,0.12787958251484258,0.10950559433167262,0.0,none,0.2476249679185296,1.0,1.0,1.0,0.2476249679185296,True
TTO,25,Accountability,0.5330655854272613,7,0,1.0,0.2373851768465152,0.12787958251484258,0.10950559433167262,0.0,none,0.5330655854272613,1.0,1.0,1.0,0.5330655854272613,False
TUN,25,Accountability,0.4923870644321801,7,0,1.0,0.2373851768465152,0.12787958251484258,0.10950559433167262,0.0,none,0.4923870644321801,1.0,1.0,1.0,0.4923870644321801,False
TUR,25,Accountability,0.3733630362079991,7,0,1.0,0.2373851768465152,0.12787958251484258,0.10950559433167262,0.0,none,0.3733630362079991,1.0,1.0,1.0,0.3733630362079991,False
TUV,25,Accountability,0.2643135399607219,3,1,0.75,0.2373851768465152,0.12787958251484258,0.10950559433167262,0.0,none,0.2643135399607219,1.0,1.0,1.0,0.2643135399607219,True
TZA,25,Accountability,0.4440530702894111,7,0,1.0,0.2373851768465152,0.12787958251484258,0.10950559433167262,0.0,none,0.4440530702894111,1.0,1.0,1.0,0.4440530702894111,False
UGA,25,Accountability,0.4922440696047496,7,0,1.0,0.2373851768465152,0.12787958251484258,0.10950559433167262,0.0,none,0.4922440696047496,1.0,1.0,1.0,0.4922440696047496,False
UKR,25,Accountability,0.5034972463005569,7,0,1.0,0.2373851768465152,0.12787958251484258,0.10950559433167262,0.0,none,0.5034972463005569,1.0,1.0,1.0,0.5034972463005569,False
URY,25,Accountability,0.659281727536724,6,1,0.8571428571428571,0.2373851768465152,0.12787958251484258,0.10950559433167262,0.0,none,0.659281727536724,1.0,1.0,1.0,0.659281727536724,False
USA,25,Accountability,0.6028845783161548,7,0,1.0,0.2373851768465152,0.12787958251484258,0.10950559433167262,0.0,none,0.6028845783161548,1.0,1.0,1.0,0.6028845783161548,False
UZB,25,Accountability,0.3935369716444817,6,1,0.8571428571428571,0.2373851768465152,0.12787958251484258,0.10950559433167262,0.0,none,0.3935369716444817,1.0,1.0,1.0,0.3935369716444817,False
VCT,25,Accountability,0.318736712218931,4,1,0.8,0.2373851768465152,0.12787958251484258,0.10950559433167262,0.0,none,0.318736712218931,1.0,1.0,1.0,0.318736712218931,False
VEN,25,Accountability,0.251504892351045,7,0,1.0,0.2373851768465152,0.12787958251484258,0.10950559433167262,0.0,none,0.251504892351045,1.0,1.0,1.0,0.251504892351045,False
VNM,25,Accountability,0.4561431555602605,6,1,0.8571428571428571,0.2373851768465152,0.12787958251484258,0.10950559433167262,0.0,none,0.4561431555602605,1.0,1.0,1.0,0.4561431555602605,False
VUT,25,Accountability,0.4723857154689937,5,1,0.8333333333333334,0.2373851768465152,0.12787958251484258,0.10950559433167262,0.0,none,0.4723857154689937,1.0,1.0,1.0,0.4723857154689937,False
WSM,25,Accountability,0.2424594575245177,3,1,0.75,0.2373851768465152,0.12787958251484258,0.10950559433167262,0.0,none,0.2424594575245177,1.0,1.0,1.0,0.2424594575245177,True
XKX,25,Accountability,0.5220777276761941,5,2,0.7142857142857143,0.2373851768465152,0.12787958251484258,0.10950559433167262,0.0,none,0.5220777276761941,1.0,1.0,1.0,0.5220777276761941,False
YEM,25,Accountability,0.36919547170181,6,0,1.0,0.2373851768465152,0.12787958251484258,0.10950559433167262,0.0,none,0.36919547170181,1.0,1.0,1.0,0.36919547170181,False
ZAF,25,Accountability,0.6433474643433877,7,0,1.0,0.2373851768465152,0.12787958251484258,0.10950559433167262,0.0,none,0.6433474643433877,1.0,1.0,1.0,0.6433474643433877,False
ZMB,25,Accountability,0.4826328664835086,7,0,1.0,0.2373851768465152,0.12787958251484258,0.10950559433167262,0.0,none,0.4826328664835086,1.0,1.0,1.0,0.4826328664835086,False
ZWE,25,Accountability,0.4127631911205648,7,0,1.0,0.2373851768465152,0.12787958251484258,0.10950559433167262,0.0,none,0.4127631911205648,1.0,1.0,1.0,0.4127631911205648,False
