country_name,year,fh_a1,fh_a2,fh_a3,fh_a_electoral_process,fh_d1,fh_d2,fh_d3,fh_d4,fh_d_expression_belief,fh_e1,fh_e2,fh_e3,fh_e_associational_rights,fh_g1,fh_g2,fh_g3,fh_g4,fh_g_personal_autonomy
Afghanistan,2013,1,1,1,3,2,1,1,2,6,2,2,1,5,0,1,1,1,3
Afghanistan,2014,1,1,1,3,2,1,1,2,6,2,1,1,4,0,1,1,1,3
Afghanistan,2015,1,1,1,3,1,1,1,2,5,2,1,1,4,0,1,0,1,2
Afghanistan,2016,1,0,1,2,2,1,1,2,6,2,1,1,4,0,1,0,1,2
Afghanistan,2017,1,0,1,2,2,1,1,2,6,2,1,1,4,0,1,0,1,2
Afghanistan,2018,1,0,1,2,2,1,1,2,6,2,1,1,4,0,1,0,1,2
Afghanistan,2019,1,1,1,3,2,1,1,2,6,2,1,1,4,0,1,0,1,2
Afghanistan,2020,1,1,1,3,2,1,1,2,6,2,1,1,4,0,1,0,1,2
Afghanistan,2021,1,1,1,3,2,1,1,2,6,2,1,1,4,0,1,0,1,2
Afghanistan,2022,0,0,0,0,1,1,1,1,4,1,1,1,3,0,1,0,1,2
Afghanistan,2023,0,0,0,0,1,1,0,0,2,1,1,1,3,0,1,0,1,2
Afghanistan,2024,0,0,0,0,0,0,0,0,0,1,1,1,3,0,1,0,1,2
Afghanistan,2025,0,0,0,0,0,0,0,0,0,1,1,1,3,0,1,0,1,2
Albania,2013,3,3,2,8,2,4,3,4,13,3,3,2,8,3,2,2,2,9
Albania,2014,3,3,2,8,2,4,3,4,13,4,3,2,9,3,2,2,2,9
Albania,2015,3,3,2,8,2,4,3,4,13,4,3,2,9,3,2,2,2,9
Albania,2016,3,3,2,8,2,4,3,4,13,4,3,2,9,3,2,2,2,9
Albania,2017,3,3,2,8,2,4,3,4,13,4,3,2,9,3,2,2,2,9
Albania,2018,3,3,2,8,2,4,3,4,13,4,3,2,9,3,2,2,2,9
Albania,2019,3,3,2,8,2,4,3,4,13,4,3,2,9,3,2,2,2,9
Albania,2020,3,3,2,8,2,4,3,4,13,4,3,2,9,3,2,2,2,9
Albania,2021,3,3,2,8,2,4,3,4,13,3,3,2,8,3,2,2,2,9
Albania,2022,3,3,3,9,2,4,3,4,13,3,3,2,8,3,2,2,2,9
Albania,2023,3,3,3,9,2,4,3,4,13,3,3,2,8,3,2,2,2,9
Albania,2024,3,3,3,9,2,4,3,4,13,3,3,2,8,3,2,2,2,9
Albania,2025,3,3,3,9,2,4,3,4,13,3,3,2,8,3,2,2,2,9
Algeria,2013,1,2,1,4,1,1,2,3,7,1,2,2,5,2,2,2,1,7
Algeria,2014,1,2,1,4,1,1,2,2,6,1,2,2,5,2,2,2,1,7
Algeria,2015,1,2,1,4,1,1,2,3,7,1,1,2,4,2,2,2,1,7
Algeria,2016,1,2,1,4,1,1,2,3,7,2,1,2,5,2,2,2,1,7
Algeria,2017,1,2,1,4,1,1,2,3,7,2,1,2,5,2,2,2,1,7
Algeria,2018,1,1,1,3,1,1,2,3,7,2,1,2,5,2,2,2,1,7
Algeria,2019,1,1,1,3,1,1,2,3,7,2,1,1,4,2,2,2,1,7
Algeria,2020,1,1,1,3,1,1,2,3,7,2,1,1,4,2,2,2,1,7
Algeria,2021,1,1,1,3,1,1,2,2,6,1,1,1,3,2,2,2,1,7
Algeria,2022,1,1,1,3,1,1,2,2,6,1,1,1,3,2,2,2,1,7
Algeria,2023,1,1,1,3,1,1,2,2,6,1,1,1,3,2,2,2,1,7
Algeria,2024,1,1,1,3,1,1,2,2,6,1,1,1,3,2,2,2,1,7
Algeria,2025,1,1,1,3,1,1,2,1,5,1,1,1,3,2,2,2,1,7
Andorra,2013,4,4,4,12,4,4,4,4,16,4,4,3,11,4,3,4,4,15
Andorra,2014,4,4,4,12,4,4,4,4,16,4,4,3,11,4,3,4,4,15
Andorra,2015,4,4,4,12,4,4,4,4,16,4,4,3,11,4,3,4,4,15
Andorra,2016,4,4,4,12,4,4,4,4,16,4,4,3,11,4,3,4,4,15
Andorra,2017,4,4,4,12,3,4,4,4,15,4,4,3,11,4,3,4,4,15
Andorra,2018,4,4,4,12,3,4,4,4,15,4,4,3,11,4,4,4,4,16
Andorra,2019,4,4,4,12,3,3,4,4,14,4,4,3,11,4,4,3,4,15
Andorra,2020,4,4,4,12,3,3,4,4,14,4,4,3,11,4,4,3,4,15
Andorra,2021,4,4,4,12,3,3,4,4,14,4,4,3,11,4,4,3,4,15
Andorra,2022,4,4,4,12,3,3,4,4,14,4,4,3,11,4,4,3,4,15
Andorra,2023,4,4,4,12,3,3,4,4,14,4,4,3,11,4,4,3,4,15
Andorra,2024,4,4,4,12,3,3,4,4,14,4,4,3,11,4,4,3,4,15
Andorra,2025,4,4,4,12,3,3,4,4,14,4,4,3,11,4,4,3,4,15
Angola,2013,0,2,2,4,1,3,2,2,8,1,2,1,4,1,1,1,0,3
Angola,2014,0,2,2,4,1,2,2,2,7,1,2,1,4,1,1,1,0,3
Angola,2015,0,2,1,3,1,2,2,2,7,1,2,1,4,1,1,1,0,3
Angola,2016,0,2,1,3,1,1,2,1,5,1,1,1,3,1,1,1,0,3
Angola,2017,0,2,1,3,1,1,2,1,5,1,1,1,3,1,1,1,0,3
Angola,2018,0,2,1,3,1,2,2,2,7,1,1,1,3,1,1,1,0,3
Angola,2019,0,2,1,3,1,2,2,2,7,2,2,2,6,1,1,1,0,3
Angola,2020,0,2,1,3,1,2,2,2,7,2,2,2,6,1,1,1,0,3
Angola,2021,0,2,1,3,1,2,2,2,7,2,2,2,6,1,1,1,0,3
Angola,2022,0,2,1,3,1,2,2,2,7,1,2,2,5,1,1,1,0,3
Angola,2023,0,2,1,3,1,2,2,2,7,1,1,1,3,1,1,1,0,3
Angola,2024,0,2,1,3,1,2,2,2,7,1,1,1,3,1,1,1,0,3
Angola,2025,0,2,1,3,1,2,2,2,7,1,1,1,3,1,1,1,0,3
Antigua and Barbuda,2013,4,4,3,11,2,4,4,4,14,3,3,3,9,4,3,3,3,13
Antigua and Barbuda,2014,4,4,3,11,2,4,4,4,14,3,3,3,9,4,3,3,3,13
Antigua and Barbuda,2015,4,4,3,11,2,4,4,4,14,3,3,3,9,4,3,3,3,13
Antigua and Barbuda,2016,4,4,4,12,2,4,4,4,14,3,3,3,9,4,3,3,3,13
Antigua and Barbuda,2017,4,4,4,12,3,4,4,4,15,3,3,3,9,4,3,3,3,13
Antigua and Barbuda,2018,4,4,4,12,3,4,4,4,15,3,3,3,9,4,3,3,3,13
Antigua and Barbuda,2019,4,4,4,12,3,4,4,4,15,3,3,3,9,4,3,3,3,13
Antigua and Barbuda,2020,4,4,4,12,3,4,4,4,15,4,3,3,10,4,3,3,3,13
Antigua and Barbuda,2021,4,4,4,12,3,4,4,4,15,4,3,3,10,4,3,3,3,13
Antigua and Barbuda,2022,4,4,4,12,3,4,4,4,15,4,3,3,10,4,3,3,3,13
Antigua and Barbuda,2023,4,4,4,12,3,4,4,4,15,4,3,3,10,4,3,3,3,13
Antigua and Barbuda,2024,4,4,4,12,3,4,4,4,15,4,3,3,10,4,3,3,3,13
Antigua and Barbuda,2025,4,4,3,11,3,4,4,4,15,4,3,3,10,4,3,3,3,13
Argentina,2013,4,4,3,11,2,4,4,4,14,4,4,3,11,4,2,4,3,13
Argentina,2014,4,4,3,11,2,4,4,4,14,4,4,3,11,3,3,4,3,13
Argentina,2015,4,4,3,11,2,4,4,4,14,4,4,3,11,3,3,4,3,13
Argentina,2016,4,4,3,11,2,4,4,4,14,4,4,3,11,3,3,4,3,13
Argentina,2017,4,4,3,11,2,4,4,4,14,4,4,3,11,4,3,4,3,14
Argentina,2018,4,4,3,11,3,4,4,4,15,4,4,3,11,4,3,4,3,14
Argentina,2019,4,4,3,11,3,4,4,4,15,4,4,3,11,4,3,4,3,14
Argentina,2020,4,4,3,11,3,4,4,4,15,4,4,3,11,4,3,4,3,14
Argentina,2021,4,4,3,11,3,4,4,4,15,4,4,3,11,3,3,4,3,13
Argentina,2022,4,4,3,11,3,4,4,4,15,4,4,3,11,3,3,4,3,13
Argentina,2023,4,4,3,11,3,4,4,4,15,4,4,3,11,4,3,4,3,14
Argentina,2024,4,4,3,11,3,4,4,4,15,4,4,3,11,4,3,4,3,14
Argentina,2025,4,4,3,11,3,4,3,4,14,4,4,3,11,4,3,4,3,14
Armenia,2013,1,2,2,5,1,2,2,3,8,2,2,2,6,3,2,2,2,9
Armenia,2014,1,2,2,5,1,2,2,3,8,2,2,2,6,3,2,2,2,9
Armenia,2015,1,2,2,5,2,2,2,3,9,2,2,2,6,3,2,2,2,9
Armenia,2016,1,2,2,5,2,2,2,3,9,2,2,2,6,3,2,2,2,9
Armenia,2017,1,2,2,5,2,2,2,3,9,2,2,2,6,3,2,2,2,9
Armenia,2018,1,1,2,4,2,2,2,3,9,2,2,2,6,3,2,2,2,9
Armenia,2019,2,2,2,6,2,2,2,3,9,3,2,2,7,3,2,2,2,9
Armenia,2020,2,2,2,6,2,2,2,3,9,3,3,2,8,3,2,2,2,9
Armenia,2021,2,2,2,6,2,2,2,3,9,3,3,2,8,3,3,2,2,10
Armenia,2022,2,2,3,7,2,2,2,3,9,3,3,2,8,2,3,2,2,9
Armenia,2023,2,2,3,7,2,2,2,3,9,3,3,2,8,2,3,2,2,9
Armenia,2024,2,2,3,7,2,2,2,3,9,3,3,2,8,2,3,2,2,9
Armenia,2025,2,2,3,7,2,2,2,3,9,3,3,2,8,2,3,2,2,9
Australia,2013,4,4,4,12,4,4,4,4,16,4,4,4,12,4,4,4,3,15
Australia,2014,4,4,4,12,4,4,4,4,16,4,4,4,12,4,4,4,3,15
Australia,2015,4,4,4,12,4,4,4,4,16,4,4,4,12,4,4,4,3,15
Australia,2016,4,4,4,12,4,4,4,4,16,4,4,4,12,4,4,4,3,15
Australia,2017,4,4,4,12,4,4,4,4,16,4,4,4,12,4,4,4,3,15
Australia,2018,4,4,4,12,4,4,4,4,16,4,4,4,12,4,4,4,3,15
Australia,2019,4,4,4,12,4,4,4,4,16,4,4,4,12,4,4,4,3,15
Australia,2020,4,4,4,12,3,4,4,4,15,4,4,4,12,4,4,4,3,15
Australia,2021,4,4,4,12,3,4,4,4,15,4,4,4,12,4,4,4,3,15
Australia,2022,4,4,4,12,3,4,4,4,15,4,4,4,12,3,4,4,3,14
Australia,2023,4,4,4,12,3,4,4,4,15,4,4,4,12,4,4,4,3,15
Australia,2024,4,4,4,12,3,4,4,4,15,4,4,4,12,4,4,4,3,15
Australia,2025,4,4,4,12,3,4,4,4,15,4,4,3,11,4,4,4,3,15
Austria,2013,4,4,4,12,4,4,4,4,16,4,4,4,12,4,4,4,3,15
Austria,2014,4,4,4,12,4,4,4,4,16,4,4,4,12,4,4,4,3,15
Austria,2015,4,4,4,12,4,4,4,4,16,4,4,4,12,4,4,4,3,15
Austria,2016,4,4,4,12,4,4,4,4,16,4,4,4,12,4,4,4,3,15
Austria,2017,4,4,4,12,4,4,4,4,16,4,4,4,12,4,4,4,3,15
Austria,2018,4,4,4,12,4,3,4,4,15,4,4,4,12,4,4,4,3,15
Austria,2019,4,4,4,12,3,3,4,4,14,4,4,4,12,4,4,4,3,15
Austria,2020,4,4,4,12,3,3,4,4,14,4,4,4,12,4,4,4,3,15
Austria,2021,4,4,4,12,3,3,4,4,14,4,4,4,12,4,4,4,3,15
Austria,2022,4,4,4,12,3,3,4,4,14,4,4,4,12,4,4,4,3,15
Austria,2023,4,4,4,12,3,3,4,4,14,4,4,4,12,4,4,4,3,15
Austria,2024,4,4,4,12,3,3,4,4,14,4,4,4,12,4,4,4,3,15
Austria,2025,4,4,4,12,3,3,4,4,14,4,4,4,12,4,4,4,3,15
Azerbaijan,2013,0,0,1,1,0,1,1,2,4,0,1,1,2,2,2,2,1,7
Azerbaijan,2014,0,0,1,1,0,1,1,2,4,0,1,1,2,2,1,2,1,6
Azerbaijan,2015,0,0,1,1,0,1,1,2,4,0,0,1,1,2,1,2,1,6
Azerbaijan,2016,0,0,1,1,0,1,1,1,3,0,0,1,1,1,1,2,1,5
Azerbaijan,2017,0,0,1,1,0,0,1,1,2,0,0,1,1,1,1,2,1,5
Azerbaijan,2018,0,0,1,1,0,0,1,1,2,0,0,1,1,1,1,2,1,5
Azerbaijan,2019,0,0,0,0,0,0,1,1,2,0,0,1,1,1,1,2,1,5
Azerbaijan,2020,0,0,0,0,0,0,1,1,2,0,0,1,1,1,1,2,1,5
Azerbaijan,2021,0,0,0,0,0,0,1,1,2,0,0,1,1,1,1,2,1,5
Azerbaijan,2022,0,0,0,0,0,0,1,1,2,0,0,1,1,1,1,1,1,4
Azerbaijan,2023,0,0,0,0,0,0,1,1,2,0,0,1,1,1,1,1,1,4
Azerbaijan,2024,0,0,0,0,0,0,1,1,2,0,0,1,1,1,1,1,1,4
Azerbaijan,2025,0,0,0,0,0,0,1,1,2,0,0,1,1,1,1,1,1,4
Bahamas,2013,4,4,4,12,4,4,4,4,16,4,4,4,12,4,4,4,3,15
Bahamas,2014,4,4,4,12,4,4,4,4,16,4,4,4,12,4,4,4,3,15
Bahamas,2015,4,4,4,12,4,4,4,4,16,4,4,4,12,4,4,4,3,15
Bahamas,2016,4,4,4,12,4,4,4,4,16,4,4,4,12,3,4,3,3,13
Bahamas,2017,4,4,4,12,3,4,4,4,15,4,4,4,12,3,4,3,3,13
Bahamas,2018,4,4,4,12,3,4,4,4,15,4,4,4,12,3,4,3,3,13
Bahamas,2019,4,4,4,12,3,4,4,4,15,4,4,4,12,3,4,3,3,13
Bahamas,2020,4,4,4,12,3,4,4,4,15,4,4,4,12,3,4,3,3,13
Bahamas,2021,4,4,4,12,3,4,4,4,15,4,4,4,12,3,4,3,3,13
Bahamas,2022,4,4,4,12,3,4,4,4,15,4,4,4,12,3,4,3,3,13
Bahamas,2023,4,4,4,12,3,4,4,4,15,4,4,4,12,3,4,3,3,13
Bahamas,2024,4,4,4,12,3,4,4,4,15,4,4,4,12,3,4,3,3,13
Bahamas,2025,4,4,4,12,3,4,4,4,15,4,4,4,12,3,4,3,3,13
Bahrain,2013,0,2,1,3,0,2,0,1,3,0,1,1,2,1,2,2,1,6
Bahrain,2014,0,2,1,3,0,1,0,1,2,0,0,1,1,1,2,2,1,6
Bahrain,2015,0,1,1,2,0,1,0,1,2,0,0,1,1,1,2,2,1,6
Bahrain,2016,0,1,1,2,0,1,0,1,2,0,0,1,1,1,2,2,1,6
Bahrain,2017,0,1,1,2,0,1,0,1,2,0,0,1,1,1,2,2,1,6
Bahrain,2018,0,1,1,2,0,1,0,1,2,0,0,1,1,1,2,2,1,6
Bahrain,2019,0,1,1,2,0,1,0,1,2,0,0,1,1,1,2,2,1,6
Bahrain,2020,0,1,1,2,0,1,0,1,2,0,0,1,1,1,2,2,1,6
Bahrain,2021,0,1,1,2,0,1,0,1,2,0,0,1,1,1,2,2,1,6
Bahrain,2022,0,1,1,2,0,1,0,1,2,0,0,1,1,1,2,2,1,6
Bahrain,2023,0,1,1,2,0,1,0,1,2,0,0,1,1,1,2,2,1,6
Bahrain,2024,0,1,1,2,0,1,0,1,2,0,0,1,1,1,2,2,1,6
Bahrain,2025,0,1,1,2,0,1,0,1,2,0,0,1,1,1,2,2,1,6
Bangladesh,2013,3,3,3,9,2,2,2,3,9,3,2,2,7,3,2,2,2,9
Bangladesh,2014,3,3,3,9,2,2,2,2,8,2,2,2,6,3,2,2,2,9
Bangladesh,2015,2,2,3,7,2,2,2,2,8,2,2,2,6,3,2,2,2,9
Bangladesh,2016,2,2,3,7,1,2,2,2,7,2,2,2,6,3,2,2,2,9
Bangladesh,2017,2,2,3,7,1,2,2,2,7,2,2,2,6,3,2,2,2,9
Bangladesh,2018,2,2,3,7,1,2,2,2,7,2,2,1,5,3,2,2,2,9
Bangladesh,2019,2,1,2,5,1,2,1,2,6,2,2,1,5,3,2,2,2,9
Bangladesh,2020,1,1,2,4,1,2,1,2,6,2,2,1,5,3,2,2,2,9
Bangladesh,2021,1,1,2,4,1,2,1,2,6,2,2,1,5,3,2,2,2,9
Bangladesh,2022,1,1,2,4,1,2,1,2,6,2,2,1,5,3,2,2,2,9
Bangladesh,2023,1,1,2,4,1,2,1,2,6,2,2,1,5,3,2,2,2,9
Bangladesh,2024,1,1,2,4,1,2,1,2,6,2,2,1,5,3,2,2,2,9
Bangladesh,2025,1,1,2,4,2,2,2,2,8,2,2,2,6,3,2,2,2,9
Barbados,2013,4,4,4,12,4,4,4,4,16,4,4,4,12,4,4,3,4,15
Barbados,2014,4,4,4,12,4,4,4,4,16,4,4,4,12,4,4,3,4,15
Barbados,2015,4,4,4,12,4,4,4,4,16,4,4,4,12,4,4,3,4,15
Barbados,2016,4,4,4,12,4,4,4,4,16,4,4,4,12,4,4,3,4,15
Barbados,2017,4,4,4,12,4,4,4,4,16,4,4,4,12,4,4,3,4,15
Barbados,2018,4,4,4,12,4,4,4,4,16,4,4,4,12,4,4,3,4,15
Barbados,2019,4,4,4,12,4,4,4,4,16,4,4,4,12,4,4,3,4,15
Barbados,2020,4,4,4,12,4,4,4,4,16,4,4,4,12,4,4,3,4,15
Barbados,2021,4,4,4,12,4,4,4,4,16,4,4,4,12,4,4,3,4,15
Barbados,2022,4,4,4,12,4,4,4,4,16,4,4,4,12,4,4,3,4,15
Barbados,2023,4,4,4,12,4,4,4,4,16,4,4,4,12,4,4,3,4,15
Barbados,2024,4,4,4,12,4,4,4,4,16,4,4,4,12,4,4,3,4,15
Barbados,2025,4,4,4,12,4,4,4,4,16,4,4,4,12,4,4,3,4,15
Belarus,2013,0,0,0,0,1,1,0,1,3,0,1,0,1,1,1,2,1,5
Belarus,2014,0,0,0,0,1,1,0,1,3,0,1,0,1,1,1,2,1,5
Belarus,2015,0,0,0,0,1,1,0,1,3,0,1,0,1,1,1,2,1,5
Belarus,2016,0,0,0,0,1,1,0,1,3,0,1,0,1,2,2,2,1,7
Belarus,2017,0,0,0,0,1,1,0,1,3,1,1,1,3,2,2,2,1,7
Belarus,2018,0,0,0,0,1,1,0,1,3,1,1,1,3,2,2,2,1,7
Belarus,2019,0,0,0,0,0,1,0,1,2,1,1,1,3,2,2,2,1,7
Belarus,2020,0,0,0,0,0,1,0,1,2,1,1,1,3,2,2,2,1,7
Belarus,2021,0,0,0,0,0,1,0,1,2,0,1,0,1,1,1,2,1,5
Belarus,2022,0,0,0,0,0,1,0,0,1,0,0,0,0,1,1,2,1,5
Belarus,2023,0,0,0,0,0,1,0,0,1,0,0,0,0,1,1,2,1,5
Belarus,2024,0,0,0,0,0,1,0,0,1,0,0,0,0,1,1,2,1,5
Belarus,2025,0,0,0,0,0,1,0,0,1,0,0,0,0,1,1,2,1,5
Belgium,2013,4,4,4,12,4,3,4,4,15,4,4,4,12,4,4,4,3,15
Belgium,2014,4,4,4,12,4,3,4,4,15,4,4,4,12,4,4,4,3,15
Belgium,2015,4,4,4,12,4,3,4,4,15,4,4,4,12,4,4,4,3,15
Belgium,2016,4,4,4,12,4,3,4,4,15,4,4,4,12,4,4,4,3,15
Belgium,2017,4,4,4,12,4,3,4,4,15,4,4,4,12,4,4,4,3,15
Belgium,2018,4,4,4,12,4,3,4,4,15,4,4,4,12,4,4,4,3,15
Belgium,2019,4,4,4,12,4,3,4,4,15,4,4,4,12,4,4,4,3,15
Belgium,2020,4,4,4,12,4,3,4,4,15,4,4,4,12,4,4,4,3,15
Belgium,2021,4,4,4,12,4,3,4,4,15,4,4,4,12,4,4,4,3,15
Belgium,2022,4,4,4,12,4,3,4,4,15,4,4,4,12,4,4,4,3,15
Belgium,2023,4,4,4,12,4,3,4,4,15,4,4,4,12,4,4,4,3,15
Belgium,2024,4,4,4,12,4,3,4,4,15,4,4,4,12,4,4,4,3,15
Belgium,2025,4,4,4,12,4,3,4,4,15,4,4,4,12,4,4,4,3,15
Belize,2013,4,4,4,12,3,4,4,4,15,3,4,4,11,4,3,3,3,13
Belize,2014,4,4,4,12,3,4,4,4,15,3,4,4,11,4,3,3,3,13
Belize,2015,4,4,4,12,3,4,4,4,15,3,4,4,11,4,3,3,3,13
Belize,2016,4,4,4,12,3,4,4,4,15,3,4,4,11,4,3,3,3,13
Belize,2017,4,4,4,12,3,4,4,4,15,3,4,4,11,4,3,3,3,13
Belize,2018,4,4,4,12,3,4,4,4,15,3,4,3,10,4,3,3,3,13
Belize,2019,4,4,4,12,3,4,4,4,15,3,4,3,10,4,3,3,3,13
Belize,2020,4,4,4,12,3,4,4,4,15,4,4,3,11,4,3,3,3,13
Belize,2021,4,4,4,12,4,4,4,4,16,4,4,3,11,4,3,3,3,13
Belize,2022,4,4,4,12,4,4,4,4,16,4,4,3,11,4,3,3,3,13
Belize,2023,4,4,4,12,4,4,4,4,16,4,4,3,11,4,3,3,3,13
Belize,2024,4,4,4,12,4,4,4,4,16,4,4,3,11,4,3,3,3,13
Belize,2025,4,4,4,12,4,4,4,4,16,4,4,3,11,4,3,3,3,13
Benin,2013,3,3,2,8,3,4,4,4,15,4,4,4,12,3,3,2,2,10
Benin,2014,3,3,2,8,3,4,4,4,15,3,4,4,11,3,3,2,2,10
Benin,2015,3,3,2,8,3,4,4,4,15,4,4,4,12,3,3,2,2,10
Benin,2016,3,3,3,9,3,4,4,4,15,4,4,4,12,3,3,2,2,10
Benin,2017,3,3,3,9,3,4,4,4,15,4,4,4,12,3,3,2,2,10
Benin,2018,3,3,3,9,3,4,4,4,15,4,4,4,12,3,3,2,2,10
Benin,2019,3,3,3,9,3,4,4,4,15,4,4,3,11,3,3,2,2,10
Benin,2020,3,1,1,5,3,4,4,4,15,2,4,3,9,3,3,2,2,10
Benin,2021,3,1,1,5,2,4,4,4,14,2,4,3,9,3,3,2,2,10
Benin,2022,1,1,1,3,2,4,4,4,14,2,3,3,8,3,3,2,2,10
Benin,2023,1,1,1,3,2,4,4,4,14,2,3,3,8,3,3,2,2,10
Benin,2024,1,2,1,4,2,4,4,4,14,3,3,3,9,3,3,2,2,10
Benin,2025,1,2,1,4,2,4,4,4,14,3,3,3,9,3,3,2,2,10
Bhutan,2013,2,3,3,8,2,2,2,2,8,1,1,1,3,2,2,2,2,8
Bhutan,2014,3,4,3,10,2,2,2,3,9,2,1,1,4,2,2,2,2,8
Bhutan,2015,3,4,3,10,2,2,2,3,9,2,1,1,4,2,2,2,2,8
Bhutan,2016,3,4,3,10,2,2,2,3,9,2,1,1,4,2,2,2,2,8
Bhutan,2017,3,4,3,10,2,2,2,3,9,2,1,1,4,2,2,2,2,8
Bhutan,2018,3,4,3,10,2,2,2,3,9,2,1,1,4,2,2,2,2,8
Bhutan,2019,3,4,3,10,2,2,2,3,9,2,2,1,5,2,2,2,2,8
Bhutan,2020,3,4,3,10,2,2,2,3,9,2,2,1,5,2,2,2,2,8
Bhutan,2021,3,4,3,10,2,2,2,3,9,2,2,1,5,2,3,2,2,9
Bhutan,2022,3,4,3,10,2,2,2,3,9,2,2,1,5,2,3,2,2,9
Bhutan,2023,3,4,3,10,2,2,2,3,9,2,2,1,5,2,3,2,2,9
Bhutan,2024,3,4,3,10,3,2,2,3,10,2,2,1,5,2,3,2,2,9
Bhutan,2025,4,4,3,11,3,2,2,3,10,2,2,2,6,2,3,3,2,10
Bolivia,2013,4,4,3,11,2,4,4,4,14,3,3,4,10,3,2,2,2,9
Bolivia,2014,4,4,3,11,2,4,4,4,14,3,3,3,9,3,2,2,2,9
Bolivia,2015,4,4,3,11,2,4,4,4,14,3,3,3,9,3,2,3,2,10
Bolivia,2016,4,4,3,11,2,4,4,4,14,3,3,3,9,3,2,3,2,10
Bolivia,2017,4,4,3,11,2,4,4,4,14,3,3,3,9,3,2,3,2,10
Bolivia,2018,4,4,2,10,2,4,4,4,14,3,3,3,9,3,2,3,2,10
Bolivia,2019,4,4,2,10,2,4,4,4,14,3,3,3,9,3,2,3,2,10
Bolivia,2020,3,4,1,8,2,4,4,4,14,2,3,3,8,3,2,3,2,10
Bolivia,2021,4,4,2,10,2,4,4,4,14,3,3,3,9,3,2,3,2,10
Bolivia,2022,4,4,2,10,2,4,4,4,14,3,3,3,9,3,2,3,2,10
Bolivia,2023,4,4,2,10,2,4,4,4,14,3,3,3,9,3,2,3,2,10
Bolivia,2024,4,4,2,10,2,4,4,4,14,3,3,3,9,3,2,3,2,10
Bolivia,2025,4,4,2,10,2,4,4,4,14,3,3,3,9,3,2,3,2,10
Bosnia and Herzegovina,2013,3,3,2,8,2,3,2,3,10,3,2,2,7,3,2,3,2,10
Bosnia and Herzegovina,2014,3,3,2,8,2,3,2,3,10,3,2,2,7,3,2,3,2,10
Bosnia and Herzegovina,2015,3,3,2,8,2,3,2,3,10,3,2,2,7,3,2,3,2,10
Bosnia and Herzegovina,2016,3,3,2,8,2,3,2,3,10,3,2,2,7,3,2,3,2,10
Bosnia and Herzegovina,2017,3,2,2,7,2,3,2,3,10,3,2,2,7,3,2,3,2,10
Bosnia and Herzegovina,2018,3,2,2,7,2,3,2,3,10,3,2,2,7,3,2,3,2,10
Bosnia and Herzegovina,2019,2,2,2,6,2,3,2,3,10,3,2,2,7,3,2,3,2,10
Bosnia and Herzegovina,2020,2,2,2,6,2,3,2,3,10,3,2,2,7,3,2,3,2,10
Bosnia and Herzegovina,2021,2,2,2,6,2,3,2,3,10,3,2,2,7,3,2,3,2,10
Bosnia and Herzegovina,2022,2,2,2,6,2,3,2,3,10,3,2,2,7,3,2,3,2,10
Bosnia and Herzegovina,2023,2,2,1,5,2,3,2,3,10,3,2,2,7,3,2,3,2,10
Bosnia and Herzegovina,2024,2,2,1,5,2,3,2,3,10,3,2,2,7,3,2,3,2,10
Bosnia and Herzegovina,2025,2,2,1,5,2,3,2,3,10,3,3,2,8,3,2,3,2,10
Botswana,2013,3,4,3,10,3,4,3,3,13,4,4,2,10,3,3,2,3,11
Botswana,2014,3,4,3,10,3,4,3,3,13,4,4,2,10,3,3,2,3,11
Botswana,2015,3,4,3,10,2,4,3,3,12,4,4,2,10,3,3,2,3,11
Botswana,2016,3,4,3,10,2,4,3,3,12,4,4,2,10,3,3,2,3,11
Botswana,2017,3,4,3,10,2,4,3,3,12,4,4,2,10,3,3,2,3,11
Botswana,2018,3,4,3,10,2,4,3,3,12,4,4,2,10,3,3,2,3,11
Botswana,2019,3,4,3,10,2,4,3,3,12,4,4,2,10,3,3,2,3,11
Botswana,2020,3,4,3,10,2,4,3,3,12,4,4,2,10,3,3,2,3,11
Botswana,2021,3,4,3,10,2,4,3,3,12,4,4,2,10,3,3,2,3,11
Botswana,2022,3,4,3,10,2,4,3,3,12,4,4,2,10,3,3,2,3,11
Botswana,2023,3,4,3,10,2,4,3,3,12,4,4,2,10,3,3,2,3,11
Botswana,2024,3,4,3,10,2,4,3,3,12,4,4,2,10,3,3,2,3,11
Botswana,2025,4,4,3,11,2,4,3,3,12,4,4,2,10,3,3,2,3,11
Brazil,2013,4,3,4,11,3,4,4,4,15,3,4,3,10,4,3,3,3,13
Brazil,2014,4,3,4,11,3,4,4,4,15,3,4,3,10,4,3,3,3,13
Brazil,2015,4,3,4,11,3,4,4,4,15,3,4,3,10,4,3,3,3,13
Brazil,2016,4,3,4,11,3,4,4,4,15,3,4,3,10,4,3,3,3,13
Brazil,2017,4,3,4,11,3,4,4,4,15,3,4,3,10,4,3,3,3,13
Brazil,2018,4,3,4,11,3,4,4,4,15,3,4,3,10,4,3,3,3,13
Brazil,2019,3,3,4,10,3,4,4,4,15,3,3,3,9,4,3,3,3,13
Brazil,2020,3,3,4,10,3,4,4,3,14,3,3,3,9,4,3,3,3,13
Brazil,2021,3,3,4,10,3,4,4,3,14,3,3,3,9,4,3,3,2,12
Brazil,2022,3,3,4,10,3,4,3,3,13,3,3,3,9,4,3,3,2,12
Brazil,2023,3,3,4,10,3,4,3,3,13,3,3,3,9,4,3,3,2,12
Brazil,2024,3,3,4,10,3,4,4,3,14,3,3,3,9,3,3,3,2,11
Brazil,2025,3,3,4,10,3,4,4,3,14,3,3,3,9,3,3,3,2,11
Brunei,2013,0,0,0,0,1,1,2,2,6,1,1,1,3,2,2,2,2,8
Brunei,2014,0,0,0,0,1,1,2,2,6,1,1,1,3,2,2,2,2,8
Brunei,2015,0,0,0,0,1,1,2,2,6,1,1,1,3,2,2,2,2,8
Brunei,2016,0,0,0,0,1,1,2,2,6,1,1,1,3,2,2,1,2,7
Brunei,2017,0,0,0,0,1,1,2,2,6,1,1,1,3,2,2,1,2,7
Brunei,2018,0,0,0,0,1,1,2,2,6,1,1,1,3,2,2,1,2,7
Brunei,2019,0,0,0,0,1,1,2,2,6,1,1,1,3,2,2,1,2,7
Brunei,2020,0,0,0,0,1,1,2,2,6,1,1,1,3,2,2,1,2,7
Brunei,2021,0,0,0,0,1,1,2,2,6,1,1,1,3,2,2,1,2,7
Brunei,2022,0,0,0,0,1,1,2,2,6,1,1,1,3,2,2,1,2,7
Brunei,2023,0,0,0,0,1,1,2,2,6,1,1,1,3,2,2,1,2,7
Brunei,2024,0,0,0,0,1,1,2,2,6,1,1,1,3,2,2,1,2,7
Brunei,2025,0,0,0,0,1,1,2,2,6,1,1,1,3,2,2,1,1,6
Bulgaria,2013,4,4,3,11,3,3,4,4,14,4,4,3,11,4,2,3,2,11
Bulgaria,2014,4,3,3,10,3,3,4,4,14,4,4,3,11,4,2,3,2,11
Bulgaria,2015,4,4,3,11,3,3,4,4,14,4,4,3,11,4,2,3,2,11
Bulgaria,2016,4,4,3,11,3,3,4,4,14,4,4,3,11,4,3,3,2,12
Bulgaria,2017,4,4,3,11,3,3,4,4,14,4,4,3,11,4,3,3,2,12
Bulgaria,2018,4,4,3,11,3,3,4,4,14,4,4,3,11,4,3,3,2,12
Bulgaria,2019,4,4,3,11,3,3,4,4,14,4,4,3,11,4,3,3,2,12
Bulgaria,2020,4,4,3,11,2,3,4,4,13,4,4,3,11,4,3,3,2,12
Bulgaria,2021,4,4,3,11,2,3,4,4,13,4,4,3,11,3,3,3,2,11
Bulgaria,2022,4,4,3,11,2,3,4,4,13,4,4,3,11,4,3,3,2,12
Bulgaria,2023,4,4,3,11,2,3,4,4,13,4,4,3,11,4,3,3,2,12
Bulgaria,2024,4,3,3,10,2,3,4,4,13,4,4,3,11,4,3,3,2,12
Bulgaria,2025,4,3,3,10,2,3,3,4,12,4,4,3,11,4,3,3,2,12
Burkina Faso,2013,1,2,2,5,2,4,3,4,13,2,3,3,8,3,2,1,2,8
Burkina Faso,2014,1,2,2,5,2,4,3,4,13,2,3,3,8,3,2,1,2,8
Burkina Faso,2015,0,0,2,2,2,4,3,4,13,2,3,3,8,3,2,1,2,8
Burkina Faso,2016,2,2,2,6,3,4,3,4,14,2,3,3,8,3,2,1,2,8
Burkina Faso,2017,2,2,3,7,3,4,3,4,14,3,3,3,9,3,2,2,2,9
Burkina Faso,2018,2,2,3,7,3,4,3,3,13,3,3,3,9,2,2,2,2,8
Burkina Faso,2019,2,2,3,7,3,4,3,3,13,3,3,3,9,2,2,2,2,8
Burkina Faso,2020,2,2,3,7,2,3,3,3,11,3,2,3,8,2,2,2,2,8
Burkina Faso,2021,2,2,3,7,2,3,3,3,11,3,2,3,8,1,2,2,2,7
Burkina Faso,2022,2,2,3,7,2,3,3,3,11,2,2,3,7,1,2,2,2,7
Burkina Faso,2023,0,0,0,0,2,3,2,3,10,2,2,3,7,1,1,2,2,6
Burkina Faso,2024,0,0,0,0,1,3,2,1,7,2,2,3,7,1,1,2,2,6
Burkina Faso,2025,0,0,0,0,1,3,2,1,7,1,2,3,6,1,1,2,2,6
Burundi,2013,1,1,2,4,1,3,2,2,8,1,2,1,4,2,2,1,1,6
Burundi,2014,1,1,2,4,1,3,2,2,8,1,2,1,4,2,2,1,1,6
Burundi,2015,1,1,2,4,1,3,2,2,8,0,2,1,3,2,2,1,1,6
Burundi,2016,0,0,1,1,0,3,2,1,6,0,1,1,2,1,2,1,1,5
Burundi,2017,0,0,1,1,0,3,2,1,6,0,1,1,2,1,2,1,1,5
Burundi,2018,0,0,1,1,0,3,2,1,6,0,1,1,2,1,2,1,1,5
Burundi,2019,0,0,0,0,0,3,2,0,5,0,0,1,1,1,1,1,1,4
Burundi,2020,0,0,0,0,0,3,1,0,4,0,0,1,1,1,1,1,1,4
Burundi,2021,1,0,0,1,0,3,1,0,4,0,0,1,1,1,1,1,1,4
Burundi,2022,1,0,0,1,0,3,1,0,4,0,0,1,1,1,1,1,1,4
Burundi,2023,1,0,0,1,0,3,1,0,4,0,0,1,1,1,1,1,1,4
Burundi,2024,1,0,0,1,0,3,1,0,4,0,0,1,1,1,1,1,1,4
Burundi,2025,1,0,0,1,0,3,1,0,4,0,0,1,1,1,1,1,1,4
Cabo Verde,2013,4,4,4,12,3,4,4,4,15,4,4,3,11,4,3,3,3,13
Cabo Verde,2014,4,4,4,12,3,4,4,4,15,4,4,3,11,4,3,3,3,13
Cabo Verde,2015,4,4,4,12,3,4,4,4,15,4,4,3,11,4,3,3,3,13
Cabo Verde,2016,4,4,4,12,3,4,4,4,15,4,4,3,11,4,3,3,3,13
Cabo Verde,2017,4,4,4,12,3,4,4,4,15,4,4,3,11,4,3,3,3,13
Cabo Verde,2018,4,4,4,12,3,4,4,4,15,4,4,3,11,4,3,3,3,13
Cabo Verde,2019,4,4,4,12,3,4,4,4,15,4,4,3,11,4,3,3,3,13
Cabo Verde,2020,4,4,4,12,4,4,4,4,16,4,4,3,11,4,3,3,3,13
Cabo Verde,2021,4,4,4,12,4,4,4,4,16,4,4,3,11,4,3,3,3,13
Cabo Verde,2022,4,4,4,12,4,4,4,4,16,4,4,3,11,4,3,3,3,13
Cabo Verde,2023,4,4,4,12,4,4,4,4,16,4,4,3,11,4,3,3,3,13
Cabo Verde,2024,4,4,4,12,4,4,4,4,16,4,4,3,11,4,3,3,3,13
Cabo Verde,2025,4,4,4,12,4,4,4,4,16,4,4,3,11,4,3,3,3,13
Cambodia,2013,1,1,1,3,1,3,2,3,9,1,1,1,3,2,1,2,1,6
Cambodia,2014,1,1,1,3,1,3,2,3,9,1,1,1,3,2,1,2,1,6
Cambodia,2015,1,1,2,4,1,3,2,3,9,1,1,1,3,2,1,2,1,6
Cambodia,2016,1,1,2,4,1,3,2,3,9,1,1,1,3,2,1,2,1,6
Cambodia,2017,1,1,2,4,1,3,2,2,8,1,1,1,3,2,1,2,1,6
Cambodia,2018,1,1,2,4,1,3,2,2,8,1,1,1,3,2,1,2,1,6
Cambodia,2019,0,0,1,1,1,3,2,2,8,1,1,1,3,2,1,2,1,6
Cambodia,2020,0,0,1,1,1,3,2,2,8,1,1,1,3,2,1,2,1,6
Cambodia,2021,0,0,1,1,1,3,2,1,7,1,1,1,3,2,1,2,1,6
Cambodia,2022,0,0,1,1,1,3,2,1,7,1,1,1,3,2,1,2,1,6
Cambodia,2023,0,0,1,1,1,3,2,1,7,1,1,1,3,2,1,2,1,6
Cambodia,2024,0,0,0,0,1,3,2,1,7,1,1,1,3,2,1,2,1,6
Cambodia,2025,0,0,0,0,1,3,2,1,7,1,1,1,3,2,1,2,1,6
Cameroon,2013,1,1,0,2,1,2,2,2,7,1,1,1,3,1,1,1,1,4
Cameroon,2014,1,1,1,3,1,2,2,2,7,1,1,1,3,1,1,1,1,4
Cameroon,2015,1,1,1,3,1,2,2,2,7,1,1,1,3,1,1,1,1,4
Cameroon,2016,1,1,1,3,1,2,2,2,7,1,1,1,3,1,1,1,1,4
Cameroon,2017,1,1,1,3,1,2,2,2,7,1,1,1,3,1,1,1,1,4
Cameroon,2018,1,1,1,3,1,2,2,1,6,0,1,1,2,1,1,1,1,4
Cameroon,2019,0,1,0,1,0,2,2,1,5,0,1,1,2,1,1,1,1,4
Cameroon,2020,0,1,0,1,0,2,1,1,4,0,1,1,2,1,1,1,1,4
Cameroon,2021,0,1,0,1,0,2,1,1,4,0,1,1,2,0,1,1,1,3
Cameroon,2022,0,1,0,1,0,2,1,1,4,0,1,1,2,0,1,1,1,3
Cameroon,2023,0,1,0,1,0,2,1,1,4,0,1,1,2,0,1,1,1,3
Cameroon,2024,0,1,0,1,0,2,1,1,4,0,1,1,2,0,1,1,1,3
Cameroon,2025,0,1,0,1,0,2,1,1,4,0,1,1,2,0,1,1,1,3
Canada,2013,4,4,4,12,4,4,4,4,16,3,4,4,11,4,4,4,4,16
Canada,2014,4,4,4,12,4,4,4,4,16,4,4,4,12,4,4,4,4,16
Canada,2015,4,4,4,12,4,4,4,4,16,4,4,4,12,4,4,4,4,16
Canada,2016,4,4,4,12,4,4,4,4,16,4,4,4,12,4,4,4,4,16
Canada,2017,4,4,4,12,4,4,4,4,16,4,4,4,12,4,4,4,4,16
Canada,2018,4,4,4,12,4,4,4,4,16,4,4,4,12,4,4,4,4,16
Canada,2019,4,4,4,12,4,4,4,4,16,4,4,4,12,4,4,4,4,16
Canada,2020,4,4,4,12,4,3,4,4,15,4,4,4,12,4,4,4,4,16
Canada,2021,4,4,4,12,4,3,4,4,15,4,4,4,12,4,4,4,4,16
Canada,2022,4,4,4,12,4,3,4,4,15,4,4,4,12,4,4,4,4,16
Canada,2023,4,4,4,12,4,3,4,4,15,4,4,4,12,4,4,4,4,16
Canada,2024,4,4,4,12,4,3,4,4,15,4,4,4,12,4,4,4,4,16
Canada,2025,4,4,4,12,4,3,4,4,15,4,4,4,12,4,4,4,4,16
Central African Republic,2013,2,2,3,7,1,2,3,2,8,1,1,2,4,1,1,1,1,4
Central African Republic,2014,0,0,0,0,1,0,2,1,4,0,0,1,1,0,0,1,0,1
Central African Republic,2015,0,0,0,0,1,0,2,1,4,0,0,1,1,0,0,1,0,1
Central African Republic,2016,0,0,1,1,1,0,2,1,4,0,0,1,1,0,0,1,0,1
Central African Republic,2017,1,1,1,3,1,0,2,1,4,0,0,1,1,0,0,1,0,1
Central African Republic,2018,1,1,1,3,1,0,2,1,4,0,0,1,1,0,0,0,0,0
Central African Republic,2019,1,1,1,3,1,0,2,1,4,0,0,1,1,0,0,0,0,0
Central African Republic,2020,1,1,1,3,1,0,2,1,4,0,0,1,1,0,0,0,0,0
Central African Republic,2021,0,1,1,2,1,0,2,1,4,0,0,1,1,0,0,0,0,0
Central African Republic,2022,0,1,1,2,1,0,2,0,3,0,0,1,1,0,0,0,0,0
Central African Republic,2023,0,1,1,2,1,0,2,0,3,0,0,1,1,0,0,0,0,0
Central African Republic,2024,0,1,0,1,1,0,2,0,3,0,0,1,1,0,0,0,0,0
Central African Republic,2025,0,1,0,1,1,0,2,0,3,0,0,1,1,0,0,0,0,0
Chad,2013,1,1,1,3,1,1,3,2,7,1,1,2,4,1,1,0,1,3
Chad,2014,1,1,1,3,1,1,3,2,7,1,1,2,4,1,1,0,1,3
Chad,2015,1,1,1,3,1,1,3,2,7,1,1,2,4,1,1,0,1,3
Chad,2016,1,0,1,2,1,1,3,2,7,2,1,2,5,1,1,0,1,3
Chad,2017,1,0,1,2,1,1,2,2,6,1,1,2,4,1,1,0,1,3
Chad,2018,1,0,1,2,1,1,2,2,6,1,1,2,4,1,1,0,1,3
Chad,2019,1,0,0,1,1,1,2,2,6,1,1,2,4,1,1,0,1,3
Chad,2020,1,0,0,1,1,1,2,2,6,1,1,2,4,1,1,0,1,3
Chad,2021,1,0,0,1,1,1,2,2,6,1,1,2,4,1,1,0,1,3
Chad,2022,0,0,0,0,1,1,2,2,6,1,1,2,4,1,1,0,1,3
Chad,2023,0,0,0,0,1,1,2,2,6,1,1,2,4,1,1,0,1,3
Chad,2024,0,0,0,0,1,1,2,2,6,1,1,2,4,1,1,0,1,3
Chad,2025,0,0,0,0,1,1,2,2,6,1,1,2,4,1,1,0,1,3
Chile,2013,4,4,4,12,4,4,4,4,16,3,4,4,11,4,4,4,3,15
Chile,2014,4,4,4,12,4,4,4,4,16,3,4,4,11,4,4,4,3,15
Chile,2015,4,4,4,12,4,4,4,4,16,3,4,4,11,4,4,4,3,15
Chile,2016,4,4,4,12,4,4,4,4,16,4,4,4,12,4,4,4,3,15
Chile,2017,4,4,4,12,4,4,4,4,16,4,4,4,12,4,4,4,3,15
Chile,2018,4,4,4,12,4,4,4,4,16,4,4,4,12,4,4,4,3,15
Chile,2019,4,4,4,12,4,4,4,4,16,4,4,4,12,4,4,4,3,15
Chile,2020,4,4,4,12,4,4,3,4,15,2,4,4,10,3,4,4,3,14
Chile,2021,4,4,4,12,4,4,4,4,16,3,4,4,11,4,4,4,3,15
Chile,2022,4,4,4,12,4,4,4,4,16,4,4,4,12,4,4,4,3,15
Chile,2023,4,4,4,12,4,4,4,4,16,4,4,4,12,4,4,4,3,15
Chile,2024,4,4,4,12,4,4,4,4,16,4,4,4,12,4,4,4,3,15
Chile,2025,4,4,4,12,4,4,4,4,16,4,4,4,12,4,4,4,3,15
China,2013,0,0,0,0,1,0,1,2,4,1,1,1,3,1,1,2,2,6
China,2014,0,0,0,0,1,0,1,2,4,1,1,1,3,1,1,2,2,6
China,2015,0,0,0,0,1,0,1,2,4,1,1,1,3,1,1,2,2,6
China,2016,0,0,0,0,1,0,1,2,4,1,1,1,3,1,1,2,2,6
China,2017,0,0,0,0,1,0,1,1,3,1,1,1,3,1,1,2,2,6
China,2018,0,0,0,0,1,0,1,1,3,1,1,1,3,1,1,2,2,6
China,2019,0,0,0,0,0,0,1,1,2,1,0,1,2,1,1,2,2,6
China,2020,0,0,0,0,0,0,0,1,1,1,0,1,2,1,1,2,2,6
China,2021,0,0,0,0,0,0,0,1,1,1,0,1,2,1,1,2,2,6
China,2022,0,0,0,0,0,0,0,1,1,1,0,1,2,1,1,2,2,6
China,2023,0,0,0,0,0,0,0,1,1,1,0,1,2,1,1,2,2,6
China,2024,0,0,0,0,0,0,0,1,1,1,0,1,2,1,1,2,2,6
China,2025,0,0,0,0,0,0,0,1,1,1,0,1,2,1,1,2,2,6
Colombia,2013,4,3,3,10,2,4,3,3,12,2,2,1,5,3,2,3,2,10
Colombia,2014,4,3,3,10,2,4,3,3,12,2,2,1,5,3,2,3,2,10
Colombia,2015,4,3,3,10,2,4,3,3,12,2,2,1,5,3,2,3,2,10
Colombia,2016,4,3,3,10,2,4,3,3,12,2,2,1,5,3,2,3,2,10
Colombia,2017,4,3,3,10,2,4,3,3,12,2,2,1,5,3,2,3,2,10
Colombia,2018,4,3,3,10,2,4,3,3,12,2,2,1,5,3,2,3,2,10
Colombia,2019,4,3,3,10,2,4,3,3,12,2,2,2,6,3,2,3,2,10
Colombia,2020,4,3,3,10,2,4,3,3,12,2,2,2,6,3,2,3,2,10
Colombia,2021,4,3,3,10,2,4,3,3,12,2,2,2,6,2,2,3,2,9
Colombia,2022,4,3,3,10,2,4,3,3,12,1,2,2,5,2,2,3,2,9
Colombia,2023,4,3,3,10,2,4,4,3,13,2,2,2,6,3,2,4,2,11
Colombia,2024,4,3,3,10,2,4,4,3,13,2,2,2,6,3,2,4,2,11
Colombia,2025,4,3,3,10,2,4,4,3,13,2,2,2,6,3,2,4,2,11
Comoros,2013,3,3,3,9,2,2,3,3,10,2,2,2,6,2,2,1,1,6
Comoros,2014,3,3,3,9,2,2,3,3,10,2,2,2,6,2,2,1,1,6
Comoros,2015,3,3,3,9,2,2,3,3,10,2,2,2,6,2,2,1,1,6
Comoros,2016,3,3,3,9,2,2,3,3,10,2,2,3,7,2,2,1,1,6
Comoros,2017,3,3,3,9,2,2,3,3,10,2,2,3,7,2,2,1,1,6
Comoros,2018,3,3,3,9,2,2,3,3,10,2,2,3,7,2,2,1,1,6
Comoros,2019,3,3,2,8,2,2,3,3,10,1,2,3,6,2,2,1,1,6
Comoros,2020,1,3,2,6,1,2,3,2,8,1,2,3,6,2,2,1,1,6
Comoros,2021,1,2,2,5,1,2,3,2,8,1,2,3,6,2,2,1,1,6
Comoros,2022,1,2,2,5,1,2,3,2,8,1,2,3,6,2,2,1,1,6
Comoros,2023,1,2,2,5,1,2,3,2,8,1,2,3,6,2,2,1,1,6
Comoros,2024,1,2,2,5,1,2,3,2,8,1,2,3,6,2,2,1,1,6
Comoros,2025,1,2,2,5,1,2,3,2,8,1,2,3,6,2,2,1,1,6
Congo (Brazzaville),2013,0,1,0,1,1,3,2,2,8,1,2,3,6,2,2,1,1,6
Congo (Brazzaville),2014,0,1,0,1,1,3,2,2,8,1,2,3,6,2,2,2,1,7
Congo (Brazzaville),2015,0,1,0,1,1,3,2,2,8,1,2,3,6,2,2,2,1,7
Congo (Brazzaville),2016,0,1,0,1,1,3,1,2,7,1,2,3,6,2,2,2,1,7
Congo (Brazzaville),2017,0,1,0,1,1,3,1,2,7,1,2,3,6,2,2,2,1,7
Congo (Brazzaville),2018,0,0,0,0,1,3,1,2,7,1,2,2,5,2,2,1,1,6
Congo (Brazzaville),2019,0,0,0,0,1,3,1,2,7,1,2,2,5,2,2,1,1,6
Congo (Brazzaville),2020,0,0,0,0,1,3,1,2,7,1,1,2,4,2,2,1,1,6
Congo (Brazzaville),2021,0,0,0,0,1,3,1,2,7,1,1,2,4,2,2,1,1,6
Congo (Brazzaville),2022,0,0,0,0,1,3,1,1,6,0,0,2,2,2,2,1,1,6
Congo (Brazzaville),2023,0,0,0,0,1,3,1,1,6,0,0,2,2,2,2,1,1,6
Congo (Brazzaville),2024,0,0,0,0,1,3,1,1,6,0,0,2,2,2,2,1,1,6
Congo (Brazzaville),2025,0,0,0,0,1,3,1,1,6,0,0,2,2,2,2,1,1,6
Congo (Kinshasa),2013,1,1,1,3,1,3,1,2,7,1,1,1,3,1,0,0,0,1
Congo (Kinshasa),2014,1,1,1,3,1,3,1,2,7,1,1,1,3,1,0,0,0,1
Congo (Kinshasa),2015,1,1,1,3,1,3,2,2,8,1,1,1,3,2,1,1,1,5
Congo (Kinshasa),2016,1,1,1,3,1,3,2,2,8,1,1,1,3,2,1,1,1,5
Congo (Kinshasa),2017,0,0,0,0,1,3,2,2,8,1,1,1,3,1,1,1,1,4
Congo (Kinshasa),2018,0,0,0,0,1,3,2,1,7,0,1,1,2,1,1,1,1,4
Congo (Kinshasa),2019,0,0,0,0,1,3,2,1,7,0,0,1,1,1,1,1,1,4
Congo (Kinshasa),2020,0,1,0,1,1,3,2,1,7,1,1,1,3,1,1,1,1,4
Congo (Kinshasa),2021,0,1,0,1,1,3,2,1,7,1,1,1,3,1,1,1,1,4
Congo (Kinshasa),2022,0,1,0,1,1,3,2,1,7,1,1,1,3,1,1,1,1,4
Congo (Kinshasa),2023,0,1,0,1,1,3,2,1,7,1,1,1,3,1,1,1,1,4
Congo (Kinshasa),2024,0,1,0,1,1,3,2,1,7,1,1,1,3,1,1,1,1,4
Congo (Kinshasa),2025,0,1,0,1,1,3,2,1,7,1,1,1,3,1,1,1,0,3
Costa Rica,2013,4,4,4,12,4,4,4,4,16,4,4,3,11,4,3,3,3,13
Costa Rica,2014,4,4,4,12,4,4,4,4,16,4,4,3,11,4,3,3,3,13
Costa Rica,2015,4,4,4,12,4,4,4,4,16,4,4,3,11,4,3,3,3,13
Costa Rica,2016,4,4,4,12,4,4,4,4,16,4,4,3,11,4,3,3,3,13
Costa Rica,2017,4,4,4,12,4,4,4,4,16,4,4,3,11,4,3,3,3,13
Costa Rica,2018,4,4,4,12,4,4,4,4,16,4,4,3,11,4,3,3,3,13
Costa Rica,2019,4,4,4,12,4,4,4,4,16,4,4,3,11,4,3,3,3,13
Costa Rica,2020,4,4,4,12,4,4,4,4,16,4,4,3,11,4,3,3,3,13
Costa Rica,2021,4,4,4,12,4,4,4,4,16,4,4,3,11,4,3,3,3,13
Costa Rica,2022,4,4,4,12,4,4,4,4,16,4,4,3,11,4,3,3,3,13
Costa Rica,2023,4,4,4,12,4,4,4,4,16,4,4,3,11,4,3,3,3,13
Costa Rica,2024,4,4,4,12,4,4,4,4,16,4,4,3,11,4,3,3,3,13
Costa Rica,2025,4,4,4,12,4,4,4,4,16,4,4,3,11,4,3,3,3,13
Cote d'Ivoire,2013,2,1,2,5,2,2,2,2,8,1,2,2,5,1,1,1,1,4
Cote d'Ivoire,2014,2,2,2,6,2,2,3,3,10,2,3,2,7,2,2,1,1,6
Cote d'Ivoire,2015,2,2,2,6,2,2,3,3,10,2,3,2,7,2,2,1,1,6
Cote d'Ivoire,2016,3,2,2,7,2,3,3,3,11,2,3,2,7,2,2,1,2,7
Cote d'Ivoire,2017,3,2,2,7,2,3,3,3,11,2,3,3,8,2,2,1,2,7
Cote d'Ivoire,2018,3,2,2,7,2,3,3,3,11,2,3,3,8,2,2,1,2,7
Cote d'Ivoire,2019,3,2,2,7,2,3,3,3,11,2,3,3,8,2,2,1,2,7
Cote d'Ivoire,2020,3,2,2,7,2,3,3,3,11,2,3,3,8,2,2,1,2,7
Cote d'Ivoire,2021,2,2,1,5,2,3,2,2,9,1,2,3,6,2,2,1,2,7
Cote d'Ivoire,2022,2,2,2,6,2,3,2,3,10,2,2,3,7,2,2,1,2,7
Cote d'Ivoire,2023,2,2,2,6,2,3,2,3,10,2,2,3,7,2,2,1,2,7
Cote d'Ivoire,2024,2,2,2,6,2,3,2,3,10,2,2,3,7,2,2,1,2,7
Cote d'Ivoire,2025,2,2,2,6,2,3,2,3,10,2,2,3,7,2,2,1,2,7
Croatia,2013,4,4,4,12,3,3,4,4,14,4,4,4,12,4,3,3,3,13
Croatia,2014,4,4,4,12,3,3,4,4,14,4,4,4,12,4,3,3,3,13
Croatia,2015,4,4,4,12,3,3,4,4,14,4,4,4,12,4,3,3,3,13
Croatia,2016,4,4,4,12,3,3,4,4,14,4,4,4,12,4,3,3,3,13
Croatia,2017,4,4,4,12,3,3,4,4,14,4,4,4,12,4,3,3,3,13
Croatia,2018,4,4,4,12,3,3,3,4,13,4,4,4,12,4,3,3,3,13
Croatia,2019,4,4,4,12,3,3,3,4,13,4,4,4,12,4,3,3,3,13
Croatia,2020,4,4,4,12,3,3,3,4,13,4,4,4,12,4,3,3,3,13
Croatia,2021,4,4,4,12,3,3,3,4,13,4,4,4,12,4,3,3,3,13
Croatia,2022,4,4,4,12,3,3,3,4,13,4,4,4,12,4,3,3,3,13
Croatia,2023,4,4,4,12,3,3,3,4,13,4,4,4,12,4,3,3,3,13
Croatia,2024,4,4,4,12,3,3,3,4,13,4,4,4,12,4,3,3,3,13
Croatia,2025,4,4,4,12,2,3,3,4,12,4,4,4,12,4,3,3,3,13
Cuba,2013,0,0,0,0,0,2,0,0,2,0,0,0,0,1,1,3,1,6
Cuba,2014,0,0,0,0,0,2,0,1,3,0,0,0,0,1,1,3,1,6
Cuba,2015,0,0,0,0,1,2,0,1,4,0,0,0,0,1,1,3,1,6
Cuba,2016,0,0,0,0,1,3,0,1,5,0,0,0,0,1,1,3,1,6
Cuba,2017,0,0,0,0,1,3,0,1,5,0,0,0,0,1,1,3,1,6
Cuba,2018,0,0,0,0,1,3,0,1,5,0,0,0,0,1,1,3,1,6
Cuba,2019,0,0,0,0,1,3,0,1,5,0,0,0,0,1,1,3,1,6
Cuba,2020,0,0,0,0,1,3,0,1,5,0,0,0,0,1,1,3,1,6
Cuba,2021,0,0,0,0,0,3,0,1,4,0,0,0,0,1,1,3,1,6
Cuba,2022,0,0,0,0,0,3,0,1,4,0,0,0,0,1,1,3,1,6
Cuba,2023,0,0,0,0,0,3,0,1,4,0,0,0,0,1,1,3,1,6
Cuba,2024,0,0,0,0,0,3,0,1,4,0,0,0,0,1,1,3,1,6
Cuba,2025,0,0,0,0,0,3,0,0,3,0,0,0,0,1,1,2,1,5
Cyprus,2013,4,4,3,11,4,4,3,4,15,3,4,4,11,3,4,4,3,14
Cyprus,2014,4,4,3,11,4,4,3,4,15,3,4,4,11,3,4,4,3,14
Cyprus,2015,4,4,3,11,4,4,3,4,15,4,4,4,12,3,4,4,3,14
Cyprus,2016,4,4,3,11,4,4,3,4,15,4,4,4,12,3,4,4,3,14
Cyprus,2017,4,4,3,11,4,4,3,4,15,4,4,4,12,3,4,4,3,14
Cyprus,2018,4,4,3,11,4,4,3,4,15,4,4,4,12,3,4,4,3,14
Cyprus,2019,4,4,4,12,4,4,3,4,15,4,4,4,12,3,4,4,3,14
Cyprus,2020,4,4,4,12,4,4,3,4,15,4,4,4,12,3,4,4,3,14
Cyprus,2021,4,4,4,12,4,4,3,4,15,4,4,4,12,3,4,4,3,14
Cyprus,2022,4,4,4,12,4,4,3,4,15,4,3,4,11,3,4,4,3,14
Cyprus,2023,4,4,4,12,4,4,3,4,15,4,3,4,11,3,3,4,3,13
Cyprus,2024,4,4,4,12,4,4,3,4,15,4,3,4,11,3,3,4,3,13
Cyprus,2025,4,4,4,12,4,4,3,4,15,4,3,4,11,3,3,4,3,13
Czech Republic,2013,4,4,4,12,4,4,4,4,16,4,4,4,12,4,4,4,3,15
Czech Republic,2014,4,4,4,12,4,4,4,4,16,4,4,4,12,4,4,4,3,15
Czech Republic,2015,4,4,4,12,4,4,4,4,16,4,4,4,12,4,4,4,3,15
Czech Republic,2016,4,4,4,12,4,4,4,4,16,4,4,4,12,4,4,4,3,15
Czech Republic,2017,4,4,4,12,4,3,4,4,15,4,4,4,12,4,4,4,3,15
Czech Republic,2018,4,4,4,12,4,3,4,4,15,4,4,4,12,4,4,4,3,15
Czech Republic,2019,4,4,4,12,3,3,4,4,14,4,4,4,12,4,4,4,3,15
Czech Republic,2020,4,4,4,12,3,3,4,4,14,4,4,4,12,4,4,4,3,15
Czech Republic,2021,4,4,4,12,3,3,4,4,14,4,4,4,12,4,4,4,3,15
Czech Republic,2022,4,4,4,12,3,3,4,4,14,4,4,4,12,4,4,4,3,15
Czech Republic,2023,4,4,4,12,4,3,4,4,15,4,4,4,12,4,4,4,3,15
Czech Republic,2024,4,4,4,12,4,4,4,4,16,4,4,4,12,4,4,4,3,15
Czech Republic,2025,4,4,4,12,4,4,4,4,16,4,4,4,12,4,4,4,3,15
Denmark,2013,4,4,4,12,4,4,4,4,16,4,4,4,12,4,4,3,4,15
Denmark,2014,4,4,4,12,4,4,4,4,16,4,4,4,12,4,4,3,4,15
Denmark,2015,4,4,4,12,4,4,4,4,16,4,4,4,12,4,4,3,4,15
Denmark,2016,4,4,4,12,4,4,4,4,16,4,4,4,12,4,4,3,4,15
Denmark,2017,4,4,4,12,4,4,4,4,16,4,4,4,12,4,4,3,4,15
Denmark,2018,4,4,4,12,4,4,4,4,16,4,4,4,12,4,4,3,4,15
Denmark,2019,4,4,4,12,4,4,4,4,16,4,4,4,12,4,4,3,4,15
Denmark,2020,4,4,4,12,4,4,4,4,16,4,4,4,12,4,4,3,4,15
Denmark,2021,4,4,4,12,4,4,4,4,16,4,4,4,12,4,4,3,4,15
Denmark,2022,4,4,4,12,4,4,4,4,16,4,4,4,12,4,4,3,4,15
Denmark,2023,4,4,4,12,4,4,4,4,16,4,4,4,12,4,4,3,4,15
Denmark,2024,4,4,4,12,4,4,4,4,16,4,4,4,12,4,4,3,4,15
Denmark,2025,4,4,4,12,4,4,4,4,16,4,4,4,12,4,4,3,4,15
Djibouti,2013,1,1,1,3,1,2,2,2,7,0,1,2,3,2,2,1,1,6
Djibouti,2014,1,1,1,3,1,2,2,2,7,0,1,2,3,2,2,1,1,6
Djibouti,2015,1,1,1,3,1,1,2,2,6,0,1,2,3,2,2,1,1,6
Djibouti,2016,1,1,1,3,1,1,2,2,6,0,1,2,3,2,2,1,1,6
Djibouti,2017,0,1,1,2,1,1,2,2,6,0,1,2,3,2,2,1,1,6
Djibouti,2018,0,1,1,2,1,1,2,2,6,0,1,2,3,2,2,1,1,6
Djibouti,2019,0,1,1,2,1,1,2,2,6,0,1,2,3,2,2,1,1,6
Djibouti,2020,0,1,1,2,0,2,2,2,6,0,1,2,3,2,2,1,1,6
Djibouti,2021,0,1,1,2,0,2,2,2,6,0,1,2,3,2,2,1,1,6
Djibouti,2022,0,1,1,2,0,2,2,2,6,0,1,2,3,2,2,1,1,6
Djibouti,2023,0,1,1,2,0,2,2,2,6,0,1,2,3,2,2,1,1,6
Djibouti,2024,0,1,1,2,0,2,2,2,6,0,1,2,3,2,2,1,1,6
Djibouti,2025,0,1,1,2,0,2,2,2,6,0,1,2,3,2,2,1,1,6
Dominica,2013,4,4,4,12,3,4,4,4,15,4,4,4,12,4,4,3,4,15
Dominica,2014,4,4,4,12,3,4,4,4,15,4,4,4,12,4,4,3,4,15
Dominica,2015,4,4,4,12,3,4,4,4,15,4,4,4,12,4,4,3,4,15
Dominica,2016,4,4,4,12,3,4,4,4,15,4,4,4,12,4,4,3,4,15
Dominica,2017,4,4,4,12,3,4,4,4,15,4,4,4,12,4,4,3,4,15
Dominica,2018,4,4,3,11,3,4,4,4,15,3,4,4,11,4,4,3,4,15
Dominica,2019,4,4,3,11,3,4,4,4,15,3,4,4,11,4,4,3,4,15
Dominica,2020,4,4,3,11,3,4,4,4,15,3,4,4,11,4,4,3,4,15
Dominica,2021,4,4,3,11,3,4,4,4,15,3,4,4,11,4,4,3,4,15
Dominica,2022,4,4,3,11,3,4,4,4,15,3,4,4,11,4,4,3,4,15
Dominica,2023,4,4,3,11,3,4,4,4,15,3,4,4,11,4,4,3,4,15
Dominica,2024,4,4,3,11,3,4,4,4,15,3,4,4,11,4,4,3,4,15
Dominica,2025,4,4,3,11,3,4,4,4,15,3,4,4,11,4,4,3,4,15
Dominican Republic,2013,4,3,3,10,3,4,4,4,15,3,4,3,10,4,3,2,2,11
Dominican Republic,2014,4,3,3,10,3,4,4,4,15,3,4,3,10,3,3,2,2,10
Dominican Republic,2015,4,3,3,10,3,4,4,4,15,3,4,3,10,3,3,2,2,10
Dominican Republic,2016,4,3,3,10,2,4,4,4,14,3,4,3,10,2,3,2,2,9
Dominican Republic,2017,3,3,3,9,2,4,4,4,14,3,4,3,10,2,3,2,2,9
Dominican Republic,2018,3,3,3,9,2,4,4,4,14,3,4,3,10,2,3,2,2,9
Dominican Republic,2019,3,3,3,9,2,4,4,4,14,3,4,3,10,2,3,2,2,9
Dominican Republic,2020,3,3,3,9,2,4,4,4,14,3,4,3,10,2,3,2,2,9
Dominican Republic,2021,3,3,3,9,2,4,4,4,14,3,4,3,10,2,3,2,2,9
Dominican Republic,2022,3,3,3,9,2,4,4,4,14,3,4,3,10,2,3,2,2,9
Dominican Republic,2023,3,3,3,9,2,4,4,4,14,3,4,3,10,2,3,2,2,9
Dominican Republic,2024,3,3,3,9,2,4,4,4,14,3,4,3,10,2,3,2,2,9
Dominican Republic,2025,3,3,3,9,2,4,4,4,14,3,4,3,10,2,3,2,2,9
Ecuador,2013,3,3,1,7,1,4,4,4,13,2,2,3,7,3,2,3,2,10
Ecuador,2014,3,3,1,7,1,4,4,4,13,2,2,3,7,3,2,3,2,10
Ecuador,2015,3,3,1,7,1,4,4,3,12,2,2,3,7,3,2,3,2,10
Ecuador,2016,3,3,1,7,1,4,4,3,12,2,2,3,7,3,2,3,2,10
Ecuador,2017,3,3,1,7,1,4,3,3,11,2,2,2,6,3,2,3,2,10
Ecuador,2018,3,3,1,7,2,4,3,3,12,3,2,2,7,3,2,3,2,10
Ecuador,2019,3,3,1,7,2,4,3,3,12,3,3,3,9,3,2,3,2,10
Ecuador,2020,3,3,2,8,2,4,3,3,12,2,3,3,8,3,2,3,2,10
Ecuador,2021,3,3,2,8,3,4,3,3,13,3,3,3,9,3,2,3,2,10
Ecuador,2022,4,4,3,11,3,4,3,3,13,3,3,3,9,3,2,3,2,10
Ecuador,2023,4,4,3,11,3,4,3,3,13,3,3,3,9,3,2,3,2,10
Ecuador,2024,4,4,3,11,2,4,3,3,12,3,3,3,9,3,2,3,2,10
Ecuador,2025,4,4,3,11,2,4,3,3,12,3,3,3,9,2,2,3,2,9
Egypt,2013,2,0,1,3,2,1,2,3,8,2,1,2,5,3,2,2,1,8
Egypt,2014,0,0,1,1,1,1,1,3,6,1,1,2,4,3,2,2,1,8
Egypt,2015,1,0,1,2,1,1,1,2,5,1,1,2,4,2,2,2,1,7
Egypt,2016,1,1,1,3,1,1,1,2,5,1,1,2,4,2,2,2,1,7
Egypt,2017,1,1,1,3,1,1,1,2,5,1,1,2,4,1,2,2,1,6
Egypt,2018,1,1,1,3,1,1,1,2,5,1,0,1,2,1,2,2,1,6
Egypt,2019,0,1,1,2,1,1,1,1,4,0,0,1,1,1,2,2,1,6
Egypt,2020,0,1,1,2,1,1,1,1,4,0,0,1,1,1,2,2,1,6
Egypt,2021,0,1,1,2,0,1,1,1,3,0,0,1,1,1,2,2,1,6
Egypt,2022,0,1,1,2,0,1,1,1,3,0,0,1,1,1,2,2,1,6
Egypt,2023,0,1,1,2,0,1,1,1,3,0,0,1,1,1,2,2,1,6
Egypt,2024,0,1,1,2,0,1,1,1,3,0,0,1,1,1,2,2,1,6
Egypt,2025,0,1,1,2,0,1,1,1,3,0,0,1,1,1,2,2,1,6
El Salvador,2013,4,4,4,12,3,4,4,4,15,3,3,2,8,4,2,2,2,10
El Salvador,2014,4,4,4,12,3,4,4,4,15,3,3,2,8,4,2,2,2,10
El Salvador,2015,4,4,4,12,3,4,4,4,15,3,3,2,8,3,2,2,2,9
El Salvador,2016,4,3,3,10,2,4,3,3,12,3,3,2,8,2,2,2,2,8
El Salvador,2017,4,3,4,11,2,4,3,3,12,3,3,2,8,2,2,2,2,8
El Salvador,2018,4,3,4,11,2,4,3,3,12,3,3,2,8,2,2,2,2,8
El Salvador,2019,4,3,4,11,2,4,3,3,12,3,3,2,8,2,2,2,2,8
El Salvador,2020,4,3,4,11,2,3,3,3,11,3,3,2,8,2,2,2,2,8
El Salvador,2021,4,3,4,11,2,3,3,3,11,3,3,2,8,1,2,2,2,7
El Salvador,2022,4,3,3,10,2,3,3,3,11,3,3,2,8,2,2,2,2,8
El Salvador,2023,4,3,3,10,2,4,3,2,11,3,2,2,7,3,2,2,2,9
El Salvador,2024,4,3,2,9,2,4,3,2,11,3,2,2,7,3,3,2,2,10
El Salvador,2025,2,2,2,6,2,4,3,2,11,3,2,1,6,3,3,2,2,10
Equatorial Guinea,2013,0,0,0,0,0,2,1,1,4,0,0,0,0,1,1,1,0,3
Equatorial Guinea,2014,0,0,0,0,0,2,1,1,4,0,0,0,0,1,1,1,0,3
Equatorial Guinea,2015,0,0,0,0,0,2,1,1,4,0,0,0,0,1,1,1,0,3
Equatorial Guinea,2016,0,0,0,0,0,2,1,1,4,0,0,0,0,1,1,1,0,3
Equatorial Guinea,2017,0,0,0,0,0,2,1,1,4,0,0,0,0,1,1,1,0,3
Equatorial Guinea,2018,0,0,0,0,0,2,1,0,3,0,0,0,0,1,1,1,0,3
Equatorial Guinea,2019,0,0,0,0,0,2,1,0,3,0,0,0,0,1,1,1,0,3
Equatorial Guinea,2020,0,0,0,0,0,2,1,0,3,0,0,0,0,1,1,1,0,3
Equatorial Guinea,2021,0,0,0,0,0,1,1,0,2,0,0,0,0,1,1,1,0,3
Equatorial Guinea,2022,0,0,0,0,0,1,1,0,2,0,0,0,0,1,1,1,0,3
Equatorial Guinea,2023,0,0,0,0,0,1,1,0,2,0,0,0,0,1,1,1,0,3
Equatorial Guinea,2024,0,0,0,0,0,1,1,0,2,0,0,0,0,1,1,1,0,3
Equatorial Guinea,2025,0,0,0,0,0,1,1,0,2,0,0,0,0,1,1,1,0,3
Eritrea,2013,0,0,0,0,0,0,0,0,0,0,0,0,0,0,0,2,0,2
Eritrea,2014,0,0,0,0,0,0,0,0,0,0,0,0,0,0,0,2,0,2
Eritrea,2015,0,0,0,0,0,0,0,0,0,0,0,0,0,0,0,2,0,2
Eritrea,2016,0,0,0,0,0,0,0,0,0,0,0,0,0,0,0,2,0,2
Eritrea,2017,0,0,0,0,0,0,0,0,0,0,0,0,0,0,0,2,0,2
Eritrea,2018,0,0,0,0,0,0,0,0,0,0,0,0,0,0,0,2,0,2
Eritrea,2019,0,0,0,0,0,0,0,0,0,0,0,0,0,0,0,1,0,1
Eritrea,2020,0,0,0,0,0,0,0,0,0,0,0,0,0,0,0,1,0,1
Eritrea,2021,0,0,0,0,0,0,0,0,0,0,0,0,0,0,0,1,0,1
Eritrea,2022,0,0,0,0,0,1,0,0,1,0,0,0,0,0,0,1,0,1
Eritrea,2023,0,0,0,0,0,1,0,0,1,0,0,0,0,0,0,1,0,1
Eritrea,2024,0,0,0,0,0,1,0,0,1,0,0,0,0,0,0,1,0,1
Eritrea,2025,0,0,0,0,0,1,0,0,1,0,0,0,0,0,0,1,0,1
Estonia,2013,4,4,4,12,4,4,4,4,16,4,4,4,12,4,4,3,3,14
Estonia,2014,4,4,4,12,4,4,4,4,16,4,4,4,12,4,4,3,3,14
Estonia,2015,4,4,4,12,4,4,4,4,16,4,4,4,12,4,4,3,3,14
Estonia,2016,4,4,4,12,4,4,4,4,16,4,4,4,12,4,4,3,3,14
Estonia,2017,4,4,4,12,4,4,4,4,16,4,4,4,12,4,4,3,3,14
Estonia,2018,4,4,4,12,4,4,4,4,16,4,4,4,12,4,4,3,3,14
Estonia,2019,4,4,4,12,4,4,4,4,16,4,4,4,12,4,4,3,3,14
Estonia,2020,4,4,4,12,4,4,4,4,16,4,4,4,12,4,4,3,3,14
Estonia,2021,4,4,4,12,4,4,4,4,16,4,4,4,12,4,4,3,3,14
Estonia,2022,4,4,4,12,4,4,4,4,16,4,4,4,12,4,4,3,3,14
Estonia,2023,4,4,4,12,4,4,4,4,16,4,4,4,12,4,4,3,3,14
Estonia,2024,4,4,4,12,4,4,4,4,16,4,4,4,12,4,4,4,3,15
Estonia,2025,4,4,4,12,4,4,4,4,16,4,4,4,12,4,4,4,3,15
Eswatini,2013,0,0,0,0,1,3,2,2,8,0,1,2,3,1,1,1,1,4
Eswatini,2014,0,0,0,0,1,3,2,2,8,0,1,1,2,1,1,1,1,4
Eswatini,2015,0,0,0,0,0,3,1,2,6,0,1,1,2,1,1,1,1,4
Eswatini,2016,0,0,0,0,1,3,1,2,7,0,1,1,2,1,1,1,1,4
Eswatini,2017,0,0,0,0,1,3,1,2,7,0,1,1,2,1,1,1,1,4
Eswatini,2018,0,0,0,0,1,2,1,1,5,0,1,1,2,1,1,1,1,4
Eswatini,2019,0,0,0,0,1,2,1,1,5,0,1,1,2,1,1,1,1,4
Eswatini,2020,0,0,0,0,1,2,1,1,5,1,1,1,3,2,1,1,1,5
Eswatini,2021,0,0,0,0,1,2,1,1,5,1,1,1,3,2,1,1,1,5
Eswatini,2022,0,0,0,0,1,2,1,1,5,0,1,1,2,2,1,1,1,5
Eswatini,2023,0,0,0,0,1,2,1,1,5,0,1,1,2,2,1,1,1,5
Eswatini,2024,0,0,0,0,1,2,1,1,5,0,1,1,2,2,1,1,1,5
Eswatini,2025,0,0,0,0,1,2,1,1,5,0,1,1,2,2,1,1,1,5
Ethiopia,2013,0,0,1,1,0,2,1,0,3,0,0,0,0,2,1,1,1,5
Ethiopia,2014,0,0,1,1,0,2,1,0,3,0,0,0,0,2,1,1,1,5
Ethiopia,2015,0,0,1,1,0,2,1,0,3,0,0,0,0,2,1,1,1,5
Ethiopia,2016,0,0,1,1,0,2,1,0,3,0,0,0,0,2,1,1,1,5
Ethiopia,2017,0,0,1,1,0,2,0,0,2,0,0,0,0,1,1,1,1,4
Ethiopia,2018,0,0,1,1,0,2,0,0,2,0,0,0,0,1,1,1,1,4
Ethiopia,2019,0,0,1,1,1,2,0,1,4,1,1,0,2,1,1,1,1,4
Ethiopia,2020,0,0,2,2,1,1,1,1,4,1,2,1,4,1,1,1,1,4
Ethiopia,2021,0,0,2,2,1,1,1,1,4,1,2,1,4,0,1,1,1,3
Ethiopia,2022,1,1,2,4,1,1,1,1,4,1,1,1,3,0,1,1,1,3
Ethiopia,2023,1,1,2,4,1,1,1,1,4,1,1,1,3,0,1,1,1,3
Ethiopia,2024,1,1,2,4,1,1,1,1,4,0,1,1,2,0,1,1,1,3
Ethiopia,2025,1,1,2,4,1,1,1,1,4,0,1,1,2,0,1,1,1,3
Fiji,2013,0,0,0,0,2,3,3,3,11,1,1,1,3,3,3,2,2,10
Fiji,2014,0,0,0,0,2,3,3,3,11,1,1,1,3,3,3,2,2,10
Fiji,2015,3,3,3,9,2,3,3,3,11,2,1,1,4,3,3,2,2,10
Fiji,2016,3,3,3,9,2,3,3,3,11,2,2,1,5,3,3,2,2,10
Fiji,2017,3,2,3,8,2,4,3,3,12,1,2,2,5,3,3,2,2,10
Fiji,2018,3,2,3,8,2,4,3,3,12,2,2,2,6,3,3,2,2,10
Fiji,2019,3,2,3,8,2,4,3,3,12,3,3,2,8,3,3,2,2,10
Fiji,2020,3,2,3,8,2,4,3,3,12,2,3,2,7,3,3,2,2,10
Fiji,2021,3,2,3,8,2,4,3,3,12,2,3,2,7,3,3,2,2,10
Fiji,2022,3,2,2,7,2,4,2,3,11,2,3,2,7,3,3,2,2,10
Fiji,2023,3,2,2,7,2,4,2,3,11,2,3,2,7,3,3,2,2,10
Fiji,2024,3,2,3,8,4,4,3,3,14,2,3,3,8,3,3,2,2,10
Fiji,2025,3,2,3,8,4,4,3,3,14,3,3,3,9,3,3,2,2,10
Finland,2013,4,4,4,12,4,4,4,4,16,4,4,4,12,4,4,4,4,16
Finland,2014,4,4,4,12,4,4,4,4,16,4,4,4,12,4,4,4,4,16
Finland,2015,4,4,4,12,4,4,4,4,16,4,4,4,12,4,4,4,4,16
Finland,2016,4,4,4,12,4,4,4,4,16,4,4,4,12,4,4,4,4,16
Finland,2017,4,4,4,12,4,4,4,4,16,4,4,4,12,4,4,4,4,16
Finland,2018,4,4,4,12,4,4,4,4,16,4,4,4,12,4,4,4,4,16
Finland,2019,4,4,4,12,4,4,4,4,16,4,4,4,12,4,4,4,4,16
Finland,2020,4,4,4,12,4,4,4,4,16,4,4,4,12,4,4,4,4,16
Finland,2021,4,4,4,12,4,4,4,4,16,4,4,4,12,4,4,4,4,16
Finland,2022,4,4,4,12,4,4,4,4,16,4,4,4,12,4,4,4,4,16
Finland,2023,4,4,4,12,4,4,4,4,16,4,4,4,12,4,4,4,4,16
Finland,2024,4,4,4,12,4,4,4,4,16,4,4,4,12,4,4,4,4,16
Finland,2025,4,4,4,12,4,4,4,4,16,4,4,4,12,4,4,4,4,16
France,2013,4,4,4,12,4,3,4,4,15,4,4,4,12,4,4,4,3,15
France,2014,4,4,4,12,4,3,4,4,15,4,4,4,12,4,4,4,3,15
France,2015,4,4,4,12,4,3,4,4,15,4,4,4,12,4,4,4,3,15
France,2016,4,4,4,12,4,3,4,3,14,3,4,4,11,4,4,4,3,15
France,2017,4,4,4,12,4,3,4,3,14,3,4,4,11,4,4,3,3,14
France,2018,4,4,4,12,4,3,4,3,14,3,4,4,11,4,4,3,3,14
France,2019,4,4,4,12,4,3,4,3,14,3,4,4,11,4,4,3,3,14
France,2020,4,4,4,12,4,3,4,3,14,3,4,4,11,4,4,3,3,14
France,2021,4,4,4,12,4,3,4,3,14,3,4,4,11,4,4,3,3,14
France,2022,4,4,4,12,4,3,4,3,14,3,3,4,10,4,4,3,3,14
France,2023,4,4,4,12,4,3,4,3,14,3,3,4,10,4,4,3,3,14
France,2024,4,4,4,12,4,3,4,3,14,3,3,4,10,4,4,3,3,14
France,2025,4,4,4,12,4,3,4,3,14,3,3,4,10,4,4,3,3,14
Gabon,2013,0,1,1,2,1,3,3,3,10,1,1,2,4,2,1,1,1,5
Gabon,2014,0,1,1,2,1,3,3,3,10,1,1,2,4,2,1,1,1,5
Gabon,2015,0,1,1,2,1,3,3,3,10,1,1,2,4,2,1,1,1,5
Gabon,2016,0,1,1,2,1,3,3,3,10,1,1,2,4,2,1,1,1,5
Gabon,2017,0,1,1,2,1,3,3,2,9,1,1,2,4,2,1,1,1,5
Gabon,2018,0,0,0,0,1,3,2,2,8,1,1,1,3,2,1,1,1,5
Gabon,2019,0,0,0,0,1,3,2,2,8,1,1,1,3,2,1,1,1,5
Gabon,2020,0,0,0,0,1,3,2,2,8,1,1,1,3,2,1,1,1,5
Gabon,2021,0,0,0,0,1,3,2,2,8,1,1,1,3,2,1,1,1,5
Gabon,2022,0,0,0,0,1,3,1,2,7,1,1,1,3,2,1,1,1,5
Gabon,2023,0,0,0,0,1,3,1,2,7,1,1,1,3,2,1,1,1,5
Gabon,2024,0,0,0,0,1,3,1,2,7,1,1,1,3,2,1,1,1,5
Gabon,2025,0,0,0,0,2,3,1,2,8,1,1,1,3,2,1,1,1,5
Georgia,2013,2,3,2,7,2,2,4,4,12,2,3,2,7,3,2,3,2,10
Georgia,2014,3,3,2,8,2,2,4,4,12,3,3,2,8,3,2,3,2,10
Georgia,2015,3,3,3,9,2,2,4,4,12,3,3,2,8,3,2,3,2,10
Georgia,2016,3,3,3,9,2,2,4,3,11,3,3,2,8,3,2,3,2,10
Georgia,2017,3,3,3,9,2,2,4,3,11,3,3,2,8,3,2,3,2,10
Georgia,2018,3,3,3,9,2,2,4,3,11,3,3,2,8,3,3,3,2,11
Georgia,2019,2,3,3,8,2,2,3,3,10,3,3,2,8,4,3,3,2,12
Georgia,2020,2,3,3,8,2,2,3,3,10,2,3,2,7,4,3,3,2,12
Georgia,2021,2,2,3,7,2,2,3,3,10,2,3,2,7,4,3,3,2,12
Georgia,2022,2,2,3,7,2,2,3,2,9,2,3,2,7,4,3,3,2,12
Georgia,2023,2,2,3,7,2,2,3,2,9,2,3,2,7,4,3,3,2,12
Georgia,2024,2,2,3,7,2,2,3,2,9,2,3,2,7,4,3,3,2,12
Georgia,2025,2,2,2,6,2,2,3,2,9,1,2,2,5,4,3,3,2,12
Germany,2013,4,4,4,12,4,3,4,4,15,4,4,4,12,4,4,4,3,15
Germany,2014,4,4,4,12,4,3,4,4,15,4,4,4,12,4,4,4,3,15
Germany,2015,4,4,4,12,4,3,4,4,15,4,4,4,12,4,4,4,3,15
Germany,2016,4,4,4,12,4,3,4,4,15,4,4,4,12,4,4,4,3,15
Germany,2017,4,4,4,12,4,3,4,4,15,4,4,4,12,4,4,4,3,15
Germany,2018,4,4,4,12,4,3,4,3,14,4,4,4,12,4,4,4,3,15
Germany,2019,4,4,4,12,4,3,4,3,14,4,4,4,12,4,4,4,3,15
Germany,2020,4,4,4,12,4,3,4,3,14,4,4,4,12,4,4,4,3,15
Germany,2021,4,4,4,12,4,3,4,3,14,4,4,4,12,4,4,4,3,15
Germany,2022,4,4,4,12,4,3,4,3,14,4,4,4,12,4,4,4,3,15
Germany,2023,4,4,4,12,4,3,4,3,14,4,4,4,12,4,4,4,3,15
Germany,2024,4,4,4,12,4,3,4,3,14,3,4,4,11,4,4,4,3,15
Germany,2025,4,4,4,12,4,3,4,3,14,4,4,4,12,4,4,4,3,15
Ghana,2013,4,4,4,12,3,3,4,4,14,4,4,3,11,3,3,2,2,10
Ghana,2014,4,4,4,12,3,3,4,4,14,4,4,3,11,3,3,2,2,10
Ghana,2015,4,4,4,12,3,3,4,4,14,4,4,3,11,3,3,2,2,10
Ghana,2016,4,4,4,12,3,3,4,4,14,4,4,3,11,3,3,2,2,10
Ghana,2017,4,4,4,12,3,3,4,4,14,4,4,3,11,3,3,2,2,10
Ghana,2018,4,4,4,12,3,3,4,4,14,4,4,3,11,3,3,2,2,10
Ghana,2019,4,4,4,12,3,3,4,4,14,4,4,3,11,3,3,3,2,11
Ghana,2020,4,4,4,12,3,3,4,4,14,4,4,3,11,3,3,3,2,11
Ghana,2021,4,4,4,12,3,3,4,4,14,4,4,3,11,3,3,3,2,11
Ghana,2022,4,4,4,12,3,3,4,4,14,3,4,3,10,3,3,3,2,11
Ghana,2023,4,4,4,12,3,3,4,4,14,3,4,3,10,3,3,3,2,11
Ghana,2024,4,4,4,12,3,3,4,4,14,3,4,3,10,3,3,3,2,11
Ghana,2025,4,4,4,12,3,3,4,4,14,3,4,3,10,3,3,3,2,11
Greece,2013,4,4,4,12,3,3,4,4,14,3,4,4,11,4,3,3,3,13
Greece,2014,4,4,4,12,3,3,4,4,14,3,4,4,11,4,3,3,3,13
Greece,2015,4,4,4,12,3,3,4,4,14,3,4,4,11,4,3,3,3,13
Greece,2016,4,4,4,12,3,3,4,4,14,3,4,4,11,4,3,3,3,13
Greece,2017,4,4,4,12,3,3,4,4,14,3,4,4,11,4,3,3,3,13
Greece,2018,4,4,4,12,3,3,4,4,14,4,4,4,12,4,3,3,3,13
Greece,2019,4,4,4,12,3,3,4,4,14,4,4,4,12,4,3,4,3,14
Greece,2020,4,4,4,12,3,3,4,4,14,4,4,4,12,4,3,4,3,14
Greece,2021,4,4,4,12,3,3,4,4,14,3,4,4,11,4,3,4,3,14
Greece,2022,4,4,4,12,3,3,4,4,14,3,4,4,11,4,3,4,3,14
Greece,2023,4,4,4,12,3,3,4,4,14,4,4,4,12,4,3,4,3,14
Greece,2024,4,4,4,12,3,3,4,3,13,4,4,4,12,4,3,4,3,14
Greece,2025,4,4,4,12,3,3,4,3,13,4,4,4,12,4,3,4,3,14
Grenada,2013,4,4,4,12,3,4,4,4,15,4,4,3,11,4,3,3,3,13
Grenada,2014,4,4,4,12,3,4,4,4,15,4,4,3,11,4,3,3,3,13
Grenada,2015,4,4,4,12,3,4,4,4,15,4,4,3,11,4,3,3,3,13
Grenada,2016,4,4,4,12,3,4,4,4,15,4,4,3,11,4,3,3,3,13
Grenada,2017,4,4,4,12,3,4,4,4,15,4,4,3,11,4,3,3,3,13
Grenada,2018,4,4,3,11,3,4,4,4,15,4,4,3,11,4,3,3,3,13
Grenada,2019,4,4,3,11,3,4,4,4,15,4,4,3,11,4,3,3,3,13
Grenada,2020,4,4,3,11,3,4,4,4,15,4,4,3,11,4,3,3,3,13
Grenada,2021,4,4,3,11,3,4,4,4,15,4,4,3,11,4,3,3,3,13
Grenada,2022,4,4,3,11,3,4,4,4,15,4,4,3,11,4,3,3,3,13
Grenada,2023,4,4,3,11,3,4,4,4,15,4,4,3,11,4,3,3,3,13
Grenada,2024,4,4,3,11,3,4,4,4,15,4,4,3,11,4,3,3,3,13
Grenada,2025,4,4,3,11,3,4,4,4,15,4,4,3,11,4,3,3,3,13
Guatemala,2013,3,3,3,9,2,4,3,3,12,2,3,2,7,3,2,2,1,8
Guatemala,2014,3,3,3,9,2,4,3,3,12,2,2,2,6,3,2,2,1,8
Guatemala,2015,3,3,3,9,2,4,3,3,12,2,2,2,6,3,2,2,1,8
Guatemala,2016,3,3,2,8,2,4,3,3,12,2,2,2,6,3,2,2,1,8
Guatemala,2017,3,3,2,8,2,4,3,2,11,2,2,2,6,3,2,2,1,8
Guatemala,2018,3,3,2,8,2,4,3,3,12,2,2,2,6,3,2,2,1,8
Guatemala,2019,3,3,2,8,2,4,3,2,11,2,2,2,6,3,2,2,1,8
Guatemala,2020,2,3,2,7,2,4,3,2,11,2,2,2,6,3,2,2,1,8
Guatemala,2021,2,3,2,7,2,4,3,2,11,2,2,2,6,3,2,2,1,8
Guatemala,2022,2,3,2,7,2,4,3,2,11,2,2,2,6,3,2,2,1,8
Guatemala,2023,2,3,2,7,1,4,3,2,10,2,2,2,6,3,2,2,1,8
Guatemala,2024,2,2,2,6,1,4,3,2,10,2,2,2,6,3,2,2,1,8
Guatemala,2025,2,2,2,6,1,4,3,2,10,2,2,2,6,3,2,2,1,8
Guinea,2013,3,0,2,5,1,3,2,3,9,1,3,2,6,1,2,1,1,5
Guinea,2014,3,1,2,6,1,3,2,3,9,1,3,2,6,1,2,1,1,5
Guinea,2015,3,1,2,6,1,3,2,3,9,1,3,2,6,1,2,1,1,5
Guinea,2016,3,1,2,6,1,3,2,3,9,1,2,2,5,1,2,1,1,5
Guinea,2017,3,1,2,6,1,3,3,3,10,1,2,2,5,1,2,1,1,5
Guinea,2018,3,1,2,6,1,3,3,3,10,1,2,2,5,1,2,1,1,5
Guinea,2019,3,1,2,6,2,3,3,3,11,1,2,2,5,2,2,1,1,6
Guinea,2020,3,0,2,5,2,3,3,3,11,1,1,2,4,2,2,1,1,6
Guinea,2021,2,1,1,4,2,3,3,2,10,1,1,2,4,2,2,1,1,6
Guinea,2022,0,0,1,1,2,3,3,2,10,1,1,2,4,2,2,1,1,6
Guinea,2023,0,0,0,0,1,3,3,2,9,1,1,2,4,2,2,1,1,6
Guinea,2024,0,0,0,0,1,3,3,2,9,1,1,2,4,2,2,1,1,6
Guinea,2025,0,0,0,0,1,3,3,2,9,1,1,2,4,2,2,1,1,6
Guinea-Bissau,2013,0,0,2,2,1,3,3,3,10,1,2,2,5,2,1,1,1,5
Guinea-Bissau,2014,0,1,2,3,1,3,3,3,10,1,2,2,5,2,1,1,1,5
Guinea-Bissau,2015,3,3,2,8,1,3,3,3,10,1,2,2,5,2,1,1,1,5
Guinea-Bissau,2016,2,3,2,7,1,3,3,3,10,1,2,2,5,2,1,1,1,5
Guinea-Bissau,2017,2,3,2,7,1,3,3,3,10,1,2,2,5,2,1,1,1,5
Guinea-Bissau,2018,2,3,2,7,1,3,3,3,10,1,2,3,6,2,1,1,1,5
Guinea-Bissau,2019,2,2,2,6,2,3,3,3,11,1,3,3,7,2,1,1,1,5
Guinea-Bissau,2020,2,3,2,7,2,3,3,3,11,2,3,3,8,2,1,1,1,5
Guinea-Bissau,2021,2,3,2,7,1,3,3,3,10,1,3,3,7,2,1,1,1,5
Guinea-Bissau,2022,2,3,2,7,1,3,3,3,10,1,2,3,6,2,1,1,1,5
Guinea-Bissau,2023,2,3,2,7,1,3,3,3,10,1,2,3,6,2,1,1,1,5
Guinea-Bissau,2024,2,3,2,7,1,3,3,3,10,1,2,3,6,2,1,1,1,5
Guinea-Bissau,2025,2,1,2,5,1,3,3,3,10,1,2,3,6,2,1,1,1,5
Guyana,2013,4,4,3,11,3,4,4,4,15,2,4,3,9,3,2,2,2,9
Guyana,2014,4,4,3,11,3,4,4,4,15,3,4,3,10,3,2,2,2,9
Guyana,2015,4,4,3,11,3,4,4,4,15,3,4,3,10,3,2,2,2,9
Guyana,2016,4,4,3,11,3,4,4,4,15,3,4,3,10,3,2,2,2,9
Guyana,2017,4,4,3,11,3,4,4,4,15,3,4,3,10,3,2,2,2,9
Guyana,2018,4,4,3,11,3,4,4,4,15,3,4,3,10,3,2,2,2,9
Guyana,2019,4,4,3,11,3,4,4,4,15,4,4,3,11,3,2,2,2,9
Guyana,2020,3,4,3,10,3,4,4,4,15,4,4,3,11,3,2,2,2,9
Guyana,2021,3,3,3,9,3,4,4,4,15,4,4,3,11,3,2,2,2,9
Guyana,2022,3,3,3,9,3,4,4,4,15,4,4,3,11,3,2,2,2,9
Guyana,2023,3,3,3,9,3,4,4,4,15,4,4,3,11,3,2,2,2,9
Guyana,2024,3,3,3,9,3,4,4,4,15,4,4,3,11,3,2,2,2,9
Guyana,2025,3,3,3,9,3,4,4,4,15,4,4,3,11,3,2,3,2,10
Haiti,2013,2,2,1,5,2,3,2,3,10,2,1,2,5,2,1,2,0,5
Haiti,2014,2,1,1,4,2,3,2,3,10,2,1,2,5,2,2,2,0,6
Haiti,2015,2,1,1,4,2,3,2,3,10,2,1,1,4,2,2,2,0,6
Haiti,2016,2,1,1,4,2,3,2,3,10,2,1,1,4,2,2,2,0,6
Haiti,2017,1,1,1,3,2,3,2,3,10,2,1,1,4,2,2,2,0,6
Haiti,2018,2,1,2,5,2,3,2,3,10,2,1,1,4,2,2,2,0,6
Haiti,2019,2,1,2,5,2,3,2,3,10,2,1,1,4,2,2,2,0,6
Haiti,2020,2,1,2,5,2,3,2,3,10,1,1,1,3,1,2,2,0,5
Haiti,2021,2,0,2,4,2,3,2,3,10,1,1,1,3,1,2,2,0,5
Haiti,2022,1,0,2,3,2,3,2,2,9,2,1,1,4,1,2,2,0,5
Haiti,2023,1,0,2,3,1,3,2,2,8,2,1,1,4,1,1,2,0,4
Haiti,2024,1,0,2,3,1,3,2,2,8,2,1,1,4,1,1,2,0,4
Haiti,2025,0,0,1,1,1,2,2,2,7,2,1,1,4,1,1,2,0,4
Honduras,2013,2,2,2,6,1,4,3,3,11,2,2,2,6,3,2,2,2,9
Honduras,2014,2,3,2,7,1,4,3,3,11,2,2,2,6,3,2,2,2,9
Honduras,2015,2,3,2,7,1,4,2,3,10,2,2,2,6,2,2,2,2,8
Honduras,2016,2,3,2,7,1,4,2,2,9,2,1,2,5,2,2,2,2,8
Honduras,2017,2,3,2,7,1,4,2,2,9,2,1,2,5,2,2,2,2,8
Honduras,2018,2,3,2,7,1,4,2,2,9,1,1,2,4,2,2,2,2,8
Honduras,2019,2,3,2,7,1,4,2,2,9,1,1,2,4,2,2,2,2,8
Honduras,2020,2,3,2,7,1,4,2,2,9,1,1,2,4,2,2,2,2,8
Honduras,2021,2,3,2,7,1,4,2,2,9,1,1,2,4,2,2,2,2,8
Honduras,2022,3,2,3,8,1,4,2,2,9,2,1,2,5,2,2,2,2,8
Honduras,2023,3,2,3,8,1,4,2,2,9,2,1,2,5,2,2,2,2,8
Honduras,2024,3,2,3,8,1,4,2,2,9,2,1,2,5,2,2,2,2,8
Honduras,2025,3,2,3,8,1,4,2,2,9,2,1,2,5,2,2,2,2,8
Hungary,2013,4,4,4,12,3,4,4,4,15,4,4,4,12,4,4,3,3,14
Hungary,2014,4,4,4,12,3,4,4,4,15,4,4,4,12,4,4,3,3,14
Hungary,2015,3,3,3,9,3,4,3,4,14,4,3,4,11,4,4,3,3,14
Hungary,2016,3,3,3,9,2,4,3,4,13,4,3,4,11,4,3,3,3,13
Hungary,2017,3,3,3,9,2,4,3,4,13,4,3,4,11,4,3,3,3,13
Hungary,2018,3,3,3,9,2,4,2,3,11,4,2,4,10,4,3,3,3,13
Hungary,2019,3,3,3,9,2,3,2,3,10,4,2,4,10,4,3,3,3,13
Hungary,2020,3,3,3,9,2,3,2,3,10,4,2,4,10,4,3,3,3,13
Hungary,2021,3,3,3,9,2,3,2,3,10,4,2,4,10,4,3,3,3,13
Hungary,2022,3,3,3,9,2,3,2,3,10,4,2,4,10,4,3,3,3,13
Hungary,2023,2,2,3,7,2,3,2,3,10,4,2,3,9,4,3,3,3,13
Hungary,2024,2,2,3,7,2,3,2,3,10,3,2,3,8,4,3,3,3,13
Hungary,2025,2,2,3,7,2,3,2,3,10,3,2,3,8,4,3,3,3,13
Iceland,2013,4,4,4,12,4,4,4,4,16,4,4,4,12,4,4,4,4,16
Iceland,2014,4,4,4,12,4,4,4,4,16,4,4,4,12,4,4,4,4,16
Iceland,2015,4,4,4,12,4,4,4,4,16,4,4,4,12,4,4,4,4,16
Iceland,2016,4,4,4,12,4,4,4,4,16,4,4,4,12,4,4,4,4,16
Iceland,2017,4,4,4,12,4,4,4,4,16,4,4,4,12,4,4,4,4,16
Iceland,2018,4,4,4,12,3,4,4,4,15,4,4,4,12,4,4,4,4,16
Iceland,2019,4,4,4,12,3,4,4,4,15,4,4,4,12,4,4,4,3,15
Iceland,2020,4,4,4,12,3,4,4,4,15,4,4,4,12,4,4,4,3,15
Iceland,2021,4,4,4,12,3,4,4,4,15,4,4,4,12,4,4,4,3,15
Iceland,2022,4,4,4,12,3,4,4,4,15,4,4,4,12,4,4,4,3,15
Iceland,2023,4,4,4,12,3,4,4,4,15,4,4,4,12,4,4,4,3,15
Iceland,2024,4,4,4,12,3,4,4,4,15,4,4,4,12,4,4,4,3,15
Iceland,2025,4,4,4,12,3,4,4,4,15,4,4,4,12,4,4,4,3,15
India,2013,4,4,3,11,3,3,3,4,13,4,4,3,11,3,3,2,2,10
India,2014,4,4,3,11,3,3,3,4,13,4,4,3,11,3,3,2,2,10
India,2015,4,4,4,12,3,3,3,4,13,4,4,3,11,3,3,2,2,10
India,2016,4,4,4,12,3,3,3,4,13,4,3,3,10,3,3,2,2,10
India,2017,4,4,4,12,3,3,3,4,13,4,3,3,10,3,3,2,2,10
India,2018,4,4,4,12,3,3,3,4,13,4,3,3,10,3,3,2,2,10
India,2019,4,4,4,12,2,2,3,4,11,4,3,3,10,3,3,2,2,10
India,2020,4,4,4,12,2,2,2,4,10,2,3,3,8,3,3,2,2,10
India,2021,4,4,4,12,2,2,2,3,9,2,2,3,7,2,3,2,2,9
India,2022,4,4,4,12,2,2,2,3,9,2,2,3,7,2,3,2,2,9
India,2023,4,4,4,12,2,2,2,3,9,2,2,3,7,3,2,2,2,9
India,2024,4,4,4,12,2,2,2,3,9,2,2,3,7,3,2,2,2,9
India,2025,4,4,3,11,2,2,2,2,8,2,2,3,7,3,2,2,2,9
Indonesia,2013,4,4,3,11,3,1,4,4,12,2,4,3,9,3,2,2,2,9
Indonesia,2014,4,4,3,11,3,1,4,4,12,2,3,3,8,3,2,2,2,9
Indonesia,2015,3,4,3,10,3,1,4,4,12,2,3,3,8,3,2,2,2,9
Indonesia,2016,4,4,3,11,3,1,4,4,12,2,3,3,8,3,2,2,2,9
Indonesia,2017,4,4,3,11,3,1,4,4,12,2,3,3,8,3,2,2,2,9
Indonesia,2018,4,4,3,11,3,1,4,4,12,2,3,3,8,3,2,2,2,9
Indonesia,2019,4,4,3,11,3,1,3,4,11,2,2,3,7,3,2,2,2,9
Indonesia,2020,4,4,3,11,3,1,3,3,10,2,2,3,7,3,2,2,2,9
Indonesia,2021,4,4,3,11,3,1,2,3,9,2,2,2,6,3,2,2,2,9
Indonesia,2022,4,4,3,11,3,1,2,3,9,2,2,2,6,3,2,2,2,9
Indonesia,2023,4,4,3,11,3,1,2,3,9,2,2,2,6,2,2,2,2,8
Indonesia,2024,4,4,3,11,3,1,2,3,9,2,2,2,6,2,2,2,2,8
Indonesia,2025,4,4,3,11,3,1,2,3,9,2,2,2,6,2,2,2,2,8
Iran,2013,0,1,1,2,0,0,1,1,2,0,0,1,1,1,1,1,1,4
Iran,2014,1,1,1,3,0,0,1,1,2,0,0,1,1,1,1,1,1,4
Iran,2015,1,1,1,3,0,0,1,1,2,0,0,1,1,1,1,1,1,4
Iran,2016,1,1,1,3,0,0,1,1,2,0,0,1,1,1,1,1,1,4
Iran,2017,1,1,1,3,0,0,1,1,2,0,0,1,1,1,1,1,1,4
Iran,2018,1,1,1,3,1,0,1,1,3,0,0,1,1,1,1,1,1,4
Iran,2019,1,1,1,3,1,0,1,1,3,0,0,1,1,1,1,1,1,4
Iran,2020,1,1,1,3,0,0,1,1,2,0,0,1,1,1,1,1,1,4
Iran,2021,1,1,1,3,0,0,1,1,2,0,0,1,1,1,1,1,1,4
Iran,2022,0,1,1,2,0,0,1,1,2,0,0,1,1,1,1,1,1,4
Iran,2023,0,1,1,2,0,0,1,0,1,0,0,1,1,1,1,1,1,4
Iran,2024,0,1,1,2,0,0,0,0,0,0,0,1,1,1,1,1,1,4
Iran,2025,0,1,1,2,0,0,0,0,0,0,0,1,1,1,1,1,1,4
Iraq,2013,2,2,3,7,1,1,1,2,5,1,2,1,4,1,1,1,1,4
Iraq,2014,2,2,3,7,1,1,1,2,5,1,2,1,4,1,1,1,1,4
Iraq,2015,2,3,3,8,1,1,1,2,5,1,2,1,4,1,1,1,1,4
Iraq,2016,2,3,3,8,1,1,1,2,5,2,2,2,6,1,1,1,1,4
Iraq,2017,2,3,3,8,1,1,1,2,5,2,2,2,6,1,1,1,1,4
Iraq,2018,2,3,3,8,1,1,1,2,5,2,2,2,6,1,1,1,1,4
Iraq,2019,2,3,3,8,1,1,1,2,5,1,2,2,5,1,1,1,1,4
Iraq,2020,2,3,3,8,1,1,1,2,5,0,2,2,4,1,1,1,1,4
Iraq,2021,2,3,3,8,1,1,1,1,4,0,2,2,4,1,1,1,1,4
Iraq,2022,2,3,3,8,1,1,1,1,4,0,2,2,4,1,1,1,1,4
Iraq,2023,2,3,3,8,1,1,1,1,4,0,2,2,4,1,1,1,1,4
Iraq,2024,2,3,3,8,1,1,1,1,4,1,2,2,5,1,1,1,1,4
Iraq,2025,2,3,3,8,1,1,1,1,4,1,2,2,5,1,2,1,1,5
Ireland,2013,4,4,4,12,4,4,4,4,16,4,4,4,12,4,4,3,4,15
Ireland,2014,4,4,4,12,4,4,4,4,16,4,4,4,12,4,4,3,4,15
Ireland,2015,4,4,4,12,4,4,4,4,16,4,4,4,12,4,4,3,4,15
Ireland,2016,4,4,4,12,4,4,4,4,16,4,4,4,12,4,4,3,4,15
Ireland,2017,4,4,4,12,4,4,4,4,16,4,4,4,12,4,4,3,4,15
Ireland,2018,4,4,4,12,4,4,4,4,16,4,4,4,12,4,4,3,4,15
Ireland,2019,4,4,4,12,4,4,4,4,16,4,4,4,12,4,4,4,4,16
Ireland,2020,4,4,4,12,4,4,4,4,16,4,4,4,12,4,4,4,4,16
Ireland,2021,4,4,4,12,4,4,4,4,16,4,4,4,12,4,4,4,4,16
Ireland,2022,4,4,4,12,4,4,4,4,16,4,4,4,12,4,4,4,4,16
Ireland,2023,4,4,4,12,4,4,4,4,16,4,4,4,12,4,4,4,4,16
Ireland,2024,4,4,4,12,4,4,4,4,16,4,4,4,12,4,4,4,4,16
Ireland,2025,4,4,4,12,4,4,4,4,16,4,4,4,12,4,4,4,4,16
Israel,2013,4,4,4,12,2,3,3,4,12,4,3,4,11,3,3,3,2,11
Israel,2014,4,4,4,12,2,3,3,4,12,4,3,4,11,3,3,3,2,11
Israel,2015,4,4,4,12,3,3,3,3,12,3,3,4,10,3,3,3,2,11
Israel,2016,4,4,4,12,3,3,3,3,12,3,3,4,10,3,3,3,2,11
Israel,2017,4,4,4,12,3,3,3,3,12,3,3,4,10,3,3,3,2,11
Israel,2018,4,4,4,12,3,3,3,3,12,3,2,4,9,3,3,3,2,11
Israel,2019,4,4,4,12,3,3,3,3,12,3,2,4,9,3,3,3,2,11
Israel,2020,4,4,4,12,3,3,3,3,12,3,2,4,9,3,3,3,2,11
Israel,2021,4,4,4,12,3,3,3,3,12,3,2,4,9,3,3,3,2,11
Israel,2022,4,4,4,12,3,3,3,3,12,2,2,4,8,3,3,3,2,11
Israel,2023,4,4,4,12,3,3,3,3,12,3,2,4,9,3,3,3,2,11
Israel,2024,4,4,4,12,3,3,3,3,12,3,2,4,9,3,3,3,2,11
Israel,2025,4,4,4,12,3,3,3,3,12,3,2,4,9,2,3,3,2,10
Italy,2013,3,4,4,11,3,4,4,4,15,4,4,4,12,4,3,4,3,14
Italy,2014,4,4,4,12,3,4,4,4,15,4,4,4,12,4,3,4,3,14
Italy,2015,4,4,4,12,3,4,4,4,15,4,4,4,12,4,3,4,3,14
Italy,2016,4,4,4,12,3,4,4,4,15,4,4,4,12,4,3,4,3,14
Italy,2017,4,4,4,12,3,4,4,4,15,4,4,4,12,4,3,4,3,14
Italy,2018,4,4,4,12,3,4,4,4,15,4,4,4,12,4,3,4,3,14
Italy,2019,4,4,4,12,3,4,4,4,15,4,4,4,12,4,3,4,3,14
Italy,2020,4,4,4,12,3,4,4,4,15,4,4,4,12,4,3,4,3,14
Italy,2021,4,4,4,12,3,4,4,4,15,4,4,4,12,4,3,4,3,14
Italy,2022,4,4,4,12,3,4,4,4,15,4,4,4,12,4,3,4,3,14
Italy,2023,4,4,4,12,3,4,4,4,15,4,4,4,12,4,3,4,3,14
Italy,2024,4,4,4,12,3,4,4,4,15,4,4,4,12,4,3,4,3,14
Italy,2025,4,4,4,12,2,4,4,4,14,4,4,4,12,4,3,4,3,14
Jamaica,2013,4,4,4,12,4,4,4,3,15,3,3,3,9,3,2,2,3,10
Jamaica,2014,4,4,4,12,4,4,4,3,15,3,3,3,9,3,2,2,3,10
Jamaica,2015,4,4,4,12,4,4,4,3,15,3,3,3,9,3,2,2,3,10
Jamaica,2016,4,4,4,12,4,4,4,3,15,3,3,3,9,3,2,2,3,10
Jamaica,2017,4,4,4,12,4,4,4,3,15,3,3,3,9,3,2,2,3,10
Jamaica,2018,4,4,4,12,4,4,4,3,15,3,3,3,9,3,3,2,3,11
Jamaica,2019,4,4,4,12,4,4,4,3,15,3,4,3,10,3,3,2,3,11
Jamaica,2020,4,4,4,12,4,4,4,3,15,3,4,3,10,3,3,2,3,11
Jamaica,2021,4,4,4,12,4,4,4,3,15,4,4,3,11,3,3,2,3,11
Jamaica,2022,4,4,4,12,4,4,4,3,15,4,4,3,11,3,3,2,3,11
Jamaica,2023,4,4,4,12,4,4,4,3,15,4,4,3,11,3,3,2,3,11
Jamaica,2024,4,4,3,11,4,4,4,3,15,4,4,3,11,3,3,2,3,11
Jamaica,2025,4,4,3,11,4,4,4,3,15,4,4,3,11,3,3,2,3,11
Japan,2013,4,4,4,12,3,3,3,4,13,4,3,3,10,4,3,3,3,13
Japan,2014,4,4,4,12,3,4,3,4,14,4,4,3,11,4,3,3,3,13
Japan,2015,4,4,4,12,3,4,4,4,15,4,4,3,11,4,4,3,3,14
Japan,2016,4,4,4,12,3,4,4,4,15,4,4,4,12,4,4,3,3,14
Japan,2017,4,4,4,12,3,4,4,4,15,4,4,4,12,4,4,3,3,14
Japan,2018,4,4,4,12,3,4,4,4,15,4,4,4,12,4,4,3,3,14
Japan,2019,4,4,4,12,3,4,4,4,15,4,4,4,12,4,4,3,3,14
Japan,2020,4,4,4,12,3,4,4,4,15,4,4,4,12,4,4,3,3,14
Japan,2021,4,4,4,12,3,4,4,4,15,4,4,4,12,4,4,3,3,14
Japan,2022,4,4,4,12,3,4,4,4,15,4,4,4,12,4,4,3,3,14
Japan,2023,4,4,4,12,3,4,4,4,15,4,4,4,12,4,4,3,3,14
Japan,2024,4,4,4,12,3,4,4,4,15,4,4,4,12,4,4,3,3,14
Japan,2025,4,4,4,12,3,4,4,4,15,4,4,4,12,4,4,3,3,14
Jordan,2013,0,1,1,2,1,2,2,2,7,1,1,1,3,2,2,2,2,8
Jordan,2014,0,1,1,2,1,2,2,2,7,1,1,1,3,2,2,2,2,8
Jordan,2015,0,1,1,2,1,2,2,2,7,1,2,1,4,2,2,2,2,8
Jordan,2016,0,1,1,2,1,2,2,2,7,1,2,1,4,2,2,2,2,8
Jordan,2017,0,1,2,3,1,2,2,2,7,1,2,1,4,2,2,2,2,8
Jordan,2018,0,1,2,3,1,2,2,2,7,1,1,1,3,2,2,2,2,8
Jordan,2019,0,1,2,3,1,2,2,2,7,1,1,1,3,2,2,2,2,8
Jordan,2020,0,1,2,3,1,2,2,2,7,1,1,1,3,2,2,2,2,8
Jordan,2021,0,1,1,2,1,2,2,2,7,0,1,0,1,2,2,2,2,8
Jordan,2022,0,1,1,2,1,2,2,2,7,0,1,0,1,2,2,2,1,7
Jordan,2023,0,1,1,2,1,2,2,2,7,0,1,0,1,2,2,2,1,7
Jordan,2024,0,1,1,2,1,2,2,1,6,1,1,0,2,2,2,2,1,7
Jordan,2025,0,1,2,3,1,2,2,1,6,1,1,0,2,2,2,2,1,7
Kazakhstan,2013,1,0,1,2,0,1,2,2,5,1,1,1,3,2,2,2,2,8
Kazakhstan,2014,1,0,1,2,0,1,2,1,4,1,1,1,3,2,2,2,2,8
Kazakhstan,2015,1,0,1,2,0,1,2,1,4,1,1,0,2,2,2,2,2,8
Kazakhstan,2016,1,0,1,2,0,1,2,1,4,1,1,0,2,2,2,2,2,8
Kazakhstan,2017,0,0,1,1,0,1,2,1,4,0,1,0,1,2,2,2,2,8
Kazakhstan,2018,0,0,1,1,0,1,2,1,4,0,1,0,1,2,2,2,2,8
Kazakhstan,2019,0,0,1,1,0,1,2,1,4,0,1,0,1,2,2,2,2,8
Kazakhstan,2020,0,0,1,1,0,1,2,1,4,1,1,0,2,2,2,2,2,8
Kazakhstan,2021,0,0,1,1,0,1,2,1,4,1,1,0,2,2,2,2,2,8
Kazakhstan,2022,0,0,1,1,0,1,2,1,4,1,1,0,2,2,2,2,2,8
Kazakhstan,2023,0,0,1,1,0,1,2,1,4,1,1,0,2,2,2,2,2,8
Kazakhstan,2024,0,0,1,1,0,1,2,1,4,1,1,0,2,2,2,2,2,8
Kazakhstan,2025,0,0,1,1,0,1,2,1,4,1,1,0,2,2,2,2,2,8
Kenya,2013,1,3,2,6,3,2,4,4,13,3,3,2,8,2,1,2,2,7
Kenya,2014,2,3,2,7,2,2,4,3,11,3,2,2,7,2,1,2,2,7
Kenya,2015,2,3,2,7,2,2,4,3,11,3,1,2,6,2,1,2,2,7
Kenya,2016,2,3,2,7,2,2,4,3,11,2,2,2,6,2,1,2,2,7
Kenya,2017,2,3,2,7,2,2,3,3,10,2,2,3,7,2,1,2,2,7
Kenya,2018,1,3,2,6,2,2,3,3,10,2,2,3,7,2,1,2,2,7
Kenya,2019,1,3,2,6,2,2,3,3,10,2,2,3,7,2,1,2,2,7
Kenya,2020,1,3,2,6,2,2,3,3,10,2,2,3,7,2,1,2,2,7
Kenya,2021,1,3,2,6,2,2,3,3,10,2,2,3,7,2,1,2,2,7
Kenya,2022,1,3,2,6,2,2,3,3,10,2,2,3,7,2,1,2,2,7
Kenya,2023,3,3,2,8,2,2,3,3,10,2,2,3,7,2,1,2,2,7
Kenya,2024,3,3,2,8,2,2,3,3,10,2,2,3,7,2,1,2,2,7
Kenya,2025,3,3,2,8,2,2,3,3,10,1,2,3,6,2,1,2,2,7
Kiribati,2013,4,4,4,12,3,4,4,4,15,4,4,4,12,4,3,3,3,13
Kiribati,2014,4,4,4,12,3,4,4,4,15,4,4,4,12,4,3,3,3,13
Kiribati,2015,4,4,4,12,3,4,4,4,15,4,4,4,12,4,3,3,3,13
Kiribati,2016,4,4,4,12,3,4,4,4,15,4,4,4,12,4,3,3,3,13
Kiribati,2017,4,4,4,12,3,4,4,4,15,4,4,4,12,4,3,3,3,13
Kiribati,2018,4,4,4,12,3,4,4,4,15,4,4,4,12,4,3,3,3,13
Kiribati,2019,4,4,4,12,4,4,4,4,16,4,4,4,12,4,3,3,3,13
Kiribati,2020,4,4,4,12,4,4,4,4,16,4,4,4,12,4,3,3,3,13
Kiribati,2021,4,4,4,12,4,4,4,4,16,4,4,4,12,4,3,3,3,13
Kiribati,2022,4,4,4,12,4,4,4,4,16,4,4,4,12,4,3,3,3,13
Kiribati,2023,4,4,4,12,4,4,4,4,16,4,4,4,12,4,3,3,3,13
Kiribati,2024,4,4,4,12,4,4,4,4,16,4,4,4,12,4,3,3,3,13
Kiribati,2025,3,4,4,11,4,4,4,4,16,4,4,4,12,4,3,3,3,13
Kosovo,2013,2,2,2,6,2,2,2,2,8,2,2,2,6,2,1,2,2,7
Kosovo,2014,2,2,2,6,2,2,2,2,8,2,2,2,6,2,1,2,2,7
Kosovo,2015,3,3,3,9,2,2,2,3,9,2,2,2,6,2,1,3,2,8
Kosovo,2016,3,3,3,9,2,2,2,3,9,2,2,2,6,2,1,2,2,7
Kosovo,2017,3,3,3,9,2,2,2,3,9,2,2,2,6,2,1,2,2,7
Kosovo,2018,3,3,3,9,2,2,2,3,9,2,2,2,6,2,1,2,2,7
Kosovo,2019,3,3,3,9,2,2,2,3,9,3,3,2,8,2,1,2,2,7
Kosovo,2020,3,3,3,9,2,2,2,3,9,3,3,2,8,3,1,2,2,8
Kosovo,2021,2,3,3,8,2,2,2,3,9,3,3,2,8,3,1,2,2,8
Kosovo,2022,3,3,3,9,2,2,2,3,9,3,3,2,8,3,1,2,2,8
Kosovo,2023,3,3,3,9,2,2,3,3,10,3,3,2,8,3,1,2,2,8
Kosovo,2024,3,3,3,9,2,2,3,3,10,3,3,2,8,3,1,2,2,8
Kosovo,2025,3,3,3,9,2,2,3,3,10,3,3,2,8,3,1,2,2,8
Kuwait,2013,0,1,1,2,1,2,2,2,7,1,2,1,4,2,1,2,1,6
Kuwait,2014,0,1,1,2,1,2,2,1,6,1,2,1,4,2,1,2,1,6
Kuwait,2015,0,1,1,2,1,2,2,1,6,1,2,1,4,2,1,2,1,6
Kuwait,2016,0,1,1,2,1,2,2,1,6,1,2,1,4,2,1,2,1,6
Kuwait,2017,0,1,1,2,1,2,2,1,6,1,2,1,4,2,1,2,1,6
Kuwait,2018,0,1,1,2,1,2,2,1,6,1,2,1,4,2,1,2,1,6
Kuwait,2019,0,1,1,2,1,2,2,1,6,1,2,1,4,2,1,2,1,6
Kuwait,2020,0,1,1,2,1,2,2,1,6,1,2,1,4,2,1,2,1,6
Kuwait,2021,0,2,1,3,1,2,2,1,6,1,2,1,4,2,1,2,1,6
Kuwait,2022,0,2,1,3,1,2,2,1,6,1,2,1,4,2,1,2,1,6
Kuwait,2023,0,2,1,3,1,2,2,1,6,1,2,1,4,2,1,2,1,6
Kuwait,2024,0,2,1,3,1,2,2,1,6,2,2,1,5,2,1,2,1,6
Kuwait,2025,0,0,0,0,1,2,2,1,6,2,2,1,5,2,1,2,1,6
Kyrgyzstan,2013,2,2,2,6,2,1,3,3,9,2,1,2,5,2,2,2,1,7
Kyrgyzstan,2014,2,2,2,6,2,1,3,3,9,2,1,2,5,2,2,2,1,7
Kyrgyzstan,2015,2,2,2,6,2,1,3,3,9,1,1,2,4,2,2,2,1,7
Kyrgyzstan,2016,2,2,2,6,2,1,3,3,9,1,1,2,4,2,2,2,1,7
Kyrgyzstan,2017,2,2,1,5,2,1,3,3,9,1,1,2,4,2,2,2,1,7
Kyrgyzstan,2018,1,2,1,4,2,2,3,3,10,1,1,2,4,2,2,2,1,7
Kyrgyzstan,2019,1,2,1,4,2,2,3,3,10,1,2,2,5,2,2,2,1,7
Kyrgyzstan,2020,1,2,1,4,2,2,3,3,10,2,2,2,6,2,2,2,1,7
Kyrgyzstan,2021,0,1,1,2,2,2,3,3,10,1,2,2,5,2,2,2,1,7
Kyrgyzstan,2022,0,1,1,2,2,2,3,3,10,1,1,2,4,2,2,2,1,7
Kyrgyzstan,2023,0,1,1,2,2,2,3,3,10,1,1,2,4,2,2,2,1,7
Kyrgyzstan,2024,0,1,1,2,2,2,3,3,10,1,1,2,4,2,2,2,1,7
Kyrgyzstan,2025,0,1,1,2,2,2,3,2,9,1,1,2,4,2,2,2,1,7
Laos,2013,0,0,0,0,0,2,1,1,4,0,0,0,0,1,1,2,1,5
Laos,2014,0,0,0,0,0,2,1,1,4,0,0,0,0,1,1,2,1,5
Laos,2015,0,0,0,0,0,2,1,1,4,0,0,0,0,1,1,2,1,5
Laos,2016,0,0,0,0,0,2,1,1,4,0,0,0,0,1,1,2,1,5
Laos,2017,0,0,0,0,0,2,1,1,4,0,0,0,0,1,1,2,1,5
Laos,2018,0,0,0,0,0,2,1,1,4,0,0,0,0,1,1,2,1,5
Laos,2019,0,0,0,0,0,2,1,1,4,0,0,0,0,2,1,2,1,6
Laos,2020,0,0,0,0,0,2,1,1,4,0,0,0,0,2,1,2,1,6
Laos,2021,0,0,0,0,0,1,1,1,3,0,0,0,0,2,1,2,1,6
Laos,2022,0,0,0,0,0,1,1,1,3,0,0,0,0,2,1,2,1,6
Laos,2023,0,0,0,0,0,1,1,1,3,0,0,0,0,2,1,2,1,6
Laos,2024,0,0,0,0,0,1,1,1,3,0,0,0,0,2,1,2,1,6
Laos,2025,0,0,0,0,0,1,1,1,3,0,0,0,0,2,1,2,1,6
Latvia,2013,4,4,4,12,3,4,4,4,15,4,4,4,12,4,3,3,2,12
Latvia,2014,4,4,4,12,3,4,4,4,15,4,4,4,12,4,3,3,2,12
Latvia,2015,4,4,4,12,3,4,4,4,15,4,4,4,12,4,3,3,2,12
Latvia,2016,4,4,4,12,3,4,4,4,15,4,4,4,12,4,3,3,2,12
Latvia,2017,4,4,4,12,3,4,4,4,15,4,4,4,12,4,3,3,2,12
Latvia,2018,4,4,4,12,3,4,4,4,15,4,4,4,12,4,4,3,2,13
Latvia,2019,4,4,4,12,3,4,3,4,14,4,4,4,12,4,4,3,3,14
Latvia,2020,4,4,4,12,3,4,3,4,14,4,4,4,12,4,4,3,3,14
Latvia,2021,4,4,4,12,3,4,3,4,14,4,4,4,12,4,4,3,3,14
Latvia,2022,4,4,4,12,3,4,3,4,14,4,4,4,12,4,4,3,3,14
Latvia,2023,4,4,4,12,3,4,3,4,14,4,4,4,12,4,4,3,3,14
Latvia,2024,4,4,4,12,3,4,3,4,14,4,4,4,12,4,4,3,3,14
Latvia,2025,4,4,4,12,3,4,3,4,14,4,4,4,12,4,4,4,3,15
Lebanon,2013,1,2,2,5,2,3,3,3,11,2,3,2,7,3,2,2,2,9
Lebanon,2014,1,1,2,4,2,3,3,3,11,2,3,2,7,3,2,2,2,9
Lebanon,2015,0,0,2,2,2,3,3,3,11,2,3,2,7,2,2,2,1,7
Lebanon,2016,0,0,2,2,2,3,3,3,11,2,3,2,7,2,2,2,1,7
Lebanon,2017,0,1,2,3,2,3,3,3,11,2,3,2,7,2,2,2,1,7
Lebanon,2018,0,1,2,3,3,3,3,3,12,3,3,2,8,2,2,2,1,7
Lebanon,2019,1,2,2,5,2,3,3,3,11,3,3,2,8,2,2,2,1,7
Lebanon,2020,1,2,2,5,2,3,3,3,11,3,3,2,8,1,2,2,1,6
Lebanon,2021,1,2,2,5,2,3,3,3,11,3,3,2,8,1,2,2,1,6
Lebanon,2022,1,2,2,5,2,3,3,2,10,3,3,2,8,1,2,2,1,6
Lebanon,2023,1,2,2,5,2,3,3,2,10,3,3,2,8,1,2,2,1,6
Lebanon,2024,0,2,2,4,2,3,3,2,10,3,3,2,8,1,2,2,1,6
Lebanon,2025,0,2,2,4,2,3,3,2,10,3,2,2,7,1,2,2,1,6
Lesotho,2013,3,4,3,10,2,4,4,4,14,2,3,2,7,3,2,2,2,9
Lesotho,2014,3,4,3,10,2,4,4,4,14,2,3,2,7,3,2,2,2,9
Lesotho,2015,3,4,3,10,2,4,4,4,14,2,3,2,7,3,2,2,2,9
Lesotho,2016,3,4,3,10,2,4,4,4,14,2,3,2,7,3,2,2,2,9
Lesotho,2017,3,4,3,10,2,4,3,3,12,2,3,2,7,3,2,2,2,9
Lesotho,2018,3,4,3,10,2,4,3,3,12,2,3,2,7,3,2,2,2,9
Lesotho,2019,3,4,3,10,2,4,3,3,12,2,3,2,7,3,2,2,2,9
Lesotho,2020,3,4,3,10,2,4,3,3,12,2,3,2,7,3,2,2,2,9
Lesotho,2021,3,4,3,10,2,4,3,3,12,2,3,2,7,3,2,2,2,9
Lesotho,2022,3,4,3,10,2,4,3,3,12,2,3,2,7,3,2,2,2,9
Lesotho,2023,4,4,3,11,2,4,3,3,12,2,3,2,7,3,2,2,2,9
Lesotho,2024,4,4,3,11,2,4,3,3,12,2,3,2,7,3,2,2,2,9
Lesotho,2025,4,4,3,11,2,4,3,3,12,2,3,2,7,3,2,2,2,9
Liberia,2013,3,3,3,9,3,2,3,3,11,3,3,2,8,2,2,2,2,8
Liberia,2014,3,3,3,9,2,2,3,3,10,3,3,2,8,2,2,2,2,8
Liberia,2015,3,3,3,9,2,2,3,3,10,2,3,2,7,1,2,2,2,7
Liberia,2016,3,3,3,9,2,2,3,3,10,3,3,2,8,2,2,2,2,8
Liberia,2017,3,3,3,9,2,3,3,3,11,3,3,2,8,2,2,2,2,8
Liberia,2018,3,3,2,8,2,3,3,3,11,3,3,2,8,3,2,2,2,9
Liberia,2019,3,3,2,8,2,3,3,3,11,3,3,2,8,3,2,2,2,9
Liberia,2020,3,3,2,8,2,3,3,3,11,2,3,2,7,3,2,2,2,9
Liberia,2021,3,3,2,8,2,3,3,3,11,2,3,2,7,3,2,2,2,9
Liberia,2022,3,3,2,8,2,3,3,3,11,2,3,2,7,3,2,2,2,9
Liberia,2023,3,3,2,8,2,3,3,3,11,2,3,2,7,3,2,2,2,9
Liberia,2024,4,4,3,11,2,3,3,3,11,3,3,2,8,3,2,2,2,9
Liberia,2025,4,4,3,11,2,3,3,3,11,3,3,2,8,3,2,2,2,9
Libya,2013,3,3,3,9,2,1,2,3,8,3,3,0,6,1,2,2,1,6
Libya,2014,3,3,3,9,2,1,2,3,8,2,3,0,5,1,2,2,1,6
Libya,2015,1,2,2,5,1,1,2,2,6,1,2,0,3,0,2,2,1,5
Libya,2016,1,1,2,4,1,1,2,2,6,1,2,0,3,0,1,2,1,4
Libya,2017,0,0,1,1,1,1,1,1,4,1,1,0,2,0,1,2,1,4
Libya,2018,0,0,0,0,1,1,1,1,4,1,1,0,2,0,1,1,0,2
Libya,2019,0,0,0,0,1,1,1,1,4,1,1,0,2,0,1,1,0,2
Libya,2020,0,0,0,0,1,1,1,1,4,1,1,0,2,0,1,1,0,2
Libya,2021,0,0,0,0,1,1,1,1,4,1,1,0,2,0,1,1,0,2
Libya,2022,0,0,0,0,1,1,1,1,4,1,1,0,2,0,1,1,0,2
Libya,2023,0,0,0,0,1,1,1,1,4,1,1,1,3,0,1,1,0,2
Libya,2024,0,0,0,0,0,1,1,1,3,1,1,1,3,0,1,1,0,2
Libya,2025,0,0,1,1,0,1,1,1,3,1,1,1,3,0,1,1,0,2
Liechtenstein,2013,4,4,4,12,4,4,4,4,16,4,4,4,12,4,4,4,4,16
Liechtenstein,2014,4,4,4,12,4,4,4,4,16,4,4,4,12,4,4,4,4,16
Liechtenstein,2015,4,4,4,12,4,4,4,4,16,4,4,4,12,4,4,4,4,16
Liechtenstein,2016,4,4,4,12,4,4,4,4,16,4,4,4,12,4,4,4,4,16
Liechtenstein,2017,2,4,4,10,4,4,4,4,16,4,4,4,12,4,4,4,4,16
Liechtenstein,2018,2,4,4,10,4,4,4,4,16,4,4,4,12,4,4,3,4,15
Liechtenstein,2019,2,4,4,10,4,4,4,4,16,4,4,4,12,4,4,3,4,15
Liechtenstein,2020,2,4,4,10,4,4,4,4,16,4,4,4,12,4,4,3,4,15
Liechtenstein,2021,2,4,4,10,4,4,4,4,16,4,4,4,12,4,4,3,4,15
Liechtenstein,2022,2,4,4,10,4,4,4,4,16,4,4,4,12,4,4,3,4,15
Liechtenstein,2023,2,4,4,10,4,4,4,4,16,4,4,4,12,4,4,3,4,15
Liechtenstein,2024,2,4,4,10,4,4,4,4,16,4,4,4,12,4,4,3,4,15
Liechtenstein,2025,2,4,4,10,3,4,4,4,15,4,4,4,12,4,4,4,4,16
Lithuania,2013,4,4,4,12,4,4,4,4,16,4,4,3,11,4,3,3,3,13
Lithuania,2014,4,4,4,12,4,4,4,4,16,4,4,3,11,4,3,3,3,13
Lithuania,2015,4,4,4,12,4,4,4,4,16,4,4,3,11,4,3,3,3,13
Lithuania,2016,4,4,4,12,4,4,4,4,16,4,4,3,11,4,3,3,3,13
Lithuania,2017,4,4,4,12,4,4,4,4,16,4,4,3,11,4,3,3,3,13
Lithuania,2018,4,4,4,12,4,4,4,4,16,4,4,3,11,4,4,3,3,14
Lithuania,2019,4,4,4,12,4,4,4,4,16,4,4,3,11,4,4,3,3,14
Lithuania,2020,4,4,4,12,4,4,4,4,16,4,4,3,11,4,4,3,3,14
Lithuania,2021,4,4,4,12,3,4,4,4,15,4,4,3,11,4,4,3,3,14
Lithuania,2022,4,4,4,12,3,4,4,4,15,4,4,3,11,4,4,3,3,14
Lithuania,2023,4,4,4,12,3,4,4,4,15,4,4,3,11,4,4,3,3,14
Lithuania,2024,4,4,4,12,3,4,4,4,15,4,4,3,11,4,4,3,3,14
Lithuania,2025,4,4,4,12,3,4,4,4,15,4,4,3,11,4,4,3,3,14
Luxembourg,2013,4,4,4,12,4,4,4,4,16,4,4,4,12,4,4,4,4,16
Luxembourg,2014,4,4,4,12,4,4,4,4,16,4,4,4,12,4,4,4,4,16
Luxembourg,2015,4,4,4,12,4,4,4,4,16,4,4,4,12,4,4,4,4,16
Luxembourg,2016,4,4,4,12,4,4,4,4,16,4,4,4,12,4,4,4,4,16
Luxembourg,2017,4,4,4,12,4,4,4,4,16,4,4,4,12,4,4,4,4,16
Luxembourg,2018,4,4,4,12,4,4,4,4,16,4,4,4,12,4,4,4,4,16
Luxembourg,2019,4,4,4,12,4,4,4,4,16,4,4,4,12,4,4,4,4,16
Luxembourg,2020,4,4,4,12,4,4,4,4,16,4,4,4,12,4,4,4,4,16
Luxembourg,2021,4,4,4,12,4,4,4,4,16,4,4,4,12,4,4,4,4,16
Luxembourg,2022,4,4,4,12,4,4,4,4,16,4,4,4,12,4,4,4,4,16
Luxembourg,2023,4,4,4,12,4,4,4,4,16,4,4,4,12,4,4,4,4,16
Luxembourg,2024,4,4,4,12,4,4,4,4,16,4,4,4,12,4,4,4,4,16
Luxembourg,2025,4,4,4,12,4,4,4,4,16,4,4,4,12,4,4,4,4,16
Madagascar,2013,0,0,1,1,1,2,3,3,9,1,3,3,7,3,1,1,2,7
Madagascar,2014,2,2,2,6,1,2,3,3,9,1,3,3,7,3,1,1,2,7
Madagascar,2015,3,3,3,9,1,2,3,3,9,2,3,3,8,3,1,1,2,7
Madagascar,2016,3,3,3,9,2,2,3,3,10,2,3,3,8,3,2,1,2,8
Madagascar,2017,3,3,3,9,2,2,3,3,10,2,3,3,8,3,2,1,2,8
Madagascar,2018,3,3,3,9,2,2,3,3,10,2,3,3,8,3,2,2,1,8
Madagascar,2019,3,3,3,9,2,2,3,3,10,2,3,3,8,2,2,2,1,7
Madagascar,2020,3,3,3,9,2,3,3,3,11,3,3,3,9,3,2,2,1,8
Madagascar,2021,3,3,3,9,2,3,3,2,10,2,3,3,8,3,2,2,1,8
Madagascar,2022,3,3,3,9,2,3,3,3,11,2,3,3,8,3,2,2,1,8
Madagascar,2023,3,3,3,9,2,3,3,3,11,2,3,3,8,3,2,2,1,8
Madagascar,2024,2,3,3,8,2,3,3,3,11,2,3,3,8,3,2,2,1,8
Madagascar,2025,2,2,2,6,2,3,3,3,11,2,3,3,8,3,2,2,1,8
Malawi,2013,3,3,2,8,2,3,3,3,11,2,2,3,7,2,2,1,2,7
Malawi,2014,3,3,2,8,2,3,3,3,11,2,2,3,7,2,2,1,2,7
Malawi,2015,3,3,2,8,2,3,3,3,11,2,2,3,7,2,2,1,2,7
Malawi,2016,3,3,2,8,3,4,3,3,13,3,2,3,8,2,2,1,2,7
Malawi,2017,3,3,2,8,3,4,3,3,13,3,2,3,8,2,2,1,2,7
Malawi,2018,3,3,2,8,3,4,3,3,13,3,2,3,8,2,2,1,2,7
Malawi,2019,3,3,2,8,3,4,4,3,14,3,2,3,8,2,2,1,2,7
Malawi,2020,3,3,2,8,2,4,4,3,13,2,2,3,7,2,2,1,2,7
Malawi,2021,3,3,3,9,2,4,4,3,13,3,2,3,8,2,2,1,2,7
Malawi,2022,3,3,3,9,2,4,4,3,13,3,2,3,8,2,2,1,2,7
Malawi,2023,3,3,3,9,2,4,4,3,13,3,2,3,8,2,2,1,2,7
Malawi,2024,3,3,3,9,2,4,4,3,13,3,2,3,8,2,2,1,2,7
Malawi,2025,3,3,3,9,2,4,4,3,13,3,2,3,8,2,2,1,2,7
Malaysia,2013,2,2,2,6,2,1,2,4,9,1,2,2,5,3,3,2,1,9
Malaysia,2014,2,2,2,6,2,1,2,3,8,2,2,2,6,3,3,2,1,9
Malaysia,2015,2,2,2,6,2,1,2,2,7,2,2,2,6,3,3,2,1,9
Malaysia,2016,2,2,2,6,2,1,2,2,7,2,2,2,6,3,3,2,1,9
Malaysia,2017,2,2,2,6,2,1,2,2,7,2,1,2,5,3,3,2,1,9
Malaysia,2018,2,2,2,6,2,1,2,2,7,2,2,2,6,3,3,2,1,9
Malaysia,2019,2,2,2,6,3,1,2,3,9,2,2,2,6,3,3,2,1,9
Malaysia,2020,2,2,2,6,3,1,2,3,9,2,2,2,6,3,3,2,1,9
Malaysia,2021,2,2,2,6,2,1,2,3,8,2,2,2,6,3,3,2,1,9
Malaysia,2022,2,2,2,6,2,1,2,3,8,2,2,2,6,3,3,2,1,9
Malaysia,2023,2,2,2,6,2,1,2,3,8,2,2,2,6,3,3,2,1,9
Malaysia,2024,2,2,2,6,2,1,2,3,8,2,2,2,6,3,3,2,1,9
Malaysia,2025,2,2,2,6,2,1,2,3,8,2,2,2,6,3,3,2,1,9
Maldives,2013,1,3,3,7,2,1,2,2,7,2,3,2,7,2,2,2,2,8
Maldives,2014,2,3,2,7,2,1,2,2,7,2,3,2,7,2,2,2,2,8
Maldives,2015,2,3,2,7,1,1,2,2,6,2,3,2,7,2,2,2,2,8
Maldives,2016,2,3,2,7,1,1,2,2,6,1,2,2,5,2,2,1,2,7
Maldives,2017,2,3,2,7,1,1,1,2,5,1,2,2,5,2,2,1,2,7
Maldives,2018,2,2,1,5,1,0,1,1,3,1,2,2,5,2,2,1,2,7
Maldives,2019,2,2,1,5,1,0,1,1,3,2,2,2,6,2,2,1,2,7
Maldives,2020,2,3,2,7,1,0,1,1,3,3,1,2,6,2,2,1,2,7
Maldives,2021,2,3,2,7,1,0,1,1,3,2,1,2,5,2,2,1,2,7
Maldives,2022,2,3,2,7,1,0,1,1,3,2,1,2,5,2,2,1,2,7
Maldives,2023,2,3,2,7,1,0,1,1,3,2,1,2,5,2,2,1,2,7
Maldives,2024,2,3,3,8,1,0,1,1,3,3,1,2,6,2,2,1,2,7
Maldives,2025,2,2,3,7,1,0,1,1,3,3,1,2,6,2,2,1,2,7
Mali,2013,0,1,0,1,2,2,2,2,8,2,1,1,4,1,1,1,1,4
Mali,2014,2,2,2,6,2,3,3,3,11,2,2,2,6,1,1,1,1,4
Mali,2015,2,2,2,6,2,3,3,3,11,2,2,2,6,1,1,1,1,4
Mali,2016,2,2,2,6,3,3,3,3,12,2,2,2,6,1,1,1,1,4
Mali,2017,2,2,2,6,3,3,3,3,12,2,2,2,6,1,1,1,1,4
Mali,2018,2,2,2,6,2,3,3,3,11,2,2,2,6,1,1,1,1,4
Mali,2019,2,2,2,6,2,2,3,3,10,2,2,2,6,1,1,1,1,4
Mali,2020,2,1,2,5,2,2,3,3,10,2,2,2,6,1,1,1,1,4
Mali,2021,0,0,2,2,2,2,3,3,10,2,2,2,6,1,1,1,1,4
Mali,2022,0,0,1,1,2,2,3,3,10,2,2,2,6,1,1,1,1,4
Mali,2023,0,0,1,1,2,2,2,2,8,2,1,2,5,1,1,1,1,4
Mali,2024,0,0,1,1,1,2,2,2,7,2,1,2,5,1,1,1,1,4
Mali,2025,0,0,1,1,1,2,2,2,7,1,1,2,4,1,1,1,1,4
Malta,2013,4,4,4,12,4,4,4,4,16,4,4,4,12,4,4,3,4,15
Malta,2014,4,4,4,12,4,4,4,4,16,4,4,4,12,4,4,3,4,15
Malta,2015,4,4,4,12,4,4,4,4,16,4,4,4,12,4,4,3,4,15
Malta,2016,4,4,4,12,4,4,4,4,16,4,4,4,12,4,4,3,3,14
Malta,2017,4,4,4,12,4,4,4,4,16,4,4,4,12,4,4,3,3,14
Malta,2018,4,4,4,12,3,4,4,4,15,4,4,4,12,4,4,3,3,14
Malta,2019,4,4,4,12,3,4,4,4,15,4,4,4,12,4,4,3,3,14
Malta,2020,4,4,4,12,3,4,4,3,14,4,4,4,12,4,4,3,3,14
Malta,2021,4,4,4,12,3,4,4,3,14,4,4,4,12,4,4,3,3,14
Malta,2022,4,4,4,12,3,4,4,3,14,4,4,4,12,4,4,3,3,14
Malta,2023,4,4,4,12,3,4,4,3,14,4,4,4,12,4,4,3,3,14
Malta,2024,4,4,4,12,3,4,4,3,14,4,4,4,12,4,4,3,3,14
Malta,2025,4,4,4,12,3,4,4,3,14,4,4,4,12,4,4,3,3,14
Marshall Islands,2013,4,3,4,11,4,4,4,4,16,4,4,3,11,4,3,3,3,13
Marshall Islands,2014,4,3,4,11,4,4,4,4,16,4,4,3,11,4,3,3,3,13
Marshall Islands,2015,4,3,4,11,4,4,4,4,16,4,4,3,11,4,3,3,3,13
Marshall Islands,2016,4,4,4,12,4,4,4,4,16,4,4,3,11,4,3,3,3,13
Marshall Islands,2017,4,4,4,12,4,4,4,4,16,4,4,3,11,4,3,3,3,13
Marshall Islands,2018,4,4,4,12,4,4,4,4,16,4,4,3,11,4,3,3,3,13
Marshall Islands,2019,4,4,4,12,4,4,4,4,16,4,4,3,11,4,3,3,3,13
Marshall Islands,2020,4,4,4,12,4,4,4,4,16,4,4,3,11,4,3,3,3,13
Marshall Islands,2021,4,4,4,12,4,4,4,4,16,4,4,3,11,4,3,3,3,13
Marshall Islands,2022,4,4,4,12,4,4,4,4,16,4,4,3,11,4,3,3,3,13
Marshall Islands,2023,4,4,4,12,4,4,4,4,16,4,4,3,11,4,3,3,3,13
Marshall Islands,2024,4,4,4,12,4,4,4,4,16,4,4,3,11,4,3,3,3,13
Marshall Islands,2025,4,4,4,12,4,4,4,4,16,4,4,3,11,4,3,3,3,13
Mauritania,2013,1,1,1,3,2,2,3,3,10,1,1,2,4,2,2,1,0,5
Mauritania,2014,1,1,1,3,2,2,3,3,10,1,1,2,4,2,2,1,0,5
Mauritania,2015,1,1,1,3,2,2,3,3,10,1,1,2,4,1,2,1,0,4
Mauritania,2016,1,1,1,3,2,2,3,2,9,1,1,2,4,1,2,1,0,4
Mauritania,2017,1,1,1,3,2,2,3,2,9,1,1,2,4,1,2,1,0,4
Mauritania,2018,1,1,1,3,2,2,3,2,9,1,1,2,4,1,2,1,0,4
Mauritania,2019,1,2,2,5,2,2,3,2,9,1,1,2,4,1,2,1,0,4
Mauritania,2020,2,2,2,6,2,2,3,2,9,1,1,2,4,1,2,1,0,4
Mauritania,2021,2,2,2,6,2,2,3,2,9,1,1,2,4,1,2,1,0,4
Mauritania,2022,2,2,2,6,2,2,3,2,9,1,1,2,4,1,2,1,0,4
Mauritania,2023,2,2,2,6,2,2,3,2,9,2,1,2,5,1,2,1,0,4
Mauritania,2024,2,2,2,6,2,2,3,2,9,2,1,2,5,1,2,1,1,5
Mauritania,2025,2,2,2,6,2,2,3,2,9,2,1,2,5,1,2,1,1,5
Mauritius,2013,4,4,4,12,3,4,4,4,15,4,4,4,12,4,3,3,2,12
Mauritius,2014,4,4,4,12,3,4,4,4,15,4,4,4,12,4,3,3,2,12
Mauritius,2015,4,4,4,12,3,4,4,4,15,4,4,4,12,4,3,3,2,12
Mauritius,2016,4,4,4,12,3,4,4,4,15,4,4,4,12,4,3,3,2,12
Mauritius,2017,4,4,4,12,3,4,4,4,15,4,4,4,12,4,3,3,2,12
Mauritius,2018,4,4,4,12,3,4,4,4,15,4,4,4,12,4,3,3,2,12
Mauritius,2019,4,4,4,12,3,4,4,4,15,4,4,4,12,4,3,3,2,12
Mauritius,2020,4,4,4,12,3,4,4,4,15,4,4,4,12,4,3,3,2,12
Mauritius,2021,4,4,4,12,3,4,4,3,14,4,4,3,11,4,3,3,2,12
Mauritius,2022,4,4,3,11,3,4,4,3,14,4,4,3,11,4,3,3,2,12
Mauritius,2023,4,4,3,11,3,4,4,3,14,4,4,3,11,4,3,3,2,12
Mauritius,2024,4,4,3,11,3,4,4,3,14,4,4,3,11,4,3,3,2,12
Mauritius,2025,4,4,3,11,3,4,4,3,14,4,4,4,12,4,3,3,2,12
Mexico,2013,3,3,3,9,2,4,4,3,13,3,3,2,8,3,2,3,2,10
Mexico,2014,3,3,3,9,2,4,4,3,13,3,3,2,8,3,2,3,2,10
Mexico,2015,3,3,3,9,2,4,3,3,12,3,3,2,8,3,2,3,2,10
Mexico,2016,3,3,3,9,2,4,4,3,13,3,3,2,8,3,2,3,2,10
Mexico,2017,3,3,3,9,2,4,4,3,13,3,3,2,8,3,2,3,2,10
Mexico,2018,3,3,3,9,2,4,4,3,13,3,2,2,7,3,2,3,2,10
Mexico,2019,3,3,3,9,2,4,4,3,13,3,2,2,7,3,2,3,2,10
Mexico,2020,3,3,3,9,2,4,4,3,13,3,2,2,7,3,2,3,2,10
Mexico,2021,3,3,3,9,2,4,4,3,13,3,2,2,7,3,2,2,2,9
Mexico,2022,3,3,3,9,2,4,3,3,12,3,2,2,7,3,2,2,2,9
Mexico,2023,3,3,3,9,2,4,3,3,12,3,2,2,7,3,2,2,2,9
Mexico,2024,3,3,3,9,2,4,3,3,12,3,2,2,7,2,2,3,2,9
Mexico,2025,3,3,3,9,2,4,3,3,12,3,2,2,7,2,2,3,2,9
Micronesia,2013,4,4,4,12,4,4,4,4,16,4,4,3,11,4,4,3,3,14
Micronesia,2014,4,4,4,12,4,4,4,4,16,4,4,3,11,4,4,3,3,14
Micronesia,2015,4,4,4,12,4,4,4,4,16,4,4,3,11,4,4,3,3,14
Micronesia,2016,4,4,4,12,4,4,4,4,16,4,4,3,11,4,4,3,3,14
Micronesia,2017,4,4,4,12,4,4,4,4,16,4,4,3,11,4,4,3,3,14
Micronesia,2018,4,4,4,12,4,4,4,4,16,4,4,3,11,4,4,3,3,14
Micronesia,2019,4,4,4,12,4,4,4,4,16,4,4,3,11,4,3,3,3,13
Micronesia,2020,4,4,4,12,4,4,4,4,16,4,4,3,11,4,3,3,3,13
Micronesia,2021,4,4,4,12,4,4,4,4,16,4,4,3,11,4,3,3,3,13
Micronesia,2022,4,4,4,12,4,4,4,4,16,4,4,3,11,4,3,3,3,13
Micronesia,2023,4,4,4,12,4,4,4,4,16,4,4,3,11,4,3,3,3,13
Micronesia,2024,4,4,4,12,4,4,4,4,16,4,4,3,11,4,3,3,3,13
Micronesia,2025,4,4,4,12,4,4,4,4,16,4,4,3,11,4,3,3,3,13
Moldova,2013,4,4,3,11,2,3,3,3,11,3,3,2,8,3,2,2,2,9
Moldova,2014,4,4,3,11,2,3,3,3,11,3,3,2,8,3,2,2,2,9
Moldova,2015,4,3,3,10,2,3,3,3,11,3,3,2,8,3,2,2,2,9
Moldova,2016,4,3,3,10,2,3,3,3,11,3,3,2,8,3,2,2,2,9
Moldova,2017,4,3,3,10,2,3,3,4,12,3,3,2,8,3,2,2,2,9
Moldova,2018,4,3,3,10,2,3,3,4,12,3,3,2,8,3,2,2,2,9
Moldova,2019,4,3,2,9,2,3,3,3,11,3,3,2,8,3,2,2,2,9
Moldova,2020,4,3,2,9,2,3,3,3,11,3,3,2,8,3,2,2,2,9
Moldova,2021,4,3,2,9,2,3,3,4,12,3,3,2,8,3,2,2,2,9
Moldova,2022,4,3,3,10,2,3,3,4,12,3,3,2,8,3,2,2,2,9
Moldova,2023,4,3,3,10,2,3,3,4,12,3,3,2,8,3,2,2,2,9
Moldova,2024,4,3,2,9,2,3,3,4,12,3,3,2,8,3,2,2,2,9
Moldova,2025,3,3,2,8,2,3,3,4,12,3,3,2,8,3,2,2,2,9
Monaco,2013,2,4,4,10,3,4,4,4,15,4,4,4,12,4,3,3,4,14
Monaco,2014,2,4,4,10,4,4,4,4,16,4,4,4,12,4,3,3,4,14
Monaco,2015,2,4,4,10,4,4,4,4,16,4,4,4,12,4,3,3,4,14
Monaco,2016,2,4,4,10,4,4,4,4,16,4,4,4,12,4,3,3,4,14
Monaco,2017,0,4,3,7,4,4,4,4,16,4,4,4,12,4,3,3,4,14
Monaco,2018,0,4,3,7,4,4,4,4,16,4,4,4,12,4,3,3,4,14
Monaco,2019,0,4,4,8,4,4,4,4,16,4,4,4,12,4,3,3,4,14
Monaco,2020,0,4,4,8,4,4,4,4,16,4,4,4,12,4,3,4,4,15
Monaco,2021,0,4,4,8,4,4,4,4,16,4,4,4,12,4,3,4,4,15
Monaco,2022,0,4,4,8,4,4,4,4,16,4,4,4,12,4,3,4,4,15
Monaco,2023,0,4,4,8,4,4,4,4,16,4,4,4,12,4,3,4,4,15
Monaco,2024,0,4,4,8,4,4,4,4,16,4,4,4,12,4,3,4,4,15
Monaco,2025,0,4,4,8,4,4,4,4,16,4,4,4,12,4,3,4,4,15
Mongolia,2013,4,4,3,11,3,4,4,4,15,4,4,3,11,4,3,3,2,12
Mongolia,2014,4,4,3,11,3,4,4,4,15,4,4,3,11,4,3,3,2,12
Mongolia,2015,4,4,3,11,3,4,4,4,15,4,4,3,11,4,3,3,2,12
Mongolia,2016,4,4,3,11,3,4,4,4,15,4,4,3,11,4,3,3,2,12
Mongolia,2017,4,4,3,11,3,4,4,3,14,4,4,3,11,4,3,3,2,12
Mongolia,2018,4,4,3,11,3,4,4,3,14,4,4,3,11,4,3,3,2,12
Mongolia,2019,4,4,3,11,3,4,4,3,14,4,4,3,11,4,3,3,2,12
Mongolia,2020,4,4,3,11,3,4,4,3,14,4,4,3,11,4,3,3,2,12
Mongolia,2021,4,4,3,11,3,4,4,3,14,4,4,3,11,4,3,3,2,12
Mongolia,2022,4,4,3,11,3,4,4,3,14,4,4,3,11,4,3,3,2,12
Mongolia,2023,4,4,3,11,3,4,4,3,14,4,4,3,11,4,3,3,2,12
Mongolia,2024,4,4,3,11,3,4,4,3,14,4,4,3,11,4,3,3,2,12
Mongolia,2025,4,4,3,11,3,4,4,3,14,4,4,3,11,4,3,3,2,12
Montenegro,2013,3,3,3,9,3,3,3,4,13,4,3,3,10,3,3,3,3,12
Montenegro,2014,3,3,3,9,3,3,3,4,13,4,3,3,10,3,3,3,3,12
Montenegro,2015,3,3,3,9,2,3,3,4,12,4,3,3,10,3,3,3,3,12
Montenegro,2016,3,3,3,9,2,3,3,4,12,3,3,3,9,3,3,3,3,12
Montenegro,2017,3,2,3,8,2,3,3,4,12,3,3,3,9,3,3,3,3,12
Montenegro,2018,3,2,3,8,2,3,3,3,11,3,3,3,9,3,3,3,3,12
Montenegro,2019,3,2,3,8,2,3,3,3,11,3,3,3,9,3,3,3,3,12
Montenegro,2020,3,2,3,8,2,3,3,3,11,3,3,3,9,3,2,3,3,11
Montenegro,2021,3,3,3,9,2,3,3,2,10,3,3,3,9,3,2,3,3,11
Montenegro,2022,3,3,3,9,3,3,3,3,12,3,3,3,9,3,2,3,3,11
Montenegro,2023,3,3,2,8,3,3,3,3,12,3,3,3,9,3,2,3,3,11
Montenegro,2024,3,3,2,8,3,3,3,3,12,3,3,3,9,3,2,3,3,11
Montenegro,2025,3,3,2,8,3,3,3,3,12,3,3,3,9,3,2,3,3,11
Morocco,2013,1,2,2,5,1,2,2,3,8,2,2,2,6,2,2,2,1,7
Morocco,2014,1,2,2,5,1,2,2,3,8,2,2,2,6,2,2,2,1,7
Morocco,2015,1,2,2,5,1,2,2,3,8,2,2,2,6,2,2,2,1,7
Morocco,2016,1,2,2,5,1,2,2,3,8,1,2,2,5,2,2,2,1,7
Morocco,2017,1,2,2,5,1,2,2,2,7,2,2,2,6,2,2,2,1,7
Morocco,2018,1,2,2,5,1,2,2,2,7,1,2,2,5,2,2,2,1,7
Morocco,2019,1,2,2,5,1,2,2,2,7,1,2,2,5,2,2,2,1,7
Morocco,2020,1,2,2,5,1,2,2,2,7,1,2,2,5,2,2,2,1,7
Morocco,2021,1,2,2,5,1,2,2,2,7,1,2,2,5,2,2,2,1,7
Morocco,2022,1,2,2,5,1,2,2,2,7,1,2,2,5,2,2,2,1,7
Morocco,2023,1,2,2,5,1,2,2,2,7,1,2,2,5,2,2,2,1,7
Morocco,2024,1,2,2,5,1,2,2,2,7,1,2,2,5,2,2,2,1,7
Morocco,2025,1,2,2,5,1,2,2,2,7,1,2,2,5,2,2,2,1,7
Mozambique,2013,2,2,2,6,3,4,2,3,12,2,3,2,7,3,2,2,2,9
Mozambique,2014,2,2,2,6,3,4,2,3,12,2,3,2,7,3,2,2,2,9
Mozambique,2015,2,2,2,6,3,4,2,3,12,2,3,2,7,3,2,2,2,9
Mozambique,2016,2,2,2,6,2,4,2,3,11,2,3,2,7,3,2,2,2,9
Mozambique,2017,2,2,2,6,2,4,2,3,11,2,3,2,7,2,2,2,2,8
Mozambique,2018,2,2,2,6,2,3,2,2,9,2,3,2,7,3,2,2,2,9
Mozambique,2019,2,2,1,5,2,3,2,2,9,2,3,2,7,3,2,2,2,9
Mozambique,2020,1,1,1,3,2,3,2,2,9,2,2,2,6,3,2,2,2,9
Mozambique,2021,1,1,1,3,2,3,2,2,9,2,2,2,6,2,2,2,2,8
Mozambique,2022,1,1,1,3,2,3,2,2,9,2,2,2,6,2,2,2,2,8
Mozambique,2023,1,1,1,3,2,3,2,2,9,2,2,2,6,3,2,2,2,9
Mozambique,2024,1,1,1,3,2,3,2,2,9,1,2,2,5,3,2,2,2,9
Mozambique,2025,1,1,1,3,2,3,2,2,9,0,2,2,4,3,2,2,2,9
Myanmar,2013,0,2,1,3,2,1,1,3,7,2,1,1,4,2,1,1,1,5
Myanmar,2014,0,2,1,3,2,1,1,3,7,1,2,1,4,2,1,1,1,5
Myanmar,2015,0,2,1,3,1,1,1,3,6,1,2,1,4,2,1,1,1,5
Myanmar,2016,0,2,1,3,2,1,1,3,7,1,2,1,4,2,1,1,1,5
Myanmar,2017,2,2,1,5,2,1,1,3,7,2,2,1,5,2,1,1,1,5
Myanmar,2018,2,2,1,5,2,1,1,2,6,2,2,2,6,2,1,1,1,5
Myanmar,2019,2,2,1,5,1,1,1,2,5,2,2,2,6,2,1,1,1,5
Myanmar,2020,2,2,1,5,1,1,1,2,5,2,2,2,6,1,1,1,1,4
Myanmar,2021,2,2,1,5,1,1,1,2,5,1,2,2,5,1,1,1,1,4
Myanmar,2022,0,0,0,0,1,1,0,1,3,0,1,1,2,1,1,1,1,4
Myanmar,2023,0,0,0,0,1,1,0,1,3,0,1,1,2,1,1,1,1,4
Myanmar,2024,0,0,0,0,1,1,0,1,3,0,1,1,2,1,1,1,0,3
Myanmar,2025,0,0,0,0,1,1,0,1,3,0,1,1,2,0,1,1,0,2
Namibia,2013,4,3,3,10,3,4,4,3,14,4,4,4,12,3,2,2,2,9
Namibia,2014,4,3,3,10,3,4,4,3,14,4,4,4,12,3,2,2,2,9
Namibia,2015,4,3,3,10,3,4,4,3,14,4,4,4,12,3,2,2,2,9
Namibia,2016,4,3,3,10,3,4,4,3,14,4,4,4,12,3,3,2,2,10
Namibia,2017,4,3,3,10,3,4,4,3,14,4,4,4,12,3,3,2,2,10
Namibia,2018,4,3,3,10,3,4,4,3,14,4,4,4,12,3,3,2,2,10
Namibia,2019,4,3,3,10,3,4,4,3,14,3,4,4,11,3,3,2,2,10
Namibia,2020,4,4,3,11,3,4,4,3,14,3,4,4,11,3,3,2,2,10
Namibia,2021,4,4,3,11,3,4,4,3,14,3,4,4,11,3,3,2,2,10
Namibia,2022,4,4,3,11,3,4,4,3,14,3,4,4,11,3,3,2,2,10
Namibia,2023,4,4,3,11,3,4,4,3,14,3,4,4,11,3,3,2,2,10
Namibia,2024,4,4,3,11,3,4,4,3,14,3,4,4,11,3,3,2,2,10
Namibia,2025,3,3,3,9,3,4,3,3,13,3,4,4,11,3,3,2,2,10
Nauru,2013,4,4,4,12,3,4,4,4,15,4,4,3,11,4,4,3,3,14
Nauru,2014,4,4,4,12,3,4,4,4,15,4,4,3,11,4,4,3,3,14
Nauru,2015,4,4,4,12,2,4,4,4,14,4,4,3,11,4,4,3,3,14
Nauru,2016,4,4,4,12,2,4,4,3,13,3,4,3,10,4,4,3,3,14
Nauru,2017,4,4,4,12,2,4,4,3,13,3,3,3,9,4,4,3,3,14
Nauru,2018,4,4,4,12,2,4,4,3,13,3,3,3,9,4,4,3,3,14
Nauru,2019,4,4,4,12,2,4,4,3,13,3,3,3,9,3,3,3,3,12
Nauru,2020,4,4,4,12,2,4,4,3,13,3,3,3,9,3,3,3,3,12
Nauru,2021,4,4,4,12,2,4,4,3,13,3,3,3,9,3,3,3,3,12
Nauru,2022,4,4,4,12,2,4,4,3,13,3,3,3,9,3,3,3,3,12
Nauru,2023,4,4,4,12,2,4,4,3,13,3,3,3,9,3,3,3,3,12
Nauru,2024,4,4,4,12,2,4,4,3,13,3,3,3,9,3,3,3,3,12
Nauru,2025,4,4,3,11,2,4,4,3,13,3,3,3,9,3,3,3,3,12
Nepal,2013,2,2,1,5,2,2,2,3,9,2,2,2,6,2,2,2,1,7
Nepal,2014,3,3,2,8,2,2,2,3,9,2,2,2,6,2,2,2,1,7
Nepal,2015,3,3,2,8,2,2,2,3,9,2,2,2,6,2,2,2,1,7
Nepal,2016,3,3,3,9,2,2,2,3,9,1,2,2,5,2,2,2,1,7
Nepal,2017,3,3,3,9,2,2,2,3,9,1,2,2,5,3,2,2,1,8
Nepal,2018,3,4,3,10,3,2,2,3,10,2,2,2,6,3,2,2,1,8
Nepal,2019,3,4,3,10,2,2,2,3,9,2,2,2,6,3,2,2,1,8
Nepal,2020,3,4,3,10,2,2,3,3,10,3,2,2,7,3,2,2,1,8
Nepal,2021,3,4,3,10,2,2,3,3,10,3,2,2,7,3,2,2,1,8
Nepal,2022,3,4,3,10,2,2,3,3,10,3,2,2,7,3,2,2,1,8
Nepal,2023,3,4,3,10,2,2,3,3,10,3,2,2,7,3,2,2,1,8
Nepal,2024,4,4,3,11,2,2,3,3,10,4,2,2,8,3,2,2,1,8
Nepal,2025,4,4,3,11,2,2,3,3,10,4,2,2,8,3,2,2,1,8
Netherlands,2013,4,4,4,12,4,4,4,4,16,4,4,4,12,4,4,4,4,16
Netherlands,2014,4,4,4,12,4,4,4,4,16,4,4,4,12,4,4,4,4,16
Netherlands,2015,4,4,4,12,4,4,4,4,16,4,4,4,12,4,4,4,4,16
Netherlands,2016,4,4,4,12,4,4,4,4,16,4,4,4,12,4,4,4,4,16
Netherlands,2017,4,4,4,12,4,4,4,4,16,4,4,4,12,4,4,4,4,16
Netherlands,2018,4,4,4,12,4,4,4,4,16,4,4,4,12,4,4,4,4,16
Netherlands,2019,4,4,4,12,4,4,4,4,16,4,4,4,12,4,4,4,4,16
Netherlands,2020,4,4,4,12,4,4,4,4,16,4,4,4,12,4,4,4,4,16
Netherlands,2021,4,4,4,12,4,4,4,4,16,4,4,4,12,4,4,4,3,15
Netherlands,2022,4,4,4,12,4,4,4,4,16,4,4,4,12,4,4,4,3,15
Netherlands,2023,4,4,4,12,4,4,4,4,16,4,4,4,12,4,4,4,3,15
Netherlands,2024,4,4,4,12,4,4,4,4,16,4,4,4,12,4,4,4,3,15
Netherlands,2025,4,4,4,12,4,4,4,4,16,4,4,4,12,4,4,4,3,15
New Zealand,2013,4,4,4,12,4,4,4,4,16,4,4,4,12,4,4,4,3,15
New Zealand,2014,4,4,4,12,4,4,4,4,16,4,4,4,12,4,4,4,3,15
New Zealand,2015,4,4,4,12,4,4,4,4,16,4,4,4,12,4,4,4,3,15
New Zealand,2016,4,4,4,12,4,4,4,4,16,4,4,4,12,4,4,4,3,15
New Zealand,2017,4,4,4,12,4,4,4,4,16,4,4,4,12,4,4,4,3,15
New Zealand,2018,4,4,4,12,4,4,4,4,16,4,4,4,12,4,4,4,3,15
New Zealand,2019,4,4,4,12,4,4,4,4,16,4,4,4,12,4,4,4,3,15
New Zealand,2020,4,4,4,12,4,4,4,4,16,4,4,4,12,4,4,4,3,15
New Zealand,2021,4,4,4,12,4,4,4,4,16,4,4,4,12,4,4,4,4,16
New Zealand,2022,4,4,4,12,4,4,4,4,16,4,4,4,12,4,4,4,4,16
New Zealand,2023,4,4,4,12,4,4,4,4,16,4,4,4,12,4,4,4,4,16
New Zealand,2024,4,4,4,12,4,4,4,4,16,4,4,4,12,4,4,4,4,16
New Zealand,2025,4,4,4,12,4,4,4,4,16,4,4,4,12,4,4,4,4,16
Nicaragua,2013,2,2,2,6,2,4,3,3,12,2,2,2,6,3,3,1,2,9
Nicaragua,2014,2,2,2,6,2,4,3,3,12,2,2,2,6,3,3,2,2,10
Nicaragua,2015,2,2,2,6,2,4,3,3,12,2,2,2,6,3,3,2,2,10
Nicaragua,2016,2,2,2,6,2,4,3,3,12,2,2,2,6,3,3,2,2,10
Nicaragua,2017,1,1,1,3,1,4,3,3,11,2,1,2,5,3,3,2,2,10
Nicaragua,2018,1,1,1,3,1,4,3,3,11,2,1,2,5,3,3,2,2,10
Nicaragua,2019,1,1,1,3,1,3,2,2,8,0,0,2,2,2,2,2,2,8
Nicaragua,2020,1,1,1,3,1,2,2,2,7,0,0,2,2,2,2,2,2,8
Nicaragua,2021,1,1,1,3,1,2,2,2,7,0,0,2,2,2,2,2,2,8
Nicaragua,2022,0,0,0,0,0,2,2,1,5,0,0,2,2,2,2,2,2,8
Nicaragua,2023,0,0,0,0,0,1,1,0,2,0,0,2,2,2,2,2,2,8
Nicaragua,2024,0,0,0,0,0,1,1,0,2,0,0,2,2,1,1,2,2,6
Nicaragua,2025,0,0,0,0,0,1,1,0,2,0,0,2,2,1,1,2,2,6
Niger,2013,3,3,3,9,2,3,3,3,11,3,2,3,8,2,2,1,1,6
Niger,2014,3,3,3,9,2,3,3,3,11,3,2,3,8,2,2,1,1,6
Niger,2015,3,3,3,9,2,3,3,3,11,3,2,3,8,2,2,1,1,6
Niger,2016,3,3,2,8,2,3,3,3,11,2,2,2,6,2,2,1,1,6
Niger,2017,2,2,2,6,2,3,3,3,11,2,2,2,6,2,2,1,1,6
Niger,2018,2,2,2,6,2,3,3,3,11,2,2,2,6,2,2,1,1,6
Niger,2019,2,2,2,6,2,3,3,3,11,2,2,2,6,2,2,1,1,6
Niger,2020,2,2,2,6,2,2,3,3,10,2,2,2,6,2,2,1,1,6
Niger,2021,2,2,2,6,2,2,3,3,10,2,2,2,6,2,2,1,1,6
Niger,2022,3,3,2,8,2,2,3,3,10,2,2,2,6,2,2,1,1,6
Niger,2023,3,3,2,8,2,2,3,3,10,2,2,2,6,2,2,1,1,6
Niger,2024,0,0,0,0,2,2,3,2,9,2,2,2,6,2,2,1,1,6
Niger,2025,0,0,0,0,1,2,3,2,8,2,2,2,6,2,2,1,1,6
Nigeria,2013,2,2,2,6,2,1,3,3,9,2,2,3,7,1,2,2,1,6
Nigeria,2014,2,2,2,6,2,1,3,3,9,2,2,3,7,1,2,2,1,6
Nigeria,2015,2,2,2,6,2,1,3,3,9,2,2,3,7,1,2,1,1,5
Nigeria,2016,3,3,3,9,2,1,3,3,9,2,2,3,7,1,2,1,1,5
Nigeria,2017,3,3,3,9,2,1,3,3,9,2,2,3,7,1,2,1,1,5
Nigeria,2018,3,3,3,9,2,1,3,3,9,2,2,3,7,1,2,1,1,5
Nigeria,2019,3,3,3,9,2,1,3,3,9,2,2,3,7,1,2,1,1,5
Nigeria,2020,2,2,2,6,2,1,3,3,9,2,2,3,7,1,2,1,1,5
Nigeria,2021,2,2,2,6,2,1,3,3,9,1,2,3,6,1,2,1,1,5
Nigeria,2022,2,2,2,6,2,1,3,3,9,1,2,3,6,1,1,1,1,4
Nigeria,2023,2,2,2,6,2,1,3,3,9,1,2,3,6,1,1,1,1,4
Nigeria,2024,2,2,2,6,2,1,3,3,9,2,2,3,7,1,1,1,1,4
Nigeria,2025,2,2,2,6,2,1,3,3,9,2,2,3,7,1,1,1,1,4
North Korea,2013,0,0,0,0,0,0,0,0,0,0,0,0,0,0,1,1,1,3
North Korea,2014,0,0,0,0,0,0,0,0,0,0,0,0,0,0,1,1,1,3
North Korea,2015,0,0,0,0,0,0,0,0,0,0,0,0,0,0,1,1,1,3
North Korea,2016,0,0,0,0,0,0,0,0,0,0,0,0,0,0,1,1,1,3
North Korea,2017,0,0,0,0,0,0,0,0,0,0,0,0,0,0,1,1,1,3
North Korea,2018,0,0,0,0,0,0,0,0,0,0,0,0,0,0,1,1,1,3
North Korea,2019,0,0,0,0,0,0,0,0,0,0,0,0,0,0,1,1,1,3
North Korea,2020,0,0,0,0,0,0,0,0,0,0,0,0,0,0,1,1,1,3
North Korea,2021,0,0,0,0,0,0,0,0,0,0,0,0,0,0,1,1,1,3
North Korea,2022,0,0,0,0,0,0,0,0,0,0,0,0,0,0,1,1,1,3
North Korea,2023,0,0,0,0,0,0,0,0,0,0,0,0,0,0,1,1,1,3
North Korea,2024,0,0,0,0,0,0,0,0,0,0,0,0,0,0,1,1,1,3
North Korea,2025,0,0,0,0,0,0,0,0,0,0,0,0,0,0,1,1,1,3
North Macedonia,2013,3,2,3,8,2,3,3,3,11,3,3,2,8,3,3,3,2,11
North Macedonia,2014,3,2,3,8,2,3,3,3,11,3,3,2,8,3,3,3,2,11
North Macedonia,2015,2,2,3,7,2,3,3,3,11,3,3,2,8,3,3,2,2,10
North Macedonia,2016,2,1,3,6,2,3,3,2,10,3,3,2,8,3,3,2,2,10
North Macedonia,2017,2,1,3,6,2,3,3,2,10,3,3,2,8,3,3,2,2,10
North Macedonia,2018,1,2,3,6,2,3,3,3,11,3,3,2,8,3,3,2,2,10
North Macedonia,2019,1,2,3,6,2,3,3,3,11,3,3,2,8,3,3,2,2,10
North Macedonia,2020,2,2,3,7,3,3,3,3,12,3,3,2,8,3,3,2,2,10
North Macedonia,2021,3,3,3,9,3,3,3,3,12,3,3,2,8,3,3,2,2,10
North Macedonia,2022,3,3,3,9,3,3,3,3,12,3,3,2,8,3,3,2,2,10
North Macedonia,2023,3,3,3,9,3,3,3,3,12,3,3,2,8,3,3,2,2,10
North Macedonia,2024,3,3,3,9,3,3,3,3,12,3,3,2,8,3,3,2,2,10
North Macedonia,2025,3,3,3,9,3,3,3,3,12,3,3,2,8,3,3,2,2,10
Norway,2013,4,4,4,12,4,4,4,4,16,4,4,4,12,4,4,4,4,16
Norway,2014,4,4,4,12,4,4,4,4,16,4,4,4,12,4,4,4,4,16
Norway,2015,4,4,4,12,4,4,4,4,16,4,4,4,12,4,4,4,4,16
Norway,2016,4,4,4,12,4,4,4,4,16,4,4,4,12,4,4,4,4,16
Norway,2017,4,4,4,12,4,4,4,4,16,4,4,4,12,4,4,4,4,16
Norway,2018,4,4,4,12,4,4,4,4,16,4,4,4,12,4,4,4,4,16
Norway,2019,4,4,4,12,4,4,4,4,16,4,4,4,12,4,4,4,4,16
Norway,2020,4,4,4,12,4,4,4,4,16,4,4,4,12,4,4,4,4,16
Norway,2021,4,4,4,12,4,4,4,4,16,4,4,4,12,4,4,4,4,16
Norway,2022,4,4,4,12,4,4,4,4,16,4,4,4,12,4,4,4,4,16
Norway,2023,4,4,4,12,4,4,4,4,16,4,4,4,12,4,4,4,4,16
Norway,2024,4,4,4,12,4,4,4,4,16,4,4,4,12,4,4,4,4,16
Norway,2025,4,4,4,12,4,4,4,4,16,4,4,4,12,4,4,4,4,16
Oman,2013,0,1,1,2,1,2,1,1,5,0,1,2,3,1,2,1,1,5
Oman,2014,0,1,1,2,1,2,1,1,5,0,1,2,3,1,2,1,1,5
Oman,2015,0,1,1,2,1,2,1,1,5,0,1,2,3,1,2,1,1,5
Oman,2016,0,1,1,2,1,2,1,1,5,0,1,2,3,1,2,1,1,5
Oman,2017,0,1,1,2,1,2,1,1,5,0,1,2,3,1,2,1,1,5
Oman,2018,0,1,1,2,1,2,1,1,5,0,1,2,3,1,2,1,1,5
Oman,2019,0,1,1,2,1,2,1,1,5,0,1,2,3,1,2,1,1,5
Oman,2020,0,1,1,2,1,2,1,1,5,0,1,2,3,1,2,1,1,5
Oman,2021,0,1,1,2,1,2,1,1,5,0,1,2,3,1,2,1,1,5
Oman,2022,0,1,1,2,1,2,1,1,5,1,1,2,4,1,2,1,1,5
Oman,2023,0,1,1,2,1,2,1,1,5,1,1,2,4,1,2,1,1,5
Oman,2024,0,1,1,2,1,2,1,1,5,1,1,2,4,1,2,1,1,5
Oman,2025,0,1,1,2,1,2,1,1,5,1,1,2,4,1,2,1,1,5
Pakistan,2013,2,2,2,6,1,1,1,2,5,3,2,2,7,2,2,1,1,6
Pakistan,2014,3,2,2,7,1,1,1,2,5,2,2,2,6,2,2,1,1,6
Pakistan,2015,3,2,2,7,1,1,1,2,5,3,2,2,7,2,2,1,1,6
Pakistan,2016,3,2,2,7,1,1,1,2,5,3,1,2,6,2,2,1,1,6
Pakistan,2017,3,2,2,7,1,1,2,2,6,3,1,2,6,2,2,1,1,6
Pakistan,2018,2,2,2,6,2,1,2,2,7,3,1,2,6,2,2,1,1,6
Pakistan,2019,1,2,2,5,1,1,2,2,6,3,1,2,6,2,2,1,1,6
Pakistan,2020,1,2,2,5,1,1,2,2,6,3,1,2,6,2,2,1,1,6
Pakistan,2021,1,2,2,5,1,1,2,2,6,3,1,2,6,2,2,1,1,6
Pakistan,2022,1,2,2,5,1,1,2,2,6,3,1,2,6,2,2,1,1,6
Pakistan,2023,1,2,2,5,1,1,2,2,6,3,1,2,6,2,2,1,1,6
Pakistan,2024,1,2,2,5,1,1,2,2,6,3,1,2,6,2,2,1,1,6
Pakistan,2025,1,1,1,3,1,1,2,2,6,2,1,2,5,2,2,1,1,6
Palau,2013,4,4,4,12,4,4,4,4,16,4,4,3,11,4,3,3,3,13
Palau,2014,4,4,4,12,4,4,4,4,16,4,4,3,11,4,3,3,3,13
Palau,2015,4,4,4,12,4,4,4,4,16,4,4,3,11,4,3,3,3,13
Palau,2016,4,4,4,12,4,4,4,4,16,4,4,3,11,4,3,3,3,13
Palau,2017,4,4,4,12,4,4,4,4,16,4,4,3,11,4,3,3,3,13
Palau,2018,4,4,4,12,4,4,4,4,16,4,4,3,11,4,3,3,3,13
Palau,2019,4,4,4,12,4,4,4,4,16,4,4,3,11,4,3,3,3,13
Palau,2020,4,4,4,12,4,4,4,4,16,4,4,3,11,4,3,3,3,13
Palau,2021,4,4,4,12,4,4,4,4,16,4,4,3,11,4,3,3,3,13
Palau,2022,4,4,4,12,4,4,4,4,16,4,4,3,11,4,3,3,3,13
Palau,2023,4,4,4,12,4,4,4,4,16,4,4,3,11,4,3,3,3,13
Palau,2024,4,4,4,12,4,4,4,4,16,4,4,3,11,4,3,3,3,13
Palau,2025,4,4,4,12,4,4,4,4,16,4,4,3,11,4,3,3,3,13
Panama,2013,4,4,4,12,3,4,4,4,15,3,4,3,10,4,3,3,2,12
Panama,2014,4,4,4,12,3,4,4,4,15,4,4,3,11,4,3,3,2,12
Panama,2015,4,4,4,12,3,4,4,4,15,4,4,3,11,4,3,3,2,12
Panama,2016,4,4,4,12,3,4,4,4,15,4,4,3,11,4,3,3,2,12
Panama,2017,4,4,4,12,3,4,4,4,15,4,4,3,11,4,3,3,2,12
Panama,2018,4,4,4,12,3,4,4,4,15,4,4,3,11,4,3,3,2,12
Panama,2019,4,4,4,12,3,4,4,4,15,4,4,3,11,4,3,3,2,12
Panama,2020,4,4,4,12,3,4,4,4,15,4,4,3,11,4,3,3,2,12
Panama,2021,4,4,4,12,3,4,4,4,15,4,4,3,11,4,3,3,2,12
Panama,2022,4,4,4,12,3,4,4,4,15,4,4,3,11,4,3,3,2,12
Panama,2023,4,4,4,12,3,4,4,4,15,4,4,3,11,4,3,3,2,12
Panama,2024,4,4,4,12,3,4,4,4,15,4,4,3,11,4,3,3,2,12
Panama,2025,4,4,4,12,3,4,4,4,15,4,4,3,11,4,3,3,2,12
Papua New Guinea,2013,3,3,3,9,3,3,3,3,12,3,3,3,9,3,1,2,2,8
Papua New Guinea,2014,3,3,3,9,3,3,3,3,12,3,3,3,9,3,1,2,2,8
Papua New Guinea,2015,3,3,3,9,3,3,3,3,12,3,3,3,9,3,1,2,2,8
Papua New Guinea,2016,3,3,3,9,3,3,3,3,12,3,3,3,9,3,1,2,2,8
Papua New Guinea,2017,3,3,3,9,3,3,3,4,13,3,3,3,9,3,2,2,2,9
Papua New Guinea,2018,3,2,3,8,3,3,3,4,13,3,3,3,9,3,2,2,2,9
Papua New Guinea,2019,3,2,2,7,3,4,3,4,14,3,4,3,10,3,2,2,2,9
Papua New Guinea,2020,3,2,2,7,3,4,3,4,14,3,4,3,10,2,2,2,2,8
Papua New Guinea,2021,3,2,2,7,3,4,3,4,14,3,4,3,10,2,2,2,2,8
Papua New Guinea,2022,3,2,2,7,3,4,3,4,14,3,4,3,10,2,2,2,2,8
Papua New Guinea,2023,3,2,1,6,3,4,3,4,14,3,4,3,10,2,2,2,2,8
Papua New Guinea,2024,3,2,1,6,3,4,3,4,14,3,4,3,10,2,2,2,2,8
Papua New Guinea,2025,3,2,1,6,3,4,3,4,14,3,4,3,10,2,2,2,2,8
Paraguay,2013,3,4,3,10,1,4,3,3,11,3,3,2,8,3,2,3,2,10
Paraguay,2014,3,4,3,10,2,4,3,3,12,3,3,2,8,3,2,3,2,10
Paraguay,2015,3,4,3,10,2,4,3,3,12,3,3,2,8,3,3,3,2,11
Paraguay,2016,3,4,3,10,2,4,3,3,12,3,3,2,8,3,3,2,2,10
Paraguay,2017,3,4,3,10,2,4,3,3,12,3,3,2,8,3,3,2,2,10
Paraguay,2018,3,4,3,10,2,4,3,3,12,3,3,2,8,3,3,2,2,10
Paraguay,2019,3,4,3,10,2,4,3,3,12,3,3,2,8,3,3,2,2,10
Paraguay,2020,3,4,3,10,2,4,3,3,12,3,3,2,8,3,3,2,2,10
Paraguay,2021,3,4,3,10,2,4,3,3,12,3,3,2,8,3,3,2,2,10
Paraguay,2022,3,4,3,10,2,4,3,3,12,3,3,2,8,3,3,2,2,10
Paraguay,2023,3,4,3,10,2,4,3,3,12,3,3,2,8,3,3,2,2,10
Paraguay,2024,3,3,3,9,2,4,3,3,12,3,3,2,8,3,3,2,2,10
Paraguay,2025,3,3,3,9,2,4,3,3,12,3,3,2,8,3,3,2,2,10
Peru,2013,3,4,3,10,3,4,4,4,15,3,3,2,8,3,3,2,2,10
Peru,2014,3,4,3,10,3,4,4,4,15,3,3,2,8,3,3,2,2,10
Peru,2015,3,4,3,10,3,4,4,4,15,3,3,2,8,3,3,2,2,10
Peru,2016,3,4,3,10,3,4,4,4,15,3,3,2,8,3,3,2,2,10
Peru,2017,4,4,3,11,3,4,4,4,15,3,3,2,8,3,3,2,2,10
Peru,2018,4,4,3,11,3,4,4,4,15,3,3,2,8,4,3,2,2,11
Peru,2019,4,4,3,11,3,4,4,4,15,3,3,2,8,4,3,2,2,11
Peru,2020,4,4,3,11,3,4,4,4,15,3,3,2,8,4,3,2,2,11
Peru,2021,3,4,3,10,3,4,4,4,15,3,3,2,8,4,3,2,2,11
Peru,2022,3,4,3,10,3,4,4,4,15,3,3,2,8,4,3,2,2,11
Peru,2023,3,4,3,10,3,4,4,4,15,2,3,2,7,4,3,2,2,11
Peru,2024,3,4,3,10,3,4,4,4,15,1,3,2,6,3,3,2,2,10
Peru,2025,3,4,3,10,3,4,4,4,15,2,3,2,7,3,2,2,2,9
Philippines,2013,3,3,3,9,2,4,4,4,14,3,2,3,8,3,2,3,2,10
Philippines,2014,3,3,3,9,2,4,4,4,14,3,2,3,8,3,2,3,2,10
Philippines,2015,3,3,3,9,2,4,4,4,14,3,2,3,8,3,2,3,2,10
Philippines,2016,3,3,3,9,2,4,4,4,14,3,3,3,9,3,2,3,2,10
Philippines,2017,3,3,3,9,2,4,4,4,14,3,2,3,8,3,2,3,2,10
Philippines,2018,3,3,3,9,2,4,4,4,14,3,2,3,8,3,2,3,2,10
Philippines,2019,3,3,3,9,2,4,4,4,14,3,2,3,8,3,2,3,2,10
Philippines,2020,3,3,3,9,2,4,4,4,14,3,2,2,7,3,2,3,2,10
Philippines,2021,3,3,3,9,1,4,4,3,12,2,2,2,6,3,2,3,2,10
Philippines,2022,3,3,3,9,1,4,3,3,11,2,2,2,6,3,2,3,2,10
Philippines,2023,3,3,3,9,1,4,3,3,11,3,2,2,7,3,2,3,2,10
Philippines,2024,3,3,3,9,1,4,3,3,11,3,2,2,7,3,2,3,2,10
Philippines,2025,3,3,3,9,1,4,3,3,11,3,2,2,7,3,2,3,2,10
Poland,2013,4,4,4,12,4,4,4,4,16,4,4,4,12,4,4,3,3,14
Poland,2014,4,4,4,12,4,4,4,4,16,4,4,4,12,4,4,3,3,14
Poland,2015,4,4,4,12,4,4,4,4,16,4,4,4,12,4,4,3,3,14
Poland,2016,4,4,4,12,4,4,4,4,16,4,4,4,12,4,4,3,3,14
Poland,2017,4,4,4,12,3,4,3,4,14,4,4,4,12,4,4,3,3,14
Poland,2018,4,4,4,12,3,4,3,4,14,3,3,4,10,4,4,3,3,14
Poland,2019,4,4,3,11,3,4,3,4,14,3,3,4,10,4,4,3,3,14
Poland,2020,4,4,3,11,3,4,3,4,14,3,3,4,10,4,4,3,3,14
Poland,2021,3,4,3,10,3,4,3,3,13,3,3,4,10,4,4,3,3,14
Poland,2022,3,4,3,10,3,4,3,3,13,3,3,4,10,4,4,3,3,14
Poland,2023,3,4,3,10,3,4,3,3,13,3,3,4,10,4,4,3,3,14
Poland,2024,3,3,3,9,3,4,3,3,13,3,3,4,10,4,4,3,3,14
Poland,2025,3,3,3,9,3,4,3,3,13,3,3,4,10,4,4,3,3,14
Portugal,2013,4,4,4,12,4,4,4,4,16,4,4,4,12,4,4,4,3,15
Portugal,2014,4,4,4,12,4,4,4,4,16,4,4,4,12,4,4,4,3,15
Portugal,2015,4,4,4,12,4,4,4,4,16,4,4,4,12,4,4,4,3,15
Portugal,2016,4,4,4,12,4,4,4,4,16,4,4,4,12,4,4,4,3,15
Portugal,2017,4,4,4,12,4,4,4,4,16,4,4,4,12,4,4,4,3,15
Portugal,2018,4,4,4,12,4,4,4,4,16,4,4,4,12,4,4,4,3,15
Portugal,2019,4,4,4,12,4,4,4,4,16,4,4,4,12,4,4,4,3,15
Portugal,2020,4,4,4,12,4,4,4,4,16,4,4,4,12,4,4,4,3,15
Portugal,2021,4,4,4,12,4,4,4,4,16,4,4,4,12,4,4,4,3,15
Portugal,2022,4,4,4,12,4,4,4,4,16,3,4,4,11,4,4,4,3,15
Portugal,2023,4,4,4,12,4,4,4,4,16,4,4,4,12,4,4,4,3,15
Portugal,2024,4,4,4,12,4,4,4,4,16,4,4,4,12,4,4,4,3,15
Portugal,2025,4,4,4,12,4,4,4,4,16,4,4,4,12,4,4,4,3,15
Qatar,2013,0,1,1,2,2,2,2,2,8,1,0,1,2,1,1,1,1,4
Qatar,2014,0,1,1,2,2,2,2,2,8,1,0,1,2,1,1,1,1,4
Qatar,2015,0,1,1,2,2,2,2,2,8,1,0,1,2,1,1,1,1,4
Qatar,2016,0,1,1,2,2,2,2,2,8,1,0,1,2,1,1,1,1,4
Qatar,2017,0,1,1,2,1,2,2,2,7,1,0,1,2,1,1,1,1,4
Qatar,2018,0,1,1,2,1,2,2,2,7,1,0,1,2,1,1,1,1,4
Qatar,2019,0,1,1,2,1,2,2,2,7,1,0,1,2,1,1,1,1,4
Qatar,2020,0,1,1,2,1,2,2,2,7,1,0,1,2,1,1,1,1,4
Qatar,2021,0,1,1,2,1,2,2,2,7,1,0,1,2,1,1,1,1,4
Qatar,2022,0,1,1,2,1,2,2,2,7,1,0,1,2,1,1,1,1,4
Qatar,2023,0,1,1,2,1,2,2,2,7,1,0,1,2,1,1,1,1,4
Qatar,2024,0,1,1,2,1,2,2,2,7,1,0,1,2,1,1,1,1,4
Qatar,2025,0,1,1,2,1,2,2,2,7,1,0,1,2,1,1,1,1,4
Romania,2013,3,4,3,10,3,3,4,4,14,4,4,3,11,4,2,3,3,12
Romania,2014,4,4,4,12,3,3,4,4,14,4,4,3,11,4,2,3,3,12
Romania,2015,4,4,3,11,3,3,4,4,14,4,4,3,11,4,2,3,3,12
Romania,2016,4,4,3,11,3,3,4,4,14,4,4,3,11,4,2,3,3,12
Romania,2017,4,4,3,11,3,3,4,4,14,4,4,3,11,4,2,3,3,12
Romania,2018,4,4,3,11,3,3,4,4,14,4,4,3,11,4,2,3,3,12
Romania,2019,4,4,3,11,3,3,3,4,13,3,4,3,10,4,2,3,3,12
Romania,2020,4,4,4,12,3,3,3,4,13,4,4,3,11,4,2,3,3,12
Romania,2021,4,4,4,12,3,3,3,4,13,4,4,3,11,4,2,3,3,12
Romania,2022,4,4,4,12,3,3,3,4,13,4,4,3,11,4,2,3,3,12
Romania,2023,4,4,4,12,3,3,3,4,13,4,4,3,11,4,2,3,3,12
Romania,2024,4,4,4,12,3,3,3,4,13,4,4,3,11,4,2,3,3,12
Romania,2025,3,4,4,11,3,3,3,4,13,4,4,3,11,4,2,3,3,12
Russia,2013,0,1,0,1,1,1,1,3,6,1,1,2,4,2,1,2,2,7
Russia,2014,0,1,0,1,1,1,1,3,6,1,1,2,4,2,1,2,2,7
Russia,2015,0,1,0,1,0,1,1,2,4,1,1,2,4,1,1,2,2,6
Russia,2016,0,1,0,1,0,1,1,1,3,1,0,2,3,2,1,2,2,7
Russia,2017,0,0,0,0,0,1,1,1,3,1,0,2,3,2,1,2,2,7
Russia,2018,0,0,0,0,0,1,1,1,3,1,0,2,3,2,1,2,2,7
Russia,2019,0,0,0,0,0,1,1,1,3,1,0,2,3,2,1,2,2,7
Russia,2020,0,0,0,0,0,1,1,1,3,1,0,2,3,2,1,2,2,7
Russia,2021,0,0,0,0,0,1,1,1,3,1,0,2,3,2,1,2,2,7
Russia,2022,0,0,0,0,0,1,1,1,3,0,0,2,2,2,1,2,2,7
Russia,2023,0,0,0,0,0,1,0,1,2,0,0,2,2,1,1,2,1,5
Russia,2024,0,0,0,0,0,1,0,0,1,0,0,2,2,1,1,1,1,4
Russia,2025,0,0,0,0,0,1,0,0,1,0,0,2,2,1,1,1,1,4
Rwanda,2013,0,1,1,2,0,3,1,0,4,0,1,1,2,2,2,2,1,7
Rwanda,2014,0,1,1,2,0,3,1,1,5,0,1,1,2,2,2,2,1,7
Rwanda,2015,0,1,1,2,0,3,1,0,4,0,1,1,2,2,2,2,1,7
Rwanda,2016,0,1,1,2,0,3,1,0,4,0,1,1,2,2,2,2,1,7
Rwanda,2017,0,1,1,2,0,3,1,0,4,0,1,1,2,2,2,2,1,7
Rwanda,2018,0,1,1,2,0,3,1,0,4,0,1,1,2,2,2,2,1,7
Rwanda,2019,0,1,1,2,0,2,1,0,3,0,1,1,2,2,2,2,1,7
Rwanda,2020,0,1,1,2,0,2,1,0,3,0,1,1,2,2,2,2,1,7
Rwanda,2021,0,1,1,2,0,2,1,0,3,0,1,1,2,1,2,2,1,6
Rwanda,2022,0,1,1,2,0,2,1,0,3,0,1,1,2,2,2,2,1,7
Rwanda,2023,0,1,1,2,0,2,1,0,3,0,1,1,2,2,2,2,1,7
Rwanda,2024,0,1,1,2,0,2,1,0,3,0,1,1,2,2,2,2,1,7
Rwanda,2025,0,1,1,2,0,2,1,0,3,0,1,1,2,1,2,2,1,6
Samoa,2013,3,3,3,9,3,3,4,4,14,4,3,3,10,3,3,3,3,12
Samoa,2014,3,3,3,9,3,3,4,4,14,4,3,3,10,3,3,3,3,12
Samoa,2015,3,3,3,9,3,3,4,4,14,4,3,3,10,3,3,3,3,12
Samoa,2016,3,3,3,9,3,3,4,4,14,4,3,3,10,3,3,3,3,12
Samoa,2017,3,3,3,9,3,3,4,4,14,4,3,3,10,3,3,3,3,12
Samoa,2018,3,3,3,9,3,3,4,4,14,4,3,3,10,3,3,3,3,12
Samoa,2019,3,3,3,9,3,3,4,4,14,4,3,4,11,3,3,3,3,12
Samoa,2020,3,3,3,9,3,3,4,4,14,4,3,4,11,3,3,3,3,12
Samoa,2021,3,3,3,9,3,3,4,4,14,4,3,4,11,3,3,3,3,12
Samoa,2022,3,3,3,9,3,3,4,4,14,4,3,4,11,3,3,3,3,12
Samoa,2023,3,3,3,9,3,3,4,4,14,4,4,4,12,3,3,3,3,12
Samoa,2024,3,3,3,9,3,3,4,4,14,4,4,4,12,3,3,3,3,12
Samoa,2025,3,3,3,9,3,3,4,4,14,4,4,4,12,3,3,3,3,12
San Marino,2013,4,4,4,12,4,4,4,4,16,4,4,4,12,4,4,4,4,16
San Marino,2014,4,4,4,12,4,4,4,4,16,4,4,4,12,4,4,4,4,16
San Marino,2015,4,4,4,12,4,4,4,4,16,4,4,4,12,4,4,4,4,16
San Marino,2016,4,4,4,12,4,4,4,4,16,4,4,4,12,4,4,4,4,16
San Marino,2017,4,4,4,12,3,4,4,4,15,4,4,4,12,4,4,4,4,16
San Marino,2018,4,4,4,12,3,4,4,4,15,4,4,4,12,4,4,4,4,16
San Marino,2019,4,4,4,12,3,4,4,4,15,4,4,4,12,4,4,3,4,15
San Marino,2020,4,4,4,12,3,4,4,4,15,4,4,4,12,4,4,3,4,15
San Marino,2021,4,4,4,12,3,4,4,4,15,4,4,4,12,4,4,3,4,15
San Marino,2022,4,4,4,12,3,4,4,4,15,4,4,4,12,4,4,3,4,15
San Marino,2023,4,4,4,12,3,4,4,4,15,4,4,4,12,4,4,4,4,16
San Marino,2024,4,4,4,12,3,4,4,4,15,4,4,4,12,4,4,4,4,16
San Marino,2025,4,4,4,12,3,4,4,4,15,4,4,4,12,4,4,4,4,16
Sao Tome and Principe,2013,4,4,3,11,3,4,4,4,15,4,3,3,10,3,3,2,2,10
Sao Tome and Principe,2014,4,4,3,11,3,4,4,4,15,4,3,3,10,3,3,2,2,10
Sao Tome and Principe,2015,4,4,3,11,3,4,4,4,15,4,3,3,10,3,3,2,2,10
Sao Tome and Principe,2016,4,4,3,11,3,4,4,4,15,4,3,3,10,3,3,2,2,10
Sao Tome and Principe,2017,4,4,3,11,3,4,4,4,15,4,3,3,10,3,3,2,2,10
Sao Tome and Principe,2018,4,4,3,11,3,4,4,4,15,4,3,3,10,4,3,2,2,11
Sao Tome and Principe,2019,4,4,3,11,3,4,4,4,15,4,4,3,11,4,3,2,2,11
Sao Tome and Principe,2020,4,4,3,11,3,4,4,4,15,4,4,3,11,4,3,2,2,11
Sao Tome and Principe,2021,4,4,3,11,3,4,4,4,15,4,4,3,11,4,3,2,2,11
Sao Tome and Principe,2022,4,4,3,11,3,4,4,4,15,4,4,3,11,4,3,2,2,11
Sao Tome and Principe,2023,4,4,3,11,3,4,4,4,15,4,4,3,11,4,3,2,2,11
Sao Tome and Principe,2024,4,4,3,11,3,4,4,4,15,4,4,3,11,4,3,2,2,11
Sao Tome and Principe,2025,4,4,3,11,3,4,4,4,15,4,4,3,11,4,3,2,2,11
Saudi Arabia,2013,0,0,0,0,0,0,1,2,3,0,0,0,0,0,1,0,1,2
Saudi Arabia,2014,0,0,0,0,0,0,1,2,3,0,0,0,0,0,1,0,1,2
Saudi Arabia,2015,0,0,0,0,0,0,1,2,3,0,0,0,0,0,1,0,1,2
Saudi Arabia,2016,0,0,0,0,0,0,1,2,3,0,0,0,0,0,1,0,1,2
Saudi Arabia,2017,0,0,0,0,0,0,1,2,3,0,0,0,0,0,1,0,1,2
Saudi Arabia,2018,0,0,0,0,0,0,1,2,3,0,0,0,0,0,1,0,1,2
Saudi Arabia,2019,0,0,0,0,0,0,1,1,2,0,0,0,0,0,1,0,1,2
Saudi Arabia,2020,0,0,0,0,0,0,1,1,2,0,0,0,0,0,1,0,1,2
Saudi Arabia,2021,0,0,0,0,0,0,1,1,2,0,0,0,0,0,1,0,1,2
Saudi Arabia,2022,0,0,0,0,0,0,1,1,2,0,0,0,0,0,1,0,1,2
Saudi Arabia,2023,0,0,0,0,0,0,1,1,2,0,0,0,0,0,1,0,1,2
Saudi Arabia,2024,0,0,0,0,0,0,1,1,2,0,0,0,0,0,1,0,1,2
Saudi Arabia,2025,0,0,0,0,0,0,1,1,2,0,0,0,0,1,1,0,1,3
Senegal,2013,4,4,3,11,2,4,4,4,14,3,4,3,10,2,3,2,2,9
Senegal,2014,4,4,3,11,3,4,4,4,15,4,4,3,11,3,3,2,2,10
Senegal,2015,4,4,3,11,3,4,4,4,15,3,4,3,10,3,3,2,2,10
Senegal,2016,4,4,3,11,3,4,4,4,15,3,4,3,10,3,3,2,2,10
Senegal,2017,4,4,3,11,3,4,4,4,15,3,4,3,10,3,3,3,2,11
Senegal,2018,4,3,3,10,2,4,4,3,13,3,4,3,10,3,3,3,2,11
Senegal,2019,4,3,3,10,2,4,4,3,13,2,4,3,9,3,3,3,2,11
Senegal,2020,3,3,3,9,2,4,4,3,13,2,4,3,9,3,3,3,2,11
Senegal,2021,3,3,3,9,2,4,4,3,13,2,4,3,9,3,3,3,2,11
Senegal,2022,3,3,3,9,2,4,4,3,13,1,3,3,7,3,3,3,2,11
Senegal,2023,3,3,3,9,2,4,4,3,13,1,3,3,7,3,3,3,2,11
Senegal,2024,3,3,3,9,2,4,4,3,13,1,3,3,7,3,3,3,2,11
Senegal,2025,3,4,3,10,2,4,4,3,13,1,3,3,7,3,3,3,2,11
Serbia,2013,3,3,3,9,3,4,4,4,15,3,4,3,10,4,3,3,3,13
Serbia,2014,3,3,3,9,3,4,4,4,15,3,4,3,10,4,3,3,3,13
Serbia,2015,3,4,3,10,3,4,4,4,15,4,4,3,11,4,3,3,3,13
Serbia,2016,3,4,3,10,2,4,4,4,14,4,4,3,11,4,3,3,3,13
Serbia,2017,3,3,3,9,2,4,4,4,14,4,3,3,10,4,3,3,3,13
Serbia,2018,3,3,3,9,2,4,3,4,13,4,3,3,10,4,3,3,3,13
Serbia,2019,3,2,3,8,2,4,3,3,12,4,3,3,10,4,3,3,2,12
Serbia,2020,3,2,3,8,2,4,3,3,12,4,3,3,10,4,3,3,2,12
Serbia,2021,3,2,2,7,2,4,3,3,12,3,3,3,9,4,3,3,2,12
Serbia,2022,3,2,2,7,2,4,3,3,12,3,2,3,8,4,3,3,2,12
Serbia,2023,2,2,2,6,2,4,3,3,12,2,2,3,7,4,3,3,2,12
Serbia,2024,2,2,1,5,2,4,3,2,11,2,2,3,7,4,3,3,2,12
Serbia,2025,2,2,1,5,2,4,3,2,11,2,2,3,7,3,3,3,2,11
Seychelles,2013,3,3,2,8,2,3,3,3,11,3,3,3,9,3,3,2,3,11
Seychelles,2014,3,3,2,8,2,3,3,3,11,3,3,3,9,3,3,2,3,11
Seychelles,2015,3,3,2,8,2,3,3,3,11,3,3,3,9,3,3,2,3,11
Seychelles,2016,3,3,3,9,2,3,3,3,11,3,3,3,9,3,3,2,3,11
Seychelles,2017,3,4,3,10,2,4,3,3,12,3,3,3,9,3,3,2,3,11
Seychelles,2018,3,4,3,10,2,4,3,3,12,3,3,3,9,3,3,2,3,11
Seychelles,2019,3,4,3,10,2,4,3,3,12,3,3,3,9,3,3,2,3,11
Seychelles,2020,3,4,3,10,2,4,3,3,12,3,3,3,9,3,3,2,3,11
Seychelles,2021,4,4,4,12,2,4,3,3,12,3,3,3,9,3,3,2,3,11
Seychelles,2022,4,4,4,12,3,4,4,3,14,3,3,3,9,3,3,2,3,11
Seychelles,2023,4,4,4,12,3,4,4,3,14,3,3,3,9,3,3,2,3,11
Seychelles,2024,4,4,4,12,3,4,4,3,14,3,3,3,9,3,3,2,3,11
Seychelles,2025,4,4,4,12,3,4,4,3,14,3,3,3,9,4,3,2,3,12
Sierra Leone,2013,3,3,4,10,3,4,3,3,13,3,3,2,8,3,3,2,2,10
Sierra Leone,2014,3,3,4,10,2,4,3,3,12,2,3,2,7,3,3,2,2,10
Sierra Leone,2015,3,3,4,10,2,4,3,3,12,2,3,2,7,2,3,2,2,9
Sierra Leone,2016,3,3,4,10,2,4,3,3,12,2,3,2,7,2,3,2,2,9
Sierra Leone,2017,3,3,4,10,2,4,3,3,12,2,3,2,7,3,3,2,2,10
Sierra Leone,2018,3,3,4,10,2,4,3,3,12,2,3,2,7,3,3,2,2,10
Sierra Leone,2019,3,3,4,10,2,4,3,3,12,2,2,2,6,3,3,2,2,10
Sierra Leone,2020,3,3,4,10,2,4,3,3,12,2,2,2,6,3,3,2,2,10
Sierra Leone,2021,3,3,4,10,2,4,3,3,12,2,2,2,6,3,3,2,2,10
Sierra Leone,2022,3,3,4,10,2,4,3,3,12,2,2,2,6,3,3,2,2,10
Sierra Leone,2023,3,3,3,9,2,4,3,3,12,1,2,2,5,3,3,2,2,10
Sierra Leone,2024,2,2,3,7,2,4,3,3,12,1,2,2,5,3,3,2,2,10
Sierra Leone,2025,2,2,3,7,2,4,3,3,12,1,2,2,5,3,3,2,2,10
Singapore,2013,1,2,1,4,2,3,2,3,10,2,1,1,4,3,3,3,3,12
Singapore,2014,1,2,1,4,1,3,2,3,9,2,1,1,4,3,3,3,3,12
Singapore,2015,1,2,1,4,1,3,2,3,9,2,1,1,4,3,3,3,3,12
Singapore,2016,1,2,1,4,1,3,2,3,9,2,1,1,4,3,3,3,3,12
Singapore,2017,1,2,1,4,1,3,2,3,9,2,1,1,4,3,3,3,3,12
Singapore,2018,1,2,1,4,2,3,2,3,10,2,1,1,4,3,3,3,3,12
Singapore,2019,1,2,1,4,2,3,1,3,9,2,1,1,4,3,3,3,3,12
Singapore,2020,1,2,1,4,2,3,1,2,8,2,1,1,4,3,3,3,3,12
Singapore,2021,1,2,1,4,2,3,1,2,8,1,1,1,3,2,3,3,3,11
Singapore,2022,1,2,1,4,1,3,1,2,7,1,1,1,3,2,3,3,3,11
Singapore,2023,1,2,1,4,1,3,1,2,7,1,1,1,3,2,3,3,3,11
Singapore,2024,1,2,1,4,1,3,1,2,7,1,1,1,3,3,3,3,3,12
Singapore,2025,1,2,1,4,1,3,1,2,7,1,1,1,3,3,3,3,3,12
Slovakia,2013,4,4,4,12,4,4,4,4,16,4,4,4,12,4,4,3,3,14
Slovakia,2014,4,4,4,12,4,4,4,4,16,4,4,4,12,4,4,3,3,14
Slovakia,2015,4,4,4,12,3,4,4,4,15,4,4,4,12,4,4,3,3,14
Slovakia,2016,4,4,4,12,3,4,4,4,15,4,4,4,12,4,4,3,3,14
Slovakia,2017,4,4,4,12,3,4,4,4,15,4,4,4,12,4,4,3,3,14
Slovakia,2018,4,4,4,12,3,4,4,4,15,4,4,4,12,4,4,3,3,14
Slovakia,2019,4,4,4,12,2,4,4,4,14,4,4,4,12,4,4,3,3,14
Slovakia,2020,4,4,4,12,2,4,4,4,14,4,4,4,12,4,4,3,3,14
Slovakia,2021,4,4,4,12,3,4,4,4,15,4,4,4,12,4,4,3,3,14
Slovakia,2022,4,4,4,12,3,4,4,4,15,4,4,4,12,4,4,3,3,14
Slovakia,2023,4,4,4,12,3,4,4,4,15,4,4,4,12,4,4,3,3,14
Slovakia,2024,4,4,4,12,3,4,4,4,15,4,4,4,12,4,4,3,3,14
Slovakia,2025,4,4,4,12,3,4,4,4,15,4,4,4,12,4,4,3,3,14
Slovenia,2013,4,4,4,12,3,3,4,4,14,4,4,4,12,4,3,3,3,13
Slovenia,2014,4,4,4,12,3,3,4,4,14,4,4,4,12,4,3,3,3,13
Slovenia,2015,4,4,4,12,3,3,4,4,14,4,4,4,12,4,3,3,3,13
Slovenia,2016,4,4,4,12,3,3,4,4,14,4,4,4,12,4,3,3,3,13
Slovenia,2017,4,4,4,12,3,3,4,4,14,4,4,4,12,4,3,3,3,13
Slovenia,2018,4,4,4,12,3,3,4,4,14,4,4,4,12,4,4,3,3,14
Slovenia,2019,4,4,4,12,3,3,4,4,14,4,4,4,12,4,4,3,3,14
Slovenia,2020,4,4,4,12,3,3,4,4,14,4,4,4,12,4,4,3,3,14
Slovenia,2021,4,4,4,12,3,4,4,4,15,4,4,4,12,4,4,3,3,14
Slovenia,2022,4,4,4,12,2,4,4,4,14,3,3,4,10,4,4,3,3,14
Slovenia,2023,4,4,4,12,2,4,4,4,14,4,4,4,12,4,4,4,3,15
Slovenia,2024,4,4,4,12,3,4,4,4,15,4,4,4,12,4,4,4,3,15
Slovenia,2025,4,4,4,12,3,4,4,4,15,4,4,4,12,4,4,4,3,15
Solomon Islands,2013,2,2,2,6,3,4,4,3,14,3,3,3,9,3,3,3,3,12
Solomon Islands,2014,2,2,2,6,3,4,4,3,14,3,3,3,9,3,3,3,3,12
Solomon Islands,2015,3,3,3,9,3,4,4,3,14,3,3,3,9,3,3,3,3,12
Solomon Islands,2016,3,3,3,9,3,4,4,3,14,3,3,3,9,3,3,3,3,12
Solomon Islands,2017,3,3,3,9,3,4,4,3,14,3,3,3,9,3,3,3,3,12
Solomon Islands,2018,3,3,3,9,3,4,4,3,14,3,3,3,9,3,3,3,3,12
Solomon Islands,2019,3,3,3,9,4,4,4,4,16,3,4,3,10,3,3,3,3,12
Solomon Islands,2020,3,3,3,9,4,4,4,4,16,3,4,3,10,3,3,3,3,12
Solomon Islands,2021,3,3,3,9,4,4,4,4,16,3,4,3,10,3,3,3,3,12
Solomon Islands,2022,3,3,3,9,4,4,4,4,16,3,4,3,10,3,3,3,3,12
Solomon Islands,2023,3,3,2,8,2,4,4,4,14,3,4,3,10,3,3,3,3,12
Solomon Islands,2024,3,3,2,8,2,4,4,4,14,3,4,3,10,3,3,3,3,12
Solomon Islands,2025,3,3,3,9,2,4,4,4,14,3,4,3,10,3,3,3,3,12
Somalia,2013,0,0,0,0,0,0,0,1,1,0,0,0,0,0,1,0,0,1
Somalia,2014,0,0,0,0,0,0,0,1,1,0,0,0,0,0,1,0,0,1
Somalia,2015,0,0,0,0,0,0,0,1,1,0,0,0,0,0,1,0,0,1
Somalia,2016,0,0,0,0,0,0,0,1,1,0,0,0,0,0,1,0,0,1
Somalia,2017,0,0,0,0,1,0,1,1,3,0,1,0,1,0,1,0,0,1
Somalia,2018,0,0,0,0,1,0,1,1,3,1,1,0,2,0,1,0,0,1
Somalia,2019,0,0,0,0,1,0,1,1,3,1,1,1,3,0,0,0,0,0
Somalia,2020,0,0,0,0,1,0,1,1,3,1,1,1,3,0,0,0,0,0
Somalia,2021,0,0,0,0,1,0,1,1,3,1,1,1,3,0,0,0,0,0
Somalia,2022,0,0,0,0,1,0,1,1,3,1,1,1,3,0,0,0,0,0
Somalia,2023,0,0,0,0,1,0,1,1,3,1,1,1,3,0,0,0,0,0
Somalia,2024,0,0,0,0,1,0,1,1,3,1,1,1,3,0,0,0,0,0
Somalia,2025,0,0,0,0,1,0,1,1,3,1,1,1,3,0,0,0,0,0
South Africa,2013,4,4,4,12,3,4,4,4,15,3,4,4,11,4,3,2,2,11
South Africa,2014,4,4,4,12,3,4,4,4,15,4,4,4,12,4,3,2,2,11
South Africa,2015,4,4,4,12,3,4,4,4,15,4,4,4,12,4,3,2,2,11
South Africa,2016,4,4,4,12,3,4,4,4,15,4,4,4,12,3,3,2,2,10
South Africa,2017,4,4,4,12,3,4,4,4,15,3,4,4,11,3,3,2,2,10
South Africa,2018,4,4,4,12,3,4,4,4,15,4,4,4,12,3,3,2,2,10
South Africa,2019,4,4,4,12,3,4,4,4,15,4,4,4,12,3,3,2,2,10
South Africa,2020,4,4,4,12,3,4,4,4,15,4,4,4,12,3,3,2,2,10
South Africa,2021,4,4,4,12,3,4,4,4,15,4,4,4,12,3,3,2,2,10
South Africa,2022,4,4,4,12,3,4,4,4,15,4,4,4,12,3,3,2,2,10
South Africa,2023,4,4,4,12,3,4,4,4,15,4,4,4,12,3,3,2,2,10
South Africa,2024,4,4,4,12,3,4,4,4,15,4,4,4,12,3,3,2,2,10
South Africa,2025,4,4,4,12,3,4,4,4,15,4,4,4,12,3,3,2,2,10
South Korea,2013,4,4,3,11,3,4,3,4,14,4,3,4,11,4,3,2,3,12
South Korea,2014,4,4,3,11,3,4,3,4,14,4,3,4,11,4,3,2,3,12
South Korea,2015,4,4,3,11,3,4,3,3,13,4,3,4,11,4,3,3,3,13
South Korea,2016,4,4,3,11,3,4,2,3,12,4,3,4,11,4,3,3,3,13
South Korea,2017,4,4,3,11,3,4,3,3,13,4,3,4,11,4,3,3,3,13
South Korea,2018,4,4,3,11,3,4,3,4,14,4,3,4,11,4,3,3,3,13
South Korea,2019,4,4,3,11,3,4,3,4,14,4,3,4,11,4,3,3,3,13
South Korea,2020,4,4,3,11,3,4,3,4,14,4,3,4,11,4,3,3,3,13
South Korea,2021,4,4,3,11,3,4,3,4,14,4,3,4,11,4,3,3,3,13
South Korea,2022,4,4,3,11,3,4,3,4,14,4,3,4,11,4,3,3,3,13
South Korea,2023,4,4,3,11,3,4,3,4,14,4,3,4,11,4,3,3,3,13
South Korea,2024,4,4,3,11,3,4,3,4,14,4,3,4,11,4,3,3,3,13
South Korea,2025,4,4,3,11,3,4,3,4,14,3,3,4,10,4,3,3,3,13
South Sudan,2013,1,1,2,4,1,3,2,2,8,1,1,2,4,2,1,1,1,5
South Sudan,2014,1,1,2,4,1,3,2,1,7,1,1,1,3,2,1,1,1,5
South Sudan,2015,1,1,1,3,0,2,1,1,4,1,1,1,3,2,1,1,1,5
South Sudan,2016,1,1,1,3,0,2,1,1,4,1,1,1,3,2,1,0,1,4
South Sudan,2017,0,0,1,1,0,2,1,1,4,1,0,1,2,0,0,0,0,0
South Sudan,2018,0,0,1,1,0,1,1,0,2,1,0,1,2,0,0,0,0,0
South Sudan,2019,0,0,1,1,0,1,1,0,2,1,0,1,2,0,0,0,0,0
South Sudan,2020,0,0,1,1,0,1,1,0,2,1,0,1,2,0,0,0,0,0
South Sudan,2021,0,0,1,1,0,1,1,0,2,1,0,1,2,0,0,0,0,0
South Sudan,2022,0,0,0,0,0,1,1,0,2,1,0,1,2,0,0,0,0,0
South Sudan,2023,0,0,0,0,0,1,1,0,2,1,0,1,2,0,0,0,0,0
South Sudan,2024,0,0,0,0,0,1,1,0,2,1,0,1,2,0,0,0,0,0
South Sudan,2025,0,0,0,0,0,1,1,0,2,1,0,1,2,0,0,0,0,0
Spain,2013,4,4,4,12,4,4,4,4,16,4,4,4,12,4,4,4,3,15
Spain,2014,4,4,4,12,3,4,4,4,15,4,4,4,12,4,4,4,3,15
Spain,2015,4,4,4,12,3,4,4,4,15,4,4,4,12,4,4,4,3,15
Spain,2016,4,4,4,12,3,4,4,4,15,3,4,4,11,4,4,4,3,15
Spain,2017,4,4,4,12,3,4,4,4,15,3,4,4,11,4,4,4,3,15
Spain,2018,4,4,3,11,3,4,4,4,15,3,4,4,11,4,4,4,3,15
Spain,2019,4,4,4,12,3,4,4,3,14,3,4,4,11,4,4,4,3,15
Spain,2020,4,4,4,12,3,4,4,3,14,3,4,4,11,4,4,4,3,15
Spain,2021,4,4,4,12,3,4,4,3,14,3,4,4,11,4,4,4,3,15
Spain,2022,4,4,4,12,3,4,4,3,14,3,4,4,11,4,4,4,3,15
Spain,2023,4,4,4,12,3,4,4,3,14,3,4,4,11,4,4,4,3,15
Spain,2024,4,4,4,12,3,4,4,3,14,3,4,4,11,4,4,4,3,15
Spain,2025,4,4,4,12,3,4,4,3,14,3,4,4,11,4,4,4,3,15
Sri Lanka,2013,2,2,2,6,1,2,2,3,8,2,1,3,6,2,2,2,2,8
Sri Lanka,2014,2,2,2,6,1,1,2,3,7,2,1,3,6,2,2,2,2,8
Sri Lanka,2015,2,2,2,6,1,1,2,2,6,2,1,3,6,2,2,2,2,8
Sri Lanka,2016,3,3,2,8,2,2,2,3,9,2,3,3,8,2,2,2,2,8
Sri Lanka,2017,3,3,2,8,2,2,2,3,9,2,3,3,8,2,2,2,2,8
Sri Lanka,2018,3,3,2,8,2,2,2,2,8,2,3,3,8,2,2,2,2,8
Sri Lanka,2019,3,3,3,9,2,2,2,2,8,2,3,3,8,2,2,2,2,8
Sri Lanka,2020,3,3,3,9,2,2,2,2,8,3,3,3,9,2,2,2,2,8
Sri Lanka,2021,3,3,3,9,2,2,2,2,8,3,3,3,9,2,2,2,2,8
Sri Lanka,2022,3,3,3,9,2,2,2,2,8,3,3,3,9,2,2,2,2,8
Sri Lanka,2023,3,3,3,9,2,2,2,2,8,2,3,3,8,2,2,2,2,8
Sri Lanka,2024,3,3,3,9,3,2,2,2,9,2,3,3,8,2,2,2,2,8
Sri Lanka,2025,4,4,3,11,3,2,2,2,9,2,3,3,8,2,2,2,2,8
St. Kitts and Nevis,2013,4,4,4,12,3,4,4,4,15,4,4,4,12,4,4,3,3,14
St. Kitts and Nevis,2014,4,4,4,12,3,4,4,4,15,4,4,4,12,4,3,3,3,13
St. Kitts and Nevis,2015,4,4,4,12,3,4,4,4,15,4,4,4,12,4,3,3,3,13
St. Kitts and Nevis,2016,4,3,3,10,3,4,4,4,15,4,4,4,12,4,3,3,3,13
St. Kitts and Nevis,2017,4,3,3,10,3,4,4,4,15,4,4,4,12,4,3,3,3,13
St. Kitts and Nevis,2018,4,3,3,10,3,4,4,4,15,4,4,4,12,4,3,3,3,13
St. Kitts and Nevis,2019,4,3,3,10,3,4,4,4,15,4,4,4,12,4,3,3,3,13
St. Kitts and Nevis,2020,4,3,3,10,3,4,4,4,15,4,4,4,12,4,3,3,3,13
St. Kitts and Nevis,2021,4,3,3,10,4,4,4,4,16,4,4,4,12,4,3,3,3,13
St. Kitts and Nevis,2022,4,3,3,10,4,4,4,4,16,4,4,4,12,4,3,3,3,13
St. Kitts and Nevis,2023,4,3,3,10,4,4,4,4,16,4,4,4,12,4,3,3,3,13
St. Kitts and Nevis,2024,4,3,3,10,4,4,4,4,16,4,4,4,12,4,3,3,3,13
St. Kitts and Nevis,2025,4,3,3,10,4,4,4,4,16,4,4,4,12,4,3,3,3,13
St. Lucia,2013,4,4,4,12,4,4,4,4,16,4,4,4,12,4,4,3,3,14
St. Lucia,2014,4,4,4,12,3,4,4,4,15,4,4,4,12,4,4,3,3,14
St. Lucia,2015,4,4,4,12,3,4,4,4,15,4,4,4,12,4,4,3,3,14
St. Lucia,2016,4,4,4,12,3,4,4,4,15,4,4,4,12,4,4,3,3,14
St. Lucia,2017,4,4,4,12,3,4,4,4,15,4,4,4,12,4,4,3,3,14
St. Lucia,2018,4,4,3,11,3,4,4,4,15,4,4,4,12,4,4,3,3,14
St. Lucia,2019,4,4,3,11,3,4,4,4,15,4,4,4,12,4,4,3,3,14
St. Lucia,2020,4,4,3,11,3,4,4,4,15,4,4,4,12,4,4,3,3,14
St. Lucia,2021,4,4,3,11,3,4,4,4,15,4,4,4,12,4,4,3,3,14
St. Lucia,2022,4,4,3,11,3,4,4,4,15,4,4,4,12,4,4,3,3,14
St. Lucia,2023,4,4,3,11,3,4,4,4,15,4,4,4,12,4,4,3,3,14
St. Lucia,2024,4,4,3,11,3,4,4,4,15,4,4,4,12,4,4,3,3,14
St. Lucia,2025,4,4,3,11,3,4,4,4,15,4,4,4,12,4,4,3,3,14
St. Vincent and the Grenadines,2013,4,4,3,11,3,4,4,4,15,4,4,3,11,4,4,3,3,14
St. Vincent and the Grenadines,2014,4,4,3,11,3,4,4,4,15,4,4,4,12,4,4,3,3,14
St. Vincent and the Grenadines,2015,4,4,3,11,3,4,4,4,15,4,4,4,12,4,4,3,3,14
St. Vincent and the Grenadines,2016,4,4,3,11,3,4,4,4,15,4,4,4,12,4,4,3,3,14
St. Vincent and the Grenadines,2017,4,4,3,11,3,4,4,4,15,4,4,4,12,4,4,3,3,14
St. Vincent and the Grenadines,2018,4,4,3,11,3,4,4,4,15,4,4,4,12,4,4,3,3,14
St. Vincent and the Grenadines,2019,4,4,3,11,3,4,4,4,15,4,4,4,12,4,4,3,3,14
St. Vincent and the Grenadines,2020,4,4,3,11,3,4,4,4,15,4,4,4,12,4,4,3,3,14
St. Vincent and the Grenadines,2021,4,4,3,11,3,4,4,4,15,4,4,4,12,4,4,3,3,14
St. Vincent and the Grenadines,2022,4,4,3,11,3,4,4,4,15,4,4,4,12,4,4,3,3,14
St. Vincent and the Grenadines,2023,4,4,3,11,3,4,4,4,15,4,4,4,12,4,4,3,3,14
St. Vincent and the Grenadines,2024,4,4,3,11,3,4,4,4,15,4,4,4,12,4,4,3,3,14
St. Vincent and the Grenadines,2025,4,4,3,11,3,4,4,4,15,4,4,4,12,4,4,3,3,14
Sudan,2013,1,1,0,2,0,1,1,1,3,0,1,0,1,0,1,0,0,1
Sudan,2014,1,1,0,2,0,1,1,1,3,0,1,0,1,0,1,0,0,1
Sudan,2015,1,1,0,2,0,0,1,1,2,0,1,0,1,0,1,0,0,1
Sudan,2016,1,1,0,2,0,0,1,1,2,0,1,0,1,0,1,0,0,1
Sudan,2017,1,1,0,2,0,0,1,1,2,0,1,0,1,0,1,0,0,1
Sudan,2018,1,1,0,2,0,0,1,1,2,0,1,0,1,0,1,0,0,1
Sudan,2019,1,1,0,2,0,0,1,1,2,0,1,0,1,0,1,0,0,1
Sudan,2020,0,0,0,0,1,1,1,2,5,0,2,1,3,0,1,0,0,1
Sudan,2021,0,0,0,0,1,2,2,2,7,1,2,1,4,1,1,1,0,3
Sudan,2022,0,0,0,0,1,2,1,1,5,0,2,0,2,1,1,1,0,3
Sudan,2023,0,0,0,0,1,2,1,1,5,0,2,0,2,1,1,1,0,3
Sudan,2024,0,0,0,0,1,2,1,1,5,0,1,0,1,1,1,1,0,3
Sudan,2025,0,0,0,0,0,2,0,1,3,0,1,0,1,0,0,1,0,1
Suriname,2013,4,4,4,12,3,4,4,4,15,4,4,3,11,3,2,3,2,10
Suriname,2014,4,4,4,12,3,4,4,4,15,4,4,3,11,3,2,3,2,10
Suriname,2015,4,4,4,12,3,4,4,4,15,4,4,3,11,3,2,3,2,10
Suriname,2016,4,4,4,12,3,4,4,4,15,4,4,3,11,3,2,3,2,10
Suriname,2017,4,4,4,12,3,4,4,4,15,4,4,3,11,3,2,3,2,10
Suriname,2018,4,4,4,12,3,4,4,4,15,4,4,3,11,3,2,3,2,10
Suriname,2019,4,4,4,12,3,4,4,3,14,4,4,3,11,3,2,3,2,10
Suriname,2020,4,4,3,11,3,4,4,3,14,4,4,3,11,3,2,3,2,10
Suriname,2021,4,4,3,11,3,4,4,4,15,4,4,3,11,3,2,3,2,10
Suriname,2022,4,4,3,11,3,4,4,4,15,4,4,3,11,3,2,3,2,10
Suriname,2023,4,4,3,11,3,4,4,4,15,4,4,3,11,3,2,3,2,10
Suriname,2024,4,4,3,11,3,4,4,4,15,4,4,3,11,3,2,3,2,10
Suriname,2025,4,4,3,11,3,4,4,4,15,4,4,3,11,3,2,3,3,11
Sweden,2013,4,4,4,12,4,4,4,4,16,4,4,4,12,4,4,4,4,16
Sweden,2014,4,4,4,12,4,4,4,4,16,4,4,4,12,4,4,4,4,16
Sweden,2015,4,4,4,12,4,3,4,4,15,4,4,4,12,4,4,4,4,16
Sweden,2016,4,4,4,12,4,4,4,4,16,4,4,4,12,4,4,4,4,16
Sweden,2017,4,4,4,12,4,4,4,4,16,4,4,4,12,4,4,4,4,16
Sweden,2018,4,4,4,12,4,4,4,4,16,4,4,4,12,4,4,4,4,16
Sweden,2019,4,4,4,12,4,4,4,4,16,4,4,4,12,4,4,4,4,16
Sweden,2020,4,4,4,12,4,4,4,4,16,4,4,4,12,4,4,4,4,16
Sweden,2021,4,4,4,12,4,4,4,4,16,4,4,4,12,4,4,4,4,16
Sweden,2022,4,4,4,12,4,4,4,4,16,4,4,4,12,4,4,4,4,16
Sweden,2023,4,4,4,12,4,4,4,4,16,4,4,4,12,4,4,4,4,16
Sweden,2024,4,4,4,12,4,4,4,4,16,4,4,4,12,4,4,4,4,16
Sweden,2025,4,4,4,12,4,4,4,4,16,4,4,4,12,4,4,4,4,16
Switzerland,2013,4,4,4,12,4,3,4,4,15,4,4,4,12,4,4,4,3,15
Switzerland,2014,4,4,4,12,4,3,4,4,15,4,4,4,12,4,4,4,3,15
Switzerland,2015,4,4,4,12,4,3,4,4,15,4,4,4,12,4,4,4,3,15
Switzerland,2016,4,4,4,12,4,3,4,4,15,4,4,4,12,4,4,4,3,15
Switzerland,2017,4,4,4,12,4,3,4,4,15,4,4,4,12,4,4,4,3,15
Switzerland,2018,4,4,4,12,4,3,4,4,15,4,4,4,12,4,4,4,3,15
Switzerland,2019,4,4,4,12,4,3,4,4,15,4,4,4,12,4,4,4,3,15
Switzerland,2020,4,4,4,12,4,3,4,4,15,4,4,4,12,4,4,4,3,15
Switzerland,2021,4,4,4,12,4,3,4,4,15,4,4,4,12,4,4,4,3,15
Switzerland,2022,4,4,4,12,4,3,4,4,15,4,4,4,12,4,4,4,3,15
Switzerland,2023,4,4,4,12,4,3,4,4,15,4,4,4,12,4,4,4,3,15
Switzerland,2024,4,4,4,12,4,3,4,4,15,4,4,4,12,4,4,4,3,15
Switzerland,2025,4,4,4,12,4,3,4,4,15,4,4,4,12,4,4,4,3,15
Syria,2013,0,0,0,0,0,2,0,0,2,0,0,0,0,0,1,2,1,4
Syria,2014,0,0,0,0,0,1,0,0,1,0,0,0,0,0,1,0,1,2
Syria,2015,0,0,0,0,0,1,0,1,2,0,0,0,0,0,0,0,0,0
Syria,2016,0,0,0,0,0,1,0,1,2,0,0,0,0,0,0,0,0,0
Syria,2017,0,0,0,0,0,1,0,1,2,0,0,0,0,0,0,0,0,0
Syria,2018,0,0,0,0,0,1,0,1,2,0,0,0,0,0,0,0,0,0
Syria,2019,0,0,0,0,0,2,0,1,3,0,0,0,0,0,0,0,0,0
Syria,2020,0,0,0,0,0,2,0,1,3,0,0,0,0,0,0,0,0,0
Syria,2021,0,0,0,0,0,2,0,1,3,0,0,0,0,0,0,1,0,1
Syria,2022,0,0,0,0,0,2,0,1,3,0,0,0,0,0,0,1,0,1
Syria,2023,0,0,0,0,0,2,0,1,3,0,0,0,0,0,0,1,0,1
Syria,2024,0,0,0,0,0,2,0,1,3,0,0,0,0,0,0,1,0,1
Syria,2025,0,0,0,0,1,2,0,1,4,1,0,0,1,1,0,1,0,2
Taiwan,2013,4,4,3,11,3,4,3,4,14,4,4,3,11,4,3,3,3,13
Taiwan,2014,4,4,3,11,3,4,3,4,14,4,4,3,11,4,3,3,3,13
Taiwan,2015,4,4,4,12,3,4,3,4,14,3,4,3,10,4,3,3,3,13
Taiwan,2016,4,4,4,12,3,4,3,4,14,4,4,3,11,4,3,3,3,13
Taiwan,2017,4,4,4,12,4,4,4,4,16,4,4,3,11,4,3,3,3,13
Taiwan,2018,4,4,4,12,4,4,4,4,16,4,4,3,11,4,3,4,3,14
Taiwan,2019,4,4,4,12,4,4,4,4,16,4,4,3,11,4,3,4,3,14
Taiwan,2020,4,4,4,12,4,4,4,4,16,4,4,3,11,4,3,4,3,14
Taiwan,2021,4,4,4,12,4,4,4,4,16,4,4,3,11,4,3,4,3,14
Taiwan,2022,4,4,4,12,4,4,4,4,16,4,4,3,11,4,3,4,3,14
Taiwan,2023,4,4,4,12,4,4,4,4,16,4,4,3,11,4,3,4,3,14
Taiwan,2024,4,4,4,12,4,4,4,4,16,4,4,3,11,4,3,4,3,14
Taiwan,2025,4,4,4,12,4,4,4,4,16,4,4,3,11,4,3,4,3,14
Tajikistan,2013,0,1,1,2,1,1,1,2,5,1,2,1,4,1,1,1,1,4
Tajikistan,2014,0,1,1,2,1,1,1,2,5,1,2,1,4,1,1,1,1,4
Tajikistan,2015,0,1,1,2,1,1,1,2,5,1,1,1,3,1,1,1,1,4
Tajikistan,2016,0,0,1,1,1,0,1,2,4,1,1,1,3,1,1,1,1,4
Tajikistan,2017,0,0,0,0,0,0,1,1,2,0,1,1,2,1,1,1,1,4
Tajikistan,2018,0,0,0,0,0,0,1,1,2,0,1,1,2,1,1,1,1,4
Tajikistan,2019,0,0,0,0,0,0,1,1,2,0,1,1,2,1,1,1,1,4
Tajikistan,2020,0,0,0,0,0,0,1,1,2,0,1,1,2,1,1,1,1,4
Tajikistan,2021,0,0,0,0,0,0,0,1,1,0,1,1,2,1,1,1,1,4
Tajikistan,2022,0,0,0,0,0,0,0,1,1,0,1,1,2,1,1,1,1,4
Tajikistan,2023,0,0,0,0,0,0,0,1,1,0,0,1,1,1,1,1,1,4
Tajikistan,2024,0,0,0,0,0,0,0,0,0,0,0,1,1,1,1,1,1,4
Tajikistan,2025,0,0,0,0,0,0,0,0,0,0,0,1,1,1,1,1,1,4
Tanzania,2013,3,3,3,9,2,3,3,3,11,2,3,2,7,3,2,2,2,9
Tanzania,2014,3,3,3,9,2,3,3,2,10,2,3,2,7,3,2,2,2,9
Tanzania,2015,3,3,3,9,2,3,3,2,10,2,3,2,7,3,2,2,2,9
Tanzania,2016,3,3,2,8,2,3,2,2,9,2,2,2,6,3,2,2,2,9
Tanzania,2017,3,2,2,7,2,3,2,2,9,2,2,2,6,3,2,2,2,9
Tanzania,2018,3,2,2,7,1,3,2,1,7,2,2,2,6,3,2,2,2,9
Tanzania,2019,3,2,2,7,1,3,2,1,7,2,1,2,5,2,2,1,2,7
Tanzania,2020,3,2,1,6,1,3,2,1,7,1,1,2,4,2,2,1,2,7
Tanzania,2021,1,1,1,3,1,3,2,1,7,1,1,2,4,2,2,1,2,7
Tanzania,2022,1,1,1,3,1,3,2,1,7,1,1,2,4,2,2,1,2,7
Tanzania,2023,1,1,1,3,1,3,2,1,7,1,2,2,5,2,2,2,2,8
Tanzania,2024,1,1,1,3,1,3,2,1,7,1,2,2,5,2,2,2,2,8
Tanzania,2025,1,1,1,3,1,3,2,1,7,1,2,2,5,2,2,2,2,8
Thailand,2013,3,3,2,8,1,2,3,3,9,2,2,2,6,3,2,3,2,10
Thailand,2014,3,3,2,8,1,3,3,3,10,2,2,2,6,3,2,3,2,10
Thailand,2015,0,0,1,1,1,3,1,1,6,1,1,2,4,3,2,3,2,10
Thailand,2016,0,0,1,1,1,3,1,1,6,1,1,2,4,3,2,3,2,10
Thailand,2017,0,0,1,1,1,3,1,1,6,1,1,2,4,3,2,3,2,10
Thailand,2018,0,0,0,0,1,3,1,1,6,1,1,2,4,3,2,3,2,10
Thailand,2019,0,0,0,0,1,3,1,1,6,1,1,2,4,3,2,3,2,10
Thailand,2020,0,1,0,1,1,3,1,1,6,2,1,2,5,3,2,3,2,10
Thailand,2021,0,1,0,1,1,3,1,1,6,1,1,2,4,3,2,3,2,10
Thailand,2022,0,1,0,1,1,3,1,1,6,1,1,1,3,3,2,3,2,10
Thailand,2023,0,1,0,1,1,3,1,1,6,1,1,1,3,3,2,3,2,10
Thailand,2024,1,2,0,3,1,3,1,1,6,1,1,1,3,3,2,3,2,10
Thailand,2025,1,2,0,3,1,3,1,1,6,1,1,1,3,3,2,3,2,10
The Gambia,2013,0,1,1,2,0,2,2,1,5,1,1,2,4,2,2,1,1,6
The Gambia,2014,0,1,1,2,0,2,2,0,4,0,1,2,3,2,2,1,1,6
The Gambia,2015,0,1,1,2,0,2,1,0,3,0,1,2,3,2,2,1,1,6
The Gambia,2016,0,1,0,1,0,2,1,0,3,0,1,2,3,2,2,1,1,6
The Gambia,2017,1,1,1,3,0,2,1,0,3,0,1,1,2,2,2,1,1,6
The Gambia,2018,2,3,2,7,2,2,1,2,7,1,2,2,5,2,2,1,1,6
The Gambia,2019,2,3,2,7,2,2,2,2,8,2,2,2,6,2,2,1,1,6
The Gambia,2020,2,3,2,7,2,2,2,2,8,2,2,2,6,2,2,1,1,6
The Gambia,2021,2,3,2,7,2,2,2,2,8,2,2,2,6,2,2,1,1,6
The Gambia,2022,3,3,2,8,2,2,2,2,8,2,2,2,6,2,2,1,1,6
The Gambia,2023,3,3,2,8,2,2,2,2,8,2,2,2,6,2,2,1,1,6
The Gambia,2024,3,3,2,8,2,2,3,2,9,2,2,2,6,2,2,1,1,6
The Gambia,2025,3,3,2,8,2,2,3,2,9,2,2,2,6,2,2,1,1,6
Timor-Leste,2013,4,4,3,11,2,3,4,3,12,2,3,2,7,3,2,2,2,9
Timor-Leste,2014,4,4,3,11,2,3,4,3,12,2,3,2,7,3,2,2,2,9
Timor-Leste,2015,4,4,3,11,2,3,4,3,12,3,3,2,8,3,2,2,2,9
Timor-Leste,2016,4,4,3,11,2,3,4,3,12,3,3,2,8,3,2,2,2,9
Timor-Leste,2017,4,4,3,11,2,3,4,3,12,3,3,2,8,3,2,2,2,9
Timor-Leste,2018,4,4,3,11,3,3,4,3,13,3,3,2,8,3,2,2,2,9
Timor-Leste,2019,4,4,3,11,3,3,4,4,14,3,3,2,8,3,2,2,2,9
Timor-Leste,2020,4,4,3,11,3,3,4,4,14,3,3,2,8,3,2,2,2,9
Timor-Leste,2021,4,4,3,11,3,3,4,4,14,3,3,2,8,3,2,2,2,9
Timor-Leste,2022,4,4,3,11,3,3,4,4,14,3,3,2,8,3,2,2,2,9
Timor-Leste,2023,4,4,3,11,3,3,4,4,14,3,3,2,8,3,2,2,2,9
Timor-Leste,2024,4,4,3,11,3,3,4,4,14,3,3,2,8,3,2,2,2,9
Timor-Leste,2025,4,4,3,11,3,3,4,4,14,3,3,2,8,3,2,2,2,9
Togo,2013,1,2,1,4,1,3,2,2,8,1,2,3,6,2,2,1,2,7
Togo,2014,1,2,2,5,2,3,2,2,9,1,2,3,6,2,2,1,2,7
Togo,2015,1,2,2,5,2,3,2,2,9,1,2,3,6,2,2,1,2,7
Togo,2016,2,2,2,6,2,3,2,2,9,2,2,3,7,2,2,1,2,7
Togo,2017,2,2,2,6,2,3,2,2,9,2,2,3,7,2,2,1,2,7
Togo,2018,2,2,2,6,2,3,2,2,9,1,2,3,6,2,2,1,2,7
Togo,2019,2,1,1,4,2,3,2,2,9,1,2,3,6,2,2,1,2,7
Togo,2020,2,2,1,5,2,3,2,2,9,1,2,3,6,2,2,1,2,7
Togo,2021,1,2,1,4,2,3,2,2,9,1,2,3,6,2,2,1,2,7
Togo,2022,1,2,1,4,2,3,2,2,9,1,2,2,5,2,2,1,2,7
Togo,2023,1,2,1,4,2,3,2,2,9,1,2,2,5,2,2,1,2,7
Togo,2024,1,2,1,4,2,3,2,2,9,1,2,2,5,2,2,1,2,7
Togo,2025,1,2,0,3,2,3,2,2,9,1,2,2,5,2,2,1,2,7
Tonga,2013,4,4,3,11,3,4,3,3,13,3,3,2,8,4,3,3,2,12
Tonga,2014,4,4,3,11,3,4,3,3,13,3,3,2,8,4,3,3,2,12
Tonga,2015,4,4,3,11,3,4,3,3,13,3,3,2,8,4,3,3,2,12
Tonga,2016,4,4,3,11,3,4,3,3,13,3,3,2,8,4,3,3,2,12
Tonga,2017,3,3,3,9,2,4,3,3,12,3,3,3,9,4,3,3,2,12
Tonga,2018,3,3,3,9,2,4,3,3,12,3,3,3,9,4,3,3,2,12
Tonga,2019,3,3,3,9,2,4,4,4,14,4,3,3,10,4,3,3,3,13
Tonga,2020,3,3,3,9,2,4,4,4,14,4,3,3,10,4,3,3,3,13
Tonga,2021,3,3,3,9,2,4,4,4,14,4,3,3,10,4,3,3,3,13
Tonga,2022,3,3,3,9,2,4,4,4,14,4,3,3,10,4,3,3,3,13
Tonga,2023,3,3,3,9,2,4,4,4,14,4,4,3,11,4,3,3,3,13
Tonga,2024,3,3,3,9,2,4,4,4,14,4,4,3,11,4,3,3,3,13
Tonga,2025,3,3,3,9,2,4,4,4,14,4,4,3,11,4,3,3,3,13
Trinidad and Tobago,2013,4,4,3,11,4,3,4,4,15,4,4,3,11,4,3,3,3,13
Trinidad and Tobago,2014,4,4,3,11,4,3,4,4,15,4,4,3,11,4,3,3,3,13
Trinidad and Tobago,2015,4,4,3,11,4,3,4,4,15,4,4,3,11,4,3,3,3,13
Trinidad and Tobago,2016,4,4,3,11,4,3,4,4,15,4,4,3,11,4,3,3,3,13
Trinidad and Tobago,2017,4,4,3,11,4,3,4,4,15,4,4,3,11,4,3,3,3,13
Trinidad and Tobago,2018,4,4,3,11,4,3,4,4,15,4,4,3,11,4,3,3,3,13
Trinidad and Tobago,2019,4,4,3,11,4,4,4,4,16,4,4,3,11,4,3,3,3,13
Trinidad and Tobago,2020,4,4,3,11,4,4,4,4,16,4,4,3,11,4,3,3,3,13
Trinidad and Tobago,2021,4,4,3,11,4,4,4,4,16,4,4,3,11,4,3,3,3,13
Trinidad and Tobago,2022,4,4,3,11,4,4,4,4,16,4,4,3,11,4,3,3,3,13
Trinidad and Tobago,2023,4,4,3,11,4,4,4,4,16,4,4,3,11,4,3,3,3,13
Trinidad and Tobago,2024,4,4,3,11,4,4,4,4,16,4,4,3,11,4,3,3,3,13
Trinidad and Tobago,2025,4,4,3,11,4,4,4,4,16,4,4,3,11,4,3,3,3,13
Tunisia,2013,3,3,3,9,2,2,2,4,10,3,3,2,8,2,2,3,2,9
Tunisia,2014,3,3,3,9,2,2,3,4,11,3,3,3,9,3,2,3,2,10
Tunisia,2015,4,4,4,12,3,3,3,4,13,4,3,3,10,3,2,4,2,11
Tunisia,2016,4,4,4,12,3,3,3,4,13,3,3,3,9,3,2,4,2,11
Tunisia,2017,4,4,3,11,3,3,3,4,13,3,3,3,9,3,2,4,2,11
Tunisia,2018,4,4,2,10,2,3,3,4,12,3,3,3,9,3,2,3,2,10
Tunisia,2019,4,4,3,11,2,3,3,4,12,2,2,3,7,3,2,3,2,10
Tunisia,2020,4,4,4,12,2,3,3,4,12,2,2,3,7,3,2,3,2,10
Tunisia,2021,4,4,4,12,2,3,3,4,12,3,2,3,8,3,2,3,2,10
Tunisia,2022,3,2,4,9,2,3,3,4,12,2,2,3,7,3,2,3,2,10
Tunisia,2023,3,1,2,6,2,3,3,3,11,2,2,3,7,3,2,3,2,10
Tunisia,2024,3,1,2,6,2,3,3,3,11,2,2,3,7,3,2,3,2,10
Tunisia,2025,0,1,1,2,1,3,3,2,9,2,2,3,7,3,2,3,2,10
Turkey,2013,4,4,3,11,1,3,2,3,9,2,2,3,7,3,3,2,2,10
Turkey,2014,4,4,3,11,1,3,2,3,9,1,2,3,6,3,2,2,2,9
Turkey,2015,3,4,3,10,1,2,2,3,8,1,2,2,5,3,2,2,2,9
Turkey,2016,3,3,3,9,1,2,2,3,8,2,2,2,6,3,2,2,2,9
Turkey,2017,3,3,2,8,1,2,1,2,6,1,1,1,3,2,1,2,2,7
Turkey,2018,2,3,1,6,1,2,1,1,5,1,1,1,3,1,1,2,2,6
Turkey,2019,2,2,1,5,1,2,1,1,5,1,1,1,3,1,1,2,1,5
Turkey,2020,2,2,1,5,1,2,1,1,5,1,1,1,3,1,1,2,1,5
Turkey,2021,2,2,1,5,1,2,1,1,5,1,1,1,3,1,1,2,1,5
Turkey,2022,2,2,1,5,1,2,1,1,5,1,1,1,3,1,1,2,1,5
Turkey,2023,2,2,1,5,1,2,1,1,5,1,1,1,3,1,1,2,1,5
Turkey,2024,2,2,1,5,1,2,1,1,5,1,1,1,3,1,1,2,1,5
Turkey,2025,2,2,1,5,1,2,1,1,5,1,1,1,3,1,1,2,1,5
Turkmenistan,2013,0,0,0,0,0,1,0,1,2,0,0,0,0,1,1,1,0,3
Turkmenistan,2014,0,0,0,0,0,1,0,1,2,0,0,0,0,1,1,1,0,3
Turkmenistan,2015,0,0,0,0,0,1,0,1,2,0,0,0,0,1,1,1,0,3
Turkmenistan,2016,0,0,0,0,0,0,0,1,1,0,0,0,0,1,1,1,0,3
Turkmenistan,2017,0,0,0,0,0,0,0,1,1,0,0,0,0,1,1,1,0,3
Turkmenistan,2018,0,0,0,0,0,0,0,1,1,0,0,0,0,1,1,1,0,3
Turkmenistan,2019,0,0,0,0,0,0,0,0,0,0,0,0,0,0,1,1,0,2
Turkmenistan,2020,0,0,0,0,0,0,0,0,0,0,0,0,0,0,1,1,0,2
Turkmenistan,2021,0,0,0,0,0,0,0,0,0,0,0,0,0,0,1,1,0,2
Turkmenistan,2022,0,0,0,0,0,0,0,0,0,0,0,0,0,0,1,1,0,2
Turkmenistan,2023,0,0,0,0,0,0,0,0,0,0,0,0,0,0,1,1,0,2
Turkmenistan,2024,0,0,0,0,0,0,0,0,0,0,0,0,0,0,1,1,0,2
Turkmenistan,2025,0,0,0,0,0,0,0,0,0,0,0,0,0,0,1,0,0,1
Tuvalu,2013,4,4,4,12,4,4,4,4,16,4,4,4,12,4,4,3,3,14
Tuvalu,2014,4,4,4,12,4,4,4,4,16,4,4,4,12,4,4,3,3,14
Tuvalu,2015,4,4,4,12,4,4,4,4,16,4,4,4,12,4,4,3,3,14
Tuvalu,2016,4,4,4,12,4,4,4,4,16,4,4,4,12,4,4,3,3,14
Tuvalu,2017,4,4,4,12,4,4,4,4,16,4,4,4,12,4,4,3,3,14
Tuvalu,2018,4,4,4,12,4,4,4,4,16,4,4,4,12,4,4,3,3,14
Tuvalu,2019,4,4,4,12,4,4,4,4,16,4,4,4,12,4,3,3,3,13
Tuvalu,2020,4,4,4,12,4,4,4,4,16,4,4,4,12,4,3,3,3,13
Tuvalu,2021,4,4,4,12,4,4,4,4,16,4,4,4,12,4,3,3,3,13
Tuvalu,2022,4,4,4,12,4,4,4,4,16,4,4,4,12,4,3,3,3,13
Tuvalu,2023,4,4,4,12,4,4,4,4,16,4,4,4,12,4,3,3,3,13
Tuvalu,2024,4,4,4,12,4,4,4,4,16,4,4,4,12,4,3,3,3,13
Tuvalu,2025,4,4,4,12,4,4,4,4,16,4,4,4,12,4,3,3,3,13
Uganda,2013,1,1,1,3,2,3,3,3,11,1,1,2,4,2,2,1,2,7
Uganda,2014,1,1,1,3,1,3,3,3,10,1,1,2,4,2,2,1,2,7
Uganda,2015,1,1,1,3,1,3,3,2,9,1,1,2,4,2,2,1,2,7
Uganda,2016,1,1,1,3,1,3,3,2,9,1,1,2,4,2,2,1,2,7
Uganda,2017,1,1,1,3,1,3,3,2,9,1,1,2,4,2,2,1,2,7
Uganda,2018,1,1,1,3,2,3,3,3,11,1,1,2,4,2,2,1,2,7
Uganda,2019,1,1,1,3,2,3,3,2,10,1,1,2,4,3,2,1,1,7
Uganda,2020,1,1,1,3,1,3,2,2,8,1,1,2,4,3,2,1,1,7
Uganda,2021,1,1,1,3,1,3,2,2,8,1,1,2,4,3,2,1,1,7
Uganda,2022,1,1,1,3,1,3,2,2,8,1,1,2,4,3,2,1,1,7
Uganda,2023,1,1,1,3,2,3,2,2,9,1,1,2,4,3,2,1,1,7
Uganda,2024,1,1,1,3,2,3,2,2,9,1,1,2,4,3,2,1,1,7
Uganda,2025,1,1,1,3,2,3,2,2,9,1,1,2,4,3,2,1,1,7
Ukraine,2013,4,2,2,8,2,3,2,3,10,2,3,3,8,4,2,3,2,11
Ukraine,2014,4,2,2,8,1,3,2,3,9,2,3,3,8,4,2,3,2,11
Ukraine,2015,4,3,2,9,2,3,3,3,11,3,3,3,9,4,2,3,2,11
Ukraine,2016,4,3,2,9,2,3,3,3,11,3,3,3,9,3,2,3,2,10
Ukraine,2017,4,3,2,9,2,3,3,3,11,3,3,3,9,3,2,3,2,10
Ukraine,2018,4,3,2,9,2,3,3,3,11,3,3,3,9,3,2,3,2,10
Ukraine,2019,4,3,2,9,2,3,3,3,11,2,2,3,7,3,2,3,2,10
Ukraine,2020,4,3,2,9,2,3,3,3,11,2,2,3,7,3,2,3,2,10
Ukraine,2021,4,3,2,9,2,3,3,3,11,2,2,3,7,3,2,3,2,10
Ukraine,2022,4,3,2,9,2,3,3,3,11,3,2,3,8,3,2,3,2,10
Ukraine,2023,4,3,2,9,2,3,2,2,9,3,2,2,7,1,2,3,2,8
Ukraine,2024,4,3,2,9,2,3,2,2,9,3,2,2,7,1,2,3,2,8
Ukraine,2025,3,3,2,8,2,3,2,2,9,3,2,2,7,1,2,3,2,8
United Arab Emirates,2013,0,1,0,1,1,1,1,1,4,1,0,1,2,1,1,1,1,4
United Arab Emirates,2014,0,1,0,1,1,1,1,1,4,1,0,1,2,1,1,1,1,4
United Arab Emirates,2015,0,1,0,1,1,1,1,1,4,1,0,1,2,1,1,1,1,4
United Arab Emirates,2016,0,1,0,1,1,1,1,1,4,1,0,1,2,1,1,1,1,4
United Arab Emirates,2017,0,1,0,1,1,1,1,1,4,1,0,1,2,1,1,1,1,4
United Arab Emirates,2018,0,1,0,1,0,1,1,1,3,1,0,1,2,1,1,1,1,4
United Arab Emirates,2019,0,1,0,1,0,1,1,1,3,1,0,1,2,1,1,1,1,4
United Arab Emirates,2020,0,1,0,1,0,1,1,1,3,1,0,1,2,1,1,1,1,4
United Arab Emirates,2021,0,1,0,1,0,1,1,1,3,1,0,1,2,1,1,1,1,4
United Arab Emirates,2022,0,1,0,1,0,1,1,1,3,1,0,1,2,1,1,1,1,4
United Arab Emirates,2023,0,1,0,1,0,2,1,1,4,1,0,1,2,1,1,1,1,4
United Arab Emirates,2024,0,1,0,1,0,2,1,1,4,1,0,1,2,1,1,1,1,4
United Arab Emirates,2025,0,1,0,1,0,2,1,1,4,1,0,1,2,1,1,1,1,4
United Kingdom,2013,4,4,4,12,3,4,4,4,15,4,4,4,12,4,4,4,3,15
United Kingdom,2014,4,4,4,12,3,4,4,4,15,4,4,4,12,4,4,4,3,15
United Kingdom,2015,4,4,4,12,3,4,4,4,15,4,4,4,12,4,4,4,3,15
United Kingdom,2016,4,4,4,12,3,4,3,3,13,4,4,4,12,4,4,4,3,15
United Kingdom,2017,4,4,4,12,4,4,3,3,14,4,4,4,12,4,4,4,3,15
United Kingdom,2018,4,4,4,12,4,4,3,3,14,4,4,4,12,4,4,3,3,14
United Kingdom,2019,4,4,4,12,4,4,3,3,14,4,4,4,12,4,4,3,3,14
United Kingdom,2020,4,4,4,12,4,4,3,3,14,4,4,4,12,4,4,4,3,15
United Kingdom,2021,4,4,4,12,4,4,3,3,14,4,4,4,12,4,4,4,3,15
United Kingdom,2022,4,4,4,12,4,4,3,3,14,4,4,4,12,4,4,4,3,15
United Kingdom,2023,4,4,4,12,4,4,3,3,14,4,4,4,12,4,4,4,3,15
United Kingdom,2024,4,4,4,12,4,4,3,3,14,3,4,4,11,4,4,4,3,15
United Kingdom,2025,4,4,4,12,4,4,3,3,14,3,4,4,11,4,4,4,3,15
United States,2013,4,4,3,11,4,4,4,4,16,4,4,3,11,4,4,4,3,15
United States,2014,4,4,3,11,4,4,4,3,15,4,4,3,11,4,4,4,3,15
United States,2015,4,4,3,11,4,4,4,3,15,4,4,3,11,4,4,4,3,15
United States,2016,4,4,3,11,4,4,4,3,15,4,4,3,11,4,4,4,3,15
United States,2017,4,4,3,11,4,4,4,4,16,3,4,3,10,4,4,4,3,15
United States,2018,3,4,3,10,4,4,4,4,16,3,4,3,10,4,4,4,3,15
United States,2019,3,4,3,10,4,4,4,4,16,4,4,3,11,4,4,4,3,15
United States,2020,3,4,3,10,4,4,4,4,16,4,4,3,11,4,4,4,3,15
United States,2021,3,4,3,10,3,4,4,4,15,3,4,3,10,4,4,4,3,15
United States,2022,3,4,3,10,3,4,3,4,14,4,4,3,11,4,4,4,3,15
United States,2023,3,4,3,10,3,4,3,4,14,4,4,3,11,4,4,3,3,14
United States,2024,3,4,3,10,3,4,3,4,14,4,4,3,11,4,4,3,3,14
United States,2025,4,4,3,11,3,4,3,4,14,4,4,3,11,4,4,3,3,14
Uruguay,2013,4,4,4,12,4,4,4,4,16,4,4,4,12,4,4,4,3,15
Uruguay,2014,4,4,4,12,4,4,4,4,16,4,4,4,12,4,4,4,3,15
Uruguay,2015,4,4,4,12,4,4,4,4,16,4,4,4,12,4,4,4,3,15
Uruguay,2016,4,4,4,12,4,4,4,4,16,4,4,4,12,4,4,4,3,15
Uruguay,2017,4,4,4,12,4,4,4,4,16,4,4,4,12,4,4,4,3,15
Uruguay,2018,4,4,4,12,4,4,4,4,16,4,4,4,12,4,4,4,3,15
Uruguay,2019,4,4,4,12,4,4,4,4,16,4,4,4,12,4,4,4,3,15
Uruguay,2020,4,4,4,12,4,4,4,4,16,4,4,4,12,4,4,4,3,15
Uruguay,2021,4,4,4,12,4,4,4,4,16,4,4,4,12,4,4,4,3,15
Uruguay,2022,4,4,4,12,4,4,4,4,16,4,4,4,12,4,4,4,3,15
Uruguay,2023,4,4,4,12,3,4,4,4,15,4,4,4,12,4,4,4,3,15
Uruguay,2024,4,4,4,12,3,4,4,4,15,4,4,4,12,4,4,4,3,15
Uruguay,2025,4,4,4,12,3,4,4,4,15,4,4,4,12,4,4,4,3,15
Uzbekistan,2013,0,0,0,0,0,1,0,0,1,0,0,0,0,1,1,1,0,3
Uzbekistan,2014,0,0,0,0,0,1,0,0,1,0,0,0,0,1,1,1,0,3
Uzbekistan,2015,0,0,0,0,0,1,0,0,1,0,0,0,0,1,1,1,0,3
Uzbekistan,2016,0,0,0,0,0,0,0,0,0,0,0,0,0,1,1,1,0,3
Uzbekistan,2017,0,0,0,0,0,0,0,0,0,0,0,0,0,1,1,1,0,3
Uzbekistan,2018,0,0,0,0,0,0,0,1,1,0,1,0,1,1,1,1,1,4
Uzbekistan,2019,0,0,0,0,0,0,1,1,2,0,1,0,1,1,1,1,1,4
Uzbekistan,2020,0,0,1,1,0,0,1,1,2,0,1,0,1,1,1,1,1,4
Uzbekistan,2021,0,0,1,1,1,0,1,1,3,0,1,0,1,1,1,1,1,4
Uzbekistan,2022,0,0,1,1,1,0,1,1,3,0,1,0,1,1,1,1,1,4
Uzbekistan,2023,0,0,1,1,1,1,1,1,4,0,1,0,1,1,1,1,1,4
Uzbekistan,2024,0,0,1,1,1,1,1,1,4,0,1,0,1,1,1,1,1,4
Uzbekistan,2025,0,0,1,1,1,1,1,1,4,0,1,0,1,1,1,1,1,4
Vanuatu,2013,3,3,3,9,3,4,4,4,15,4,4,3,11,4,3,2,2,11
Vanuatu,2014,3,3,3,9,3,4,4,4,15,4,4,3,11,4,3,2,2,11
Vanuatu,2015,3,3,3,9,3,4,4,4,15,4,4,3,11,4,3,2,2,11
Vanuatu,2016,3,3,3,9,3,4,4,4,15,4,4,3,11,4,3,2,2,11
Vanuatu,2017,3,4,3,10,3,4,4,4,15,4,4,3,11,4,3,2,2,11
Vanuatu,2018,3,4,3,10,3,4,4,4,15,4,4,3,11,4,3,2,2,11
Vanuatu,2019,3,4,3,10,3,4,4,4,15,4,4,3,11,4,3,2,2,11
Vanuatu,2020,3,4,3,10,2,4,4,4,14,4,4,3,11,4,3,2,2,11
Vanuatu,2021,3,4,3,10,2,4,4,4,14,4,4,3,11,4,3,2,2,11
Vanuatu,2022,3,4,3,10,2,4,4,4,14,4,4,3,11,4,3,2,2,11
Vanuatu,2023,3,4,3,10,2,4,4,4,14,4,4,3,11,4,3,2,2,11
Vanuatu,2024,3,4,3,10,3,4,4,4,15,4,4,3,11,4,3,2,2,11
Vanuatu,2025,3,4,3,10,3,4,4,4,15,4,4,3,11,4,3,2,2,11
Venezuela,2013,2,2,1,5,1,3,2,3,9,2,1,1,4,1,1,3,2,7
Venezuela,2014,2,2,1,5,1,3,2,2,8,2,1,1,4,2,1,3,2,8
Venezuela,2015,2,2,1,5,1,3,2,2,8,1,1,1,3,2,1,3,2,8
Venezuela,2016,2,2,1,5,1,3,2,2,8,1,1,1,3,2,1,3,2,8
Venezuela,2017,2,2,1,5,1,3,2,2,8,1,1,1,3,2,1,3,1,7
Venezuela,2018,2,0,0,2,1,3,2,2,8,0,1,1,2,2,1,3,1,7
Venezuela,2019,0,0,0,0,1,3,2,1,7,0,1,1,2,2,1,3,0,6
Venezuela,2020,0,0,0,0,1,3,1,1,6,0,1,1,2,2,1,2,0,5
Venezuela,2021,0,0,0,0,1,3,1,1,6,0,1,1,2,1,1,2,0,4
Venezuela,2022,0,0,0,0,1,3,1,1,6,0,1,1,2,1,1,2,0,4
Venezuela,2023,0,0,0,0,1,3,1,1,6,0,1,1,2,2,1,2,0,5
Venezuela,2024,0,0,0,0,1,3,1,1,6,0,1,1,2,2,1,2,0,5
Venezuela,2025,0,0,0,0,1,3,1,0,5,0,1,1,2,2,1,2,0,5
Vietnam,2013,0,0,0,0,1,1,1,1,4,1,0,0,1,2,1,3,2,8
Vietnam,2014,0,0,0,0,1,1,1,1,4,1,0,0,1,2,1,3,2,8
Vietnam,2015,0,0,0,0,1,1,1,1,4,1,0,0,1,2,1,3,2,8
Vietnam,2016,0,0,0,0,1,1,1,1,4,1,0,0,1,2,1,3,2,8
Vietnam,2017,0,0,0,0,1,1,1,1,4,1,0,0,1,2,1,3,2,8
Vietnam,2018,0,0,0,0,1,1,1,1,4,1,0,0,1,2,1,3,2,8
Vietnam,2019,0,0,0,0,1,1,1,1,4,1,0,0,1,2,1,3,2,8
Vietnam,2020,0,0,0,0,1,1,1,1,4,1,0,0,1,2,1,3,2,8
Vietnam,2021,0,0,0,0,0,1,1,1,3,1,0,0,1,2,1,3,2,8
Vietnam,2022,0,0,0,0,0,1,1,1,3,1,0,0,1,2,1,3,2,8
Vietnam,2023,0,0,0,0,0,1,1,1,3,1,0,0,1,2,1,3,1,7
Vietnam,2024,0,0,0,0,0,1,1,1,3,1,0,0,1,2,1,3,1,7
Vietnam,2025,0,0,0,0,0,1,1,1,3,1,0,0,1,2,1,3,2,8
Yemen,2013,1,0,2,3,1,2,2,1,6,1,1,1,3,2,1,1,1,5
Yemen,2014,1,0,2,3,1,2,2,1,6,1,1,1,3,2,1,1,1,5
Yemen,2015,1,0,2,3,1,2,2,1,6,1,1,1,3,2,1,1,1,5
Yemen,2016,0,0,2,2,1,2,1,1,5,1,1,1,3,0,1,1,1,3
Yemen,2017,0,0,0,0,1,2,1,1,5,1,1,1,3,0,1,1,0,2
Yemen,2018,0,0,0,0,1,2,1,1,5,1,1,1,3,0,1,1,0,2
Yemen,2019,0,0,0,0,0,1,1,1,3,1,1,1,3,0,1,1,0,2
Yemen,2020,0,0,0,0,0,1,1,1,3,1,1,1,3,0,1,1,0,2
Yemen,2021,0,0,0,0,0,1,1,1,3,1,1,1,3,0,1,1,0,2
Yemen,2022,0,0,0,0,0,1,0,1,2,1,1,1,3,0,1,1,0,2
Yemen,2023,0,0,0,0,0,1,0,1,2,1,1,1,3,0,1,1,0,2
Yemen,2024,0,0,0,0,0,1,0,1,2,1,1,1,3,0,1,1,0,2
Yemen,2025,0,0,0,0,0,1,0,1,2,1,1,1,3,0,1,1,0,2
Zambia,2013,3,3,3,9,2,3,3,3,11,2,2,3,7,3,2,1,2,8
Zambia,2014,3,2,3,8,2,3,3,3,11,2,2,3,7,3,2,1,2,8
Zambia,2015,3,2,3,8,2,3,3,3,11,2,2,3,7,3,2,1,2,8
Zambia,2016,3,2,3,8,2,3,3,3,11,2,2,3,7,3,2,1,2,8
Zambia,2017,2,2,2,6,1,3,3,3,10,2,2,3,7,3,2,1,2,8
Zambia,2018,2,2,2,6,1,3,3,3,10,2,2,3,7,3,2,2,1,8
Zambia,2019,2,2,2,6,1,3,3,2,9,2,2,3,7,3,2,2,1,8
Zambia,2020,2,2,2,6,1,3,3,2,9,2,2,3,7,3,2,2,1,8
Zambia,2021,2,2,2,6,1,3,3,2,9,2,2,3,7,3,2,2,1,8
Zambia,2022,2,2,2,6,1,3,2,2,8,1,2,3,6,3,2,2,1,8
Zambia,2023,2,2,2,6,1,3,2,2,8,2,2,3,7,3,2,2,1,8
Zambia,2024,2,2,2,6,1,3,2,2,8,2,2,3,7,3,2,2,1,8
Zambia,2025,2,2,2,6,1,3,2,2,8,2,2,3,7,3,2,2,1,8
Zimbabwe,2013,1,1,1,3,1,2,1,2,6,1,1,1,3,1,1,1,1,4
Zimbabwe,2014,1,1,1,3,1,2,1,2,6,1,1,1,3,2,1,1,1,5
Zimbabwe,2015,1,1,1,3,1,2,1,2,6,1,1,1,3,2,1,1,1,5
Zimbabwe,2016,1,1,1,3,1,3,2,2,8,1,2,1,4,2,1,1,1,5
Zimbabwe,2017,1,1,1,3,1,3,2,2,8,1,2,1,4,2,1,1,1,5
Zimbabwe,2018,0,1,1,2,1,3,2,2,8,1,2,1,4,2,1,1,1,5
Zimbabwe,2019,1,1,1,3,1,3,2,2,8,1,2,1,4,2,1,1,1,5
Zimbabwe,2020,1,1,1,3,1,3,2,1,7,1,1,1,3,2,1,1,1,5
Zimbabwe,2021,1,1,1,3,1,3,2,1,7,1,1,1,3,2,1,1,1,5
Zimbabwe,2022,1,1,1,3,1,3,2,1,7,1,1,1,3,2,1,1,1,5
Zimbabwe,2023,1,1,1,3,1,3,2,1,7,1,1,1,3,2,1,1,1,5
Zimbabwe,2024,1,1,1,3,1,3,2,1,7,1,1,1,3,2,1,1,1,5
Zimbabwe,2025,1,1,1,3,1,3,2,1,7,1,1,1,3,2,1,1,1,5
