country_name,year,fsi_c1_security_apparatus,fsi_c2_factionalized_elites,fsi_c3_group_grievance,fsi_p2_public_services
Afghanistan,2006,8.2,8.0,9.1,8.0
Afghanistan,2007,9.0,8.5,9.1,8.0
Afghanistan,2008,9.6,8.8,9.5,8.3
Afghanistan,2009,9.9,9.1,9.6,8.9
Afghanistan,2010,9.7,9.4,9.7,8.9
Afghanistan,2011,9.8,9.4,9.3,8.5
Afghanistan,2012,9.7,9.4,9.4,8.5
Afghanistan,2013,9.9,9.4,9.2,8.8
Afghanistan,2014,10.0,9.4,8.7,9.0
Afghanistan,2015,10.0,9.3,8.9,9.3
Afghanistan,2016,10.0,8.6,8.6,9.6
Afghanistan,2017,10.0,8.6,8.4,9.9
Afghanistan,2018,10.0,8.6,8.1,9.95
Afghanistan,2019,10.0,8.6,7.8,9.8
Afghanistan,2020,9.932962647670891,8.9,7.5,9.5
Afghanistan,2021,10.0,8.6,7.2,9.8
Afghanistan,2022,10.0,8.7,8.2,9.9
Afghanistan,2023,9.7,8.7,8.3,10.0
Albania,2006,5.5,4.5,4.5,6.9
Albania,2007,5.5,5.4,5.4,6.2
Albania,2008,5.5,5.7,5.4,5.9
Albania,2009,5.5,5.9,5.4,5.8
Albania,2010,5.4,6.0,4.9,5.6
Albania,2011,5.4,6.3,5.1,5.0
Albania,2012,5.4,6.6,5.1,4.9
Albania,2013,5.5,6.3,4.8,4.8
Albania,2014,5.0,6.2,4.7,4.8
Albania,2015,4.7,6.2,5.0,4.5
Albania,2016,4.4,6.2,4.7,4.2
Albania,2017,4.7,6.2,4.5,4.0
Albania,2018,4.843614762543815,6.5,4.2,3.835693673432509
Albania,2019,5.1,6.2,4.3,3.8
Albania,2020,5.072585756196846,6.2,4.3999999999999995,3.8727376414843686
Albania,2021,4.8,6.2,4.1,4.4
Albania,2022,4.5,6.2,3.8,4.1
Albania,2023,4.8,6.2,3.5,3.8
Algeria,2006,6.8,6.4,7.1,7.6
Algeria,2007,6.4,5.9,7.0,7.0
Algeria,2008,6.7,6.2,7.2,6.8
Algeria,2009,7.0,6.7,7.7,6.7
Algeria,2010,7.5,6.8,8.2,6.5
Algeria,2011,7.2,6.8,7.8,6.1
Algeria,2012,7.1,6.8,8.1,5.9
Algeria,2013,7.4,7.3,7.8,5.9
Algeria,2014,7.5,7.3,7.9,6.1
Algeria,2015,8.0,7.7,8.2,5.8
Algeria,2016,7.7,7.1,7.9,5.5
Algeria,2017,7.2,7.1,7.1,6.0
Algeria,2018,6.9,7.1,7.338705791563607,5.7
Algeria,2019,6.6,7.1,7.4,5.4
Algeria,2020,6.317766828484937,7.8100000000000005,7.472406892343541,5.1000000000000005
Algeria,2021,6.0,7.5,7.2,5.6
Algeria,2022,6.1,7.2,6.9,5.3
Algeria,2023,5.8,6.9,7.0,5.0
Angola,2006,6.8,8.0,6.3,7.6
Angola,2007,6.2,7.5,5.9,7.7
Angola,2008,6.2,7.5,5.9,7.6
Angola,2009,6.2,7.3,6.1,8.0
Angola,2010,5.9,6.8,5.9,8.0
Angola,2011,6.2,7.0,6.2,8.2
Angola,2012,5.9,7.0,6.5,8.3
Angola,2013,6.1,7.3,6.8,8.4
Angola,2014,5.8,7.2,7.1,9.1
Angola,2015,6.0,7.2,7.3,8.9
Angola,2016,6.2,7.2,7.7,9.2
Angola,2017,6.5,7.2,7.5,9.1
Angola,2018,6.8,7.2,7.2,8.799999999999999
Angola,2019,6.9,7.2,7.5,8.7
Angola,2020,7.08223650477891,7.2,7.8,8.708896953443105
Angola,2021,7.2,7.2,8.1,9.3
Angola,2022,6.9,7.2,8.4,9.1
Angola,2023,6.6,7.2,8.7,8.8
Antigua and Barbuda,2007,5.2,4.6,5.2,4.9
Antigua and Barbuda,2008,5.2,4.6,4.9,4.9
Antigua and Barbuda,2009,5.0,4.4,4.3,5.0
Antigua and Barbuda,2010,4.6,4.0,4.5,4.6
Antigua and Barbuda,2011,4.9,3.7,4.1,4.3
Antigua and Barbuda,2012,4.9,3.7,4.1,4.3
Antigua and Barbuda,2013,4.9,3.7,4.1,4.0
Antigua and Barbuda,2014,4.9,3.7,4.1,4.1
Antigua and Barbuda,2015,5.2,3.7,3.9,3.9
Antigua and Barbuda,2016,5.4,3.7,3.9,4.0
Antigua and Barbuda,2017,5.7,3.7,3.9,3.8
Antigua and Barbuda,2018,5.7,3.7,3.6,3.8
Antigua and Barbuda,2019,5.7,3.7,3.6,3.7
Antigua and Barbuda,2020,5.7,3.7,3.6,3.4000000000000004
Antigua and Barbuda,2021,5.4,3.7,3.6,4.4
Antigua and Barbuda,2022,5.1,3.7,3.6,4.1
Antigua and Barbuda,2023,4.9,3.7,3.6,3.8
Argentina,2006,2.0,2.8,4.0,4.0
Argentina,2007,1.9,2.7,4.0,3.8
Argentina,2008,1.9,2.7,4.0,3.9
Argentina,2009,2.1,3.1,4.5,4.2
Argentina,2010,2.4,3.2,4.5,3.7
Argentina,2011,2.7,3.0,4.9,3.5
Argentina,2012,3.0,3.0,4.7,3.8
Argentina,2013,3.0,2.7,5.0,3.9
Argentina,2014,3.3,2.8,5.3,4.1
Argentina,2015,3.6,2.8,5.0,4.3
Argentina,2016,4.0,2.8,4.7,4.0
Argentina,2017,4.3,2.8,5.0,3.8
Argentina,2018,4.6,2.8,4.7,3.5
Argentina,2019,4.9,2.8,4.4,3.3
Argentina,2020,5.2,2.8,4.1000000000000005,3.3478304093406908
Argentina,2021,4.9,2.8,3.8,4.8
Argentina,2022,4.6,2.8,3.5,4.5
Argentina,2023,4.3,2.8,3.2,4.2
Armenia,2007,4.5,5.8,5.0,6.2
Armenia,2008,4.5,6.0,5.0,6.0
Armenia,2009,5.3,6.9,6.0,5.4
Armenia,2010,5.1,7.0,6.0,5.3
Armenia,2011,5.2,7.0,6.0,5.0
Armenia,2012,5.2,7.0,5.7,4.7
Armenia,2013,5.3,7.0,5.7,4.4
Armenia,2014,5.6,7.4,5.7,4.4
Armenia,2015,5.3,7.0,5.4,4.1
Armenia,2016,5.0,7.0,5.6,3.8
Armenia,2017,5.5,7.4,6.1,3.6
Armenia,2018,5.2,7.4,5.8,3.3866166816001253
Armenia,2019,4.9,7.4,5.5,3.3
Armenia,2020,5.2,7.0,5.0,3.3
Armenia,2021,5.7,7.0,5.3,3.9
Armenia,2022,5.4,6.7,5.6,3.6
Armenia,2023,5.7,6.4,5.9,3.4
Armenia ,2006,4.5,5.8,5.0,6.5
Australia,2006,1.0,1.5,3.0,1.0
Australia,2007,0.9,1.5,3.0,1.4
Australia,2008,0.9,1.5,3.5,1.4
Australia,2009,1.0,1.5,3.4,1.4
Australia,2010,1.4,1.5,3.4,1.8
Australia,2011,1.7,1.6,3.6,1.8
Australia,2012,2.0,1.6,3.9,2.1
Australia,2013,1.7,1.6,3.6,1.8
Australia,2014,2.0,1.6,3.9,2.1
Australia,2015,2.1,1.6,4.4,2.0
Australia,2016,1.8,1.7,4.1,1.7
Australia,2017,2.1,1.7,3.9,1.5
Australia,2018,2.4,1.7,3.6,1.2
Australia,2019,2.7,1.7,3.3,1.5
Australia,2020,3.0,1.7,3.4,1.8
Australia,2021,2.7,1.7,3.1,2.8
Australia,2022,2.4,1.7,3.2,2.5
Australia,2023,2.1,1.7,2.9,2.2
Austria,2007,1.0,2.0,3.5,1.4
Austria,2008,1.0,2.0,3.5,1.4
Austria,2009,1.0,2.4,3.6,1.4
Austria,2010,1.1,1.9,3.8,1.4
Austria,2011,1.1,2.4,3.8,1.6
Austria,2012,1.4,2.4,4.0,1.8
Austria,2013,1.1,2.7,4.3,1.5
Austria,2014,1.4,2.7,4.6,1.8
Austria,2015,1.1,2.7,4.3,1.6
Austria,2016,1.2,2.7,4.0,1.3
Austria,2017,1.0,3.2,4.5,1.1
Austria,2018,1.3,3.2,4.8,1.0097426580024758
Austria,2019,1.6,3.2,4.5,1.1
Austria,2020,1.9000000000000001,3.2,4.2,1.3385255883340474
Austria,2021,1.6,3.2,3.9,2.3
Austria,2022,1.7,3.2,3.6,2.0
Austria,2023,1.4,3.2,3.3,1.7
Austria ,2006,1.0,2.0,3.5,1.0
Azerbaijan,2006,7.0,7.5,7.3,6.5
Azerbaijan,2007,7.2,7.5,7.3,6.0
Azerbaijan,2008,7.2,7.5,7.3,5.5
Azerbaijan,2009,7.3,7.9,7.9,5.5
Azerbaijan,2010,7.3,7.9,7.9,5.5
Azerbaijan,2011,7.0,7.8,7.5,5.7
Azerbaijan,2012,6.7,7.8,7.2,5.4
Azerbaijan,2013,6.9,7.8,6.9,5.1
Azerbaijan,2014,7.0,7.9,6.7,5.3
Azerbaijan,2015,6.7,7.9,6.4,5.4
Azerbaijan,2016,6.4,7.9,6.7,5.1
Azerbaijan,2017,6.2,7.9,6.5,5.4
Azerbaijan,2018,6.1,7.9,6.2,5.1000000000000005
Azerbaijan,2019,5.8,7.9,5.9,4.8
Azerbaijan,2020,5.938549971908307,7.9,5.6000000000000005,4.5
Azerbaijan,2021,6.4,7.9,6.1,5.5
Azerbaijan,2022,6.1,7.9,5.8,5.2
Azerbaijan,2023,5.8,7.9,5.9,4.9
Bahamas,2007,5.4,5.3,5.3,4.1
Bahamas,2008,5.4,5.3,5.3,4.3
Bahamas,2009,5.3,4.8,5.0,4.6
Bahamas,2010,4.8,4.8,4.7,4.4
Bahamas,2011,4.3,4.5,4.4,4.2
Bahamas,2012,4.3,4.5,4.4,4.4
Bahamas,2013,4.3,4.5,4.4,4.4
Bahamas,2014,4.3,4.5,4.4,4.7
Bahamas,2015,4.0,4.5,4.1,4.4
Bahamas,2016,4.3,4.5,4.1,4.8
Bahamas,2017,4.6,4.5,4.1,4.6
Bahamas,2018,4.6,4.5,3.8,4.3
Bahamas,2019,4.9,4.5,3.5,4.0
Bahamas,2020,5.2,4.5,3.2,4.3
Bahamas,2021,4.9,4.5,2.9,5.7
Bahamas,2022,4.6,4.5,2.6,5.6
Bahamas,2023,4.3,4.5,2.3,5.3
Bahrain,2007,3.4,6.0,6.0,3.7
Bahrain,2008,3.7,6.0,6.0,3.4
Bahrain,2009,4.4,6.1,6.4,3.1
Bahrain,2010,4.7,6.1,6.5,3.1
Bahrain,2011,4.8,6.6,6.8,2.7
Bahrain,2012,6.0,7.0,7.3,2.7
Bahrain,2013,6.1,7.1,7.3,2.4
Bahrain,2014,6.2,7.1,7.6,2.5
Bahrain,2015,6.7,7.1,7.7,2.3
Bahrain,2016,6.4,7.1,7.9,2.0
Bahrain,2017,6.9,7.6,8.4,1.8
Bahrain,2018,6.6000000000000005,7.6,8.700000000000001,1.8427775601496617
Bahrain,2019,6.3,7.6,9.0,1.8
Bahrain,2020,6.165129158119498,7.6,9.3,2.017870561016116
Bahrain,2021,5.9,7.6,9.6,3.5
Bahrain,2022,5.6,7.6,9.6,3.2
Bahrain,2023,5.3,7.6,9.5,2.9
Bangladesh,2006,8.3,8.9,9.5,7.5
Bangladesh,2007,8.0,9.5,9.6,7.4
Bangladesh,2008,8.3,9.6,9.7,7.8
Bangladesh,2009,8.0,8.9,9.4,8.0
Bangladesh,2010,8.1,8.9,8.9,8.3
Bangladesh,2011,7.9,8.9,9.2,8.0
Bangladesh,2012,7.6,8.9,8.9,7.8
Bangladesh,2013,7.7,8.9,8.6,8.0
Bangladesh,2014,7.8,9.3,8.7,8.4
Bangladesh,2015,7.7,9.6,8.4,8.1
Bangladesh,2016,7.8,9.6,8.9,7.8
Bangladesh,2017,7.6,9.3,8.7,8.1
Bangladesh,2018,7.9,9.3,8.399999999999999,7.8
Bangladesh,2019,7.6,9.6,8.0,7.5
Bangladesh,2020,7.3,9.3,8.3,7.2
Bangladesh,2021,7.0,9.3,8.6,7.7
Bangladesh,2022,6.7,9.3,8.7,7.8
Bangladesh,2023,6.8,9.3,8.8,7.9
Barbados,2007,5.3,4.8,5.8,2.6
Barbados,2008,5.3,4.8,5.5,2.6
Barbados,2009,5.0,4.5,5.3,2.8
Barbados,2010,4.5,4.5,4.9,3.1
Barbados,2011,4.2,4.2,4.4,2.9
Barbados,2012,4.2,4.2,4.4,3.0
Barbados,2013,4.2,4.2,4.4,2.7
Barbados,2014,4.2,4.2,4.4,3.0
Barbados,2015,4.3,4.2,4.1,2.7
Barbados,2016,4.4,4.2,4.1,2.7
Barbados,2017,4.4,4.2,4.1,2.7
Barbados,2018,4.422489135822509,4.2,3.8,2.4000000000000004
Barbados,2019,4.6,4.2,3.5,2.4
Barbados,2020,4.653168549381493,4.2,3.2,2.490510099279291
Barbados,2021,4.4,4.2,2.9,3.8
Barbados,2022,4.1,4.2,2.6,3.5
Barbados,2023,4.4,4.2,2.3,3.5
Belarus,2006,6.8,8.0,5.5,7.5
Belarus,2007,6.7,8.5,6.5,6.9
Belarus,2008,6.5,8.5,6.7,6.6
Belarus,2009,6.6,8.1,6.9,6.6
Belarus,2010,6.2,7.8,6.4,6.2
Belarus,2011,6.3,8.0,6.8,5.8
Belarus,2012,6.0,8.0,6.5,5.5
Belarus,2013,6.3,8.3,6.8,5.2
Belarus,2014,6.1,8.3,7.1,5.0
Belarus,2015,6.6,8.3,6.8,4.7
Belarus,2016,6.3,8.3,7.1,4.4
Belarus,2017,6.1,8.3,7.1,4.2
Belarus,2018,5.8,8.3,6.8,3.9000000000000004
Belarus,2019,5.5,8.3,6.5,3.6
Belarus,2020,5.451860101325138,8.3,6.2,3.3000000000000003
Belarus,2021,5.6,8.8,5.9,3.3
Belarus,2022,5.3,9.5,5.6,3.0
Belarus,2023,5.4,9.6,5.3,2.7
Belgium,2006,1.0,1.5,3.5,1.0
Belgium,2007,1.6,1.5,4.0,1.4
Belgium,2008,1.6,3.0,4.7,1.4
Belgium,2009,1.7,3.5,4.9,2.0
Belgium,2010,1.8,3.0,4.4,2.1
Belgium,2011,2.0,4.0,4.4,2.5
Belgium,2012,2.3,4.0,4.1,2.5
Belgium,2013,2.0,3.9,4.1,2.2
Belgium,2014,2.3,3.9,4.2,2.4
Belgium,2015,2.0,3.9,4.1,2.1
Belgium,2016,1.9,3.9,4.4,1.8
Belgium,2017,2.4,4.4,4.9,2.3
Belgium,2018,2.3,4.4,4.6000000000000005,1.9999999999999998
Belgium,2019,2.6,4.4,4.7,1.7
Belgium,2020,2.9,4.4,4.4,1.4771279791120802
Belgium,2021,2.6,4.4,4.1,2.5
Belgium,2022,2.3,4.4,3.8,2.8
Belgium,2023,2.4,4.4,3.5,2.5
Belize,2007,5.7,5.0,5.2,5.7
Belize,2008,5.7,5.0,5.2,5.7
Belize,2009,5.9,4.6,4.9,5.7
Belize,2010,5.7,4.6,4.9,5.8
Belize,2011,5.5,4.3,4.4,5.8
Belize,2012,5.5,4.3,4.4,5.9
Belize,2013,5.5,4.3,4.4,6.0
Belize,2014,5.5,4.3,4.4,6.1
Belize,2015,5.8,4.3,4.1,5.8
Belize,2016,6.1,4.3,4.1,6.1
Belize,2017,6.4,4.3,4.1,5.9
Belize,2018,6.692505462439472,4.3,3.8,5.6000000000000005
Belize,2019,6.9,4.3,4.1,5.3
Belize,2020,7.097421041900278,4.3,4.3999999999999995,5.0
Belize,2021,7.4,4.3,4.7,6.0
Belize,2022,7.1,4.3,4.7,5.7
Belize,2023,6.8,4.3,4.7,5.4
Benin,2006,5.5,3.8,4.0,7.8
Benin,2007,5.2,3.8,4.0,8.1
Benin,2008,5.2,3.8,4.0,8.1
Benin,2009,5.2,4.3,4.1,8.0
Benin,2010,5.3,4.1,4.2,8.4
Benin,2011,6.0,5.0,3.9,8.5
Benin,2012,6.0,6.4,3.6,8.3
Benin,2013,5.8,6.1,3.6,8.6
Benin,2014,5.9,6.1,3.6,8.7
Benin,2015,6.2,6.1,3.9,8.6
Benin,2016,5.9,7.0,3.6,8.9
Benin,2017,6.2,6.7,3.4,8.7
Benin,2018,6.199977171518274,6.7,3.1,8.399999999999999
Benin,2019,5.9,6.7,2.8,8.3
Benin,2020,5.6000000000000005,6.7,2.9,8.20857793791345
Benin,2021,5.3,6.7,2.6,8.5
Benin,2022,5.0,6.7,2.5,8.4
Benin,2023,5.2,6.7,2.6,8.3
Bhutan,2006,5.0,8.4,7.0,6.0
Bhutan,2007,4.6,8.0,7.0,6.5
Bhutan,2008,4.6,7.7,7.0,6.7
Bhutan,2009,5.5,7.7,7.9,7.2
Bhutan,2010,5.8,7.7,7.7,7.3
Bhutan,2011,6.2,7.5,7.8,6.9
Bhutan,2012,5.9,7.5,7.6,6.6
Bhutan,2013,5.6,7.5,7.3,6.9
Bhutan,2014,5.3,7.5,7.6,6.6
Bhutan,2015,5.0,7.5,7.9,6.6
Bhutan,2016,4.7,7.5,7.6,6.3
Bhutan,2017,4.5,7.5,7.9,6.1
Bhutan,2018,4.2,7.5,8.200000000000001,5.8
Bhutan,2019,3.9,7.5,8.5,5.5
Bhutan,2020,3.6,7.5,8.8,5.2
Bhutan,2021,3.3,7.5,9.1,6.2
Bhutan,2022,3.0,7.5,9.4,5.9
Bhutan,2023,2.7,7.5,9.7,5.6
Bolivia,2006,6.5,8.4,7.0,7.8
Bolivia,2007,6.2,8.3,7.0,7.4
Bolivia,2008,6.2,8.5,7.3,7.6
Bolivia,2009,6.4,8.2,7.5,7.7
Bolivia,2010,6.5,8.3,7.7,7.5
Bolivia,2011,6.5,8.0,7.7,7.1
Bolivia,2012,6.5,8.0,7.4,6.8
Bolivia,2013,6.7,8.0,7.1,6.8
Bolivia,2014,6.4,8.0,6.8,7.0
Bolivia,2015,6.6,8.0,6.5,6.9
Bolivia,2016,6.7,8.3,6.2,7.0
Bolivia,2017,6.5,8.0,6.0,6.8
Bolivia,2018,6.2,8.0,5.7,6.5
Bolivia,2019,5.9,8.0,5.4,6.2
Bolivia,2020,6.2,9.0,5.9,5.9
Bolivia,2021,5.9,8.5,5.6,6.9
Bolivia,2022,5.6,8.2,6.1,6.6
Bolivia,2023,5.3,8.2,6.4,6.3
Bosnia and Herzegovina,2006,7.5,8.7,8.6,5.8
Bosnia and Herzegovina,2007,7.3,8.3,8.3,5.6
Bosnia and Herzegovina,2008,7.3,8.6,8.5,5.4
Bosnia and Herzegovina,2009,7.4,8.7,8.2,5.6
Bosnia and Herzegovina,2010,7.2,9.2,8.7,5.4
Bosnia and Herzegovina,2011,7.0,9.2,8.4,5.0
Bosnia and Herzegovina,2012,6.7,8.7,8.0,4.7
Bosnia and Herzegovina,2013,6.4,8.7,7.7,4.4
Bosnia and Herzegovina,2014,6.5,8.7,7.4,4.4
Bosnia and Herzegovina,2015,6.2,8.7,7.1,4.1
Bosnia and Herzegovina,2016,5.9,8.7,7.0,3.8
Bosnia and Herzegovina,2017,5.7,8.7,7.0,3.6
Bosnia and Herzegovina,2018,5.4,8.7,6.9,3.3000000000000003
Bosnia and Herzegovina,2019,5.4,8.7,7.2,3.1
Bosnia and Herzegovina,2020,5.313132801851399,8.7,6.9,3.3087403343044377
Bosnia and Herzegovina,2021,5.0,8.7,6.6,4.8
Bosnia and Herzegovina,2022,4.7,8.7,6.3,4.5
Bosnia and Herzegovina,2023,4.4,8.7,6.4,4.2
Botswana,2006,4.0,3.0,3.5,6.8
Botswana,2007,3.9,2.8,3.4,6.5
Botswana,2008,3.9,2.8,3.4,6.2
Botswana,2009,4.0,2.8,4.3,6.4
Botswana,2010,4.0,2.9,4.1,6.4
Botswana,2011,4.1,3.3,4.5,6.0
Botswana,2012,3.8,3.3,4.8,5.9
Botswana,2013,3.5,3.3,4.8,6.0
Botswana,2014,3.2,3.3,5.1,6.3
Botswana,2015,3.5,3.3,5.4,6.0
Botswana,2016,3.8,3.3,5.1,7.0
Botswana,2017,4.1,3.3,4.9,7.3
Botswana,2018,4.1,3.3,4.6000000000000005,6.8
Botswana,2019,3.8,3.3,4.3,6.5
Botswana,2020,3.655584307127193,3.3,4.0,6.8
Botswana,2021,3.4,3.3,3.9,7.1
Botswana,2022,3.1,3.3,4.0,6.6
Botswana,2023,3.4,3.3,3.7,6.3
Brazil,2006,5.7,3.2,5.7,6.7
Brazil,2007,6.9,4.5,6.1,6.3
Brazil,2008,7.1,4.9,6.1,6.0
Brazil,2009,6.9,5.1,6.4,6.0
Brazil,2010,6.7,5.1,6.2,6.0
Brazil,2011,6.5,4.9,6.5,5.8
Brazil,2012,6.2,4.9,6.2,5.5
Brazil,2013,5.9,4.9,5.9,5.4
Brazil,2014,5.6,4.9,5.6,5.6
Brazil,2015,5.9,4.9,5.9,5.9
Brazil,2016,6.4,4.9,5.7,6.0
Brazil,2017,6.7,4.9,6.2,6.4
Brazil,2018,6.8,5.2,6.5,6.1000000000000005
Brazil,2019,7.0,6.2,7.0,6.6
Brazil,2020,7.1,6.2,7.3,6.8999999999999995
Brazil,2021,6.8,6.5,7.7,7.4
Brazil,2022,6.5,6.2,7.4,7.5
Brazil,2023,6.2,6.5,7.5,7.2
Brunei Darussalam,2007,6.9,7.4,7.4,3.3
Brunei Darussalam,2008,6.3,7.4,6.7,3.3
Brunei Darussalam,2009,6.1,7.4,6.6,3.6
Brunei Darussalam,2010,5.9,7.4,6.6,3.5
Brunei Darussalam,2011,5.6,7.4,6.2,3.2
Brunei Darussalam,2012,5.6,7.4,6.2,2.9
Brunei Darussalam,2013,5.6,7.4,6.2,2.6
Brunei Darussalam,2014,5.6,7.4,6.2,2.5
Brunei Darussalam,2015,5.6,7.4,5.9,2.2
Brunei Darussalam,2016,5.3,7.4,5.9,2.0
Brunei Darussalam,2017,5.1,7.4,5.9,1.8
Brunei Darussalam,2018,4.8,7.4,5.6000000000000005,1.7009382151853345
Brunei Darussalam,2019,4.5,7.4,5.9,1.5
Brunei Darussalam,2020,4.5,7.4,6.2,1.5694761525021945
Brunei Darussalam,2021,4.2,7.4,6.5,2.6
Brunei Darussalam,2022,3.9,7.4,6.8,2.3
Brunei Darussalam,2023,3.9,7.4,7.1,2.0
Bulgaria,2006,5.5,4.1,4.0,5.3
Bulgaria,2007,5.4,3.9,4.2,5.0
Bulgaria,2008,5.2,3.9,4.0,4.6
Bulgaria,2009,5.3,4.6,4.4,5.0
Bulgaria,2010,5.1,4.6,4.5,5.0
Bulgaria,2011,4.9,5.3,4.3,4.6
Bulgaria,2012,4.6,5.3,4.9,4.3
Bulgaria,2013,4.7,5.3,4.6,4.4
Bulgaria,2014,4.4,5.3,4.9,4.1
Bulgaria,2015,4.1,5.3,5.2,4.2
Bulgaria,2016,3.8,5.3,5.3,3.9
Bulgaria,2017,4.3,5.3,5.1,4.4
Bulgaria,2018,4.6,5.3,5.1,4.1000000000000005
Bulgaria,2019,4.3,5.3,4.8,3.8
Bulgaria,2020,4.6,5.3,4.51611162568825,3.5
Bulgaria,2021,4.3,5.3,4.2,4.0
Bulgaria,2022,4.0,5.3,4.3,4.2
Bulgaria,2023,4.1,5.3,4.0,3.9
Burkina Faso,2006,7.6,7.7,6.5,8.4
Burkina Faso,2007,7.6,7.7,6.4,8.9
Burkina Faso,2008,7.6,7.7,6.4,8.9
Burkina Faso,2009,7.5,7.6,6.1,9.0
Burkina Faso,2010,7.3,7.6,5.9,8.8
Burkina Faso,2011,7.0,7.3,5.5,8.7
Burkina Faso,2012,7.1,7.3,5.2,8.4
Burkina Faso,2013,7.2,7.3,5.3,8.7
Burkina Faso,2014,6.9,7.3,5.3,8.8
Burkina Faso,2015,7.4,7.8,5.0,8.9
Burkina Faso,2016,8.1,8.1,4.7,8.9
Burkina Faso,2017,8.4,7.8,4.5,8.7
Burkina Faso,2018,8.5,7.8,4.2,8.399999999999999
Burkina Faso,2019,8.2,7.8,3.9,8.1
Burkina Faso,2020,8.7,7.8,4.4,8.4
Burkina Faso,2021,9.0,7.8,4.5,8.7
Burkina Faso,2022,8.7,7.8,5.5,8.8
Burkina Faso,2023,9.3,8.2,5.8,8.6
Burundi,2006,7.3,7.8,7.0,8.5
Burundi,2007,6.8,7.5,6.7,8.9
Burundi,2008,6.8,7.8,6.7,9.0
Burundi,2009,7.3,7.7,7.5,9.0
Burundi,2010,7.1,7.9,7.8,9.0
Burundi,2011,7.7,8.2,8.2,8.8
Burundi,2012,7.4,7.9,8.0,8.5
Burundi,2013,7.7,7.9,8.1,8.3
Burundi,2014,7.4,7.9,8.1,8.6
Burundi,2015,7.7,7.9,8.0,8.3
Burundi,2016,9.0,8.5,8.1,8.2
Burundi,2017,8.8,8.2,7.9,8.0
Burundi,2018,8.5,7.8999999999999995,7.6000000000000005,7.7
Burundi,2019,8.6,7.9,7.9,8.2
Burundi,2020,8.299999999999999,7.9,7.6000000000000005,7.8999999999999995
Burundi,2021,8.0,8.2,7.3,7.9
Burundi,2022,7.7,8.5,7.0,7.9
Burundi,2023,7.8,8.5,6.7,8.0
Cabo Verde,2021,4.8,5.5,2.9,5.6
Cabo Verde,2022,4.5,5.5,2.6,5.9
Cambodia,2007,6.2,7.5,7.3,7.6
Cambodia,2008,6.2,7.2,7.5,7.6
Cambodia,2009,6.5,7.5,7.0,7.9
Cambodia,2010,6.4,7.7,6.9,8.3
Cambodia,2011,6.2,8.0,7.2,8.4
Cambodia,2012,6.5,8.0,7.3,8.3
Cambodia,2013,6.2,8.0,7.0,8.1
Cambodia,2014,6.3,8.6,7.3,8.0
Cambodia,2015,6.7,8.2,7.4,7.7
Cambodia,2016,6.4,8.3,7.1,8.0
Cambodia,2017,6.7,8.3,6.9,7.8
Cambodia,2018,6.4850431107616835,8.632000000000001,6.6000000000000005,7.5
Cambodia,2019,6.4,8.6,6.3,7.6
Cambodia,2020,6.7,8.6,6.0,7.708381103848001
Cambodia,2021,6.4,8.3,6.1,8.2
Cambodia,2022,6.1,8.4,5.8,7.9
Cambodia,2023,6.4,8.7,5.5,7.4
Cambodia ,2006,6.7,7.5,7.0,7.5
Cameroon,2006,7.6,7.9,6.5,8.0
Cameroon,2007,7.7,8.0,7.0,7.5
Cameroon,2008,7.8,8.2,7.1,7.6
Cameroon,2009,7.8,8.7,7.2,8.0
Cameroon,2010,7.8,8.7,7.5,8.0
Cameroon,2011,7.8,8.5,7.8,8.3
Cameroon,2012,7.9,9.2,7.5,8.1
Cameroon,2013,8.0,9.2,7.8,8.4
Cameroon,2014,7.7,9.5,7.8,8.5
Cameroon,2015,7.6,9.1,8.1,8.8
Cameroon,2016,8.1,9.4,8.5,8.9
Cameroon,2017,7.9,9.1,8.3,8.7
Cameroon,2018,8.0,9.1,8.4,8.399999999999999
Cameroon,2019,8.5,9.6,8.5,8.2
Cameroon,2020,8.2,9.299999999999999,8.6,8.299999999999999
Cameroon,2021,8.3,9.3,8.7,8.6
Cameroon,2022,8.4,9.3,8.4,8.3
Cameroon,2023,8.1,9.3,8.1,8.3
Canada,2007,1.0,1.6,2.0,1.2
Canada,2008,1.0,1.8,3.0,1.2
Canada,2009,1.1,2.4,3.0,1.2
Canada,2010,1.2,2.4,3.1,1.5
Canada,2011,1.5,2.5,3.3,1.9
Canada,2012,1.8,2.5,3.0,2.2
Canada,2013,1.8,2.5,3.1,2.0
Canada,2014,2.1,2.5,3.4,2.3
Canada,2015,2.2,2.5,3.9,2.0
Canada,2016,1.9,2.5,3.6,1.7
Canada,2017,2.2,2.5,3.4,1.5
Canada,2018,2.5,2.5,3.1,1.2
Canada,2019,2.8,2.5,2.8,1.0
Canada,2020,3.0999999999999996,2.5,2.5,0.8382358905311796
Canada,2021,2.8,2.5,2.2,2.3
Canada,2022,2.5,2.5,2.3,2.0
Canada,2023,2.2,2.5,2.0,1.7
Canada ,2006,1.0,1.6,2.0,1.0
Cape Verde,2007,6.1,6.4,4.8,7.4
Cape Verde,2008,5.8,6.4,4.8,7.2
Cape Verde,2009,5.7,6.1,4.4,7.6
Cape Verde,2010,5.5,6.1,4.4,7.4
Cape Verde,2011,5.7,5.7,4.2,6.9
Cape Verde,2012,5.7,5.7,4.2,6.6
Cape Verde,2013,5.7,5.5,4.2,6.5
Cape Verde,2014,5.7,5.5,4.2,6.8
Cape Verde,2015,5.7,5.5,4.0,6.5
Cape Verde,2016,5.4,5.5,4.1,6.2
Cape Verde,2017,5.4,5.5,4.1,6.0
Cape Verde,2018,5.1000000000000005,5.5,3.8,5.7
Cape Verde,2019,5.0,5.5,3.5,5.4
Cape Verde,2020,5.081616016601003,5.5,3.2,5.1000000000000005
Cape Verde,2023,4.2,5.5,2.4,5.6
Central African Republic,2006,8.9,8.0,8.8,8.0
Central African Republic,2007,8.9,9.3,8.8,8.0
Central African Republic,2008,9.4,9.4,8.9,8.6
Central African Republic,2009,9.6,9.5,8.6,9.3
Central African Republic,2010,9.7,9.1,8.9,9.2
Central African Republic,2011,9.7,9.1,8.6,9.0
Central African Republic,2012,9.6,9.1,8.5,9.1
Central African Republic,2013,9.7,9.1,8.5,9.5
Central African Republic,2014,9.9,9.7,9.5,9.7
Central African Republic,2015,9.8,10.0,9.6,9.9
Central African Republic,2016,9.2,10.0,9.3,10.0
Central African Republic,2017,9.0,9.7,9.1,10.0
Central African Republic,2018,9.1,9.7,8.799999999999999,9.955870338865381
Central African Republic,2019,8.6,9.4,8.3,10.0
Central African Republic,2020,8.299999999999999,9.682,8.0,9.990144812665898
Central African Republic,2021,8.0,9.7,8.1,10.0
Central African Republic,2022,8.3,9.7,8.4,10.0
Central African Republic,2023,8.0,9.4,8.1,10.0
Chad,2006,9.4,9.5,8.5,9.0
Chad,2007,9.6,9.7,9.5,9.1
Chad,2008,9.8,9.8,9.7,9.4
Chad,2009,9.9,9.8,9.8,9.6
Chad,2010,9.9,9.8,9.8,9.6
Chad,2011,9.2,9.8,9.4,9.6
Chad,2012,8.9,9.8,9.1,9.5
Chad,2013,9.4,9.5,8.8,9.9
Chad,2014,9.1,9.8,8.5,10.0
Chad,2015,8.8,9.5,8.2,9.7
Chad,2016,9.1,9.8,8.5,9.8
Chad,2017,9.4,9.8,8.0,9.7
Chad,2018,9.5,9.5,7.7,9.738538777439754
Chad,2019,9.5,9.8,8.2,9.1
Chad,2020,9.2,9.5,8.299999999999999,9.36233071031056
Chad,2021,8.9,9.5,8.0,9.8
Chad,2022,8.6,9.5,8.4,9.7
Chad,2023,8.7,9.5,8.1,9.6
Chile,2007,2.0,1.5,3.5,3.7
Chile,2008,2.0,1.5,3.9,3.8
Chile,2009,2.0,1.5,3.6,4.2
Chile,2010,2.3,1.5,3.4,4.0
Chile,2011,2.5,1.4,3.5,4.3
Chile,2012,2.8,1.4,3.8,4.5
Chile,2013,2.9,1.4,3.5,4.3
Chile,2014,2.8,1.7,3.8,4.2
Chile,2015,3.1,1.7,4.1,4.5
Chile,2016,2.9,2.2,3.8,4.2
Chile,2017,3.2,2.2,3.6,4.0
Chile,2018,3.5,2.2,3.3000000000000003,3.7
Chile,2019,3.8,2.2,3.0,3.4
Chile,2020,4.1,2.2,3.1,3.5
Chile,2021,3.8,2.2,3.2,4.5
Chile,2022,3.9,2.2,3.5,4.2
Chile,2023,3.6,2.2,3.8,3.9
Chile ,2006,2.0,1.5,3.5,3.5
China,2006,5.5,8.0,8.0,7.3
China,2007,5.3,7.5,8.0,6.5
China,2008,5.2,7.0,7.8,6.6
China,2009,6.0,7.2,7.9,7.2
China,2010,5.8,7.2,8.0,7.0
China,2011,5.7,6.9,7.9,6.6
China,2012,6.0,6.9,7.9,6.3
China,2013,6.5,7.2,8.3,6.8
China,2014,6.2,7.2,8.6,6.5
China,2015,5.9,7.2,8.3,6.2
China,2016,5.6,7.2,8.1,5.9
China,2017,5.9,7.2,7.9,5.7
China,2018,5.872797244570476,7.2,7.6000000000000005,5.4
China,2019,5.6,7.2,7.3,5.1
China,2020,5.799054614193441,7.2,7.3999999999999995,4.8
China,2021,5.5,7.2,7.1,5.3
China,2022,5.2,7.2,6.8,5.0
China,2023,4.9,7.2,6.5,4.7
Colombia,2006,9.0,9.2,7.4,6.5
Colombia,2007,8.3,8.5,7.4,6.0
Colombia,2008,8.0,8.3,7.4,6.0
Colombia,2009,7.5,8.0,7.2,6.0
Colombia,2010,7.7,8.0,7.2,5.8
Colombia,2011,7.5,8.0,7.5,5.6
Colombia,2012,7.0,7.7,7.2,5.9
Colombia,2013,6.8,7.7,7.5,6.1
Colombia,2014,7.0,7.7,7.7,6.3
Colombia,2015,7.3,7.6,8.0,6.0
Colombia,2016,7.0,7.6,7.0,6.1
Colombia,2017,6.9,7.6,7.3,5.9
Colombia,2018,6.6,7.6,7.0,5.6000000000000005
Colombia,2019,6.9,7.6,7.1,5.3
Colombia,2020,7.231934368167046,7.6,7.153130169276803,5.6
Colombia,2021,6.9,7.6,7.5,6.6
Colombia,2022,6.6,7.6,7.6,6.3
Colombia,2023,6.7,7.6,7.3,6.0
Comoros,2007,6.7,6.5,5.3,8.7
Comoros,2008,7.0,6.7,5.3,8.5
Comoros,2009,7.5,7.9,5.5,8.7
Comoros,2010,7.5,8.0,5.6,8.5
Comoros,2011,7.5,8.0,5.3,8.2
Comoros,2012,7.5,7.5,5.3,7.9
Comoros,2013,7.5,7.5,5.3,7.9
Comoros,2014,7.5,7.5,5.3,8.2
Comoros,2015,7.2,7.5,5.0,8.0
Comoros,2016,6.9,7.5,5.0,8.4
Comoros,2017,6.7,8.0,5.4,8.2
Comoros,2018,6.4,8.0,5.1000000000000005,7.8999999999999995
Comoros,2019,6.5,8.0,4.8,7.6
Comoros,2020,6.5,8.0,4.5,7.457856927627997
Comoros,2021,6.2,8.0,4.2,8.1
Comoros,2022,5.9,8.0,4.5,8.1
Comoros,2023,5.6,8.0,4.8,8.0
Congo Democratic Republic,2006,9.8,9.6,9.1,9.0
Congo Democratic Republic,2007,9.6,8.6,8.8,8.7
Congo Democratic Republic,2008,9.6,8.6,8.8,9.1
Congo Democratic Republic,2009,9.7,8.7,8.9,9.2
Congo Democratic Republic,2010,9.8,8.9,8.6,9.0
Congo Democratic Republic,2011,9.6,8.8,8.3,8.9
Congo Democratic Republic,2012,9.7,9.5,9.3,9.2
Congo Democratic Republic,2013,10.0,9.5,9.4,9.5
Congo Democratic Republic,2014,9.4,9.5,9.6,9.4
Congo Democratic Republic,2015,9.5,9.5,9.5,9.7
Congo Democratic Republic,2016,9.2,9.8,9.7,9.7
Congo Democratic Republic,2017,9.0,9.8,10.0,9.5
Congo Democratic Republic,2018,9.1,9.8,9.961297748594252,9.5
Congo Democratic Republic,2019,8.8,9.8,10.0,9.2
Congo Democratic Republic,2020,8.5,9.8,9.7,9.464910678826097
Congo Democratic Republic,2021,8.6,9.5,9.4,9.8
Congo Democratic Republic,2022,8.7,9.6,9.3,9.5
Congo Democratic Republic,2023,8.8,9.6,9.4,9.3
Congo Republic,2007,7.9,7.2,6.8,8.8
Congo Republic,2008,7.9,7.2,6.8,8.8
Congo Republic,2009,7.8,7.1,6.5,8.8
Congo Republic,2010,7.6,7.1,6.3,8.6
Congo Republic,2011,7.3,6.7,6.0,8.3
Congo Republic,2012,7.0,6.7,6.3,8.4
Congo Republic,2013,6.7,6.7,6.0,8.7
Congo Republic,2014,6.4,6.7,6.3,8.8
Congo Republic,2015,6.7,6.7,6.6,9.1
Congo Republic,2016,6.7,6.7,6.9,9.2
Congo Republic,2017,7.2,6.7,7.2,9.5
Congo Republic,2018,6.984110126450258,6.7,7.5,9.2
Congo Republic,2019,7.0,6.7,7.8,8.9
Congo Republic,2020,7.274583094147724,6.7,8.1,8.6
Congo Republic,2021,7.0,6.7,8.4,8.9
Congo Republic,2022,6.7,6.7,8.7,9.0
Congo Republic,2023,6.4,6.7,8.8,8.7
Costa Rica,2006,2.0,3.3,4.0,2.5
Costa Rica,2007,2.0,3.3,4.0,2.9
Costa Rica,2008,2.2,3.3,4.0,3.5
Costa Rica,2009,2.2,3.2,4.1,4.0
Costa Rica,2010,2.5,3.2,3.9,4.1
Costa Rica,2011,2.5,3.5,4.1,4.2
Costa Rica,2012,2.8,3.5,4.4,4.5
Costa Rica,2013,2.5,3.8,4.1,4.6
Costa Rica,2014,2.8,3.8,4.4,4.8
Costa Rica,2015,3.1,3.8,4.7,4.5
Costa Rica,2016,3.3,3.8,4.4,4.1
Costa Rica,2017,3.6,3.8,4.2,3.9
Costa Rica,2018,3.547397858341265,3.8,3.9000000000000004,3.7333067401727966
Costa Rica,2019,3.7,3.8,3.6,3.4
Costa Rica,2020,3.832739194810456,3.8,3.3000000000000003,3.226130561930675
Costa Rica,2021,3.5,3.8,3.0,4.7
Costa Rica,2022,3.2,3.8,2.7,4.4
Costa Rica,2023,2.9,3.8,2.4,4.1
Cote d'Ivoire,2006,9.8,9.8,9.8,8.5
Cote d'Ivoire,2007,9.6,9.3,9.8,7.9
Cote d'Ivoire,2008,9.2,8.9,9.5,7.8
Cote d'Ivoire,2009,8.5,8.5,9.0,8.0
Cote d'Ivoire,2010,8.2,8.5,8.9,8.3
Cote d'Ivoire,2011,8.6,9.1,8.7,8.4
Cote d'Ivoire,2012,8.9,9.9,9.0,8.3
Cote d'Ivoire,2013,9.1,9.4,9.0,8.5
Cote d'Ivoire,2014,8.8,9.4,9.0,8.7
Cote d'Ivoire,2015,8.3,9.1,8.7,9.0
Cote d'Ivoire,2016,7.7,9.4,8.3,8.7
Cote d'Ivoire,2017,7.7,9.1,8.1,8.7
Cote d'Ivoire,2018,7.7,9.1,7.8,8.520827528643354
Cote d'Ivoire,2019,7.4,9.1,7.5,8.2
Cote d'Ivoire,2020,7.1000000000000005,9.1,7.6,8.07352221875831
Cote d'Ivoire,2021,7.2,9.6,7.3,8.4
Cote d'Ivoire,2023,6.6,9.9,6.7,8.2
Croatia,2007,3.9,3.9,6.0,4.1
Croatia,2008,3.9,3.9,5.7,4.1
Croatia,2009,4.3,4.3,5.4,3.9
Croatia,2010,4.4,4.3,5.2,3.7
Croatia,2011,4.4,4.7,5.5,3.4
Croatia,2012,4.7,4.7,5.6,3.2
Croatia,2013,4.8,4.4,5.3,2.9
Croatia,2014,4.5,4.4,5.6,3.2
Croatia,2015,4.0,4.4,5.7,2.9
Croatia,2016,3.7,4.4,6.0,2.6
Croatia,2017,3.5,4.4,5.8,2.4
Croatia,2018,3.2,4.4,5.5,2.516418298118672
Croatia,2019,3.0,4.4,5.2,2.6
Croatia,2020,2.9301260473333772,4.4,4.9,2.635809129120074
Croatia,2021,2.6,4.4,4.9,3.1
Croatia,2022,2.3,4.4,4.6,3.4
Croatia,2023,2.0,4.4,4.3,2.9
Croatia ,2006,4.0,3.9,6.5,4.1
Cuba,2006,8.0,8.0,5.5,4.0
Cuba,2007,7.7,7.8,5.5,3.8
Cuba,2008,7.7,7.0,5.5,4.0
Cuba,2009,7.5,7.1,5.5,5.0
Cuba,2010,7.3,7.1,5.5,5.0
Cuba,2011,6.9,6.9,5.1,5.3
Cuba,2012,6.6,6.9,4.8,5.0
Cuba,2013,6.3,6.9,4.8,4.7
Cuba,2014,6.0,7.2,4.8,4.9
Cuba,2015,5.7,7.0,4.5,4.7
Cuba,2016,5.4,7.0,4.2,4.3
Cuba,2017,5.2,7.0,4.0,4.1
Cuba,2018,4.9,7.0,3.7,4.3999999999999995
Cuba,2019,4.6,7.0,3.4,3.9
Cuba,2020,4.3,7.0,3.1,3.794727135139823
Cuba,2021,4.0,7.0,2.8,4.3
Cuba,2022,3.7,7.0,2.5,4.8
Cuba,2023,3.4,7.0,2.2,4.5
Cyprus,2007,4.2,8.4,8.3,3.8
Cyprus,2008,5.0,8.4,8.3,3.8
Cyprus,2009,5.2,7.9,7.5,3.6
Cyprus,2010,5.3,7.9,7.6,3.4
Cyprus,2011,5.3,7.9,7.6,3.3
Cyprus,2012,5.0,7.9,7.3,3.1
Cyprus,2013,5.0,7.9,7.3,3.0
Cyprus,2014,4.7,7.9,7.3,3.3
Cyprus,2015,4.4,7.9,7.0,3.0
Cyprus,2016,4.1,7.9,6.5,2.7
Cyprus,2017,4.4,7.9,6.3,2.5
Cyprus,2018,4.363995993867109,7.9,6.0,2.3715358627360916
Cyprus,2019,4.1,7.9,5.7,2.1
Cyprus,2020,3.8,7.9,5.4,2.3058409219701064
Cyprus,2021,3.5,7.9,5.1,3.3
Cyprus,2022,3.2,7.9,4.8,3.6
Cyprus,2023,2.9,7.9,4.5,3.3
Cyprus ,2006,4.0,8.5,8.6,4.2
Czech Republic,2006,2.0,3.5,3.2,3.9
Czech Republic,2007,2.0,3.5,3.2,3.8
Czech Republic,2008,2.0,3.5,3.2,3.8
Czech Republic,2009,2.0,3.3,3.6,3.8
Czech Republic,2010,2.1,3.3,3.4,3.6
Czech Republic,2011,2.1,3.8,3.8,3.9
Czech Republic,2012,2.1,3.8,3.5,3.6
Czech Republic,2013,2.1,4.2,3.8,3.7
Czech Republic,2014,2.3,4.3,3.8,3.4
Czech Republic,2015,2.6,4.3,3.8,3.1
Czech Republic,2016,2.3,5.0,5.0,2.8
Czech Republic,2017,2.6,5.0,4.8,2.6
Czech Republic,2018,2.9,5.3,5.1,2.3000000000000003
Czech Republic,2020,2.9000000000000004,5.3,4.8999999999999995,1.74262486368676
Czech Republic,2023,2.0,5.3,4.0,2.9
Czechia,2019,3.2,5.3,4.8,2.0
Czechia,2021,2.6,5.3,4.6,2.7
Czechia,2022,2.3,5.3,4.3,3.2
Côte d'Ivoire,2022,6.9,9.9,7.0,8.3
Denmark,2006,1.0,1.0,4.5,1.0
Denmark,2007,1.0,1.0,2.5,1.4
Denmark,2008,1.0,1.0,2.5,1.4
Denmark,2009,1.3,1.0,3.0,1.5
Denmark,2010,1.5,1.0,3.0,1.3
Denmark,2011,1.5,1.0,3.3,1.6
Denmark,2012,1.8,1.0,3.0,1.7
Denmark,2013,1.5,1.4,3.4,1.4
Denmark,2014,1.8,1.4,3.4,1.7
Denmark,2015,1.5,1.4,3.6,1.4
Denmark,2016,1.4,1.4,4.6,1.1
Denmark,2017,1.7,1.4,4.4,1.0
Denmark,2018,1.4,1.4,4.4,0.9365423082825688
Denmark,2019,1.3,1.4,4.3,0.9
Denmark,2020,1.6,1.4,4.0,0.9135866795280652
Denmark,2021,1.7,1.4,3.7,1.4
Denmark,2022,1.4,1.4,3.4,1.7
Denmark,2023,1.1,1.4,3.1,1.7
Djibouti,2007,7.0,6.9,5.5,7.5
Djibouti,2008,6.5,6.9,5.5,7.3
Djibouti,2009,6.2,6.9,5.7,7.5
Djibouti,2010,6.0,7.1,5.9,7.3
Djibouti,2011,6.2,7.5,6.2,7.2
Djibouti,2012,6.5,7.5,6.5,7.2
Djibouti,2013,6.6,7.5,6.2,7.4
Djibouti,2014,6.9,7.6,6.4,7.7
Djibouti,2015,6.9,7.3,6.6,7.8
Djibouti,2016,6.6,7.3,6.7,8.1
Djibouti,2017,6.5,7.3,6.5,7.9
Djibouti,2018,6.2,7.3,6.2,7.768385438080486
Djibouti,2019,5.9,7.3,5.9,7.6
Djibouti,2020,5.6000000000000005,7.3,5.6000000000000005,7.3
Djibouti,2021,5.3,7.3,5.3,7.4
Djibouti,2022,5.0,7.3,5.0,7.4
Djibouti,2023,5.3,7.3,5.3,7.6
Dominican Republic,2006,7.0,7.4,6.5,8.0
Dominican Republic,2007,6.5,7.4,6.1,6.9
Dominican Republic,2008,6.1,7.0,6.1,6.9
Dominican Republic,2009,5.8,6.8,6.0,6.7
Dominican Republic,2010,5.6,6.8,5.8,6.9
Dominican Republic,2011,5.8,6.8,6.1,6.8
Dominican Republic,2012,5.5,6.5,5.8,6.5
Dominican Republic,2013,5.2,6.5,6.1,6.2
Dominican Republic,2014,4.9,6.5,6.1,6.5
Dominican Republic,2015,5.2,6.2,5.8,6.8
Dominican Republic,2016,5.5,6.2,6.0,6.8
Dominican Republic,2017,5.8,6.2,5.8,6.3
Dominican Republic,2018,6.1,6.2,5.5,6.6
Dominican Republic,2019,6.4,6.2,5.2,6.3
Dominican Republic,2020,6.4215937795454145,6.2,4.9,6.0
Dominican Republic,2021,6.1,6.2,4.6,7.0
Dominican Republic,2022,5.8,6.2,4.6,6.7
Dominican Republic,2023,5.5,6.2,4.6,6.4
Ecuador,2006,6.8,7.8,6.8,7.4
Ecuador,2007,6.6,7.6,6.7,6.8
Ecuador,2008,6.7,7.9,6.5,6.8
Ecuador,2009,6.8,7.8,6.3,6.8
Ecuador,2010,6.6,7.8,6.4,7.0
Ecuador,2011,7.0,8.2,6.9,7.2
Ecuador,2012,6.5,8.2,6.9,7.2
Ecuador,2013,6.7,8.2,7.2,6.9
Ecuador,2014,6.4,8.2,7.5,6.6
Ecuador,2015,6.7,8.2,7.8,6.3
Ecuador,2016,6.5,8.2,7.5,6.0
Ecuador,2017,6.8,8.2,7.3,6.5
Ecuador,2018,6.5,8.2,7.0,6.2
Ecuador,2019,6.2,8.2,6.7,5.9
Ecuador,2020,6.203034551889856,8.2,6.4,5.6000000000000005
Ecuador,2021,5.9,8.2,6.1,6.6
Ecuador,2022,5.6,8.2,5.8,6.3
Ecuador,2023,6.0,8.2,5.9,6.0
Egypt,2006,6.5,7.7,8.5,7.3
Egypt,2007,6.1,8.3,7.8,6.7
Egypt,2008,6.1,8.4,7.7,6.3
Egypt,2009,6.2,8.1,8.0,6.4
Egypt,2010,6.5,8.1,8.2,6.1
Egypt,2011,6.8,8.0,8.3,5.9
Egypt,2012,7.0,8.8,8.8,5.9
Egypt,2013,7.3,8.7,8.5,5.6
Egypt,2014,7.9,9.4,8.6,5.7
Egypt,2015,8.2,9.0,8.7,5.4
Egypt,2016,8.3,8.8,9.0,5.1
Egypt,2017,8.1,8.8,8.8,4.9
Egypt,2018,8.2,8.8,8.9,4.6000000000000005
Egypt,2019,8.2,9.1,8.9,4.3
Egypt,2020,7.8999999999999995,9.1,8.6,4.230977023349143
Egypt,2021,7.6,9.1,8.3,4.7
Egypt,2022,7.3,9.1,8.0,5.0
Egypt,2023,7.0,9.1,7.7,4.7
El Salvador,2006,6.0,3.9,6.0,7.4
El Salvador,2007,5.8,3.9,6.0,6.9
El Salvador,2008,6.3,3.9,6.0,6.5
El Salvador,2009,6.4,4.5,6.2,6.6
El Salvador,2010,6.7,4.5,5.9,7.0
El Salvador,2011,7.0,4.3,5.8,6.9
El Salvador,2012,6.7,4.3,6.0,6.6
El Salvador,2013,6.4,4.3,5.7,6.5
El Salvador,2014,6.1,4.3,6.0,6.4
El Salvador,2015,6.5,4.3,6.3,6.7
El Salvador,2016,7.0,4.3,6.2,6.6
El Salvador,2017,7.3,4.3,6.7,6.4
El Salvador,2018,7.216717903165092,4.3,6.4,6.1000000000000005
El Salvador,2019,6.9,4.3,6.1,5.8
El Salvador,2020,7.118394095546451,4.3,5.8,5.7009250467462955
El Salvador,2021,6.6,4.8,5.5,6.8
El Salvador,2022,6.3,4.8,5.6,6.5
El Salvador,2023,6.0,4.8,5.3,6.2
Equatorial Guinea,2006,8.3,8.0,6.7,8.0
Equatorial Guinea,2007,8.9,8.5,7.0,8.6
Equatorial Guinea,2008,9.0,8.5,7.0,8.3
Equatorial Guinea,2009,8.6,8.6,6.8,8.6
Equatorial Guinea,2010,8.4,8.4,6.8,8.4
Equatorial Guinea,2011,8.1,8.2,6.6,8.1
Equatorial Guinea,2012,7.8,8.2,6.6,7.8
Equatorial Guinea,2013,7.5,8.2,6.6,7.6
Equatorial Guinea,2014,7.2,8.2,6.6,7.4
Equatorial Guinea,2015,7.0,8.2,6.3,7.1
Equatorial Guinea,2016,6.7,8.2,6.3,7.4
Equatorial Guinea,2017,6.5,8.2,6.3,7.9
Equatorial Guinea,2018,6.2,8.2,6.0,8.004087412195869
Equatorial Guinea,2019,5.9,8.2,6.3,8.1
Equatorial Guinea,2020,6.2,8.2,6.6,8.4
Equatorial Guinea,2021,5.9,8.2,6.9,8.7
Equatorial Guinea,2022,5.6,8.2,7.2,8.8
Equatorial Guinea,2023,5.9,8.2,7.5,8.5
Eritrea,2006,7.2,7.5,5.4,7.3
Eritrea,2007,7.5,7.2,5.4,7.7
Eritrea,2008,7.5,7.2,5.6,7.9
Eritrea,2009,7.4,7.7,5.8,8.6
Eritrea,2010,7.6,7.9,6.1,8.6
Eritrea,2011,7.7,8.1,6.1,8.4
Eritrea,2012,7.8,8.1,6.4,8.2
Eritrea,2013,7.5,8.1,6.1,8.4
Eritrea,2014,7.6,8.1,6.4,8.4
Eritrea,2015,7.7,8.1,6.1,8.7
Eritrea,2016,7.4,8.1,6.6,8.6
Eritrea,2017,7.2,8.1,7.1,8.4
Eritrea,2018,6.9,8.1,7.3999999999999995,8.1
Eritrea,2019,6.6,8.1,7.7,7.8
Eritrea,2020,6.4854309467180995,8.1,8.0,7.5
Eritrea,2021,6.2,8.4,8.3,8.3
Eritrea,2022,5.9,8.7,8.6,8.0
Eritrea,2023,6.0,8.4,8.7,8.1
Estonia,2007,2.1,5.9,4.5,3.8
Estonia,2008,2.6,5.7,5.1,3.8
Estonia,2009,2.5,5.5,4.9,3.5
Estonia,2010,2.6,5.5,5.0,3.3
Estonia,2011,2.9,5.5,5.4,2.9
Estonia,2012,3.2,5.5,5.7,3.0
Estonia,2013,2.9,5.5,5.9,3.0
Estonia,2014,2.8,5.5,6.2,3.3
Estonia,2015,3.1,5.5,6.5,3.4
Estonia,2016,2.9,5.5,6.8,3.1
Estonia,2017,3.3,5.9,7.3,2.9
Estonia,2018,3.0,5.9,7.536316184776602,2.6
Estonia,2019,2.7,5.9,7.6,2.3
Estonia,2020,2.5519643791326163,5.9,7.671490131054446,1.9999999999999998
Estonia,2021,2.3,5.9,7.4,2.5
Estonia,2022,2.0,5.9,7.1,2.2
Estonia,2023,1.7,5.8,6.8,1.9
Estonia ,2006,2.0,5.9,4.5,4.0
Eswatini,2019,5.7,6.8,2.8,7.5
Eswatini,2021,5.1,6.8,2.2,7.7
Ethiopia,2006,7.5,8.7,7.0,6.2
Ethiopia,2007,7.5,8.9,7.8,7.0
Ethiopia,2008,7.5,8.9,7.8,7.5
Ethiopia,2009,7.5,8.8,8.2,8.2
Ethiopia,2010,7.8,9.0,8.6,8.1
Ethiopia,2011,7.9,9.0,8.4,8.4
Ethiopia,2012,8.1,8.7,8.1,8.4
Ethiopia,2013,8.4,8.7,8.6,8.7
Ethiopia,2014,8.1,8.7,8.9,8.9
Ethiopia,2015,8.4,8.6,8.5,8.6
Ethiopia,2016,8.1,8.3,8.6,8.3
Ethiopia,2017,8.4,8.7,9.1,8.8
Ethiopia,2018,8.7,8.399999999999999,8.799999999999999,8.5
Ethiopia,2019,8.2,7.9,8.5,8.3
Ethiopia,2020,7.8999999999999995,8.9,9.0,8.295776345578005
Ethiopia,2021,8.4,9.2,9.5,8.9
Ethiopia,2022,8.5,9.2,9.2,8.6
Ethiopia,2023,8.6,9.3,8.9,8.7
Fiji,2007,7.0,8.2,7.5,4.1
Fiji,2008,7.0,8.2,7.5,4.4
Fiji,2009,6.7,8.2,7.3,5.0
Fiji,2010,6.8,8.2,7.4,5.5
Fiji,2011,7.0,7.9,7.6,5.5
Fiji,2012,7.0,7.9,7.6,5.2
Fiji,2013,7.0,7.9,7.3,4.9
Fiji,2014,7.0,7.9,7.3,4.8
Fiji,2015,6.7,7.9,7.0,4.5
Fiji,2016,6.8,7.9,7.1,4.5
Fiji,2017,7.1,7.9,6.9,5.0
Fiji,2018,7.1,7.9,6.6000000000000005,4.7
Fiji,2019,6.8,7.9,6.3,4.4
Fiji,2020,6.8,7.9,6.0,4.1000000000000005
Fiji,2021,6.5,7.9,5.7,4.4
Fiji,2022,6.2,7.9,5.4,4.2
Fiji,2023,6.4,8.2,5.4,4.2
Finland,2007,0.9,0.7,1.0,1.2
Finland,2008,0.9,0.7,1.0,1.2
Finland,2009,0.9,0.9,1.2,1.1
Finland,2010,1.0,1.0,1.2,1.2
Finland,2011,1.0,1.2,1.7,1.5
Finland,2012,1.3,1.2,1.4,1.8
Finland,2013,1.0,1.1,1.4,1.5
Finland,2014,1.3,1.1,1.3,1.4
Finland,2015,1.4,1.1,1.6,1.2
Finland,2016,1.4,1.1,2.0,1.0
Finland,2017,1.7,1.1,1.8,1.0
Finland,2018,2.2,1.4,1.5,0.7
Finland,2019,2.5,1.4,1.2,0.7
Finland,2020,2.8,1.4,0.8999999999999999,0.6266661909166267
Finland,2021,2.5,1.4,0.6,1.6
Finland,2022,2.2,1.4,0.3,1.3
Finland,2023,2.0,1.4,0.3,1.0
Finland ,2006,1.0,1.0,1.0,1.0
France,2006,1.0,1.8,6.0,1.0
France,2007,1.0,1.8,5.8,1.4
France,2008,1.0,1.8,6.0,1.4
France,2009,1.2,2.0,5.8,1.5
France,2010,1.6,2.0,5.6,1.5
France,2011,1.9,1.9,5.9,1.9
France,2012,2.2,1.9,5.6,1.8
France,2013,2.3,1.9,5.9,1.5
France,2014,2.6,1.9,6.4,1.8
France,2015,2.3,1.9,6.8,1.5
France,2016,3.0,1.9,7.0,1.3
France,2017,3.3,1.9,7.0,1.1
France,2018,3.1999999999999997,1.9,7.0,1.1313011765938836
France,2019,3.5,1.9,7.0,1.2
France,2020,3.8,1.9,6.7,1.2954740630758264
France,2021,3.5,1.9,6.4,1.8
France,2022,3.2,1.9,6.7,1.5
France,2023,2.9,1.9,6.4,1.2
Gabon,2006,5.5,7.5,3.0,7.5
Gabon,2007,5.3,7.2,3.0,7.0
Gabon,2008,5.6,7.2,3.0,7.0
Gabon,2009,5.9,7.2,3.0,6.8
Gabon,2010,5.7,7.2,3.0,6.6
Gabon,2011,5.7,7.1,3.3,6.7
Gabon,2012,5.7,7.1,3.3,6.9
Gabon,2013,5.4,7.1,3.3,7.0
Gabon,2014,5.1,7.1,3.6,7.1
Gabon,2015,5.0,7.1,3.7,6.8
Gabon,2016,4.7,7.1,4.0,6.9
Gabon,2017,5.2,7.4,3.8,6.7
Gabon,2018,4.7,7.9,3.5,6.609429034707935
Gabon,2019,4.8,7.9,3.2,6.3
Gabon,2020,5.1,8.295,2.9000000000000004,6.0
Gabon,2021,4.8,8.0,2.6,6.5
Gabon,2022,4.5,7.7,2.9,6.7
Gabon,2023,4.2,7.7,3.1,6.8
Gambia,2006,5.5,5.8,4.0,6.5
Gambia,2007,5.8,5.9,4.2,6.6
Gambia,2008,5.8,5.9,4.2,6.6
Gambia,2009,6.0,6.2,4.4,7.1
Gambia,2010,5.8,6.2,4.6,7.2
Gambia,2011,6.1,6.8,4.0,7.0
Gambia,2012,5.8,6.8,3.7,7.2
Gambia,2013,5.5,6.8,3.7,7.5
Gambia,2014,5.2,6.8,3.7,7.8
Gambia,2015,6.0,6.8,3.7,7.7
Gambia,2016,6.0,6.8,3.4,8.0
Gambia,2017,6.3,7.8,3.8,7.8
Gambia,2018,6.6,7.7,3.5,7.5
Gambia,2019,6.3,7.7,3.2,7.3
Gambia,2020,6.0,7.7,2.9000000000000004,7.215577531075619
Gambia,2021,5.7,7.7,2.6,7.6
Gambia,2022,5.4,7.7,2.7,7.7
Gambia,2023,5.1,7.4,2.8,7.6
Georgia,2007,7.8,7.8,7.6,6.1
Georgia,2008,7.7,8.3,8.1,5.9
Georgia,2009,7.9,8.9,8.5,6.3
Georgia,2010,8.0,9.1,8.4,6.4
Georgia,2011,7.9,9.0,8.0,6.0
Georgia,2012,7.6,9.1,8.3,5.7
Georgia,2013,7.9,9.4,8.0,5.4
Georgia,2014,7.6,9.5,8.0,5.1
Georgia,2015,7.3,9.1,7.8,4.8
Georgia,2016,7.0,9.1,8.1,4.5
Georgia,2017,6.8,9.1,7.9,4.3
Georgia,2018,6.5,9.1,7.6000000000000005,4.0
Georgia,2019,6.2,9.1,7.3,3.7
Georgia,2020,5.9,9.1,7.6,3.4000000000000004
Georgia,2021,5.6,9.1,7.3,4.4
Georgia,2022,5.3,9.1,7.0,4.1
Georgia,2023,5.0,8.8,7.1,3.8
Georgia ,2006,8.1,7.1,7.4,6.3
Germany,2007,2.5,1.8,4.9,1.7
Germany,2008,2.5,1.8,4.9,1.9
Germany,2009,2.1,1.8,4.9,1.9
Germany,2010,2.2,2.0,4.7,1.7
Germany,2011,2.2,2.1,4.7,2.0
Germany,2012,2.5,2.1,4.4,1.8
Germany,2013,2.2,2.0,4.3,1.8
Germany,2014,2.4,2.0,4.3,1.9
Germany,2015,2.1,2.0,4.6,1.6
Germany,2016,1.8,2.3,4.8,1.3
Germany,2017,2.1,2.3,5.0,1.1
Germany,2018,2.0,2.6,4.9,0.9022042875359231
Germany,2019,2.3,2.6,4.6,0.9
Germany,2020,2.5999999999999996,2.6,4.3,0.9689400841604348
Germany,2021,2.3,2.3,4.0,2.0
Germany,2022,2.0,2.3,3.7,1.7
Germany,2023,2.3,2.3,3.4,1.5
Germany ,2006,2.5,1.8,4.9,1.8
Ghana,2007,2.4,3.5,5.1,6.9
Ghana,2008,2.4,3.9,5.1,6.9
Ghana,2009,2.4,4.2,5.4,7.2
Ghana,2010,2.6,4.2,5.2,7.6
Ghana,2011,3.0,4.2,5.5,7.7
Ghana,2012,3.3,4.7,5.2,7.6
Ghana,2013,3.8,5.0,4.9,7.6
Ghana,2014,4.1,5.0,4.9,7.9
Ghana,2015,4.1,4.9,4.6,7.9
Ghana,2016,3.8,4.9,4.6,7.4
Ghana,2017,3.8,5.2,4.4,7.8
Ghana,2018,4.3,4.9,4.1000000000000005,7.5
Ghana,2019,4.6,4.9,3.8,7.2
Ghana,2020,4.8999999999999995,4.9,3.5,6.9
Ghana,2021,4.6,5.4,3.2,7.4
Ghana,2022,4.3,5.9,3.3,7.1
Ghana,2023,4.0,5.9,3.0,6.8
Ghana ,2006,2.0,3.5,5.0,6.8
Greece,2007,3.1,1.6,3.5,3.1
Greece,2008,3.1,1.6,4.3,3.6
Greece,2009,3.5,2.0,4.4,3.9
Greece,2010,3.4,2.4,4.2,3.7
Greece,2011,3.8,2.5,4.5,3.8
Greece,2012,4.0,2.5,4.8,4.2
Greece,2013,3.9,3.0,4.8,3.9
Greece,2014,4.2,3.5,5.1,3.6
Greece,2015,4.5,3.7,5.0,3.9
Greece,2016,4.2,3.8,5.1,4.0
Greece,2017,4.5,4.1,5.4,3.8
Greece,2018,4.418852145311638,4.1,5.1000000000000005,3.5
Greece,2019,4.3,4.1,4.8,3.8
Greece,2020,4.248697220287658,4.1,4.5,3.5
Greece,2021,3.9,4.1,4.2,4.0
Greece,2022,3.6,4.1,4.3,4.3
Greece,2023,3.3,4.1,4.0,4.3
Greece ,2006,2.0,1.5,3.5,3.0
Grenada,2007,5.9,5.7,5.0,4.1
Grenada,2008,5.4,5.7,4.9,4.1
Grenada,2009,5.5,5.8,4.5,4.1
Grenada,2010,5.4,5.8,4.2,3.9
Grenada,2011,5.3,5.6,3.9,4.2
Grenada,2012,5.3,5.6,3.9,3.9
Grenada,2013,5.3,5.6,3.9,3.6
Grenada,2014,5.3,5.6,3.9,3.9
Grenada,2015,5.6,5.6,3.8,3.7
Grenada,2016,5.9,5.6,3.8,4.0
Grenada,2017,5.7,5.6,3.8,3.8
Grenada,2018,5.5,5.6,3.6,3.6
Grenada,2019,5.2,5.6,3.6,3.6
Grenada,2020,5.0909139713931175,5.6,3.6,3.3000000000000003
Grenada,2021,4.8,5.6,3.6,4.4
Grenada,2022,4.5,5.6,3.6,4.1
Grenada,2023,4.8,5.6,3.6,4.1
Guatemala,2006,7.5,6.0,7.1,7.1
Guatemala,2007,7.3,5.9,7.1,6.6
Guatemala,2008,7.3,6.0,6.9,6.6
Guatemala,2009,7.1,6.3,6.7,6.6
Guatemala,2010,7.2,6.3,6.8,6.8
Guatemala,2011,7.6,6.0,6.9,6.9
Guatemala,2012,7.3,6.0,7.1,6.7
Guatemala,2013,7.0,6.0,7.3,6.9
Guatemala,2014,6.7,6.0,7.6,7.1
Guatemala,2015,7.0,6.0,7.9,7.4
Guatemala,2016,7.3,6.8,8.2,7.7
Guatemala,2017,7.6,7.1,8.5,7.5
Guatemala,2018,7.3233661435936614,7.1,8.8,7.2
Guatemala,2019,7.1,7.1,9.1,6.9
Guatemala,2020,7.0856763412485915,7.1,9.4,6.690672097099105
Guatemala,2021,6.8,7.1,9.4,7.2
Guatemala,2022,6.5,7.1,9.3,6.9
Guatemala,2023,6.2,7.1,9.3,6.8
Guinea,2006,8.1,9.0,8.1,9.0
Guinea,2007,8.1,9.0,8.1,8.9
Guinea,2008,8.4,8.6,8.5,9.0
Guinea,2009,9.4,9.2,8.2,9.2
Guinea,2010,9.4,9.3,8.2,9.0
Guinea,2011,9.3,9.2,7.9,8.7
Guinea,2012,9.4,9.2,7.9,8.6
Guinea,2013,9.1,8.9,7.6,8.9
Guinea,2014,9.2,9.6,8.4,9.2
Guinea,2015,8.9,9.6,8.7,9.8
Guinea,2016,9.0,9.9,8.8,9.2
Guinea,2017,8.8,9.6,8.6,9.5
Guinea,2018,8.9,9.6,8.9,9.394448374611885
Guinea,2019,8.6,9.6,9.1,9.2
Guinea,2020,8.299999999999999,9.6,9.17661260795946,9.190998563504802
Guinea,2021,8.0,9.9,9.3,9.5
Guinea,2022,9.0,10.0,9.7,9.7
Guinea,2023,8.7,10.0,9.4,9.4
Guinea Bissau,2006,7.5,6.5,5.5,8.0
Guinea Bissau,2007,8.0,6.8,5.4,8.5
Guinea Bissau,2008,8.4,7.1,5.4,8.5
Guinea Bissau,2009,8.5,8.0,5.8,8.7
Guinea Bissau,2010,8.9,8.9,5.8,8.8
Guinea Bissau,2011,9.3,9.2,5.4,8.4
Guinea Bissau,2012,9.4,9.2,5.7,8.5
Guinea Bissau,2013,9.5,9.7,5.7,8.8
Guinea Bissau,2014,8.6,9.6,6.0,9.1
Guinea Bissau,2015,8.8,9.6,5.7,9.2
Guinea Bissau,2016,9.1,9.6,5.4,9.5
Guinea Bissau,2017,8.9,9.6,5.2,9.4
Guinea Bissau,2018,8.6,9.6,5.2,9.159794208749103
Guinea Bissau,2019,8.3,9.6,4.9,8.9
Guinea Bissau,2020,8.0,9.6,4.6000000000000005,8.6
Guinea Bissau,2021,7.7,9.6,4.3,9.0
Guinea Bissau,2022,7.4,9.6,4.0,9.1
Guinea Bissau,2023,7.9,9.9,3.7,8.9
Guyana,2007,5.9,4.9,5.4,5.7
Guyana,2008,6.7,5.1,5.7,5.7
Guyana,2009,6.8,5.1,6.1,5.5
Guyana,2010,6.6,5.1,6.2,5.3
Guyana,2011,6.3,5.1,5.9,5.5
Guyana,2012,6.1,5.1,6.2,5.7
Guyana,2013,5.8,5.1,5.9,6.0
Guyana,2014,5.5,5.1,6.2,6.3
Guyana,2015,5.8,5.1,6.5,6.1
Guyana,2016,6.1,5.1,6.4,6.4
Guyana,2017,6.4,5.1,6.7,6.2
Guyana,2018,6.626777417812772,5.1,7.0,5.9
Guyana,2019,6.7,5.1,6.7,5.6
Guyana,2020,6.798281028476842,5.1,6.4,5.422140575331912
Guyana,2021,7.1,5.1,6.5,6.4
Guyana,2022,6.8,5.1,6.2,6.4
Guyana,2023,6.5,4.8,5.9,6.1
Haiti,2006,9.4,9.6,8.8,9.3
Haiti,2007,9.3,9.3,8.0,9.0
Haiti,2008,8.9,8.9,8.0,8.8
Haiti,2009,8.4,8.3,7.3,9.5
Haiti,2010,8.2,8.4,7.3,9.5
Haiti,2011,8.4,8.8,7.3,10.0
Haiti,2012,8.2,9.0,7.0,9.3
Haiti,2013,7.9,9.0,7.0,9.6
Haiti,2014,7.5,9.1,7.0,9.5
Haiti,2015,7.5,9.1,6.7,9.1
Haiti,2016,7.9,9.6,6.7,9.4
Haiti,2017,7.7,9.6,6.5,9.7
Haiti,2018,7.4,9.6,6.2,9.439662818031914
Haiti,2019,7.2,9.3,5.9,9.2
Haiti,2020,6.9,9.579,5.6000000000000005,9.299999999999999
Haiti,2021,6.6,9.6,5.3,9.6
Haiti,2022,6.3,9.6,5.4,9.7
Haiti,2023,6.8,9.7,5.5,9.8
Honduras,2006,6.0,6.4,5.3,6.9
Honduras,2007,5.9,6.3,5.3,6.6
Honduras,2008,6.2,6.3,5.3,6.6
Honduras,2009,6.0,6.1,5.0,7.1
Honduras,2010,7.0,6.8,5.0,6.9
Honduras,2011,6.5,6.3,5.3,6.6
Honduras,2012,7.0,6.3,5.6,6.7
Honduras,2013,6.8,6.3,5.8,6.8
Honduras,2014,6.4,7.0,6.1,6.7
Honduras,2015,6.7,6.6,6.4,6.7
Honduras,2016,7.0,6.8,6.1,7.0
Honduras,2017,7.3,6.8,5.9,6.8
Honduras,2018,7.1319395871277536,6.8,5.6000000000000005,6.565812069152441
Honduras,2019,7.0,7.3,5.3,6.4
Honduras,2020,7.165666999604573,7.0,5.0,6.518146537907986
Honduras,2021,7.0,7.0,5.0,7.6
Honduras,2022,6.7,7.0,4.8,7.3
Honduras,2023,6.8,7.0,4.9,7.8
Hungary,2006,2.0,3.0,3.0,4.2
Hungary,2007,2.1,5.5,3.0,3.8
Hungary,2008,1.9,5.3,3.4,3.8
Hungary,2009,2.1,5.0,3.4,3.8
Hungary,2010,2.2,5.0,3.2,3.6
Hungary,2011,2.5,4.7,3.5,3.7
Hungary,2012,2.6,4.7,3.8,3.4
Hungary,2013,2.3,4.8,4.1,3.1
Hungary,2014,2.6,4.9,4.4,3.2
Hungary,2015,2.4,5.3,4.7,3.3
Hungary,2016,2.4,5.3,5.0,3.4
Hungary,2017,2.7,5.3,4.8,3.2
Hungary,2018,3.0,5.3,4.5,2.9000000000000004
Hungary,2019,2.7,5.3,4.2,2.6
Hungary,2020,2.5738140189769276,5.3,3.9000000000000004,2.4446404840578677
Hungary,2021,2.4,5.3,3.6,3.4
Hungary,2022,2.1,5.3,3.6,3.1
Hungary,2023,1.8,5.3,3.3,2.8
Iceland,2007,1.0,0.8,1.0,1.3
Iceland,2008,1.0,0.8,1.0,1.3
Iceland,2009,1.0,2.0,1.0,1.4
Iceland,2010,1.1,2.0,1.0,1.5
Iceland,2011,1.0,1.8,1.0,1.9
Iceland,2012,1.3,1.8,1.0,1.9
Iceland,2013,1.0,1.8,1.0,1.6
Iceland,2014,1.3,1.8,1.0,1.9
Iceland,2015,1.0,1.8,1.3,1.7
Iceland,2016,1.2,1.8,1.3,1.4
Iceland,2017,1.0,1.8,1.3,1.2
Iceland,2018,0.8,1.8,1.1,1.0
Iceland,2019,0.7,1.8,1.0,1.0
Iceland,2020,1.0,1.8,0.7,0.7
Iceland,2021,0.7,1.8,0.5,1.2
Iceland,2022,0.4,1.8,0.5,0.9
Iceland,2023,0.4,1.8,0.5,0.9
India,2006,4.5,5.7,6.9,6.7
India,2007,5.0,5.6,7.0,6.7
India,2008,6.6,6.0,7.0,6.7
India,2009,7.1,6.0,7.3,7.0
India,2010,7.6,6.2,7.8,7.2
India,2011,7.8,6.8,8.2,7.2
India,2012,7.5,6.8,7.9,6.9
India,2013,7.8,6.8,8.2,6.7
India,2014,7.9,6.8,7.8,7.0
India,2015,7.9,7.3,8.3,7.5
India,2016,7.6,7.3,8.5,7.6
India,2017,7.4,7.3,8.3,7.4
India,2018,7.1000000000000005,7.3,8.3,7.1000000000000005
India,2019,7.2,7.3,8.0,6.8
India,2020,6.9074325844221764,7.3,8.5,6.5
India,2021,6.6,7.3,8.2,7.5
India,2022,6.3,7.3,8.1,7.6
India,2023,6.0,7.3,8.1,7.3
Indonesia,2006,7.5,7.9,6.3,7.2
Indonesia,2007,7.3,7.2,6.0,7.0
Indonesia,2008,7.1,7.0,5.9,6.7
Indonesia,2009,7.3,7.3,6.3,6.7
Indonesia,2010,7.3,7.1,6.3,6.7
Indonesia,2011,7.1,7.0,6.6,6.5
Indonesia,2012,7.1,7.0,7.1,6.2
Indonesia,2013,6.8,7.0,7.3,6.1
Indonesia,2014,6.5,7.0,7.6,6.0
Indonesia,2015,6.2,7.0,7.3,6.0
Indonesia,2016,5.9,7.0,7.3,6.1
Indonesia,2017,6.2,7.0,7.1,5.9
Indonesia,2018,6.215620449639845,7.0,7.199999999999999,5.6000000000000005
Indonesia,2019,5.9,7.1,7.3,5.3
Indonesia,2020,6.074811132157132,7.1,7.3999999999999995,5.0706936190298215
Indonesia,2021,5.8,7.1,7.1,6.1
Indonesia,2022,5.5,7.1,6.8,6.2
Indonesia,2023,5.2,7.1,6.9,5.9
Iran,2006,8.0,8.8,6.9,6.1
Iran,2007,8.3,8.9,7.1,5.7
Iran,2008,8.5,9.0,7.3,5.8
Iran,2009,8.6,9.1,7.6,6.0
Iran,2010,8.9,9.5,8.1,5.9
Iran,2011,8.6,9.2,8.5,5.6
Iran,2012,8.3,9.3,8.6,5.3
Iran,2013,8.6,9.4,8.8,5.0
Iran,2014,8.3,9.4,8.8,4.8
Iran,2015,8.0,9.4,8.5,5.0
Iran,2016,7.7,9.6,8.8,4.7
Iran,2017,7.5,9.6,9.3,4.5
Iran,2018,7.2,9.6,9.271115167419168,4.2
Iran,2019,6.9,9.6,9.5,3.9
Iran,2020,7.2,9.6,9.59742249523,3.689186156837593
Iran,2021,6.9,9.6,9.3,4.7
Iran,2022,6.6,9.6,9.2,4.4
Iran,2023,7.0,9.6,9.6,4.1
Iraq,2006,9.8,9.7,9.8,8.3
Iraq,2007,10.0,9.8,10.0,8.5
Iraq,2008,9.9,9.8,9.8,8.5
Iraq,2009,9.7,9.6,9.7,8.4
Iraq,2010,9.5,9.6,9.3,8.4
Iraq,2011,9.5,9.6,9.0,8.0
Iraq,2012,9.9,9.6,9.7,7.8
Iraq,2013,10.0,9.6,10.0,7.6
Iraq,2014,10.0,9.6,10.0,7.7
Iraq,2015,10.0,9.6,10.0,7.5
Iraq,2016,10.0,9.6,9.8,7.8
Iraq,2017,10.0,9.6,9.6,8.2
Iraq,2018,8.986362347266178,9.6,9.299999999999999,8.315956480429286
Iraq,2019,8.7,9.6,8.8,8.7
Iraq,2020,8.2,9.6,8.5,8.399999999999999
Iraq,2021,7.9,9.6,8.2,8.9
Iraq,2022,7.8,9.6,7.9,8.6
Iraq,2023,7.5,9.6,8.0,8.3
Ireland,2007,1.0,1.0,1.0,1.8
Ireland,2008,1.0,1.0,1.0,2.0
Ireland,2009,1.1,1.3,1.0,2.3
Ireland,2010,1.4,1.5,1.0,2.4
Ireland,2011,1.6,1.4,1.3,2.2
Ireland,2012,1.7,1.4,1.6,2.2
Ireland,2013,1.8,1.3,1.6,1.9
Ireland,2014,2.1,1.3,1.6,2.2
Ireland,2015,1.8,1.3,1.9,1.9
Ireland,2016,1.8,1.5,1.6,1.6
Ireland,2017,2.1,1.5,1.4,1.4
Ireland,2018,2.4,1.5,1.0999999999999999,1.441695562783806
Ireland,2019,2.7,1.5,1.0,1.4
Ireland,2020,3.0,1.5,0.7,1.4413539224343475
Ireland,2021,2.7,1.5,0.5,2.5
Ireland,2022,2.4,1.5,0.6,2.2
Ireland,2023,2.1,1.5,0.5,1.9
Ireland ,2006,1.0,1.0,1.0,1.3
Israel,2021,2.4,7.9,6.7,1.8
Israel,2022,2.5,8.0,6.8,1.7
Israel,2023,2.6,8.3,7.1,1.6
Israel and West Bank,2006,4.8,7.5,9.0,7.0
Israel and West Bank,2007,5.3,7.2,9.0,7.0
Israel and West Bank,2008,5.5,8.0,9.0,7.2
Israel and West Bank,2009,6.0,8.0,9.3,7.0
Israel and West Bank,2010,6.5,8.2,9.5,6.8
Israel and West Bank,2011,7.0,8.1,9.6,6.5
Israel and West Bank,2012,6.8,8.1,9.5,6.2
Israel and West Bank,2013,7.1,8.1,9.8,5.9
Israel and West Bank,2014,6.8,8.1,9.7,5.6
Israel and West Bank,2015,7.0,8.1,9.7,5.3
Israel and West Bank,2016,7.1,8.1,9.8,5.0
Israel and West Bank,2017,6.9,8.1,10.0,4.8
Israel and West Bank,2018,6.6000000000000005,8.1,9.99896977792008,4.5
Israel and West Bank,2019,6.3,8.1,10.0,4.2
Israel and West Bank,2020,6.0,8.424,9.999971723981794,3.9000000000000004
Italy,2007,2.5,3.2,3.5,2.0
Italy,2008,3.7,3.3,4.0,2.5
Italy,2009,4.0,3.7,4.5,2.8
Italy,2010,4.2,4.0,4.8,3.1
Italy,2011,4.9,4.4,5.3,2.8
Italy,2012,4.9,4.8,5.0,2.7
Italy,2013,5.0,4.8,4.7,2.4
Italy,2014,4.7,4.9,4.6,2.6
Italy,2015,4.4,4.9,4.9,2.3
Italy,2016,4.2,4.9,5.0,2.3
Italy,2017,4.5,4.9,4.8,2.7
Italy,2018,4.8,4.9,4.8,3.0
Italy,2019,5.1,4.9,4.9,3.0
Italy,2020,5.3999999999999995,4.9,4.6000000000000005,2.717240859706761
Italy,2021,5.1,4.9,4.3,3.7
Italy,2022,4.8,4.9,4.0,3.6
Italy,2023,4.5,4.9,3.7,3.9
Italy ,2006,2.5,2.8,3.5,1.5
Jamaica,2007,5.6,3.7,4.3,5.8
Jamaica,2008,5.6,4.0,4.3,6.0
Jamaica,2009,6.0,4.0,4.5,6.4
Jamaica,2010,5.8,4.0,4.5,6.2
Jamaica,2011,6.3,3.7,4.3,5.9
Jamaica,2012,6.2,3.7,4.0,5.6
Jamaica,2013,6.3,3.7,4.0,5.7
Jamaica,2014,6.0,3.7,4.0,5.6
Jamaica,2015,6.3,3.7,3.9,5.8
Jamaica,2016,6.6,3.7,3.6,6.1
Jamaica,2017,6.9,3.7,3.4,6.4
Jamaica,2018,6.840975701424125,3.7,3.1,6.1000000000000005
Jamaica,2019,6.8,3.7,2.8,6.2
Jamaica,2020,6.8794289790388845,3.7,2.5,6.24699581612421
Jamaica,2021,6.6,3.7,2.2,7.2
Jamaica,2022,6.7,3.7,1.9,7.3
Jamaica,2023,7.0,3.7,1.6,7.0
Jamaica ,2006,6.0,3.9,4.5,6.5
Japan,2007,1.0,1.3,3.8,1.2
Japan,2008,2.0,1.7,3.8,1.2
Japan,2009,2.0,2.0,3.8,1.2
Japan,2010,2.1,2.2,3.6,1.3
Japan,2011,2.0,2.6,3.9,1.7
Japan,2012,2.0,2.6,3.8,5.0
Japan,2013,1.7,2.6,3.8,2.5
Japan,2014,1.9,2.6,4.1,2.4
Japan,2015,1.4,2.6,4.2,2.1
Japan,2016,1.3,2.6,3.9,1.8
Japan,2017,1.6,2.6,3.7,2.2
Japan,2018,1.9000000000000001,2.6,3.4000000000000004,1.9000000000000001
Japan,2019,1.6,2.6,3.1,1.6
Japan,2020,1.9000000000000001,2.6,2.8000000000000003,1.3451040076078917
Japan,2021,1.8,2.6,2.5,1.8
Japan,2022,1.5,2.6,2.2,1.5
Japan,2023,1.5,2.6,1.9,1.8
Japan ,2006,1.0,1.3,3.8,1.0
Jordan,2007,6.4,6.5,6.5,5.6
Jordan,2008,6.0,6.5,6.5,5.6
Jordan,2009,6.0,6.5,6.8,5.4
Jordan,2010,5.9,6.5,6.9,5.2
Jordan,2011,6.0,6.3,6.7,4.9
Jordan,2012,5.7,6.3,7.0,4.6
Jordan,2013,5.8,6.8,7.1,4.3
Jordan,2014,5.5,6.9,7.4,5.0
Jordan,2015,5.5,6.9,7.7,4.7
Jordan,2016,5.2,6.9,7.7,4.4
Jordan,2017,5.7,6.9,8.0,4.2
Jordan,2018,5.608645754607222,6.9,8.3,3.9378078070615388
Jordan,2019,5.3,6.9,8.6,3.6
Jordan,2020,5.506529945759103,6.9,8.9,3.816760174400579
Jordan,2021,5.2,6.9,8.6,5.0
Jordan,2022,4.9,6.9,8.3,5.1
Jordan,2023,4.6,6.9,8.2,4.8
Jordan ,2006,6.8,6.6,6.0,5.8
Kazakhstan,2006,6.7,7.7,5.1,6.7
Kazakhstan,2007,6.7,7.7,5.2,6.1
Kazakhstan,2008,6.5,7.8,5.2,5.5
Kazakhstan,2009,6.5,7.6,5.5,5.3
Kazakhstan,2010,6.3,7.6,5.7,5.5
Kazakhstan,2011,6.2,7.7,6.0,5.1
Kazakhstan,2012,6.3,7.7,6.5,5.4
Kazakhstan,2013,6.4,7.7,6.2,5.1
Kazakhstan,2014,6.0,7.6,6.5,4.8
Kazakhstan,2015,5.7,7.6,7.0,4.5
Kazakhstan,2016,5.4,7.6,7.3,4.2
Kazakhstan,2017,5.2,7.6,7.6,4.0
Kazakhstan,2018,4.9,7.6,7.8999999999999995,3.7
Kazakhstan,2019,4.6,7.6,8.1,3.4
Kazakhstan,2020,4.3,7.6,8.219123517238426,3.1
Kazakhstan,2021,4.0,7.6,8.0,4.6
Kazakhstan,2022,3.7,7.6,7.7,4.3
Kazakhstan,2023,4.0,7.9,7.4,4.0
Kenya,2006,7.0,7.6,6.7,7.2
Kenya,2007,7.1,8.2,6.9,7.4
Kenya,2008,7.1,8.4,7.6,7.4
Kenya,2009,8.0,8.8,8.6,8.0
Kenya,2010,7.5,8.7,8.9,8.1
Kenya,2011,7.9,8.8,8.7,7.8
Kenya,2012,7.6,9.0,8.9,8.1
Kenya,2013,8.1,9.0,9.0,8.1
Kenya,2014,8.2,9.3,9.3,8.2
Kenya,2015,8.4,8.9,9.0,7.9
Kenya,2016,8.5,8.9,9.1,8.2
Kenya,2017,8.3,8.9,8.9,8.0
Kenya,2018,8.4,9.612000000000002,8.9,8.296485323543758
Kenya,2019,7.9,9.1,8.6,8.0
Kenya,2020,7.6603465673296975,8.6,8.299999999999999,7.7
Kenya,2021,7.4,8.6,8.0,8.2
Kenya,2022,7.1,8.6,8.0,8.3
Kenya,2023,6.8,8.9,8.0,8.0
Kuwait,2007,5.3,7.6,4.5,3.3
Kuwait,2008,5.1,6.9,4.7,3.3
Kuwait,2009,5.1,7.2,5.1,3.5
Kuwait,2010,4.9,7.2,5.1,3.1
Kuwait,2011,4.5,7.2,4.9,2.9
Kuwait,2012,4.7,7.2,4.6,2.9
Kuwait,2013,4.4,7.9,4.6,2.6
Kuwait,2014,4.2,8.0,4.9,2.8
Kuwait,2015,3.9,7.5,4.7,2.5
Kuwait,2016,4.2,7.5,5.2,2.8
Kuwait,2017,4.2,7.8,4.7,2.6
Kuwait,2018,3.9000000000000004,7.5,4.4,2.3000000000000003
Kuwait,2019,3.6,7.5,4.1,2.0
Kuwait,2020,3.3000000000000003,7.5,3.8,1.8178566503395215
Kuwait,2021,3.0,7.5,4.1,3.3
Kuwait,2022,2.7,7.5,4.4,3.0
Kuwait,2023,2.4,7.5,4.7,2.7
Kuwait ,2006,5.5,7.5,4.5,3.0
Kyrgyz Republic,2006,8.3,7.9,7.0,7.3
Kyrgyz Republic,2007,7.9,7.5,6.8,6.3
Kyrgyz Republic,2008,8.1,7.5,6.8,6.5
Kyrgyz Republic,2009,7.7,7.3,7.2,6.5
Kyrgyz Republic,2010,7.6,7.4,7.4,6.3
Kyrgyz Republic,2011,8.0,8.3,8.3,6.0
Kyrgyz Republic,2012,7.4,8.3,8.4,5.4
Kyrgyz Republic,2013,7.4,8.0,8.4,5.9
Kyrgyz Republic,2014,7.1,8.0,8.2,5.9
Kyrgyz Republic,2015,6.8,8.0,8.4,5.6
Kyrgyz Republic,2016,6.5,8.0,8.6,5.3
Kyrgyz Republic,2017,6.5,8.0,8.4,5.1
Kyrgyz Republic,2018,6.8,8.0,8.1,4.8
Kyrgyz Republic,2019,6.5,8.0,8.1,4.5
Kyrgyz Republic,2020,6.520563901521362,8.0,8.4,4.308799669288177
Kyrgyz Republic,2023,5.6,8.2,7.9,4.7
Kyrgyzstan,2021,6.2,8.3,8.1,5.3
Kyrgyzstan,2022,5.9,8.2,8.2,5.0
Laos,2006,9.0,8.9,6.3,8.0
Laos,2007,8.2,8.6,6.5,8.0
Laos,2008,8.2,8.6,6.8,8.0
Laos,2009,7.6,8.3,7.0,8.0
Laos,2010,7.4,8.5,6.8,8.1
Laos,2011,7.1,8.6,6.5,7.7
Laos,2012,6.9,8.6,6.3,7.4
Laos,2013,6.6,8.3,6.1,7.3
Laos,2014,6.3,8.3,6.0,7.4
Laos,2015,6.0,8.3,6.3,7.7
Laos,2016,5.7,8.3,6.6,7.2
Laos,2017,5.5,8.3,6.6,7.0
Laos,2018,5.2,8.3,6.406548924546851,6.7
Laos,2019,5.0,8.3,6.7,6.4
Laos,2020,4.7,8.3,6.912499602059071,6.1000000000000005
Laos,2021,4.4,8.3,7.2,6.6
Laos,2022,4.1,8.3,7.2,6.4
Laos,2023,3.9,8.3,7.2,6.3
Latvia,2006,2.0,4.1,4.5,4.0
Latvia,2007,2.2,4.4,4.6,4.0
Latvia,2008,3.0,4.4,4.6,4.2
Latvia,2009,2.9,4.3,4.5,4.4
Latvia,2010,3.0,4.3,4.6,4.2
Latvia,2011,3.3,4.3,4.9,3.9
Latvia,2012,3.6,4.3,5.2,3.7
Latvia,2013,3.3,4.3,5.4,3.4
Latvia,2014,3.3,4.3,5.8,3.7
Latvia,2015,3.5,4.3,7.4,3.4
Latvia,2016,3.2,4.3,7.7,3.1
Latvia,2017,3.0,4.3,8.0,2.9
Latvia,2018,2.7,4.3,8.3,2.6
Latvia,2019,3.0,4.3,8.5,2.4
Latvia,2020,2.851488984676797,4.3,8.625858592796266,2.433879883971718
Latvia,2021,2.6,4.3,8.3,3.9
Latvia,2022,2.3,4.3,8.0,3.6
Latvia,2023,2.0,4.3,7.7,3.3
Lebanon,2006,7.5,8.3,7.8,5.0
Lebanon,2007,9.0,8.8,9.0,6.4
Lebanon,2008,9.3,9.4,9.4,6.7
Lebanon,2009,9.1,9.1,9.2,6.2
Lebanon,2010,8.9,8.8,9.0,6.0
Lebanon,2011,8.7,8.8,8.7,5.8
Lebanon,2012,8.4,9.1,8.4,5.5
Lebanon,2013,8.5,9.2,8.5,5.6
Lebanon,2014,8.6,9.3,8.9,5.7
Lebanon,2015,8.8,9.3,8.6,5.4
Lebanon,2016,8.9,9.3,8.7,5.9
Lebanon,2017,8.7,9.3,8.5,5.7
Lebanon,2018,8.399999999999999,9.6,8.2,5.424362451249612
Lebanon,2019,8.1,9.6,8.2,5.1
Lebanon,2020,7.8,9.6,8.22043333917241,4.8
Lebanon,2021,7.5,9.6,7.9,5.8
Lebanon,2022,7.6,9.6,8.0,6.7
Lebanon,2023,7.3,9.6,8.1,6.8
Lesotho,2007,6.2,6.7,5.5,8.9
Lesotho,2008,6.3,6.9,5.6,8.5
Lesotho,2009,5.5,6.9,5.2,8.7
Lesotho,2010,5.9,7.2,5.2,8.5
Lesotho,2011,5.5,7.0,5.0,8.2
Lesotho,2012,5.5,7.0,4.7,8.0
Lesotho,2013,5.2,7.0,4.7,8.2
Lesotho,2014,4.9,7.0,4.7,8.2
Lesotho,2015,5.6,7.3,4.4,8.0
Lesotho,2016,5.9,7.3,4.1,8.3
Lesotho,2017,6.2,7.3,3.9,8.1
Lesotho,2018,6.192950347524725,7.3,3.6,7.8
Lesotho,2019,6.5,7.3,3.3,7.5
Lesotho,2020,6.680287113355039,7.3,3.0,7.2
Lesotho,2021,6.4,7.3,2.7,7.5
Lesotho,2022,6.1,7.3,3.0,7.2
Lesotho,2023,5.8,7.3,3.1,7.2
Liberia,2006,7.3,8.8,7.0,9.0
Liberia,2007,6.9,8.1,6.5,8.6
Liberia,2008,6.7,7.9,6.0,8.5
Liberia,2009,6.9,7.9,6.1,8.5
Liberia,2010,6.7,8.1,6.3,8.5
Liberia,2011,7.3,8.1,6.8,8.8
Liberia,2012,7.0,8.4,6.5,8.8
Liberia,2013,7.1,8.3,6.5,9.1
Liberia,2014,6.8,8.3,6.5,9.3
Liberia,2015,6.9,8.3,6.2,9.7
Liberia,2016,6.6,8.3,6.0,9.5
Liberia,2017,6.4,8.3,5.8,9.3
Liberia,2018,6.660250792477015,8.600000000000001,5.5,9.0
Liberia,2019,6.7,8.3,5.2,8.7
Liberia,2020,6.914197977500817,8.3,4.9,9.0
Liberia,2021,6.6,8.6,4.6,9.5
Liberia,2022,6.3,8.9,4.3,9.0
Liberia,2023,6.8,8.9,4.6,9.1
Libya,2006,5.5,7.9,5.5,4.5
Libya,2007,5.3,8.0,5.6,4.5
Libya,2008,5.6,7.0,5.6,4.5
Libya,2009,5.4,7.1,5.8,4.2
Libya,2010,5.2,7.1,5.8,4.2
Libya,2011,5.9,7.0,6.0,4.3
Libya,2012,9.0,8.0,7.0,7.6
Libya,2013,8.9,8.0,7.4,7.3
Libya,2014,9.2,8.1,7.5,7.4
Libya,2015,9.3,9.1,7.8,7.5
Libya,2016,9.6,9.4,8.3,7.2
Libya,2017,9.6,9.4,8.1,7.0
Libya,2018,9.299999999999999,9.4,7.8,6.7
Libya,2019,9.0,9.7,7.5,6.4
Libya,2020,9.5,9.7,7.8,6.9
Libya,2021,9.6,9.4,7.5,7.4
Libya,2022,9.3,9.1,7.2,7.7
Libya,2023,9.5,9.3,7.3,8.0
Lithuania,2006,2.0,3.0,3.5,4.1
Lithuania,2007,2.0,3.0,3.5,3.7
Lithuania,2008,2.0,3.0,3.9,3.5
Lithuania,2009,2.1,3.0,4.2,3.4
Lithuania,2010,2.2,3.2,4.0,3.2
Lithuania,2011,2.5,2.8,3.7,2.9
Lithuania,2012,2.8,2.8,4.0,3.1
Lithuania,2013,2.5,3.0,3.7,3.4
Lithuania,2014,2.7,3.0,4.0,3.7
Lithuania,2015,3.0,3.0,4.3,4.0
Lithuania,2016,3.1,3.0,4.6,3.7
Lithuania,2017,3.1,3.0,4.4,3.5
Lithuania,2018,2.88421247355877,3.0,4.1000000000000005,3.2
Lithuania,2019,2.8,3.0,3.8,2.9
Lithuania,2020,3.0999999999999996,3.0,3.5975439132259592,2.673346930143076
Lithuania,2021,2.8,3.0,3.3,3.7
Lithuania,2022,2.5,3.0,3.0,4.0
Lithuania,2023,2.2,3.0,2.7,3.7
Luxembourg,2007,2.0,3.0,3.7,2.6
Luxembourg,2008,2.0,3.0,3.7,2.6
Luxembourg,2009,2.0,3.6,3.2,2.4
Luxembourg,2010,2.1,3.6,3.2,2.2
Luxembourg,2011,2.3,3.4,2.8,1.9
Luxembourg,2012,2.3,3.4,2.8,1.6
Luxembourg,2013,2.3,3.4,2.8,1.3
Luxembourg,2014,2.3,3.4,2.8,1.6
Luxembourg,2015,2.0,3.4,3.1,1.3
Luxembourg,2016,1.9,3.4,3.1,2.3
Luxembourg,2017,1.7,3.4,3.1,2.1
Luxembourg,2018,1.4,3.4,2.8000000000000003,1.8
Luxembourg,2019,1.3,3.4,2.7,1.7
Luxembourg,2020,1.0,3.4,2.4000000000000004,1.4
Luxembourg,2021,0.7,3.4,2.1,1.9
Luxembourg,2022,0.4,3.4,1.8,1.6
Luxembourg,2023,0.4,3.4,1.5,1.3
Macedonia,2007,6.1,6.4,7.1,5.1
Macedonia,2008,5.8,6.6,7.4,5.1
Macedonia,2009,5.8,6.7,7.5,4.8
Macedonia,2010,5.6,6.5,7.6,4.6
Macedonia,2011,6.0,6.7,7.4,4.2
Macedonia,2012,5.7,6.7,7.6,4.2
Macedonia,2013,6.0,7.0,7.8,3.9
Macedonia,2014,5.7,7.0,7.3,4.1
Macedonia,2015,5.4,7.0,7.0,4.4
Macedonia,2016,5.7,7.3,7.1,4.1
Macedonia,2017,5.6,7.3,6.9,3.9
Macedonia,2018,5.3,7.3,6.6000000000000005,3.797157892706582
Macedonia,2019,5.3,7.3,6.6,3.9
Macedonia,2020,5.0,7.3,6.3,3.8308638467505323
Macedonia,2023,4.1,7.3,5.4,4.2
Macedonia ,2006,6.1,6.2,7.1,5.6
Madagascar,2007,6.1,6.7,5.1,8.7
Madagascar,2008,5.8,7.0,5.1,8.7
Madagascar,2009,5.9,7.1,5.6,8.8
Madagascar,2010,6.4,7.7,5.4,8.6
Madagascar,2011,6.8,8.0,5.2,8.6
Madagascar,2012,6.9,7.8,5.2,8.3
Madagascar,2013,7.0,7.5,4.9,8.6
Madagascar,2014,6.8,7.6,4.9,8.8
Madagascar,2015,7.1,7.6,4.6,9.1
Madagascar,2016,7.3,7.8,4.3,9.3
Madagascar,2017,7.1,7.8,4.1,9.1
Madagascar,2018,7.199999999999999,7.8,3.8,8.87784915324177
Madagascar,2019,6.9,7.8,3.5,8.6
Madagascar,2020,6.6000000000000005,7.8,3.2,8.299999999999999
Madagascar,2021,6.3,7.8,3.3,8.7
Madagascar,2022,6.0,7.8,3.6,8.8
Madagascar,2023,5.7,7.8,3.8,9.3
Malawi,2006,5.5,6.7,6.0,9.0
Malawi,2007,5.4,7.5,6.0,9.0
Malawi,2008,5.4,7.6,6.0,9.0
Malawi,2009,5.6,7.8,5.9,8.8
Malawi,2010,5.4,7.8,6.2,8.6
Malawi,2011,5.2,7.6,6.0,8.2
Malawi,2012,5.1,7.6,5.7,7.9
Malawi,2013,5.0,7.6,5.7,8.2
Malawi,2014,5.1,7.7,5.7,8.1
Malawi,2015,4.8,7.7,5.4,7.8
Malawi,2016,4.5,7.7,5.1,8.1
Malawi,2017,4.8,8.1,5.6,8.6
Malawi,2018,4.5,8.1,5.6,8.299999999999999
Malawi,2019,4.8,8.1,5.3,8.0
Malawi,2020,5.1,8.1,5.0,7.874438245253028
Malawi,2021,4.8,8.4,4.7,8.2
Malawi,2022,4.5,8.7,4.4,8.5
Malawi,2023,4.2,8.7,4.1,8.2
Malaysia,2006,6.2,5.5,5.5,5.8
Malaysia,2007,6.3,5.3,5.5,5.4
Malaysia,2008,6.3,5.7,5.9,5.1
Malaysia,2009,6.1,6.1,6.2,5.2
Malaysia,2010,5.9,6.3,6.6,5.0
Malaysia,2011,6.0,6.4,6.7,5.1
Malaysia,2012,6.3,6.8,6.4,4.8
Malaysia,2013,6.0,6.8,6.1,4.5
Malaysia,2014,6.5,7.0,6.2,4.6
Malaysia,2015,6.8,6.5,6.2,4.7
Malaysia,2016,6.5,6.8,6.7,4.4
Malaysia,2017,6.3,6.8,6.5,4.2
Malaysia,2018,6.0,6.8,6.2,3.9000000000000004
Malaysia,2019,5.8,6.8,6.0,3.6
Malaysia,2020,5.6618955250913965,6.8,5.7,3.3000000000000003
Malaysia,2021,5.4,6.8,5.4,4.3
Malaysia,2022,5.1,6.8,5.1,4.0
Malaysia,2023,4.8,6.8,4.8,3.7
Maldives,2007,6.1,7.2,4.9,7.1
Maldives,2008,6.3,7.6,4.9,7.1
Maldives,2009,6.3,7.4,5.2,7.3
Maldives,2010,6.1,7.4,5.2,7.1
Maldives,2011,5.7,7.6,4.9,6.9
Maldives,2012,5.7,7.6,4.9,6.6
Maldives,2013,5.8,8.0,4.9,6.7
Maldives,2014,5.8,8.3,4.9,6.4
Maldives,2015,6.1,7.8,4.6,6.1
Maldives,2016,6.6,8.0,4.8,5.8
Maldives,2017,6.4,8.0,4.8,5.6
Maldives,2018,6.1000000000000005,8.3,4.5,5.5
Maldives,2019,5.8,8.6,4.2,5.2
Maldives,2020,5.8,8.1,3.9000000000000004,4.9
Maldives,2021,5.5,8.1,4.0,5.4
Maldives,2022,5.2,8.1,3.7,5.1
Maldives,2023,4.9,8.1,3.4,5.4
Mali,2007,4.8,3.7,6.1,8.6
Mali,2008,5.9,3.7,6.1,8.6
Mali,2009,6.5,4.0,6.5,8.4
Mali,2010,7.0,4.0,6.3,8.5
Mali,2011,7.1,4.5,6.0,8.2
Mali,2012,7.1,4.5,6.0,8.0
Mali,2013,8.1,5.0,7.6,8.5
Mali,2014,8.0,4.9,7.5,8.6
Mali,2015,8.7,4.9,7.6,9.0
Mali,2016,9.2,5.2,7.9,9.0
Mali,2017,9.0,4.9,7.4,8.8
Mali,2018,9.3,5.4,7.9,8.509775995009985
Mali,2019,9.5,5.4,8.1,8.5
Mali,2020,9.5,5.7,8.4,8.8
Mali,2021,9.6,6.2,8.1,9.1
Mali,2022,9.7,7.2,8.2,8.9
Mali,2023,9.6,7.2,8.5,8.9
Mali ,2006,4.5,3.5,6.0,8.6
Malta,2007,4.5,1.6,3.9,3.3
Malta,2008,4.3,1.6,3.9,3.4
Malta,2009,4.0,1.7,4.0,3.5
Malta,2010,4.0,2.0,4.2,3.2
Malta,2011,3.7,2.0,4.0,2.9
Malta,2012,3.7,2.0,4.0,2.6
Malta,2013,3.7,2.0,4.0,2.3
Malta,2014,3.7,2.0,4.0,2.6
Malta,2015,3.4,2.0,3.9,2.3
Malta,2016,3.3,2.0,3.9,2.2
Malta,2017,3.6,2.0,3.9,2.0
Malta,2018,3.3000000000000003,2.0,3.6,1.7
Malta,2019,3.0,2.0,3.3,1.5
Malta,2020,2.7,2.0,3.0,1.4227660588297515
Malta,2021,2.4,2.0,2.7,2.4
Malta,2022,2.1,2.0,2.4,2.1
Malta,2023,1.8,2.0,2.1,1.8
Mauritania,2006,7.6,7.9,8.5,8.2
Mauritania,2007,7.4,7.9,8.0,8.1
Mauritania,2008,7.2,7.6,8.0,8.1
Mauritania,2009,7.9,8.0,8.2,8.5
Mauritania,2010,7.9,7.9,8.0,8.3
Mauritania,2011,7.9,7.9,7.8,7.9
Mauritania,2012,7.7,8.1,7.5,7.9
Mauritania,2013,7.8,8.2,7.2,8.4
Mauritania,2014,7.7,8.5,7.2,8.6
Mauritania,2015,7.4,8.8,6.9,8.9
Mauritania,2016,7.1,8.8,7.2,9.2
Mauritania,2017,6.9,8.8,7.0,9.0
Mauritania,2018,6.6000000000000005,8.8,6.7,8.767038339956763
Mauritania,2019,6.3,8.8,7.0,8.6
Mauritania,2020,6.6,8.8,7.3,8.390647077647277
Mauritania,2021,6.3,8.8,7.3,8.7
Mauritania,2022,6.0,8.8,7.3,8.6
Mauritania,2023,5.7,8.8,7.6,8.4
Mauritius,2007,3.5,3.0,3.5,4.4
Mauritius,2008,3.5,3.0,3.5,4.1
Mauritius,2009,3.6,3.3,3.5,4.4
Mauritius,2010,3.7,3.3,3.5,4.2
Mauritius,2011,3.6,3.2,3.5,3.9
Mauritius,2012,3.6,3.2,3.5,3.9
Mauritius,2013,3.3,3.2,3.5,3.8
Mauritius,2014,3.1,3.2,3.5,4.1
Mauritius,2015,2.8,3.2,3.8,3.8
Mauritius,2016,2.5,3.2,3.8,3.5
Mauritius,2017,2.3,3.2,3.6,3.3
Mauritius,2018,1.9999999999999998,3.2,3.46692672330755,3.0
Mauritius,2019,1.7,3.2,3.8,2.9
Mauritius,2020,1.5039479205735793,3.2,4.1,2.7128088227656093
Mauritius,2021,1.2,3.2,4.4,3.2
Mauritius,2022,1.1,3.1,4.7,3.1
Mauritius,2023,1.0,3.1,5.0,3.1
Mauritius ,2006,4.0,3.0,3.5,4.5
Mexico,2006,6.0,4.7,6.1,6.0
Mexico,2007,6.1,4.8,6.1,5.7
Mexico,2008,5.8,4.8,5.8,5.7
Mexico,2009,7.0,5.0,5.9,6.0
Mexico,2010,7.5,5.5,5.8,5.8
Mexico,2011,7.9,5.2,6.1,5.8
Mexico,2012,7.7,5.2,5.8,6.1
Mexico,2013,7.9,5.2,6.1,6.6
Mexico,2014,7.6,5.1,6.1,6.3
Mexico,2015,8.0,5.1,6.4,6.8
Mexico,2016,8.0,5.1,6.7,6.5
Mexico,2017,8.4,5.4,7.2,6.8
Mexico,2018,8.5,5.4,6.9,6.5
Mexico,2019,8.8,5.4,6.6,6.2
Mexico,2020,8.8,5.4,6.3,5.9
Mexico,2021,8.5,5.4,6.3,6.9
Mexico,2022,8.6,5.9,6.4,6.6
Mexico,2023,8.3,5.9,6.1,6.3
Micronesia,2007,6.0,5.4,5.0,7.1
Micronesia,2008,5.7,5.4,5.0,7.2
Micronesia,2009,5.3,5.5,4.5,6.8
Micronesia,2010,5.1,5.5,4.5,6.6
Micronesia,2011,5.4,5.6,4.2,6.9
Micronesia,2012,5.4,5.6,4.2,6.6
Micronesia,2013,5.4,5.6,4.2,6.3
Micronesia,2014,5.4,5.6,4.2,6.0
Micronesia,2015,5.1,5.6,4.0,5.7
Micronesia,2016,4.8,5.6,4.0,6.2
Micronesia,2017,4.6,5.6,4.0,6.0
Micronesia,2018,4.3,5.6,3.7,5.7
Micronesia,2019,4.0,5.6,3.7,5.4
Micronesia,2020,4.0,5.6,3.7,5.640305681759539
Micronesia,2021,3.7,5.6,3.7,6.7
Micronesia,2022,3.4,5.6,3.7,6.5
Micronesia,2023,3.1,5.6,3.7,6.2
Moldova,2006,5.5,6.8,7.3,7.0
Moldova,2007,6.3,7.5,7.3,7.1
Moldova,2008,6.5,7.7,7.3,7.0
Moldova,2009,8.0,8.0,7.1,6.7
Moldova,2010,7.8,8.0,6.9,6.7
Moldova,2011,7.8,8.0,6.6,6.3
Moldova,2012,7.5,8.0,6.3,6.0
Moldova,2013,7.2,7.7,6.0,5.7
Moldova,2014,6.9,7.8,6.2,5.4
Moldova,2015,6.6,7.8,6.5,5.4
Moldova,2016,6.3,8.3,7.0,5.1
Moldova,2017,6.1,8.3,7.3,4.9
Moldova,2018,5.8,8.3,7.314764946694693,4.7427387249033925
Moldova,2019,5.5,8.3,7.0,4.5
Moldova,2020,5.373892370374437,8.3,6.7,4.7060704179532
Moldova,2021,5.1,8.3,6.4,5.2
Moldova,2022,4.8,7.8,6.1,4.9
Moldova,2023,4.5,7.8,5.8,4.6
Mongolia,2007,4.8,4.9,4.1,5.3
Mongolia,2008,4.8,4.7,4.1,5.3
Mongolia,2009,5.0,5.7,4.3,5.5
Mongolia,2010,4.8,5.3,4.3,5.3
Mongolia,2011,5.0,5.5,4.0,5.6
Mongolia,2012,4.7,5.5,3.7,5.6
Mongolia,2013,4.4,5.5,3.7,5.7
Mongolia,2014,4.3,5.5,4.0,6.0
Mongolia,2015,4.0,5.5,4.3,5.7
Mongolia,2016,3.7,5.5,4.0,5.6
Mongolia,2017,3.6,5.5,3.8,5.4
Mongolia,2018,3.3000000000000003,5.5,3.5,5.1000000000000005
Mongolia,2019,3.2,5.5,3.2,4.8
Mongolia,2020,3.215392633825828,5.5,2.9000000000000004,4.720149372556243
Mongolia,2021,2.9,5.5,2.6,5.2
Mongolia,2022,2.6,5.5,2.4,4.9
Mongolia,2023,2.9,5.5,2.3,4.8
Mongolia ,2006,4.7,5.0,4.1,5.3
Montenegro,2007,4.8,6.0,5.8,3.6
Montenegro,2008,4.6,6.0,6.1,3.6
Montenegro,2009,4.7,6.0,6.4,4.0
Montenegro,2010,4.5,5.9,6.6,3.8
Montenegro,2011,4.8,6.2,6.4,3.6
Montenegro,2012,4.9,6.2,6.5,3.9
Montenegro,2013,4.6,6.2,6.5,3.6
Montenegro,2014,4.3,6.3,7.0,3.9
Montenegro,2015,4.0,6.3,7.3,3.6
Montenegro,2016,3.7,6.5,7.6,3.3
Montenegro,2017,4.0,6.5,7.9,3.1
Montenegro,2018,4.3,6.5,8.200000000000001,3.1954300850375925
Montenegro,2019,4.6,6.5,8.5,3.3
Montenegro,2020,4.8999999999999995,6.5,9.0,3.362947338053411
Montenegro,2021,4.6,6.5,9.1,4.4
Montenegro,2022,4.3,6.5,9.2,4.1
Montenegro,2023,4.0,6.5,9.3,3.8
Morocco,2006,5.6,5.5,6.9,5.7
Morocco,2007,5.2,5.4,6.8,6.0
Morocco,2008,5.1,5.7,6.8,6.0
Morocco,2009,5.1,6.2,6.8,6.5
Morocco,2010,5.4,6.2,6.6,6.6
Morocco,2011,5.9,6.3,6.4,6.6
Morocco,2012,6.6,6.6,6.8,6.2
Morocco,2013,6.3,6.6,6.5,5.9
Morocco,2014,6.0,6.6,6.8,5.9
Morocco,2015,5.7,6.6,7.1,5.7
Morocco,2016,5.4,6.6,7.4,5.4
Morocco,2017,5.8,6.6,7.7,5.2
Morocco,2018,5.5,6.6,8.2,4.9
Morocco,2019,5.2,6.6,8.5,4.8
Morocco,2020,5.2143071702518835,6.6,8.8,4.604162635206544
Morocco,2021,4.9,6.6,8.5,5.1
Morocco,2022,4.6,6.6,8.6,5.4
Morocco,2023,4.3,6.6,8.3,5.1
Mozambique,2006,5.5,5.5,4.5,8.0
Mozambique,2007,5.9,5.6,4.7,8.0
Mozambique,2008,5.8,5.6,4.7,8.0
Mozambique,2009,6.0,5.6,4.8,8.9
Mozambique,2010,6.2,5.4,4.8,8.9
Mozambique,2011,7.1,5.6,4.6,8.6
Mozambique,2012,6.8,5.6,4.9,8.3
Mozambique,2013,6.5,5.6,4.9,8.5
Mozambique,2014,6.6,6.6,5.4,8.7
Mozambique,2015,7.0,6.9,5.9,9.0
Mozambique,2016,6.7,6.9,5.6,9.2
Mozambique,2017,6.7,6.6,5.4,9.7
Mozambique,2018,6.726179737340116,6.6,5.1000000000000005,9.399999999999999
Mozambique,2019,6.7,6.6,5.6,9.1
Mozambique,2020,6.849035223109384,7.1,5.3,9.373286883147546
Mozambique,2021,7.3,6.6,5.8,9.9
Mozambique,2022,7.3,6.3,6.9,9.6
Mozambique,2023,7.0,6.3,7.4,9.7
Myanmar,2006,9.0,8.0,9.0,8.2
Myanmar,2007,9.0,8.2,9.1,8.3
Myanmar,2008,9.3,8.7,9.5,8.3
Myanmar,2009,8.4,8.7,8.9,9.0
Myanmar,2010,8.2,8.2,8.7,8.5
Myanmar,2011,8.5,8.3,8.7,8.3
Myanmar,2012,7.5,8.6,8.7,8.4
Myanmar,2013,7.8,8.6,9.0,8.1
Myanmar,2014,8.0,8.6,9.3,8.3
Myanmar,2015,8.3,8.3,9.7,8.6
Myanmar,2016,8.4,8.6,9.9,8.7
Myanmar,2017,8.9,8.3,9.7,8.5
Myanmar,2018,9.0,8.3,9.799999999999999,8.6
Myanmar,2019,8.7,8.0,9.8,8.3
Myanmar,2020,8.799999999999999,8.0,9.8,8.4
Myanmar,2021,8.9,8.3,9.9,8.9
Myanmar,2022,9.0,9.0,9.6,9.0
Myanmar,2023,9.1,9.0,9.7,9.1
Namibia,2007,5.5,3.2,5.4,7.5
Namibia,2008,5.5,3.2,5.4,7.1
Namibia,2009,5.8,3.6,5.8,7.1
Namibia,2010,5.6,3.7,5.6,6.9
Namibia,2011,5.5,3.5,5.3,6.7
Namibia,2012,5.2,3.5,5.6,6.6
Namibia,2013,4.9,3.5,5.3,6.7
Namibia,2014,4.6,3.5,5.6,7.0
Namibia,2015,4.9,3.5,5.9,7.3
Namibia,2016,5.2,3.5,6.0,7.6
Namibia,2017,5.5,3.5,5.8,7.4
Namibia,2018,5.2,3.5,5.5,7.1000000000000005
Namibia,2019,5.1,3.5,5.2,6.8
Namibia,2020,5.0844581725986,3.5,4.9,7.1
Namibia,2021,4.8,3.5,4.6,7.4
Namibia,2022,4.5,3.5,4.3,7.5
Namibia,2023,4.2,3.5,4.2,7.2
Namibia ,2006,5.5,3.5,5.5,7.8
Nepal,2006,9.0,9.0,9.2,6.2
Nepal,2007,8.3,8.5,8.9,6.6
Nepal,2008,8.5,8.3,9.0,7.0
Nepal,2009,8.1,8.4,8.7,7.4
Nepal,2010,7.7,8.5,9.2,7.6
Nepal,2011,7.8,8.0,9.0,7.7
Nepal,2012,7.5,8.2,9.0,7.4
Nepal,2013,7.6,8.2,9.0,7.3
Nepal,2014,7.3,8.3,9.0,7.4
Nepal,2015,7.0,8.3,9.1,7.1
Nepal,2016,6.7,8.3,9.5,7.4
Nepal,2017,6.5,8.8,9.4,7.2
Nepal,2018,6.2,8.8,9.59837836653636,6.9
Nepal,2019,5.9,8.8,9.7,6.6
Nepal,2020,5.6000000000000005,8.8,9.748870493625386,6.3
Nepal,2021,5.3,8.8,9.4,7.3
Nepal,2022,5.0,8.8,9.1,7.4
Nepal,2023,5.5,8.8,8.8,7.1
Netherlands,2007,1.0,1.0,4.8,1.4
Netherlands,2008,1.0,1.0,4.9,1.4
Netherlands,2009,1.0,1.4,4.7,1.4
Netherlands,2010,1.1,1.7,4.7,1.5
Netherlands,2011,1.4,2.4,4.4,1.7
Netherlands,2012,1.7,2.4,4.1,1.8
Netherlands,2013,1.8,2.6,4.1,1.5
Netherlands,2014,2.1,2.6,4.1,1.8
Netherlands,2015,1.8,2.6,3.9,1.5
Netherlands,2016,1.7,3.1,4.4,1.2
Netherlands,2017,1.5,3.1,4.5,1.0
Netherlands,2018,1.8,3.4,4.5,0.7984181980249936
Netherlands,2019,2.1,3.4,4.2,0.8
Netherlands,2020,2.4,3.4,3.9000000000000004,0.7848544712076913
Netherlands,2021,2.2,3.4,3.6,1.3
Netherlands,2022,2.1,3.4,3.3,1.0
Netherlands,2023,1.8,3.4,3.0,1.0
Netherlands ,2006,1.0,1.0,4.8,1.0
New Zealand,2007,1.0,1.0,2.0,1.4
New Zealand,2008,1.0,1.0,2.9,1.4
New Zealand,2009,1.0,1.2,3.2,1.4
New Zealand,2010,1.1,1.2,3.3,1.6
New Zealand,2011,1.1,1.1,3.5,1.9
New Zealand,2012,1.4,1.1,3.8,2.1
New Zealand,2013,1.1,1.1,3.5,1.8
New Zealand,2014,1.4,1.1,3.8,2.1
New Zealand,2015,1.1,1.1,4.1,1.9
New Zealand,2016,1.4,1.1,3.8,1.6
New Zealand,2017,1.2,1.4,3.6,1.4
New Zealand,2018,1.5,1.4,3.3000000000000003,1.0999999999999999
New Zealand,2019,1.4,1.4,3.2,1.0
New Zealand,2020,1.5,1.4,2.9000000000000004,0.8798962913846734
New Zealand,2021,1.4,1.4,2.6,1.4
New Zealand,2022,1.7,1.4,2.3,1.2
New Zealand,2023,1.6,1.4,2.0,1.1
New Zealand ,2006,1.0,1.0,2.0,1.0
Nicaragua,2007,6.5,7.2,6.4,7.0
Nicaragua,2008,6.5,7.1,6.5,7.5
Nicaragua,2009,6.5,7.2,6.3,7.8
Nicaragua,2010,6.5,7.0,6.3,7.6
Nicaragua,2011,6.2,6.8,6.0,7.3
Nicaragua,2012,5.9,6.8,6.2,7.0
Nicaragua,2013,5.6,6.8,5.9,6.8
Nicaragua,2014,5.3,6.8,6.2,6.9
Nicaragua,2015,5.6,6.8,6.5,7.2
Nicaragua,2016,5.7,7.1,6.7,6.9
Nicaragua,2017,5.6,7.1,6.5,6.7
Nicaragua,2018,5.3,7.1,6.2,6.453906944957316
Nicaragua,2019,5.8,7.1,5.9,6.2
Nicaragua,2020,6.1,7.1,5.6000000000000005,5.9273740048071915
Nicaragua,2021,5.8,7.1,5.9,6.4
Nicaragua,2022,5.9,7.1,5.7,6.6
Nicaragua,2023,5.6,7.1,5.6,6.5
Nicaragua ,2006,6.5,7.0,6.4,7.2
Niger,2007,6.7,6.0,8.9,8.8
Niger,2008,7.5,6.7,9.2,9.1
Niger,2009,7.4,7.1,8.5,9.5
Niger,2010,7.3,7.6,8.0,9.7
Niger,2011,8.0,8.6,7.8,9.5
Niger,2012,8.2,8.6,7.7,9.2
Niger,2013,8.3,8.9,7.8,9.5
Niger,2014,8.4,8.9,7.5,9.3
Niger,2015,8.7,8.9,7.5,9.3
Niger,2016,8.9,8.9,7.7,9.2
Niger,2017,8.7,8.9,8.0,9.5
Niger,2018,8.399999999999999,8.9,7.7,9.424507727583958
Niger,2019,8.7,8.9,7.7,9.3
Niger,2020,8.799999999999999,8.9,7.8,9.196186164435042
Niger,2021,8.9,9.3,7.5,9.7
Niger,2022,8.6,9.6,7.6,9.6
Niger,2023,8.3,9.6,7.7,9.5
Niger ,2006,6.7,6.0,8.5,8.5
Nigeria,2006,9.2,9.0,9.1,8.3
Nigeria,2007,9.2,9.5,9.5,8.7
Nigeria,2008,9.2,9.3,9.4,8.7
Nigeria,2009,9.4,9.6,9.7,9.0
Nigeria,2010,9.3,9.4,9.5,9.1
Nigeria,2011,9.1,9.5,9.6,9.0
Nigeria,2012,9.2,9.8,9.7,9.1
Nigeria,2013,9.5,9.4,9.8,9.3
Nigeria,2014,9.5,9.5,9.8,9.0
Nigeria,2015,9.9,9.8,9.9,9.1
Nigeria,2016,9.7,9.9,9.4,9.4
Nigeria,2017,9.2,9.6,9.2,9.2
Nigeria,2018,8.899999999999999,9.6,9.299999999999999,8.899999999999999
Nigeria,2019,9.0,9.9,9.4,8.9
Nigeria,2020,8.7,9.9,9.1,8.8689514970993
Nigeria,2021,8.8,9.6,8.8,9.3
Nigeria,2022,8.9,9.3,8.9,9.1
Nigeria,2023,9.0,9.6,8.6,8.8
North Korea,2006,8.3,8.0,7.2,9.5
North Korea,2007,8.3,7.9,7.2,9.5
North Korea,2008,8.3,7.6,7.2,9.6
North Korea,2009,8.3,7.8,7.2,9.6
North Korea,2010,8.1,7.8,7.2,9.6
North Korea,2011,8.1,7.4,6.9,9.3
North Korea,2012,8.1,7.7,6.6,9.4
North Korea,2013,8.4,7.7,6.6,9.5
North Korea,2014,8.5,8.2,6.6,9.2
North Korea,2015,8.6,8.5,6.3,8.9
North Korea,2016,8.5,8.5,6.0,8.8
North Korea,2017,8.3,8.5,5.8,8.6
North Korea,2018,8.3,8.8,5.8,8.6
North Korea,2019,8.3,8.5,5.8,8.6
North Korea,2020,8.3,8.5,5.5,8.299999999999999
North Korea,2021,8.0,8.8,5.2,8.6
North Korea,2022,7.7,9.2,4.9,8.3
North Korea,2023,7.4,9.2,4.6,8.0
North Macedonia,2021,4.7,7.3,6.0,4.8
North Macedonia,2022,4.4,7.3,5.7,4.5
Norway,2007,1.0,1.0,1.0,1.3
Norway,2008,1.0,1.0,1.0,1.3
Norway,2009,1.1,1.1,1.3,1.3
Norway,2010,1.2,1.1,1.3,1.1
Norway,2011,1.2,1.2,1.3,1.4
Norway,2012,3.0,1.2,3.6,1.7
Norway,2013,2.7,1.1,3.6,1.4
Norway,2014,2.8,1.1,3.7,1.7
Norway,2015,2.5,1.1,3.7,1.4
Norway,2016,2.2,1.1,3.8,1.1
Norway,2017,2.0,1.1,3.6,1.0
Norway,2018,1.8,1.1,3.4,0.8
Norway,2019,2.1,1.1,3.3,0.8
Norway,2020,1.8,1.1,3.5999999999999996,1.1
Norway,2021,1.8,1.1,3.3,1.6
Norway,2022,1.5,1.1,3.4,1.3
Norway,2023,1.4,1.1,3.1,1.0
Norway ,2006,1.0,1.0,1.0,1.0
Oman,2007,5.3,7.1,3.0,4.2
Oman,2008,5.3,6.9,3.0,4.4
Oman,2009,5.0,6.6,3.0,4.5
Oman,2010,5.2,6.6,3.0,4.5
Oman,2011,5.3,6.3,3.0,4.4
Oman,2012,5.6,6.6,2.7,4.7
Oman,2013,5.3,6.6,2.7,4.4
Oman,2014,5.0,6.6,2.7,4.1
Oman,2015,4.7,6.6,3.0,3.8
Oman,2016,4.4,6.6,3.1,3.7
Oman,2017,4.2,6.6,2.9,3.5
Oman,2018,3.9000000000000004,6.6,2.6,3.2
Oman,2019,3.6,6.6,2.3,2.9
Oman,2020,3.3000000000000003,6.6,1.9999999999999998,2.682714517277864
Oman,2021,3.0,6.6,2.3,3.7
Oman,2022,2.7,6.6,2.6,3.4
Oman,2023,2.4,6.6,2.9,3.1
Oman ,2006,5.5,7.5,3.0,3.5
Pakistan,2006,9.1,9.1,8.6,7.5
Pakistan,2007,9.5,9.5,9.0,7.1
Pakistan,2008,9.6,9.8,9.5,7.1
Pakistan,2009,9.5,9.6,9.6,7.5
Pakistan,2010,9.7,9.5,9.4,7.3
Pakistan,2011,9.4,9.1,9.3,7.3
Pakistan,2012,9.3,9.1,9.6,7.0
Pakistan,2013,9.8,9.2,9.7,7.3
Pakistan,2014,9.9,9.5,10.0,7.6
Pakistan,2015,9.6,9.2,10.0,7.9
Pakistan,2016,9.3,8.9,9.7,8.2
Pakistan,2017,9.1,8.9,10.0,7.7
Pakistan,2018,8.799999999999999,8.9,9.7,7.932738561542715
Pakistan,2019,8.5,9.3,9.4,8.0
Pakistan,2020,8.2,9.0,9.1,7.7
Pakistan,2021,7.9,9.0,8.8,8.0
Pakistan,2022,7.9,9.0,8.9,7.7
Pakistan,2023,7.6,9.3,9.0,7.5
Palestine,2021,6.0,8.9,5.0,4.2
Palestine,2022,6.1,8.9,5.3,3.9
Palestine,2023,7.9,8.6,5.8,4.4
Panama,2007,5.0,2.9,4.4,5.6
Panama,2008,5.0,2.9,4.4,5.4
Panama,2009,5.1,3.0,4.6,5.5
Panama,2010,5.2,3.0,4.4,5.5
Panama,2011,5.7,2.5,4.6,5.2
Panama,2012,5.4,2.5,4.9,5.1
Panama,2013,5.1,2.5,5.0,5.0
Panama,2014,4.8,2.5,5.3,5.2
Panama,2015,5.1,2.5,5.6,5.5
Panama,2016,5.4,2.5,5.3,5.3
Panama,2017,5.4,2.2,5.6,4.8
Panama,2018,5.512953766211282,2.2,5.606140214410173,4.56966850324787
Panama,2019,5.2,2.2,5.6,4.4
Panama,2020,5.5,2.2,5.578636093788422,4.4279602431542
Panama,2021,5.2,2.2,5.6,5.4
Panama,2022,4.9,2.2,5.9,5.1
Panama,2023,4.6,2.7,6.2,4.9
Panama ,2006,5.3,3.0,4.5,5.8
Papua New Guinea,2007,7.0,6.7,8.0,7.8
Papua New Guinea,2008,7.0,6.7,8.0,7.8
Papua New Guinea,2009,6.7,7.1,7.3,8.1
Papua New Guinea,2010,6.5,7.1,7.1,8.3
Papua New Guinea,2011,6.6,7.1,6.9,8.7
Papua New Guinea,2012,6.3,7.1,6.9,8.6
Papua New Guinea,2013,6.6,7.1,6.6,8.9
Papua New Guinea,2014,6.4,7.1,6.6,9.0
Papua New Guinea,2015,6.9,7.1,6.3,8.7
Papua New Guinea,2016,7.2,7.1,6.5,9.2
Papua New Guinea,2017,7.2,7.1,6.3,9.0
Papua New Guinea,2018,6.9091279323967925,7.1,6.0,9.10646366643053
Papua New Guinea,2019,6.7,7.1,5.7,9.1
Papua New Guinea,2020,7.0,7.1,5.4,9.183661410297951
Papua New Guinea,2021,6.7,7.1,5.1,9.3
Papua New Guinea,2022,6.4,7.1,4.8,9.4
Papua New Guinea,2023,6.5,7.1,4.5,9.4
Papua New Guinea ,2006,7.0,6.7,8.0,8.0
Paraguay,2006,4.5,7.5,6.2,6.8
Paraguay,2007,4.3,7.5,6.2,6.5
Paraguay,2008,5.0,7.7,6.2,6.0
Paraguay,2009,5.3,7.5,6.5,6.0
Paraguay,2010,5.9,7.5,6.3,5.8
Paraguay,2011,6.4,7.7,6.5,5.5
Paraguay,2012,6.1,7.7,6.2,5.8
Paraguay,2013,6.1,7.9,6.5,6.1
Paraguay,2014,6.2,7.8,6.2,6.4
Paraguay,2015,6.5,7.8,5.9,6.7
Paraguay,2016,6.8,7.8,6.0,6.4
Paraguay,2017,6.6,7.8,5.8,6.2
Paraguay,2018,6.302589396422663,7.8,5.5,5.9
Paraguay,2019,6.2,7.8,5.2,5.6
Paraguay,2020,6.242424227358593,7.8,4.9,5.3
Paraguay,2021,6.3,7.8,4.6,6.3
Paraguay,2022,6.0,7.8,4.7,6.0
Paraguay,2023,5.7,7.8,4.7,5.7
Peru,2006,8.0,7.1,7.0,6.4
Peru,2007,7.7,7.0,6.9,6.2
Peru,2008,7.4,7.0,6.9,6.4
Peru,2009,7.2,6.9,6.4,6.3
Peru,2010,7.4,6.9,6.7,6.5
Peru,2011,7.2,6.6,6.8,6.1
Peru,2012,6.9,6.6,7.1,6.6
Peru,2013,7.0,6.7,7.0,6.4
Peru,2014,6.7,6.7,7.3,6.7
Peru,2015,7.1,6.7,7.5,7.1
Peru,2016,7.3,6.9,7.6,6.9
Peru,2017,7.1,6.9,7.4,6.7
Peru,2018,6.8,6.9,7.7,6.4
Peru,2019,6.5,6.9,8.0,6.1
Peru,2020,6.428108482767096,7.4,8.3,6.3999999999999995
Peru,2021,6.1,7.4,8.6,7.4
Peru,2022,5.8,7.4,8.3,7.1
Peru,2023,6.0,8.4,8.0,7.2
Philippines,2006,7.0,7.2,7.2,6.0
Philippines,2007,7.6,7.8,7.2,5.9
Philippines,2008,7.4,7.8,7.0,5.9
Philippines,2009,7.7,7.9,7.5,6.1
Philippines,2010,7.9,8.0,7.6,6.3
Philippines,2011,8.3,8.5,7.2,6.1
Philippines,2012,8.4,8.0,7.6,6.3
Philippines,2013,8.7,8.0,7.9,6.4
Philippines,2014,8.8,8.0,8.3,6.9
Philippines,2015,9.1,8.0,8.3,7.2
Philippines,2016,9.4,8.0,8.1,6.9
Philippines,2017,9.7,8.0,7.9,6.7
Philippines,2018,9.799999999999999,8.0,8.2,6.4
Philippines,2019,9.5,8.0,7.9,6.1
Philippines,2020,9.2,8.0,7.6000000000000005,5.8
Philippines,2021,9.3,8.0,7.3,6.8
Philippines,2022,9.4,8.0,7.0,6.5
Philippines,2023,9.1,8.0,6.8,6.5
Poland,2006,2.0,3.0,3.2,4.3
Poland,2007,2.0,3.0,3.2,4.2
Poland,2008,2.0,3.3,3.2,3.8
Poland,2009,2.3,3.7,3.2,3.9
Poland,2010,2.4,3.7,3.3,3.7
Poland,2011,2.5,3.6,3.5,3.3
Poland,2012,2.8,3.6,3.8,3.1
Poland,2013,2.5,3.6,3.8,2.8
Poland,2014,2.6,3.8,4.1,3.1
Poland,2015,2.3,3.8,4.4,2.8
Poland,2016,2.0,3.8,4.9,2.5
Poland,2017,1.8,4.2,5.4,2.3
Poland,2018,2.1,4.2,5.9,1.9999999999999998
Poland,2019,2.4,4.2,6.2,2.1
Poland,2020,2.6999999999999997,4.2,5.9,2.0044834772027382
Poland,2021,2.4,4.2,5.6,3.0
Poland,2022,2.1,4.2,5.3,3.3
Poland,2023,1.8,4.2,5.0,3.0
Portugal,2007,1.0,1.3,2.5,3.7
Portugal,2008,1.0,1.3,2.5,4.0
Portugal,2009,1.1,1.2,2.6,3.8
Portugal,2010,1.4,1.2,2.6,3.6
Portugal,2011,1.6,1.4,2.5,3.3
Portugal,2012,1.9,1.4,2.3,3.8
Portugal,2013,1.6,1.3,2.3,3.5
Portugal,2014,1.9,1.8,2.3,3.3
Portugal,2015,1.6,1.8,2.6,2.7
Portugal,2016,1.5,2.5,2.7,2.4
Portugal,2017,1.3,2.5,2.5,2.2
Portugal,2018,1.0,2.5,2.2,2.5
Portugal,2019,1.0,2.5,1.9,2.2
Portugal,2020,0.7,2.5,1.5999999999999999,1.9000000000000001
Portugal,2021,0.5,2.5,1.3,2.9
Portugal,2022,0.3,2.5,1.0,3.2
Portugal,2023,0.3,2.5,0.7,2.7
Portugal ,2006,1.0,1.4,2.5,3.8
Qatar,2007,2.5,4.7,5.6,2.6
Qatar,2008,2.3,4.9,5.3,2.6
Qatar,2009,2.5,5.0,5.2,2.6
Qatar,2010,2.7,5.0,5.2,2.6
Qatar,2011,3.0,5.0,4.9,2.3
Qatar,2012,2.8,5.0,4.9,2.3
Qatar,2013,2.5,5.0,4.9,2.0
Qatar,2014,2.8,5.0,4.9,2.3
Qatar,2015,2.5,5.0,4.6,1.8
Qatar,2016,2.3,5.0,4.6,1.5
Qatar,2017,2.6,5.0,4.6,1.3
Qatar,2018,2.3000000000000003,5.0,4.3,1.330585614612203
Qatar,2019,2.0,5.0,4.0,1.3
Qatar,2020,1.7,5.0,3.7,1.385278533894788
Qatar,2021,1.4,5.0,3.4,2.9
Qatar,2022,1.1,5.0,3.1,2.6
Qatar,2023,1.0,5.0,2.8,2.3
Romania,2007,3.4,4.5,5.2,5.2
Romania,2008,3.4,4.7,5.2,5.2
Romania,2009,4.3,5.1,5.5,5.0
Romania,2010,4.1,5.2,5.6,4.8
Romania,2011,4.1,5.2,6.0,4.5
Romania,2012,4.4,5.2,6.0,4.4
Romania,2013,4.1,5.2,6.3,4.3
Romania,2014,3.8,5.2,6.6,4.6
Romania,2015,3.5,5.2,6.8,4.3
Romania,2016,3.2,5.4,7.0,4.0
Romania,2017,3.0,5.4,6.8,3.8
Romania,2018,2.7,5.7,6.5,3.7103574072190524
Romania,2019,2.5,5.7,6.2,3.4
Romania,2020,2.401909752989619,5.7,5.9,3.2691941359262167
Romania,2021,2.1,5.7,6.0,4.8
Romania,2022,2.2,5.7,5.7,5.3
Romania,2023,1.9,5.7,5.4,5.0
Romania ,2006,3.5,4.1,5.4,5.3
Russia,2006,7.5,9.0,8.0,6.9
Russia,2007,6.8,8.5,7.7,6.2
Russia,2008,7.0,8.0,7.5,5.9
Russia,2009,6.9,8.0,7.5,5.7
Russia,2010,6.8,7.6,7.1,5.5
Russia,2011,7.2,7.8,7.6,5.3
Russia,2012,8.2,8.0,7.9,5.0
Russia,2013,8.5,8.0,8.2,5.1
Russia,2014,8.6,8.1,8.5,5.0
Russia,2015,9.1,8.1,9.3,4.7
Russia,2016,9.2,8.1,9.0,4.4
Russia,2017,8.9,8.1,8.8,4.2
Russia,2018,8.6,8.1,8.5,3.9000000000000004
Russia,2019,8.3,8.1,8.6,3.6
Russia,2020,8.0,8.1,8.299999999999999,3.3000000000000003
Russia,2021,7.7,8.4,8.0,4.3
Russia,2022,7.8,8.4,8.1,4.0
Russia,2023,8.3,8.4,7.8,3.7
Rwanda,2006,5.0,8.9,9.0,6.9
Rwanda,2007,4.6,8.2,8.7,6.9
Rwanda,2008,4.6,7.8,8.5,6.8
Rwanda,2009,4.6,8.0,8.7,7.3
Rwanda,2010,5.0,8.0,8.5,7.4
Rwanda,2011,5.8,8.4,8.2,7.8
Rwanda,2012,5.5,7.9,8.5,7.5
Rwanda,2013,5.5,8.2,8.2,7.6
Rwanda,2014,5.9,8.2,8.5,7.5
Rwanda,2015,6.2,8.0,8.8,7.3
Rwanda,2016,5.9,8.3,9.1,7.6
Rwanda,2017,6.2,8.0,9.4,7.4
Rwanda,2018,6.039639853092229,8.0,9.69994693841839,7.1000000000000005
Rwanda,2019,6.0,8.0,9.8,6.8
Rwanda,2020,6.055203794650836,8.0,9.899951585980176,6.5
Rwanda,2021,5.8,8.0,9.6,7.5
Rwanda,2022,5.5,8.0,9.3,7.0
Rwanda,2023,5.2,8.0,9.0,6.7
Samoa,2007,6.7,5.4,5.0,4.7
Samoa,2008,6.3,5.4,5.0,4.8
Samoa,2009,6.0,5.5,5.2,5.0
Samoa,2010,5.8,5.3,5.1,5.1
Samoa,2011,5.5,5.1,4.8,4.7
Samoa,2012,5.5,5.1,4.8,4.8
Samoa,2013,5.5,5.1,4.8,4.8
Samoa,2014,5.5,5.1,4.8,5.1
Samoa,2015,5.2,5.1,4.5,5.0
Samoa,2016,4.9,5.1,4.5,5.1
Samoa,2017,4.7,5.1,4.5,4.9
Samoa,2018,4.4,5.1,4.2,4.6000000000000005
Samoa,2019,4.1,5.1,4.2,4.3
Samoa,2020,4.1,5.1,4.2,4.241955627994779
Samoa,2021,3.8,5.1,4.5,4.8
Samoa,2022,3.9,5.1,4.8,4.9
Samoa,2023,3.6,5.1,5.1,4.9
Sao Tome and Principe,2007,5.8,5.9,5.1,8.1
Sao Tome and Principe,2008,5.8,6.2,5.1,7.9
Sao Tome and Principe,2009,5.6,6.3,5.0,7.5
Sao Tome and Principe,2010,6.0,6.7,5.1,7.3
Sao Tome and Principe,2011,5.8,6.3,4.8,7.0
Sao Tome and Principe,2012,5.8,6.3,4.8,6.7
Sao Tome and Principe,2013,5.8,6.3,4.8,6.4
Sao Tome and Principe,2014,5.8,6.3,4.8,6.2
Sao Tome and Principe,2015,5.5,6.3,4.5,5.8
Sao Tome and Principe,2016,5.2,6.3,4.5,6.1
Sao Tome and Principe,2017,5.0,6.3,4.5,5.9
Sao Tome and Principe,2018,5.0,6.3,4.2,5.6000000000000005
Sao Tome and Principe,2019,5.0,6.3,4.2,5.3
Sao Tome and Principe,2020,5.0,6.3,4.2,5.6
Sao Tome and Principe,2021,4.7,6.3,4.2,6.4
Sao Tome and Principe,2022,4.4,6.3,4.2,6.5
Sao Tome and Principe,2023,4.1,6.3,4.2,6.6
Saudi Arabia,2006,7.8,7.5,7.9,4.1
Saudi Arabia,2007,7.3,7.6,7.7,4.3
Saudi Arabia,2008,7.3,7.7,7.7,4.3
Saudi Arabia,2009,8.0,7.8,8.0,4.3
Saudi Arabia,2010,7.8,7.8,7.8,4.1
Saudi Arabia,2011,7.5,7.9,7.5,4.2
Saudi Arabia,2012,7.2,7.9,7.7,4.3
Saudi Arabia,2013,7.2,8.0,7.4,4.0
Saudi Arabia,2014,6.9,8.0,7.7,4.0
Saudi Arabia,2015,6.4,8.0,7.4,3.7
Saudi Arabia,2016,6.5,8.2,7.5,4.0
Saudi Arabia,2017,6.3,8.2,7.8,3.8
Saudi Arabia,2018,6.0,8.5,8.1,3.5
Saudi Arabia,2019,6.0,8.5,8.4,3.2
Saudi Arabia,2020,6.0,8.5,8.700000000000001,2.9000000000000004
Saudi Arabia,2021,5.7,8.5,9.0,4.4
Saudi Arabia,2022,5.4,8.5,9.3,4.1
Saudi Arabia,2023,5.1,8.5,9.5,3.8
Senegal,2007,5.2,3.8,5.2,6.7
Senegal,2008,6.0,4.0,6.0,7.0
Senegal,2009,5.9,4.0,6.3,7.3
Senegal,2010,6.3,4.2,6.1,7.4
Senegal,2011,6.3,4.5,6.3,7.8
Senegal,2012,6.3,6.3,6.0,7.5
Senegal,2013,6.2,6.6,6.3,7.8
Senegal,2014,6.5,6.6,6.6,7.9
Senegal,2015,6.2,6.6,6.3,7.9
Senegal,2016,5.9,6.6,6.6,7.6
Senegal,2017,6.2,6.6,6.4,7.5
Senegal,2018,5.9,6.8999999999999995,6.1000000000000005,7.292784655358211
Senegal,2019,5.6,7.0,5.8,7.4
Senegal,2020,5.382238107524531,7.0,5.5,7.196604411293606
Senegal,2021,5.1,7.0,5.2,7.5
Senegal,2022,4.8,7.0,5.3,7.6
Senegal,2023,4.5,7.0,5.0,7.9
Senegal ,2006,5.5,3.5,5.2,6.5
Serbia,2010,6.5,8.0,7.8,5.2
Serbia,2011,6.5,8.0,7.5,4.9
Serbia,2012,6.4,8.0,7.9,4.6
Serbia,2013,6.5,8.0,8.0,4.7
Serbia,2014,6.2,8.0,8.0,4.4
Serbia,2015,6.0,8.0,8.1,4.7
Serbia,2016,5.7,8.0,7.8,4.4
Serbia,2017,5.5,8.0,7.3,4.2
Serbia,2018,5.2,8.3,7.3,3.9000000000000004
Serbia,2019,5.1,8.0,7.7,3.6
Serbia,2020,4.8,8.0,7.4,3.443468558254674
Serbia,2021,4.5,8.3,7.1,3.9
Serbia,2022,4.2,8.6,6.8,4.2
Serbia,2023,3.9,8.6,7.8,3.9
Serbia  ,2006,6.5,8.6,8.6,5.0
Serbia  ,2007,6.3,8.0,7.7,5.0
Serbia  ,2008,6.3,8.0,7.9,5.0
Serbia  ,2009,6.3,7.9,7.9,5.2
Seychelles,2007,6.2,6.7,5.5,4.1
Seychelles,2008,6.0,6.5,5.4,4.1
Seychelles,2009,5.6,6.0,5.0,4.6
Seychelles,2010,5.6,6.0,5.0,4.5
Seychelles,2011,6.1,5.7,4.8,4.1
Seychelles,2012,6.1,5.7,4.8,3.8
Seychelles,2013,6.4,5.7,4.8,3.5
Seychelles,2014,6.4,5.7,4.8,3.5
Seychelles,2015,6.6,5.7,4.5,3.2
Seychelles,2016,6.3,6.0,4.5,2.9
Seychelles,2017,6.1,6.0,4.5,2.7
Seychelles,2018,6.1,6.0,4.2,2.4000000000000004
Seychelles,2019,5.8,6.0,4.2,2.1
Seychelles,2020,5.747338084918949,6.0,4.2,2.24941083572678
Seychelles,2021,5.4,6.0,4.1,2.8
Seychelles,2022,5.1,6.0,4.0,2.6
Seychelles,2023,5.2,6.0,3.9,2.4
Sierra Leone,2006,7.0,7.7,7.1,8.0
Sierra Leone,2007,6.5,7.7,7.1,8.0
Sierra Leone,2008,6.4,7.5,6.9,8.2
Sierra Leone,2009,6.1,7.7,6.6,8.7
Sierra Leone,2010,5.9,7.8,6.7,9.1
Sierra Leone,2011,6.0,7.9,6.5,8.8
Sierra Leone,2012,5.7,7.9,6.2,8.7
Sierra Leone,2013,5.4,7.9,5.9,9.0
Sierra Leone,2014,5.1,7.7,5.9,9.1
Sierra Leone,2015,4.8,7.7,6.2,9.3
Sierra Leone,2016,4.5,7.8,5.9,9.0
Sierra Leone,2017,4.3,7.8,6.2,8.8
Sierra Leone,2018,4.335691151198963,7.8,6.5,9.1
Sierra Leone,2019,4.4,7.8,6.2,8.8
Sierra Leone,2020,4.1000000000000005,7.8,5.9,8.5
Sierra Leone,2021,3.8,7.8,5.6,8.8
Sierra Leone,2022,3.5,7.8,5.3,8.9
Sierra Leone,2023,3.6,7.8,5.4,8.6
Singapore,2007,1.0,4.0,3.0,1.5
Singapore,2008,1.0,4.0,3.0,1.5
Singapore,2009,1.0,4.1,3.1,1.5
Singapore,2010,1.5,4.1,2.9,1.7
Singapore,2011,1.5,4.0,3.0,2.0
Singapore,2012,1.8,4.0,3.0,2.2
Singapore,2013,1.5,4.0,2.7,1.9
Singapore,2014,2.0,4.0,2.8,2.1
Singapore,2015,1.6,4.0,3.1,1.8
Singapore,2016,1.7,4.0,2.8,1.5
Singapore,2017,1.6,4.0,2.6,1.3
Singapore,2018,1.3,4.0,2.3000000000000003,1.0
Singapore,2019,1.0,4.0,2.0,1.0
Singapore,2020,1.0,4.0,1.7,1.0
Singapore,2021,0.7,4.0,2.2,1.5
Singapore,2022,0.4,4.0,2.5,1.2
Singapore,2023,0.4,4.0,2.8,1.0
Singapore ,2006,1.0,4.0,3.0,1.0
Slovak Republic,2006,2.0,4.0,4.4,4.3
Slovak Republic,2007,2.0,4.2,4.4,4.1
Slovak Republic,2008,2.0,4.2,4.2,4.1
Slovak Republic,2009,2.0,3.9,4.3,4.0
Slovak Republic,2010,2.1,3.9,4.8,3.8
Slovak Republic,2011,2.3,3.7,5.0,3.6
Slovak Republic,2012,2.6,3.7,5.3,3.8
Slovak Republic,2013,2.3,3.7,5.0,3.5
Slovak Republic,2014,2.6,3.7,5.6,3.2
Slovak Republic,2015,2.3,3.7,5.9,2.9
Slovak Republic,2016,2.0,4.2,6.5,2.6
Slovak Republic,2017,1.8,4.7,6.9,2.4
Slovak Republic,2018,2.1,5.0,6.6000000000000005,2.1
Slovak Republic,2019,1.8,5.0,6.3,2.0
Slovak Republic,2020,1.5326605093420147,5.0,6.0,2.1367614254366787
Slovak Republic,2023,1.2,4.7,5.5,2.6
Slovakia,2021,1.2,4.7,5.7,3.2
Slovakia,2022,0.9,4.7,5.4,2.9
Slovenia,2007,3.0,1.1,3.4,3.5
Slovenia,2008,3.0,1.1,3.4,3.5
Slovenia,2009,2.7,1.3,3.4,3.2
Slovenia,2010,2.8,1.3,3.4,3.0
Slovenia,2011,3.0,1.1,3.1,2.8
Slovenia,2012,2.8,1.6,3.3,2.4
Slovenia,2013,2.5,1.6,3.3,2.1
Slovenia,2014,2.4,1.6,3.6,2.3
Slovenia,2015,2.1,1.6,3.9,2.0
Slovenia,2016,1.8,1.7,4.2,1.7
Slovenia,2017,1.6,1.7,4.5,1.5
Slovenia,2018,1.3,2.0,4.5,1.3467923265211486
Slovenia,2019,1.0,2.0,4.2,1.3
Slovenia,2020,0.7105728789142898,2.0,3.9000000000000004,1.3775406496629232
Slovenia,2021,0.5,2.0,3.6,2.4
Slovenia,2022,0.3,2.0,3.3,2.7
Slovenia,2023,0.3,2.0,3.0,2.4
Slovenia ,2006,3.0,1.2,3.5,3.5
Solomon Islands,2007,7.7,8.8,8.0,8.5
Solomon Islands,2008,7.7,8.8,8.0,8.5
Solomon Islands,2009,7.2,8.0,7.5,8.4
Solomon Islands,2010,7.0,8.0,7.0,8.2
Solomon Islands,2011,6.7,8.0,6.8,8.1
Solomon Islands,2012,6.7,8.0,6.8,7.8
Solomon Islands,2013,6.7,8.0,6.8,8.0
Solomon Islands,2014,6.7,8.0,6.8,7.9
Solomon Islands,2015,6.4,8.2,6.5,7.6
Solomon Islands,2016,6.1,8.2,6.5,7.9
Solomon Islands,2017,5.9,8.2,6.5,7.7
Solomon Islands,2018,5.9,8.2,6.2,7.504918317936918
Solomon Islands,2019,5.9,8.2,5.9,7.8
Solomon Islands,2020,5.9,8.2,5.6000000000000005,7.745246481375322
Solomon Islands,2021,5.6,8.2,5.3,7.9
Solomon Islands,2022,5.3,8.7,5.8,8.1
Solomon Islands,2023,5.0,8.7,5.5,8.0
Somalia,2006,10.0,9.8,8.0,10.0
Somalia,2007,10.0,10.0,8.5,10.0
Somalia,2008,10.0,10.0,9.5,10.0
Somalia,2009,10.0,10.0,9.7,9.9
Somalia,2010,10.0,10.0,9.7,9.6
Somalia,2011,10.0,9.8,9.5,9.4
Somalia,2012,10.0,9.8,9.6,9.8
Somalia,2013,9.7,10.0,9.3,9.8
Somalia,2014,9.4,10.0,9.3,9.6
Somalia,2015,9.7,10.0,9.5,9.3
Somalia,2016,9.7,10.0,9.4,9.0
Somalia,2017,9.4,10.0,8.9,9.0
Somalia,2018,9.7,10.0,9.0,9.3
Somalia,2019,9.6,10.0,8.9,9.4
Somalia,2020,9.811328490086028,10.0,8.6,9.1
Somalia,2021,9.3,10.0,8.3,9.8
Somalia,2022,9.4,10.0,8.4,9.9
Somalia,2023,9.5,10.0,8.7,9.8
South Africa,2007,3.2,3.9,4.7,5.7
South Africa,2008,3.9,4.4,4.9,5.7
South Africa,2009,4.3,5.9,5.3,5.7
South Africa,2010,4.1,5.9,5.6,5.5
South Africa,2011,4.5,5.9,5.9,5.5
South Africa,2012,4.8,5.9,5.6,5.8
South Africa,2013,5.1,5.6,5.7,6.3
South Africa,2014,4.9,5.6,5.8,6.1
South Africa,2015,5.3,5.6,5.5,6.4
South Africa,2016,5.8,5.6,6.3,7.2
South Africa,2017,6.1,6.1,6.7,7.0
South Africa,2018,6.3999999999999995,6.6,6.4,7.0
South Africa,2019,6.5,6.6,6.1,6.7
South Africa,2020,6.719999693225616,6.6,6.199999999999999,6.4
South Africa,2021,6.4,6.3,5.9,6.9
South Africa,2022,6.9,6.8,5.9,6.9
South Africa,2023,6.6,6.8,6.0,7.1
South Africa ,2006,3.4,4.0,4.5,6.0
South Korea,2006,1.0,3.0,3.5,1.5
South Korea,2007,1.0,2.9,3.5,2.0
South Korea,2008,1.0,3.3,4.0,2.0
South Korea,2009,1.4,3.6,4.1,2.2
South Korea,2010,1.5,3.6,3.9,2.3
South Korea,2011,1.7,3.6,3.7,2.2
South Korea,2012,2.0,3.6,3.4,2.2
South Korea,2013,2.1,3.6,3.1,1.9
South Korea,2014,2.4,3.6,3.1,2.1
South Korea,2015,2.1,3.8,3.4,2.4
South Korea,2016,1.8,3.8,3.1,2.1
South Korea,2017,2.1,4.3,2.9,1.9
South Korea,2018,2.4,3.9,2.6,1.5999999999999999
South Korea,2019,2.1,3.9,2.7,1.3
South Korea,2020,2.4,3.9,2.4000000000000004,1.2430759640761129
South Korea,2021,2.1,3.9,2.3,2.2
South Korea,2022,1.8,3.9,2.6,2.7
South Korea,2023,1.5,3.9,2.8,2.4
South Sudan,2012,9.7,10.0,10.0,9.5
South Sudan,2013,9.6,9.8,10.0,9.8
South Sudan,2014,9.9,10.0,10.0,9.9
South Sudan,2015,10.0,10.0,10.0,10.0
South Sudan,2016,10.0,9.7,9.9,10.0
South Sudan,2017,10.0,9.7,9.7,10.0
South Sudan,2018,10.0,9.7,9.7,9.942346469954597
South Sudan,2019,9.7,9.7,9.4,9.8
South Sudan,2020,9.399999999999999,9.7,9.1,9.5
South Sudan,2021,9.7,9.2,8.8,10.0
South Sudan,2022,9.8,9.2,8.5,9.8
South Sudan,2023,9.9,9.2,8.6,9.7
Spain,2007,4.3,5.6,5.7,1.9
Spain,2008,5.2,5.6,6.2,2.4
Spain,2009,5.2,5.7,6.2,2.6
Spain,2010,5.3,5.7,6.3,2.4
Spain,2011,4.9,5.6,6.0,2.4
Spain,2012,4.4,5.6,5.7,2.9
Spain,2013,4.1,6.0,5.8,3.3
Spain,2014,3.6,6.1,6.1,3.0
Spain,2015,3.3,6.1,5.8,2.7
Spain,2016,3.0,6.3,5.9,2.4
Spain,2017,2.8,6.3,5.7,2.2
Spain,2018,3.0999999999999996,7.1819999999999995,5.8,1.9436962427973974
Spain,2019,3.4,6.9,6.1,1.9
Spain,2020,3.6999999999999997,6.9,6.3999999999999995,1.9150287798347003
Spain,2021,3.4,6.9,6.7,2.9
Spain,2022,3.1,6.9,7.0,3.2
Spain,2023,2.8,6.9,7.3,2.9
Spain ,2006,3.2,5.7,5.8,1.5
Sri Lanka,2007,8.7,9.2,9.5,6.5
Sri Lanka,2008,9.3,9.5,9.8,6.6
Sri Lanka,2009,9.2,9.2,9.8,6.6
Sri Lanka,2010,8.5,9.4,9.6,6.4
Sri Lanka,2011,8.0,9.5,9.4,6.1
Sri Lanka,2012,8.2,9.2,9.1,5.8
Sri Lanka,2013,8.5,9.3,9.5,5.5
Sri Lanka,2014,8.2,9.4,9.3,5.3
Sri Lanka,2015,7.9,9.1,9.3,5.6
Sri Lanka,2016,7.6,8.8,9.2,5.3
Sri Lanka,2017,7.4,8.8,9.0,5.1
Sri Lanka,2018,7.1000000000000005,8.8,8.7,4.8
Sri Lanka,2019,6.8,9.1,9.0,4.5
Sri Lanka,2020,7.1,9.1,9.1,4.2
Sri Lanka,2021,6.8,9.1,8.6,4.7
Sri Lanka,2022,6.5,9.1,8.1,5.0
Sri Lanka,2023,6.8,9.1,8.4,6.0
Sri Lanka ,2006,8.5,8.9,9.1,7.0
Sudan,2006,9.8,9.1,9.7,9.5
Sudan,2007,9.9,9.7,10.0,9.5
Sudan,2008,9.8,9.9,10.0,9.5
Sudan,2009,9.7,9.5,9.9,9.5
Sudan,2010,9.8,9.9,9.9,9.3
Sudan,2011,9.6,9.9,9.9,9.0
Sudan,2012,9.7,9.9,10.0,8.5
Sudan,2013,9.8,10.0,10.0,8.8
Sudan,2014,9.6,10.0,9.9,9.1
Sudan,2015,9.5,9.8,9.7,8.8
Sudan,2016,9.2,10.0,9.8,9.1
Sudan,2017,9.0,9.7,10.0,8.9
Sudan,2018,8.7,9.7,9.999097713054717,8.918297721566843
Sudan,2019,8.4,9.7,10.0,8.6
Sudan,2020,8.37703025123304,9.4,9.39911467501639,8.314717993977492
Sudan,2021,8.1,9.1,9.5,8.8
Sudan,2022,8.2,9.6,9.6,8.9
Sudan,2023,8.3,9.6,9.3,8.6
Suriname,2007,6.2,5.1,6.1,4.9
Suriname,2008,6.0,5.4,6.1,4.9
Suriname,2009,6.2,5.8,6.2,5.0
Suriname,2010,6.0,5.8,6.4,5.1
Suriname,2011,5.8,5.8,6.1,4.9
Suriname,2012,5.8,5.8,6.1,5.0
Suriname,2013,5.8,5.8,6.1,5.3
Suriname,2014,5.7,5.8,6.1,5.5
Suriname,2015,5.4,5.8,5.8,5.8
Suriname,2016,5.1,5.8,5.8,5.8
Suriname,2017,4.9,5.8,5.8,5.6
Suriname,2018,4.630399092508529,5.8,5.5,5.3
Suriname,2019,4.6,5.8,5.8,5.0
Suriname,2020,4.3,5.8,6.1,4.7
Suriname,2021,4.0,5.8,6.4,5.2
Suriname,2022,3.7,5.8,6.7,4.9
Suriname,2023,3.4,5.8,7.0,4.7
Swaziland,2007,7.1,7.1,4.0,8.1
Swaziland,2008,6.5,6.9,4.0,7.5
Swaziland,2009,6.8,6.9,4.0,7.8
Swaziland,2010,6.6,6.9,4.2,7.6
Swaziland,2011,6.6,7.0,3.9,7.5
Swaziland,2012,6.3,7.0,3.6,7.7
Swaziland,2013,6.0,7.0,3.6,7.8
Swaziland,2014,5.7,7.0,3.6,7.7
Swaziland,2015,6.0,6.8,3.7,7.5
Swaziland,2016,6.0,6.8,3.4,7.8
Swaziland,2017,6.3,6.8,3.4,8.1
Swaziland,2018,6.0,6.8,3.1,7.8
Swaziland,2020,5.4,6.8,2.5,7.2
Swaziland,2022,4.8,6.8,1.9,7.4
Swaziland,2023,4.5,6.8,2.0,7.1
Sweden,2007,0.9,1.0,1.0,1.2
Sweden,2008,0.9,1.0,1.3,1.2
Sweden,2009,1.1,1.3,1.3,1.2
Sweden,2010,1.3,1.3,1.3,1.3
Sweden,2011,2.3,1.8,1.3,1.5
Sweden,2012,2.5,1.8,1.0,1.8
Sweden,2013,2.2,1.8,1.0,1.9
Sweden,2014,2.4,1.8,1.0,1.8
Sweden,2015,2.1,1.8,1.3,1.6
Sweden,2016,1.8,1.8,1.7,1.3
Sweden,2017,2.1,1.8,1.5,1.1
Sweden,2018,2.4,1.8,1.8,0.9
Sweden,2019,2.7,1.8,1.7,0.9
Sweden,2020,3.0,1.8,1.4,0.8613065509341082
Sweden,2021,2.7,1.8,1.7,1.4
Sweden,2022,2.4,1.8,2.0,1.1
Sweden,2023,2.1,1.8,2.3,1.0
Sweden ,2006,1.0,1.0,1.0,1.0
Switzerland,2007,1.0,1.0,2.1,1.4
Switzerland,2008,1.0,1.0,2.6,1.4
Switzerland,2009,1.0,1.0,2.9,1.6
Switzerland,2010,1.2,1.0,3.3,1.4
Switzerland,2011,1.4,1.0,3.5,1.6
Switzerland,2012,1.7,1.0,3.2,1.7
Switzerland,2013,1.4,1.0,3.5,1.4
Switzerland,2014,1.7,1.0,3.5,1.7
Switzerland,2015,1.4,1.0,3.6,1.4
Switzerland,2016,1.3,1.0,3.8,1.1
Switzerland,2017,1.1,1.0,3.6,1.0
Switzerland,2018,1.4000000000000001,1.0,3.6,0.9329727415066151
Switzerland,2019,1.1,1.0,3.3,1.0
Switzerland,2020,1.4000000000000001,1.0,3.0,1.0524990146414512
Switzerland,2021,1.6,1.0,2.7,1.6
Switzerland,2022,1.7,1.0,2.4,1.9
Switzerland,2023,1.4,1.0,2.1,1.6
Switzerland ,2006,1.0,1.0,2.0,1.0
Syria,2006,7.5,7.1,8.0,5.5
Syria,2007,7.4,7.5,8.0,5.3
Syria,2008,7.6,7.7,8.0,5.7
Syria,2009,7.8,7.8,8.2,5.7
Syria,2010,7.6,7.8,8.3,5.5
Syria,2011,7.5,7.9,8.7,5.8
Syria,2012,8.5,8.7,9.2,7.0
Syria,2013,9.8,9.2,9.3,7.0
Syria,2014,10.0,9.6,10.0,7.2
Syria,2015,10.0,9.9,10.0,8.2
Syria,2016,10.0,9.9,10.0,8.9
Syria,2017,9.8,9.9,9.8,9.2
Syria,2018,9.9,9.9,9.9,9.299999999999999
Syria,2019,9.8,9.9,10.0,9.4
Syria,2020,9.9,9.9,10.0,9.1
Syria,2021,9.6,9.9,9.7,9.6
Syria,2022,9.5,9.9,9.4,9.3
Syria,2023,9.4,9.9,9.1,9.0
Tajikistan,2006,7.5,8.7,6.2,7.5
Tajikistan,2007,7.8,8.8,6.3,7.3
Tajikistan,2008,7.8,8.6,6.5,7.1
Tajikistan,2009,7.5,8.4,6.9,7.6
Tajikistan,2010,7.3,8.4,6.9,7.3
Tajikistan,2011,7.4,8.6,7.2,6.9
Tajikistan,2012,7.1,8.3,6.9,6.6
Tajikistan,2013,7.4,8.3,6.7,6.3
Tajikistan,2014,7.1,8.4,7.0,6.2
Tajikistan,2015,6.8,8.4,7.3,5.9
Tajikistan,2016,6.9,8.4,7.6,5.8
Tajikistan,2017,6.7,8.4,7.4,5.6
Tajikistan,2018,6.4,8.4,7.1000000000000005,5.3
Tajikistan,2019,6.1,8.4,6.8,5.2
Tajikistan,2020,6.031020278255557,8.4,6.5,4.949441963271443
Tajikistan,2021,5.7,8.4,6.7,4.9
Tajikistan,2022,5.4,8.4,6.7,5.0
Tajikistan,2023,5.5,8.4,6.7,4.7
Tanzania,2006,6.0,5.2,6.0,7.8
Tanzania,2007,5.7,5.5,6.2,7.8
Tanzania,2008,5.7,5.8,6.4,7.6
Tanzania,2009,5.4,6.3,6.6,8.0
Tanzania,2010,5.6,6.0,6.4,8.3
Tanzania,2011,5.5,6.0,6.1,8.6
Tanzania,2012,5.8,5.7,5.8,8.5
Tanzania,2013,5.5,5.7,6.0,8.8
Tanzania,2014,5.2,5.7,5.9,8.7
Tanzania,2015,5.5,5.7,5.7,8.7
Tanzania,2016,5.2,6.0,5.4,8.8
Tanzania,2017,5.5,5.7,5.2,8.6
Tanzania,2018,5.407508538946035,5.7,4.9,8.7
Tanzania,2019,5.4,5.7,5.0,8.8
Tanzania,2020,5.475616044169103,5.7,4.7,8.5
Tanzania,2021,5.2,6.2,4.9,8.8
Tanzania,2022,4.9,6.5,5.1,8.4
Tanzania,2023,4.6,6.5,5.2,8.4
Thailand,2006,6.8,7.2,8.1,6.0
Thailand,2007,7.2,8.0,7.8,5.5
Thailand,2008,7.0,7.7,7.7,5.5
Thailand,2009,7.5,8.0,8.0,5.4
Thailand,2010,7.4,8.0,7.8,5.4
Thailand,2011,7.6,8.5,8.0,5.0
Thailand,2012,7.3,8.8,7.8,4.7
Thailand,2013,7.8,8.8,8.1,4.6
Thailand,2014,7.9,9.5,8.0,4.9
Thailand,2015,8.9,10.0,8.5,4.9
Thailand,2016,9.2,9.7,9.0,4.6
Thailand,2017,9.0,9.4,8.5,4.4
Thailand,2018,8.7,9.4,8.2,4.1000000000000005
Thailand,2019,8.4,9.4,7.9,3.8
Thailand,2020,8.1,9.682,7.6000000000000005,3.523711855264308
Thailand,2021,8.2,9.7,7.3,4.0
Thailand,2022,8.3,9.7,7.0,3.7
Thailand,2023,8.0,9.7,7.1,3.5
Timor-Leste,2007,9.0,8.8,7.1,7.9
Timor-Leste,2008,8.8,8.5,7.1,8.0
Timor-Leste,2009,9.0,8.8,7.3,8.4
Timor-Leste,2010,8.8,8.7,7.5,8.7
Timor-Leste,2011,8.3,8.3,7.1,8.7
Timor-Leste,2012,8.3,8.3,6.8,8.4
Timor-Leste,2013,8.3,8.3,6.8,8.5
Timor-Leste,2014,8.0,8.3,6.8,8.5
Timor-Leste,2015,7.7,8.3,6.5,8.4
Timor-Leste,2016,7.4,8.3,6.7,8.7
Timor-Leste,2017,7.2,8.3,6.5,8.5
Timor-Leste,2018,6.9,8.3,6.2,8.2
Timor-Leste,2019,6.6,8.3,5.9,7.9
Timor-Leste,2020,6.463113775059945,8.3,5.6000000000000005,7.6000000000000005
Timor-Leste,2021,6.2,8.3,5.3,7.6
Timor-Leste,2022,5.9,8.3,5.3,7.3
Timor-Leste,2023,5.6,8.3,5.0,7.2
Togo,2006,8.1,7.8,6.0,8.1
Togo,2007,7.8,7.6,6.0,8.0
Togo,2008,7.8,7.5,6.0,8.0
Togo,2009,7.4,7.3,5.8,8.3
Togo,2010,7.6,7.6,5.6,8.4
Togo,2011,7.3,7.8,5.4,8.5
Togo,2012,7.3,7.5,5.1,8.2
Togo,2013,7.4,7.5,4.8,8.3
Togo,2014,7.1,7.6,4.8,8.3
Togo,2015,7.0,7.6,4.5,8.6
Togo,2016,6.7,7.6,4.8,8.3
Togo,2017,6.5,7.6,4.6,8.2
Togo,2018,6.8,7.6,4.9,8.5
Togo,2019,7.0,7.6,5.4,8.5
Togo,2020,6.7,7.6,5.7,8.2
Togo,2021,6.4,7.6,6.0,8.5
Togo,2022,6.1,7.6,6.3,8.2
Togo,2023,5.8,7.6,6.6,8.1
Trinidad and Tobago,2007,5.7,5.7,5.2,5.8
Trinidad and Tobago,2008,5.7,5.9,5.2,5.5
Trinidad and Tobago,2009,5.7,5.6,4.9,5.4
Trinidad and Tobago,2010,6.0,5.6,4.9,5.2
Trinidad and Tobago,2011,5.5,5.6,4.7,4.9
Trinidad and Tobago,2012,6.0,5.6,4.4,5.1
Trinidad and Tobago,2013,5.7,5.6,4.4,5.2
Trinidad and Tobago,2014,5.4,5.6,4.4,5.1
Trinidad and Tobago,2015,5.7,5.6,4.1,4.8
Trinidad and Tobago,2016,6.0,5.6,4.4,4.5
Trinidad and Tobago,2017,6.3,5.6,4.2,4.3
Trinidad and Tobago,2018,6.499420758772237,5.6,3.9000000000000004,4.0
Trinidad and Tobago,2019,6.5,5.6,3.6,3.7
Trinidad and Tobago,2020,6.588957495528617,5.6,3.3000000000000003,3.533283203978929
Trinidad and Tobago,2021,6.9,5.6,3.0,4.5
Trinidad and Tobago,2022,7.0,5.6,3.3,4.6
Trinidad and Tobago,2023,7.3,5.6,3.4,4.3
Tunisia,2006,6.0,6.0,5.0,6.0
Tunisia,2007,5.9,6.2,5.1,5.9
Tunisia,2008,5.9,6.2,5.1,5.9
Tunisia,2009,6.2,6.0,5.4,6.1
Tunisia,2010,6.5,6.0,5.4,5.7
Tunisia,2011,7.0,6.8,5.6,5.3
Tunisia,2012,7.5,7.8,5.6,5.0
Tunisia,2013,7.2,7.8,7.8,5.0
Tunisia,2014,7.3,8.1,7.8,5.2
Tunisia,2015,7.8,8.1,7.8,4.9
Tunisia,2016,7.9,7.8,7.9,4.6
Tunisia,2017,8.3,7.8,7.7,4.4
Tunisia,2018,8.0,7.8,7.4,4.1000000000000005
Tunisia,2019,7.7,7.8,7.1,4.0
Tunisia,2020,7.4,7.8,6.8,4.014628528518518
Tunisia,2021,7.1,7.5,7.1,5.0
Tunisia,2022,7.2,7.2,7.2,4.7
Tunisia,2023,6.9,7.5,6.9,4.4
Turkey,2006,6.4,6.9,7.3,5.7
Turkey,2007,6.7,7.1,7.4,5.4
Turkey,2008,6.7,7.5,7.6,5.2
Turkey,2009,7.0,7.8,7.7,5.3
Turkey,2010,7.4,7.8,8.0,5.4
Turkey,2011,7.4,7.5,8.3,5.7
Turkey,2012,7.7,7.5,8.6,6.0
Turkey,2013,7.9,7.3,9.0,5.5
Turkey,2014,7.4,7.3,9.0,5.2
Turkey,2015,7.7,7.3,9.0,4.9
Turkey,2016,7.8,7.6,9.5,4.6
Turkey,2017,8.3,9.1,10.0,4.4
Turkey,2018,8.00311090448229,9.1,10.0,4.9
Turkey,2019,7.7,8.8,10.0,4.6
Turkey,2020,7.466498353926334,8.8,9.959586720458175,4.389689463606955
Turkey,2021,7.2,8.8,9.7,5.4
Turkey,2022,6.9,8.8,9.4,5.1
Turkey,2023,6.6,8.8,9.5,4.8
Turkmenistan,2006,8.5,8.0,5.2,7.2
Turkmenistan,2007,8.5,8.2,6.2,7.7
Turkmenistan,2008,8.3,7.9,6.2,7.7
Turkmenistan,2009,7.6,7.7,6.5,7.2
Turkmenistan,2010,7.7,7.7,6.3,7.0
Turkmenistan,2011,7.5,7.7,6.6,6.7
Turkmenistan,2012,7.2,7.7,6.4,6.4
Turkmenistan,2013,7.1,7.7,6.7,6.1
Turkmenistan,2014,6.8,7.8,6.9,6.4
Turkmenistan,2015,6.8,7.8,7.1,6.1
Turkmenistan,2016,6.5,7.8,6.8,5.8
Turkmenistan,2017,6.3,7.8,6.6,5.6
Turkmenistan,2018,6.0,7.8,6.3,5.3
Turkmenistan,2019,5.7,7.8,6.0,5.0
Turkmenistan,2020,5.4,7.8,5.7,4.7
Turkmenistan,2021,5.1,7.8,5.6,4.7
Turkmenistan,2022,4.8,7.8,5.4,4.4
Turkmenistan,2023,4.5,7.8,5.3,4.1
Uganda,2006,8.5,7.9,7.8,8.0
Uganda,2007,8.3,7.8,8.5,8.2
Uganda,2008,8.1,7.8,8.3,7.9
Uganda,2009,8.2,8.2,8.0,8.0
Uganda,2010,8.7,8.6,8.5,8.2
Uganda,2011,8.6,8.6,8.0,8.3
Uganda,2012,8.3,8.7,7.7,8.6
Uganda,2013,8.2,8.6,8.0,8.3
Uganda,2014,7.9,8.9,8.3,8.3
Uganda,2015,7.6,8.9,8.7,8.3
Uganda,2016,7.3,8.9,9.0,8.5
Uganda,2017,7.1,8.6,8.5,8.3
Uganda,2018,7.140182746362605,8.6,8.6,8.0
Uganda,2019,7.5,8.9,8.3,7.8
Uganda,2020,7.2,8.9,8.0,7.3
Uganda,2021,6.9,8.9,7.8,8.0
Uganda,2022,6.6,8.9,7.9,8.3
Uganda,2023,6.3,8.9,7.6,8.0
Ukraine,2006,3.0,7.5,7.2,5.5
Ukraine,2007,3.0,7.9,7.0,4.5
Ukraine,2008,3.0,7.9,7.2,4.5
Ukraine,2009,3.3,7.9,6.9,4.2
Ukraine,2010,3.8,7.9,6.9,4.0
Ukraine,2011,4.0,8.0,6.5,4.1
Ukraine,2012,4.3,8.0,6.2,3.9
Ukraine,2013,4.4,8.0,5.9,3.6
Ukraine,2014,4.7,8.0,6.4,3.9
Ukraine,2015,7.9,8.0,7.0,3.8
Ukraine,2016,7.8,8.0,6.9,3.9
Ukraine,2017,7.6,8.0,6.7,3.7
Ukraine,2018,7.401954628854206,8.0,6.4,3.8984267608714878
Ukraine,2019,7.1,8.0,6.1,3.8
Ukraine,2020,6.977216185769678,8.0,5.8,4.026049643696965
Ukraine,2021,6.7,8.0,5.7,4.5
Ukraine,2022,6.4,8.0,5.8,4.3
Ukraine,2023,10.0,8.0,6.8,7.3
United Arab Emirates,2007,2.1,3.6,4.0,4.1
United Arab Emirates,2008,1.9,3.8,4.3,3.9
United Arab Emirates,2009,2.3,4.0,4.7,3.6
United Arab Emirates,2010,2.7,4.0,4.7,3.4
United Arab Emirates,2011,3.0,3.6,4.6,3.3
United Arab Emirates,2012,3.2,3.6,4.3,3.1
United Arab Emirates,2013,2.9,3.6,4.3,2.9
United Arab Emirates,2014,3.1,3.6,4.0,3.2
United Arab Emirates,2015,3.1,3.6,3.9,2.7
United Arab Emirates,2016,2.8,3.6,3.6,2.4
United Arab Emirates,2017,3.1,3.6,3.4,2.2
United Arab Emirates,2018,3.4,3.6,3.1,1.9000000000000001
United Arab Emirates,2019,3.1,3.6,2.8,1.6
United Arab Emirates,2020,2.8000000000000003,3.6,2.5,1.374285635925109
United Arab Emirates,2021,2.5,3.6,2.8,2.9
United Arab Emirates,2022,2.6,3.6,2.5,2.4
United Arab Emirates,2023,2.3,3.6,2.2,2.1
United Kingdom,2006,2.5,3.0,5.0,1.8
United Kingdom,2007,3.0,2.7,4.2,1.8
United Kingdom,2008,3.0,2.7,4.5,1.8
United Kingdom,2009,2.6,2.9,4.3,2.2
United Kingdom,2010,2.7,3.2,4.1,2.3
United Kingdom,2011,2.7,3.6,4.4,2.2
United Kingdom,2012,3.0,3.6,4.7,2.6
United Kingdom,2013,2.7,3.5,5.0,2.3
United Kingdom,2014,2.8,3.5,5.3,2.4
United Kingdom,2015,2.5,3.5,5.6,2.1
United Kingdom,2016,2.4,3.5,5.9,1.8
United Kingdom,2017,2.7,4.5,6.4,1.6
United Kingdom,2018,3.2,5.0,6.4,1.3472112469160173
United Kingdom,2019,3.5,5.5,6.4,1.5
United Kingdom,2020,3.8,5.8,6.4,1.6062945821150745
United Kingdom,2021,3.5,5.8,6.1,2.6
United Kingdom,2022,3.2,5.8,6.1,2.3
United Kingdom,2023,2.9,5.8,6.1,2.6
United States,2006,1.0,1.5,3.0,1.0
United States,2007,1.3,1.7,3.2,1.4
United States,2008,1.3,2.0,3.2,1.8
United States,2009,1.4,2.5,3.3,2.3
United States,2010,1.6,3.3,3.4,2.5
United States,2011,1.6,3.6,3.6,2.7
United States,2012,1.9,3.6,3.9,2.7
United States,2013,2.2,3.9,4.2,2.4
United States,2014,2.7,4.0,4.5,2.5
United States,2015,2.8,4.0,5.0,2.1
United States,2016,2.9,4.3,5.1,1.8
United States,2017,3.2,5.3,6.0,1.6
United States,2018,3.4643290185180695,5.8,6.1,1.3
United States,2019,3.5,5.8,6.1,1.2
United States,2020,3.8,6.8,6.199999999999999,1.2131292703119094
United States,2021,4.3,7.3,6.5,2.7
United States,2022,5.0,7.3,6.8,2.5
United States,2023,4.7,7.3,6.5,2.2
Uruguay,2007,3.0,2.3,2.0,4.0
Uruguay,2008,3.0,2.3,2.0,4.0
Uruguay,2009,3.3,2.5,2.0,3.6
Uruguay,2010,3.4,3.0,2.0,3.4
Uruguay,2012,4.0,2.7,2.7,3.4
Uruguay,2013,3.7,2.7,2.8,3.4
Uruguay,2014,3.4,2.7,2.7,3.7
Uruguay,2015,3.7,2.7,3.0,3.4
Uruguay,2016,3.5,2.7,2.7,3.1
Uruguay,2017,3.8,2.7,2.5,2.9
Uruguay,2018,4.1,2.7,2.2918032869878417,2.778225248994562
Uruguay,2019,4.3,2.7,2.2,2.7
Uruguay,2020,4.50319973927738,2.7,2.11816495317857,2.757466696583698
Uruguay,2021,4.2,2.7,2.4,3.8
Uruguay,2022,3.9,2.7,2.3,3.5
Uruguay,2023,3.6,2.7,2.3,3.2
Uruguay ,2006,3.0,2.5,2.0,4.0
Uruguay ,2011,3.7,2.7,2.4,3.3
Uzbekistan,2006,9.1,9.1,7.5,7.0
Uzbekistan,2007,8.9,9.2,7.1,6.8
Uzbekistan,2008,9.0,9.2,7.1,6.8
Uzbekistan,2009,9.0,9.0,7.4,6.6
Uzbekistan,2010,8.8,9.0,7.4,6.4
Uzbekistan,2011,8.5,8.7,7.4,6.0
Uzbekistan,2012,8.2,8.7,7.7,5.7
Uzbekistan,2013,7.9,8.7,7.5,5.4
Uzbekistan,2014,7.6,8.8,7.4,5.4
Uzbekistan,2015,7.6,8.8,7.6,5.4
Uzbekistan,2016,7.3,8.8,7.3,5.1
Uzbekistan,2017,7.1,8.8,7.1,4.9
Uzbekistan,2018,7.1,8.8,6.9,4.7
Uzbekistan,2019,6.8,8.8,6.6,4.4
Uzbekistan,2020,6.5,8.8,6.3,4.1000000000000005
Uzbekistan,2021,6.2,8.8,6.0,4.6
Uzbekistan,2022,5.9,8.8,5.7,4.3
Uzbekistan,2023,5.6,8.8,5.4,4.0
Venezuela,2006,7.5,7.3,6.8,7.0
Venezuela,2007,6.9,7.5,6.8,6.3
Venezuela,2008,6.6,7.5,6.8,6.3
Venezuela,2009,6.9,7.7,7.0,5.9
Venezuela,2010,6.7,7.5,6.8,6.1
Venezuela,2011,7.0,7.3,7.0,5.8
Venezuela,2012,6.7,7.3,6.7,6.3
Venezuela,2013,6.5,7.3,6.4,6.5
Venezuela,2014,6.2,7.7,6.8,7.5
Venezuela,2015,6.5,8.1,7.3,7.2
Venezuela,2016,6.8,8.2,7.4,7.2
Venezuela,2017,7.3,8.2,7.2,7.7
Venezuela,2018,7.378925018369527,8.527999999999999,7.3,7.8
Venezuela,2019,7.4,8.8,7.6,8.3
Venezuela,2020,7.244252687927739,9.152000000000001,7.3,8.4
Venezuela,2021,7.3,9.3,7.0,8.9
Venezuela,2022,7.0,9.4,6.7,8.6
Venezuela,2023,6.7,9.4,6.4,8.3
Vietnam,2006,7.5,7.0,5.3,6.6
Vietnam,2007,7.4,7.0,5.3,6.5
Vietnam,2008,6.4,6.9,5.3,6.0
Vietnam,2009,6.2,7.1,5.5,6.3
Vietnam,2010,6.0,7.0,5.3,6.4
Vietnam,2011,6.0,6.9,5.7,6.4
Vietnam,2012,5.7,6.9,6.0,6.1
Vietnam,2013,5.4,6.9,5.7,5.8
Vietnam,2014,5.1,6.9,6.0,5.5
Vietnam,2015,5.1,6.9,6.5,5.2
Vietnam,2016,4.8,6.9,6.2,4.9
Vietnam,2017,4.6,6.9,6.0,4.7
Vietnam,2018,4.3,6.9,5.7,4.4
Vietnam,2019,4.2,6.9,5.8,4.1
Vietnam,2020,4.210822322932687,6.9,5.5,3.8
Vietnam,2021,3.9,6.9,5.2,4.3
Vietnam,2022,3.8,6.9,5.1,4.0
Vietnam,2023,3.5,6.9,4.8,3.8
Yemen,2006,9.0,9.4,7.0,8.2
Yemen,2007,8.0,9.0,7.3,8.1
Yemen,2008,8.2,8.9,7.3,8.3
Yemen,2009,8.4,9.0,7.7,8.5
Yemen,2010,8.9,9.2,8.2,8.6
Yemen,2011,9.3,9.3,8.6,8.7
Yemen,2012,9.7,9.8,9.0,9.0
Yemen,2013,9.8,9.5,9.0,8.7
Yemen,2014,9.5,9.4,9.3,8.5
Yemen,2015,10.0,9.4,9.4,8.2
Yemen,2016,10.0,9.5,9.5,9.3
Yemen,2017,9.8,9.5,9.3,9.6
Yemen,2018,9.9,10.0,9.5,9.7
Yemen,2019,10.0,10.0,9.6,9.8
Yemen,2020,9.7,10.0,9.698870493625387,9.5
Yemen,2021,9.4,10.0,9.4,9.8
Yemen,2022,9.1,10.0,9.1,9.9
Yemen,2023,8.6,9.9,8.8,9.6
Zambia,2006,6.0,5.2,5.2,7.8
Zambia,2007,5.5,5.2,5.2,7.9
Zambia,2008,5.5,5.5,5.2,7.9
Zambia,2009,5.2,5.7,5.3,8.4
Zambia,2010,5.0,6.1,5.4,8.0
Zambia,2011,5.3,5.8,5.7,7.8
Zambia,2012,5.3,6.0,6.3,7.7
Zambia,2013,5.0,5.7,6.0,7.6
Zambia,2014,4.7,5.7,6.0,7.9
Zambia,2015,5.0,5.7,5.7,7.6
Zambia,2016,4.7,5.7,5.4,8.1
Zambia,2017,4.6,6.2,5.9,7.9
Zambia,2018,4.9,5.9,5.6000000000000005,7.6000000000000005
Zambia,2019,5.1,5.9,5.3,7.3
Zambia,2020,4.8,5.9,5.0,7.721490249680855
Zambia,2021,4.5,5.9,5.3,8.0
Zambia,2022,4.2,5.9,5.6,7.8
Zambia,2023,3.9,5.6,5.9,8.1
Zimbabwe,2006,9.4,8.5,8.5,9.5
Zimbabwe,2007,9.5,9.0,8.8,9.6
Zimbabwe,2008,9.5,9.3,9.5,9.6
Zimbabwe,2009,9.7,9.5,9.1,9.8
Zimbabwe,2010,9.2,9.5,8.8,9.4
Zimbabwe,2011,9.0,9.6,9.0,9.0
Zimbabwe,2012,8.7,9.8,8.7,9.1
Zimbabwe,2013,8.4,9.7,8.4,9.1
Zimbabwe,2014,8.1,10.0,8.1,8.8
Zimbabwe,2015,7.9,9.7,7.8,8.5
Zimbabwe,2016,7.8,9.8,7.5,8.5
Zimbabwe,2017,8.1,9.8,7.3,8.9
Zimbabwe,2018,9.1,10.0,7.0,8.9
Zimbabwe,2019,8.8,10.0,6.7,8.6
Zimbabwe,2020,8.5,10.0,6.4,8.679234263246721
Zimbabwe,2021,8.6,10.0,6.1,9.0
Zimbabwe,2022,8.7,9.9,5.8,8.7
Zimbabwe,2023,8.4,10.0,5.9,8.8
