country_code,country_name,year,imapp_breadth_total,imapp_breadth_borrower_based,imapp_breadth_capital_based,imapp_breadth_liquidity_funding,imapp_breadth_provision_reserve_tax
ALB,Albania,1990,0,0,0,0,0
ALB,Albania,1991,0,0,0,0,0
ALB,Albania,1992,0,0,0,0,0
ALB,Albania,1993,0,0,0,0,0
ALB,Albania,1994,0,0,0,0,0
ALB,Albania,1995,0,0,0,0,0
ALB,Albania,1996,0,0,0,0,0
ALB,Albania,1997,0,0,0,0,0
ALB,Albania,1998,0,0,0,0,0
ALB,Albania,1999,0,0,0,0,0
ALB,Albania,2000,0,0,0,0,0
ALB,Albania,2001,0,0,0,0,0
ALB,Albania,2002,0,0,0,0,0
ALB,Albania,2003,0,0,0,0,0
ALB,Albania,2004,0,0,0,0,0
ALB,Albania,2005,0,0,0,0,0
ALB,Albania,2006,0,0,0,0,0
ALB,Albania,2007,0,0,0,0,0
ALB,Albania,2008,0,0,0,0,0
ALB,Albania,2009,1,0,0,1,0
ALB,Albania,2010,2,0,0,2,0
ALB,Albania,2011,3,0,0,3,0
ALB,Albania,2012,3,0,0,3,0
ALB,Albania,2013,3,0,0,3,0
ALB,Albania,2014,4,0,1,3,0
ALB,Albania,2015,4,0,1,3,0
ALB,Albania,2016,4,0,1,3,0
ALB,Albania,2017,4,0,1,3,0
ALB,Albania,2018,5,0,1,3,1
ALB,Albania,2019,7,0,3,3,1
ALB,Albania,2020,7,0,3,3,1
ALB,Albania,2021,7,0,3,3,1
ALB,Albania,2022,8,0,4,3,1
ALB,Albania,2023,8,0,4,3,1
ALB,Albania,2024,8,0,4,3,1
DZA,Algeria,1990,0,0,0,0,0
DZA,Algeria,1991,0,0,0,0,0
DZA,Algeria,1992,0,0,0,0,0
DZA,Algeria,1993,0,0,0,0,0
DZA,Algeria,1994,0,0,0,0,0
DZA,Algeria,1995,1,0,0,1,0
DZA,Algeria,1996,1,0,0,1,0
DZA,Algeria,1997,1,0,0,1,0
DZA,Algeria,1998,1,0,0,1,0
DZA,Algeria,1999,1,0,0,1,0
DZA,Algeria,2000,1,0,0,1,0
DZA,Algeria,2001,1,0,0,1,0
DZA,Algeria,2002,1,0,0,1,0
DZA,Algeria,2003,1,0,0,1,0
DZA,Algeria,2004,1,0,0,1,0
DZA,Algeria,2005,1,0,0,1,0
DZA,Algeria,2006,1,0,0,1,0
DZA,Algeria,2007,2,1,0,1,0
DZA,Algeria,2008,3,2,0,1,0
DZA,Algeria,2009,3,2,0,1,0
DZA,Algeria,2010,3,2,0,1,0
DZA,Algeria,2011,4,2,0,2,0
DZA,Algeria,2012,4,2,0,2,0
DZA,Algeria,2013,4,2,0,2,0
DZA,Algeria,2014,5,2,1,2,0
DZA,Algeria,2015,5,2,1,2,0
DZA,Algeria,2016,5,2,1,2,0
DZA,Algeria,2017,5,2,1,2,0
DZA,Algeria,2018,5,2,1,2,0
DZA,Algeria,2019,5,2,1,2,0
DZA,Algeria,2020,5,2,1,2,0
DZA,Algeria,2021,5,2,1,2,0
DZA,Algeria,2022,5,2,1,2,0
DZA,Algeria,2023,5,2,1,2,0
DZA,Algeria,2024,5,2,1,2,0
AGO,Angola,1990,0,0,0,0,0
AGO,Angola,1991,0,0,0,0,0
AGO,Angola,1992,0,0,0,0,0
AGO,Angola,1993,0,0,0,0,0
AGO,Angola,1994,0,0,0,0,0
AGO,Angola,1995,0,0,0,0,0
AGO,Angola,1996,0,0,0,0,0
AGO,Angola,1997,0,0,0,0,0
AGO,Angola,1998,0,0,0,0,0
AGO,Angola,1999,0,0,0,0,0
AGO,Angola,2000,0,0,0,0,0
AGO,Angola,2001,0,0,0,0,0
AGO,Angola,2002,0,0,0,0,0
AGO,Angola,2003,1,0,0,1,0
AGO,Angola,2004,1,0,0,1,0
AGO,Angola,2005,1,0,0,1,0
AGO,Angola,2006,1,0,0,1,0
AGO,Angola,2007,1,0,0,1,0
AGO,Angola,2008,1,0,0,1,0
AGO,Angola,2009,2,0,0,2,0
AGO,Angola,2010,2,0,0,2,0
AGO,Angola,2011,2,0,0,2,0
AGO,Angola,2012,2,0,0,2,0
AGO,Angola,2013,2,0,0,2,0
AGO,Angola,2014,3,1,0,2,0
AGO,Angola,2015,3,1,0,2,0
AGO,Angola,2016,4,1,0,3,0
AGO,Angola,2017,4,1,0,3,0
AGO,Angola,2018,5,1,0,3,1
AGO,Angola,2019,5,1,0,3,1
AGO,Angola,2020,5,1,0,3,1
AGO,Angola,2021,8,1,3,3,1
AGO,Angola,2022,8,1,3,3,1
AGO,Angola,2023,8,1,3,3,1
AGO,Angola,2024,8,1,3,3,1
ARG,Argentina,1990,0,0,0,0,0
ARG,Argentina,1991,0,0,0,0,0
ARG,Argentina,1992,0,0,0,0,0
ARG,Argentina,1993,0,0,0,0,0
ARG,Argentina,1994,0,0,0,0,0
ARG,Argentina,1995,0,0,0,0,0
ARG,Argentina,1996,0,0,0,0,0
ARG,Argentina,1997,0,0,0,0,0
ARG,Argentina,1998,0,0,0,0,0
ARG,Argentina,1999,0,0,0,0,0
ARG,Argentina,2000,0,0,0,0,0
ARG,Argentina,2001,0,0,0,0,0
ARG,Argentina,2002,0,0,0,0,0
ARG,Argentina,2003,3,0,1,1,1
ARG,Argentina,2004,3,0,1,1,1
ARG,Argentina,2005,4,0,1,2,1
ARG,Argentina,2006,4,0,1,2,1
ARG,Argentina,2007,4,0,1,2,1
ARG,Argentina,2008,4,0,1,2,1
ARG,Argentina,2009,4,0,1,2,1
ARG,Argentina,2010,5,0,2,2,1
ARG,Argentina,2011,5,0,2,2,1
ARG,Argentina,2012,5,0,2,2,1
ARG,Argentina,2013,5,0,2,2,1
ARG,Argentina,2014,5,0,2,2,1
ARG,Argentina,2015,6,0,2,3,1
ARG,Argentina,2016,7,0,3,3,1
ARG,Argentina,2017,7,0,3,3,1
ARG,Argentina,2018,8,0,4,3,1
ARG,Argentina,2019,8,0,4,3,1
ARG,Argentina,2020,9,0,4,3,2
ARG,Argentina,2021,9,0,4,3,2
ARG,Argentina,2022,9,0,4,3,2
ARG,Argentina,2023,9,0,4,3,2
ARG,Argentina,2024,9,0,4,3,2
ARM,Armenia,1990,0,0,0,0,0
ARM,Armenia,1991,0,0,0,0,0
ARM,Armenia,1992,0,0,0,0,0
ARM,Armenia,1993,0,0,0,0,0
ARM,Armenia,1994,1,0,0,0,1
ARM,Armenia,1995,1,0,0,0,1
ARM,Armenia,1996,2,0,0,1,1
ARM,Armenia,1997,2,0,0,1,1
ARM,Armenia,1998,2,0,0,1,1
ARM,Armenia,1999,2,0,0,1,1
ARM,Armenia,2000,2,0,0,1,1
ARM,Armenia,2001,3,1,0,1,1
ARM,Armenia,2002,3,1,0,1,1
ARM,Armenia,2003,3,1,0,1,1
ARM,Armenia,2004,3,1,0,1,1
ARM,Armenia,2005,3,1,0,1,1
ARM,Armenia,2006,3,1,0,1,1
ARM,Armenia,2007,4,1,0,2,1
ARM,Armenia,2008,5,1,1,2,1
ARM,Armenia,2009,5,1,1,2,1
ARM,Armenia,2010,5,1,1,2,1
ARM,Armenia,2011,5,1,1,2,1
ARM,Armenia,2012,5,1,1,2,1
ARM,Armenia,2013,5,1,1,2,1
ARM,Armenia,2014,5,1,1,2,1
ARM,Armenia,2015,5,1,1,2,1
ARM,Armenia,2016,5,1,1,2,1
ARM,Armenia,2017,5,1,1,2,1
ARM,Armenia,2018,5,1,1,2,1
ARM,Armenia,2019,5,1,1,2,1
ARM,Armenia,2020,7,1,3,2,1
ARM,Armenia,2021,7,1,3,2,1
ARM,Armenia,2022,8,2,3,2,1
ARM,Armenia,2023,10,3,4,2,1
ARM,Armenia,2024,10,3,4,2,1
AUS,Australia,1990,0,0,0,0,0
AUS,Australia,1991,0,0,0,0,0
AUS,Australia,1992,0,0,0,0,0
AUS,Australia,1993,0,0,0,0,0
AUS,Australia,1994,0,0,0,0,0
AUS,Australia,1995,0,0,0,0,0
AUS,Australia,1996,0,0,0,0,0
AUS,Australia,1997,0,0,0,0,0
AUS,Australia,1998,1,0,1,0,0
AUS,Australia,1999,1,0,1,0,0
AUS,Australia,2000,1,0,1,0,0
AUS,Australia,2001,1,0,1,0,0
AUS,Australia,2002,1,0,1,0,0
AUS,Australia,2003,1,0,1,0,0
AUS,Australia,2004,1,0,1,0,0
AUS,Australia,2005,1,0,1,0,0
AUS,Australia,2006,1,0,1,0,0
AUS,Australia,2007,1,0,1,0,0
AUS,Australia,2008,1,0,1,0,0
AUS,Australia,2009,1,0,1,0,0
AUS,Australia,2010,1,0,1,0,0
AUS,Australia,2011,1,0,1,0,0
AUS,Australia,2012,1,0,1,0,0
AUS,Australia,2013,1,0,1,0,0
AUS,Australia,2014,2,1,1,0,0
AUS,Australia,2015,5,2,1,1,1
AUS,Australia,2016,7,2,3,1,1
AUS,Australia,2017,7,2,3,1,1
AUS,Australia,2018,7,2,3,1,1
AUS,Australia,2019,7,2,3,1,1
AUS,Australia,2020,8,2,4,1,1
AUS,Australia,2021,8,2,4,1,1
AUS,Australia,2022,9,2,4,1,2
AUS,Australia,2023,10,2,5,1,2
AUS,Australia,2024,10,2,5,1,2
AUT,Austria,1990,0,0,0,0,0
AUT,Austria,1991,0,0,0,0,0
AUT,Austria,1992,0,0,0,0,0
AUT,Austria,1993,0,0,0,0,0
AUT,Austria,1994,0,0,0,0,0
AUT,Austria,1995,0,0,0,0,0
AUT,Austria,1996,0,0,0,0,0
AUT,Austria,1997,0,0,0,0,0
AUT,Austria,1998,0,0,0,0,0
AUT,Austria,1999,1,0,0,0,1
AUT,Austria,2000,1,0,0,0,1
AUT,Austria,2001,1,0,0,0,1
AUT,Austria,2002,1,0,0,0,1
AUT,Austria,2003,2,0,0,1,1
AUT,Austria,2004,2,0,0,1,1
AUT,Austria,2005,2,0,0,1,1
AUT,Austria,2006,2,0,0,1,1
AUT,Austria,2007,2,0,0,1,1
AUT,Austria,2008,2,0,0,1,1
AUT,Austria,2009,2,0,0,1,1
AUT,Austria,2010,2,0,0,1,1
AUT,Austria,2011,2,0,0,1,1
AUT,Austria,2012,2,0,0,1,1
AUT,Austria,2013,2,0,0,1,1
AUT,Austria,2014,2,0,0,1,1
AUT,Austria,2015,3,0,0,2,1
AUT,Austria,2016,6,0,3,2,1
AUT,Austria,2017,6,0,3,2,1
AUT,Austria,2018,7,0,3,2,2
AUT,Austria,2019,7,0,3,2,2
AUT,Austria,2020,7,0,3,2,2
AUT,Austria,2021,8,0,4,2,2
AUT,Austria,2022,11,3,4,2,2
AUT,Austria,2023,11,3,4,2,2
AUT,Austria,2024,11,3,4,2,2
AZE,Azerbaijan,1990,0,0,0,0,0
AZE,Azerbaijan,1991,0,0,0,0,0
AZE,Azerbaijan,1992,0,0,0,0,0
AZE,Azerbaijan,1993,0,0,0,0,0
AZE,Azerbaijan,1994,0,0,0,0,0
AZE,Azerbaijan,1995,0,0,0,0,0
AZE,Azerbaijan,1996,1,0,0,1,0
AZE,Azerbaijan,1997,1,0,0,1,0
AZE,Azerbaijan,1998,1,0,0,1,0
AZE,Azerbaijan,1999,1,0,0,1,0
AZE,Azerbaijan,2000,1,0,0,1,0
AZE,Azerbaijan,2001,1,0,0,1,0
AZE,Azerbaijan,2002,1,0,0,1,0
AZE,Azerbaijan,2003,1,0,0,1,0
AZE,Azerbaijan,2004,1,0,0,1,0
AZE,Azerbaijan,2005,2,0,0,1,1
AZE,Azerbaijan,2006,2,0,0,1,1
AZE,Azerbaijan,2007,2,0,0,1,1
AZE,Azerbaijan,2008,2,0,0,1,1
AZE,Azerbaijan,2009,2,0,0,1,1
AZE,Azerbaijan,2010,4,0,1,2,1
AZE,Azerbaijan,2011,4,0,1,2,1
AZE,Azerbaijan,2012,4,0,1,2,1
AZE,Azerbaijan,2013,4,0,1,2,1
AZE,Azerbaijan,2014,4,0,1,2,1
AZE,Azerbaijan,2015,4,0,1,2,1
AZE,Azerbaijan,2016,4,0,1,2,1
AZE,Azerbaijan,2017,4,0,1,2,1
AZE,Azerbaijan,2018,4,0,1,2,1
AZE,Azerbaijan,2019,5,1,1,2,1
AZE,Azerbaijan,2020,7,1,3,2,1
AZE,Azerbaijan,2021,8,1,4,2,1
AZE,Azerbaijan,2022,11,3,4,3,1
AZE,Azerbaijan,2023,11,3,4,3,1
AZE,Azerbaijan,2024,11,3,4,3,1
BHS,Bahamas,1990,1,1,0,0,0
BHS,Bahamas,1991,1,1,0,0,0
BHS,Bahamas,1992,1,1,0,0,0
BHS,Bahamas,1993,1,1,0,0,0
BHS,Bahamas,1994,1,1,0,0,0
BHS,Bahamas,1995,1,1,0,0,0
BHS,Bahamas,1996,1,1,0,0,0
BHS,Bahamas,1997,1,1,0,0,0
BHS,Bahamas,1998,1,1,0,0,0
BHS,Bahamas,1999,1,1,0,0,0
BHS,Bahamas,2000,1,1,0,0,0
BHS,Bahamas,2001,1,1,0,0,0
BHS,Bahamas,2002,1,1,0,0,0
BHS,Bahamas,2003,1,1,0,0,0
BHS,Bahamas,2004,2,2,0,0,0
BHS,Bahamas,2005,3,2,0,1,0
BHS,Bahamas,2006,3,2,0,1,0
BHS,Bahamas,2007,3,2,0,1,0
BHS,Bahamas,2008,3,2,0,1,0
BHS,Bahamas,2009,3,2,0,1,0
BHS,Bahamas,2010,3,2,0,1,0
BHS,Bahamas,2011,3,2,0,1,0
BHS,Bahamas,2012,4,2,0,2,0
BHS,Bahamas,2013,4,2,0,2,0
BHS,Bahamas,2014,4,2,0,2,0
BHS,Bahamas,2015,4,2,0,2,0
BHS,Bahamas,2016,4,2,0,2,0
BHS,Bahamas,2017,4,2,0,2,0
BHS,Bahamas,2018,5,2,0,2,1
BHS,Bahamas,2019,5,2,0,2,1
BHS,Bahamas,2020,5,2,0,2,1
BHS,Bahamas,2021,5,2,0,2,1
BHS,Bahamas,2022,9,2,4,2,1
BHS,Bahamas,2023,9,2,4,2,1
BHS,Bahamas,2024,9,2,4,2,1
BHR,Bahrain,1990,1,0,0,0,1
BHR,Bahrain,1991,1,0,0,0,1
BHR,Bahrain,1992,1,0,0,0,1
BHR,Bahrain,1993,1,0,0,0,1
BHR,Bahrain,1994,1,0,0,0,1
BHR,Bahrain,1995,1,0,0,0,1
BHR,Bahrain,1996,1,0,0,0,1
BHR,Bahrain,1997,1,0,0,0,1
BHR,Bahrain,1998,1,0,0,0,1
BHR,Bahrain,1999,1,0,0,0,1
BHR,Bahrain,2000,1,0,0,0,1
BHR,Bahrain,2001,1,0,0,0,1
BHR,Bahrain,2002,1,0,0,0,1
BHR,Bahrain,2003,1,0,0,0,1
BHR,Bahrain,2004,1,0,0,0,1
BHR,Bahrain,2005,1,0,0,0,1
BHR,Bahrain,2006,1,0,0,0,1
BHR,Bahrain,2007,1,0,0,0,1
BHR,Bahrain,2008,1,0,0,0,1
BHR,Bahrain,2009,1,0,0,0,1
BHR,Bahrain,2010,1,0,0,0,1
BHR,Bahrain,2011,1,0,0,0,1
BHR,Bahrain,2012,3,1,0,1,1
BHR,Bahrain,2013,4,1,1,1,1
BHR,Bahrain,2014,4,1,1,1,1
BHR,Bahrain,2015,4,1,1,1,1
BHR,Bahrain,2016,4,1,1,1,1
BHR,Bahrain,2017,4,1,1,1,1
BHR,Bahrain,2018,6,1,2,1,2
BHR,Bahrain,2019,6,1,2,1,2
BHR,Bahrain,2020,9,2,3,2,2
BHR,Bahrain,2021,9,2,3,2,2
BHR,Bahrain,2022,9,2,3,2,2
BHR,Bahrain,2023,9,2,3,2,2
BHR,Bahrain,2024,9,2,3,2,2
BGD,Bangladesh,1990,0,0,0,0,0
BGD,Bangladesh,1991,0,0,0,0,0
BGD,Bangladesh,1992,0,0,0,0,0
BGD,Bangladesh,1993,0,0,0,0,0
BGD,Bangladesh,1994,0,0,0,0,0
BGD,Bangladesh,1995,0,0,0,0,0
BGD,Bangladesh,1996,0,0,0,0,0
BGD,Bangladesh,1997,0,0,0,0,0
BGD,Bangladesh,1998,0,0,0,0,0
BGD,Bangladesh,1999,0,0,0,0,0
BGD,Bangladesh,2000,0,0,0,0,0
BGD,Bangladesh,2001,0,0,0,0,0
BGD,Bangladesh,2002,0,0,0,0,0
BGD,Bangladesh,2003,0,0,0,0,0
BGD,Bangladesh,2004,3,3,0,0,0
BGD,Bangladesh,2005,3,3,0,0,0
BGD,Bangladesh,2006,3,3,0,0,0
BGD,Bangladesh,2007,3,3,0,0,0
BGD,Bangladesh,2008,4,3,1,0,0
BGD,Bangladesh,2009,5,3,1,1,0
BGD,Bangladesh,2010,5,3,1,1,0
BGD,Bangladesh,2011,6,3,1,2,0
BGD,Bangladesh,2012,8,4,1,2,1
BGD,Bangladesh,2013,8,4,1,2,1
BGD,Bangladesh,2014,10,4,1,3,2
BGD,Bangladesh,2015,11,4,2,3,2
BGD,Bangladesh,2016,12,4,3,3,2
BGD,Bangladesh,2017,12,4,3,3,2
BGD,Bangladesh,2018,12,4,3,3,2
BGD,Bangladesh,2019,12,4,3,3,2
BGD,Bangladesh,2020,12,4,3,3,2
BGD,Bangladesh,2021,12,4,3,3,2
BGD,Bangladesh,2022,12,4,3,3,2
BGD,Bangladesh,2023,12,4,3,3,2
BGD,Bangladesh,2024,12,4,3,3,2
BLR,Belarus,1990,0,0,0,0,0
BLR,Belarus,1991,1,0,0,0,1
BLR,Belarus,1992,1,0,0,0,1
BLR,Belarus,1993,1,0,0,0,1
BLR,Belarus,1994,1,0,0,0,1
BLR,Belarus,1995,1,0,0,0,1
BLR,Belarus,1996,1,0,0,0,1
BLR,Belarus,1997,1,0,0,0,1
BLR,Belarus,1998,1,0,0,0,1
BLR,Belarus,1999,1,0,0,0,1
BLR,Belarus,2000,1,0,0,0,1
BLR,Belarus,2001,1,0,0,0,1
BLR,Belarus,2002,2,0,0,1,1
BLR,Belarus,2003,2,0,0,1,1
BLR,Belarus,2004,2,0,0,1,1
BLR,Belarus,2005,2,0,0,1,1
BLR,Belarus,2006,2,0,0,1,1
BLR,Belarus,2007,3,0,0,1,2
BLR,Belarus,2008,3,0,0,1,2
BLR,Belarus,2009,4,0,0,2,2
BLR,Belarus,2010,4,0,0,2,2
BLR,Belarus,2011,4,0,0,2,2
BLR,Belarus,2012,4,0,0,2,2
BLR,Belarus,2013,4,0,0,2,2
BLR,Belarus,2014,4,0,0,2,2
BLR,Belarus,2015,4,0,0,2,2
BLR,Belarus,2016,6,0,2,2,2
BLR,Belarus,2017,8,1,3,2,2
BLR,Belarus,2018,12,3,4,3,2
BLR,Belarus,2019,12,3,4,3,2
BLR,Belarus,2020,12,3,4,3,2
BLR,Belarus,2021,12,3,4,3,2
BLR,Belarus,2022,12,3,4,3,2
BLR,Belarus,2023,12,3,4,3,2
BLR,Belarus,2024,12,3,4,3,2
BEL,Belgium,1990,0,0,0,0,0
BEL,Belgium,1991,0,0,0,0,0
BEL,Belgium,1992,0,0,0,0,0
BEL,Belgium,1993,0,0,0,0,0
BEL,Belgium,1994,0,0,0,0,0
BEL,Belgium,1995,0,0,0,0,0
BEL,Belgium,1996,0,0,0,0,0
BEL,Belgium,1997,0,0,0,0,0
BEL,Belgium,1998,0,0,0,0,0
BEL,Belgium,1999,1,0,0,0,1
BEL,Belgium,2000,1,0,0,0,1
BEL,Belgium,2001,1,0,0,0,1
BEL,Belgium,2002,1,0,0,0,1
BEL,Belgium,2003,1,0,0,0,1
BEL,Belgium,2004,1,0,0,0,1
BEL,Belgium,2005,1,0,0,0,1
BEL,Belgium,2006,1,0,0,0,1
BEL,Belgium,2007,1,0,0,0,1
BEL,Belgium,2008,1,0,0,0,1
BEL,Belgium,2009,1,0,0,0,1
BEL,Belgium,2010,1,0,0,0,1
BEL,Belgium,2011,1,0,0,0,1
BEL,Belgium,2012,1,0,0,0,1
BEL,Belgium,2013,2,0,1,0,1
BEL,Belgium,2014,2,0,1,0,1
BEL,Belgium,2015,2,0,1,0,1
BEL,Belgium,2016,4,0,3,0,1
BEL,Belgium,2017,5,0,3,1,1
BEL,Belgium,2018,6,0,3,1,2
BEL,Belgium,2019,6,0,3,1,2
BEL,Belgium,2020,9,1,5,1,2
BEL,Belgium,2021,9,1,5,1,2
BEL,Belgium,2022,9,1,5,1,2
BEL,Belgium,2023,9,1,5,1,2
BEL,Belgium,2024,9,1,5,1,2
BEN,Benin,1990,0,0,0,0,0
BEN,Benin,1991,0,0,0,0,0
BEN,Benin,1992,0,0,0,0,0
BEN,Benin,1993,0,0,0,0,0
BEN,Benin,1994,0,0,0,0,0
BEN,Benin,1995,0,0,0,0,0
BEN,Benin,1996,0,0,0,0,0
BEN,Benin,1997,0,0,0,0,0
BEN,Benin,1998,0,0,0,0,0
BEN,Benin,1999,0,0,0,0,0
BEN,Benin,2000,0,0,0,0,0
BEN,Benin,2001,0,0,0,0,0
BEN,Benin,2002,0,0,0,0,0
BEN,Benin,2003,0,0,0,0,0
BEN,Benin,2004,0,0,0,0,0
BEN,Benin,2005,0,0,0,0,0
BEN,Benin,2006,0,0,0,0,0
BEN,Benin,2007,0,0,0,0,0
BEN,Benin,2008,0,0,0,0,0
BEN,Benin,2009,0,0,0,0,0
BEN,Benin,2010,0,0,0,0,0
BEN,Benin,2011,1,0,0,1,0
BEN,Benin,2012,1,0,0,1,0
BEN,Benin,2013,1,0,0,1,0
BEN,Benin,2014,1,0,0,1,0
BEN,Benin,2015,1,0,0,1,0
BEN,Benin,2016,1,0,0,1,0
BEN,Benin,2017,1,0,0,1,0
BEN,Benin,2018,6,1,3,2,0
BEN,Benin,2019,6,1,3,2,0
BEN,Benin,2020,7,1,4,2,0
BEN,Benin,2021,7,1,4,2,0
BEN,Benin,2022,7,1,4,2,0
BEN,Benin,2023,7,1,4,2,0
BEN,Benin,2024,7,1,4,2,0
BTN,Bhutan,1990,0,0,0,0,0
BTN,Bhutan,1991,0,0,0,0,0
BTN,Bhutan,1992,1,0,0,1,0
BTN,Bhutan,1993,1,0,0,1,0
BTN,Bhutan,1994,1,0,0,1,0
BTN,Bhutan,1995,1,0,0,1,0
BTN,Bhutan,1996,1,0,0,1,0
BTN,Bhutan,1997,1,0,0,1,0
BTN,Bhutan,1998,1,0,0,1,0
BTN,Bhutan,1999,1,0,0,1,0
BTN,Bhutan,2000,1,0,0,1,0
BTN,Bhutan,2001,1,0,0,1,0
BTN,Bhutan,2002,2,0,0,2,0
BTN,Bhutan,2003,2,0,0,2,0
BTN,Bhutan,2004,2,0,0,2,0
BTN,Bhutan,2005,2,0,0,2,0
BTN,Bhutan,2006,2,0,0,2,0
BTN,Bhutan,2007,2,0,0,2,0
BTN,Bhutan,2008,2,0,0,2,0
BTN,Bhutan,2009,2,0,0,2,0
BTN,Bhutan,2010,2,0,0,2,0
BTN,Bhutan,2011,2,0,0,2,0
BTN,Bhutan,2012,2,0,0,2,0
BTN,Bhutan,2013,2,0,0,2,0
BTN,Bhutan,2014,5,2,1,2,0
BTN,Bhutan,2015,5,2,1,2,0
BTN,Bhutan,2016,6,2,2,2,0
BTN,Bhutan,2017,7,2,2,2,1
BTN,Bhutan,2018,7,2,2,2,1
BTN,Bhutan,2019,7,2,2,2,1
BTN,Bhutan,2020,7,2,2,2,1
BTN,Bhutan,2021,7,2,2,2,1
BTN,Bhutan,2022,7,2,2,2,1
BTN,Bhutan,2023,7,2,2,2,1
BTN,Bhutan,2024,7,2,2,2,1
BIH,BosniaandHerzegovina,1990,0,0,0,0,0
BIH,BosniaandHerzegovina,1991,0,0,0,0,0
BIH,BosniaandHerzegovina,1992,0,0,0,0,0
BIH,BosniaandHerzegovina,1993,0,0,0,0,0
BIH,BosniaandHerzegovina,1994,0,0,0,0,0
BIH,BosniaandHerzegovina,1995,0,0,0,0,0
BIH,BosniaandHerzegovina,1996,0,0,0,0,0
BIH,BosniaandHerzegovina,1997,0,0,0,0,0
BIH,BosniaandHerzegovina,1998,2,0,0,1,1
BIH,BosniaandHerzegovina,1999,2,0,0,1,1
BIH,BosniaandHerzegovina,2000,2,0,0,1,1
BIH,BosniaandHerzegovina,2001,2,0,0,1,1
BIH,BosniaandHerzegovina,2002,2,0,0,1,1
BIH,BosniaandHerzegovina,2003,2,0,0,1,1
BIH,BosniaandHerzegovina,2004,2,0,0,1,1
BIH,BosniaandHerzegovina,2005,2,0,0,1,1
BIH,BosniaandHerzegovina,2006,2,0,0,1,1
BIH,BosniaandHerzegovina,2007,2,0,0,1,1
BIH,BosniaandHerzegovina,2008,2,0,0,1,1
BIH,BosniaandHerzegovina,2009,2,0,0,1,1
BIH,BosniaandHerzegovina,2010,2,0,0,1,1
BIH,BosniaandHerzegovina,2011,2,0,0,1,1
BIH,BosniaandHerzegovina,2012,2,0,0,1,1
BIH,BosniaandHerzegovina,2013,2,0,0,1,1
BIH,BosniaandHerzegovina,2014,2,0,0,1,1
BIH,BosniaandHerzegovina,2015,2,0,0,1,1
BIH,BosniaandHerzegovina,2016,2,0,0,1,1
BIH,BosniaandHerzegovina,2017,5,0,2,2,1
BIH,BosniaandHerzegovina,2018,5,0,2,2,1
BIH,BosniaandHerzegovina,2019,5,0,2,2,1
BIH,BosniaandHerzegovina,2020,6,0,2,2,2
BIH,BosniaandHerzegovina,2021,6,0,2,2,2
BIH,BosniaandHerzegovina,2022,7,0,3,2,2
BIH,BosniaandHerzegovina,2023,7,0,3,2,2
BIH,BosniaandHerzegovina,2024,8,0,4,2,2
BWA,Botswana,1990,0,0,0,0,0
BWA,Botswana,1991,0,0,0,0,0
BWA,Botswana,1992,0,0,0,0,0
BWA,Botswana,1993,0,0,0,0,0
BWA,Botswana,1994,0,0,0,0,0
BWA,Botswana,1995,2,1,0,1,0
BWA,Botswana,1996,2,1,0,1,0
BWA,Botswana,1997,3,1,0,2,0
BWA,Botswana,1998,3,1,0,2,0
BWA,Botswana,1999,3,1,0,2,0
BWA,Botswana,2000,3,1,0,2,0
BWA,Botswana,2001,3,1,0,2,0
BWA,Botswana,2002,3,1,0,2,0
BWA,Botswana,2003,3,1,0,2,0
BWA,Botswana,2004,3,1,0,2,0
BWA,Botswana,2005,3,1,0,2,0
BWA,Botswana,2006,3,1,0,2,0
BWA,Botswana,2007,3,1,0,2,0
BWA,Botswana,2008,3,1,0,2,0
BWA,Botswana,2009,3,1,0,2,0
BWA,Botswana,2010,3,1,0,2,0
BWA,Botswana,2011,3,1,0,2,0
BWA,Botswana,2012,3,1,0,2,0
BWA,Botswana,2013,3,1,0,2,0
BWA,Botswana,2014,3,1,0,2,0
BWA,Botswana,2015,3,1,0,2,0
BWA,Botswana,2016,4,1,1,2,0
BWA,Botswana,2017,4,1,1,2,0
BWA,Botswana,2018,5,1,1,2,1
BWA,Botswana,2019,5,1,1,2,1
BWA,Botswana,2020,5,1,1,2,1
BWA,Botswana,2021,5,1,1,2,1
BWA,Botswana,2022,5,1,1,2,1
BWA,Botswana,2023,5,1,1,2,1
BWA,Botswana,2024,5,1,1,2,1
BRA,Brazil,1990,0,0,0,0,0
BRA,Brazil,1991,0,0,0,0,0
BRA,Brazil,1992,0,0,0,0,0
BRA,Brazil,1993,0,0,0,0,0
BRA,Brazil,1994,1,0,0,0,1
BRA,Brazil,1995,1,0,0,0,1
BRA,Brazil,1996,1,0,0,0,1
BRA,Brazil,1997,1,0,0,0,1
BRA,Brazil,1998,1,0,0,0,1
BRA,Brazil,1999,1,0,0,0,1
BRA,Brazil,2000,2,0,0,0,2
BRA,Brazil,2001,2,0,0,0,2
BRA,Brazil,2002,2,0,0,0,2
BRA,Brazil,2003,2,0,0,0,2
BRA,Brazil,2004,2,0,0,0,2
BRA,Brazil,2005,2,0,0,0,2
BRA,Brazil,2006,2,0,0,0,2
BRA,Brazil,2007,4,0,1,1,2
BRA,Brazil,2008,4,0,1,1,2
BRA,Brazil,2009,5,0,1,1,3
BRA,Brazil,2010,5,0,1,1,3
BRA,Brazil,2011,5,0,1,1,3
BRA,Brazil,2012,5,0,1,1,3
BRA,Brazil,2013,6,1,1,1,3
BRA,Brazil,2014,6,1,1,1,3
BRA,Brazil,2015,8,1,2,2,3
BRA,Brazil,2016,9,1,3,2,3
BRA,Brazil,2017,10,1,4,2,3
BRA,Brazil,2018,10,1,4,2,3
BRA,Brazil,2019,10,1,4,2,3
BRA,Brazil,2020,10,1,4,2,3
BRA,Brazil,2021,11,1,4,3,3
BRA,Brazil,2022,11,1,4,3,3
BRA,Brazil,2023,11,1,4,3,3
BRA,Brazil,2024,11,1,4,3,3
BRN,BruneiDarussalam,1990,0,0,0,0,0
BRN,BruneiDarussalam,1991,0,0,0,0,0
BRN,BruneiDarussalam,1992,0,0,0,0,0
BRN,BruneiDarussalam,1993,0,0,0,0,0
BRN,BruneiDarussalam,1994,0,0,0,0,0
BRN,BruneiDarussalam,1995,1,0,0,0,1
BRN,BruneiDarussalam,1996,1,0,0,0,1
BRN,BruneiDarussalam,1997,1,0,0,0,1
BRN,BruneiDarussalam,1998,1,0,0,0,1
BRN,BruneiDarussalam,1999,1,0,0,0,1
BRN,BruneiDarussalam,2000,1,0,0,0,1
BRN,BruneiDarussalam,2001,1,0,0,0,1
BRN,BruneiDarussalam,2002,1,0,0,0,1
BRN,BruneiDarussalam,2003,1,0,0,0,1
BRN,BruneiDarussalam,2004,1,0,0,0,1
BRN,BruneiDarussalam,2005,2,1,0,0,1
BRN,BruneiDarussalam,2006,3,2,0,0,1
BRN,BruneiDarussalam,2007,3,2,0,0,1
BRN,BruneiDarussalam,2008,3,2,0,0,1
BRN,BruneiDarussalam,2009,3,2,0,0,1
BRN,BruneiDarussalam,2010,4,3,0,0,1
BRN,BruneiDarussalam,2011,4,3,0,0,1
BRN,BruneiDarussalam,2012,5,4,0,0,1
BRN,BruneiDarussalam,2013,5,4,0,0,1
BRN,BruneiDarussalam,2014,5,4,0,0,1
BRN,BruneiDarussalam,2015,5,4,0,0,1
BRN,BruneiDarussalam,2016,5,4,0,0,1
BRN,BruneiDarussalam,2017,5,4,0,0,1
BRN,BruneiDarussalam,2018,6,4,0,0,2
BRN,BruneiDarussalam,2019,6,4,0,0,2
BRN,BruneiDarussalam,2020,6,4,0,0,2
BRN,BruneiDarussalam,2021,7,4,1,0,2
BRN,BruneiDarussalam,2022,7,4,1,0,2
BRN,BruneiDarussalam,2023,8,4,2,0,2
BRN,BruneiDarussalam,2024,8,4,2,0,2
BGR,Bulgaria,1990,1,0,0,0,1
BGR,Bulgaria,1991,1,0,0,0,1
BGR,Bulgaria,1992,1,0,0,0,1
BGR,Bulgaria,1993,1,0,0,0,1
BGR,Bulgaria,1994,1,0,0,0,1
BGR,Bulgaria,1995,1,0,0,0,1
BGR,Bulgaria,1996,1,0,0,0,1
BGR,Bulgaria,1997,1,0,0,0,1
BGR,Bulgaria,1998,1,0,0,0,1
BGR,Bulgaria,1999,1,0,0,0,1
BGR,Bulgaria,2000,1,0,0,0,1
BGR,Bulgaria,2001,1,0,0,0,1
BGR,Bulgaria,2002,1,0,0,0,1
BGR,Bulgaria,2003,1,0,0,0,1
BGR,Bulgaria,2004,2,0,1,0,1
BGR,Bulgaria,2005,4,1,1,0,2
BGR,Bulgaria,2006,5,2,1,0,2
BGR,Bulgaria,2007,5,2,1,0,2
BGR,Bulgaria,2008,5,2,1,0,2
BGR,Bulgaria,2009,5,2,1,0,2
BGR,Bulgaria,2010,5,2,1,0,2
BGR,Bulgaria,2011,5,2,1,0,2
BGR,Bulgaria,2012,5,2,1,0,2
BGR,Bulgaria,2013,5,2,1,0,2
BGR,Bulgaria,2014,6,2,2,0,2
BGR,Bulgaria,2015,7,2,2,1,2
BGR,Bulgaria,2016,7,2,2,1,2
BGR,Bulgaria,2017,7,2,2,1,2
BGR,Bulgaria,2018,8,2,3,1,2
BGR,Bulgaria,2019,9,2,4,1,2
BGR,Bulgaria,2020,9,2,4,1,2
BGR,Bulgaria,2021,10,2,5,1,2
BGR,Bulgaria,2022,10,2,5,1,2
BGR,Bulgaria,2023,10,2,5,1,2
BGR,Bulgaria,2024,12,4,5,1,2
BFA,BurkinaFaso,1990,0,0,0,0,0
BFA,BurkinaFaso,1991,0,0,0,0,0
BFA,BurkinaFaso,1992,0,0,0,0,0
BFA,BurkinaFaso,1993,0,0,0,0,0
BFA,BurkinaFaso,1994,0,0,0,0,0
BFA,BurkinaFaso,1995,0,0,0,0,0
BFA,BurkinaFaso,1996,0,0,0,0,0
BFA,BurkinaFaso,1997,0,0,0,0,0
BFA,BurkinaFaso,1998,0,0,0,0,0
BFA,BurkinaFaso,1999,0,0,0,0,0
BFA,BurkinaFaso,2000,0,0,0,0,0
BFA,BurkinaFaso,2001,0,0,0,0,0
BFA,BurkinaFaso,2002,0,0,0,0,0
BFA,BurkinaFaso,2003,0,0,0,0,0
BFA,BurkinaFaso,2004,0,0,0,0,0
BFA,BurkinaFaso,2005,0,0,0,0,0
BFA,BurkinaFaso,2006,0,0,0,0,0
BFA,BurkinaFaso,2007,0,0,0,0,0
BFA,BurkinaFaso,2008,0,0,0,0,0
BFA,BurkinaFaso,2009,0,0,0,0,0
BFA,BurkinaFaso,2010,0,0,0,0,0
BFA,BurkinaFaso,2011,1,0,0,1,0
BFA,BurkinaFaso,2012,1,0,0,1,0
BFA,BurkinaFaso,2013,1,0,0,1,0
BFA,BurkinaFaso,2014,1,0,0,1,0
BFA,BurkinaFaso,2015,1,0,0,1,0
BFA,BurkinaFaso,2016,1,0,0,1,0
BFA,BurkinaFaso,2017,1,0,0,1,0
BFA,BurkinaFaso,2018,6,1,3,2,0
BFA,BurkinaFaso,2019,6,1,3,2,0
BFA,BurkinaFaso,2020,7,1,4,2,0
BFA,BurkinaFaso,2021,7,1,4,2,0
BFA,BurkinaFaso,2022,7,1,4,2,0
BFA,BurkinaFaso,2023,7,1,4,2,0
BFA,BurkinaFaso,2024,7,1,4,2,0
BDI,Burundi,1990,0,0,0,0,0
BDI,Burundi,1991,0,0,0,0,0
BDI,Burundi,1992,1,0,0,0,1
BDI,Burundi,1993,1,0,0,0,1
BDI,Burundi,1994,2,0,0,0,2
BDI,Burundi,1995,2,0,0,0,2
BDI,Burundi,1996,2,0,0,0,2
BDI,Burundi,1997,2,0,0,0,2
BDI,Burundi,1998,2,0,0,0,2
BDI,Burundi,1999,2,0,0,0,2
BDI,Burundi,2000,2,0,0,0,2
BDI,Burundi,2001,2,0,0,0,2
BDI,Burundi,2002,2,0,0,0,2
BDI,Burundi,2003,2,0,0,0,2
BDI,Burundi,2004,2,0,0,0,2
BDI,Burundi,2005,2,0,0,0,2
BDI,Burundi,2006,3,0,0,1,2
BDI,Burundi,2007,3,0,0,1,2
BDI,Burundi,2008,3,0,0,1,2
BDI,Burundi,2009,3,0,0,1,2
BDI,Burundi,2010,3,0,0,1,2
BDI,Burundi,2011,3,0,0,1,2
BDI,Burundi,2012,3,0,0,1,2
BDI,Burundi,2013,4,0,0,2,2
BDI,Burundi,2014,4,0,0,2,2
BDI,Burundi,2015,4,0,0,2,2
BDI,Burundi,2016,4,0,0,2,2
BDI,Burundi,2017,4,0,0,2,2
BDI,Burundi,2018,4,0,0,2,2
BDI,Burundi,2019,4,0,0,2,2
BDI,Burundi,2020,4,0,0,2,2
BDI,Burundi,2021,4,0,0,2,2
BDI,Burundi,2022,4,0,0,2,2
BDI,Burundi,2023,4,0,0,2,2
BDI,Burundi,2024,4,0,0,2,2
KHM,Cambodia,1990,0,0,0,0,0
KHM,Cambodia,1991,0,0,0,0,0
KHM,Cambodia,1992,0,0,0,0,0
KHM,Cambodia,1993,1,0,0,0,1
KHM,Cambodia,1994,1,0,0,0,1
KHM,Cambodia,1995,2,0,0,1,1
KHM,Cambodia,1996,2,0,0,1,1
KHM,Cambodia,1997,2,0,0,1,1
KHM,Cambodia,1998,2,0,0,1,1
KHM,Cambodia,1999,2,0,0,1,1
KHM,Cambodia,2000,2,0,0,1,1
KHM,Cambodia,2001,2,0,0,1,1
KHM,Cambodia,2002,2,0,0,1,1
KHM,Cambodia,2003,2,0,0,1,1
KHM,Cambodia,2004,2,0,0,1,1
KHM,Cambodia,2005,2,0,0,1,1
KHM,Cambodia,2006,3,0,0,2,1
KHM,Cambodia,2007,3,0,0,2,1
KHM,Cambodia,2008,4,1,0,2,1
KHM,Cambodia,2009,4,1,0,2,1
KHM,Cambodia,2010,4,1,0,2,1
KHM,Cambodia,2011,4,1,0,2,1
KHM,Cambodia,2012,4,1,0,2,1
KHM,Cambodia,2013,4,1,0,2,1
KHM,Cambodia,2014,4,1,0,2,1
KHM,Cambodia,2015,4,1,0,2,1
KHM,Cambodia,2016,4,1,0,2,1
KHM,Cambodia,2017,4,1,0,2,1
KHM,Cambodia,2018,4,1,0,2,1
KHM,Cambodia,2019,5,1,1,2,1
KHM,Cambodia,2020,5,1,1,2,1
KHM,Cambodia,2021,5,1,1,2,1
KHM,Cambodia,2022,5,1,1,2,1
KHM,Cambodia,2023,5,1,1,2,1
KHM,Cambodia,2024,5,1,1,2,1
CAN,Canada,1990,0,0,0,0,0
CAN,Canada,1991,0,0,0,0,0
CAN,Canada,1992,1,0,0,0,1
CAN,Canada,1993,1,0,0,0,1
CAN,Canada,1994,1,0,0,0,1
CAN,Canada,1995,1,0,0,0,1
CAN,Canada,1996,1,0,0,0,1
CAN,Canada,1997,1,0,0,0,1
CAN,Canada,1998,1,0,0,0,1
CAN,Canada,1999,1,0,0,0,1
CAN,Canada,2000,1,0,0,0,1
CAN,Canada,2001,1,0,0,0,1
CAN,Canada,2002,1,0,0,0,1
CAN,Canada,2003,1,0,0,0,1
CAN,Canada,2004,2,1,0,0,1
CAN,Canada,2005,2,1,0,0,1
CAN,Canada,2006,2,1,0,0,1
CAN,Canada,2007,2,1,0,0,1
CAN,Canada,2008,3,2,0,0,1
CAN,Canada,2009,3,2,0,0,1
CAN,Canada,2010,3,2,0,0,1
CAN,Canada,2011,3,2,0,0,1
CAN,Canada,2012,4,3,0,0,1
CAN,Canada,2013,5,3,1,0,1
CAN,Canada,2014,6,3,2,0,1
CAN,Canada,2015,7,3,2,1,1
CAN,Canada,2016,10,3,4,1,2
CAN,Canada,2017,11,3,4,1,3
CAN,Canada,2018,12,3,5,1,3
CAN,Canada,2019,12,3,5,1,3
CAN,Canada,2020,12,3,5,1,3
CAN,Canada,2021,12,3,5,1,3
CAN,Canada,2022,12,3,5,1,3
CAN,Canada,2023,12,3,5,1,3
CAN,Canada,2024,12,3,5,1,3
CPV,CapeVerde,1990,0,0,0,0,0
CPV,CapeVerde,1991,0,0,0,0,0
CPV,CapeVerde,1992,0,0,0,0,0
CPV,CapeVerde,1993,0,0,0,0,0
CPV,CapeVerde,1994,0,0,0,0,0
CPV,CapeVerde,1995,0,0,0,0,0
CPV,CapeVerde,1996,0,0,0,0,0
CPV,CapeVerde,1997,0,0,0,0,0
CPV,CapeVerde,1998,0,0,0,0,0
CPV,CapeVerde,1999,0,0,0,0,0
CPV,CapeVerde,2000,0,0,0,0,0
CPV,CapeVerde,2001,0,0,0,0,0
CPV,CapeVerde,2002,0,0,0,0,0
CPV,CapeVerde,2003,0,0,0,0,0
CPV,CapeVerde,2004,0,0,0,0,0
CPV,CapeVerde,2005,0,0,0,0,0
CPV,CapeVerde,2006,0,0,0,0,0
CPV,CapeVerde,2007,1,0,0,0,1
CPV,CapeVerde,2008,2,0,1,0,1
CPV,CapeVerde,2009,2,0,1,0,1
CPV,CapeVerde,2010,3,1,1,0,1
CPV,CapeVerde,2011,3,1,1,0,1
CPV,CapeVerde,2012,3,1,1,0,1
CPV,CapeVerde,2013,3,1,1,0,1
CPV,CapeVerde,2014,3,1,1,0,1
CPV,CapeVerde,2015,3,1,1,0,1
CPV,CapeVerde,2016,3,1,1,0,1
CPV,CapeVerde,2017,3,1,1,0,1
CPV,CapeVerde,2018,3,1,1,0,1
CPV,CapeVerde,2019,3,1,1,0,1
CPV,CapeVerde,2020,3,1,1,0,1
CPV,CapeVerde,2021,3,1,1,0,1
CPV,CapeVerde,2022,3,1,1,0,1
CPV,CapeVerde,2023,3,1,1,0,1
CPV,CapeVerde,2024,3,1,1,0,1
CHL,Chile,1990,0,0,0,0,0
CHL,Chile,1991,1,0,0,0,1
CHL,Chile,1992,1,0,0,0,1
CHL,Chile,1993,1,0,0,0,1
CHL,Chile,1994,1,0,0,0,1
CHL,Chile,1995,1,0,0,0,1
CHL,Chile,1996,1,0,0,0,1
CHL,Chile,1997,2,0,1,0,1
CHL,Chile,1998,2,0,1,0,1
CHL,Chile,1999,2,0,1,0,1
CHL,Chile,2000,2,0,1,0,1
CHL,Chile,2001,2,0,1,0,1
CHL,Chile,2002,2,0,1,0,1
CHL,Chile,2003,2,0,1,0,1
CHL,Chile,2004,2,0,1,0,1
CHL,Chile,2005,2,0,1,0,1
CHL,Chile,2006,2,0,1,0,1
CHL,Chile,2007,2,0,1,0,1
CHL,Chile,2008,2,0,1,0,1
CHL,Chile,2009,3,1,1,0,1
CHL,Chile,2010,3,1,1,0,1
CHL,Chile,2011,3,1,1,0,1
CHL,Chile,2012,3,1,1,0,1
CHL,Chile,2013,3,1,1,0,1
CHL,Chile,2014,3,1,1,0,1
CHL,Chile,2015,4,1,1,0,2
CHL,Chile,2016,4,1,1,0,2
CHL,Chile,2017,4,1,1,0,2
CHL,Chile,2018,4,1,1,0,2
CHL,Chile,2019,5,1,2,0,2
CHL,Chile,2020,7,1,3,1,2
CHL,Chile,2021,7,1,3,1,2
CHL,Chile,2022,7,1,3,1,2
CHL,Chile,2023,7,1,3,1,2
CHL,Chile,2024,7,1,3,1,2
CHN,China,1990,0,0,0,0,0
CHN,China,1991,0,0,0,0,0
CHN,China,1992,0,0,0,0,0
CHN,China,1993,0,0,0,0,0
CHN,China,1994,0,0,0,0,0
CHN,China,1995,1,0,0,1,0
CHN,China,1996,1,0,0,1,0
CHN,China,1997,1,0,0,1,0
CHN,China,1998,2,0,0,1,1
CHN,China,1999,3,0,0,1,2
CHN,China,2000,3,0,0,1,2
CHN,China,2001,4,1,0,1,2
CHN,China,2002,5,1,0,1,3
CHN,China,2003,6,2,0,1,3
CHN,China,2004,7,3,0,1,3
CHN,China,2005,8,3,0,2,3
CHN,China,2006,8,3,0,2,3
CHN,China,2007,8,3,0,2,3
CHN,China,2008,8,3,0,2,3
CHN,China,2009,9,3,1,2,3
CHN,China,2010,11,4,2,2,3
CHN,China,2011,11,4,2,2,3
CHN,China,2012,12,4,3,2,3
CHN,China,2013,14,4,5,2,3
CHN,China,2014,15,4,5,3,3
CHN,China,2015,15,4,5,3,3
CHN,China,2016,16,4,5,4,3
CHN,China,2017,16,4,5,4,3
CHN,China,2018,16,4,5,4,3
CHN,China,2019,16,4,5,4,3
CHN,China,2020,16,4,5,4,3
CHN,China,2021,16,4,5,4,3
CHN,China,2022,16,4,5,4,3
CHN,China,2023,16,4,5,4,3
CHN,China,2024,16,4,5,4,3
COL,Colombia,1990,0,0,0,0,0
COL,Colombia,1991,1,0,0,1,0
COL,Colombia,1992,1,0,0,1,0
COL,Colombia,1993,1,0,0,1,0
COL,Colombia,1994,1,0,0,1,0
COL,Colombia,1995,1,0,0,1,0
COL,Colombia,1996,1,0,0,1,0
COL,Colombia,1997,1,0,0,1,0
COL,Colombia,1998,1,0,0,1,0
COL,Colombia,1999,1,0,0,1,0
COL,Colombia,2000,3,2,0,1,0
COL,Colombia,2001,3,2,0,1,0
COL,Colombia,2002,3,2,0,1,0
COL,Colombia,2003,4,3,0,1,0
COL,Colombia,2004,4,3,0,1,0
COL,Colombia,2005,4,3,0,1,0
COL,Colombia,2006,4,3,0,1,0
COL,Colombia,2007,6,3,0,1,2
COL,Colombia,2008,7,3,1,1,2
COL,Colombia,2009,8,3,1,2,2
COL,Colombia,2010,8,3,1,2,2
COL,Colombia,2011,8,3,1,2,2
COL,Colombia,2012,8,3,1,2,2
COL,Colombia,2013,8,3,1,2,2
COL,Colombia,2014,8,3,1,2,2
COL,Colombia,2015,8,3,1,2,2
COL,Colombia,2016,8,3,1,2,2
COL,Colombia,2017,8,3,1,2,2
COL,Colombia,2018,8,3,1,2,2
COL,Colombia,2019,8,3,1,2,2
COL,Colombia,2020,8,3,1,2,2
COL,Colombia,2021,11,3,4,2,2
COL,Colombia,2022,11,3,4,2,2
COL,Colombia,2023,11,3,4,2,2
COL,Colombia,2024,11,3,4,2,2
COD,CongoDemocraticRepublic,1990,0,0,0,0,0
COD,CongoDemocraticRepublic,1991,0,0,0,0,0
COD,CongoDemocraticRepublic,1992,0,0,0,0,0
COD,CongoDemocraticRepublic,1993,0,0,0,0,0
COD,CongoDemocraticRepublic,1994,0,0,0,0,0
COD,CongoDemocraticRepublic,1995,0,0,0,0,0
COD,CongoDemocraticRepublic,1996,0,0,0,0,0
COD,CongoDemocraticRepublic,1997,0,0,0,0,0
COD,CongoDemocraticRepublic,1998,0,0,0,0,0
COD,CongoDemocraticRepublic,1999,0,0,0,0,0
COD,CongoDemocraticRepublic,2000,0,0,0,0,0
COD,CongoDemocraticRepublic,2001,0,0,0,0,0
COD,CongoDemocraticRepublic,2002,0,0,0,0,0
COD,CongoDemocraticRepublic,2003,1,0,0,1,0
COD,CongoDemocraticRepublic,2004,1,0,0,1,0
COD,CongoDemocraticRepublic,2005,1,0,0,1,0
COD,CongoDemocraticRepublic,2006,1,0,0,1,0
COD,CongoDemocraticRepublic,2007,1,0,0,1,0
COD,CongoDemocraticRepublic,2008,1,0,0,1,0
COD,CongoDemocraticRepublic,2009,1,0,0,1,0
COD,CongoDemocraticRepublic,2010,1,0,0,1,0
COD,CongoDemocraticRepublic,2011,1,0,0,1,0
COD,CongoDemocraticRepublic,2012,1,0,0,1,0
COD,CongoDemocraticRepublic,2013,1,0,0,1,0
COD,CongoDemocraticRepublic,2014,1,0,0,1,0
COD,CongoDemocraticRepublic,2015,1,0,0,1,0
COD,CongoDemocraticRepublic,2016,1,0,0,1,0
COD,CongoDemocraticRepublic,2017,1,0,0,1,0
COD,CongoDemocraticRepublic,2018,1,0,0,1,0
COD,CongoDemocraticRepublic,2019,1,0,0,1,0
COD,CongoDemocraticRepublic,2020,1,0,0,1,0
COD,CongoDemocraticRepublic,2021,1,0,0,1,0
COD,CongoDemocraticRepublic,2022,1,0,0,1,0
COD,CongoDemocraticRepublic,2023,1,0,0,1,0
COD,CongoDemocraticRepublic,2024,1,0,0,1,0
CRI,CostaRica,1990,0,0,0,0,0
CRI,CostaRica,1991,0,0,0,0,0
CRI,CostaRica,1992,0,0,0,0,0
CRI,CostaRica,1993,0,0,0,0,0
CRI,CostaRica,1994,0,0,0,0,0
CRI,CostaRica,1995,0,0,0,0,0
CRI,CostaRica,1996,0,0,0,0,0
CRI,CostaRica,1997,0,0,0,0,0
CRI,CostaRica,1998,0,0,0,0,0
CRI,CostaRica,1999,0,0,0,0,0
CRI,CostaRica,2000,1,0,0,1,0
CRI,CostaRica,2001,2,0,0,2,0
CRI,CostaRica,2002,2,0,0,2,0
CRI,CostaRica,2003,2,0,0,2,0
CRI,CostaRica,2004,2,0,0,2,0
CRI,CostaRica,2005,3,1,0,2,0
CRI,CostaRica,2006,3,1,0,2,0
CRI,CostaRica,2007,3,1,0,2,0
CRI,CostaRica,2008,3,1,0,2,0
CRI,CostaRica,2009,3,1,0,2,0
CRI,CostaRica,2010,3,1,0,2,0
CRI,CostaRica,2011,3,1,0,2,0
CRI,CostaRica,2012,3,1,0,2,0
CRI,CostaRica,2013,5,2,1,2,0
CRI,CostaRica,2014,5,2,1,2,0
CRI,CostaRica,2015,6,2,1,2,1
CRI,CostaRica,2016,6,2,1,2,1
CRI,CostaRica,2017,6,2,1,2,1
CRI,CostaRica,2018,6,2,1,2,1
CRI,CostaRica,2019,6,2,1,2,1
CRI,CostaRica,2020,6,2,1,2,1
CRI,CostaRica,2021,6,2,1,2,1
CRI,CostaRica,2022,6,2,1,2,1
CRI,CostaRica,2023,6,2,1,2,1
CRI,CostaRica,2024,6,2,1,2,1
CIV,CotedIvoire,1990,0,0,0,0,0
CIV,CotedIvoire,1991,0,0,0,0,0
CIV,CotedIvoire,1992,0,0,0,0,0
CIV,CotedIvoire,1993,0,0,0,0,0
CIV,CotedIvoire,1994,0,0,0,0,0
CIV,CotedIvoire,1995,0,0,0,0,0
CIV,CotedIvoire,1996,0,0,0,0,0
CIV,CotedIvoire,1997,0,0,0,0,0
CIV,CotedIvoire,1998,0,0,0,0,0
CIV,CotedIvoire,1999,0,0,0,0,0
CIV,CotedIvoire,2000,0,0,0,0,0
CIV,CotedIvoire,2001,0,0,0,0,0
CIV,CotedIvoire,2002,0,0,0,0,0
CIV,CotedIvoire,2003,0,0,0,0,0
CIV,CotedIvoire,2004,0,0,0,0,0
CIV,CotedIvoire,2005,0,0,0,0,0
CIV,CotedIvoire,2006,0,0,0,0,0
CIV,CotedIvoire,2007,0,0,0,0,0
CIV,CotedIvoire,2008,0,0,0,0,0
CIV,CotedIvoire,2009,0,0,0,0,0
CIV,CotedIvoire,2010,0,0,0,0,0
CIV,CotedIvoire,2011,1,0,0,1,0
CIV,CotedIvoire,2012,1,0,0,1,0
CIV,CotedIvoire,2013,1,0,0,1,0
CIV,CotedIvoire,2014,1,0,0,1,0
CIV,CotedIvoire,2015,1,0,0,1,0
CIV,CotedIvoire,2016,1,0,0,1,0
CIV,CotedIvoire,2017,1,0,0,1,0
CIV,CotedIvoire,2018,6,1,3,2,0
CIV,CotedIvoire,2019,6,1,3,2,0
CIV,CotedIvoire,2020,7,1,4,2,0
CIV,CotedIvoire,2021,7,1,4,2,0
CIV,CotedIvoire,2022,7,1,4,2,0
CIV,CotedIvoire,2023,7,1,4,2,0
CIV,CotedIvoire,2024,7,1,4,2,0
HRV,Croatia,1990,0,0,0,0,0
HRV,Croatia,1991,0,0,0,0,0
HRV,Croatia,1992,0,0,0,0,0
HRV,Croatia,1993,0,0,0,0,0
HRV,Croatia,1994,1,0,0,1,0
HRV,Croatia,1995,1,0,0,1,0
HRV,Croatia,1996,1,0,0,1,0
HRV,Croatia,1997,1,0,0,1,0
HRV,Croatia,1998,2,0,0,1,1
HRV,Croatia,1999,2,0,0,1,1
HRV,Croatia,2000,2,0,0,1,1
HRV,Croatia,2001,2,0,0,1,1
HRV,Croatia,2002,2,0,0,1,1
HRV,Croatia,2003,4,1,0,2,1
HRV,Croatia,2004,5,1,0,2,2
HRV,Croatia,2005,5,1,0,2,2
HRV,Croatia,2006,7,2,1,2,2
HRV,Croatia,2007,7,2,1,2,2
HRV,Croatia,2008,7,2,1,2,2
HRV,Croatia,2009,7,2,1,2,2
HRV,Croatia,2010,7,2,1,2,2
HRV,Croatia,2011,7,2,1,2,2
HRV,Croatia,2012,7,2,1,2,2
HRV,Croatia,2013,7,2,1,2,2
HRV,Croatia,2014,8,2,2,2,2
HRV,Croatia,2015,8,2,2,2,2
HRV,Croatia,2016,9,2,3,2,2
HRV,Croatia,2017,9,2,3,2,2
HRV,Croatia,2018,10,3,3,2,2
HRV,Croatia,2019,10,3,3,2,2
HRV,Croatia,2020,10,3,3,2,2
HRV,Croatia,2021,11,3,4,2,2
HRV,Croatia,2022,11,3,4,2,2
HRV,Croatia,2023,12,3,5,2,2
HRV,Croatia,2024,12,3,5,2,2
CUW,Curacao,1990,0,0,0,0,0
CUW,Curacao,1991,1,1,0,0,0
CUW,Curacao,1992,1,1,0,0,0
CUW,Curacao,1993,2,1,0,0,1
CUW,Curacao,1994,2,1,0,0,1
CUW,Curacao,1995,3,1,0,1,1
CUW,Curacao,1996,3,1,0,1,1
CUW,Curacao,1997,3,1,0,1,1
CUW,Curacao,1998,4,1,0,2,1
CUW,Curacao,1999,4,1,0,2,1
CUW,Curacao,2000,4,1,0,2,1
CUW,Curacao,2001,4,1,0,2,1
CUW,Curacao,2002,4,1,0,2,1
CUW,Curacao,2003,4,1,0,2,1
CUW,Curacao,2004,4,1,0,2,1
CUW,Curacao,2005,4,1,0,2,1
CUW,Curacao,2006,4,1,0,2,1
CUW,Curacao,2007,4,1,0,2,1
CUW,Curacao,2008,4,1,0,2,1
CUW,Curacao,2009,4,1,0,2,1
CUW,Curacao,2010,4,1,0,2,1
CUW,Curacao,2011,4,1,0,2,1
CUW,Curacao,2012,4,1,0,2,1
CUW,Curacao,2013,4,1,0,2,1
CUW,Curacao,2014,4,1,0,2,1
CUW,Curacao,2015,5,2,0,2,1
CUW,Curacao,2016,5,2,0,2,1
CUW,Curacao,2017,5,2,0,2,1
CUW,Curacao,2018,5,2,0,2,1
CUW,Curacao,2019,5,2,0,2,1
CUW,Curacao,2020,5,2,0,2,1
CUW,Curacao,2021,5,2,0,2,1
CUW,Curacao,2022,5,2,0,2,1
CUW,Curacao,2023,5,2,0,2,1
CUW,Curacao,2024,5,2,0,2,1
CYP,Cyprus,1990,0,0,0,0,0
CYP,Cyprus,1991,0,0,0,0,0
CYP,Cyprus,1992,0,0,0,0,0
CYP,Cyprus,1993,0,0,0,0,0
CYP,Cyprus,1994,0,0,0,0,0
CYP,Cyprus,1995,0,0,0,0,0
CYP,Cyprus,1996,0,0,0,0,0
CYP,Cyprus,1997,0,0,0,0,0
CYP,Cyprus,1998,0,0,0,0,0
CYP,Cyprus,1999,0,0,0,0,0
CYP,Cyprus,2000,0,0,0,0,0
CYP,Cyprus,2001,0,0,0,0,0
CYP,Cyprus,2002,0,0,0,0,0
CYP,Cyprus,2003,1,1,0,0,0
CYP,Cyprus,2004,1,1,0,0,0
CYP,Cyprus,2005,1,1,0,0,0
CYP,Cyprus,2006,1,1,0,0,0
CYP,Cyprus,2007,1,1,0,0,0
CYP,Cyprus,2008,1,1,0,0,0
CYP,Cyprus,2009,1,1,0,0,0
CYP,Cyprus,2010,1,1,0,0,0
CYP,Cyprus,2011,1,1,0,0,0
CYP,Cyprus,2012,1,1,0,0,0
CYP,Cyprus,2013,2,2,0,0,0
CYP,Cyprus,2014,2,2,0,0,0
CYP,Cyprus,2015,4,2,1,1,0
CYP,Cyprus,2016,4,2,1,1,0
CYP,Cyprus,2017,5,2,2,1,0
CYP,Cyprus,2018,6,2,2,1,1
CYP,Cyprus,2019,6,2,2,1,1
CYP,Cyprus,2020,8,2,4,1,1
CYP,Cyprus,2021,9,2,5,1,1
CYP,Cyprus,2022,9,2,5,1,1
CYP,Cyprus,2023,9,2,5,1,1
CYP,Cyprus,2024,9,2,5,1,1
CZE,CzechRepublic,1990,1,0,0,0,1
CZE,CzechRepublic,1991,1,0,0,0,1
CZE,CzechRepublic,1992,1,0,0,0,1
CZE,CzechRepublic,1993,1,0,0,0,1
CZE,CzechRepublic,1994,1,0,0,0,1
CZE,CzechRepublic,1995,1,0,0,0,1
CZE,CzechRepublic,1996,1,0,0,0,1
CZE,CzechRepublic,1997,1,0,0,0,1
CZE,CzechRepublic,1998,1,0,0,0,1
CZE,CzechRepublic,1999,1,0,0,0,1
CZE,CzechRepublic,2000,1,0,0,0,1
CZE,CzechRepublic,2001,1,0,0,0,1
CZE,CzechRepublic,2002,1,0,0,0,1
CZE,CzechRepublic,2003,1,0,0,0,1
CZE,CzechRepublic,2004,1,0,0,0,1
CZE,CzechRepublic,2005,1,0,0,0,1
CZE,CzechRepublic,2006,1,0,0,0,1
CZE,CzechRepublic,2007,1,0,0,0,1
CZE,CzechRepublic,2008,1,0,0,0,1
CZE,CzechRepublic,2009,1,0,0,0,1
CZE,CzechRepublic,2010,1,0,0,0,1
CZE,CzechRepublic,2011,1,0,0,0,1
CZE,CzechRepublic,2012,1,0,0,0,1
CZE,CzechRepublic,2013,1,0,0,0,1
CZE,CzechRepublic,2014,3,0,2,0,1
CZE,CzechRepublic,2015,6,2,2,1,1
CZE,CzechRepublic,2016,6,2,2,1,1
CZE,CzechRepublic,2017,7,2,3,1,1
CZE,CzechRepublic,2018,9,3,3,1,2
CZE,CzechRepublic,2019,9,3,3,1,2
CZE,CzechRepublic,2020,10,3,4,1,2
CZE,CzechRepublic,2021,11,3,5,1,2
CZE,CzechRepublic,2022,11,3,5,1,2
CZE,CzechRepublic,2023,11,3,5,1,2
CZE,CzechRepublic,2024,11,3,5,1,2
DNK,Denmark,1990,0,0,0,0,0
DNK,Denmark,1991,0,0,0,0,0
DNK,Denmark,1992,0,0,0,0,0
DNK,Denmark,1993,0,0,0,0,0
DNK,Denmark,1994,0,0,0,0,0
DNK,Denmark,1995,0,0,0,0,0
DNK,Denmark,1996,0,0,0,0,0
DNK,Denmark,1997,1,1,0,0,0
DNK,Denmark,1998,1,1,0,0,0
DNK,Denmark,1999,1,1,0,0,0
DNK,Denmark,2000,1,1,0,0,0
DNK,Denmark,2001,1,1,0,0,0
DNK,Denmark,2002,1,1,0,0,0
DNK,Denmark,2003,2,2,0,0,0
DNK,Denmark,2004,2,2,0,0,0
DNK,Denmark,2005,2,2,0,0,0
DNK,Denmark,2006,2,2,0,0,0
DNK,Denmark,2007,2,2,0,0,0
DNK,Denmark,2008,2,2,0,0,0
DNK,Denmark,2009,2,2,0,0,0
DNK,Denmark,2010,2,2,0,0,0
DNK,Denmark,2011,2,2,0,0,0
DNK,Denmark,2012,2,2,0,0,0
DNK,Denmark,2013,3,2,0,1,0
DNK,Denmark,2014,4,2,1,1,0
DNK,Denmark,2015,4,2,1,1,0
DNK,Denmark,2016,5,2,2,1,0
DNK,Denmark,2017,5,2,2,1,0
DNK,Denmark,2018,7,3,2,1,1
DNK,Denmark,2019,8,3,3,1,1
DNK,Denmark,2020,9,3,4,1,1
DNK,Denmark,2021,10,3,5,1,1
DNK,Denmark,2022,10,3,5,1,1
DNK,Denmark,2023,10,3,5,1,1
DNK,Denmark,2024,10,3,5,1,1
DOM,DominicanRepublic,1990,0,0,0,0,0
DOM,DominicanRepublic,1991,0,0,0,0,0
DOM,DominicanRepublic,1992,0,0,0,0,0
DOM,DominicanRepublic,1993,0,0,0,0,0
DOM,DominicanRepublic,1994,0,0,0,0,0
DOM,DominicanRepublic,1995,0,0,0,0,0
DOM,DominicanRepublic,1996,0,0,0,0,0
DOM,DominicanRepublic,1997,0,0,0,0,0
DOM,DominicanRepublic,1998,0,0,0,0,0
DOM,DominicanRepublic,1999,0,0,0,0,0
DOM,DominicanRepublic,2000,1,0,0,1,0
DOM,DominicanRepublic,2001,1,0,0,1,0
DOM,DominicanRepublic,2002,1,0,0,1,0
DOM,DominicanRepublic,2003,1,0,0,1,0
DOM,DominicanRepublic,2004,2,0,0,2,0
DOM,DominicanRepublic,2005,2,0,0,2,0
DOM,DominicanRepublic,2006,2,0,0,2,0
DOM,DominicanRepublic,2007,2,0,0,2,0
DOM,DominicanRepublic,2008,2,0,0,2,0
DOM,DominicanRepublic,2009,3,0,0,2,1
DOM,DominicanRepublic,2010,3,0,0,2,1
DOM,DominicanRepublic,2011,3,0,0,2,1
DOM,DominicanRepublic,2012,3,0,0,2,1
DOM,DominicanRepublic,2013,3,0,0,2,1
DOM,DominicanRepublic,2014,3,0,0,2,1
DOM,DominicanRepublic,2015,3,0,0,2,1
DOM,DominicanRepublic,2016,3,0,0,2,1
DOM,DominicanRepublic,2017,3,0,0,2,1
DOM,DominicanRepublic,2018,3,0,0,2,1
DOM,DominicanRepublic,2019,4,0,0,2,2
DOM,DominicanRepublic,2020,5,0,0,3,2
DOM,DominicanRepublic,2021,5,0,0,3,2
DOM,DominicanRepublic,2022,5,0,0,3,2
DOM,DominicanRepublic,2023,6,1,0,3,2
DOM,DominicanRepublic,2024,6,1,0,3,2
ECU,Ecuador,1990,0,0,0,0,0
ECU,Ecuador,1991,0,0,0,0,0
ECU,Ecuador,1992,0,0,0,0,0
ECU,Ecuador,1993,0,0,0,0,0
ECU,Ecuador,1994,0,0,0,0,0
ECU,Ecuador,1995,0,0,0,0,0
ECU,Ecuador,1996,0,0,0,0,0
ECU,Ecuador,1997,0,0,0,0,0
ECU,Ecuador,1998,0,0,0,0,0
ECU,Ecuador,1999,0,0,0,0,0
ECU,Ecuador,2000,0,0,0,0,0
ECU,Ecuador,2001,0,0,0,0,0
ECU,Ecuador,2002,1,1,0,0,0
ECU,Ecuador,2003,1,1,0,0,0
ECU,Ecuador,2004,2,1,0,1,0
ECU,Ecuador,2005,2,1,0,1,0
ECU,Ecuador,2006,2,1,0,1,0
ECU,Ecuador,2007,2,1,0,1,0
ECU,Ecuador,2008,2,1,0,1,0
ECU,Ecuador,2009,3,1,0,1,1
ECU,Ecuador,2010,3,1,0,1,1
ECU,Ecuador,2011,3,1,0,1,1
ECU,Ecuador,2012,4,1,0,1,2
ECU,Ecuador,2013,4,1,0,1,2
ECU,Ecuador,2014,5,1,1,1,2
ECU,Ecuador,2015,5,1,1,1,2
ECU,Ecuador,2016,5,1,1,1,2
ECU,Ecuador,2017,5,1,1,1,2
ECU,Ecuador,2018,5,1,1,1,2
ECU,Ecuador,2019,5,1,1,1,2
ECU,Ecuador,2020,5,1,1,1,2
ECU,Ecuador,2021,5,1,1,1,2
ECU,Ecuador,2022,5,1,1,1,2
ECU,Ecuador,2023,5,1,1,1,2
ECU,Ecuador,2024,6,1,2,1,2
SLV,ElSalvador,1990,0,0,0,0,0
SLV,ElSalvador,1991,0,0,0,0,0
SLV,ElSalvador,1992,0,0,0,0,0
SLV,ElSalvador,1993,0,0,0,0,0
SLV,ElSalvador,1994,0,0,0,0,0
SLV,ElSalvador,1995,0,0,0,0,0
SLV,ElSalvador,1996,0,0,0,0,0
SLV,ElSalvador,1997,0,0,0,0,0
SLV,ElSalvador,1998,0,0,0,0,0
SLV,ElSalvador,1999,0,0,0,0,0
SLV,ElSalvador,2000,0,0,0,0,0
SLV,ElSalvador,2001,2,0,0,1,1
SLV,ElSalvador,2002,2,0,0,1,1
SLV,ElSalvador,2003,3,0,0,2,1
SLV,ElSalvador,2004,3,0,0,2,1
SLV,ElSalvador,2005,3,0,0,2,1
SLV,ElSalvador,2006,3,0,0,2,1
SLV,ElSalvador,2007,3,0,0,2,1
SLV,ElSalvador,2008,3,0,0,2,1
SLV,ElSalvador,2009,3,0,0,2,1
SLV,ElSalvador,2010,3,0,0,2,1
SLV,ElSalvador,2011,3,0,0,2,1
SLV,ElSalvador,2012,3,0,0,2,1
SLV,ElSalvador,2013,3,0,0,2,1
SLV,ElSalvador,2014,3,0,0,2,1
SLV,ElSalvador,2015,3,0,0,2,1
SLV,ElSalvador,2016,3,0,0,2,1
SLV,ElSalvador,2017,3,0,0,2,1
SLV,ElSalvador,2018,3,0,0,2,1
SLV,ElSalvador,2019,3,0,0,2,1
SLV,ElSalvador,2020,3,0,0,2,1
SLV,ElSalvador,2021,3,0,0,2,1
SLV,ElSalvador,2022,3,0,0,2,1
SLV,ElSalvador,2023,3,0,0,2,1
SLV,ElSalvador,2024,3,0,0,2,1
EST,Estonia,1990,0,0,0,0,0
EST,Estonia,1991,0,0,0,0,0
EST,Estonia,1992,0,0,0,0,0
EST,Estonia,1993,0,0,0,0,0
EST,Estonia,1994,0,0,0,0,0
EST,Estonia,1995,0,0,0,0,0
EST,Estonia,1996,0,0,0,0,0
EST,Estonia,1997,1,0,0,0,1
EST,Estonia,1998,1,0,0,0,1
EST,Estonia,1999,1,0,0,0,1
EST,Estonia,2000,1,0,0,0,1
EST,Estonia,2001,1,0,0,0,1
EST,Estonia,2002,1,0,0,0,1
EST,Estonia,2003,1,0,0,0,1
EST,Estonia,2004,2,0,0,0,2
EST,Estonia,2005,2,0,0,0,2
EST,Estonia,2006,3,0,1,0,2
EST,Estonia,2007,3,0,1,0,2
EST,Estonia,2008,3,0,1,0,2
EST,Estonia,2009,3,0,1,0,2
EST,Estonia,2010,3,0,1,0,2
EST,Estonia,2011,3,0,1,0,2
EST,Estonia,2012,3,0,1,0,2
EST,Estonia,2013,3,0,1,0,2
EST,Estonia,2014,4,0,2,0,2
EST,Estonia,2015,8,3,2,1,2
EST,Estonia,2016,9,3,3,1,2
EST,Estonia,2017,9,3,3,1,2
EST,Estonia,2018,10,3,3,1,3
EST,Estonia,2019,10,3,3,1,3
EST,Estonia,2020,10,3,3,1,3
EST,Estonia,2021,12,3,5,1,3
EST,Estonia,2022,12,3,5,1,3
EST,Estonia,2023,12,3,5,1,3
EST,Estonia,2024,12,3,5,1,3
ETH,Ethiopia,1990,0,0,0,0,0
ETH,Ethiopia,1991,0,0,0,0,0
ETH,Ethiopia,1992,0,0,0,0,0
ETH,Ethiopia,1993,0,0,0,0,0
ETH,Ethiopia,1994,0,0,0,0,0
ETH,Ethiopia,1995,0,0,0,0,0
ETH,Ethiopia,1996,0,0,0,0,0
ETH,Ethiopia,1997,0,0,0,0,0
ETH,Ethiopia,1998,0,0,0,0,0
ETH,Ethiopia,1999,0,0,0,0,0
ETH,Ethiopia,2000,0,0,0,0,0
ETH,Ethiopia,2001,0,0,0,0,0
ETH,Ethiopia,2002,0,0,0,0,0
ETH,Ethiopia,2003,0,0,0,0,0
ETH,Ethiopia,2004,0,0,0,0,0
ETH,Ethiopia,2005,0,0,0,0,0
ETH,Ethiopia,2006,0,0,0,0,0
ETH,Ethiopia,2007,0,0,0,0,0
ETH,Ethiopia,2008,0,0,0,0,0
ETH,Ethiopia,2009,0,0,0,0,0
ETH,Ethiopia,2010,0,0,0,0,0
ETH,Ethiopia,2011,0,0,0,0,0
ETH,Ethiopia,2012,0,0,0,0,0
ETH,Ethiopia,2013,0,0,0,0,0
ETH,Ethiopia,2014,0,0,0,0,0
ETH,Ethiopia,2015,0,0,0,0,0
ETH,Ethiopia,2016,0,0,0,0,0
ETH,Ethiopia,2017,0,0,0,0,0
ETH,Ethiopia,2018,0,0,0,0,0
ETH,Ethiopia,2019,0,0,0,0,0
ETH,Ethiopia,2020,0,0,0,0,0
ETH,Ethiopia,2021,1,0,0,0,1
ETH,Ethiopia,2022,1,0,0,0,1
ETH,Ethiopia,2023,1,0,0,0,1
ETH,Ethiopia,2024,2,0,0,0,2
FJI,Fiji,1990,0,0,0,0,0
FJI,Fiji,1991,0,0,0,0,0
FJI,Fiji,1992,0,0,0,0,0
FJI,Fiji,1993,0,0,0,0,0
FJI,Fiji,1994,0,0,0,0,0
FJI,Fiji,1995,0,0,0,0,0
FJI,Fiji,1996,1,0,1,0,0
FJI,Fiji,1997,1,0,1,0,0
FJI,Fiji,1998,1,0,1,0,0
FJI,Fiji,1999,1,0,1,0,0
FJI,Fiji,2000,1,0,1,0,0
FJI,Fiji,2001,1,0,1,0,0
FJI,Fiji,2002,1,0,1,0,0
FJI,Fiji,2003,1,0,1,0,0
FJI,Fiji,2004,1,0,1,0,0
FJI,Fiji,2005,1,0,1,0,0
FJI,Fiji,2006,2,0,1,0,1
FJI,Fiji,2007,2,0,1,0,1
FJI,Fiji,2008,2,0,1,0,1
FJI,Fiji,2009,2,0,1,0,1
FJI,Fiji,2010,2,0,1,0,1
FJI,Fiji,2011,2,0,1,0,1
FJI,Fiji,2012,2,0,1,0,1
FJI,Fiji,2013,2,0,1,0,1
FJI,Fiji,2014,2,0,1,0,1
FJI,Fiji,2015,2,0,1,0,1
FJI,Fiji,2016,2,0,1,0,1
FJI,Fiji,2017,2,0,1,0,1
FJI,Fiji,2018,2,0,1,0,1
FJI,Fiji,2019,2,0,1,0,1
FJI,Fiji,2020,2,0,1,0,1
FJI,Fiji,2021,2,0,1,0,1
FJI,Fiji,2022,2,0,1,0,1
FJI,Fiji,2023,5,1,1,2,1
FJI,Fiji,2024,5,1,1,2,1
FIN,Finland,1990,1,0,0,0,1
FIN,Finland,1991,2,0,1,0,1
FIN,Finland,1992,2,0,1,0,1
FIN,Finland,1993,2,0,1,0,1
FIN,Finland,1994,2,0,1,0,1
FIN,Finland,1995,2,0,1,0,1
FIN,Finland,1996,2,0,1,0,1
FIN,Finland,1997,2,0,1,0,1
FIN,Finland,1998,2,0,1,0,1
FIN,Finland,1999,2,0,1,0,1
FIN,Finland,2000,2,0,1,0,1
FIN,Finland,2001,2,0,1,0,1
FIN,Finland,2002,2,0,1,0,1
FIN,Finland,2003,2,0,1,0,1
FIN,Finland,2004,2,0,1,0,1
FIN,Finland,2005,2,0,1,0,1
FIN,Finland,2006,2,0,1,0,1
FIN,Finland,2007,2,0,1,0,1
FIN,Finland,2008,2,0,1,0,1
FIN,Finland,2009,2,0,1,0,1
FIN,Finland,2010,4,1,1,1,1
FIN,Finland,2011,4,1,1,1,1
FIN,Finland,2012,4,1,1,1,1
FIN,Finland,2013,4,1,1,1,1
FIN,Finland,2014,4,1,1,1,1
FIN,Finland,2015,5,1,2,1,1
FIN,Finland,2016,7,1,3,1,2
FIN,Finland,2017,7,1,3,1,2
FIN,Finland,2018,8,1,3,1,3
FIN,Finland,2019,8,1,3,1,3
FIN,Finland,2020,8,1,3,1,3
FIN,Finland,2021,9,1,4,1,3
FIN,Finland,2022,9,1,4,1,3
FIN,Finland,2023,11,3,4,1,3
FIN,Finland,2024,11,3,4,1,3
FRA,France,1990,1,0,0,0,1
FRA,France,1991,1,0,0,0,1
FRA,France,1992,1,0,0,0,1
FRA,France,1993,1,0,0,0,1
FRA,France,1994,1,0,0,0,1
FRA,France,1995,1,0,0,0,1
FRA,France,1996,1,0,0,0,1
FRA,France,1997,1,0,0,0,1
FRA,France,1998,1,0,0,0,1
FRA,France,1999,1,0,0,0,1
FRA,France,2000,1,0,0,0,1
FRA,France,2001,1,0,0,0,1
FRA,France,2002,1,0,0,0,1
FRA,France,2003,1,0,0,0,1
FRA,France,2004,1,0,0,0,1
FRA,France,2005,1,0,0,0,1
FRA,France,2006,1,0,0,0,1
FRA,France,2007,1,0,0,0,1
FRA,France,2008,1,0,0,0,1
FRA,France,2009,1,0,0,0,1
FRA,France,2010,1,0,0,0,1
FRA,France,2011,1,0,0,0,1
FRA,France,2012,1,0,0,0,1
FRA,France,2013,1,0,0,0,1
FRA,France,2014,1,0,0,0,1
FRA,France,2015,3,0,1,1,1
FRA,France,2016,4,0,2,1,1
FRA,France,2017,5,0,3,1,1
FRA,France,2018,7,1,3,1,2
FRA,France,2019,8,2,3,1,2
FRA,France,2020,9,2,4,1,2
FRA,France,2021,9,2,4,1,2
FRA,France,2022,10,2,5,1,2
FRA,France,2023,10,2,5,1,2
FRA,France,2024,10,2,5,1,2
GMB,Gambia,1990,0,0,0,0,0
GMB,Gambia,1991,0,0,0,0,0
GMB,Gambia,1992,0,0,0,0,0
GMB,Gambia,1993,0,0,0,0,0
GMB,Gambia,1994,0,0,0,0,0
GMB,Gambia,1995,0,0,0,0,0
GMB,Gambia,1996,0,0,0,0,0
GMB,Gambia,1997,0,0,0,0,0
GMB,Gambia,1998,0,0,0,0,0
GMB,Gambia,1999,0,0,0,0,0
GMB,Gambia,2000,0,0,0,0,0
GMB,Gambia,2001,0,0,0,0,0
GMB,Gambia,2002,0,0,0,0,0
GMB,Gambia,2003,0,0,0,0,0
GMB,Gambia,2004,0,0,0,0,0
GMB,Gambia,2005,0,0,0,0,0
GMB,Gambia,2006,1,0,0,0,1
GMB,Gambia,2007,2,0,0,1,1
GMB,Gambia,2008,3,0,1,1,1
GMB,Gambia,2009,3,0,1,1,1
GMB,Gambia,2010,3,0,1,1,1
GMB,Gambia,2011,4,0,1,1,2
GMB,Gambia,2012,4,0,1,1,2
GMB,Gambia,2013,4,0,1,1,2
GMB,Gambia,2014,4,0,1,1,2
GMB,Gambia,2015,4,0,1,1,2
GMB,Gambia,2016,4,0,1,1,2
GMB,Gambia,2017,4,0,1,1,2
GMB,Gambia,2018,4,0,1,1,2
GMB,Gambia,2019,4,0,1,1,2
GMB,Gambia,2020,4,0,1,1,2
GMB,Gambia,2021,4,0,1,1,2
GMB,Gambia,2022,4,0,1,1,2
GMB,Gambia,2023,4,0,1,1,2
GMB,Gambia,2024,4,0,1,1,2
GEO,Georgia,1990,0,0,0,0,0
GEO,Georgia,1991,0,0,0,0,0
GEO,Georgia,1992,1,0,0,0,1
GEO,Georgia,1993,1,0,0,0,1
GEO,Georgia,1994,1,0,0,0,1
GEO,Georgia,1995,1,0,0,0,1
GEO,Georgia,1996,1,0,0,0,1
GEO,Georgia,1997,1,0,0,0,1
GEO,Georgia,1998,1,0,0,0,1
GEO,Georgia,1999,1,0,0,0,1
GEO,Georgia,2000,1,0,0,0,1
GEO,Georgia,2001,1,0,0,0,1
GEO,Georgia,2002,2,0,1,0,1
GEO,Georgia,2003,3,0,1,1,1
GEO,Georgia,2004,3,0,1,1,1
GEO,Georgia,2005,3,0,1,1,1
GEO,Georgia,2006,4,0,1,2,1
GEO,Georgia,2007,4,0,1,2,1
GEO,Georgia,2008,4,0,1,2,1
GEO,Georgia,2009,4,0,1,2,1
GEO,Georgia,2010,4,0,1,2,1
GEO,Georgia,2011,4,0,1,2,1
GEO,Georgia,2012,4,0,1,2,1
GEO,Georgia,2013,5,0,2,2,1
GEO,Georgia,2014,6,0,3,2,1
GEO,Georgia,2015,6,0,3,2,1
GEO,Georgia,2016,6,0,3,2,1
GEO,Georgia,2017,8,1,3,3,1
GEO,Georgia,2018,10,1,5,3,1
GEO,Georgia,2019,12,3,5,3,1
GEO,Georgia,2020,12,3,5,3,1
GEO,Georgia,2021,12,3,5,3,1
GEO,Georgia,2022,12,3,5,3,1
GEO,Georgia,2023,12,3,5,3,1
GEO,Georgia,2024,12,3,5,3,1
DEU,Germany,1990,0,0,0,0,0
DEU,Germany,1991,0,0,0,0,0
DEU,Germany,1992,0,0,0,0,0
DEU,Germany,1993,1,0,0,0,1
DEU,Germany,1994,1,0,0,0,1
DEU,Germany,1995,1,0,0,0,1
DEU,Germany,1996,1,0,0,0,1
DEU,Germany,1997,1,0,0,0,1
DEU,Germany,1998,1,0,0,0,1
DEU,Germany,1999,1,0,0,0,1
DEU,Germany,2000,1,0,0,0,1
DEU,Germany,2001,1,0,0,0,1
DEU,Germany,2002,1,0,0,0,1
DEU,Germany,2003,1,0,0,0,1
DEU,Germany,2004,1,0,0,0,1
DEU,Germany,2005,1,0,0,0,1
DEU,Germany,2006,1,0,0,0,1
DEU,Germany,2007,1,0,0,0,1
DEU,Germany,2008,1,0,0,0,1
DEU,Germany,2009,1,0,0,0,1
DEU,Germany,2010,1,0,0,0,1
DEU,Germany,2011,1,0,0,0,1
DEU,Germany,2012,1,0,0,0,1
DEU,Germany,2013,1,0,0,0,1
DEU,Germany,2014,1,0,0,0,1
DEU,Germany,2015,2,0,0,1,1
DEU,Germany,2016,4,0,2,1,1
DEU,Germany,2017,4,0,2,1,1
DEU,Germany,2018,5,0,2,1,2
DEU,Germany,2019,6,0,3,1,2
DEU,Germany,2020,6,0,3,1,2
DEU,Germany,2021,6,0,3,1,2
DEU,Germany,2022,8,1,4,1,2
DEU,Germany,2023,9,1,5,1,2
DEU,Germany,2024,9,1,5,1,2
GHA,Ghana,1990,0,0,0,0,0
GHA,Ghana,1991,0,0,0,0,0
GHA,Ghana,1992,0,0,0,0,0
GHA,Ghana,1993,0,0,0,0,0
GHA,Ghana,1994,0,0,0,0,0
GHA,Ghana,1995,0,0,0,0,0
GHA,Ghana,1996,0,0,0,0,0
GHA,Ghana,1997,1,0,0,1,0
GHA,Ghana,1998,1,0,0,1,0
GHA,Ghana,1999,1,0,0,1,0
GHA,Ghana,2000,1,0,0,1,0
GHA,Ghana,2001,1,0,0,1,0
GHA,Ghana,2002,1,0,0,1,0
GHA,Ghana,2003,1,0,0,1,0
GHA,Ghana,2004,1,0,0,1,0
GHA,Ghana,2005,1,0,0,1,0
GHA,Ghana,2006,1,0,0,1,0
GHA,Ghana,2007,2,0,0,1,1
GHA,Ghana,2008,2,0,0,1,1
GHA,Ghana,2009,2,0,0,1,1
GHA,Ghana,2010,2,0,0,1,1
GHA,Ghana,2011,2,0,0,1,1
GHA,Ghana,2012,2,0,0,1,1
GHA,Ghana,2013,2,0,0,1,1
GHA,Ghana,2014,2,0,0,1,1
GHA,Ghana,2015,2,0,0,1,1
GHA,Ghana,2016,3,1,0,1,1
GHA,Ghana,2017,3,1,0,1,1
GHA,Ghana,2018,3,1,0,1,1
GHA,Ghana,2019,3,1,0,1,1
GHA,Ghana,2020,7,1,3,1,2
GHA,Ghana,2021,7,1,3,1,2
GHA,Ghana,2022,7,1,3,1,2
GHA,Ghana,2023,7,1,3,1,2
GHA,Ghana,2024,7,1,3,1,2
GRC,Greece,1990,0,0,0,0,0
GRC,Greece,1991,0,0,0,0,0
GRC,Greece,1992,0,0,0,0,0
GRC,Greece,1993,0,0,0,0,0
GRC,Greece,1994,0,0,0,0,0
GRC,Greece,1995,0,0,0,0,0
GRC,Greece,1996,0,0,0,0,0
GRC,Greece,1997,0,0,0,0,0
GRC,Greece,1998,0,0,0,0,0
GRC,Greece,1999,1,1,0,0,0
GRC,Greece,2000,2,1,0,0,1
GRC,Greece,2001,2,1,0,0,1
GRC,Greece,2002,2,1,0,0,1
GRC,Greece,2003,2,1,0,0,1
GRC,Greece,2004,2,1,0,0,1
GRC,Greece,2005,4,2,0,0,2
GRC,Greece,2006,4,2,0,0,2
GRC,Greece,2007,4,2,0,0,2
GRC,Greece,2008,4,2,0,0,2
GRC,Greece,2009,4,2,0,0,2
GRC,Greece,2010,5,2,0,1,2
GRC,Greece,2011,5,2,0,1,2
GRC,Greece,2012,5,2,0,1,2
GRC,Greece,2013,5,2,0,1,2
GRC,Greece,2014,5,2,0,1,2
GRC,Greece,2015,5,2,0,1,2
GRC,Greece,2016,6,2,1,1,2
GRC,Greece,2017,6,2,1,1,2
GRC,Greece,2018,6,2,1,1,2
GRC,Greece,2019,7,2,2,1,2
GRC,Greece,2020,8,2,3,1,2
GRC,Greece,2021,9,2,4,1,2
GRC,Greece,2022,9,2,4,1,2
GRC,Greece,2023,9,2,4,1,2
GRC,Greece,2024,11,3,5,1,2
GNB,GuineaBissau,1990,0,0,0,0,0
GNB,GuineaBissau,1991,0,0,0,0,0
GNB,GuineaBissau,1992,0,0,0,0,0
GNB,GuineaBissau,1993,0,0,0,0,0
GNB,GuineaBissau,1994,0,0,0,0,0
GNB,GuineaBissau,1995,0,0,0,0,0
GNB,GuineaBissau,1996,0,0,0,0,0
GNB,GuineaBissau,1997,0,0,0,0,0
GNB,GuineaBissau,1998,0,0,0,0,0
GNB,GuineaBissau,1999,0,0,0,0,0
GNB,GuineaBissau,2000,0,0,0,0,0
GNB,GuineaBissau,2001,0,0,0,0,0
GNB,GuineaBissau,2002,0,0,0,0,0
GNB,GuineaBissau,2003,0,0,0,0,0
GNB,GuineaBissau,2004,0,0,0,0,0
GNB,GuineaBissau,2005,0,0,0,0,0
GNB,GuineaBissau,2006,0,0,0,0,0
GNB,GuineaBissau,2007,0,0,0,0,0
GNB,GuineaBissau,2008,0,0,0,0,0
GNB,GuineaBissau,2009,0,0,0,0,0
GNB,GuineaBissau,2010,0,0,0,0,0
GNB,GuineaBissau,2011,1,0,0,1,0
GNB,GuineaBissau,2012,1,0,0,1,0
GNB,GuineaBissau,2013,1,0,0,1,0
GNB,GuineaBissau,2014,1,0,0,1,0
GNB,GuineaBissau,2015,1,0,0,1,0
GNB,GuineaBissau,2016,1,0,0,1,0
GNB,GuineaBissau,2017,1,0,0,1,0
GNB,GuineaBissau,2018,6,1,3,2,0
GNB,GuineaBissau,2019,6,1,3,2,0
GNB,GuineaBissau,2020,7,1,4,2,0
GNB,GuineaBissau,2021,7,1,4,2,0
GNB,GuineaBissau,2022,7,1,4,2,0
GNB,GuineaBissau,2023,7,1,4,2,0
GNB,GuineaBissau,2024,7,1,4,2,0
HTI,Haiti,1990,0,0,0,0,0
HTI,Haiti,1991,0,0,0,0,0
HTI,Haiti,1992,0,0,0,0,0
HTI,Haiti,1993,0,0,0,0,0
HTI,Haiti,1994,0,0,0,0,0
HTI,Haiti,1995,0,0,0,0,0
HTI,Haiti,1996,0,0,0,0,0
HTI,Haiti,1997,0,0,0,0,0
HTI,Haiti,1998,0,0,0,0,0
HTI,Haiti,1999,0,0,0,0,0
HTI,Haiti,2000,2,1,0,1,0
HTI,Haiti,2001,3,1,0,2,0
HTI,Haiti,2002,3,1,0,2,0
HTI,Haiti,2003,3,1,0,2,0
HTI,Haiti,2004,3,1,0,2,0
HTI,Haiti,2005,3,1,0,2,0
HTI,Haiti,2006,3,1,0,2,0
HTI,Haiti,2007,3,1,0,2,0
HTI,Haiti,2008,4,1,0,2,1
HTI,Haiti,2009,4,1,0,2,1
HTI,Haiti,2010,4,1,0,2,1
HTI,Haiti,2011,4,1,0,2,1
HTI,Haiti,2012,4,1,0,2,1
HTI,Haiti,2013,4,1,0,2,1
HTI,Haiti,2014,4,1,0,2,1
HTI,Haiti,2015,4,1,0,2,1
HTI,Haiti,2016,4,1,0,2,1
HTI,Haiti,2017,4,1,0,2,1
HTI,Haiti,2018,4,1,0,2,1
HTI,Haiti,2019,4,1,0,2,1
HTI,Haiti,2020,4,1,0,2,1
HTI,Haiti,2021,5,1,1,2,1
HTI,Haiti,2022,5,1,1,2,1
HTI,Haiti,2023,5,1,1,2,1
HTI,Haiti,2024,5,1,1,2,1
HND,Honduras,1990,0,0,0,0,0
HND,Honduras,1991,0,0,0,0,0
HND,Honduras,1992,0,0,0,0,0
HND,Honduras,1993,0,0,0,0,0
HND,Honduras,1994,0,0,0,0,0
HND,Honduras,1995,0,0,0,0,0
HND,Honduras,1996,0,0,0,0,0
HND,Honduras,1997,0,0,0,0,0
HND,Honduras,1998,0,0,0,0,0
HND,Honduras,1999,0,0,0,0,0
HND,Honduras,2000,0,0,0,0,0
HND,Honduras,2001,0,0,0,0,0
HND,Honduras,2002,0,0,0,0,0
HND,Honduras,2003,0,0,0,0,0
HND,Honduras,2004,1,0,0,1,0
HND,Honduras,2005,2,0,1,1,0
HND,Honduras,2006,2,0,1,1,0
HND,Honduras,2007,2,0,1,1,0
HND,Honduras,2008,2,0,1,1,0
HND,Honduras,2009,2,0,1,1,0
HND,Honduras,2010,2,0,1,1,0
HND,Honduras,2011,2,0,1,1,0
HND,Honduras,2012,3,0,1,1,1
HND,Honduras,2013,3,0,1,1,1
HND,Honduras,2014,3,0,1,1,1
HND,Honduras,2015,4,0,1,2,1
HND,Honduras,2016,4,0,1,2,1
HND,Honduras,2017,6,0,3,2,1
HND,Honduras,2018,6,0,3,2,1
HND,Honduras,2019,6,0,3,2,1
HND,Honduras,2020,6,0,3,2,1
HND,Honduras,2021,6,0,3,2,1
HND,Honduras,2022,6,0,3,2,1
HND,Honduras,2023,6,0,3,2,1
HND,Honduras,2024,6,0,3,2,1
HKG,HongKongSAR,1990,0,0,0,0,0
HKG,HongKongSAR,1991,1,1,0,0,0
HKG,HongKongSAR,1992,1,1,0,0,0
HKG,HongKongSAR,1993,1,1,0,0,0
HKG,HongKongSAR,1994,2,2,0,0,0
HKG,HongKongSAR,1995,2,2,0,0,0
HKG,HongKongSAR,1996,2,2,0,0,0
HKG,HongKongSAR,1997,3,3,0,0,0
HKG,HongKongSAR,1998,3,3,0,0,0
HKG,HongKongSAR,1999,3,3,0,0,0
HKG,HongKongSAR,2000,3,3,0,0,0
HKG,HongKongSAR,2001,3,3,0,0,0
HKG,HongKongSAR,2002,3,3,0,0,0
HKG,HongKongSAR,2003,3,3,0,0,0
HKG,HongKongSAR,2004,3,3,0,0,0
HKG,HongKongSAR,2005,3,3,0,0,0
HKG,HongKongSAR,2006,3,3,0,0,0
HKG,HongKongSAR,2007,3,3,0,0,0
HKG,HongKongSAR,2008,3,3,0,0,0
HKG,HongKongSAR,2009,3,3,0,0,0
HKG,HongKongSAR,2010,4,3,0,0,1
HKG,HongKongSAR,2011,4,3,0,0,1
HKG,HongKongSAR,2012,4,3,0,0,1
HKG,HongKongSAR,2013,5,3,1,0,1
HKG,HongKongSAR,2014,5,3,1,0,1
HKG,HongKongSAR,2015,8,3,2,1,2
HKG,HongKongSAR,2016,10,3,4,1,2
HKG,HongKongSAR,2017,10,3,4,1,2
HKG,HongKongSAR,2018,11,3,5,1,2
HKG,HongKongSAR,2019,11,3,5,1,2
HKG,HongKongSAR,2020,11,3,5,1,2
HKG,HongKongSAR,2021,11,3,5,1,2
HKG,HongKongSAR,2022,11,3,5,1,2
HKG,HongKongSAR,2023,11,3,5,1,2
HKG,HongKongSAR,2024,11,3,5,1,2
HUN,Hungary,1990,0,0,0,0,0
HUN,Hungary,1991,0,0,0,0,0
HUN,Hungary,1992,0,0,0,0,0
HUN,Hungary,1993,0,0,0,0,0
HUN,Hungary,1994,0,0,0,0,0
HUN,Hungary,1995,0,0,0,0,0
HUN,Hungary,1996,0,0,0,0,0
HUN,Hungary,1997,0,0,0,0,0
HUN,Hungary,1998,0,0,0,0,0
HUN,Hungary,1999,0,0,0,0,0
HUN,Hungary,2000,0,0,0,0,0
HUN,Hungary,2001,1,0,0,0,1
HUN,Hungary,2002,1,0,0,0,1
HUN,Hungary,2003,1,0,0,0,1
HUN,Hungary,2004,1,0,0,0,1
HUN,Hungary,2005,1,0,0,0,1
HUN,Hungary,2006,1,0,0,0,1
HUN,Hungary,2007,1,0,0,0,1
HUN,Hungary,2008,1,0,0,0,1
HUN,Hungary,2009,1,0,0,0,1
HUN,Hungary,2010,5,3,0,1,1
HUN,Hungary,2011,5,3,0,1,1
HUN,Hungary,2012,6,3,0,2,1
HUN,Hungary,2013,6,3,0,2,1
HUN,Hungary,2014,6,3,0,2,1
HUN,Hungary,2015,6,3,0,2,1
HUN,Hungary,2016,7,3,0,3,1
HUN,Hungary,2017,10,3,3,3,1
HUN,Hungary,2018,11,3,3,3,2
HUN,Hungary,2019,11,3,3,3,2
HUN,Hungary,2020,11,3,3,3,2
HUN,Hungary,2021,12,3,4,3,2
HUN,Hungary,2022,12,3,4,3,2
HUN,Hungary,2023,12,3,4,3,2
HUN,Hungary,2024,13,3,5,3,2
ISL,Iceland,1990,0,0,0,0,0
ISL,Iceland,1991,0,0,0,0,0
ISL,Iceland,1992,0,0,0,0,0
ISL,Iceland,1993,0,0,0,0,0
ISL,Iceland,1994,0,0,0,0,0
ISL,Iceland,1995,0,0,0,0,0
ISL,Iceland,1996,0,0,0,0,0
ISL,Iceland,1997,0,0,0,0,0
ISL,Iceland,1998,0,0,0,0,0
ISL,Iceland,1999,1,0,0,1,0
ISL,Iceland,2000,1,0,0,1,0
ISL,Iceland,2001,2,1,0,1,0
ISL,Iceland,2002,2,1,0,1,0
ISL,Iceland,2003,3,1,0,1,1
ISL,Iceland,2004,3,1,0,1,1
ISL,Iceland,2005,3,1,0,1,1
ISL,Iceland,2006,3,1,0,1,1
ISL,Iceland,2007,3,1,0,1,1
ISL,Iceland,2008,4,2,0,1,1
ISL,Iceland,2009,4,2,0,1,1
ISL,Iceland,2010,4,2,0,1,1
ISL,Iceland,2011,4,2,0,1,1
ISL,Iceland,2012,4,2,0,1,1
ISL,Iceland,2013,4,2,0,1,1
ISL,Iceland,2014,4,2,0,1,1
ISL,Iceland,2015,4,2,0,1,1
ISL,Iceland,2016,7,2,3,1,1
ISL,Iceland,2017,8,2,4,1,1
ISL,Iceland,2018,8,2,4,1,1
ISL,Iceland,2019,8,2,4,1,1
ISL,Iceland,2020,8,2,4,1,1
ISL,Iceland,2021,9,3,4,1,1
ISL,Iceland,2022,10,3,4,2,1
ISL,Iceland,2023,10,3,4,2,1
ISL,Iceland,2024,10,3,4,2,1
IND,India,1990,0,0,0,0,0
IND,India,1991,0,0,0,0,0
IND,India,1992,0,0,0,0,0
IND,India,1993,0,0,0,0,0
IND,India,1994,0,0,0,0,0
IND,India,1995,0,0,0,0,0
IND,India,1996,1,1,0,0,0
IND,India,1997,1,1,0,0,0
IND,India,1998,1,1,0,0,0
IND,India,1999,2,1,0,0,1
IND,India,2000,2,1,0,0,1
IND,India,2001,2,1,0,0,1
IND,India,2002,2,1,0,0,1
IND,India,2003,2,1,0,0,1
IND,India,2004,3,1,1,0,1
IND,India,2005,4,1,1,0,2
IND,India,2006,4,1,1,0,2
IND,India,2007,4,1,1,0,2
IND,India,2008,5,1,1,1,2
IND,India,2009,5,1,1,1,2
IND,India,2010,6,2,1,1,2
IND,India,2011,6,2,1,1,2
IND,India,2012,6,2,1,1,2
IND,India,2013,7,2,1,2,2
IND,India,2014,8,2,2,2,2
IND,India,2015,10,3,3,2,2
IND,India,2016,12,3,5,2,2
IND,India,2017,12,3,5,2,2
IND,India,2018,12,3,5,2,2
IND,India,2019,13,4,5,2,2
IND,India,2020,13,4,5,2,2
IND,India,2021,13,4,5,2,2
IND,India,2022,13,4,5,2,2
IND,India,2023,13,4,5,2,2
IND,India,2024,13,4,5,2,2
IDN,Indonesia,1990,0,0,0,0,0
IDN,Indonesia,1991,0,0,0,0,0
IDN,Indonesia,1992,0,0,0,0,0
IDN,Indonesia,1993,0,0,0,0,0
IDN,Indonesia,1994,0,0,0,0,0
IDN,Indonesia,1995,0,0,0,0,0
IDN,Indonesia,1996,0,0,0,0,0
IDN,Indonesia,1997,0,0,0,0,0
IDN,Indonesia,1998,0,0,0,0,0
IDN,Indonesia,1999,0,0,0,0,0
IDN,Indonesia,2000,0,0,0,0,0
IDN,Indonesia,2001,0,0,0,0,0
IDN,Indonesia,2002,0,0,0,0,0
IDN,Indonesia,2003,1,0,0,1,0
IDN,Indonesia,2004,1,0,0,1,0
IDN,Indonesia,2005,2,0,0,2,0
IDN,Indonesia,2006,2,0,0,2,0
IDN,Indonesia,2007,2,0,0,2,0
IDN,Indonesia,2008,3,0,0,2,1
IDN,Indonesia,2009,3,0,0,2,1
IDN,Indonesia,2010,3,0,0,2,1
IDN,Indonesia,2011,3,0,0,2,1
IDN,Indonesia,2012,4,1,0,2,1
IDN,Indonesia,2013,4,1,0,2,1
IDN,Indonesia,2014,4,1,0,2,1
IDN,Indonesia,2015,6,2,1,2,1
IDN,Indonesia,2016,9,2,3,3,1
IDN,Indonesia,2017,9,2,3,3,1
IDN,Indonesia,2018,9,2,3,3,1
IDN,Indonesia,2019,9,2,3,3,1
IDN,Indonesia,2020,11,2,4,3,2
IDN,Indonesia,2021,11,2,4,3,2
IDN,Indonesia,2022,11,2,4,3,2
IDN,Indonesia,2023,11,2,4,3,2
IDN,Indonesia,2024,11,2,4,3,2
IRL,Ireland,1990,0,0,0,0,0
IRL,Ireland,1991,1,0,0,1,0
IRL,Ireland,1992,1,0,0,1,0
IRL,Ireland,1993,1,0,0,1,0
IRL,Ireland,1994,1,0,0,1,0
IRL,Ireland,1995,1,0,0,1,0
IRL,Ireland,1996,1,0,0,1,0
IRL,Ireland,1997,1,0,0,1,0
IRL,Ireland,1998,1,0,0,1,0
IRL,Ireland,1999,2,0,0,1,1
IRL,Ireland,2000,2,0,0,1,1
IRL,Ireland,2001,3,1,0,1,1
IRL,Ireland,2002,3,1,0,1,1
IRL,Ireland,2003,3,1,0,1,1
IRL,Ireland,2004,3,1,0,1,1
IRL,Ireland,2005,3,1,0,1,1
IRL,Ireland,2006,4,1,1,1,1
IRL,Ireland,2007,4,1,1,1,1
IRL,Ireland,2008,4,1,1,1,1
IRL,Ireland,2009,4,1,1,1,1
IRL,Ireland,2010,4,1,1,1,1
IRL,Ireland,2011,4,1,1,1,1
IRL,Ireland,2012,4,1,1,1,1
IRL,Ireland,2013,4,1,1,1,1
IRL,Ireland,2014,4,1,1,1,1
IRL,Ireland,2015,5,2,1,1,1
IRL,Ireland,2016,6,2,2,1,1
IRL,Ireland,2017,6,2,2,1,1
IRL,Ireland,2018,7,2,2,1,2
IRL,Ireland,2019,9,2,4,1,2
IRL,Ireland,2020,9,2,4,1,2
IRL,Ireland,2021,9,2,4,1,2
IRL,Ireland,2022,10,2,5,1,2
IRL,Ireland,2023,10,2,5,1,2
IRL,Ireland,2024,10,2,5,1,2
ISR,Israel,1990,0,0,0,0,0
ISR,Israel,1991,0,0,0,0,0
ISR,Israel,1992,0,0,0,0,0
ISR,Israel,1993,0,0,0,0,0
ISR,Israel,1994,0,0,0,0,0
ISR,Israel,1995,0,0,0,0,0
ISR,Israel,1996,0,0,0,0,0
ISR,Israel,1997,0,0,0,0,0
ISR,Israel,1998,1,0,1,0,0
ISR,Israel,1999,1,0,1,0,0
ISR,Israel,2000,1,0,1,0,0
ISR,Israel,2001,1,0,1,0,0
ISR,Israel,2002,1,0,1,0,0
ISR,Israel,2003,1,0,1,0,0
ISR,Israel,2004,1,0,1,0,0
ISR,Israel,2005,1,0,1,0,0
ISR,Israel,2006,1,0,1,0,0
ISR,Israel,2007,1,0,1,0,0
ISR,Israel,2008,1,0,1,0,0
ISR,Israel,2009,1,0,1,0,0
ISR,Israel,2010,1,0,1,0,0
ISR,Israel,2011,4,1,1,0,2
ISR,Israel,2012,5,2,1,0,2
ISR,Israel,2013,6,3,1,0,2
ISR,Israel,2014,6,3,1,0,2
ISR,Israel,2015,8,3,2,1,2
ISR,Israel,2016,8,3,2,1,2
ISR,Israel,2017,9,3,3,1,2
ISR,Israel,2018,10,3,4,1,2
ISR,Israel,2019,10,3,4,1,2
ISR,Israel,2020,10,3,4,1,2
ISR,Israel,2021,10,3,4,1,2
ISR,Israel,2022,10,3,4,1,2
ISR,Israel,2023,10,3,4,1,2
ISR,Israel,2024,10,3,4,1,2
ITA,Italy,1990,0,0,0,0,0
ITA,Italy,1991,0,0,0,0,0
ITA,Italy,1992,0,0,0,0,0
ITA,Italy,1993,1,0,0,0,1
ITA,Italy,1994,1,0,0,0,1
ITA,Italy,1995,2,1,0,0,1
ITA,Italy,1996,2,1,0,0,1
ITA,Italy,1997,2,1,0,0,1
ITA,Italy,1998,2,1,0,0,1
ITA,Italy,1999,2,1,0,0,1
ITA,Italy,2000,2,1,0,0,1
ITA,Italy,2001,2,1,0,0,1
ITA,Italy,2002,2,1,0,0,1
ITA,Italy,2003,2,1,0,0,1
ITA,Italy,2004,2,1,0,0,1
ITA,Italy,2005,2,1,0,0,1
ITA,Italy,2006,2,1,0,0,1
ITA,Italy,2007,3,1,1,0,1
ITA,Italy,2008,3,1,1,0,1
ITA,Italy,2009,3,1,1,0,1
ITA,Italy,2010,3,1,1,0,1
ITA,Italy,2011,3,1,1,0,1
ITA,Italy,2012,3,1,1,0,1
ITA,Italy,2013,3,1,1,0,1
ITA,Italy,2014,4,1,2,0,1
ITA,Italy,2015,5,1,2,1,1
ITA,Italy,2016,5,1,2,1,1
ITA,Italy,2017,5,1,2,1,1
ITA,Italy,2018,7,1,3,1,2
ITA,Italy,2019,7,1,3,1,2
ITA,Italy,2020,7,1,3,1,2
ITA,Italy,2021,7,1,3,1,2
ITA,Italy,2022,8,1,4,1,2
ITA,Italy,2023,8,1,4,1,2
ITA,Italy,2024,8,1,4,1,2
JAM,Jamaica,1990,0,0,0,0,0
JAM,Jamaica,1991,0,0,0,0,0
JAM,Jamaica,1992,1,0,0,1,0
JAM,Jamaica,1993,1,0,0,1,0
JAM,Jamaica,1994,1,0,0,1,0
JAM,Jamaica,1995,1,0,0,1,0
JAM,Jamaica,1996,1,0,0,1,0
JAM,Jamaica,1997,1,0,0,1,0
JAM,Jamaica,1998,1,0,0,1,0
JAM,Jamaica,1999,1,0,0,1,0
JAM,Jamaica,2000,1,0,0,1,0
JAM,Jamaica,2001,1,0,0,1,0
JAM,Jamaica,2002,1,0,0,1,0
JAM,Jamaica,2003,1,0,0,1,0
JAM,Jamaica,2004,2,0,1,1,0
JAM,Jamaica,2005,2,0,1,1,0
JAM,Jamaica,2006,2,0,1,1,0
JAM,Jamaica,2007,2,0,1,1,0
JAM,Jamaica,2008,2,0,1,1,0
JAM,Jamaica,2009,2,0,1,1,0
JAM,Jamaica,2010,2,0,1,1,0
JAM,Jamaica,2011,2,0,1,1,0
JAM,Jamaica,2012,2,0,1,1,0
JAM,Jamaica,2013,3,0,1,1,1
JAM,Jamaica,2014,3,0,1,1,1
JAM,Jamaica,2015,3,0,1,1,1
JAM,Jamaica,2016,3,0,1,1,1
JAM,Jamaica,2017,3,0,1,1,1
JAM,Jamaica,2018,3,0,1,1,1
JAM,Jamaica,2019,3,0,1,1,1
JAM,Jamaica,2020,4,0,1,2,1
JAM,Jamaica,2021,4,0,1,2,1
JAM,Jamaica,2022,4,0,1,2,1
JAM,Jamaica,2023,4,0,1,2,1
JAM,Jamaica,2024,4,0,1,2,1
JPN,Japan,1990,1,1,0,0,0
JPN,Japan,1991,2,1,0,0,1
JPN,Japan,1992,2,1,0,0,1
JPN,Japan,1993,2,1,0,0,1
JPN,Japan,1994,2,1,0,0,1
JPN,Japan,1995,2,1,0,0,1
JPN,Japan,1996,2,1,0,0,1
JPN,Japan,1997,2,1,0,0,1
JPN,Japan,1998,2,1,0,0,1
JPN,Japan,1999,2,1,0,0,1
JPN,Japan,2000,2,1,0,0,1
JPN,Japan,2001,2,1,0,0,1
JPN,Japan,2002,2,1,0,0,1
JPN,Japan,2003,2,1,0,0,1
JPN,Japan,2004,2,1,0,0,1
JPN,Japan,2005,2,1,0,0,1
JPN,Japan,2006,2,1,0,0,1
JPN,Japan,2007,3,1,1,0,1
JPN,Japan,2008,3,1,1,0,1
JPN,Japan,2009,3,1,1,0,1
JPN,Japan,2010,3,1,1,0,1
JPN,Japan,2011,3,1,1,0,1
JPN,Japan,2012,3,1,1,0,1
JPN,Japan,2013,3,1,1,0,1
JPN,Japan,2014,3,1,1,0,1
JPN,Japan,2015,4,1,1,1,1
JPN,Japan,2016,6,1,3,1,1
JPN,Japan,2017,6,1,3,1,1
JPN,Japan,2018,6,1,3,1,1
JPN,Japan,2019,7,1,4,1,1
JPN,Japan,2020,7,1,4,1,1
JPN,Japan,2021,7,1,4,1,1
JPN,Japan,2022,7,1,4,1,1
JPN,Japan,2023,7,1,4,1,1
JPN,Japan,2024,7,1,4,1,1
JOR,Jordan,1990,0,0,0,0,0
JOR,Jordan,1991,0,0,0,0,0
JOR,Jordan,1992,0,0,0,0,0
JOR,Jordan,1993,0,0,0,0,0
JOR,Jordan,1994,0,0,0,0,0
JOR,Jordan,1995,0,0,0,0,0
JOR,Jordan,1996,0,0,0,0,0
JOR,Jordan,1997,1,0,0,1,0
JOR,Jordan,1998,1,0,0,1,0
JOR,Jordan,1999,1,0,0,1,0
JOR,Jordan,2000,2,0,0,2,0
JOR,Jordan,2001,2,0,0,2,0
JOR,Jordan,2002,3,0,0,3,0
JOR,Jordan,2003,4,0,1,3,0
JOR,Jordan,2004,4,0,1,3,0
JOR,Jordan,2005,4,0,1,3,0
JOR,Jordan,2006,4,0,1,3,0
JOR,Jordan,2007,4,0,1,3,0
JOR,Jordan,2008,5,1,1,3,0
JOR,Jordan,2009,5,1,1,3,0
JOR,Jordan,2010,5,1,1,3,0
JOR,Jordan,2011,5,1,1,3,0
JOR,Jordan,2012,5,1,1,3,0
JOR,Jordan,2013,5,1,1,3,0
JOR,Jordan,2014,5,1,1,3,0
JOR,Jordan,2015,5,1,1,3,0
JOR,Jordan,2016,8,2,3,3,0
JOR,Jordan,2017,9,2,4,3,0
JOR,Jordan,2018,9,2,4,3,0
JOR,Jordan,2019,9,2,4,3,0
JOR,Jordan,2020,9,2,4,3,0
JOR,Jordan,2021,9,2,4,3,0
JOR,Jordan,2022,9,2,4,3,0
JOR,Jordan,2023,9,2,4,3,0
JOR,Jordan,2024,9,2,4,3,0
KAZ,Kazakhstan,1990,0,0,0,0,0
KAZ,Kazakhstan,1991,0,0,0,0,0
KAZ,Kazakhstan,1992,0,0,0,0,0
KAZ,Kazakhstan,1993,1,0,0,0,1
KAZ,Kazakhstan,1994,1,0,0,0,1
KAZ,Kazakhstan,1995,1,0,0,0,1
KAZ,Kazakhstan,1996,1,0,0,0,1
KAZ,Kazakhstan,1997,1,0,0,0,1
KAZ,Kazakhstan,1998,1,0,0,0,1
KAZ,Kazakhstan,1999,1,0,0,0,1
KAZ,Kazakhstan,2000,1,0,0,0,1
KAZ,Kazakhstan,2001,1,0,0,0,1
KAZ,Kazakhstan,2002,3,0,0,2,1
KAZ,Kazakhstan,2003,3,0,0,2,1
KAZ,Kazakhstan,2004,3,0,0,2,1
KAZ,Kazakhstan,2005,3,0,0,2,1
KAZ,Kazakhstan,2006,3,0,0,2,1
KAZ,Kazakhstan,2007,3,0,0,2,1
KAZ,Kazakhstan,2008,3,0,0,2,1
KAZ,Kazakhstan,2009,3,0,0,2,1
KAZ,Kazakhstan,2010,3,0,0,2,1
KAZ,Kazakhstan,2011,3,0,0,2,1
KAZ,Kazakhstan,2012,3,0,0,2,1
KAZ,Kazakhstan,2013,5,1,0,2,2
KAZ,Kazakhstan,2014,5,1,0,2,2
KAZ,Kazakhstan,2015,6,1,1,2,2
KAZ,Kazakhstan,2016,7,1,2,2,2
KAZ,Kazakhstan,2017,8,1,3,2,2
KAZ,Kazakhstan,2018,8,1,3,2,2
KAZ,Kazakhstan,2019,8,1,3,2,2
KAZ,Kazakhstan,2020,8,1,3,2,2
KAZ,Kazakhstan,2021,8,1,3,2,2
KAZ,Kazakhstan,2022,8,1,3,2,2
KAZ,Kazakhstan,2023,8,1,3,2,2
KAZ,Kazakhstan,2024,8,1,3,2,2
KEN,Kenya,1990,0,0,0,0,0
KEN,Kenya,1991,0,0,0,0,0
KEN,Kenya,1992,0,0,0,0,0
KEN,Kenya,1993,0,0,0,0,0
KEN,Kenya,1994,1,0,1,0,0
KEN,Kenya,1995,1,0,1,0,0
KEN,Kenya,1996,1,0,1,0,0
KEN,Kenya,1997,1,0,1,0,0
KEN,Kenya,1998,1,0,1,0,0
KEN,Kenya,1999,1,0,1,0,0
KEN,Kenya,2000,1,0,1,0,0
KEN,Kenya,2001,1,0,1,0,0
KEN,Kenya,2002,1,0,1,0,0
KEN,Kenya,2003,1,0,1,0,0
KEN,Kenya,2004,1,0,1,0,0
KEN,Kenya,2005,1,0,1,0,0
KEN,Kenya,2006,2,1,1,0,0
KEN,Kenya,2007,2,1,1,0,0
KEN,Kenya,2008,2,1,1,0,0
KEN,Kenya,2009,2,1,1,0,0
KEN,Kenya,2010,2,1,1,0,0
KEN,Kenya,2011,3,1,1,1,0
KEN,Kenya,2012,3,1,1,1,0
KEN,Kenya,2013,4,1,2,1,0
KEN,Kenya,2014,4,1,2,1,0
KEN,Kenya,2015,4,1,2,1,0
KEN,Kenya,2016,4,1,2,1,0
KEN,Kenya,2017,4,1,2,1,0
KEN,Kenya,2018,4,1,2,1,0
KEN,Kenya,2019,4,1,2,1,0
KEN,Kenya,2020,4,1,2,1,0
KEN,Kenya,2021,4,1,2,1,0
KEN,Kenya,2022,4,1,2,1,0
KEN,Kenya,2023,4,1,2,1,0
KEN,Kenya,2024,4,1,2,1,0
KOR,Korea,1990,1,0,0,0,1
KOR,Korea,1991,1,0,0,0,1
KOR,Korea,1992,1,0,0,0,1
KOR,Korea,1993,1,0,0,0,1
KOR,Korea,1994,1,0,0,0,1
KOR,Korea,1995,1,0,0,0,1
KOR,Korea,1996,1,0,0,0,1
KOR,Korea,1997,2,0,0,1,1
KOR,Korea,1998,3,0,0,2,1
KOR,Korea,1999,3,0,0,2,1
KOR,Korea,2000,3,0,0,2,1
KOR,Korea,2001,3,0,0,2,1
KOR,Korea,2002,6,1,1,2,2
KOR,Korea,2003,6,1,1,2,2
KOR,Korea,2004,6,1,1,2,2
KOR,Korea,2005,7,2,1,2,2
KOR,Korea,2006,7,2,1,2,2
KOR,Korea,2007,8,2,1,3,2
KOR,Korea,2008,8,2,1,3,2
KOR,Korea,2009,8,2,1,3,2
KOR,Korea,2010,8,2,1,3,2
KOR,Korea,2011,9,2,1,3,3
KOR,Korea,2012,11,3,1,4,3
KOR,Korea,2013,11,3,1,4,3
KOR,Korea,2014,11,3,1,4,3
KOR,Korea,2015,12,3,2,4,3
KOR,Korea,2016,14,3,4,4,3
KOR,Korea,2017,14,3,4,4,3
KOR,Korea,2018,14,3,4,4,3
KOR,Korea,2019,14,3,4,4,3
KOR,Korea,2020,14,3,4,4,3
KOR,Korea,2021,14,3,4,4,3
KOR,Korea,2022,14,3,4,4,3
KOR,Korea,2023,14,3,4,4,3
KOR,Korea,2024,15,3,5,4,3
KOS,Kosovo,1990,0,0,0,0,0
KOS,Kosovo,1991,0,0,0,0,0
KOS,Kosovo,1992,0,0,0,0,0
KOS,Kosovo,1993,0,0,0,0,0
KOS,Kosovo,1994,0,0,0,0,0
KOS,Kosovo,1995,0,0,0,0,0
KOS,Kosovo,1996,0,0,0,0,0
KOS,Kosovo,1997,0,0,0,0,0
KOS,Kosovo,1998,0,0,0,0,0
KOS,Kosovo,1999,0,0,0,0,0
KOS,Kosovo,2000,0,0,0,0,0
KOS,Kosovo,2001,1,0,0,0,1
KOS,Kosovo,2002,1,0,0,0,1
KOS,Kosovo,2003,1,0,0,0,1
KOS,Kosovo,2004,1,0,0,0,1
KOS,Kosovo,2005,1,0,0,0,1
KOS,Kosovo,2006,1,0,0,0,1
KOS,Kosovo,2007,1,0,0,0,1
KOS,Kosovo,2008,1,0,0,0,1
KOS,Kosovo,2009,1,0,0,0,1
KOS,Kosovo,2010,1,0,0,0,1
KOS,Kosovo,2011,1,0,0,0,1
KOS,Kosovo,2012,3,0,0,2,1
KOS,Kosovo,2013,5,0,2,2,1
KOS,Kosovo,2014,5,0,2,2,1
KOS,Kosovo,2015,5,0,2,2,1
KOS,Kosovo,2016,7,2,2,2,1
KOS,Kosovo,2017,7,2,2,2,1
KOS,Kosovo,2018,7,2,2,2,1
KOS,Kosovo,2019,7,2,2,2,1
KOS,Kosovo,2020,9,2,3,2,2
KOS,Kosovo,2021,9,2,3,2,2
KOS,Kosovo,2022,9,2,3,2,2
KOS,Kosovo,2023,9,2,3,2,2
KOS,Kosovo,2024,11,2,5,2,2
KWT,Kuwait,1990,0,0,0,0,0
KWT,Kuwait,1991,0,0,0,0,0
KWT,Kuwait,1992,0,0,0,0,0
KWT,Kuwait,1993,0,0,0,0,0
KWT,Kuwait,1994,1,0,0,1,0
KWT,Kuwait,1995,1,0,0,1,0
KWT,Kuwait,1996,3,2,0,1,0
KWT,Kuwait,1997,4,2,0,2,0
KWT,Kuwait,1998,4,2,0,2,0
KWT,Kuwait,1999,5,2,0,3,0
KWT,Kuwait,2000,5,2,0,3,0
KWT,Kuwait,2001,5,2,0,3,0
KWT,Kuwait,2002,5,2,0,3,0
KWT,Kuwait,2003,5,2,0,3,0
KWT,Kuwait,2004,6,2,0,4,0
KWT,Kuwait,2005,6,2,0,4,0
KWT,Kuwait,2006,6,2,0,4,0
KWT,Kuwait,2007,6,2,0,4,0
KWT,Kuwait,2008,6,2,0,4,0
KWT,Kuwait,2009,6,2,0,4,0
KWT,Kuwait,2010,6,2,0,4,0
KWT,Kuwait,2011,6,2,0,4,0
KWT,Kuwait,2012,6,2,0,4,0
KWT,Kuwait,2013,7,3,0,4,0
KWT,Kuwait,2014,10,3,3,4,0
KWT,Kuwait,2015,10,3,3,4,0
KWT,Kuwait,2016,10,3,3,4,0
KWT,Kuwait,2017,10,3,3,4,0
KWT,Kuwait,2018,10,3,3,4,0
KWT,Kuwait,2019,10,3,3,4,0
KWT,Kuwait,2020,10,3,3,4,0
KWT,Kuwait,2021,10,3,3,4,0
KWT,Kuwait,2022,10,3,3,4,0
KWT,Kuwait,2023,11,3,3,4,1
KWT,Kuwait,2024,11,3,3,4,1
KGZ,KyrgyzRepublic,1990,0,0,0,0,0
KGZ,KyrgyzRepublic,1991,0,0,0,0,0
KGZ,KyrgyzRepublic,1992,0,0,0,0,0
KGZ,KyrgyzRepublic,1993,0,0,0,0,0
KGZ,KyrgyzRepublic,1994,0,0,0,0,0
KGZ,KyrgyzRepublic,1995,0,0,0,0,0
KGZ,KyrgyzRepublic,1996,0,0,0,0,0
KGZ,KyrgyzRepublic,1997,0,0,0,0,0
KGZ,KyrgyzRepublic,1998,0,0,0,0,0
KGZ,KyrgyzRepublic,1999,0,0,0,0,0
KGZ,KyrgyzRepublic,2000,0,0,0,0,0
KGZ,KyrgyzRepublic,2001,1,0,1,0,0
KGZ,KyrgyzRepublic,2002,1,0,1,0,0
KGZ,KyrgyzRepublic,2003,1,0,1,0,0
KGZ,KyrgyzRepublic,2004,6,1,1,3,1
KGZ,KyrgyzRepublic,2005,6,1,1,3,1
KGZ,KyrgyzRepublic,2006,6,1,1,3,1
KGZ,KyrgyzRepublic,2007,6,1,1,3,1
KGZ,KyrgyzRepublic,2008,6,1,1,3,1
KGZ,KyrgyzRepublic,2009,6,1,1,3,1
KGZ,KyrgyzRepublic,2010,8,3,1,3,1
KGZ,KyrgyzRepublic,2011,8,3,1,3,1
KGZ,KyrgyzRepublic,2012,8,3,1,3,1
KGZ,KyrgyzRepublic,2013,8,3,1,3,1
KGZ,KyrgyzRepublic,2014,8,3,1,3,1
KGZ,KyrgyzRepublic,2015,8,3,1,3,1
KGZ,KyrgyzRepublic,2016,10,3,3,3,1
KGZ,KyrgyzRepublic,2017,11,3,3,4,1
KGZ,KyrgyzRepublic,2018,11,3,3,4,1
KGZ,KyrgyzRepublic,2019,11,3,3,4,1
KGZ,KyrgyzRepublic,2020,12,3,3,4,2
KGZ,KyrgyzRepublic,2021,12,3,3,4,2
KGZ,KyrgyzRepublic,2022,13,3,4,4,2
KGZ,KyrgyzRepublic,2023,13,3,4,4,2
KGZ,KyrgyzRepublic,2024,13,3,4,4,2
LAO,Laos,1990,0,0,0,0,0
LAO,Laos,1991,0,0,0,0,0
LAO,Laos,1992,0,0,0,0,0
LAO,Laos,1993,0,0,0,0,0
LAO,Laos,1994,0,0,0,0,0
LAO,Laos,1995,0,0,0,0,0
LAO,Laos,1996,1,0,0,1,0
LAO,Laos,1997,1,0,0,1,0
LAO,Laos,1998,1,0,0,1,0
LAO,Laos,1999,1,0,0,1,0
LAO,Laos,2000,1,0,0,1,0
LAO,Laos,2001,1,0,0,1,0
LAO,Laos,2002,1,0,0,1,0
LAO,Laos,2003,1,0,0,1,0
LAO,Laos,2004,1,0,0,1,0
LAO,Laos,2005,1,0,0,1,0
LAO,Laos,2006,1,0,0,1,0
LAO,Laos,2007,2,0,0,2,0
LAO,Laos,2008,2,0,0,2,0
LAO,Laos,2009,2,0,0,2,0
LAO,Laos,2010,2,0,0,2,0
LAO,Laos,2011,2,0,0,2,0
LAO,Laos,2012,2,0,0,2,0
LAO,Laos,2013,3,1,0,2,0
LAO,Laos,2014,3,1,0,2,0
LAO,Laos,2015,3,1,0,2,0
LAO,Laos,2016,3,1,0,2,0
LAO,Laos,2017,3,1,0,2,0
LAO,Laos,2018,4,1,0,2,1
LAO,Laos,2019,4,1,0,2,1
LAO,Laos,2020,5,1,0,2,2
LAO,Laos,2021,5,1,0,2,2
LAO,Laos,2022,5,1,0,2,2
LAO,Laos,2023,5,1,0,2,2
LAO,Laos,2024,7,1,2,2,2
LVA,Latvia,1990,0,0,0,0,0
LVA,Latvia,1991,0,0,0,0,0
LVA,Latvia,1992,0,0,0,0,0
LVA,Latvia,1993,0,0,0,0,0
LVA,Latvia,1994,0,0,0,0,0
LVA,Latvia,1995,0,0,0,0,0
LVA,Latvia,1996,1,0,0,1,0
LVA,Latvia,1997,1,0,0,1,0
LVA,Latvia,1998,1,0,0,1,0
LVA,Latvia,1999,1,0,0,1,0
LVA,Latvia,2000,2,0,0,1,1
LVA,Latvia,2001,2,0,0,1,1
LVA,Latvia,2002,2,0,0,1,1
LVA,Latvia,2003,2,0,0,1,1
LVA,Latvia,2004,2,0,0,1,1
LVA,Latvia,2005,2,0,0,1,1
LVA,Latvia,2006,2,0,0,1,1
LVA,Latvia,2007,7,3,1,1,2
LVA,Latvia,2008,7,3,1,1,2
LVA,Latvia,2009,7,3,1,1,2
LVA,Latvia,2010,7,3,1,1,2
LVA,Latvia,2011,7,3,1,1,2
LVA,Latvia,2012,7,3,1,1,2
LVA,Latvia,2013,7,3,1,1,2
LVA,Latvia,2014,8,3,2,1,2
LVA,Latvia,2015,8,3,2,1,2
LVA,Latvia,2016,8,3,2,1,2
LVA,Latvia,2017,9,3,3,1,2
LVA,Latvia,2018,10,3,3,1,3
LVA,Latvia,2019,10,3,3,1,3
LVA,Latvia,2020,10,3,3,1,3
LVA,Latvia,2021,11,3,4,1,3
LVA,Latvia,2022,11,3,4,1,3
LVA,Latvia,2023,12,3,5,1,3
LVA,Latvia,2024,12,3,5,1,3
LBN,Lebanon,1990,0,0,0,0,0
LBN,Lebanon,1991,0,0,0,0,0
LBN,Lebanon,1992,0,0,0,0,0
LBN,Lebanon,1993,0,0,0,0,0
LBN,Lebanon,1994,0,0,0,0,0
LBN,Lebanon,1995,0,0,0,0,0
LBN,Lebanon,1996,0,0,0,0,0
LBN,Lebanon,1997,1,0,0,1,0
LBN,Lebanon,1998,1,0,0,1,0
LBN,Lebanon,1999,1,0,0,1,0
LBN,Lebanon,2000,1,0,0,1,0
LBN,Lebanon,2001,2,0,0,1,1
LBN,Lebanon,2002,2,0,0,1,1
LBN,Lebanon,2003,2,0,0,1,1
LBN,Lebanon,2004,2,0,0,1,1
LBN,Lebanon,2005,2,0,0,1,1
LBN,Lebanon,2006,2,0,0,1,1
LBN,Lebanon,2007,2,0,0,1,1
LBN,Lebanon,2008,3,1,0,1,1
LBN,Lebanon,2009,3,1,0,1,1
LBN,Lebanon,2010,4,1,0,2,1
LBN,Lebanon,2011,4,1,0,2,1
LBN,Lebanon,2012,4,1,0,2,1
LBN,Lebanon,2013,4,1,0,2,1
LBN,Lebanon,2014,5,2,0,2,1
LBN,Lebanon,2015,6,2,1,2,1
LBN,Lebanon,2016,6,2,1,2,1
LBN,Lebanon,2017,7,2,1,3,1
LBN,Lebanon,2018,9,2,2,3,2
LBN,Lebanon,2019,9,2,2,3,2
LBN,Lebanon,2020,9,2,2,3,2
LBN,Lebanon,2021,9,2,2,3,2
LBN,Lebanon,2022,9,2,2,3,2
LBN,Lebanon,2023,9,2,2,3,2
LBN,Lebanon,2024,9,2,2,3,2
LSO,Lesotho,1990,0,0,0,0,0
LSO,Lesotho,1991,0,0,0,0,0
LSO,Lesotho,1992,0,0,0,0,0
LSO,Lesotho,1993,0,0,0,0,0
LSO,Lesotho,1994,0,0,0,0,0
LSO,Lesotho,1995,0,0,0,0,0
LSO,Lesotho,1996,0,0,0,0,0
LSO,Lesotho,1997,0,0,0,0,0
LSO,Lesotho,1998,0,0,0,0,0
LSO,Lesotho,1999,0,0,0,0,0
LSO,Lesotho,2000,0,0,0,0,0
LSO,Lesotho,2001,0,0,0,0,0
LSO,Lesotho,2002,0,0,0,0,0
LSO,Lesotho,2003,0,0,0,0,0
LSO,Lesotho,2004,0,0,0,0,0
LSO,Lesotho,2005,0,0,0,0,0
LSO,Lesotho,2006,0,0,0,0,0
LSO,Lesotho,2007,0,0,0,0,0
LSO,Lesotho,2008,0,0,0,0,0
LSO,Lesotho,2009,0,0,0,0,0
LSO,Lesotho,2010,0,0,0,0,0
LSO,Lesotho,2011,0,0,0,0,0
LSO,Lesotho,2012,0,0,0,0,0
LSO,Lesotho,2013,0,0,0,0,0
LSO,Lesotho,2014,0,0,0,0,0
LSO,Lesotho,2015,0,0,0,0,0
LSO,Lesotho,2016,1,0,0,1,0
LSO,Lesotho,2017,1,0,0,1,0
LSO,Lesotho,2018,1,0,0,1,0
LSO,Lesotho,2019,1,0,0,1,0
LSO,Lesotho,2020,2,0,1,1,0
LSO,Lesotho,2021,2,0,1,1,0
LSO,Lesotho,2022,2,0,1,1,0
LSO,Lesotho,2023,2,0,1,1,0
LSO,Lesotho,2024,2,0,1,1,0
LTU,Lithuania,1990,0,0,0,0,0
LTU,Lithuania,1991,0,0,0,0,0
LTU,Lithuania,1992,0,0,0,0,0
LTU,Lithuania,1993,0,0,0,0,0
LTU,Lithuania,1994,0,0,0,0,0
LTU,Lithuania,1995,0,0,0,0,0
LTU,Lithuania,1996,0,0,0,0,0
LTU,Lithuania,1997,0,0,0,0,0
LTU,Lithuania,1998,0,0,0,0,0
LTU,Lithuania,1999,0,0,0,0,0
LTU,Lithuania,2000,0,0,0,0,0
LTU,Lithuania,2001,0,0,0,0,0
LTU,Lithuania,2002,0,0,0,0,0
LTU,Lithuania,2003,0,0,0,0,0
LTU,Lithuania,2004,0,0,0,0,0
LTU,Lithuania,2005,0,0,0,0,0
LTU,Lithuania,2006,0,0,0,0,0
LTU,Lithuania,2007,1,0,1,0,0
LTU,Lithuania,2008,2,0,1,0,1
LTU,Lithuania,2009,2,0,1,0,1
LTU,Lithuania,2010,2,0,1,0,1
LTU,Lithuania,2011,5,3,1,0,1
LTU,Lithuania,2012,5,3,1,0,1
LTU,Lithuania,2013,5,3,1,0,1
LTU,Lithuania,2014,5,3,1,0,1
LTU,Lithuania,2015,7,3,2,1,1
LTU,Lithuania,2016,8,3,3,1,1
LTU,Lithuania,2017,8,3,3,1,1
LTU,Lithuania,2018,10,3,4,1,2
LTU,Lithuania,2019,10,3,4,1,2
LTU,Lithuania,2020,10,3,4,1,2
LTU,Lithuania,2021,11,3,5,1,2
LTU,Lithuania,2022,11,3,5,1,2
LTU,Lithuania,2023,11,3,5,1,2
LTU,Lithuania,2024,11,3,5,1,2
LUX,Luxembourg,1990,0,0,0,0,0
LUX,Luxembourg,1991,0,0,0,0,0
LUX,Luxembourg,1992,0,0,0,0,0
LUX,Luxembourg,1993,0,0,0,0,0
LUX,Luxembourg,1994,0,0,0,0,0
LUX,Luxembourg,1995,0,0,0,0,0
LUX,Luxembourg,1996,0,0,0,0,0
LUX,Luxembourg,1997,2,2,0,0,0
LUX,Luxembourg,1998,2,2,0,0,0
LUX,Luxembourg,1999,3,2,0,0,1
LUX,Luxembourg,2000,3,2,0,0,1
LUX,Luxembourg,2001,3,2,0,0,1
LUX,Luxembourg,2002,3,2,0,0,1
LUX,Luxembourg,2003,3,2,0,0,1
LUX,Luxembourg,2004,3,2,0,0,1
LUX,Luxembourg,2005,3,2,0,0,1
LUX,Luxembourg,2006,3,2,0,0,1
LUX,Luxembourg,2007,3,2,0,0,1
LUX,Luxembourg,2008,3,2,0,0,1
LUX,Luxembourg,2009,3,2,0,0,1
LUX,Luxembourg,2010,3,2,0,0,1
LUX,Luxembourg,2011,3,2,0,0,1
LUX,Luxembourg,2012,4,2,1,0,1
LUX,Luxembourg,2013,4,2,1,0,1
LUX,Luxembourg,2014,5,2,2,0,1
LUX,Luxembourg,2015,6,2,2,1,1
LUX,Luxembourg,2016,7,2,3,1,1
LUX,Luxembourg,2017,7,2,3,1,1
LUX,Luxembourg,2018,8,2,3,1,2
LUX,Luxembourg,2019,8,2,3,1,2
LUX,Luxembourg,2020,9,2,4,1,2
LUX,Luxembourg,2021,11,2,5,1,3
LUX,Luxembourg,2022,11,2,5,1,3
LUX,Luxembourg,2023,11,2,5,1,3
LUX,Luxembourg,2024,11,2,5,1,3
MKD,Macedonia,1990,0,0,0,0,0
MKD,Macedonia,1991,0,0,0,0,0
MKD,Macedonia,1992,0,0,0,0,0
MKD,Macedonia,1993,0,0,0,0,0
MKD,Macedonia,1994,0,0,0,0,0
MKD,Macedonia,1995,0,0,0,0,0
MKD,Macedonia,1996,0,0,0,0,0
MKD,Macedonia,1997,0,0,0,0,0
MKD,Macedonia,1998,0,0,0,0,0
MKD,Macedonia,1999,0,0,0,0,0
MKD,Macedonia,2000,0,0,0,0,0
MKD,Macedonia,2001,0,0,0,0,0
MKD,Macedonia,2002,0,0,0,0,0
MKD,Macedonia,2003,1,0,0,0,1
MKD,Macedonia,2004,1,0,0,0,1
MKD,Macedonia,2005,1,0,0,0,1
MKD,Macedonia,2006,1,0,0,0,1
MKD,Macedonia,2007,1,0,0,0,1
MKD,Macedonia,2008,1,0,0,0,1
MKD,Macedonia,2009,3,0,0,2,1
MKD,Macedonia,2010,3,0,0,2,1
MKD,Macedonia,2011,3,0,0,2,1
MKD,Macedonia,2012,4,0,1,2,1
MKD,Macedonia,2013,4,0,1,2,1
MKD,Macedonia,2014,4,0,1,2,1
MKD,Macedonia,2015,4,0,1,2,1
MKD,Macedonia,2016,4,0,1,2,1
MKD,Macedonia,2017,6,0,3,2,1
MKD,Macedonia,2018,6,0,3,2,1
MKD,Macedonia,2019,7,0,3,2,2
MKD,Macedonia,2020,7,0,3,2,2
MKD,Macedonia,2021,7,0,3,2,2
MKD,Macedonia,2022,7,0,3,2,2
MKD,Macedonia,2023,9,1,4,2,2
MKD,Macedonia,2024,9,1,4,2,2
MYS,Malaysia,1990,1,0,0,0,1
MYS,Malaysia,1991,1,0,0,0,1
MYS,Malaysia,1992,1,0,0,0,1
MYS,Malaysia,1993,1,0,0,0,1
MYS,Malaysia,1994,1,0,0,0,1
MYS,Malaysia,1995,2,1,0,0,1
MYS,Malaysia,1996,2,1,0,0,1
MYS,Malaysia,1997,3,2,0,0,1
MYS,Malaysia,1998,4,2,0,1,1
MYS,Malaysia,1999,4,2,0,1,1
MYS,Malaysia,2000,4,2,0,1,1
MYS,Malaysia,2001,4,2,0,1,1
MYS,Malaysia,2002,4,2,0,1,1
MYS,Malaysia,2003,4,2,0,1,1
MYS,Malaysia,2004,4,2,0,1,1
MYS,Malaysia,2005,5,2,1,1,1
MYS,Malaysia,2006,5,2,1,1,1
MYS,Malaysia,2007,6,2,1,2,1
MYS,Malaysia,2008,6,2,1,2,1
MYS,Malaysia,2009,6,2,1,2,1
MYS,Malaysia,2010,7,2,1,2,2
MYS,Malaysia,2011,8,3,1,2,2
MYS,Malaysia,2012,8,3,1,2,2
MYS,Malaysia,2013,8,3,1,2,2
MYS,Malaysia,2014,8,3,1,2,2
MYS,Malaysia,2015,8,3,1,2,2
MYS,Malaysia,2016,9,3,2,2,2
MYS,Malaysia,2017,9,3,2,2,2
MYS,Malaysia,2018,10,3,3,2,2
MYS,Malaysia,2019,10,3,3,2,2
MYS,Malaysia,2020,10,3,3,2,2
MYS,Malaysia,2021,11,3,4,2,2
MYS,Malaysia,2022,11,3,4,2,2
MYS,Malaysia,2023,11,3,4,2,2
MYS,Malaysia,2024,11,3,4,2,2
MLI,Mali,1990,0,0,0,0,0
MLI,Mali,1991,0,0,0,0,0
MLI,Mali,1992,0,0,0,0,0
MLI,Mali,1993,0,0,0,0,0
MLI,Mali,1994,0,0,0,0,0
MLI,Mali,1995,0,0,0,0,0
MLI,Mali,1996,0,0,0,0,0
MLI,Mali,1997,0,0,0,0,0
MLI,Mali,1998,0,0,0,0,0
MLI,Mali,1999,0,0,0,0,0
MLI,Mali,2000,0,0,0,0,0
MLI,Mali,2001,0,0,0,0,0
MLI,Mali,2002,0,0,0,0,0
MLI,Mali,2003,0,0,0,0,0
MLI,Mali,2004,0,0,0,0,0
MLI,Mali,2005,0,0,0,0,0
MLI,Mali,2006,0,0,0,0,0
MLI,Mali,2007,0,0,0,0,0
MLI,Mali,2008,0,0,0,0,0
MLI,Mali,2009,0,0,0,0,0
MLI,Mali,2010,1,0,1,0,0
MLI,Mali,2011,2,0,1,1,0
MLI,Mali,2012,2,0,1,1,0
MLI,Mali,2013,2,0,1,1,0
MLI,Mali,2014,2,0,1,1,0
MLI,Mali,2015,2,0,1,1,0
MLI,Mali,2016,2,0,1,1,0
MLI,Mali,2017,2,0,1,1,0
MLI,Mali,2018,6,1,3,2,0
MLI,Mali,2019,6,1,3,2,0
MLI,Mali,2020,7,1,4,2,0
MLI,Mali,2021,7,1,4,2,0
MLI,Mali,2022,7,1,4,2,0
MLI,Mali,2023,7,1,4,2,0
MLI,Mali,2024,7,1,4,2,0
MLT,Malta,1990,1,0,0,0,1
MLT,Malta,1991,1,0,0,0,1
MLT,Malta,1992,1,0,0,0,1
MLT,Malta,1993,1,0,0,0,1
MLT,Malta,1994,1,0,0,0,1
MLT,Malta,1995,1,0,0,0,1
MLT,Malta,1996,1,0,0,0,1
MLT,Malta,1997,1,0,0,0,1
MLT,Malta,1998,1,0,0,0,1
MLT,Malta,1999,1,0,0,0,1
MLT,Malta,2000,1,0,0,0,1
MLT,Malta,2001,1,0,0,0,1
MLT,Malta,2002,1,0,0,0,1
MLT,Malta,2003,1,0,0,0,1
MLT,Malta,2004,1,0,0,0,1
MLT,Malta,2005,1,0,0,0,1
MLT,Malta,2006,1,0,0,0,1
MLT,Malta,2007,1,0,0,0,1
MLT,Malta,2008,1,0,0,0,1
MLT,Malta,2009,1,0,0,0,1
MLT,Malta,2010,1,0,0,0,1
MLT,Malta,2011,1,0,0,0,1
MLT,Malta,2012,1,0,0,0,1
MLT,Malta,2013,3,0,1,1,1
MLT,Malta,2014,3,0,1,1,1
MLT,Malta,2015,4,0,1,2,1
MLT,Malta,2016,6,0,3,2,1
MLT,Malta,2017,7,0,3,2,2
MLT,Malta,2018,7,0,3,2,2
MLT,Malta,2019,10,3,3,2,2
MLT,Malta,2020,11,3,3,2,3
MLT,Malta,2021,12,3,4,2,3
MLT,Malta,2022,12,3,4,2,3
MLT,Malta,2023,12,3,4,2,3
MLT,Malta,2024,12,3,4,2,3
MRT,Mauritania,1990,0,0,0,0,0
MRT,Mauritania,1991,0,0,0,0,0
MRT,Mauritania,1992,0,0,0,0,0
MRT,Mauritania,1993,0,0,0,0,0
MRT,Mauritania,1994,0,0,0,0,0
MRT,Mauritania,1995,0,0,0,0,0
MRT,Mauritania,1996,0,0,0,0,0
MRT,Mauritania,1997,0,0,0,0,0
MRT,Mauritania,1998,0,0,0,0,0
MRT,Mauritania,1999,0,0,0,0,0
MRT,Mauritania,2000,0,0,0,0,0
MRT,Mauritania,2001,0,0,0,0,0
MRT,Mauritania,2002,0,0,0,0,0
MRT,Mauritania,2003,0,0,0,0,0
MRT,Mauritania,2004,0,0,0,0,0
MRT,Mauritania,2005,0,0,0,0,0
MRT,Mauritania,2006,0,0,0,0,0
MRT,Mauritania,2007,0,0,0,0,0
MRT,Mauritania,2008,0,0,0,0,0
MRT,Mauritania,2009,1,0,0,1,0
MRT,Mauritania,2010,1,0,0,1,0
MRT,Mauritania,2011,1,0,0,1,0
MRT,Mauritania,2012,1,0,0,1,0
MRT,Mauritania,2013,1,0,0,1,0
MRT,Mauritania,2014,2,1,0,1,0
MRT,Mauritania,2015,2,1,0,1,0
MRT,Mauritania,2016,2,1,0,1,0
MRT,Mauritania,2017,2,1,0,1,0
MRT,Mauritania,2018,4,1,2,1,0
MRT,Mauritania,2019,4,1,2,1,0
MRT,Mauritania,2020,7,2,3,2,0
MRT,Mauritania,2021,7,2,3,2,0
MRT,Mauritania,2022,7,2,3,2,0
MRT,Mauritania,2023,8,2,4,2,0
MRT,Mauritania,2024,8,2,4,2,0
MUS,Mauritius,1990,0,0,0,0,0
MUS,Mauritius,1991,0,0,0,0,0
MUS,Mauritius,1992,0,0,0,0,0
MUS,Mauritius,1993,0,0,0,0,0
MUS,Mauritius,1994,0,0,0,0,0
MUS,Mauritius,1995,0,0,0,0,0
MUS,Mauritius,1996,0,0,0,0,0
MUS,Mauritius,1997,1,0,0,1,0
MUS,Mauritius,1998,1,0,0,1,0
MUS,Mauritius,1999,1,0,0,1,0
MUS,Mauritius,2000,2,0,0,2,0
MUS,Mauritius,2001,2,0,0,2,0
MUS,Mauritius,2002,2,0,0,2,0
MUS,Mauritius,2003,2,0,0,2,0
MUS,Mauritius,2004,2,0,0,2,0
MUS,Mauritius,2005,2,0,0,2,0
MUS,Mauritius,2006,3,0,0,2,1
MUS,Mauritius,2007,3,0,0,2,1
MUS,Mauritius,2008,3,0,0,2,1
MUS,Mauritius,2009,3,0,0,2,1
MUS,Mauritius,2010,3,0,0,2,1
MUS,Mauritius,2011,3,0,0,2,1
MUS,Mauritius,2012,3,0,0,2,1
MUS,Mauritius,2013,3,0,0,2,1
MUS,Mauritius,2014,8,3,2,2,1
MUS,Mauritius,2015,8,3,2,2,1
MUS,Mauritius,2016,9,3,3,2,1
MUS,Mauritius,2017,9,3,3,2,1
MUS,Mauritius,2018,10,3,3,2,2
MUS,Mauritius,2019,10,3,3,2,2
MUS,Mauritius,2020,10,3,3,2,2
MUS,Mauritius,2021,10,3,3,2,2
MUS,Mauritius,2022,10,3,3,2,2
MUS,Mauritius,2023,10,3,3,2,2
MUS,Mauritius,2024,10,3,3,2,2
MEX,Mexico,1990,0,0,0,0,0
MEX,Mexico,1991,0,0,0,0,0
MEX,Mexico,1992,0,0,0,0,0
MEX,Mexico,1993,0,0,0,0,0
MEX,Mexico,1994,0,0,0,0,0
MEX,Mexico,1995,0,0,0,0,0
MEX,Mexico,1996,0,0,0,0,0
MEX,Mexico,1997,0,0,0,0,0
MEX,Mexico,1998,0,0,0,0,0
MEX,Mexico,1999,0,0,0,0,0
MEX,Mexico,2000,0,0,0,0,0
MEX,Mexico,2001,0,0,0,0,0
MEX,Mexico,2002,0,0,0,0,0
MEX,Mexico,2003,0,0,0,0,0
MEX,Mexico,2004,0,0,0,0,0
MEX,Mexico,2005,0,0,0,0,0
MEX,Mexico,2006,0,0,0,0,0
MEX,Mexico,2007,0,0,0,0,0
MEX,Mexico,2008,0,0,0,0,0
MEX,Mexico,2009,1,0,0,0,1
MEX,Mexico,2010,2,0,1,0,1
MEX,Mexico,2011,3,1,1,0,1
MEX,Mexico,2012,3,1,1,0,1
MEX,Mexico,2013,4,1,2,0,1
MEX,Mexico,2014,4,1,2,0,1
MEX,Mexico,2015,6,1,3,1,1
MEX,Mexico,2016,7,1,4,1,1
MEX,Mexico,2017,7,1,4,1,1
MEX,Mexico,2018,7,1,4,1,1
MEX,Mexico,2019,7,1,4,1,1
MEX,Mexico,2020,7,1,4,1,1
MEX,Mexico,2021,7,1,4,1,1
MEX,Mexico,2022,7,1,4,1,1
MEX,Mexico,2023,7,1,4,1,1
MEX,Mexico,2024,7,1,4,1,1
MDA,Moldova,1990,0,0,0,0,0
MDA,Moldova,1991,0,0,0,0,0
MDA,Moldova,1992,0,0,0,0,0
MDA,Moldova,1993,1,0,0,1,0
MDA,Moldova,1994,1,0,0,1,0
MDA,Moldova,1995,2,0,0,2,0
MDA,Moldova,1996,3,0,0,2,1
MDA,Moldova,1997,4,0,0,3,1
MDA,Moldova,1998,4,0,0,3,1
MDA,Moldova,1999,4,0,0,3,1
MDA,Moldova,2000,4,0,0,3,1
MDA,Moldova,2001,4,0,0,3,1
MDA,Moldova,2002,4,0,0,3,1
MDA,Moldova,2003,4,0,0,3,1
MDA,Moldova,2004,4,0,0,3,1
MDA,Moldova,2005,4,0,0,3,1
MDA,Moldova,2006,4,0,0,3,1
MDA,Moldova,2007,4,0,0,3,1
MDA,Moldova,2008,4,0,0,3,1
MDA,Moldova,2009,4,0,0,3,1
MDA,Moldova,2010,4,0,0,3,1
MDA,Moldova,2011,4,0,0,3,1
MDA,Moldova,2012,4,0,0,3,1
MDA,Moldova,2013,5,1,0,3,1
MDA,Moldova,2014,5,1,0,3,1
MDA,Moldova,2015,5,1,0,3,1
MDA,Moldova,2016,5,1,0,3,1
MDA,Moldova,2017,5,1,0,3,1
MDA,Moldova,2018,7,1,2,3,1
MDA,Moldova,2019,7,1,2,3,1
MDA,Moldova,2020,7,1,2,3,1
MDA,Moldova,2021,7,1,2,3,1
MDA,Moldova,2022,10,3,3,3,1
MDA,Moldova,2023,10,3,3,3,1
MDA,Moldova,2024,10,3,3,3,1
MNG,Mongolia,1990,0,0,0,0,0
MNG,Mongolia,1991,0,0,0,0,0
MNG,Mongolia,1992,0,0,0,0,0
MNG,Mongolia,1993,0,0,0,0,0
MNG,Mongolia,1994,0,0,0,0,0
MNG,Mongolia,1995,0,0,0,0,0
MNG,Mongolia,1996,0,0,0,0,0
MNG,Mongolia,1997,0,0,0,0,0
MNG,Mongolia,1998,0,0,0,0,0
MNG,Mongolia,1999,0,0,0,0,0
MNG,Mongolia,2000,0,0,0,0,0
MNG,Mongolia,2001,0,0,0,0,0
MNG,Mongolia,2002,0,0,0,0,0
MNG,Mongolia,2003,0,0,0,0,0
MNG,Mongolia,2004,0,0,0,0,0
MNG,Mongolia,2005,0,0,0,0,0
MNG,Mongolia,2006,0,0,0,0,0
MNG,Mongolia,2007,1,0,0,0,1
MNG,Mongolia,2008,3,2,0,0,1
MNG,Mongolia,2009,3,2,0,0,1
MNG,Mongolia,2010,5,2,0,1,2
MNG,Mongolia,2011,6,2,1,1,2
MNG,Mongolia,2012,7,2,1,2,2
MNG,Mongolia,2013,7,2,1,2,2
MNG,Mongolia,2014,7,2,1,2,2
MNG,Mongolia,2015,7,2,1,2,2
MNG,Mongolia,2016,7,2,1,2,2
MNG,Mongolia,2017,7,2,1,2,2
MNG,Mongolia,2018,7,2,1,2,2
MNG,Mongolia,2019,10,3,3,2,2
MNG,Mongolia,2020,10,3,3,2,2
MNG,Mongolia,2021,10,3,3,2,2
MNG,Mongolia,2022,11,3,4,2,2
MNG,Mongolia,2023,11,3,4,2,2
MNG,Mongolia,2024,11,3,4,2,2
MNE,Montenegro,1990,0,0,0,0,0
MNE,Montenegro,1991,0,0,0,0,0
MNE,Montenegro,1992,0,0,0,0,0
MNE,Montenegro,1993,0,0,0,0,0
MNE,Montenegro,1994,0,0,0,0,0
MNE,Montenegro,1995,0,0,0,0,0
MNE,Montenegro,1996,0,0,0,0,0
MNE,Montenegro,1997,0,0,0,0,0
MNE,Montenegro,1998,0,0,0,0,0
MNE,Montenegro,1999,0,0,0,0,0
MNE,Montenegro,2000,0,0,0,0,0
MNE,Montenegro,2001,0,0,0,0,0
MNE,Montenegro,2002,0,0,0,0,0
MNE,Montenegro,2003,0,0,0,0,0
MNE,Montenegro,2004,0,0,0,0,0
MNE,Montenegro,2005,0,0,0,0,0
MNE,Montenegro,2006,0,0,0,0,0
MNE,Montenegro,2007,0,0,0,0,0
MNE,Montenegro,2008,2,0,0,2,0
MNE,Montenegro,2009,2,0,0,2,0
MNE,Montenegro,2010,2,0,0,2,0
MNE,Montenegro,2011,2,0,0,2,0
MNE,Montenegro,2012,2,0,0,2,0
MNE,Montenegro,2013,2,0,0,2,0
MNE,Montenegro,2014,2,0,0,2,0
MNE,Montenegro,2015,2,0,0,2,0
MNE,Montenegro,2016,2,0,0,2,0
MNE,Montenegro,2017,2,0,0,2,0
MNE,Montenegro,2018,2,0,0,2,0
MNE,Montenegro,2019,2,0,0,2,0
MNE,Montenegro,2020,4,1,0,2,1
MNE,Montenegro,2021,4,1,0,2,1
MNE,Montenegro,2022,9,3,3,2,1
MNE,Montenegro,2023,9,3,3,2,1
MNE,Montenegro,2024,9,3,3,2,1
MAR,Morocco,1990,1,0,0,1,0
MAR,Morocco,1991,1,0,0,1,0
MAR,Morocco,1992,1,0,0,1,0
MAR,Morocco,1993,1,0,0,1,0
MAR,Morocco,1994,1,0,0,1,0
MAR,Morocco,1995,1,0,0,1,0
MAR,Morocco,1996,1,0,0,1,0
MAR,Morocco,1997,1,0,0,1,0
MAR,Morocco,1998,1,0,0,1,0
MAR,Morocco,1999,1,0,0,1,0
MAR,Morocco,2000,1,0,0,1,0
MAR,Morocco,2001,1,0,0,1,0
MAR,Morocco,2002,1,0,0,1,0
MAR,Morocco,2003,1,0,0,1,0
MAR,Morocco,2004,1,0,0,1,0
MAR,Morocco,2005,1,0,0,1,0
MAR,Morocco,2006,1,0,0,1,0
MAR,Morocco,2007,1,0,0,1,0
MAR,Morocco,2008,1,0,0,1,0
MAR,Morocco,2009,1,0,0,1,0
MAR,Morocco,2010,1,0,0,1,0
MAR,Morocco,2011,1,0,0,1,0
MAR,Morocco,2012,1,0,0,1,0
MAR,Morocco,2013,3,0,1,2,0
MAR,Morocco,2014,3,0,1,2,0
MAR,Morocco,2015,3,0,1,2,0
MAR,Morocco,2016,3,0,1,2,0
MAR,Morocco,2017,3,0,1,2,0
MAR,Morocco,2018,3,0,1,2,0
MAR,Morocco,2019,3,0,1,2,0
MAR,Morocco,2020,3,0,1,2,0
MAR,Morocco,2021,4,0,2,2,0
MAR,Morocco,2022,4,0,2,2,0
MAR,Morocco,2023,4,0,2,2,0
MAR,Morocco,2024,4,0,2,2,0
MOZ,Mozambique,1990,1,0,0,0,1
MOZ,Mozambique,1991,1,0,0,0,1
MOZ,Mozambique,1992,1,0,0,0,1
MOZ,Mozambique,1993,1,0,0,0,1
MOZ,Mozambique,1994,1,0,0,0,1
MOZ,Mozambique,1995,1,0,0,0,1
MOZ,Mozambique,1996,1,0,0,0,1
MOZ,Mozambique,1997,1,0,0,0,1
MOZ,Mozambique,1998,1,0,0,0,1
MOZ,Mozambique,1999,2,0,0,1,1
MOZ,Mozambique,2000,2,0,0,1,1
MOZ,Mozambique,2001,2,0,0,1,1
MOZ,Mozambique,2002,2,0,0,1,1
MOZ,Mozambique,2003,2,0,0,1,1
MOZ,Mozambique,2004,2,0,0,1,1
MOZ,Mozambique,2005,2,0,0,1,1
MOZ,Mozambique,2006,2,0,0,1,1
MOZ,Mozambique,2007,2,0,0,1,1
MOZ,Mozambique,2008,2,0,0,1,1
MOZ,Mozambique,2009,3,0,0,2,1
MOZ,Mozambique,2010,3,0,0,2,1
MOZ,Mozambique,2011,3,0,0,2,1
MOZ,Mozambique,2012,3,0,0,2,1
MOZ,Mozambique,2013,3,0,0,2,1
MOZ,Mozambique,2014,3,0,0,2,1
MOZ,Mozambique,2015,3,0,0,2,1
MOZ,Mozambique,2016,3,0,0,2,1
MOZ,Mozambique,2017,3,0,0,2,1
MOZ,Mozambique,2018,5,2,0,2,1
MOZ,Mozambique,2019,5,2,0,2,1
MOZ,Mozambique,2020,5,2,0,2,1
MOZ,Mozambique,2021,5,2,0,2,1
MOZ,Mozambique,2022,5,2,0,2,1
MOZ,Mozambique,2023,5,2,0,2,1
MOZ,Mozambique,2024,5,2,0,2,1
NPL,Nepal,1990,0,0,0,0,0
NPL,Nepal,1991,0,0,0,0,0
NPL,Nepal,1992,0,0,0,0,0
NPL,Nepal,1993,0,0,0,0,0
NPL,Nepal,1994,0,0,0,0,0
NPL,Nepal,1995,0,0,0,0,0
NPL,Nepal,1996,0,0,0,0,0
NPL,Nepal,1997,0,0,0,0,0
NPL,Nepal,1998,0,0,0,0,0
NPL,Nepal,1999,0,0,0,0,0
NPL,Nepal,2000,0,0,0,0,0
NPL,Nepal,2001,0,0,0,0,0
NPL,Nepal,2002,0,0,0,0,0
NPL,Nepal,2003,0,0,0,0,0
NPL,Nepal,2004,0,0,0,0,0
NPL,Nepal,2005,0,0,0,0,0
NPL,Nepal,2006,0,0,0,0,0
NPL,Nepal,2007,1,0,0,0,1
NPL,Nepal,2008,1,0,0,0,1
NPL,Nepal,2009,2,1,0,0,1
NPL,Nepal,2010,3,1,0,1,1
NPL,Nepal,2011,3,1,0,1,1
NPL,Nepal,2012,4,1,1,1,1
NPL,Nepal,2013,4,1,1,1,1
NPL,Nepal,2014,4,1,1,1,1
NPL,Nepal,2015,5,1,2,1,1
NPL,Nepal,2016,6,1,3,1,1
NPL,Nepal,2017,6,1,3,1,1
NPL,Nepal,2018,7,1,3,2,1
NPL,Nepal,2019,8,2,3,2,1
NPL,Nepal,2020,9,2,3,2,2
NPL,Nepal,2021,9,2,3,2,2
NPL,Nepal,2022,10,2,3,3,2
NPL,Nepal,2023,10,2,3,3,2
NPL,Nepal,2024,10,2,3,3,2
NLD,Netherlands,1990,0,0,0,0,0
NLD,Netherlands,1991,0,0,0,0,0
NLD,Netherlands,1992,0,0,0,0,0
NLD,Netherlands,1993,0,0,0,0,0
NLD,Netherlands,1994,0,0,0,0,0
NLD,Netherlands,1995,0,0,0,0,0
NLD,Netherlands,1996,0,0,0,0,0
NLD,Netherlands,1997,0,0,0,0,0
NLD,Netherlands,1998,0,0,0,0,0
NLD,Netherlands,1999,1,0,0,0,1
NLD,Netherlands,2000,1,0,0,0,1
NLD,Netherlands,2001,1,0,0,0,1
NLD,Netherlands,2002,1,0,0,0,1
NLD,Netherlands,2003,1,0,0,0,1
NLD,Netherlands,2004,1,0,0,0,1
NLD,Netherlands,2005,1,0,0,0,1
NLD,Netherlands,2006,1,0,0,0,1
NLD,Netherlands,2007,2,1,0,0,1
NLD,Netherlands,2008,2,1,0,0,1
NLD,Netherlands,2009,2,1,0,0,1
NLD,Netherlands,2010,3,2,0,0,1
NLD,Netherlands,2011,3,2,0,0,1
NLD,Netherlands,2012,3,2,0,0,1
NLD,Netherlands,2013,3,2,0,0,1
NLD,Netherlands,2014,3,2,0,0,1
NLD,Netherlands,2015,4,2,0,1,1
NLD,Netherlands,2016,6,2,2,1,1
NLD,Netherlands,2017,6,2,2,1,1
NLD,Netherlands,2018,7,2,2,1,2
NLD,Netherlands,2019,7,2,2,1,2
NLD,Netherlands,2020,8,2,3,1,2
NLD,Netherlands,2021,8,2,3,1,2
NLD,Netherlands,2022,9,2,4,1,2
NLD,Netherlands,2023,10,2,5,1,2
NLD,Netherlands,2024,11,2,5,1,3
NZL,NewZealand,1990,0,0,0,0,0
NZL,NewZealand,1991,0,0,0,0,0
NZL,NewZealand,1992,0,0,0,0,0
NZL,NewZealand,1993,0,0,0,0,0
NZL,NewZealand,1994,0,0,0,0,0
NZL,NewZealand,1995,0,0,0,0,0
NZL,NewZealand,1996,0,0,0,0,0
NZL,NewZealand,1997,0,0,0,0,0
NZL,NewZealand,1998,0,0,0,0,0
NZL,NewZealand,1999,0,0,0,0,0
NZL,NewZealand,2000,0,0,0,0,0
NZL,NewZealand,2001,0,0,0,0,0
NZL,NewZealand,2002,0,0,0,0,0
NZL,NewZealand,2003,0,0,0,0,0
NZL,NewZealand,2004,0,0,0,0,0
NZL,NewZealand,2005,0,0,0,0,0
NZL,NewZealand,2006,0,0,0,0,0
NZL,NewZealand,2007,0,0,0,0,0
NZL,NewZealand,2008,0,0,0,0,0
NZL,NewZealand,2009,0,0,0,0,0
NZL,NewZealand,2010,1,0,0,1,0
NZL,NewZealand,2011,2,0,1,1,0
NZL,NewZealand,2012,2,0,1,1,0
NZL,NewZealand,2013,4,2,1,1,0
NZL,NewZealand,2014,5,2,2,1,0
NZL,NewZealand,2015,6,2,2,1,1
NZL,NewZealand,2016,6,2,2,1,1
NZL,NewZealand,2017,6,2,2,1,1
NZL,NewZealand,2018,6,2,2,1,1
NZL,NewZealand,2019,6,2,2,1,1
NZL,NewZealand,2020,7,2,3,1,1
NZL,NewZealand,2021,7,2,3,1,1
NZL,NewZealand,2022,7,2,3,1,1
NZL,NewZealand,2023,7,2,3,1,1
NZL,NewZealand,2024,8,3,3,1,1
NER,Niger,1990,0,0,0,0,0
NER,Niger,1991,0,0,0,0,0
NER,Niger,1992,0,0,0,0,0
NER,Niger,1993,0,0,0,0,0
NER,Niger,1994,0,0,0,0,0
NER,Niger,1995,0,0,0,0,0
NER,Niger,1996,0,0,0,0,0
NER,Niger,1997,0,0,0,0,0
NER,Niger,1998,0,0,0,0,0
NER,Niger,1999,0,0,0,0,0
NER,Niger,2000,0,0,0,0,0
NER,Niger,2001,0,0,0,0,0
NER,Niger,2002,0,0,0,0,0
NER,Niger,2003,0,0,0,0,0
NER,Niger,2004,0,0,0,0,0
NER,Niger,2005,0,0,0,0,0
NER,Niger,2006,0,0,0,0,0
NER,Niger,2007,0,0,0,0,0
NER,Niger,2008,0,0,0,0,0
NER,Niger,2009,0,0,0,0,0
NER,Niger,2010,0,0,0,0,0
NER,Niger,2011,1,0,0,1,0
NER,Niger,2012,1,0,0,1,0
NER,Niger,2013,1,0,0,1,0
NER,Niger,2014,1,0,0,1,0
NER,Niger,2015,1,0,0,1,0
NER,Niger,2016,1,0,0,1,0
NER,Niger,2017,1,0,0,1,0
NER,Niger,2018,6,1,3,2,0
NER,Niger,2019,6,1,3,2,0
NER,Niger,2020,7,1,4,2,0
NER,Niger,2021,7,1,4,2,0
NER,Niger,2022,7,1,4,2,0
NER,Niger,2023,7,1,4,2,0
NER,Niger,2024,7,1,4,2,0
NGA,Nigeria,1990,0,0,0,0,0
NGA,Nigeria,1991,0,0,0,0,0
NGA,Nigeria,1992,0,0,0,0,0
NGA,Nigeria,1993,0,0,0,0,0
NGA,Nigeria,1994,0,0,0,0,0
NGA,Nigeria,1995,0,0,0,0,0
NGA,Nigeria,1996,0,0,0,0,0
NGA,Nigeria,1997,0,0,0,0,0
NGA,Nigeria,1998,0,0,0,0,0
NGA,Nigeria,1999,0,0,0,0,0
NGA,Nigeria,2000,0,0,0,0,0
NGA,Nigeria,2001,0,0,0,0,0
NGA,Nigeria,2002,0,0,0,0,0
NGA,Nigeria,2003,0,0,0,0,0
NGA,Nigeria,2004,0,0,0,0,0
NGA,Nigeria,2005,0,0,0,0,0
NGA,Nigeria,2006,0,0,0,0,0
NGA,Nigeria,2007,1,0,0,1,0
NGA,Nigeria,2008,4,0,0,3,1
NGA,Nigeria,2009,5,0,0,3,2
NGA,Nigeria,2010,7,1,1,3,2
NGA,Nigeria,2011,7,1,1,3,2
NGA,Nigeria,2012,7,1,1,3,2
NGA,Nigeria,2013,7,1,1,3,2
NGA,Nigeria,2014,8,1,1,4,2
NGA,Nigeria,2015,9,1,2,4,2
NGA,Nigeria,2016,9,1,2,4,2
NGA,Nigeria,2017,9,1,2,4,2
NGA,Nigeria,2018,9,1,2,4,2
NGA,Nigeria,2019,9,1,2,4,2
NGA,Nigeria,2020,9,1,2,4,2
NGA,Nigeria,2021,10,1,3,4,2
NGA,Nigeria,2022,10,1,3,4,2
NGA,Nigeria,2023,10,1,3,4,2
NGA,Nigeria,2024,10,1,3,4,2
NOR,Norway,1990,0,0,0,0,0
NOR,Norway,1991,2,0,1,1,0
NOR,Norway,1992,2,0,1,1,0
NOR,Norway,1993,2,0,1,1,0
NOR,Norway,1994,2,0,1,1,0
NOR,Norway,1995,2,0,1,1,0
NOR,Norway,1996,2,0,1,1,0
NOR,Norway,1997,2,0,1,1,0
NOR,Norway,1998,2,0,1,1,0
NOR,Norway,1999,2,0,1,1,0
NOR,Norway,2000,2,0,1,1,0
NOR,Norway,2001,2,0,1,1,0
NOR,Norway,2002,2,0,1,1,0
NOR,Norway,2003,2,0,1,1,0
NOR,Norway,2004,2,0,1,1,0
NOR,Norway,2005,2,0,1,1,0
NOR,Norway,2006,2,0,1,1,0
NOR,Norway,2007,2,0,1,1,0
NOR,Norway,2008,2,0,1,1,0
NOR,Norway,2009,2,0,1,1,0
NOR,Norway,2010,4,2,1,1,0
NOR,Norway,2011,4,2,1,1,0
NOR,Norway,2012,4,2,1,1,0
NOR,Norway,2013,5,2,2,1,0
NOR,Norway,2014,5,2,2,1,0
NOR,Norway,2015,8,3,4,1,0
NOR,Norway,2016,8,3,4,1,0
NOR,Norway,2017,9,3,5,1,0
NOR,Norway,2018,10,3,5,1,1
NOR,Norway,2019,10,3,5,1,1
NOR,Norway,2020,10,3,5,1,1
NOR,Norway,2021,10,3,5,1,1
NOR,Norway,2022,10,3,5,1,1
NOR,Norway,2023,10,3,5,1,1
NOR,Norway,2024,10,3,5,1,1
OMN,Oman,1990,0,0,0,0,0
OMN,Oman,1991,0,0,0,0,0
OMN,Oman,1992,0,0,0,0,0
OMN,Oman,1993,0,0,0,0,0
OMN,Oman,1994,0,0,0,0,0
OMN,Oman,1995,0,0,0,0,0
OMN,Oman,1996,0,0,0,0,0
OMN,Oman,1997,0,0,0,0,0
OMN,Oman,1998,0,0,0,0,0
OMN,Oman,1999,0,0,0,0,0
OMN,Oman,2000,0,0,0,0,0
OMN,Oman,2001,1,0,0,1,0
OMN,Oman,2002,1,0,0,1,0
OMN,Oman,2003,1,0,0,1,0
OMN,Oman,2004,2,1,0,1,0
OMN,Oman,2005,3,1,0,2,0
OMN,Oman,2006,4,1,1,2,0
OMN,Oman,2007,4,1,1,2,0
OMN,Oman,2008,7,3,1,3,0
OMN,Oman,2009,7,3,1,3,0
OMN,Oman,2010,7,3,1,3,0
OMN,Oman,2011,7,3,1,3,0
OMN,Oman,2012,8,4,1,3,0
OMN,Oman,2013,8,4,1,3,0
OMN,Oman,2014,8,4,1,3,0
OMN,Oman,2015,8,4,1,3,0
OMN,Oman,2016,9,4,2,3,0
OMN,Oman,2017,10,4,3,3,0
OMN,Oman,2018,12,4,4,3,1
OMN,Oman,2019,12,4,4,3,1
OMN,Oman,2020,12,4,4,3,1
OMN,Oman,2021,12,4,4,3,1
OMN,Oman,2022,12,4,4,3,1
OMN,Oman,2023,12,4,4,3,1
OMN,Oman,2024,12,4,4,3,1
PAK,Pakistan,1990,0,0,0,0,0
PAK,Pakistan,1991,0,0,0,0,0
PAK,Pakistan,1992,0,0,0,0,0
PAK,Pakistan,1993,0,0,0,0,0
PAK,Pakistan,1994,0,0,0,0,0
PAK,Pakistan,1995,0,0,0,0,0
PAK,Pakistan,1996,0,0,0,0,0
PAK,Pakistan,1997,0,0,0,0,0
PAK,Pakistan,1998,0,0,0,0,0
PAK,Pakistan,1999,1,0,0,1,0
PAK,Pakistan,2000,2,1,0,1,0
PAK,Pakistan,2001,3,1,0,1,1
PAK,Pakistan,2002,4,1,0,2,1
PAK,Pakistan,2003,6,2,0,2,2
PAK,Pakistan,2004,9,4,0,2,3
PAK,Pakistan,2005,9,4,0,2,3
PAK,Pakistan,2006,9,4,0,2,3
PAK,Pakistan,2007,9,4,0,2,3
PAK,Pakistan,2008,11,4,2,2,3
PAK,Pakistan,2009,12,4,2,3,3
PAK,Pakistan,2010,12,4,2,3,3
PAK,Pakistan,2011,12,4,2,3,3
PAK,Pakistan,2012,12,4,2,3,3
PAK,Pakistan,2013,13,4,3,3,3
PAK,Pakistan,2014,13,4,3,3,3
PAK,Pakistan,2015,14,4,4,3,3
PAK,Pakistan,2016,14,4,4,3,3
PAK,Pakistan,2017,14,4,4,3,3
PAK,Pakistan,2018,14,4,4,3,3
PAK,Pakistan,2019,15,4,5,3,3
PAK,Pakistan,2020,15,4,5,3,3
PAK,Pakistan,2021,15,4,5,3,3
PAK,Pakistan,2022,15,4,5,3,3
PAK,Pakistan,2023,15,4,5,3,3
PAK,Pakistan,2024,15,4,5,3,3
PRY,Paraguay,1990,0,0,0,0,0
PRY,Paraguay,1991,0,0,0,0,0
PRY,Paraguay,1992,0,0,0,0,0
PRY,Paraguay,1993,0,0,0,0,0
PRY,Paraguay,1994,0,0,0,0,0
PRY,Paraguay,1995,0,0,0,0,0
PRY,Paraguay,1996,2,0,1,1,0
PRY,Paraguay,1997,2,0,1,1,0
PRY,Paraguay,1998,2,0,1,1,0
PRY,Paraguay,1999,2,0,1,1,0
PRY,Paraguay,2000,2,0,1,1,0
PRY,Paraguay,2001,2,0,1,1,0
PRY,Paraguay,2002,2,0,1,1,0
PRY,Paraguay,2003,2,0,1,1,0
PRY,Paraguay,2004,2,0,1,1,0
PRY,Paraguay,2005,2,0,1,1,0
PRY,Paraguay,2006,2,0,1,1,0
PRY,Paraguay,2007,2,0,1,1,0
PRY,Paraguay,2008,2,0,1,1,0
PRY,Paraguay,2009,2,0,1,1,0
PRY,Paraguay,2010,2,0,1,1,0
PRY,Paraguay,2011,3,0,1,2,0
PRY,Paraguay,2012,3,0,1,2,0
PRY,Paraguay,2013,3,0,1,2,0
PRY,Paraguay,2014,3,0,1,2,0
PRY,Paraguay,2015,3,0,1,2,0
PRY,Paraguay,2016,3,0,1,2,0
PRY,Paraguay,2017,4,1,1,2,0
PRY,Paraguay,2018,4,1,1,2,0
PRY,Paraguay,2019,4,1,1,2,0
PRY,Paraguay,2020,4,1,1,2,0
PRY,Paraguay,2021,4,1,1,2,0
PRY,Paraguay,2022,4,1,1,2,0
PRY,Paraguay,2023,4,1,1,2,0
PRY,Paraguay,2024,4,1,1,2,0
PER,Peru,1990,0,0,0,0,0
PER,Peru,1991,0,0,0,0,0
PER,Peru,1992,0,0,0,0,0
PER,Peru,1993,0,0,0,0,0
PER,Peru,1994,0,0,0,0,0
PER,Peru,1995,0,0,0,0,0
PER,Peru,1996,0,0,0,0,0
PER,Peru,1997,0,0,0,0,0
PER,Peru,1998,0,0,0,0,0
PER,Peru,1999,0,0,0,0,0
PER,Peru,2000,1,0,0,0,1
PER,Peru,2001,1,0,0,0,1
PER,Peru,2002,1,0,0,0,1
PER,Peru,2003,1,0,0,0,1
PER,Peru,2004,2,0,0,0,2
PER,Peru,2005,2,0,0,0,2
PER,Peru,2006,2,0,0,0,2
PER,Peru,2007,2,0,0,0,2
PER,Peru,2008,2,0,0,0,2
PER,Peru,2009,2,0,0,0,2
PER,Peru,2010,3,0,1,0,2
PER,Peru,2011,5,0,2,1,2
PER,Peru,2012,6,0,2,2,2
PER,Peru,2013,6,0,2,2,2
PER,Peru,2014,6,0,2,2,2
PER,Peru,2015,6,0,2,2,2
PER,Peru,2016,6,0,2,2,2
PER,Peru,2017,6,0,2,2,2
PER,Peru,2018,6,0,2,2,2
PER,Peru,2019,6,0,2,2,2
PER,Peru,2020,6,0,2,2,2
PER,Peru,2021,6,0,2,2,2
PER,Peru,2022,6,0,2,2,2
PER,Peru,2023,6,0,2,2,2
PER,Peru,2024,7,0,3,2,2
PHL,Philippines,1990,1,0,0,0,1
PHL,Philippines,1991,1,0,0,0,1
PHL,Philippines,1992,1,0,0,0,1
PHL,Philippines,1993,1,0,0,0,1
PHL,Philippines,1994,1,0,0,0,1
PHL,Philippines,1995,2,0,0,1,1
PHL,Philippines,1996,2,0,0,1,1
PHL,Philippines,1997,3,1,0,1,1
PHL,Philippines,1998,5,2,0,1,2
PHL,Philippines,1999,5,2,0,1,2
PHL,Philippines,2000,5,2,0,1,2
PHL,Philippines,2001,5,2,0,1,2
PHL,Philippines,2002,5,2,0,1,2
PHL,Philippines,2003,5,2,0,1,2
PHL,Philippines,2004,5,2,0,1,2
PHL,Philippines,2005,5,2,0,1,2
PHL,Philippines,2006,5,2,0,1,2
PHL,Philippines,2007,6,2,0,2,2
PHL,Philippines,2008,6,2,0,2,2
PHL,Philippines,2009,6,2,0,2,2
PHL,Philippines,2010,6,2,0,2,2
PHL,Philippines,2011,6,2,0,2,2
PHL,Philippines,2012,6,2,0,2,2
PHL,Philippines,2013,6,2,0,2,2
PHL,Philippines,2014,8,2,2,2,2
PHL,Philippines,2015,8,2,2,2,2
PHL,Philippines,2016,8,2,2,2,2
PHL,Philippines,2017,9,2,3,2,2
PHL,Philippines,2018,10,2,4,2,2
PHL,Philippines,2019,10,2,4,2,2
PHL,Philippines,2020,10,2,4,2,2
PHL,Philippines,2021,10,2,4,2,2
PHL,Philippines,2022,10,2,4,2,2
PHL,Philippines,2023,10,2,4,2,2
PHL,Philippines,2024,10,2,4,2,2
POL,Poland,1990,0,0,0,0,0
POL,Poland,1991,0,0,0,0,0
POL,Poland,1992,0,0,0,0,0
POL,Poland,1993,0,0,0,0,0
POL,Poland,1994,0,0,0,0,0
POL,Poland,1995,0,0,0,0,0
POL,Poland,1996,0,0,0,0,0
POL,Poland,1997,0,0,0,0,0
POL,Poland,1998,0,0,0,0,0
POL,Poland,1999,0,0,0,0,0
POL,Poland,2000,0,0,0,0,0
POL,Poland,2001,0,0,0,0,0
POL,Poland,2002,0,0,0,0,0
POL,Poland,2003,0,0,0,0,0
POL,Poland,2004,0,0,0,0,0
POL,Poland,2005,1,0,1,0,0
POL,Poland,2006,3,1,1,1,0
POL,Poland,2007,3,1,1,1,0
POL,Poland,2008,4,1,1,2,0
POL,Poland,2009,5,1,1,2,1
POL,Poland,2010,6,2,1,2,1
POL,Poland,2011,6,2,1,2,1
POL,Poland,2012,6,2,1,2,1
POL,Poland,2013,6,2,1,2,1
POL,Poland,2014,7,3,1,2,1
POL,Poland,2015,7,3,1,2,1
POL,Poland,2016,9,3,3,2,1
POL,Poland,2017,9,3,3,2,1
POL,Poland,2018,10,3,3,2,2
POL,Poland,2019,10,3,3,2,2
POL,Poland,2020,10,3,3,2,2
POL,Poland,2021,11,3,4,2,2
POL,Poland,2022,11,3,4,2,2
POL,Poland,2023,11,3,4,2,2
POL,Poland,2024,11,3,4,2,2
PRT,Portugal,1990,0,0,0,0,0
PRT,Portugal,1991,1,1,0,0,0
PRT,Portugal,1992,1,1,0,0,0
PRT,Portugal,1993,1,1,0,0,0
PRT,Portugal,1994,2,1,0,0,1
PRT,Portugal,1995,2,1,0,0,1
PRT,Portugal,1996,2,1,0,0,1
PRT,Portugal,1997,2,1,0,0,1
PRT,Portugal,1998,3,2,0,0,1
PRT,Portugal,1999,3,2,0,0,1
PRT,Portugal,2000,3,2,0,0,1
PRT,Portugal,2001,3,2,0,0,1
PRT,Portugal,2002,3,2,0,0,1
PRT,Portugal,2003,3,2,0,0,1
PRT,Portugal,2004,3,2,0,0,1
PRT,Portugal,2005,3,2,0,0,1
PRT,Portugal,2006,3,2,0,0,1
PRT,Portugal,2007,3,2,0,0,1
PRT,Portugal,2008,3,2,0,0,1
PRT,Portugal,2009,3,2,0,0,1
PRT,Portugal,2010,3,2,0,0,1
PRT,Portugal,2011,3,2,0,0,1
PRT,Portugal,2012,4,2,0,0,2
PRT,Portugal,2013,4,2,0,0,2
PRT,Portugal,2014,4,2,0,0,2
PRT,Portugal,2015,5,2,0,1,2
PRT,Portugal,2016,6,2,1,1,2
PRT,Portugal,2017,6,2,1,1,2
PRT,Portugal,2018,9,3,2,1,3
PRT,Portugal,2019,9,3,2,1,3
PRT,Portugal,2020,10,3,3,1,3
PRT,Portugal,2021,11,3,4,1,3
PRT,Portugal,2022,11,3,4,1,3
PRT,Portugal,2023,11,3,4,1,3
PRT,Portugal,2024,11,3,4,1,3
ROU,Romania,1990,0,0,0,0,0
ROU,Romania,1991,0,0,0,0,0
ROU,Romania,1992,0,0,0,0,0
ROU,Romania,1993,0,0,0,0,0
ROU,Romania,1994,0,0,0,0,0
ROU,Romania,1995,0,0,0,0,0
ROU,Romania,1996,0,0,0,0,0
ROU,Romania,1997,0,0,0,0,0
ROU,Romania,1998,1,0,0,0,1
ROU,Romania,1999,1,0,0,0,1
ROU,Romania,2000,1,0,0,0,1
ROU,Romania,2001,1,0,0,0,1
ROU,Romania,2002,1,0,0,0,1
ROU,Romania,2003,1,0,0,0,1
ROU,Romania,2004,3,2,0,0,1
ROU,Romania,2005,5,2,0,1,2
ROU,Romania,2006,5,2,0,1,2
ROU,Romania,2007,5,2,0,1,2
ROU,Romania,2008,7,3,1,1,2
ROU,Romania,2009,7,3,1,1,2
ROU,Romania,2010,7,3,1,1,2
ROU,Romania,2011,7,3,1,1,2
ROU,Romania,2012,7,3,1,1,2
ROU,Romania,2013,7,3,1,1,2
ROU,Romania,2014,7,3,1,1,2
ROU,Romania,2015,8,3,1,2,2
ROU,Romania,2016,10,3,3,2,2
ROU,Romania,2017,10,3,3,2,2
ROU,Romania,2018,10,3,3,2,2
ROU,Romania,2019,10,3,3,2,2
ROU,Romania,2020,10,3,3,2,2
ROU,Romania,2021,10,3,3,2,2
ROU,Romania,2022,11,3,4,2,2
ROU,Romania,2023,12,3,5,2,2
ROU,Romania,2024,12,3,5,2,2
RUS,Russia,1990,0,0,0,0,0
RUS,Russia,1991,0,0,0,0,0
RUS,Russia,1992,1,0,0,0,1
RUS,Russia,1993,1,0,0,0,1
RUS,Russia,1994,1,0,0,0,1
RUS,Russia,1995,1,0,0,0,1
RUS,Russia,1996,1,0,0,0,1
RUS,Russia,1997,1,0,0,0,1
RUS,Russia,1998,1,0,0,0,1
RUS,Russia,1999,1,0,0,0,1
RUS,Russia,2000,1,0,0,0,1
RUS,Russia,2001,1,0,0,0,1
RUS,Russia,2002,1,0,0,0,1
RUS,Russia,2003,1,0,0,0,1
RUS,Russia,2004,1,0,0,0,1
RUS,Russia,2005,1,0,0,0,1
RUS,Russia,2006,2,0,0,1,1
RUS,Russia,2007,2,0,0,1,1
RUS,Russia,2008,3,0,0,1,2
RUS,Russia,2009,4,0,1,1,2
RUS,Russia,2010,4,0,1,1,2
RUS,Russia,2011,4,0,1,1,2
RUS,Russia,2012,4,0,1,1,2
RUS,Russia,2013,5,1,1,1,2
RUS,Russia,2014,5,1,1,1,2
RUS,Russia,2015,5,1,1,1,2
RUS,Russia,2016,8,1,3,2,2
RUS,Russia,2017,8,1,3,2,2
RUS,Russia,2018,9,1,4,2,2
RUS,Russia,2019,9,1,4,2,2
RUS,Russia,2020,9,1,4,2,2
RUS,Russia,2021,9,1,4,2,2
RUS,Russia,2022,9,1,4,2,2
RUS,Russia,2023,9,1,4,2,2
RUS,Russia,2024,9,1,4,2,2
KNA,SaintKittsAndNevis,1990,0,0,0,0,0
KNA,SaintKittsAndNevis,1991,0,0,0,0,0
KNA,SaintKittsAndNevis,1992,0,0,0,0,0
KNA,SaintKittsAndNevis,1993,0,0,0,0,0
KNA,SaintKittsAndNevis,1994,0,0,0,0,0
KNA,SaintKittsAndNevis,1995,0,0,0,0,0
KNA,SaintKittsAndNevis,1996,2,0,1,1,0
KNA,SaintKittsAndNevis,1997,2,0,1,1,0
KNA,SaintKittsAndNevis,1998,2,0,1,1,0
KNA,SaintKittsAndNevis,1999,2,0,1,1,0
KNA,SaintKittsAndNevis,2000,2,0,1,1,0
KNA,SaintKittsAndNevis,2001,2,0,1,1,0
KNA,SaintKittsAndNevis,2002,2,0,1,1,0
KNA,SaintKittsAndNevis,2003,2,0,1,1,0
KNA,SaintKittsAndNevis,2004,2,0,1,1,0
KNA,SaintKittsAndNevis,2005,2,0,1,1,0
KNA,SaintKittsAndNevis,2006,2,0,1,1,0
KNA,SaintKittsAndNevis,2007,2,0,1,1,0
KNA,SaintKittsAndNevis,2008,2,0,1,1,0
KNA,SaintKittsAndNevis,2009,2,0,1,1,0
KNA,SaintKittsAndNevis,2010,2,0,1,1,0
KNA,SaintKittsAndNevis,2011,2,0,1,1,0
KNA,SaintKittsAndNevis,2012,2,0,1,1,0
KNA,SaintKittsAndNevis,2013,2,0,1,1,0
KNA,SaintKittsAndNevis,2014,2,0,1,1,0
KNA,SaintKittsAndNevis,2015,2,0,1,1,0
KNA,SaintKittsAndNevis,2016,2,0,1,1,0
KNA,SaintKittsAndNevis,2017,2,0,1,1,0
KNA,SaintKittsAndNevis,2018,2,0,1,1,0
KNA,SaintKittsAndNevis,2019,2,0,1,1,0
KNA,SaintKittsAndNevis,2020,2,0,1,1,0
KNA,SaintKittsAndNevis,2021,2,0,1,1,0
KNA,SaintKittsAndNevis,2022,2,0,1,1,0
KNA,SaintKittsAndNevis,2023,2,0,1,1,0
KNA,SaintKittsAndNevis,2024,2,0,1,1,0
SAU,SaudiArabia,1990,0,0,0,0,0
SAU,SaudiArabia,1991,0,0,0,0,0
SAU,SaudiArabia,1992,0,0,0,0,0
SAU,SaudiArabia,1993,0,0,0,0,0
SAU,SaudiArabia,1994,0,0,0,0,0
SAU,SaudiArabia,1995,0,0,0,0,0
SAU,SaudiArabia,1996,0,0,0,0,0
SAU,SaudiArabia,1997,0,0,0,0,0
SAU,SaudiArabia,1998,0,0,0,0,0
SAU,SaudiArabia,1999,0,0,0,0,0
SAU,SaudiArabia,2000,0,0,0,0,0
SAU,SaudiArabia,2001,0,0,0,0,0
SAU,SaudiArabia,2002,0,0,0,0,0
SAU,SaudiArabia,2003,0,0,0,0,0
SAU,SaudiArabia,2004,0,0,0,0,0
SAU,SaudiArabia,2005,0,0,0,0,0
SAU,SaudiArabia,2006,1,0,0,1,0
SAU,SaudiArabia,2007,2,0,0,1,1
SAU,SaudiArabia,2008,2,0,0,1,1
SAU,SaudiArabia,2009,2,0,0,1,1
SAU,SaudiArabia,2010,2,0,0,1,1
SAU,SaudiArabia,2011,2,0,0,1,1
SAU,SaudiArabia,2012,2,0,0,1,1
SAU,SaudiArabia,2013,3,0,1,1,1
SAU,SaudiArabia,2014,4,1,1,1,1
SAU,SaudiArabia,2015,6,1,2,2,1
SAU,SaudiArabia,2016,8,1,4,2,1
SAU,SaudiArabia,2017,8,1,4,2,1
SAU,SaudiArabia,2018,10,2,4,2,2
SAU,SaudiArabia,2019,10,2,4,2,2
SAU,SaudiArabia,2020,10,2,4,2,2
SAU,SaudiArabia,2021,10,2,4,2,2
SAU,SaudiArabia,2022,10,2,4,2,2
SAU,SaudiArabia,2023,10,2,4,2,2
SAU,SaudiArabia,2024,10,2,4,2,2
SEN,Senegal,1990,0,0,0,0,0
SEN,Senegal,1991,0,0,0,0,0
SEN,Senegal,1992,0,0,0,0,0
SEN,Senegal,1993,0,0,0,0,0
SEN,Senegal,1994,0,0,0,0,0
SEN,Senegal,1995,0,0,0,0,0
SEN,Senegal,1996,0,0,0,0,0
SEN,Senegal,1997,0,0,0,0,0
SEN,Senegal,1998,0,0,0,0,0
SEN,Senegal,1999,0,0,0,0,0
SEN,Senegal,2000,0,0,0,0,0
SEN,Senegal,2001,0,0,0,0,0
SEN,Senegal,2002,0,0,0,0,0
SEN,Senegal,2003,0,0,0,0,0
SEN,Senegal,2004,0,0,0,0,0
SEN,Senegal,2005,0,0,0,0,0
SEN,Senegal,2006,0,0,0,0,0
SEN,Senegal,2007,0,0,0,0,0
SEN,Senegal,2008,0,0,0,0,0
SEN,Senegal,2009,0,0,0,0,0
SEN,Senegal,2010,0,0,0,0,0
SEN,Senegal,2011,1,0,0,1,0
SEN,Senegal,2012,1,0,0,1,0
SEN,Senegal,2013,1,0,0,1,0
SEN,Senegal,2014,1,0,0,1,0
SEN,Senegal,2015,1,0,0,1,0
SEN,Senegal,2016,1,0,0,1,0
SEN,Senegal,2017,1,0,0,1,0
SEN,Senegal,2018,6,1,3,2,0
SEN,Senegal,2019,6,1,3,2,0
SEN,Senegal,2020,7,1,4,2,0
SEN,Senegal,2021,7,1,4,2,0
SEN,Senegal,2022,7,1,4,2,0
SEN,Senegal,2023,7,1,4,2,0
SEN,Senegal,2024,7,1,4,2,0
SRB,Serbia,1990,0,0,0,0,0
SRB,Serbia,1991,0,0,0,0,0
SRB,Serbia,1992,0,0,0,0,0
SRB,Serbia,1993,0,0,0,0,0
SRB,Serbia,1994,0,0,0,0,0
SRB,Serbia,1995,0,0,0,0,0
SRB,Serbia,1996,0,0,0,0,0
SRB,Serbia,1997,0,0,0,0,0
SRB,Serbia,1998,0,0,0,0,0
SRB,Serbia,1999,0,0,0,0,0
SRB,Serbia,2000,0,0,0,0,0
SRB,Serbia,2001,0,0,0,0,0
SRB,Serbia,2002,2,0,0,1,1
SRB,Serbia,2003,2,0,0,1,1
SRB,Serbia,2004,4,2,0,1,1
SRB,Serbia,2005,4,2,0,1,1
SRB,Serbia,2006,6,3,1,1,1
SRB,Serbia,2007,7,4,1,1,1
SRB,Serbia,2008,8,4,1,2,1
SRB,Serbia,2009,9,4,1,2,2
SRB,Serbia,2010,9,4,1,2,2
SRB,Serbia,2011,9,4,1,2,2
SRB,Serbia,2012,9,4,1,2,2
SRB,Serbia,2013,9,4,1,2,2
SRB,Serbia,2014,9,4,1,2,2
SRB,Serbia,2015,9,4,1,2,2
SRB,Serbia,2016,9,4,1,2,2
SRB,Serbia,2017,11,4,3,2,2
SRB,Serbia,2018,11,4,3,2,2
SRB,Serbia,2019,11,4,3,2,2
SRB,Serbia,2020,11,4,3,2,2
SRB,Serbia,2021,11,4,3,2,2
SRB,Serbia,2022,12,4,3,3,2
SRB,Serbia,2023,12,4,3,3,2
SRB,Serbia,2024,12,4,3,3,2
SGP,Singapore,1990,0,0,0,0,0
SGP,Singapore,1991,0,0,0,0,0
SGP,Singapore,1992,0,0,0,0,0
SGP,Singapore,1993,0,0,0,0,0
SGP,Singapore,1994,0,0,0,0,0
SGP,Singapore,1995,1,1,0,0,0
SGP,Singapore,1996,2,2,0,0,0
SGP,Singapore,1997,2,2,0,0,0
SGP,Singapore,1998,2,2,0,0,0
SGP,Singapore,1999,2,2,0,0,0
SGP,Singapore,2000,2,2,0,0,0
SGP,Singapore,2001,2,2,0,0,0
SGP,Singapore,2002,2,2,0,0,0
SGP,Singapore,2003,2,2,0,0,0
SGP,Singapore,2004,2,2,0,0,0
SGP,Singapore,2005,2,2,0,0,0
SGP,Singapore,2006,2,2,0,0,0
SGP,Singapore,2007,2,2,0,0,0
SGP,Singapore,2008,2,2,0,0,0
SGP,Singapore,2009,2,2,0,0,0
SGP,Singapore,2010,3,2,0,0,1
SGP,Singapore,2011,3,2,0,0,1
SGP,Singapore,2012,3,2,0,0,1
SGP,Singapore,2013,5,3,1,0,1
SGP,Singapore,2014,5,3,1,0,1
SGP,Singapore,2015,6,3,1,1,1
SGP,Singapore,2016,7,3,2,1,1
SGP,Singapore,2017,7,3,2,1,1
SGP,Singapore,2018,9,3,3,1,2
SGP,Singapore,2019,9,3,3,1,2
SGP,Singapore,2020,9,3,3,1,2
SGP,Singapore,2021,9,3,3,1,2
SGP,Singapore,2022,9,3,3,1,2
SGP,Singapore,2023,9,3,3,1,2
SGP,Singapore,2024,9,3,3,1,2
SVK,SlovakRepublic,1990,0,0,0,0,0
SVK,SlovakRepublic,1991,0,0,0,0,0
SVK,SlovakRepublic,1992,0,0,0,0,0
SVK,SlovakRepublic,1993,0,0,0,0,0
SVK,SlovakRepublic,1994,0,0,0,0,0
SVK,SlovakRepublic,1995,1,0,0,0,1
SVK,SlovakRepublic,1996,1,0,0,0,1
SVK,SlovakRepublic,1997,1,0,0,0,1
SVK,SlovakRepublic,1998,1,0,0,0,1
SVK,SlovakRepublic,1999,1,0,0,0,1
SVK,SlovakRepublic,2000,1,0,0,0,1
SVK,SlovakRepublic,2001,1,0,0,0,1
SVK,SlovakRepublic,2002,1,0,0,0,1
SVK,SlovakRepublic,2003,1,0,0,0,1
SVK,SlovakRepublic,2004,2,0,0,1,1
SVK,SlovakRepublic,2005,2,0,0,1,1
SVK,SlovakRepublic,2006,2,0,0,1,1
SVK,SlovakRepublic,2007,2,0,0,1,1
SVK,SlovakRepublic,2008,2,0,0,1,1
SVK,SlovakRepublic,2009,2,0,0,1,1
SVK,SlovakRepublic,2010,2,0,0,1,1
SVK,SlovakRepublic,2011,2,0,0,1,1
SVK,SlovakRepublic,2012,3,0,1,1,1
SVK,SlovakRepublic,2013,3,0,1,1,1
SVK,SlovakRepublic,2014,5,1,2,1,1
SVK,SlovakRepublic,2015,6,2,2,1,1
SVK,SlovakRepublic,2016,7,2,3,1,1
SVK,SlovakRepublic,2017,9,3,4,1,1
SVK,SlovakRepublic,2018,10,3,4,1,2
SVK,SlovakRepublic,2019,10,3,4,1,2
SVK,SlovakRepublic,2020,10,3,4,1,2
SVK,SlovakRepublic,2021,11,3,5,1,2
SVK,SlovakRepublic,2022,11,3,5,1,2
SVK,SlovakRepublic,2023,11,3,5,1,2
SVK,SlovakRepublic,2024,11,3,5,1,2
SVN,Slovenia,1990,0,0,0,0,0
SVN,Slovenia,1991,0,0,0,0,0
SVN,Slovenia,1992,0,0,0,0,0
SVN,Slovenia,1993,0,0,0,0,0
SVN,Slovenia,1994,0,0,0,0,0
SVN,Slovenia,1995,0,0,0,0,0
SVN,Slovenia,1996,0,0,0,0,0
SVN,Slovenia,1997,0,0,0,0,0
SVN,Slovenia,1998,0,0,0,0,0
SVN,Slovenia,1999,0,0,0,0,0
SVN,Slovenia,2000,0,0,0,0,0
SVN,Slovenia,2001,0,0,0,0,0
SVN,Slovenia,2002,1,0,0,0,1
SVN,Slovenia,2003,1,0,0,0,1
SVN,Slovenia,2004,1,0,0,0,1
SVN,Slovenia,2005,1,0,0,0,1
SVN,Slovenia,2006,1,0,0,0,1
SVN,Slovenia,2007,2,0,0,1,1
SVN,Slovenia,2008,2,0,0,1,1
SVN,Slovenia,2009,2,0,0,1,1
SVN,Slovenia,2010,2,0,0,1,1
SVN,Slovenia,2011,2,0,0,1,1
SVN,Slovenia,2012,2,0,0,1,1
SVN,Slovenia,2013,2,0,0,1,1
SVN,Slovenia,2014,3,0,0,2,1
SVN,Slovenia,2015,3,0,0,2,1
SVN,Slovenia,2016,6,2,1,2,1
SVN,Slovenia,2017,6,2,1,2,1
SVN,Slovenia,2018,7,2,1,2,2
SVN,Slovenia,2019,8,2,2,2,2
SVN,Slovenia,2020,11,2,4,3,2
SVN,Slovenia,2021,12,2,5,3,2
SVN,Slovenia,2022,13,3,5,3,2
SVN,Slovenia,2023,13,3,5,3,2
SVN,Slovenia,2024,13,3,5,3,2
SLB,SolomonIslands,1990,0,0,0,0,0
SLB,SolomonIslands,1991,0,0,0,0,0
SLB,SolomonIslands,1992,0,0,0,0,0
SLB,SolomonIslands,1993,0,0,0,0,0
SLB,SolomonIslands,1994,0,0,0,0,0
SLB,SolomonIslands,1995,0,0,0,0,0
SLB,SolomonIslands,1996,0,0,0,0,0
SLB,SolomonIslands,1997,0,0,0,0,0
SLB,SolomonIslands,1998,0,0,0,0,0
SLB,SolomonIslands,1999,0,0,0,0,0
SLB,SolomonIslands,2000,0,0,0,0,0
SLB,SolomonIslands,2001,0,0,0,0,0
SLB,SolomonIslands,2002,0,0,0,0,0
SLB,SolomonIslands,2003,0,0,0,0,0
SLB,SolomonIslands,2004,0,0,0,0,0
SLB,SolomonIslands,2005,0,0,0,0,0
SLB,SolomonIslands,2006,0,0,0,0,0
SLB,SolomonIslands,2007,0,0,0,0,0
SLB,SolomonIslands,2008,0,0,0,0,0
SLB,SolomonIslands,2009,3,0,0,3,0
SLB,SolomonIslands,2010,3,0,0,3,0
SLB,SolomonIslands,2011,3,0,0,3,0
SLB,SolomonIslands,2012,3,0,0,3,0
SLB,SolomonIslands,2013,3,0,0,3,0
SLB,SolomonIslands,2014,3,0,0,3,0
SLB,SolomonIslands,2015,3,0,0,3,0
SLB,SolomonIslands,2016,3,0,0,3,0
SLB,SolomonIslands,2017,3,0,0,3,0
SLB,SolomonIslands,2018,3,0,0,3,0
SLB,SolomonIslands,2019,3,0,0,3,0
SLB,SolomonIslands,2020,3,0,0,3,0
SLB,SolomonIslands,2021,3,0,0,3,0
SLB,SolomonIslands,2022,3,0,0,3,0
SLB,SolomonIslands,2023,3,0,0,3,0
SLB,SolomonIslands,2024,3,0,0,3,0
ZAF,SouthAfrica,1990,0,0,0,0,0
ZAF,SouthAfrica,1991,0,0,0,0,0
ZAF,SouthAfrica,1992,0,0,0,0,0
ZAF,SouthAfrica,1993,0,0,0,0,0
ZAF,SouthAfrica,1994,0,0,0,0,0
ZAF,SouthAfrica,1995,0,0,0,0,0
ZAF,SouthAfrica,1996,0,0,0,0,0
ZAF,SouthAfrica,1997,0,0,0,0,0
ZAF,SouthAfrica,1998,1,0,1,0,0
ZAF,SouthAfrica,1999,1,0,1,0,0
ZAF,SouthAfrica,2000,1,0,1,0,0
ZAF,SouthAfrica,2001,1,0,1,0,0
ZAF,SouthAfrica,2002,1,0,1,0,0
ZAF,SouthAfrica,2003,1,0,1,0,0
ZAF,SouthAfrica,2004,1,0,1,0,0
ZAF,SouthAfrica,2005,1,0,1,0,0
ZAF,SouthAfrica,2006,1,0,1,0,0
ZAF,SouthAfrica,2007,1,0,1,0,0
ZAF,SouthAfrica,2008,1,0,1,0,0
ZAF,SouthAfrica,2009,1,0,1,0,0
ZAF,SouthAfrica,2010,1,0,1,0,0
ZAF,SouthAfrica,2011,1,0,1,0,0
ZAF,SouthAfrica,2012,1,0,1,0,0
ZAF,SouthAfrica,2013,1,0,1,0,0
ZAF,SouthAfrica,2014,1,0,1,0,0
ZAF,SouthAfrica,2015,2,0,1,1,0
ZAF,SouthAfrica,2016,6,1,4,1,0
ZAF,SouthAfrica,2017,6,1,4,1,0
ZAF,SouthAfrica,2018,7,1,4,1,1
ZAF,SouthAfrica,2019,7,1,4,1,1
ZAF,SouthAfrica,2020,7,1,4,1,1
ZAF,SouthAfrica,2021,7,1,4,1,1
ZAF,SouthAfrica,2022,7,1,4,1,1
ZAF,SouthAfrica,2023,7,1,4,1,1
ZAF,SouthAfrica,2024,7,1,4,1,1
ESP,Spain,1990,0,0,0,0,0
ESP,Spain,1991,0,0,0,0,0
ESP,Spain,1992,0,0,0,0,0
ESP,Spain,1993,0,0,0,0,0
ESP,Spain,1994,0,0,0,0,0
ESP,Spain,1995,0,0,0,0,0
ESP,Spain,1996,0,0,0,0,0
ESP,Spain,1997,0,0,0,0,0
ESP,Spain,1998,0,0,0,0,0
ESP,Spain,1999,1,0,0,0,1
ESP,Spain,2000,2,0,0,0,2
ESP,Spain,2001,2,0,0,0,2
ESP,Spain,2002,2,0,0,0,2
ESP,Spain,2003,2,0,0,0,2
ESP,Spain,2004,2,0,0,0,2
ESP,Spain,2005,2,0,0,0,2
ESP,Spain,2006,2,0,0,0,2
ESP,Spain,2007,2,0,0,0,2
ESP,Spain,2008,3,0,1,0,2
ESP,Spain,2009,5,2,1,0,2
ESP,Spain,2010,5,2,1,0,2
ESP,Spain,2011,5,2,1,0,2
ESP,Spain,2012,5,2,1,0,2
ESP,Spain,2013,5,2,1,0,2
ESP,Spain,2014,5,2,1,0,2
ESP,Spain,2015,6,2,1,1,2
ESP,Spain,2016,8,2,3,1,2
ESP,Spain,2017,8,2,3,1,2
ESP,Spain,2018,8,2,3,1,2
ESP,Spain,2019,8,2,3,1,2
ESP,Spain,2020,8,2,3,1,2
ESP,Spain,2021,9,2,4,1,2
ESP,Spain,2022,9,2,4,1,2
ESP,Spain,2023,9,2,4,1,2
ESP,Spain,2024,9,2,4,1,2
LKA,SriLanka,1990,0,0,0,0,0
LKA,SriLanka,1991,0,0,0,0,0
LKA,SriLanka,1992,0,0,0,0,0
LKA,SriLanka,1993,0,0,0,0,0
LKA,SriLanka,1994,0,0,0,0,0
LKA,SriLanka,1995,0,0,0,0,0
LKA,SriLanka,1996,0,0,0,0,0
LKA,SriLanka,1997,1,0,0,1,0
LKA,SriLanka,1998,1,0,0,1,0
LKA,SriLanka,1999,1,0,0,1,0
LKA,SriLanka,2000,1,0,0,1,0
LKA,SriLanka,2001,2,0,0,1,1
LKA,SriLanka,2002,3,0,0,2,1
LKA,SriLanka,2003,3,0,0,2,1
LKA,SriLanka,2004,3,0,0,2,1
LKA,SriLanka,2005,3,0,0,2,1
LKA,SriLanka,2006,4,1,0,2,1
LKA,SriLanka,2007,4,1,0,2,1
LKA,SriLanka,2008,5,1,1,2,1
LKA,SriLanka,2009,6,1,1,2,2
LKA,SriLanka,2010,6,1,1,2,2
LKA,SriLanka,2011,6,1,1,2,2
LKA,SriLanka,2012,6,1,1,2,2
LKA,SriLanka,2013,6,1,1,2,2
LKA,SriLanka,2014,6,1,1,2,2
LKA,SriLanka,2015,7,2,1,2,2
LKA,SriLanka,2016,7,2,1,2,2
LKA,SriLanka,2017,9,2,2,3,2
LKA,SriLanka,2018,11,2,3,3,3
LKA,SriLanka,2019,11,2,3,3,3
LKA,SriLanka,2020,12,2,4,3,3
LKA,SriLanka,2021,12,2,4,3,3
LKA,SriLanka,2022,12,2,4,3,3
LKA,SriLanka,2023,12,2,4,3,3
LKA,SriLanka,2024,12,2,4,3,3
SDN,Sudan,1990,0,0,0,0,0
SDN,Sudan,1991,0,0,0,0,0
SDN,Sudan,1992,0,0,0,0,0
SDN,Sudan,1993,0,0,0,0,0
SDN,Sudan,1994,0,0,0,0,0
SDN,Sudan,1995,0,0,0,0,0
SDN,Sudan,1996,0,0,0,0,0
SDN,Sudan,1997,0,0,0,0,0
SDN,Sudan,1998,0,0,0,0,0
SDN,Sudan,1999,0,0,0,0,0
SDN,Sudan,2000,0,0,0,0,0
SDN,Sudan,2001,0,0,0,0,0
SDN,Sudan,2002,0,0,0,0,0
SDN,Sudan,2003,0,0,0,0,0
SDN,Sudan,2004,0,0,0,0,0
SDN,Sudan,2005,0,0,0,0,0
SDN,Sudan,2006,0,0,0,0,0
SDN,Sudan,2007,0,0,0,0,0
SDN,Sudan,2008,0,0,0,0,0
SDN,Sudan,2009,0,0,0,0,0
SDN,Sudan,2010,0,0,0,0,0
SDN,Sudan,2011,0,0,0,0,0
SDN,Sudan,2012,0,0,0,0,0
SDN,Sudan,2013,0,0,0,0,0
SDN,Sudan,2014,1,0,0,1,0
SDN,Sudan,2015,1,0,0,1,0
SDN,Sudan,2016,1,0,0,1,0
SDN,Sudan,2017,1,0,0,1,0
SDN,Sudan,2018,1,0,0,1,0
SDN,Sudan,2019,1,0,0,1,0
SDN,Sudan,2020,1,0,0,1,0
SDN,Sudan,2021,1,0,0,1,0
SDN,Sudan,2022,1,0,0,1,0
SDN,Sudan,2023,1,0,0,1,0
SDN,Sudan,2024,1,0,0,1,0
SWE,Sweden,1990,0,0,0,0,0
SWE,Sweden,1991,0,0,0,0,0
SWE,Sweden,1992,0,0,0,0,0
SWE,Sweden,1993,0,0,0,0,0
SWE,Sweden,1994,0,0,0,0,0
SWE,Sweden,1995,0,0,0,0,0
SWE,Sweden,1996,0,0,0,0,0
SWE,Sweden,1997,0,0,0,0,0
SWE,Sweden,1998,0,0,0,0,0
SWE,Sweden,1999,0,0,0,0,0
SWE,Sweden,2000,0,0,0,0,0
SWE,Sweden,2001,0,0,0,0,0
SWE,Sweden,2002,0,0,0,0,0
SWE,Sweden,2003,0,0,0,0,0
SWE,Sweden,2004,1,1,0,0,0
SWE,Sweden,2005,1,1,0,0,0
SWE,Sweden,2006,1,1,0,0,0
SWE,Sweden,2007,1,1,0,0,0
SWE,Sweden,2008,1,1,0,0,0
SWE,Sweden,2009,1,1,0,0,0
SWE,Sweden,2010,1,1,0,0,0
SWE,Sweden,2011,1,1,0,0,0
SWE,Sweden,2012,1,1,0,0,0
SWE,Sweden,2013,3,1,1,1,0
SWE,Sweden,2014,5,1,3,1,0
SWE,Sweden,2015,6,1,4,1,0
SWE,Sweden,2016,7,2,4,1,0
SWE,Sweden,2017,7,2,4,1,0
SWE,Sweden,2018,8,2,4,1,1
SWE,Sweden,2019,8,2,4,1,1
SWE,Sweden,2020,8,2,4,1,1
SWE,Sweden,2021,9,2,5,1,1
SWE,Sweden,2022,9,2,5,1,1
SWE,Sweden,2023,9,2,5,1,1
SWE,Sweden,2024,9,2,5,1,1
CHE,Switzerland,1990,0,0,0,0,0
CHE,Switzerland,1991,0,0,0,0,0
CHE,Switzerland,1992,0,0,0,0,0
CHE,Switzerland,1993,0,0,0,0,0
CHE,Switzerland,1994,0,0,0,0,0
CHE,Switzerland,1995,0,0,0,0,0
CHE,Switzerland,1996,0,0,0,0,0
CHE,Switzerland,1997,0,0,0,0,0
CHE,Switzerland,1998,0,0,0,0,0
CHE,Switzerland,1999,0,0,0,0,0
CHE,Switzerland,2000,0,0,0,0,0
CHE,Switzerland,2001,0,0,0,0,0
CHE,Switzerland,2002,0,0,0,0,0
CHE,Switzerland,2003,0,0,0,0,0
CHE,Switzerland,2004,0,0,0,0,0
CHE,Switzerland,2005,0,0,0,0,0
CHE,Switzerland,2006,0,0,0,0,0
CHE,Switzerland,2007,0,0,0,0,0
CHE,Switzerland,2008,1,0,1,0,0
CHE,Switzerland,2009,3,1,1,0,1
CHE,Switzerland,2010,3,1,1,0,1
CHE,Switzerland,2011,4,1,2,0,1
CHE,Switzerland,2012,5,1,3,0,1
CHE,Switzerland,2013,6,1,4,0,1
CHE,Switzerland,2014,6,1,4,0,1
CHE,Switzerland,2015,7,1,4,1,1
CHE,Switzerland,2016,7,1,4,1,1
CHE,Switzerland,2017,7,1,4,1,1
CHE,Switzerland,2018,7,1,4,1,1
CHE,Switzerland,2019,7,1,4,1,1
CHE,Switzerland,2020,7,1,4,1,1
CHE,Switzerland,2021,7,1,4,1,1
CHE,Switzerland,2022,7,1,4,1,1
CHE,Switzerland,2023,7,1,4,1,1
CHE,Switzerland,2024,7,1,4,1,1
TWN,TaiwanProvinceofChina,1990,0,0,0,0,0
TWN,TaiwanProvinceofChina,1991,0,0,0,0,0
TWN,TaiwanProvinceofChina,1992,0,0,0,0,0
TWN,TaiwanProvinceofChina,1993,0,0,0,0,0
TWN,TaiwanProvinceofChina,1994,0,0,0,0,0
TWN,TaiwanProvinceofChina,1995,0,0,0,0,0
TWN,TaiwanProvinceofChina,1996,0,0,0,0,0
TWN,TaiwanProvinceofChina,1997,0,0,0,0,0
TWN,TaiwanProvinceofChina,1998,0,0,0,0,0
TWN,TaiwanProvinceofChina,1999,1,0,0,0,1
TWN,TaiwanProvinceofChina,2000,1,0,0,0,1
TWN,TaiwanProvinceofChina,2001,1,0,0,0,1
TWN,TaiwanProvinceofChina,2002,1,0,0,0,1
TWN,TaiwanProvinceofChina,2003,1,0,0,0,1
TWN,TaiwanProvinceofChina,2004,1,0,0,0,1
TWN,TaiwanProvinceofChina,2005,1,0,0,0,1
TWN,TaiwanProvinceofChina,2006,1,0,0,0,1
TWN,TaiwanProvinceofChina,2007,2,0,1,0,1
TWN,TaiwanProvinceofChina,2008,2,0,1,0,1
TWN,TaiwanProvinceofChina,2009,2,0,1,0,1
TWN,TaiwanProvinceofChina,2010,3,1,1,0,1
TWN,TaiwanProvinceofChina,2011,3,1,1,0,1
TWN,TaiwanProvinceofChina,2012,3,1,1,0,1
TWN,TaiwanProvinceofChina,2013,3,1,1,0,1
TWN,TaiwanProvinceofChina,2014,4,1,1,0,2
TWN,TaiwanProvinceofChina,2015,5,1,1,1,2
TWN,TaiwanProvinceofChina,2016,5,1,1,1,2
TWN,TaiwanProvinceofChina,2017,5,1,1,1,2
TWN,TaiwanProvinceofChina,2018,5,1,1,1,2
TWN,TaiwanProvinceofChina,2019,5,1,1,1,2
TWN,TaiwanProvinceofChina,2020,5,1,1,1,2
TWN,TaiwanProvinceofChina,2021,5,1,1,1,2
TWN,TaiwanProvinceofChina,2022,5,1,1,1,2
TWN,TaiwanProvinceofChina,2023,5,1,1,1,2
TWN,TaiwanProvinceofChina,2024,5,1,1,1,2
TJK,Tajikistan,1990,0,0,0,0,0
TJK,Tajikistan,1991,0,0,0,0,0
TJK,Tajikistan,1992,0,0,0,0,0
TJK,Tajikistan,1993,0,0,0,0,0
TJK,Tajikistan,1994,0,0,0,0,0
TJK,Tajikistan,1995,0,0,0,0,0
TJK,Tajikistan,1996,1,0,0,0,1
TJK,Tajikistan,1997,1,0,0,0,1
TJK,Tajikistan,1998,1,0,0,0,1
TJK,Tajikistan,1999,1,0,0,0,1
TJK,Tajikistan,2000,1,0,0,0,1
TJK,Tajikistan,2001,1,0,0,0,1
TJK,Tajikistan,2002,1,0,0,0,1
TJK,Tajikistan,2003,1,0,0,0,1
TJK,Tajikistan,2004,1,0,0,0,1
TJK,Tajikistan,2005,1,0,0,0,1
TJK,Tajikistan,2006,1,0,0,0,1
TJK,Tajikistan,2007,1,0,0,0,1
TJK,Tajikistan,2008,1,0,0,0,1
TJK,Tajikistan,2009,2,0,0,1,1
TJK,Tajikistan,2010,2,0,0,1,1
TJK,Tajikistan,2011,2,0,0,1,1
TJK,Tajikistan,2012,2,0,0,1,1
TJK,Tajikistan,2013,2,0,0,1,1
TJK,Tajikistan,2014,2,0,0,1,1
TJK,Tajikistan,2015,2,0,0,1,1
TJK,Tajikistan,2016,3,0,1,1,1
TJK,Tajikistan,2017,5,1,1,1,2
TJK,Tajikistan,2018,5,1,1,1,2
TJK,Tajikistan,2019,5,1,1,1,2
TJK,Tajikistan,2020,5,1,1,1,2
TJK,Tajikistan,2021,5,1,1,1,2
TJK,Tajikistan,2022,5,1,1,1,2
TJK,Tajikistan,2023,5,1,1,1,2
TJK,Tajikistan,2024,5,1,1,1,2
TZA,Tanzania,1990,0,0,0,0,0
TZA,Tanzania,1991,0,0,0,0,0
TZA,Tanzania,1992,0,0,0,0,0
TZA,Tanzania,1993,0,0,0,0,0
TZA,Tanzania,1994,0,0,0,0,0
TZA,Tanzania,1995,0,0,0,0,0
TZA,Tanzania,1996,0,0,0,0,0
TZA,Tanzania,1997,0,0,0,0,0
TZA,Tanzania,1998,0,0,0,0,0
TZA,Tanzania,1999,0,0,0,0,0
TZA,Tanzania,2000,0,0,0,0,0
TZA,Tanzania,2001,0,0,0,0,0
TZA,Tanzania,2002,0,0,0,0,0
TZA,Tanzania,2003,0,0,0,0,0
TZA,Tanzania,2004,0,0,0,0,0
TZA,Tanzania,2005,0,0,0,0,0
TZA,Tanzania,2006,0,0,0,0,0
TZA,Tanzania,2007,0,0,0,0,0
TZA,Tanzania,2008,0,0,0,0,0
TZA,Tanzania,2009,0,0,0,0,0
TZA,Tanzania,2010,0,0,0,0,0
TZA,Tanzania,2011,0,0,0,0,0
TZA,Tanzania,2012,0,0,0,0,0
TZA,Tanzania,2013,0,0,0,0,0
TZA,Tanzania,2014,2,0,0,1,1
TZA,Tanzania,2015,5,3,0,1,1
TZA,Tanzania,2016,5,3,0,1,1
TZA,Tanzania,2017,6,3,1,1,1
TZA,Tanzania,2018,6,3,1,1,1
TZA,Tanzania,2019,6,3,1,1,1
TZA,Tanzania,2020,8,3,1,2,2
TZA,Tanzania,2021,8,3,1,2,2
TZA,Tanzania,2022,8,3,1,2,2
TZA,Tanzania,2023,8,3,1,2,2
TZA,Tanzania,2024,8,3,1,2,2
THA,Thailand,1990,0,0,0,0,0
THA,Thailand,1991,0,0,0,0,0
THA,Thailand,1992,0,0,0,0,0
THA,Thailand,1993,0,0,0,0,0
THA,Thailand,1994,0,0,0,0,0
THA,Thailand,1995,0,0,0,0,0
THA,Thailand,1996,0,0,0,0,0
THA,Thailand,1997,0,0,0,0,0
THA,Thailand,1998,0,0,0,0,0
THA,Thailand,1999,0,0,0,0,0
THA,Thailand,2000,0,0,0,0,0
THA,Thailand,2001,0,0,0,0,0
THA,Thailand,2002,0,0,0,0,0
THA,Thailand,2003,1,1,0,0,0
THA,Thailand,2004,2,2,0,0,0
THA,Thailand,2005,2,2,0,0,0
THA,Thailand,2006,3,2,0,0,1
THA,Thailand,2007,3,2,0,0,1
THA,Thailand,2008,3,2,0,0,1
THA,Thailand,2009,4,2,1,0,1
THA,Thailand,2010,4,2,1,0,1
THA,Thailand,2011,4,2,1,0,1
THA,Thailand,2012,4,2,1,0,1
THA,Thailand,2013,4,2,1,0,1
THA,Thailand,2014,4,2,1,0,1
THA,Thailand,2015,4,2,1,0,1
THA,Thailand,2016,6,2,2,1,1
THA,Thailand,2017,6,2,2,1,1
THA,Thailand,2018,6,2,2,1,1
THA,Thailand,2019,6,2,2,1,1
THA,Thailand,2020,8,3,2,1,2
THA,Thailand,2021,9,3,3,1,2
THA,Thailand,2022,9,3,3,1,2
THA,Thailand,2023,9,3,3,1,2
THA,Thailand,2024,9,3,3,1,2
TLS,TimorLeste,1990,0,0,0,0,0
TLS,TimorLeste,1991,0,0,0,0,0
TLS,TimorLeste,1992,0,0,0,0,0
TLS,TimorLeste,1993,0,0,0,0,0
TLS,TimorLeste,1994,0,0,0,0,0
TLS,TimorLeste,1995,0,0,0,0,0
TLS,TimorLeste,1996,0,0,0,0,0
TLS,TimorLeste,1997,0,0,0,0,0
TLS,TimorLeste,1998,0,0,0,0,0
TLS,TimorLeste,1999,0,0,0,0,0
TLS,TimorLeste,2000,0,0,0,0,0
TLS,TimorLeste,2001,1,1,0,0,0
TLS,TimorLeste,2002,1,1,0,0,0
TLS,TimorLeste,2003,1,1,0,0,0
TLS,TimorLeste,2004,1,1,0,0,0
TLS,TimorLeste,2005,1,1,0,0,0
TLS,TimorLeste,2006,1,1,0,0,0
TLS,TimorLeste,2007,1,1,0,0,0
TLS,TimorLeste,2008,1,1,0,0,0
TLS,TimorLeste,2009,1,1,0,0,0
TLS,TimorLeste,2010,1,1,0,0,0
TLS,TimorLeste,2011,1,1,0,0,0
TLS,TimorLeste,2012,1,1,0,0,0
TLS,TimorLeste,2013,1,1,0,0,0
TLS,TimorLeste,2014,1,1,0,0,0
TLS,TimorLeste,2015,1,1,0,0,0
TLS,TimorLeste,2016,1,1,0,0,0
TLS,TimorLeste,2017,1,1,0,0,0
TLS,TimorLeste,2018,1,1,0,0,0
TLS,TimorLeste,2019,1,1,0,0,0
TLS,TimorLeste,2020,2,1,1,0,0
TLS,TimorLeste,2021,2,1,1,0,0
TLS,TimorLeste,2022,2,1,1,0,0
TLS,TimorLeste,2023,2,1,1,0,0
TLS,TimorLeste,2024,2,1,1,0,0
TGO,Togo,1990,0,0,0,0,0
TGO,Togo,1991,0,0,0,0,0
TGO,Togo,1992,0,0,0,0,0
TGO,Togo,1993,0,0,0,0,0
TGO,Togo,1994,0,0,0,0,0
TGO,Togo,1995,0,0,0,0,0
TGO,Togo,1996,0,0,0,0,0
TGO,Togo,1997,0,0,0,0,0
TGO,Togo,1998,0,0,0,0,0
TGO,Togo,1999,0,0,0,0,0
TGO,Togo,2000,0,0,0,0,0
TGO,Togo,2001,0,0,0,0,0
TGO,Togo,2002,0,0,0,0,0
TGO,Togo,2003,0,0,0,0,0
TGO,Togo,2004,0,0,0,0,0
TGO,Togo,2005,0,0,0,0,0
TGO,Togo,2006,0,0,0,0,0
TGO,Togo,2007,0,0,0,0,0
TGO,Togo,2008,0,0,0,0,0
TGO,Togo,2009,0,0,0,0,0
TGO,Togo,2010,0,0,0,0,0
TGO,Togo,2011,1,0,0,1,0
TGO,Togo,2012,1,0,0,1,0
TGO,Togo,2013,1,0,0,1,0
TGO,Togo,2014,1,0,0,1,0
TGO,Togo,2015,1,0,0,1,0
TGO,Togo,2016,1,0,0,1,0
TGO,Togo,2017,1,0,0,1,0
TGO,Togo,2018,6,1,3,2,0
TGO,Togo,2019,6,1,3,2,0
TGO,Togo,2020,7,1,4,2,0
TGO,Togo,2021,7,1,4,2,0
TGO,Togo,2022,7,1,4,2,0
TGO,Togo,2023,7,1,4,2,0
TGO,Togo,2024,7,1,4,2,0
TON,Tonga,1990,0,0,0,0,0
TON,Tonga,1991,0,0,0,0,0
TON,Tonga,1992,0,0,0,0,0
TON,Tonga,1993,0,0,0,0,0
TON,Tonga,1994,1,0,0,0,1
TON,Tonga,1995,1,0,0,0,1
TON,Tonga,1996,1,0,0,0,1
TON,Tonga,1997,1,0,0,0,1
TON,Tonga,1998,1,0,0,0,1
TON,Tonga,1999,1,0,0,0,1
TON,Tonga,2000,1,0,0,0,1
TON,Tonga,2001,1,0,0,0,1
TON,Tonga,2002,1,0,0,0,1
TON,Tonga,2003,1,0,0,0,1
TON,Tonga,2004,1,0,0,0,1
TON,Tonga,2005,1,0,0,0,1
TON,Tonga,2006,1,0,0,0,1
TON,Tonga,2007,1,0,0,0,1
TON,Tonga,2008,1,0,0,0,1
TON,Tonga,2009,2,0,0,1,1
TON,Tonga,2010,2,0,0,1,1
TON,Tonga,2011,2,0,0,1,1
TON,Tonga,2012,3,0,0,2,1
TON,Tonga,2013,3,0,0,2,1
TON,Tonga,2014,3,0,0,2,1
TON,Tonga,2015,3,0,0,2,1
TON,Tonga,2016,3,0,0,2,1
TON,Tonga,2017,3,0,0,2,1
TON,Tonga,2018,3,0,0,2,1
TON,Tonga,2019,3,0,0,2,1
TON,Tonga,2020,3,0,0,2,1
TON,Tonga,2021,3,0,0,2,1
TON,Tonga,2022,3,0,0,2,1
TON,Tonga,2023,3,0,0,2,1
TON,Tonga,2024,3,0,0,2,1
TTO,TrinidadandTobago,1990,0,0,0,0,0
TTO,TrinidadandTobago,1991,0,0,0,0,0
TTO,TrinidadandTobago,1992,0,0,0,0,0
TTO,TrinidadandTobago,1993,1,0,1,0,0
TTO,TrinidadandTobago,1994,1,0,1,0,0
TTO,TrinidadandTobago,1995,1,0,1,0,0
TTO,TrinidadandTobago,1996,1,0,1,0,0
TTO,TrinidadandTobago,1997,1,0,1,0,0
TTO,TrinidadandTobago,1998,1,0,1,0,0
TTO,TrinidadandTobago,1999,1,0,1,0,0
TTO,TrinidadandTobago,2000,1,0,1,0,0
TTO,TrinidadandTobago,2001,1,0,1,0,0
TTO,TrinidadandTobago,2002,1,0,1,0,0
TTO,TrinidadandTobago,2003,1,0,1,0,0
TTO,TrinidadandTobago,2004,1,0,1,0,0
TTO,TrinidadandTobago,2005,1,0,1,0,0
TTO,TrinidadandTobago,2006,1,0,1,0,0
TTO,TrinidadandTobago,2007,1,0,1,0,0
TTO,TrinidadandTobago,2008,1,0,1,0,0
TTO,TrinidadandTobago,2009,1,0,1,0,0
TTO,TrinidadandTobago,2010,1,0,1,0,0
TTO,TrinidadandTobago,2011,1,0,1,0,0
TTO,TrinidadandTobago,2012,1,0,1,0,0
TTO,TrinidadandTobago,2013,1,0,1,0,0
TTO,TrinidadandTobago,2014,1,0,1,0,0
TTO,TrinidadandTobago,2015,1,0,1,0,0
TTO,TrinidadandTobago,2016,1,0,1,0,0
TTO,TrinidadandTobago,2017,1,0,1,0,0
TTO,TrinidadandTobago,2018,1,0,1,0,0
TTO,TrinidadandTobago,2019,1,0,1,0,0
TTO,TrinidadandTobago,2020,1,0,1,0,0
TTO,TrinidadandTobago,2021,1,0,1,0,0
TTO,TrinidadandTobago,2022,1,0,1,0,0
TTO,TrinidadandTobago,2023,1,0,1,0,0
TTO,TrinidadandTobago,2024,3,0,3,0,0
TUN,Tunisia,1990,0,0,0,0,0
TUN,Tunisia,1991,0,0,0,0,0
TUN,Tunisia,1992,0,0,0,0,0
TUN,Tunisia,1993,2,0,0,2,0
TUN,Tunisia,1994,2,0,0,2,0
TUN,Tunisia,1995,2,0,0,2,0
TUN,Tunisia,1996,2,0,0,2,0
TUN,Tunisia,1997,2,0,0,2,0
TUN,Tunisia,1998,2,0,0,2,0
TUN,Tunisia,1999,2,0,0,2,0
TUN,Tunisia,2000,2,0,0,2,0
TUN,Tunisia,2001,2,0,0,2,0
TUN,Tunisia,2002,2,0,0,2,0
TUN,Tunisia,2003,2,0,0,2,0
TUN,Tunisia,2004,2,0,0,2,0
TUN,Tunisia,2005,2,0,0,2,0
TUN,Tunisia,2006,2,0,0,2,0
TUN,Tunisia,2007,3,1,0,2,0
TUN,Tunisia,2008,3,1,0,2,0
TUN,Tunisia,2009,3,1,0,2,0
TUN,Tunisia,2010,3,1,0,2,0
TUN,Tunisia,2011,3,1,0,2,0
TUN,Tunisia,2012,3,1,0,2,0
TUN,Tunisia,2013,3,1,0,2,0
TUN,Tunisia,2014,3,1,0,2,0
TUN,Tunisia,2015,5,1,1,3,0
TUN,Tunisia,2016,6,2,1,3,0
TUN,Tunisia,2017,6,2,1,3,0
TUN,Tunisia,2018,7,2,1,4,0
TUN,Tunisia,2019,7,2,1,4,0
TUN,Tunisia,2020,7,2,1,4,0
TUN,Tunisia,2021,8,2,1,4,1
TUN,Tunisia,2022,8,2,1,4,1
TUN,Tunisia,2023,8,2,1,4,1
TUN,Tunisia,2024,8,2,1,4,1
TUR,Turkey,1990,0,0,0,0,0
TUR,Turkey,1991,0,0,0,0,0
TUR,Turkey,1992,0,0,0,0,0
TUR,Turkey,1993,0,0,0,0,0
TUR,Turkey,1994,0,0,0,0,0
TUR,Turkey,1995,0,0,0,0,0
TUR,Turkey,1996,0,0,0,0,0
TUR,Turkey,1997,0,0,0,0,0
TUR,Turkey,1998,0,0,0,0,0
TUR,Turkey,1999,0,0,0,0,0
TUR,Turkey,2000,0,0,0,0,0
TUR,Turkey,2001,0,0,0,0,0
TUR,Turkey,2002,1,0,0,0,1
TUR,Turkey,2003,1,0,0,0,1
TUR,Turkey,2004,1,0,0,0,1
TUR,Turkey,2005,1,0,0,0,1
TUR,Turkey,2006,3,0,0,2,1
TUR,Turkey,2007,4,0,1,2,1
TUR,Turkey,2008,5,0,1,2,2
TUR,Turkey,2009,7,1,1,3,2
TUR,Turkey,2010,7,1,1,3,2
TUR,Turkey,2011,8,2,1,3,2
TUR,Turkey,2012,8,2,1,3,2
TUR,Turkey,2013,8,2,1,3,2
TUR,Turkey,2014,9,2,2,3,2
TUR,Turkey,2015,9,2,2,3,2
TUR,Turkey,2016,10,2,3,3,2
TUR,Turkey,2017,10,2,3,3,2
TUR,Turkey,2018,10,2,3,3,2
TUR,Turkey,2019,11,2,4,3,2
TUR,Turkey,2020,12,3,4,3,2
TUR,Turkey,2021,12,3,4,3,2
TUR,Turkey,2022,12,3,4,3,2
TUR,Turkey,2023,12,3,4,3,2
TUR,Turkey,2024,12,3,4,3,2
UGA,Uganda,1990,0,0,0,0,0
UGA,Uganda,1991,0,0,0,0,0
UGA,Uganda,1992,0,0,0,0,0
UGA,Uganda,1993,0,0,0,0,0
UGA,Uganda,1994,0,0,0,0,0
UGA,Uganda,1995,0,0,0,0,0
UGA,Uganda,1996,0,0,0,0,0
UGA,Uganda,1997,0,0,0,0,0
UGA,Uganda,1998,0,0,0,0,0
UGA,Uganda,1999,0,0,0,0,0
UGA,Uganda,2000,0,0,0,0,0
UGA,Uganda,2001,0,0,0,0,0
UGA,Uganda,2002,0,0,0,0,0
UGA,Uganda,2003,0,0,0,0,0
UGA,Uganda,2004,1,0,0,1,0
UGA,Uganda,2005,2,0,0,2,0
UGA,Uganda,2006,2,0,0,2,0
UGA,Uganda,2007,2,0,0,2,0
UGA,Uganda,2008,2,0,0,2,0
UGA,Uganda,2009,2,0,0,2,0
UGA,Uganda,2010,4,0,0,4,0
UGA,Uganda,2011,4,0,0,4,0
UGA,Uganda,2012,4,0,0,4,0
UGA,Uganda,2013,4,0,0,4,0
UGA,Uganda,2014,4,0,0,4,0
UGA,Uganda,2015,4,0,0,4,0
UGA,Uganda,2016,5,1,0,4,0
UGA,Uganda,2017,5,1,0,4,0
UGA,Uganda,2018,6,1,0,4,1
UGA,Uganda,2019,6,1,0,4,1
UGA,Uganda,2020,6,1,0,4,1
UGA,Uganda,2021,8,1,2,4,1
UGA,Uganda,2022,9,1,3,4,1
UGA,Uganda,2023,9,1,3,4,1
UGA,Uganda,2024,9,1,3,4,1
UKR,Ukraine,1990,0,0,0,0,0
UKR,Ukraine,1991,0,0,0,0,0
UKR,Ukraine,1992,0,0,0,0,0
UKR,Ukraine,1993,0,0,0,0,0
UKR,Ukraine,1994,0,0,0,0,0
UKR,Ukraine,1995,0,0,0,0,0
UKR,Ukraine,1996,0,0,0,0,0
UKR,Ukraine,1997,0,0,0,0,0
UKR,Ukraine,1998,0,0,0,0,0
UKR,Ukraine,1999,0,0,0,0,0
UKR,Ukraine,2000,0,0,0,0,0
UKR,Ukraine,2001,1,0,0,0,1
UKR,Ukraine,2002,1,0,0,0,1
UKR,Ukraine,2003,1,0,0,0,1
UKR,Ukraine,2004,1,0,0,0,1
UKR,Ukraine,2005,1,0,0,0,1
UKR,Ukraine,2006,1,0,0,0,1
UKR,Ukraine,2007,2,0,0,0,2
UKR,Ukraine,2008,2,0,0,0,2
UKR,Ukraine,2009,2,0,0,0,2
UKR,Ukraine,2010,2,0,0,0,2
UKR,Ukraine,2011,4,0,0,2,2
UKR,Ukraine,2012,4,0,0,2,2
UKR,Ukraine,2013,4,0,0,2,2
UKR,Ukraine,2014,4,0,0,2,2
UKR,Ukraine,2015,5,0,0,3,2
UKR,Ukraine,2016,5,0,0,3,2
UKR,Ukraine,2017,5,0,0,3,2
UKR,Ukraine,2018,5,0,0,3,2
UKR,Ukraine,2019,6,0,1,3,2
UKR,Ukraine,2020,7,0,2,3,2
UKR,Ukraine,2021,8,0,3,3,2
UKR,Ukraine,2022,8,0,3,3,2
UKR,Ukraine,2023,8,0,3,3,2
UKR,Ukraine,2024,8,0,3,3,2
ARE,UnitedArabEmirates,1990,0,0,0,0,0
ARE,UnitedArabEmirates,1991,0,0,0,0,0
ARE,UnitedArabEmirates,1992,0,0,0,0,0
ARE,UnitedArabEmirates,1993,0,0,0,0,0
ARE,UnitedArabEmirates,1994,0,0,0,0,0
ARE,UnitedArabEmirates,1995,0,0,0,0,0
ARE,UnitedArabEmirates,1996,0,0,0,0,0
ARE,UnitedArabEmirates,1997,0,0,0,0,0
ARE,UnitedArabEmirates,1998,0,0,0,0,0
ARE,UnitedArabEmirates,1999,0,0,0,0,0
ARE,UnitedArabEmirates,2000,0,0,0,0,0
ARE,UnitedArabEmirates,2001,0,0,0,0,0
ARE,UnitedArabEmirates,2002,0,0,0,0,0
ARE,UnitedArabEmirates,2003,0,0,0,0,0
ARE,UnitedArabEmirates,2004,0,0,0,0,0
ARE,UnitedArabEmirates,2005,0,0,0,0,0
ARE,UnitedArabEmirates,2006,0,0,0,0,0
ARE,UnitedArabEmirates,2007,0,0,0,0,0
ARE,UnitedArabEmirates,2008,0,0,0,0,0
ARE,UnitedArabEmirates,2009,0,0,0,0,0
ARE,UnitedArabEmirates,2010,0,0,0,0,0
ARE,UnitedArabEmirates,2011,2,2,0,0,0
ARE,UnitedArabEmirates,2012,2,2,0,0,0
ARE,UnitedArabEmirates,2013,3,3,0,0,0
ARE,UnitedArabEmirates,2014,3,3,0,0,0
ARE,UnitedArabEmirates,2015,4,3,0,1,0
ARE,UnitedArabEmirates,2016,4,3,0,1,0
ARE,UnitedArabEmirates,2017,5,3,1,1,0
ARE,UnitedArabEmirates,2018,6,3,2,1,0
ARE,UnitedArabEmirates,2019,6,3,2,1,0
ARE,UnitedArabEmirates,2020,9,3,3,1,2
ARE,UnitedArabEmirates,2021,10,3,4,1,2
ARE,UnitedArabEmirates,2022,11,3,4,2,2
ARE,UnitedArabEmirates,2023,11,3,4,2,2
ARE,UnitedArabEmirates,2024,11,3,4,2,2
GBR,UnitedKingdom,1990,0,0,0,0,0
GBR,UnitedKingdom,1991,1,0,0,1,0
GBR,UnitedKingdom,1992,1,0,0,1,0
GBR,UnitedKingdom,1993,1,0,0,1,0
GBR,UnitedKingdom,1994,1,0,0,1,0
GBR,UnitedKingdom,1995,1,0,0,1,0
GBR,UnitedKingdom,1996,1,0,0,1,0
GBR,UnitedKingdom,1997,1,0,0,1,0
GBR,UnitedKingdom,1998,1,0,0,1,0
GBR,UnitedKingdom,1999,1,0,0,1,0
GBR,UnitedKingdom,2000,1,0,0,1,0
GBR,UnitedKingdom,2001,1,0,0,1,0
GBR,UnitedKingdom,2002,1,0,0,1,0
GBR,UnitedKingdom,2003,1,0,0,1,0
GBR,UnitedKingdom,2004,1,0,0,1,0
GBR,UnitedKingdom,2005,1,0,0,1,0
GBR,UnitedKingdom,2006,1,0,0,1,0
GBR,UnitedKingdom,2007,1,0,0,1,0
GBR,UnitedKingdom,2008,1,0,0,1,0
GBR,UnitedKingdom,2009,2,1,0,1,0
GBR,UnitedKingdom,2010,2,1,0,1,0
GBR,UnitedKingdom,2011,2,1,0,1,0
GBR,UnitedKingdom,2012,2,1,0,1,0
GBR,UnitedKingdom,2013,2,1,0,1,0
GBR,UnitedKingdom,2014,5,2,2,1,0
GBR,UnitedKingdom,2015,5,2,2,1,0
GBR,UnitedKingdom,2016,9,2,5,1,1
GBR,UnitedKingdom,2017,9,2,5,1,1
GBR,UnitedKingdom,2018,9,2,5,1,1
GBR,UnitedKingdom,2019,9,2,5,1,1
GBR,UnitedKingdom,2020,9,2,5,1,1
GBR,UnitedKingdom,2021,9,2,5,1,1
GBR,UnitedKingdom,2022,9,2,5,1,1
GBR,UnitedKingdom,2023,9,2,5,1,1
GBR,UnitedKingdom,2024,9,2,5,1,1
USA,UnitedStates,1990,1,0,0,0,1
USA,UnitedStates,1991,1,0,0,0,1
USA,UnitedStates,1992,1,0,0,0,1
USA,UnitedStates,1993,1,0,0,0,1
USA,UnitedStates,1994,1,0,0,0,1
USA,UnitedStates,1995,1,0,0,0,1
USA,UnitedStates,1996,1,0,0,0,1
USA,UnitedStates,1997,1,0,0,0,1
USA,UnitedStates,1998,1,0,0,0,1
USA,UnitedStates,1999,1,0,0,0,1
USA,UnitedStates,2000,1,0,0,0,1
USA,UnitedStates,2001,1,0,0,0,1
USA,UnitedStates,2002,1,0,0,0,1
USA,UnitedStates,2003,1,0,0,0,1
USA,UnitedStates,2004,1,0,0,0,1
USA,UnitedStates,2005,1,0,0,0,1
USA,UnitedStates,2006,1,0,0,0,1
USA,UnitedStates,2007,1,0,0,0,1
USA,UnitedStates,2008,1,0,0,0,1
USA,UnitedStates,2009,1,0,0,0,1
USA,UnitedStates,2010,1,0,0,0,1
USA,UnitedStates,2011,1,0,0,0,1
USA,UnitedStates,2012,1,0,0,0,1
USA,UnitedStates,2013,1,0,0,0,1
USA,UnitedStates,2014,4,1,2,0,1
USA,UnitedStates,2015,5,1,2,1,1
USA,UnitedStates,2016,6,1,3,1,1
USA,UnitedStates,2017,6,1,3,1,1
USA,UnitedStates,2018,6,1,3,1,1
USA,UnitedStates,2019,6,1,3,1,1
USA,UnitedStates,2020,7,1,3,1,2
USA,UnitedStates,2021,7,1,3,1,2
USA,UnitedStates,2022,7,1,3,1,2
USA,UnitedStates,2023,7,1,3,1,2
USA,UnitedStates,2024,8,1,4,1,2
URY,Uruguay,1990,0,0,0,0,0
URY,Uruguay,1991,0,0,0,0,0
URY,Uruguay,1992,0,0,0,0,0
URY,Uruguay,1993,0,0,0,0,0
URY,Uruguay,1994,0,0,0,0,0
URY,Uruguay,1995,0,0,0,0,0
URY,Uruguay,1996,0,0,0,0,0
URY,Uruguay,1997,0,0,0,0,0
URY,Uruguay,1998,0,0,0,0,0
URY,Uruguay,1999,0,0,0,0,0
URY,Uruguay,2000,0,0,0,0,0
URY,Uruguay,2001,1,0,0,0,1
URY,Uruguay,2002,2,0,0,0,2
URY,Uruguay,2003,3,0,0,1,2
URY,Uruguay,2004,3,0,0,1,2
URY,Uruguay,2005,3,0,0,1,2
URY,Uruguay,2006,4,0,1,1,2
URY,Uruguay,2007,4,0,1,1,2
URY,Uruguay,2008,4,0,1,1,2
URY,Uruguay,2009,4,0,1,1,2
URY,Uruguay,2010,4,0,1,1,2
URY,Uruguay,2011,4,0,1,1,2
URY,Uruguay,2012,6,0,3,1,2
URY,Uruguay,2013,6,0,3,1,2
URY,Uruguay,2014,6,0,3,1,2
URY,Uruguay,2015,7,0,3,2,2
URY,Uruguay,2016,7,0,3,2,2
URY,Uruguay,2017,8,0,4,2,2
URY,Uruguay,2018,8,0,4,2,2
URY,Uruguay,2019,8,0,4,2,2
URY,Uruguay,2020,8,0,4,2,2
URY,Uruguay,2021,8,0,4,2,2
URY,Uruguay,2022,8,0,4,2,2
URY,Uruguay,2023,9,0,5,2,2
URY,Uruguay,2024,9,0,5,2,2
VNM,Vietnam,1990,0,0,0,0,0
VNM,Vietnam,1991,0,0,0,0,0
VNM,Vietnam,1992,0,0,0,0,0
VNM,Vietnam,1993,0,0,0,0,0
VNM,Vietnam,1994,0,0,0,0,0
VNM,Vietnam,1995,0,0,0,0,0
VNM,Vietnam,1996,0,0,0,0,0
VNM,Vietnam,1997,0,0,0,0,0
VNM,Vietnam,1998,0,0,0,0,0
VNM,Vietnam,1999,0,0,0,0,0
VNM,Vietnam,2000,0,0,0,0,0
VNM,Vietnam,2001,0,0,0,0,0
VNM,Vietnam,2002,0,0,0,0,0
VNM,Vietnam,2003,0,0,0,0,0
VNM,Vietnam,2004,0,0,0,0,0
VNM,Vietnam,2005,0,0,0,0,0
VNM,Vietnam,2006,0,0,0,0,0
VNM,Vietnam,2007,0,0,0,0,0
VNM,Vietnam,2008,0,0,0,0,0
VNM,Vietnam,2009,0,0,0,0,0
VNM,Vietnam,2010,0,0,0,0,0
VNM,Vietnam,2011,1,1,0,0,0
VNM,Vietnam,2012,2,1,0,1,0
VNM,Vietnam,2013,3,1,0,1,1
VNM,Vietnam,2014,3,1,0,1,1
VNM,Vietnam,2015,6,2,0,3,1
VNM,Vietnam,2016,7,2,0,4,1
VNM,Vietnam,2017,7,2,0,4,1
VNM,Vietnam,2018,7,2,0,4,1
VNM,Vietnam,2019,7,2,0,4,1
VNM,Vietnam,2020,8,2,1,4,1
VNM,Vietnam,2021,8,2,1,4,1
VNM,Vietnam,2022,8,2,1,4,1
VNM,Vietnam,2023,8,2,1,4,1
VNM,Vietnam,2024,8,2,1,4,1
YEM,Yemen,1990,0,0,0,0,0
YEM,Yemen,1991,0,0,0,0,0
YEM,Yemen,1992,0,0,0,0,0
YEM,Yemen,1993,0,0,0,0,0
YEM,Yemen,1994,0,0,0,0,0
YEM,Yemen,1995,0,0,0,0,0
YEM,Yemen,1996,0,0,0,0,0
YEM,Yemen,1997,1,0,0,0,1
YEM,Yemen,1998,1,0,0,0,1
YEM,Yemen,1999,1,0,0,0,1
YEM,Yemen,2000,1,0,0,0,1
YEM,Yemen,2001,1,0,0,0,1
YEM,Yemen,2002,1,0,0,0,1
YEM,Yemen,2003,1,0,0,0,1
YEM,Yemen,2004,1,0,0,0,1
YEM,Yemen,2005,1,0,0,0,1
YEM,Yemen,2006,1,0,0,0,1
YEM,Yemen,2007,1,0,0,0,1
YEM,Yemen,2008,1,0,0,0,1
YEM,Yemen,2009,1,0,0,0,1
YEM,Yemen,2010,1,0,0,0,1
YEM,Yemen,2011,1,0,0,0,1
YEM,Yemen,2012,1,0,0,0,1
YEM,Yemen,2013,1,0,0,0,1
YEM,Yemen,2014,1,0,0,0,1
YEM,Yemen,2015,1,0,0,0,1
YEM,Yemen,2016,1,0,0,0,1
YEM,Yemen,2017,1,0,0,0,1
YEM,Yemen,2018,1,0,0,0,1
YEM,Yemen,2019,1,0,0,0,1
YEM,Yemen,2020,1,0,0,0,1
YEM,Yemen,2021,1,0,0,0,1
YEM,Yemen,2022,1,0,0,0,1
YEM,Yemen,2023,1,0,0,0,1
YEM,Yemen,2024,1,0,0,0,1
ZMB,Zambia,1990,0,0,0,0,0
ZMB,Zambia,1991,0,0,0,0,0
ZMB,Zambia,1992,0,0,0,0,0
ZMB,Zambia,1993,0,0,0,0,0
ZMB,Zambia,1994,1,0,1,0,0
ZMB,Zambia,1995,1,0,1,0,0
ZMB,Zambia,1996,2,0,1,1,0
ZMB,Zambia,1997,2,0,1,1,0
ZMB,Zambia,1998,2,0,1,1,0
ZMB,Zambia,1999,2,0,1,1,0
ZMB,Zambia,2000,2,0,1,1,0
ZMB,Zambia,2001,2,0,1,1,0
ZMB,Zambia,2002,2,0,1,1,0
ZMB,Zambia,2003,2,0,1,1,0
ZMB,Zambia,2004,2,0,1,1,0
ZMB,Zambia,2005,2,0,1,1,0
ZMB,Zambia,2006,2,0,1,1,0
ZMB,Zambia,2007,2,0,1,1,0
ZMB,Zambia,2008,2,0,1,1,0
ZMB,Zambia,2009,2,0,1,1,0
ZMB,Zambia,2010,2,0,1,1,0
ZMB,Zambia,2011,2,0,1,1,0
ZMB,Zambia,2012,2,0,1,1,0
ZMB,Zambia,2013,2,0,1,1,0
ZMB,Zambia,2014,2,0,1,1,0
ZMB,Zambia,2015,2,0,1,1,0
ZMB,Zambia,2016,2,0,1,1,0
ZMB,Zambia,2017,2,0,1,1,0
ZMB,Zambia,2018,2,0,1,1,0
ZMB,Zambia,2019,2,0,1,1,0
ZMB,Zambia,2020,2,0,1,1,0
ZMB,Zambia,2021,2,0,1,1,0
ZMB,Zambia,2022,2,0,1,1,0
ZMB,Zambia,2023,2,0,1,1,0
ZMB,Zambia,2024,2,0,1,1,0
