year,country_name,fr_expenditure_rule,fr_revenue_rule,fr_budget_balance_rule,fr_debt_rule,fr_legal_basis_er,fr_legal_basis_rr,fr_legal_basis_bbr,fr_legal_basis_dr,fr_enforcement_er,fr_enforcement_rr,fr_enforcement_bbr,fr_enforcement_dr,fr_indep_body_sets_assumptions,fr_indep_body_monitors,fr_correction_mechanism,fr_correction_well_defined_triggers,fr_compliance_er,fr_compliance_rr,fr_compliance_bbr,fr_compliance_dr,ifs_code,country_code,fr_num_rule_types,fr_max_legal_basis,fr_mean_legal_basis,fr_any_enforcement
1990,Andorra,0,0,0,0,,,,,,,,,,,,,,,,,171,AND,0,,,0
1991,Andorra,0,0,0,0,,,,,,,,,,,,,,,,,171,AND,0,,,0
1992,Andorra,0,0,0,0,,,,,,,,,,,,,,,,,171,AND,0,,,0
1993,Andorra,0,0,0,0,,,,,,,,,,,,,,,,,171,AND,0,,,0
1994,Andorra,0,0,0,0,,,,,,,,,,,,,,,,,171,AND,0,,,0
1995,Andorra,0,0,0,0,,,,,,,,,,,,,,,,,171,AND,0,,,0
1996,Andorra,0,0,0,0,,,,,,,,,,,,,,,,,171,AND,0,,,0
1997,Andorra,0,0,0,0,,,,,,,,,,,,,,,,,171,AND,0,,,0
1998,Andorra,0,0,0,0,,,,,,,,,,,,,,,,,171,AND,0,,,0
1999,Andorra,0,0,0,0,,,,,,,,,,,,,,,,,171,AND,0,,,0
2000,Andorra,0,0,0,0,,,,,,,,,,,,,,,,,171,AND,0,,,0
2001,Andorra,0,0,0,0,,,,,,,,,,,,,,,,,171,AND,0,,,0
2002,Andorra,0,0,0,0,,,,,,,,,,,,,,,,,171,AND,0,,,0
2003,Andorra,0,0,0,0,,,,,,,,,,,,,,,,,171,AND,0,,,0
2004,Andorra,0,0,0,0,,,,,,,,,,,,,,,,,171,AND,0,,,0
2005,Andorra,0,0,0,0,,,,,,,,,,,,,,,,,171,AND,0,,,0
2006,Andorra,0,0,0,0,,,,,,,,,,,,,,,,,171,AND,0,,,0
2007,Andorra,0,0,0,0,,,,,,,,,,,,,,,,,171,AND,0,,,0
2008,Andorra,0,0,0,0,,,,,,,,,,,,,,,,,171,AND,0,,,0
2009,Andorra,0,0,0,0,,,,,,,,,,,,,,,,,171,AND,0,,,0
2010,Andorra,0,0,0,0,,,,,,,,,,,,,,,,,171,AND,0,,,0
2011,Andorra,0,0,0,0,,,,,,,,,,,,,,,,,171,AND,0,,,0
2012,Andorra,0,0,0,0,,,,,,,,,,,,,,,,,171,AND,0,,,0
2013,Andorra,0,0,0,0,,,,,,,,,,,,,,,,,171,AND,0,,,0
2014,Andorra,1,1,1,1,3.0,3.0,3.0,3.0,0.0,0.0,0.0,0.0,0.0,0.0,1.0,,1.0,1.0,1.0,1.0,171,AND,4,3.0,3.0,0
2015,Andorra,1,1,1,1,3.0,3.0,3.0,3.0,0.0,0.0,0.0,0.0,0.0,0.0,1.0,,1.0,1.0,1.0,1.0,171,AND,4,3.0,3.0,0
2016,Andorra,1,1,1,1,3.0,3.0,3.0,3.0,0.0,0.0,0.0,0.0,0.0,0.0,1.0,,1.0,1.0,1.0,1.0,171,AND,4,3.0,3.0,0
2017,Andorra,1,1,1,1,3.0,3.0,3.0,3.0,0.0,0.0,0.0,0.0,0.0,0.0,1.0,,1.0,1.0,1.0,1.0,171,AND,4,3.0,3.0,0
2018,Andorra,1,1,1,1,3.0,3.0,3.0,3.0,0.0,0.0,0.0,0.0,0.0,0.0,1.0,,1.0,1.0,1.0,1.0,171,AND,4,3.0,3.0,0
2019,Andorra,1,1,1,1,3.0,3.0,3.0,3.0,0.0,0.0,0.0,0.0,0.0,0.0,1.0,,1.0,1.0,1.0,1.0,171,AND,4,3.0,3.0,0
2020,Andorra,1,1,1,1,3.0,3.0,3.0,3.0,0.0,0.0,0.0,0.0,0.0,0.0,1.0,,1.0,1.0,1.0,1.0,171,AND,4,3.0,3.0,0
2021,Andorra,1,1,1,1,3.0,3.0,3.0,3.0,0.0,0.0,0.0,0.0,0.0,0.0,1.0,,1.0,1.0,1.0,1.0,171,AND,4,3.0,3.0,0
2022,Andorra,1,1,1,1,3.0,3.0,3.0,3.0,0.0,0.0,0.0,0.0,0.0,0.0,1.0,,1.0,1.0,1.0,1.0,171,AND,4,3.0,3.0,0
2023,Andorra,1,1,1,1,3.0,3.0,3.0,3.0,0.0,0.0,0.0,0.0,0.0,0.0,1.0,,1.0,1.0,1.0,1.0,171,AND,4,3.0,3.0,0
2024,Andorra,1,1,1,1,3.0,3.0,3.0,3.0,0.0,0.0,0.0,0.0,0.0,0.0,1.0,,1.0,1.0,1.0,1.0,171,AND,4,3.0,3.0,0
1990,Angola,0,0,0,0,,,,,,,,,,,,,,,,,614,AGO,0,,,0
1991,Angola,0,0,0,0,,,,,,,,,,,,,,,,,614,AGO,0,,,0
1992,Angola,0,0,0,0,,,,,,,,,,,,,,,,,614,AGO,0,,,0
1993,Angola,0,0,0,0,,,,,,,,,,,,,,,,,614,AGO,0,,,0
1994,Angola,0,0,0,0,,,,,,,,,,,,,,,,,614,AGO,0,,,0
1995,Angola,0,0,0,0,,,,,,,,,,,,,,,,,614,AGO,0,,,0
1996,Angola,0,0,0,0,,,,,,,,,,,,,,,,,614,AGO,0,,,0
1997,Angola,0,0,0,0,,,,,,,,,,,,,,,,,614,AGO,0,,,0
1998,Angola,0,0,0,0,,,,,,,,,,,,,,,,,614,AGO,0,,,0
1999,Angola,0,0,0,0,,,,,,,,,,,,,,,,,614,AGO,0,,,0
2000,Angola,0,0,0,0,,,,,,,,,,,,,,,,,614,AGO,0,,,0
2001,Angola,0,0,0,0,,,,,,,,,,,,,,,,,614,AGO,0,,,0
2002,Angola,0,0,0,0,,,,,,,,,,,,,,,,,614,AGO,0,,,0
2003,Angola,0,0,0,0,,,,,,,,,,,,,,,,,614,AGO,0,,,0
2004,Angola,0,0,0,0,,,,,,,,,,,,,,,,,614,AGO,0,,,0
2005,Angola,0,0,0,0,,,,,,,,,,,,,,,,,614,AGO,0,,,0
2006,Angola,0,0,0,0,,,,,,,,,,,,,,,,,614,AGO,0,,,0
2007,Angola,0,0,0,0,,,,,,,,,,,,,,,,,614,AGO,0,,,0
2008,Angola,0,0,0,0,,,,,,,,,,,,,,,,,614,AGO,0,,,0
2009,Angola,0,0,0,0,,,,,,,,,,,,,,,,,614,AGO,0,,,0
2010,Angola,0,0,0,0,,,,,,,,,,,,,,,,,614,AGO,0,,,0
2011,Angola,0,0,0,0,,,,,,,,,,,,,,,,,614,AGO,0,,,0
2012,Angola,0,0,0,0,,,,,,,,,,,,,,,,,614,AGO,0,,,0
2013,Angola,0,0,0,0,,,,,,,,,,,,,,,,,614,AGO,0,,,0
2014,Angola,0,0,0,0,,,,,,,,,,,,,,,,,614,AGO,0,,,0
2015,Angola,0,0,0,0,,,,,,,,,,,,,,,,,614,AGO,0,,,0
2016,Angola,0,0,0,0,,,,,,,,,,,,,,,,,614,AGO,0,,,0
2017,Angola,0,0,0,0,,,,,,,,,,,,,,,,,614,AGO,0,,,0
2018,Angola,0,0,0,0,,,,,,,,,,,,,,,,,614,AGO,0,,,0
2019,Angola,0,0,0,0,,,,,,,,,,,,,,,,,614,AGO,0,,,0
2020,Angola,0,0,1,1,,,3.0,3.0,,,1.0,0.0,0.0,0.0,2.0,,,,,,614,AGO,2,3.0,3.0,1
2021,Angola,0,0,1,1,,,3.0,3.0,,,1.0,0.0,0.0,0.0,2.0,,,,,,614,AGO,2,3.0,3.0,1
2022,Angola,0,0,1,1,,,3.0,3.0,,,1.0,0.0,0.0,0.0,2.0,,,,,,614,AGO,2,3.0,3.0,1
2023,Angola,0,0,1,1,,,3.0,3.0,,,1.0,0.0,0.0,0.0,2.0,,,,,,614,AGO,2,3.0,3.0,1
2024,Angola,0,0,1,1,,,3.0,3.0,,,1.0,0.0,0.0,0.0,2.0,,,,,,614,AGO,2,3.0,3.0,1
1990,Antigua and Barbuda,0,0,0,0,,,,,,,,,,,,,,,,,311,ATG,0,,,0
1991,Antigua and Barbuda,0,0,0,0,,,,,,,,,,,,,,,,,311,ATG,0,,,0
1992,Antigua and Barbuda,0,0,0,0,,,,,,,,,,,,,,,,,311,ATG,0,,,0
1993,Antigua and Barbuda,0,0,0,0,,,,,,,,,,,,,,,,,311,ATG,0,,,0
1994,Antigua and Barbuda,0,0,0,0,,,,,,,,,,,,,,,,,311,ATG,0,,,0
1995,Antigua and Barbuda,0,0,0,0,,,,,,,,,,,,,,,,,311,ATG,0,,,0
1996,Antigua and Barbuda,0,0,0,0,,,,,,,,,,,,,,,,,311,ATG,0,,,0
1997,Antigua and Barbuda,0,0,0,0,,,,,,,,,,,,,,,,,311,ATG,0,,,0
1998,Antigua and Barbuda,0,0,1,1,,,,,,,,,,,0.0,,,,,,311,ATG,2,,,0
1999,Antigua and Barbuda,0,0,1,1,,,,,,,,,,,0.0,,,,,,311,ATG,2,,,0
2000,Antigua and Barbuda,0,0,1,1,,,,,,,,,,,0.0,,,,,,311,ATG,2,,,0
2001,Antigua and Barbuda,0,0,1,1,,,,,,,,,,,0.0,,,,,,311,ATG,2,,,0
2002,Antigua and Barbuda,0,0,1,1,,,,,,,,,,,0.0,,,,,,311,ATG,2,,,0
2003,Antigua and Barbuda,0,0,1,1,,,,,,,,,,,0.0,,,,,,311,ATG,2,,,0
2004,Antigua and Barbuda,0,0,1,1,,,,,,,,,,,0.0,,,,,,311,ATG,2,,,0
2005,Antigua and Barbuda,0,0,1,1,,,,,,,,,,,0.0,,,,,,311,ATG,2,,,0
2006,Antigua and Barbuda,0,0,0,1,,,,,,,,,,,0.0,,,,,,311,ATG,1,,,0
2007,Antigua and Barbuda,0,0,0,1,,,,,,,,,,,0.0,,,,,,311,ATG,1,,,0
2008,Antigua and Barbuda,0,0,0,1,,,,,,,,,,,0.0,,,,,,311,ATG,1,,,0
2009,Antigua and Barbuda,0,0,0,1,,,,,,,,,,,0.0,,,,,,311,ATG,1,,,0
2010,Antigua and Barbuda,0,0,0,1,,,,,,,,,,,0.0,,,,,,311,ATG,1,,,0
2011,Antigua and Barbuda,0,0,0,1,,,,,,,,,,,0.0,,,,,,311,ATG,1,,,0
2012,Antigua and Barbuda,0,0,0,1,,,,,,,,,,,0.0,,,,,,311,ATG,1,,,0
2013,Antigua and Barbuda,0,0,0,1,,,,,,,,,,,0.0,,,,,,311,ATG,1,,,0
2014,Antigua and Barbuda,0,0,0,1,,,,,,,,,,,0.0,,,,,,311,ATG,1,,,0
2015,Antigua and Barbuda,0,0,0,1,,,,,,,,,,,0.0,,,,,,311,ATG,1,,,0
2016,Antigua and Barbuda,0,0,0,1,,,,,,,,,,,0.0,,,,,,311,ATG,1,,,0
2017,Antigua and Barbuda,0,0,0,1,,,,,,,,,,,0.0,,,,,,311,ATG,1,,,0
2018,Antigua and Barbuda,0,0,0,1,,,,,,,,,,,0.0,,,,,,311,ATG,1,,,0
2019,Antigua and Barbuda,0,0,0,1,,,,,,,,,,,0.0,,,,,,311,ATG,1,,,0
2020,Antigua and Barbuda,0,0,0,1,,,,,,,,,,,0.0,,,,,,311,ATG,1,,,0
2021,Antigua and Barbuda,1,1,0,1,1.0,1.0,,1.0,0.0,0.0,,0.0,,,0.0,,0.0,0.0,,0.0,311,ATG,3,1.0,1.0,0
2022,Antigua and Barbuda,1,1,0,1,1.0,1.0,,1.0,0.0,0.0,,0.0,,,0.0,,0.0,0.0,,0.0,311,ATG,3,1.0,1.0,0
2023,Antigua and Barbuda,1,1,0,1,1.0,1.0,,1.0,0.0,0.0,,0.0,,,0.0,,0.0,0.0,,0.0,311,ATG,3,1.0,1.0,0
2024,Antigua and Barbuda,1,1,0,1,1.0,1.0,,1.0,0.0,0.0,,0.0,,,0.0,,0.0,0.0,,0.0,311,ATG,3,1.0,1.0,0
1990,Argentina,0,0,0,0,,,,,,,,,,,,,,,,,213,ARG,0,,,0
1991,Argentina,0,0,0,0,,,,,,,,,,,,,,,,,213,ARG,0,,,0
1992,Argentina,0,0,0,0,,,,,,,,,,,,,,,,,213,ARG,0,,,0
1993,Argentina,0,0,0,0,,,,,,,,,,,,,,,,,213,ARG,0,,,0
1994,Argentina,0,0,0,0,,,,,,,,,,,,,,,,,213,ARG,0,,,0
1995,Argentina,0,0,0,0,,,,,,,,,,,,,,,,,213,ARG,0,,,0
1996,Argentina,0,0,0,0,,,,,,,,,,,,,,,,,213,ARG,0,,,0
1997,Argentina,0,0,0,0,,,,,,,,,,,,,,,,,213,ARG,0,,,0
1998,Argentina,0,0,0,0,,,,,,,,,,,,,,,,,213,ARG,0,,,0
1999,Argentina,0,0,0,0,,,,,,,,,,,,,,,,,213,ARG,0,,,0
2000,Argentina,1,0,1,0,3.0,,3.0,,1.0,,1.0,,0.0,,0.0,,,,,,213,ARG,2,3.0,3.0,1
2001,Argentina,1,0,1,0,3.0,,3.0,,1.0,,1.0,,0.0,,0.0,,,,,,213,ARG,2,3.0,3.0,1
2002,Argentina,1,0,1,0,3.0,,3.0,,1.0,,1.0,,0.0,,0.0,,,,,,213,ARG,2,3.0,3.0,1
2003,Argentina,1,0,1,0,3.0,,3.0,,1.0,,1.0,,0.0,,0.0,,,,,,213,ARG,2,3.0,3.0,1
2004,Argentina,1,0,1,0,3.0,,3.0,,1.0,,1.0,,0.0,,0.0,,,,,,213,ARG,2,3.0,3.0,1
2005,Argentina,1,0,1,0,3.0,,3.0,,1.0,,1.0,,0.0,,0.0,,,,,,213,ARG,2,3.0,3.0,1
2006,Argentina,1,0,1,0,3.0,,3.0,,1.0,,1.0,,0.0,,0.0,,,,,,213,ARG,2,3.0,3.0,1
2007,Argentina,1,0,1,0,3.0,,3.0,,1.0,,1.0,,0.0,,0.0,,,,,,213,ARG,2,3.0,3.0,1
2008,Argentina,1,0,1,0,3.0,,3.0,,1.0,,1.0,,0.0,,0.0,,,,,,213,ARG,2,3.0,3.0,1
2009,Argentina,1,0,1,0,3.0,,3.0,,1.0,,1.0,,0.0,,0.0,,,,,,213,ARG,2,3.0,3.0,1
2010,Argentina,1,0,1,0,3.0,,3.0,,1.0,,1.0,,0.0,,0.0,,,,,,213,ARG,2,3.0,3.0,1
2011,Argentina,1,0,1,0,3.0,,3.0,,1.0,,1.0,,0.0,,0.0,,,,,,213,ARG,2,3.0,3.0,1
2012,Argentina,1,0,1,0,3.0,,3.0,,1.0,,1.0,,0.0,,0.0,,,,,,213,ARG,2,3.0,3.0,1
2013,Argentina,1,0,1,0,3.0,,3.0,,1.0,,1.0,,0.0,,0.0,,,,,,213,ARG,2,3.0,3.0,1
2014,Argentina,1,0,1,0,3.0,,3.0,,1.0,,1.0,,0.0,,0.0,,,,,,213,ARG,2,3.0,3.0,1
2015,Argentina,1,0,1,0,3.0,,3.0,,1.0,,1.0,,0.0,,0.0,,,,,,213,ARG,2,3.0,3.0,1
2016,Argentina,1,0,1,0,3.0,,3.0,,1.0,,1.0,,0.0,,0.0,,,,,,213,ARG,2,3.0,3.0,1
2017,Argentina,1,0,1,0,3.0,,3.0,,1.0,,1.0,,0.0,,0.0,,,,,,213,ARG,2,3.0,3.0,1
2018,Argentina,1,0,0,0,3.0,,,,1.0,,,,0.0,,0.0,,,,,,213,ARG,1,3.0,3.0,1
2019,Argentina,1,0,0,0,3.0,,,,1.0,,,,0.0,,0.0,,,,,,213,ARG,1,3.0,3.0,1
2020,Argentina,1,0,0,0,3.0,,,,1.0,,,,0.0,,0.0,,,,,,213,ARG,1,3.0,3.0,1
2021,Argentina,1,0,0,0,3.0,,,,1.0,,,,0.0,,0.0,,,,,,213,ARG,1,3.0,3.0,1
2022,Argentina,1,0,0,0,3.0,,,,1.0,,,,0.0,,0.0,,,,,,213,ARG,1,3.0,3.0,1
2023,Argentina,1,0,0,0,3.0,,,,1.0,,,,0.0,,0.0,,,,,,213,ARG,1,3.0,3.0,1
2024,Argentina,1,0,0,0,3.0,,,,1.0,,,,0.0,,0.0,,,,,,213,ARG,1,3.0,3.0,1
1990,Armenia,0,0,0,0,,,,,,,,,,,,,,,,,911,ARM,0,,,0
1991,Armenia,0,0,0,0,,,,,,,,,,,,,,,,,911,ARM,0,,,0
1992,Armenia,0,0,0,0,,,,,,,,,,,,,,,,,911,ARM,0,,,0
1993,Armenia,0,0,0,0,,,,,,,,,,,,,,,,,911,ARM,0,,,0
1994,Armenia,0,0,0,0,,,,,,,,,,,,,,,,,911,ARM,0,,,0
1995,Armenia,0,0,0,0,,,,,,,,,,,,,,,,,911,ARM,0,,,0
1996,Armenia,0,0,0,0,,,,,,,,,,,,,,,,,911,ARM,0,,,0
1997,Armenia,0,0,0,0,,,,,,,,,,,,,,,,,911,ARM,0,,,0
1998,Armenia,0,0,0,0,,,,,,,,,,,,,,,,,911,ARM,0,,,0
1999,Armenia,0,0,0,0,,,,,,,,,,,,,,,,,911,ARM,0,,,0
2000,Armenia,0,0,0,0,,,,,,,,,,,,,,,,,911,ARM,0,,,0
2001,Armenia,0,0,0,0,,,,,,,,,,,,,,,,,911,ARM,0,,,0
2002,Armenia,0,0,1,0,,,3.0,,,,0.0,,,,,,,,,,911,ARM,1,3.0,3.0,0
2003,Armenia,0,0,1,0,,,3.0,,,,0.0,,,,,,,,,,911,ARM,1,3.0,3.0,0
2004,Armenia,0,0,1,0,,,3.0,,,,0.0,,,,,,,,,,911,ARM,1,3.0,3.0,0
2005,Armenia,0,0,1,0,,,3.0,,,,0.0,,,,,,,,,,911,ARM,1,3.0,3.0,0
2006,Armenia,0,0,1,0,,,3.0,,,,0.0,,,,,,,,,,911,ARM,1,3.0,3.0,0
2007,Armenia,0,0,1,0,,,3.0,,,,0.0,,,,,,,,,,911,ARM,1,3.0,3.0,0
2008,Armenia,0,0,1,1,,,3.0,3.0,,,0.0,0.0,0.0,0.0,,,,,1.0,1.0,911,ARM,2,3.0,3.0,0
2009,Armenia,0,0,1,1,,,3.0,3.0,,,0.0,0.0,0.0,0.0,,,,,0.0,1.0,911,ARM,2,3.0,3.0,0
2010,Armenia,0,0,1,1,,,3.0,3.0,,,0.0,0.0,0.0,0.0,,,,,1.0,1.0,911,ARM,2,3.0,3.0,0
2011,Armenia,0,0,1,1,,,3.0,3.0,,,0.0,0.0,0.0,0.0,,,,,1.0,1.0,911,ARM,2,3.0,3.0,0
2012,Armenia,0,0,1,1,,,3.0,3.0,,,0.0,0.0,0.0,0.0,,,,,1.0,1.0,911,ARM,2,3.0,3.0,0
2013,Armenia,0,0,1,1,,,3.0,3.0,,,0.0,0.0,0.0,0.0,,,,,1.0,1.0,911,ARM,2,3.0,3.0,0
2014,Armenia,0,0,1,1,,,3.0,3.0,,,0.0,0.0,0.0,0.0,,,,,1.0,1.0,911,ARM,2,3.0,3.0,0
2015,Armenia,0,0,1,1,,,3.0,3.0,,,0.0,0.0,0.0,0.0,,,,,1.0,1.0,911,ARM,2,3.0,3.0,0
2016,Armenia,0,0,1,1,,,3.0,3.0,,,0.0,0.0,0.0,0.0,,,,,1.0,1.0,911,ARM,2,3.0,3.0,0
2017,Armenia,0,0,1,1,,,3.0,3.0,,,0.0,0.0,0.0,0.0,,1.0,,,1.0,1.0,911,ARM,2,3.0,3.0,0
2018,Armenia,1,0,1,1,3.0,,3.0,3.0,0.0,,0.0,0.0,0.0,0.0,,1.0,1.0,,1.0,1.0,911,ARM,3,3.0,3.0,0
2019,Armenia,1,0,1,1,3.0,,3.0,3.0,0.0,,0.0,0.0,0.0,0.0,,1.0,1.0,,1.0,1.0,911,ARM,3,3.0,3.0,0
2020,Armenia,1,0,1,1,3.0,,3.0,3.0,0.0,,0.0,0.0,0.0,0.0,1.0,1.0,0.0,,1.0,0.0,911,ARM,3,3.0,3.0,0
2021,Armenia,1,0,1,1,3.0,,3.0,3.0,0.0,,0.0,0.0,0.0,0.0,1.0,1.0,0.0,,1.0,0.0,911,ARM,3,3.0,3.0,0
2022,Armenia,1,0,1,1,3.0,,3.0,3.0,0.0,,0.0,0.0,0.0,0.0,1.0,1.0,1.0,,1.0,1.0,911,ARM,3,3.0,3.0,0
2023,Armenia,1,0,1,1,3.0,,3.0,3.0,0.0,,0.0,0.0,0.0,0.0,1.0,1.0,0.0,,1.0,1.0,911,ARM,3,3.0,3.0,0
2024,Armenia,1,0,1,1,3.0,,3.0,3.0,0.0,,0.0,0.0,0.0,0.0,1.0,1.0,1.0,,1.0,1.0,911,ARM,3,3.0,3.0,0
1990,Aruba,0,0,0,0,,,,,,,,,,,,,,,,,314,ABW,0,,,0
1991,Aruba,0,0,0,0,,,,,,,,,,,,,,,,,314,ABW,0,,,0
1992,Aruba,0,0,0,0,,,,,,,,,,,,,,,,,314,ABW,0,,,0
1993,Aruba,0,0,0,0,,,,,,,,,,,,,,,,,314,ABW,0,,,0
1994,Aruba,0,0,0,0,,,,,,,,,,,,,,,,,314,ABW,0,,,0
1995,Aruba,0,0,0,0,,,,,,,,,,,,,,,,,314,ABW,0,,,0
1996,Aruba,0,0,0,0,,,,,,,,,,,,,,,,,314,ABW,0,,,0
1997,Aruba,0,0,0,0,,,,,,,,,,,,,,,,,314,ABW,0,,,0
1998,Aruba,0,0,0,0,,,,,,,,,,,,,,,,,314,ABW,0,,,0
1999,Aruba,0,0,0,0,,,,,,,,,,,,,,,,,314,ABW,0,,,0
2000,Aruba,0,0,0,0,,,,,,,,,,,,,,,,,314,ABW,0,,,0
2001,Aruba,0,0,0,0,,,,,,,,,,,,,,,,,314,ABW,0,,,0
2002,Aruba,0,0,0,0,,,,,,,,,,,,,,,,,314,ABW,0,,,0
2003,Aruba,0,0,0,0,,,,,,,,,,,,,,,,,314,ABW,0,,,0
2004,Aruba,0,0,0,0,,,,,,,,,,,,,,,,,314,ABW,0,,,0
2005,Aruba,0,0,0,0,,,,,,,,,,,,,,,,,314,ABW,0,,,0
2006,Aruba,0,0,0,0,,,,,,,,,,,,,,,,,314,ABW,0,,,0
2007,Aruba,0,0,0,0,,,,,,,,,,,,,,,,,314,ABW,0,,,0
2008,Aruba,0,0,0,0,,,,,,,,,,,,,,,,,314,ABW,0,,,0
2009,Aruba,0,0,0,0,,,,,,,,,,,,,,,,,314,ABW,0,,,0
2010,Aruba,0,0,0,0,,,,,,,,,,,,,,,,,314,ABW,0,,,0
2011,Aruba,0,0,0,0,,,,,,,,,,,,,,,,,314,ABW,0,,,0
2012,Aruba,0,0,0,0,,,,,,,,,,,,,,,,,314,ABW,0,,,0
2013,Aruba,0,0,0,0,,,,,,,,,,,,,,,,,314,ABW,0,,,0
2014,Aruba,0,0,0,0,,,,,,,,,,,,,,,,,314,ABW,0,,,0
2015,Aruba,0,0,1,0,,,1.0,,,,0.0,,,1.0,,,,,0.0,,314,ABW,1,1.0,1.0,0
2016,Aruba,0,0,1,0,,,1.0,,,,0.0,,,1.0,,,,,0.0,,314,ABW,1,1.0,1.0,0
2017,Aruba,0,0,1,0,,,1.0,,,,0.0,,,1.0,,,,,0.0,,314,ABW,1,1.0,1.0,0
2018,Aruba,0,0,1,0,,,1.0,,,,0.0,,,1.0,,,,,0.0,,314,ABW,1,1.0,1.0,0
2019,Aruba,0,0,1,1,,,1.0,1.0,,,0.0,0.0,,1.0,,,,,0.0,0.0,314,ABW,2,1.0,1.0,0
2020,Aruba,0,0,1,1,,,1.0,1.0,,,0.0,0.0,,1.0,,,,,0.0,0.0,314,ABW,2,1.0,1.0,0
2021,Aruba,0,0,1,1,,,1.0,1.0,,,0.0,0.0,,1.0,,,,,0.0,0.0,314,ABW,2,1.0,1.0,0
2022,Aruba,0,0,1,1,,,1.0,1.0,,,0.0,0.0,,1.0,,,,,0.0,0.0,314,ABW,2,1.0,1.0,0
2023,Aruba,0,0,1,1,,,3.0,3.0,,,0.0,0.0,,1.0,,,,,0.0,0.0,314,ABW,2,3.0,3.0,0
2024,Aruba,0,0,1,1,,,3.0,3.0,,,0.0,0.0,,1.0,,,,,0.0,0.0,314,ABW,2,3.0,3.0,0
1990,Australia,0,0,0,0,,,,,,,,,,,,,,,,,193,AUS,0,,,0
1991,Australia,0,0,0,0,,,,,,,,,,,,,,,,,193,AUS,0,,,0
1992,Australia,0,0,0,0,,,,,,,,,,,,,,,,,193,AUS,0,,,0
1993,Australia,0,0,0,0,,,,,,,,,,,,,,,,,193,AUS,0,,,0
1994,Australia,0,0,0,0,,,,,,,,,,,,,,,,,193,AUS,0,,,0
1995,Australia,0,0,0,0,,,,,,,,,,,,,,,,,193,AUS,0,,,0
1996,Australia,0,0,0,0,,,,,,,,,,,,,,,,,193,AUS,0,,,0
1997,Australia,0,0,0,0,,,,,,,,,,,,,,,,,193,AUS,0,,,0
1998,Australia,0,1,1,1,,1.0,1.0,1.0,,0.0,0.0,0.0,0.0,0.0,1.0,,,,,,193,AUS,3,1.0,1.0,0
1999,Australia,0,1,1,1,,1.0,1.0,1.0,,0.0,0.0,0.0,0.0,0.0,1.0,,,,,,193,AUS,3,1.0,1.0,0
2000,Australia,0,1,1,1,,1.0,1.0,1.0,,0.0,0.0,0.0,0.0,0.0,1.0,,,,,,193,AUS,3,1.0,1.0,0
2001,Australia,0,1,1,1,,1.0,1.0,1.0,,0.0,0.0,0.0,0.0,0.0,1.0,,,,,,193,AUS,3,1.0,1.0,0
2002,Australia,0,1,1,1,,1.0,1.0,1.0,,0.0,0.0,0.0,0.0,0.0,1.0,,,,,,193,AUS,3,1.0,1.0,0
2003,Australia,0,1,1,1,,1.0,1.0,1.0,,0.0,0.0,0.0,0.0,0.0,1.0,,,,,,193,AUS,3,1.0,1.0,0
2004,Australia,0,1,1,1,,1.0,1.0,1.0,,0.0,0.0,0.0,0.0,0.0,1.0,,,,,,193,AUS,3,1.0,1.0,0
2005,Australia,0,1,1,1,,1.0,1.0,1.0,,0.0,0.0,0.0,0.0,0.0,1.0,,,,,,193,AUS,3,1.0,1.0,0
2006,Australia,0,1,1,1,,1.0,1.0,1.0,,0.0,0.0,0.0,0.0,0.0,1.0,,,,,,193,AUS,3,1.0,1.0,0
2007,Australia,0,1,1,1,,1.0,1.0,1.0,,0.0,0.0,0.0,0.0,0.0,1.0,,,,,,193,AUS,3,1.0,1.0,0
2008,Australia,0,1,1,1,,1.0,1.0,1.0,,0.0,0.0,0.0,0.0,0.0,1.0,,,,,,193,AUS,3,1.0,1.0,0
2009,Australia,1,1,1,1,1.0,1.0,1.0,1.0,0.0,0.0,0.0,0.0,0.0,0.0,1.0,,,,,,193,AUS,4,1.0,1.0,0
2010,Australia,1,1,1,1,1.0,1.0,1.0,1.0,0.0,0.0,0.0,0.0,0.0,0.0,1.0,,,,,,193,AUS,4,1.0,1.0,0
2011,Australia,1,1,1,1,1.0,1.0,1.0,1.0,0.0,0.0,0.0,0.0,0.0,0.0,1.0,,,,,,193,AUS,4,1.0,1.0,0
2012,Australia,1,1,1,1,1.0,1.0,1.0,1.0,0.0,0.0,0.0,0.0,0.0,0.0,1.0,,,,,,193,AUS,4,1.0,1.0,0
2013,Australia,1,1,1,1,1.0,1.0,1.0,1.0,0.0,0.0,0.0,0.0,0.0,0.0,1.0,,,,,,193,AUS,4,1.0,1.0,0
2014,Australia,1,1,1,1,1.0,1.0,1.0,1.0,0.0,0.0,0.0,0.0,0.0,0.0,1.0,,,,,,193,AUS,4,1.0,1.0,0
2015,Australia,1,1,1,1,1.0,1.0,1.0,1.0,0.0,0.0,0.0,0.0,0.0,0.0,1.0,,,,,,193,AUS,4,1.0,1.0,0
2016,Australia,1,1,1,1,1.0,1.0,1.0,1.0,0.0,0.0,0.0,0.0,0.0,0.0,1.0,,,,,,193,AUS,4,1.0,1.0,0
2017,Australia,1,1,1,1,1.0,1.0,1.0,1.0,0.0,0.0,0.0,0.0,0.0,0.0,1.0,,,,,,193,AUS,4,1.0,1.0,0
2018,Australia,1,1,1,1,1.0,1.0,1.0,1.0,0.0,0.0,0.0,0.0,0.0,0.0,1.0,,,,,,193,AUS,4,1.0,1.0,0
2019,Australia,1,1,1,1,1.0,1.0,1.0,1.0,0.0,0.0,0.0,0.0,0.0,0.0,1.0,,,,,,193,AUS,4,1.0,1.0,0
2020,Australia,1,1,1,1,1.0,1.0,1.0,1.0,0.0,0.0,0.0,0.0,0.0,0.0,1.0,,,,,,193,AUS,4,1.0,1.0,0
2021,Australia,1,1,1,1,1.0,1.0,1.0,1.0,0.0,0.0,0.0,0.0,0.0,0.0,1.0,,,,,,193,AUS,4,1.0,1.0,0
2022,Australia,1,1,1,1,1.0,1.0,1.0,1.0,0.0,0.0,0.0,0.0,0.0,0.0,1.0,,,,,,193,AUS,4,1.0,1.0,0
2023,Australia,1,1,1,1,1.0,1.0,1.0,1.0,0.0,0.0,0.0,0.0,0.0,0.0,1.0,,,,,,193,AUS,4,1.0,1.0,0
2024,Australia,1,1,1,1,1.0,1.0,1.0,1.0,0.0,0.0,0.0,0.0,0.0,0.0,1.0,,,,,,193,AUS,4,1.0,1.0,0
1990,Austria,0,0,0,0,,,,,,,,,,,,,,,,,122,AUT,0,,,0
1991,Austria,0,0,0,0,,,,,,,,,,,,,,,,,122,AUT,0,,,0
1992,Austria,0,0,0,0,,,,,,,,,,,,,,,,,122,AUT,0,,,0
1993,Austria,0,0,0,0,,,,,,,,,,,,,,,,,122,AUT,0,,,0
1994,Austria,0,0,0,0,,,,,,,,,,,,,,,,,122,AUT,0,,,0
1995,Austria,0,0,1,1,,,,,,,,,0.0,0.0,,,,,,,122,AUT,2,,,0
1996,Austria,0,0,1,1,,,,,,,,,0.0,0.0,,,,,,,122,AUT,2,,,0
1997,Austria,0,0,1,1,,,,,,,,,0.0,0.0,,,,,,,122,AUT,2,,,0
1998,Austria,0,0,1,1,,,,,,,,,0.0,0.0,,,,,,,122,AUT,2,,,0
1999,Austria,0,0,1,1,,,3.0,,,,1.0,,0.0,0.0,,,,,,,122,AUT,2,3.0,3.0,1
2000,Austria,0,0,1,1,,,3.0,,,,1.0,,0.0,0.0,,,,,,,122,AUT,2,3.0,3.0,1
2001,Austria,0,0,1,1,,,3.0,,,,1.0,,0.0,0.0,,,,,,,122,AUT,2,3.0,3.0,1
2002,Austria,0,0,1,1,,,3.0,,,,1.0,,0.0,0.0,,,,,,,122,AUT,2,3.0,3.0,1
2003,Austria,0,0,1,1,,,3.0,,,,1.0,,0.0,0.0,,,,,,,122,AUT,2,3.0,3.0,1
2004,Austria,0,0,1,1,,,3.0,,,,1.0,,0.0,0.0,,,,,,,122,AUT,2,3.0,3.0,1
2005,Austria,0,0,1,1,,,3.0,,,,1.0,,0.0,0.0,,,,,,,122,AUT,2,3.0,3.0,1
2006,Austria,0,0,1,1,,,3.0,,,,1.0,,0.0,0.0,,,,,,,122,AUT,2,3.0,3.0,1
2007,Austria,0,0,1,1,,,3.0,,,,1.0,,0.0,0.0,,,,,,,122,AUT,2,3.0,3.0,1
2008,Austria,0,0,1,1,,,3.0,,,,1.0,,0.0,0.0,,,,,,,122,AUT,2,3.0,3.0,1
2009,Austria,0,0,1,1,,,3.0,,,,1.0,,0.0,0.0,,,,,,,122,AUT,2,3.0,3.0,1
2010,Austria,0,0,1,1,,,3.0,,,,1.0,,0.0,0.0,,,,,,,122,AUT,2,3.0,3.0,1
2011,Austria,0,0,1,1,,,3.0,,,,1.0,,0.0,0.0,,,,,,,122,AUT,2,3.0,3.0,1
2012,Austria,1,0,1,1,3.0,,3.0,3.0,1.0,,1.0,1.0,0.0,0.0,1.0,,,,,,122,AUT,3,3.0,3.0,1
2013,Austria,1,0,1,1,3.0,,3.0,3.0,1.0,,1.0,1.0,1.0,0.0,1.0,,,,,,122,AUT,3,3.0,3.0,1
2014,Austria,1,0,1,1,3.0,,3.0,3.0,1.0,,1.0,1.0,1.0,0.0,1.0,,1.0,,2.0,1.0,122,AUT,3,3.0,3.0,1
2015,Austria,1,0,1,1,3.0,,3.0,3.0,1.0,,1.0,1.0,1.0,0.0,1.0,,0.0,,1.0,1.0,122,AUT,3,3.0,3.0,1
2016,Austria,1,0,1,1,3.0,,3.0,3.0,1.0,,1.0,1.0,1.0,0.0,1.0,,1.0,,2.0,1.0,122,AUT,3,3.0,3.0,1
2017,Austria,1,0,1,1,3.0,,3.0,3.0,1.0,,1.0,1.0,1.0,0.0,1.0,,0.0,,1.0,1.0,122,AUT,3,3.0,3.0,1
2018,Austria,1,0,1,1,3.0,,3.0,3.0,1.0,,1.0,1.0,1.0,0.0,1.0,,0.0,,1.0,1.0,122,AUT,3,3.0,3.0,1
2019,Austria,1,0,1,1,3.0,,3.0,3.0,1.0,,1.0,1.0,1.0,0.0,1.0,,0.0,,1.0,1.0,122,AUT,3,3.0,3.0,1
2020,Austria,1,0,1,1,3.0,,3.0,3.0,1.0,,1.0,1.0,1.0,0.0,1.0,,,,,,122,AUT,3,3.0,3.0,1
2021,Austria,1,0,1,1,3.0,,3.0,3.0,1.0,,1.0,1.0,1.0,1.0,1.0,,,,,,122,AUT,3,3.0,3.0,1
2022,Austria,1,0,1,1,3.0,,3.0,3.0,1.0,,1.0,1.0,1.0,1.0,1.0,,,,,,122,AUT,3,3.0,3.0,1
2023,Austria,1,0,1,1,3.0,,3.0,3.0,1.0,,1.0,1.0,1.0,1.0,1.0,,,,,,122,AUT,3,3.0,3.0,1
2024,Austria,1,0,1,1,3.0,,3.0,3.0,1.0,,1.0,1.0,1.0,1.0,1.0,,,,,,122,AUT,3,3.0,3.0,1
1990,Azerbaijan,0,0,0,0,,,,,,,,,,,,,,,,,912,AZE,0,,,0
1991,Azerbaijan,0,0,0,0,,,,,,,,,,,,,,,,,912,AZE,0,,,0
1992,Azerbaijan,0,0,0,0,,,,,,,,,,,,,,,,,912,AZE,0,,,0
1993,Azerbaijan,0,0,0,0,,,,,,,,,,,,,,,,,912,AZE,0,,,0
1994,Azerbaijan,0,0,0,0,,,,,,,,,,,,,,,,,912,AZE,0,,,0
1995,Azerbaijan,0,0,0,0,,,,,,,,,,,,,,,,,912,AZE,0,,,0
1996,Azerbaijan,0,0,0,0,,,,,,,,,,,,,,,,,912,AZE,0,,,0
1997,Azerbaijan,0,0,0,0,,,,,,,,,,,,,,,,,912,AZE,0,,,0
1998,Azerbaijan,0,0,0,0,,,,,,,,,,,,,,,,,912,AZE,0,,,0
1999,Azerbaijan,0,0,0,0,,,,,,,,,,,,,,,,,912,AZE,0,,,0
2000,Azerbaijan,0,0,0,0,,,,,,,,,,,,,,,,,912,AZE,0,,,0
2001,Azerbaijan,0,0,0,0,,,,,,,,,,,,,,,,,912,AZE,0,,,0
2002,Azerbaijan,0,0,0,0,,,,,,,,,,,,,,,,,912,AZE,0,,,0
2003,Azerbaijan,0,0,0,0,,,,,,,,,,,,,,,,,912,AZE,0,,,0
2004,Azerbaijan,0,0,0,0,,,,,,,,,,,,,,,,,912,AZE,0,,,0
2005,Azerbaijan,0,0,0,0,,,,,,,,,,,,,,,,,912,AZE,0,,,0
2006,Azerbaijan,0,0,0,0,,,,,,,,,,,,,,,,,912,AZE,0,,,0
2007,Azerbaijan,0,0,0,0,,,,,,,,,,,,,,,,,912,AZE,0,,,0
2008,Azerbaijan,0,0,0,0,,,,,,,,,,,,,,,,,912,AZE,0,,,0
2009,Azerbaijan,0,0,0,0,,,,,,,,,,,,,,,,,912,AZE,0,,,0
2010,Azerbaijan,0,0,0,0,,,,,,,,,,,,,,,,,912,AZE,0,,,0
2011,Azerbaijan,0,0,0,0,,,,,,,,,,,,,,,,,912,AZE,0,,,0
2012,Azerbaijan,0,0,0,0,,,,,,,,,,,,,,,,,912,AZE,0,,,0
2013,Azerbaijan,0,0,0,0,,,,,,,,,,,,,,,,,912,AZE,0,,,0
2014,Azerbaijan,0,0,0,0,,,,,,,,,,,,,,,,,912,AZE,0,,,0
2015,Azerbaijan,0,0,0,0,,,,,,,,,,,,,,,,,912,AZE,0,,,0
2016,Azerbaijan,0,0,0,0,,,,,,,,,,,,,,,,,912,AZE,0,,,0
2017,Azerbaijan,0,0,0,0,,,,,,,,,,,,,,,,,912,AZE,0,,,0
2018,Azerbaijan,0,0,0,0,,,,,,,,,,,,,,,,,912,AZE,0,,,0
2019,Azerbaijan,1,0,1,0,3.0,,3.0,,0.0,,0.0,,0.0,0.0,,,,,,,912,AZE,2,3.0,3.0,0
2020,Azerbaijan,1,0,1,0,3.0,,3.0,,0.0,,0.0,,0.0,0.0,0.0,,1.0,,1.0,1.0,912,AZE,2,3.0,3.0,0
2021,Azerbaijan,1,0,1,0,3.0,,3.0,,0.0,,0.0,,0.0,0.0,0.0,,,,,,912,AZE,2,3.0,3.0,0
2022,Azerbaijan,0,0,1,1,,,3.0,3.0,,,0.0,0.0,0.0,0.0,0.0,,,,1.0,1.0,912,AZE,2,3.0,3.0,0
2023,Azerbaijan,0,0,1,1,,,3.0,3.0,,,0.0,0.0,0.0,0.0,0.0,,,,1.0,1.0,912,AZE,2,3.0,3.0,0
2024,Azerbaijan,0,0,1,1,,,3.0,3.0,,,0.0,0.0,0.0,0.0,0.0,,,,,,912,AZE,2,3.0,3.0,0
1990,"Bahamas, The",0,0,0,0,,,,,,,,,,,,,,,,,313,BHS,0,,,0
1991,"Bahamas, The",0,0,0,0,,,,,,,,,,,,,,,,,313,BHS,0,,,0
1992,"Bahamas, The",0,0,0,0,,,,,,,,,,,,,,,,,313,BHS,0,,,0
1993,"Bahamas, The",0,0,0,0,,,,,,,,,,,,,,,,,313,BHS,0,,,0
1994,"Bahamas, The",0,0,0,0,,,,,,,,,,,,,,,,,313,BHS,0,,,0
1995,"Bahamas, The",0,0,0,0,,,,,,,,,,,,,,,,,313,BHS,0,,,0
1996,"Bahamas, The",0,0,0,0,,,,,,,,,,,,,,,,,313,BHS,0,,,0
1997,"Bahamas, The",0,0,0,0,,,,,,,,,,,,,,,,,313,BHS,0,,,0
1998,"Bahamas, The",0,0,0,0,,,,,,,,,,,,,,,,,313,BHS,0,,,0
1999,"Bahamas, The",0,0,0,0,,,,,,,,,,,,,,,,,313,BHS,0,,,0
2000,"Bahamas, The",0,0,0,0,,,,,,,,,,,,,,,,,313,BHS,0,,,0
2001,"Bahamas, The",0,0,0,0,,,,,,,,,,,,,,,,,313,BHS,0,,,0
2002,"Bahamas, The",0,0,0,0,,,,,,,,,,,,,,,,,313,BHS,0,,,0
2003,"Bahamas, The",0,0,0,0,,,,,,,,,,,,,,,,,313,BHS,0,,,0
2004,"Bahamas, The",0,0,0,0,,,,,,,,,,,,,,,,,313,BHS,0,,,0
2005,"Bahamas, The",0,0,0,0,,,,,,,,,,,,,,,,,313,BHS,0,,,0
2006,"Bahamas, The",0,0,0,0,,,,,,,,,,,,,,,,,313,BHS,0,,,0
2007,"Bahamas, The",0,0,0,0,,,,,,,,,,,,,,,,,313,BHS,0,,,0
2008,"Bahamas, The",0,0,0,0,,,,,,,,,,,,,,,,,313,BHS,0,,,0
2009,"Bahamas, The",0,0,0,0,,,,,,,,,,,,,,,,,313,BHS,0,,,0
2010,"Bahamas, The",0,0,0,0,,,,,,,,,,,,,,,,,313,BHS,0,,,0
2011,"Bahamas, The",0,0,0,0,,,,,,,,,,,,,,,,,313,BHS,0,,,0
2012,"Bahamas, The",0,0,0,0,,,,,,,,,,,,,,,,,313,BHS,0,,,0
2013,"Bahamas, The",0,0,0,0,,,,,,,,,,,,,,,,,313,BHS,0,,,0
2014,"Bahamas, The",0,0,0,0,,,,,,,,,,,,,,,,,313,BHS,0,,,0
2015,"Bahamas, The",0,0,0,0,,,,,,,,,,,,,,,,,313,BHS,0,,,0
2016,"Bahamas, The",0,0,0,0,,,,,,,,,,,,,,,,,313,BHS,0,,,0
2017,"Bahamas, The",0,0,0,0,,,,,,,,,,,,,,,,,313,BHS,0,,,0
2018,"Bahamas, The",1,0,1,1,3.0,,3.0,3.0,0.0,,0.0,0.0,0.0,1.0,1.0,,0.0,,0.0,0.0,313,BHS,3,3.0,3.0,0
2019,"Bahamas, The",1,0,1,1,3.0,,3.0,3.0,0.0,,0.0,0.0,0.0,1.0,1.0,,0.0,,0.0,0.0,313,BHS,3,3.0,3.0,0
2020,"Bahamas, The",1,0,1,1,3.0,,3.0,3.0,0.0,,0.0,0.0,0.0,1.0,1.0,,0.0,,0.0,0.0,313,BHS,3,3.0,3.0,0
2021,"Bahamas, The",1,0,1,1,3.0,,3.0,3.0,0.0,,0.0,0.0,0.0,1.0,1.0,,0.0,,0.0,0.0,313,BHS,3,3.0,3.0,0
2022,"Bahamas, The",1,0,1,1,3.0,,3.0,3.0,0.0,,0.0,0.0,0.0,1.0,1.0,,0.0,,0.0,0.0,313,BHS,3,3.0,3.0,0
2023,"Bahamas, The",1,1,1,1,3.0,3.0,3.0,3.0,0.0,0.0,0.0,0.0,0.0,1.0,1.0,,0.0,,0.0,0.0,313,BHS,4,3.0,3.0,0
2024,"Bahamas, The",1,1,1,1,3.0,3.0,3.0,3.0,0.0,0.0,0.0,0.0,0.0,1.0,1.0,,0.0,,0.0,0.0,313,BHS,4,3.0,3.0,0
1990,Barbados,0,0,0,0,,,,,,,,,,,,,,,,,316,BRB,0,,,0
1991,Barbados,0,0,0,0,,,,,,,,,,,,,,,,,316,BRB,0,,,0
1992,Barbados,0,0,0,0,,,,,,,,,,,,,,,,,316,BRB,0,,,0
1993,Barbados,0,0,0,0,,,,,,,,,,,,,,,,,316,BRB,0,,,0
1994,Barbados,0,0,0,0,,,,,,,,,,,,,,,,,316,BRB,0,,,0
1995,Barbados,0,0,0,0,,,,,,,,,,,,,,,,,316,BRB,0,,,0
1996,Barbados,0,0,0,0,,,,,,,,,,,,,,,,,316,BRB,0,,,0
1997,Barbados,0,0,0,0,,,,,,,,,,,,,,,,,316,BRB,0,,,0
1998,Barbados,0,0,0,0,,,,,,,,,,,,,,,,,316,BRB,0,,,0
1999,Barbados,0,0,0,0,,,,,,,,,,,,,,,,,316,BRB,0,,,0
2000,Barbados,0,0,0,0,,,,,,,,,,,,,,,,,316,BRB,0,,,0
2001,Barbados,0,0,0,0,,,,,,,,,,,,,,,,,316,BRB,0,,,0
2002,Barbados,0,0,0,0,,,,,,,,,,,,,,,,,316,BRB,0,,,0
2003,Barbados,0,0,0,0,,,,,,,,,,,,,,,,,316,BRB,0,,,0
2004,Barbados,0,0,0,0,,,,,,,,,,,,,,,,,316,BRB,0,,,0
2005,Barbados,0,0,0,0,,,,,,,,,,,,,,,,,316,BRB,0,,,0
2006,Barbados,0,0,0,0,,,,,,,,,,,,,,,,,316,BRB,0,,,0
2007,Barbados,0,0,0,0,,,,,,,,,,,,,,,,,316,BRB,0,,,0
2008,Barbados,0,0,0,0,,,,,,,,,,,,,,,,,316,BRB,0,,,0
2009,Barbados,0,0,0,0,,,,,,,,,,,,,,,,,316,BRB,0,,,0
2010,Barbados,0,0,0,0,,,,,,,,,,,,,,,,,316,BRB,0,,,0
2011,Barbados,0,0,0,0,,,,,,,,,,,,,,,,,316,BRB,0,,,0
2012,Barbados,0,0,0,0,,,,,,,,,,,,,,,,,316,BRB,0,,,0
2013,Barbados,0,0,0,0,,,,,,,,,,,,,,,,,316,BRB,0,,,0
2014,Barbados,0,0,0,0,,,,,,,,,,,,,,,,,316,BRB,0,,,0
2015,Barbados,0,0,0,0,,,,,,,,,,,,,,,,,316,BRB,0,,,0
2016,Barbados,0,0,0,0,,,,,,,,,,,,,,,,,316,BRB,0,,,0
2017,Barbados,0,0,0,0,,,,,,,,,,,,,,,,,316,BRB,0,,,0
2018,Barbados,0,0,0,0,,,,,,,,,,,,,,,,,316,BRB,0,,,0
2019,Barbados,0,0,0,1,,,,1.0,,,,0.0,,,,,,,,0.0,316,BRB,1,1.0,1.0,0
2020,Barbados,0,0,0,1,,,,1.0,,,,0.0,,,,,,,,0.0,316,BRB,1,1.0,1.0,0
2021,Barbados,0,0,0,1,,,,1.0,,,,0.0,,,,,,,,0.0,316,BRB,1,1.0,1.0,0
2022,Barbados,0,0,0,1,,,,1.0,,,,0.0,,,,,,,,0.0,316,BRB,1,1.0,1.0,0
2023,Barbados,0,0,0,1,,,,1.0,,,,0.0,,,,,,,,0.0,316,BRB,1,1.0,1.0,0
2024,Barbados,0,0,0,1,,,,1.0,,,,0.0,,,,,,,,0.0,316,BRB,1,1.0,1.0,0
1990,Belgium,0,0,0,0,,,,,,,,,,,,,,,,,124,BEL,0,,,0
1991,Belgium,0,0,0,0,,,,,,,,,,,,,,,,,124,BEL,0,,,0
1992,Belgium,0,1,1,1,,,,,,,,,,,,,,,,,124,BEL,3,,,0
1993,Belgium,1,1,1,1,2.0,,,,1.0,,,,1.0,0.0,,,,,,,124,BEL,4,2.0,2.0,1
1994,Belgium,1,1,1,1,2.0,,,,1.0,,,,1.0,0.0,,,,,,,124,BEL,4,2.0,2.0,1
1995,Belgium,1,1,1,1,2.0,2.0,,,1.0,1.0,,,1.0,0.0,,,,,,,124,BEL,4,2.0,2.0,1
1996,Belgium,1,1,1,1,2.0,2.0,,,1.0,1.0,,,1.0,0.0,,,,,,,124,BEL,4,2.0,2.0,1
1997,Belgium,1,1,1,1,2.0,2.0,,,1.0,1.0,,,1.0,0.0,,,,,,,124,BEL,4,2.0,2.0,1
1998,Belgium,1,1,1,1,2.0,2.0,,,1.0,1.0,,,1.0,0.0,,,,,,,124,BEL,4,2.0,2.0,1
1999,Belgium,0,1,1,1,,2.0,,,,1.0,,,1.0,0.0,,,,,,,124,BEL,3,2.0,2.0,1
2000,Belgium,0,0,1,1,,,,,,,,,,,,,,,,,124,BEL,2,,,0
2001,Belgium,0,0,1,1,,,,,,,,,,,,,,,,,124,BEL,2,,,0
2002,Belgium,0,0,1,1,,,,,,,,,,,,,,,,,124,BEL,2,,,0
2003,Belgium,0,0,1,1,,,,,,,,,,,,,,,,,124,BEL,2,,,0
2004,Belgium,0,0,1,1,,,,,,,,,,,,,,,,,124,BEL,2,,,0
2005,Belgium,0,0,1,1,,,,,,,,,,,,,,,,,124,BEL,2,,,0
2006,Belgium,0,0,1,1,,,,,,,,,,,,,,,,,124,BEL,2,,,0
2007,Belgium,0,0,1,1,,,,,,,,,,,,,,,,,124,BEL,2,,,0
2008,Belgium,0,0,1,1,,,,,,,,,,,,,,,,,124,BEL,2,,,0
2009,Belgium,0,0,1,1,,,,,,,,,,,,,,,,,124,BEL,2,,,0
2010,Belgium,0,0,1,1,,,,,,,,,,,,,,,,,124,BEL,2,,,0
2011,Belgium,0,0,1,1,,,,,,,,,,,,,,,,,124,BEL,2,,,0
2012,Belgium,1,0,1,1,,,,,,,,,,,,,,,,,124,BEL,3,,,0
2013,Belgium,1,0,1,1,,,,,,,,,,,,,,,,,124,BEL,3,,,0
2014,Belgium,1,0,1,1,,,2.0,,,,1.0,,,1.0,,,,,,,124,BEL,3,2.0,2.0,1
2015,Belgium,1,0,1,1,,,2.0,,,,1.0,,,1.0,1.0,,,,,,124,BEL,3,2.0,2.0,1
2016,Belgium,1,0,1,1,,,2.0,,,,1.0,,,1.0,1.0,,,,,,124,BEL,3,2.0,2.0,1
2017,Belgium,1,0,1,1,,,2.0,,,,1.0,,,1.0,1.0,,,,,,124,BEL,3,2.0,2.0,1
2018,Belgium,1,0,1,1,,,2.0,,,,1.0,,,1.0,1.0,,,,,,124,BEL,3,2.0,2.0,1
2019,Belgium,1,0,1,1,,,2.0,,,,1.0,,,1.0,1.0,,,,,,124,BEL,3,2.0,2.0,1
2020,Belgium,1,0,1,1,,,2.0,,,,1.0,,,1.0,1.0,,,,,,124,BEL,3,2.0,2.0,1
2021,Belgium,1,0,1,1,,,2.0,,,,1.0,,,1.0,1.0,,,,,,124,BEL,3,2.0,2.0,1
2022,Belgium,1,0,1,1,,,2.0,,,,1.0,,,1.0,1.0,,,,,,124,BEL,3,2.0,2.0,1
2023,Belgium,1,0,1,1,,,2.0,,,,1.0,,,1.0,1.0,,,,,,124,BEL,3,2.0,2.0,1
2024,Belgium,1,0,1,1,,,2.0,,,,1.0,,,1.0,1.0,,,,,,124,BEL,3,2.0,2.0,1
1990,Benin,0,0,0,0,,,,,,,,,,,,,,,,,638,BEN,0,,,0
1991,Benin,0,0,0,0,,,,,,,,,,,,,,,,,638,BEN,0,,,0
1992,Benin,0,0,0,0,,,,,,,,,,,,,,,,,638,BEN,0,,,0
1993,Benin,0,0,0,0,,,,,,,,,,,,,,,,,638,BEN,0,,,0
1994,Benin,0,0,0,0,,,,,,,,,,,,,,,,,638,BEN,0,,,0
1995,Benin,0,0,0,0,,,,,,,,,,,,,,,,,638,BEN,0,,,0
1996,Benin,0,0,0,0,,,,,,,,,,,,,,,,,638,BEN,0,,,0
1997,Benin,0,0,0,0,,,,,,,,,,,,,,,,,638,BEN,0,,,0
1998,Benin,0,0,0,0,,,,,,,,,,,,,,,,,638,BEN,0,,,0
1999,Benin,0,0,0,0,,,,,,,,,,,,,,,,,638,BEN,0,,,0
2000,Benin,0,1,1,1,,,,,,,,,,,,,,,,,638,BEN,3,,,0
2001,Benin,0,1,1,1,,,,,,,,,,,,,,,,,638,BEN,3,,,0
2002,Benin,0,1,1,1,,,,,,,,,,,,,,,,,638,BEN,3,,,0
2003,Benin,0,1,1,1,,,,,,,,,,,,,,,,,638,BEN,3,,,0
2004,Benin,0,1,1,1,,,,,,,,,,,,,,,,,638,BEN,3,,,0
2005,Benin,0,1,1,1,,,,,,,,,,,,,,,,,638,BEN,3,,,0
2006,Benin,0,1,1,1,,,,,,,,,,,,,,,,,638,BEN,3,,,0
2007,Benin,0,1,1,1,,,,,,,,,,,,,,,,,638,BEN,3,,,0
2008,Benin,0,1,1,1,,,,,,,,,,,,,,,,,638,BEN,3,,,0
2009,Benin,0,1,1,1,,,,,,,,,,,,,,,,,638,BEN,3,,,0
2010,Benin,0,1,1,1,,,,,,,,,,,,,,,,,638,BEN,3,,,0
2011,Benin,0,1,1,1,,,,,,,,,,,,,,,,,638,BEN,3,,,0
2012,Benin,0,1,1,1,,,,,,,,,,,,,,,,,638,BEN,3,,,0
2013,Benin,0,1,1,1,,,,,,,,,,,,,,,,,638,BEN,3,,,0
2014,Benin,0,1,1,1,,,,,,,,,,,,,,,,,638,BEN,3,,,0
2015,Benin,0,1,1,1,,,,,,,,,,,,,,,,,638,BEN,3,,,0
2016,Benin,0,1,1,1,,,,,,,,,,,,,,,,,638,BEN,3,,,0
2017,Benin,0,1,1,1,,,,,,,,,,,,,,,,,638,BEN,3,,,0
2018,Benin,0,1,1,1,,,,,,,,,,,,,,,,,638,BEN,3,,,0
2019,Benin,0,1,1,1,,,,,,,,,,,,,,,,,638,BEN,3,,,0
2020,Benin,0,1,1,1,,,,,,,,,,,0.0,,,,,,638,BEN,3,,,0
2021,Benin,0,1,1,1,,,,,,,,,,,0.0,,,,,,638,BEN,3,,,0
2022,Benin,0,1,1,1,,,,,,,,,,,0.0,,,,,,638,BEN,3,,,0
2023,Benin,0,1,1,1,,,,,,,,,,,0.0,,,,,,638,BEN,3,,,0
2024,Benin,0,1,1,1,,,,,,,,,,,0.0,,,,,,638,BEN,3,,,0
1990,Botswana,0,0,0,0,,,,,,,,,,,,,,,,,616,BWA,0,,,0
1991,Botswana,0,0,0,0,,,,,,,,,,,,,,,,,616,BWA,0,,,0
1992,Botswana,0,0,0,0,,,,,,,,,,,,,,,,,616,BWA,0,,,0
1993,Botswana,0,0,0,0,,,,,,,,,,,,,,,,,616,BWA,0,,,0
1994,Botswana,0,0,0,0,,,,,,,,,,,,,,,,,616,BWA,0,,,0
1995,Botswana,0,0,0,0,,,,,,,,,,,,,,,,,616,BWA,0,,,0
1996,Botswana,0,0,0,0,,,,,,,,,,,,,,,,,616,BWA,0,,,0
1997,Botswana,0,0,0,0,,,,,,,,,,,,,,,,,616,BWA,0,,,0
1998,Botswana,0,0,0,0,,,,,,,,,,,,,,,,,616,BWA,0,,,0
1999,Botswana,0,0,0,0,,,,,,,,,,,,,,,,,616,BWA,0,,,0
2000,Botswana,0,0,0,0,,,,,,,,,,,,,,,,,616,BWA,0,,,0
2001,Botswana,0,0,0,0,,,,,,,,,,,,,,,,,616,BWA,0,,,0
2002,Botswana,0,0,0,0,,,,,,,,,,,,,,,,,616,BWA,0,,,0
2003,Botswana,1,0,1,0,1.0,,1.0,,0.0,,0.0,,0.0,0.0,0.0,,1.0,,1.0,,616,BWA,2,1.0,1.0,0
2004,Botswana,1,0,1,0,1.0,,1.0,,0.0,,0.0,,0.0,0.0,0.0,,1.0,,1.0,,616,BWA,2,1.0,1.0,0
2005,Botswana,1,0,1,1,1.0,,1.0,3.0,0.0,,0.0,1.0,0.0,0.0,0.0,,1.0,,1.0,,616,BWA,3,3.0,1.6666666666666667,1
2006,Botswana,1,0,1,1,1.0,,1.0,3.0,0.0,,0.0,1.0,0.0,0.0,0.0,,1.0,,1.0,1.0,616,BWA,3,3.0,1.6666666666666667,1
2007,Botswana,1,0,1,1,1.0,,1.0,3.0,0.0,,0.0,1.0,0.0,0.0,0.0,,1.0,,1.0,1.0,616,BWA,3,3.0,1.6666666666666667,1
2008,Botswana,1,0,1,1,1.0,,1.0,3.0,0.0,,0.0,1.0,0.0,0.0,0.0,,1.0,,1.0,1.0,616,BWA,3,3.0,1.6666666666666667,1
2009,Botswana,1,0,1,1,1.0,,1.0,3.0,0.0,,0.0,1.0,0.0,0.0,0.0,,1.0,,1.0,1.0,616,BWA,3,3.0,1.6666666666666667,1
2010,Botswana,1,0,1,1,1.0,,1.0,3.0,0.0,,0.0,1.0,0.0,0.0,0.0,,1.0,,1.0,1.0,616,BWA,3,3.0,1.6666666666666667,1
2011,Botswana,1,0,1,1,1.0,,1.0,3.0,0.0,,0.0,1.0,0.0,0.0,0.0,,1.0,,1.0,1.0,616,BWA,3,3.0,1.6666666666666667,1
2012,Botswana,1,0,1,1,1.0,,1.0,3.0,0.0,,0.0,1.0,0.0,0.0,0.0,,1.0,,1.0,1.0,616,BWA,3,3.0,1.6666666666666667,1
2013,Botswana,1,0,1,1,1.0,,1.0,3.0,0.0,,0.0,1.0,0.0,0.0,0.0,,1.0,,1.0,1.0,616,BWA,3,3.0,1.6666666666666667,1
2014,Botswana,1,0,1,1,1.0,,1.0,3.0,0.0,,0.0,1.0,0.0,0.0,0.0,,1.0,,1.0,1.0,616,BWA,3,3.0,1.6666666666666667,1
2015,Botswana,1,0,1,1,1.0,,1.0,3.0,0.0,,0.0,1.0,0.0,0.0,0.0,,1.0,,1.0,1.0,616,BWA,3,3.0,1.6666666666666667,1
2016,Botswana,1,0,1,1,1.0,,1.0,3.0,0.0,,0.0,1.0,0.0,0.0,0.0,,1.0,,1.0,1.0,616,BWA,3,3.0,1.6666666666666667,1
2017,Botswana,1,0,1,1,1.0,,1.0,3.0,0.0,,0.0,1.0,0.0,0.0,0.0,,1.0,,1.0,1.0,616,BWA,3,3.0,1.6666666666666667,1
2018,Botswana,1,0,1,1,1.0,,1.0,3.0,0.0,,0.0,1.0,0.0,0.0,0.0,,1.0,,1.0,1.0,616,BWA,3,3.0,1.6666666666666667,1
2019,Botswana,1,0,1,1,1.0,,1.0,3.0,0.0,,0.0,1.0,0.0,0.0,0.0,,1.0,,1.0,1.0,616,BWA,3,3.0,1.6666666666666667,1
2020,Botswana,1,0,1,1,1.0,,1.0,3.0,0.0,,0.0,1.0,0.0,0.0,0.0,,,,,1.0,616,BWA,3,3.0,1.6666666666666667,1
2021,Botswana,1,0,1,1,1.0,,1.0,3.0,0.0,,0.0,1.0,0.0,0.0,0.0,,,,,1.0,616,BWA,3,3.0,1.6666666666666667,1
2022,Botswana,1,0,1,1,1.0,,1.0,3.0,0.0,,0.0,1.0,0.0,0.0,0.0,,,,,1.0,616,BWA,3,3.0,1.6666666666666667,1
2023,Botswana,1,0,1,1,1.0,,1.0,3.0,0.0,,0.0,1.0,0.0,0.0,0.0,,,,,1.0,616,BWA,3,3.0,1.6666666666666667,1
2024,Botswana,1,0,1,1,1.0,,1.0,3.0,0.0,,0.0,1.0,0.0,0.0,0.0,,,,,1.0,616,BWA,3,3.0,1.6666666666666667,1
1990,Brazil,0,0,1,0,,,1.0,,,,1.0,,,,,,,,,,223,BRA,1,1.0,1.0,1
1991,Brazil,0,0,1,0,,,1.0,,,,1.0,,,,,,,,,,223,BRA,1,1.0,1.0,1
1992,Brazil,0,0,1,0,,,1.0,,,,1.0,,,,,,,,,,223,BRA,1,1.0,1.0,1
1993,Brazil,0,0,1,0,,,1.0,,,,1.0,,,,,,,,,,223,BRA,1,1.0,1.0,1
1994,Brazil,0,0,1,0,,,1.0,,,,1.0,,,,,,,,,,223,BRA,1,1.0,1.0,1
1995,Brazil,0,0,1,0,,,1.0,,,,1.0,,,,,,,,,,223,BRA,1,1.0,1.0,1
1996,Brazil,0,0,1,0,,,1.0,,,,1.0,,,,,,,,,,223,BRA,1,1.0,1.0,1
1997,Brazil,0,0,1,0,,,1.0,,,,1.0,,,,,,,,,,223,BRA,1,1.0,1.0,1
1998,Brazil,0,0,1,0,,,1.0,,,,1.0,,,,,,,,,,223,BRA,1,1.0,1.0,1
1999,Brazil,0,0,1,0,,,1.0,,,,1.0,,,,,,,,,,223,BRA,1,1.0,1.0,1
2000,Brazil,1,0,1,0,3.0,,5.0,,1.0,,1.0,,0.0,0.0,,,,,,,223,BRA,2,5.0,4.0,1
2001,Brazil,1,0,1,0,3.0,,5.0,,1.0,,1.0,,0.0,0.0,,,,,,,223,BRA,2,5.0,4.0,1
2002,Brazil,1,0,1,0,3.0,,5.0,,1.0,,1.0,,0.0,0.0,,,,,,,223,BRA,2,5.0,4.0,1
2003,Brazil,1,0,1,0,3.0,,5.0,,1.0,,1.0,,0.0,0.0,2.0,,,,,,223,BRA,2,5.0,4.0,1
2004,Brazil,1,0,1,0,3.0,,5.0,,1.0,,1.0,,0.0,0.0,2.0,,,,,,223,BRA,2,5.0,4.0,1
2005,Brazil,1,0,1,0,3.0,,5.0,,1.0,,1.0,,0.0,0.0,2.0,,,,,,223,BRA,2,5.0,4.0,1
2006,Brazil,1,0,1,0,3.0,,5.0,,1.0,,1.0,,0.0,0.0,2.0,,,,,,223,BRA,2,5.0,4.0,1
2007,Brazil,1,0,1,0,3.0,,5.0,,1.0,,1.0,,0.0,0.0,2.0,,,,,,223,BRA,2,5.0,4.0,1
2008,Brazil,1,0,1,0,3.0,,5.0,,1.0,,1.0,,0.0,0.0,2.0,,,,,,223,BRA,2,5.0,4.0,1
2009,Brazil,1,0,1,0,3.0,,5.0,,1.0,,1.0,,0.0,0.0,2.0,,,,,,223,BRA,2,5.0,4.0,1
2010,Brazil,1,0,1,0,3.0,,5.0,,1.0,,1.0,,0.0,0.0,2.0,,,,,,223,BRA,2,5.0,4.0,1
2011,Brazil,1,0,1,0,3.0,,5.0,,1.0,,1.0,,0.0,0.0,2.0,,,,,,223,BRA,2,5.0,4.0,1
2012,Brazil,1,0,1,0,3.0,,5.0,,1.0,,1.0,,0.0,0.0,2.0,,,,,,223,BRA,2,5.0,4.0,1
2013,Brazil,1,0,1,0,3.0,,5.0,,1.0,,1.0,,0.0,0.0,2.0,,,,,,223,BRA,2,5.0,4.0,1
2014,Brazil,1,0,1,0,3.0,,5.0,,1.0,,1.0,,0.0,0.0,2.0,,,,,,223,BRA,2,5.0,4.0,1
2015,Brazil,1,0,1,0,3.0,,5.0,,1.0,,1.0,,0.0,0.0,2.0,,,,,,223,BRA,2,5.0,4.0,1
2016,Brazil,1,0,1,0,5.0,,5.0,,1.0,,1.0,,0.0,1.0,2.0,,,,,,223,BRA,2,5.0,5.0,1
2017,Brazil,1,0,1,0,5.0,,5.0,,1.0,,1.0,,0.0,1.0,2.0,,,,,,223,BRA,2,5.0,5.0,1
2018,Brazil,1,0,1,0,5.0,,5.0,,1.0,,1.0,,0.0,1.0,2.0,,,,,,223,BRA,2,5.0,5.0,1
2019,Brazil,1,0,1,0,5.0,,5.0,,1.0,,1.0,,0.0,1.0,2.0,,,,,,223,BRA,2,5.0,5.0,1
2020,Brazil,1,0,1,0,5.0,,5.0,,1.0,,1.0,,0.0,1.0,2.0,,,,,,223,BRA,2,5.0,5.0,1
2021,Brazil,1,0,1,0,5.0,,5.0,,1.0,,1.0,,0.0,1.0,2.0,,,,,,223,BRA,2,5.0,5.0,1
2022,Brazil,1,0,1,0,5.0,,5.0,,1.0,,1.0,,0.0,1.0,2.0,,,,,,223,BRA,2,5.0,5.0,1
2023,Brazil,1,0,1,0,5.0,,5.0,,1.0,,1.0,,0.0,1.0,2.0,,,,,,223,BRA,2,5.0,5.0,1
2024,Brazil,1,0,1,0,5.0,,5.0,,1.0,,1.0,,0.0,1.0,2.0,,,,,,223,BRA,2,5.0,5.0,1
1990,Bulgaria,0,0,0,0,,,,,,,,,,,,,,,,,918,BGR,0,,,0
1991,Bulgaria,0,0,0,0,,,,,,,,,,,,,,,,,918,BGR,0,,,0
1992,Bulgaria,0,0,0,0,,,,,,,,,,,,,,,,,918,BGR,0,,,0
1993,Bulgaria,0,0,0,0,,,,,,,,,,,,,,,,,918,BGR,0,,,0
1994,Bulgaria,0,0,0,0,,,,,,,,,,,,,,,,,918,BGR,0,,,0
1995,Bulgaria,0,0,0,0,,,,,,,,,,,,,,,,,918,BGR,0,,,0
1996,Bulgaria,0,0,0,0,,,,,,,,,,,,,,,,,918,BGR,0,,,0
1997,Bulgaria,0,0,0,0,,,,,,,,,,,,,,,,,918,BGR,0,,,0
1998,Bulgaria,0,0,0,0,,,,,,,,,,,,,,,,,918,BGR,0,,,0
1999,Bulgaria,0,0,0,0,,,,,,,,,,,,,,,,,918,BGR,0,,,0
2000,Bulgaria,0,0,0,0,,,,,,,,,,,,,,,,,918,BGR,0,,,0
2001,Bulgaria,0,0,0,0,,,,,,,,,,,,,,,,,918,BGR,0,,,0
2002,Bulgaria,0,0,0,0,,,,,,,,,,,,,,,,,918,BGR,0,,,0
2003,Bulgaria,0,0,0,1,,,,3.0,,,,1.0,0.0,1.0,,,,,,,918,BGR,1,3.0,3.0,1
2004,Bulgaria,0,0,0,1,,,,3.0,,,,1.0,0.0,1.0,,,,,,,918,BGR,1,3.0,3.0,1
2005,Bulgaria,0,0,0,1,,,,3.0,,,,1.0,0.0,1.0,,,,,,,918,BGR,1,3.0,3.0,1
2006,Bulgaria,1,0,1,1,1.0,,1.0,3.0,1.0,,1.0,1.0,0.0,1.0,,,,,,,918,BGR,3,3.0,1.6666666666666667,1
2007,Bulgaria,1,0,1,1,1.0,,1.0,3.0,1.0,,1.0,1.0,0.0,1.0,0.0,,1.0,,1.0,1.0,918,BGR,3,3.0,1.6666666666666667,1
2008,Bulgaria,1,0,1,1,1.0,,1.0,3.0,1.0,,1.0,1.0,0.0,1.0,0.0,,1.0,,1.0,1.0,918,BGR,3,3.0,1.6666666666666667,1
2009,Bulgaria,1,0,1,1,1.0,,1.0,3.0,1.0,,1.0,1.0,0.0,1.0,0.0,,1.0,,0.0,1.0,918,BGR,3,3.0,1.6666666666666667,1
2010,Bulgaria,0,0,1,1,,,1.0,3.0,,,1.0,1.0,0.0,1.0,0.0,,1.0,,0.0,1.0,918,BGR,2,3.0,2.0,1
2011,Bulgaria,0,0,1,1,,,1.0,3.0,,,1.0,1.0,0.0,1.0,0.0,,1.0,,1.0,1.0,918,BGR,2,3.0,2.0,1
2012,Bulgaria,1,0,1,1,3.0,,3.0,3.0,1.0,,1.0,1.0,0.0,1.0,0.0,,1.0,,1.0,1.0,918,BGR,3,3.0,3.0,1
2013,Bulgaria,1,0,1,1,3.0,,3.0,3.0,1.0,,1.0,1.0,0.0,1.0,0.0,,1.0,,1.0,1.0,918,BGR,3,3.0,3.0,1
2014,Bulgaria,1,0,1,1,3.0,,3.0,3.0,1.0,,1.0,1.0,0.0,1.0,0.0,,0.0,,0.0,1.0,918,BGR,3,3.0,3.0,1
2015,Bulgaria,1,0,1,1,3.0,,3.0,3.0,1.0,,1.0,1.0,0.0,1.0,1.0,,0.0,,1.0,1.0,918,BGR,3,3.0,3.0,1
2016,Bulgaria,1,0,1,1,3.0,,3.0,3.0,1.0,,1.0,1.0,0.0,1.0,1.0,,1.0,,1.0,1.0,918,BGR,3,3.0,3.0,1
2017,Bulgaria,1,0,1,1,3.0,,3.0,3.0,1.0,,1.0,1.0,0.0,1.0,1.0,,1.0,,1.0,1.0,918,BGR,3,3.0,3.0,1
2018,Bulgaria,1,0,1,1,3.0,,3.0,3.0,1.0,,1.0,1.0,0.0,1.0,1.0,,1.0,,1.0,1.0,918,BGR,3,3.0,3.0,1
2019,Bulgaria,1,0,1,1,3.0,,3.0,3.0,1.0,,1.0,1.0,0.0,1.0,1.0,,1.0,,1.0,1.0,918,BGR,3,3.0,3.0,1
2020,Bulgaria,1,0,1,1,3.0,,3.0,3.0,1.0,,1.0,1.0,0.0,1.0,1.0,,0.0,,0.0,1.0,918,BGR,3,3.0,3.0,1
2021,Bulgaria,1,0,1,1,3.0,,3.0,3.0,1.0,,1.0,1.0,0.0,1.0,1.0,,0.0,,0.0,1.0,918,BGR,3,3.0,3.0,1
2022,Bulgaria,1,0,1,1,3.0,,3.0,3.0,1.0,,1.0,1.0,0.0,1.0,1.0,,0.0,,1.0,1.0,918,BGR,3,3.0,3.0,1
2023,Bulgaria,1,0,1,1,3.0,,3.0,3.0,1.0,,1.0,1.0,0.0,1.0,1.0,,1.0,,1.0,1.0,918,BGR,3,3.0,3.0,1
2024,Bulgaria,1,0,1,1,3.0,,3.0,3.0,1.0,,1.0,1.0,0.0,1.0,1.0,,1.0,,1.0,1.0,918,BGR,3,3.0,3.0,1
1990,Burkina Faso,0,0,0,0,,,,,,,,,,,,,,,,,748,BFA,0,,,0
1991,Burkina Faso,0,0,0,0,,,,,,,,,,,,,,,,,748,BFA,0,,,0
1992,Burkina Faso,0,0,0,0,,,,,,,,,,,,,,,,,748,BFA,0,,,0
1993,Burkina Faso,0,0,0,0,,,,,,,,,,,,,,,,,748,BFA,0,,,0
1994,Burkina Faso,0,0,0,0,,,,,,,,,,,,,,,,,748,BFA,0,,,0
1995,Burkina Faso,0,0,0,0,,,,,,,,,,,,,,,,,748,BFA,0,,,0
1996,Burkina Faso,0,0,0,0,,,,,,,,,,,,,,,,,748,BFA,0,,,0
1997,Burkina Faso,0,0,0,0,,,,,,,,,,,,,,,,,748,BFA,0,,,0
1998,Burkina Faso,0,0,0,0,,,,,,,,,,,,,,,,,748,BFA,0,,,0
1999,Burkina Faso,0,0,0,0,,,,,,,,,,,,,,,,,748,BFA,0,,,0
2000,Burkina Faso,0,1,1,1,,,,,,,,,,,,,,,,,748,BFA,3,,,0
2001,Burkina Faso,0,1,1,1,,,,,,,,,,,,,,,,,748,BFA,3,,,0
2002,Burkina Faso,0,1,1,1,,,,,,,,,,,,,,,,,748,BFA,3,,,0
2003,Burkina Faso,0,1,1,1,,,,,,,,,,,,,,,,,748,BFA,3,,,0
2004,Burkina Faso,0,1,1,1,,,,,,,,,,,,,,,,,748,BFA,3,,,0
2005,Burkina Faso,0,1,1,1,,,,,,,,,,,,,,,,,748,BFA,3,,,0
2006,Burkina Faso,0,1,1,1,,,,,,,,,,,,,,,,,748,BFA,3,,,0
2007,Burkina Faso,0,1,1,1,,,,,,,,,,,,,,,,,748,BFA,3,,,0
2008,Burkina Faso,0,1,1,1,,,,,,,,,,,,,,,,,748,BFA,3,,,0
2009,Burkina Faso,0,1,1,1,,,,,,,,,,,,,,,,,748,BFA,3,,,0
2010,Burkina Faso,0,1,1,1,,,,,,,,,,,,,,,,,748,BFA,3,,,0
2011,Burkina Faso,0,1,1,1,,,,,,,,,,,,,,,,,748,BFA,3,,,0
2012,Burkina Faso,0,1,1,1,,,,,,,,,,,,,,,,,748,BFA,3,,,0
2013,Burkina Faso,0,1,1,1,,,,,,,,,,,,,,,,,748,BFA,3,,,0
2014,Burkina Faso,0,1,1,1,,,,,,,,,,,,,,,,,748,BFA,3,,,0
2015,Burkina Faso,0,1,1,1,,,,,,,,,,,,,,,,,748,BFA,3,,,0
2016,Burkina Faso,0,1,1,1,,,,,,,,,,,,,,,,,748,BFA,3,,,0
2017,Burkina Faso,0,1,1,1,,,,,,,,,,,,,,,,,748,BFA,3,,,0
2018,Burkina Faso,0,1,1,1,,,,,,,,,,,,,,,,,748,BFA,3,,,0
2019,Burkina Faso,0,1,1,1,,,,,,,,,,,,,,,,,748,BFA,3,,,0
2020,Burkina Faso,0,1,1,1,,,,,,,,,,,,,,,,,748,BFA,3,,,0
2021,Burkina Faso,0,1,1,1,,,,,,,,,,,,,,,,,748,BFA,3,,,0
2022,Burkina Faso,0,1,1,1,,,,,,,,,,,,,,,,,748,BFA,3,,,0
2023,Burkina Faso,0,1,1,1,,,,,,,,,,,,,,,,,748,BFA,3,,,0
2024,Burkina Faso,0,1,1,1,,,,,,,,,,,,,,,,,748,BFA,3,,,0
1990,Burundi,0,0,0,0,,,,,,,,,,,,,,,,,618,BDI,0,,,0
1991,Burundi,0,0,0,0,,,,,,,,,,,,,,,,,618,BDI,0,,,0
1992,Burundi,0,0,0,0,,,,,,,,,,,,,,,,,618,BDI,0,,,0
1993,Burundi,0,0,0,0,,,,,,,,,,,,,,,,,618,BDI,0,,,0
1994,Burundi,0,0,0,0,,,,,,,,,,,,,,,,,618,BDI,0,,,0
1995,Burundi,0,0,0,0,,,,,,,,,,,,,,,,,618,BDI,0,,,0
1996,Burundi,0,0,0,0,,,,,,,,,,,,,,,,,618,BDI,0,,,0
1997,Burundi,0,0,0,0,,,,,,,,,,,,,,,,,618,BDI,0,,,0
1998,Burundi,0,0,0,0,,,,,,,,,,,,,,,,,618,BDI,0,,,0
1999,Burundi,0,0,0,0,,,,,,,,,,,,,,,,,618,BDI,0,,,0
2000,Burundi,0,0,0,0,,,,,,,,,,,,,,,,,618,BDI,0,,,0
2001,Burundi,0,0,0,0,,,,,,,,,,,,,,,,,618,BDI,0,,,0
2002,Burundi,0,0,0,0,,,,,,,,,,,,,,,,,618,BDI,0,,,0
2003,Burundi,0,0,0,0,,,,,,,,,,,,,,,,,618,BDI,0,,,0
2004,Burundi,0,0,0,0,,,,,,,,,,,,,,,,,618,BDI,0,,,0
2005,Burundi,0,0,0,0,,,,,,,,,,,,,,,,,618,BDI,0,,,0
2006,Burundi,0,0,0,0,,,,,,,,,,,,,,,,,618,BDI,0,,,0
2007,Burundi,0,0,0,0,,,,,,,,,,,,,,,,,618,BDI,0,,,0
2008,Burundi,0,0,0,0,,,,,,,,,,,,,,,,,618,BDI,0,,,0
2009,Burundi,0,0,0,0,,,,,,,,,,,,,,,,,618,BDI,0,,,0
2010,Burundi,0,0,0,0,,,,,,,,,,,,,,,,,618,BDI,0,,,0
2011,Burundi,0,0,0,0,,,,,,,,,,,,,,,,,618,BDI,0,,,0
2012,Burundi,0,0,0,0,,,,,,,,,,,,,,,,,618,BDI,0,,,0
2013,Burundi,0,0,1,1,,,,,,,,,,,,,,,,,618,BDI,2,,,0
2014,Burundi,0,0,1,1,,,,,,,,,,,,,,,,,618,BDI,2,,,0
2015,Burundi,0,0,1,1,,,,,,,,,,,,,,,,,618,BDI,2,,,0
2016,Burundi,0,0,1,1,,,,,,,,,,,,,,,,,618,BDI,2,,,0
2017,Burundi,0,0,1,1,,,,,,,,,,,,,,,,,618,BDI,2,,,0
2018,Burundi,0,0,1,1,,,,,,,,,,,,,,,,,618,BDI,2,,,0
2019,Burundi,0,0,1,1,,,,,,,,,,,,,,,,,618,BDI,2,,,0
2020,Burundi,0,0,1,1,,,,,,,,,,,,,,,,,618,BDI,2,,,0
2021,Burundi,0,0,1,1,,,,,,,,,,,,,,,,,618,BDI,2,,,0
2022,Burundi,0,0,1,1,,,,,,,,,,,,,,,,,618,BDI,2,,,0
2023,Burundi,0,0,1,1,,,,,,,,,,,,,,,,,618,BDI,2,,,0
2024,Burundi,0,0,1,1,,,,,,,,,,,,,,,,,618,BDI,2,,,0
1990,Cabo Verde,0,0,0,0,,,,,,,,,,,,,,,,,624,CPV,0,,,0
1991,Cabo Verde,0,0,0,0,,,,,,,,,,,,,,,,,624,CPV,0,,,0
1992,Cabo Verde,0,0,0,0,,,,,,,,,,,,,,,,,624,CPV,0,,,0
1993,Cabo Verde,0,0,0,0,,,,,,,,,,,,,,,,,624,CPV,0,,,0
1994,Cabo Verde,0,0,0,0,,,,,,,,,,,,,,,,,624,CPV,0,,,0
1995,Cabo Verde,0,0,0,0,,,,,,,,,,,,,,,,,624,CPV,0,,,0
1996,Cabo Verde,0,0,0,0,,,,,,,,,,,,,,,,,624,CPV,0,,,0
1997,Cabo Verde,0,0,0,0,,,,,,,,,,,,,,,,,624,CPV,0,,,0
1998,Cabo Verde,0,0,1,1,,,3.0,3.0,,,0.0,0.0,0.0,0.0,,,,,,,624,CPV,2,3.0,3.0,0
1999,Cabo Verde,0,0,1,1,,,3.0,3.0,,,0.0,0.0,0.0,0.0,,,,,,,624,CPV,2,3.0,3.0,0
2000,Cabo Verde,0,0,1,1,,,3.0,3.0,,,0.0,0.0,0.0,0.0,,,,,,,624,CPV,2,3.0,3.0,0
2001,Cabo Verde,0,0,1,1,,,3.0,3.0,,,0.0,0.0,0.0,0.0,,,,,,,624,CPV,2,3.0,3.0,0
2002,Cabo Verde,0,0,1,1,,,3.0,3.0,,,0.0,0.0,0.0,0.0,,,,,,,624,CPV,2,3.0,3.0,0
2003,Cabo Verde,0,0,1,1,,,3.0,3.0,,,0.0,0.0,0.0,0.0,,,,,,,624,CPV,2,3.0,3.0,0
2004,Cabo Verde,0,0,1,1,,,3.0,3.0,,,0.0,0.0,0.0,0.0,,,,,,,624,CPV,2,3.0,3.0,0
2005,Cabo Verde,0,0,1,1,,,3.0,3.0,,,0.0,0.0,0.0,0.0,,,,,,,624,CPV,2,3.0,3.0,0
2006,Cabo Verde,0,0,1,1,,,3.0,3.0,,,0.0,0.0,0.0,0.0,,,,,,,624,CPV,2,3.0,3.0,0
2007,Cabo Verde,0,0,1,1,,,3.0,3.0,,,0.0,0.0,0.0,0.0,,,,,,,624,CPV,2,3.0,3.0,0
2008,Cabo Verde,0,0,1,1,,,3.0,3.0,,,0.0,0.0,0.0,0.0,,,,,,,624,CPV,2,3.0,3.0,0
2009,Cabo Verde,0,0,1,1,,,3.0,3.0,,,0.0,0.0,0.0,0.0,,,,,,,624,CPV,2,3.0,3.0,0
2010,Cabo Verde,0,0,1,1,,,3.0,3.0,,,0.0,0.0,0.0,0.0,,,,,,,624,CPV,2,3.0,3.0,0
2011,Cabo Verde,0,0,1,1,,,3.0,3.0,,,0.0,0.0,0.0,0.0,,,,,,,624,CPV,2,3.0,3.0,0
2012,Cabo Verde,0,0,1,1,,,3.0,3.0,,,0.0,0.0,0.0,0.0,,,,,,,624,CPV,2,3.0,3.0,0
2013,Cabo Verde,0,0,1,1,,,3.0,3.0,,,0.0,0.0,0.0,0.0,,,,,,,624,CPV,2,3.0,3.0,0
2014,Cabo Verde,0,0,1,1,,,3.0,3.0,,,0.0,0.0,0.0,0.0,,,,,,,624,CPV,2,3.0,3.0,0
2015,Cabo Verde,0,0,1,1,,,3.0,3.0,,,0.0,0.0,0.0,0.0,,,,,,,624,CPV,2,3.0,3.0,0
2016,Cabo Verde,0,0,1,1,,,3.0,3.0,,,0.0,0.0,0.0,0.0,,,,,,,624,CPV,2,3.0,3.0,0
2017,Cabo Verde,0,0,1,1,,,3.0,3.0,,,0.0,0.0,0.0,0.0,,,,,,,624,CPV,2,3.0,3.0,0
2018,Cabo Verde,0,0,1,1,,,3.0,3.0,,,0.0,0.0,0.0,0.0,,,,,,,624,CPV,2,3.0,3.0,0
2019,Cabo Verde,0,0,1,1,,,3.0,3.0,,,0.0,0.0,0.0,0.0,,,,,,,624,CPV,2,3.0,3.0,0
2020,Cabo Verde,0,0,1,1,,,3.0,3.0,,,0.0,0.0,0.0,0.0,,,,,,,624,CPV,2,3.0,3.0,0
2021,Cabo Verde,0,0,1,1,,,3.0,3.0,,,0.0,0.0,0.0,0.0,,,,,,,624,CPV,2,3.0,3.0,0
2022,Cabo Verde,0,0,1,1,,,3.0,3.0,,,0.0,0.0,0.0,0.0,,,,,,,624,CPV,2,3.0,3.0,0
2023,Cabo Verde,0,0,1,1,,,3.0,3.0,,,0.0,0.0,0.0,0.0,,,,,,,624,CPV,2,3.0,3.0,0
2024,Cabo Verde,0,0,1,1,,,3.0,3.0,,,0.0,0.0,0.0,0.0,,,,,,,624,CPV,2,3.0,3.0,0
1990,Cambodia,0,0,0,0,,,,,,,,,,,,,,,,,522,KHM,0,,,0
1991,Cambodia,0,0,0,0,,,,,,,,,,,,,,,,,522,KHM,0,,,0
1992,Cambodia,0,0,0,0,,,,,,,,,,,,,,,,,522,KHM,0,,,0
1993,Cambodia,0,0,0,0,,,,,,,,,,,,,,,,,522,KHM,0,,,0
1994,Cambodia,0,0,0,0,,,,,,,,,,,,,,,,,522,KHM,0,,,0
1995,Cambodia,0,0,0,0,,,,,,,,,,,,,,,,,522,KHM,0,,,0
1996,Cambodia,0,0,0,0,,,,,,,,,,,,,,,,,522,KHM,0,,,0
1997,Cambodia,0,0,0,0,,,,,,,,,,,,,,,,,522,KHM,0,,,0
1998,Cambodia,0,0,0,0,,,,,,,,,,,,,,,,,522,KHM,0,,,0
1999,Cambodia,0,0,0,0,,,,,,,,,,,,,,,,,522,KHM,0,,,0
2000,Cambodia,0,0,0,0,,,,,,,,,,,,,,,,,522,KHM,0,,,0
2001,Cambodia,0,0,0,0,,,,,,,,,,,,,,,,,522,KHM,0,,,0
2002,Cambodia,0,0,0,0,,,,,,,,,,,,,,,,,522,KHM,0,,,0
2003,Cambodia,0,0,0,0,,,,,,,,,,,,,,,,,522,KHM,0,,,0
2004,Cambodia,0,0,0,0,,,,,,,,,,,,,,,,,522,KHM,0,,,0
2005,Cambodia,0,0,0,0,,,,,,,,,,,,,,,,,522,KHM,0,,,0
2006,Cambodia,0,0,0,0,,,,,,,,,,,,,,,,,522,KHM,0,,,0
2007,Cambodia,0,0,0,0,,,,,,,,,,,,,,,,,522,KHM,0,,,0
2008,Cambodia,0,0,0,0,,,,,,,,,,,,,,,,,522,KHM,0,,,0
2009,Cambodia,0,0,0,0,,,,,,,,,,,,,,,,,522,KHM,0,,,0
2010,Cambodia,0,0,0,0,,,,,,,,,,,,,,,,,522,KHM,0,,,0
2011,Cambodia,0,0,0,0,,,,,,,,,,,,,,,,,522,KHM,0,,,0
2012,Cambodia,0,0,0,0,,,,,,,,,,,,,,,,,522,KHM,0,,,0
2013,Cambodia,0,0,0,0,,,,,,,,,,,,,,,,,522,KHM,0,,,0
2014,Cambodia,0,0,0,0,,,,,,,,,,,,,,,,,522,KHM,0,,,0
2015,Cambodia,0,0,0,0,,,,,,,,,,,,,,,,,522,KHM,0,,,0
2016,Cambodia,0,0,0,0,,,,,,,,,,,,,,,,,522,KHM,0,,,0
2017,Cambodia,0,0,0,0,,,,,,,,,,,,,,,,,522,KHM,0,,,0
2018,Cambodia,0,0,0,0,,,,,,,,,,,,,,,,,522,KHM,0,,,0
2019,Cambodia,0,0,0,1,,,,1.0,,,,0.0,0.0,0.0,0.0,,,,,1.0,522,KHM,1,1.0,1.0,0
2020,Cambodia,0,0,0,1,,,,1.0,,,,0.0,0.0,0.0,0.0,,,,,1.0,522,KHM,1,1.0,1.0,0
2021,Cambodia,0,0,0,1,,,,1.0,,,,0.0,0.0,0.0,0.0,,,,,1.0,522,KHM,1,1.0,1.0,0
2022,Cambodia,0,0,0,1,,,,1.0,,,,0.0,0.0,0.0,0.0,,,,,1.0,522,KHM,1,1.0,1.0,0
2023,Cambodia,0,0,0,1,,,,1.0,,,,0.0,0.0,0.0,0.0,,,,,1.0,522,KHM,1,1.0,1.0,0
2024,Cambodia,0,0,1,1,,,1.0,1.0,,,0.0,0.0,0.0,0.0,0.0,,,,1.0,1.0,522,KHM,2,1.0,1.0,0
1990,Cameroon,0,0,0,0,,,,,,,,,,,,,,,,,622,CMR,0,,,0
1991,Cameroon,0,0,0,0,,,,,,,,,,,,,,,,,622,CMR,0,,,0
1992,Cameroon,0,0,0,0,,,,,,,,,,,,,,,,,622,CMR,0,,,0
1993,Cameroon,0,0,0,0,,,,,,,,,,,,,,,,,622,CMR,0,,,0
1994,Cameroon,0,0,0,0,,,,,,,,,,,,,,,,,622,CMR,0,,,0
1995,Cameroon,0,0,0,0,,,,,,,,,,,,,,,,,622,CMR,0,,,0
1996,Cameroon,0,0,0,0,,,,,,,,,,,,,,,,,622,CMR,0,,,0
1997,Cameroon,0,0,0,0,,,,,,,,,,,,,,,,,622,CMR,0,,,0
1998,Cameroon,0,0,0,0,,,,,,,,,,,,,,,,,622,CMR,0,,,0
1999,Cameroon,0,0,0,0,,,,,,,,,,,,,,,,,622,CMR,0,,,0
2000,Cameroon,0,0,0,0,,,,,,,,,,,,,,,,,622,CMR,0,,,0
2001,Cameroon,0,0,0,0,,,,,,,,,,,,,,,,,622,CMR,0,,,0
2002,Cameroon,0,0,1,1,,,,,,,,,,,,,,,,,622,CMR,2,,,0
2003,Cameroon,0,0,1,1,,,,,,,,,,,,,,,,,622,CMR,2,,,0
2004,Cameroon,0,0,1,1,,,,,,,,,,,,,,,,,622,CMR,2,,,0
2005,Cameroon,0,0,1,1,,,,,,,,,,,,,,,,,622,CMR,2,,,0
2006,Cameroon,0,0,1,1,,,,,,,,,,,,,,,,,622,CMR,2,,,0
2007,Cameroon,0,0,1,1,,,,,,,,,,,,,,,,,622,CMR,2,,,0
2008,Cameroon,0,0,1,1,,,,,,,,,,,,,,,,,622,CMR,2,,,0
2009,Cameroon,0,0,1,1,,,,,,,,,,,,,,,,,622,CMR,2,,,0
2010,Cameroon,0,0,1,1,,,,,,,,,,,,,,,,,622,CMR,2,,,0
2011,Cameroon,0,0,1,1,,,,,,,,,,,,,,,,,622,CMR,2,,,0
2012,Cameroon,0,0,1,1,,,,,,,,,,,,,,,,,622,CMR,2,,,0
2013,Cameroon,0,0,1,1,,,,,,,,,,,,,,,,,622,CMR,2,,,0
2014,Cameroon,0,0,1,1,,,,,,,,,,,,,,,,,622,CMR,2,,,0
2015,Cameroon,0,0,1,1,,,,,,,,,,,,,,,,,622,CMR,2,,,0
2016,Cameroon,0,0,1,1,,,,,,,,,,,,,,,,,622,CMR,2,,,0
2017,Cameroon,0,0,1,1,,,,,,,,,,,,,,,,,622,CMR,2,,,0
2018,Cameroon,0,0,1,1,,,,,,,,,,,,,,,,,622,CMR,2,,,0
2019,Cameroon,0,0,1,1,,,,,,,,,,,,,,,,,622,CMR,2,,,0
2020,Cameroon,0,0,1,1,,,,,,,,,,,,,,,,,622,CMR,2,,,0
2021,Cameroon,0,0,1,1,,,,,,,,,,,,,,,,,622,CMR,2,,,0
2022,Cameroon,0,0,1,1,,,,,,,,,,,,,,,,,622,CMR,2,,,0
2023,Cameroon,0,0,1,1,,,,,,,,,,,,,,,,,622,CMR,2,,,0
2024,Cameroon,0,0,1,1,,,,,,,,,,,,,,,,,622,CMR,2,,,0
1990,Canada,0,0,0,0,,,,,,,,,,,,,,,,,156,CAN,0,,,0
1991,Canada,0,0,0,0,,,,,,,,,,,,,,,,,156,CAN,0,,,0
1992,Canada,0,0,0,0,,,,,,,,,,,,,,,,,156,CAN,0,,,0
1993,Canada,0,0,0,0,,,,,,,,,,,,,,,,,156,CAN,0,,,0
1994,Canada,0,0,0,0,,,,,,,,,,,,,,,,,156,CAN,0,,,0
1995,Canada,0,0,0,0,,,,,,,,,,,,,,,,,156,CAN,0,,,0
1996,Canada,0,0,0,0,,,,,,,,,,,,,,,,,156,CAN,0,,,0
1997,Canada,0,0,0,0,,,,,,,,,,,,,,,,,156,CAN,0,,,0
1998,Canada,1,0,1,1,1.0,,1.0,1.0,0.0,,0.0,0.0,1.0,1.0,,,1.0,,1.0,1.0,156,CAN,3,1.0,1.0,0
1999,Canada,1,0,1,1,1.0,,1.0,1.0,0.0,,0.0,0.0,1.0,1.0,,,1.0,,1.0,1.0,156,CAN,3,1.0,1.0,0
2000,Canada,1,0,1,1,1.0,,1.0,1.0,0.0,,0.0,0.0,1.0,1.0,,,1.0,,1.0,1.0,156,CAN,3,1.0,1.0,0
2001,Canada,1,0,1,1,1.0,,1.0,1.0,0.0,,0.0,0.0,1.0,1.0,,,1.0,,1.0,1.0,156,CAN,3,1.0,1.0,0
2002,Canada,1,0,1,1,1.0,,1.0,1.0,0.0,,0.0,0.0,1.0,1.0,,,1.0,,1.0,1.0,156,CAN,3,1.0,1.0,0
2003,Canada,1,0,1,1,1.0,,1.0,1.0,0.0,,0.0,0.0,1.0,1.0,,,1.0,,1.0,1.0,156,CAN,3,1.0,1.0,0
2004,Canada,1,0,1,1,1.0,,1.0,1.0,0.0,,0.0,0.0,1.0,1.0,,,1.0,,1.0,1.0,156,CAN,3,1.0,1.0,0
2005,Canada,1,0,1,1,1.0,,1.0,1.0,0.0,,0.0,0.0,1.0,1.0,,,1.0,,1.0,1.0,156,CAN,3,1.0,1.0,0
2006,Canada,0,0,0,0,,,,,,,,,,,,,,,,,156,CAN,0,,,0
2007,Canada,0,0,0,0,,,,,,,,,,,,,,,,,156,CAN,0,,,0
2008,Canada,0,0,0,0,,,,,,,,,,,,,,,,,156,CAN,0,,,0
2009,Canada,0,0,0,0,,,,,,,,,,,,,,,,,156,CAN,0,,,0
2010,Canada,0,0,0,0,,,,,,,,,,,,,,,,,156,CAN,0,,,0
2011,Canada,0,0,0,0,,,,,,,,,,,,,,,,,156,CAN,0,,,0
2012,Canada,0,0,0,0,,,,,,,,,,,,,,,,,156,CAN,0,,,0
2013,Canada,0,0,0,0,,,,,,,,,,,,,,,,,156,CAN,0,,,0
2014,Canada,0,0,0,0,,,,,,,,,,,,,,,,,156,CAN,0,,,0
2015,Canada,0,0,0,0,,,,,,,,,,,,,,,,,156,CAN,0,,,0
2016,Canada,0,0,0,0,,,,,,,,,,,,,,,,,156,CAN,0,,,0
2017,Canada,0,0,0,0,,,,,,,,,,,,,,,,,156,CAN,0,,,0
2018,Canada,0,0,0,0,,,,,,,,,,,,,,,,,156,CAN,0,,,0
2019,Canada,0,0,0,0,,,,,,,,,,,,,,,,,156,CAN,0,,,0
2020,Canada,0,0,0,0,,,,,,,,,,,,,,,,,156,CAN,0,,,0
2021,Canada,0,0,0,0,,,,,,,,,,,,,,,,,156,CAN,0,,,0
2022,Canada,0,0,0,0,,,,,,,,,,,,,,,,,156,CAN,0,,,0
2023,Canada,0,0,0,0,,,,,,,,,,,,,,,,,156,CAN,0,,,0
2024,Canada,0,0,0,0,,,,,,,,,,,,,,,,,156,CAN,0,,,0
1990,Central African Republic,0,0,0,0,,,,,,,,,,,,,,,,,626,CAF,0,,,0
1991,Central African Republic,0,0,0,0,,,,,,,,,,,,,,,,,626,CAF,0,,,0
1992,Central African Republic,0,0,0,0,,,,,,,,,,,,,,,,,626,CAF,0,,,0
1993,Central African Republic,0,0,0,0,,,,,,,,,,,,,,,,,626,CAF,0,,,0
1994,Central African Republic,0,0,0,0,,,,,,,,,,,,,,,,,626,CAF,0,,,0
1995,Central African Republic,0,0,0,0,,,,,,,,,,,,,,,,,626,CAF,0,,,0
1996,Central African Republic,0,0,0,0,,,,,,,,,,,,,,,,,626,CAF,0,,,0
1997,Central African Republic,0,0,0,0,,,,,,,,,,,,,,,,,626,CAF,0,,,0
1998,Central African Republic,0,0,0,0,,,,,,,,,,,,,,,,,626,CAF,0,,,0
1999,Central African Republic,0,0,0,0,,,,,,,,,,,,,,,,,626,CAF,0,,,0
2000,Central African Republic,0,0,0,0,,,,,,,,,,,,,,,,,626,CAF,0,,,0
2001,Central African Republic,0,0,0,0,,,,,,,,,,,,,,,,,626,CAF,0,,,0
2002,Central African Republic,0,0,1,1,,,,,,,,,,,,,,,,,626,CAF,2,,,0
2003,Central African Republic,0,0,1,1,,,,,,,,,,,,,,,,,626,CAF,2,,,0
2004,Central African Republic,0,0,1,1,,,,,,,,,,,,,,,,,626,CAF,2,,,0
2005,Central African Republic,0,0,1,1,,,,,,,,,,,,,,,,,626,CAF,2,,,0
2006,Central African Republic,0,0,1,1,,,,,,,,,,,,,,,,,626,CAF,2,,,0
2007,Central African Republic,0,0,1,1,,,,,,,,,,,,,,,,,626,CAF,2,,,0
2008,Central African Republic,0,0,1,1,,,,,,,,,,,,,,,,,626,CAF,2,,,0
2009,Central African Republic,0,0,1,1,,,,,,,,,,,,,,,,,626,CAF,2,,,0
2010,Central African Republic,0,0,1,1,,,,,,,,,,,,,,,,,626,CAF,2,,,0
2011,Central African Republic,0,0,1,1,,,,,,,,,,,,,,,,,626,CAF,2,,,0
2012,Central African Republic,0,0,1,1,,,,,,,,,,,,,,,,,626,CAF,2,,,0
2013,Central African Republic,0,0,1,1,,,,,,,,,,,,,,,,,626,CAF,2,,,0
2014,Central African Republic,0,0,1,1,,,,,,,,,,,,,,,,,626,CAF,2,,,0
2015,Central African Republic,0,0,1,1,,,,,,,,,,,,,,,,,626,CAF,2,,,0
2016,Central African Republic,0,0,1,1,,,,,,,,,,,,,,,,,626,CAF,2,,,0
2017,Central African Republic,0,0,1,1,,,,,,,,,,,,,,,,,626,CAF,2,,,0
2018,Central African Republic,0,0,1,1,,,,,,,,,,,,,,,,,626,CAF,2,,,0
2019,Central African Republic,0,0,1,1,,,,,,,,,,,,,,,,,626,CAF,2,,,0
2020,Central African Republic,0,0,1,1,,,,,,,,,,,,,,,,,626,CAF,2,,,0
2021,Central African Republic,0,0,1,1,,,,,,,,,,,,,,,,,626,CAF,2,,,0
2022,Central African Republic,0,0,1,1,,,,,,,,,,,,,,,,,626,CAF,2,,,0
2023,Central African Republic,0,0,1,1,,,,,,,,,,,,,,,,,626,CAF,2,,,0
2024,Central African Republic,0,0,1,1,,,,,,,,,,,,,,,,,626,CAF,2,,,0
1990,Chad,0,0,0,0,,,,,,,,,,,,,,,,,628,TCD,0,,,0
1991,Chad,0,0,0,0,,,,,,,,,,,,,,,,,628,TCD,0,,,0
1992,Chad,0,0,0,0,,,,,,,,,,,,,,,,,628,TCD,0,,,0
1993,Chad,0,0,0,0,,,,,,,,,,,,,,,,,628,TCD,0,,,0
1994,Chad,0,0,0,0,,,,,,,,,,,,,,,,,628,TCD,0,,,0
1995,Chad,0,0,0,0,,,,,,,,,,,,,,,,,628,TCD,0,,,0
1996,Chad,0,0,0,0,,,,,,,,,,,,,,,,,628,TCD,0,,,0
1997,Chad,0,0,0,0,,,,,,,,,,,,,,,,,628,TCD,0,,,0
1998,Chad,0,0,0,0,,,,,,,,,,,,,,,,,628,TCD,0,,,0
1999,Chad,0,0,0,0,,,,,,,,,,,,,,,,,628,TCD,0,,,0
2000,Chad,0,0,0,0,,,,,,,,,,,,,,,,,628,TCD,0,,,0
2001,Chad,0,0,0,0,,,,,,,,,,,,,,,,,628,TCD,0,,,0
2002,Chad,0,0,1,1,,,,,,,,,,,,,,,,,628,TCD,2,,,0
2003,Chad,0,0,1,1,,,,,,,,,,,,,,,,,628,TCD,2,,,0
2004,Chad,0,0,1,1,,,,,,,,,,,,,,,,,628,TCD,2,,,0
2005,Chad,0,0,1,1,,,,,,,,,,,,,,,,,628,TCD,2,,,0
2006,Chad,0,0,1,1,,,,,,,,,,,,,,,,,628,TCD,2,,,0
2007,Chad,0,0,1,1,,,,,,,,,,,,,,,,,628,TCD,2,,,0
2008,Chad,0,0,1,1,,,,,,,,,,,,,,,,,628,TCD,2,,,0
2009,Chad,0,0,1,1,,,,,,,,,,,,,,,,,628,TCD,2,,,0
2010,Chad,0,0,1,1,,,,,,,,,,,,,,,,,628,TCD,2,,,0
2011,Chad,0,0,1,1,,,,,,,,,,,,,,,,,628,TCD,2,,,0
2012,Chad,0,0,1,1,,,,,,,,,,,,,,,,,628,TCD,2,,,0
2013,Chad,0,0,1,1,,,,,,,,,,,,,,,,,628,TCD,2,,,0
2014,Chad,0,0,1,1,,,,,,,,,,,,,,,,,628,TCD,2,,,0
2015,Chad,0,0,1,1,,,,,,,,,,,,,,,,,628,TCD,2,,,0
2016,Chad,0,0,1,1,,,,,,,,,,,,,,,,,628,TCD,2,,,0
2017,Chad,0,0,1,1,,,,,,,,,,,,,,,,,628,TCD,2,,,0
2018,Chad,0,0,1,1,,,,,,,,,,,,,,,,,628,TCD,2,,,0
2019,Chad,0,0,1,1,,,,,,,,,,,,,,,,,628,TCD,2,,,0
2020,Chad,0,0,1,1,,,,,,,,,,,,,,,,,628,TCD,2,,,0
2021,Chad,0,0,1,1,,,,,,,,,,,,,,,,,628,TCD,2,,,0
2022,Chad,0,0,1,1,,,,,,,,,,,,,,,,,628,TCD,2,,,0
2023,Chad,0,0,1,1,,,,,,,,,,,,,,,,,628,TCD,2,,,0
2024,Chad,0,0,1,1,,,,,,,,,,,,,,,,,628,TCD,2,,,0
1990,Chile,0,0,0,0,,,,,,,,,,,,,,,,,228,CHL,0,,,0
1991,Chile,0,0,0,0,,,,,,,,,,,,,,,,,228,CHL,0,,,0
1992,Chile,0,0,0,0,,,,,,,,,,,,,,,,,228,CHL,0,,,0
1993,Chile,0,0,0,0,,,,,,,,,,,,,,,,,228,CHL,0,,,0
1994,Chile,0,0,0,0,,,,,,,,,,,,,,,,,228,CHL,0,,,0
1995,Chile,0,0,0,0,,,,,,,,,,,,,,,,,228,CHL,0,,,0
1996,Chile,0,0,0,0,,,,,,,,,,,,,,,,,228,CHL,0,,,0
1997,Chile,0,0,0,0,,,,,,,,,,,,,,,,,228,CHL,0,,,0
1998,Chile,0,0,0,0,,,,,,,,,,,,,,,,,228,CHL,0,,,0
1999,Chile,0,0,0,0,,,,,,,,,,,,,,,,,228,CHL,0,,,0
2000,Chile,0,0,0,0,,,,,,,,,,,,,,,,,228,CHL,0,,,0
2001,Chile,0,0,1,0,,,1.0,,,,0.0,,1.0,0.0,1.0,,,,1.0,,228,CHL,1,1.0,1.0,0
2002,Chile,0,0,1,0,,,1.0,,,,0.0,,1.0,0.0,1.0,,,,1.0,,228,CHL,1,1.0,1.0,0
2003,Chile,0,0,1,0,,,1.0,,,,0.0,,1.0,0.0,1.0,,,,1.0,,228,CHL,1,1.0,1.0,0
2004,Chile,0,0,1,0,,,1.0,,,,0.0,,1.0,0.0,1.0,,,,1.0,,228,CHL,1,1.0,1.0,0
2005,Chile,0,0,1,0,,,1.0,,,,0.0,,1.0,0.0,1.0,,,,1.0,,228,CHL,1,1.0,1.0,0
2006,Chile,0,0,1,0,,,3.0,,,,0.0,,1.0,0.0,1.0,,,,1.0,,228,CHL,1,3.0,3.0,0
2007,Chile,0,0,1,0,,,3.0,,,,0.0,,1.0,0.0,1.0,,,,1.0,,228,CHL,1,3.0,3.0,0
2008,Chile,0,0,1,0,,,3.0,,,,0.0,,1.0,0.0,1.0,,,,0.0,,228,CHL,1,3.0,3.0,0
2009,Chile,0,0,1,0,,,3.0,,,,0.0,,1.0,0.0,1.0,,,,0.0,,228,CHL,1,3.0,3.0,0
2010,Chile,0,0,1,0,,,3.0,,,,0.0,,1.0,0.0,1.0,,,,0.0,,228,CHL,1,3.0,3.0,0
2011,Chile,0,0,1,0,,,3.0,,,,0.0,,1.0,0.0,1.0,,,,0.0,,228,CHL,1,3.0,3.0,0
2012,Chile,0,0,1,0,,,3.0,,,,0.0,,1.0,0.0,1.0,,,,0.0,,228,CHL,1,3.0,3.0,0
2013,Chile,0,0,1,0,,,3.0,,,,0.0,,1.0,1.0,1.0,,,,0.0,,228,CHL,1,3.0,3.0,0
2014,Chile,0,0,1,0,,,3.0,,,,0.0,,1.0,1.0,1.0,,,,1.0,,228,CHL,1,3.0,3.0,0
2015,Chile,0,0,1,0,,,3.0,,,,0.0,,1.0,1.0,1.0,,,,1.0,,228,CHL,1,3.0,3.0,0
2016,Chile,0,0,1,0,,,3.0,,,,0.0,,1.0,1.0,1.0,,,,0.0,,228,CHL,1,3.0,3.0,0
2017,Chile,0,0,1,0,,,3.0,,,,0.0,,1.0,1.0,1.0,,,,0.0,,228,CHL,1,3.0,3.0,0
2018,Chile,0,0,1,0,,,3.0,,,,0.0,,1.0,1.0,1.0,,,,1.0,,228,CHL,1,3.0,3.0,0
2019,Chile,0,0,1,0,,,3.0,,,,0.0,,1.0,1.0,1.0,,,,1.0,,228,CHL,1,3.0,3.0,0
2020,Chile,0,0,1,0,,,3.0,,,,0.0,,1.0,1.0,1.0,,,,0.0,,228,CHL,1,3.0,3.0,0
2021,Chile,0,0,1,0,,,3.0,,,,0.0,,1.0,1.0,1.0,,,,0.0,,228,CHL,1,3.0,3.0,0
2022,Chile,0,0,1,1,,,3.0,3.0,,,0.0,,1.0,1.0,1.0,,,,1.0,1.0,228,CHL,2,3.0,3.0,0
2023,Chile,0,0,1,1,,,3.0,3.0,,,0.0,,1.0,1.0,1.0,,,,1.0,1.0,228,CHL,2,3.0,3.0,0
2024,Chile,0,0,1,1,,,3.0,3.0,,,1.0,1.0,1.0,1.0,1.0,,,,1.0,1.0,228,CHL,2,3.0,3.0,1
1990,Colombia,0,0,0,0,,,,,,,,,,,,,,,,,233,COL,0,,,0
1991,Colombia,0,0,0,0,,,,,,,,,,,,,,,,,233,COL,0,,,0
1992,Colombia,0,0,0,0,,,,,,,,,,,,,,,,,233,COL,0,,,0
1993,Colombia,0,0,0,0,,,,,,,,,,,,,,,,,233,COL,0,,,0
1994,Colombia,0,0,0,0,,,,,,,,,,,,,,,,,233,COL,0,,,0
1995,Colombia,0,0,0,0,,,,,,,,,,,,,,,,,233,COL,0,,,0
1996,Colombia,0,0,0,0,,,,,,,,,,,,,,,,,233,COL,0,,,0
1997,Colombia,0,0,0,0,,,,,,,,,,,,,,,,,233,COL,0,,,0
1998,Colombia,0,0,0,0,,,,,,,,,,,,,,,,,233,COL,0,,,0
1999,Colombia,0,0,0,0,,,,,,,,,,,,,,,,,233,COL,0,,,0
2000,Colombia,1,0,0,0,3.0,,,,0.0,,,,0.0,0.0,,,,,,,233,COL,1,3.0,3.0,0
2001,Colombia,1,0,0,0,3.0,,,,0.0,,,,0.0,0.0,,,,,,,233,COL,1,3.0,3.0,0
2002,Colombia,1,0,0,0,3.0,,,,0.0,,,,0.0,0.0,,,,,,,233,COL,1,3.0,3.0,0
2003,Colombia,1,0,0,0,3.0,,,,0.0,,,,0.0,0.0,,,,,,,233,COL,1,3.0,3.0,0
2004,Colombia,1,0,0,0,3.0,,,,0.0,,,,0.0,0.0,,,,,,,233,COL,1,3.0,3.0,0
2005,Colombia,1,0,0,0,3.0,,,,0.0,,,,0.0,0.0,,,,,,,233,COL,1,3.0,3.0,0
2006,Colombia,1,0,0,0,3.0,,,,0.0,,,,0.0,0.0,,,,,,,233,COL,1,3.0,3.0,0
2007,Colombia,1,0,0,0,3.0,,,,0.0,,,,0.0,0.0,,,,,,,233,COL,1,3.0,3.0,0
2008,Colombia,1,0,0,0,3.0,,,,0.0,,,,0.0,0.0,,,,,,,233,COL,1,3.0,3.0,0
2009,Colombia,1,0,0,0,3.0,,,,0.0,,,,0.0,0.0,,,,,,,233,COL,1,3.0,3.0,0
2010,Colombia,1,0,0,0,3.0,,,,0.0,,,,0.0,0.0,,,,,,,233,COL,1,3.0,3.0,0
2011,Colombia,1,0,1,0,3.0,,3.0,,0.0,,0.0,,0.0,0.0,,,,,,,233,COL,2,3.0,3.0,0
2012,Colombia,1,0,1,0,3.0,,3.0,,0.0,,0.0,,0.0,0.0,,,,,,,233,COL,2,3.0,3.0,0
2013,Colombia,1,0,1,0,3.0,,3.0,,0.0,,0.0,,0.0,0.0,,,,,,,233,COL,2,3.0,3.0,0
2014,Colombia,1,0,1,0,3.0,,3.0,,0.0,,0.0,,0.0,0.0,,,,,,,233,COL,2,3.0,3.0,0
2015,Colombia,1,0,1,0,3.0,,3.0,,0.0,,0.0,,0.0,0.0,,,,,,,233,COL,2,3.0,3.0,0
2016,Colombia,1,0,1,0,3.0,,3.0,,0.0,,0.0,,0.0,0.0,,,,,,,233,COL,2,3.0,3.0,0
2017,Colombia,1,0,1,0,3.0,,3.0,,0.0,,0.0,,0.0,0.0,,,,,,,233,COL,2,3.0,3.0,0
2018,Colombia,1,0,1,0,3.0,,3.0,,0.0,,0.0,,0.0,0.0,,,,,,,233,COL,2,3.0,3.0,0
2019,Colombia,1,0,1,0,3.0,,3.0,,0.0,,0.0,,0.0,0.0,,,,,,,233,COL,2,3.0,3.0,0
2020,Colombia,1,0,1,0,3.0,,3.0,,0.0,,0.0,,0.0,0.0,1.0,,,,,,233,COL,2,3.0,3.0,0
2021,Colombia,1,0,1,1,3.0,,3.0,,0.0,,0.0,,0.0,1.0,1.0,,,,,,233,COL,3,3.0,3.0,0
2022,Colombia,1,0,1,1,3.0,,3.0,,0.0,,0.0,,0.0,1.0,1.0,,,,,,233,COL,3,3.0,3.0,0
2023,Colombia,1,0,1,1,3.0,,3.0,,0.0,,0.0,,0.0,1.0,1.0,,,,,,233,COL,3,3.0,3.0,0
2024,Colombia,1,0,1,1,3.0,,3.0,,0.0,,0.0,,0.0,1.0,1.0,,,,,1.0,233,COL,3,3.0,3.0,0
1990,"Congo, Democratic Republic of",0,0,0,0,,,,,,,,,,,,,,,,,636,COD,0,,,0
1991,"Congo, Democratic Republic of",0,0,0,0,,,,,,,,,,,,,,,,,636,COD,0,,,0
1992,"Congo, Democratic Republic of",0,0,0,0,,,,,,,,,,,,,,,,,636,COD,0,,,0
1993,"Congo, Democratic Republic of",0,0,0,0,,,,,,,,,,,,,,,,,636,COD,0,,,0
1994,"Congo, Democratic Republic of",0,0,0,0,,,,,,,,,,,,,,,,,636,COD,0,,,0
1995,"Congo, Democratic Republic of",0,0,0,0,,,,,,,,,,,,,,,,,636,COD,0,,,0
1996,"Congo, Democratic Republic of",0,0,0,0,,,,,,,,,,,,,,,,,636,COD,0,,,0
1997,"Congo, Democratic Republic of",0,0,0,0,,,,,,,,,,,,,,,,,636,COD,0,,,0
1998,"Congo, Democratic Republic of",0,0,0,0,,,,,,,,,,,,,,,,,636,COD,0,,,0
1999,"Congo, Democratic Republic of",0,0,0,0,,,,,,,,,,,,,,,,,636,COD,0,,,0
2000,"Congo, Democratic Republic of",0,0,0,0,,,,,,,,,,,,,,,,,636,COD,0,,,0
2001,"Congo, Democratic Republic of",0,0,0,0,,,,,,,,,,,,,,,,,636,COD,0,,,0
2002,"Congo, Democratic Republic of",0,0,0,0,,,,,,,,,,,,,,,,,636,COD,0,,,0
2003,"Congo, Democratic Republic of",0,0,0,0,,,,,,,,,,,,,,,,,636,COD,0,,,0
2004,"Congo, Democratic Republic of",0,0,0,0,,,,,,,,,,,,,,,,,636,COD,0,,,0
2005,"Congo, Democratic Republic of",0,0,0,0,,,,,,,,,,,,,,,,,636,COD,0,,,0
2006,"Congo, Democratic Republic of",0,0,0,0,,,,,,,,,,,,,,,,,636,COD,0,,,0
2007,"Congo, Democratic Republic of",0,0,0,0,,,,,,,,,,,,,,,,,636,COD,0,,,0
2008,"Congo, Democratic Republic of",0,0,0,0,,,,,,,,,,,,,,,,,636,COD,0,,,0
2009,"Congo, Democratic Republic of",0,0,0,0,,,,,,,,,,,,,,,,,636,COD,0,,,0
2010,"Congo, Democratic Republic of",0,0,0,0,,,,,,,,,,,,,,,,,636,COD,0,,,0
2011,"Congo, Democratic Republic of",0,0,0,0,,,,,,,,,,,,,,,,,636,COD,0,,,0
2012,"Congo, Democratic Republic of",0,0,0,0,,,,,,,,,,,,,,,,,636,COD,0,,,0
2013,"Congo, Democratic Republic of",0,0,0,0,,,,,,,,,,,,,,,,,636,COD,0,,,0
2014,"Congo, Democratic Republic of",0,0,0,0,,,,,,,,,,,,,,,,,636,COD,0,,,0
2015,"Congo, Democratic Republic of",0,0,0,0,,,,,,,,,,,,,,,,,636,COD,0,,,0
2016,"Congo, Democratic Republic of",0,0,0,0,,,,,,,,,,,,,,,,,636,COD,0,,,0
2017,"Congo, Democratic Republic of",0,0,0,0,,,,,,,,,,,,,,,,,636,COD,0,,,0
2018,"Congo, Democratic Republic of",0,0,0,0,,,,,,,,,,,,,,,,,636,COD,0,,,0
2019,"Congo, Democratic Republic of",0,0,0,0,,,,,,,,,,,,,,,,,636,COD,0,,,0
2020,"Congo, Democratic Republic of",0,0,0,0,,,,,,,,,,,,,,,,,636,COD,0,,,0
2021,"Congo, Democratic Republic of",0,0,0,0,,,,,,,,,,,,,,,,,636,COD,0,,,0
2022,"Congo, Democratic Republic of",0,0,0,0,,,,,,,,,,,,,,,,,636,COD,0,,,0
2023,"Congo, Democratic Republic of",0,0,1,1,,,,,,,,,,,,,,,,,636,COD,2,,,0
2024,"Congo, Democratic Republic of",0,0,1,1,,,,,,,,,,,,,,,,,636,COD,2,,,0
1990,"Congo, Republic of",0,0,0,0,,,,,,,,,,,,,,,,,634,COG,0,,,0
1991,"Congo, Republic of",0,0,0,0,,,,,,,,,,,,,,,,,634,COG,0,,,0
1992,"Congo, Republic of",0,0,0,0,,,,,,,,,,,,,,,,,634,COG,0,,,0
1993,"Congo, Republic of",0,0,0,0,,,,,,,,,,,,,,,,,634,COG,0,,,0
1994,"Congo, Republic of",0,0,0,0,,,,,,,,,,,,,,,,,634,COG,0,,,0
1995,"Congo, Republic of",0,0,0,0,,,,,,,,,,,,,,,,,634,COG,0,,,0
1996,"Congo, Republic of",0,0,0,0,,,,,,,,,,,,,,,,,634,COG,0,,,0
1997,"Congo, Republic of",0,0,0,0,,,,,,,,,,,,,,,,,634,COG,0,,,0
1998,"Congo, Republic of",0,0,0,0,,,,,,,,,,,,,,,,,634,COG,0,,,0
1999,"Congo, Republic of",0,0,0,0,,,,,,,,,,,,,,,,,634,COG,0,,,0
2000,"Congo, Republic of",0,0,0,0,,,,,,,,,,,,,,,,,634,COG,0,,,0
2001,"Congo, Republic of",0,0,0,0,,,,,,,,,,,,,,,,,634,COG,0,,,0
2002,"Congo, Republic of",0,0,1,1,,,,,,,,,,,,,,,,,634,COG,2,,,0
2003,"Congo, Republic of",0,0,1,1,,,,,,,,,,,,,,,,,634,COG,2,,,0
2004,"Congo, Republic of",0,0,1,1,,,,,,,,,,,,,,,,,634,COG,2,,,0
2005,"Congo, Republic of",0,0,1,1,,,,,,,,,,,,,,,,,634,COG,2,,,0
2006,"Congo, Republic of",0,0,1,1,,,,,,,,,,,,,,,,,634,COG,2,,,0
2007,"Congo, Republic of",0,0,1,1,,,,,,,,,,,,,,,,,634,COG,2,,,0
2008,"Congo, Republic of",0,0,1,1,,,,,,,,,,,,,,,,,634,COG,2,,,0
2009,"Congo, Republic of",0,0,1,1,,,,,,,,,,,,,,,,,634,COG,2,,,0
2010,"Congo, Republic of",0,0,1,1,,,,,,,,,,,,,,,,,634,COG,2,,,0
2011,"Congo, Republic of",0,0,1,1,,,,,,,,,,,,,,,,,634,COG,2,,,0
2012,"Congo, Republic of",0,0,1,1,,,,,,,,,,,,,,,,,634,COG,2,,,0
2013,"Congo, Republic of",0,0,1,1,,,,,,,,,,,,,,,,,634,COG,2,,,0
2014,"Congo, Republic of",0,0,1,1,,,,,,,,,,,,,,,,,634,COG,2,,,0
2015,"Congo, Republic of",0,0,1,1,,,,,,,,,,,,,,,,,634,COG,2,,,0
2016,"Congo, Republic of",0,0,1,1,,,,,,,,,,,,,,,,,634,COG,2,,,0
2017,"Congo, Republic of",0,0,1,1,,,,,,,,,,,,,,,,,634,COG,2,,,0
2018,"Congo, Republic of",0,0,1,1,,,,,,,,,,,,,,,,,634,COG,2,,,0
2019,"Congo, Republic of",0,0,1,1,,,,,,,,,,,,,,,,,634,COG,2,,,0
2020,"Congo, Republic of",0,0,1,1,,,,,,,,,,,,,,,,,634,COG,2,,,0
2021,"Congo, Republic of",0,0,1,1,,,,,,,,,,,,,,,,,634,COG,2,,,0
2022,"Congo, Republic of",0,0,1,1,,,,,,,,,,,,,,,,,634,COG,2,,,0
2023,"Congo, Republic of",0,0,1,1,,,,,,,,,,,,,,,,,634,COG,2,,,0
2024,"Congo, Republic of",0,0,1,1,,,,,,,,,,,,,,,,,634,COG,2,,,0
1990,Costa Rica,0,0,0,0,,,,,,,,,,,,,,,,,238,CRI,0,,,0
1991,Costa Rica,0,0,0,0,,,,,,,,,,,,,,,,,238,CRI,0,,,0
1992,Costa Rica,0,0,0,0,,,,,,,,,,,,,,,,,238,CRI,0,,,0
1993,Costa Rica,0,0,0,0,,,,,,,,,,,,,,,,,238,CRI,0,,,0
1994,Costa Rica,0,0,0,0,,,,,,,,,,,,,,,,,238,CRI,0,,,0
1995,Costa Rica,0,0,0,0,,,,,,,,,,,,,,,,,238,CRI,0,,,0
1996,Costa Rica,0,0,0,0,,,,,,,,,,,,,,,,,238,CRI,0,,,0
1997,Costa Rica,0,0,0,0,,,,,,,,,,,,,,,,,238,CRI,0,,,0
1998,Costa Rica,0,0,0,0,,,,,,,,,,,,,,,,,238,CRI,0,,,0
1999,Costa Rica,0,0,0,0,,,,,,,,,,,,,,,,,238,CRI,0,,,0
2000,Costa Rica,0,0,0,0,,,,,,,,,,,,,,,,,238,CRI,0,,,0
2001,Costa Rica,0,0,1,0,,,3.0,,,,0.0,,0.0,0.0,,,,,,,238,CRI,1,3.0,3.0,0
2002,Costa Rica,0,0,1,0,,,3.0,,,,0.0,,0.0,0.0,,,,,,,238,CRI,1,3.0,3.0,0
2003,Costa Rica,0,0,1,0,,,3.0,,,,0.0,,0.0,0.0,,,,,,,238,CRI,1,3.0,3.0,0
2004,Costa Rica,0,0,1,0,,,3.0,,,,0.0,,0.0,0.0,,,,,,,238,CRI,1,3.0,3.0,0
2005,Costa Rica,0,0,1,0,,,3.0,,,,0.0,,0.0,0.0,,,,,,,238,CRI,1,3.0,3.0,0
2006,Costa Rica,0,0,1,0,,,3.0,,,,0.0,,0.0,0.0,,,,,,,238,CRI,1,3.0,3.0,0
2007,Costa Rica,0,0,1,0,,,3.0,,,,0.0,,0.0,0.0,,,,,,,238,CRI,1,3.0,3.0,0
2008,Costa Rica,0,0,1,0,,,3.0,,,,0.0,,0.0,0.0,,,,,,,238,CRI,1,3.0,3.0,0
2009,Costa Rica,0,0,1,0,,,3.0,,,,0.0,,0.0,0.0,,,,,,,238,CRI,1,3.0,3.0,0
2010,Costa Rica,0,0,1,0,,,3.0,,,,0.0,,0.0,0.0,,,,,,,238,CRI,1,3.0,3.0,0
2011,Costa Rica,0,0,1,0,,,3.0,,,,0.0,,0.0,0.0,,,,,,,238,CRI,1,3.0,3.0,0
2012,Costa Rica,0,0,1,0,,,3.0,,,,0.0,,0.0,0.0,,,,,,,238,CRI,1,3.0,3.0,0
2013,Costa Rica,0,0,1,0,,,3.0,,,,0.0,,0.0,0.0,,,,,,,238,CRI,1,3.0,3.0,0
2014,Costa Rica,0,0,1,0,,,3.0,,,,0.0,,0.0,0.0,,,,,,,238,CRI,1,3.0,3.0,0
2015,Costa Rica,0,0,1,0,,,3.0,,,,0.0,,0.0,0.0,,,,,,,238,CRI,1,3.0,3.0,0
2016,Costa Rica,0,0,1,0,,,3.0,,,,0.0,,0.0,0.0,,,,,,,238,CRI,1,3.0,3.0,0
2017,Costa Rica,0,0,1,0,,,3.0,,,,0.0,,0.0,0.0,,,,,,,238,CRI,1,3.0,3.0,0
2018,Costa Rica,0,0,1,0,,,3.0,,,,0.0,,0.0,0.0,,1.0,,,,,238,CRI,1,3.0,3.0,0
2019,Costa Rica,0,0,1,0,,,3.0,,,,0.0,,0.0,0.0,,1.0,,,,,238,CRI,1,3.0,3.0,0
2020,Costa Rica,1,0,1,0,3.0,,3.0,,1.0,,0.0,,0.0,0.0,1.0,1.0,,,,,238,CRI,2,3.0,3.0,1
2021,Costa Rica,1,0,1,0,3.0,,3.0,,1.0,,0.0,,0.0,0.0,1.0,1.0,0.0,,,,238,CRI,2,3.0,3.0,1
2022,Costa Rica,1,0,1,0,3.0,,3.0,,1.0,,0.0,,0.0,0.0,1.0,1.0,1.0,,,,238,CRI,2,3.0,3.0,1
2023,Costa Rica,1,0,1,0,3.0,,3.0,,1.0,,0.0,,0.0,0.0,1.0,1.0,1.0,,,,238,CRI,2,3.0,3.0,1
2024,Costa Rica,1,0,1,0,3.0,,3.0,,1.0,,0.0,,0.0,0.0,1.0,1.0,,,,,238,CRI,2,3.0,3.0,1
1990,Croatia,0,0,0,0,,,,,,,,,,,,,,,,,960,HRV,0,,,0
1991,Croatia,0,0,0,0,,,,,,,,,,,,,,,,,960,HRV,0,,,0
1992,Croatia,0,0,0,0,,,,,,,,,,,,,,,,,960,HRV,0,,,0
1993,Croatia,0,0,0,0,,,,,,,,,,,,,,,,,960,HRV,0,,,0
1994,Croatia,0,0,0,0,,,,,,,,,,,,,,,,,960,HRV,0,,,0
1995,Croatia,0,0,0,0,,,,,,,,,,,,,,,,,960,HRV,0,,,0
1996,Croatia,0,0,0,0,,,,,,,,,,,,,,,,,960,HRV,0,,,0
1997,Croatia,0,0,0,0,,,,,,,,,,,,,,,,,960,HRV,0,,,0
1998,Croatia,0,0,0,0,,,,,,,,,,,,,,,,,960,HRV,0,,,0
1999,Croatia,0,0,0,0,,,,,,,,,,,,,,,,,960,HRV,0,,,0
2000,Croatia,0,0,0,0,,,,,,,,,,,,,,,,,960,HRV,0,,,0
2001,Croatia,0,0,0,0,,,,,,,,,,,,,,,,,960,HRV,0,,,0
2002,Croatia,0,0,0,0,,,,,,,,,,,,,,,,,960,HRV,0,,,0
2003,Croatia,0,0,0,0,,,,,,,,,,,,,,,,,960,HRV,0,,,0
2004,Croatia,0,0,0,0,,,,,,,,,,,,,,,,,960,HRV,0,,,0
2005,Croatia,0,0,0,0,,,,,,,,,,,,,,,,,960,HRV,0,,,0
2006,Croatia,0,0,0,0,,,,,,,,,,,,,,,,,960,HRV,0,,,0
2007,Croatia,0,0,0,0,,,,,,,,,,,,,,,,,960,HRV,0,,,0
2008,Croatia,0,0,0,0,,,,,,,,,,,,,,,,,960,HRV,0,,,0
2009,Croatia,0,0,0,1,,,,3.0,,,,,,,,,,,,,960,HRV,1,3.0,3.0,0
2010,Croatia,0,0,0,1,,,,3.0,,,,,,,,,,,,,960,HRV,1,3.0,3.0,0
2011,Croatia,0,0,0,1,,,,3.0,,,,,,,,,,,,,960,HRV,1,3.0,3.0,0
2012,Croatia,1,0,1,1,3.0,,3.0,3.0,,,,,,1.0,,,,,,,960,HRV,3,3.0,3.0,0
2013,Croatia,1,0,1,1,3.0,,3.0,3.0,,,,,,1.0,,,,,,,960,HRV,3,3.0,3.0,0
2014,Croatia,1,0,1,1,3.0,,3.0,3.0,,,,,,1.0,,,,,0.0,0.0,960,HRV,3,3.0,3.0,0
2015,Croatia,1,0,1,1,3.0,,3.0,3.0,,,,,,1.0,,,0.0,,0.0,0.0,960,HRV,3,3.0,3.0,0
2016,Croatia,1,0,1,1,3.0,,3.0,3.0,,,,,,1.0,,,0.0,,0.0,0.0,960,HRV,3,3.0,3.0,0
2017,Croatia,1,0,1,1,3.0,,3.0,3.0,,,,,,1.0,,,,,1.0,0.0,960,HRV,3,3.0,3.0,0
2018,Croatia,1,0,1,1,3.0,,3.0,3.0,,,,,,1.0,0.0,,1.0,,1.0,1.0,960,HRV,3,3.0,3.0,0
2019,Croatia,1,0,1,1,3.0,,3.0,3.0,,,,,,1.0,0.0,,1.0,,1.0,0.0,960,HRV,3,3.0,3.0,0
2020,Croatia,1,0,1,1,3.0,,3.0,3.0,,,,,,1.0,0.0,,,,,,960,HRV,3,3.0,3.0,0
2021,Croatia,1,0,1,1,3.0,,3.0,3.0,,,,,0.0,1.0,0.0,,,,,,960,HRV,3,3.0,3.0,0
2022,Croatia,1,0,1,1,3.0,,3.0,3.0,,,,,0.0,1.0,0.0,,,,,,960,HRV,3,3.0,3.0,0
2023,Croatia,1,0,1,1,3.0,,3.0,3.0,,,,,0.0,1.0,0.0,,,,,,960,HRV,3,3.0,3.0,0
2024,Croatia,1,0,1,1,3.0,,3.0,3.0,,,,,0.0,1.0,0.0,,1.0,,,1.0,960,HRV,3,3.0,3.0,0
1990,Cyprus,0,0,0,0,,,,,,,,,,,,,,,,,423,CYP,0,,,0
1991,Cyprus,0,0,0,0,,,,,,,,,,,,,,,,,423,CYP,0,,,0
1992,Cyprus,0,0,0,0,,,,,,,,,,,,,,,,,423,CYP,0,,,0
1993,Cyprus,0,0,0,0,,,,,,,,,,,,,,,,,423,CYP,0,,,0
1994,Cyprus,0,0,0,0,,,,,,,,,,,,,,,,,423,CYP,0,,,0
1995,Cyprus,0,0,0,0,,,,,,,,,,,,,,,,,423,CYP,0,,,0
1996,Cyprus,0,0,0,0,,,,,,,,,,,,,,,,,423,CYP,0,,,0
1997,Cyprus,0,0,0,0,,,,,,,,,,,,,,,,,423,CYP,0,,,0
1998,Cyprus,0,0,0,0,,,,,,,,,,,,,,,,,423,CYP,0,,,0
1999,Cyprus,0,0,0,0,,,,,,,,,,,,,,,,,423,CYP,0,,,0
2000,Cyprus,0,0,0,0,,,,,,,,,,,,,,,,,423,CYP,0,,,0
2001,Cyprus,0,0,0,0,,,,,,,,,,,,,,,,,423,CYP,0,,,0
2002,Cyprus,0,0,0,0,,,,,,,,,,,,,,,,,423,CYP,0,,,0
2003,Cyprus,0,0,0,0,,,,,,,,,,,,,,,,,423,CYP,0,,,0
2004,Cyprus,0,0,1,1,,,,,,,,,,,0.0,,,,,,423,CYP,2,,,0
2005,Cyprus,0,0,1,1,,,,,,,,,,,0.0,,,,,,423,CYP,2,,,0
2006,Cyprus,0,0,1,1,,,,,,,,,,,0.0,,,,,,423,CYP,2,,,0
2007,Cyprus,0,0,1,1,,,,,,,,,,,0.0,,,,,,423,CYP,2,,,0
2008,Cyprus,0,0,1,1,,,,,,,,,,,0.0,,,,,,423,CYP,2,,,0
2009,Cyprus,0,0,1,1,,,,,,,,,,,0.0,,,,,,423,CYP,2,,,0
2010,Cyprus,0,0,1,1,,,,,,,,,,,0.0,,,,,,423,CYP,2,,,0
2011,Cyprus,0,0,1,1,,,,,,,,,,,0.0,,,,,,423,CYP,2,,,0
2012,Cyprus,1,0,1,1,,,,,,,,,,,0.0,,,,,,423,CYP,3,,,0
2013,Cyprus,1,0,1,1,,,,,,,,,,,0.0,,,,,,423,CYP,3,,,0
2014,Cyprus,1,0,1,1,,,3.0,3.0,,,0.0,0.0,,1.0,1.0,1.0,,,1.0,1.0,423,CYP,3,3.0,3.0,0
2015,Cyprus,1,0,1,1,,,3.0,3.0,,,0.0,0.0,,1.0,1.0,1.0,,,1.0,1.0,423,CYP,3,3.0,3.0,0
2016,Cyprus,1,0,1,1,,,3.0,3.0,,,0.0,0.0,,1.0,1.0,1.0,,,1.0,1.0,423,CYP,3,3.0,3.0,0
2017,Cyprus,1,0,1,1,,,3.0,3.0,,,0.0,0.0,,1.0,1.0,1.0,,,1.0,1.0,423,CYP,3,3.0,3.0,0
2018,Cyprus,1,0,1,1,,,3.0,3.0,,,0.0,0.0,,1.0,1.0,1.0,,,1.0,1.0,423,CYP,3,3.0,3.0,0
2019,Cyprus,1,0,1,1,,,3.0,3.0,,,0.0,0.0,,1.0,1.0,1.0,,,1.0,1.0,423,CYP,3,3.0,3.0,0
2020,Cyprus,1,0,1,1,,,3.0,3.0,,,0.0,0.0,,1.0,1.0,1.0,,,1.0,1.0,423,CYP,3,3.0,3.0,0
2021,Cyprus,1,0,1,1,,,3.0,3.0,,,0.0,0.0,,1.0,1.0,1.0,,,1.0,1.0,423,CYP,3,3.0,3.0,0
2022,Cyprus,1,0,1,1,,,3.0,3.0,,,0.0,0.0,,1.0,1.0,1.0,,,1.0,1.0,423,CYP,3,3.0,3.0,0
2023,Cyprus,1,0,1,1,,,3.0,3.0,,,0.0,0.0,,1.0,1.0,1.0,,,1.0,1.0,423,CYP,3,3.0,3.0,0
2024,Cyprus,1,0,1,1,,,3.0,3.0,,,0.0,0.0,,1.0,1.0,1.0,,,1.0,1.0,423,CYP,3,3.0,3.0,0
1990,Czech Republic,0,0,0,0,,,,,,,,,,,,,,,,,935,CZE,0,,,0
1991,Czech Republic,0,0,0,0,,,,,,,,,,,,,,,,,935,CZE,0,,,0
1992,Czech Republic,0,0,0,0,,,,,,,,,,,,,,,,,935,CZE,0,,,0
1993,Czech Republic,0,0,0,0,,,,,,,,,,,,,,,,,935,CZE,0,,,0
1994,Czech Republic,0,0,0,0,,,,,,,,,,,,,,,,,935,CZE,0,,,0
1995,Czech Republic,0,0,0,0,,,,,,,,,,,,,,,,,935,CZE,0,,,0
1996,Czech Republic,0,0,0,0,,,,,,,,,,,,,,,,,935,CZE,0,,,0
1997,Czech Republic,0,0,0,0,,,,,,,,,,,,,,,,,935,CZE,0,,,0
1998,Czech Republic,0,0,0,0,,,,,,,,,,,,,,,,,935,CZE,0,,,0
1999,Czech Republic,0,0,0,0,,,,,,,,,,,,,,,,,935,CZE,0,,,0
2000,Czech Republic,0,0,0,0,,,,,,,,,,,,,,,,,935,CZE,0,,,0
2001,Czech Republic,0,0,0,0,,,,,,,,,,,,,,,,,935,CZE,0,,,0
2002,Czech Republic,0,0,0,0,,,,,,,,,,,,,,,,,935,CZE,0,,,0
2003,Czech Republic,0,0,0,0,,,,,,,,,,,,,,,,,935,CZE,0,,,0
2004,Czech Republic,0,0,1,1,,,,,,,,,,,,,,,,,935,CZE,2,,,0
2005,Czech Republic,0,0,1,1,,,,,,,,,,,,,,,,,935,CZE,2,,,0
2006,Czech Republic,0,0,1,1,,,,,,,,,,,,,,,,,935,CZE,2,,,0
2007,Czech Republic,0,0,1,1,,,,,,,,,,,,,,,,,935,CZE,2,,,0
2008,Czech Republic,0,0,1,1,,,,,,,,,,,,,,,,,935,CZE,2,,,0
2009,Czech Republic,0,0,1,1,,,,,,,,,,,,,,,,,935,CZE,2,,,0
2010,Czech Republic,0,0,1,1,,,,,,,,,,,,,,,,,935,CZE,2,,,0
2011,Czech Republic,0,0,1,1,,,,,,,,,,,,,,,,,935,CZE,2,,,0
2012,Czech Republic,1,0,1,1,,,,,,,,,,,,,,,,,935,CZE,3,,,0
2013,Czech Republic,1,0,1,1,,,,,,,,,,,,,,,,,935,CZE,3,,,0
2014,Czech Republic,1,0,1,1,,,,,,,,,,,,,,,,,935,CZE,3,,,0
2015,Czech Republic,1,0,1,1,,,,,,,,,,,,,,,,,935,CZE,3,,,0
2016,Czech Republic,1,0,1,1,,,,,,,,,,,,,,,,,935,CZE,3,,,0
2017,Czech Republic,1,0,1,1,,,3.0,3.0,,,,,,1.0,2.0,1.0,,,,,935,CZE,3,3.0,3.0,0
2018,Czech Republic,1,0,1,1,,,3.0,3.0,,,,,,1.0,2.0,1.0,,,,,935,CZE,3,3.0,3.0,0
2019,Czech Republic,1,0,1,1,,,3.0,3.0,,,,,,1.0,2.0,1.0,,,,,935,CZE,3,3.0,3.0,0
2020,Czech Republic,1,0,1,1,,,3.0,3.0,,,,,,1.0,2.0,1.0,1.0,,,1.0,935,CZE,3,3.0,3.0,0
2021,Czech Republic,1,0,1,1,,,3.0,3.0,,,,,,1.0,2.0,1.0,1.0,,,1.0,935,CZE,3,3.0,3.0,0
2022,Czech Republic,1,0,1,1,,,3.0,3.0,,,,,,1.0,2.0,1.0,1.0,,,1.0,935,CZE,3,3.0,3.0,0
2023,Czech Republic,1,0,1,1,,,3.0,3.0,,,,,,1.0,2.0,1.0,1.0,,,1.0,935,CZE,3,3.0,3.0,0
2024,Czech Republic,1,0,1,1,,,3.0,3.0,,,,,,1.0,2.0,1.0,,,,,935,CZE,3,3.0,3.0,0
1990,Côte d'Ivoire,0,0,0,0,,,,,,,,,,,,,,,,,662,CIV,0,,,0
1991,Côte d'Ivoire,0,0,0,0,,,,,,,,,,,,,,,,,662,CIV,0,,,0
1992,Côte d'Ivoire,0,0,0,0,,,,,,,,,,,,,,,,,662,CIV,0,,,0
1993,Côte d'Ivoire,0,0,0,0,,,,,,,,,,,,,,,,,662,CIV,0,,,0
1994,Côte d'Ivoire,0,0,0,0,,,,,,,,,,,,,,,,,662,CIV,0,,,0
1995,Côte d'Ivoire,0,0,0,0,,,,,,,,,,,,,,,,,662,CIV,0,,,0
1996,Côte d'Ivoire,0,0,0,0,,,,,,,,,,,,,,,,,662,CIV,0,,,0
1997,Côte d'Ivoire,0,0,0,0,,,,,,,,,,,,,,,,,662,CIV,0,,,0
1998,Côte d'Ivoire,0,0,0,0,,,,,,,,,,,,,,,,,662,CIV,0,,,0
1999,Côte d'Ivoire,0,0,0,0,,,,,,,,,,,,,,,,,662,CIV,0,,,0
2000,Côte d'Ivoire,0,1,1,1,,,,,,,,,,,,,,,,,662,CIV,3,,,0
2001,Côte d'Ivoire,0,1,1,1,,,,,,,,,,,,,,,,,662,CIV,3,,,0
2002,Côte d'Ivoire,0,1,1,1,,,,,,,,,,,,,,,,,662,CIV,3,,,0
2003,Côte d'Ivoire,0,1,1,1,,,,,,,,,,,,,,,,,662,CIV,3,,,0
2004,Côte d'Ivoire,0,1,1,1,,,,,,,,,,,,,,,,,662,CIV,3,,,0
2005,Côte d'Ivoire,0,1,1,1,,,,,,,,,,,,,,,,,662,CIV,3,,,0
2006,Côte d'Ivoire,0,1,1,1,,,,,,,,,,,,,,,,,662,CIV,3,,,0
2007,Côte d'Ivoire,0,1,1,1,,,,,,,,,,,,,,,,,662,CIV,3,,,0
2008,Côte d'Ivoire,0,1,1,1,,,,,,,,,,,,,,,,,662,CIV,3,,,0
2009,Côte d'Ivoire,0,1,1,1,,,,,,,,,,,,,,,,,662,CIV,3,,,0
2010,Côte d'Ivoire,0,1,1,1,,,,,,,,,,,,,,,,,662,CIV,3,,,0
2011,Côte d'Ivoire,0,1,1,1,,,,,,,,,,,,,,,,,662,CIV,3,,,0
2012,Côte d'Ivoire,0,1,1,1,,,,,,,,,,,,,,,,,662,CIV,3,,,0
2013,Côte d'Ivoire,0,1,1,1,,,,,,,,,,,,,,,,,662,CIV,3,,,0
2014,Côte d'Ivoire,0,1,1,1,,,,,,,,,,,,,,,,,662,CIV,3,,,0
2015,Côte d'Ivoire,0,1,1,1,,,,,,,,,,,,,,,,,662,CIV,3,,,0
2016,Côte d'Ivoire,0,1,1,1,,,,,,,,,,,,,,,,,662,CIV,3,,,0
2017,Côte d'Ivoire,0,1,1,1,,,,,,,,,,,,,,,,,662,CIV,3,,,0
2018,Côte d'Ivoire,0,1,1,1,,,,,,,,,,,,,,,,,662,CIV,3,,,0
2019,Côte d'Ivoire,0,1,1,1,,,,,,,,,,,,,,,,,662,CIV,3,,,0
2020,Côte d'Ivoire,0,1,1,1,,,,,,,,,,,,,,,,,662,CIV,3,,,0
2021,Côte d'Ivoire,0,1,1,1,,,,,,,,,,,,,,,,,662,CIV,3,,,0
2022,Côte d'Ivoire,0,1,1,1,,,,,,,,,,,,,,,,,662,CIV,3,,,0
2023,Côte d'Ivoire,0,1,1,1,,,,,,,,,,,,,,,,,662,CIV,3,,,0
2024,Côte d'Ivoire,0,1,1,1,,,,,,,,,,,,,,,,,662,CIV,3,,,0
1990,Denmark,0,0,0,0,,,,,,,,,,,,,,,,,128,DNK,0,,,0
1991,Denmark,0,0,0,0,,,,,,,,,,,,,,,,,128,DNK,0,,,0
1992,Denmark,0,0,1,1,,,2.0,,,,0.0,,0.0,0.0,,,,,,,128,DNK,2,2.0,2.0,0
1993,Denmark,0,0,1,1,,,2.0,,,,0.0,,0.0,0.0,,,,,,,128,DNK,2,2.0,2.0,0
1994,Denmark,1,0,1,1,1.0,,2.0,,0.0,,0.0,,0.0,0.0,,,,,,,128,DNK,3,2.0,1.5,0
1995,Denmark,1,0,1,1,1.0,,2.0,,0.0,,0.0,,0.0,0.0,,,,,,,128,DNK,3,2.0,1.5,0
1996,Denmark,1,0,1,1,1.0,,2.0,,0.0,,0.0,,0.0,0.0,,,,,,,128,DNK,3,2.0,1.5,0
1997,Denmark,1,0,1,1,1.0,,2.0,,0.0,,0.0,,0.0,0.0,,,,,,,128,DNK,3,2.0,1.5,0
1998,Denmark,1,0,1,1,1.0,,2.0,,0.0,,0.0,,0.0,0.0,,,,,,,128,DNK,3,2.0,1.5,0
1999,Denmark,1,0,1,1,1.0,,2.0,,0.0,,0.0,,0.0,0.0,,,,,,,128,DNK,3,2.0,1.5,0
2000,Denmark,1,0,1,1,1.0,,2.0,,0.0,,0.0,,0.0,0.0,,,,,,,128,DNK,3,2.0,1.5,0
2001,Denmark,1,1,1,1,1.0,1.0,2.0,,0.0,0.0,0.0,,0.0,0.0,,,,,,,128,DNK,4,2.0,1.3333333333333333,0
2002,Denmark,1,1,1,1,1.0,1.0,2.0,,0.0,0.0,0.0,,0.0,0.0,,,,,,,128,DNK,4,2.0,1.3333333333333333,0
2003,Denmark,1,1,1,1,1.0,1.0,2.0,,0.0,0.0,0.0,,0.0,0.0,,,,,,,128,DNK,4,2.0,1.3333333333333333,0
2004,Denmark,1,1,1,1,1.0,1.0,2.0,,0.0,0.0,0.0,,0.0,0.0,,,,,,,128,DNK,4,2.0,1.3333333333333333,0
2005,Denmark,1,1,1,1,1.0,1.0,2.0,,0.0,0.0,0.0,,0.0,0.0,,,,,,,128,DNK,4,2.0,1.3333333333333333,0
2006,Denmark,1,1,1,1,1.0,1.0,2.0,,0.0,0.0,0.0,,0.0,0.0,,,,,,,128,DNK,4,2.0,1.3333333333333333,0
2007,Denmark,1,1,1,1,1.0,1.0,1.0,,0.0,0.0,0.0,,0.0,0.0,,,,,,,128,DNK,4,1.0,1.0,0
2008,Denmark,1,1,1,1,1.0,1.0,1.0,,0.0,0.0,0.0,,0.0,0.0,,,,,,,128,DNK,4,1.0,1.0,0
2009,Denmark,1,1,1,1,1.0,1.0,1.0,,0.0,0.0,0.0,,0.0,0.0,,,,,,,128,DNK,4,1.0,1.0,0
2010,Denmark,1,1,1,1,1.0,1.0,1.0,,0.0,0.0,0.0,,0.0,0.0,,,,,,,128,DNK,4,1.0,1.0,0
2011,Denmark,1,1,1,1,1.0,1.0,1.0,,0.0,0.0,0.0,,0.0,0.0,,,,,,,128,DNK,4,1.0,1.0,0
2012,Denmark,0,0,1,1,,,3.0,,,,0.0,,0.0,0.0,,,,,,,128,DNK,2,3.0,3.0,0
2013,Denmark,0,0,1,1,,,3.0,,,,0.0,,0.0,0.0,,,,,,,128,DNK,2,3.0,3.0,0
2014,Denmark,0,0,1,1,,,3.0,,,,1.0,,0.0,1.0,1.0,,,,1.0,,128,DNK,2,3.0,3.0,1
2015,Denmark,0,0,1,1,,,3.0,,,,1.0,,0.0,1.0,1.0,,,,1.0,,128,DNK,2,3.0,3.0,1
2016,Denmark,0,0,1,1,,,3.0,,,,1.0,,0.0,1.0,1.0,,,,1.0,,128,DNK,2,3.0,3.0,1
2017,Denmark,0,0,1,1,,,3.0,,,,1.0,,0.0,1.0,1.0,,,,1.0,,128,DNK,2,3.0,3.0,1
2018,Denmark,0,0,1,1,,,3.0,,,,1.0,,0.0,1.0,1.0,,,,1.0,,128,DNK,2,3.0,3.0,1
2019,Denmark,0,0,1,1,,,3.0,,,,1.0,,0.0,1.0,1.0,,,,1.0,,128,DNK,2,3.0,3.0,1
2020,Denmark,0,0,1,1,,,3.0,,,,1.0,,0.0,1.0,1.0,,,,1.0,,128,DNK,2,3.0,3.0,1
2021,Denmark,0,0,1,1,,,3.0,,,,1.0,,0.0,1.0,1.0,,,,1.0,,128,DNK,2,3.0,3.0,1
2022,Denmark,0,0,1,1,,,3.0,,,,1.0,,0.0,1.0,1.0,,,,1.0,,128,DNK,2,3.0,3.0,1
2023,Denmark,0,0,1,1,,,3.0,,,,1.0,,0.0,1.0,1.0,,,,1.0,,128,DNK,2,3.0,3.0,1
2024,Denmark,0,0,1,1,,,3.0,,,,1.0,,0.0,1.0,1.0,,,,1.0,,128,DNK,2,3.0,3.0,1
1990,Dominica,0,0,0,0,,,,,,,,,,,,,,,,,321,DMA,0,,,0
1991,Dominica,0,0,0,0,,,,,,,,,,,,,,,,,321,DMA,0,,,0
1992,Dominica,0,0,0,0,,,,,,,,,,,,,,,,,321,DMA,0,,,0
1993,Dominica,0,0,0,0,,,,,,,,,,,,,,,,,321,DMA,0,,,0
1994,Dominica,0,0,0,0,,,,,,,,,,,,,,,,,321,DMA,0,,,0
1995,Dominica,0,0,0,0,,,,,,,,,,,,,,,,,321,DMA,0,,,0
1996,Dominica,0,0,0,0,,,,,,,,,,,,,,,,,321,DMA,0,,,0
1997,Dominica,0,0,0,0,,,,,,,,,,,,,,,,,321,DMA,0,,,0
1998,Dominica,0,0,1,1,,,,,,,,,,,,,,,,,321,DMA,2,,,0
1999,Dominica,0,0,1,1,,,,,,,,,,,,,,,,,321,DMA,2,,,0
2000,Dominica,0,0,1,1,,,,,,,,,,,,,,,,,321,DMA,2,,,0
2001,Dominica,0,0,1,1,,,,,,,,,,,,,,,,,321,DMA,2,,,0
2002,Dominica,0,0,1,1,,,,,,,,,,,,,,,,,321,DMA,2,,,0
2003,Dominica,0,0,1,1,,,,,,,,,,,,,,,,,321,DMA,2,,,0
2004,Dominica,0,0,1,1,,,,,,,,,,,,,,,,,321,DMA,2,,,0
2005,Dominica,0,0,1,1,,,,,,,,,,,,,,,,,321,DMA,2,,,0
2006,Dominica,0,0,0,1,,,,,,,,,,,,,,,,,321,DMA,1,,,0
2007,Dominica,0,0,0,1,,,,,,,,,,,,,,,,,321,DMA,1,,,0
2008,Dominica,0,0,0,1,,,,,,,,,,,,,,,,,321,DMA,1,,,0
2009,Dominica,0,0,0,1,,,,,,,,,,,,,,,,,321,DMA,1,,,0
2010,Dominica,0,0,0,1,,,,,,,,,,,,,,,,,321,DMA,1,,,0
2011,Dominica,0,0,0,1,,,,,,,,,,,,,,,,,321,DMA,1,,,0
2012,Dominica,0,0,0,1,,,,,,,,,,,,,,,,,321,DMA,1,,,0
2013,Dominica,0,0,0,1,,,,,,,,,,,,,,,,,321,DMA,1,,,0
2014,Dominica,0,0,0,1,,,,,,,,,,,,,,,,,321,DMA,1,,,0
2015,Dominica,0,0,0,1,,,,,,,,,,,,,,,,,321,DMA,1,,,0
2016,Dominica,0,0,0,1,,,,,,,,,,,,,,,,,321,DMA,1,,,0
2017,Dominica,0,0,0,1,,,,,,,,,,,,,,,,,321,DMA,1,,,0
2018,Dominica,0,0,0,1,,,,,,,,,,,,,,,,,321,DMA,1,,,0
2019,Dominica,0,0,0,1,,,,,,,,,,,,,,,,,321,DMA,1,,,0
2020,Dominica,0,0,0,1,,,,,,,,,,,,,,,,,321,DMA,1,,,0
2021,Dominica,0,0,1,1,,,3.0,3.0,,,0.0,0.0,0.0,0.0,0.0,,,,,,321,DMA,2,3.0,3.0,0
2022,Dominica,0,0,1,1,,,3.0,3.0,,,0.0,0.0,0.0,0.0,0.0,,,,,,321,DMA,2,3.0,3.0,0
2023,Dominica,0,0,1,1,,,3.0,3.0,,,0.0,0.0,0.0,0.0,0.0,,,,,,321,DMA,2,3.0,3.0,0
2024,Dominica,0,0,1,1,,,3.0,3.0,,,0.0,0.0,0.0,0.0,0.0,,,,,,321,DMA,2,3.0,3.0,0
1990,Dominican Republic,0,0,0,0,,,,,,,,,,,,,,,,,243,DOM,0,,,0
1991,Dominican Republic,0,0,0,0,,,,,,,,,,,,,,,,,243,DOM,0,,,0
1992,Dominican Republic,0,0,0,0,,,,,,,,,,,,,,,,,243,DOM,0,,,0
1993,Dominican Republic,0,0,0,0,,,,,,,,,,,,,,,,,243,DOM,0,,,0
1994,Dominican Republic,0,0,0,0,,,,,,,,,,,,,,,,,243,DOM,0,,,0
1995,Dominican Republic,0,0,0,0,,,,,,,,,,,,,,,,,243,DOM,0,,,0
1996,Dominican Republic,0,0,0,0,,,,,,,,,,,,,,,,,243,DOM,0,,,0
1997,Dominican Republic,0,0,0,0,,,,,,,,,,,,,,,,,243,DOM,0,,,0
1998,Dominican Republic,0,0,0,0,,,,,,,,,,,,,,,,,243,DOM,0,,,0
1999,Dominican Republic,0,0,0,0,,,,,,,,,,,,,,,,,243,DOM,0,,,0
2000,Dominican Republic,0,0,0,0,,,,,,,,,,,,,,,,,243,DOM,0,,,0
2001,Dominican Republic,0,0,0,0,,,,,,,,,,,,,,,,,243,DOM,0,,,0
2002,Dominican Republic,0,0,0,0,,,,,,,,,,,,,,,,,243,DOM,0,,,0
2003,Dominican Republic,0,0,0,0,,,,,,,,,,,,,,,,,243,DOM,0,,,0
2004,Dominican Republic,0,0,0,0,,,,,,,,,,,,,,,,,243,DOM,0,,,0
2005,Dominican Republic,0,0,0,0,,,,,,,,,,,,,,,,,243,DOM,0,,,0
2006,Dominican Republic,0,0,0,0,,,,,,,,,,,,,,,,,243,DOM,0,,,0
2007,Dominican Republic,0,0,0,0,,,,,,,,,,,,,,,,,243,DOM,0,,,0
2008,Dominican Republic,0,0,0,0,,,,,,,,,,,,,,,,,243,DOM,0,,,0
2009,Dominican Republic,0,0,0,0,,,,,,,,,,,,,,,,,243,DOM,0,,,0
2010,Dominican Republic,0,0,0,0,,,,,,,,,,,,,,,,,243,DOM,0,,,0
2011,Dominican Republic,0,0,0,0,,,,,,,,,,,,,,,,,243,DOM,0,,,0
2012,Dominican Republic,0,0,0,0,,,,,,,,,,,,,,,,,243,DOM,0,,,0
2013,Dominican Republic,0,0,0,0,,,,,,,,,,,,,,,,,243,DOM,0,,,0
2014,Dominican Republic,0,0,0,0,,,,,,,,,,,,,,,,,243,DOM,0,,,0
2015,Dominican Republic,0,0,0,0,,,,,,,,,,,,,,,,,243,DOM,0,,,0
2016,Dominican Republic,0,0,0,0,,,,,,,,,,,,,,,,,243,DOM,0,,,0
2017,Dominican Republic,0,0,0,0,,,,,,,,,,,,,,,,,243,DOM,0,,,0
2018,Dominican Republic,0,0,0,0,,,,,,,,,,,,,,,,,243,DOM,0,,,0
2019,Dominican Republic,0,0,0,0,,,,,,,,,,,,,,,,,243,DOM,0,,,0
2020,Dominican Republic,0,0,0,0,,,,,,,,,,,,,,,,,243,DOM,0,,,0
2021,Dominican Republic,0,0,0,0,,,,,,,,,,,,,,,,,243,DOM,0,,,0
2022,Dominican Republic,0,0,0,0,,,,,,,,,,,,,,,,,243,DOM,0,,,0
2023,Dominican Republic,0,0,0,0,,,,,,,,,,,,,,,,,243,DOM,0,,,0
2024,Dominican Republic,1,0,0,1,3.0,,,3.0,1.0,,,1.0,0.0,0.0,1.0,,,,,,243,DOM,2,3.0,3.0,1
1990,Ecuador,0,0,0,0,,,,,,,,,,,,,,,,,248,ECU,0,,,0
1991,Ecuador,0,0,0,0,,,,,,,,,,,,,,,,,248,ECU,0,,,0
1992,Ecuador,0,0,0,0,,,,,,,,,,,,,,,,,248,ECU,0,,,0
1993,Ecuador,0,0,0,0,,,,,,,,,,,,,,,,,248,ECU,0,,,0
1994,Ecuador,0,0,0,0,,,,,,,,,,,,,,,,,248,ECU,0,,,0
1995,Ecuador,0,0,0,0,,,,,,,,,,,,,,,,,248,ECU,0,,,0
1996,Ecuador,0,0,0,0,,,,,,,,,,,,,,,,,248,ECU,0,,,0
1997,Ecuador,0,0,0,0,,,,,,,,,,,,,,,,,248,ECU,0,,,0
1998,Ecuador,0,0,0,0,,,,,,,,,,,,,,,,,248,ECU,0,,,0
1999,Ecuador,0,0,0,0,,,,,,,,,,,,,,,,,248,ECU,0,,,0
2000,Ecuador,0,0,0,0,,,,,,,,,,,,,,,,,248,ECU,0,,,0
2001,Ecuador,0,0,0,0,,,,,,,,,,,,,,,,,248,ECU,0,,,0
2002,Ecuador,0,0,0,0,,,,,,,,,,,,,,,,,248,ECU,0,,,0
2003,Ecuador,0,0,1,1,,,3.0,3.0,,,1.0,1.0,0.0,0.0,,,,,,,248,ECU,2,3.0,3.0,1
2004,Ecuador,0,0,1,1,,,3.0,3.0,,,1.0,1.0,0.0,0.0,,,,,,,248,ECU,2,3.0,3.0,1
2005,Ecuador,0,0,1,1,,,3.0,3.0,,,1.0,1.0,0.0,0.0,,,,,,,248,ECU,2,3.0,3.0,1
2006,Ecuador,0,0,1,1,,,3.0,3.0,,,1.0,1.0,0.0,0.0,,,,,,,248,ECU,2,3.0,3.0,1
2007,Ecuador,0,0,1,1,,,3.0,3.0,,,1.0,1.0,0.0,0.0,,,,,,,248,ECU,2,3.0,3.0,1
2008,Ecuador,0,0,1,1,,,3.0,3.0,,,1.0,1.0,0.0,0.0,,,,,,,248,ECU,2,3.0,3.0,1
2009,Ecuador,0,0,1,1,,,3.0,3.0,,,1.0,1.0,0.0,0.0,,,,,,,248,ECU,2,3.0,3.0,1
2010,Ecuador,1,0,0,0,3.0,,,,0.0,,,,0.0,0.0,,,,,,,248,ECU,1,3.0,3.0,0
2011,Ecuador,1,0,0,0,3.0,,,,0.0,,,,0.0,0.0,,,,,,,248,ECU,1,3.0,3.0,0
2012,Ecuador,1,0,0,0,3.0,,,,0.0,,,,0.0,0.0,,,,,,,248,ECU,1,3.0,3.0,0
2013,Ecuador,1,0,0,0,3.0,,,,0.0,,,,0.0,0.0,,,,,,,248,ECU,1,3.0,3.0,0
2014,Ecuador,1,0,0,0,3.0,,,,0.0,,,,0.0,0.0,,,,,,,248,ECU,1,3.0,3.0,0
2015,Ecuador,1,0,0,0,3.0,,,,0.0,,,,0.0,0.0,,,,,,,248,ECU,1,3.0,3.0,0
2016,Ecuador,1,0,0,0,3.0,,,,0.0,,,,0.0,0.0,,,,,,,248,ECU,1,3.0,3.0,0
2017,Ecuador,1,0,0,0,3.0,,,,0.0,,,,0.0,0.0,,,,,,,248,ECU,1,3.0,3.0,0
2018,Ecuador,1,0,0,0,3.0,,,,0.0,,,,0.0,0.0,,,,,,,248,ECU,1,3.0,3.0,0
2019,Ecuador,1,0,0,0,3.0,,,,0.0,,,,0.0,0.0,,,,,,,248,ECU,1,3.0,3.0,0
2020,Ecuador,1,0,1,1,3.0,,3.0,3.0,1.0,,1.0,1.0,0.0,0.0,2.0,,1.0,,,1.0,248,ECU,3,3.0,3.0,1
2021,Ecuador,1,0,1,1,3.0,,3.0,3.0,1.0,,1.0,1.0,0.0,0.0,2.0,,1.0,,,1.0,248,ECU,3,3.0,3.0,1
2022,Ecuador,1,0,1,1,3.0,,3.0,3.0,1.0,,1.0,1.0,0.0,0.0,2.0,,1.0,,,1.0,248,ECU,3,3.0,3.0,1
2023,Ecuador,1,0,0,1,3.0,,,3.0,1.0,,,1.0,0.0,0.0,2.0,,1.0,,,1.0,248,ECU,2,3.0,3.0,1
2024,Ecuador,1,0,0,1,3.0,,,3.0,1.0,,,1.0,0.0,0.0,2.0,,1.0,,,1.0,248,ECU,2,3.0,3.0,1
1990,El Salvador,0,0,0,0,,,,,,,,,,,,,,,,,253,SLV,0,,,0
1991,El Salvador,0,0,0,0,,,,,,,,,,,,,,,,,253,SLV,0,,,0
1992,El Salvador,0,0,0,0,,,,,,,,,,,,,,,,,253,SLV,0,,,0
1993,El Salvador,0,0,0,0,,,,,,,,,,,,,,,,,253,SLV,0,,,0
1994,El Salvador,0,0,0,0,,,,,,,,,,,,,,,,,253,SLV,0,,,0
1995,El Salvador,0,0,0,0,,,,,,,,,,,,,,,,,253,SLV,0,,,0
1996,El Salvador,0,0,0,0,,,,,,,,,,,,,,,,,253,SLV,0,,,0
1997,El Salvador,0,0,0,0,,,,,,,,,,,,,,,,,253,SLV,0,,,0
1998,El Salvador,0,0,0,0,,,,,,,,,,,,,,,,,253,SLV,0,,,0
1999,El Salvador,0,0,0,0,,,,,,,,,,,,,,,,,253,SLV,0,,,0
2000,El Salvador,0,0,0,0,,,,,,,,,,,,,,,,,253,SLV,0,,,0
2001,El Salvador,0,0,0,0,,,,,,,,,,,,,,,,,253,SLV,0,,,0
2002,El Salvador,0,0,0,0,,,,,,,,,,,,,,,,,253,SLV,0,,,0
2003,El Salvador,0,0,0,0,,,,,,,,,,,,,,,,,253,SLV,0,,,0
2004,El Salvador,0,0,0,0,,,,,,,,,,,,,,,,,253,SLV,0,,,0
2005,El Salvador,0,0,0,0,,,,,,,,,,,,,,,,,253,SLV,0,,,0
2006,El Salvador,0,0,0,0,,,,,,,,,,,,,,,,,253,SLV,0,,,0
2007,El Salvador,0,0,0,0,,,,,,,,,,,,,,,,,253,SLV,0,,,0
2008,El Salvador,0,0,0,0,,,,,,,,,,,,,,,,,253,SLV,0,,,0
2009,El Salvador,0,0,0,0,,,,,,,,,,,,,,,,,253,SLV,0,,,0
2010,El Salvador,0,0,0,0,,,,,,,,,,,,,,,,,253,SLV,0,,,0
2011,El Salvador,0,0,0,0,,,,,,,,,,,,,,,,,253,SLV,0,,,0
2012,El Salvador,0,0,0,0,,,,,,,,,,,,,,,,,253,SLV,0,,,0
2013,El Salvador,0,0,0,0,,,,,,,,,,,,,,,,,253,SLV,0,,,0
2014,El Salvador,0,0,0,0,,,,,,,,,,,,,,,,,253,SLV,0,,,0
2015,El Salvador,0,0,0,0,,,,,,,,,,,,,,,,,253,SLV,0,,,0
2016,El Salvador,0,0,0,0,,,,,,,,,,,,,,,,,253,SLV,0,,,0
2017,El Salvador,1,1,1,1,3.0,3.0,3.0,3.0,0.0,0.0,0.0,0.0,0.0,0.0,0.0,,,,,,253,SLV,4,3.0,3.0,0
2018,El Salvador,1,1,1,1,3.0,3.0,3.0,3.0,0.0,0.0,0.0,0.0,0.0,0.0,0.0,,,,,,253,SLV,4,3.0,3.0,0
2019,El Salvador,1,1,1,1,3.0,3.0,3.0,3.0,0.0,0.0,0.0,0.0,0.0,0.0,0.0,,,,,,253,SLV,4,3.0,3.0,0
2020,El Salvador,1,1,1,1,3.0,3.0,3.0,3.0,0.0,0.0,0.0,0.0,0.0,0.0,0.0,,,,,,253,SLV,4,3.0,3.0,0
2021,El Salvador,1,1,1,1,3.0,3.0,3.0,3.0,0.0,0.0,0.0,0.0,0.0,0.0,0.0,,,,,,253,SLV,4,3.0,3.0,0
2022,El Salvador,1,1,1,1,3.0,3.0,3.0,3.0,0.0,0.0,0.0,0.0,0.0,0.0,0.0,,,,,,253,SLV,4,3.0,3.0,0
2023,El Salvador,1,1,1,1,3.0,3.0,3.0,3.0,0.0,0.0,0.0,0.0,0.0,0.0,0.0,,,,,,253,SLV,4,3.0,3.0,0
2024,El Salvador,1,1,1,1,3.0,3.0,3.0,3.0,0.0,0.0,0.0,0.0,0.0,0.0,0.0,,,,,,253,SLV,4,3.0,3.0,0
1990,Equatorial Guinea,0,0,0,0,,,,,,,,,,,,,,,,,642,GNQ,0,,,0
1991,Equatorial Guinea,0,0,0,0,,,,,,,,,,,,,,,,,642,GNQ,0,,,0
1992,Equatorial Guinea,0,0,0,0,,,,,,,,,,,,,,,,,642,GNQ,0,,,0
1993,Equatorial Guinea,0,0,0,0,,,,,,,,,,,,,,,,,642,GNQ,0,,,0
1994,Equatorial Guinea,0,0,0,0,,,,,,,,,,,,,,,,,642,GNQ,0,,,0
1995,Equatorial Guinea,0,0,0,0,,,,,,,,,,,,,,,,,642,GNQ,0,,,0
1996,Equatorial Guinea,0,0,0,0,,,,,,,,,,,,,,,,,642,GNQ,0,,,0
1997,Equatorial Guinea,0,0,0,0,,,,,,,,,,,,,,,,,642,GNQ,0,,,0
1998,Equatorial Guinea,0,0,0,0,,,,,,,,,,,,,,,,,642,GNQ,0,,,0
1999,Equatorial Guinea,0,0,0,0,,,,,,,,,,,,,,,,,642,GNQ,0,,,0
2000,Equatorial Guinea,0,0,0,0,,,,,,,,,,,,,,,,,642,GNQ,0,,,0
2001,Equatorial Guinea,0,0,0,0,,,,,,,,,,,,,,,,,642,GNQ,0,,,0
2002,Equatorial Guinea,0,0,1,1,,,,,,,,,,,,,,,,,642,GNQ,2,,,0
2003,Equatorial Guinea,0,0,1,1,,,,,,,,,,,,,,,,,642,GNQ,2,,,0
2004,Equatorial Guinea,0,0,1,1,,,,,,,,,,,,,,,,,642,GNQ,2,,,0
2005,Equatorial Guinea,0,0,1,1,,,,,,,,,,,,,,,,,642,GNQ,2,,,0
2006,Equatorial Guinea,0,0,1,1,,,,,,,,,,,,,,,,,642,GNQ,2,,,0
2007,Equatorial Guinea,0,0,1,1,,,,,,,,,,,,,,,,,642,GNQ,2,,,0
2008,Equatorial Guinea,0,0,1,1,,,,,,,,,,,,,,,,,642,GNQ,2,,,0
2009,Equatorial Guinea,0,0,1,1,,,,,,,,,,,,,,,,,642,GNQ,2,,,0
2010,Equatorial Guinea,0,0,1,1,,,,,,,,,,,,,,,,,642,GNQ,2,,,0
2011,Equatorial Guinea,0,0,1,1,,,,,,,,,,,,,,,,,642,GNQ,2,,,0
2012,Equatorial Guinea,0,0,1,1,,,,,,,,,,,,,,,,,642,GNQ,2,,,0
2013,Equatorial Guinea,0,0,1,1,,,,,,,,,,,,,,,,,642,GNQ,2,,,0
2014,Equatorial Guinea,0,0,1,1,,,,,,,,,,,,,,,,,642,GNQ,2,,,0
2015,Equatorial Guinea,0,0,1,1,,,,,,,,,,,,,,,,,642,GNQ,2,,,0
2016,Equatorial Guinea,0,0,1,1,,,,,,,,,,,,,,,,,642,GNQ,2,,,0
2017,Equatorial Guinea,0,0,1,1,,,,,,,,,,,,,,,,,642,GNQ,2,,,0
2018,Equatorial Guinea,0,0,1,1,,,,,,,,,,,,,,,,,642,GNQ,2,,,0
2019,Equatorial Guinea,0,0,1,1,,,,,,,,,,,,,,,,,642,GNQ,2,,,0
2020,Equatorial Guinea,0,0,1,1,,,,,,,,,,,,,,,,,642,GNQ,2,,,0
2021,Equatorial Guinea,0,0,1,1,,,,,,,,,,,,,,,,,642,GNQ,2,,,0
2022,Equatorial Guinea,0,0,1,1,,,,,,,,,,,,,,,,,642,GNQ,2,,,0
2023,Equatorial Guinea,0,0,1,1,,,,,,,,,,,,,,,,,642,GNQ,2,,,0
2024,Equatorial Guinea,0,0,1,1,,,,,,,,,,,,,,,,,642,GNQ,2,,,0
1990,Estonia,0,0,0,0,,,,,,,,,,,,,,,,,939,EST,0,,,0
1991,Estonia,0,0,0,0,,,,,,,,,,,,,,,,,939,EST,0,,,0
1992,Estonia,0,0,0,0,,,,,,,,,,,,,,,,,939,EST,0,,,0
1993,Estonia,0,0,1,0,,,2.0,,,,1.0,,0.0,0.0,,,,,,,939,EST,1,2.0,2.0,1
1994,Estonia,0,0,1,0,,,2.0,,,,1.0,,0.0,0.0,,,,,,,939,EST,1,2.0,2.0,1
1995,Estonia,0,0,1,0,,,2.0,,,,1.0,,0.0,0.0,,,,,,,939,EST,1,2.0,2.0,1
1996,Estonia,0,0,1,0,,,2.0,,,,1.0,,0.0,0.0,,,,,,,939,EST,1,2.0,2.0,1
1997,Estonia,0,0,1,0,,,2.0,,,,1.0,,0.0,0.0,,,,,,,939,EST,1,2.0,2.0,1
1998,Estonia,0,0,1,0,,,2.0,,,,1.0,,0.0,0.0,,,,,,,939,EST,1,2.0,2.0,1
1999,Estonia,0,0,1,0,,,2.0,,,,1.0,,0.0,0.0,,,,,,,939,EST,1,2.0,2.0,1
2000,Estonia,0,0,1,0,,,2.0,,,,1.0,,0.0,0.0,,,,,,,939,EST,1,2.0,2.0,1
2001,Estonia,0,0,1,0,,,2.0,,,,1.0,,0.0,0.0,,,,,,,939,EST,1,2.0,2.0,1
2002,Estonia,0,0,1,0,,,2.0,,,,1.0,,0.0,0.0,,,,,,,939,EST,1,2.0,2.0,1
2003,Estonia,0,0,1,0,,,2.0,,,,1.0,,0.0,0.0,,,,,,,939,EST,1,2.0,2.0,1
2004,Estonia,0,0,1,1,,,2.0,,,,1.0,,0.0,0.0,,,,,,,939,EST,2,2.0,2.0,1
2005,Estonia,0,0,1,1,,,2.0,,,,1.0,,0.0,0.0,,,,,,,939,EST,2,2.0,2.0,1
2006,Estonia,0,0,1,1,,,2.0,,,,1.0,,0.0,0.0,,,,,,,939,EST,2,2.0,2.0,1
2007,Estonia,0,0,1,1,,,2.0,,,,1.0,,0.0,0.0,,,,,,,939,EST,2,2.0,2.0,1
2008,Estonia,0,0,1,1,,,2.0,,,,1.0,,0.0,0.0,,,,,,,939,EST,2,2.0,2.0,1
2009,Estonia,0,0,1,1,,,2.0,,,,1.0,,0.0,0.0,,,,,,,939,EST,2,2.0,2.0,1
2010,Estonia,0,0,1,1,,,2.0,,,,1.0,,0.0,0.0,,,,,,,939,EST,2,2.0,2.0,1
2011,Estonia,0,0,1,1,,,2.0,,,,1.0,,0.0,0.0,,,,,,,939,EST,2,2.0,2.0,1
2012,Estonia,1,0,1,1,,,2.0,,,,1.0,,0.0,0.0,,,,,,,939,EST,3,2.0,2.0,1
2013,Estonia,1,0,1,1,,,2.0,,,,1.0,,0.0,0.0,1.0,,,,1.0,1.0,939,EST,3,2.0,2.0,1
2014,Estonia,1,0,1,1,,,3.0,,,,1.0,,0.0,0.0,1.0,,,,1.0,1.0,939,EST,3,3.0,3.0,1
2015,Estonia,1,0,1,1,,,3.0,,,,1.0,,0.0,0.0,1.0,,,,1.0,1.0,939,EST,3,3.0,3.0,1
2016,Estonia,1,0,1,1,,,3.0,,,,1.0,,0.0,0.0,1.0,,,,1.0,1.0,939,EST,3,3.0,3.0,1
2017,Estonia,1,0,1,1,,,3.0,,,,1.0,,0.0,0.0,1.0,,,,1.0,1.0,939,EST,3,3.0,3.0,1
2018,Estonia,1,0,1,1,,,3.0,,,,1.0,,0.0,0.0,1.0,,,,1.0,1.0,939,EST,3,3.0,3.0,1
2019,Estonia,1,0,1,1,,,3.0,,,,1.0,,0.0,0.0,1.0,,,,1.0,1.0,939,EST,3,3.0,3.0,1
2020,Estonia,1,0,1,1,,,3.0,,,,1.0,,0.0,0.0,1.0,,,,1.0,1.0,939,EST,3,3.0,3.0,1
2021,Estonia,1,0,1,1,,,3.0,,,,1.0,,0.0,0.0,1.0,,,,1.0,1.0,939,EST,3,3.0,3.0,1
2022,Estonia,1,0,1,1,,,3.0,,,,1.0,,0.0,0.0,1.0,,,,1.0,1.0,939,EST,3,3.0,3.0,1
2023,Estonia,1,0,1,1,,,3.0,,,,1.0,,0.0,0.0,1.0,,,,1.0,1.0,939,EST,3,3.0,3.0,1
2024,Estonia,1,0,1,1,,,3.0,,,,1.0,,0.0,0.0,1.0,,,,1.0,1.0,939,EST,3,3.0,3.0,1
1990,Finland,0,0,0,0,,,,,,,,,,,,,,,,,172,FIN,0,,,0
1991,Finland,0,0,0,0,,,,,,,,,,,,,,,,,172,FIN,0,,,0
1992,Finland,0,0,0,0,,,,,,,,,,,,,,,,,172,FIN,0,,,0
1993,Finland,0,0,0,0,,,,,,,,,,,,,,,,,172,FIN,0,,,0
1994,Finland,0,0,0,0,,,,,,,,,,,,,,,,,172,FIN,0,,,0
1995,Finland,0,0,1,1,,,,2.0,,,,0.0,0.0,0.0,,,,,,,172,FIN,2,2.0,2.0,0
1996,Finland,0,0,1,1,,,,2.0,,,,0.0,0.0,0.0,,,,,,,172,FIN,2,2.0,2.0,0
1997,Finland,0,0,1,1,,,,2.0,,,,0.0,0.0,0.0,,,,,,,172,FIN,2,2.0,2.0,0
1998,Finland,0,0,1,1,,,,2.0,,,,0.0,0.0,0.0,,,,,,,172,FIN,2,2.0,2.0,0
1999,Finland,0,0,1,1,,,2.0,2.0,,,0.0,0.0,0.0,0.0,,,,,,,172,FIN,2,2.0,2.0,0
2000,Finland,0,0,1,1,,,2.0,2.0,,,0.0,0.0,0.0,0.0,,,,,,,172,FIN,2,2.0,2.0,0
2001,Finland,0,0,1,1,,,2.0,2.0,,,0.0,0.0,0.0,0.0,,,,,,,172,FIN,2,2.0,2.0,0
2002,Finland,0,0,1,1,,,2.0,2.0,,,0.0,0.0,0.0,0.0,,,,,,,172,FIN,2,2.0,2.0,0
2003,Finland,1,0,1,1,2.0,,2.0,2.0,0.0,,0.0,0.0,0.0,0.0,,,,,,,172,FIN,3,2.0,2.0,0
2004,Finland,1,0,1,1,2.0,,2.0,2.0,0.0,,0.0,0.0,0.0,0.0,,,,,,,172,FIN,3,2.0,2.0,0
2005,Finland,1,0,1,1,2.0,,2.0,2.0,0.0,,0.0,0.0,0.0,0.0,,,,,,,172,FIN,3,2.0,2.0,0
2006,Finland,1,0,1,1,2.0,,2.0,2.0,0.0,,0.0,0.0,0.0,0.0,,,,,,,172,FIN,3,2.0,2.0,0
2007,Finland,1,0,1,1,2.0,,2.0,,0.0,,0.0,,0.0,0.0,,,,,,,172,FIN,3,2.0,2.0,0
2008,Finland,1,0,1,1,2.0,,2.0,,0.0,,0.0,,0.0,0.0,,,,,,,172,FIN,3,2.0,2.0,0
2009,Finland,1,0,1,1,2.0,,2.0,,0.0,,0.0,,0.0,0.0,,,,,,,172,FIN,3,2.0,2.0,0
2010,Finland,1,0,1,1,2.0,,2.0,,0.0,,0.0,,0.0,0.0,,,,,,,172,FIN,3,2.0,2.0,0
2011,Finland,1,0,1,1,2.0,,2.0,2.0,0.0,,0.0,0.0,0.0,0.0,,,,,,,172,FIN,3,2.0,2.0,0
2012,Finland,1,0,1,1,2.0,,2.0,2.0,0.0,,0.0,0.0,0.0,0.0,,,,,,,172,FIN,3,2.0,2.0,0
2013,Finland,1,0,1,1,2.0,,2.0,2.0,0.0,,0.0,0.0,0.0,1.0,,,1.0,,,,172,FIN,3,2.0,2.0,0
2014,Finland,1,0,1,1,2.0,,2.0,2.0,0.0,,0.0,0.0,0.0,1.0,,,1.0,,,,172,FIN,3,2.0,2.0,0
2015,Finland,1,0,1,1,2.0,,2.0,2.0,0.0,,0.0,0.0,0.0,1.0,,,1.0,,,,172,FIN,3,2.0,2.0,0
2016,Finland,1,0,1,1,2.0,,2.0,2.0,0.0,,0.0,0.0,0.0,1.0,,,1.0,,,,172,FIN,3,2.0,2.0,0
2017,Finland,1,0,1,1,2.0,,2.0,2.0,0.0,,0.0,0.0,0.0,1.0,,,1.0,,,,172,FIN,3,2.0,2.0,0
2018,Finland,1,0,1,1,2.0,,2.0,2.0,0.0,,0.0,0.0,0.0,1.0,,,1.0,,,,172,FIN,3,2.0,2.0,0
2019,Finland,1,0,1,1,2.0,,2.0,2.0,0.0,,0.0,0.0,0.0,1.0,,,1.0,,,,172,FIN,3,2.0,2.0,0
2020,Finland,1,0,1,1,2.0,,2.0,2.0,0.0,,0.0,0.0,0.0,1.0,,,0.0,,,,172,FIN,3,2.0,2.0,0
2021,Finland,1,0,1,1,2.0,,2.0,2.0,0.0,,0.0,0.0,0.0,1.0,,,,,,,172,FIN,3,2.0,2.0,0
2022,Finland,1,0,1,1,2.0,,2.0,2.0,0.0,,0.0,0.0,0.0,1.0,,,,,,,172,FIN,3,2.0,2.0,0
2023,Finland,1,0,1,1,2.0,,2.0,2.0,0.0,,0.0,0.0,0.0,1.0,,,,,,,172,FIN,3,2.0,2.0,0
2024,Finland,1,0,1,1,2.0,,2.0,2.0,0.0,,0.0,0.0,0.0,1.0,,,,,,,172,FIN,3,2.0,2.0,0
1990,France,0,0,0,0,,,,,,,,,,,,,,,,,132,FRA,0,,,0
1991,France,0,0,0,0,,,,,,,,,,,,,,,,,132,FRA,0,,,0
1992,France,0,0,1,1,,,,,,,,,,,,,,,,,132,FRA,2,,,0
1993,France,0,0,1,1,,,,,,,,,,,,,,,,,132,FRA,2,,,0
1994,France,0,0,1,1,,,,,,,,,,,,,,,,,132,FRA,2,,,0
1995,France,0,0,1,1,,,,,,,,,,,,,,,,,132,FRA,2,,,0
1996,France,0,0,1,1,,,,,,,,,,,,,,,,,132,FRA,2,,,0
1997,France,0,0,1,1,,,,,,,,,,,,,,,,,132,FRA,2,,,0
1998,France,1,0,1,1,3.0,,,,0.0,,,,0.0,1.0,,,,,,,132,FRA,3,3.0,3.0,0
1999,France,1,0,1,1,3.0,,,,0.0,,,,0.0,1.0,,,,,,,132,FRA,3,3.0,3.0,0
2000,France,1,0,1,1,3.0,,,,0.0,,,,0.0,1.0,,,,,,,132,FRA,3,3.0,3.0,0
2001,France,1,0,1,1,3.0,,,,0.0,,,,0.0,1.0,,,,,,,132,FRA,3,3.0,3.0,0
2002,France,1,0,1,1,3.0,,,,0.0,,,,0.0,1.0,,,,,,,132,FRA,3,3.0,3.0,0
2003,France,1,0,1,1,3.0,,,,0.0,,,,0.0,1.0,,,,,,,132,FRA,3,3.0,3.0,0
2004,France,1,0,1,1,3.0,,,,0.0,,,,0.0,1.0,1.0,,,,,,132,FRA,3,3.0,3.0,0
2005,France,1,0,1,1,3.0,,,,0.0,,,,0.0,1.0,1.0,,,,,,132,FRA,3,3.0,3.0,0
2006,France,1,1,1,1,3.0,5.0,,,0.0,0.0,,,0.0,1.0,1.0,,,,,,132,FRA,4,5.0,4.0,0
2007,France,1,1,1,1,3.0,5.0,,,0.0,0.0,,,0.0,1.0,1.0,,,,,,132,FRA,4,5.0,4.0,0
2008,France,1,1,1,1,3.0,5.0,,,0.0,0.0,,,0.0,1.0,1.0,,,,,,132,FRA,4,5.0,4.0,0
2009,France,1,1,1,1,3.0,5.0,,,0.0,0.0,,,0.0,1.0,1.0,,,,,,132,FRA,4,5.0,4.0,0
2010,France,1,1,1,1,3.0,5.0,,,0.0,0.0,,,0.0,1.0,1.0,,,,,,132,FRA,4,5.0,4.0,0
2011,France,1,1,1,1,3.0,5.0,,,0.0,0.0,,,0.0,1.0,1.0,,,,,,132,FRA,4,5.0,4.0,0
2012,France,1,1,1,1,3.0,5.0,,,0.0,0.0,,,0.0,1.0,1.0,,,,,,132,FRA,4,5.0,4.0,0
2013,France,1,1,1,1,3.0,5.0,3.0,,0.0,0.0,1.0,,0.0,1.0,1.0,,,,,,132,FRA,4,5.0,3.6666666666666665,1
2014,France,1,1,1,1,3.0,5.0,3.0,,0.0,0.0,1.0,,0.0,1.0,1.0,,,,,,132,FRA,4,5.0,3.6666666666666665,1
2015,France,1,1,1,1,3.0,5.0,3.0,,0.0,0.0,1.0,,0.0,1.0,1.0,,,,,,132,FRA,4,5.0,3.6666666666666665,1
2016,France,1,1,1,1,3.0,5.0,3.0,,0.0,0.0,1.0,,0.0,1.0,1.0,,,,,,132,FRA,4,5.0,3.6666666666666665,1
2017,France,1,1,1,1,3.0,5.0,3.0,,0.0,0.0,1.0,,0.0,1.0,1.0,,,,,,132,FRA,4,5.0,3.6666666666666665,1
2018,France,1,1,1,1,3.0,5.0,3.0,,0.0,0.0,1.0,,0.0,1.0,1.0,,,,,,132,FRA,4,5.0,3.6666666666666665,1
2019,France,1,1,1,1,3.0,5.0,3.0,,0.0,0.0,1.0,,0.0,1.0,1.0,,0.0,0.0,0.0,0.0,132,FRA,4,5.0,3.6666666666666665,1
2020,France,1,1,1,1,3.0,5.0,3.0,,0.0,0.0,1.0,,0.0,1.0,1.0,,1.0,1.0,1.0,1.0,132,FRA,4,5.0,3.6666666666666665,1
2021,France,1,1,1,1,3.0,5.0,3.0,,0.0,0.0,1.0,,0.0,1.0,1.0,,1.0,1.0,1.0,1.0,132,FRA,4,5.0,3.6666666666666665,1
2022,France,1,1,1,1,3.0,5.0,3.0,,0.0,0.0,1.0,,0.0,1.0,1.0,,1.0,1.0,1.0,1.0,132,FRA,4,5.0,3.6666666666666665,1
2023,France,1,1,1,1,3.0,5.0,3.0,,0.0,0.0,1.0,,0.0,1.0,1.0,,1.0,1.0,1.0,1.0,132,FRA,4,5.0,3.6666666666666665,1
2024,France,1,1,1,1,3.0,5.0,3.0,,0.0,0.0,1.0,,0.0,1.0,1.0,,0.0,0.0,0.0,0.0,132,FRA,4,5.0,3.6666666666666665,1
1990,Gabon,0,0,0,0,,,,,,,,,,,,,,,,,646,GAB,0,,,0
1991,Gabon,0,0,0,0,,,,,,,,,,,,,,,,,646,GAB,0,,,0
1992,Gabon,0,0,0,0,,,,,,,,,,,,,,,,,646,GAB,0,,,0
1993,Gabon,0,0,0,0,,,,,,,,,,,,,,,,,646,GAB,0,,,0
1994,Gabon,0,0,0,0,,,,,,,,,,,,,,,,,646,GAB,0,,,0
1995,Gabon,0,0,0,0,,,,,,,,,,,,,,,,,646,GAB,0,,,0
1996,Gabon,0,0,0,0,,,,,,,,,,,,,,,,,646,GAB,0,,,0
1997,Gabon,0,0,0,0,,,,,,,,,,,,,,,,,646,GAB,0,,,0
1998,Gabon,0,0,0,0,,,,,,,,,,,,,,,,,646,GAB,0,,,0
1999,Gabon,0,0,0,0,,,,,,,,,,,,,,,,,646,GAB,0,,,0
2000,Gabon,0,0,0,0,,,,,,,,,,,,,,,,,646,GAB,0,,,0
2001,Gabon,0,0,0,0,,,,,,,,,,,,,,,,,646,GAB,0,,,0
2002,Gabon,0,0,1,1,,,,,,,,,,,,,,,,,646,GAB,2,,,0
2003,Gabon,0,0,1,1,,,,,,,,,,,,,,,,,646,GAB,2,,,0
2004,Gabon,0,0,1,1,,,,,,,,,,,,,,,,,646,GAB,2,,,0
2005,Gabon,0,0,1,1,,,,,,,,,,,,,,,,,646,GAB,2,,,0
2006,Gabon,0,0,1,1,,,,,,,,,,,,,,,,,646,GAB,2,,,0
2007,Gabon,0,0,1,1,,,,,,,,,,,,,,,,,646,GAB,2,,,0
2008,Gabon,0,0,1,1,,,,,,,,,,,,,,,,,646,GAB,2,,,0
2009,Gabon,0,0,1,1,,,,,,,,,,,,,,,,,646,GAB,2,,,0
2010,Gabon,0,0,1,1,,,,,,,,,,,,,,,,,646,GAB,2,,,0
2011,Gabon,0,0,1,1,,,,,,,,,,,,,,,,,646,GAB,2,,,0
2012,Gabon,0,0,1,1,,,,,,,,,,,,,,,,,646,GAB,2,,,0
2013,Gabon,0,0,1,1,,,,,,,,,,,,,,,,,646,GAB,2,,,0
2014,Gabon,0,0,1,1,,,,,,,,,,,,,,,,,646,GAB,2,,,0
2015,Gabon,0,0,1,1,,,,,,,,,,,,,,,,,646,GAB,2,,,0
2016,Gabon,0,0,1,1,,,,,,,,,,,,,,,,,646,GAB,2,,,0
2017,Gabon,0,0,1,1,,,,,,,,,,,,,,,,,646,GAB,2,,,0
2018,Gabon,0,0,1,1,,,,,,,,,,,,,,,,,646,GAB,2,,,0
2019,Gabon,0,0,1,1,,,,,,,,,,,,,,,,,646,GAB,2,,,0
2020,Gabon,0,0,1,1,,,,,,,,,,,,,,,,,646,GAB,2,,,0
2021,Gabon,0,0,1,1,,,,,,,,,,,,,,,,,646,GAB,2,,,0
2022,Gabon,0,0,1,1,,,,,,,,,,,,,,,,,646,GAB,2,,,0
2023,Gabon,0,0,1,1,,,,,,,,,,,,,,,,,646,GAB,2,,,0
2024,Gabon,0,0,1,1,,,,,,,,,,,,,,,,,646,GAB,2,,,0
1990,Georgia,0,0,0,0,,,,,,,,,,,,,,,,,915,GEO,0,,,0
1991,Georgia,0,0,0,0,,,,,,,,,,,,,,,,,915,GEO,0,,,0
1992,Georgia,0,0,0,0,,,,,,,,,,,,,,,,,915,GEO,0,,,0
1993,Georgia,0,0,0,0,,,,,,,,,,,,,,,,,915,GEO,0,,,0
1994,Georgia,0,0,0,0,,,,,,,,,,,,,,,,,915,GEO,0,,,0
1995,Georgia,0,0,0,0,,,,,,,,,,,,,,,,,915,GEO,0,,,0
1996,Georgia,0,0,0,0,,,,,,,,,,,,,,,,,915,GEO,0,,,0
1997,Georgia,0,0,0,0,,,,,,,,,,,,,,,,,915,GEO,0,,,0
1998,Georgia,0,0,0,0,,,,,,,,,,,,,,,,,915,GEO,0,,,0
1999,Georgia,0,0,0,0,,,,,,,,,,,,,,,,,915,GEO,0,,,0
2000,Georgia,0,0,0,0,,,,,,,,,,,,,,,,,915,GEO,0,,,0
2001,Georgia,0,0,0,0,,,,,,,,,,,,,,,,,915,GEO,0,,,0
2002,Georgia,0,0,0,0,,,,,,,,,,,,,,,,,915,GEO,0,,,0
2003,Georgia,0,0,0,0,,,,,,,,,,,,,,,,,915,GEO,0,,,0
2004,Georgia,0,0,0,0,,,,,,,,,,,,,,,,,915,GEO,0,,,0
2005,Georgia,0,0,0,0,,,,,,,,,,,,,,,,,915,GEO,0,,,0
2006,Georgia,0,0,0,0,,,,,,,,,,,,,,,,,915,GEO,0,,,0
2007,Georgia,0,0,0,0,,,,,,,,,,,,,,,,,915,GEO,0,,,0
2008,Georgia,0,0,0,0,,,,,,,,,,,,,,,,,915,GEO,0,,,0
2009,Georgia,0,0,0,0,,,,,,,,,,,,,,,,,915,GEO,0,,,0
2010,Georgia,0,0,0,0,,,,,,,,,,,,,,,,,915,GEO,0,,,0
2011,Georgia,0,0,0,0,,,,,,,,,,,,,,,,,915,GEO,0,,,0
2012,Georgia,0,0,0,0,,,,,,,,,,,,,,,,,915,GEO,0,,,0
2013,Georgia,1,0,1,1,5.0,,5.0,5.0,0.0,,0.0,0.0,0.0,1.0,,,,,,,915,GEO,3,5.0,5.0,0
2014,Georgia,1,0,1,1,5.0,,5.0,5.0,0.0,,0.0,0.0,0.0,1.0,,,,,,,915,GEO,3,5.0,5.0,0
2015,Georgia,1,0,1,1,5.0,,5.0,5.0,0.0,,0.0,0.0,0.0,1.0,,,,,,,915,GEO,3,5.0,5.0,0
2016,Georgia,1,0,1,1,5.0,,5.0,5.0,0.0,,0.0,0.0,0.0,1.0,,,,,,,915,GEO,3,5.0,5.0,0
2017,Georgia,1,0,1,1,5.0,,5.0,5.0,0.0,,0.0,0.0,0.0,1.0,,,,,,,915,GEO,3,5.0,5.0,0
2018,Georgia,1,0,1,1,5.0,,5.0,5.0,0.0,,0.0,0.0,0.0,1.0,,,,,,,915,GEO,3,5.0,5.0,0
2019,Georgia,0,0,1,1,,,5.0,5.0,,,0.0,0.0,0.0,1.0,,,,,,,915,GEO,2,5.0,5.0,0
2020,Georgia,0,0,1,1,,,5.0,5.0,,,0.0,0.0,0.0,1.0,0.0,,,,0.0,1.0,915,GEO,2,5.0,5.0,0
2021,Georgia,0,0,1,1,,,5.0,5.0,,,0.0,0.0,0.0,1.0,0.0,,,,0.0,1.0,915,GEO,2,5.0,5.0,0
2022,Georgia,0,0,1,1,,,5.0,5.0,,,0.0,0.0,0.0,1.0,0.0,,,,1.0,1.0,915,GEO,2,5.0,5.0,0
2023,Georgia,0,0,1,1,,,5.0,5.0,,,0.0,0.0,0.0,1.0,0.0,,,,1.0,1.0,915,GEO,2,5.0,5.0,0
2024,Georgia,0,0,1,1,,,5.0,5.0,,,0.0,0.0,0.0,1.0,0.0,,,,1.0,1.0,915,GEO,2,5.0,5.0,0
1990,Germany,1,0,1,0,1.0,,5.0,,0.0,,0.0,,0.0,0.0,1.0,,,,,,134,DEU,2,5.0,3.0,0
1991,Germany,1,0,1,0,1.0,,5.0,,0.0,,0.0,,0.0,0.0,1.0,,,,,,134,DEU,2,5.0,3.0,0
1992,Germany,1,0,1,1,1.0,,5.0,,0.0,,0.0,,0.0,0.0,1.0,,,,,,134,DEU,3,5.0,3.0,0
1993,Germany,1,0,1,1,1.0,,5.0,,0.0,,0.0,,0.0,0.0,1.0,,,,,,134,DEU,3,5.0,3.0,0
1994,Germany,1,0,1,1,1.0,,5.0,,0.0,,0.0,,0.0,0.0,1.0,,,,,,134,DEU,3,5.0,3.0,0
1995,Germany,1,0,1,1,1.0,,5.0,,0.0,,0.0,,0.0,0.0,1.0,,,,,,134,DEU,3,5.0,3.0,0
1996,Germany,1,0,1,1,1.0,,5.0,,0.0,,0.0,,0.0,0.0,1.0,,,,,,134,DEU,3,5.0,3.0,0
1997,Germany,1,0,1,1,1.0,,5.0,,0.0,,0.0,,0.0,0.0,1.0,,,,,,134,DEU,3,5.0,3.0,0
1998,Germany,1,0,1,1,1.0,,5.0,,0.0,,0.0,,0.0,0.0,1.0,,,,,,134,DEU,3,5.0,3.0,0
1999,Germany,1,0,1,1,1.0,,5.0,,0.0,,0.0,,0.0,0.0,1.0,,,,,,134,DEU,3,5.0,3.0,0
2000,Germany,1,0,1,1,1.0,,5.0,,0.0,,0.0,,0.0,0.0,1.0,,,,,,134,DEU,3,5.0,3.0,0
2001,Germany,1,0,1,1,1.0,,5.0,,0.0,,0.0,,0.0,0.0,1.0,,,,,,134,DEU,3,5.0,3.0,0
2002,Germany,1,0,1,1,1.0,,5.0,,0.0,,0.0,,0.0,0.0,1.0,,,,,,134,DEU,3,5.0,3.0,0
2003,Germany,1,0,1,1,1.0,,5.0,,0.0,,0.0,,0.0,0.0,1.0,,,,,,134,DEU,3,5.0,3.0,0
2004,Germany,1,0,1,1,1.0,,5.0,,0.0,,0.0,,0.0,0.0,1.0,,,,,,134,DEU,3,5.0,3.0,0
2005,Germany,1,0,1,1,1.0,,5.0,,0.0,,0.0,,0.0,0.0,1.0,,,,,,134,DEU,3,5.0,3.0,0
2006,Germany,1,0,1,1,1.0,,5.0,,0.0,,0.0,,0.0,0.0,1.0,,,,,,134,DEU,3,5.0,3.0,0
2007,Germany,1,0,1,1,1.0,,5.0,,0.0,,0.0,,0.0,0.0,1.0,,,,,,134,DEU,3,5.0,3.0,0
2008,Germany,1,0,1,1,1.0,,5.0,,0.0,,0.0,,0.0,0.0,1.0,,,,,,134,DEU,3,5.0,3.0,0
2009,Germany,1,0,1,1,1.0,,5.0,,0.0,,0.0,,0.0,0.0,1.0,,,,,,134,DEU,3,5.0,3.0,0
2010,Germany,1,0,1,1,1.0,,5.0,,0.0,,0.0,,0.0,0.0,1.0,,,,,,134,DEU,3,5.0,3.0,0
2011,Germany,1,0,1,1,1.0,,5.0,,0.0,,1.0,,0.0,0.0,1.0,,,,,,134,DEU,3,5.0,3.0,1
2012,Germany,1,0,1,1,1.0,,5.0,,0.0,,1.0,,0.0,0.0,1.0,,,,,,134,DEU,3,5.0,3.0,1
2013,Germany,1,0,1,1,1.0,,5.0,,0.0,,1.0,,0.0,0.0,1.0,,,,,,134,DEU,3,5.0,3.0,1
2014,Germany,1,0,1,1,1.0,,5.0,,0.0,,1.0,,0.0,0.0,1.0,,,,,,134,DEU,3,5.0,3.0,1
2015,Germany,1,0,1,1,1.0,,5.0,,0.0,,1.0,,0.0,0.0,1.0,,,,,,134,DEU,3,5.0,3.0,1
2016,Germany,1,0,1,1,1.0,,5.0,,0.0,,1.0,,0.0,0.0,1.0,,,,,,134,DEU,3,5.0,3.0,1
2017,Germany,1,0,1,1,1.0,,5.0,,0.0,,1.0,,0.0,0.0,1.0,,,,,,134,DEU,3,5.0,3.0,1
2018,Germany,1,0,1,1,1.0,,5.0,,0.0,,1.0,,0.0,0.0,1.0,,,,,,134,DEU,3,5.0,3.0,1
2019,Germany,1,0,1,1,1.0,,5.0,,0.0,,1.0,,0.0,0.0,1.0,,,,,,134,DEU,3,5.0,3.0,1
2020,Germany,1,0,1,1,1.0,,5.0,,0.0,,1.0,,1.0,1.0,1.0,,,,1.0,,134,DEU,3,5.0,3.0,1
2021,Germany,1,0,1,1,1.0,,5.0,,0.0,,1.0,,1.0,1.0,1.0,,,,1.0,,134,DEU,3,5.0,3.0,1
2022,Germany,1,0,1,1,1.0,,5.0,,0.0,,1.0,,1.0,1.0,1.0,,,,1.0,,134,DEU,3,5.0,3.0,1
2023,Germany,1,0,1,1,1.0,,5.0,,0.0,,1.0,,1.0,1.0,1.0,,,,1.0,,134,DEU,3,5.0,3.0,1
2024,Germany,1,0,1,1,1.0,,5.0,,0.0,,1.0,,1.0,1.0,1.0,,,,1.0,,134,DEU,3,5.0,3.0,1
1990,Greece,0,0,0,0,,,,,,,,,,,,,,,,,174,GRC,0,,,0
1991,Greece,0,0,0,0,,,,,,,,,,,,,,,,,174,GRC,0,,,0
1992,Greece,0,0,1,1,,,,,,,,,,,,,,,,,174,GRC,2,,,0
1993,Greece,0,0,1,1,,,,,,,,,,,,,,,,,174,GRC,2,,,0
1994,Greece,0,0,1,1,,,,,,,,,,,,,,,,,174,GRC,2,,,0
1995,Greece,0,0,1,1,,,,,,,,,,,,,,,,,174,GRC,2,,,0
1996,Greece,0,0,1,1,,,,,,,,,,,,,,,,,174,GRC,2,,,0
1997,Greece,0,0,1,1,,,,,,,,,,,,,,,,,174,GRC,2,,,0
1998,Greece,0,0,1,1,,,,,,,,,,,,,,,,,174,GRC,2,,,0
1999,Greece,0,0,1,1,,,,,,,,,,,,,,,,,174,GRC,2,,,0
2000,Greece,0,0,1,1,,,,,,,,,,,,,,,,,174,GRC,2,,,0
2001,Greece,0,0,1,1,,,,,,,,,,,,,,,,,174,GRC,2,,,0
2002,Greece,0,0,1,1,,,,,,,,,,,,,,,,,174,GRC,2,,,0
2003,Greece,0,0,1,1,,,,,,,,,,,,,,,,,174,GRC,2,,,0
2004,Greece,0,0,1,1,,,,,,,,,,,,,,,,,174,GRC,2,,,0
2005,Greece,0,0,1,1,,,,,,,,,,,,,,,,,174,GRC,2,,,0
2006,Greece,0,0,1,1,,,,,,,,,,,,,,,,,174,GRC,2,,,0
2007,Greece,0,0,1,1,,,,,,,,,,,,,,,,,174,GRC,2,,,0
2008,Greece,0,0,1,1,,,,,,,,,,,,,,,,,174,GRC,2,,,0
2009,Greece,0,0,1,1,,,,,,,,,,,,,,,,,174,GRC,2,,,0
2010,Greece,0,0,1,1,,,,,,,,,,,,,,,,,174,GRC,2,,,0
2011,Greece,1,0,1,1,3.0,,,,0.0,,,,,,,,,,,,174,GRC,3,3.0,3.0,0
2012,Greece,1,0,1,1,3.0,,,,0.0,,,,,,,,,,,,174,GRC,3,3.0,3.0,0
2013,Greece,1,0,1,1,3.0,,,,0.0,,,,,,,,,,,,174,GRC,3,3.0,3.0,0
2014,Greece,1,0,1,1,3.0,,3.0,,0.0,,1.0,,,1.0,,,,,,,174,GRC,3,3.0,3.0,1
2015,Greece,1,0,1,1,3.0,,3.0,,0.0,,1.0,,,1.0,,,,,,,174,GRC,3,3.0,3.0,1
2016,Greece,1,0,1,1,3.0,,3.0,,0.0,,1.0,,,1.0,,,,,,,174,GRC,3,3.0,3.0,1
2017,Greece,1,0,1,1,3.0,,3.0,,0.0,,1.0,,,1.0,,,,,,,174,GRC,3,3.0,3.0,1
2018,Greece,1,0,1,1,3.0,,3.0,,0.0,,1.0,,,1.0,,,,,,,174,GRC,3,3.0,3.0,1
2019,Greece,1,0,1,1,3.0,,3.0,,0.0,,1.0,,,1.0,,,,,,,174,GRC,3,3.0,3.0,1
2020,Greece,1,0,1,1,3.0,,3.0,,0.0,,1.0,,,1.0,0.0,,1.0,,1.0,1.0,174,GRC,3,3.0,3.0,1
2021,Greece,1,0,1,1,3.0,,3.0,,0.0,,1.0,,,1.0,0.0,,1.0,,1.0,1.0,174,GRC,3,3.0,3.0,1
2022,Greece,1,0,1,1,3.0,,3.0,,0.0,,1.0,,,1.0,0.0,,1.0,,1.0,1.0,174,GRC,3,3.0,3.0,1
2023,Greece,1,0,1,1,3.0,,3.0,,0.0,,1.0,,,1.0,0.0,,1.0,,1.0,1.0,174,GRC,3,3.0,3.0,1
2024,Greece,1,0,1,1,3.0,,3.0,,0.0,,1.0,,,1.0,0.0,,1.0,,1.0,1.0,174,GRC,3,3.0,3.0,1
1990,Grenada,0,0,0,0,,,,,,,,,,,,,,,,,328,GRD,0,,,0
1991,Grenada,0,0,0,0,,,,,,,,,,,,,,,,,328,GRD,0,,,0
1992,Grenada,0,0,0,0,,,,,,,,,,,,,,,,,328,GRD,0,,,0
1993,Grenada,0,0,0,0,,,,,,,,,,,,,,,,,328,GRD,0,,,0
1994,Grenada,0,0,0,0,,,,,,,,,,,,,,,,,328,GRD,0,,,0
1995,Grenada,0,0,0,0,,,,,,,,,,,,,,,,,328,GRD,0,,,0
1996,Grenada,0,0,0,0,,,,,,,,,,,,,,,,,328,GRD,0,,,0
1997,Grenada,0,0,0,0,,,,,,,,,,,,,,,,,328,GRD,0,,,0
1998,Grenada,0,0,1,1,,,,,,,,,,,,,,,,,328,GRD,2,,,0
1999,Grenada,0,0,1,1,,,,,,,,,,,,,,,,,328,GRD,2,,,0
2000,Grenada,0,0,1,1,,,,,,,,,,,,,,,,,328,GRD,2,,,0
2001,Grenada,0,0,1,1,,,,,,,,,,,,,,,,,328,GRD,2,,,0
2002,Grenada,0,0,1,1,,,,,,,,,,,,,,,,,328,GRD,2,,,0
2003,Grenada,0,0,1,1,,,,,,,,,,,,,,,,,328,GRD,2,,,0
2004,Grenada,0,0,1,1,,,,,,,,,,,,,,,,,328,GRD,2,,,0
2005,Grenada,0,0,1,1,,,,,,,,,,,,,,,,,328,GRD,2,,,0
2006,Grenada,0,0,0,1,,,,,,,,,,,,,,,,,328,GRD,1,,,0
2007,Grenada,0,0,0,1,,,,,,,,,,,,,,,,,328,GRD,1,,,0
2008,Grenada,0,0,0,1,,,,,,,,,,,,,,,,,328,GRD,1,,,0
2009,Grenada,0,0,0,1,,,,,,,,,,,,,,,,,328,GRD,1,,,0
2010,Grenada,0,0,0,1,,,,,,,,,,,,,,,,,328,GRD,1,,,0
2011,Grenada,0,0,0,1,,,,,,,,,,,,,,,,,328,GRD,1,,,0
2012,Grenada,0,0,0,1,,,,,,,,,,,,,,,,,328,GRD,1,,,0
2013,Grenada,0,0,0,1,,,,,,,,,,,,,,,,,328,GRD,1,,,0
2014,Grenada,0,0,0,1,,,,,,,,,,,,,,,,,328,GRD,1,,,0
2015,Grenada,1,0,1,1,3.0,,3.0,3.0,1.0,,1.0,1.0,,1.0,2.0,,,,,,328,GRD,3,3.0,3.0,1
2016,Grenada,1,0,1,1,3.0,,3.0,3.0,1.0,,1.0,1.0,,1.0,2.0,,,,,,328,GRD,3,3.0,3.0,1
2017,Grenada,1,0,1,1,3.0,,3.0,3.0,1.0,,1.0,1.0,,1.0,2.0,,,,,,328,GRD,3,3.0,3.0,1
2018,Grenada,1,0,1,1,3.0,,3.0,3.0,1.0,,1.0,1.0,,1.0,2.0,,,,,,328,GRD,3,3.0,3.0,1
2019,Grenada,1,0,1,1,3.0,,3.0,3.0,1.0,,1.0,1.0,,1.0,2.0,,,,,,328,GRD,3,3.0,3.0,1
2020,Grenada,1,0,1,1,3.0,,3.0,3.0,1.0,,1.0,1.0,,1.0,2.0,,0.0,,0.0,0.0,328,GRD,3,3.0,3.0,1
2021,Grenada,1,0,1,1,3.0,,3.0,3.0,1.0,,1.0,1.0,,1.0,2.0,,0.0,,0.0,0.0,328,GRD,3,3.0,3.0,1
2022,Grenada,1,0,1,1,3.0,,3.0,3.0,1.0,,1.0,1.0,,1.0,2.0,,0.0,,0.0,0.0,328,GRD,3,3.0,3.0,1
2023,Grenada,1,0,1,1,3.0,,3.0,3.0,1.0,,1.0,1.0,,1.0,2.0,,1.0,,1.0,0.0,328,GRD,3,3.0,3.0,1
2024,Grenada,0,0,1,1,,,3.0,3.0,,,1.0,1.0,,1.0,2.0,,,,1.0,0.0,328,GRD,2,3.0,3.0,1
1990,Guinea Bissau,0,0,0,0,,,,,,,,,,,,,,,,,654,GNB,0,,,0
1991,Guinea Bissau,0,0,0,0,,,,,,,,,,,,,,,,,654,GNB,0,,,0
1992,Guinea Bissau,0,0,0,0,,,,,,,,,,,,,,,,,654,GNB,0,,,0
1993,Guinea Bissau,0,0,0,0,,,,,,,,,,,,,,,,,654,GNB,0,,,0
1994,Guinea Bissau,0,0,0,0,,,,,,,,,,,,,,,,,654,GNB,0,,,0
1995,Guinea Bissau,0,0,0,0,,,,,,,,,,,,,,,,,654,GNB,0,,,0
1996,Guinea Bissau,0,0,0,0,,,,,,,,,,,,,,,,,654,GNB,0,,,0
1997,Guinea Bissau,0,0,0,0,,,,,,,,,,,,,,,,,654,GNB,0,,,0
1998,Guinea Bissau,0,0,0,0,,,,,,,,,,,,,,,,,654,GNB,0,,,0
1999,Guinea Bissau,0,0,0,0,,,,,,,,,,,,,,,,,654,GNB,0,,,0
2000,Guinea Bissau,0,1,1,1,,,,,,,,,,,,,,,,,654,GNB,3,,,0
2001,Guinea Bissau,0,1,1,1,,,,,,,,,,,,,,,,,654,GNB,3,,,0
2002,Guinea Bissau,0,1,1,1,,,,,,,,,,,,,,,,,654,GNB,3,,,0
2003,Guinea Bissau,0,1,1,1,,,,,,,,,,,,,,,,,654,GNB,3,,,0
2004,Guinea Bissau,0,1,1,1,,,,,,,,,,,,,,,,,654,GNB,3,,,0
2005,Guinea Bissau,0,1,1,1,,,,,,,,,,,,,,,,,654,GNB,3,,,0
2006,Guinea Bissau,0,1,1,1,,,,,,,,,,,,,,,,,654,GNB,3,,,0
2007,Guinea Bissau,0,1,1,1,,,,,,,,,,,,,,,,,654,GNB,3,,,0
2008,Guinea Bissau,0,1,1,1,,,,,,,,,,,,,,,,,654,GNB,3,,,0
2009,Guinea Bissau,0,1,1,1,,,,,,,,,,,,,,,,,654,GNB,3,,,0
2010,Guinea Bissau,0,1,1,1,,,,,,,,,,,,,,,,,654,GNB,3,,,0
2011,Guinea Bissau,0,1,1,1,,,,,,,,,,,,,,,,,654,GNB,3,,,0
2012,Guinea Bissau,0,1,1,1,,,,,,,,,,,,,,,,,654,GNB,3,,,0
2013,Guinea Bissau,0,1,1,1,,,,,,,,,,,,,,,,,654,GNB,3,,,0
2014,Guinea Bissau,0,1,1,1,,,,,,,,,,,,,,,,,654,GNB,3,,,0
2015,Guinea Bissau,0,1,1,1,,,,,,,,,,,,,,,,,654,GNB,3,,,0
2016,Guinea Bissau,0,1,1,1,,,,,,,,,,,,,,,,,654,GNB,3,,,0
2017,Guinea Bissau,0,1,1,1,,,,,,,,,,,,,,,,,654,GNB,3,,,0
2018,Guinea Bissau,0,1,1,1,,,,,,,,,,,,,,,,,654,GNB,3,,,0
2019,Guinea Bissau,0,1,1,1,,,,,,,,,,,,,,,,,654,GNB,3,,,0
2020,Guinea Bissau,0,1,1,1,,,,,,,,,,,,,,,,,654,GNB,3,,,0
2021,Guinea Bissau,0,1,1,1,,,,,,,,,,,,,,,,,654,GNB,3,,,0
2022,Guinea Bissau,0,1,1,1,,,,,,,,,,,,,,,,,654,GNB,3,,,0
2023,Guinea Bissau,0,1,1,1,,,,,,,,,,,,,,,,,654,GNB,3,,,0
2024,Guinea Bissau,0,1,1,1,,,,,,,,,,,,,,,,,654,GNB,3,,,0
1990,Honduras,0,0,0,0,,,,,,,,,,,,,,,,,268,HND,0,,,0
1991,Honduras,0,0,0,0,,,,,,,,,,,,,,,,,268,HND,0,,,0
1992,Honduras,0,0,0,0,,,,,,,,,,,,,,,,,268,HND,0,,,0
1993,Honduras,0,0,0,0,,,,,,,,,,,,,,,,,268,HND,0,,,0
1994,Honduras,0,0,0,0,,,,,,,,,,,,,,,,,268,HND,0,,,0
1995,Honduras,0,0,0,0,,,,,,,,,,,,,,,,,268,HND,0,,,0
1996,Honduras,0,0,0,0,,,,,,,,,,,,,,,,,268,HND,0,,,0
1997,Honduras,0,0,0,0,,,,,,,,,,,,,,,,,268,HND,0,,,0
1998,Honduras,0,0,0,0,,,,,,,,,,,,,,,,,268,HND,0,,,0
1999,Honduras,0,0,0,0,,,,,,,,,,,,,,,,,268,HND,0,,,0
2000,Honduras,0,0,0,0,,,,,,,,,,,,,,,,,268,HND,0,,,0
2001,Honduras,0,0,0,0,,,,,,,,,,,,,,,,,268,HND,0,,,0
2002,Honduras,0,0,0,0,,,,,,,,,,,,,,,,,268,HND,0,,,0
2003,Honduras,0,0,0,0,,,,,,,,,,,,,,,,,268,HND,0,,,0
2004,Honduras,0,0,0,0,,,,,,,,,,,,,,,,,268,HND,0,,,0
2005,Honduras,0,0,0,0,,,,,,,,,,,,,,,,,268,HND,0,,,0
2006,Honduras,0,0,0,0,,,,,,,,,,,,,,,,,268,HND,0,,,0
2007,Honduras,0,0,0,0,,,,,,,,,,,,,,,,,268,HND,0,,,0
2008,Honduras,0,0,0,0,,,,,,,,,,,,,,,,,268,HND,0,,,0
2009,Honduras,0,0,0,0,,,,,,,,,,,,,,,,,268,HND,0,,,0
2010,Honduras,0,0,0,0,,,,,,,,,,,,,,,,,268,HND,0,,,0
2011,Honduras,0,0,0,0,,,,,,,,,,,,,,,,,268,HND,0,,,0
2012,Honduras,0,0,0,0,,,,,,,,,,,,,,,,,268,HND,0,,,0
2013,Honduras,0,0,0,0,,,,,,,,,,,,,,,,,268,HND,0,,,0
2014,Honduras,0,0,0,0,,,,,,,,,,,,,,,,,268,HND,0,,,0
2015,Honduras,0,0,0,0,,,,,,,,,,,,,,,,,268,HND,0,,,0
2016,Honduras,1,0,1,0,3.0,,3.0,,,,,,,,1.0,,1.0,,1.0,,268,HND,2,3.0,3.0,0
2017,Honduras,1,0,1,0,3.0,,3.0,,,,,,,,1.0,,1.0,,1.0,,268,HND,2,3.0,3.0,0
2018,Honduras,1,0,1,0,3.0,,3.0,,,,,,,,1.0,,1.0,,1.0,,268,HND,2,3.0,3.0,0
2019,Honduras,1,0,1,0,3.0,,3.0,,,,,,,,1.0,,1.0,,1.0,,268,HND,2,3.0,3.0,0
2020,Honduras,1,0,1,0,3.0,,3.0,,,,,,,,1.0,,1.0,,1.0,,268,HND,2,3.0,3.0,0
2021,Honduras,1,0,1,0,3.0,,3.0,,,,,,,,1.0,,1.0,,1.0,,268,HND,2,3.0,3.0,0
2022,Honduras,1,0,1,0,3.0,,3.0,,,,,,,,1.0,,1.0,,1.0,,268,HND,2,3.0,3.0,0
2023,Honduras,1,0,1,0,3.0,,3.0,,,,,,,,1.0,,1.0,,1.0,,268,HND,2,3.0,3.0,0
2024,Honduras,1,0,1,0,3.0,,3.0,,,,,,,,1.0,,1.0,,1.0,,268,HND,2,3.0,3.0,0
1990,Hong Kong SAR,0,0,0,0,,,,,,,,,,,,,,,,,532,HKG,0,,,0
1991,Hong Kong SAR,0,0,0,0,,,,,,,,,,,,,,,,,532,HKG,0,,,0
1992,Hong Kong SAR,0,0,0,0,,,,,,,,,,,,,,,,,532,HKG,0,,,0
1993,Hong Kong SAR,0,0,0,0,,,,,,,,,,,,,,,,,532,HKG,0,,,0
1994,Hong Kong SAR,0,0,0,0,,,,,,,,,,,,,,,,,532,HKG,0,,,0
1995,Hong Kong SAR,0,0,0,0,,,,,,,,,,,,,,,,,532,HKG,0,,,0
1996,Hong Kong SAR,0,0,0,0,,,,,,,,,,,,,,,,,532,HKG,0,,,0
1997,Hong Kong SAR,0,0,1,0,,,5.0,,,,0.0,,0.0,0.0,0.0,,,,,,532,HKG,1,5.0,5.0,0
1998,Hong Kong SAR,0,0,1,0,,,5.0,,,,0.0,,0.0,0.0,0.0,,,,,,532,HKG,1,5.0,5.0,0
1999,Hong Kong SAR,0,0,1,0,,,5.0,,,,0.0,,0.0,0.0,0.0,,,,,,532,HKG,1,5.0,5.0,0
2000,Hong Kong SAR,0,0,1,0,,,5.0,,,,0.0,,0.0,0.0,0.0,,,,,,532,HKG,1,5.0,5.0,0
2001,Hong Kong SAR,0,0,1,0,,,5.0,,,,0.0,,0.0,0.0,0.0,,,,,,532,HKG,1,5.0,5.0,0
2002,Hong Kong SAR,0,0,1,0,,,5.0,,,,0.0,,0.0,0.0,0.0,,,,,,532,HKG,1,5.0,5.0,0
2003,Hong Kong SAR,0,0,1,0,,,5.0,,,,0.0,,0.0,0.0,0.0,,,,,,532,HKG,1,5.0,5.0,0
2004,Hong Kong SAR,0,0,1,0,,,5.0,,,,0.0,,0.0,0.0,0.0,,,,,,532,HKG,1,5.0,5.0,0
2005,Hong Kong SAR,0,0,1,0,,,5.0,,,,0.0,,0.0,0.0,0.0,,,,,,532,HKG,1,5.0,5.0,0
2006,Hong Kong SAR,0,0,1,0,,,5.0,,,,0.0,,0.0,0.0,0.0,,,,,,532,HKG,1,5.0,5.0,0
2007,Hong Kong SAR,0,0,1,0,,,5.0,,,,0.0,,0.0,0.0,0.0,,,,,,532,HKG,1,5.0,5.0,0
2008,Hong Kong SAR,0,0,1,0,,,5.0,,,,0.0,,0.0,0.0,0.0,,,,,,532,HKG,1,5.0,5.0,0
2009,Hong Kong SAR,0,0,1,0,,,5.0,,,,0.0,,0.0,0.0,0.0,,,,,,532,HKG,1,5.0,5.0,0
2010,Hong Kong SAR,0,0,1,0,,,5.0,,,,0.0,,0.0,0.0,0.0,,,,,,532,HKG,1,5.0,5.0,0
2011,Hong Kong SAR,0,0,1,0,,,5.0,,,,0.0,,0.0,0.0,0.0,,,,,,532,HKG,1,5.0,5.0,0
2012,Hong Kong SAR,0,0,1,0,,,5.0,,,,0.0,,0.0,0.0,0.0,,,,,,532,HKG,1,5.0,5.0,0
2013,Hong Kong SAR,0,0,1,0,,,5.0,,,,0.0,,0.0,0.0,0.0,,,,,,532,HKG,1,5.0,5.0,0
2014,Hong Kong SAR,0,0,1,0,,,5.0,,,,0.0,,0.0,0.0,0.0,,,,,,532,HKG,1,5.0,5.0,0
2015,Hong Kong SAR,0,0,1,0,,,5.0,,,,0.0,,0.0,0.0,0.0,,,,,,532,HKG,1,5.0,5.0,0
2016,Hong Kong SAR,0,0,1,0,,,5.0,,,,0.0,,0.0,0.0,0.0,,,,,,532,HKG,1,5.0,5.0,0
2017,Hong Kong SAR,0,0,1,0,,,5.0,,,,0.0,,0.0,0.0,0.0,,,,,,532,HKG,1,5.0,5.0,0
2018,Hong Kong SAR,0,0,1,0,,,5.0,,,,0.0,,0.0,0.0,0.0,,,,,,532,HKG,1,5.0,5.0,0
2019,Hong Kong SAR,0,0,1,0,,,5.0,,,,0.0,,0.0,0.0,0.0,,,,,,532,HKG,1,5.0,5.0,0
2020,Hong Kong SAR,0,0,1,0,,,5.0,,,,0.0,,0.0,0.0,0.0,,,,,,532,HKG,1,5.0,5.0,0
2021,Hong Kong SAR,0,0,1,0,,,5.0,,,,0.0,,0.0,0.0,0.0,,,,,,532,HKG,1,5.0,5.0,0
2022,Hong Kong SAR,0,0,1,0,,,5.0,,,,0.0,,0.0,0.0,0.0,,,,,,532,HKG,1,5.0,5.0,0
2023,Hong Kong SAR,0,0,1,0,,,5.0,,,,0.0,,0.0,0.0,0.0,,,,,,532,HKG,1,5.0,5.0,0
2024,Hong Kong SAR,0,0,1,0,,,5.0,,,,0.0,,0.0,0.0,0.0,,,,,,532,HKG,1,5.0,5.0,0
1990,Hungary,0,0,0,0,,,,,,,,,,,,,,,,,944,HUN,0,,,0
1991,Hungary,0,0,0,0,,,,,,,,,,,,,,,,,944,HUN,0,,,0
1992,Hungary,0,0,0,0,,,,,,,,,,,,,,,,,944,HUN,0,,,0
1993,Hungary,0,0,0,0,,,,,,,,,,,,,,,,,944,HUN,0,,,0
1994,Hungary,0,0,0,0,,,,,,,,,,,,,,,,,944,HUN,0,,,0
1995,Hungary,0,0,0,0,,,,,,,,,,,,,,,,,944,HUN,0,,,0
1996,Hungary,0,0,0,0,,,,,,,,,,,,,,,,,944,HUN,0,,,0
1997,Hungary,0,0,0,0,,,,,,,,,,,,,,,,,944,HUN,0,,,0
1998,Hungary,0,0,0,0,,,,,,,,,,,,,,,,,944,HUN,0,,,0
1999,Hungary,0,0,0,0,,,,,,,,,,,,,,,,,944,HUN,0,,,0
2000,Hungary,0,0,0,0,,,,,,,,,,,,,,,,,944,HUN,0,,,0
2001,Hungary,0,0,0,0,,,,,,,,,,,,,,,,,944,HUN,0,,,0
2002,Hungary,0,0,0,0,,,,,,,,,,,,,,,,,944,HUN,0,,,0
2003,Hungary,0,0,0,0,,,,,,,,,,,,,,,,,944,HUN,0,,,0
2004,Hungary,0,0,1,1,,,3.0,,,,0.0,,0.0,0.0,,,,,,,944,HUN,2,3.0,3.0,0
2005,Hungary,0,0,1,1,,,3.0,,,,0.0,,0.0,0.0,,,,,,,944,HUN,2,3.0,3.0,0
2006,Hungary,0,0,1,1,,,3.0,,,,0.0,,0.0,0.0,,,,,,,944,HUN,2,3.0,3.0,0
2007,Hungary,0,0,1,1,,,3.0,,,,0.0,,0.0,0.0,,,,,,,944,HUN,2,3.0,3.0,0
2008,Hungary,0,0,1,1,,,3.0,,,,0.0,,0.0,0.0,,,,,,,944,HUN,2,3.0,3.0,0
2009,Hungary,0,0,1,1,,,3.0,,,,0.0,,0.0,1.0,,,,,,,944,HUN,2,3.0,3.0,0
2010,Hungary,1,0,1,1,3.0,,3.0,,0.0,,0.0,,0.0,1.0,,,,,,,944,HUN,3,3.0,3.0,0
2011,Hungary,1,0,1,1,3.0,,3.0,,0.0,,0.0,,0.0,0.0,,,,,,,944,HUN,3,3.0,3.0,0
2012,Hungary,1,0,1,1,,,,,,,,,,,,,,,,,944,HUN,3,,,0
2013,Hungary,1,0,1,1,,,,,,,,,,,,,,,,,944,HUN,3,,,0
2014,Hungary,1,0,1,1,,,,,,,,,,,,,,,,,944,HUN,3,,,0
2015,Hungary,1,0,1,1,,,3.0,,,,1.0,,,,,,,,,,944,HUN,3,3.0,3.0,1
2016,Hungary,1,0,1,1,,,3.0,3.0,,,1.0,1.0,0.0,1.0,,,,,,,944,HUN,3,3.0,3.0,1
2017,Hungary,1,0,1,1,,,3.0,3.0,,,1.0,1.0,0.0,1.0,,,,,,,944,HUN,3,3.0,3.0,1
2018,Hungary,1,0,1,1,,,3.0,3.0,,,1.0,1.0,0.0,1.0,,,,,,,944,HUN,3,3.0,3.0,1
2019,Hungary,1,0,1,1,,,3.0,3.0,,,1.0,1.0,0.0,1.0,,,,,,,944,HUN,3,3.0,3.0,1
2020,Hungary,1,0,1,1,,,3.0,3.0,,,1.0,1.0,0.0,1.0,,,,,,,944,HUN,3,3.0,3.0,1
2021,Hungary,1,0,1,1,,,3.0,3.0,,,1.0,1.0,0.0,1.0,,,,,,,944,HUN,3,3.0,3.0,1
2022,Hungary,1,0,1,1,,,3.0,3.0,,,1.0,1.0,0.0,1.0,,,,,,,944,HUN,3,3.0,3.0,1
2023,Hungary,1,0,1,1,,,3.0,3.0,,,1.0,1.0,0.0,1.0,,,,,,,944,HUN,3,3.0,3.0,1
2024,Hungary,1,0,1,1,,,3.0,3.0,,,1.0,1.0,0.0,1.0,,,,,,,944,HUN,3,3.0,3.0,1
1990,Iceland,0,0,0,0,,,,,,,,,,,,,,,,,176,ISL,0,,,0
1991,Iceland,0,0,0,0,,,,,,,,,,,,,,,,,176,ISL,0,,,0
1992,Iceland,0,0,0,0,,,,,,,,,,,,,,,,,176,ISL,0,,,0
1993,Iceland,0,0,0,0,,,,,,,,,,,,,,,,,176,ISL,0,,,0
1994,Iceland,0,0,0,0,,,,,,,,,,,,,,,,,176,ISL,0,,,0
1995,Iceland,0,0,0,0,,,,,,,,,,,,,,,,,176,ISL,0,,,0
1996,Iceland,0,0,0,0,,,,,,,,,,,,,,,,,176,ISL,0,,,0
1997,Iceland,0,0,0,0,,,,,,,,,,,,,,,,,176,ISL,0,,,0
1998,Iceland,0,0,0,0,,,,,,,,,,,,,,,,,176,ISL,0,,,0
1999,Iceland,0,0,0,0,,,,,,,,,,,,,,,,,176,ISL,0,,,0
2000,Iceland,0,0,0,0,,,,,,,,,,,,,,,,,176,ISL,0,,,0
2001,Iceland,0,0,0,0,,,,,,,,,,,,,,,,,176,ISL,0,,,0
2002,Iceland,0,0,0,0,,,,,,,,,,,,,,,,,176,ISL,0,,,0
2003,Iceland,0,0,0,0,,,,,,,,,,,,,,,,,176,ISL,0,,,0
2004,Iceland,1,0,0,0,1.0,,,,0.0,,,,0.0,0.0,,,,,,,176,ISL,1,1.0,1.0,0
2005,Iceland,1,0,0,0,1.0,,,,0.0,,,,0.0,0.0,,,,,,,176,ISL,1,1.0,1.0,0
2006,Iceland,1,0,0,0,1.0,,,,0.0,,,,0.0,0.0,,,,,,,176,ISL,1,1.0,1.0,0
2007,Iceland,1,0,0,0,1.0,,,,0.0,,,,0.0,0.0,,,,,,,176,ISL,1,1.0,1.0,0
2008,Iceland,1,0,0,0,1.0,,,,0.0,,,,0.0,0.0,,,,,,,176,ISL,1,1.0,1.0,0
2009,Iceland,0,0,0,0,,,,,,,,,,,,,,,,,176,ISL,0,,,0
2010,Iceland,0,0,0,0,,,,,,,,,,,,,,,,,176,ISL,0,,,0
2011,Iceland,0,0,0,0,,,,,,,,,,,,,,,,,176,ISL,0,,,0
2012,Iceland,0,0,0,0,,,,,,,,,,,,,,,,,176,ISL,0,,,0
2013,Iceland,0,0,0,0,,,,,,,,,,,,,,,,,176,ISL,0,,,0
2014,Iceland,0,0,0,0,,,,,,,,,,,,,,,,,176,ISL,0,,,0
2015,Iceland,0,0,0,0,,,,,,,,,,,,,,,,,176,ISL,0,,,0
2016,Iceland,0,0,1,1,,,1.0,1.0,,,1.0,1.0,,,,,,,,,176,ISL,2,1.0,1.0,1
2017,Iceland,0,0,1,1,,,1.0,1.0,,,1.0,1.0,,,,,,,,,176,ISL,2,1.0,1.0,1
2018,Iceland,0,0,1,1,,,1.0,1.0,,,1.0,1.0,,,,,,,,,176,ISL,2,1.0,1.0,1
2019,Iceland,0,0,1,1,,,1.0,1.0,,,1.0,1.0,,,,,,,,,176,ISL,2,1.0,1.0,1
2020,Iceland,0,0,1,1,,,1.0,1.0,,,1.0,1.0,,,,,,,,,176,ISL,2,1.0,1.0,1
2021,Iceland,0,0,1,1,,,1.0,1.0,,,1.0,1.0,,,,,,,,,176,ISL,2,1.0,1.0,1
2022,Iceland,0,0,1,1,,,1.0,1.0,,,1.0,1.0,,,,,,,,,176,ISL,2,1.0,1.0,1
2023,Iceland,0,0,1,1,,,1.0,1.0,,,1.0,1.0,,,,,,,,,176,ISL,2,1.0,1.0,1
2024,Iceland,0,0,1,1,,,1.0,1.0,,,1.0,1.0,,,,,,,,,176,ISL,2,1.0,1.0,1
1990,India,0,0,0,0,,,,,,,,,,,,,,,,,534,IND,0,,,0
1991,India,0,0,0,0,,,,,,,,,,,,,,,,,534,IND,0,,,0
1992,India,0,0,0,0,,,,,,,,,,,,,,,,,534,IND,0,,,0
1993,India,0,0,0,0,,,,,,,,,,,,,,,,,534,IND,0,,,0
1994,India,0,0,0,0,,,,,,,,,,,,,,,,,534,IND,0,,,0
1995,India,0,0,0,0,,,,,,,,,,,,,,,,,534,IND,0,,,0
1996,India,0,0,0,0,,,,,,,,,,,,,,,,,534,IND,0,,,0
1997,India,0,0,0,0,,,,,,,,,,,,,,,,,534,IND,0,,,0
1998,India,0,0,0,0,,,,,,,,,,,,,,,,,534,IND,0,,,0
1999,India,0,0,0,0,,,,,,,,,,,,,,,,,534,IND,0,,,0
2000,India,0,0,0,0,,,,,,,,,,,,,,,,,534,IND,0,,,0
2001,India,0,0,0,0,,,,,,,,,,,,,,,,,534,IND,0,,,0
2002,India,0,0,0,0,,,,,,,,,,,,,,,,,534,IND,0,,,0
2003,India,0,0,0,0,,,,,,,,,,,,,,,,,534,IND,0,,,0
2004,India,0,0,1,0,,,3.0,,,,0.0,,0.0,0.0,0.0,,,,,,534,IND,1,3.0,3.0,0
2005,India,0,0,1,0,,,3.0,,,,0.0,,0.0,0.0,0.0,,,,,,534,IND,1,3.0,3.0,0
2006,India,0,0,1,0,,,3.0,,,,0.0,,0.0,0.0,0.0,,,,,,534,IND,1,3.0,3.0,0
2007,India,0,0,1,0,,,3.0,,,,0.0,,0.0,0.0,0.0,,,,,,534,IND,1,3.0,3.0,0
2008,India,0,0,1,0,,,3.0,,,,0.0,,0.0,0.0,0.0,,,,,,534,IND,1,3.0,3.0,0
2009,India,0,0,1,0,,,3.0,,,,0.0,,0.0,0.0,0.0,,,,,,534,IND,1,3.0,3.0,0
2010,India,0,0,1,0,,,3.0,,,,0.0,,0.0,0.0,0.0,,,,,,534,IND,1,3.0,3.0,0
2011,India,0,0,1,0,,,3.0,,,,0.0,,0.0,0.0,0.0,,,,,,534,IND,1,3.0,3.0,0
2012,India,0,0,1,0,,,3.0,,,,0.0,,0.0,0.0,0.0,,,,,,534,IND,1,3.0,3.0,0
2013,India,0,0,1,0,,,3.0,,,,0.0,,0.0,0.0,0.0,,,,,,534,IND,1,3.0,3.0,0
2014,India,0,0,1,0,,,3.0,,,,0.0,,0.0,0.0,0.0,,,,,,534,IND,1,3.0,3.0,0
2015,India,0,0,1,0,,,3.0,,,,0.0,,0.0,0.0,0.0,,,,,,534,IND,1,3.0,3.0,0
2016,India,0,0,1,0,,,3.0,,,,0.0,,0.0,0.0,0.0,,,,,,534,IND,1,3.0,3.0,0
2017,India,0,0,1,0,,,3.0,,,,0.0,,0.0,0.0,0.0,,,,,,534,IND,1,3.0,3.0,0
2018,India,0,0,1,1,,,3.0,3.0,,,0.0,0.0,0.0,0.0,2.0,,,,,,534,IND,2,3.0,3.0,0
2019,India,0,0,1,1,,,3.0,3.0,,,0.0,0.0,0.0,0.0,2.0,,,,,,534,IND,2,3.0,3.0,0
2020,India,0,0,1,1,,,3.0,3.0,,,0.0,0.0,0.0,0.0,2.0,,,,0.0,0.0,534,IND,2,3.0,3.0,0
2021,India,0,0,1,1,,,3.0,3.0,,,0.0,0.0,0.0,0.0,2.0,,,,0.0,0.0,534,IND,2,3.0,3.0,0
2022,India,0,0,1,1,,,3.0,3.0,,,0.0,0.0,0.0,0.0,2.0,,,,0.0,0.0,534,IND,2,3.0,3.0,0
2023,India,0,0,1,1,,,3.0,3.0,,,0.0,0.0,0.0,0.0,2.0,,,,0.0,0.0,534,IND,2,3.0,3.0,0
2024,India,0,0,1,1,,,3.0,3.0,,,0.0,0.0,0.0,0.0,2.0,,,,0.0,0.0,534,IND,2,3.0,3.0,0
1990,Indonesia,0,0,1,0,,,2.0,,,,0.0,,0.0,0.0,,,,,,,536,IDN,1,2.0,2.0,0
1991,Indonesia,0,0,1,0,,,2.0,,,,0.0,,0.0,0.0,,,,,,,536,IDN,1,2.0,2.0,0
1992,Indonesia,0,0,1,0,,,2.0,,,,0.0,,0.0,0.0,,,,,,,536,IDN,1,2.0,2.0,0
1993,Indonesia,0,0,1,0,,,2.0,,,,0.0,,0.0,0.0,,,,,,,536,IDN,1,2.0,2.0,0
1994,Indonesia,0,0,1,0,,,2.0,,,,0.0,,0.0,0.0,,,,,,,536,IDN,1,2.0,2.0,0
1995,Indonesia,0,0,1,0,,,2.0,,,,0.0,,0.0,0.0,,,,,,,536,IDN,1,2.0,2.0,0
1996,Indonesia,0,0,1,0,,,2.0,,,,0.0,,0.0,0.0,,,,,,,536,IDN,1,2.0,2.0,0
1997,Indonesia,0,0,1,0,,,2.0,,,,0.0,,0.0,0.0,,,,,,,536,IDN,1,2.0,2.0,0
1998,Indonesia,0,0,1,0,,,2.0,,,,0.0,,0.0,0.0,,,,,,,536,IDN,1,2.0,2.0,0
1999,Indonesia,0,0,1,0,,,2.0,,,,0.0,,0.0,0.0,,,,,,,536,IDN,1,2.0,2.0,0
2000,Indonesia,0,0,1,0,,,2.0,,,,0.0,,0.0,0.0,,,,,,,536,IDN,1,2.0,2.0,0
2001,Indonesia,0,0,1,0,,,2.0,,,,0.0,,0.0,0.0,,,,,,,536,IDN,1,2.0,2.0,0
2002,Indonesia,0,0,1,0,,,2.0,,,,0.0,,0.0,0.0,,,,,,,536,IDN,1,2.0,2.0,0
2003,Indonesia,0,0,1,0,,,3.0,,,,0.0,,0.0,0.0,,,,,,,536,IDN,1,3.0,3.0,0
2004,Indonesia,0,0,1,1,,,3.0,3.0,,,0.0,0.0,0.0,0.0,,,,,,,536,IDN,2,3.0,3.0,0
2005,Indonesia,0,0,1,1,,,3.0,3.0,,,0.0,0.0,0.0,0.0,,,,,,,536,IDN,2,3.0,3.0,0
2006,Indonesia,0,0,1,1,,,3.0,3.0,,,0.0,0.0,0.0,0.0,,,,,,,536,IDN,2,3.0,3.0,0
2007,Indonesia,0,0,1,1,,,3.0,3.0,,,0.0,0.0,0.0,0.0,,,,,,,536,IDN,2,3.0,3.0,0
2008,Indonesia,0,0,1,1,,,3.0,3.0,,,0.0,0.0,0.0,0.0,,,,,,,536,IDN,2,3.0,3.0,0
2009,Indonesia,0,0,1,1,,,3.0,3.0,,,0.0,0.0,0.0,0.0,,,,,,,536,IDN,2,3.0,3.0,0
2010,Indonesia,0,0,1,1,,,3.0,3.0,,,0.0,0.0,0.0,0.0,,,,,,,536,IDN,2,3.0,3.0,0
2011,Indonesia,0,0,1,1,,,3.0,3.0,,,0.0,0.0,0.0,0.0,,,,,,,536,IDN,2,3.0,3.0,0
2012,Indonesia,0,0,1,1,,,3.0,3.0,,,0.0,0.0,0.0,0.0,,,,,,,536,IDN,2,3.0,3.0,0
2013,Indonesia,0,0,1,1,,,3.0,3.0,,,0.0,0.0,0.0,0.0,,,,,,,536,IDN,2,3.0,3.0,0
2014,Indonesia,0,0,1,1,,,3.0,3.0,,,0.0,0.0,0.0,0.0,,,,,,,536,IDN,2,3.0,3.0,0
2015,Indonesia,0,0,1,1,,,3.0,3.0,,,0.0,0.0,0.0,0.0,,,,,,,536,IDN,2,3.0,3.0,0
2016,Indonesia,0,0,1,1,,,3.0,3.0,,,0.0,0.0,0.0,0.0,,,,,,,536,IDN,2,3.0,3.0,0
2017,Indonesia,0,0,1,1,,,3.0,3.0,,,0.0,0.0,0.0,0.0,,,,,,,536,IDN,2,3.0,3.0,0
2018,Indonesia,0,0,1,1,,,3.0,3.0,,,0.0,0.0,0.0,0.0,,,,,,,536,IDN,2,3.0,3.0,0
2019,Indonesia,0,0,1,1,,,3.0,3.0,,,0.0,0.0,0.0,0.0,,,,,,,536,IDN,2,3.0,3.0,0
2020,Indonesia,0,0,1,1,,,3.0,3.0,,,0.0,0.0,0.0,0.0,,,,,,,536,IDN,2,3.0,3.0,0
2021,Indonesia,0,0,1,1,,,3.0,3.0,,,0.0,0.0,0.0,0.0,,,,,,,536,IDN,2,3.0,3.0,0
2022,Indonesia,0,0,1,1,,,3.0,3.0,,,0.0,0.0,0.0,0.0,,,,,,,536,IDN,2,3.0,3.0,0
2023,Indonesia,0,0,1,1,,,3.0,3.0,,,0.0,0.0,0.0,0.0,,,,,,,536,IDN,2,3.0,3.0,0
2024,Indonesia,0,0,1,1,,,3.0,3.0,,,0.0,0.0,0.0,0.0,,,,,,,536,IDN,2,3.0,3.0,0
1990,Iran,0,0,0,0,,,,,,,,,,,,,,,,,429,IRN,0,,,0
1991,Iran,0,0,0,0,,,,,,,,,,,,,,,,,429,IRN,0,,,0
1992,Iran,0,0,0,0,,,,,,,,,,,,,,,,,429,IRN,0,,,0
1993,Iran,0,0,0,0,,,,,,,,,,,,,,,,,429,IRN,0,,,0
1994,Iran,0,0,0,0,,,,,,,,,,,,,,,,,429,IRN,0,,,0
1995,Iran,0,0,0,0,,,,,,,,,,,,,,,,,429,IRN,0,,,0
1996,Iran,0,0,0,0,,,,,,,,,,,,,,,,,429,IRN,0,,,0
1997,Iran,0,0,0,0,,,,,,,,,,,,,,,,,429,IRN,0,,,0
1998,Iran,0,0,0,0,,,,,,,,,,,,,,,,,429,IRN,0,,,0
1999,Iran,0,0,0,0,,,,,,,,,,,,,,,,,429,IRN,0,,,0
2000,Iran,0,0,0,0,,,,,,,,,,,,,,,,,429,IRN,0,,,0
2001,Iran,0,0,0,0,,,,,,,,,,,,,,,,,429,IRN,0,,,0
2002,Iran,0,0,0,0,,,,,,,,,,,,,,,,,429,IRN,0,,,0
2003,Iran,0,0,0,0,,,,,,,,,,,,,,,,,429,IRN,0,,,0
2004,Iran,0,0,0,0,,,,,,,,,,,,,,,,,429,IRN,0,,,0
2005,Iran,0,0,0,0,,,,,,,,,,,,,,,,,429,IRN,0,,,0
2006,Iran,0,0,0,0,,,,,,,,,,,,,,,,,429,IRN,0,,,0
2007,Iran,0,0,0,0,,,,,,,,,,,,,,,,,429,IRN,0,,,0
2008,Iran,0,0,0,0,,,,,,,,,,,,,,,,,429,IRN,0,,,0
2009,Iran,0,0,0,0,,,,,,,,,,,,,,,,,429,IRN,0,,,0
2010,Iran,0,1,0,0,,1.0,,,,1.0,,,0.0,1.0,0.0,,,1.0,,,429,IRN,1,1.0,1.0,1
2011,Iran,0,1,0,0,,1.0,,,,1.0,,,0.0,1.0,0.0,,,1.0,,,429,IRN,1,1.0,1.0,1
2012,Iran,0,1,0,0,,1.0,,,,1.0,,,0.0,1.0,0.0,,,1.0,,,429,IRN,1,1.0,1.0,1
2013,Iran,0,1,0,0,,1.0,,,,1.0,,,0.0,1.0,0.0,,,1.0,,1.0,429,IRN,1,1.0,1.0,1
2014,Iran,0,1,0,0,,1.0,,,,1.0,,,0.0,1.0,0.0,,,1.0,,1.0,429,IRN,1,1.0,1.0,1
2015,Iran,0,1,0,0,,1.0,,,,1.0,,,0.0,1.0,0.0,,,2.0,,1.0,429,IRN,1,1.0,1.0,1
2016,Iran,0,1,0,1,,1.0,,1.0,,1.0,,1.0,0.0,1.0,0.0,,,2.0,,1.0,429,IRN,2,1.0,1.0,1
2017,Iran,0,1,0,1,,1.0,,1.0,,1.0,,1.0,0.0,1.0,0.0,,,2.0,,1.0,429,IRN,2,1.0,1.0,1
2018,Iran,0,1,0,1,,1.0,,1.0,,1.0,,1.0,0.0,1.0,0.0,,,2.0,,1.0,429,IRN,2,1.0,1.0,1
2019,Iran,0,1,0,1,,1.0,,1.0,,1.0,,1.0,0.0,1.0,0.0,,,2.0,,1.0,429,IRN,2,1.0,1.0,1
2020,Iran,0,1,0,1,,1.0,,1.0,,1.0,,1.0,0.0,1.0,0.0,,,2.0,,1.0,429,IRN,2,1.0,1.0,1
2021,Iran,0,1,0,1,,1.0,,1.0,,1.0,,1.0,0.0,1.0,0.0,,,2.0,,1.0,429,IRN,2,1.0,1.0,1
2022,Iran,0,1,0,1,,1.0,,1.0,,1.0,,1.0,0.0,1.0,0.0,,,2.0,,1.0,429,IRN,2,1.0,1.0,1
2023,Iran,0,1,0,1,,1.0,,1.0,,1.0,,1.0,0.0,1.0,0.0,,,2.0,,1.0,429,IRN,2,1.0,1.0,1
2024,Iran,0,1,0,1,,1.0,,1.0,,1.0,,1.0,0.0,1.0,0.0,,,2.0,,1.0,429,IRN,2,1.0,1.0,1
1990,Ireland,0,0,0,0,,,,,,,,,,,,,,,,,178,IRL,0,,,0
1991,Ireland,0,0,0,0,,,,,,,,,,,,,,,,,178,IRL,0,,,0
1992,Ireland,0,0,1,1,,,,,,,,,,,,,,,,,178,IRL,2,,,0
1993,Ireland,0,0,1,1,,,,,,,,,,,,,,,,,178,IRL,2,,,0
1994,Ireland,0,0,1,1,,,,,,,,,,,,,,,,,178,IRL,2,,,0
1995,Ireland,0,0,1,1,,,,,,,,,,,,,,,,,178,IRL,2,,,0
1996,Ireland,0,0,1,1,,,,,,,,,,,,,,,,,178,IRL,2,,,0
1997,Ireland,0,0,1,1,,,,,,,,,,,,,,,,,178,IRL,2,,,0
1998,Ireland,0,0,1,1,,,,,,,,,,,,,,,,,178,IRL,2,,,0
1999,Ireland,0,0,1,1,,,,,,,,,,,,,,,,,178,IRL,2,,,0
2000,Ireland,0,0,1,1,,,,,,,,,,,,,,,,,178,IRL,2,,,0
2001,Ireland,0,0,1,1,,,,,,,,,,,,,,,,,178,IRL,2,,,0
2002,Ireland,0,0,1,1,,,,,,,,,,,,,,,,,178,IRL,2,,,0
2003,Ireland,0,0,1,1,,,,,,,,,,,,,,,,,178,IRL,2,,,0
2004,Ireland,0,0,1,1,,,2.0,,,,1.0,,,,,,,,,,178,IRL,2,2.0,2.0,1
2005,Ireland,0,0,1,1,,,2.0,,,,1.0,,,,,,,,,,178,IRL,2,2.0,2.0,1
2006,Ireland,0,0,1,1,,,2.0,,,,1.0,,,,,,,,,,178,IRL,2,2.0,2.0,1
2007,Ireland,0,0,1,1,,,2.0,,,,1.0,,,,,,,,,,178,IRL,2,2.0,2.0,1
2008,Ireland,0,0,1,1,,,2.0,,,,1.0,,,,,,,,,,178,IRL,2,2.0,2.0,1
2009,Ireland,0,0,1,1,,,2.0,,,,1.0,,,,,,,,,,178,IRL,2,2.0,2.0,1
2010,Ireland,0,0,1,1,,,2.0,,,,1.0,,,,,,,,,,178,IRL,2,2.0,2.0,1
2011,Ireland,0,0,1,1,,,2.0,,,,1.0,,,,,,,,,,178,IRL,2,2.0,2.0,1
2012,Ireland,1,0,1,1,,,2.0,,,,1.0,,,1.0,,,,,,,178,IRL,3,2.0,2.0,1
2013,Ireland,1,0,1,1,,,2.0,,,,1.0,,,1.0,,,,,,,178,IRL,3,2.0,2.0,1
2014,Ireland,1,0,1,1,,,2.0,,,,1.0,,,1.0,,,,,,,178,IRL,3,2.0,2.0,1
2015,Ireland,1,0,1,1,,,2.0,,,,1.0,,,1.0,,,,,,,178,IRL,3,2.0,2.0,1
2016,Ireland,1,0,1,1,,,2.0,,,,1.0,,,1.0,,,,,,,178,IRL,3,2.0,2.0,1
2017,Ireland,1,0,1,1,,,2.0,,,,1.0,,,1.0,,,,,,,178,IRL,3,2.0,2.0,1
2018,Ireland,1,0,1,1,,,2.0,,,,1.0,,,1.0,,,,,,,178,IRL,3,2.0,2.0,1
2019,Ireland,1,0,1,1,,,2.0,,,,1.0,,,1.0,,,,,,,178,IRL,3,2.0,2.0,1
2020,Ireland,1,0,1,1,,,2.0,,,,1.0,,,1.0,,,,,0.0,,178,IRL,3,2.0,2.0,1
2021,Ireland,1,0,1,1,,,2.0,,,,1.0,,,1.0,,,,,0.0,,178,IRL,3,2.0,2.0,1
2022,Ireland,1,0,1,1,,,2.0,,,,1.0,,,1.0,,,,,0.0,,178,IRL,3,2.0,2.0,1
2023,Ireland,1,0,1,1,,,2.0,,,,1.0,,,1.0,,,,,0.0,,178,IRL,3,2.0,2.0,1
2024,Ireland,1,0,1,1,,,2.0,,,,1.0,,,1.0,,,,,,,178,IRL,3,2.0,2.0,1
1990,Israel,0,0,0,0,,,,,,,,,,,,,,,,,436,ISR,0,,,0
1991,Israel,0,0,0,0,,,,,,,,,,,,,,,,,436,ISR,0,,,0
1992,Israel,0,0,1,0,,,3.0,,,,0.0,,0.0,0.0,,,,,,,436,ISR,1,3.0,3.0,0
1993,Israel,0,0,1,0,,,3.0,,,,0.0,,0.0,0.0,,,,,,,436,ISR,1,3.0,3.0,0
1994,Israel,0,0,1,0,,,3.0,,,,0.0,,0.0,0.0,,,,,,,436,ISR,1,3.0,3.0,0
1995,Israel,0,0,1,0,,,3.0,,,,0.0,,0.0,0.0,,,,,,,436,ISR,1,3.0,3.0,0
1996,Israel,0,0,1,0,,,3.0,,,,0.0,,0.0,0.0,,,,,,,436,ISR,1,3.0,3.0,0
1997,Israel,0,0,1,0,,,3.0,,,,0.0,,0.0,0.0,,,,,,,436,ISR,1,3.0,3.0,0
1998,Israel,0,0,1,0,,,3.0,,,,0.0,,0.0,0.0,,,,,,,436,ISR,1,3.0,3.0,0
1999,Israel,0,0,1,0,,,3.0,,,,0.0,,0.0,0.0,,,,,,,436,ISR,1,3.0,3.0,0
2000,Israel,0,0,1,0,,,3.0,,,,0.0,,0.0,0.0,,,,,,,436,ISR,1,3.0,3.0,0
2001,Israel,0,0,1,0,,,3.0,,,,0.0,,0.0,0.0,,,,,,,436,ISR,1,3.0,3.0,0
2002,Israel,0,0,1,0,,,3.0,,,,0.0,,0.0,0.0,,,,,,,436,ISR,1,3.0,3.0,0
2003,Israel,0,0,1,0,,,3.0,,,,0.0,,0.0,0.0,,,,,,,436,ISR,1,3.0,3.0,0
2004,Israel,0,0,1,0,,,3.0,,,,0.0,,0.0,0.0,,,,,,,436,ISR,1,3.0,3.0,0
2005,Israel,1,0,1,0,3.0,,3.0,,0.0,,0.0,,0.0,0.0,,,,,,,436,ISR,2,3.0,3.0,0
2006,Israel,1,0,1,0,3.0,,3.0,,0.0,,0.0,,0.0,0.0,,,,,,,436,ISR,2,3.0,3.0,0
2007,Israel,1,0,1,0,3.0,,3.0,,0.0,,0.0,,0.0,0.0,,,,,,,436,ISR,2,3.0,3.0,0
2008,Israel,1,0,1,0,3.0,,3.0,,0.0,,0.0,,0.0,0.0,,,,,,,436,ISR,2,3.0,3.0,0
2009,Israel,1,0,1,0,3.0,,3.0,,0.0,,0.0,,0.0,0.0,,,,,,,436,ISR,2,3.0,3.0,0
2010,Israel,1,0,1,0,3.0,,3.0,,0.0,,0.0,,0.0,0.0,,,,,,,436,ISR,2,3.0,3.0,0
2011,Israel,1,0,1,0,3.0,,3.0,,0.0,,0.0,,0.0,0.0,,,,,,,436,ISR,2,3.0,3.0,0
2012,Israel,1,0,1,0,3.0,,3.0,,0.0,,0.0,,0.0,0.0,,,,,,,436,ISR,2,3.0,3.0,0
2013,Israel,1,0,1,0,3.0,,3.0,,0.0,,0.0,,0.0,0.0,,,,,,,436,ISR,2,3.0,3.0,0
2014,Israel,1,0,1,0,3.0,,3.0,,0.0,,0.0,,0.0,0.0,,,,,,,436,ISR,2,3.0,3.0,0
2015,Israel,1,0,1,0,3.0,,3.0,,0.0,,0.0,,0.0,0.0,,,,,,,436,ISR,2,3.0,3.0,0
2016,Israel,1,0,1,0,3.0,,3.0,,0.0,,0.0,,0.0,0.0,,,,,,,436,ISR,2,3.0,3.0,0
2017,Israel,1,0,1,0,3.0,,3.0,,0.0,,0.0,,0.0,0.0,,,,,,,436,ISR,2,3.0,3.0,0
2018,Israel,1,0,1,0,3.0,,3.0,,0.0,,0.0,,0.0,0.0,,,,,,,436,ISR,2,3.0,3.0,0
2019,Israel,1,0,1,0,3.0,,3.0,,0.0,,0.0,,0.0,0.0,,,,,,,436,ISR,2,3.0,3.0,0
2020,Israel,1,0,1,0,3.0,,3.0,,0.0,,0.0,,0.0,0.0,,,,,,,436,ISR,2,3.0,3.0,0
2021,Israel,1,0,1,0,3.0,,3.0,,0.0,,0.0,,0.0,0.0,,,,,,,436,ISR,2,3.0,3.0,0
2022,Israel,1,0,1,0,3.0,,3.0,,0.0,,0.0,,0.0,0.0,,,,,,,436,ISR,2,3.0,3.0,0
2023,Israel,1,0,1,0,3.0,,3.0,,0.0,,0.0,,0.0,0.0,,,,,,,436,ISR,2,3.0,3.0,0
2024,Israel,1,0,1,0,3.0,,3.0,,0.0,,0.0,,0.0,0.0,,,,,,,436,ISR,2,3.0,3.0,0
1990,Italy,0,0,0,0,,,,,,,,,,,,,,,,,136,ITA,0,,,0
1991,Italy,0,0,0,0,,,,,,,,,,,,,,,,,136,ITA,0,,,0
1992,Italy,0,0,1,1,,,,,,,,,,,,,,,,,136,ITA,2,,,0
1993,Italy,0,0,1,1,,,,,,,,,,,,,,,,,136,ITA,2,,,0
1994,Italy,0,0,1,1,,,,,,,,,,,,,,,,,136,ITA,2,,,0
1995,Italy,0,0,1,1,,,,,,,,,,,,,,,,,136,ITA,2,,,0
1996,Italy,0,0,1,1,,,,,,,,,,,,,,,,,136,ITA,2,,,0
1997,Italy,0,0,1,1,,,,,,,,,,,,,,,,,136,ITA,2,,,0
1998,Italy,0,0,1,1,,,,,,,,,,,,,,,,,136,ITA,2,,,0
1999,Italy,0,0,1,1,,,,,,,,,,,,,,,,,136,ITA,2,,,0
2000,Italy,0,0,1,1,,,,,,,,,,,,,,,,,136,ITA,2,,,0
2001,Italy,0,0,1,1,,,,,,,,,,,,,,,,,136,ITA,2,,,0
2002,Italy,0,0,1,1,,,,,,,,,,,,,,,,,136,ITA,2,,,0
2003,Italy,0,0,1,1,,,,,,,,,,,,,,,,,136,ITA,2,,,0
2004,Italy,0,0,1,1,,,,,,,,,,,,,,,,,136,ITA,2,,,0
2005,Italy,0,0,1,1,,,,,,,,,,,,,,,,,136,ITA,2,,,0
2006,Italy,0,0,1,1,,,,,,,,,,,,,,,,,136,ITA,2,,,0
2007,Italy,0,0,1,1,,,,,,,,,,,,,,,,,136,ITA,2,,,0
2008,Italy,0,0,1,1,,,,,,,,,,,,,,,,,136,ITA,2,,,0
2009,Italy,0,0,1,1,,,,,,,,,,,,,,,,,136,ITA,2,,,0
2010,Italy,0,0,1,1,,,,,,,,,,,,,,,,,136,ITA,2,,,0
2011,Italy,0,0,1,1,,,,,,,,,,,,,,,,,136,ITA,2,,,0
2012,Italy,1,0,1,1,,,,,,,,,,,,,,,,,136,ITA,3,,,0
2013,Italy,1,0,1,1,5.0,,5.0,5.0,0.0,,0.0,0.0,0.0,1.0,1.0,,0.0,,1.0,0.0,136,ITA,3,5.0,5.0,0
2014,Italy,1,0,1,1,5.0,,5.0,5.0,0.0,,0.0,0.0,0.0,1.0,1.0,,0.0,,1.0,0.0,136,ITA,3,5.0,5.0,0
2015,Italy,1,0,1,1,5.0,,5.0,5.0,0.0,,0.0,0.0,0.0,1.0,1.0,,1.0,,1.0,0.0,136,ITA,3,5.0,5.0,0
2016,Italy,1,0,1,1,5.0,,5.0,5.0,0.0,,0.0,0.0,0.0,1.0,1.0,,0.0,,1.0,0.0,136,ITA,3,5.0,5.0,0
2017,Italy,1,0,1,1,5.0,,5.0,5.0,0.0,,0.0,0.0,0.0,1.0,1.0,,0.0,,1.0,0.0,136,ITA,3,5.0,5.0,0
2018,Italy,1,0,1,1,5.0,,5.0,5.0,0.0,,0.0,0.0,0.0,1.0,1.0,,0.0,,1.0,0.0,136,ITA,3,5.0,5.0,0
2019,Italy,1,0,1,1,5.0,,5.0,5.0,0.0,,0.0,0.0,0.0,1.0,1.0,,0.0,,1.0,0.0,136,ITA,3,5.0,5.0,0
2020,Italy,1,0,1,1,5.0,,5.0,5.0,0.0,,0.0,0.0,0.0,1.0,1.0,,0.0,,0.0,0.0,136,ITA,3,5.0,5.0,0
2021,Italy,1,0,1,1,5.0,,5.0,5.0,0.0,,0.0,0.0,0.0,1.0,1.0,,0.0,,0.0,0.0,136,ITA,3,5.0,5.0,0
2022,Italy,1,0,1,1,5.0,,5.0,5.0,0.0,,0.0,0.0,0.0,1.0,1.0,,0.0,,0.0,0.0,136,ITA,3,5.0,5.0,0
2023,Italy,1,0,1,1,5.0,,5.0,5.0,0.0,,0.0,0.0,0.0,1.0,1.0,,1.0,,0.0,0.0,136,ITA,3,5.0,5.0,0
2024,Italy,1,0,1,1,5.0,,5.0,5.0,0.0,,0.0,0.0,0.0,1.0,1.0,,1.0,,0.0,0.0,136,ITA,3,5.0,5.0,0
1990,Jamaica,0,0,0,0,,,,,,,,,,,,,,,,,343,JAM,0,,,0
1991,Jamaica,0,0,0,0,,,,,,,,,,,,,,,,,343,JAM,0,,,0
1992,Jamaica,0,0,0,0,,,,,,,,,,,,,,,,,343,JAM,0,,,0
1993,Jamaica,0,0,0,0,,,,,,,,,,,,,,,,,343,JAM,0,,,0
1994,Jamaica,0,0,0,0,,,,,,,,,,,,,,,,,343,JAM,0,,,0
1995,Jamaica,0,0,0,0,,,,,,,,,,,,,,,,,343,JAM,0,,,0
1996,Jamaica,0,0,0,0,,,,,,,,,,,,,,,,,343,JAM,0,,,0
1997,Jamaica,0,0,0,0,,,,,,,,,,,,,,,,,343,JAM,0,,,0
1998,Jamaica,0,0,0,0,,,,,,,,,,,,,,,,,343,JAM,0,,,0
1999,Jamaica,0,0,0,0,,,,,,,,,,,,,,,,,343,JAM,0,,,0
2000,Jamaica,0,0,0,0,,,,,,,,,,,,,,,,,343,JAM,0,,,0
2001,Jamaica,0,0,0,0,,,,,,,,,,,,,,,,,343,JAM,0,,,0
2002,Jamaica,0,0,0,0,,,,,,,,,,,,,,,,,343,JAM,0,,,0
2003,Jamaica,0,0,0,0,,,,,,,,,,,,,,,,,343,JAM,0,,,0
2004,Jamaica,0,0,0,0,,,,,,,,,,,,,,,,,343,JAM,0,,,0
2005,Jamaica,0,0,0,0,,,,,,,,,,,,,,,,,343,JAM,0,,,0
2006,Jamaica,0,0,0,0,,,,,,,,,,,,,,,,,343,JAM,0,,,0
2007,Jamaica,0,0,0,0,,,,,,,,,,,,,,,,,343,JAM,0,,,0
2008,Jamaica,0,0,0,0,,,,,,,,,,,,,,,,,343,JAM,0,,,0
2009,Jamaica,0,0,0,0,,,,,,,,,,,,,,,,,343,JAM,0,,,0
2010,Jamaica,0,0,1,1,,,3.0,3.0,,,1.0,1.0,0.0,0.0,,,,,,,343,JAM,2,3.0,3.0,1
2011,Jamaica,0,0,1,1,,,3.0,3.0,,,1.0,1.0,0.0,0.0,0.0,,,,,0.0,343,JAM,2,3.0,3.0,1
2012,Jamaica,0,0,1,1,,,3.0,3.0,,,1.0,1.0,0.0,0.0,0.0,,,,,0.0,343,JAM,2,3.0,3.0,1
2013,Jamaica,0,0,1,1,,,3.0,3.0,,,1.0,1.0,0.0,0.0,0.0,,,,,0.0,343,JAM,2,3.0,3.0,1
2014,Jamaica,0,0,1,1,,,3.0,3.0,,,1.0,1.0,0.0,0.0,1.0,,,,,1.0,343,JAM,2,3.0,3.0,1
2015,Jamaica,0,0,1,1,,,3.0,3.0,,,1.0,1.0,0.0,0.0,1.0,,,,,1.0,343,JAM,2,3.0,3.0,1
2016,Jamaica,0,0,1,1,,,3.0,3.0,,,1.0,1.0,0.0,0.0,1.0,,,,,1.0,343,JAM,2,3.0,3.0,1
2017,Jamaica,0,0,1,1,,,3.0,3.0,,,1.0,1.0,0.0,0.0,1.0,,,,,1.0,343,JAM,2,3.0,3.0,1
2018,Jamaica,0,0,1,1,,,3.0,3.0,,,1.0,1.0,0.0,0.0,1.0,,,,,1.0,343,JAM,2,3.0,3.0,1
2019,Jamaica,0,0,1,1,,,3.0,3.0,,,1.0,1.0,0.0,0.0,1.0,,,,,1.0,343,JAM,2,3.0,3.0,1
2020,Jamaica,0,0,1,1,,,3.0,3.0,,,1.0,1.0,0.0,0.0,1.0,,,,,1.0,343,JAM,2,3.0,3.0,1
2021,Jamaica,0,0,1,1,,,3.0,3.0,,,1.0,1.0,0.0,0.0,1.0,,,,,1.0,343,JAM,2,3.0,3.0,1
2022,Jamaica,0,0,1,1,,,3.0,3.0,,,1.0,1.0,0.0,0.0,1.0,,,,,1.0,343,JAM,2,3.0,3.0,1
2023,Jamaica,0,0,1,1,,,3.0,3.0,,,1.0,1.0,0.0,0.0,1.0,,,,,1.0,343,JAM,2,3.0,3.0,1
2024,Jamaica,0,0,1,1,,,3.0,3.0,,,1.0,1.0,0.0,0.0,1.0,,,,,1.0,343,JAM,2,3.0,3.0,1
1990,Japan,0,0,1,0,,,3.0,,,,0.0,,0.0,0.0,,,,,,,158,JPN,1,3.0,3.0,0
1991,Japan,0,0,1,0,,,3.0,,,,0.0,,0.0,0.0,,,,,,,158,JPN,1,3.0,3.0,0
1992,Japan,0,0,1,0,,,3.0,,,,0.0,,0.0,0.0,,,,,,,158,JPN,1,3.0,3.0,0
1993,Japan,0,0,1,0,,,3.0,,,,0.0,,0.0,0.0,,,,,,,158,JPN,1,3.0,3.0,0
1994,Japan,0,0,1,0,,,3.0,,,,0.0,,0.0,0.0,,,,,,,158,JPN,1,3.0,3.0,0
1995,Japan,0,0,1,0,,,3.0,,,,0.0,,0.0,0.0,,,,,,,158,JPN,1,3.0,3.0,0
1996,Japan,0,0,1,0,,,3.0,,,,0.0,,0.0,0.0,,,,,,,158,JPN,1,3.0,3.0,0
1997,Japan,0,0,1,0,,,3.0,,,,0.0,,0.0,0.0,,,,,,,158,JPN,1,3.0,3.0,0
1998,Japan,0,0,1,0,,,3.0,,,,0.0,,0.0,0.0,,,,,,,158,JPN,1,3.0,3.0,0
1999,Japan,0,0,1,0,,,3.0,,,,0.0,,0.0,0.0,,,,,,,158,JPN,1,3.0,3.0,0
2000,Japan,0,0,1,0,,,3.0,,,,0.0,,0.0,0.0,,,,,,,158,JPN,1,3.0,3.0,0
2001,Japan,0,0,1,0,,,3.0,,,,0.0,,0.0,0.0,,,,,,,158,JPN,1,3.0,3.0,0
2002,Japan,0,0,1,0,,,3.0,,,,0.0,,0.0,0.0,,,,,,,158,JPN,1,3.0,3.0,0
2003,Japan,0,0,1,0,,,3.0,,,,0.0,,0.0,0.0,,,,,,,158,JPN,1,3.0,3.0,0
2004,Japan,0,0,1,0,,,3.0,,,,0.0,,0.0,0.0,,,,,,,158,JPN,1,3.0,3.0,0
2005,Japan,0,0,1,0,,,3.0,,,,0.0,,0.0,0.0,,,,,,,158,JPN,1,3.0,3.0,0
2006,Japan,1,0,1,0,1.0,,3.0,,0.0,,0.0,,0.0,0.0,,,,,,,158,JPN,2,3.0,2.0,0
2007,Japan,1,0,1,0,1.0,,3.0,,0.0,,0.0,,0.0,0.0,,,,,,,158,JPN,2,3.0,2.0,0
2008,Japan,1,0,1,0,1.0,,3.0,,0.0,,0.0,,0.0,0.0,,,,,,,158,JPN,2,3.0,2.0,0
2009,Japan,0,0,1,0,,,3.0,,,,0.0,,0.0,0.0,,,,,,,158,JPN,1,3.0,3.0,0
2010,Japan,1,0,1,0,1.0,,3.0,,0.0,,0.0,,0.0,0.0,,,,,,,158,JPN,2,3.0,2.0,0
2011,Japan,1,0,1,0,1.0,,3.0,,0.0,,0.0,,0.0,0.0,,,,,,,158,JPN,2,3.0,2.0,0
2012,Japan,1,0,1,0,1.0,,3.0,,0.0,,0.0,,0.0,0.0,,,,,,,158,JPN,2,3.0,2.0,0
2013,Japan,0,0,1,0,,,3.0,,,,0.0,,0.0,0.0,,,,,,,158,JPN,1,3.0,3.0,0
2014,Japan,0,0,1,0,,,3.0,,,,0.0,,0.0,0.0,,,,,,,158,JPN,1,3.0,3.0,0
2015,Japan,1,0,1,0,1.0,,3.0,,0.0,,0.0,,0.0,0.0,,,,,,,158,JPN,2,3.0,2.0,0
2016,Japan,1,0,1,0,1.0,,3.0,,0.0,,0.0,,0.0,0.0,,,,,,,158,JPN,2,3.0,2.0,0
2017,Japan,1,0,1,0,1.0,,3.0,,0.0,,0.0,,0.0,0.0,,,,,,,158,JPN,2,3.0,2.0,0
2018,Japan,1,0,1,0,1.0,,3.0,,0.0,,0.0,,0.0,0.0,,,,,,,158,JPN,2,3.0,2.0,0
2019,Japan,0,0,1,0,,,3.0,,,,0.0,,0.0,0.0,,,,,,,158,JPN,1,3.0,3.0,0
2020,Japan,0,0,1,0,,,3.0,,,,0.0,,0.0,0.0,,,,,,,158,JPN,1,3.0,3.0,0
2021,Japan,0,0,1,0,,,3.0,,,,0.0,,0.0,0.0,,,,,,,158,JPN,1,3.0,3.0,0
2022,Japan,0,0,1,0,,,3.0,,,,0.0,,0.0,0.0,,,,,,,158,JPN,1,3.0,3.0,0
2023,Japan,0,0,1,0,,,3.0,,,,0.0,,0.0,0.0,,,,,,,158,JPN,1,3.0,3.0,0
2024,Japan,0,0,1,0,,,3.0,,,,0.0,,0.0,0.0,,,,,,,158,JPN,1,3.0,3.0,0
1990,Kazakhstan,0,0,0,0,,,,,,,,,,,,,,,,,916,KAZ,0,,,0
1991,Kazakhstan,0,0,0,0,,,,,,,,,,,,,,,,,916,KAZ,0,,,0
1992,Kazakhstan,0,0,0,0,,,,,,,,,,,,,,,,,916,KAZ,0,,,0
1993,Kazakhstan,0,0,0,0,,,,,,,,,,,,,,,,,916,KAZ,0,,,0
1994,Kazakhstan,0,0,0,0,,,,,,,,,,,,,,,,,916,KAZ,0,,,0
1995,Kazakhstan,0,0,0,0,,,,,,,,,,,,,,,,,916,KAZ,0,,,0
1996,Kazakhstan,0,0,0,0,,,,,,,,,,,,,,,,,916,KAZ,0,,,0
1997,Kazakhstan,0,0,0,0,,,,,,,,,,,,,,,,,916,KAZ,0,,,0
1998,Kazakhstan,0,0,0,0,,,,,,,,,,,,,,,,,916,KAZ,0,,,0
1999,Kazakhstan,0,0,0,0,,,,,,,,,,,,,,,,,916,KAZ,0,,,0
2000,Kazakhstan,0,0,0,0,,,,,,,,,,,,,,,,,916,KAZ,0,,,0
2001,Kazakhstan,0,0,0,0,,,,,,,,,,,,,,,,,916,KAZ,0,,,0
2002,Kazakhstan,0,0,0,0,,,,,,,,,,,,,,,,,916,KAZ,0,,,0
2003,Kazakhstan,0,0,0,0,,,,,,,,,,,,,,,,,916,KAZ,0,,,0
2004,Kazakhstan,0,0,0,0,,,,,,,,,,,,,,,,,916,KAZ,0,,,0
2005,Kazakhstan,0,0,0,0,,,,,,,,,,,,,,,,,916,KAZ,0,,,0
2006,Kazakhstan,0,0,0,0,,,,,,,,,,,,,,,,,916,KAZ,0,,,0
2007,Kazakhstan,0,0,0,0,,,,,,,,,,,,,,,,,916,KAZ,0,,,0
2008,Kazakhstan,0,0,0,0,,,,,,,,,,,,,,,,,916,KAZ,0,,,0
2009,Kazakhstan,0,0,0,0,,,,,,,,,,,,,,,,,916,KAZ,0,,,0
2010,Kazakhstan,0,0,0,0,,,,,,,,,,,,,,,,,916,KAZ,0,,,0
2011,Kazakhstan,0,0,0,0,,,,,,,,,,,,,,,,,916,KAZ,0,,,0
2012,Kazakhstan,0,0,0,0,,,,,,,,,,,,,,,,,916,KAZ,0,,,0
2013,Kazakhstan,0,0,1,1,,,3.0,3.0,,,0.0,0.0,0.0,0.0,,,,,,,916,KAZ,2,3.0,3.0,0
2014,Kazakhstan,0,0,1,1,,,3.0,3.0,,,0.0,0.0,0.0,0.0,,,1.0,,1.0,1.0,916,KAZ,2,3.0,3.0,0
2015,Kazakhstan,0,0,1,1,,,3.0,3.0,,,0.0,0.0,0.0,0.0,,,1.0,,0.0,1.0,916,KAZ,2,3.0,3.0,0
2016,Kazakhstan,0,0,1,1,,,3.0,3.0,,,0.0,0.0,0.0,0.0,,,1.0,,1.0,1.0,916,KAZ,2,3.0,3.0,0
2017,Kazakhstan,0,0,1,1,,,3.0,3.0,,,0.0,0.0,0.0,0.0,,,1.0,,1.0,1.0,916,KAZ,2,3.0,3.0,0
2018,Kazakhstan,0,0,1,1,,,3.0,3.0,,,0.0,0.0,0.0,0.0,,,1.0,,1.0,1.0,916,KAZ,2,3.0,3.0,0
2019,Kazakhstan,0,0,1,1,,,3.0,3.0,,,0.0,0.0,0.0,0.0,,,1.0,,1.0,1.0,916,KAZ,2,3.0,3.0,0
2020,Kazakhstan,0,0,1,1,,,3.0,3.0,,,0.0,0.0,0.0,0.0,,,0.0,,0.0,1.0,916,KAZ,2,3.0,3.0,0
2021,Kazakhstan,0,0,1,1,,,3.0,3.0,,,0.0,0.0,0.0,0.0,,,0.0,,1.0,1.0,916,KAZ,2,3.0,3.0,0
2022,Kazakhstan,1,0,1,1,3.0,,3.0,3.0,,,0.0,0.0,0.0,0.0,,,0.0,,1.0,1.0,916,KAZ,3,3.0,3.0,0
2023,Kazakhstan,1,0,1,1,3.0,,3.0,3.0,,,0.0,0.0,0.0,0.0,,,1.0,,1.0,1.0,916,KAZ,3,3.0,3.0,0
2024,Kazakhstan,1,0,1,1,3.0,,3.0,3.0,,,0.0,0.0,0.0,0.0,,,1.0,,1.0,1.0,916,KAZ,3,3.0,3.0,0
1990,Kenya,0,0,0,0,,,,,,,,,,,,,,,,,664,KEN,0,,,0
1991,Kenya,0,0,0,0,,,,,,,,,,,,,,,,,664,KEN,0,,,0
1992,Kenya,0,0,0,0,,,,,,,,,,,,,,,,,664,KEN,0,,,0
1993,Kenya,0,0,0,0,,,,,,,,,,,,,,,,,664,KEN,0,,,0
1994,Kenya,0,0,0,0,,,,,,,,,,,,,,,,,664,KEN,0,,,0
1995,Kenya,0,0,0,0,,,,,,,,,,,,,,,,,664,KEN,0,,,0
1996,Kenya,0,0,0,0,,,,,,,,,,,,,,,,,664,KEN,0,,,0
1997,Kenya,0,1,0,1,,1.0,,1.0,,0.0,,0.0,0.0,0.0,,,,,,,664,KEN,2,1.0,1.0,0
1998,Kenya,0,1,0,1,,1.0,,1.0,,0.0,,0.0,0.0,0.0,,,,,,,664,KEN,2,1.0,1.0,0
1999,Kenya,0,1,0,1,,1.0,,1.0,,0.0,,0.0,0.0,0.0,,,,,,,664,KEN,2,1.0,1.0,0
2000,Kenya,0,1,0,1,,1.0,,1.0,,0.0,,0.0,0.0,0.0,,,,,,,664,KEN,2,1.0,1.0,0
2001,Kenya,0,1,0,1,,1.0,,1.0,,0.0,,0.0,0.0,0.0,,,,,,,664,KEN,2,1.0,1.0,0
2002,Kenya,0,1,0,1,,1.0,,1.0,,0.0,,0.0,0.0,0.0,,,,,,,664,KEN,2,1.0,1.0,0
2003,Kenya,0,1,0,1,,1.0,,1.0,,0.0,,0.0,0.0,0.0,,,,,,,664,KEN,2,1.0,1.0,0
2004,Kenya,0,1,0,1,,1.0,,1.0,,0.0,,0.0,0.0,0.0,,,,,,,664,KEN,2,1.0,1.0,0
2005,Kenya,0,1,0,1,,1.0,,1.0,,0.0,,0.0,0.0,0.0,,,,,,,664,KEN,2,1.0,1.0,0
2006,Kenya,0,1,0,1,,1.0,,1.0,,0.0,,0.0,0.0,0.0,,,,,,,664,KEN,2,1.0,1.0,0
2007,Kenya,0,1,0,1,,1.0,,1.0,,0.0,,0.0,0.0,0.0,,,,,,,664,KEN,2,1.0,1.0,0
2008,Kenya,0,1,0,1,,1.0,,1.0,,0.0,,0.0,0.0,0.0,,,,,,,664,KEN,2,1.0,1.0,0
2009,Kenya,0,1,0,1,,1.0,,1.0,,0.0,,0.0,0.0,0.0,,,,,,,664,KEN,2,1.0,1.0,0
2010,Kenya,0,1,0,1,,1.0,,1.0,,0.0,,0.0,0.0,0.0,,,,,,,664,KEN,2,1.0,1.0,0
2011,Kenya,0,1,0,1,,1.0,,1.0,,0.0,,0.0,0.0,0.0,,,,,,,664,KEN,2,1.0,1.0,0
2012,Kenya,0,1,0,1,,1.0,,1.0,,0.0,,0.0,0.0,0.0,,,,,,,664,KEN,2,1.0,1.0,0
2013,Kenya,0,1,1,1,,1.0,,1.0,,0.0,,0.0,0.0,0.0,0.0,,0.0,,,1.0,664,KEN,3,1.0,1.0,0
2014,Kenya,0,1,1,1,,1.0,,1.0,,0.0,,0.0,0.0,0.0,0.0,,0.0,,,1.0,664,KEN,3,1.0,1.0,0
2015,Kenya,0,1,1,1,,1.0,,3.0,,0.0,,0.0,0.0,0.0,0.0,,0.0,,,1.0,664,KEN,3,3.0,2.0,0
2016,Kenya,0,1,1,1,,1.0,,3.0,,0.0,,0.0,0.0,0.0,0.0,,0.0,,,1.0,664,KEN,3,3.0,2.0,0
2017,Kenya,0,1,1,1,,1.0,,3.0,,0.0,,0.0,0.0,0.0,0.0,,0.0,,,1.0,664,KEN,3,3.0,2.0,0
2018,Kenya,0,1,1,1,,1.0,,3.0,,0.0,,0.0,0.0,0.0,0.0,,0.0,,,1.0,664,KEN,3,3.0,2.0,0
2019,Kenya,0,1,1,1,,1.0,,3.0,,0.0,,0.0,0.0,0.0,0.0,,0.0,,,1.0,664,KEN,3,3.0,2.0,0
2020,Kenya,0,1,1,1,,1.0,,3.0,,0.0,,0.0,0.0,0.0,0.0,,0.0,,,1.0,664,KEN,3,3.0,2.0,0
2021,Kenya,0,1,1,1,,1.0,,3.0,,0.0,,0.0,0.0,0.0,0.0,,0.0,,,1.0,664,KEN,3,3.0,2.0,0
2022,Kenya,0,1,1,1,,1.0,,3.0,,0.0,,0.0,0.0,0.0,0.0,,0.0,,,,664,KEN,3,3.0,2.0,0
2023,Kenya,0,1,1,1,,1.0,,3.0,,0.0,,0.0,0.0,0.0,0.0,,0.0,,,,664,KEN,3,3.0,2.0,0
2024,Kenya,0,1,1,1,,1.0,,3.0,,0.0,,0.0,0.0,0.0,0.0,,0.0,,,,664,KEN,3,3.0,2.0,0
1990,Kiribati,0,0,0,0,,,,,,,,,,,,,,,,,826,KIR,0,,,0
1991,Kiribati,0,0,0,0,,,,,,,,,,,,,,,,,826,KIR,0,,,0
1992,Kiribati,0,0,0,0,,,,,,,,,,,,,,,,,826,KIR,0,,,0
1993,Kiribati,0,0,0,0,,,,,,,,,,,,,,,,,826,KIR,0,,,0
1994,Kiribati,0,0,0,0,,,,,,,,,,,,,,,,,826,KIR,0,,,0
1995,Kiribati,0,0,0,0,,,,,,,,,,,,,,,,,826,KIR,0,,,0
1996,Kiribati,0,0,0,0,,,,,,,,,,,,,,,,,826,KIR,0,,,0
1997,Kiribati,0,0,0,0,,,,,,,,,,,,,,,,,826,KIR,0,,,0
1998,Kiribati,0,0,0,0,,,,,,,,,,,,,,,,,826,KIR,0,,,0
1999,Kiribati,0,0,0,0,,,,,,,,,,,,,,,,,826,KIR,0,,,0
2000,Kiribati,0,0,0,0,,,,,,,,,,,,,,,,,826,KIR,0,,,0
2001,Kiribati,0,0,0,0,,,,,,,,,,,,,,,,,826,KIR,0,,,0
2002,Kiribati,0,0,0,0,,,,,,,,,,,,,,,,,826,KIR,0,,,0
2003,Kiribati,0,0,0,0,,,,,,,,,,,,,,,,,826,KIR,0,,,0
2004,Kiribati,0,0,0,0,,,,,,,,,,,,,,,,,826,KIR,0,,,0
2005,Kiribati,0,0,0,0,,,,,,,,,,,,,,,,,826,KIR,0,,,0
2006,Kiribati,0,0,0,0,,,,,,,,,,,,,,,,,826,KIR,0,,,0
2007,Kiribati,0,0,0,0,,,,,,,,,,,,,,,,,826,KIR,0,,,0
2008,Kiribati,0,0,0,0,,,,,,,,,,,,,,,,,826,KIR,0,,,0
2009,Kiribati,0,0,0,0,,,,,,,,,,,,,,,,,826,KIR,0,,,0
2010,Kiribati,0,0,0,0,,,,,,,,,,,,,,,,,826,KIR,0,,,0
2011,Kiribati,0,0,0,0,,,,,,,,,,,,,,,,,826,KIR,0,,,0
2012,Kiribati,0,0,0,0,,,,,,,,,,,,,,,,,826,KIR,0,,,0
2013,Kiribati,0,0,0,0,,,,,,,,,,,,,,,,,826,KIR,0,,,0
2014,Kiribati,0,0,0,0,,,,,,,,,,,,,,,,,826,KIR,0,,,0
2015,Kiribati,0,0,0,0,,,,,,,,,,,,,,,,,826,KIR,0,,,0
2016,Kiribati,0,0,0,0,,,,,,,,,,,,,,,,,826,KIR,0,,,0
2017,Kiribati,0,0,0,0,,,,,,,,,,,,,,,,,826,KIR,0,,,0
2018,Kiribati,0,0,0,0,,,,,,,,,,,,,,,,,826,KIR,0,,,0
2019,Kiribati,0,0,0,0,,,,,,,,,,,,,,,,,826,KIR,0,,,0
2020,Kiribati,0,0,0,0,,,,,,,,,,,,,,,,,826,KIR,0,,,0
2021,Kiribati,0,0,0,0,,,,,,,,,,,,,,,,,826,KIR,0,,,0
2022,Kiribati,1,0,0,0,1.0,,,,0.0,,,,0.0,0.0,0.0,,1.0,,,,826,KIR,1,1.0,1.0,0
2023,Kiribati,1,0,0,0,1.0,,,,0.0,,,,0.0,0.0,0.0,,1.0,,,,826,KIR,1,1.0,1.0,0
2024,Kiribati,1,0,0,0,1.0,,,,0.0,,,,0.0,0.0,0.0,,1.0,,,,826,KIR,1,1.0,1.0,0
1990,Kosovo,0,0,0,0,,,,,,,,,,,,,,,,,967,KOS,0,,,0
1991,Kosovo,0,0,0,0,,,,,,,,,,,,,,,,,967,KOS,0,,,0
1992,Kosovo,0,0,0,0,,,,,,,,,,,,,,,,,967,KOS,0,,,0
1993,Kosovo,0,0,0,0,,,,,,,,,,,,,,,,,967,KOS,0,,,0
1994,Kosovo,0,0,0,0,,,,,,,,,,,,,,,,,967,KOS,0,,,0
1995,Kosovo,0,0,0,0,,,,,,,,,,,,,,,,,967,KOS,0,,,0
1996,Kosovo,0,0,0,0,,,,,,,,,,,,,,,,,967,KOS,0,,,0
1997,Kosovo,0,0,0,0,,,,,,,,,,,,,,,,,967,KOS,0,,,0
1998,Kosovo,0,0,0,0,,,,,,,,,,,,,,,,,967,KOS,0,,,0
1999,Kosovo,0,0,0,0,,,,,,,,,,,,,,,,,967,KOS,0,,,0
2000,Kosovo,0,0,0,0,,,,,,,,,,,,,,,,,967,KOS,0,,,0
2001,Kosovo,0,0,0,0,,,,,,,,,,,,,,,,,967,KOS,0,,,0
2002,Kosovo,0,0,0,0,,,,,,,,,,,,,,,,,967,KOS,0,,,0
2003,Kosovo,0,0,0,0,,,,,,,,,,,,,,,,,967,KOS,0,,,0
2004,Kosovo,0,0,0,0,,,,,,,,,,,,,,,,,967,KOS,0,,,0
2005,Kosovo,0,0,0,0,,,,,,,,,,,,,,,,,967,KOS,0,,,0
2006,Kosovo,1,0,0,0,1.0,,,,0.0,,,,0.0,0.0,,,,,,,967,KOS,1,1.0,1.0,0
2007,Kosovo,1,0,0,0,1.0,,,,0.0,,,,0.0,0.0,,,,,,,967,KOS,1,1.0,1.0,0
2008,Kosovo,1,0,0,0,1.0,,,,0.0,,,,0.0,0.0,,,,,,,967,KOS,1,1.0,1.0,0
2009,Kosovo,0,0,0,0,,,,,,,,,,,,,,,,,967,KOS,0,,,0
2010,Kosovo,0,0,0,1,,,,3.0,,,,0.0,0.0,0.0,,,,,,,967,KOS,1,3.0,3.0,0
2011,Kosovo,0,0,0,1,,,,3.0,,,,0.0,0.0,0.0,,,,,,,967,KOS,1,3.0,3.0,0
2012,Kosovo,0,0,0,1,,,,3.0,,,,0.0,0.0,0.0,,,,,,,967,KOS,1,3.0,3.0,0
2013,Kosovo,0,0,1,1,,,3.0,3.0,,,1.0,0.0,0.0,0.0,,,,,,,967,KOS,2,3.0,3.0,1
2014,Kosovo,0,0,1,1,,,3.0,3.0,,,1.0,0.0,0.0,0.0,,,,,,,967,KOS,2,3.0,3.0,1
2015,Kosovo,0,0,1,1,,,3.0,3.0,,,1.0,0.0,0.0,0.0,,,,,,,967,KOS,2,3.0,3.0,1
2016,Kosovo,0,0,1,1,,,3.0,3.0,,,1.0,0.0,0.0,0.0,,,,,,,967,KOS,2,3.0,3.0,1
2017,Kosovo,0,0,1,1,,,3.0,3.0,,,1.0,0.0,0.0,0.0,,,,,,,967,KOS,2,3.0,3.0,1
2018,Kosovo,0,0,1,1,,,3.0,3.0,,,1.0,0.0,0.0,0.0,,,,,,,967,KOS,2,3.0,3.0,1
2019,Kosovo,0,0,1,1,,,3.0,3.0,,,1.0,0.0,0.0,0.0,,,,,,,967,KOS,2,3.0,3.0,1
2020,Kosovo,0,0,1,1,,,3.0,3.0,,,1.0,0.0,0.0,0.0,,,,,1.0,1.0,967,KOS,2,3.0,3.0,1
2021,Kosovo,0,0,1,1,,,3.0,3.0,,,1.0,0.0,0.0,0.0,,,,,1.0,1.0,967,KOS,2,3.0,3.0,1
2022,Kosovo,0,0,1,1,,,3.0,3.0,,,1.0,0.0,0.0,0.0,,,,,1.0,1.0,967,KOS,2,3.0,3.0,1
2023,Kosovo,0,0,1,1,,,3.0,3.0,,,1.0,0.0,0.0,0.0,,,,,1.0,1.0,967,KOS,2,3.0,3.0,1
2024,Kosovo,0,0,1,1,,,3.0,3.0,,,1.0,0.0,0.0,0.0,,,,,1.0,1.0,967,KOS,2,3.0,3.0,1
1990,Latvia,0,0,0,0,,,,,,,,,,,,,,,,,941,LVA,0,,,0
1991,Latvia,0,0,0,0,,,,,,,,,,,,,,,,,941,LVA,0,,,0
1992,Latvia,0,0,0,0,,,,,,,,,,,,,,,,,941,LVA,0,,,0
1993,Latvia,0,0,0,0,,,,,,,,,,,,,,,,,941,LVA,0,,,0
1994,Latvia,0,0,0,0,,,,,,,,,,,,,,,,,941,LVA,0,,,0
1995,Latvia,0,0,0,0,,,,,,,,,,,,,,,,,941,LVA,0,,,0
1996,Latvia,0,0,0,0,,,,,,,,,,,,,,,,,941,LVA,0,,,0
1997,Latvia,0,0,0,0,,,,,,,,,,,,,,,,,941,LVA,0,,,0
1998,Latvia,0,0,0,0,,,,,,,,,,,,,,,,,941,LVA,0,,,0
1999,Latvia,0,0,0,0,,,,,,,,,,,,,,,,,941,LVA,0,,,0
2000,Latvia,0,0,0,0,,,,,,,,,,,,,,,,,941,LVA,0,,,0
2001,Latvia,0,0,0,0,,,,,,,,,,,,,,,,,941,LVA,0,,,0
2002,Latvia,0,0,0,0,,,,,,,,,,,,,,,,,941,LVA,0,,,0
2003,Latvia,0,0,0,0,,,,,,,,,,,,,,,,,941,LVA,0,,,0
2004,Latvia,0,0,1,1,,,,,,,,,,,,,,,,,941,LVA,2,,,0
2005,Latvia,0,0,1,1,,,,,,,,,,,1.0,,1.0,,1.0,1.0,941,LVA,2,,,0
2006,Latvia,0,0,1,1,,,,,,,,,,,1.0,,1.0,,1.0,1.0,941,LVA,2,,,0
2007,Latvia,0,0,1,1,,,,,,,,,,,1.0,,1.0,,1.0,1.0,941,LVA,2,,,0
2008,Latvia,0,0,1,1,,,,,,,,,,,1.0,,1.0,,1.0,1.0,941,LVA,2,,,0
2009,Latvia,0,0,1,1,,,,,,,,,,,1.0,,1.0,,1.0,1.0,941,LVA,2,,,0
2010,Latvia,0,0,1,1,,,,,,,,,,,1.0,,1.0,,1.0,1.0,941,LVA,2,,,0
2011,Latvia,0,0,1,1,,,,,,,,,,,1.0,,1.0,,1.0,1.0,941,LVA,2,,,0
2012,Latvia,1,0,1,1,,,,,,,,,,,1.0,,1.0,,1.0,1.0,941,LVA,3,,,0
2013,Latvia,1,0,1,1,,,5.0,3.0,,,1.0,1.0,,,1.0,,1.0,,1.0,1.0,941,LVA,3,5.0,4.0,1
2014,Latvia,1,0,1,1,3.0,,5.0,3.0,1.0,,1.0,1.0,,1.0,1.0,,1.0,,1.0,1.0,941,LVA,3,5.0,3.6666666666666665,1
2015,Latvia,1,0,1,1,3.0,,5.0,3.0,1.0,,1.0,1.0,,1.0,1.0,,1.0,,1.0,1.0,941,LVA,3,5.0,3.6666666666666665,1
2016,Latvia,1,0,1,1,3.0,,5.0,3.0,1.0,,1.0,1.0,,1.0,1.0,,1.0,,1.0,1.0,941,LVA,3,5.0,3.6666666666666665,1
2017,Latvia,1,0,1,1,3.0,,5.0,3.0,1.0,,1.0,1.0,,1.0,1.0,,1.0,,1.0,1.0,941,LVA,3,5.0,3.6666666666666665,1
2018,Latvia,1,0,1,1,3.0,,5.0,3.0,1.0,,1.0,1.0,,1.0,1.0,,1.0,,1.0,1.0,941,LVA,3,5.0,3.6666666666666665,1
2019,Latvia,1,0,1,1,3.0,,5.0,3.0,1.0,,1.0,1.0,,1.0,1.0,,1.0,,1.0,1.0,941,LVA,3,5.0,3.6666666666666665,1
2020,Latvia,1,0,1,1,3.0,,5.0,3.0,1.0,,1.0,1.0,,1.0,1.0,,1.0,,1.0,1.0,941,LVA,3,5.0,3.6666666666666665,1
2021,Latvia,1,0,1,1,3.0,,5.0,3.0,1.0,,1.0,1.0,,1.0,1.0,,1.0,,1.0,1.0,941,LVA,3,5.0,3.6666666666666665,1
2022,Latvia,1,0,1,1,3.0,,5.0,3.0,1.0,,1.0,1.0,,1.0,1.0,,1.0,,1.0,1.0,941,LVA,3,5.0,3.6666666666666665,1
2023,Latvia,1,0,1,1,3.0,,5.0,3.0,1.0,,1.0,1.0,,1.0,1.0,,1.0,,1.0,1.0,941,LVA,3,5.0,3.6666666666666665,1
2024,Latvia,1,0,1,1,3.0,,5.0,3.0,1.0,,1.0,1.0,,1.0,1.0,,1.0,,1.0,1.0,941,LVA,3,5.0,3.6666666666666665,1
1990,Liberia,0,0,0,0,,,,,,,,,,,,,,,,,668,LBR,0,,,0
1991,Liberia,0,0,0,0,,,,,,,,,,,,,,,,,668,LBR,0,,,0
1992,Liberia,0,0,0,0,,,,,,,,,,,,,,,,,668,LBR,0,,,0
1993,Liberia,0,0,0,0,,,,,,,,,,,,,,,,,668,LBR,0,,,0
1994,Liberia,0,0,0,0,,,,,,,,,,,,,,,,,668,LBR,0,,,0
1995,Liberia,0,0,0,0,,,,,,,,,,,,,,,,,668,LBR,0,,,0
1996,Liberia,0,0,0,0,,,,,,,,,,,,,,,,,668,LBR,0,,,0
1997,Liberia,0,0,0,0,,,,,,,,,,,,,,,,,668,LBR,0,,,0
1998,Liberia,0,0,0,0,,,,,,,,,,,,,,,,,668,LBR,0,,,0
1999,Liberia,0,0,0,0,,,,,,,,,,,,,,,,,668,LBR,0,,,0
2000,Liberia,0,0,0,0,,,,,,,,,,,,,,,,,668,LBR,0,,,0
2001,Liberia,0,0,0,0,,,,,,,,,,,,,,,,,668,LBR,0,,,0
2002,Liberia,0,0,0,0,,,,,,,,,,,,,,,,,668,LBR,0,,,0
2003,Liberia,0,0,0,0,,,,,,,,,,,,,,,,,668,LBR,0,,,0
2004,Liberia,0,0,0,0,,,,,,,,,,,,,,,,,668,LBR,0,,,0
2005,Liberia,0,0,0,0,,,,,,,,,,,,,,,,,668,LBR,0,,,0
2006,Liberia,0,0,0,0,,,,,,,,,,,,,,,,,668,LBR,0,,,0
2007,Liberia,0,0,0,0,,,,,,,,,,,,,,,,,668,LBR,0,,,0
2008,Liberia,0,0,0,0,,,,,,,,,,,,,,,,,668,LBR,0,,,0
2009,Liberia,0,0,0,1,,,,3.0,,,,0.0,0.0,0.0,,,,,,0.0,668,LBR,1,3.0,3.0,0
2010,Liberia,0,0,0,1,,,,3.0,,,,0.0,0.0,0.0,,,,,,1.0,668,LBR,1,3.0,3.0,0
2011,Liberia,0,0,0,1,,,,3.0,,,,0.0,0.0,0.0,,,,,,1.0,668,LBR,1,3.0,3.0,0
2012,Liberia,0,0,0,1,,,,3.0,,,,0.0,0.0,0.0,,,,,,1.0,668,LBR,1,3.0,3.0,0
2013,Liberia,0,0,0,1,,,,3.0,,,,0.0,0.0,0.0,,,,,,1.0,668,LBR,1,3.0,3.0,0
2014,Liberia,0,0,0,1,,,,3.0,,,,0.0,0.0,0.0,,,,,,1.0,668,LBR,1,3.0,3.0,0
2015,Liberia,0,0,0,1,,,,3.0,,,,0.0,0.0,0.0,,,,,,1.0,668,LBR,1,3.0,3.0,0
2016,Liberia,0,0,0,1,,,,3.0,,,,0.0,0.0,0.0,,,,,,1.0,668,LBR,1,3.0,3.0,0
2017,Liberia,0,0,0,1,,,,3.0,,,,0.0,0.0,0.0,,,,,,1.0,668,LBR,1,3.0,3.0,0
2018,Liberia,0,0,0,1,,,,3.0,,,,0.0,0.0,0.0,,,,,,1.0,668,LBR,1,3.0,3.0,0
2019,Liberia,0,0,0,1,,,,3.0,,,,0.0,0.0,0.0,,,,,,1.0,668,LBR,1,3.0,3.0,0
2020,Liberia,0,0,0,1,,,,3.0,,,,0.0,0.0,0.0,,,,,,1.0,668,LBR,1,3.0,3.0,0
2021,Liberia,0,0,0,1,,,,3.0,,,,0.0,0.0,0.0,,,,,,1.0,668,LBR,1,3.0,3.0,0
2022,Liberia,0,0,0,1,,,,3.0,,,,0.0,0.0,0.0,,,,,,1.0,668,LBR,1,3.0,3.0,0
2023,Liberia,0,0,0,1,,,,3.0,,,,0.0,0.0,0.0,,,,,,1.0,668,LBR,1,3.0,3.0,0
2024,Liberia,0,0,0,1,,,,3.0,,,,0.0,0.0,0.0,,,,,,1.0,668,LBR,1,3.0,3.0,0
1990,Lithuania,0,0,0,0,,,,,,,,,,,,,,,,,946,LTU,0,,,0
1991,Lithuania,0,0,0,0,,,,,,,,,,,,,,,,,946,LTU,0,,,0
1992,Lithuania,0,0,0,0,,,,,,,,,,,,,,,,,946,LTU,0,,,0
1993,Lithuania,0,0,0,0,,,,,,,,,,,,,,,,,946,LTU,0,,,0
1994,Lithuania,0,0,0,0,,,,,,,,,,,,,,,,,946,LTU,0,,,0
1995,Lithuania,0,0,0,0,,,,,,,,,,,,,,,,,946,LTU,0,,,0
1996,Lithuania,0,0,0,0,,,,,,,,,,,,,,,,,946,LTU,0,,,0
1997,Lithuania,0,0,0,0,,,,,,,,,0.0,0.0,,,,,,,946,LTU,0,,,0
1998,Lithuania,0,0,0,0,,,,,,,,,0.0,0.0,,,,,,,946,LTU,0,,,0
1999,Lithuania,0,0,0,0,,,,,,,,,0.0,0.0,,,,,,,946,LTU,0,,,0
2000,Lithuania,0,0,0,0,,,,,,,,,0.0,0.0,,,,,,,946,LTU,0,,,0
2001,Lithuania,0,0,0,0,,,,,,,,,0.0,0.0,,,,,,,946,LTU,0,,,0
2002,Lithuania,0,0,0,0,,,,,,,,,0.0,0.0,,,,,,,946,LTU,0,,,0
2003,Lithuania,0,0,0,0,,,,,,,,,0.0,0.0,,,,,,,946,LTU,0,,,0
2004,Lithuania,0,0,1,1,,,,,,,,,0.0,0.0,,,,,,,946,LTU,2,,,0
2005,Lithuania,0,0,1,1,,,,,,,,,0.0,0.0,1.0,,1.0,,1.0,1.0,946,LTU,2,,,0
2006,Lithuania,0,0,1,1,,,,,,,,,0.0,0.0,1.0,,1.0,,1.0,1.0,946,LTU,2,,,0
2007,Lithuania,0,0,1,1,,,,,,,,,0.0,0.0,1.0,,1.0,,1.0,1.0,946,LTU,2,,,0
2008,Lithuania,1,0,1,1,,,,,1.0,,,,0.0,0.0,1.0,,1.0,,1.0,1.0,946,LTU,3,,,1
2009,Lithuania,1,0,1,1,,,,,1.0,,,,0.0,0.0,1.0,,1.0,,1.0,1.0,946,LTU,3,,,1
2010,Lithuania,1,0,1,1,,,,,1.0,,,,0.0,0.0,1.0,,1.0,,1.0,1.0,946,LTU,3,,,1
2011,Lithuania,1,0,1,1,,,,,1.0,,,,0.0,0.0,1.0,,1.0,,1.0,1.0,946,LTU,3,,,1
2012,Lithuania,1,0,1,1,3.0,,,,1.0,,,,0.0,0.0,1.0,,1.0,,1.0,1.0,946,LTU,3,3.0,3.0,1
2013,Lithuania,1,0,1,1,3.0,,,,1.0,,,,0.0,0.0,1.0,,1.0,,1.0,1.0,946,LTU,3,3.0,3.0,1
2014,Lithuania,1,0,1,1,3.0,,,,1.0,,,,0.0,0.0,1.0,,1.0,,1.0,1.0,946,LTU,3,3.0,3.0,1
2015,Lithuania,1,0,1,1,5.0,,5.0,,1.0,,1.0,,1.0,0.0,1.0,,1.0,,1.0,1.0,946,LTU,3,5.0,5.0,1
2016,Lithuania,1,0,1,1,5.0,,5.0,,1.0,,1.0,,1.0,0.0,1.0,,1.0,,1.0,1.0,946,LTU,3,5.0,5.0,1
2017,Lithuania,1,0,1,1,5.0,,5.0,,1.0,,1.0,,1.0,0.0,1.0,,1.0,,1.0,1.0,946,LTU,3,5.0,5.0,1
2018,Lithuania,1,0,1,1,5.0,,5.0,,1.0,,1.0,,1.0,0.0,1.0,,1.0,,1.0,1.0,946,LTU,3,5.0,5.0,1
2019,Lithuania,1,0,1,1,5.0,,5.0,,1.0,,1.0,,1.0,0.0,1.0,,1.0,,1.0,1.0,946,LTU,3,5.0,5.0,1
2020,Lithuania,1,0,1,1,5.0,,5.0,,1.0,,1.0,,1.0,0.0,1.0,,1.0,,1.0,1.0,946,LTU,3,5.0,5.0,1
2021,Lithuania,1,0,1,1,5.0,,5.0,,1.0,,1.0,,1.0,0.0,1.0,,1.0,,1.0,1.0,946,LTU,3,5.0,5.0,1
2022,Lithuania,1,0,1,1,5.0,,5.0,,1.0,,1.0,,1.0,0.0,1.0,,1.0,,1.0,1.0,946,LTU,3,5.0,5.0,1
2023,Lithuania,1,0,1,1,5.0,,5.0,,1.0,,1.0,,1.0,0.0,1.0,,1.0,,1.0,1.0,946,LTU,3,5.0,5.0,1
2024,Lithuania,1,0,1,1,5.0,,5.0,,1.0,,1.0,,1.0,0.0,1.0,,,,,,946,LTU,3,5.0,5.0,1
1990,Luxembourg,1,0,0,1,2.0,,,2.0,0.0,,,0.0,1.0,0.0,,,,,,,137,LUX,2,2.0,2.0,0
1991,Luxembourg,1,0,0,1,2.0,,,2.0,0.0,,,0.0,1.0,0.0,,,,,,,137,LUX,2,2.0,2.0,0
1992,Luxembourg,1,0,1,1,2.0,,,2.0,0.0,,,0.0,1.0,0.0,,,,,,,137,LUX,3,2.0,2.0,0
1993,Luxembourg,1,0,1,1,2.0,,,2.0,0.0,,,0.0,1.0,0.0,,,,,,,137,LUX,3,2.0,2.0,0
1994,Luxembourg,1,0,1,1,2.0,,,2.0,0.0,,,0.0,1.0,0.0,,,,,,,137,LUX,3,2.0,2.0,0
1995,Luxembourg,1,0,1,1,2.0,,,2.0,0.0,,,0.0,1.0,0.0,,,,,,,137,LUX,3,2.0,2.0,0
1996,Luxembourg,1,0,1,1,2.0,,,2.0,0.0,,,0.0,1.0,0.0,,,,,,,137,LUX,3,2.0,2.0,0
1997,Luxembourg,1,0,1,1,2.0,,,2.0,0.0,,,0.0,1.0,0.0,,,,,,,137,LUX,3,2.0,2.0,0
1998,Luxembourg,1,0,1,1,2.0,,,2.0,0.0,,,0.0,1.0,0.0,,,,,,,137,LUX,3,2.0,2.0,0
1999,Luxembourg,1,0,1,1,2.0,,,2.0,0.0,,,0.0,1.0,0.0,,,,,,,137,LUX,3,2.0,2.0,0
2000,Luxembourg,1,0,1,1,2.0,,,2.0,0.0,,,0.0,1.0,0.0,,,,,,,137,LUX,3,2.0,2.0,0
2001,Luxembourg,1,0,1,1,2.0,,,2.0,0.0,,,0.0,1.0,0.0,,,,,,,137,LUX,3,2.0,2.0,0
2002,Luxembourg,1,0,1,1,2.0,,,2.0,0.0,,,0.0,1.0,0.0,,,,,,,137,LUX,3,2.0,2.0,0
2003,Luxembourg,1,0,1,1,2.0,,,2.0,0.0,,,0.0,1.0,0.0,,,,,,,137,LUX,3,2.0,2.0,0
2004,Luxembourg,1,0,1,1,2.0,,,2.0,0.0,,,0.0,1.0,0.0,,,,,,,137,LUX,3,2.0,2.0,0
2005,Luxembourg,1,0,1,1,2.0,,,2.0,0.0,,,0.0,1.0,0.0,1.0,,,,,,137,LUX,3,2.0,2.0,0
2006,Luxembourg,1,0,1,1,2.0,,,2.0,0.0,,,0.0,1.0,0.0,1.0,,,,,,137,LUX,3,2.0,2.0,0
2007,Luxembourg,1,0,1,1,2.0,,,2.0,0.0,,,0.0,1.0,0.0,1.0,,,,,,137,LUX,3,2.0,2.0,0
2008,Luxembourg,1,0,1,1,2.0,,,2.0,0.0,,,0.0,1.0,0.0,1.0,,,,,,137,LUX,3,2.0,2.0,0
2009,Luxembourg,1,0,1,1,2.0,,,2.0,0.0,,,0.0,1.0,0.0,1.0,,,,,,137,LUX,3,2.0,2.0,0
2010,Luxembourg,1,0,1,1,2.0,,,2.0,0.0,,,0.0,1.0,0.0,1.0,,,,,,137,LUX,3,2.0,2.0,0
2011,Luxembourg,1,0,1,1,2.0,,,2.0,0.0,,,0.0,1.0,0.0,1.0,,,,,,137,LUX,3,2.0,2.0,0
2012,Luxembourg,1,0,1,1,2.0,,,2.0,0.0,,,0.0,1.0,0.0,1.0,,,,,,137,LUX,3,2.0,2.0,0
2013,Luxembourg,1,0,1,1,2.0,,,2.0,0.0,,,0.0,1.0,0.0,1.0,,,,,,137,LUX,3,2.0,2.0,0
2014,Luxembourg,1,0,1,1,,,3.0,2.0,,,1.0,0.0,1.0,1.0,1.0,,,,,,137,LUX,3,3.0,2.5,1
2015,Luxembourg,1,0,1,1,,,3.0,2.0,,,1.0,0.0,1.0,1.0,1.0,,,,,,137,LUX,3,3.0,2.5,1
2016,Luxembourg,1,0,1,1,,,3.0,2.0,,,1.0,0.0,1.0,1.0,1.0,,,,,,137,LUX,3,3.0,2.5,1
2017,Luxembourg,1,0,1,1,,,3.0,2.0,,,1.0,0.0,1.0,1.0,1.0,,,,,,137,LUX,3,3.0,2.5,1
2018,Luxembourg,1,0,1,1,,,3.0,2.0,,,1.0,0.0,1.0,1.0,1.0,,,,,,137,LUX,3,3.0,2.5,1
2019,Luxembourg,1,0,1,1,,,3.0,2.0,,,1.0,0.0,1.0,1.0,1.0,,,,,,137,LUX,3,3.0,2.5,1
2020,Luxembourg,1,0,1,1,,,3.0,2.0,,,1.0,0.0,1.0,1.0,1.0,,,,,,137,LUX,3,3.0,2.5,1
2021,Luxembourg,1,0,1,1,,,3.0,2.0,,,1.0,0.0,1.0,1.0,1.0,,,,,,137,LUX,3,3.0,2.5,1
2022,Luxembourg,1,0,1,1,,,3.0,2.0,,,1.0,0.0,1.0,1.0,1.0,,,,,,137,LUX,3,3.0,2.5,1
2023,Luxembourg,1,0,1,1,,,3.0,2.0,,,1.0,0.0,1.0,1.0,1.0,,,,,,137,LUX,3,3.0,2.5,1
2024,Luxembourg,1,0,1,1,,,3.0,2.0,,,1.0,0.0,1.0,1.0,1.0,,,,,,137,LUX,3,3.0,2.5,1
1990,Malaysia,0,0,1,1,,,3.0,3.0,,,0.0,0.0,0.0,0.0,0.0,,,,,,548,MYS,2,3.0,3.0,0
1991,Malaysia,0,0,1,1,,,3.0,3.0,,,0.0,0.0,0.0,0.0,0.0,,,,,,548,MYS,2,3.0,3.0,0
1992,Malaysia,0,0,1,1,,,3.0,3.0,,,0.0,0.0,0.0,0.0,0.0,,,,,,548,MYS,2,3.0,3.0,0
1993,Malaysia,0,0,1,1,,,3.0,3.0,,,0.0,0.0,0.0,0.0,0.0,,,,,,548,MYS,2,3.0,3.0,0
1994,Malaysia,0,0,1,1,,,3.0,3.0,,,0.0,0.0,0.0,0.0,0.0,,,,,,548,MYS,2,3.0,3.0,0
1995,Malaysia,0,0,1,1,,,3.0,3.0,,,0.0,0.0,0.0,0.0,0.0,,,,,,548,MYS,2,3.0,3.0,0
1996,Malaysia,0,0,1,1,,,3.0,3.0,,,0.0,0.0,0.0,0.0,0.0,,,,,,548,MYS,2,3.0,3.0,0
1997,Malaysia,0,0,1,1,,,3.0,3.0,,,0.0,0.0,0.0,0.0,0.0,,,,,,548,MYS,2,3.0,3.0,0
1998,Malaysia,0,0,1,1,,,3.0,3.0,,,0.0,0.0,0.0,0.0,0.0,,,,,,548,MYS,2,3.0,3.0,0
1999,Malaysia,0,0,1,1,,,3.0,3.0,,,0.0,0.0,0.0,0.0,0.0,,,,,,548,MYS,2,3.0,3.0,0
2000,Malaysia,0,0,1,1,,,3.0,3.0,,,0.0,0.0,0.0,0.0,0.0,,,,,,548,MYS,2,3.0,3.0,0
2001,Malaysia,0,0,1,1,,,3.0,3.0,,,0.0,0.0,0.0,0.0,0.0,,,,,,548,MYS,2,3.0,3.0,0
2002,Malaysia,0,0,1,1,,,3.0,3.0,,,0.0,0.0,0.0,0.0,0.0,,,,,,548,MYS,2,3.0,3.0,0
2003,Malaysia,0,0,1,1,,,3.0,3.0,,,0.0,0.0,0.0,0.0,0.0,,,,,,548,MYS,2,3.0,3.0,0
2004,Malaysia,0,0,1,1,,,3.0,3.0,,,0.0,0.0,0.0,0.0,0.0,,,,,,548,MYS,2,3.0,3.0,0
2005,Malaysia,0,0,1,1,,,3.0,3.0,,,0.0,0.0,0.0,0.0,0.0,,,,,,548,MYS,2,3.0,3.0,0
2006,Malaysia,0,0,1,1,,,3.0,3.0,,,0.0,0.0,0.0,0.0,0.0,,,,,,548,MYS,2,3.0,3.0,0
2007,Malaysia,0,0,1,1,,,3.0,3.0,,,0.0,0.0,0.0,0.0,0.0,,,,,,548,MYS,2,3.0,3.0,0
2008,Malaysia,0,0,1,1,,,3.0,3.0,,,0.0,0.0,0.0,0.0,0.0,,,,,,548,MYS,2,3.0,3.0,0
2009,Malaysia,0,0,1,1,,,3.0,3.0,,,0.0,0.0,0.0,0.0,0.0,,,,,,548,MYS,2,3.0,3.0,0
2010,Malaysia,0,0,1,1,,,3.0,3.0,,,0.0,0.0,0.0,0.0,0.0,,,,,,548,MYS,2,3.0,3.0,0
2011,Malaysia,0,0,1,1,,,3.0,3.0,,,0.0,0.0,0.0,0.0,0.0,,,,,,548,MYS,2,3.0,3.0,0
2012,Malaysia,0,0,1,1,,,3.0,3.0,,,0.0,0.0,0.0,0.0,0.0,,,,,,548,MYS,2,3.0,3.0,0
2013,Malaysia,0,0,1,1,,,3.0,3.0,,,0.0,0.0,0.0,0.0,0.0,,,,,,548,MYS,2,3.0,3.0,0
2014,Malaysia,0,0,1,1,,,3.0,3.0,,,0.0,0.0,0.0,0.0,0.0,,,,,,548,MYS,2,3.0,3.0,0
2015,Malaysia,0,0,1,1,,,3.0,3.0,,,0.0,0.0,0.0,0.0,0.0,,,,,,548,MYS,2,3.0,3.0,0
2016,Malaysia,0,0,1,1,,,3.0,3.0,,,0.0,0.0,0.0,0.0,0.0,,,,,,548,MYS,2,3.0,3.0,0
2017,Malaysia,0,0,1,1,,,3.0,3.0,,,0.0,0.0,0.0,0.0,0.0,,,,,,548,MYS,2,3.0,3.0,0
2018,Malaysia,0,0,1,1,,,3.0,3.0,,,0.0,0.0,0.0,0.0,0.0,,,,,,548,MYS,2,3.0,3.0,0
2019,Malaysia,0,0,1,1,,,3.0,3.0,,,0.0,0.0,0.0,0.0,0.0,,,,,,548,MYS,2,3.0,3.0,0
2020,Malaysia,0,0,1,1,,,3.0,3.0,,,0.0,0.0,0.0,0.0,0.0,,,,,,548,MYS,2,3.0,3.0,0
2021,Malaysia,0,0,1,1,,,3.0,3.0,,,0.0,0.0,0.0,0.0,0.0,,,,,,548,MYS,2,3.0,3.0,0
2022,Malaysia,0,0,1,1,,,3.0,3.0,,,0.0,0.0,0.0,0.0,0.0,,,,,,548,MYS,2,3.0,3.0,0
2023,Malaysia,1,0,1,1,3.0,,3.0,3.0,1.0,,1.0,1.0,0.0,1.0,1.0,,,,,,548,MYS,3,3.0,3.0,1
2024,Malaysia,1,0,1,1,3.0,,3.0,3.0,1.0,,1.0,1.0,0.0,1.0,1.0,,,,,,548,MYS,3,3.0,3.0,1
1990,Maldives,0,0,0,0,,,,,,,,,,,,,,,,,556,MDV,0,,,0
1991,Maldives,0,0,0,0,,,,,,,,,,,,,,,,,556,MDV,0,,,0
1992,Maldives,0,0,0,0,,,,,,,,,,,,,,,,,556,MDV,0,,,0
1993,Maldives,0,0,0,0,,,,,,,,,,,,,,,,,556,MDV,0,,,0
1994,Maldives,0,0,0,0,,,,,,,,,,,,,,,,,556,MDV,0,,,0
1995,Maldives,0,0,0,0,,,,,,,,,,,,,,,,,556,MDV,0,,,0
1996,Maldives,0,0,0,0,,,,,,,,,,,,,,,,,556,MDV,0,,,0
1997,Maldives,0,0,0,0,,,,,,,,,,,,,,,,,556,MDV,0,,,0
1998,Maldives,0,0,0,0,,,,,,,,,,,,,,,,,556,MDV,0,,,0
1999,Maldives,0,0,0,0,,,,,,,,,,,,,,,,,556,MDV,0,,,0
2000,Maldives,0,0,0,0,,,,,,,,,,,,,,,,,556,MDV,0,,,0
2001,Maldives,0,0,0,0,,,,,,,,,,,,,,,,,556,MDV,0,,,0
2002,Maldives,0,0,0,0,,,,,,,,,,,,,,,,,556,MDV,0,,,0
2003,Maldives,0,0,0,0,,,,,,,,,,,,,,,,,556,MDV,0,,,0
2004,Maldives,0,0,0,0,,,,,,,,,,,,,,,,,556,MDV,0,,,0
2005,Maldives,0,0,0,0,,,,,,,,,,,,,,,,,556,MDV,0,,,0
2006,Maldives,0,0,0,0,,,,,,,,,,,,,,,,,556,MDV,0,,,0
2007,Maldives,0,0,0,0,,,,,,,,,,,,,,,,,556,MDV,0,,,0
2008,Maldives,0,0,0,0,,,,,,,,,,,,,,,,,556,MDV,0,,,0
2009,Maldives,0,0,0,0,,,,,,,,,,,,,,,,,556,MDV,0,,,0
2010,Maldives,0,0,0,0,,,,,,,,,,,,,,,,,556,MDV,0,,,0
2011,Maldives,0,0,0,0,,,,,,,,,,,,,,,,,556,MDV,0,,,0
2012,Maldives,0,0,0,0,,,,,,,,,,,,,,,,,556,MDV,0,,,0
2013,Maldives,0,0,1,1,,,3.0,3.0,,,0.0,0.0,0.0,0.0,0.0,,,,0.0,0.0,556,MDV,2,3.0,3.0,0
2014,Maldives,0,0,1,1,,,3.0,3.0,,,0.0,0.0,0.0,0.0,0.0,,,,0.0,0.0,556,MDV,2,3.0,3.0,0
2015,Maldives,0,0,1,1,,,3.0,3.0,,,0.0,0.0,0.0,0.0,0.0,,,,0.0,0.0,556,MDV,2,3.0,3.0,0
2016,Maldives,0,0,1,1,,,3.0,3.0,,,0.0,0.0,0.0,0.0,0.0,,,,0.0,0.0,556,MDV,2,3.0,3.0,0
2017,Maldives,0,0,1,1,,,3.0,3.0,,,0.0,0.0,0.0,0.0,0.0,,,,0.0,0.0,556,MDV,2,3.0,3.0,0
2018,Maldives,0,0,1,1,,,3.0,3.0,,,0.0,0.0,0.0,0.0,0.0,,,,0.0,0.0,556,MDV,2,3.0,3.0,0
2019,Maldives,0,0,1,1,,,3.0,3.0,,,0.0,0.0,0.0,0.0,0.0,,,,0.0,0.0,556,MDV,2,3.0,3.0,0
2020,Maldives,0,0,1,1,,,3.0,3.0,,,0.0,0.0,0.0,0.0,0.0,,,,0.0,0.0,556,MDV,2,3.0,3.0,0
2021,Maldives,0,0,1,1,,,3.0,3.0,,,0.0,0.0,0.0,0.0,0.0,,,,0.0,0.0,556,MDV,2,3.0,3.0,0
2022,Maldives,0,0,1,1,,,3.0,3.0,,,0.0,0.0,0.0,0.0,0.0,,,,0.0,0.0,556,MDV,2,3.0,3.0,0
2023,Maldives,0,0,1,1,,,3.0,3.0,,,0.0,0.0,0.0,0.0,0.0,,,,0.0,0.0,556,MDV,2,3.0,3.0,0
2024,Maldives,0,0,1,1,,,3.0,3.0,,,0.0,0.0,0.0,0.0,0.0,,,,0.0,0.0,556,MDV,2,3.0,3.0,0
1990,Mali,0,0,0,0,,,,,,,,,,,,,,,,,678,MLI,0,,,0
1991,Mali,0,0,0,0,,,,,,,,,,,,,,,,,678,MLI,0,,,0
1992,Mali,0,0,0,0,,,,,,,,,,,,,,,,,678,MLI,0,,,0
1993,Mali,0,0,0,0,,,,,,,,,,,,,,,,,678,MLI,0,,,0
1994,Mali,0,0,0,0,,,,,,,,,,,,,,,,,678,MLI,0,,,0
1995,Mali,0,0,0,0,,,,,,,,,,,,,,,,,678,MLI,0,,,0
1996,Mali,0,0,0,0,,,,,,,,,,,,,,,,,678,MLI,0,,,0
1997,Mali,0,0,0,0,,,,,,,,,,,,,,,,,678,MLI,0,,,0
1998,Mali,0,0,0,0,,,,,,,,,,,,,,,,,678,MLI,0,,,0
1999,Mali,0,0,0,0,,,,,,,,,,,,,,,,,678,MLI,0,,,0
2000,Mali,0,1,1,1,,,,,,,,,,,,,,,,,678,MLI,3,,,0
2001,Mali,0,1,1,1,,,,,,,,,,,,,,,,,678,MLI,3,,,0
2002,Mali,0,1,1,1,,,,,,,,,,,,,,,,,678,MLI,3,,,0
2003,Mali,0,1,1,1,,,,,,,,,,,,,,,,,678,MLI,3,,,0
2004,Mali,0,1,1,1,,,,,,,,,,,,,,,,,678,MLI,3,,,0
2005,Mali,0,1,1,1,,,,,,,,,,,,,,,,,678,MLI,3,,,0
2006,Mali,0,1,1,1,,,,,,,,,,,,,,,,,678,MLI,3,,,0
2007,Mali,0,1,1,1,,,,,,,,,,,,,,,,,678,MLI,3,,,0
2008,Mali,0,1,1,1,,,,,,,,,,,,,,,,,678,MLI,3,,,0
2009,Mali,0,1,1,1,,,,,,,,,,,,,,,,,678,MLI,3,,,0
2010,Mali,0,1,1,1,,,,,,,,,,,,,,,,,678,MLI,3,,,0
2011,Mali,0,1,1,1,,,,,,,,,,,,,,,,,678,MLI,3,,,0
2012,Mali,0,1,1,1,,,,,,,,,,,,,,,,,678,MLI,3,,,0
2013,Mali,0,1,1,1,,,,,,,,,,,,,,,,,678,MLI,3,,,0
2014,Mali,0,1,1,1,,,,,,,,,,,,,,,,,678,MLI,3,,,0
2015,Mali,0,1,1,1,,,,,,,,,,,,,,,,,678,MLI,3,,,0
2016,Mali,0,1,1,1,,,,,,,,,,,,,,,,,678,MLI,3,,,0
2017,Mali,0,1,1,1,,,,,,,,,,,,,,,,,678,MLI,3,,,0
2018,Mali,0,1,1,1,,,,,,,,,,,,,,,,,678,MLI,3,,,0
2019,Mali,0,1,1,1,,,,,,,,,,,,,,,,,678,MLI,3,,,0
2020,Mali,0,1,1,1,,,,,,,,,,,,,,,,,678,MLI,3,,,0
2021,Mali,0,1,1,1,,,,,,,,,,,,,,,,,678,MLI,3,,,0
2022,Mali,0,1,1,1,,,,,,,,,,,,,,,,,678,MLI,3,,,0
2023,Mali,0,1,1,1,,,,,,,,,,,,,,,,,678,MLI,3,,,0
2024,Mali,0,1,1,1,,,,,,,,,,,,,,,,,678,MLI,3,,,0
1990,Malta,0,0,0,0,,,,,,,,,,,,,,,,,181,MLT,0,,,0
1991,Malta,0,0,0,0,,,,,,,,,,,,,,,,,181,MLT,0,,,0
1992,Malta,0,0,0,0,,,,,,,,,,,,,,,,,181,MLT,0,,,0
1993,Malta,0,0,0,0,,,,,,,,,,,,,,,,,181,MLT,0,,,0
1994,Malta,0,0,0,0,,,,,,,,,,,,,,,,,181,MLT,0,,,0
1995,Malta,0,0,0,0,,,,,,,,,,,,,,,,,181,MLT,0,,,0
1996,Malta,0,0,0,0,,,,,,,,,,,,,,,,,181,MLT,0,,,0
1997,Malta,0,0,0,0,,,,,,,,,,,,,,,,,181,MLT,0,,,0
1998,Malta,0,0,0,0,,,,,,,,,,,,,,,,,181,MLT,0,,,0
1999,Malta,0,0,0,0,,,,,,,,,,,,,,,,,181,MLT,0,,,0
2000,Malta,0,0,0,0,,,,,,,,,,,,,,,,,181,MLT,0,,,0
2001,Malta,0,0,0,0,,,,,,,,,,,,,,,,,181,MLT,0,,,0
2002,Malta,0,0,0,0,,,,,,,,,,,,,,,,,181,MLT,0,,,0
2003,Malta,0,0,0,0,,,,,,,,,,,,,,,,,181,MLT,0,,,0
2004,Malta,0,0,1,1,,,,,,,,,,,,,,,,,181,MLT,2,,,0
2005,Malta,0,0,1,1,,,,,,,,,,,,,,,,,181,MLT,2,,,0
2006,Malta,0,0,1,1,,,,,,,,,,,,,,,,,181,MLT,2,,,0
2007,Malta,0,0,1,1,,,,,,,,,,,,,,,,,181,MLT,2,,,0
2008,Malta,0,0,1,1,,,,,,,,,,,,,,,,,181,MLT,2,,,0
2009,Malta,0,0,1,1,,,,,,,,,,,,,,,,,181,MLT,2,,,0
2010,Malta,0,0,1,1,,,,,,,,,,,,,,,,,181,MLT,2,,,0
2011,Malta,0,0,1,1,,,,,,,,,,,,,,,,,181,MLT,2,,,0
2012,Malta,1,0,1,1,,,,,,,,,,,,,,,,,181,MLT,3,,,0
2013,Malta,1,0,1,1,,,,,,,,,,,,,,,,,181,MLT,3,,,0
2014,Malta,1,0,1,1,,,5.0,3.0,,,1.0,1.0,0.0,1.0,1.0,,,,1.0,0.0,181,MLT,3,5.0,4.0,1
2015,Malta,1,0,1,1,,,5.0,3.0,,,1.0,1.0,0.0,1.0,1.0,,,,1.0,1.0,181,MLT,3,5.0,4.0,1
2016,Malta,1,0,1,1,,,5.0,3.0,,,1.0,1.0,0.0,1.0,1.0,,,,1.0,1.0,181,MLT,3,5.0,4.0,1
2017,Malta,1,0,1,1,,,5.0,3.0,,,1.0,1.0,0.0,1.0,1.0,,,,1.0,1.0,181,MLT,3,5.0,4.0,1
2018,Malta,1,0,1,1,,,5.0,3.0,,,1.0,1.0,0.0,1.0,1.0,,,,1.0,1.0,181,MLT,3,5.0,4.0,1
2019,Malta,1,0,1,1,,,5.0,3.0,,,1.0,1.0,0.0,1.0,1.0,,,,1.0,1.0,181,MLT,3,5.0,4.0,1
2020,Malta,1,0,1,1,,,5.0,3.0,,,1.0,1.0,0.0,1.0,1.0,,,,0.0,1.0,181,MLT,3,5.0,4.0,1
2021,Malta,1,0,1,1,,,5.0,3.0,,,1.0,1.0,0.0,1.0,1.0,,,,0.0,1.0,181,MLT,3,5.0,4.0,1
2022,Malta,1,0,1,1,,,5.0,3.0,,,1.0,1.0,0.0,1.0,1.0,,,,0.0,1.0,181,MLT,3,5.0,4.0,1
2023,Malta,1,0,1,1,,,5.0,3.0,,,1.0,1.0,0.0,1.0,1.0,,,,0.0,1.0,181,MLT,3,5.0,4.0,1
2024,Malta,1,0,1,1,,,5.0,3.0,,,1.0,1.0,0.0,1.0,1.0,,,,0.0,1.0,181,MLT,3,5.0,4.0,1
1990,Marshall Islands,0,0,0,0,,,,,,,,,,,,,,,,,867,MHL,0,,,0
1991,Marshall Islands,0,0,0,0,,,,,,,,,,,,,,,,,867,MHL,0,,,0
1992,Marshall Islands,0,0,0,0,,,,,,,,,,,,,,,,,867,MHL,0,,,0
1993,Marshall Islands,0,0,0,0,,,,,,,,,,,,,,,,,867,MHL,0,,,0
1994,Marshall Islands,0,0,0,0,,,,,,,,,,,,,,,,,867,MHL,0,,,0
1995,Marshall Islands,0,0,0,0,,,,,,,,,,,,,,,,,867,MHL,0,,,0
1996,Marshall Islands,0,0,0,0,,,,,,,,,,,,,,,,,867,MHL,0,,,0
1997,Marshall Islands,0,0,0,0,,,,,,,,,,,,,,,,,867,MHL,0,,,0
1998,Marshall Islands,0,0,0,0,,,,,,,,,,,,,,,,,867,MHL,0,,,0
1999,Marshall Islands,0,0,0,0,,,,,,,,,,,,,,,,,867,MHL,0,,,0
2000,Marshall Islands,0,0,0,0,,,,,,,,,,,,,,,,,867,MHL,0,,,0
2001,Marshall Islands,0,0,0,0,,,,,,,,,,,,,,,,,867,MHL,0,,,0
2002,Marshall Islands,0,0,0,0,,,,,,,,,,,,,,,,,867,MHL,0,,,0
2003,Marshall Islands,0,0,0,0,,,,,,,,,,,,,,,,,867,MHL,0,,,0
2004,Marshall Islands,0,0,0,0,,,,,,,,,,,,,,,,,867,MHL,0,,,0
2005,Marshall Islands,0,0,0,0,,,,,,,,,,,,,,,,,867,MHL,0,,,0
2006,Marshall Islands,0,0,0,0,,,,,,,,,,,,,,,,,867,MHL,0,,,0
2007,Marshall Islands,0,0,0,0,,,,,,,,,,,,,,,,,867,MHL,0,,,0
2008,Marshall Islands,0,0,0,0,,,,,,,,,,,,,,,,,867,MHL,0,,,0
2009,Marshall Islands,0,0,0,0,,,,,,,,,,,,,,,,,867,MHL,0,,,0
2010,Marshall Islands,0,0,0,0,,,,,,,,,,,,,,,,,867,MHL,0,,,0
2011,Marshall Islands,0,0,0,0,,,,,,,,,,,,,,,,,867,MHL,0,,,0
2012,Marshall Islands,0,0,0,0,,,,,,,,,,,,,,,,,867,MHL,0,,,0
2013,Marshall Islands,0,0,0,0,,,,,,,,,,,,,,,,,867,MHL,0,,,0
2014,Marshall Islands,0,0,0,0,,,,,,,,,,,,,,,,,867,MHL,0,,,0
2015,Marshall Islands,0,0,0,0,,,,,,,,,,,,,,,,,867,MHL,0,,,0
2016,Marshall Islands,0,0,0,0,,,,,,,,,,,,,,,,,867,MHL,0,,,0
2017,Marshall Islands,0,0,0,0,,,,,,,,,,,,,,,,,867,MHL,0,,,0
2018,Marshall Islands,0,0,0,0,,,,,,,,,,,,,,,,,867,MHL,0,,,0
2019,Marshall Islands,0,0,0,0,,,,,,,,,,,,,,,,,867,MHL,0,,,0
2020,Marshall Islands,0,0,0,0,,,,,,,,,,,,,,,,,867,MHL,0,,,0
2021,Marshall Islands,0,0,1,0,,,3.0,,,,1.0,,0.0,0.0,,,,,1.0,,867,MHL,1,3.0,3.0,1
2022,Marshall Islands,0,0,1,0,,,3.0,,,,1.0,,0.0,0.0,,,,,1.0,,867,MHL,1,3.0,3.0,1
2023,Marshall Islands,0,0,1,0,,,3.0,,,,1.0,,0.0,0.0,,,,,1.0,,867,MHL,1,3.0,3.0,1
2024,Marshall Islands,0,0,1,0,,,3.0,,,,1.0,,0.0,0.0,,,,,1.0,,867,MHL,1,3.0,3.0,1
1990,Mauritius,0,0,0,0,,,,,,,,,,,,,,,,,684,MUS,0,,,0
1991,Mauritius,0,0,0,0,,,,,,,,,,,,,,,,,684,MUS,0,,,0
1992,Mauritius,0,0,0,0,,,,,,,,,,,,,,,,,684,MUS,0,,,0
1993,Mauritius,0,0,0,0,,,,,,,,,,,,,,,,,684,MUS,0,,,0
1994,Mauritius,0,0,0,0,,,,,,,,,,,,,,,,,684,MUS,0,,,0
1995,Mauritius,0,0,0,0,,,,,,,,,,,,,,,,,684,MUS,0,,,0
1996,Mauritius,0,0,0,0,,,,,,,,,,,,,,,,,684,MUS,0,,,0
1997,Mauritius,0,0,0,0,,,,,,,,,,,,,,,,,684,MUS,0,,,0
1998,Mauritius,0,0,0,0,,,,,,,,,,,,,,,,,684,MUS,0,,,0
1999,Mauritius,0,0,0,0,,,,,,,,,,,,,,,,,684,MUS,0,,,0
2000,Mauritius,0,0,0,0,,,,,,,,,,,,,,,,,684,MUS,0,,,0
2001,Mauritius,0,0,0,0,,,,,,,,,,,,,,,,,684,MUS,0,,,0
2002,Mauritius,0,0,0,0,,,,,,,,,,,,,,,,,684,MUS,0,,,0
2003,Mauritius,0,0,0,0,,,,,,,,,,,,,,,,,684,MUS,0,,,0
2004,Mauritius,0,0,0,0,,,,,,,,,,,,,,,,,684,MUS,0,,,0
2005,Mauritius,0,0,0,0,,,,,,,,,,,,,,,,,684,MUS,0,,,0
2006,Mauritius,0,0,0,0,,,,,,,,,,,,,,,,,684,MUS,0,,,0
2007,Mauritius,0,0,0,0,,,,,,,,,,,,,,,,,684,MUS,0,,,0
2008,Mauritius,0,0,0,1,,,,3.0,,,,1.0,0.0,0.0,,,,,,,684,MUS,1,3.0,3.0,1
2009,Mauritius,0,0,0,1,,,,3.0,,,,1.0,0.0,0.0,,,,,,,684,MUS,1,3.0,3.0,1
2010,Mauritius,0,0,0,1,,,,3.0,,,,1.0,0.0,0.0,,,,,,,684,MUS,1,3.0,3.0,1
2011,Mauritius,0,0,0,1,,,,3.0,,,,1.0,0.0,0.0,,,,,,,684,MUS,1,3.0,3.0,1
2012,Mauritius,0,0,0,1,,,,3.0,,,,1.0,0.0,0.0,,,,,,,684,MUS,1,3.0,3.0,1
2013,Mauritius,0,0,0,1,,,,3.0,,,,1.0,0.0,0.0,,,,,,,684,MUS,1,3.0,3.0,1
2014,Mauritius,0,0,0,1,,,,3.0,,,,1.0,0.0,0.0,,,,,,,684,MUS,1,3.0,3.0,1
2015,Mauritius,0,0,0,1,,,,3.0,,,,1.0,0.0,0.0,,,,,,,684,MUS,1,3.0,3.0,1
2016,Mauritius,0,0,0,1,,,,3.0,,,,1.0,0.0,0.0,,,,,,,684,MUS,1,3.0,3.0,1
2017,Mauritius,0,0,0,1,,,,3.0,,,,1.0,0.0,0.0,,,,,,,684,MUS,1,3.0,3.0,1
2018,Mauritius,0,0,0,1,,,,3.0,,,,1.0,0.0,0.0,,,,,,,684,MUS,1,3.0,3.0,1
2019,Mauritius,0,0,0,1,,,,3.0,,,,1.0,0.0,0.0,,,,,,,684,MUS,1,3.0,3.0,1
2020,Mauritius,0,0,0,0,,,,,,,,,0.0,0.0,0.0,,,,,,684,MUS,0,,,0
2021,Mauritius,0,0,0,0,,,,,,,,,0.0,0.0,0.0,,,,,,684,MUS,0,,,0
2022,Mauritius,0,0,0,0,,,,,,,,,0.0,0.0,0.0,,,,,,684,MUS,0,,,0
2023,Mauritius,0,0,0,1,,,,3.0,,,,1.0,0.0,0.0,0.0,,,,,1.0,684,MUS,1,3.0,3.0,1
2024,Mauritius,0,0,0,1,,,,3.0,,,,1.0,0.0,0.0,0.0,,,,,,684,MUS,1,3.0,3.0,1
1990,Mexico,0,0,0,0,,,,,,,,,,,,,,,,,273,MEX,0,,,0
1991,Mexico,0,0,0,0,,,,,,,,,,,,,,,,,273,MEX,0,,,0
1992,Mexico,0,0,0,0,,,,,,,,,,,,,,,,,273,MEX,0,,,0
1993,Mexico,0,0,0,0,,,,,,,,,,,,,,,,,273,MEX,0,,,0
1994,Mexico,0,0,0,0,,,,,,,,,,,,,,,,,273,MEX,0,,,0
1995,Mexico,0,0,0,0,,,,,,,,,,,,,,,,,273,MEX,0,,,0
1996,Mexico,0,0,0,0,,,,,,,,,,,,,,,,,273,MEX,0,,,0
1997,Mexico,0,0,0,0,,,,,,,,,,,,,,,,,273,MEX,0,,,0
1998,Mexico,0,0,0,0,,,,,,,,,,,,,,,,,273,MEX,0,,,0
1999,Mexico,0,0,0,0,,,,,,,,,,,,,,,,,273,MEX,0,,,0
2000,Mexico,0,0,0,0,,,,,,,,,,,,,,,,,273,MEX,0,,,0
2001,Mexico,0,0,0,0,,,,,,,,,,,,,,,,,273,MEX,0,,,0
2002,Mexico,0,0,0,0,,,,,,,,,,,,,,,,,273,MEX,0,,,0
2003,Mexico,0,0,0,0,,,,,,,,,,,,,,,,,273,MEX,0,,,0
2004,Mexico,0,0,0,0,,,,,,,,,,,,,,,,,273,MEX,0,,,0
2005,Mexico,0,0,0,0,,,,,,,,,,,,,,,,,273,MEX,0,,,0
2006,Mexico,0,0,1,0,,,3.0,,,,1.0,,0.0,0.0,,,,,,,273,MEX,1,3.0,3.0,1
2007,Mexico,0,0,1,0,,,3.0,,,,1.0,,0.0,0.0,,,,,,,273,MEX,1,3.0,3.0,1
2008,Mexico,0,0,1,0,,,3.0,,,,1.0,,0.0,0.0,,,,,,,273,MEX,1,3.0,3.0,1
2009,Mexico,0,0,1,0,,,3.0,,,,1.0,,0.0,0.0,,,,,,,273,MEX,1,3.0,3.0,1
2010,Mexico,0,0,1,0,,,3.0,,,,1.0,,0.0,0.0,,,,,,,273,MEX,1,3.0,3.0,1
2011,Mexico,0,0,1,0,,,3.0,,,,1.0,,0.0,0.0,,,,,,,273,MEX,1,3.0,3.0,1
2012,Mexico,0,0,1,0,,,3.0,,,,1.0,,0.0,0.0,,,,,,,273,MEX,1,3.0,3.0,1
2013,Mexico,0,0,1,0,,,3.0,,,,1.0,,0.0,0.0,,,,,,,273,MEX,1,3.0,3.0,1
2014,Mexico,1,0,1,0,3.0,,3.0,,0.0,,1.0,,0.0,0.0,,,,,,,273,MEX,2,3.0,3.0,1
2015,Mexico,1,0,1,0,3.0,,3.0,,0.0,,1.0,,0.0,0.0,,,,,,,273,MEX,2,3.0,3.0,1
2016,Mexico,1,0,1,0,3.0,,3.0,,0.0,,1.0,,0.0,0.0,,,,,,,273,MEX,2,3.0,3.0,1
2017,Mexico,1,0,1,0,3.0,,3.0,,0.0,,1.0,,0.0,0.0,,,,,,,273,MEX,2,3.0,3.0,1
2018,Mexico,1,0,1,0,3.0,,3.0,,0.0,,1.0,,0.0,0.0,,,,,,,273,MEX,2,3.0,3.0,1
2019,Mexico,1,0,1,0,3.0,,3.0,,0.0,,1.0,,0.0,0.0,,,,,,,273,MEX,2,3.0,3.0,1
2020,Mexico,1,0,1,0,3.0,,3.0,,0.0,,1.0,,0.0,0.0,,,,,,,273,MEX,2,3.0,3.0,1
2021,Mexico,1,0,1,0,3.0,,3.0,,0.0,,1.0,,0.0,0.0,,,,,,,273,MEX,2,3.0,3.0,1
2022,Mexico,1,0,1,0,3.0,,3.0,,0.0,,1.0,,0.0,0.0,,,,,,,273,MEX,2,3.0,3.0,1
2023,Mexico,1,0,1,0,3.0,,3.0,,0.0,,1.0,,0.0,0.0,,,,,,,273,MEX,2,3.0,3.0,1
2024,Mexico,1,0,1,0,3.0,,3.0,,0.0,,1.0,,0.0,0.0,,,,,,,273,MEX,2,3.0,3.0,1
1990,Mongolia,0,0,0,0,,,,,,,,,,,,,,,,,948,MNG,0,,,0
1991,Mongolia,0,0,0,0,,,,,,,,,,,,,,,,,948,MNG,0,,,0
1992,Mongolia,0,0,0,0,,,,,,,,,,,,,,,,,948,MNG,0,,,0
1993,Mongolia,0,0,0,0,,,,,,,,,,,,,,,,,948,MNG,0,,,0
1994,Mongolia,0,0,0,0,,,,,,,,,,,,,,,,,948,MNG,0,,,0
1995,Mongolia,0,0,0,0,,,,,,,,,,,,,,,,,948,MNG,0,,,0
1996,Mongolia,0,0,0,0,,,,,,,,,,,,,,,,,948,MNG,0,,,0
1997,Mongolia,0,0,0,0,,,,,,,,,,,,,,,,,948,MNG,0,,,0
1998,Mongolia,0,0,0,0,,,,,,,,,,,,,,,,,948,MNG,0,,,0
1999,Mongolia,0,0,0,0,,,,,,,,,,,,,,,,,948,MNG,0,,,0
2000,Mongolia,0,0,0,0,,,,,,,,,,,,,,,,,948,MNG,0,,,0
2001,Mongolia,0,0,0,0,,,,,,,,,,,,,,,,,948,MNG,0,,,0
2002,Mongolia,0,0,0,0,,,,,,,,,,,,,,,,,948,MNG,0,,,0
2003,Mongolia,0,0,0,0,,,,,,,,,,,,,,,,,948,MNG,0,,,0
2004,Mongolia,0,0,0,0,,,,,,,,,,,,,,,,,948,MNG,0,,,0
2005,Mongolia,0,0,0,0,,,,,,,,,,,,,,,,,948,MNG,0,,,0
2006,Mongolia,0,0,0,0,,,,,,,,,,,,,,,,,948,MNG,0,,,0
2007,Mongolia,0,0,0,0,,,,,,,,,,,,,,,,,948,MNG,0,,,0
2008,Mongolia,0,0,0,0,,,,,,,,,,,,,,,,,948,MNG,0,,,0
2009,Mongolia,0,0,0,0,,,,,,,,,,,,,,,,,948,MNG,0,,,0
2010,Mongolia,0,0,0,0,,,,,,,,,,,,,,,,,948,MNG,0,,,0
2011,Mongolia,0,0,0,0,,,,,,,,,,,,,,,,,948,MNG,0,,,0
2012,Mongolia,0,0,0,0,,,,,,,,,,,,,,,,,948,MNG,0,,,0
2013,Mongolia,1,0,1,0,3.0,,3.0,,1.0,,1.0,,0.0,0.0,,,,,,,948,MNG,2,3.0,3.0,1
2014,Mongolia,1,0,1,1,3.0,,3.0,3.0,1.0,,1.0,1.0,0.0,0.0,,,0.0,,0.0,0.0,948,MNG,3,3.0,3.0,1
2015,Mongolia,1,0,1,1,3.0,,3.0,3.0,1.0,,1.0,1.0,0.0,0.0,,,0.0,,0.0,0.0,948,MNG,3,3.0,3.0,1
2016,Mongolia,1,0,1,1,3.0,,3.0,3.0,1.0,,1.0,1.0,0.0,0.0,,,0.0,,0.0,0.0,948,MNG,3,3.0,3.0,1
2017,Mongolia,1,0,1,1,3.0,,3.0,3.0,1.0,,1.0,1.0,0.0,0.0,,,0.0,,0.0,0.0,948,MNG,3,3.0,3.0,1
2018,Mongolia,1,0,1,1,3.0,,3.0,3.0,1.0,,1.0,1.0,0.0,0.0,,,0.0,,0.0,0.0,948,MNG,3,3.0,3.0,1
2019,Mongolia,1,0,1,1,3.0,,3.0,3.0,1.0,,1.0,1.0,0.0,0.0,,,0.0,,0.0,0.0,948,MNG,3,3.0,3.0,1
2020,Mongolia,1,0,1,1,3.0,,3.0,3.0,1.0,,1.0,1.0,0.0,0.0,,,0.0,,0.0,0.0,948,MNG,3,3.0,3.0,1
2021,Mongolia,1,0,1,1,3.0,,3.0,3.0,1.0,,1.0,1.0,0.0,0.0,,,0.0,,0.0,0.0,948,MNG,3,3.0,3.0,1
2022,Mongolia,1,0,1,1,3.0,,3.0,3.0,1.0,,1.0,1.0,0.0,0.0,,,0.0,,0.0,0.0,948,MNG,3,3.0,3.0,1
2023,Mongolia,1,0,1,1,3.0,,3.0,3.0,1.0,,1.0,1.0,1.0,1.0,,,0.0,,0.0,0.0,948,MNG,3,3.0,3.0,1
2024,Mongolia,1,0,1,1,3.0,,3.0,3.0,1.0,,1.0,1.0,1.0,1.0,,,0.0,,0.0,0.0,948,MNG,3,3.0,3.0,1
1990,"Montenegro, Rep. of",0,0,0,0,,,,,,,,,,,,,,,,,943,MNE,0,,,0
1991,"Montenegro, Rep. of",0,0,0,0,,,,,,,,,,,,,,,,,943,MNE,0,,,0
1992,"Montenegro, Rep. of",0,0,0,0,,,,,,,,,,,,,,,,,943,MNE,0,,,0
1993,"Montenegro, Rep. of",0,0,0,0,,,,,,,,,,,,,,,,,943,MNE,0,,,0
1994,"Montenegro, Rep. of",0,0,0,0,,,,,,,,,,,,,,,,,943,MNE,0,,,0
1995,"Montenegro, Rep. of",0,0,0,0,,,,,,,,,,,,,,,,,943,MNE,0,,,0
1996,"Montenegro, Rep. of",0,0,0,0,,,,,,,,,,,,,,,,,943,MNE,0,,,0
1997,"Montenegro, Rep. of",0,0,0,0,,,,,,,,,,,,,,,,,943,MNE,0,,,0
1998,"Montenegro, Rep. of",0,0,0,0,,,,,,,,,,,,,,,,,943,MNE,0,,,0
1999,"Montenegro, Rep. of",0,0,0,0,,,,,,,,,,,,,,,,,943,MNE,0,,,0
2000,"Montenegro, Rep. of",0,0,0,0,,,,,,,,,,,,,,,,,943,MNE,0,,,0
2001,"Montenegro, Rep. of",0,0,0,0,,,,,,,,,,,,,,,,,943,MNE,0,,,0
2002,"Montenegro, Rep. of",0,0,0,0,,,,,,,,,,,,,,,,,943,MNE,0,,,0
2003,"Montenegro, Rep. of",0,0,0,0,,,,,,,,,,,,,,,,,943,MNE,0,,,0
2004,"Montenegro, Rep. of",0,0,0,0,,,,,,,,,,,,,,,,,943,MNE,0,,,0
2005,"Montenegro, Rep. of",0,0,0,0,,,,,,,,,,,,,,,,,943,MNE,0,,,0
2006,"Montenegro, Rep. of",0,0,0,0,,,,,,,,,,,,,,,,,943,MNE,0,,,0
2007,"Montenegro, Rep. of",0,0,0,0,,,,,,,,,,,,,,,,,943,MNE,0,,,0
2008,"Montenegro, Rep. of",0,0,0,0,,,,,,,,,,,,,,,,,943,MNE,0,,,0
2009,"Montenegro, Rep. of",0,0,0,0,,,,,,,,,,,,,,,,,943,MNE,0,,,0
2010,"Montenegro, Rep. of",0,0,0,0,,,,,,,,,,,,,,,,,943,MNE,0,,,0
2011,"Montenegro, Rep. of",0,0,0,0,,,,,,,,,,,,,,,,,943,MNE,0,,,0
2012,"Montenegro, Rep. of",0,0,0,0,,,,,,,,,,,,,,,,,943,MNE,0,,,0
2013,"Montenegro, Rep. of",0,0,0,0,,,,,,,,,,,,,,,,,943,MNE,0,,,0
2014,"Montenegro, Rep. of",0,0,1,1,,,3.0,3.0,,,0.0,0.0,0.0,0.0,,,,,,,943,MNE,2,3.0,3.0,0
2015,"Montenegro, Rep. of",0,0,1,1,,,3.0,3.0,,,0.0,0.0,0.0,0.0,,,,,,,943,MNE,2,3.0,3.0,0
2016,"Montenegro, Rep. of",0,0,1,1,,,3.0,3.0,,,0.0,0.0,0.0,0.0,,,,,,,943,MNE,2,3.0,3.0,0
2017,"Montenegro, Rep. of",0,0,1,1,,,3.0,3.0,,,0.0,0.0,0.0,0.0,,,,,,,943,MNE,2,3.0,3.0,0
2018,"Montenegro, Rep. of",0,0,1,1,,,3.0,3.0,,,0.0,0.0,0.0,0.0,,,,,,,943,MNE,2,3.0,3.0,0
2019,"Montenegro, Rep. of",0,0,1,1,,,3.0,3.0,,,0.0,0.0,0.0,0.0,,,,,,,943,MNE,2,3.0,3.0,0
2020,"Montenegro, Rep. of",0,0,1,1,,,3.0,3.0,,,0.0,0.0,0.0,0.0,,,,,,,943,MNE,2,3.0,3.0,0
2021,"Montenegro, Rep. of",0,0,1,1,,,3.0,3.0,,,0.0,0.0,0.0,0.0,,,,,,,943,MNE,2,3.0,3.0,0
2022,"Montenegro, Rep. of",0,0,1,1,,,3.0,3.0,,,0.0,0.0,0.0,0.0,,,,,,,943,MNE,2,3.0,3.0,0
2023,"Montenegro, Rep. of",0,0,1,1,,,3.0,3.0,,,0.0,0.0,0.0,0.0,,,,,,,943,MNE,2,3.0,3.0,0
2024,"Montenegro, Rep. of",0,0,1,1,,,3.0,3.0,,,0.0,0.0,0.0,0.0,,,,,,,943,MNE,2,3.0,3.0,0
1990,Morocco,0,0,0,0,,,,,,,,,,,,,,,,,686,MAR,0,,,0
1991,Morocco,0,0,0,0,,,,,,,,,,,,,,,,,686,MAR,0,,,0
1992,Morocco,0,0,0,0,,,,,,,,,,,,,,,,,686,MAR,0,,,0
1993,Morocco,0,0,0,0,,,,,,,,,,,,,,,,,686,MAR,0,,,0
1994,Morocco,0,0,0,0,,,,,,,,,,,,,,,,,686,MAR,0,,,0
1995,Morocco,0,0,0,0,,,,,,,,,,,,,,,,,686,MAR,0,,,0
1996,Morocco,0,0,0,0,,,,,,,,,,,,,,,,,686,MAR,0,,,0
1997,Morocco,0,0,0,0,,,,,,,,,,,,,,,,,686,MAR,0,,,0
1998,Morocco,0,0,0,0,,,,,,,,,,,,,,,,,686,MAR,0,,,0
1999,Morocco,0,0,0,0,,,,,,,,,,,,,,,,,686,MAR,0,,,0
2000,Morocco,0,0,0,0,,,,,,,,,,,,,,,,,686,MAR,0,,,0
2001,Morocco,0,0,0,0,,,,,,,,,,,,,,,,,686,MAR,0,,,0
2002,Morocco,0,0,0,0,,,,,,,,,,,,,,,,,686,MAR,0,,,0
2003,Morocco,0,0,0,0,,,,,,,,,,,,,,,,,686,MAR,0,,,0
2004,Morocco,0,0,0,0,,,,,,,,,,,,,,,,,686,MAR,0,,,0
2005,Morocco,0,0,0,0,,,,,,,,,,,,,,,,,686,MAR,0,,,0
2006,Morocco,0,0,0,0,,,,,,,,,,,,,,,,,686,MAR,0,,,0
2007,Morocco,0,0,0,0,,,,,,,,,,,,,,,,,686,MAR,0,,,0
2008,Morocco,0,0,0,0,,,,,,,,,,,,,,,,,686,MAR,0,,,0
2009,Morocco,0,0,0,0,,,,,,,,,,,,,,,,,686,MAR,0,,,0
2010,Morocco,0,0,0,0,,,,,,,,,,,,,,,,,686,MAR,0,,,0
2011,Morocco,0,0,0,0,,,,,,,,,,,,,,,,,686,MAR,0,,,0
2012,Morocco,0,0,0,0,,,,,,,,,,,,,,,,,686,MAR,0,,,0
2013,Morocco,0,0,0,0,,,,,,,,,,,,,,,,,686,MAR,0,,,0
2014,Morocco,0,0,0,0,,,,,,,,,,,,,,,,,686,MAR,0,,,0
2015,Morocco,0,0,1,0,,,3.0,,,,0.0,,,,,,,,,,686,MAR,1,3.0,3.0,0
2016,Morocco,0,0,1,0,,,3.0,,,,0.0,,,,,,,,,,686,MAR,1,3.0,3.0,0
2017,Morocco,0,0,1,0,,,3.0,,,,0.0,,,,,,,,,,686,MAR,1,3.0,3.0,0
2018,Morocco,0,0,1,0,,,3.0,,,,0.0,,,,,,,,,,686,MAR,1,3.0,3.0,0
2019,Morocco,0,0,1,0,,,3.0,,,,0.0,,,,,,,,,,686,MAR,1,3.0,3.0,0
2020,Morocco,0,0,1,0,,,3.0,,,,0.0,,,,,,,,,,686,MAR,1,3.0,3.0,0
2021,Morocco,0,0,1,0,,,3.0,,,,0.0,,,,,,,,,,686,MAR,1,3.0,3.0,0
2022,Morocco,0,0,1,0,,,3.0,,,,0.0,,,,,,,,,,686,MAR,1,3.0,3.0,0
2023,Morocco,0,0,1,0,,,3.0,,,,0.0,,,,,,,,,,686,MAR,1,3.0,3.0,0
2024,Morocco,0,0,1,0,,,3.0,,,,0.0,,,,,,,,,,686,MAR,1,3.0,3.0,0
1990,Namibia,0,0,0,0,,,,,,,,,,,,,,,,,728,NAM,0,,,0
1991,Namibia,0,0,0,0,,,,,,,,,,,,,,,,,728,NAM,0,,,0
1992,Namibia,0,0,0,0,,,,,,,,,,,,,,,,,728,NAM,0,,,0
1993,Namibia,0,0,0,0,,,,,,,,,,,,,,,,,728,NAM,0,,,0
1994,Namibia,0,0,0,0,,,,,,,,,,,,,,,,,728,NAM,0,,,0
1995,Namibia,0,0,0,0,,,,,,,,,,,,,,,,,728,NAM,0,,,0
1996,Namibia,0,0,0,0,,,,,,,,,,,,,,,,,728,NAM,0,,,0
1997,Namibia,0,0,0,0,,,,,,,,,,,,,,,,,728,NAM,0,,,0
1998,Namibia,0,0,0,0,,,,,,,,,,,,,,,,,728,NAM,0,,,0
1999,Namibia,0,0,0,0,,,,,,,,,,,,,,,,,728,NAM,0,,,0
2000,Namibia,0,0,0,0,,,,,,,,,,,,,,,,,728,NAM,0,,,0
2001,Namibia,0,0,0,1,,,,2.0,,,,0.0,0.0,0.0,,,,,,,728,NAM,1,2.0,2.0,0
2002,Namibia,0,0,0,1,,,,2.0,,,,0.0,0.0,0.0,,,,,,,728,NAM,1,2.0,2.0,0
2003,Namibia,0,0,0,1,,,,2.0,,,,0.0,0.0,0.0,,,,,,,728,NAM,1,2.0,2.0,0
2004,Namibia,0,0,0,1,,,,2.0,,,,0.0,0.0,0.0,,,,,,,728,NAM,1,2.0,2.0,0
2005,Namibia,0,0,0,1,,,,2.0,,,,0.0,0.0,0.0,,,,,,,728,NAM,1,2.0,2.0,0
2006,Namibia,0,0,0,1,,,,2.0,,,,0.0,0.0,0.0,,,,,,,728,NAM,1,2.0,2.0,0
2007,Namibia,0,0,0,1,,,,2.0,,,,0.0,0.0,0.0,,,,,,1.0,728,NAM,1,2.0,2.0,0
2008,Namibia,0,0,0,1,,,,2.0,,,,0.0,0.0,0.0,,,,,,1.0,728,NAM,1,2.0,2.0,0
2009,Namibia,0,0,0,1,,,,2.0,,,,0.0,0.0,0.0,,,,,,1.0,728,NAM,1,2.0,2.0,0
2010,Namibia,1,0,0,1,2.0,,,2.0,0.0,,,0.0,0.0,0.0,,,0.0,,,1.0,728,NAM,2,2.0,2.0,0
2011,Namibia,1,0,0,1,2.0,,,2.0,0.0,,,0.0,0.0,0.0,,,0.0,,,1.0,728,NAM,2,2.0,2.0,0
2012,Namibia,1,0,0,1,2.0,,,2.0,0.0,,,0.0,0.0,0.0,,,0.0,,,1.0,728,NAM,2,2.0,2.0,0
2013,Namibia,1,0,0,1,2.0,,,2.0,0.0,,,0.0,0.0,0.0,,,0.0,,,1.0,728,NAM,2,2.0,2.0,0
2014,Namibia,1,0,0,1,2.0,,,2.0,0.0,,,0.0,0.0,0.0,,,0.0,,,1.0,728,NAM,2,2.0,2.0,0
2015,Namibia,1,0,0,1,2.0,,,2.0,0.0,,,0.0,0.0,0.0,,,0.0,,,0.0,728,NAM,2,2.0,2.0,0
2016,Namibia,1,0,0,1,2.0,,,2.0,0.0,,,0.0,0.0,0.0,,,0.0,,,0.0,728,NAM,2,2.0,2.0,0
2017,Namibia,1,0,0,1,2.0,,,2.0,0.0,,,0.0,0.0,0.0,,,0.0,,,0.0,728,NAM,2,2.0,2.0,0
2018,Namibia,1,0,0,1,2.0,,,2.0,0.0,,,0.0,0.0,0.0,,,0.0,,,0.0,728,NAM,2,2.0,2.0,0
2019,Namibia,1,0,0,1,2.0,,,2.0,0.0,,,0.0,0.0,0.0,,,0.0,,,0.0,728,NAM,2,2.0,2.0,0
2020,Namibia,1,0,0,1,2.0,,,2.0,0.0,,,0.0,0.0,0.0,,,0.0,,,0.0,728,NAM,2,2.0,2.0,0
2021,Namibia,1,0,0,1,2.0,,,2.0,0.0,,,0.0,0.0,0.0,,,0.0,,,0.0,728,NAM,2,2.0,2.0,0
2022,Namibia,1,0,0,1,2.0,,,2.0,0.0,,,0.0,0.0,0.0,,,0.0,,,0.0,728,NAM,2,2.0,2.0,0
2023,Namibia,1,0,0,1,2.0,,,2.0,0.0,,,0.0,0.0,0.0,,,0.0,,,0.0,728,NAM,2,2.0,2.0,0
2024,Namibia,1,0,0,1,2.0,,,2.0,0.0,,,0.0,0.0,0.0,,,,,,,728,NAM,2,2.0,2.0,0
1990,Nauru,0,0,0,0,,,,,,,,,,,,,,,,,836,NRU,0,,,0
1991,Nauru,0,0,0,0,,,,,,,,,,,,,,,,,836,NRU,0,,,0
1992,Nauru,0,0,0,0,,,,,,,,,,,,,,,,,836,NRU,0,,,0
1993,Nauru,0,0,0,0,,,,,,,,,,,,,,,,,836,NRU,0,,,0
1994,Nauru,0,0,0,0,,,,,,,,,,,,,,,,,836,NRU,0,,,0
1995,Nauru,0,0,0,0,,,,,,,,,,,,,,,,,836,NRU,0,,,0
1996,Nauru,0,0,0,0,,,,,,,,,,,,,,,,,836,NRU,0,,,0
1997,Nauru,0,0,0,0,,,,,,,,,,,,,,,,,836,NRU,0,,,0
1998,Nauru,0,0,0,0,,,,,,,,,,,,,,,,,836,NRU,0,,,0
1999,Nauru,0,0,0,0,,,,,,,,,,,,,,,,,836,NRU,0,,,0
2000,Nauru,0,0,0,0,,,,,,,,,,,,,,,,,836,NRU,0,,,0
2001,Nauru,0,0,0,0,,,,,,,,,,,,,,,,,836,NRU,0,,,0
2002,Nauru,0,0,0,0,,,,,,,,,,,,,,,,,836,NRU,0,,,0
2003,Nauru,0,0,0,0,,,,,,,,,,,,,,,,,836,NRU,0,,,0
2004,Nauru,0,0,0,0,,,,,,,,,,,,,,,,,836,NRU,0,,,0
2005,Nauru,0,0,0,0,,,,,,,,,,,,,,,,,836,NRU,0,,,0
2006,Nauru,0,0,0,0,,,,,,,,,,,,,,,,,836,NRU,0,,,0
2007,Nauru,0,0,0,0,,,,,,,,,,,,,,,,,836,NRU,0,,,0
2008,Nauru,0,0,0,0,,,,,,,,,,,,,,,,,836,NRU,0,,,0
2009,Nauru,0,0,0,0,,,,,,,,,,,,,,,,,836,NRU,0,,,0
2010,Nauru,0,0,0,0,,,,,,,,,,,,,,,,,836,NRU,0,,,0
2011,Nauru,0,0,0,0,,,,,,,,,,,,,,,,,836,NRU,0,,,0
2012,Nauru,0,0,0,0,,,,,,,,,,,,,,,,,836,NRU,0,,,0
2013,Nauru,0,0,0,0,,,,,,,,,,,,,,,,,836,NRU,0,,,0
2014,Nauru,0,0,0,0,,,,,,,,,,,,,,,,,836,NRU,0,,,0
2015,Nauru,0,0,0,0,,,,,,,,,,,,,,,,,836,NRU,0,,,0
2016,Nauru,0,0,0,0,,,,,,,,,,,,,,,,,836,NRU,0,,,0
2017,Nauru,0,0,0,0,,,,,,,,,,,,,,,,,836,NRU,0,,,0
2018,Nauru,1,1,1,0,1.0,1.0,1.0,,,,,,,,,,1.0,0.0,1.0,,836,NRU,3,1.0,1.0,0
2019,Nauru,1,1,1,0,1.0,1.0,1.0,,,,,,,,,,1.0,0.0,1.0,,836,NRU,3,1.0,1.0,0
2020,Nauru,1,1,1,0,1.0,1.0,1.0,,,,,,,,,,1.0,,1.0,,836,NRU,3,1.0,1.0,0
2021,Nauru,1,0,1,0,1.0,,1.0,,,,,,,,,,1.0,,1.0,,836,NRU,2,1.0,1.0,0
2022,Nauru,1,0,1,0,1.0,,1.0,,,,,,,,,,1.0,,1.0,,836,NRU,2,1.0,1.0,0
2023,Nauru,1,0,1,0,1.0,,1.0,,,,,,,,,,1.0,,1.0,,836,NRU,2,1.0,1.0,0
2024,Nauru,1,0,1,0,1.0,,1.0,,,,,,,,,,1.0,,1.0,,836,NRU,2,1.0,1.0,0
1990,Netherlands,0,0,0,0,,,,,,,,,,,,,,,,,138,NLD,0,,,0
1991,Netherlands,0,0,0,0,,,,,,,,,,,,,,,,,138,NLD,0,,,0
1992,Netherlands,0,0,1,1,,,,,,,,,,,,,,,,,138,NLD,2,,,0
1993,Netherlands,0,0,1,1,,,,,,,,,,,,,,,,,138,NLD,2,,,0
1994,Netherlands,1,1,1,1,2.0,2.0,,,1.0,1.0,,,1.0,0.0,,,,,,,138,NLD,4,2.0,2.0,1
1995,Netherlands,1,1,1,1,2.0,2.0,,,1.0,1.0,,,1.0,0.0,,,,,,,138,NLD,4,2.0,2.0,1
1996,Netherlands,1,1,1,1,2.0,2.0,,,1.0,1.0,,,1.0,0.0,,,,,,,138,NLD,4,2.0,2.0,1
1997,Netherlands,1,1,1,1,2.0,2.0,,,1.0,1.0,,,1.0,0.0,,,,,,,138,NLD,4,2.0,2.0,1
1998,Netherlands,1,1,1,1,2.0,2.0,,,1.0,1.0,,,1.0,0.0,,,,,,,138,NLD,4,2.0,2.0,1
1999,Netherlands,1,1,1,1,2.0,2.0,,,1.0,1.0,,,1.0,0.0,,,,,,,138,NLD,4,2.0,2.0,1
2000,Netherlands,1,1,1,1,2.0,2.0,,,1.0,1.0,,,1.0,0.0,,,,,,,138,NLD,4,2.0,2.0,1
2001,Netherlands,1,1,1,1,2.0,2.0,,,1.0,1.0,,,1.0,0.0,,,,,,,138,NLD,4,2.0,2.0,1
2002,Netherlands,1,1,1,1,2.0,2.0,,,1.0,1.0,,,1.0,0.0,,,,,,,138,NLD,4,2.0,2.0,1
2003,Netherlands,1,1,1,1,2.0,2.0,,,1.0,1.0,,,1.0,0.0,,,,,,,138,NLD,4,2.0,2.0,1
2004,Netherlands,1,1,1,1,2.0,2.0,,,1.0,1.0,,,1.0,0.0,,,,,,,138,NLD,4,2.0,2.0,1
2005,Netherlands,1,1,1,1,2.0,2.0,,,1.0,1.0,,,1.0,0.0,,,,,,,138,NLD,4,2.0,2.0,1
2006,Netherlands,1,1,1,1,2.0,2.0,,,1.0,1.0,,,1.0,0.0,,,,,,,138,NLD,4,2.0,2.0,1
2007,Netherlands,1,1,1,1,2.0,2.0,,,1.0,1.0,,,1.0,0.0,,,,,,,138,NLD,4,2.0,2.0,1
2008,Netherlands,1,1,1,1,2.0,2.0,,,1.0,1.0,,,1.0,0.0,,,,,,,138,NLD,4,2.0,2.0,1
2009,Netherlands,1,1,1,1,2.0,2.0,,,1.0,1.0,,,1.0,0.0,,,,,,,138,NLD,4,2.0,2.0,1
2010,Netherlands,1,1,1,1,2.0,2.0,,,1.0,1.0,,,1.0,0.0,,,,,,,138,NLD,4,2.0,2.0,1
2011,Netherlands,1,1,1,1,2.0,2.0,,,1.0,1.0,,,1.0,0.0,,,,,,,138,NLD,4,2.0,2.0,1
2012,Netherlands,1,1,1,1,2.0,2.0,,,1.0,1.0,,,1.0,0.0,,,,,,,138,NLD,4,2.0,2.0,1
2013,Netherlands,1,1,1,1,2.0,2.0,,,1.0,1.0,,,1.0,0.0,,,,,,,138,NLD,4,2.0,2.0,1
2014,Netherlands,1,1,1,1,2.0,2.0,3.0,,1.0,1.0,1.0,,1.0,0.0,,,,,,,138,NLD,4,3.0,2.3333333333333335,1
2015,Netherlands,1,1,1,1,2.0,2.0,3.0,,1.0,1.0,1.0,,1.0,0.0,,,,,,,138,NLD,4,3.0,2.3333333333333335,1
2016,Netherlands,1,1,1,1,2.0,2.0,3.0,,1.0,1.0,1.0,,1.0,0.0,,,,,,,138,NLD,4,3.0,2.3333333333333335,1
2017,Netherlands,1,1,1,1,2.0,2.0,3.0,,1.0,1.0,1.0,,1.0,0.0,,,,,,,138,NLD,4,3.0,2.3333333333333335,1
2018,Netherlands,1,1,1,1,2.0,2.0,3.0,,1.0,1.0,1.0,,1.0,0.0,,,,,,,138,NLD,4,3.0,2.3333333333333335,1
2019,Netherlands,1,1,1,1,2.0,2.0,3.0,,1.0,1.0,1.0,,1.0,0.0,,,,,,,138,NLD,4,3.0,2.3333333333333335,1
2020,Netherlands,1,1,1,1,2.0,2.0,3.0,,1.0,1.0,1.0,,1.0,0.0,,,,,,,138,NLD,4,3.0,2.3333333333333335,1
2021,Netherlands,1,1,1,1,2.0,2.0,3.0,,1.0,1.0,1.0,,1.0,0.0,,,,,,,138,NLD,4,3.0,2.3333333333333335,1
2022,Netherlands,1,1,1,1,2.0,2.0,3.0,,1.0,1.0,1.0,,1.0,0.0,,,,,,,138,NLD,4,3.0,2.3333333333333335,1
2023,Netherlands,1,1,1,1,2.0,2.0,3.0,,1.0,1.0,1.0,,1.0,0.0,,,,,,,138,NLD,4,3.0,2.3333333333333335,1
2024,Netherlands,1,1,1,1,2.0,2.0,3.0,,1.0,1.0,1.0,,1.0,0.0,,,,,,,138,NLD,4,3.0,2.3333333333333335,1
1990,New Zealand,0,0,0,0,,,,,,,,,,,,,,,,,196,NZL,0,,,0
1991,New Zealand,0,0,0,0,,,,,,,,,,,,,,,,,196,NZL,0,,,0
1992,New Zealand,0,0,0,0,,,,,,,,,,,,,,,,,196,NZL,0,,,0
1993,New Zealand,0,0,0,0,,,,,,,,,,,,,,,,,196,NZL,0,,,0
1994,New Zealand,0,0,1,0,,,3.0,,,,1.0,,0.0,0.0,,,,,,,196,NZL,1,3.0,3.0,1
1995,New Zealand,0,0,1,0,,,3.0,,,,1.0,,0.0,0.0,,,,,,,196,NZL,1,3.0,3.0,1
1996,New Zealand,0,0,1,0,,,3.0,,,,1.0,,0.0,0.0,,,,,,,196,NZL,1,3.0,3.0,1
1997,New Zealand,0,0,1,0,,,3.0,,,,1.0,,0.0,0.0,,,,,,,196,NZL,1,3.0,3.0,1
1998,New Zealand,0,0,1,0,,,3.0,,,,1.0,,0.0,0.0,,,,,,,196,NZL,1,3.0,3.0,1
1999,New Zealand,0,0,1,0,,,3.0,,,,1.0,,0.0,0.0,,,,,,,196,NZL,1,3.0,3.0,1
2000,New Zealand,0,0,1,0,,,3.0,,,,1.0,,0.0,0.0,,,,,,,196,NZL,1,3.0,3.0,1
2001,New Zealand,0,0,1,0,,,3.0,,,,1.0,,0.0,0.0,,,,,,,196,NZL,1,3.0,3.0,1
2002,New Zealand,0,0,1,0,,,3.0,,,,1.0,,0.0,0.0,,,,,,,196,NZL,1,3.0,3.0,1
2003,New Zealand,0,0,1,0,,,3.0,,,,1.0,,0.0,0.0,,,,,,,196,NZL,1,3.0,3.0,1
2004,New Zealand,0,0,1,0,,,3.0,,,,1.0,,0.0,0.0,,,,,,,196,NZL,1,3.0,3.0,1
2005,New Zealand,0,0,1,0,,,3.0,,,,1.0,,0.0,0.0,,,,,,,196,NZL,1,3.0,3.0,1
2006,New Zealand,0,0,1,0,,,3.0,,,,1.0,,0.0,0.0,,,,,,,196,NZL,1,3.0,3.0,1
2007,New Zealand,0,0,1,0,,,3.0,,,,1.0,,0.0,0.0,,,,,,,196,NZL,1,3.0,3.0,1
2008,New Zealand,0,0,1,0,,,3.0,,,,1.0,,0.0,0.0,,,,,,,196,NZL,1,3.0,3.0,1
2009,New Zealand,0,0,1,0,,,3.0,,,,1.0,,0.0,0.0,,,,,,,196,NZL,1,3.0,3.0,1
2010,New Zealand,0,0,1,0,,,3.0,,,,1.0,,0.0,0.0,,,,,,,196,NZL,1,3.0,3.0,1
2011,New Zealand,0,0,1,0,,,3.0,,,,1.0,,0.0,0.0,,,,,,,196,NZL,1,3.0,3.0,1
2012,New Zealand,0,0,1,0,,,3.0,,,,1.0,,0.0,0.0,,,,,,,196,NZL,1,3.0,3.0,1
2013,New Zealand,0,0,1,0,,,3.0,,,,1.0,,0.0,0.0,,,,,,,196,NZL,1,3.0,3.0,1
2014,New Zealand,0,0,1,0,,,3.0,,,,1.0,,0.0,0.0,,,,,,,196,NZL,1,3.0,3.0,1
2015,New Zealand,0,0,1,0,,,3.0,,,,1.0,,0.0,0.0,,,,,,,196,NZL,1,3.0,3.0,1
2016,New Zealand,0,0,1,0,,,3.0,,,,1.0,,0.0,0.0,,,,,,,196,NZL,1,3.0,3.0,1
2017,New Zealand,0,0,1,0,,,3.0,,,,1.0,,0.0,0.0,,,,,,,196,NZL,1,3.0,3.0,1
2018,New Zealand,0,0,1,0,,,3.0,,,,1.0,,0.0,0.0,,,,,,,196,NZL,1,3.0,3.0,1
2019,New Zealand,0,0,1,0,,,3.0,,,,1.0,,0.0,0.0,,,,,,,196,NZL,1,3.0,3.0,1
2020,New Zealand,0,0,1,0,,,3.0,,,,1.0,,0.0,0.0,,,,,,,196,NZL,1,3.0,3.0,1
2021,New Zealand,0,0,1,0,,,3.0,,,,1.0,,0.0,0.0,,,,,,,196,NZL,1,3.0,3.0,1
2022,New Zealand,0,0,1,0,,,3.0,,,,1.0,,0.0,0.0,,,,,,,196,NZL,1,3.0,3.0,1
2023,New Zealand,0,0,1,0,,,3.0,,,,1.0,,0.0,0.0,,,,,,,196,NZL,1,3.0,3.0,1
2024,New Zealand,0,0,1,0,,,3.0,,,,1.0,,0.0,0.0,,,,,,,196,NZL,1,3.0,3.0,1
1990,Niger,0,0,0,0,,,,,,,,,,,,,,,,,692,NER,0,,,0
1991,Niger,0,0,0,0,,,,,,,,,,,,,,,,,692,NER,0,,,0
1992,Niger,0,0,0,0,,,,,,,,,,,,,,,,,692,NER,0,,,0
1993,Niger,0,0,0,0,,,,,,,,,,,,,,,,,692,NER,0,,,0
1994,Niger,0,0,0,0,,,,,,,,,,,,,,,,,692,NER,0,,,0
1995,Niger,0,0,0,0,,,,,,,,,,,,,,,,,692,NER,0,,,0
1996,Niger,0,0,0,0,,,,,,,,,,,,,,,,,692,NER,0,,,0
1997,Niger,0,0,0,0,,,,,,,,,,,,,,,,,692,NER,0,,,0
1998,Niger,0,0,0,0,,,,,,,,,,,,,,,,,692,NER,0,,,0
1999,Niger,0,0,0,0,,,,,,,,,,,,,,,,,692,NER,0,,,0
2000,Niger,0,1,1,1,,,,,,,,,,,,,,,,,692,NER,3,,,0
2001,Niger,0,1,1,1,,,,,,,,,,,,,,,,,692,NER,3,,,0
2002,Niger,0,1,1,1,,,,,,,,,,,,,,,,,692,NER,3,,,0
2003,Niger,0,1,1,1,,,,,,,,,,,,,,,,,692,NER,3,,,0
2004,Niger,0,1,1,1,,,,,,,,,,,,,,,,,692,NER,3,,,0
2005,Niger,0,1,1,1,,,,,,,,,,,,,,,,,692,NER,3,,,0
2006,Niger,0,1,1,1,,,,,,,,,,,,,,,,,692,NER,3,,,0
2007,Niger,0,1,1,1,,,,,,,,,,,,,,,,,692,NER,3,,,0
2008,Niger,0,1,1,1,,,,,,,,,,,,,,,,,692,NER,3,,,0
2009,Niger,0,1,1,1,,,,,,,,,,,,,,,,,692,NER,3,,,0
2010,Niger,0,1,1,1,,,,,,,,,,,,,,,,,692,NER,3,,,0
2011,Niger,0,1,1,1,,,,,,,,,,,,,,,,,692,NER,3,,,0
2012,Niger,0,1,1,1,,,,,,,,,,,,,,,,,692,NER,3,,,0
2013,Niger,0,1,1,1,,,,,,,,,,,,,,,,,692,NER,3,,,0
2014,Niger,0,1,1,1,,,,,,,,,,,,,,,,,692,NER,3,,,0
2015,Niger,0,1,1,1,,,,,,,,,,,,,,,,,692,NER,3,,,0
2016,Niger,0,1,1,1,,,,,,,,,,,,,,,,,692,NER,3,,,0
2017,Niger,0,1,1,1,,,,,,,,,,,,,,,,,692,NER,3,,,0
2018,Niger,0,1,1,1,,,,,,,,,,,,,,,,,692,NER,3,,,0
2019,Niger,0,1,1,1,,,,,,,,,,,,,,,,,692,NER,3,,,0
2020,Niger,0,1,1,1,,,,,,,,,,,,,,,,,692,NER,3,,,0
2021,Niger,0,1,1,1,,,,,,,,,,,,,,,,,692,NER,3,,,0
2022,Niger,0,1,1,1,,,,,,,,,,,,,,,,,692,NER,3,,,0
2023,Niger,0,1,1,1,,,,,,,,,,,,,,,,,692,NER,3,,,0
2024,Niger,0,1,1,1,,,,,,,,,,,,,,,,,692,NER,3,,,0
1990,Norway,0,0,0,0,,,,,,,,,,,,,,,,,142,NOR,0,,,0
1991,Norway,0,0,0,0,,,,,,,,,,,,,,,,,142,NOR,0,,,0
1992,Norway,0,0,0,0,,,,,,,,,,,,,,,,,142,NOR,0,,,0
1993,Norway,0,0,0,0,,,,,,,,,,,,,,,,,142,NOR,0,,,0
1994,Norway,0,0,0,0,,,,,,,,,,,,,,,,,142,NOR,0,,,0
1995,Norway,0,0,0,0,,,,,,,,,,,,,,,,,142,NOR,0,,,0
1996,Norway,0,0,0,0,,,,,,,,,,,,,,,,,142,NOR,0,,,0
1997,Norway,0,0,0,0,,,,,,,,,,,,,,,,,142,NOR,0,,,0
1998,Norway,0,0,0,0,,,,,,,,,,,,,,,,,142,NOR,0,,,0
1999,Norway,0,0,0,0,,,,,,,,,,,,,,,,,142,NOR,0,,,0
2000,Norway,0,0,0,0,,,,,,,,,,,,,,,,,142,NOR,0,,,0
2001,Norway,0,0,1,0,,,1.0,,,,0.0,,0.0,0.0,,,,,,,142,NOR,1,1.0,1.0,0
2002,Norway,0,0,1,0,,,1.0,,,,0.0,,0.0,0.0,,,,,,,142,NOR,1,1.0,1.0,0
2003,Norway,0,0,1,0,,,1.0,,,,0.0,,0.0,0.0,,,,,,,142,NOR,1,1.0,1.0,0
2004,Norway,0,0,1,0,,,1.0,,,,0.0,,0.0,0.0,,,,,,,142,NOR,1,1.0,1.0,0
2005,Norway,0,0,1,0,,,1.0,,,,0.0,,0.0,0.0,,,,,,,142,NOR,1,1.0,1.0,0
2006,Norway,0,0,1,0,,,1.0,,,,0.0,,0.0,0.0,,,,,,,142,NOR,1,1.0,1.0,0
2007,Norway,0,0,1,0,,,1.0,,,,0.0,,0.0,0.0,,,,,,,142,NOR,1,1.0,1.0,0
2008,Norway,0,0,1,0,,,1.0,,,,0.0,,0.0,0.0,,,,,,,142,NOR,1,1.0,1.0,0
2009,Norway,0,0,1,0,,,1.0,,,,0.0,,0.0,0.0,,,,,,,142,NOR,1,1.0,1.0,0
2010,Norway,0,0,1,0,,,1.0,,,,0.0,,0.0,0.0,,,,,,,142,NOR,1,1.0,1.0,0
2011,Norway,0,0,1,0,,,1.0,,,,0.0,,0.0,0.0,,,,,,,142,NOR,1,1.0,1.0,0
2012,Norway,0,0,1,0,,,1.0,,,,0.0,,0.0,0.0,,,,,,,142,NOR,1,1.0,1.0,0
2013,Norway,0,0,1,0,,,1.0,,,,0.0,,0.0,0.0,,,,,,,142,NOR,1,1.0,1.0,0
2014,Norway,0,0,1,0,,,1.0,,,,0.0,,0.0,0.0,,,,,,,142,NOR,1,1.0,1.0,0
2015,Norway,0,0,1,0,,,1.0,,,,0.0,,0.0,0.0,,,,,,,142,NOR,1,1.0,1.0,0
2016,Norway,0,0,1,0,,,1.0,,,,0.0,,0.0,0.0,,,,,,,142,NOR,1,1.0,1.0,0
2017,Norway,0,0,1,0,,,1.0,,,,0.0,,0.0,0.0,,,,,,,142,NOR,1,1.0,1.0,0
2018,Norway,0,0,1,0,,,1.0,,,,0.0,,0.0,0.0,,,,,,,142,NOR,1,1.0,1.0,0
2019,Norway,0,0,1,0,,,1.0,,,,0.0,,0.0,0.0,,,,,,,142,NOR,1,1.0,1.0,0
2020,Norway,0,0,1,0,,,1.0,,,,0.0,,0.0,0.0,,,,,,,142,NOR,1,1.0,1.0,0
2021,Norway,0,0,1,0,,,1.0,,,,0.0,,0.0,0.0,,,,,,,142,NOR,1,1.0,1.0,0
2022,Norway,0,0,1,0,,,1.0,,,,0.0,,0.0,0.0,,,,,,,142,NOR,1,1.0,1.0,0
2023,Norway,0,0,1,0,,,1.0,,,,0.0,,0.0,0.0,,,,,,,142,NOR,1,1.0,1.0,0
2024,Norway,0,0,1,0,,,1.0,,,,0.0,,0.0,0.0,,,,,,,142,NOR,1,1.0,1.0,0
1990,Pakistan,0,0,0,0,,,,,,,,,,,,,,,,,564,PAK,0,,,0
1991,Pakistan,0,0,0,0,,,,,,,,,,,,,,,,,564,PAK,0,,,0
1992,Pakistan,0,0,0,0,,,,,,,,,,,,,,,,,564,PAK,0,,,0
1993,Pakistan,0,0,0,0,,,,,,,,,,,,,,,,,564,PAK,0,,,0
1994,Pakistan,0,0,0,0,,,,,,,,,,,,,,,,,564,PAK,0,,,0
1995,Pakistan,0,0,0,0,,,,,,,,,,,,,,,,,564,PAK,0,,,0
1996,Pakistan,0,0,0,0,,,,,,,,,,,,,,,,,564,PAK,0,,,0
1997,Pakistan,0,0,0,0,,,,,,,,,,,,,,,,,564,PAK,0,,,0
1998,Pakistan,0,0,0,0,,,,,,,,,,,,,,,,,564,PAK,0,,,0
1999,Pakistan,0,0,0,0,,,,,,,,,,,,,,,,,564,PAK,0,,,0
2000,Pakistan,0,0,0,0,,,,,,,,,,,,,,,,,564,PAK,0,,,0
2001,Pakistan,0,0,0,0,,,,,,,,,,,,,,,,,564,PAK,0,,,0
2002,Pakistan,0,0,0,0,,,,,,,,,,,,,,,,,564,PAK,0,,,0
2003,Pakistan,0,0,0,0,,,,,,,,,,,,,,,,,564,PAK,0,,,0
2004,Pakistan,0,0,0,0,,,,,,,,,,,,,,,,,564,PAK,0,,,0
2005,Pakistan,0,0,1,1,,,3.0,3.0,,,0.0,0.0,0.0,0.0,,,,,0.0,1.0,564,PAK,2,3.0,3.0,0
2006,Pakistan,0,0,1,1,,,3.0,3.0,,,0.0,0.0,0.0,0.0,,,,,0.0,1.0,564,PAK,2,3.0,3.0,0
2007,Pakistan,0,0,1,1,,,3.0,3.0,,,0.0,0.0,0.0,0.0,,,,,0.0,1.0,564,PAK,2,3.0,3.0,0
2008,Pakistan,0,0,1,1,,,3.0,3.0,,,0.0,0.0,0.0,0.0,,,,,0.0,1.0,564,PAK,2,3.0,3.0,0
2009,Pakistan,0,0,1,1,,,3.0,3.0,,,0.0,0.0,0.0,0.0,,,,,0.0,1.0,564,PAK,2,3.0,3.0,0
2010,Pakistan,0,0,1,1,,,3.0,3.0,,,0.0,0.0,0.0,0.0,,,,,0.0,1.0,564,PAK,2,3.0,3.0,0
2011,Pakistan,0,0,1,1,,,3.0,3.0,,,0.0,0.0,0.0,0.0,,,,,0.0,1.0,564,PAK,2,3.0,3.0,0
2012,Pakistan,0,0,1,1,,,3.0,3.0,,,0.0,0.0,0.0,0.0,,,,,0.0,0.0,564,PAK,2,3.0,3.0,0
2013,Pakistan,0,0,1,1,,,3.0,3.0,,,0.0,0.0,0.0,0.0,,,,,0.0,0.0,564,PAK,2,3.0,3.0,0
2014,Pakistan,0,0,1,1,,,3.0,3.0,,,0.0,0.0,0.0,0.0,,,,,0.0,0.0,564,PAK,2,3.0,3.0,0
2015,Pakistan,0,0,1,1,,,3.0,3.0,,,0.0,0.0,0.0,0.0,,,,,0.0,0.0,564,PAK,2,3.0,3.0,0
2016,Pakistan,0,0,1,1,,,3.0,3.0,,,0.0,0.0,0.0,0.0,1.0,,,,0.0,0.0,564,PAK,2,3.0,3.0,0
2017,Pakistan,0,0,1,1,,,3.0,3.0,,,0.0,0.0,0.0,0.0,1.0,,,,0.0,0.0,564,PAK,2,3.0,3.0,0
2018,Pakistan,0,0,1,1,,,3.0,3.0,,,0.0,0.0,0.0,0.0,1.0,,,,0.0,0.0,564,PAK,2,3.0,3.0,0
2019,Pakistan,0,0,1,1,,,3.0,3.0,,,0.0,0.0,0.0,0.0,1.0,,,,0.0,0.0,564,PAK,2,3.0,3.0,0
2020,Pakistan,0,0,1,1,,,3.0,3.0,,,0.0,0.0,0.0,0.0,1.0,,,,0.0,0.0,564,PAK,2,3.0,3.0,0
2021,Pakistan,0,0,1,1,,,3.0,3.0,,,0.0,0.0,0.0,0.0,1.0,,,,0.0,0.0,564,PAK,2,3.0,3.0,0
2022,Pakistan,0,0,1,1,,,3.0,3.0,,,0.0,0.0,0.0,0.0,1.0,,,,0.0,0.0,564,PAK,2,3.0,3.0,0
2023,Pakistan,0,0,1,1,,,3.0,3.0,,,0.0,0.0,0.0,0.0,1.0,,,,0.0,0.0,564,PAK,2,3.0,3.0,0
2024,Pakistan,0,0,1,1,,,3.0,3.0,,,0.0,0.0,0.0,0.0,1.0,,,,0.0,0.0,564,PAK,2,3.0,3.0,0
1990,Panama,0,0,0,0,,,,,,,,,,,,,,,,,283,PAN,0,,,0
1991,Panama,0,0,0,0,,,,,,,,,,,,,,,,,283,PAN,0,,,0
1992,Panama,0,0,0,0,,,,,,,,,,,,,,,,,283,PAN,0,,,0
1993,Panama,0,0,0,0,,,,,,,,,,,,,,,,,283,PAN,0,,,0
1994,Panama,0,0,0,0,,,,,,,,,,,,,,,,,283,PAN,0,,,0
1995,Panama,0,0,0,0,,,,,,,,,,,,,,,,,283,PAN,0,,,0
1996,Panama,0,0,0,0,,,,,,,,,,,,,,,,,283,PAN,0,,,0
1997,Panama,0,0,0,0,,,,,,,,,,,,,,,,,283,PAN,0,,,0
1998,Panama,0,0,0,0,,,,,,,,,,,,,,,,,283,PAN,0,,,0
1999,Panama,0,0,0,0,,,,,,,,,,,,,,,,,283,PAN,0,,,0
2000,Panama,0,0,0,0,,,,,,,,,,,,,,,,,283,PAN,0,,,0
2001,Panama,0,0,0,0,,,,,,,,,,,,,,,,,283,PAN,0,,,0
2002,Panama,0,0,1,1,,,3.0,3.0,,,0.0,0.0,0.0,0.0,,,,,,,283,PAN,2,3.0,3.0,0
2003,Panama,0,0,1,1,,,3.0,3.0,,,0.0,0.0,0.0,0.0,,,,,,,283,PAN,2,3.0,3.0,0
2004,Panama,0,0,1,1,,,3.0,3.0,,,0.0,0.0,0.0,0.0,,,,,,,283,PAN,2,3.0,3.0,0
2005,Panama,0,0,1,1,,,3.0,3.0,,,0.0,0.0,0.0,0.0,,,,,,,283,PAN,2,3.0,3.0,0
2006,Panama,0,0,1,1,,,3.0,3.0,,,0.0,0.0,0.0,0.0,,,,,,,283,PAN,2,3.0,3.0,0
2007,Panama,0,0,1,1,,,3.0,3.0,,,0.0,0.0,0.0,0.0,,,,,,,283,PAN,2,3.0,3.0,0
2008,Panama,0,0,1,1,,,3.0,3.0,,,0.0,0.0,0.0,0.0,,,,,,,283,PAN,2,3.0,3.0,0
2009,Panama,0,0,1,1,,,3.0,3.0,,,0.0,0.0,0.0,0.0,,,,,,,283,PAN,2,3.0,3.0,0
2010,Panama,0,0,1,1,,,3.0,3.0,,,0.0,0.0,0.0,0.0,,,,,,,283,PAN,2,3.0,3.0,0
2011,Panama,0,0,1,1,,,3.0,3.0,,,0.0,0.0,0.0,0.0,,,,,,,283,PAN,2,3.0,3.0,0
2012,Panama,0,0,1,1,,,3.0,3.0,,,0.0,0.0,0.0,0.0,,,,,,,283,PAN,2,3.0,3.0,0
2013,Panama,0,0,1,1,,,3.0,3.0,,,0.0,0.0,0.0,0.0,,,,,,,283,PAN,2,3.0,3.0,0
2014,Panama,0,0,1,1,,,3.0,3.0,,,0.0,0.0,0.0,0.0,,,,,,,283,PAN,2,3.0,3.0,0
2015,Panama,0,0,1,1,,,3.0,3.0,,,0.0,0.0,0.0,0.0,,,,,,,283,PAN,2,3.0,3.0,0
2016,Panama,0,0,1,1,,,3.0,3.0,,,0.0,0.0,0.0,0.0,,,,,,,283,PAN,2,3.0,3.0,0
2017,Panama,0,0,1,1,,,3.0,3.0,,,0.0,0.0,0.0,0.0,,,,,,,283,PAN,2,3.0,3.0,0
2018,Panama,0,0,1,1,,,3.0,3.0,,,0.0,0.0,0.0,0.0,,,,,,,283,PAN,2,3.0,3.0,0
2019,Panama,0,0,1,1,,,3.0,3.0,,,0.0,0.0,0.0,0.0,,,,,,,283,PAN,2,3.0,3.0,0
2020,Panama,0,0,1,1,,,3.0,3.0,,,0.0,0.0,0.0,0.0,,,,,,,283,PAN,2,3.0,3.0,0
2021,Panama,0,0,1,1,,,3.0,3.0,,,0.0,0.0,0.0,0.0,,,,,,,283,PAN,2,3.0,3.0,0
2022,Panama,0,0,1,1,,,3.0,3.0,,,0.0,0.0,0.0,0.0,,,,,,,283,PAN,2,3.0,3.0,0
2023,Panama,0,0,1,1,,,3.0,3.0,,,0.0,0.0,0.0,0.0,,,,,,,283,PAN,2,3.0,3.0,0
2024,Panama,0,0,1,1,,,3.0,3.0,,,0.0,0.0,0.0,0.0,,,,,,,283,PAN,2,3.0,3.0,0
1990,Papua New Guinea,0,0,0,0,,,,,,,,,,,,,,,,,853,PNG,0,,,0
1991,Papua New Guinea,0,0,0,0,,,,,,,,,,,,,,,,,853,PNG,0,,,0
1992,Papua New Guinea,0,0,0,0,,,,,,,,,,,,,,,,,853,PNG,0,,,0
1993,Papua New Guinea,0,0,0,0,,,,,,,,,,,,,,,,,853,PNG,0,,,0
1994,Papua New Guinea,0,0,0,0,,,,,,,,,,,,,,,,,853,PNG,0,,,0
1995,Papua New Guinea,0,0,0,0,,,,,,,,,,,,,,,,,853,PNG,0,,,0
1996,Papua New Guinea,0,0,0,0,,,,,,,,,,,,,,,,,853,PNG,0,,,0
1997,Papua New Guinea,0,0,0,0,,,,,,,,,,,,,,,,,853,PNG,0,,,0
1998,Papua New Guinea,0,0,0,0,,,,,,,,,,,,,,,,,853,PNG,0,,,0
1999,Papua New Guinea,0,0,0,0,,,,,,,,,,,,,,,,,853,PNG,0,,,0
2000,Papua New Guinea,0,0,0,0,,,,,,,,,,,,,,,,,853,PNG,0,,,0
2001,Papua New Guinea,0,0,0,0,,,,,,,,,,,,,,,,,853,PNG,0,,,0
2002,Papua New Guinea,0,0,0,0,,,,,,,,,,,,,,,,,853,PNG,0,,,0
2003,Papua New Guinea,0,0,0,0,,,,,,,,,,,,,,,,,853,PNG,0,,,0
2004,Papua New Guinea,0,0,0,0,,,,,,,,,,,,,,,,,853,PNG,0,,,0
2005,Papua New Guinea,0,0,0,0,,,,,,,,,,,,,,,,,853,PNG,0,,,0
2006,Papua New Guinea,0,0,0,1,,,,3.0,,,,1.0,,,0.0,,,,,,853,PNG,1,3.0,3.0,1
2007,Papua New Guinea,0,0,0,1,,,,3.0,,,,1.0,,,0.0,,,,,,853,PNG,1,3.0,3.0,1
2008,Papua New Guinea,0,0,0,1,,,,3.0,,,,1.0,,,0.0,,,,,,853,PNG,1,3.0,3.0,1
2009,Papua New Guinea,0,0,0,1,,,,3.0,,,,1.0,,,0.0,,,,,,853,PNG,1,3.0,3.0,1
2010,Papua New Guinea,0,0,0,1,,,,3.0,,,,1.0,,,0.0,,,,,,853,PNG,1,3.0,3.0,1
2011,Papua New Guinea,0,0,0,1,,,,3.0,,,,1.0,,,0.0,,,,,,853,PNG,1,3.0,3.0,1
2012,Papua New Guinea,0,0,0,1,,,,3.0,,,,1.0,,,0.0,,,,,,853,PNG,1,3.0,3.0,1
2013,Papua New Guinea,0,0,0,1,,,,3.0,,,,1.0,,,0.0,,,,,,853,PNG,1,3.0,3.0,1
2014,Papua New Guinea,0,0,0,1,,,,3.0,,,,1.0,,,0.0,,,,,,853,PNG,1,3.0,3.0,1
2015,Papua New Guinea,0,0,0,1,,,,3.0,,,,1.0,,,0.0,,,,,,853,PNG,1,3.0,3.0,1
2016,Papua New Guinea,0,0,0,1,,,,3.0,,,,1.0,,,0.0,,,,,,853,PNG,1,3.0,3.0,1
2017,Papua New Guinea,0,0,0,1,,,,3.0,,,,1.0,,,0.0,,,,,,853,PNG,1,3.0,3.0,1
2018,Papua New Guinea,0,0,0,1,,,,3.0,,,,1.0,,,0.0,,,,,,853,PNG,1,3.0,3.0,1
2019,Papua New Guinea,0,0,0,1,,,,3.0,,,,1.0,,,0.0,,,,,,853,PNG,1,3.0,3.0,1
2020,Papua New Guinea,0,0,0,1,,,,3.0,,,,1.0,,,0.0,,,,,,853,PNG,1,3.0,3.0,1
2021,Papua New Guinea,0,0,0,1,,,,3.0,,,,1.0,,,0.0,,,,,,853,PNG,1,3.0,3.0,1
2022,Papua New Guinea,0,0,0,1,,,,3.0,,,,1.0,,,0.0,,,,,,853,PNG,1,3.0,3.0,1
2023,Papua New Guinea,0,0,0,1,,,,3.0,,,,1.0,,,0.0,,,,,,853,PNG,1,3.0,3.0,1
2024,Papua New Guinea,0,0,0,1,,,,3.0,,,,1.0,,,0.0,,,,,,853,PNG,1,3.0,3.0,1
1990,Paraguay,0,0,0,0,,,,,,,,,,,,,,,,,288,PRY,0,,,0
1991,Paraguay,0,0,0,0,,,,,,,,,,,,,,,,,288,PRY,0,,,0
1992,Paraguay,0,0,0,0,,,,,,,,,,,,,,,,,288,PRY,0,,,0
1993,Paraguay,0,0,0,0,,,,,,,,,,,,,,,,,288,PRY,0,,,0
1994,Paraguay,0,0,0,0,,,,,,,,,,,,,,,,,288,PRY,0,,,0
1995,Paraguay,0,0,0,0,,,,,,,,,,,,,,,,,288,PRY,0,,,0
1996,Paraguay,0,0,0,0,,,,,,,,,,,,,,,,,288,PRY,0,,,0
1997,Paraguay,0,0,0,0,,,,,,,,,,,,,,,,,288,PRY,0,,,0
1998,Paraguay,0,0,0,0,,,,,,,,,,,,,,,,,288,PRY,0,,,0
1999,Paraguay,0,0,0,0,,,,,,,,,,,,,,,,,288,PRY,0,,,0
2000,Paraguay,0,0,0,0,,,,,,,,,,,,,,,,,288,PRY,0,,,0
2001,Paraguay,0,0,0,0,,,,,,,,,,,,,,,,,288,PRY,0,,,0
2002,Paraguay,0,0,0,0,,,,,,,,,,,,,,,,,288,PRY,0,,,0
2003,Paraguay,0,0,0,0,,,,,,,,,,,,,,,,,288,PRY,0,,,0
2004,Paraguay,0,0,0,0,,,,,,,,,,,,,,,,,288,PRY,0,,,0
2005,Paraguay,0,0,0,0,,,,,,,,,,,,,,,,,288,PRY,0,,,0
2006,Paraguay,0,0,0,0,,,,,,,,,,,,,,,,,288,PRY,0,,,0
2007,Paraguay,0,0,0,0,,,,,,,,,,,,,,,,,288,PRY,0,,,0
2008,Paraguay,0,0,0,0,,,,,,,,,,,,,,,,,288,PRY,0,,,0
2009,Paraguay,0,0,0,0,,,,,,,,,,,,,,,,,288,PRY,0,,,0
2010,Paraguay,0,0,0,0,,,,,,,,,,,,,,,,,288,PRY,0,,,0
2011,Paraguay,0,0,0,0,,,,,,,,,,,,,,,,,288,PRY,0,,,0
2012,Paraguay,0,0,0,0,,,,,,,,,,,,,,,,,288,PRY,0,,,0
2013,Paraguay,0,0,0,0,,,,,,,,,,,,,,,,,288,PRY,0,,,0
2014,Paraguay,0,0,0,0,,,,,,,,,,,,,,,,,288,PRY,0,,,0
2015,Paraguay,1,0,1,0,3.0,,3.0,,0.0,,0.0,,0.0,0.0,,,1.0,,1.0,,288,PRY,2,3.0,3.0,0
2016,Paraguay,1,0,1,0,3.0,,3.0,,0.0,,0.0,,0.0,0.0,,,1.0,,1.0,,288,PRY,2,3.0,3.0,0
2017,Paraguay,1,0,1,0,3.0,,3.0,,0.0,,0.0,,0.0,0.0,,,1.0,,1.0,,288,PRY,2,3.0,3.0,0
2018,Paraguay,1,0,1,0,3.0,,3.0,,0.0,,0.0,,0.0,0.0,,,1.0,,1.0,,288,PRY,2,3.0,3.0,0
2019,Paraguay,1,0,1,0,3.0,,3.0,,0.0,,0.0,,0.0,0.0,,,1.0,,0.0,,288,PRY,2,3.0,3.0,0
2020,Paraguay,1,0,1,0,3.0,,3.0,,0.0,,0.0,,0.0,0.0,,,0.0,,0.0,,288,PRY,2,3.0,3.0,0
2021,Paraguay,1,0,1,0,3.0,,3.0,,0.0,,0.0,,0.0,0.0,,,1.0,,0.0,,288,PRY,2,3.0,3.0,0
2022,Paraguay,1,0,1,0,3.0,,3.0,,0.0,,0.0,,0.0,0.0,,,1.0,,0.0,,288,PRY,2,3.0,3.0,0
2023,Paraguay,1,0,1,0,3.0,,3.0,,0.0,,0.0,,0.0,0.0,,,0.0,,0.0,,288,PRY,2,3.0,3.0,0
2024,Paraguay,1,0,1,0,3.0,,3.0,,0.0,,0.0,,0.0,0.0,,,1.0,,0.0,,288,PRY,2,3.0,3.0,0
1990,Peru,0,0,0,0,,,,,,,,,,,,,,,,,293,PER,0,,,0
1991,Peru,0,0,0,0,,,,,,,,,,,,,,,,,293,PER,0,,,0
1992,Peru,0,0,0,0,,,,,,,,,,,,,,,,,293,PER,0,,,0
1993,Peru,0,0,0,0,,,,,,,,,,,,,,,,,293,PER,0,,,0
1994,Peru,0,0,0,0,,,,,,,,,,,,,,,,,293,PER,0,,,0
1995,Peru,0,0,0,0,,,,,,,,,,,,,,,,,293,PER,0,,,0
1996,Peru,0,0,0,0,,,,,,,,,,,,,,,,,293,PER,0,,,0
1997,Peru,0,0,0,0,,,,,,,,,,,,,,,,,293,PER,0,,,0
1998,Peru,0,0,0,0,,,,,,,,,,,,,,,,,293,PER,0,,,0
1999,Peru,0,0,0,0,,,,,,,,,,,,,,,,,293,PER,0,,,0
2000,Peru,1,0,1,0,3.0,,3.0,,0.0,,0.0,,0.0,0.0,,,1.0,,0.0,,293,PER,2,3.0,3.0,0
2001,Peru,1,0,1,0,3.0,,3.0,,0.0,,0.0,,0.0,0.0,,,1.0,,1.0,,293,PER,2,3.0,3.0,0
2002,Peru,1,0,1,0,3.0,,3.0,,0.0,,0.0,,0.0,0.0,,,0.0,,1.0,,293,PER,2,3.0,3.0,0
2003,Peru,1,0,1,0,3.0,,3.0,,0.0,,0.0,,0.0,0.0,,,1.0,,1.0,,293,PER,2,3.0,3.0,0
2004,Peru,1,0,1,0,3.0,,3.0,,0.0,,0.0,,0.0,0.0,,,0.0,,1.0,,293,PER,2,3.0,3.0,0
2005,Peru,1,0,1,0,3.0,,3.0,,0.0,,0.0,,0.0,0.0,,,1.0,,1.0,,293,PER,2,3.0,3.0,0
2006,Peru,1,0,1,0,3.0,,3.0,,0.0,,0.0,,0.0,0.0,,,1.0,,1.0,,293,PER,2,3.0,3.0,0
2007,Peru,1,0,1,0,3.0,,3.0,,0.0,,0.0,,0.0,0.0,,,1.0,,1.0,,293,PER,2,3.0,3.0,0
2008,Peru,1,0,1,0,3.0,,3.0,,0.0,,0.0,,0.0,0.0,,,1.0,,1.0,,293,PER,2,3.0,3.0,0
2009,Peru,1,0,1,0,3.0,,3.0,,0.0,,0.0,,0.0,0.0,,,0.0,,1.0,,293,PER,2,3.0,3.0,0
2010,Peru,1,0,1,0,3.0,,3.0,,0.0,,0.0,,0.0,0.0,,,1.0,,1.0,,293,PER,2,3.0,3.0,0
2011,Peru,1,0,1,0,3.0,,3.0,,0.0,,0.0,,0.0,0.0,,,1.0,,1.0,,293,PER,2,3.0,3.0,0
2012,Peru,1,0,1,0,3.0,,3.0,,0.0,,0.0,,0.0,0.0,,,1.0,,1.0,,293,PER,2,3.0,3.0,0
2013,Peru,1,0,1,0,3.0,,3.0,,0.0,,0.0,,0.0,0.0,,,,,1.0,,293,PER,2,3.0,3.0,0
2014,Peru,1,0,1,0,3.0,,3.0,,0.0,,0.0,,0.0,0.0,,,,,0.0,,293,PER,2,3.0,3.0,0
2015,Peru,1,0,1,0,3.0,,3.0,,0.0,,0.0,,0.0,0.0,,,1.0,,,,293,PER,2,3.0,3.0,0
2016,Peru,1,0,1,1,3.0,,3.0,3.0,0.0,,0.0,0.0,0.0,1.0,1.0,,1.0,,1.0,1.0,293,PER,3,3.0,3.0,0
2017,Peru,1,0,1,1,3.0,,3.0,3.0,0.0,,0.0,0.0,0.0,1.0,1.0,,1.0,,1.0,1.0,293,PER,3,3.0,3.0,0
2018,Peru,1,0,1,1,3.0,,3.0,3.0,0.0,,0.0,0.0,0.0,1.0,1.0,,1.0,,1.0,1.0,293,PER,3,3.0,3.0,0
2019,Peru,1,0,1,1,3.0,,3.0,3.0,0.0,,0.0,0.0,0.0,1.0,1.0,,1.0,,1.0,1.0,293,PER,3,3.0,3.0,0
2020,Peru,1,0,1,1,3.0,,3.0,3.0,0.0,,0.0,0.0,0.0,1.0,1.0,,1.0,,1.0,1.0,293,PER,3,3.0,3.0,0
2021,Peru,1,0,1,1,3.0,,3.0,3.0,0.0,,0.0,0.0,0.0,1.0,1.0,,1.0,,1.0,1.0,293,PER,3,3.0,3.0,0
2022,Peru,1,0,1,1,3.0,,3.0,3.0,0.0,,0.0,0.0,0.0,1.0,1.0,,1.0,,1.0,1.0,293,PER,3,3.0,3.0,0
2023,Peru,1,0,1,1,3.0,,3.0,3.0,0.0,,0.0,0.0,0.0,1.0,1.0,,1.0,,0.0,1.0,293,PER,3,3.0,3.0,0
2024,Peru,1,0,1,1,3.0,,3.0,3.0,0.0,,0.0,0.0,0.0,1.0,1.0,,2.0,,0.0,1.0,293,PER,3,3.0,3.0,0
1990,Poland,0,0,0,0,,,,,,,,,,,,,,,,,964,POL,0,,,0
1991,Poland,0,0,0,0,,,,,,,,,,,,,,,,,964,POL,0,,,0
1992,Poland,0,0,0,0,,,,,,,,,,,,,,,,,964,POL,0,,,0
1993,Poland,0,0,0,0,,,,,,,,,,,,,,,,,964,POL,0,,,0
1994,Poland,0,0,0,0,,,,,,,,,,,,,,,,,964,POL,0,,,0
1995,Poland,0,0,0,0,,,,,,,,,,,,,,,,,964,POL,0,,,0
1996,Poland,0,0,0,0,,,,,,,,,,,,,,,,,964,POL,0,,,0
1997,Poland,0,0,0,1,,,,,,,,,,,,,,,,,964,POL,1,,,0
1998,Poland,0,0,0,1,,,,,,,,,,,,,,,,,964,POL,1,,,0
1999,Poland,0,0,0,1,,,,5.0,,,,1.0,0.0,0.0,,,,,,,964,POL,1,5.0,5.0,1
2000,Poland,0,0,0,1,,,,5.0,,,,1.0,0.0,0.0,,,,,,,964,POL,1,5.0,5.0,1
2001,Poland,0,0,0,1,,,,5.0,,,,1.0,0.0,0.0,,,,,,,964,POL,1,5.0,5.0,1
2002,Poland,0,0,0,1,,,,5.0,,,,1.0,0.0,0.0,,,,,,,964,POL,1,5.0,5.0,1
2003,Poland,0,0,0,1,,,,5.0,,,,1.0,0.0,0.0,,,,,,,964,POL,1,5.0,5.0,1
2004,Poland,0,0,1,1,,,,5.0,,,,1.0,0.0,0.0,,,,,,,964,POL,2,5.0,5.0,1
2005,Poland,0,0,1,1,,,,5.0,,,,1.0,0.0,0.0,,,,,,,964,POL,2,5.0,5.0,1
2006,Poland,0,0,1,1,,,1.0,5.0,,,0.0,1.0,0.0,0.0,,,,,,,964,POL,2,5.0,3.0,1
2007,Poland,0,0,1,1,,,1.0,5.0,,,0.0,1.0,0.0,0.0,,,,,,,964,POL,2,5.0,3.0,1
2008,Poland,0,0,1,1,,,,5.0,,,,1.0,0.0,0.0,,,,,,,964,POL,2,5.0,5.0,1
2009,Poland,0,0,1,1,,,,5.0,,,,1.0,0.0,0.0,2.0,1.0,,,,,964,POL,2,5.0,5.0,1
2010,Poland,0,0,1,1,,,,5.0,,,,1.0,0.0,0.0,2.0,1.0,,,,,964,POL,2,5.0,5.0,1
2011,Poland,1,0,1,1,3.0,,,5.0,0.0,,,1.0,0.0,0.0,2.0,1.0,,,,,964,POL,3,5.0,4.0,1
2012,Poland,1,0,1,1,3.0,,,5.0,0.0,,,1.0,0.0,0.0,2.0,1.0,,,,,964,POL,3,5.0,4.0,1
2013,Poland,1,0,1,1,3.0,,,5.0,0.0,,,1.0,0.0,0.0,2.0,1.0,,,,,964,POL,3,5.0,4.0,1
2014,Poland,1,0,1,1,3.0,,,5.0,1.0,,,1.0,0.0,0.0,2.0,1.0,,,,,964,POL,3,5.0,4.0,1
2015,Poland,1,0,1,1,3.0,,,5.0,1.0,,,1.0,0.0,0.0,2.0,1.0,1.0,,,1.0,964,POL,3,5.0,4.0,1
2016,Poland,1,0,1,1,3.0,,,5.0,1.0,,,1.0,0.0,0.0,2.0,1.0,1.0,,,1.0,964,POL,3,5.0,4.0,1
2017,Poland,1,0,1,1,3.0,,,5.0,1.0,,,1.0,0.0,0.0,2.0,1.0,1.0,,,1.0,964,POL,3,5.0,4.0,1
2018,Poland,1,0,1,1,3.0,,,5.0,1.0,,,1.0,0.0,0.0,2.0,1.0,1.0,,,1.0,964,POL,3,5.0,4.0,1
2019,Poland,1,0,1,1,3.0,,,5.0,1.0,,,1.0,0.0,0.0,2.0,1.0,1.0,,,1.0,964,POL,3,5.0,4.0,1
2020,Poland,1,0,1,1,3.0,,,5.0,1.0,,,1.0,0.0,0.0,2.0,1.0,0.0,,,1.0,964,POL,3,5.0,4.0,1
2021,Poland,1,0,1,1,3.0,,,5.0,1.0,,,1.0,0.0,0.0,2.0,1.0,0.0,,,1.0,964,POL,3,5.0,4.0,1
2022,Poland,1,0,1,1,3.0,,,5.0,1.0,,,1.0,0.0,0.0,2.0,1.0,1.0,,,1.0,964,POL,3,5.0,4.0,1
2023,Poland,1,0,1,1,3.0,,,5.0,1.0,,,1.0,0.0,0.0,2.0,1.0,1.0,,,1.0,964,POL,3,5.0,4.0,1
2024,Poland,1,0,1,1,3.0,,,5.0,1.0,,,1.0,0.0,0.0,1.0,1.0,,,,1.0,964,POL,3,5.0,4.0,1
1990,Portugal,0,0,0,0,,,,,,,,,,,,,,,,,182,PRT,0,,,0
1991,Portugal,0,0,0,0,,,,,,,,,,,,,,,,,182,PRT,0,,,0
1992,Portugal,0,0,1,1,,,,,,,,,,,,,,,,,182,PRT,2,,,0
1993,Portugal,0,0,1,1,,,,,,,,,,,,,,,,,182,PRT,2,,,0
1994,Portugal,0,0,1,1,,,,,,,,,,,,,,,,,182,PRT,2,,,0
1995,Portugal,0,0,1,1,,,,,,,,,,,,,,,,,182,PRT,2,,,0
1996,Portugal,0,0,1,1,,,,,,,,,,,,,,,,,182,PRT,2,,,0
1997,Portugal,0,0,1,1,,,,,,,,,,,,,,,,,182,PRT,2,,,0
1998,Portugal,0,0,1,1,,,,,,,,,,,,,,,,,182,PRT,2,,,0
1999,Portugal,0,0,1,1,,,,,,,,,,,,,,,,,182,PRT,2,,,0
2000,Portugal,0,0,1,1,,,,,,,,,,,,,,,,,182,PRT,2,,,0
2001,Portugal,0,0,1,1,,,,,,,,,,,,,,,,,182,PRT,2,,,0
2002,Portugal,0,0,1,1,,,,,,,,,,,,,,,,,182,PRT,2,,,0
2003,Portugal,0,0,1,1,,,,,,,,,,,,,,,,,182,PRT,2,,,0
2004,Portugal,0,0,1,1,,,,,,,,,,,,,,,,,182,PRT,2,,,0
2005,Portugal,0,0,1,1,,,,,,,,,,,,,,,,,182,PRT,2,,,0
2006,Portugal,0,0,1,1,,,,,,,,,,,,,,,,,182,PRT,2,,,0
2007,Portugal,0,0,1,1,,,,,,,,,,,,,,,,,182,PRT,2,,,0
2008,Portugal,0,0,1,1,,,,,,,,,,,,,,,,,182,PRT,2,,,0
2009,Portugal,0,0,1,1,,,,,,,,,,,,,,,,,182,PRT,2,,,0
2010,Portugal,0,0,1,1,,,,,,,,,,,,,,,,,182,PRT,2,,,0
2011,Portugal,0,0,1,1,,,,,,,,,,,,,,,,,182,PRT,2,,,0
2012,Portugal,0,0,1,1,,,,,,,,,,,,,,,,,182,PRT,2,,,0
2013,Portugal,1,0,1,1,3.0,,3.0,3.0,,,1.0,,0.0,1.0,1.0,,,,,,182,PRT,3,3.0,3.0,1
2014,Portugal,1,0,1,1,3.0,,3.0,3.0,,,1.0,,0.0,1.0,1.0,,,,,,182,PRT,3,3.0,3.0,1
2015,Portugal,1,0,1,1,3.0,,3.0,3.0,,,1.0,,0.0,1.0,1.0,,1.0,,,,182,PRT,3,3.0,3.0,1
2016,Portugal,1,0,1,1,3.0,,3.0,3.0,,,1.0,,0.0,1.0,1.0,,1.0,,,,182,PRT,3,3.0,3.0,1
2017,Portugal,1,0,1,1,3.0,,3.0,3.0,,,1.0,,0.0,1.0,1.0,,1.0,,1.0,,182,PRT,3,3.0,3.0,1
2018,Portugal,1,0,1,1,3.0,,3.0,3.0,,,1.0,,0.0,1.0,1.0,,1.0,,1.0,,182,PRT,3,3.0,3.0,1
2019,Portugal,1,0,1,1,3.0,,3.0,3.0,,,1.0,,0.0,1.0,1.0,,1.0,,1.0,,182,PRT,3,3.0,3.0,1
2020,Portugal,1,0,1,1,3.0,,3.0,3.0,,,1.0,,0.0,1.0,1.0,,1.0,,,,182,PRT,3,3.0,3.0,1
2021,Portugal,1,0,1,1,3.0,,3.0,3.0,,,1.0,,0.0,1.0,1.0,,1.0,,,,182,PRT,3,3.0,3.0,1
2022,Portugal,1,0,1,1,3.0,,3.0,3.0,,,1.0,,0.0,1.0,1.0,,1.0,,,,182,PRT,3,3.0,3.0,1
2023,Portugal,1,0,1,1,3.0,,3.0,3.0,,,1.0,,0.0,1.0,1.0,,1.0,,,,182,PRT,3,3.0,3.0,1
2024,Portugal,1,0,1,1,3.0,,3.0,3.0,,,1.0,,0.0,1.0,1.0,,,,,,182,PRT,3,3.0,3.0,1
1990,Romania,0,0,0,0,,,,,,,,,,,,,,,,,968,ROM,0,,,0
1991,Romania,0,0,0,0,,,,,,,,,,,,,,,,,968,ROM,0,,,0
1992,Romania,0,0,0,0,,,,,,,,,,,,,,,,,968,ROM,0,,,0
1993,Romania,0,0,0,0,,,,,,,,,,,,,,,,,968,ROM,0,,,0
1994,Romania,0,0,0,0,,,,,,,,,,,,,,,,,968,ROM,0,,,0
1995,Romania,0,0,0,0,,,,,,,,,,,,,,,,,968,ROM,0,,,0
1996,Romania,0,0,0,0,,,,,,,,,,,,,,,,,968,ROM,0,,,0
1997,Romania,0,0,0,0,,,,,,,,,,,,,,,,,968,ROM,0,,,0
1998,Romania,0,0,0,0,,,,,,,,,,,,,,,,,968,ROM,0,,,0
1999,Romania,0,0,0,0,,,,,,,,,,,,,,,,,968,ROM,0,,,0
2000,Romania,0,0,0,0,,,,,,,,,,,,,,,,,968,ROM,0,,,0
2001,Romania,0,0,0,0,,,,,,,,,,,,,,,,,968,ROM,0,,,0
2002,Romania,0,0,0,0,,,,,,,,,,,,,,,,,968,ROM,0,,,0
2003,Romania,0,0,0,0,,,,,,,,,,,,,,,,,968,ROM,0,,,0
2004,Romania,0,0,0,0,,,,,,,,,,,,,,,,,968,ROM,0,,,0
2005,Romania,0,0,0,0,,,,,,,,,,,,,,,,,968,ROM,0,,,0
2006,Romania,0,0,0,0,,,,,,,,,,,,,,,,,968,ROM,0,,,0
2007,Romania,0,0,1,1,,,,,,,,,,,,,,,,,968,ROM,2,,,0
2008,Romania,0,0,1,1,,,,,,,,,,,,,,,,,968,ROM,2,,,0
2009,Romania,0,0,1,1,,,,,,,,,,,,,,,,,968,ROM,2,,,0
2010,Romania,1,0,1,1,3.0,,,,1.0,,,,0.0,1.0,,,,,,,968,ROM,3,3.0,3.0,1
2011,Romania,1,0,1,1,3.0,,,,1.0,,,,0.0,1.0,1.0,,,,,,968,ROM,3,3.0,3.0,1
2012,Romania,1,0,1,1,3.0,,,,1.0,,,,0.0,1.0,1.0,,,,,,968,ROM,3,3.0,3.0,1
2013,Romania,1,0,1,1,,,3.0,3.0,,,1.0,1.0,0.0,1.0,1.0,,,,,,968,ROM,3,3.0,3.0,1
2014,Romania,1,0,1,1,,,3.0,3.0,,,1.0,1.0,0.0,1.0,1.0,,,,,,968,ROM,3,3.0,3.0,1
2015,Romania,1,0,1,1,,,3.0,3.0,,,1.0,1.0,0.0,1.0,1.0,,,,,,968,ROM,3,3.0,3.0,1
2016,Romania,1,0,1,1,,,3.0,3.0,,,1.0,1.0,0.0,1.0,1.0,,,,,,968,ROM,3,3.0,3.0,1
2017,Romania,1,0,1,1,,,3.0,3.0,,,1.0,1.0,0.0,1.0,1.0,,,,,,968,ROM,3,3.0,3.0,1
2018,Romania,1,0,1,1,,,3.0,3.0,,,1.0,1.0,0.0,1.0,1.0,,,,,,968,ROM,3,3.0,3.0,1
2019,Romania,1,0,1,1,,,3.0,3.0,,,1.0,1.0,0.0,1.0,1.0,,,,,,968,ROM,3,3.0,3.0,1
2020,Romania,1,0,1,1,,,3.0,3.0,,,1.0,1.0,0.0,1.0,1.0,,0.0,,0.0,1.0,968,ROM,3,3.0,3.0,1
2021,Romania,1,0,1,1,,,3.0,3.0,,,1.0,1.0,0.0,1.0,1.0,,0.0,,0.0,1.0,968,ROM,3,3.0,3.0,1
2022,Romania,1,0,1,1,,,3.0,3.0,,,1.0,1.0,0.0,1.0,1.0,,0.0,,0.0,1.0,968,ROM,3,3.0,3.0,1
2023,Romania,1,0,1,1,,,3.0,3.0,,,1.0,1.0,0.0,1.0,1.0,,0.0,,0.0,1.0,968,ROM,3,3.0,3.0,1
2024,Romania,1,0,1,1,,,3.0,3.0,,,1.0,1.0,0.0,1.0,1.0,,0.0,,0.0,1.0,968,ROM,3,3.0,3.0,1
1990,Russia,0,0,0,0,,,,,,,,,,,,,,,,,922,RUS,0,,,0
1991,Russia,0,0,0,0,,,,,,,,,,,,,,,,,922,RUS,0,,,0
1992,Russia,0,0,0,0,,,,,,,,,,,,,,,,,922,RUS,0,,,0
1993,Russia,0,0,0,0,,,,,,,,,,,,,,,,,922,RUS,0,,,0
1994,Russia,0,0,0,0,,,,,,,,,,,,,,,,,922,RUS,0,,,0
1995,Russia,0,0,0,0,,,,,,,,,,,,,,,,,922,RUS,0,,,0
1996,Russia,0,0,0,0,,,,,,,,,,,,,,,,,922,RUS,0,,,0
1997,Russia,0,0,0,0,,,,,,,,,,,,,,,,,922,RUS,0,,,0
1998,Russia,0,0,0,0,,,,,,,,,,,,,,,,,922,RUS,0,,,0
1999,Russia,0,0,0,0,,,,,,,,,,,,,,,,,922,RUS,0,,,0
2000,Russia,0,0,0,0,,,,,,,,,,,,,,,,,922,RUS,0,,,0
2001,Russia,0,0,0,0,,,,,,,,,,,,,,,,,922,RUS,0,,,0
2002,Russia,0,0,0,0,,,,,,,,,,,,,,,,,922,RUS,0,,,0
2003,Russia,0,0,0,0,,,,,,,,,,,,,,,,,922,RUS,0,,,0
2004,Russia,0,0,0,0,,,,,,,,,,,,,,,,,922,RUS,0,,,0
2005,Russia,0,0,0,0,,,,,,,,,,,,,,,,,922,RUS,0,,,0
2006,Russia,0,0,0,0,,,,,,,,,,,,,,,,,922,RUS,0,,,0
2007,Russia,0,0,1,0,,,3.0,,,,1.0,,0.0,0.0,,,,,,,922,RUS,1,3.0,3.0,1
2008,Russia,0,0,1,0,,,3.0,,,,1.0,,0.0,0.0,,,,,,,922,RUS,1,3.0,3.0,1
2009,Russia,0,0,0,0,,,,,,,,,,,,,,,,,922,RUS,0,,,0
2010,Russia,0,0,0,0,,,,,,,,,,,,,,,,,922,RUS,0,,,0
2011,Russia,0,0,0,0,,,,,,,,,,,,,,,,,922,RUS,0,,,0
2012,Russia,0,0,0,0,,,,,,,,,,,,,,,,,922,RUS,0,,,0
2013,Russia,1,0,0,0,3.0,,,,1.0,,,,0.0,1.0,,,,,,,922,RUS,1,3.0,3.0,1
2014,Russia,1,0,0,0,3.0,,,,1.0,,,,0.0,1.0,,,,,,,922,RUS,1,3.0,3.0,1
2015,Russia,1,0,0,0,3.0,,,,1.0,,,,0.0,1.0,,,,,,,922,RUS,1,3.0,3.0,1
2016,Russia,1,0,0,0,3.0,,,,1.0,,,,0.0,1.0,,,,,,,922,RUS,1,3.0,3.0,1
2017,Russia,1,0,0,0,3.0,,,,1.0,,,,0.0,1.0,,,,,,,922,RUS,1,3.0,3.0,1
2018,Russia,1,0,0,0,3.0,,,,1.0,,,,0.0,1.0,,,,,,,922,RUS,1,3.0,3.0,1
2019,Russia,1,0,1,0,3.0,,3.0,,1.0,,1.0,,0.0,1.0,,,,,,,922,RUS,2,3.0,3.0,1
2020,Russia,1,0,1,0,3.0,,3.0,,1.0,,1.0,,0.0,1.0,,,,,,,922,RUS,2,3.0,3.0,1
2021,Russia,1,0,1,0,3.0,,3.0,,1.0,,1.0,,0.0,1.0,,,,,,,922,RUS,2,3.0,3.0,1
2022,Russia,1,0,1,0,3.0,,3.0,,1.0,,1.0,,0.0,1.0,,,,,,,922,RUS,2,3.0,3.0,1
2023,Russia,1,0,1,0,3.0,,3.0,,1.0,,1.0,,0.0,1.0,,,,,,,922,RUS,2,3.0,3.0,1
2024,Russia,1,0,1,0,3.0,,3.0,,1.0,,1.0,,0.0,1.0,,,,,,,922,RUS,2,3.0,3.0,1
1990,Rwanda,0,0,0,0,,,,,,,,,,,,,,,,,714,RWA,0,,,0
1991,Rwanda,0,0,0,0,,,,,,,,,,,,,,,,,714,RWA,0,,,0
1992,Rwanda,0,0,0,0,,,,,,,,,,,,,,,,,714,RWA,0,,,0
1993,Rwanda,0,0,0,0,,,,,,,,,,,,,,,,,714,RWA,0,,,0
1994,Rwanda,0,0,0,0,,,,,,,,,,,,,,,,,714,RWA,0,,,0
1995,Rwanda,0,0,0,0,,,,,,,,,,,,,,,,,714,RWA,0,,,0
1996,Rwanda,0,0,0,0,,,,,,,,,,,,,,,,,714,RWA,0,,,0
1997,Rwanda,0,0,0,0,,,,,,,,,,,,,,,,,714,RWA,0,,,0
1998,Rwanda,0,0,0,0,,,,,,,,,,,,,,,,,714,RWA,0,,,0
1999,Rwanda,0,0,0,0,,,,,,,,,,,,,,,,,714,RWA,0,,,0
2000,Rwanda,0,0,0,0,,,,,,,,,,,,,,,,,714,RWA,0,,,0
2001,Rwanda,0,0,0,0,,,,,,,,,,,,,,,,,714,RWA,0,,,0
2002,Rwanda,0,0,0,0,,,,,,,,,,,,,,,,,714,RWA,0,,,0
2003,Rwanda,0,0,0,0,,,,,,,,,,,,,,,,,714,RWA,0,,,0
2004,Rwanda,0,0,0,0,,,,,,,,,,,,,,,,,714,RWA,0,,,0
2005,Rwanda,0,0,0,0,,,,,,,,,,,,,,,,,714,RWA,0,,,0
2006,Rwanda,0,0,0,0,,,,,,,,,,,,,,,,,714,RWA,0,,,0
2007,Rwanda,0,0,0,0,,,,,,,,,,,,,,,,,714,RWA,0,,,0
2008,Rwanda,0,0,0,0,,,,,,,,,,,,,,,,,714,RWA,0,,,0
2009,Rwanda,0,0,0,0,,,,,,,,,,,,,,,,,714,RWA,0,,,0
2010,Rwanda,0,0,0,0,,,,,,,,,,,,,,,,,714,RWA,0,,,0
2011,Rwanda,0,0,0,0,,,,,,,,,,,,,,,,,714,RWA,0,,,0
2012,Rwanda,0,0,0,0,,,,,,,,,,,,,,,,,714,RWA,0,,,0
2013,Rwanda,0,0,1,1,,,,,,,,,,,,,,,,,714,RWA,2,,,0
2014,Rwanda,0,0,1,1,,,,,,,,,,,,,,,,,714,RWA,2,,,0
2015,Rwanda,0,0,1,1,,,,,,,,,,,,,,,,,714,RWA,2,,,0
2016,Rwanda,0,0,1,1,,,,,,,,,,,,,,,,,714,RWA,2,,,0
2017,Rwanda,0,0,1,1,,,,,,,,,,,,,,,,,714,RWA,2,,,0
2018,Rwanda,0,0,1,1,,,,,,,,,,,,,,,,,714,RWA,2,,,0
2019,Rwanda,0,0,1,1,,,,,,,,,,,,,,,,,714,RWA,2,,,0
2020,Rwanda,0,0,1,1,,,,,,,,,,,,,,,,,714,RWA,2,,,0
2021,Rwanda,0,0,1,1,,,,,,,,,,,,,,,,,714,RWA,2,,,0
2022,Rwanda,0,0,1,1,,,,,,,,,,,,,,,,,714,RWA,2,,,0
2023,Rwanda,0,0,1,1,,,,,,,,,,,,,,,,,714,RWA,2,,,0
2024,Rwanda,0,0,1,1,,,,,,,,,,,,,,,,,714,RWA,2,,,0
1990,Senegal,0,0,0,0,,,,,,,,,,,,,,,,,722,SEN,0,,,0
1991,Senegal,0,0,0,0,,,,,,,,,,,,,,,,,722,SEN,0,,,0
1992,Senegal,0,0,0,0,,,,,,,,,,,,,,,,,722,SEN,0,,,0
1993,Senegal,0,0,0,0,,,,,,,,,,,,,,,,,722,SEN,0,,,0
1994,Senegal,0,0,0,0,,,,,,,,,,,,,,,,,722,SEN,0,,,0
1995,Senegal,0,0,0,0,,,,,,,,,,,,,,,,,722,SEN,0,,,0
1996,Senegal,0,0,0,0,,,,,,,,,,,,,,,,,722,SEN,0,,,0
1997,Senegal,0,0,0,0,,,,,,,,,,,,,,,,,722,SEN,0,,,0
1998,Senegal,0,0,0,0,,,,,,,,,,,,,,,,,722,SEN,0,,,0
1999,Senegal,0,0,0,0,,,,,,,,,,,,,,,,,722,SEN,0,,,0
2000,Senegal,0,1,1,1,,,,,,,,,,,,,,,,,722,SEN,3,,,0
2001,Senegal,0,1,1,1,,,,,,,,,,,,,,,,,722,SEN,3,,,0
2002,Senegal,0,1,1,1,,,,,,,,,,,,,,,,,722,SEN,3,,,0
2003,Senegal,0,1,1,1,,,,,,,,,,,,,,,,,722,SEN,3,,,0
2004,Senegal,0,1,1,1,,,,,,,,,,,,,,,,,722,SEN,3,,,0
2005,Senegal,0,1,1,1,,,,,,,,,,,,,,,,,722,SEN,3,,,0
2006,Senegal,0,1,1,1,,,,,,,,,,,,,,,,,722,SEN,3,,,0
2007,Senegal,0,1,1,1,,,,,,,,,,,,,,,,,722,SEN,3,,,0
2008,Senegal,0,1,1,1,,,,,,,,,,,,,,,,,722,SEN,3,,,0
2009,Senegal,0,1,1,1,,,,,,,,,,,,,,,,,722,SEN,3,,,0
2010,Senegal,0,1,1,1,,,,,,,,,,,,,,,,,722,SEN,3,,,0
2011,Senegal,0,1,1,1,,,,,,,,,,,,,,,,,722,SEN,3,,,0
2012,Senegal,0,1,1,1,,,,,,,,,,,,,,,,,722,SEN,3,,,0
2013,Senegal,0,1,1,1,,,,,,,,,,,,,,,,,722,SEN,3,,,0
2014,Senegal,0,1,1,1,,,,,,,,,,,,,,,,,722,SEN,3,,,0
2015,Senegal,0,1,1,1,,,,,,,,,,,,,,,,,722,SEN,3,,,0
2016,Senegal,0,1,1,1,,,,,,,,,,,,,,,,,722,SEN,3,,,0
2017,Senegal,0,1,1,1,,,,,,,,,,,,,,,,,722,SEN,3,,,0
2018,Senegal,0,1,1,1,,,,,,,,,,,,,,,,,722,SEN,3,,,0
2019,Senegal,0,1,1,1,,,,,,,,,,,,,,,,,722,SEN,3,,,0
2020,Senegal,0,1,1,1,,,,,,,,,,,,,,,,,722,SEN,3,,,0
2021,Senegal,0,1,1,1,,,,,,,,,,,,,,,,,722,SEN,3,,,0
2022,Senegal,0,1,1,1,,,,,,,,,,,,,,,,,722,SEN,3,,,0
2023,Senegal,0,1,1,1,,,,,,,,,,,,,,,,,722,SEN,3,,,0
2024,Senegal,0,1,1,1,,,,,,,,,,,,,,,,,722,SEN,3,,,0
1990,Serbia,0,0,0,0,,,,,,,,,,,,,,,,,942,SRB,0,,,0
1991,Serbia,0,0,0,0,,,,,,,,,,,,,,,,,942,SRB,0,,,0
1992,Serbia,0,0,0,0,,,,,,,,,,,,,,,,,942,SRB,0,,,0
1993,Serbia,0,0,0,0,,,,,,,,,,,,,,,,,942,SRB,0,,,0
1994,Serbia,0,0,0,0,,,,,,,,,,,,,,,,,942,SRB,0,,,0
1995,Serbia,0,0,0,0,,,,,,,,,,,,,,,,,942,SRB,0,,,0
1996,Serbia,0,0,0,0,,,,,,,,,,,,,,,,,942,SRB,0,,,0
1997,Serbia,0,0,0,0,,,,,,,,,,,,,,,,,942,SRB,0,,,0
1998,Serbia,0,0,0,0,,,,,,,,,,,,,,,,,942,SRB,0,,,0
1999,Serbia,0,0,0,0,,,,,,,,,,,,,,,,,942,SRB,0,,,0
2000,Serbia,0,0,0,0,,,,,,,,,,,,,,,,,942,SRB,0,,,0
2001,Serbia,0,0,0,0,,,,,,,,,,,,,,,,,942,SRB,0,,,0
2002,Serbia,0,0,0,0,,,,,,,,,,,,,,,,,942,SRB,0,,,0
2003,Serbia,0,0,0,0,,,,,,,,,,,,,,,,,942,SRB,0,,,0
2004,Serbia,0,0,0,0,,,,,,,,,,,,,,,,,942,SRB,0,,,0
2005,Serbia,0,0,0,0,,,,,,,,,,,,,,,,,942,SRB,0,,,0
2006,Serbia,0,0,0,0,,,,,,,,,,,,,,,,,942,SRB,0,,,0
2007,Serbia,0,0,0,0,,,,,,,,,,,,,,,,,942,SRB,0,,,0
2008,Serbia,0,0,0,0,,,,,,,,,,,,,,,,,942,SRB,0,,,0
2009,Serbia,0,0,0,0,,,,,,,,,,,,,,,,,942,SRB,0,,,0
2010,Serbia,0,0,0,0,,,,,,,,,,,,,,,,,942,SRB,0,,,0
2011,Serbia,0,0,1,1,,,3.0,3.0,,,0.0,0.0,0.0,1.0,0.0,,,,,,942,SRB,2,3.0,3.0,0
2012,Serbia,0,0,1,1,,,3.0,3.0,,,0.0,0.0,0.0,1.0,0.0,,,,,,942,SRB,2,3.0,3.0,0
2013,Serbia,0,0,1,1,,,3.0,3.0,,,0.0,0.0,0.0,1.0,0.0,,,,,,942,SRB,2,3.0,3.0,0
2014,Serbia,0,0,1,1,,,3.0,3.0,,,0.0,0.0,0.0,1.0,0.0,,,,,,942,SRB,2,3.0,3.0,0
2015,Serbia,0,0,1,1,,,3.0,3.0,,,0.0,0.0,0.0,1.0,0.0,,,,,,942,SRB,2,3.0,3.0,0
2016,Serbia,1,0,1,1,3.0,,3.0,3.0,0.0,,0.0,0.0,0.0,1.0,0.0,,,,,,942,SRB,3,3.0,3.0,0
2017,Serbia,1,0,1,1,3.0,,3.0,3.0,0.0,,0.0,0.0,0.0,1.0,0.0,,,,,,942,SRB,3,3.0,3.0,0
2018,Serbia,1,0,1,1,3.0,,3.0,3.0,0.0,,0.0,0.0,0.0,1.0,0.0,,,,,,942,SRB,3,3.0,3.0,0
2019,Serbia,1,0,1,1,3.0,,3.0,3.0,0.0,,0.0,0.0,0.0,1.0,0.0,,,,,,942,SRB,3,3.0,3.0,0
2020,Serbia,1,0,1,1,3.0,,3.0,3.0,0.0,,0.0,0.0,0.0,1.0,0.0,,,,,,942,SRB,3,3.0,3.0,0
2021,Serbia,1,0,1,1,3.0,,3.0,3.0,0.0,,0.0,0.0,0.0,1.0,0.0,,,,,,942,SRB,3,3.0,3.0,0
2022,Serbia,1,0,1,1,3.0,,3.0,3.0,0.0,,0.0,0.0,0.0,1.0,1.0,,,,0.0,0.0,942,SRB,3,3.0,3.0,0
2023,Serbia,1,0,1,1,3.0,,3.0,3.0,1.0,,1.0,1.0,0.0,1.0,1.0,,1.0,,0.0,0.0,942,SRB,3,3.0,3.0,1
2024,Serbia,1,0,1,1,3.0,,3.0,3.0,1.0,,1.0,1.0,0.0,1.0,1.0,,1.0,,0.0,0.0,942,SRB,3,3.0,3.0,1
1990,Singapore,0,0,1,0,,,5.0,,,,1.0,,,0.0,,,,,,,576,SGP,1,5.0,5.0,1
1991,Singapore,1,0,1,0,5.0,,5.0,,1.0,,1.0,,,0.0,,,,,,,576,SGP,2,5.0,5.0,1
1992,Singapore,1,0,1,0,5.0,,5.0,,1.0,,1.0,,,0.0,,,,,,,576,SGP,2,5.0,5.0,1
1993,Singapore,1,0,1,0,5.0,,5.0,,1.0,,1.0,,,0.0,,,,,,,576,SGP,2,5.0,5.0,1
1994,Singapore,1,0,1,0,5.0,,5.0,,1.0,,1.0,,,0.0,,,,,,,576,SGP,2,5.0,5.0,1
1995,Singapore,1,0,1,0,5.0,,5.0,,1.0,,1.0,,,0.0,,,,,,,576,SGP,2,5.0,5.0,1
1996,Singapore,1,0,1,0,5.0,,5.0,,1.0,,1.0,,,0.0,,,,,,,576,SGP,2,5.0,5.0,1
1997,Singapore,1,0,1,0,5.0,,5.0,,1.0,,1.0,,,0.0,,,,,,,576,SGP,2,5.0,5.0,1
1998,Singapore,1,0,1,0,5.0,,5.0,,1.0,,1.0,,,0.0,,,,,,,576,SGP,2,5.0,5.0,1
1999,Singapore,1,0,1,0,5.0,,5.0,,1.0,,1.0,,,0.0,,,,,,,576,SGP,2,5.0,5.0,1
2000,Singapore,1,0,1,0,5.0,,5.0,,1.0,,1.0,,,0.0,,,,,,,576,SGP,2,5.0,5.0,1
2001,Singapore,1,0,1,0,5.0,,5.0,,1.0,,1.0,,,0.0,,,,,,,576,SGP,2,5.0,5.0,1
2002,Singapore,1,0,1,0,5.0,,5.0,,1.0,,1.0,,,0.0,,,,,,,576,SGP,2,5.0,5.0,1
2003,Singapore,1,0,1,0,5.0,,5.0,,1.0,,1.0,,,0.0,,,,,,,576,SGP,2,5.0,5.0,1
2004,Singapore,1,0,1,0,5.0,,5.0,,1.0,,1.0,,,0.0,,,,,,,576,SGP,2,5.0,5.0,1
2005,Singapore,1,0,1,0,5.0,,5.0,,1.0,,1.0,,,0.0,,,,,,,576,SGP,2,5.0,5.0,1
2006,Singapore,1,0,1,0,5.0,,5.0,,1.0,,1.0,,,0.0,,,,,,,576,SGP,2,5.0,5.0,1
2007,Singapore,1,0,1,0,5.0,,5.0,,1.0,,1.0,,,0.0,,,,,,,576,SGP,2,5.0,5.0,1
2008,Singapore,1,0,1,0,5.0,,5.0,,1.0,,1.0,,,0.0,,,,,,,576,SGP,2,5.0,5.0,1
2009,Singapore,1,0,1,0,5.0,,5.0,,1.0,,1.0,,,0.0,,,,,,,576,SGP,2,5.0,5.0,1
2010,Singapore,1,0,1,0,5.0,,5.0,,1.0,,1.0,,,0.0,,,,,,,576,SGP,2,5.0,5.0,1
2011,Singapore,1,0,1,0,5.0,,5.0,,1.0,,1.0,,,0.0,,,,,,,576,SGP,2,5.0,5.0,1
2012,Singapore,1,0,1,0,5.0,,5.0,,1.0,,1.0,,,0.0,,,,,,,576,SGP,2,5.0,5.0,1
2013,Singapore,1,0,1,0,5.0,,5.0,,1.0,,1.0,,1.0,0.0,,,,,,,576,SGP,2,5.0,5.0,1
2014,Singapore,1,0,1,0,5.0,,5.0,,1.0,,1.0,,1.0,0.0,,,,,,,576,SGP,2,5.0,5.0,1
2015,Singapore,1,0,1,0,5.0,,5.0,,1.0,,1.0,,1.0,0.0,,,,,,,576,SGP,2,5.0,5.0,1
2016,Singapore,1,0,1,0,5.0,,5.0,,1.0,,1.0,,1.0,0.0,,,,,,,576,SGP,2,5.0,5.0,1
2017,Singapore,1,0,1,0,5.0,,5.0,,1.0,,1.0,,1.0,0.0,,,,,,,576,SGP,2,5.0,5.0,1
2018,Singapore,1,0,1,0,5.0,,5.0,,1.0,,1.0,,1.0,0.0,,,,,,,576,SGP,2,5.0,5.0,1
2019,Singapore,1,0,1,0,5.0,,5.0,,1.0,,1.0,,1.0,0.0,,,,,,,576,SGP,2,5.0,5.0,1
2020,Singapore,1,0,1,0,5.0,,5.0,,1.0,,1.0,,1.0,0.0,,,,,,,576,SGP,2,5.0,5.0,1
2021,Singapore,1,0,1,0,5.0,,5.0,,1.0,,1.0,,1.0,0.0,,,,,,,576,SGP,2,5.0,5.0,1
2022,Singapore,1,0,1,0,5.0,,5.0,,1.0,,1.0,,1.0,0.0,,,,,,,576,SGP,2,5.0,5.0,1
2023,Singapore,1,0,1,0,5.0,,5.0,,1.0,,1.0,,1.0,0.0,,,,,,,576,SGP,2,5.0,5.0,1
2024,Singapore,1,0,1,0,5.0,,5.0,,1.0,,1.0,,1.0,0.0,,,,,,,576,SGP,2,5.0,5.0,1
1990,Slovak Republic,0,0,0,0,,,,,,,,,,,,,,,,,936,SVK,0,,,0
1991,Slovak Republic,0,0,0,0,,,,,,,,,,,,,,,,,936,SVK,0,,,0
1992,Slovak Republic,0,0,0,0,,,,,,,,,,,,,,,,,936,SVK,0,,,0
1993,Slovak Republic,0,0,0,0,,,,,,,,,,,,,,,,,936,SVK,0,,,0
1994,Slovak Republic,0,0,0,0,,,,,,,,,,,,,,,,,936,SVK,0,,,0
1995,Slovak Republic,0,0,0,0,,,,,,,,,,,,,,,,,936,SVK,0,,,0
1996,Slovak Republic,0,0,0,0,,,,,,,,,,,,,,,,,936,SVK,0,,,0
1997,Slovak Republic,0,0,0,0,,,,,,,,,,,,,,,,,936,SVK,0,,,0
1998,Slovak Republic,0,0,0,0,,,,,,,,,,,,,,,,,936,SVK,0,,,0
1999,Slovak Republic,0,0,0,0,,,,,,,,,,,,,,,,,936,SVK,0,,,0
2000,Slovak Republic,0,0,0,0,,,,,,,,,,,,,,,,,936,SVK,0,,,0
2001,Slovak Republic,0,0,0,0,,,,,,,,,,,,,,,,,936,SVK,0,,,0
2002,Slovak Republic,0,0,0,0,,,,,,,,,,,,,,,,,936,SVK,0,,,0
2003,Slovak Republic,0,0,0,0,,,,,,,,,,,,,,,,,936,SVK,0,,,0
2004,Slovak Republic,0,0,1,1,,,,,,,,,,,,,,,,,936,SVK,2,,,0
2005,Slovak Republic,0,0,1,1,,,,,,,,,,,,,,,,,936,SVK,2,,,0
2006,Slovak Republic,0,0,1,1,,,,,,,,,,,,,,,,,936,SVK,2,,,0
2007,Slovak Republic,0,0,1,1,,,,,,,,,,,,,,,,,936,SVK,2,,,0
2008,Slovak Republic,0,0,1,1,,,,,,,,,,,,,,,,,936,SVK,2,,,0
2009,Slovak Republic,0,0,1,1,,,,,,,,,,,,,,,,,936,SVK,2,,,0
2010,Slovak Republic,0,0,1,1,,,,,,,,,,,,,,,,,936,SVK,2,,,0
2011,Slovak Republic,0,0,1,1,,,,,,,,,,,,,,,,,936,SVK,2,,,0
2012,Slovak Republic,1,0,1,1,,,,5.0,,,,1.0,0.0,1.0,2.0,1.0,,,,,936,SVK,3,5.0,5.0,1
2013,Slovak Republic,1,0,1,1,,,,5.0,,,,1.0,0.0,1.0,2.0,1.0,,,,,936,SVK,3,5.0,5.0,1
2014,Slovak Republic,1,0,1,1,,,3.0,5.0,,,1.0,1.0,0.0,1.0,2.0,1.0,,,,,936,SVK,3,5.0,4.0,1
2015,Slovak Republic,1,0,1,1,,,3.0,5.0,,,1.0,1.0,0.0,1.0,2.0,1.0,,,,,936,SVK,3,5.0,4.0,1
2016,Slovak Republic,1,0,1,1,,,3.0,5.0,,,1.0,1.0,0.0,1.0,2.0,1.0,,,,,936,SVK,3,5.0,4.0,1
2017,Slovak Republic,1,0,1,1,,,3.0,5.0,,,1.0,1.0,0.0,1.0,2.0,1.0,,,,,936,SVK,3,5.0,4.0,1
2018,Slovak Republic,1,0,1,1,,,3.0,5.0,,,1.0,1.0,0.0,1.0,2.0,1.0,,,,,936,SVK,3,5.0,4.0,1
2019,Slovak Republic,1,0,1,1,,,3.0,5.0,,,1.0,1.0,0.0,1.0,2.0,1.0,,,,,936,SVK,3,5.0,4.0,1
2020,Slovak Republic,1,0,1,1,,,3.0,5.0,,,1.0,1.0,0.0,1.0,2.0,1.0,,,,,936,SVK,3,5.0,4.0,1
2021,Slovak Republic,1,0,1,1,,,3.0,5.0,,,1.0,1.0,0.0,1.0,2.0,1.0,,,,0.0,936,SVK,3,5.0,4.0,1
2022,Slovak Republic,1,0,1,1,,,3.0,5.0,,,1.0,1.0,0.0,1.0,2.0,1.0,,,,0.0,936,SVK,3,5.0,4.0,1
2023,Slovak Republic,1,0,1,1,,,3.0,5.0,,,1.0,1.0,0.0,1.0,2.0,1.0,0.0,,0.0,0.0,936,SVK,3,5.0,4.0,1
2024,Slovak Republic,1,0,1,1,3.0,,3.0,5.0,,,1.0,1.0,0.0,1.0,2.0,1.0,1.0,,0.0,0.0,936,SVK,3,5.0,3.6666666666666665,1
1990,Slovenia,0,0,0,0,,,,,,,,,,,,,,,,,961,SVN,0,,,0
1991,Slovenia,0,0,0,0,,,,,,,,,,,,,,,,,961,SVN,0,,,0
1992,Slovenia,0,0,0,0,,,,,,,,,,,,,,,,,961,SVN,0,,,0
1993,Slovenia,0,0,0,0,,,,,,,,,,,,,,,,,961,SVN,0,,,0
1994,Slovenia,0,0,0,0,,,,,,,,,,,,,,,,,961,SVN,0,,,0
1995,Slovenia,0,0,0,0,,,,,,,,,,,,,,,,,961,SVN,0,,,0
1996,Slovenia,0,0,0,0,,,,,,,,,,,,,,,,,961,SVN,0,,,0
1997,Slovenia,0,0,0,0,,,,,,,,,,,,,,,,,961,SVN,0,,,0
1998,Slovenia,0,0,0,0,,,,,,,,,,,,,,,,,961,SVN,0,,,0
1999,Slovenia,0,0,0,0,,,,,,,,,,,,,,,,,961,SVN,0,,,0
2000,Slovenia,0,0,0,1,,,,2.0,,,,0.0,1.0,0.0,,,,,,,961,SVN,1,2.0,2.0,0
2001,Slovenia,0,0,0,1,,,,2.0,,,,0.0,1.0,0.0,,,,,,,961,SVN,1,2.0,2.0,0
2002,Slovenia,0,0,0,1,,,,2.0,,,,0.0,1.0,0.0,,,,,,,961,SVN,1,2.0,2.0,0
2003,Slovenia,0,0,0,1,,,,2.0,,,,0.0,1.0,0.0,,,,,,,961,SVN,1,2.0,2.0,0
2004,Slovenia,0,0,1,1,,,,2.0,,,,0.0,1.0,0.0,,,,,,,961,SVN,2,2.0,2.0,0
2005,Slovenia,0,0,1,1,,,,,,,,,,,1.0,,,,,,961,SVN,2,,,0
2006,Slovenia,0,0,1,1,,,,,,,,,,,1.0,,,,,,961,SVN,2,,,0
2007,Slovenia,0,0,1,1,,,,,,,,,,,1.0,,,,,,961,SVN,2,,,0
2008,Slovenia,0,0,1,1,,,,,,,,,,,1.0,,,,,,961,SVN,2,,,0
2009,Slovenia,0,0,1,1,,,,,,,,,,,1.0,,,,,,961,SVN,2,,,0
2010,Slovenia,0,0,1,1,,,,,,,,,,,1.0,,,,,,961,SVN,2,,,0
2011,Slovenia,0,0,1,1,,,,,,,,,,,1.0,,,,,,961,SVN,2,,,0
2012,Slovenia,1,0,1,1,,,,,,,,,,,1.0,,,,,,961,SVN,3,,,0
2013,Slovenia,1,0,1,1,,,,,,,,,,,1.0,,,,,,961,SVN,3,,,0
2014,Slovenia,1,0,1,1,,,,,,,,,,,1.0,,,,,,961,SVN,3,,,0
2015,Slovenia,1,0,1,1,,,3.0,,,,1.0,,0.0,1.0,1.0,,1.0,,1.0,0.0,961,SVN,3,3.0,3.0,1
2016,Slovenia,1,0,1,1,,,3.0,,,,1.0,,0.0,1.0,1.0,,1.0,,1.0,0.0,961,SVN,3,3.0,3.0,1
2017,Slovenia,1,0,1,1,,,3.0,,,,1.0,,0.0,1.0,1.0,,1.0,,1.0,0.0,961,SVN,3,3.0,3.0,1
2018,Slovenia,1,0,1,1,,,3.0,,,,1.0,,0.0,1.0,1.0,,1.0,,1.0,0.0,961,SVN,3,3.0,3.0,1
2019,Slovenia,1,0,1,1,,,3.0,,,,1.0,,0.0,1.0,1.0,,1.0,,1.0,0.0,961,SVN,3,3.0,3.0,1
2020,Slovenia,1,0,1,1,,,3.0,,,,1.0,,0.0,1.0,1.0,,0.0,,2.0,0.0,961,SVN,3,3.0,3.0,1
2021,Slovenia,1,0,1,1,,,3.0,,,,1.0,,0.0,1.0,1.0,,0.0,,2.0,0.0,961,SVN,3,3.0,3.0,1
2022,Slovenia,1,0,1,1,,,3.0,,,,1.0,,0.0,1.0,1.0,,1.0,,1.0,0.0,961,SVN,3,3.0,3.0,1
2023,Slovenia,1,0,1,1,,,3.0,,,,1.0,,0.0,1.0,1.0,,0.0,,1.0,0.0,961,SVN,3,3.0,3.0,1
2024,Slovenia,1,0,1,1,,,3.0,,,,1.0,,0.0,1.0,1.0,,,,,,961,SVN,3,3.0,3.0,1
1990,Solomon Islands,0,0,0,0,,,,,,,,,,,,,,,,,813,SLB,0,,,0
1991,Solomon Islands,0,0,0,0,,,,,,,,,,,,,,,,,813,SLB,0,,,0
1992,Solomon Islands,0,0,0,0,,,,,,,,,,,,,,,,,813,SLB,0,,,0
1993,Solomon Islands,0,0,0,0,,,,,,,,,,,,,,,,,813,SLB,0,,,0
1994,Solomon Islands,0,0,0,0,,,,,,,,,,,,,,,,,813,SLB,0,,,0
1995,Solomon Islands,0,0,0,0,,,,,,,,,,,,,,,,,813,SLB,0,,,0
1996,Solomon Islands,0,0,0,0,,,,,,,,,,,,,,,,,813,SLB,0,,,0
1997,Solomon Islands,0,0,0,0,,,,,,,,,,,,,,,,,813,SLB,0,,,0
1998,Solomon Islands,0,0,0,0,,,,,,,,,,,,,,,,,813,SLB,0,,,0
1999,Solomon Islands,0,0,0,0,,,,,,,,,,,,,,,,,813,SLB,0,,,0
2000,Solomon Islands,0,0,0,0,,,,,,,,,,,,,,,,,813,SLB,0,,,0
2001,Solomon Islands,0,0,0,0,,,,,,,,,,,,,,,,,813,SLB,0,,,0
2002,Solomon Islands,0,0,0,0,,,,,,,,,,,,,,,,,813,SLB,0,,,0
2003,Solomon Islands,0,0,0,0,,,,,,,,,,,,,,,,,813,SLB,0,,,0
2004,Solomon Islands,0,0,0,0,,,,,,,,,,,,,,,,,813,SLB,0,,,0
2005,Solomon Islands,0,0,0,0,,,,,,,,,,,,,,,,,813,SLB,0,,,0
2006,Solomon Islands,0,0,0,0,,,,,,,,,,,,,,,,,813,SLB,0,,,0
2007,Solomon Islands,0,0,0,0,,,,,,,,,,,,,,,,,813,SLB,0,,,0
2008,Solomon Islands,0,0,0,0,,,,,,,,,,,,,,,,,813,SLB,0,,,0
2009,Solomon Islands,0,0,0,0,,,,,,,,,,,,,,,,,813,SLB,0,,,0
2010,Solomon Islands,0,0,0,0,,,,,,,,,,,,,,,,,813,SLB,0,,,0
2011,Solomon Islands,0,0,0,0,,,,,,,,,,,,,,,,,813,SLB,0,,,0
2012,Solomon Islands,0,0,0,1,,,,1.0,,,,,,,0.0,,,,,,813,SLB,1,1.0,1.0,0
2013,Solomon Islands,0,0,1,1,,,3.0,1.0,,,,,,,0.0,,,,,1.0,813,SLB,2,3.0,2.0,0
2014,Solomon Islands,0,0,1,1,,,3.0,1.0,,,,,,,0.0,,,,,1.0,813,SLB,2,3.0,2.0,0
2015,Solomon Islands,0,0,1,1,,,3.0,1.0,,,,,,,0.0,,,,,1.0,813,SLB,2,3.0,2.0,0
2016,Solomon Islands,0,0,1,1,,,3.0,1.0,,,,,,,0.0,,,,,1.0,813,SLB,2,3.0,2.0,0
2017,Solomon Islands,0,0,1,1,,,3.0,1.0,,,,,,,0.0,,,,,1.0,813,SLB,2,3.0,2.0,0
2018,Solomon Islands,0,0,1,1,,,3.0,1.0,,,,,,,0.0,,,,,1.0,813,SLB,2,3.0,2.0,0
2019,Solomon Islands,0,0,1,1,,,3.0,1.0,,,,,,,0.0,,,,,1.0,813,SLB,2,3.0,2.0,0
2020,Solomon Islands,0,0,1,1,,,3.0,1.0,,,,,,,0.0,,,,,1.0,813,SLB,2,3.0,2.0,0
2021,Solomon Islands,0,0,1,1,,,3.0,1.0,,,,,,,0.0,,,,,1.0,813,SLB,2,3.0,2.0,0
2022,Solomon Islands,0,0,1,1,,,3.0,1.0,,,,,,,0.0,,,,,1.0,813,SLB,2,3.0,2.0,0
2023,Solomon Islands,0,0,1,1,,,3.0,1.0,,,,,,,0.0,,,,,1.0,813,SLB,2,3.0,2.0,0
2024,Solomon Islands,0,0,1,1,,,3.0,1.0,,,,,,,0.0,,,,,1.0,813,SLB,2,3.0,2.0,0
1990,Somalia,0,0,0,0,,,,,,,,,,,,,,,,,726,SOM,0,,,0
1991,Somalia,0,0,0,0,,,,,,,,,,,,,,,,,726,SOM,0,,,0
1992,Somalia,0,0,0,0,,,,,,,,,,,,,,,,,726,SOM,0,,,0
1993,Somalia,0,0,0,0,,,,,,,,,,,,,,,,,726,SOM,0,,,0
1994,Somalia,0,0,0,0,,,,,,,,,,,,,,,,,726,SOM,0,,,0
1995,Somalia,0,0,0,0,,,,,,,,,,,,,,,,,726,SOM,0,,,0
1996,Somalia,0,0,0,0,,,,,,,,,,,,,,,,,726,SOM,0,,,0
1997,Somalia,0,0,0,0,,,,,,,,,,,,,,,,,726,SOM,0,,,0
1998,Somalia,0,0,0,0,,,,,,,,,,,,,,,,,726,SOM,0,,,0
1999,Somalia,0,0,0,0,,,,,,,,,,,,,,,,,726,SOM,0,,,0
2000,Somalia,0,0,0,0,,,,,,,,,,,,,,,,,726,SOM,0,,,0
2001,Somalia,0,0,0,0,,,,,,,,,,,,,,,,,726,SOM,0,,,0
2002,Somalia,0,0,0,0,,,,,,,,,,,,,,,,,726,SOM,0,,,0
2003,Somalia,0,0,0,0,,,,,,,,,,,,,,,,,726,SOM,0,,,0
2004,Somalia,0,0,0,0,,,,,,,,,,,,,,,,,726,SOM,0,,,0
2005,Somalia,0,0,0,0,,,,,,,,,,,,,,,,,726,SOM,0,,,0
2006,Somalia,0,0,0,0,,,,,,,,,,,,,,,,,726,SOM,0,,,0
2007,Somalia,0,0,0,0,,,,,,,,,,,,,,,,,726,SOM,0,,,0
2008,Somalia,0,0,0,0,,,,,,,,,,,,,,,,,726,SOM,0,,,0
2009,Somalia,0,0,0,0,,,,,,,,,,,,,,,,,726,SOM,0,,,0
2010,Somalia,0,0,0,0,,,,,,,,,,,,,,,,,726,SOM,0,,,0
2011,Somalia,0,0,0,0,,,,,,,,,,,,,,,,,726,SOM,0,,,0
2012,Somalia,0,0,0,0,,,,,,,,,,,,,,,,,726,SOM,0,,,0
2013,Somalia,0,0,0,0,,,,,,,,,,,,,,,,,726,SOM,0,,,0
2014,Somalia,0,0,0,0,,,,,,,,,,,,,,,,,726,SOM,0,,,0
2015,Somalia,0,0,0,0,,,,,,,,,,,,,,,,,726,SOM,0,,,0
2016,Somalia,0,0,0,0,,,,,,,,,,,,,,,,,726,SOM,0,,,0
2017,Somalia,0,0,0,0,,,,,,,,,,,,,,,,,726,SOM,0,,,0
2018,Somalia,0,0,0,0,,,,,,,,,,,,,,,,,726,SOM,0,,,0
2019,Somalia,0,0,0,0,,,,,,,,,,,,,,,,,726,SOM,0,,,0
2020,Somalia,0,0,0,0,,,,,,,,,,,,,,,,,726,SOM,0,,,0
2021,Somalia,0,0,0,0,,,,,,,,,,,,,,,,,726,SOM,0,,,0
2022,Somalia,0,0,0,0,,,,,,,,,,,,,,,,,726,SOM,0,,,0
2023,Somalia,0,0,0,0,,,,,,,,,,,,,,,,,726,SOM,0,,,0
2024,Somalia,0,0,1,1,,,,,,,,,,,,,,,,,726,SOM,2,,,0
1990,South Sudan,0,0,0,0,,,,,,,,,,,,,,,,,733,SSD,0,,,0
1991,South Sudan,0,0,0,0,,,,,,,,,,,,,,,,,733,SSD,0,,,0
1992,South Sudan,0,0,0,0,,,,,,,,,,,,,,,,,733,SSD,0,,,0
1993,South Sudan,0,0,0,0,,,,,,,,,,,,,,,,,733,SSD,0,,,0
1994,South Sudan,0,0,0,0,,,,,,,,,,,,,,,,,733,SSD,0,,,0
1995,South Sudan,0,0,0,0,,,,,,,,,,,,,,,,,733,SSD,0,,,0
1996,South Sudan,0,0,0,0,,,,,,,,,,,,,,,,,733,SSD,0,,,0
1997,South Sudan,0,0,0,0,,,,,,,,,,,,,,,,,733,SSD,0,,,0
1998,South Sudan,0,0,0,0,,,,,,,,,,,,,,,,,733,SSD,0,,,0
1999,South Sudan,0,0,0,0,,,,,,,,,,,,,,,,,733,SSD,0,,,0
2000,South Sudan,0,0,0,0,,,,,,,,,,,,,,,,,733,SSD,0,,,0
2001,South Sudan,0,0,0,0,,,,,,,,,,,,,,,,,733,SSD,0,,,0
2002,South Sudan,0,0,0,0,,,,,,,,,,,,,,,,,733,SSD,0,,,0
2003,South Sudan,0,0,0,0,,,,,,,,,,,,,,,,,733,SSD,0,,,0
2004,South Sudan,0,0,0,0,,,,,,,,,,,,,,,,,733,SSD,0,,,0
2005,South Sudan,0,0,0,0,,,,,,,,,,,,,,,,,733,SSD,0,,,0
2006,South Sudan,0,0,0,0,,,,,,,,,,,,,,,,,733,SSD,0,,,0
2007,South Sudan,0,0,0,0,,,,,,,,,,,,,,,,,733,SSD,0,,,0
2008,South Sudan,0,0,0,0,,,,,,,,,,,,,,,,,733,SSD,0,,,0
2009,South Sudan,0,0,0,0,,,,,,,,,,,,,,,,,733,SSD,0,,,0
2010,South Sudan,0,0,0,0,,,,,,,,,,,,,,,,,733,SSD,0,,,0
2011,South Sudan,0,0,0,0,,,,,,,,,,,,,,,,,733,SSD,0,,,0
2012,South Sudan,0,0,0,0,,,,,,,,,,,,,,,,,733,SSD,0,,,0
2013,South Sudan,0,0,1,1,,,,,,,,,,,,,,,,,733,SSD,2,,,0
2014,South Sudan,0,0,1,1,,,,,,,,,,,,,,,,,733,SSD,2,,,0
2015,South Sudan,0,0,1,1,,,,,,,,,,,,,,,,,733,SSD,2,,,0
2016,South Sudan,0,0,1,1,,,,,,,,,,,,,,,,,733,SSD,2,,,0
2017,South Sudan,0,0,1,1,,,,,,,,,,,,,,,,,733,SSD,2,,,0
2018,South Sudan,0,0,1,1,,,,,,,,,,,,,,,,,733,SSD,2,,,0
2019,South Sudan,0,0,1,1,,,,,,,,,,,,,,,,,733,SSD,2,,,0
2020,South Sudan,0,0,1,1,,,,,,,,,,,,,,,,,733,SSD,2,,,0
2021,South Sudan,0,0,1,1,,,,,,,,,,,,,,,,,733,SSD,2,,,0
2022,South Sudan,0,0,1,1,,,,,,,,,,,,,,,,,733,SSD,2,,,0
2023,South Sudan,0,0,1,1,,,,,,,,,,,,,,,,,733,SSD,2,,,0
2024,South Sudan,0,0,1,1,,,,,,,,,,,,,,,,,733,SSD,2,,,0
1990,Spain,0,0,0,0,,,,,,,,,,,,,,,,,184,ESP,0,,,0
1991,Spain,0,0,0,0,,,,,,,,,,,,,,,,,184,ESP,0,,,0
1992,Spain,0,0,1,1,,,,,,,,,,,,,,,,,184,ESP,2,,,0
1993,Spain,0,0,1,1,,,,,,,,,,,,,,,,,184,ESP,2,,,0
1994,Spain,0,0,1,1,,,,,,,,,,,,,,,,,184,ESP,2,,,0
1995,Spain,0,0,1,1,,,,,,,,,,,,,,,,,184,ESP,2,,,0
1996,Spain,0,0,1,1,,,,,,,,,,,,,,,,,184,ESP,2,,,0
1997,Spain,0,0,1,1,,,,,,,,,,,,,,,,,184,ESP,2,,,0
1998,Spain,0,0,1,1,,,,,,,,,,,,,,,,,184,ESP,2,,,0
1999,Spain,0,0,1,1,,,,,,,,,,,,,,,,,184,ESP,2,,,0
2000,Spain,0,0,1,1,,,,,,,,,,,,,,,,,184,ESP,2,,,0
2001,Spain,0,0,1,1,,,,,,,,,,,,,,,,,184,ESP,2,,,0
2002,Spain,0,0,1,1,,,,,,,,,,,,,,,,,184,ESP,2,,,0
2003,Spain,0,0,1,1,,,3.0,,,,0.0,,0.0,0.0,,,,,1.0,,184,ESP,2,3.0,3.0,0
2004,Spain,0,0,1,1,,,3.0,,,,0.0,,0.0,0.0,,,,,0.0,,184,ESP,2,3.0,3.0,0
2005,Spain,0,0,1,1,,,3.0,,,,0.0,,0.0,0.0,,,,,1.0,,184,ESP,2,3.0,3.0,0
2006,Spain,0,0,1,1,,,3.0,,,,0.0,,0.0,0.0,,,,,1.0,,184,ESP,2,3.0,3.0,0
2007,Spain,0,0,1,1,,,3.0,,,,0.0,,0.0,0.0,,,,,1.0,,184,ESP,2,3.0,3.0,0
2008,Spain,0,0,1,1,,,3.0,,,,0.0,,0.0,0.0,,,,,0.0,,184,ESP,2,3.0,3.0,0
2009,Spain,0,0,1,1,,,3.0,,,,0.0,,0.0,0.0,,,,,0.0,,184,ESP,2,3.0,3.0,0
2010,Spain,0,0,1,1,,,3.0,,,,0.0,,0.0,0.0,,,,,0.0,,184,ESP,2,3.0,3.0,0
2011,Spain,1,0,1,1,3.0,,3.0,,0.0,,0.0,,0.0,0.0,1.0,,,,0.0,,184,ESP,3,3.0,3.0,0
2012,Spain,1,0,1,1,3.0,,3.0,3.0,1.0,,1.0,1.0,0.0,0.0,1.0,,,,0.0,,184,ESP,3,3.0,3.0,1
2013,Spain,1,0,1,1,3.0,,3.0,3.0,1.0,,1.0,1.0,0.0,0.0,1.0,,,,1.0,,184,ESP,3,3.0,3.0,1
2014,Spain,1,0,1,1,3.0,,3.0,3.0,1.0,,1.0,1.0,0.0,1.0,1.0,,,,0.0,,184,ESP,3,3.0,3.0,1
2015,Spain,1,0,1,1,3.0,,3.0,3.0,1.0,,1.0,1.0,0.0,1.0,1.0,,,,0.0,,184,ESP,3,3.0,3.0,1
2016,Spain,1,0,1,1,3.0,,3.0,3.0,1.0,,1.0,1.0,0.0,1.0,1.0,,,,1.0,,184,ESP,3,3.0,3.0,1
2017,Spain,1,0,1,1,3.0,,3.0,3.0,1.0,,1.0,1.0,0.0,1.0,1.0,,,,1.0,,184,ESP,3,3.0,3.0,1
2018,Spain,1,0,1,1,3.0,,3.0,3.0,1.0,,1.0,1.0,0.0,1.0,1.0,,,,0.0,,184,ESP,3,3.0,3.0,1
2019,Spain,1,0,1,1,3.0,,3.0,3.0,1.0,,1.0,1.0,0.0,1.0,1.0,,0.0,,0.0,0.0,184,ESP,3,3.0,3.0,1
2020,Spain,1,0,1,1,3.0,,3.0,3.0,1.0,,1.0,1.0,0.0,1.0,1.0,,1.0,,1.0,1.0,184,ESP,3,3.0,3.0,1
2021,Spain,1,0,1,1,3.0,,3.0,3.0,1.0,,1.0,1.0,0.0,1.0,1.0,,1.0,,1.0,1.0,184,ESP,3,3.0,3.0,1
2022,Spain,1,0,1,1,3.0,,3.0,3.0,1.0,,1.0,1.0,0.0,1.0,1.0,,1.0,,1.0,1.0,184,ESP,3,3.0,3.0,1
2023,Spain,1,0,1,1,3.0,,3.0,3.0,1.0,,1.0,1.0,0.0,1.0,1.0,,1.0,,1.0,1.0,184,ESP,3,3.0,3.0,1
2024,Spain,1,0,1,1,3.0,,3.0,3.0,1.0,,1.0,1.0,0.0,1.0,1.0,,,,,,184,ESP,3,3.0,3.0,1
1990,Sri Lanka,0,0,0,0,,,,,,,,,,,,,,,,,524,LKA,0,,,0
1991,Sri Lanka,0,0,0,0,,,,,,,,,,,,,,,,,524,LKA,0,,,0
1992,Sri Lanka,0,0,0,0,,,,,,,,,,,,,,,,,524,LKA,0,,,0
1993,Sri Lanka,0,0,0,0,,,,,,,,,,,,,,,,,524,LKA,0,,,0
1994,Sri Lanka,0,0,0,0,,,,,,,,,,,,,,,,,524,LKA,0,,,0
1995,Sri Lanka,0,0,0,0,,,,,,,,,,,,,,,,,524,LKA,0,,,0
1996,Sri Lanka,0,0,0,0,,,,,,,,,,,,,,,,,524,LKA,0,,,0
1997,Sri Lanka,0,0,0,0,,,,,,,,,,,,,,,,,524,LKA,0,,,0
1998,Sri Lanka,0,0,0,0,,,,,,,,,,,,,,,,,524,LKA,0,,,0
1999,Sri Lanka,0,0,0,0,,,,,,,,,,,,,,,,,524,LKA,0,,,0
2000,Sri Lanka,0,0,0,0,,,,,,,,,,,,,,,,,524,LKA,0,,,0
2001,Sri Lanka,0,0,0,0,,,,,,,,,,,,,,,,,524,LKA,0,,,0
2002,Sri Lanka,0,0,0,0,,,,,,,,,,,,,,,,,524,LKA,0,,,0
2003,Sri Lanka,0,0,1,1,,,3.0,3.0,,,0.0,0.0,0.0,0.0,0.0,,,,0.0,0.0,524,LKA,2,3.0,3.0,0
2004,Sri Lanka,0,0,1,1,,,3.0,3.0,,,0.0,0.0,0.0,0.0,0.0,,,,0.0,0.0,524,LKA,2,3.0,3.0,0
2005,Sri Lanka,0,0,1,1,,,3.0,3.0,,,0.0,0.0,0.0,0.0,0.0,,,,0.0,0.0,524,LKA,2,3.0,3.0,0
2006,Sri Lanka,0,0,1,1,,,3.0,3.0,,,0.0,0.0,0.0,0.0,0.0,,,,0.0,0.0,524,LKA,2,3.0,3.0,0
2007,Sri Lanka,0,0,1,1,,,3.0,3.0,,,0.0,0.0,0.0,0.0,0.0,,,,0.0,0.0,524,LKA,2,3.0,3.0,0
2008,Sri Lanka,0,0,1,1,,,3.0,3.0,,,0.0,0.0,0.0,0.0,0.0,,,,0.0,0.0,524,LKA,2,3.0,3.0,0
2009,Sri Lanka,0,0,1,1,,,3.0,3.0,,,0.0,0.0,0.0,0.0,0.0,,,,0.0,0.0,524,LKA,2,3.0,3.0,0
2010,Sri Lanka,0,0,1,1,,,3.0,3.0,,,0.0,0.0,0.0,0.0,0.0,,,,0.0,0.0,524,LKA,2,3.0,3.0,0
2011,Sri Lanka,0,0,1,1,,,3.0,3.0,,,0.0,0.0,0.0,0.0,0.0,,,,0.0,0.0,524,LKA,2,3.0,3.0,0
2012,Sri Lanka,0,0,1,1,,,3.0,3.0,,,0.0,0.0,0.0,0.0,0.0,,,,0.0,0.0,524,LKA,2,3.0,3.0,0
2013,Sri Lanka,0,0,1,1,,,3.0,3.0,,,0.0,0.0,0.0,0.0,0.0,,,,0.0,0.0,524,LKA,2,3.0,3.0,0
2014,Sri Lanka,0,0,1,1,,,3.0,3.0,,,0.0,0.0,0.0,0.0,0.0,,,,0.0,0.0,524,LKA,2,3.0,3.0,0
2015,Sri Lanka,0,0,1,1,,,3.0,3.0,,,0.0,0.0,0.0,0.0,0.0,,,,0.0,0.0,524,LKA,2,3.0,3.0,0
2016,Sri Lanka,0,0,1,1,,,3.0,3.0,,,0.0,0.0,0.0,0.0,0.0,,,,0.0,0.0,524,LKA,2,3.0,3.0,0
2017,Sri Lanka,0,0,1,1,,,3.0,3.0,,,0.0,0.0,0.0,0.0,0.0,,,,0.0,0.0,524,LKA,2,3.0,3.0,0
2018,Sri Lanka,0,0,1,1,,,3.0,3.0,,,0.0,0.0,0.0,0.0,0.0,,,,0.0,0.0,524,LKA,2,3.0,3.0,0
2019,Sri Lanka,0,0,1,1,,,3.0,3.0,,,0.0,0.0,0.0,0.0,0.0,,,,0.0,0.0,524,LKA,2,3.0,3.0,0
2020,Sri Lanka,0,0,1,1,,,3.0,3.0,,,0.0,0.0,0.0,0.0,0.0,,,,0.0,0.0,524,LKA,2,3.0,3.0,0
2021,Sri Lanka,0,0,1,1,,,3.0,3.0,,,0.0,0.0,0.0,0.0,0.0,,,,0.0,0.0,524,LKA,2,3.0,3.0,0
2022,Sri Lanka,0,0,1,1,,,3.0,3.0,,,0.0,0.0,0.0,0.0,0.0,,,,0.0,0.0,524,LKA,2,3.0,3.0,0
2023,Sri Lanka,0,0,1,1,,,3.0,3.0,,,0.0,0.0,0.0,0.0,0.0,,,,0.0,0.0,524,LKA,2,3.0,3.0,0
2024,Sri Lanka,1,0,0,0,3.0,,,,1.0,,,,0.0,0.0,2.0,,,,,,524,LKA,1,3.0,3.0,1
1990,St. Kitts and Nevis,0,0,0,0,,,,,,,,,,,,,,,,,361,KNA,0,,,0
1991,St. Kitts and Nevis,0,0,0,0,,,,,,,,,,,,,,,,,361,KNA,0,,,0
1992,St. Kitts and Nevis,0,0,0,0,,,,,,,,,,,,,,,,,361,KNA,0,,,0
1993,St. Kitts and Nevis,0,0,0,0,,,,,,,,,,,,,,,,,361,KNA,0,,,0
1994,St. Kitts and Nevis,0,0,0,0,,,,,,,,,,,,,,,,,361,KNA,0,,,0
1995,St. Kitts and Nevis,0,0,0,0,,,,,,,,,,,,,,,,,361,KNA,0,,,0
1996,St. Kitts and Nevis,0,0,0,0,,,,,,,,,,,,,,,,,361,KNA,0,,,0
1997,St. Kitts and Nevis,0,0,0,0,,,,,,,,,,,,,,,,,361,KNA,0,,,0
1998,St. Kitts and Nevis,0,0,1,1,,,,,,,,,,,,,,,,,361,KNA,2,,,0
1999,St. Kitts and Nevis,0,0,1,1,,,,,,,,,,,,,,,,,361,KNA,2,,,0
2000,St. Kitts and Nevis,0,0,1,1,,,,,,,,,,,,,,,,,361,KNA,2,,,0
2001,St. Kitts and Nevis,0,0,1,1,,,,,,,,,,,,,,,,,361,KNA,2,,,0
2002,St. Kitts and Nevis,0,0,1,1,,,,,,,,,,,,,,,,,361,KNA,2,,,0
2003,St. Kitts and Nevis,0,0,1,1,,,,,,,,,,,,,,,,,361,KNA,2,,,0
2004,St. Kitts and Nevis,0,0,1,1,,,,,,,,,,,,,,,,,361,KNA,2,,,0
2005,St. Kitts and Nevis,0,0,1,1,,,,,,,,,,,,,,,,,361,KNA,2,,,0
2006,St. Kitts and Nevis,0,0,0,1,,,,,,,,,,,,,,,,,361,KNA,1,,,0
2007,St. Kitts and Nevis,0,0,0,1,,,,,,,,,,,,,,,,,361,KNA,1,,,0
2008,St. Kitts and Nevis,0,0,0,1,,,,,,,,,,,,,,,,,361,KNA,1,,,0
2009,St. Kitts and Nevis,0,0,0,1,,,,,,,,,,,,,,,,,361,KNA,1,,,0
2010,St. Kitts and Nevis,0,0,0,1,,,,,,,,,,,,,,,,,361,KNA,1,,,0
2011,St. Kitts and Nevis,0,0,0,1,,,,,,,,,,,,,,,,,361,KNA,1,,,0
2012,St. Kitts and Nevis,0,0,0,1,,,,,,,,,,,,,,,,,361,KNA,1,,,0
2013,St. Kitts and Nevis,0,0,0,1,,,,,,,,,,,,,,,,,361,KNA,1,,,0
2014,St. Kitts and Nevis,0,0,0,1,,,,,,,,,,,,,,,,,361,KNA,1,,,0
2015,St. Kitts and Nevis,0,0,0,1,,,,,,,,,,,,,,,,,361,KNA,1,,,0
2016,St. Kitts and Nevis,0,0,0,1,,,,,,,,,,,,,,,,,361,KNA,1,,,0
2017,St. Kitts and Nevis,0,0,0,1,,,,,,,,,,,,,,,,,361,KNA,1,,,0
2018,St. Kitts and Nevis,0,0,0,1,,,,,,,,,,,,,,,,,361,KNA,1,,,0
2019,St. Kitts and Nevis,0,0,0,1,,,,,,,,,,,,,,,,,361,KNA,1,,,0
2020,St. Kitts and Nevis,0,0,0,1,,,,,,,,,,,,,,,,,361,KNA,1,,,0
2021,St. Kitts and Nevis,0,0,0,1,,,,,,,,,,,,,,,,,361,KNA,1,,,0
2022,St. Kitts and Nevis,0,0,0,1,,,,,,,,,,,,,,,,,361,KNA,1,,,0
2023,St. Kitts and Nevis,0,0,0,1,,,,,,,,,,,,,,,,,361,KNA,1,,,0
2024,St. Kitts and Nevis,0,0,0,1,,,,,,,,,,,,,,,,,361,KNA,1,,,0
1990,St. Lucia,0,0,0,0,,,,,,,,,,,,,,,,,362,LCA,0,,,0
1991,St. Lucia,0,0,0,0,,,,,,,,,,,,,,,,,362,LCA,0,,,0
1992,St. Lucia,0,0,0,0,,,,,,,,,,,,,,,,,362,LCA,0,,,0
1993,St. Lucia,0,0,0,0,,,,,,,,,,,,,,,,,362,LCA,0,,,0
1994,St. Lucia,0,0,0,0,,,,,,,,,,,,,,,,,362,LCA,0,,,0
1995,St. Lucia,0,0,0,0,,,,,,,,,,,,,,,,,362,LCA,0,,,0
1996,St. Lucia,0,0,0,0,,,,,,,,,,,,,,,,,362,LCA,0,,,0
1997,St. Lucia,0,0,0,0,,,,,,,,,,,,,,,,,362,LCA,0,,,0
1998,St. Lucia,0,0,1,1,,,,,,,,,,,,,,,,,362,LCA,2,,,0
1999,St. Lucia,0,0,1,1,,,,,,,,,,,,,,,,,362,LCA,2,,,0
2000,St. Lucia,0,0,1,1,,,,,,,,,,,,,,,,,362,LCA,2,,,0
2001,St. Lucia,0,0,1,1,,,,,,,,,,,,,,,,,362,LCA,2,,,0
2002,St. Lucia,0,0,1,1,,,,,,,,,,,,,,,,,362,LCA,2,,,0
2003,St. Lucia,0,0,1,1,,,,,,,,,,,,,,,,,362,LCA,2,,,0
2004,St. Lucia,0,0,1,1,,,,,,,,,,,,,,,,,362,LCA,2,,,0
2005,St. Lucia,0,0,1,1,,,,,,,,,,,,,,,,,362,LCA,2,,,0
2006,St. Lucia,0,0,0,1,,,,,,,,,,,,,,,,,362,LCA,1,,,0
2007,St. Lucia,0,0,0,1,,,,,,,,,,,,,,,,,362,LCA,1,,,0
2008,St. Lucia,0,0,0,1,,,,,,,,,,,,,,,,,362,LCA,1,,,0
2009,St. Lucia,0,0,0,1,,,,,,,,,,,,,,,,,362,LCA,1,,,0
2010,St. Lucia,0,0,0,1,,,,,,,,,,,,,,,,,362,LCA,1,,,0
2011,St. Lucia,0,0,0,1,,,,,,,,,,,,,,,,,362,LCA,1,,,0
2012,St. Lucia,0,0,0,1,,,,,,,,,,,,,,,,,362,LCA,1,,,0
2013,St. Lucia,0,0,0,1,,,,,,,,,,,,,,,,,362,LCA,1,,,0
2014,St. Lucia,0,0,0,1,,,,,,,,,,,,,,,,,362,LCA,1,,,0
2015,St. Lucia,0,0,0,1,,,,,,,,,,,,,,,,,362,LCA,1,,,0
2016,St. Lucia,0,0,0,1,,,,,,,,,,,,,,,,,362,LCA,1,,,0
2017,St. Lucia,0,0,0,1,,,,,,,,,,,,,,,,,362,LCA,1,,,0
2018,St. Lucia,0,0,0,1,,,,,,,,,,,,,,,,,362,LCA,1,,,0
2019,St. Lucia,0,0,0,1,,,,,,,,,,,,,,,,,362,LCA,1,,,0
2020,St. Lucia,0,0,0,1,,,,,,,,,,,,,,,,,362,LCA,1,,,0
2021,St. Lucia,0,0,0,1,,,,,,,,,,,,,,,,,362,LCA,1,,,0
2022,St. Lucia,0,0,0,1,,,,,,,,,,,,,,,,,362,LCA,1,,,0
2023,St. Lucia,0,0,0,1,,,,,,,,,,,,,,,,,362,LCA,1,,,0
2024,St. Lucia,0,0,0,1,,,,,,,,,,,,,,,,,362,LCA,1,,,0
1990,St. Vincent and the Grenadines,0,0,0,0,,,,,,,,,,,,,,,,,364,VCT,0,,,0
1991,St. Vincent and the Grenadines,0,0,0,0,,,,,,,,,,,,,,,,,364,VCT,0,,,0
1992,St. Vincent and the Grenadines,0,0,0,0,,,,,,,,,,,,,,,,,364,VCT,0,,,0
1993,St. Vincent and the Grenadines,0,0,0,0,,,,,,,,,,,,,,,,,364,VCT,0,,,0
1994,St. Vincent and the Grenadines,0,0,0,0,,,,,,,,,,,,,,,,,364,VCT,0,,,0
1995,St. Vincent and the Grenadines,0,0,0,0,,,,,,,,,,,,,,,,,364,VCT,0,,,0
1996,St. Vincent and the Grenadines,0,0,0,0,,,,,,,,,,,,,,,,,364,VCT,0,,,0
1997,St. Vincent and the Grenadines,0,0,0,0,,,,,,,,,,,,,,,,,364,VCT,0,,,0
1998,St. Vincent and the Grenadines,0,0,1,1,,,,,,,,,,,,,,,,,364,VCT,2,,,0
1999,St. Vincent and the Grenadines,0,0,1,1,,,,,,,,,,,,,,,,,364,VCT,2,,,0
2000,St. Vincent and the Grenadines,0,0,1,1,,,,,,,,,,,,,,,,,364,VCT,2,,,0
2001,St. Vincent and the Grenadines,0,0,1,1,,,,,,,,,,,,,,,,,364,VCT,2,,,0
2002,St. Vincent and the Grenadines,0,0,1,1,,,,,,,,,,,,,,,,,364,VCT,2,,,0
2003,St. Vincent and the Grenadines,0,0,1,1,,,,,,,,,,,,,,,,,364,VCT,2,,,0
2004,St. Vincent and the Grenadines,0,0,1,1,,,,,,,,,,,,,,,,,364,VCT,2,,,0
2005,St. Vincent and the Grenadines,0,0,1,1,,,,,,,,,,,,,,,,,364,VCT,2,,,0
2006,St. Vincent and the Grenadines,0,0,0,1,,,,,,,,,,,,,,,,,364,VCT,1,,,0
2007,St. Vincent and the Grenadines,0,0,0,1,,,,,,,,,,,,,,,,,364,VCT,1,,,0
2008,St. Vincent and the Grenadines,0,0,0,1,,,,,,,,,,,,,,,,,364,VCT,1,,,0
2009,St. Vincent and the Grenadines,0,0,0,1,,,,,,,,,,,,,,,,,364,VCT,1,,,0
2010,St. Vincent and the Grenadines,0,0,0,1,,,,,,,,,,,,,,,,,364,VCT,1,,,0
2011,St. Vincent and the Grenadines,0,0,0,1,,,,,,,,,,,,,,,,,364,VCT,1,,,0
2012,St. Vincent and the Grenadines,0,0,0,1,,,,,,,,,,,,,,,,,364,VCT,1,,,0
2013,St. Vincent and the Grenadines,0,0,0,1,,,,,,,,,,,,,,,,,364,VCT,1,,,0
2014,St. Vincent and the Grenadines,0,0,0,1,,,,,,,,,,,,,,,,,364,VCT,1,,,0
2015,St. Vincent and the Grenadines,0,0,0,1,,,,,,,,,,,,,,,,,364,VCT,1,,,0
2016,St. Vincent and the Grenadines,0,0,0,1,,,,,,,,,,,,,,,,,364,VCT,1,,,0
2017,St. Vincent and the Grenadines,0,0,0,1,,,,,,,,,,,,,,,,,364,VCT,1,,,0
2018,St. Vincent and the Grenadines,0,0,0,1,,,,,,,,,,,,,,,,,364,VCT,1,,,0
2019,St. Vincent and the Grenadines,0,0,0,1,,,,,,,,,,,,,,,,,364,VCT,1,,,0
2020,St. Vincent and the Grenadines,1,0,1,1,1.0,,1.0,1.0,0.0,,0.0,,0.0,0.0,1.0,,0.0,,0.0,0.0,364,VCT,3,1.0,1.0,0
2021,St. Vincent and the Grenadines,1,0,1,1,1.0,,1.0,1.0,0.0,,0.0,,0.0,0.0,1.0,,,,,,364,VCT,3,1.0,1.0,0
2022,St. Vincent and the Grenadines,1,0,1,1,1.0,,1.0,1.0,0.0,,0.0,0.0,0.0,0.0,1.0,,0.0,,0.0,0.0,364,VCT,3,1.0,1.0,0
2023,St. Vincent and the Grenadines,1,0,1,1,1.0,,1.0,1.0,0.0,,0.0,0.0,0.0,0.0,1.0,,,,,,364,VCT,3,1.0,1.0,0
2024,St. Vincent and the Grenadines,1,0,1,1,1.0,,1.0,1.0,0.0,,0.0,0.0,0.0,0.0,1.0,,0.0,,0.0,0.0,364,VCT,3,1.0,1.0,0
1990,Suriname ,0,0,0,0,,,,,,,,,,,,,,,,,366,SUR,0,,,0
1991,Suriname ,0,0,0,0,,,,,,,,,,,,,,,,,366,SUR,0,,,0
1992,Suriname ,0,0,0,0,,,,,,,,,,,,,,,,,366,SUR,0,,,0
1993,Suriname ,0,0,0,0,,,,,,,,,,,,,,,,,366,SUR,0,,,0
1994,Suriname ,0,0,0,0,,,,,,,,,,,,,,,,,366,SUR,0,,,0
1995,Suriname ,0,0,0,0,,,,,,,,,,,,,,,,,366,SUR,0,,,0
1996,Suriname ,0,0,0,0,,,,,,,,,,,,,,,,,366,SUR,0,,,0
1997,Suriname ,0,0,0,0,,,,,,,,,,,,,,,,,366,SUR,0,,,0
1998,Suriname ,0,0,0,0,,,,,,,,,,,,,,,,,366,SUR,0,,,0
1999,Suriname ,0,0,0,0,,,,,,,,,,,,,,,,,366,SUR,0,,,0
2000,Suriname ,0,0,0,0,,,,,,,,,,,,,,,,,366,SUR,0,,,0
2001,Suriname ,0,0,0,0,,,,,,,,,,,,,,,,,366,SUR,0,,,0
2002,Suriname ,0,0,0,0,,,,,,,,,,,,,,,,,366,SUR,0,,,0
2003,Suriname ,0,0,0,0,,,,,,,,,,,,,,,,,366,SUR,0,,,0
2004,Suriname ,0,0,0,0,,,,,,,,,,,,,,,,,366,SUR,0,,,0
2005,Suriname ,0,0,0,0,,,,,,,,,,,,,,,,,366,SUR,0,,,0
2006,Suriname ,0,0,0,0,,,,,,,,,,,,,,,,,366,SUR,0,,,0
2007,Suriname ,0,0,0,0,,,,,,,,,,,,,,,,,366,SUR,0,,,0
2008,Suriname ,0,0,0,0,,,,,,,,,,,,,,,,,366,SUR,0,,,0
2009,Suriname ,0,0,0,0,,,,,,,,,,,,,,,,,366,SUR,0,,,0
2010,Suriname ,0,0,0,0,,,,,,,,,,,,,,,,,366,SUR,0,,,0
2011,Suriname ,0,0,0,0,,,,,,,,,,,,,,,,,366,SUR,0,,,0
2012,Suriname ,0,0,0,0,,,,,,,,,,,,,,,,,366,SUR,0,,,0
2013,Suriname ,0,0,0,0,,,,,,,,,,,,,,,,,366,SUR,0,,,0
2014,Suriname ,0,0,0,0,,,,,,,,,,,,,,,,,366,SUR,0,,,0
2015,Suriname ,0,0,0,0,,,,,,,,,,,,,,,,,366,SUR,0,,,0
2016,Suriname ,0,0,0,0,,,,,,,,,,,,,,,,,366,SUR,0,,,0
2017,Suriname ,0,0,0,0,,,,,,,,,,,,,,,,,366,SUR,0,,,0
2018,Suriname ,0,0,0,0,,,,,,,,,,,,,,,,,366,SUR,0,,,0
2019,Suriname ,0,0,0,0,,,,,,,,,,,,,,,,,366,SUR,0,,,0
2020,Suriname ,0,0,0,0,,,,,,,,,,,,,,,,,366,SUR,0,,,0
2021,Suriname ,0,0,0,0,,,,,,,,,,,,,,,,,366,SUR,0,,,0
2022,Suriname ,0,0,0,0,,,,,,,,,,,,,,,,,366,SUR,0,,,0
2023,Suriname ,0,0,0,0,,,,,,,,,,,,,,,,,366,SUR,0,,,0
2024,Suriname ,0,0,0,1,,,,3.0,,,,0.0,,,2.0,,,,,,366,SUR,1,3.0,3.0,0
1990,Sweden,0,0,0,0,,,,,,,,,,,,,,,,,144,SWE,0,,,0
1991,Sweden,0,0,0,0,,,,,,,,,,,,,,,,,144,SWE,0,,,0
1992,Sweden,0,0,0,0,,,,,,,,,,,,,,,,,144,SWE,0,,,0
1993,Sweden,0,0,0,0,,,,,,,,,,,,,,,,,144,SWE,0,,,0
1994,Sweden,0,0,0,0,,,,,,,,,,,,,,,,,144,SWE,0,,,0
1995,Sweden,0,0,1,1,,,,,,,,,,,,,,,,,144,SWE,2,,,0
1996,Sweden,0,0,1,1,,,,,,,,,,,,,,,,,144,SWE,2,,,0
1997,Sweden,1,0,1,1,2.0,,,,0.0,,,,0.0,0.0,,,,,,,144,SWE,3,2.0,2.0,0
1998,Sweden,1,0,1,1,2.0,,,,0.0,,,,0.0,0.0,,,,,,,144,SWE,3,2.0,2.0,0
1999,Sweden,1,0,1,1,2.0,,,,0.0,,,,0.0,0.0,,,,,,,144,SWE,3,2.0,2.0,0
2000,Sweden,1,0,1,1,2.0,,2.0,,0.0,,0.0,,0.0,0.0,,,,,,,144,SWE,3,2.0,2.0,0
2001,Sweden,1,0,1,1,2.0,,2.0,,0.0,,0.0,,0.0,0.0,,,,,,,144,SWE,3,2.0,2.0,0
2002,Sweden,1,0,1,1,2.0,,2.0,,0.0,,0.0,,0.0,0.0,,,,,,,144,SWE,3,2.0,2.0,0
2003,Sweden,1,0,1,1,2.0,,2.0,,0.0,,0.0,,0.0,0.0,,,,,,,144,SWE,3,2.0,2.0,0
2004,Sweden,1,0,1,1,2.0,,2.0,,0.0,,0.0,,0.0,0.0,,,,,,,144,SWE,3,2.0,2.0,0
2005,Sweden,1,0,1,1,2.0,,2.0,,0.0,,0.0,,0.0,0.0,1.0,,,,,,144,SWE,3,2.0,2.0,0
2006,Sweden,1,0,1,1,2.0,,2.0,,0.0,,0.0,,0.0,0.0,1.0,,,,,,144,SWE,3,2.0,2.0,0
2007,Sweden,1,0,1,1,2.0,,2.0,,0.0,,0.0,,0.0,1.0,1.0,,,,,,144,SWE,3,2.0,2.0,0
2008,Sweden,1,0,1,1,2.0,,2.0,,0.0,,0.0,,0.0,1.0,1.0,,,,,,144,SWE,3,2.0,2.0,0
2009,Sweden,1,0,1,1,2.0,,2.0,,0.0,,0.0,,0.0,1.0,1.0,,,,,,144,SWE,3,2.0,2.0,0
2010,Sweden,1,0,1,1,3.0,,3.0,,0.0,,0.0,,0.0,1.0,1.0,,,,,,144,SWE,3,3.0,3.0,0
2011,Sweden,1,0,1,1,3.0,,3.0,,0.0,,0.0,,0.0,1.0,1.0,,,,,,144,SWE,3,3.0,3.0,0
2012,Sweden,1,0,1,1,3.0,,3.0,,0.0,,0.0,,0.0,1.0,1.0,,,,,,144,SWE,3,3.0,3.0,0
2013,Sweden,1,0,1,1,3.0,,3.0,,0.0,,0.0,,0.0,1.0,1.0,,,,,,144,SWE,3,3.0,3.0,0
2014,Sweden,1,0,1,1,3.0,,3.0,,0.0,,0.0,,0.0,1.0,1.0,,,,,,144,SWE,3,3.0,3.0,0
2015,Sweden,1,0,1,1,3.0,,3.0,,0.0,,0.0,,0.0,1.0,1.0,,,,,,144,SWE,3,3.0,3.0,0
2016,Sweden,1,0,1,1,3.0,,3.0,,0.0,,0.0,,0.0,1.0,1.0,,,,,,144,SWE,3,3.0,3.0,0
2017,Sweden,1,0,1,1,3.0,,3.0,,0.0,,0.0,,0.0,1.0,1.0,,,,,,144,SWE,3,3.0,3.0,0
2018,Sweden,1,0,1,1,3.0,,3.0,,0.0,,0.0,,0.0,1.0,1.0,,,,,,144,SWE,3,3.0,3.0,0
2019,Sweden,1,0,1,1,3.0,,3.0,3.0,0.0,,0.0,0.0,0.0,1.0,1.0,,,,,,144,SWE,3,3.0,3.0,0
2020,Sweden,1,0,1,1,3.0,,3.0,3.0,0.0,,0.0,0.0,0.0,1.0,1.0,,,,,,144,SWE,3,3.0,3.0,0
2021,Sweden,1,0,1,1,3.0,,3.0,3.0,0.0,,0.0,0.0,0.0,1.0,1.0,,,,,,144,SWE,3,3.0,3.0,0
2022,Sweden,1,0,1,1,3.0,,3.0,3.0,0.0,,0.0,0.0,0.0,1.0,1.0,,,,,,144,SWE,3,3.0,3.0,0
2023,Sweden,1,0,1,1,3.0,,3.0,3.0,0.0,,0.0,0.0,0.0,1.0,1.0,,,,,,144,SWE,3,3.0,3.0,0
2024,Sweden,1,0,1,1,3.0,,3.0,3.0,0.0,,0.0,0.0,0.0,1.0,1.0,,,,,,144,SWE,3,3.0,3.0,0
1990,Switzerland,0,0,0,0,,,,,,,,,,,,,,,,,146,CHE,0,,,0
1991,Switzerland,0,0,0,0,,,,,,,,,,,,,,,,,146,CHE,0,,,0
1992,Switzerland,0,0,0,0,,,,,,,,,,,,,,,,,146,CHE,0,,,0
1993,Switzerland,0,0,0,0,,,,,,,,,,,,,,,,,146,CHE,0,,,0
1994,Switzerland,0,0,0,0,,,,,,,,,,,,,,,,,146,CHE,0,,,0
1995,Switzerland,0,0,0,0,,,,,,,,,,,,,,,,,146,CHE,0,,,0
1996,Switzerland,0,0,0,0,,,,,,,,,,,,,,,,,146,CHE,0,,,0
1997,Switzerland,0,0,0,0,,,,,,,,,,,,,,,,,146,CHE,0,,,0
1998,Switzerland,0,0,0,0,,,,,,,,,,,,,,,,,146,CHE,0,,,0
1999,Switzerland,0,0,0,0,,,,,,,,,,,,,,,,,146,CHE,0,,,0
2000,Switzerland,0,0,0,0,,,,,,,,,,,,,,,,,146,CHE,0,,,0
2001,Switzerland,0,0,0,0,,,,,,,,,,,,,,,,,146,CHE,0,,,0
2002,Switzerland,0,0,0,0,,,,,,,,,,,,,,,,,146,CHE,0,,,0
2003,Switzerland,0,0,1,0,,,5.0,,,,1.0,,0.0,0.0,1.0,,,,1.0,,146,CHE,1,5.0,5.0,1
2004,Switzerland,0,0,1,0,,,5.0,,,,1.0,,0.0,0.0,1.0,,,,1.0,,146,CHE,1,5.0,5.0,1
2005,Switzerland,0,0,1,0,,,5.0,,,,1.0,,0.0,0.0,1.0,,,,1.0,,146,CHE,1,5.0,5.0,1
2006,Switzerland,0,0,1,0,,,5.0,,,,1.0,,0.0,0.0,1.0,,,,1.0,,146,CHE,1,5.0,5.0,1
2007,Switzerland,0,0,1,0,,,5.0,,,,1.0,,0.0,0.0,1.0,,,,1.0,,146,CHE,1,5.0,5.0,1
2008,Switzerland,0,0,1,0,,,5.0,,,,1.0,,0.0,0.0,1.0,,,,1.0,,146,CHE,1,5.0,5.0,1
2009,Switzerland,0,0,1,0,,,5.0,,,,1.0,,0.0,0.0,1.0,,,,1.0,,146,CHE,1,5.0,5.0,1
2010,Switzerland,0,0,1,0,,,5.0,,,,1.0,,0.0,0.0,1.0,,,,1.0,,146,CHE,1,5.0,5.0,1
2011,Switzerland,0,0,1,0,,,5.0,,,,1.0,,0.0,0.0,1.0,,,,1.0,,146,CHE,1,5.0,5.0,1
2012,Switzerland,0,0,1,0,,,5.0,,,,1.0,,0.0,0.0,1.0,,,,1.0,,146,CHE,1,5.0,5.0,1
2013,Switzerland,0,0,1,0,,,5.0,,,,1.0,,0.0,0.0,1.0,,,,1.0,,146,CHE,1,5.0,5.0,1
2014,Switzerland,0,0,1,0,,,5.0,,,,1.0,,0.0,0.0,1.0,,,,1.0,,146,CHE,1,5.0,5.0,1
2015,Switzerland,0,0,1,0,,,5.0,,,,1.0,,0.0,0.0,1.0,,,,1.0,,146,CHE,1,5.0,5.0,1
2016,Switzerland,0,0,1,0,,,5.0,,,,1.0,,0.0,0.0,1.0,,,,1.0,,146,CHE,1,5.0,5.0,1
2017,Switzerland,0,0,1,0,,,5.0,,,,1.0,,0.0,0.0,1.0,,,,1.0,,146,CHE,1,5.0,5.0,1
2018,Switzerland,0,0,1,0,,,5.0,,,,1.0,,0.0,0.0,1.0,,,,1.0,,146,CHE,1,5.0,5.0,1
2019,Switzerland,0,0,1,0,,,5.0,,,,1.0,,0.0,0.0,1.0,,,,1.0,,146,CHE,1,5.0,5.0,1
2020,Switzerland,0,0,1,0,,,5.0,,,,1.0,,0.0,0.0,1.0,,,,1.0,,146,CHE,1,5.0,5.0,1
2021,Switzerland,0,0,1,0,,,5.0,,,,1.0,,0.0,0.0,1.0,,,,1.0,,146,CHE,1,5.0,5.0,1
2022,Switzerland,0,0,1,0,,,5.0,,,,1.0,,0.0,0.0,1.0,,,,1.0,,146,CHE,1,5.0,5.0,1
2023,Switzerland,0,0,1,0,,,5.0,,,,1.0,,0.0,0.0,1.0,,,,1.0,,146,CHE,1,5.0,5.0,1
2024,Switzerland,0,0,1,0,,,5.0,,,,1.0,,0.0,0.0,1.0,,,,1.0,,146,CHE,1,5.0,5.0,1
1990,Tanzania,0,0,0,0,,,,,,,,,,,,,,,,,738,TZA,0,,,0
1991,Tanzania,0,0,0,0,,,,,,,,,,,,,,,,,738,TZA,0,,,0
1992,Tanzania,0,0,0,0,,,,,,,,,,,,,,,,,738,TZA,0,,,0
1993,Tanzania,0,0,0,0,,,,,,,,,,,,,,,,,738,TZA,0,,,0
1994,Tanzania,0,0,0,0,,,,,,,,,,,,,,,,,738,TZA,0,,,0
1995,Tanzania,0,0,0,0,,,,,,,,,,,,,,,,,738,TZA,0,,,0
1996,Tanzania,0,0,0,0,,,,,,,,,,,,,,,,,738,TZA,0,,,0
1997,Tanzania,0,0,0,0,,,,,,,,,,,,,,,,,738,TZA,0,,,0
1998,Tanzania,0,0,0,0,,,,,,,,,,,,,,,,,738,TZA,0,,,0
1999,Tanzania,0,0,0,0,,,,,,,,,,,,,,,,,738,TZA,0,,,0
2000,Tanzania,0,0,0,0,,,,,,,,,,,,,,,,,738,TZA,0,,,0
2001,Tanzania,0,0,0,0,,,,,,,,,,,,,,,,,738,TZA,0,,,0
2002,Tanzania,0,0,0,0,,,,,,,,,,,,,,,,,738,TZA,0,,,0
2003,Tanzania,0,0,0,0,,,,,,,,,,,,,,,,,738,TZA,0,,,0
2004,Tanzania,0,0,0,0,,,,,,,,,,,,,,,,,738,TZA,0,,,0
2005,Tanzania,0,0,0,0,,,,,,,,,,,,,,,,,738,TZA,0,,,0
2006,Tanzania,0,0,0,0,,,,,,,,,,,,,,,,,738,TZA,0,,,0
2007,Tanzania,0,0,0,0,,,,,,,,,,,,,,,,,738,TZA,0,,,0
2008,Tanzania,0,0,0,0,,,,,,,,,,,,,,,,,738,TZA,0,,,0
2009,Tanzania,0,0,0,0,,,,,,,,,,,,,,,,,738,TZA,0,,,0
2010,Tanzania,0,0,0,0,,,,,,,,,,,,,,,,,738,TZA,0,,,0
2011,Tanzania,0,0,0,0,,,,,,,,,,,,,,,,,738,TZA,0,,,0
2012,Tanzania,0,0,0,0,,,,,,,,,,,,,,,,,738,TZA,0,,,0
2013,Tanzania,0,0,1,1,,,,,,,,,,,,,,,,,738,TZA,2,,,0
2014,Tanzania,0,0,1,1,,,,,,,,,,,,,,,,,738,TZA,2,,,0
2015,Tanzania,1,0,1,1,3.0,,3.0,,0.0,,0.0,,0.0,1.0,0.0,,,,,,738,TZA,3,3.0,3.0,0
2016,Tanzania,1,0,1,1,3.0,,3.0,,0.0,,0.0,,0.0,1.0,0.0,,,,,,738,TZA,3,3.0,3.0,0
2017,Tanzania,1,0,1,1,3.0,,3.0,,0.0,,0.0,,0.0,1.0,0.0,,,,,,738,TZA,3,3.0,3.0,0
2018,Tanzania,1,0,1,1,3.0,,3.0,,0.0,,0.0,,0.0,1.0,0.0,,,,,,738,TZA,3,3.0,3.0,0
2019,Tanzania,1,0,1,1,3.0,,3.0,,0.0,,0.0,,0.0,1.0,0.0,,,,,,738,TZA,3,3.0,3.0,0
2020,Tanzania,1,0,1,1,3.0,,3.0,,0.0,,0.0,,0.0,1.0,0.0,,,,,,738,TZA,3,3.0,3.0,0
2021,Tanzania,1,0,1,1,3.0,,3.0,,0.0,,0.0,,0.0,1.0,0.0,,,,,,738,TZA,3,3.0,3.0,0
2022,Tanzania,1,0,1,1,3.0,,3.0,,0.0,,0.0,,0.0,1.0,0.0,,,,,,738,TZA,3,3.0,3.0,0
2023,Tanzania,1,0,1,1,3.0,,3.0,,0.0,,0.0,,0.0,1.0,0.0,,,,,,738,TZA,3,3.0,3.0,0
2024,Tanzania,1,0,1,1,3.0,,3.0,,0.0,,0.0,,0.0,1.0,0.0,,,,,,738,TZA,3,3.0,3.0,0
1990,Thailand,0,0,0,0,,,,,,,,,,,,,,,,,578,THA,0,,,0
1991,Thailand,0,0,0,0,,,,,,,,,,,,,,,,,578,THA,0,,,0
1992,Thailand,0,0,0,0,,,,,,,,,,,,,,,,,578,THA,0,,,0
1993,Thailand,0,0,0,0,,,,,,,,,,,,,,,,,578,THA,0,,,0
1994,Thailand,0,0,0,0,,,,,,,,,,,,,,,,,578,THA,0,,,0
1995,Thailand,0,0,0,0,,,,,,,,,,,,,,,,,578,THA,0,,,0
1996,Thailand,0,0,0,0,,,,,,,,,,,,,,,,,578,THA,0,,,0
1997,Thailand,0,0,0,0,,,,,,,,,,,,,,,,,578,THA,0,,,0
1998,Thailand,0,0,0,0,,,,,,,,,,,,,,,,,578,THA,0,,,0
1999,Thailand,0,0,0,0,,,,,,,,,,,,,,,,,578,THA,0,,,0
2000,Thailand,0,0,0,0,,,,,,,,,,,,,,,,,578,THA,0,,,0
2001,Thailand,0,0,0,0,,,,,,,,,,,,,,,,,578,THA,0,,,0
2002,Thailand,0,0,0,0,,,,,,,,,,,,,,,,,578,THA,0,,,0
2003,Thailand,0,0,0,0,,,,,,,,,,,,,,,,,578,THA,0,,,0
2004,Thailand,0,0,0,0,,,,,,,,,,,,,,,,,578,THA,0,,,0
2005,Thailand,0,0,0,0,,,,,,,,,,,,,,,,,578,THA,0,,,0
2006,Thailand,0,0,0,0,,,,,,,,,,,,,,,,,578,THA,0,,,0
2007,Thailand,0,0,0,0,,,,,,,,,,,,,,,,,578,THA,0,,,0
2008,Thailand,0,0,0,0,,,,,,,,,,,,,,,,,578,THA,0,,,0
2009,Thailand,0,0,0,0,,,,,,,,,,,,,,,,,578,THA,0,,,0
2010,Thailand,0,0,0,0,,,,,,,,,,,,,,,,,578,THA,0,,,0
2011,Thailand,0,0,0,0,,,,,,,,,,,,,,,,,578,THA,0,,,0
2012,Thailand,0,0,0,0,,,,,,,,,,,,,,,,,578,THA,0,,,0
2013,Thailand,0,0,0,0,,,,,,,,,,,,,,,,,578,THA,0,,,0
2014,Thailand,0,0,0,0,,,,,,,,,,,,,,,,,578,THA,0,,,0
2015,Thailand,0,0,0,0,,,,,,,,,,,,,,,,,578,THA,0,,,0
2016,Thailand,0,0,0,0,,,,,,,,,,,,,,,,,578,THA,0,,,0
2017,Thailand,0,0,0,0,,,,,,,,,,,,,,,,,578,THA,0,,,0
2018,Thailand,1,0,0,1,3.0,,,3.0,0.0,,,0.0,0.0,0.0,,,1.0,,,1.0,578,THA,2,3.0,3.0,0
2019,Thailand,1,0,0,1,3.0,,,3.0,0.0,,,0.0,0.0,0.0,,,1.0,,,1.0,578,THA,2,3.0,3.0,0
2020,Thailand,1,0,0,1,3.0,,,3.0,0.0,,,0.0,0.0,0.0,0.0,,1.0,,,1.0,578,THA,2,3.0,3.0,0
2021,Thailand,1,0,0,1,3.0,,,3.0,0.0,,,0.0,0.0,0.0,0.0,,1.0,,,1.0,578,THA,2,3.0,3.0,0
2022,Thailand,1,0,0,1,3.0,,,3.0,0.0,,,0.0,0.0,0.0,0.0,,1.0,,,1.0,578,THA,2,3.0,3.0,0
2023,Thailand,1,0,0,1,3.0,,,3.0,0.0,,,0.0,0.0,0.0,0.0,,1.0,,,1.0,578,THA,2,3.0,3.0,0
2024,Thailand,1,0,0,1,3.0,,,3.0,0.0,,,0.0,0.0,0.0,0.0,,1.0,,,1.0,578,THA,2,3.0,3.0,0
1990,Timor-Leste,0,0,0,0,,,,,,,,,,,,,,,,,537,TLS,0,,,0
1991,Timor-Leste,0,0,0,0,,,,,,,,,,,,,,,,,537,TLS,0,,,0
1992,Timor-Leste,0,0,0,0,,,,,,,,,,,,,,,,,537,TLS,0,,,0
1993,Timor-Leste,0,0,0,0,,,,,,,,,,,,,,,,,537,TLS,0,,,0
1994,Timor-Leste,0,0,0,0,,,,,,,,,,,,,,,,,537,TLS,0,,,0
1995,Timor-Leste,0,0,0,0,,,,,,,,,,,,,,,,,537,TLS,0,,,0
1996,Timor-Leste,0,0,0,0,,,,,,,,,,,,,,,,,537,TLS,0,,,0
1997,Timor-Leste,0,0,0,0,,,,,,,,,,,,,,,,,537,TLS,0,,,0
1998,Timor-Leste,0,0,0,0,,,,,,,,,,,,,,,,,537,TLS,0,,,0
1999,Timor-Leste,0,0,0,0,,,,,,,,,,,,,,,,,537,TLS,0,,,0
2000,Timor-Leste,0,0,0,0,,,,,,,,,,,,,,,,,537,TLS,0,,,0
2001,Timor-Leste,0,0,0,0,,,,,,,,,,,,,,,,,537,TLS,0,,,0
2002,Timor-Leste,0,0,0,0,,,,,,,,,,,,,,,,,537,TLS,0,,,0
2003,Timor-Leste,0,0,0,0,,,,,,,,,,,,,,,,,537,TLS,0,,,0
2004,Timor-Leste,0,0,0,0,,,,,,,,,,,,,,,,,537,TLS,0,,,0
2005,Timor-Leste,0,1,0,1,,3.0,,3.0,,1.0,,1.0,,,,,,,,,537,TLS,2,3.0,3.0,1
2006,Timor-Leste,0,1,0,1,,3.0,,3.0,,1.0,,1.0,,,,,,,,,537,TLS,2,3.0,3.0,1
2007,Timor-Leste,0,1,0,1,,3.0,,3.0,,1.0,,1.0,,,,,,,,,537,TLS,2,3.0,3.0,1
2008,Timor-Leste,0,1,0,1,,3.0,,3.0,,1.0,,1.0,,,,,,,,,537,TLS,2,3.0,3.0,1
2009,Timor-Leste,0,1,0,1,,3.0,,3.0,,1.0,,1.0,,,,,,,,,537,TLS,2,3.0,3.0,1
2010,Timor-Leste,0,1,0,1,,3.0,,3.0,,1.0,,1.0,,,,,,,,,537,TLS,2,3.0,3.0,1
2011,Timor-Leste,0,1,0,1,,3.0,,3.0,,1.0,,1.0,,,,,,,,,537,TLS,2,3.0,3.0,1
2012,Timor-Leste,0,1,0,1,,3.0,,3.0,,1.0,,1.0,,,,,,,,,537,TLS,2,3.0,3.0,1
2013,Timor-Leste,0,1,0,1,,3.0,,3.0,,1.0,,1.0,,,,,,,,,537,TLS,2,3.0,3.0,1
2014,Timor-Leste,0,1,0,1,,3.0,,3.0,,1.0,,1.0,,,,,,,,,537,TLS,2,3.0,3.0,1
2015,Timor-Leste,0,1,0,1,,3.0,,3.0,,1.0,,1.0,,,,,,,,,537,TLS,2,3.0,3.0,1
2016,Timor-Leste,0,1,0,1,,3.0,,3.0,,1.0,,1.0,,,,,,,,,537,TLS,2,3.0,3.0,1
2017,Timor-Leste,0,1,0,1,,3.0,,3.0,,1.0,,1.0,,,,,,,,,537,TLS,2,3.0,3.0,1
2018,Timor-Leste,0,1,0,1,,3.0,,3.0,,1.0,,1.0,,,,,,,,,537,TLS,2,3.0,3.0,1
2019,Timor-Leste,0,1,0,1,,3.0,,3.0,,1.0,,1.0,,,,,,,,,537,TLS,2,3.0,3.0,1
2020,Timor-Leste,0,1,0,1,,3.0,,3.0,,1.0,,1.0,,,,,,,,,537,TLS,2,3.0,3.0,1
2021,Timor-Leste,0,1,0,1,,3.0,,3.0,,1.0,,1.0,,,,,,,,,537,TLS,2,3.0,3.0,1
2022,Timor-Leste,0,1,0,1,,3.0,,3.0,,1.0,,1.0,,,,,,,,,537,TLS,2,3.0,3.0,1
2023,Timor-Leste,0,1,0,1,,3.0,,3.0,,1.0,,1.0,,,,,,,,,537,TLS,2,3.0,3.0,1
2024,Timor-Leste,0,1,0,1,,3.0,,3.0,,1.0,,1.0,,,,,,,,,537,TLS,2,3.0,3.0,1
1990,Togo,0,0,0,0,,,,,,,,,,,,,,,,,742,TGO,0,,,0
1991,Togo,0,0,0,0,,,,,,,,,,,,,,,,,742,TGO,0,,,0
1992,Togo,0,0,0,0,,,,,,,,,,,,,,,,,742,TGO,0,,,0
1993,Togo,0,0,0,0,,,,,,,,,,,,,,,,,742,TGO,0,,,0
1994,Togo,0,0,0,0,,,,,,,,,,,,,,,,,742,TGO,0,,,0
1995,Togo,0,0,0,0,,,,,,,,,,,,,,,,,742,TGO,0,,,0
1996,Togo,0,0,0,0,,,,,,,,,,,,,,,,,742,TGO,0,,,0
1997,Togo,0,0,0,0,,,,,,,,,,,,,,,,,742,TGO,0,,,0
1998,Togo,0,0,0,0,,,,,,,,,,,,,,,,,742,TGO,0,,,0
1999,Togo,0,0,0,0,,,,,,,,,,,,,,,,,742,TGO,0,,,0
2000,Togo,0,1,1,1,,,,,,,,,,,,,,,,,742,TGO,3,,,0
2001,Togo,0,1,1,1,,,,,,,,,,,,,,,,,742,TGO,3,,,0
2002,Togo,0,1,1,1,,,,,,,,,,,,,,,,,742,TGO,3,,,0
2003,Togo,0,1,1,1,,,,,,,,,,,,,,,,,742,TGO,3,,,0
2004,Togo,0,1,1,1,,,,,,,,,,,,,,,,,742,TGO,3,,,0
2005,Togo,0,1,1,1,,,,,,,,,,,,,,,,,742,TGO,3,,,0
2006,Togo,0,1,1,1,,,,,,,,,,,,,,,,,742,TGO,3,,,0
2007,Togo,0,1,1,1,,,,,,,,,,,,,,,,,742,TGO,3,,,0
2008,Togo,0,1,1,1,,,,,,,,,,,,,,,,,742,TGO,3,,,0
2009,Togo,0,1,1,1,,,,,,,,,,,,,,,,,742,TGO,3,,,0
2010,Togo,0,1,1,1,,,,,,,,,,,,,,,,,742,TGO,3,,,0
2011,Togo,0,1,1,1,,,,,,,,,,,,,,,,,742,TGO,3,,,0
2012,Togo,0,1,1,1,,,,,,,,,,,,,,,,,742,TGO,3,,,0
2013,Togo,0,1,1,1,,,,,,,,,,,,,,,,,742,TGO,3,,,0
2014,Togo,0,1,1,1,,,,,,,,,,,,,,,,,742,TGO,3,,,0
2015,Togo,0,1,1,1,,,,,,,,,,,,,,,,,742,TGO,3,,,0
2016,Togo,0,1,1,1,,,,,,,,,,,,,,,,,742,TGO,3,,,0
2017,Togo,0,1,1,1,,,,,,,,,,,,,,,,,742,TGO,3,,,0
2018,Togo,0,1,1,1,,,,,,,,,,,,,,,,,742,TGO,3,,,0
2019,Togo,0,1,1,1,,,,,,,,,,,,,,,,,742,TGO,3,,,0
2020,Togo,0,1,1,1,,,,,,,,,,,0.0,,,,,,742,TGO,3,,,0
2021,Togo,0,1,1,1,,,,,,,,,,,0.0,,,,,,742,TGO,3,,,0
2022,Togo,0,1,1,1,,,,,,,,,,,0.0,,,,,,742,TGO,3,,,0
2023,Togo,0,1,1,1,,,,,,,,,,,0.0,,,,,,742,TGO,3,,,0
2024,Togo,0,1,1,1,,,,,,,,,,,0.0,,,,,,742,TGO,3,,,0
1990,Tonga,0,0,0,0,,,,,,,,,,,,,,,,,866,TON,0,,,0
1991,Tonga,0,0,0,0,,,,,,,,,,,,,,,,,866,TON,0,,,0
1992,Tonga,0,0,0,0,,,,,,,,,,,,,,,,,866,TON,0,,,0
1993,Tonga,0,0,0,0,,,,,,,,,,,,,,,,,866,TON,0,,,0
1994,Tonga,0,0,0,0,,,,,,,,,,,,,,,,,866,TON,0,,,0
1995,Tonga,0,0,0,0,,,,,,,,,,,,,,,,,866,TON,0,,,0
1996,Tonga,0,0,0,0,,,,,,,,,,,,,,,,,866,TON,0,,,0
1997,Tonga,0,0,0,0,,,,,,,,,,,,,,,,,866,TON,0,,,0
1998,Tonga,0,0,0,0,,,,,,,,,,,,,,,,,866,TON,0,,,0
1999,Tonga,0,0,0,0,,,,,,,,,,,,,,,,,866,TON,0,,,0
2000,Tonga,0,0,0,0,,,,,,,,,,,,,,,,,866,TON,0,,,0
2001,Tonga,0,0,0,0,,,,,,,,,,,,,,,,,866,TON,0,,,0
2002,Tonga,0,0,0,0,,,,,,,,,,,,,,,,,866,TON,0,,,0
2003,Tonga,0,0,0,0,,,,,,,,,,,,,,,,,866,TON,0,,,0
2004,Tonga,0,0,0,0,,,,,,,,,,,,,,,,,866,TON,0,,,0
2005,Tonga,0,0,0,0,,,,,,,,,,,,,,,,,866,TON,0,,,0
2006,Tonga,0,0,0,0,,,,,,,,,,,,,,,,,866,TON,0,,,0
2007,Tonga,0,0,0,0,,,,,,,,,,,,,,,,,866,TON,0,,,0
2008,Tonga,0,0,0,0,,,,,,,,,,,,,,,,,866,TON,0,,,0
2009,Tonga,0,0,0,0,,,,,,,,,,,,,,,,,866,TON,0,,,0
2010,Tonga,0,0,0,0,,,,,,,,,,,,,,,,,866,TON,0,,,0
2011,Tonga,0,0,0,0,,,,,,,,,,,,,,,,,866,TON,0,,,0
2012,Tonga,0,0,0,0,,,,,,,,,,,,,,,,,866,TON,0,,,0
2013,Tonga,0,0,0,0,,,,,,,,,,,,,,,,,866,TON,0,,,0
2014,Tonga,0,0,0,0,,,,,,,,,,,,,,,,,866,TON,0,,,0
2015,Tonga,0,0,0,0,,,,,,,,,,,,,,,,,866,TON,0,,,0
2016,Tonga,0,0,0,0,,,,,,,,,,,,,,,,,866,TON,0,,,0
2017,Tonga,0,0,0,0,,,,,,,,,,,,,,,,,866,TON,0,,,0
2018,Tonga,1,1,0,1,1.0,1.0,,1.0,,,,,0.0,0.0,0.0,,1.0,1.0,,1.0,866,TON,3,1.0,1.0,0
2019,Tonga,1,1,0,1,1.0,1.0,,1.0,,,,,0.0,0.0,0.0,,1.0,1.0,,1.0,866,TON,3,1.0,1.0,0
2020,Tonga,1,1,0,1,1.0,1.0,,1.0,,,,,0.0,0.0,0.0,,1.0,1.0,,1.0,866,TON,3,1.0,1.0,0
2021,Tonga,1,1,0,1,1.0,1.0,,1.0,,,,,0.0,0.0,0.0,,2.0,1.0,,1.0,866,TON,3,1.0,1.0,0
2022,Tonga,1,1,0,1,1.0,1.0,,1.0,,,,,0.0,0.0,0.0,,2.0,1.0,,1.0,866,TON,3,1.0,1.0,0
2023,Tonga,1,1,0,1,1.0,1.0,,1.0,,,,,0.0,0.0,0.0,,1.0,1.0,,1.0,866,TON,3,1.0,1.0,0
2024,Tonga,1,1,0,1,1.0,1.0,,1.0,,,,,0.0,0.0,0.0,,1.0,1.0,,1.0,866,TON,3,1.0,1.0,0
1990,Turkmenistan,0,0,0,0,,,,,,,,,,,,,,,,,925,TKM,0,,,0
1991,Turkmenistan,0,0,0,0,,,,,,,,,,,,,,,,,925,TKM,0,,,0
1992,Turkmenistan,0,0,0,0,,,,,,,,,,,,,,,,,925,TKM,0,,,0
1993,Turkmenistan,0,0,0,0,,,,,,,,,,,,,,,,,925,TKM,0,,,0
1994,Turkmenistan,0,0,0,0,,,,,,,,,,,,,,,,,925,TKM,0,,,0
1995,Turkmenistan,0,0,0,0,,,,,,,,,,,,,,,,,925,TKM,0,,,0
1996,Turkmenistan,0,0,0,0,,,,,,,,,,,,,,,,,925,TKM,0,,,0
1997,Turkmenistan,0,0,0,0,,,,,,,,,,,,,,,,,925,TKM,0,,,0
1998,Turkmenistan,0,0,0,0,,,,,,,,,,,,,,,,,925,TKM,0,,,0
1999,Turkmenistan,0,0,0,0,,,,,,,,,,,,,,,,,925,TKM,0,,,0
2000,Turkmenistan,0,0,0,0,,,,,,,,,,,,,,,,,925,TKM,0,,,0
2001,Turkmenistan,0,0,0,0,,,,,,,,,,,,,,,,,925,TKM,0,,,0
2002,Turkmenistan,0,0,0,0,,,,,,,,,,,,,,,,,925,TKM,0,,,0
2003,Turkmenistan,0,0,0,0,,,,,,,,,,,,,,,,,925,TKM,0,,,0
2004,Turkmenistan,0,0,0,0,,,,,,,,,,,,,,,,,925,TKM,0,,,0
2005,Turkmenistan,0,0,0,0,,,,,,,,,,,,,,,,,925,TKM,0,,,0
2006,Turkmenistan,0,0,0,0,,,,,,,,,,,,,,,,,925,TKM,0,,,0
2007,Turkmenistan,0,0,0,0,,,,,,,,,,,,,,,,,925,TKM,0,,,0
2008,Turkmenistan,0,0,0,0,,,,,,,,,,,,,,,,,925,TKM,0,,,0
2009,Turkmenistan,0,0,0,0,,,,,,,,,,,,,,,,,925,TKM,0,,,0
2010,Turkmenistan,0,0,0,0,,,,,,,,,,,,,,,,,925,TKM,0,,,0
2011,Turkmenistan,0,0,0,0,,,,,,,,,,,,,,,,,925,TKM,0,,,0
2012,Turkmenistan,0,0,0,0,,,,,,,,,,,,,,,,,925,TKM,0,,,0
2013,Turkmenistan,0,0,0,0,,,,,,,,,,,,,,,,,925,TKM,0,,,0
2014,Turkmenistan,0,0,0,0,,,,,,,,,,,,,,,,,925,TKM,0,,,0
2015,Turkmenistan,0,0,1,0,,,3.0,,,,,,,,,,,,,,925,TKM,1,3.0,3.0,0
2016,Turkmenistan,0,0,1,0,,,3.0,,,,,,,,,,,,,,925,TKM,1,3.0,3.0,0
2017,Turkmenistan,0,0,1,0,,,3.0,,,,,,,,,,,,,,925,TKM,1,3.0,3.0,0
2018,Turkmenistan,0,0,1,0,,,3.0,,,,,,,,,,,,,,925,TKM,1,3.0,3.0,0
2019,Turkmenistan,0,0,1,0,,,3.0,,,,,,,,,,,,,,925,TKM,1,3.0,3.0,0
2020,Turkmenistan,0,0,1,0,,,3.0,,,,,,,,,,,,,,925,TKM,1,3.0,3.0,0
2021,Turkmenistan,0,0,1,0,,,3.0,,,,,,,,,,,,,,925,TKM,1,3.0,3.0,0
2022,Turkmenistan,0,0,1,0,,,3.0,,,,,,,,,,,,,,925,TKM,1,3.0,3.0,0
2023,Turkmenistan,0,0,1,0,,,3.0,,,,,,,,,,,,,,925,TKM,1,3.0,3.0,0
2024,Turkmenistan,0,0,1,0,,,3.0,,,,,,,,,,,,,,925,TKM,1,3.0,3.0,0
1990,Uganda,0,0,0,0,,,,,,,,,,,,,,,,,746,UGA,0,,,0
1991,Uganda,0,0,0,0,,,,,,,,,,,,,,,,,746,UGA,0,,,0
1992,Uganda,0,0,0,0,,,,,,,,,,,,,,,,,746,UGA,0,,,0
1993,Uganda,0,0,0,0,,,,,,,,,,,,,,,,,746,UGA,0,,,0
1994,Uganda,0,0,0,0,,,,,,,,,,,,,,,,,746,UGA,0,,,0
1995,Uganda,0,0,0,0,,,,,,,,,,,,,,,,,746,UGA,0,,,0
1996,Uganda,0,0,0,0,,,,,,,,,,,,,,,,,746,UGA,0,,,0
1997,Uganda,0,0,0,0,,,,,,,,,,,,,,,,,746,UGA,0,,,0
1998,Uganda,0,0,0,0,,,,,,,,,,,,,,,,,746,UGA,0,,,0
1999,Uganda,0,0,0,0,,,,,,,,,,,,,,,,,746,UGA,0,,,0
2000,Uganda,0,0,0,0,,,,,,,,,,,,,,,,,746,UGA,0,,,0
2001,Uganda,0,0,0,0,,,,,,,,,,,,,,,,,746,UGA,0,,,0
2002,Uganda,0,0,0,0,,,,,,,,,,,,,,,,,746,UGA,0,,,0
2003,Uganda,0,0,0,0,,,,,,,,,,,,,,,,,746,UGA,0,,,0
2004,Uganda,0,0,0,0,,,,,,,,,,,,,,,,,746,UGA,0,,,0
2005,Uganda,0,0,0,0,,,,,,,,,,,,,,,,,746,UGA,0,,,0
2006,Uganda,0,0,0,0,,,,,,,,,,,,,,,,,746,UGA,0,,,0
2007,Uganda,0,0,0,0,,,,,,,,,,,,,,,,,746,UGA,0,,,0
2008,Uganda,0,0,0,0,,,,,,,,,,,,,,,,,746,UGA,0,,,0
2009,Uganda,0,0,0,0,,,,,,,,,,,,,,,,,746,UGA,0,,,0
2010,Uganda,0,0,0,0,,,,,,,,,,,,,,,,,746,UGA,0,,,0
2011,Uganda,0,0,0,0,,,,,,,,,,,,,,,,,746,UGA,0,,,0
2012,Uganda,0,0,0,0,,,,,,,,,,,,,,,,,746,UGA,0,,,0
2013,Uganda,0,0,1,1,,,,,,,,,,,,,,,,,746,UGA,2,,,0
2014,Uganda,0,0,1,1,,,,,,,,,,,,,,,,,746,UGA,2,,,0
2015,Uganda,0,0,1,1,,,,,,,,,,,,,,,,,746,UGA,2,,,0
2016,Uganda,0,0,1,1,,,3.0,3.0,,,0.0,0.0,0.0,0.0,0.0,,,,,,746,UGA,2,3.0,3.0,0
2017,Uganda,0,0,1,1,,,3.0,3.0,,,0.0,0.0,0.0,0.0,0.0,,,,,,746,UGA,2,3.0,3.0,0
2018,Uganda,0,0,1,1,,,3.0,3.0,,,0.0,0.0,0.0,0.0,0.0,,,,,,746,UGA,2,3.0,3.0,0
2019,Uganda,0,0,1,1,,,3.0,3.0,,,0.0,0.0,0.0,0.0,0.0,,,,,,746,UGA,2,3.0,3.0,0
2020,Uganda,0,0,1,1,,,3.0,3.0,,,0.0,0.0,0.0,0.0,0.0,,,,,,746,UGA,2,3.0,3.0,0
2021,Uganda,0,0,1,1,,,3.0,3.0,,,0.0,0.0,0.0,0.0,0.0,,,,0.0,1.0,746,UGA,2,3.0,3.0,0
2022,Uganda,1,1,1,1,3.0,3.0,3.0,3.0,0.0,0.0,0.0,0.0,0.0,0.0,0.0,,,,0.0,1.0,746,UGA,4,3.0,3.0,0
2023,Uganda,1,1,1,1,3.0,3.0,3.0,3.0,0.0,0.0,0.0,0.0,0.0,0.0,0.0,,,,0.0,1.0,746,UGA,4,3.0,3.0,0
2024,Uganda,1,1,1,1,3.0,3.0,3.0,3.0,0.0,0.0,0.0,0.0,0.0,0.0,0.0,,,,0.0,1.0,746,UGA,4,3.0,3.0,0
1990,United Kingdom,0,0,0,0,,,,,,,,,,,,,,,,,112,GBR,0,,,0
1991,United Kingdom,0,0,0,0,,,,,,,,,,,,,,,,,112,GBR,0,,,0
1992,United Kingdom,0,0,1,1,,,,,,,,,,,0.0,,,,,,112,GBR,2,,,0
1993,United Kingdom,0,0,1,1,,,,,,,,,,,0.0,,,,,,112,GBR,2,,,0
1994,United Kingdom,0,0,1,1,,,,,,,,,,,0.0,,,,,,112,GBR,2,,,0
1995,United Kingdom,0,0,1,1,,,,,,,,,,,0.0,,,,,,112,GBR,2,,,0
1996,United Kingdom,0,0,1,1,,,,,,,,,,,0.0,,,,,,112,GBR,2,,,0
1997,United Kingdom,0,0,1,1,,,3.0,3.0,,,0.0,0.0,0.0,0.0,0.0,,,,,,112,GBR,2,3.0,3.0,0
1998,United Kingdom,0,0,1,1,,,3.0,3.0,,,0.0,0.0,0.0,0.0,0.0,,,,,,112,GBR,2,3.0,3.0,0
1999,United Kingdom,0,0,1,1,,,3.0,3.0,,,0.0,0.0,0.0,0.0,0.0,,,,,,112,GBR,2,3.0,3.0,0
2000,United Kingdom,0,0,1,1,,,3.0,3.0,,,0.0,0.0,0.0,0.0,0.0,,,,,,112,GBR,2,3.0,3.0,0
2001,United Kingdom,0,0,1,1,,,3.0,3.0,,,0.0,0.0,0.0,0.0,0.0,,,,,,112,GBR,2,3.0,3.0,0
2002,United Kingdom,0,0,1,1,,,3.0,3.0,,,0.0,0.0,0.0,0.0,0.0,,,,,,112,GBR,2,3.0,3.0,0
2003,United Kingdom,0,0,1,1,,,3.0,3.0,,,0.0,0.0,0.0,0.0,0.0,,,,,,112,GBR,2,3.0,3.0,0
2004,United Kingdom,0,0,1,1,,,3.0,3.0,,,0.0,0.0,0.0,0.0,0.0,,,,,,112,GBR,2,3.0,3.0,0
2005,United Kingdom,0,0,1,1,,,3.0,3.0,,,0.0,0.0,0.0,0.0,0.0,,,,,,112,GBR,2,3.0,3.0,0
2006,United Kingdom,0,0,1,1,,,3.0,3.0,,,0.0,0.0,0.0,0.0,0.0,,,,,,112,GBR,2,3.0,3.0,0
2007,United Kingdom,0,0,1,1,,,3.0,3.0,,,0.0,0.0,0.0,0.0,0.0,,,,,,112,GBR,2,3.0,3.0,0
2008,United Kingdom,0,0,1,1,,,3.0,3.0,,,0.0,0.0,0.0,0.0,0.0,,,,,,112,GBR,2,3.0,3.0,0
2009,United Kingdom,0,0,1,1,,,,,,,,,0.0,0.0,0.0,,,,,,112,GBR,2,,,0
2010,United Kingdom,0,0,1,1,,,3.0,3.0,,,0.0,0.0,1.0,1.0,0.0,,,,,,112,GBR,2,3.0,3.0,0
2011,United Kingdom,0,0,1,1,,,3.0,3.0,,,0.0,0.0,1.0,1.0,0.0,,,,,,112,GBR,2,3.0,3.0,0
2012,United Kingdom,1,0,1,1,,,3.0,3.0,,,0.0,0.0,1.0,1.0,0.0,,,,,,112,GBR,3,3.0,3.0,0
2013,United Kingdom,1,0,1,1,,,3.0,3.0,,,0.0,0.0,1.0,1.0,0.0,,,,,,112,GBR,3,3.0,3.0,0
2014,United Kingdom,1,0,1,1,,,3.0,3.0,0.0,,0.0,0.0,1.0,1.0,0.0,,,,,,112,GBR,3,3.0,3.0,0
2015,United Kingdom,1,0,1,1,,,3.0,3.0,0.0,,0.0,0.0,1.0,1.0,0.0,,,,,,112,GBR,3,3.0,3.0,0
2016,United Kingdom,1,0,1,1,,,3.0,3.0,0.0,,0.0,0.0,1.0,1.0,0.0,,,,,,112,GBR,3,3.0,3.0,0
2017,United Kingdom,1,0,1,1,,,3.0,3.0,0.0,,0.0,0.0,1.0,1.0,0.0,,,,,,112,GBR,3,3.0,3.0,0
2018,United Kingdom,1,0,1,1,,,3.0,3.0,0.0,,0.0,0.0,1.0,1.0,0.0,,,,,,112,GBR,3,3.0,3.0,0
2019,United Kingdom,1,0,1,1,,,3.0,3.0,0.0,,0.0,0.0,1.0,1.0,0.0,,,,,,112,GBR,3,3.0,3.0,0
2020,United Kingdom,0,0,1,1,,,3.0,3.0,,,0.0,0.0,1.0,1.0,0.0,,,,,,112,GBR,2,3.0,3.0,0
2021,United Kingdom,0,0,1,1,,,3.0,3.0,,,0.0,0.0,1.0,1.0,0.0,,,,,,112,GBR,2,3.0,3.0,0
2022,United Kingdom,0,0,1,1,,,3.0,3.0,,,0.0,0.0,1.0,1.0,0.0,,,,,,112,GBR,2,3.0,3.0,0
2023,United Kingdom,0,0,1,1,,,3.0,3.0,,,0.0,0.0,1.0,1.0,0.0,,,,,,112,GBR,2,3.0,3.0,0
2024,United Kingdom,0,0,1,1,,,3.0,3.0,,,0.0,0.0,1.0,1.0,0.0,,,,,,112,GBR,2,3.0,3.0,0
1990,United States,1,0,0,0,3.0,,,,1.0,,,,0.0,1.0,,,,,,,111,USA,1,3.0,3.0,1
1991,United States,1,0,0,0,3.0,,,,1.0,,,,0.0,1.0,,,,,,,111,USA,1,3.0,3.0,1
1992,United States,1,0,0,0,3.0,,,,1.0,,,,0.0,1.0,,,,,,,111,USA,1,3.0,3.0,1
1993,United States,1,0,0,0,3.0,,,,1.0,,,,0.0,1.0,,,,,,,111,USA,1,3.0,3.0,1
1994,United States,1,0,0,0,3.0,,,,1.0,,,,0.0,1.0,,,,,,,111,USA,1,3.0,3.0,1
1995,United States,1,0,0,0,3.0,,,,1.0,,,,0.0,1.0,,,,,,,111,USA,1,3.0,3.0,1
1996,United States,1,0,0,0,3.0,,,,1.0,,,,0.0,1.0,,,,,,,111,USA,1,3.0,3.0,1
1997,United States,1,0,0,0,3.0,,,,1.0,,,,0.0,1.0,,,,,,,111,USA,1,3.0,3.0,1
1998,United States,1,0,0,0,3.0,,,,1.0,,,,0.0,1.0,,,,,,,111,USA,1,3.0,3.0,1
1999,United States,1,0,0,0,3.0,,,,1.0,,,,0.0,1.0,,,,,,,111,USA,1,3.0,3.0,1
2000,United States,1,0,0,0,3.0,,,,1.0,,,,0.0,1.0,,,,,,,111,USA,1,3.0,3.0,1
2001,United States,1,0,0,0,3.0,,,,1.0,,,,0.0,1.0,,,,,,,111,USA,1,3.0,3.0,1
2002,United States,1,0,0,0,3.0,,,,1.0,,,,0.0,1.0,,,,,,,111,USA,1,3.0,3.0,1
2003,United States,0,0,0,0,,,,,,,,,,,,,,,,,111,USA,0,,,0
2004,United States,0,0,0,0,,,,,,,,,,,,,,,,,111,USA,0,,,0
2005,United States,0,0,0,0,,,,,,,,,,,,,,,,,111,USA,0,,,0
2006,United States,0,0,0,0,,,,,,,,,,,,,,,,,111,USA,0,,,0
2007,United States,0,0,0,0,,,,,,,,,,,,,,,,,111,USA,0,,,0
2008,United States,0,0,0,0,,,,,,,,,,,,,,,,,111,USA,0,,,0
2009,United States,0,0,0,0,,,,,,,,,,,,,,,,,111,USA,0,,,0
2010,United States,0,0,0,0,3.0,,,,1.0,,,,0.0,1.0,,,,,,,111,USA,0,3.0,3.0,1
2011,United States,1,0,0,0,3.0,,,,1.0,,,,0.0,1.0,,,,,,,111,USA,1,3.0,3.0,1
2012,United States,1,0,0,0,3.0,,,,1.0,,,,0.0,1.0,,,,,,,111,USA,1,3.0,3.0,1
2013,United States,1,0,0,0,3.0,,,,1.0,,,,0.0,1.0,,,,,,,111,USA,1,3.0,3.0,1
2014,United States,1,0,0,0,3.0,,,,1.0,,,,0.0,1.0,,,,,,,111,USA,1,3.0,3.0,1
2015,United States,1,0,0,0,3.0,,,,1.0,,,,0.0,1.0,,,,,,,111,USA,1,3.0,3.0,1
2016,United States,1,0,0,0,3.0,,,,1.0,,,,0.0,1.0,,,,,,,111,USA,1,3.0,3.0,1
2017,United States,1,0,0,0,3.0,,,,1.0,,,,0.0,1.0,,,,,,,111,USA,1,3.0,3.0,1
2018,United States,1,0,0,0,3.0,,,,1.0,,,,0.0,1.0,,,,,,,111,USA,1,3.0,3.0,1
2019,United States,1,0,0,0,3.0,,,,1.0,,,,0.0,1.0,,,,,,,111,USA,1,3.0,3.0,1
2020,United States,1,0,0,0,3.0,,,,1.0,,,,0.0,1.0,,,,,,,111,USA,1,3.0,3.0,1
2021,United States,1,0,0,0,3.0,,,,1.0,,,,0.0,1.0,,,,,,,111,USA,1,3.0,3.0,1
2022,United States,1,0,0,0,3.0,,,,1.0,,,,0.0,1.0,,,,,,,111,USA,1,3.0,3.0,1
2023,United States,1,0,0,0,3.0,,,,1.0,,,,0.0,1.0,,,,,,,111,USA,1,3.0,3.0,1
2024,United States,1,0,0,0,3.0,,,,1.0,,,,0.0,1.0,,,,,,,111,USA,1,3.0,3.0,1
1990,Uruguay,0,0,0,0,,,,,,,,,,,,,,,,,298,URY,0,,,0
1991,Uruguay,0,0,0,0,,,,,,,,,,,,,,,,,298,URY,0,,,0
1992,Uruguay,0,0,0,0,,,,,,,,,,,,,,,,,298,URY,0,,,0
1993,Uruguay,0,0,0,0,,,,,,,,,,,,,,,,,298,URY,0,,,0
1994,Uruguay,0,0,0,0,,,,,,,,,,,,,,,,,298,URY,0,,,0
1995,Uruguay,0,0,0,0,,,,,,,,,,,,,,,,,298,URY,0,,,0
1996,Uruguay,0,0,0,0,,,,,,,,,,,,,,,,,298,URY,0,,,0
1997,Uruguay,0,0,0,0,,,,,,,,,,,,,,,,,298,URY,0,,,0
1998,Uruguay,0,0,0,0,,,,,,,,,,,,,,,,,298,URY,0,,,0
1999,Uruguay,0,0,0,0,,,,,,,,,,,,,,,,,298,URY,0,,,0
2000,Uruguay,0,0,0,0,,,,,,,,,,,,,,,,,298,URY,0,,,0
2001,Uruguay,0,0,0,0,,,,,,,,,,,,,,,,,298,URY,0,,,0
2002,Uruguay,0,0,0,0,,,,,,,,,,,,,,,,,298,URY,0,,,0
2003,Uruguay,0,0,0,0,,,,,,,,,,,,,,,,,298,URY,0,,,0
2004,Uruguay,0,0,0,0,,,,,,,,,,,,,,,,,298,URY,0,,,0
2005,Uruguay,0,0,0,0,,,,,,,,,,,,,,,,,298,URY,0,,,0
2006,Uruguay,0,0,1,0,,,3.0,,,,0.0,,0.0,0.0,,,,,,,298,URY,1,3.0,3.0,0
2007,Uruguay,0,0,1,0,,,3.0,,,,0.0,,0.0,0.0,,,,,,,298,URY,1,3.0,3.0,0
2008,Uruguay,0,0,1,0,,,3.0,,,,0.0,,0.0,0.0,,,,,,,298,URY,1,3.0,3.0,0
2009,Uruguay,0,0,1,0,,,3.0,,,,0.0,,0.0,0.0,,,,,,,298,URY,1,3.0,3.0,0
2010,Uruguay,0,0,1,0,,,3.0,,,,0.0,,0.0,0.0,,,,,,,298,URY,1,3.0,3.0,0
2011,Uruguay,0,0,1,0,,,3.0,,,,0.0,,0.0,0.0,,,,,,,298,URY,1,3.0,3.0,0
2012,Uruguay,0,0,1,0,,,3.0,,,,0.0,,0.0,0.0,,,,,,,298,URY,1,3.0,3.0,0
2013,Uruguay,0,0,1,0,,,3.0,,,,0.0,,0.0,0.0,,,,,,,298,URY,1,3.0,3.0,0
2014,Uruguay,0,0,1,0,,,3.0,,,,0.0,,0.0,0.0,,,,,,,298,URY,1,3.0,3.0,0
2015,Uruguay,0,0,1,0,,,3.0,,,,0.0,,0.0,0.0,,,,,,,298,URY,1,3.0,3.0,0
2016,Uruguay,0,0,1,0,,,3.0,,,,0.0,,0.0,0.0,,,,,,,298,URY,1,3.0,3.0,0
2017,Uruguay,0,0,1,0,,,3.0,,,,0.0,,0.0,0.0,,,,,,,298,URY,1,3.0,3.0,0
2018,Uruguay,0,0,1,0,,,3.0,,,,0.0,,0.0,0.0,,,,,,,298,URY,1,3.0,3.0,0
2019,Uruguay,0,0,1,0,,,3.0,,,,0.0,,0.0,0.0,,,,,,,298,URY,1,3.0,3.0,0
2020,Uruguay,0,0,1,0,,,3.0,,,,0.0,,0.0,0.0,,,,,,,298,URY,1,3.0,3.0,0
2021,Uruguay,1,0,1,0,3.0,,3.0,,0.0,,0.0,,0.0,0.0,0.0,,,,1.0,,298,URY,2,3.0,3.0,0
2022,Uruguay,1,0,1,0,3.0,,3.0,,0.0,,0.0,,0.0,0.0,0.0,,,,1.0,,298,URY,2,3.0,3.0,0
2023,Uruguay,1,0,1,0,3.0,,3.0,,0.0,,0.0,,0.0,0.0,0.0,,,,1.0,,298,URY,2,3.0,3.0,0
2024,Uruguay,1,0,1,0,3.0,,3.0,,0.0,,0.0,,0.0,0.0,0.0,,,,1.0,,298,URY,2,3.0,3.0,0
1990,Vanuatu,0,0,0,0,,,,,,,,,,,,,,,,,846,VUT,0,,,0
1991,Vanuatu,0,0,0,0,,,,,,,,,,,,,,,,,846,VUT,0,,,0
1992,Vanuatu,0,0,0,0,,,,,,,,,,,,,,,,,846,VUT,0,,,0
1993,Vanuatu,0,0,0,0,,,,,,,,,,,,,,,,,846,VUT,0,,,0
1994,Vanuatu,0,0,0,0,,,,,,,,,,,,,,,,,846,VUT,0,,,0
1995,Vanuatu,0,0,0,0,,,,,,,,,,,,,,,,,846,VUT,0,,,0
1996,Vanuatu,0,0,0,0,,,,,,,,,,,,,,,,,846,VUT,0,,,0
1997,Vanuatu,0,0,0,0,,,,,,,,,,,,,,,,,846,VUT,0,,,0
1998,Vanuatu,0,0,1,0,,,3.0,,,,0.0,,0.0,0.0,,,,,,,846,VUT,1,3.0,3.0,0
1999,Vanuatu,0,0,1,0,,,3.0,,,,0.0,,0.0,0.0,,,,,,,846,VUT,1,3.0,3.0,0
2000,Vanuatu,0,0,1,0,,,3.0,,,,0.0,,0.0,0.0,,,,,,,846,VUT,1,3.0,3.0,0
2001,Vanuatu,0,0,1,0,,,3.0,,,,0.0,,0.0,0.0,,,,,,,846,VUT,1,3.0,3.0,0
2002,Vanuatu,0,0,1,0,,,3.0,,,,0.0,,0.0,0.0,,,,,,,846,VUT,1,3.0,3.0,0
2003,Vanuatu,0,0,1,0,,,3.0,,,,0.0,,0.0,0.0,,,,,,,846,VUT,1,3.0,3.0,0
2004,Vanuatu,0,0,1,0,,,3.0,,,,0.0,,0.0,0.0,,,,,,,846,VUT,1,3.0,3.0,0
2005,Vanuatu,0,0,1,0,,,3.0,,,,0.0,,0.0,0.0,,,,,,,846,VUT,1,3.0,3.0,0
2006,Vanuatu,0,0,1,0,,,3.0,,,,0.0,,0.0,0.0,,,,,,,846,VUT,1,3.0,3.0,0
2007,Vanuatu,0,0,1,0,,,3.0,,,,0.0,,0.0,0.0,,,,,,,846,VUT,1,3.0,3.0,0
2008,Vanuatu,0,0,1,0,,,3.0,,,,0.0,,0.0,0.0,,,,,,,846,VUT,1,3.0,3.0,0
2009,Vanuatu,0,0,1,0,,,3.0,,,,0.0,,0.0,0.0,,,,,,,846,VUT,1,3.0,3.0,0
2010,Vanuatu,0,0,1,0,,,3.0,,,,0.0,,0.0,0.0,,,,,,,846,VUT,1,3.0,3.0,0
2011,Vanuatu,0,0,1,0,,,3.0,,,,0.0,,0.0,0.0,,,,,,,846,VUT,1,3.0,3.0,0
2012,Vanuatu,0,0,1,0,,,3.0,,,,0.0,,0.0,0.0,,,,,,,846,VUT,1,3.0,3.0,0
2013,Vanuatu,0,0,1,0,,,3.0,,,,0.0,,0.0,0.0,,,,,,,846,VUT,1,3.0,3.0,0
2014,Vanuatu,0,0,1,0,,,3.0,,,,0.0,,0.0,0.0,,,,,,,846,VUT,1,3.0,3.0,0
2015,Vanuatu,0,0,1,1,,,3.0,1.0,,,0.0,0.0,0.0,0.0,,,,,,,846,VUT,2,3.0,2.0,0
2016,Vanuatu,0,0,1,1,,,3.0,1.0,,,0.0,0.0,0.0,0.0,,,,,,,846,VUT,2,3.0,2.0,0
2017,Vanuatu,0,0,1,1,,,3.0,1.0,,,0.0,0.0,0.0,0.0,,,,,,,846,VUT,2,3.0,2.0,0
2018,Vanuatu,0,0,1,1,,,3.0,1.0,,,0.0,0.0,0.0,0.0,,,,,,,846,VUT,2,3.0,2.0,0
2019,Vanuatu,0,0,1,1,,,3.0,1.0,,,0.0,0.0,0.0,0.0,,,,,,,846,VUT,2,3.0,2.0,0
2020,Vanuatu,0,0,1,1,,,3.0,1.0,,,0.0,0.0,0.0,0.0,,,,,,,846,VUT,2,3.0,2.0,0
2021,Vanuatu,0,0,1,1,,,3.0,1.0,,,0.0,0.0,0.0,0.0,,,,,0.0,1.0,846,VUT,2,3.0,2.0,0
2022,Vanuatu,0,0,1,1,,,3.0,1.0,,,0.0,0.0,0.0,0.0,,,,,0.0,1.0,846,VUT,2,3.0,2.0,0
2023,Vanuatu,0,0,1,1,,,3.0,1.0,,,0.0,0.0,0.0,0.0,,,,,0.0,1.0,846,VUT,2,3.0,2.0,0
2024,Vanuatu,0,0,1,1,,,3.0,1.0,,,0.0,0.0,0.0,0.0,,,,,0.0,1.0,846,VUT,2,3.0,2.0,0
1990,Vietnam,0,0,0,0,,,,,,,,,,,,,,,,,582,VNM,0,,,0
1991,Vietnam,0,0,0,0,,,,,,,,,,,,,,,,,582,VNM,0,,,0
1992,Vietnam,0,0,0,0,,,,,,,,,,,,,,,,,582,VNM,0,,,0
1993,Vietnam,0,0,0,0,,,,,,,,,,,,,,,,,582,VNM,0,,,0
1994,Vietnam,0,0,0,0,,,,,,,,,,,,,,,,,582,VNM,0,,,0
1995,Vietnam,0,0,0,0,,,,,,,,,,,,,,,,,582,VNM,0,,,0
1996,Vietnam,0,0,0,0,,,,,,,,,,,,,,,,,582,VNM,0,,,0
1997,Vietnam,0,0,0,0,,,,,,,,,,,,,,,,,582,VNM,0,,,0
1998,Vietnam,0,0,0,0,,,,,,,,,,,,,,,,,582,VNM,0,,,0
1999,Vietnam,0,0,0,0,,,,,,,,,,,,,,,,,582,VNM,0,,,0
2000,Vietnam,0,0,0,0,,,,,,,,,,,,,,,,,582,VNM,0,,,0
2001,Vietnam,0,0,0,0,,,,,,,,,,,,,,,,,582,VNM,0,,,0
2002,Vietnam,0,0,0,0,,,,,,,,,,,,,,,,,582,VNM,0,,,0
2003,Vietnam,0,0,0,0,,,,,,,,,,,,,,,,,582,VNM,0,,,0
2004,Vietnam,0,0,0,0,,,,,,,,,,,,,,,,,582,VNM,0,,,0
2005,Vietnam,0,0,0,0,,,,,,,,,,,,,,,,,582,VNM,0,,,0
2006,Vietnam,0,0,0,0,,,,,,,,,,,,,,,,,582,VNM,0,,,0
2007,Vietnam,0,0,0,0,,,,,,,,,,,,,,,,,582,VNM,0,,,0
2008,Vietnam,0,0,0,0,,,,,,,,,,,,,,,,,582,VNM,0,,,0
2009,Vietnam,0,0,0,0,,,,,,,,,,,,,,,,,582,VNM,0,,,0
2010,Vietnam,0,0,0,0,,,,,,,,,,,,,,,,,582,VNM,0,,,0
2011,Vietnam,0,0,0,0,,,,,,,,,,,,,,,,,582,VNM,0,,,0
2012,Vietnam,0,0,0,0,,,,,,,,,,,,,,,,,582,VNM,0,,,0
2013,Vietnam,0,0,0,0,,,,,,,,,,,,,,,,,582,VNM,0,,,0
2014,Vietnam,0,0,0,0,,,,,,,,,,,,,,,,,582,VNM,0,,,0
2015,Vietnam,0,0,0,0,,,,,,,,,,,,,,,,,582,VNM,0,,,0
2016,Vietnam,0,1,1,1,,1.0,1.0,3.0,,0.0,0.0,0.0,0.0,0.0,0.0,,,1.0,1.0,1.0,582,VNM,3,3.0,1.6666666666666667,0
2017,Vietnam,0,1,1,1,,1.0,1.0,3.0,,0.0,0.0,0.0,0.0,0.0,0.0,,,1.0,1.0,1.0,582,VNM,3,3.0,1.6666666666666667,0
2018,Vietnam,0,1,1,1,,1.0,1.0,3.0,,0.0,0.0,0.0,0.0,0.0,0.0,,,1.0,1.0,1.0,582,VNM,3,3.0,1.6666666666666667,0
2019,Vietnam,0,1,1,1,,1.0,1.0,3.0,,0.0,0.0,0.0,0.0,0.0,0.0,,,1.0,1.0,1.0,582,VNM,3,3.0,1.6666666666666667,0
2020,Vietnam,0,1,1,1,,1.0,1.0,3.0,,0.0,0.0,0.0,0.0,0.0,0.0,,,1.0,1.0,1.0,582,VNM,3,3.0,1.6666666666666667,0
2021,Vietnam,0,1,1,1,,1.0,1.0,3.0,,0.0,0.0,0.0,0.0,0.0,0.0,,,1.0,1.0,1.0,582,VNM,3,3.0,1.6666666666666667,0
2022,Vietnam,0,1,1,1,,1.0,1.0,3.0,,0.0,0.0,0.0,0.0,0.0,0.0,,,1.0,1.0,1.0,582,VNM,3,3.0,1.6666666666666667,0
2023,Vietnam,0,1,1,1,,1.0,1.0,3.0,,0.0,0.0,0.0,0.0,0.0,0.0,,,1.0,1.0,1.0,582,VNM,3,3.0,1.6666666666666667,0
2024,Vietnam,0,1,1,1,,1.0,1.0,3.0,,0.0,0.0,0.0,0.0,0.0,0.0,,,1.0,1.0,1.0,582,VNM,3,3.0,1.6666666666666667,0
1990,Zambia,0,0,0,0,,,,,,,,,,,,,,,,,754,ZMB,0,,,0
1991,Zambia,0,0,0,0,,,,,,,,,,,,,,,,,754,ZMB,0,,,0
1992,Zambia,0,0,0,0,,,,,,,,,,,,,,,,,754,ZMB,0,,,0
1993,Zambia,0,0,0,0,,,,,,,,,,,,,,,,,754,ZMB,0,,,0
1994,Zambia,0,0,0,0,,,,,,,,,,,,,,,,,754,ZMB,0,,,0
1995,Zambia,0,0,0,0,,,,,,,,,,,,,,,,,754,ZMB,0,,,0
1996,Zambia,0,0,0,0,,,,,,,,,,,,,,,,,754,ZMB,0,,,0
1997,Zambia,0,0,0,0,,,,,,,,,,,,,,,,,754,ZMB,0,,,0
1998,Zambia,0,0,0,0,,,,,,,,,,,,,,,,,754,ZMB,0,,,0
1999,Zambia,0,0,0,0,,,,,,,,,,,,,,,,,754,ZMB,0,,,0
2000,Zambia,0,0,0,0,,,,,,,,,,,,,,,,,754,ZMB,0,,,0
2001,Zambia,0,0,0,0,,,,,,,,,,,,,,,,,754,ZMB,0,,,0
2002,Zambia,0,0,0,0,,,,,,,,,,,,,,,,,754,ZMB,0,,,0
2003,Zambia,0,0,0,0,,,,,,,,,,,,,,,,,754,ZMB,0,,,0
2004,Zambia,0,0,0,0,,,,,,,,,,,,,,,,,754,ZMB,0,,,0
2005,Zambia,0,0,0,0,,,,,,,,,,,,,,,,,754,ZMB,0,,,0
2006,Zambia,0,0,0,0,,,,,,,,,,,,,,,,,754,ZMB,0,,,0
2007,Zambia,0,0,0,0,,,,,,,,,,,,,,,,,754,ZMB,0,,,0
2008,Zambia,0,0,0,0,,,,,,,,,,,,,,,,,754,ZMB,0,,,0
2009,Zambia,0,0,0,0,,,,,,,,,,,,,,,,,754,ZMB,0,,,0
2010,Zambia,0,0,0,0,,,,,,,,,,,,,,,,,754,ZMB,0,,,0
2011,Zambia,0,0,0,0,,,,,,,,,,,,,,,,,754,ZMB,0,,,0
2012,Zambia,0,0,0,0,,,,,,,,,,,,,,,,,754,ZMB,0,,,0
2013,Zambia,0,0,0,0,,,,,,,,,,,,,,,,,754,ZMB,0,,,0
2014,Zambia,0,0,0,0,,,,,,,,,,,,,,,,,754,ZMB,0,,,0
2015,Zambia,0,0,0,0,,,,,,,,,,,,,,,,,754,ZMB,0,,,0
2016,Zambia,0,0,0,0,,,,,,,,,,,,,,,,,754,ZMB,0,,,0
2017,Zambia,0,0,0,0,,,,,,,,,,,,,,,,,754,ZMB,0,,,0
2018,Zambia,0,0,0,0,,,,,,,,,,,,,,,,,754,ZMB,0,,,0
2019,Zambia,0,0,0,0,,,,,,,,,,,,,,,,,754,ZMB,0,,,0
2020,Zambia,0,0,0,0,,,,,,,,,,,,,,,,,754,ZMB,0,,,0
2021,Zambia,0,0,0,0,,,,,,,,,,,,,,,,,754,ZMB,0,,,0
2022,Zambia,0,0,0,1,,,,3.0,,,,0.0,0.0,1.0,0.0,,,,,0.0,754,ZMB,1,3.0,3.0,0
2023,Zambia,0,0,0,1,,,,3.0,,,,0.0,0.0,1.0,0.0,,,,,0.0,755,ZMB,1,3.0,3.0,0
2024,Zambia,0,0,0,1,,,,3.0,,,,0.0,0.0,1.0,0.0,,,,,0.0,756,ZMB,1,3.0,3.0,0
