iso3,concept_id,magnitude,breadth,n_slope_metrics,n_improving,n_flat,n_deteriorating
AGO,1,-0.00015139214509002474,0.0,5,0,5,0
AGO,2,-0.0006064776578520721,-0.2,5,1,2,2
AGO,3,,,0,0,0,0
AGO,4,0.003189611664029193,,2,0,2,0
AGO,5,,,0,0,0,0
AGO,6,0.003543083531155282,,1,0,1,0
AGO,8,,,0,0,0,0
AGO,9,,,0,0,0,0
AGO,10,0.0349959045483732,,1,1,0,0
AGO,11,,,0,0,0,0
AGO,12,-1.3520451247386129e-17,,2,0,2,0
AGO,13,-0.006142305041775046,,2,0,1,1
AGO,14,0.0021400827170406605,0.0,5,0,5,0
AGO,15,0.002823962547608105,0.14285714285714285,7,1,6,0
AGO,16,-0.0044648810325746725,-0.4,5,0,3,2
AGO,17,-0.0011401019389255603,,2,0,2,0
AGO,18,-0.0004905680953108532,0.0,4,0,4,0
AGO,19,-0.0006895514653755126,0.0,5,0,5,0
AGO,20,0.0015171730783331981,0.0,9,0,9,0
AGO,21,0.001359599825334828,0.0,9,2,5,2
AGO,22,0.006699925292896819,0.125,8,1,7,0
AGO,23,-0.00017276811093712842,0.0,8,0,8,0
AGO,24,-0.005029936163706336,-0.16666666666666666,6,1,3,2
AGO,25,0.015904475293012,0.3333333333333333,3,1,2,0
ARE,1,-0.0015734045406388516,0.0,4,0,4,0
ARE,2,0.0029652420604170874,0.2,5,1,4,0
ARE,3,,,0,0,0,0
ARE,4,-0.0009489770596885329,,2,0,2,0
ARE,5,,,0,0,0,0
ARE,6,0.0060466543478517425,,1,0,1,0
ARE,8,,,0,0,0,0
ARE,9,,,0,0,0,0
ARE,10,0.022950241880624847,,1,1,0,0
ARE,11,,,0,0,0,0
ARE,12,0.003978873239436556,,2,1,1,0
ARE,13,-0.00020542826226574695,,2,0,2,0
ARE,14,-0.0008494493369463733,0.0,5,0,5,0
ARE,15,-0.00972392913919451,-0.14285714285714285,7,1,4,2
ARE,16,0.002965242060417091,0.2,5,1,4,0
ARE,17,-0.0014883859485741043,,2,0,2,0
ARE,18,0.004808187547388666,0.25,4,1,3,0
ARE,19,0.008119644550018767,0.2,5,1,4,0
ARE,20,0.0025450207023497147,0.1111111111111111,9,1,8,0
ARE,21,-0.00032944269031531234,-0.1111111111111111,9,0,8,1
ARE,22,-0.006316180643865646,-0.25,8,0,6,2
ARE,23,-0.02440572570219515,-0.125,8,0,7,1
ARE,24,-0.0005593826380080156,-0.16666666666666666,6,0,5,1
ARE,25,-0.0013810199558159618,0.0,3,0,3,0
ARG,1,-0.01105505945280769,-0.4,5,0,3,2
ARG,2,0.0016458633117631598,0.2,5,1,4,0
ARG,3,,,0,0,0,0
ARG,4,-0.017913275629325487,,2,0,1,1
ARG,5,,,0,0,0,0
ARG,6,0.003628823265325705,,1,0,1,0
ARG,8,,,0,0,0,0
ARG,9,,,0,0,0,0
ARG,10,0.008027763178844568,,1,0,1,0
ARG,11,,,0,0,0,0
ARG,12,0.0046076178799729205,0.2,5,1,4,0
ARG,13,-0.08762545344771186,,2,0,1,1
ARG,14,-0.017713150758819705,-0.6,5,0,2,3
ARG,15,-0.015736175715852153,-0.5714285714285714,7,0,3,4
ARG,16,0.0008910758255225026,0.4,5,3,1,1
ARG,17,0.008346876948488223,,2,1,1,0
ARG,18,-0.0015838429669056105,0.0,4,0,4,0
ARG,19,-0.00046547579307514226,0.2,5,2,2,1
ARG,20,-0.0037256293075634867,-0.2222222222222222,9,1,5,3
ARG,21,-0.03168466497477217,-0.7777777777777778,9,0,2,7
ARG,22,-0.016333007347715634,-0.625,8,0,3,5
ARG,23,-0.0189343760943368,-0.5,8,0,4,4
ARG,24,-0.042590062254031225,-0.8333333333333334,6,0,1,5
ARG,25,-0.021066720415994056,-0.6666666666666666,3,0,1,2
AUS,1,0.0006332229316926206,0.0,5,0,5,0
AUS,2,-0.00013124218700921055,0.0,5,0,5,0
AUS,3,,,0,0,0,0
AUS,4,-0.0014563215653647379,,2,0,2,0
AUS,5,,,0,0,0,0
AUS,6,-0.0029126431307295204,,1,0,1,0
AUS,8,,,0,0,0,0
AUS,9,,,0,0,0,0
AUS,10,-5.777045735576945e-18,,1,0,1,0
AUS,11,,,0,0,0,0
AUS,12,0.04815973392285996,0.3333333333333333,6,2,4,0
AUS,13,5.928504145655957e-17,,2,0,2,0
AUS,14,0.0027142456080148144,0.0,5,0,5,0
AUS,15,-0.00418627243033757,-0.14285714285714285,7,0,6,1
AUS,16,-0.00013124218700922592,0.0,5,0,5,0
AUS,17,-0.004781191470320241,,2,0,2,0
AUS,18,0.0012572878144951523,0.0,4,0,4,0
AUS,19,1.1582265130157646e-17,0.0,5,0,5,0
AUS,20,-0.0016391611913168815,-0.1111111111111111,9,1,6,2
AUS,21,0.012037803020143251,0.2222222222222222,9,3,5,1
AUS,22,0.0005808322590542397,0.0,8,0,8,0
AUS,23,0.0019968780618714915,0.125,8,2,5,1
AUS,24,0.022544764337025902,0.16666666666666666,6,2,3,1
AUS,25,-0.006930549201458536,-0.3333333333333333,3,0,2,1
AUT,1,0.0011491367172903754,0.2,5,1,4,0
AUT,2,0.0005953259413129727,0.0,5,0,5,0
AUT,3,,,0,0,0,0
AUT,4,0.013823370143116633,,2,1,1,0
AUT,5,,,0,0,0,0
AUT,6,-0.002588332367892118,,1,0,1,0
AUT,8,,,0,0,0,0
AUT,9,,,0,0,0,0
AUT,10,4.017076952815905e-17,,1,0,1,0
AUT,11,,,0,0,0,0
AUT,12,-0.0035567358667258427,-0.2,5,0,4,1
AUT,13,-0.0007124252135409719,,2,0,2,0
AUT,14,-0.00400232874008922,-0.2,5,0,4,1
AUT,15,-0.01416383106878462,-0.2857142857142857,7,0,5,2
AUT,16,-0.005290993874079265,-0.2,5,0,4,1
AUT,17,-0.00015399099519812037,,2,0,2,0
AUT,18,0.00917027554624731,0.25,4,1,3,0
AUT,19,-0.0011623842813781968,0.0,5,0,5,0
AUT,20,0.007048415943657006,0.1111111111111111,9,1,8,0
AUT,21,-0.00032511361249405984,0.1111111111111111,9,2,6,1
AUT,22,0.004561263231366331,0.0,8,1,6,1
AUT,23,-0.004172610638206911,0.0,8,1,6,1
AUT,24,-0.002805260216049437,-0.16666666666666666,6,1,3,2
AUT,25,0.006519873678655735,0.3333333333333333,3,1,2,0
AZE,1,0.0014130738724450846,0.0,5,1,3,1
AZE,2,0.004037140502526903,0.25,4,1,3,0
AZE,3,,,0,0,0,0
AZE,4,0.007984473886058828,,1,0,1,0
AZE,5,,,0,0,0,0
AZE,6,,,0,0,0,0
AZE,8,,,0,0,0,0
AZE,9,,,0,0,0,0
AZE,10,0.010317965887513172,,1,1,0,0
AZE,11,,,0,0,0,0
AZE,12,0.005406072178468642,0.3333333333333333,3,1,2,0
AZE,13,0.01364865374500293,,2,1,1,0
AZE,14,-0.004491132535094239,0.0,3,1,1,1
AZE,15,-0.007526834341591857,-0.6,5,0,2,3
AZE,16,0.019574695433511452,0.5,4,2,2,0
AZE,17,0.0003014797600747825,,1,0,1,0
AZE,18,-0.006116309801002989,-0.3333333333333333,3,0,2,1
AZE,19,0.001538738531983861,0.0,5,1,3,1
AZE,20,0.012250037067519225,0.2222222222222222,9,4,3,2
AZE,21,-0.022350562159445125,-0.4444444444444444,9,1,3,5
AZE,22,-0.013479572770918007,-0.625,8,0,3,5
AZE,23,-0.03196263956353387,-0.375,8,0,5,3
AZE,24,-0.013151247998522317,-0.5,6,0,3,3
AZE,25,-0.027559785093537143,,2,0,0,2
BEL,1,-0.00026255584972622166,0.0,5,0,5,0
BEL,2,0.0016105898439916471,0.0,5,0,5,0
BEL,3,,,0,0,0,0
BEL,4,-8.285927469498974e-05,,2,0,2,0
BEL,5,,,0,0,0,0
BEL,6,-0.00016571854938990382,,1,0,1,0
BEL,8,,,0,0,0,0
BEL,9,,,0,0,0,0
BEL,10,0.020539502187296263,,1,1,0,0
BEL,11,,,0,0,0,0
BEL,12,0.006009453880478276,0.2,5,1,4,0
BEL,13,-1.278452059353157e-17,,2,0,2,0
BEL,14,0.00032130302739971937,0.0,5,0,5,0
BEL,15,-0.019445874698677392,-0.42857142857142855,7,0,4,3
BEL,16,0.004367467819784873,0.2,5,1,4,0
BEL,17,-0.00838627550317149,,2,0,1,1
BEL,18,-0.0005085322516387547,0.0,4,0,4,0
BEL,19,-0.0037080577057487783,-0.2,5,0,4,1
BEL,20,-0.003372809664337181,-0.1111111111111111,9,0,8,1
BEL,21,0.0006804091379210815,-0.1111111111111111,9,2,4,3
BEL,22,-1.8227803225521255e-05,0.0,8,0,8,0
BEL,23,1.727337658334333e-05,0.0,8,0,8,0
BEL,24,-0.0016824841660499446,-0.16666666666666666,6,0,5,1
BEL,25,-0.011357247478003913,-0.3333333333333333,3,0,2,1
BGD,1,0.008090019328924539,0.4,5,3,1,1
BGD,2,-0.0686600426818296,-0.6,5,0,2,3
BGD,3,,,0,0,0,0
BGD,4,0.024780107682899375,,2,1,1,0
BGD,5,,,0,0,0,0
BGD,6,-0.0005392259863155268,,1,0,1,0
BGD,8,,,0,0,0,0
BGD,9,,,0,0,0,0
BGD,10,0.011892982487166887,,1,1,0,0
BGD,11,,,0,0,0,0
BGD,12,0.0007530042080778292,0.0,4,0,4,0
BGD,13,0.0651745140849842,,2,1,1,0
BGD,14,0.02576419193815655,0.6,5,3,2,0
BGD,15,0.023992468626240528,0.42857142857142855,7,4,2,1
BGD,16,0.017548144241961557,0.4,5,3,1,1
BGD,17,0.010542658686998647,,2,1,1,0
BGD,18,0.020912327034511666,0.3333333333333333,3,1,2,0
BGD,19,,,0,0,0,0
BGD,20,0.029789395502866568,0.25,4,2,1,1
BGD,21,0.0014665516423098938,0.2222222222222222,9,3,5,1
BGD,22,-0.010735226962562176,0.25,8,3,4,1
BGD,23,-0.014441852358742333,0.25,8,5,0,3
BGD,24,0.03629971403190194,0.6666666666666666,6,4,2,0
BGD,25,0.014531428559921405,0.3333333333333333,3,1,2,0
BGR,1,-0.008051359695192686,-0.4,5,0,3,2
BGR,2,0.0004997314344717756,0.0,5,0,5,0
BGR,3,,,0,0,0,0
BGR,4,-0.010462047499792201,,2,0,1,1
BGR,5,,,0,0,0,0
BGR,6,-0.005365191535447705,,1,0,1,0
BGR,8,,,0,0,0,0
BGR,9,,,0,0,0,0
BGR,10,-0.004982195366245603,,1,0,1,0
BGR,11,,,0,0,0,0
BGR,12,0.005489830610705516,0.2,5,1,4,0
BGR,13,2.49071446295812e-17,,2,0,2,0
BGR,14,-0.009539334353278583,-0.4,5,0,3,2
BGR,15,-0.01238482423583733,-0.2857142857142857,7,0,5,2
BGR,16,-0.010614651501132841,-0.4,5,0,3,2
BGR,17,-0.004547795756496632,,2,0,2,0
BGR,18,-0.0229934689326181,-0.75,4,0,1,3
BGR,19,0.0053532449731916835,0.2,5,2,2,1
BGR,20,-0.014721756655105238,-0.5555555555555556,9,0,4,5
BGR,21,-0.012103820090891329,-0.5555555555555556,9,0,4,5
BGR,22,-0.007956362099146954,-0.375,8,0,5,3
BGR,23,-0.017086026355617984,-0.25,8,1,4,3
BGR,24,0.009698276859348124,0.16666666666666666,6,2,3,1
BGR,25,-0.01727909371215689,-0.6666666666666666,3,0,1,2
BHR,1,0.014652784267000198,0.4,5,2,3,0
BHR,2,-0.00028046934686863157,0.0,4,0,4,0
BHR,3,,,0,0,0,0
BHR,4,8.1698010841855365e-19,,1,0,1,0
BHR,5,,,0,0,0,0
BHR,6,,,0,0,0,0
BHR,8,,,0,0,0,0
BHR,9,,,0,0,0,0
BHR,10,-1.0898474213977477e-17,,1,0,1,0
BHR,11,,,0,0,0,0
BHR,12,6.36979241434246e-20,,2,0,2,0
BHR,13,0.04753872577998035,,2,2,0,0
BHR,14,0.0057528503877027305,0.3333333333333333,3,1,2,0
BHR,15,-0.0010031227613589828,0.0,5,0,5,0
BHR,16,-0.00028046934686865027,0.0,4,0,4,0
BHR,17,1.7833353189168305e-17,,1,0,1,0
BHR,18,-0.00016646978928900775,0.0,3,0,3,0
BHR,19,0.0007582216379916377,0.0,5,0,5,0
BHR,20,7.964824040318964e-05,0.0,9,0,9,0
BHR,21,-0.0014362086196374544,-0.1111111111111111,9,0,8,1
BHR,22,1.3670852419151139e-05,0.0,8,0,8,0
BHR,23,-0.019523630315352213,0.0,8,1,6,1
BHR,24,0.00013502739167061455,0.0,6,0,6,0
BHR,25,7.346150367426517e-18,,2,0,2,0
BRA,1,0.008420903858255299,0.2,5,1,4,0
BRA,2,0.003518219714668289,0.2,5,1,4,0
BRA,3,,,0,0,0,0
BRA,4,0.011064026713742146,,2,1,1,0
BRA,5,,,0,0,0,0
BRA,6,0.005504173774551683,,1,0,1,0
BRA,8,,,0,0,0,0
BRA,9,,,0,0,0,0
BRA,10,-0.024211862320148,,1,0,0,1
BRA,11,,,0,0,0,0
BRA,12,-0.0018050332921394437,0.0,4,0,4,0
BRA,13,0.0026204429134737,,2,0,2,0
BRA,14,0.01837970589827206,0.6,5,3,2,0
BRA,15,0.009706544322448673,0.14285714285714285,7,2,4,1
BRA,16,0.02276554343239458,0.6,5,3,2,0
BRA,17,0.008833812527167435,,2,1,1,0
BRA,18,0.00045239811244905323,0.0,4,1,2,1
BRA,19,0.013120623201418527,0.6,5,3,2,0
BRA,20,0.00041272270027143445,0.0,9,0,9,0
BRA,21,-0.0016379627937792459,0.1111111111111111,9,3,4,2
BRA,22,0.02235547916037718,0.5,8,4,4,0
BRA,23,0.00856237096181408,0.25,8,3,4,1
BRA,24,0.0015739144720774327,0.16666666666666666,6,3,1,2
BRA,25,0.009676345443795508,0.6666666666666666,3,2,1,0
BRB,1,0.0002316669262290849,0.0,5,0,5,0
BRB,2,0.0043106971813905975,0.25,4,1,3,0
BRB,3,,,0,0,0,0
BRB,4,0.004099148986238221,,2,0,2,0
BRB,5,,,0,0,0,0
BRB,6,0.008198297972476414,,1,0,1,0
BRB,8,,,0,0,0,0
BRB,9,,,0,0,0,0
BRB,10,2.117816322180881e-17,,1,0,1,0
BRB,11,,,0,0,0,0
BRB,12,0.0024735915492957203,0.0,3,0,3,0
BRB,13,0.0016434260981343517,,2,0,2,0
BRB,14,0.002297348308642999,0.0,5,0,5,0
BRB,15,-0.0010622555107614917,0.0,7,0,7,0
BRB,16,-2.864183456249431e-07,0.0,4,0,4,0
BRB,17,0.0035101248296456064,,2,0,2,0
BRB,18,3.936200934134777e-05,0.0,4,0,4,0
BRB,19,5.35703147259644e-05,0.0,5,0,5,0
BRB,20,-0.00023532434664578963,0.0,9,0,9,0
BRB,21,-0.0008561929750883492,0.0,9,1,7,1
BRB,22,-0.00011848072096592772,0.0,8,0,8,0
BRB,23,-0.0005052462650627169,0.0,8,0,8,0
BRB,24,-0.004133874312444723,-0.16666666666666666,6,0,5,1
BRB,25,0.002456016807076932,0.0,3,0,3,0
CAN,1,-0.0009266677049161399,0.0,5,0,5,0
CAN,2,0.001181594668371225,0.0,5,1,3,1
CAN,3,,,0,0,0,0
CAN,4,-0.000704995016039395,,2,0,2,0
CAN,5,,,0,0,0,0
CAN,6,-0.0014099900320788347,,1,0,1,0
CAN,8,,,0,0,0,0
CAN,9,,,0,0,0,0
CAN,10,2.0479488224381376e-17,,1,0,1,0
CAN,11,,,0,0,0,0
CAN,12,0.010011731286104684,0.16666666666666666,6,1,5,0
CAN,13,-4.2044975954890325e-18,,2,0,2,0
CAN,14,-0.0019766981805255665,0.0,5,1,3,1
CAN,15,-0.0022100361401116452,0.0,7,1,5,1
CAN,16,-0.004572611314569568,-0.2,5,0,4,1
CAN,17,-0.0014842229082114096,,2,0,2,0
CAN,18,0.00022520792636804578,0.0,4,0,4,0
CAN,19,-0.0015988851931203953,0.0,5,0,5,0
CAN,20,0.005473648287292802,0.4444444444444444,9,4,5,0
CAN,21,0.0018836941194327948,0.0,9,0,9,0
CAN,22,-0.0031355323712382323,0.0,8,1,6,1
CAN,23,-0.0015197961300257325,0.0,8,0,8,0
CAN,24,0.010129409580489105,0.16666666666666666,6,1,5,0
CAN,25,-0.007895495510755579,-0.3333333333333333,3,0,2,1
CHE,1,0.00013127792486318483,0.0,5,0,5,0
CHE,2,0.0008548921438217833,0.0,4,0,4,0
CHE,3,,,0,0,0,0
CHE,4,-6.299487052079653e-17,,1,0,1,0
CHE,5,,,0,0,0,0
CHE,6,,,0,0,0,0
CHE,8,,,0,0,0,0
CHE,9,,,0,0,0,0
CHE,10,1.3048306985863751e-17,,1,0,1,0
CHE,11,,,0,0,0,0
CHE,12,0.006092885545934969,0.2,5,1,4,0
CHE,13,-0.07252627219620476,,2,0,1,1
CHE,14,0.00028704450998941997,0.0,3,0,3,0
CHE,15,0.0011491552662640716,0.0,5,0,5,0
CHE,16,0.0008548921438217597,0.0,4,0,4,0
CHE,17,5.228648493411676e-18,,1,0,1,0
CHE,18,0.005819927575563791,0.3333333333333333,3,1,2,0
CHE,19,0.005880255688237695,0.0,5,0,5,0
CHE,20,-0.00022953974069275164,0.0,9,0,9,0
CHE,21,-0.0023657159468343657,-0.1111111111111111,9,0,8,1
CHE,22,-0.013425187363322672,-0.125,8,0,7,1
CHE,23,0.00031234847989580837,0.0,8,0,8,0
CHE,24,-0.003707895041104324,-0.16666666666666666,6,0,5,1
CHE,25,-2.657064954331601e-17,,2,0,2,0
CHL,1,0.012453300048537902,0.6,5,3,2,0
CHL,2,0.0031752766778191206,0.2,5,1,4,0
CHL,3,,,0,0,0,0
CHL,4,-0.0034174690714059482,,2,0,2,0
CHL,5,,,0,0,0,0
CHL,6,-0.00683493814281191,,1,0,1,0
CHL,8,,,0,0,0,0
CHL,9,,,0,0,0,0
CHL,10,2.397554138716348e-18,,1,0,1,0
CHL,11,,,0,0,0,0
CHL,12,0.0032380275129338075,0.16666666666666666,6,1,5,0
CHL,13,-0.07033329586530683,,2,0,1,1
CHL,14,0.007448262643084491,0.2,5,1,4,0
CHL,15,-0.0007299630850909961,0.0,7,0,7,0
CHL,16,-0.0006567087441686307,0.0,5,0,5,0
CHL,17,0.0024613569498818538,,2,0,2,0
CHL,18,-0.001115525622156817,0.0,4,0,4,0
CHL,19,-0.0008970172065644157,0.0,5,0,5,0
CHL,20,0.00010555335971926071,0.0,9,0,9,0
CHL,21,-0.004546519528021013,-0.2222222222222222,9,0,7,2
CHL,22,2.734170483832073e-05,0.0,8,0,8,0
CHL,23,0.009088336953405546,0.25,8,2,6,0
CHL,24,-0.01764477036816783,-0.5,6,0,3,3
CHL,25,-0.00016005766917138518,0.0,3,0,3,0
CHN,1,-0.007145011543817734,-0.2,5,0,4,1
CHN,2,-0.001311397253931814,-0.2,5,0,4,1
CHN,3,,,0,0,0,0
CHN,4,0.0019588391426896244,,2,1,1,0
CHN,5,,,0,0,0,0
CHN,6,0.012864617283237026,,1,1,0,0
CHN,8,,,0,0,0,0
CHN,9,,,0,0,0,0
CHN,10,0.019326096541638978,,1,1,0,0
CHN,11,,,0,0,0,0
CHN,12,0.004393045751733325,0.16666666666666666,6,1,5,0
CHN,13,-0.004437627628252042,,2,0,2,0
CHN,14,-0.0026827214525555676,-0.2,5,0,4,1
CHN,15,-0.000587266406383927,-0.14285714285714285,7,0,6,1
CHN,16,-0.013553325443514595,-0.4,5,0,3,2
CHN,17,0.012783805848309114,,2,1,1,0
CHN,18,-0.007022256716556086,-0.25,4,0,3,1
CHN,19,0.0025580053302337,0.2,5,1,4,0
CHN,20,0.0007907777305080024,0.0,4,0,4,0
CHN,21,-0.0018190668109331568,-0.2222222222222222,9,0,7,2
CHN,22,0.008334827058356298,0.375,8,3,5,0
CHN,23,-0.0309678717452764,-0.375,8,0,5,3
CHN,24,-0.006958452832456634,-0.3333333333333333,6,0,4,2
CHN,25,0.006280157895554239,0.0,3,0,3,0
COL,1,0.008681212853152548,0.4,5,2,3,0
COL,2,-0.005782513951865359,-0.2,5,0,4,1
COL,3,,,0,0,0,0
COL,4,-0.0004381421084876945,,2,0,2,0
COL,5,,,0,0,0,0
COL,6,0.0016352371694388645,,1,0,1,0
COL,8,,,0,0,0,0
COL,9,,,0,0,0,0
COL,10,-0.0050786249539793785,,1,0,1,0
COL,11,,,0,0,0,0
COL,12,0.010672792865895255,0.2,5,1,4,0
COL,13,-0.014913680984041031,,2,0,1,1
COL,14,-0.006947901552106362,-0.2,5,0,4,1
COL,15,0.010853726979101396,0.2857142857142857,7,3,3,1
COL,16,-0.010184017174351157,-0.4,5,0,3,2
COL,17,-0.008722726687356748,,2,0,1,1
COL,18,0.001249172527524368,0.0,4,0,4,0
COL,19,0.019815533971311763,0.4,5,2,3,0
COL,20,-0.0010797588460942124,0.0,9,0,9,0
COL,21,0.001384339187951075,0.1111111111111111,9,3,4,2
COL,22,0.009056096876128485,0.375,8,3,5,0
COL,23,-0.021174657290429104,-0.5,8,0,4,4
COL,24,0.005871677073975511,0.16666666666666666,6,2,3,1
COL,25,-0.01172013886764641,-0.6666666666666666,3,0,1,2
CRI,1,0.0007712463263788082,0.0,5,0,5,0
CRI,2,-0.0005624885305173762,0.0,5,0,5,0
CRI,3,,,0,0,0,0
CRI,4,0.000363068320619366,,2,0,2,0
CRI,5,,,0,0,0,0
CRI,6,0.0007261366412387819,,1,0,1,0
CRI,8,,,0,0,0,0
CRI,9,,,0,0,0,0
CRI,10,-2.7640520703411045e-17,,1,0,1,0
CRI,11,,,0,0,0,0
CRI,12,0.00034451559224998787,0.0,3,0,3,0
CRI,13,-0.005643176376562913,,2,0,2,0
CRI,14,-0.001543044941536248,0.0,5,0,5,0
CRI,15,0.00016648255035530248,0.0,7,0,7,0
CRI,16,-0.0005624885305173554,0.0,5,0,5,0
CRI,17,-0.005051795139875103,,2,0,1,1
CRI,18,0.0001410515872096076,0.0,4,0,4,0
CRI,19,4.907077172809206e-18,0.0,5,0,5,0
CRI,20,-4.344449476538219e-05,0.0,9,0,9,0
CRI,21,0.0012800851471467178,0.0,9,0,9,0
CRI,22,-4.101255725744707e-05,0.0,8,0,8,0
CRI,23,-0.0009155746757401933,0.0,8,0,8,0
CRI,24,-0.0015454291254082075,-0.16666666666666666,6,0,5,1
CRI,25,-0.0004380294562632268,0.0,3,0,3,0
CYP,1,0.0020595167952460634,0.0,5,0,5,0
CYP,2,0.002518901485541844,0.2,5,1,4,0
CYP,3,,,0,0,0,0
CYP,4,-0.019298087495986316,,2,0,1,1
CYP,5,,,0,0,0,0
CYP,6,-0.003064696693032021,,1,0,1,0
CYP,8,,,0,0,0,0
CYP,9,,,0,0,0,0
CYP,10,0.007939369390081151,,1,0,1,0
CYP,11,,,0,0,0,0
CYP,12,0.006154118628176395,0.2,5,1,4,0
CYP,13,0.02023504666007014,,2,1,1,0
CYP,14,0.005284045455715937,0.2,5,1,4,0
CYP,15,-0.004526838850517114,-0.14285714285714285,7,0,6,1
CYP,16,0.00409171722960567,0.2,5,1,4,0
CYP,17,0.004070401740251681,,2,0,2,0
CYP,18,0.0008693246450043525,0.0,4,1,2,1
CYP,19,0.014764703486869207,0.4,5,2,3,0
CYP,20,-0.0006948379573152914,0.0,9,0,9,0
CYP,21,-0.0033878384214520293,-0.2222222222222222,9,0,7,2
CYP,22,0.006401168492520248,0.125,8,1,7,0
CYP,23,-0.012902452430566988,-0.25,8,0,6,2
CYP,24,-0.0049317427754190036,-0.16666666666666666,6,0,5,1
CYP,25,0.004059383997408191,0.3333333333333333,3,1,2,0
CZE,1,0.0022824243109041166,0.0,5,0,5,0
CZE,2,0.0032767612491835635,0.2,5,1,4,0
CZE,3,,,0,0,0,0
CZE,4,0.01965547062254978,,2,1,1,0
CZE,5,,,0,0,0,0
CZE,6,-0.00792388501094036,,1,0,1,0
CZE,8,,,0,0,0,0
CZE,9,,,0,0,0,0
CZE,10,5.301262799653895e-17,,1,0,1,0
CZE,11,,,0,0,0,0
CZE,12,0.0025340542406974815,0.0,5,0,5,0
CZE,13,0.009806466809141023,,2,1,1,0
CZE,14,-0.0017899305639746364,-0.2,5,0,4,1
CZE,15,0.014664002610578044,0.42857142857142855,7,3,4,0
CZE,16,-0.010231034051203456,-0.2,5,0,4,1
CZE,17,-0.002745181920097064,,2,0,2,0
CZE,18,-0.021975187163224198,-0.5,4,0,2,2
CZE,19,0.00018858262057796973,0.0,5,1,3,1
CZE,20,-0.012575591422237055,-0.2222222222222222,9,0,7,2
CZE,21,-0.0064930285993122705,-0.3333333333333333,9,1,4,4
CZE,22,-0.004878651838763888,0.0,8,1,6,1
CZE,23,-0.01037488579686566,-0.125,8,1,5,2
CZE,24,-0.007053736836194827,-0.3333333333333333,6,0,4,2
CZE,25,-0.006158819093781306,-0.3333333333333333,3,0,2,1
DEU,1,2.7403658197332903e-17,0.0,5,0,5,0
DEU,2,-0.002864515408981821,-0.2,5,0,4,1
DEU,3,,,0,0,0,0
DEU,4,-0.0029918727087947967,,2,0,2,0
DEU,5,,,0,0,0,0
DEU,6,-0.005983745417589635,,1,0,1,0
DEU,8,,,0,0,0,0
DEU,9,,,0,0,0,0
DEU,10,8.65019061267952e-17,,1,0,1,0
DEU,11,,,0,0,0,0
DEU,12,0.005480555447731183,0.3333333333333333,6,2,4,0
DEU,13,3.4468375594616664e-17,,2,0,2,0
DEU,14,9.773124509594123e-05,0.0,5,0,5,0
DEU,15,0.009917006487578846,0.2857142857142857,7,2,5,0
DEU,16,0.006557035714566079,0.0,5,1,3,1
DEU,17,0.004912537072495815,,2,0,2,0
DEU,18,-0.0026249908082076412,0.0,4,0,4,0
DEU,19,-7.495185249071666e-18,0.0,5,0,5,0
DEU,20,-0.00015233392175055814,0.1111111111111111,9,2,6,1
DEU,21,-0.0017193289914417139,0.1111111111111111,9,3,4,2
DEU,22,0.011653726618310902,0.125,8,1,7,0
DEU,23,-0.0028711603715431333,-0.125,8,0,7,1
DEU,24,-0.007245427800498865,-0.16666666666666666,6,1,3,2
DEU,25,-0.0010626135709391259,0.0,3,0,3,0
DNK,1,-4.157901984035795e-17,0.0,5,0,5,0
DNK,2,-0.0018205690499233501,-0.2,5,0,4,1
DNK,3,,,0,0,0,0
DNK,4,0.0003630790761875257,,2,0,2,0
DNK,5,,,0,0,0,0
DNK,6,0.0007261581523750094,,1,0,1,0
DNK,8,,,0,0,0,0
DNK,9,,,0,0,0,0
DNK,10,0.03247266366933861,,1,1,0,0
DNK,11,,,0,0,0,0
DNK,12,0.04290632929685829,0.4,5,2,3,0
DNK,13,1.799044420779603e-17,,2,0,2,0
DNK,14,-0.001498993502624923,0.0,5,0,5,0
DNK,15,-0.001946629615541732,-0.14285714285714285,7,0,6,1
DNK,16,-0.001820569049923392,-0.2,5,0,4,1
DNK,17,-0.005642410079865318,,2,0,1,1
DNK,18,-0.005068833765745237,-0.25,4,0,3,1
DNK,19,0.008080370864051877,0.2,5,1,4,0
DNK,20,-0.0001665372299339518,0.0,9,0,9,0
DNK,21,0.0015666186679739566,0.0,9,1,7,1
DNK,22,0.0006320845992459038,0.0,8,0,8,0
DNK,23,-0.0002806923694793085,0.0,8,0,8,0
DNK,24,-0.00279967508522606,-0.16666666666666666,6,0,5,1
DNK,25,-0.0015332517932928362,0.0,3,0,3,0
DOM,1,-0.0025653799230083837,0.0,5,0,5,0
DOM,2,0.00532454862936563,0.2,5,1,4,0
DOM,3,,,0,0,0,0
DOM,4,0.0031809716794943127,,2,0,2,0
DOM,5,,,0,0,0,0
DOM,6,0.0063619433589886115,,1,0,1,0
DOM,8,,,0,0,0,0
DOM,9,,,0,0,0,0
DOM,10,1.6661103262794896e-17,,1,0,1,0
DOM,11,,,0,0,0,0
DOM,12,0.007312260104602711,0.3333333333333333,3,1,2,0
DOM,13,0.012619869007572062,,2,1,1,0
DOM,14,0.0007320174966558537,-0.2,5,0,4,1
DOM,15,-0.006992247565364999,0.14285714285714285,7,2,4,1
DOM,16,0.0030373844435367166,0.0,5,0,5,0
DOM,17,0.009129492720639712,,2,1,1,0
DOM,18,0.0016396264243215958,0.0,4,0,4,0
DOM,19,-0.007888892778985346,-0.4,5,0,3,2
DOM,20,0.013678710497943924,0.6666666666666666,9,6,3,0
DOM,21,-0.012066645555724098,-0.2222222222222222,9,1,5,3
DOM,22,-0.001058397779278405,0.0,8,0,8,0
DOM,23,-0.0018227650026166804,0.0,8,0,8,0
DOM,24,-0.014643113900152271,-0.3333333333333333,6,0,4,2
DOM,25,-0.0005335264410305154,0.0,3,0,3,0
ECU,1,-0.039221848087234515,-0.8,5,0,1,4
ECU,2,-0.005293613542314342,-0.2,5,0,4,1
ECU,3,,,0,0,0,0
ECU,4,-0.04178287334316754,,2,0,1,1
ECU,5,,,0,0,0,0
ECU,6,-0.007103873366631765,,1,0,1,0
ECU,8,,,0,0,0,0
ECU,9,,,0,0,0,0
ECU,10,-0.028703873948745545,,1,0,0,1
ECU,11,,,0,0,0,0
ECU,12,0.009064443754875579,0.3333333333333333,3,1,2,0
ECU,13,-0.018158813269178217,,2,0,0,2
ECU,14,-0.03652011300394651,-0.4,5,0,3,2
ECU,15,-0.0028050354358477975,-0.14285714285714285,7,1,4,2
ECU,16,-0.031809017257770605,-0.6,5,0,2,3
ECU,17,-0.018907260197845003,,2,0,1,1
ECU,18,-0.0021030628555862756,0.0,4,0,4,0
ECU,19,-0.05953913556365141,-1.0,5,0,0,5
ECU,20,0.0031290717141147866,-0.1111111111111111,9,2,4,3
ECU,21,-0.006384250090235261,-0.2222222222222222,9,1,5,3
ECU,22,-0.016237416303483694,-0.625,8,0,3,5
ECU,23,-0.010210381551280024,-0.25,8,1,4,3
ECU,24,-0.021688417333589796,-0.3333333333333333,6,1,2,3
ECU,25,-0.030471798454042364,-0.3333333333333333,3,0,2,1
EGY,1,0.022982965301356996,0.4,5,3,1,1
EGY,2,0.023223915707937623,0.6,5,3,2,0
EGY,3,,,0,0,0,0
EGY,4,0.011401517331314037,,2,1,1,0
EGY,5,,,0,0,0,0
EGY,6,-0.00542168187040178,,1,0,1,0
EGY,8,,,0,0,0,0
EGY,9,,,0,0,0,0
EGY,10,0.0022660953117438296,,1,0,1,0
EGY,11,,,0,0,0,0
EGY,12,-0.002557402194823414,0.0,4,1,2,1
EGY,13,0.0028308014540363636,,2,0,2,0
EGY,14,-0.0052106168654797325,0.0,5,1,3,1
EGY,15,-0.003959498284901004,0.0,7,2,3,2
EGY,16,0.003510112983444261,0.2,5,2,2,1
EGY,17,-0.019763296302434397,,2,0,0,2
EGY,18,-0.0003740186270880298,0.0,4,0,4,0
EGY,19,-0.002837741608805534,-0.2,5,0,4,1
EGY,20,-0.013886116687539023,-0.1111111111111111,9,2,4,3
EGY,21,0.00025278085792780787,0.0,9,1,7,1
EGY,22,-0.006060061119169036,-0.125,8,1,5,2
EGY,23,-0.021525632991449526,-0.125,8,0,7,1
EGY,24,-0.0009870675709934067,0.0,6,1,4,1
EGY,25,0.006185589126766259,0.3333333333333333,3,1,2,0
ESP,1,0.000610056239069842,0.0,5,0,5,0
ESP,2,-0.0006807860949846262,0.0,5,0,5,0
ESP,3,,,0,0,0,0
ESP,4,-0.0072337855791952555,,2,0,2,0
ESP,5,,,0,0,0,0
ESP,6,-0.0060388826053442675,,1,0,1,0
ESP,8,,,0,0,0,0
ESP,9,,,0,0,0,0
ESP,10,-1.2181642384862911e-18,,1,0,1,0
ESP,11,,,0,0,0,0
ESP,12,0.0022083256543790988,0.0,5,0,5,0
ESP,13,-9.063080498087769e-18,,2,0,2,0
ESP,14,-0.003657613131910201,-0.2,5,0,4,1
ESP,15,-0.0010326868430636344,0.0,7,0,7,0
ESP,16,-0.0006807860949846474,0.0,5,0,5,0
ESP,17,-0.004454796587727735,,2,0,2,0
ESP,18,-0.0071602755884390135,-0.5,4,0,2,2
ESP,19,0.005694294726801453,0.2,5,1,4,0
ESP,20,-0.007151402773751074,-0.3333333333333333,9,0,6,3
ESP,21,0.0022985362639941697,0.1111111111111111,9,2,6,1
ESP,22,-0.0056902930256131235,0.0,8,1,6,1
ESP,23,-0.010337734838822752,-0.5,8,0,4,4
ESP,24,-0.001894343365067541,-0.16666666666666666,6,0,5,1
ESP,25,-0.0078306979393494,-0.3333333333333333,3,0,2,1
EST,1,0.00990153090079147,0.2,5,1,4,0
EST,2,0.00421147036980815,0.2,5,1,4,0
EST,3,,,0,0,0,0
EST,4,0.00198421632373004,,2,0,2,0
EST,5,,,0,0,0,0
EST,6,0.003968432647460105,,1,0,1,0
EST,8,,,0,0,0,0
EST,9,,,0,0,0,0
EST,10,-9.313491760257766e-18,,1,0,1,0
EST,11,,,0,0,0,0
EST,12,0.0234773983610122,0.6,5,3,2,0
EST,13,-8.30606115226989e-18,,2,0,2,0
EST,14,0.0017363841542426268,0.0,5,0,5,0
EST,15,-0.007056155337160259,-0.2857142857142857,7,0,5,2
EST,16,0.0003794849478203678,0.0,5,0,5,0
EST,17,0.0034001492529951672,,2,0,2,0
EST,18,0.003805650619524291,0.0,4,0,4,0
EST,19,-0.02579203005415374,-0.4,5,0,3,2
EST,20,-0.011006054634878741,-0.2222222222222222,9,0,7,2
EST,21,-0.0017862833925812792,0.0,9,1,7,1
EST,22,0.0010908719054874827,0.0,8,0,8,0
EST,23,0.00034447940520195876,0.0,8,0,8,0
EST,24,0.0025583890056609586,0.16666666666666666,6,1,5,0
EST,25,-0.011153429601980654,-0.3333333333333333,3,0,2,1
FIN,1,-0.01545956549176227,-0.4,5,0,3,2
FIN,2,-2.2626311747060102e-05,0.0,5,0,5,0
FIN,3,,,0,0,0,0
FIN,4,-0.001709038116308599,,2,0,2,0
FIN,5,,,0,0,0,0
FIN,6,-0.0034180762326172314,,1,0,1,0
FIN,8,,,0,0,0,0
FIN,9,,,0,0,0,0
FIN,10,4.817391823994168e-17,,1,0,1,0
FIN,11,,,0,0,0,0
FIN,12,-0.011729897838373377,-0.2,5,0,4,1
FIN,13,-4.4419531227324354e-18,,2,0,2,0
FIN,14,-0.007546450503888668,-0.4,5,0,3,2
FIN,15,0.00013920555319714618,0.14285714285714285,7,1,6,0
FIN,16,-2.262631174706439e-05,0.0,5,0,5,0
FIN,17,-0.012805548028420363,,2,0,0,2
FIN,18,-0.006953959655578746,-0.25,4,0,3,1
FIN,19,-0.0014171898668858928,0.0,5,0,5,0
FIN,20,-0.001297936757716236,-0.1111111111111111,9,0,8,1
FIN,21,-0.00655415039044858,-0.3333333333333333,9,0,6,3
FIN,22,-0.004274777678697763,-0.125,8,0,7,1
FIN,23,0.004889890693236946,0.0,8,1,6,1
FIN,24,-0.015085596562103287,-0.5,6,0,3,3
FIN,25,-0.014425264433922683,-1.0,3,0,0,3
FRA,1,-0.0001536397531054646,0.0,5,0,5,0
FRA,2,0.0006471218358475594,0.0,5,0,5,0
FRA,3,,,0,0,0,0
FRA,4,-0.0018528322409827338,,2,0,2,0
FRA,5,,,0,0,0,0
FRA,6,-0.0037056644819654064,,1,0,1,0
FRA,8,,,0,0,0,0
FRA,9,,,0,0,0,0
FRA,10,-1.984054932042716e-17,,1,0,1,0
FRA,11,,,0,0,0,0
FRA,12,0.0030022254460619676,0.16666666666666666,6,1,5,0
FRA,13,4.5086745552680687e-17,,2,0,2,0
FRA,14,-6.381157041930145e-05,0.0,5,0,5,0
FRA,15,-0.0013406184341160706,0.0,7,0,7,0
FRA,16,0.0006471218358475406,0.0,5,0,5,0
FRA,17,-0.007469290208223209,,2,0,1,1
FRA,18,-0.006581821680903753,-0.25,4,0,3,1
FRA,19,0.002445587236655526,0.2,5,1,4,0
FRA,20,-0.0012719005281423804,0.0,9,0,9,0
FRA,21,-0.0056221600970798695,-0.1111111111111111,9,1,6,2
FRA,22,-0.0017170356005201599,-0.125,8,0,7,1
FRA,23,0.0003442005022035127,0.0,8,0,8,0
FRA,24,-0.008606338053066747,-0.16666666666666666,6,1,3,2
FRA,25,-0.00022970561338048215,0.0,3,0,3,0
GBR,1,-0.0029314499341243838,-0.2,5,0,4,1
GBR,2,-0.018851950645344083,-0.2,5,0,4,1
GBR,3,,,0,0,0,0
GBR,4,-0.012153018434968956,,2,0,1,1
GBR,5,,,0,0,0,0
GBR,6,-0.003576019077311392,,1,0,1,0
GBR,8,,,0,0,0,0
GBR,9,,,0,0,0,0
GBR,10,3.7315668249990486e-17,,1,0,1,0
GBR,11,,,0,0,0,0
GBR,12,-0.003509654072860975,0.0,6,1,4,1
GBR,13,0.0063563612910568276,,2,1,1,0
GBR,14,-0.010607196395596988,-0.4,5,0,3,2
GBR,15,0.009592767492681132,0.2857142857142857,7,2,5,0
GBR,16,0.0008827742778988638,0.0,5,0,5,0
GBR,17,-0.026136003458409232,,2,0,0,2
GBR,18,0.002494641983360699,0.0,4,0,4,0
GBR,19,0.006271243052684186,0.2,5,1,4,0
GBR,20,-0.0032547744608738397,-0.1111111111111111,9,1,6,2
GBR,21,-0.005376325554141922,-0.1111111111111111,9,0,8,1
GBR,22,-0.017287642890765908,-0.5,8,0,4,4
GBR,23,-0.026839014812903635,-0.375,8,0,5,3
GBR,24,-0.012437735321776574,-0.3333333333333333,6,0,4,2
GBR,25,-0.011593026181946547,-0.3333333333333333,3,0,2,1
GHA,1,-0.0018365114707689224,0.0,5,0,5,0
GHA,2,0.0025367198630735143,0.2,5,1,4,0
GHA,3,,,0,0,0,0
GHA,4,0.03768784738594253,,2,1,1,0
GHA,5,,,0,0,0,0
GHA,6,-0.0055454103971613045,,1,0,1,0
GHA,8,,,0,0,0,0
GHA,9,,,0,0,0,0
GHA,10,0.030294962146352928,,1,1,0,0
GHA,11,,,0,0,0,0
GHA,12,0.0005359937402190919,,2,0,2,0
GHA,13,9.449295352080458e-18,,2,0,2,0
GHA,14,-0.0006028018373214872,0.0,5,0,5,0
GHA,15,-0.0084303754393131,-0.2857142857142857,7,0,5,2
GHA,16,0.010713219940929851,0.2,5,1,4,0
GHA,17,-0.0031282458658040677,,2,0,2,0
GHA,18,0.009126716786562815,0.25,4,1,3,0
GHA,19,0.0007783086260727224,0.0,5,0,5,0
GHA,20,0.009821799417527042,0.4444444444444444,9,4,5,0
GHA,21,0.009687904426612277,0.3333333333333333,9,3,6,0
GHA,22,0.01089658106536014,0.125,8,1,7,0
GHA,23,0.006527795874414657,0.375,8,3,5,0
GHA,24,0.029787937465948766,0.3333333333333333,6,2,4,0
GHA,25,-0.0005040207931432547,0.0,3,0,3,0
GRC,1,-0.004738117653831772,-0.2,5,0,4,1
GRC,2,0.004888166993370196,0.2,5,1,4,0
GRC,3,,,0,0,0,0
GRC,4,-0.0025584019708182948,,2,0,2,0
GRC,5,,,0,0,0,0
GRC,6,-0.005116803941636655,,1,0,1,0
GRC,8,,,0,0,0,0
GRC,9,,,0,0,0,0
GRC,10,-1.5800285027639175e-17,,1,0,1,0
GRC,11,,,0,0,0,0
GRC,12,0.0032988523550028202,0.2,5,1,4,0
GRC,13,-0.0031705797998244603,,2,0,2,0
GRC,14,0.0005504689184752342,0.2,5,1,4,0
GRC,15,-0.015330764386860913,-0.2857142857142857,7,0,5,2
GRC,16,0.005917576285319162,0.2,5,1,4,0
GRC,17,-0.0019058286939362767,,2,0,2,0
GRC,18,-0.009838177902508674,-0.5,4,0,2,2
GRC,19,0.014351479413540142,0.2,5,2,2,1
GRC,20,-0.001433964979012836,0.0,9,0,9,0
GRC,21,-0.0014830817474053566,-0.3333333333333333,9,1,4,4
GRC,22,-0.0006017293343984578,0.0,8,0,8,0
GRC,23,-0.005979922721235215,-0.25,8,0,6,2
GRC,24,-0.01810338228007923,-0.5,6,0,3,3
GRC,25,-0.002811016172805315,0.0,3,0,3,0
HKG,1,0.011047237965265343,0.2,5,2,2,1
HKG,2,0.00044728819771379987,0.0,4,0,4,0
HKG,3,,,0,0,0,0
HKG,4,-0.00036569370675281014,,2,0,2,0
HKG,5,,,0,0,0,0
HKG,6,-0.00055484055867872,,1,0,1,0
HKG,8,,,0,0,0,0
HKG,9,,,0,0,0,0
HKG,10,3.593769259131733e-17,,1,0,1,0
HKG,11,,,0,0,0,0
HKG,12,0.0021772300469483116,,2,0,2,0
HKG,13,-0.047010699465400596,,1,0,0,1
HKG,14,0.005700057155688636,0.0,5,1,3,1
HKG,15,0.012607929101602645,0.2857142857142857,7,3,3,1
HKG,16,0.0007526901726934011,0.0,4,0,4,0
HKG,17,0.002415617511003145,,2,0,2,0
HKG,18,0.011111431470039443,0.25,4,1,3,0
HKG,19,0.001148018834969643,0.0,5,0,5,0
HKG,20,0.016926696932299583,0.25,8,4,2,2
HKG,21,-0.002006716427320923,-0.14285714285714285,7,1,4,2
HKG,22,0.006381453026151035,0.16666666666666666,6,1,5,0
HKG,23,-0.005541156658024068,0.0,7,1,5,1
HKG,24,-0.00613191383414496,-0.2,5,0,4,1
HKG,25,0.006736032806509665,0.3333333333333333,3,1,2,0
HRV,1,0.010768779154032937,0.2,5,1,4,0
HRV,2,0.002581634419031467,0.2,5,1,4,0
HRV,3,,,0,0,0,0
HRV,4,-0.0010401225931539323,,2,0,2,0
HRV,5,,,0,0,0,0
HRV,6,-0.0020802451863078586,,1,0,1,0
HRV,8,,,0,0,0,0
HRV,9,,,0,0,0,0
HRV,10,-0.045289763038948994,,1,0,0,1
HRV,11,,,0,0,0,0
HRV,12,0.005362118323097177,0.2,5,1,4,0
HRV,13,-1.377757577473907e-17,,2,0,2,0
HRV,14,0.005937813488669217,0.4,5,2,3,0
HRV,15,-0.011553201812959992,-0.2857142857142857,7,0,5,2
HRV,16,0.0057012594101404,0.2,5,1,4,0
HRV,17,-0.007086529007672322,,2,0,1,1
HRV,18,-0.0016723495032680913,0.0,4,0,4,0
HRV,19,0.001830956748876126,0.0,5,0,5,0
HRV,20,-0.01174600437006069,-0.4444444444444444,9,0,5,4
HRV,21,-0.0015906110931989286,-0.1111111111111111,9,1,6,2
HRV,22,-0.011165317901807513,-0.25,8,0,6,2
HRV,23,-0.00845885611629685,-0.375,8,0,5,3
HRV,24,-0.0026362490754670543,-0.16666666666666666,6,0,5,1
HRV,25,0.002550945730092078,0.3333333333333333,3,1,2,0
HUN,1,-0.0010870425296500888,0.0,5,0,5,0
HUN,2,0.0008937453937896978,0.0,5,1,3,1
HUN,3,,,0,0,0,0
HUN,4,-0.004128126253239356,,2,0,2,0
HUN,5,,,0,0,0,0
HUN,6,-0.004958812863091218,,1,0,1,0
HUN,8,,,0,0,0,0
HUN,9,,,0,0,0,0
HUN,10,-0.0024589544872113487,,1,0,1,0
HUN,11,,,0,0,0,0
HUN,12,0.0064099882868677545,0.2,5,1,4,0
HUN,13,-3.147208247480608e-17,,2,0,2,0
HUN,14,-0.004586707189772381,-0.2,5,0,4,1
HUN,15,0.009227791269498279,0.42857142857142855,7,3,4,0
HUN,16,-0.0083651517444743,-0.4,5,0,3,2
HUN,17,-0.007295572882920307,,2,0,1,1
HUN,18,-0.0002815714723172745,0.0,4,0,4,0
HUN,19,-0.0039458817694091545,-0.2,5,0,4,1
HUN,20,-0.0029863725228909,-0.1111111111111111,9,0,8,1
HUN,21,-0.00433060062793239,-0.2222222222222222,9,1,5,3
HUN,22,-0.037681659260008195,-0.375,8,0,5,3
HUN,23,-0.004273330023716598,-0.125,8,0,7,1
HUN,24,-0.0092306471523306,-0.3333333333333333,6,0,4,2
HUN,25,-0.004616003771175666,-0.3333333333333333,3,0,2,1
IDN,1,-0.018240649471779932,-0.6,5,0,2,3
IDN,2,-0.012377249863346006,0.0,5,1,3,1
IDN,3,,,0,0,0,0
IDN,4,0.0009319580737786595,,2,0,2,0
IDN,5,-0.006970835420315117,,1,0,1,0
IDN,6,0.005918798748752263,,1,0,1,0
IDN,8,,,0,0,0,0
IDN,9,,,0,0,0,0
IDN,10,-0.11310387061271499,,1,0,0,1
IDN,11,,,0,0,0,0
IDN,12,0.08574626674536821,0.0,3,1,1,1
IDN,13,0.013774046821715935,,2,1,1,0
IDN,14,-0.02527421045420447,-0.8,5,0,1,4
IDN,15,-0.006972958086578528,0.0,7,1,5,1
IDN,16,-0.013870575562025296,-0.2,5,1,2,2
IDN,17,-0.020537106946769954,,2,0,0,2
IDN,18,-0.003907846481418685,-0.25,4,0,3,1
IDN,19,-0.010798477863308165,-0.6,5,0,2,3
IDN,20,-0.008388165040631841,-0.4444444444444444,9,1,3,5
IDN,21,-0.021284750568246573,-0.4444444444444444,9,1,3,5
IDN,22,-0.0034979364662369393,-0.125,8,1,5,2
IDN,23,-0.006503268350288609,-0.25,8,1,4,3
IDN,24,-0.033905432657752026,-0.6666666666666666,6,0,2,4
IDN,25,-0.028451805552759585,-0.6666666666666666,3,0,1,2
IND,1,0.01843163885868843,0.6,5,3,2,0
IND,2,0.0018273187278537771,0.2,5,2,2,1
IND,3,,,0,0,0,0
IND,4,-0.0060818903953313635,,2,0,1,1
IND,5,-0.03592026043397299,,1,0,0,1
IND,6,0.0018289812193553931,,1,0,1,0
IND,8,,,0,0,0,0
IND,9,,,0,0,0,0
IND,10,-0.04106293277663532,,1,0,0,1
IND,11,,,0,0,0,0
IND,12,0.008762585913648802,0.5,4,2,2,0
IND,13,0.009953410163349077,,2,1,1,0
IND,14,0.010978234069416936,0.4,5,2,3,0
IND,15,-0.030703263661181257,-0.7142857142857143,7,0,2,5
IND,16,-0.0065563202294040245,-0.2,5,1,2,2
IND,17,0.0030725381064835985,,2,0,2,0
IND,18,0.0005955410215032373,0.0,4,0,4,0
IND,19,-0.030655858953343367,-0.4,5,0,3,2
IND,20,-0.0032313656405600403,-0.2222222222222222,9,0,7,2
IND,21,-0.00019197862990886973,-0.1111111111111111,9,2,4,3
IND,22,-0.00180082163790892,-0.125,8,2,3,3
IND,23,-0.043657444547734785,-0.625,8,0,3,5
IND,24,-0.0042085215349527355,-0.16666666666666666,6,1,3,2
IND,25,0.01084679931694695,0.3333333333333333,3,1,2,0
IRL,1,-9.266677049162772e-05,0.0,5,0,5,0
IRL,2,0.00032064086558177235,0.0,5,0,5,0
IRL,3,,,0,0,0,0
IRL,4,0.0025622052936143972,,2,0,2,0
IRL,5,,,0,0,0,0
IRL,6,0.005124410587228787,,1,0,1,0
IRL,8,,,0,0,0,0
IRL,9,,,0,0,0,0
IRL,10,1.499209231702878e-17,,1,0,1,0
IRL,11,,,0,0,0,0
IRL,12,0.01172972924465099,0.4,5,2,3,0
IRL,13,0.0017157368464539543,,2,0,2,0
IRL,14,0.005320614449174951,0.4,5,2,3,0
IRL,15,0.0002156745032243896,0.0,7,0,7,0
IRL,16,0.0003206408655817667,0.0,5,0,5,0
IRL,17,-0.0010726279032810184,,2,0,2,0
IRL,18,-4.8880624734922146e-05,0.0,4,0,4,0
IRL,19,1.0773020716534513e-17,0.0,5,0,5,0
IRL,20,-0.001014038977912154,0.0,9,0,9,0
IRL,21,0.004411463392443568,0.2222222222222222,9,2,7,0
IRL,22,-5.9240360482962215e-05,0.0,8,0,8,0
IRL,23,0.003931510682380409,0.125,8,1,7,0
IRL,24,0.004675055525090613,0.16666666666666666,6,1,5,0
IRL,25,0.005379628450745391,0.3333333333333333,3,1,2,0
ISR,1,-0.0008744522361252979,0.0,5,0,5,0
ISR,2,-0.02396441144123367,-0.5,4,0,2,2
ISR,3,,,0,0,0,0
ISR,4,-0.004766765080337313,,1,0,1,0
ISR,5,,,0,0,0,0
ISR,6,,,0,0,0,0
ISR,8,,,0,0,0,0
ISR,9,,,0,0,0,0
ISR,10,9.160209968778034e-18,,1,0,1,0
ISR,11,,,0,0,0,0
ISR,12,0.08560028453922794,0.6666666666666666,3,2,1,0
ISR,13,0.00442985504751885,,2,0,2,0
ISR,14,-0.014761888239764882,-0.6666666666666666,3,0,1,2
ISR,15,0.006804593275953602,0.0,5,1,3,1
ISR,16,-0.01400015517284944,-0.5,4,0,2,2
ISR,17,9.465108394518256e-18,,1,0,1,0
ISR,18,0.005701411387545198,0.3333333333333333,3,1,2,0
ISR,19,-0.008823148403947453,-0.4,5,0,3,2
ISR,20,-0.0005140931880569956,0.0,9,0,9,0
ISR,21,-0.008780892174376519,-0.2222222222222222,9,0,7,2
ISR,22,-0.006382735481490035,-0.125,8,0,7,1
ISR,23,-0.0391201275156726,-0.375,8,0,5,3
ISR,24,-0.004641767320611133,-0.16666666666666666,6,0,5,1
ISR,25,-0.023304555762083318,,2,0,0,2
ITA,1,-0.0010733900915278873,0.0,5,0,5,0
ITA,2,-0.0003971970027968437,0.0,5,0,5,0
ITA,3,,,0,0,0,0
ITA,4,-0.005041179402881793,,2,0,1,1
ITA,5,,,0,0,0,0
ITA,6,-0.010082358805763574,,1,0,0,1
ITA,8,,,0,0,0,0
ITA,9,,,0,0,0,0
ITA,10,1.7246351589630366e-17,,1,0,1,0
ITA,11,,,0,0,0,0
ITA,12,0.0034439800856966834,0.0,6,0,6,0
ITA,13,-0.009163333066673109,,2,0,1,1
ITA,14,-0.000993243072427695,0.0,5,0,5,0
ITA,15,-0.012032052639664942,-0.14285714285714285,7,0,6,1
ITA,16,-0.0007447775234516769,0.0,5,0,5,0
ITA,17,-0.006832416790733857,,2,0,1,1
ITA,18,0.007616908016810978,0.25,4,1,3,0
ITA,19,-0.02734340538616733,-0.8,5,0,1,4
ITA,20,-0.0026583473331003482,-0.1111111111111111,9,0,8,1
ITA,21,-0.01456215068000912,-0.4444444444444444,9,0,5,4
ITA,22,0.004313890428471174,0.0,8,1,6,1
ITA,23,-0.03315541992869139,-0.75,8,0,2,6
ITA,24,-0.007938544935179757,-0.3333333333333333,6,0,4,2
ITA,25,-0.018040513891430285,-0.3333333333333333,3,0,2,1
JAM,1,-0.013221128972913544,-0.2,5,0,4,1
JAM,2,0.003171529178670975,0.2,5,1,4,0
JAM,3,,,0,0,0,0
JAM,4,-0.002534190647900282,,2,0,1,1
JAM,5,,,0,0,0,0
JAM,6,-0.010512858496281745,,1,0,0,1
JAM,8,,,0,0,0,0
JAM,9,,,0,0,0,0
JAM,10,-0.23410693162061008,,1,0,0,1
JAM,11,,,0,0,0,0
JAM,12,1.9483704904992945e-18,,2,0,2,0
JAM,13,-3.9253938409411766e-18,,2,0,2,0
JAM,14,-0.019780476382725724,-0.4,5,0,3,2
JAM,15,0.0001288056996205456,0.0,7,0,7,0
JAM,16,-0.0033342067798980773,-0.2,5,0,4,1
JAM,17,-0.006727694737312643,,2,0,1,1
JAM,18,-0.0020198850944616984,0.0,4,0,4,0
JAM,19,-0.00793288460501379,-0.4,5,0,3,2
JAM,20,0.02398820413688545,0.5555555555555556,9,5,4,0
JAM,21,0.01632172944985959,0.2222222222222222,9,3,5,1
JAM,22,0.0003932733425710906,0.0,8,0,8,0
JAM,23,-0.0032033856212389995,-0.125,8,0,7,1
JAM,24,-0.009823096289366137,0.0,6,1,4,1
JAM,25,0.0009854472567382535,0.0,3,0,3,0
JOR,1,-0.0027872273137776833,0.2,5,2,2,1
JOR,2,-0.0010158721996155616,0.0,5,0,5,0
JOR,3,,,0,0,0,0
JOR,4,0.020744125392005895,,2,2,0,0
JOR,5,,,0,0,0,0
JOR,6,0.016914067604026244,,1,1,0,0
JOR,8,,,0,0,0,0
JOR,9,,,0,0,0,0
JOR,10,-2.075194500958691e-17,,1,0,1,0
JOR,11,,,0,0,0,0
JOR,12,0.002574334898278461,,2,0,2,0
JOR,13,-0.02031854869312398,,2,0,1,1
JOR,14,-0.0030045334191860476,-0.2,5,0,4,1
JOR,15,0.0059243803519128824,0.2857142857142857,7,2,5,0
JOR,16,-0.0010158721996155766,0.0,5,0,5,0
JOR,17,0.026603882112879635,,2,2,0,0
JOR,18,0.003375116873011255,0.0,4,0,4,0
JOR,19,-0.0013074342755442225,0.0,5,1,3,1
JOR,20,0.011514594243276357,0.5555555555555556,9,5,4,0
JOR,21,-0.0012328559200696998,0.1111111111111111,9,2,6,1
JOR,22,-0.002594030606698823,-0.125,8,0,7,1
JOR,23,-0.005319507536050781,-0.125,8,0,7,1
JOR,24,-0.004192681441134434,0.0,6,1,4,1
JOR,25,0.0043989496137450184,0.3333333333333333,3,1,2,0
JPN,1,0.0013050570177567755,0.0,5,0,5,0
JPN,2,0.0013056974391456643,0.0,5,0,5,0
JPN,3,,,0,0,0,0
JPN,4,-0.0017737976611942447,,2,0,2,0
JPN,5,,,0,0,0,0
JPN,6,-0.0035475953223885323,,1,0,1,0
JPN,8,,,0,0,0,0
JPN,9,,,0,0,0,0
JPN,10,4.668957553137809e-17,,1,0,1,0
JPN,11,,,0,0,0,0
JPN,12,0.001045989058719323,0.0,6,0,6,0
JPN,13,1.4259093279786718e-17,,2,0,2,0
JPN,14,0.0014148032437560844,0.0,5,1,3,1
JPN,15,0.009344428032737525,0.14285714285714285,7,1,6,0
JPN,16,-0.0014065300550918209,-0.2,5,0,4,1
JPN,17,-0.005010986518412329,,2,0,1,1
JPN,18,0.0002560721132754314,0.0,4,0,4,0
JPN,19,2.136318812555097e-17,0.0,5,0,5,0
JPN,20,-0.00017522587827015058,0.0,9,0,9,0
JPN,21,0.0029761534852325044,0.1111111111111111,9,1,8,0
JPN,22,-1.3670852419138176e-05,0.0,8,0,8,0
JPN,23,-0.0021559231216459617,-0.125,8,0,7,1
JPN,24,0.0042684139019243915,0.16666666666666666,6,1,5,0
JPN,25,-0.00013758112673958758,0.0,3,0,3,0
KAZ,1,0.0016129174018186302,0.0,5,0,5,0
KAZ,2,0.002747959609906227,0.2,5,1,4,0
KAZ,3,,,0,0,0,0
KAZ,4,0.00031689623820084284,,2,0,2,0
KAZ,5,0.0039691402094480495,,1,0,1,0
KAZ,6,0.000633792476401697,,1,0,1,0
KAZ,8,,,0,0,0,0
KAZ,9,,,0,0,0,0
KAZ,10,0.00010446538671094237,,1,0,1,0
KAZ,11,,,0,0,0,0
KAZ,12,0.0032982537397093573,0.16666666666666666,6,1,5,0
KAZ,13,0.00024651391472012784,,2,0,2,0
KAZ,14,-0.003679267212537192,-0.2,5,0,4,1
KAZ,15,-0.007960913008295033,-0.14285714285714285,7,0,6,1
KAZ,16,0.002415550833862393,0.2,5,1,4,0
KAZ,17,-0.002848710095696266,,2,0,2,0
KAZ,18,-0.002505550662909987,0.0,4,0,4,0
KAZ,19,0.01735926765309149,0.4,5,2,3,0
KAZ,20,0.0014824532252301352,0.1111111111111111,9,1,8,0
KAZ,21,-0.00957138838705317,-0.3333333333333333,9,0,6,3
KAZ,22,0.00029408282989991483,0.0,8,0,8,0
KAZ,23,-0.011641375720378159,-0.375,8,0,5,3
KAZ,24,-0.007322210620615489,-0.16666666666666666,6,0,5,1
KAZ,25,0.00047537252205669963,0.0,3,0,3,0
KEN,1,-0.004096832476686019,-0.2,5,1,2,2
KEN,2,0.0019971585674140035,0.0,5,1,3,1
KEN,3,,,0,0,0,0
KEN,4,-0.005331634162074345,,2,0,1,1
KEN,5,,,0,0,0,0
KEN,6,0.0018203028300926407,,1,0,1,0
KEN,8,,,0,0,0,0
KEN,9,,,0,0,0,0
KEN,10,6.507237105351104e-17,,1,0,1,0
KEN,11,,,0,0,0,0
KEN,12,0.005765855412105034,0.25,4,1,3,0
KEN,13,-0.01235075798400241,,2,0,1,1
KEN,14,-0.008480014190628061,-0.4,5,0,3,2
KEN,15,0.01680580475593642,0.0,7,1,5,1
KEN,16,-0.0034922846740268274,-0.2,5,0,4,1
KEN,17,0.010446836426596263,,2,1,1,0
KEN,18,-0.013133060508415884,-0.25,4,0,3,1
KEN,19,0.01243946380538688,0.2,5,2,2,1
KEN,20,-0.0004099578087021677,0.1111111111111111,9,1,8,0
KEN,21,-0.022255381524744156,-0.5555555555555556,9,1,2,6
KEN,22,-0.009666746026770078,-0.25,8,0,6,2
KEN,23,0.006945175050309642,0.25,8,3,4,1
KEN,24,-0.04619602137674603,-0.6666666666666666,6,1,0,5
KEN,25,-0.002495596321224938,-0.3333333333333333,3,0,2,1
KOR,1,0.01077245167600695,0.2,5,1,4,0
KOR,2,-0.019592705032831555,-0.2,5,0,4,1
KOR,3,,,0,0,0,0
KOR,4,0.040064144322155354,,2,1,1,0
KOR,5,,,0,0,0,0
KOR,6,0.0028121563496418577,,1,0,1,0
KOR,8,,,0,0,0,0
KOR,9,,,0,0,0,0
KOR,10,-1.4018877310915692e-17,,1,0,1,0
KOR,11,,,0,0,0,0
KOR,12,-0.002023133699524869,-0.2,5,0,4,1
KOR,13,-1.5122921294924326e-17,,2,0,2,0
KOR,14,0.02268364759443128,0.8,5,4,1,0
KOR,15,0.019300993691664804,0.5714285714285714,7,4,3,0
KOR,16,0.026977093418795742,0.4,5,2,3,0
KOR,17,0.005334103455742656,,2,1,1,0
KOR,18,-0.0003464663312469732,0.0,4,0,4,0
KOR,19,-0.0017333774805847082,0.2,5,2,2,1
KOR,20,0.013903987872666909,0.1111111111111111,9,3,4,2
KOR,21,0.02481676781596381,0.4444444444444444,9,4,5,0
KOR,22,0.0031024509111826307,0.125,8,2,5,1
KOR,23,0.04479519640606366,0.5,8,4,4,0
KOR,24,0.010649993270755944,0.16666666666666666,6,2,3,1
KOR,25,0.04687957225807953,1.0,3,3,0,0
KWT,1,-0.012333734686297658,-0.25,4,0,3,1
KWT,2,-0.0003421288236186628,0.0,5,0,5,0
KWT,3,,,0,0,0,0
KWT,4,-0.0005390250068362266,,2,0,2,0
KWT,5,,,0,0,0,0
KWT,6,-0.0010780500136724647,,1,0,1,0
KWT,8,,,0,0,0,0
KWT,9,,,0,0,0,0
KWT,10,2.0693253765885366e-17,,1,0,1,0
KWT,11,,,0,0,0,0
KWT,12,0.0011012727016266562,0.0,3,0,3,0
KWT,13,-0.0014790834883209873,,2,0,2,0
KWT,14,-0.008393507133304771,-0.2,5,0,4,1
KWT,15,-0.0027285567397263405,0.0,7,2,3,2
KWT,16,0.00016272873984669878,0.0,5,0,5,0
KWT,17,0.012447833730228808,,2,1,1,0
KWT,18,-0.0006930327042487533,-0.3333333333333333,3,0,2,1
KWT,19,,,0,0,0,0
KWT,20,-0.027391644268418135,-0.5,4,0,2,2
KWT,21,-0.0036611357088536063,-0.2222222222222222,9,0,7,2
KWT,22,-0.002924213379981958,0.0,8,0,8,0
KWT,23,-0.007771156875417709,-0.25,8,0,6,2
KWT,24,-0.0027291111738863816,-0.16666666666666666,6,0,5,1
KWT,25,-0.003383315855329487,-0.3333333333333333,3,0,2,1
LKA,1,0.021190967564779468,0.6,5,3,2,0
LKA,2,0.00454874099793574,0.2,5,1,4,0
LKA,3,,,0,0,0,0
LKA,4,0.008829412865783424,,2,1,1,0
LKA,5,,,0,0,0,0
LKA,6,1.5530368501128953e-05,,1,0,1,0
LKA,8,,,0,0,0,0
LKA,9,,,0,0,0,0
LKA,10,-0.00976349575804515,,1,0,1,0
LKA,11,,,0,0,0,0
LKA,12,0.012675330371163196,0.6666666666666666,3,2,1,0
LKA,13,-0.001068226963786838,,2,0,2,0
LKA,14,0.024945510834185676,0.8,5,4,1,0
LKA,15,-0.007026331573066718,0.14285714285714285,7,2,4,1
LKA,16,-0.002967680226207956,0.0,5,1,3,1
LKA,17,-0.006368598553268355,,2,0,1,1
LKA,18,0.043811890165617505,0.5,4,2,2,0
LKA,19,0.00793181017795887,0.4,5,2,3,0
LKA,20,0.026548394856212125,0.8888888888888888,9,8,1,0
LKA,21,0.043571744440029175,0.7777777777777778,9,7,2,0
LKA,22,-0.0046078505579371385,-0.25,8,1,4,3
LKA,23,0.015127831494474915,0.375,8,3,5,0
LKA,24,0.037207428859783655,0.3333333333333333,6,3,2,1
LKA,25,0.03592897201195258,1.0,3,3,0,0
LTU,1,0.010431028757016599,0.2,5,1,4,0
LTU,2,-0.01659548687534717,0.0,5,1,3,1
LTU,3,,,0,0,0,0
LTU,4,-0.01026800398743877,,2,0,1,1
LTU,5,,,0,0,0,0
LTU,6,0.003303512486634793,,1,0,1,0
LTU,8,,,0,0,0,0
LTU,9,,,0,0,0,0
LTU,10,-2.0190189376493925e-17,,1,0,1,0
LTU,11,,,0,0,0,0
LTU,12,-0.0015397397029599514,0.0,5,1,3,1
LTU,13,-5.791549722912991e-18,,2,0,2,0
LTU,14,0.007058299188395243,0.2,5,1,4,0
LTU,15,0.017164657921371316,0.14285714285714285,7,2,4,1
LTU,16,0.0019896424212908314,0.2,5,1,4,0
LTU,17,0.0003772333237841407,,2,0,2,0
LTU,18,0.0034282210531950442,0.0,4,0,4,0
LTU,19,-0.032001265876060614,-0.6,5,0,2,3
LTU,20,-0.0017603072071549321,-0.1111111111111111,9,0,8,1
LTU,21,0.002747668509640035,0.1111111111111111,9,1,8,0
LTU,22,-0.00021873363870628232,0.0,8,0,8,0
LTU,23,-0.01134319540283244,-0.125,8,0,7,1
LTU,24,-0.001692910153719478,0.0,6,1,4,1
LTU,25,0.01797516431607158,0.6666666666666666,3,2,1,0
LUX,1,0.0008417231652987098,0.0,5,0,5,0
LUX,2,0.0007789243184207108,0.0,4,0,4,0
LUX,3,,,0,0,0,0
LUX,4,-0.002301099929951327,,2,0,2,0
LUX,5,,,0,0,0,0
LUX,6,-0.004602199859902659,,1,0,1,0
LUX,8,,,0,0,0,0
LUX,9,,,0,0,0,0
LUX,10,4.020897065714286e-17,,1,0,1,0
LUX,11,,,0,0,0,0
LUX,12,0.007301960438215472,0.2,5,1,4,0
LUX,13,-4.3684647418402964e-18,,2,0,2,0
LUX,14,0.002759603607921626,0.2,5,1,4,0
LUX,15,0.002118759103275137,0.0,7,0,7,0
LUX,16,0.0007789243184206857,0.0,4,0,4,0
LUX,17,-0.005139809134806283,,2,0,1,1
LUX,18,0.012560914668793048,0.25,4,1,3,0
LUX,19,0.0005649267403048322,0.0,5,1,3,1
LUX,20,-0.0009471235121162667,0.0,9,0,9,0
LUX,21,0.0016787005899397119,0.1111111111111111,9,1,8,0
LUX,22,0.0016016365054093119,0.125,8,1,7,0
LUX,23,1.630999896581136e-17,0.0,8,0,8,0
LUX,24,0.0008894661514791494,0.0,6,0,6,0
LUX,25,0.00543090754238426,0.3333333333333333,3,1,2,0
LVA,1,0.008407559762635988,0.4,5,2,3,0
LVA,2,0.0056537739323874875,0.2,5,1,4,0
LVA,3,,,0,0,0,0
LVA,4,0.001516120197075478,,2,0,2,0
LVA,5,,,0,0,0,0
LVA,6,0.0030322403941509374,,1,0,1,0
LVA,8,,,0,0,0,0
LVA,9,,,0,0,0,0
LVA,10,0.016618032286122377,,1,1,0,0
LVA,11,,,0,0,0,0
LVA,12,5.410614107346852e-05,0.0,5,0,5,0
LVA,13,0.015311390099786375,,2,1,1,0
LVA,14,0.006843760597804935,0.4,5,2,3,0
LVA,15,0.009307795954966934,0.2857142857142857,7,2,5,0
LVA,16,0.0031496498877871316,0.0,5,0,5,0
LVA,17,0.009322115387652638,,2,1,1,0
LVA,18,0.002998988412162415,0.0,4,0,4,0
LVA,19,-0.01580391968976946,-0.2,5,0,4,1
LVA,20,-0.006193363137218658,-0.1111111111111111,9,0,8,1
LVA,21,-0.00933317975590209,-0.4444444444444444,9,0,5,4
LVA,22,-1.4611864973905048e-06,0.0,8,1,6,1
LVA,23,-0.0038877534561744744,-0.125,8,0,7,1
LVA,24,0.0003609216244047072,0.0,6,1,4,1
LVA,25,-0.00730466367651797,-0.3333333333333333,3,0,2,1
MAR,1,7.927732701853857e-17,0.0,5,0,5,0
MAR,2,0.0006899999887658077,0.0,5,0,5,0
MAR,3,,,0,0,0,0
MAR,4,-0.005623079484461344,,2,0,1,1
MAR,5,,,0,0,0,0
MAR,6,-0.01124615896892267,,1,0,0,1
MAR,8,,,0,0,0,0
MAR,9,,,0,0,0,0
MAR,10,6.189003661888004e-17,,1,0,1,0
MAR,11,,,0,0,0,0
MAR,12,0.005851543045979485,0.25,4,1,3,0
MAR,13,-0.005800123852549941,,2,0,2,0
MAR,14,-0.0004558279345980196,0.0,5,0,5,0
MAR,15,0.0024523192309516034,0.14285714285714285,7,1,6,0
MAR,16,0.0006899999887657916,0.0,5,0,5,0
MAR,17,-0.013174389882456826,,2,0,1,1
MAR,18,0.0008177115898905974,0.0,4,0,4,0
MAR,19,1.2985851101713164e-18,0.0,5,0,5,0
MAR,20,-0.00010861123691343793,0.0,9,0,9,0
MAR,21,0.0002989003055961403,0.1111111111111111,9,1,8,0
MAR,22,-0.00023696144193179915,0.0,8,0,8,0
MAR,23,-0.00230593162554793,0.0,8,0,8,0
MAR,24,-0.0016503347870812101,0.0,6,0,6,0
MAR,25,0.004292091249545156,0.3333333333333333,3,1,2,0
MEX,1,0.00048031445196515776,0.0,5,1,3,1
MEX,2,-0.020710082371460145,-0.4,5,0,3,2
MEX,3,,,0,0,0,0
MEX,4,-0.003570387577852656,,2,0,2,0
MEX,5,,,0,0,0,0
MEX,6,-0.009190996695635417,,1,0,1,0
MEX,8,,,0,0,0,0
MEX,9,,,0,0,0,0
MEX,10,-0.0028928876320133464,,1,0,1,0
MEX,11,,,0,0,0,0
MEX,12,0.002538044999678559,0.0,6,0,6,0
MEX,13,-0.006506734779039258,,2,0,1,1
MEX,14,-0.0008305984542167084,0.0,5,1,3,1
MEX,15,-0.057972278132568625,-0.8571428571428571,7,0,1,6
MEX,16,-0.003923291926853389,-0.2,5,0,4,1
MEX,17,-0.003093354159896178,,2,0,2,0
MEX,18,-0.0038268908146306623,-0.25,4,0,3,1
MEX,19,-0.005516745925613445,-0.4,5,1,1,3
MEX,20,-0.009950437510837063,-0.3333333333333333,9,1,4,4
MEX,21,0.005178734254077219,0.2222222222222222,9,3,5,1
MEX,22,-0.007571951943024932,-0.25,8,0,6,2
MEX,23,-0.01658780364211545,-0.25,8,2,2,4
MEX,24,0.0064337552918162745,0.16666666666666666,6,2,3,1
MEX,25,-0.002957414767368637,-0.3333333333333333,3,0,2,1
MLT,1,-9.266677049161991e-05,0.0,5,0,5,0
MLT,2,-0.0010376893930045086,0.0,4,0,4,0
MLT,3,,,0,0,0,0
MLT,4,-0.0018912263400217152,,2,0,2,0
MLT,5,,,0,0,0,0
MLT,6,-0.0037824526800434395,,1,0,1,0
MLT,8,,,0,0,0,0
MLT,9,,,0,0,0,0
MLT,10,-2.924915171316394e-17,,1,0,1,0
MLT,11,,,0,0,0,0
MLT,12,0.0020517375249072167,0.0,5,0,5,0
MLT,13,-3.0651459608996345e-18,,2,0,2,0
MLT,14,0.0003826266388797123,0.0,5,0,5,0
MLT,15,0.00040912544992756746,0.0,7,0,7,0
MLT,16,0.0016114309057996485,0.25,4,1,3,0
MLT,17,0.0022040556184067437,,2,0,2,0
MLT,18,-0.0015605452717867682,0.0,4,0,4,0
MLT,19,-0.0015618241771877814,0.0,5,0,5,0
MLT,20,3.258337107405452e-05,0.0,9,0,9,0
MLT,21,-0.0011836043551385277,-0.1111111111111111,9,0,8,1
MLT,22,0.0066921457860237114,0.375,8,3,5,0
MLT,23,3.454675316669392e-05,0.0,8,0,8,0
MLT,24,-0.0015913942589709524,0.0,6,0,6,0
MLT,25,-0.00011893124707463143,0.0,3,0,3,0
MYS,1,0.009413210925945797,0.4,5,2,3,0
MYS,2,-0.014898851614316764,-0.2,5,0,4,1
MYS,3,,,0,0,0,0
MYS,4,0.0033992506365247417,,2,0,2,0
MYS,5,,,0,0,0,0
MYS,6,0.006798501273049474,,1,0,1,0
MYS,8,,,0,0,0,0
MYS,9,,,0,0,0,0
MYS,10,1.9183319088887383e-17,,1,0,1,0
MYS,11,,,0,0,0,0
MYS,12,0.004889462315035739,0.3333333333333333,3,1,2,0
MYS,13,0.0035654129199020235,,2,0,2,0
MYS,14,0.0034649948430859464,0.2,5,1,4,0
MYS,15,0.00041966456233166494,0.0,7,0,7,0
MYS,16,0.00012116923089562897,0.0,5,0,5,0
MYS,17,0.00042414161740462065,,2,0,2,0
MYS,18,0.0014488988284364263,0.0,4,0,4,0
MYS,19,-0.002075450038270949,-0.2,5,0,4,1
MYS,20,0.0024750237169956957,0.1111111111111111,9,1,8,0
MYS,21,-0.0011965772054774535,-0.1111111111111111,9,0,8,1
MYS,22,-0.0017852581013514906,-0.125,8,0,7,1
MYS,23,-0.0015060061542725787,-0.125,8,0,7,1
MYS,24,-0.0022283501274824777,-0.16666666666666666,6,0,5,1
MYS,25,-0.0007692071449277429,0.0,3,0,3,0
NGA,1,0.008251600227875322,0.4,5,2,3,0
NGA,2,-0.008784685295087406,-0.4,5,0,3,2
NGA,3,,,0,0,0,0
NGA,4,5.352990400618509e-05,,2,0,2,0
NGA,5,,,0,0,0,0
NGA,6,-0.004961543443478511,,1,0,1,0
NGA,8,,,0,0,0,0
NGA,9,,,0,0,0,0
NGA,10,0.006942930316829004,,1,0,1,0
NGA,11,,,0,0,0,0
NGA,12,0.01109870985837281,0.6666666666666666,3,2,1,0
NGA,13,-0.03210022026179795,,2,0,1,1
NGA,14,0.013159615546719374,0.2,5,2,2,1
NGA,15,0.0010455227090559866,-0.2857142857142857,7,1,3,3
NGA,16,0.010645346780780711,0.0,5,1,3,1
NGA,17,-0.01384045847917216,,2,0,1,1
NGA,18,0.05548722704421182,0.75,4,3,1,0
NGA,19,-0.027004991002712586,-1.0,5,0,0,5
NGA,20,0.0021904846777686927,0.1111111111111111,9,1,8,0
NGA,21,0.0006413691520998669,0.0,9,3,3,3
NGA,22,0.010431387710539915,0.375,8,3,5,0
NGA,23,-0.01831859937528661,-0.5,8,0,4,4
NGA,24,-0.008747877237644818,0.0,6,2,2,2
NGA,25,-0.006696876353467895,0.0,3,1,1,1
NLD,1,-0.008747972958912744,-0.2,5,0,4,1
NLD,2,-0.0010237092424715982,0.0,5,0,5,0
NLD,3,,,0,0,0,0
NLD,4,-0.004830649124476828,,2,0,2,0
NLD,5,,,0,0,0,0
NLD,6,-0.009661298248953655,,1,0,1,0
NLD,8,,,0,0,0,0
NLD,9,,,0,0,0,0
NLD,10,-4.4956138283348506e-17,,1,0,1,0
NLD,11,,,0,0,0,0
NLD,12,0.017727400741612807,0.4,5,2,3,0
NLD,13,-2.845477947327607e-18,,2,0,2,0
NLD,14,-0.004765794245244858,0.0,5,0,5,0
NLD,15,-0.0008828805312562309,0.0,7,0,7,0
NLD,16,-0.001023709242471609,0.0,5,0,5,0
NLD,17,0.0017889929078359706,,2,0,2,0
NLD,18,-0.015537896374929848,-0.25,4,0,3,1
NLD,19,-0.003015478299426756,-0.2,5,0,4,1
NLD,20,-0.0001404650482341878,-0.1111111111111111,9,1,6,2
NLD,21,-0.011321759321159437,-0.3333333333333333,9,1,4,4
NLD,22,-0.000577389518828465,0.0,8,0,8,0
NLD,23,-0.0004718011152896092,0.0,8,0,8,0
NLD,24,-0.020639141425411213,-0.5,6,0,3,3
NLD,25,-0.012751458344019717,-0.3333333333333333,3,0,2,1
NOR,1,3.543104769800179e-19,0.0,5,0,5,0
NOR,2,-0.0031116176362234677,-0.2,5,0,4,1
NOR,3,,,0,0,0,0
NOR,4,0.0014382652207432004,,2,0,2,0
NOR,5,,,0,0,0,0
NOR,6,0.002876530441486365,,1,0,1,0
NOR,8,,,0,0,0,0
NOR,9,,,0,0,0,0
NOR,10,0.1227468293860852,,1,1,0,0
NOR,11,,,0,0,0,0
NOR,12,0.015617783869782615,0.2,5,1,4,0
NOR,13,-0.00600877667130162,,2,0,1,1
NOR,14,0.005041180063213005,0.2,5,1,4,0
NOR,15,-0.0006190012070287435,0.0,7,0,7,0
NOR,16,-0.0031116176362235046,-0.2,5,0,4,1
NOR,17,0.007581509502373896,,2,1,1,0
NOR,18,-0.0004993125103952315,0.0,4,0,4,0
NOR,19,0.004712819439865408,0.2,5,1,4,0
NOR,20,-0.002700116204401463,0.0,9,0,9,0
NOR,21,0.0008477138190949653,0.1111111111111111,9,1,8,0
NOR,22,0.0013509636820146663,0.0,8,0,8,0
NOR,23,0.00023750892802092835,0.0,8,0,8,0
NOR,24,0.0017842905327859683,0.16666666666666666,6,1,5,0
NOR,25,0.0005163788885499204,0.0,3,0,3,0
NZL,1,-0.0003706670819665802,0.0,5,0,5,0
NZL,2,0.001452424270268809,0.0,5,0,5,0
NZL,3,,,0,0,0,0
NZL,4,0.004533418476639708,,2,0,2,0
NZL,5,,,0,0,0,0
NZL,6,0.0012418247425465545,,1,0,1,0
NZL,8,,,0,0,0,0
NZL,9,,,0,0,0,0
NZL,10,-0.02860744436102309,,1,0,0,1
NZL,11,,,0,0,0,0
NZL,12,-0.0041388319429833025,-0.2,5,0,4,1
NZL,13,-2.4110272078609297e-17,,2,0,2,0
NZL,14,0.00014449268976500317,0.0,5,0,5,0
NZL,15,-0.0032040627205730038,0.0,7,1,5,1
NZL,16,0.006104655854419887,0.2,5,1,4,0
NZL,17,-0.0007603016823077527,,2,0,2,0
NZL,18,-0.009361045545001877,-0.25,4,0,3,1
NZL,19,-0.015820566527008383,-0.4,5,0,3,2
NZL,20,-0.007432438410463308,-0.1111111111111111,9,0,8,1
NZL,21,-0.024369570887323236,-0.3333333333333333,9,1,4,4
NZL,22,-0.00034177131047864723,0.0,8,0,8,0
NZL,23,-0.013845988317444562,-0.25,8,1,4,3
NZL,24,-0.023515977897461588,-0.16666666666666666,6,1,3,2
NZL,25,-0.02271729179279634,-0.3333333333333333,3,0,2,1
OMN,1,-0.0005019450068298076,0.0,4,0,4,0
OMN,2,0.00040991673773204464,0.0,4,0,4,0
OMN,3,,,0,0,0,0
OMN,4,-0.03353820735734496,,1,0,0,1
OMN,5,,,0,0,0,0
OMN,6,,,0,0,0,0
OMN,8,,,0,0,0,0
OMN,9,,,0,0,0,0
OMN,10,-2.0160781267188868e-17,,1,0,1,0
OMN,11,,,0,0,0,0
OMN,12,0.001324064940824246,0.0,3,0,3,0
OMN,13,0.0031488044040240194,,2,0,2,0
OMN,14,2.2253312015791903e-17,0.0,3,0,3,0
OMN,15,-0.001127252688126633,0.0,5,0,5,0
OMN,16,0.0004099167377320195,0.0,4,0,4,0
OMN,17,0.0016796729489966047,,1,0,1,0
OMN,18,1.8912986139784817e-17,0.0,3,0,3,0
OMN,19,-6.22108872637074e-18,0.0,5,0,5,0
OMN,20,0.00011077348103115857,0.0,9,0,9,0
OMN,21,-0.002810986766376982,-0.1111111111111111,9,0,8,1
OMN,22,0.00172959741602146,0.125,8,1,7,0
OMN,23,-3.886509731253512e-05,0.0,8,0,8,0
OMN,24,-0.008571945996860309,-0.3333333333333333,6,0,4,2
OMN,25,1.7255102784045713e-17,,2,0,2,0
PAK,1,0.002944811539550567,0.2,5,2,2,1
PAK,2,0.0005478688522060195,0.0,5,1,3,1
PAK,3,,,0,0,0,0
PAK,4,0.006066975866730431,,2,0,2,0
PAK,5,,,0,0,0,0
PAK,6,0.0038476396762429583,,1,0,1,0
PAK,8,,,0,0,0,0
PAK,9,,,0,0,0,0
PAK,10,-0.007360791863678967,,1,0,1,0
PAK,11,,,0,0,0,0
PAK,12,0.012007255879262588,0.3333333333333333,3,1,2,0
PAK,13,-0.09585079529709706,,2,0,0,2
PAK,14,0.004193310514781763,-0.2,5,1,2,2
PAK,15,-0.028336605401191862,-0.42857142857142855,7,0,4,3
PAK,16,-0.016003427672186474,-0.4,5,0,3,2
PAK,17,0.016189571148856587,,2,1,1,0
PAK,18,0.011158488379648638,0.5,4,2,2,0
PAK,19,-0.01883560178986205,-0.4,5,0,3,2
PAK,20,-0.010249132923721028,-0.5555555555555556,9,1,2,6
PAK,21,-0.022431932833258613,-0.6666666666666666,9,1,1,7
PAK,22,0.01149802009040097,0.25,8,2,6,0
PAK,23,-0.014168087953426228,-0.125,8,1,5,2
PAK,24,-0.011287904981523052,-0.5,6,1,1,4
PAK,25,-0.00854206620351679,-0.6666666666666666,3,0,1,2
PAN,1,-0.0025443619757871553,-0.2,5,0,4,1
PAN,2,0.00012351581047985628,0.0,5,0,5,0
PAN,3,,,0,0,0,0
PAN,4,0.034629002737489444,,2,1,1,0
PAN,5,,,0,0,0,0
PAN,6,-0.0005463428997858474,,1,0,1,0
PAN,8,,,0,0,0,0
PAN,9,,,0,0,0,0
PAN,10,5.777539083732013e-17,,1,0,1,0
PAN,11,,,0,0,0,0
PAN,12,0.0013771517996869632,,2,0,2,0
PAN,13,-0.07576694639064975,,2,0,0,2
PAN,14,-0.0008757771834104686,-0.2,5,0,4,1
PAN,15,0.002589867015206218,0.0,7,0,7,0
PAN,16,0.00012351581047985157,0.0,5,0,5,0
PAN,17,0.006827935427853623,,2,0,2,0
PAN,18,0.0003009029767242187,0.0,4,0,4,0
PAN,19,0.004954520750943086,0.2,5,1,4,0
PAN,20,-0.0024199517581381573,-0.1111111111111111,9,0,8,1
PAN,21,0.011178957553780141,0.5555555555555556,9,5,4,0
PAN,22,-0.028713294843835842,-0.25,8,0,6,2
PAN,23,0.0035778673338656432,0.125,8,1,7,0
PAN,24,0.011389666086364617,0.5,6,3,3,0
PAN,25,-0.005152920055469701,-0.3333333333333333,3,0,2,1
PER,1,-0.00830401658950691,-0.2,5,0,4,1
PER,2,0.005725234718881116,0.4,5,2,3,0
PER,3,,,0,0,0,0
PER,4,0.00043190218864828906,,2,0,2,0
PER,5,,,0,0,0,0
PER,6,0.000863804377296622,,1,0,1,0
PER,8,,,0,0,0,0
PER,9,,,0,0,0,0
PER,10,6.566233720925798e-17,,1,0,1,0
PER,11,,,0,0,0,0
PER,12,0.00739201712100471,0.3333333333333333,3,1,2,0
PER,13,-0.09498811516044918,,2,0,1,1
PER,14,-0.004081855119142405,-0.2,5,0,4,1
PER,15,-0.01858790337170726,-0.42857142857142855,7,0,4,3
PER,16,-0.00041812088968431766,0.0,5,1,3,1
PER,17,0.007267518509731162,,2,1,1,0
PER,18,-0.004320072015130285,-0.25,4,0,3,1
PER,19,-0.016537454709117844,-0.6,5,1,0,4
PER,20,-0.0034021938536161044,-0.1111111111111111,9,0,8,1
PER,21,0.007567892063033692,0.0,9,2,5,2
PER,22,-0.01761529416340892,-0.25,8,0,6,2
PER,23,-0.008743113029277948,0.0,8,1,6,1
PER,24,-0.0016802243988231272,0.0,6,2,2,2
PER,25,-0.0012270174644896902,0.0,3,0,3,0
PHL,1,-0.0013830443727553383,0.0,5,0,5,0
PHL,2,0.007896863914533932,0.6,5,3,2,0
PHL,3,,,0,0,0,0
PHL,4,-0.0029408561737637997,,2,0,2,0
PHL,5,,,0,0,0,0
PHL,6,-0.005881712347527587,,1,0,1,0
PHL,8,,,0,0,0,0
PHL,9,,,0,0,0,0
PHL,10,2.6781613667607102e-17,,1,0,1,0
PHL,11,,,0,0,0,0
PHL,12,0.003740791143614615,0.0,3,0,3,0
PHL,13,0.005086337422392564,,2,0,2,0
PHL,14,-0.0010112324612061322,0.0,5,0,5,0
PHL,15,0.013230204579361983,0.14285714285714285,7,2,4,1
PHL,16,0.005210765241187186,0.4,5,2,3,0
PHL,17,-0.01123782195332359,,2,0,1,1
PHL,18,-0.010330996681526702,-0.5,4,0,2,2
PHL,19,0.007099353459370522,0.4,5,2,3,0
PHL,20,-0.019655493772187477,-0.5555555555555556,9,0,4,5
PHL,21,-0.003453331635663076,-0.2222222222222222,9,1,5,3
PHL,22,0.0005058215395085625,0.0,8,0,8,0
PHL,23,-0.035778436832136794,-0.25,8,0,6,2
PHL,24,0.002374851913325238,0.0,6,1,4,1
PHL,25,-0.0066395598613950835,-0.3333333333333333,3,0,2,1
POL,1,0.007259011126131617,0.2,5,1,4,0
POL,2,0.00022415947583901173,0.0,5,1,3,1
POL,3,,,0,0,0,0
POL,4,-0.000395459091821938,,2,0,2,0
POL,5,,,0,0,0,0
POL,6,0.004590913358663816,,1,0,1,0
POL,8,,,0,0,0,0
POL,9,,,0,0,0,0
POL,10,0.0027000284565458542,,1,0,1,0
POL,11,,,0,0,0,0
POL,12,0.0035904564074376965,0.0,6,1,4,1
POL,13,-0.026812225075551123,,2,0,1,1
POL,14,0.010555164582413182,0.4,5,2,3,0
POL,15,0.015397975805496506,0.2857142857142857,7,2,5,0
POL,16,0.008371892877979549,0.2,5,2,2,1
POL,17,0.011182936299533106,,2,2,0,0
POL,18,0.003932419778047011,0.25,4,1,3,0
POL,19,0.03043063242563515,1.0,5,5,0,0
POL,20,0.025313095859517812,0.4444444444444444,9,5,3,1
POL,21,0.028487095186731228,0.7777777777777778,9,7,2,0
POL,22,0.009219551681371858,0.5,8,4,4,0
POL,23,0.022706439674277414,0.625,8,5,3,0
POL,24,0.027020126991237497,0.6666666666666666,6,4,2,0
POL,25,0.022187255944456336,0.6666666666666666,3,2,1,0
PRT,1,-0.04037871540298179,-0.6,5,0,2,3
PRT,2,-0.014802843500612308,-0.2,5,0,4,1
PRT,3,,,0,0,0,0
PRT,4,-0.014910313697331715,,2,0,1,1
PRT,5,,,0,0,0,0
PRT,6,-0.002546985853769712,,1,0,1,0
PRT,8,,,0,0,0,0
PRT,9,,,0,0,0,0
PRT,10,-0.010004569727379611,,1,0,0,1
PRT,11,,,0,0,0,0
PRT,12,0.02610638631254852,0.2,5,1,4,0
PRT,13,-0.0013200820133263643,,2,0,2,0
PRT,14,-0.024519181534245524,-0.6,5,0,2,3
PRT,15,0.0017360807461568642,0.14285714285714285,7,1,6,0
PRT,16,-0.0009456338456026343,0.0,5,1,3,1
PRT,17,-0.01993237535390045,,2,0,1,1
PRT,18,-0.00264374435779601,0.0,4,0,4,0
PRT,19,0.0001011481639600284,0.0,5,2,1,2
PRT,20,-0.007074093117378971,-0.2222222222222222,9,1,5,3
PRT,21,-0.011600308200600283,-0.2222222222222222,9,2,3,4
PRT,22,-0.07007274721374931,-0.75,8,0,2,6
PRT,23,0.00304525301906047,0.125,8,1,7,0
PRT,24,-0.006347375572059353,0.0,6,2,2,2
PRT,25,-0.04357013126242371,-1.0,3,0,0,3
PRY,1,-0.0031944047468837056,-0.2,5,0,4,1
PRY,2,-0.0006306429688134089,0.0,5,0,5,0
PRY,3,,,0,0,0,0
PRY,4,-0.0011104711966447626,,2,0,2,0
PRY,5,,,0,0,0,0
PRY,6,-0.0022209423932895455,,1,0,1,0
PRY,8,,,0,0,0,0
PRY,9,,,0,0,0,0
PRY,10,2.6794720946964763e-17,,1,0,1,0
PRY,11,,,0,0,0,0
PRY,12,0.0011502347417840391,0.0,3,0,3,0
PRY,13,-0.021364539275739093,,2,0,1,1
PRY,14,-0.02100655117743706,-0.4,5,0,3,2
PRY,15,-0.0162905677328301,-0.2857142857142857,7,1,3,3
PRY,16,0.0005116189875646106,0.0,5,0,5,0
PRY,17,0.006888058014217316,,2,1,1,0
PRY,18,-0.005075011390152493,0.0,4,0,4,0
PRY,19,-0.02200462014615711,-1.0,5,0,0,5
PRY,20,-0.0004574879975714804,0.0,9,0,9,0
PRY,21,-0.004781093737037377,-0.1111111111111111,9,0,8,1
PRY,22,0.0029778454712083577,0.125,8,1,7,0
PRY,23,0.00020728051900017507,0.0,8,0,8,0
PRY,24,-0.005632552179749377,-0.16666666666666666,6,0,5,1
PRY,25,-1.2008778380368282e-05,0.0,3,0,3,0
QAT,1,0.003113741952092964,0.25,4,1,3,0
QAT,2,-0.0016207892064257002,-0.25,4,0,3,1
QAT,3,,,0,0,0,0
QAT,4,-0.0010592811289641274,,1,0,1,0
QAT,5,,,0,0,0,0
QAT,6,,,0,0,0,0
QAT,8,,,0,0,0,0
QAT,9,,,0,0,0,0
QAT,10,9.969627698476909e-18,,1,0,1,0
QAT,11,,,0,0,0,0
QAT,12,0.0009227261950077165,0.0,3,0,3,0
QAT,13,-0.02168908488883097,,2,0,1,1
QAT,14,0.002308316267831858,0.0,3,0,3,0
QAT,15,0.018982437312185824,0.8,5,4,1,0
QAT,16,-0.003042506377115801,-0.25,4,0,3,1
QAT,17,-0.0008300735536870906,,1,0,1,0
QAT,18,0.009054804124913522,0.3333333333333333,3,1,2,0
QAT,19,0.0037135614169051374,0.2,5,1,4,0
QAT,20,-0.03968262958432867,-0.5,4,0,2,2
QAT,21,0.0011490494594919426,0.2222222222222222,9,3,5,1
QAT,22,-2.3225425274407204e-05,0.0,8,0,8,0
QAT,23,-0.0002290414547042036,0.0,8,0,8,0
QAT,24,-0.003765140903050941,0.0,6,1,4,1
QAT,25,0.010332353752396783,,2,1,1,0
ROU,1,0.008952640855809298,0.0,5,1,3,1
ROU,2,-0.0002997013347854327,0.0,5,0,5,0
ROU,3,,,0,0,0,0
ROU,4,-0.009307299540929875,,2,0,2,0
ROU,5,,,0,0,0,0
ROU,6,-0.009041203502352237,,1,0,1,0
ROU,8,,,0,0,0,0
ROU,9,,,0,0,0,0
ROU,10,-0.004885765778511808,,1,0,1,0
ROU,11,,,0,0,0,0
ROU,12,0.0029380029150729726,0.2,5,1,4,0
ROU,13,-0.00023500993203320693,,2,0,2,0
ROU,14,0.006446625381745769,0.2,5,1,4,0
ROU,15,-0.012143211914195156,-0.2857142857142857,7,1,3,3
ROU,16,0.0031163786749380754,0.2,5,1,4,0
ROU,17,-0.012559905193480046,,2,0,1,1
ROU,18,-0.018278576651672387,-0.5,4,0,2,2
ROU,19,0.018629060799336957,0.6,5,3,2,0
ROU,20,-0.002338159610645682,-0.1111111111111111,9,4,0,5
ROU,21,-0.006063689626483469,0.0,9,3,3,3
ROU,22,-0.0009793403993662493,-0.125,8,0,7,1
ROU,23,0.010987256755938882,0.375,8,4,3,1
ROU,24,-0.00404881120432531,-0.3333333333333333,6,1,2,3
ROU,25,0.019464484012279803,0.6666666666666666,3,2,1,0
RUS,1,-0.008148931969936983,-0.4,5,0,3,2
RUS,2,-0.028946755527439676,-0.4,5,0,3,2
RUS,3,,,0,0,0,0
RUS,4,-0.005981003109937138,,2,0,2,0
RUS,5,,,0,0,0,0
RUS,6,-0.006990218985543967,,1,0,1,0
RUS,8,,,0,0,0,0
RUS,9,,,0,0,0,0
RUS,10,-0.008775092483774291,,1,0,1,0
RUS,11,,,0,0,0,0
RUS,12,-0.00010763046716607186,0.0,3,0,3,0
RUS,13,-0.0014260829966573887,,2,0,2,0
RUS,14,-0.007972127212708083,-0.4,5,1,1,3
RUS,15,-0.00880893272079147,-0.2857142857142857,7,0,5,2
RUS,16,-0.029341103450180532,-0.4,5,0,3,2
RUS,17,-0.008478128216523178,,2,0,1,1
RUS,18,-0.002517442839844319,0.0,4,0,4,0
RUS,19,-0.001355138333385266,0.0,5,0,5,0
RUS,20,-0.004398781497611424,-0.1111111111111111,9,2,4,3
RUS,21,-0.005082074610068241,-0.3333333333333333,9,1,4,4
RUS,22,-0.007179675370398497,-0.5,8,1,2,5
RUS,23,-0.04493273875181595,-0.5,8,0,4,4
RUS,24,0.0065693955869047605,-0.16666666666666666,6,2,1,3
RUS,25,0.005479007113953209,0.3333333333333333,3,1,2,0
SAU,1,0.005836347146364131,0.25,4,1,3,0
SAU,2,0.005674110632810696,0.25,4,1,3,0
SAU,3,,,0,0,0,0
SAU,4,0.01591769223361852,,1,1,0,0
SAU,5,,,0,0,0,0
SAU,6,,,0,0,0,0
SAU,8,,,0,0,0,0
SAU,9,,,0,0,0,0
SAU,10,5.098472189443496e-18,,1,0,1,0
SAU,11,,,0,0,0,0
SAU,12,-0.003860245469774726,-0.3333333333333333,3,0,2,1
SAU,13,0.025778097572069336,,2,1,0,1
SAU,14,0.0016911914912144013,0.0,3,0,3,0
SAU,15,0.002440995449306189,0.0,5,0,5,0
SAU,16,0.012874608836730094,0.5,4,2,2,0
SAU,17,-3.4778284814564e-18,,1,0,1,0
SAU,18,2.2289867958362628e-17,0.0,3,0,3,0
SAU,19,-5.650325598758271e-19,0.0,5,0,5,0
SAU,20,0.00011404179875912269,0.0,4,0,4,0
SAU,21,0.004327246325335685,0.2222222222222222,9,2,7,0
SAU,22,-0.007884251909505863,0.0,8,2,4,2
SAU,23,-0.033283387790271,-0.125,8,1,5,2
SAU,24,0.0008084997565829402,0.16666666666666666,6,1,5,0
SAU,25,-0.0011409705474176395,,2,0,2,0
SGP,1,4.633338524579466e-05,0.0,5,0,5,0
SGP,2,0.0001498380257904298,0.0,5,0,5,0
SGP,3,,,0,0,0,0
SGP,4,0.0007759206918004203,,2,0,2,0
SGP,5,,,0,0,0,0
SGP,6,0.001551841383600872,,1,0,1,0
SGP,8,,,0,0,0,0
SGP,9,,,0,0,0,0
SGP,10,0.016851070456477896,,1,1,0,0
SGP,11,,,0,0,0,0
SGP,12,0.006482708237306603,0.4,5,2,3,0
SGP,13,-1.8132981387936308e-17,,2,0,2,0
SGP,14,0.00028340820913266607,0.0,5,0,5,0
SGP,15,0.010532724731763273,0.2857142857142857,7,3,3,1
SGP,16,0.003967593031265769,0.2,5,1,4,0
SGP,17,0.0049533358130101355,,2,0,2,0
SGP,18,0.00019275313832835868,-0.25,4,0,3,1
SGP,19,1.85739388901023e-17,0.0,5,0,5,0
SGP,20,-0.001889289263601172,-0.1111111111111111,9,1,6,2
SGP,21,-0.001150449852335703,0.0,9,0,9,0
SGP,22,0.0025169020691312607,0.0,8,0,8,0
SGP,23,0.017224802193751332,0.375,8,3,5,0
SGP,24,-0.0014702982648541168,0.0,6,0,6,0
SGP,25,0.0007722232740688548,0.0,3,0,3,0
SLV,1,-0.017993245060195444,-0.4,5,0,3,2
SLV,2,0.007614724790877385,0.4,5,2,3,0
SLV,3,,,0,0,0,0
SLV,4,-0.00965821876009681,,2,0,1,1
SLV,5,,,0,0,0,0
SLV,6,-0.019316437520193647,,1,0,0,1
SLV,8,,,0,0,0,0
SLV,9,,,0,0,0,0
SLV,10,-0.03268963024175113,,1,0,0,1
SLV,11,,,0,0,0,0
SLV,12,-0.005362962201180501,-0.3333333333333333,3,0,2,1
SLV,13,0.025966132350513788,,2,1,1,0
SLV,14,-0.01840241941864653,-0.8,5,0,1,4
SLV,15,-0.004590967849758652,-0.2857142857142857,7,2,1,4
SLV,16,0.017586829336158367,0.4,5,2,3,0
SLV,17,0.013419126188358235,,2,1,0,1
SLV,18,0.00665056988833065,0.5,4,2,2,0
SLV,19,-0.011501854186374658,-0.6,5,0,2,3
SLV,20,-0.023107169954798376,-0.6666666666666666,9,0,3,6
SLV,21,-0.0266468445110603,-0.5555555555555556,9,0,4,5
SLV,22,0.04441921064031147,0.5,8,4,4,0
SLV,23,-0.0036411788238583007,-0.25,8,1,4,3
SLV,24,-0.0205803447887736,-0.5,6,1,1,4
SLV,25,-0.006132453187597575,-0.3333333333333333,3,0,2,1
SRB,1,-0.008940890973941601,-0.4,5,0,3,2
SRB,2,0.0026509349601383713,0.2,5,1,4,0
SRB,3,,,0,0,0,0
SRB,4,-0.010247825507386617,,2,0,1,1
SRB,5,,,0,0,0,0
SRB,6,-0.009373199160652754,,1,0,1,0
SRB,8,,,0,0,0,0
SRB,9,,,0,0,0,0
SRB,10,-2.234507842226577e-17,,1,0,1,0
SRB,11,,,0,0,0,0
SRB,12,-0.004290666351655954,-0.3333333333333333,3,0,2,1
SRB,13,0.018779862689891055,,2,2,0,0
SRB,14,-0.020395600346141147,-0.2,5,0,4,1
SRB,15,-0.011452904753237488,-0.2857142857142857,7,0,5,2
SRB,16,-0.019911233019348523,-0.2,5,0,4,1
SRB,17,-0.0076745288160043985,,2,0,1,1
SRB,18,-0.014226670277272936,-0.75,4,0,1,3
SRB,19,-0.010070635770232506,-0.4,5,0,3,2
SRB,20,-0.009023121833716657,-0.4444444444444444,9,1,3,5
SRB,21,-0.019819275943360377,-0.3333333333333333,9,1,4,4
SRB,22,-0.0067480844055167865,-0.25,8,0,6,2
SRB,23,0.001106792891198696,0.125,8,1,7,0
SRB,24,-0.031887075102406355,-0.5,6,0,3,3
SRB,25,-0.001849947313930491,0.0,3,0,3,0
SVK,1,-0.00677194467029585,-0.2,5,0,4,1
SVK,2,0.0002633394719875,0.0,5,0,5,0
SVK,3,,,0,0,0,0
SVK,4,-0.023510425842865133,,2,0,0,2
SVK,5,,,0,0,0,0
SVK,6,-0.011631749882606774,,1,0,0,1
SVK,8,,,0,0,0,0
SVK,9,,,0,0,0,0
SVK,10,-5.189934830869905e-17,,1,0,1,0
SVK,11,,,0,0,0,0
SVK,12,-0.0029946081844220334,-0.2,5,0,4,1
SVK,13,0.000617517356373674,,2,0,2,0
SVK,14,-0.02413497433928392,-0.8,5,0,1,4
SVK,15,-0.0012146608120472504,-0.14285714285714285,7,1,4,2
SVK,16,-0.005561342137317256,-0.2,5,0,4,1
SVK,17,-0.009752639222303973,,2,0,1,1
SVK,18,-0.005525098402712193,-0.25,4,0,3,1
SVK,19,-0.026587510084583977,-0.8,5,0,1,4
SVK,20,0.0012867494248333348,0.1111111111111111,9,2,6,1
SVK,21,-0.020123984426172123,-0.5555555555555556,9,0,4,5
SVK,22,-0.012605765639839681,-0.125,8,2,3,3
SVK,23,-0.00609322135398911,-0.25,8,1,4,3
SVK,24,-0.020887372557044703,-0.5,6,0,3,3
SVK,25,-0.04111885844707983,-1.0,3,0,0,3
SVN,1,-0.004459234285795105,-0.2,5,0,4,1
SVN,2,0.001172252765371493,0.0,5,1,3,1
SVN,3,,,0,0,0,0
SVN,4,-0.005390682563741996,,2,0,1,1
SVN,5,,,0,0,0,0
SVN,6,0.002288797189569876,,1,0,1,0
SVN,8,,,0,0,0,0
SVN,9,,,0,0,0,0
SVN,10,-0.0033991429676157345,,1,0,1,0
SVN,11,,,0,0,0,0
SVN,12,0.010598805361494745,0.4,5,2,3,0
SVN,13,-0.030707293300463505,,2,0,1,1
SVN,14,-0.005940506771859562,-0.2,5,0,4,1
SVN,15,-0.028506626091270155,-0.5714285714285714,7,0,3,4
SVN,16,0.0017023195183387522,-0.2,5,1,2,2
SVN,17,-0.004149615424297593,,2,0,2,0
SVN,18,-0.01091687500663923,-0.25,4,0,3,1
SVN,19,-0.02492496944973347,-0.4,5,0,3,2
SVN,20,-0.003942095731402588,-0.1111111111111111,9,0,8,1
SVN,21,0.0096212356408974,0.0,9,2,5,2
SVN,22,-0.002165005216207899,-0.125,8,0,7,1
SVN,23,-0.03145989215961724,-0.5,8,0,4,4
SVN,24,0.007378254882035325,0.3333333333333333,6,3,2,1
SVN,25,0.015334955890084078,0.0,3,1,1,1
SWE,1,-0.00027800031147489257,0.0,5,0,5,0
SWE,2,-0.0021467758505976575,-0.2,5,0,4,1
SWE,3,,,0,0,0,0
SWE,4,-0.00722052752929831,,2,0,1,1
SWE,5,,,0,0,0,0
SWE,6,-0.0013025520235450563,,1,0,1,0
SWE,8,,,0,0,0,0
SWE,9,,,0,0,0,0
SWE,10,1.7246351589630366e-17,,1,0,1,0
SWE,11,,,0,0,0,0
SWE,12,0.01148620347718235,0.2,5,1,4,0
SWE,13,-0.0002054282622668186,,2,0,2,0
SWE,14,-0.0055682825182295885,-0.2,5,0,4,1
SWE,15,-0.011395668693583114,-0.14285714285714285,7,0,6,1
SWE,16,-0.0021467758505976492,-0.2,5,0,4,1
SWE,17,0.0018776972095195816,,2,0,2,0
SWE,18,0.00038487597113785396,0.0,4,0,4,0
SWE,19,-0.000743549905923975,0.0,5,0,5,0
SWE,20,0.00024980584490088767,0.0,9,0,9,0
SWE,21,0.0020952514050991303,0.0,9,1,7,1
SWE,22,-0.007886027699118595,-0.125,8,0,7,1
SWE,23,-0.0022414319790240336,0.0,8,0,8,0
SWE,24,0.0038814930736313425,0.0,6,1,4,1
SWE,25,-0.00898556864589595,-0.3333333333333333,3,0,2,1
THA,1,0.022498162748972282,0.2,5,1,4,0
THA,2,0.022578470802359224,0.2,5,1,4,0
THA,3,,,0,0,0,0
THA,4,0.004828812423522306,,2,0,2,0
THA,5,0.007242263871877161,,1,0,1,0
THA,6,0.0010694746186705136,,1,0,1,0
THA,8,,,0,0,0,0
THA,9,,,0,0,0,0
THA,10,1.84003613903501e-17,,1,0,1,0
THA,11,,,0,0,0,0
THA,12,0.0010178949355453772,-0.25,4,0,3,1
THA,13,0.0058382712136194155,,2,1,1,0
THA,14,-0.0035753909261292626,0.0,5,1,3,1
THA,15,0.004444465179519003,0.14285714285714285,7,1,6,0
THA,16,0.0001459149870814853,-0.2,5,0,4,1
THA,17,-0.0013429250234073817,,2,0,2,0
THA,18,0.0009048943622141066,0.0,4,0,4,0
THA,19,0.0386918204742116,0.8,5,4,1,0
THA,20,0.01809039284904588,0.5555555555555556,9,6,2,1
THA,21,-0.005476779363953209,-0.1111111111111111,9,3,2,4
THA,22,-0.0006640888995058277,0.0,8,0,8,0
THA,23,0.003038197919719237,0.125,8,1,7,0
THA,24,0.0016720214044038376,0.16666666666666666,6,2,3,1
THA,25,-0.015815934407102116,-0.6666666666666666,3,0,1,2
TUR,1,0.016706597851891946,0.2,5,1,4,0
TUR,2,-6.449871578073409e-06,-0.2,5,1,2,2
TUR,3,,,0,0,0,0
TUR,4,-0.004709757999035984,,2,0,2,0
TUR,5,,,0,0,0,0
TUR,6,-0.0009794373253626527,,1,0,1,0
TUR,8,,,0,0,0,0
TUR,9,,,0,0,0,0
TUR,10,1.7164411125747756e-17,,1,0,1,0
TUR,11,,,0,0,0,0
TUR,12,-0.0007597428557459752,0.0,3,0,3,0
TUR,13,-0.0023681770074096926,,2,0,2,0
TUR,14,0.0008013345269719601,0.0,5,1,3,1
TUR,15,0.003114996982066127,0.0,7,1,5,1
TUR,16,-0.0006876079973009824,-0.4,5,0,3,2
TUR,17,-0.016225059979994814,,2,0,0,2
TUR,18,-0.001095279452204223,0.0,4,0,4,0
TUR,19,-0.006006217953376889,-0.2,5,0,4,1
TUR,20,0.004562848910683042,0.2222222222222222,9,2,7,0
TUR,21,-0.001697998204576366,0.0,9,2,5,2
TUR,22,0.002442900700928207,0.0,8,0,8,0
TUR,23,-0.02551888404501599,-0.125,8,0,7,1
TUR,24,0.0008778710805162292,0.0,6,1,4,1
TUR,25,-0.007235213455307727,-0.3333333333333333,3,0,2,1
UGA,1,-0.009469061662005281,-0.2,5,0,4,1
UGA,2,0.010645187424316395,0.6,5,3,2,0
UGA,3,,,0,0,0,0
UGA,4,-0.006382744377526865,,2,0,1,1
UGA,5,,,0,0,0,0
UGA,6,-0.010578585779128362,,1,0,0,1
UGA,8,,,0,0,0,0
UGA,9,,,0,0,0,0
UGA,10,-0.031861942947026385,,1,0,0,1
UGA,11,,,0,0,0,0
UGA,12,0.0070442097026596736,,2,1,1,0
UGA,13,-0.0001171459256434275,,2,0,2,0
UGA,14,-0.00030416910964810274,0.0,5,0,5,0
UGA,15,-0.010141730214248296,-0.2857142857142857,7,0,5,2
UGA,16,0.018378403434807716,0.2,5,3,0,2
UGA,17,-0.05078565346121733,,2,0,0,2
UGA,18,-0.010746774295573554,-0.5,4,0,2,2
UGA,19,0.017954833433136547,0.6,5,3,2,0
UGA,20,-0.0017526251325025721,-0.1111111111111111,9,0,8,1
UGA,21,-0.02452924162667624,-0.2222222222222222,9,1,5,3
UGA,22,-0.030297459930363587,-0.625,8,0,3,5
UGA,23,-0.004694673209136173,-0.125,8,0,7,1
UGA,24,-0.004733858306371655,0.0,6,1,4,1
UGA,25,0.003007858601278923,0.3333333333333333,3,1,2,0
UKR,1,0.020678043826322292,0.4,5,3,1,1
UKR,2,0.015312498335734717,0.0,5,2,1,2
UKR,3,,,0,0,0,0
UKR,4,0.0008065582913314509,,2,0,2,0
UKR,5,,,0,0,0,0
UKR,6,-0.002914455984682521,,1,0,1,0
UKR,8,,,0,0,0,0
UKR,9,,,0,0,0,0
UKR,10,0.017542149168563614,,1,1,0,0
UKR,11,,,0,0,0,0
UKR,12,0.0002468927543786582,0.0,4,0,4,0
UKR,13,-0.026627276194899817,,2,0,1,1
UKR,14,0.0021103585356453103,0.0,5,2,1,2
UKR,15,0.0038379774491130764,0.0,7,1,5,1
UKR,16,0.011518343549869305,0.2,5,3,0,2
UKR,17,-0.009502905757626837,,2,0,1,1
UKR,18,-0.0005116847361018511,0.0,4,0,4,0
UKR,19,0.011520779287879224,0.4,5,3,1,1
UKR,20,-0.003341714021618503,-0.1111111111111111,9,0,8,1
UKR,21,-0.0014367440318507729,0.0,9,3,3,3
UKR,22,-0.0012165286099271601,-0.375,8,1,3,4
UKR,23,-0.01776693892624529,-0.375,8,0,5,3
UKR,24,-0.006425771032440518,-0.16666666666666666,6,1,3,2
UKR,25,-0.009076785651587831,-0.6666666666666666,3,0,1,2
URY,1,-0.006739477023160416,-0.2,5,0,4,1
URY,2,4.221313760644056e-06,0.0,5,0,5,0
URY,3,,,0,0,0,0
URY,4,0.014800364316734588,,2,1,1,0
URY,5,,,0,0,0,0
URY,6,0.0076690532160661505,,1,0,1,0
URY,8,,,0,0,0,0
URY,9,,,0,0,0,0
URY,10,5.777539083732013e-17,,1,0,1,0
URY,11,,,0,0,0,0
URY,12,0.0012928312548414643,0.0,6,0,6,0
URY,13,6.90238961216983e-05,,2,0,2,0
URY,14,-0.0053444683227204205,-0.2,5,0,4,1
URY,15,-0.0014875525731279423,-0.14285714285714285,7,0,6,1
URY,16,0.02036319223550735,0.4,5,2,3,0
URY,17,-0.0336880774711932,,2,1,0,1
URY,18,-0.008765963318628283,-0.25,4,0,3,1
URY,19,0.016407104063304586,0.4,5,2,3,0
URY,20,0.0026059605436291305,0.1111111111111111,9,2,6,1
URY,21,0.015828806478854648,0.2222222222222222,9,3,5,1
URY,22,-0.00013503301226314263,0.0,8,2,4,2
URY,23,0.0006214518211013358,0.375,8,4,3,1
URY,24,0.005804749972641295,0.0,6,2,2,2
URY,25,0.020218677438312918,0.0,3,1,1,1
USA,1,-0.041290609478940137,-0.8,5,0,1,4
USA,2,-0.07343244831148234,-0.4,5,0,3,2
USA,3,,,0,0,0,0
USA,4,-0.031000664896137786,,2,0,0,2
USA,5,,,0,0,0,0
USA,6,-0.01662309304183507,,1,0,0,1
USA,8,,,0,0,0,0
USA,9,,,0,0,0,0
USA,10,-0.10237607897733061,,1,0,0,1
USA,11,,,0,0,0,0
USA,12,-0.013918125469620977,-0.25,4,0,3,1
USA,13,1.6292684030022997e-18,,2,0,2,0
USA,14,-0.05242324740667287,-1.0,5,0,0,5
USA,15,-0.025364304559907937,-0.8571428571428571,7,0,1,6
USA,16,-0.047964355124012065,-0.8,5,0,1,4
USA,17,-0.029720625627806578,,2,0,0,2
USA,18,0.0040510891662302135,0.25,4,1,3,0
USA,19,-0.09777568025942089,-1.0,5,0,0,5
USA,20,0.0006166635463798186,0.1111111111111111,9,3,4,2
USA,21,-0.04581693866935913,-0.5555555555555556,9,0,4,5
USA,22,-0.041467668992178054,-0.625,8,0,3,5
USA,23,-0.04684042289519632,-0.625,8,0,3,5
USA,24,-0.04104661236308243,-0.6666666666666666,6,0,2,4
USA,25,-0.07011063036884248,-1.0,3,0,0,3
VNM,1,-0.010608442654227657,-0.5,4,0,2,2
VNM,2,0.005651358445259749,0.2,5,1,4,0
VNM,3,,,0,0,0,0
VNM,4,-0.015370615498647667,,2,0,1,1
VNM,5,,,0,0,0,0
VNM,6,7.473775980572275e-05,,1,0,1,0
VNM,8,,,0,0,0,0
VNM,9,,,0,0,0,0
VNM,10,0.010157249907958738,,1,1,0,0
VNM,11,,,0,0,0,0
VNM,12,0.002332432889771883,0.0,3,0,3,0
VNM,13,-0.01253493865506185,,2,0,1,1
VNM,14,-0.009393930991467873,-0.6,5,0,2,3
VNM,15,-0.0012984424926953972,0.0,7,2,3,2
VNM,16,0.01684498217390737,0.2,5,1,4,0
VNM,17,0.00546990194272056,,2,0,2,0
VNM,18,0.008402675023253531,0.25,4,1,3,0
VNM,19,-0.017166583103414637,-0.4,5,0,3,2
VNM,20,0.0051915234122528724,0.1111111111111111,9,1,8,0
VNM,21,-0.009327958586748666,0.0,9,2,5,2
VNM,22,0.019886620202842806,0.375,8,4,3,1
VNM,23,-0.026071088156090726,0.0,8,1,6,1
VNM,24,0.010036916913472653,0.16666666666666666,6,1,5,0
VNM,25,-0.010702934852714398,-0.6666666666666666,3,0,1,2
ZAF,1,-0.013959553789773043,-0.2,5,0,4,1
ZAF,2,0.0043027433451023125,0.2,5,1,4,0
ZAF,3,,,0,0,0,0
ZAF,4,-0.003974248596538597,,2,0,2,0
ZAF,5,,,0,0,0,0
ZAF,6,-0.007948497193077173,,1,0,1,0
ZAF,8,,,0,0,0,0
ZAF,9,,,0,0,0,0
ZAF,10,0.0038571835093511716,,1,0,1,0
ZAF,11,,,0,0,0,0
ZAF,12,0.009538799691972763,0.3333333333333333,6,2,4,0
ZAF,13,-0.0012259482929547708,,2,1,0,1
ZAF,14,-0.002312882744463691,0.0,5,1,3,1
ZAF,15,-0.011436021616512622,-0.2857142857142857,7,0,5,2
ZAF,16,0.0052200856839918,0.2,5,1,4,0
ZAF,17,-0.004544062336347691,,2,0,2,0
ZAF,18,-0.00899076483372185,-0.5,4,0,2,2
ZAF,19,-0.017626092972804337,0.0,5,2,1,2
ZAF,20,0.006567336290407933,0.3333333333333333,9,3,6,0
ZAF,21,0.0030656863443207037,0.1111111111111111,9,1,8,0
ZAF,22,-6.954261368792482e-05,0.0,8,0,8,0
ZAF,23,0.0007443480237061262,0.0,8,1,6,1
ZAF,24,0.00045452115208987617,0.0,6,0,6,0
ZAF,25,0.005270132376728888,0.3333333333333333,3,1,2,0
AFG,1,-0.053755379952281544,-0.8,5,0,1,4
AFG,2,0.00436485460829553,0.2,5,1,4,0
AFG,3,,,0,0,0,0
AFG,4,-0.0014348187551549662,,2,0,2,0
AFG,5,,,0,0,0,0
AFG,6,-0.002869637510309939,,1,0,1,0
AFG,8,,,0,0,0,0
AFG,9,,,0,0,0,0
AFG,10,-0.09301437316818281,,1,0,0,1
AFG,11,,,0,0,0,0
AFG,12,-2.1381497859345513e-17,,2,0,2,0
AFG,13,-0.14535745277048245,,2,0,0,2
AFG,14,-0.00870748576287019,-0.4,5,1,1,3
AFG,15,0.032335438511266086,0.42857142857142855,7,4,2,1
AFG,16,-0.015516925459979566,0.0,5,1,3,1
AFG,17,0.001576967318203924,,2,0,2,0
AFG,18,-0.030942177466586365,-0.6666666666666666,3,0,1,2
AFG,19,,,0,0,0,0
AFG,20,-0.0010100845032949674,0.0,4,0,4,0
AFG,21,0.008030242160396306,0.0,9,3,3,3
AFG,22,-0.005226957960077594,-0.25,8,0,6,2
AFG,23,-0.09987419186803348,-1.0,8,0,0,8
AFG,24,0.0030055972806187683,0.0,6,1,4,1
AFG,25,-0.0009951127270658052,0.0,3,1,1,1
ALB,1,-0.004589942365373399,-0.2,5,0,4,1
ALB,2,-0.04731918758175942,-0.2,5,0,4,1
ALB,3,,,0,0,0,0
ALB,4,-0.0062749766242863846,,2,0,1,1
ALB,5,,,0,0,0,0
ALB,6,0.0015111494794426755,,1,0,1,0
ALB,8,,,0,0,0,0
ALB,9,,,0,0,0,0
ALB,10,-0.016087669553578966,,1,0,0,1
ALB,11,,,0,0,0,0
ALB,12,0.13364632237872245,,2,1,1,0
ALB,13,0.003560482641605207,,2,0,2,0
ALB,14,-0.0011215207090067652,-0.2,5,0,4,1
ALB,15,0.010802650223802434,0.42857142857142855,7,3,4,0
ALB,16,0.003820414282297378,0.2,5,1,4,0
ALB,17,-0.0020052404573037692,,2,0,2,0
ALB,18,-0.0060235975556064735,-0.5,4,0,2,2
ALB,19,-0.021266670136688325,-0.8,5,0,1,4
ALB,20,-0.00729591275208126,-0.4444444444444444,9,0,5,4
ALB,21,-0.008450692886793143,-0.2222222222222222,9,1,5,3
ALB,22,-0.007903041431603154,-0.125,8,0,7,1
ALB,23,-0.008049353006585876,-0.375,8,0,5,3
ALB,24,-0.008458323014283784,-0.16666666666666666,6,1,3,2
ALB,25,-0.003897688632159358,-0.3333333333333333,3,0,2,1
AND,1,1.744385502484535e-17,,1,0,1,0
AND,2,1.687641752875337e-17,,2,0,2,0
AND,3,,,0,0,0,0
AND,4,,,0,0,0,0
AND,5,,,0,0,0,0
AND,6,,,0,0,0,0
AND,8,,,0,0,0,0
AND,9,,,0,0,0,0
AND,10,,,0,0,0,0
AND,11,,,0,0,0,0
AND,12,-0.29797730829406066,,2,0,1,1
AND,13,,,0,0,0,0
AND,14,,,0,0,0,0
AND,15,,,0,0,0,0
AND,16,,,0,0,0,0
AND,17,,,0,0,0,0
AND,18,,,0,0,0,0
AND,19,,,0,0,0,0
AND,20,1.6660880008405055e-17,,1,0,1,0
AND,21,-0.0028934441072222443,,1,0,1,0
AND,22,-6.202266273942034e-17,,2,0,2,0
AND,23,-3.5042540522021386e-17,0.0,3,0,3,0
AND,24,-0.0014467220536111013,,2,0,2,0
AND,25,,,0,0,0,0
ARM,1,-0.005437053019668793,-0.4,5,0,3,2
ARM,2,0.006631229046056002,0.5,4,2,2,0
ARM,3,,,0,0,0,0
ARM,4,-0.020308583364968526,,1,0,0,1
ARM,5,,,0,0,0,0
ARM,6,,,0,0,0,0
ARM,8,,,0,0,0,0
ARM,9,,,0,0,0,0
ARM,10,-0.023135065257122438,,1,0,0,1
ARM,11,,,0,0,0,0
ARM,12,0.009134491507976602,0.3333333333333333,3,1,2,0
ARM,13,-0.00044799104553068243,,2,0,2,0
ARM,14,0.005650063016120521,0.3333333333333333,3,1,2,0
ARM,15,-0.019955208297158234,-0.8,5,0,1,4
ARM,16,0.009546355638306027,0.0,4,2,0,2
ARM,17,-0.014083411649278963,,1,0,0,1
ARM,18,-0.017931314046155136,-0.3333333333333333,3,0,2,1
ARM,19,-0.02135192866930082,-0.4,5,1,1,3
ARM,20,-0.0007837073342141894,0.0,9,0,9,0
ARM,21,-0.0129977674159437,-0.4444444444444444,9,1,3,5
ARM,22,-0.007530130592454568,-0.25,8,0,6,2
ARM,23,-0.004919779761462417,-0.25,8,0,6,2
ARM,24,-0.014478727424744283,-0.5,6,0,3,3
ARM,25,-0.008748716426585142,,2,0,1,1
ATG,1,1.744385502484535e-17,,1,0,1,0
ATG,2,0.0009515623412129143,0.0,3,0,3,0
ATG,3,,,0,0,0,0
ATG,4,0.0022347565602993604,,1,0,1,0
ATG,5,,,0,0,0,0
ATG,6,0.0022347565602993604,,1,0,1,0
ATG,8,,,0,0,0,0
ATG,9,,,0,0,0,0
ATG,10,,,0,0,0,0
ATG,11,,,0,0,0,0
ATG,12,0.0010758998435054692,,2,0,2,0
ATG,13,,,0,0,0,0
ATG,14,-3.7308469811344344e-05,,2,0,2,0
ATG,15,0.0011785059322062079,,2,0,2,0
ATG,16,0.0028546870236387093,,1,0,1,0
ATG,17,-0.00313456898044857,,1,0,1,0
ATG,18,0.002544372204699688,,1,0,1,0
ATG,19,,,0,0,0,0
ATG,20,-0.024871698375286803,,1,0,0,1
ATG,21,-0.037711221530765754,,1,0,0,1
ATG,22,1.4858307362820283e-17,,2,0,2,0
ATG,23,-2.2194048001678756e-17,0.0,3,0,3,0
ATG,24,-0.018855610765382873,,2,0,1,1
ATG,25,-0.00046705767950456676,,1,0,1,0
BDI,1,0.06201457226037941,0.2,5,2,2,1
BDI,2,0.0883873423508298,0.25,4,2,1,1
BDI,3,,,0,0,0,0
BDI,4,-0.04486568136545115,,1,0,0,1
BDI,5,,,0,0,0,0
BDI,6,,,0,0,0,0
BDI,8,,,0,0,0,0
BDI,9,,,0,0,0,0
BDI,10,0.037623610814119746,,1,1,0,0
BDI,11,,,0,0,0,0
BDI,12,-2.0594100796220614e-17,,2,0,2,0
BDI,13,0.010680967512208666,,2,1,1,0
BDI,14,0.00041331246835105834,0.3333333333333333,3,1,2,0
BDI,15,-0.02578910326626933,-0.4,5,0,3,2
BDI,16,-0.005747293960715707,-0.25,4,0,3,1
BDI,17,0.019510047330651686,,1,1,0,0
BDI,18,-0.018769542932005848,-0.6666666666666666,3,0,1,2
BDI,19,-0.007337084547642756,-0.2,5,0,4,1
BDI,20,0.023683952083306155,0.4444444444444444,9,5,3,1
BDI,21,0.01905562788157562,0.2222222222222222,9,5,1,3
BDI,22,-0.011330840641904514,0.0,8,1,6,1
BDI,23,-0.007400677867011238,-0.125,8,1,5,2
BDI,24,0.023458517080766992,0.16666666666666666,6,2,3,1
BDI,25,0.013990899778982296,,2,1,1,0
BEN,1,-0.06123541234297296,-0.2,5,0,4,1
BEN,2,-0.06863393627272013,-0.2,5,1,2,2
BEN,3,,,0,0,0,0
BEN,4,-0.0030615007352221206,,2,0,2,0
BEN,5,,,0,0,0,0
BEN,6,-0.006123001470444223,,1,0,1,0
BEN,8,,,0,0,0,0
BEN,9,,,0,0,0,0
BEN,10,-0.004580405417354476,,1,0,1,0
BEN,11,,,0,0,0,0
BEN,12,4.091231786516179e-18,,2,0,2,0
BEN,13,0.005483073432273536,,2,0,2,0
BEN,14,-0.00899916218657884,-0.2,5,0,4,1
BEN,15,0.006049190913229948,0.14285714285714285,7,2,4,1
BEN,16,-0.00031726240064834963,0.0,5,1,3,1
BEN,17,-0.008695176025180251,,2,0,1,1
BEN,18,0.0011950252062331553,0.0,4,0,4,0
BEN,19,-0.006446815754125564,-0.2,5,0,4,1
BEN,20,0.011864168650540614,0.2222222222222222,9,3,5,1
BEN,21,-0.001476801922552445,-0.1111111111111111,9,1,6,2
BEN,22,0.002762885768238275,0.125,8,1,7,0
BEN,23,-0.025994668798587056,-0.125,8,0,7,1
BEN,24,0.0020225666090437325,0.0,6,0,6,0
BEN,25,-0.004599519061367246,0.0,3,1,1,1
BFA,1,-0.009652557716499746,-0.2,5,1,2,2
BFA,2,-0.002350101694827973,0.0,5,2,1,2
BFA,3,,,0,0,0,0
BFA,4,-0.012237124682509358,,2,0,1,1
BFA,5,,,0,0,0,0
BFA,6,-0.005202166889670068,,1,0,1,0
BFA,8,,,0,0,0,0
BFA,9,,,0,0,0,0
BFA,10,-0.13648000983917213,,1,0,0,1
BFA,11,,,0,0,0,0
BFA,12,0.003399843505477232,,2,1,1,0
BFA,13,0.002729730749007956,,2,0,2,0
BFA,14,-0.019976278013912156,-0.8,5,0,1,4
BFA,15,-0.029649183788219183,-0.5714285714285714,7,0,3,4
BFA,16,-0.031390902452251256,-1.0,5,0,0,5
BFA,17,-0.022160406513833043,,2,0,1,1
BFA,18,0.022454859463048312,0.5,4,2,2,0
BFA,19,-0.030438275077518118,-0.8,5,0,1,4
BFA,20,-0.0984922324089386,-1.0,4,0,0,4
BFA,21,-0.05907903521206261,-0.8888888888888888,9,0,1,8
BFA,22,-0.015009941984775134,-0.5,8,0,4,4
BFA,23,-0.07349274834177112,-0.875,8,0,1,7
BFA,24,-0.05733849929351236,-1.0,6,0,0,6
BFA,25,-0.05088978905088689,-1.0,3,0,0,3
BHS,1,1.744385502484535e-17,,1,0,1,0
BHS,2,-0.0020632094323786423,0.0,3,0,3,0
BHS,3,,,0,0,0,0
BHS,4,-0.0003159827982857494,,1,0,1,0
BHS,5,,,0,0,0,0
BHS,6,-0.0003159827982857494,,1,0,1,0
BHS,8,,,0,0,0,0
BHS,9,,,0,0,0,0
BHS,10,,,0,0,0,0
BHS,11,,,0,0,0,0
BHS,12,9.406497744465427e-18,,2,0,2,0
BHS,13,,,0,0,0,0
BHS,14,-0.004437977858142272,,2,0,2,0
BHS,15,-0.009229334361281693,,2,0,1,1
BHS,16,-0.006189628297135961,,1,0,1,0
BHS,17,0.0009149519773640328,,1,0,1,0
BHS,18,-0.010453835414821434,,1,0,0,1
BHS,19,,,0,0,0,0
BHS,20,1.6660880008405055e-17,,1,0,1,0
BHS,21,0.0027166225228889484,,1,0,1,0
BHS,22,1.4858307362820283e-17,,2,0,2,0
BHS,23,-2.2194048001678756e-17,0.0,3,0,3,0
BHS,24,0.0013583112614444595,,2,0,2,0
BHS,25,-0.003482015839891147,,1,0,1,0
BIH,1,-0.0038350159925806928,-0.2,5,0,4,1
BIH,2,-0.0662737408870085,-0.2,5,0,4,1
BIH,3,,,0,0,0,0
BIH,4,-0.004404522974805138,,2,0,2,0
BIH,5,,,0,0,0,0
BIH,6,-0.0002835413794027654,,1,0,1,0
BIH,8,,,0,0,0,0
BIH,9,,,0,0,0,0
BIH,10,0.006557211965897021,,1,0,1,0
BIH,11,,,0,0,0,0
BIH,12,0.0065201427505979445,0.3333333333333333,3,1,2,0
BIH,13,-0.01327806115987151,,2,0,1,1
BIH,14,0.0001475095714280383,-0.2,5,0,4,1
BIH,15,0.003773162444909341,0.14285714285714285,7,1,6,0
BIH,16,0.0028229565849356977,0.0,5,0,5,0
BIH,17,0.000179411681641395,,2,0,2,0
BIH,18,0.007805279024594551,0.5,4,2,2,0
BIH,19,0.006168418254673852,0.0,5,0,5,0
BIH,20,-0.003584454639915512,-0.1111111111111111,9,0,8,1
BIH,21,-0.00777271539902819,-0.3333333333333333,9,1,4,4
BIH,22,-0.00134408926585492,0.0,8,0,8,0
BIH,23,-0.0003567561595580393,0.0,8,0,8,0
BIH,24,0.0010806323657376056,-0.16666666666666666,6,1,3,2
BIH,25,-0.009648455735575821,-0.3333333333333333,3,0,2,1
BLR,1,-0.007042115167371292,-0.2,5,0,4,1
BLR,2,-0.01769713624443849,-0.2,5,0,4,1
BLR,3,,,0,0,0,0
BLR,4,0.031052235548307227,,2,1,1,0
BLR,5,,,0,0,0,0
BLR,6,-0.002676834505321167,,1,0,1,0
BLR,8,,,0,0,0,0
BLR,9,,,0,0,0,0
BLR,10,-8.009936289914074e-19,,1,0,1,0
BLR,11,,,0,0,0,0
BLR,12,0.0032421736972075635,0.0,3,0,3,0
BLR,13,-7.374152094280231e-18,,2,0,2,0
BLR,14,-7.927942202566734e-05,0.0,5,1,3,1
BLR,15,0.00171420623379972,0.0,7,1,5,1
BLR,16,0.004296506884581507,0.2,5,1,4,0
BLR,17,-0.003081032865007379,,2,0,2,0
BLR,18,0.0006294067894248655,0.0,4,0,4,0
BLR,19,-0.0013551400051873314,0.0,5,0,5,0
BLR,20,0.012892991154481224,0.3333333333333333,9,3,6,0
BLR,21,0.005108336103473508,0.1111111111111111,9,2,6,1
BLR,22,0.009059653092536472,0.25,8,2,6,0
BLR,23,-0.03004000754467307,-0.25,8,0,6,2
BLR,24,0.0008547309476683839,-0.16666666666666666,6,1,3,2
BLR,25,0.006136727667276902,0.3333333333333333,3,1,2,0
BLZ,1,1.744385502484535e-17,,1,0,1,0
BLZ,2,0.0005258167801594606,0.0,3,0,3,0
BLZ,3,,,0,0,0,0
BLZ,4,0.0016774504166450757,,1,0,1,0
BLZ,5,,,0,0,0,0
BLZ,6,0.0016774504166450757,,1,0,1,0
BLZ,8,,,0,0,0,0
BLZ,9,,,0,0,0,0
BLZ,10,,,0,0,0,0
BLZ,11,,,0,0,0,0
BLZ,12,0.0015610328638497241,,2,0,2,0
BLZ,13,,,0,0,0,0
BLZ,14,0.003411129891952933,,2,0,2,0
BLZ,15,0.0024250133677656193,,2,0,2,0
BLZ,16,0.001577450340478348,,1,0,1,0
BLZ,17,0.018109054940793696,,1,1,0,0
BLZ,18,-0.0005287944975135659,,1,0,1,0
BLZ,19,,,0,0,0,0
BLZ,20,1.6660880008405055e-17,,1,0,1,0
BLZ,21,0.023501196026419736,,1,1,0,0
BLZ,22,2.4652342212201652e-17,,2,0,2,0
BLZ,23,-1.484852186464273e-17,0.0,3,0,3,0
BLZ,24,0.011750598013209889,,2,1,1,0
BLZ,25,0.004387078035028685,,1,0,1,0
BOL,1,-0.021480081491633683,-0.2,5,1,2,2
BOL,2,-0.01723510549658048,-0.2,5,1,2,2
BOL,3,,,0,0,0,0
BOL,4,-0.008649950318941998,,2,0,1,1
BOL,5,,,0,0,0,0
BOL,6,-0.011052420000930475,,1,0,0,1
BOL,8,,,0,0,0,0
BOL,9,,,0,0,0,0
BOL,10,0.006372388589405219,,1,0,1,0
BOL,11,,,0,0,0,0
BOL,12,0.0031840257851868323,0.0,3,0,3,0
BOL,13,-0.007613993112655005,,2,0,1,1
BOL,14,0.00029080435159460746,0.0,5,0,5,0
BOL,15,-0.0035634162510100784,0.0,7,2,3,2
BOL,16,-0.013679013063418946,-0.4,5,0,3,2
BOL,17,-0.004102132564565458,,2,0,1,1
BOL,18,-0.02250405088306787,-0.75,4,0,1,3
BOL,19,0.05605201269096234,0.6,5,3,2,0
BOL,20,0.03370344931975902,0.7777777777777778,9,7,2,0
BOL,21,0.0010764944956682477,0.1111111111111111,9,3,4,2
BOL,22,-0.0036733549983347736,-0.125,8,1,5,2
BOL,23,-0.008243142305657026,-0.375,8,1,3,4
BOL,24,0.00875016636216018,0.3333333333333333,6,2,4,0
BOL,25,-0.0043922119785856995,-0.3333333333333333,3,0,2,1
BRN,1,1.744385502484535e-17,,1,0,1,0
BRN,2,1.687641752875337e-17,,2,0,2,0
BRN,3,,,0,0,0,0
BRN,4,,,0,0,0,0
BRN,5,,,0,0,0,0
BRN,6,,,0,0,0,0
BRN,8,,,0,0,0,0
BRN,9,,,0,0,0,0
BRN,10,,,0,0,0,0
BRN,11,,,0,0,0,0
BRN,12,0.0071478873239434375,,2,1,1,0
BRN,13,,,0,0,0,0
BRN,14,,,0,0,0,0
BRN,15,,,0,0,0,0
BRN,16,,,0,0,0,0
BRN,17,,,0,0,0,0
BRN,18,,,0,0,0,0
BRN,19,,,0,0,0,0
BRN,20,-1.6068159928753494e-17,,1,0,1,0
BRN,21,-0.023870913884563284,,1,0,0,1
BRN,22,-0.01772666846416515,,2,0,1,1
BRN,23,-1.8509643383497846e-17,0.0,3,0,3,0
BRN,24,-0.011935456942281647,,2,0,1,1
BRN,25,,,0,0,0,0
BTN,1,-0.008455768732972819,-0.4,5,0,3,2
BTN,2,0.0016174518556495677,0.0,4,0,4,0
BTN,3,,,0,0,0,0
BTN,4,-0.01273415378689951,,1,0,0,1
BTN,5,,,0,0,0,0
BTN,6,,,0,0,0,0
BTN,8,,,0,0,0,0
BTN,9,,,0,0,0,0
BTN,10,-0.007007216708655122,,1,0,1,0
BTN,11,,,0,0,0,0
BTN,12,0.0024687010954614207,,2,0,2,0
BTN,13,0.01661914641737739,,2,1,1,0
BTN,14,-0.022743611015966076,-1.0,3,0,0,3
BTN,15,-0.004896212612097004,-0.4,5,0,3,2
BTN,16,-0.0019880578211557754,0.0,4,0,4,0
BTN,17,-4.263670905511916e-17,,1,0,1,0
BTN,18,-0.003087689414866484,0.0,3,0,3,0
BTN,19,0.004249195796936649,0.2,5,1,4,0
BTN,20,0.0021616467984672642,0.0,9,1,7,1
BTN,21,-0.002220104446303319,-0.1111111111111111,9,2,4,3
BTN,22,0.002941713560015925,0.125,8,1,7,0
BTN,23,0.0044645833098572365,0.125,8,1,7,0
BTN,24,-0.0014934167724829368,-0.16666666666666666,6,1,3,2
BTN,25,-0.0013195369047330424,,2,1,0,1
BWA,1,0.0029382796729936385,0.0,5,0,5,0
BWA,2,0.004897372106516794,0.2,5,1,4,0
BWA,3,,,0,0,0,0
BWA,4,0.03249569823960122,,2,1,1,0
BWA,5,,,0,0,0,0
BWA,6,0.0009447535957421455,,1,0,1,0
BWA,8,,,0,0,0,0
BWA,9,,,0,0,0,0
BWA,10,0.0048696941805562825,,1,0,1,0
BWA,11,,,0,0,0,0
BWA,12,0.000571205007824737,,2,0,2,0
BWA,13,1.1926190455701688e-17,,2,0,2,0
BWA,14,0.003921416527527956,0.0,5,0,5,0
BWA,15,-0.03837722581477136,-0.2857142857142857,7,1,3,3
BWA,16,0.010538040674661164,0.2,5,1,4,0
BWA,17,-0.002380056280557168,,2,0,2,0
BWA,18,0.006503221072689791,0.25,4,1,3,0
BWA,19,0.0014689554383717977,0.0,5,0,5,0
BWA,20,0.025195738152008693,0.7777777777777778,9,7,2,0
BWA,21,-0.0023751101649477475,-0.1111111111111111,9,2,4,3
BWA,22,0.0002444476642461375,0.0,8,1,6,1
BWA,23,-0.0019273209717445786,-0.125,8,0,7,1
BWA,24,0.001013463365982433,0.3333333333333333,6,3,2,1
BWA,25,0.0038538088857840887,0.0,3,0,3,0
CAF,1,-0.03397711166037669,-0.4,5,0,3,2
CAF,2,0.004605916743185401,0.25,4,1,3,0
CAF,3,,,0,0,0,0
CAF,4,-0.011874199752094717,,1,0,0,1
CAF,5,,,0,0,0,0
CAF,6,,,0,0,0,0
CAF,8,,,0,0,0,0
CAF,9,,,0,0,0,0
CAF,10,-1.6818414121246586e-17,,1,0,1,0
CAF,11,,,0,0,0,0
CAF,12,0.0043192488262910516,,2,1,1,0
CAF,13,0.04662153326491246,,2,1,1,0
CAF,14,-0.030769436085167662,-0.6666666666666666,3,0,1,2
CAF,15,0.032093290941578166,0.2,5,2,2,1
CAF,16,-0.019396824651743253,-0.25,4,0,3,1
CAF,17,-0.02084517198241361,,1,0,0,1
CAF,18,-0.010276783680064632,-0.3333333333333333,3,0,2,1
CAF,19,-0.02762200546036971,-1.0,5,0,0,5
CAF,20,-0.03055432598996569,-0.4444444444444444,9,1,3,5
CAF,21,0.006391291744141277,0.2222222222222222,9,3,5,1
CAF,22,-0.023766574123301368,-0.25,8,1,4,3
CAF,23,-0.008697091569713418,0.0,8,1,6,1
CAF,24,-0.010236784122807997,-0.3333333333333333,6,1,2,3
CAF,25,-0.0049072130602555285,,2,0,2,0
CIV,1,-0.02925695743566964,-0.6,5,0,2,3
CIV,2,0.005186752896720802,0.2,5,1,4,0
CIV,3,,,0,0,0,0
CIV,4,-0.030616409374683153,,2,0,1,1
CIV,5,,,0,0,0,0
CIV,6,-0.00551804840178577,,1,0,1,0
CIV,8,,,0,0,0,0
CIV,9,,,0,0,0,0
CIV,10,-5.614931899296542e-17,,1,0,1,0
CIV,11,,,0,0,0,0
CIV,12,0.003724569640062483,,2,1,1,0
CIV,13,-0.0924299666922192,,2,0,0,2
CIV,14,-0.009004695385338383,-0.2,5,0,4,1
CIV,15,-0.001805579030657433,0.0,7,1,5,1
CIV,16,0.00047039505696451625,0.0,5,0,5,0
CIV,17,0.0034273886072361884,,2,0,2,0
CIV,18,-0.008783671524161946,-0.25,4,0,3,1
CIV,19,0.009796796763621898,0.6,5,3,2,0
CIV,20,-0.00901402082912272,-0.1111111111111111,9,2,4,3
CIV,21,-0.027401457618263757,-0.6666666666666666,9,0,3,6
CIV,22,0.0010859645447909255,0.0,8,1,6,1
CIV,23,0.010302396791602693,0.25,8,2,6,0
CIV,24,-0.014834425612641394,-0.3333333333333333,6,0,4,2
CIV,25,-0.037839954521877224,-0.3333333333333333,3,0,2,1
CMR,1,-0.005426261244745744,-0.2,5,1,2,2
CMR,2,0.00029189055030691424,0.0,5,0,5,0
CMR,3,,,0,0,0,0
CMR,4,-6.166055878317853e-05,,2,0,2,0
CMR,5,,,0,0,0,0
CMR,6,-0.00044793952805528077,,1,0,1,0
CMR,8,,,0,0,0,0
CMR,9,,,0,0,0,0
CMR,10,0.005633095083446565,,1,0,1,0
CMR,11,,,0,0,0,0
CMR,12,5.252682946068335e-19,,2,0,2,0
CMR,13,0.0020855077185307803,,2,0,2,0
CMR,14,-0.00033362902255567337,0.0,5,1,3,1
CMR,15,-0.006704070044254109,0.0,7,2,3,2
CMR,16,0.0005651557168746799,0.0,5,0,5,0
CMR,17,-0.006156384447513218,,2,0,2,0
CMR,18,-0.005379398476861428,-0.25,4,0,3,1
CMR,19,0.0016746498057051504,-0.2,5,1,2,2
CMR,20,-0.02308096471651072,-0.3333333333333333,9,1,4,4
CMR,21,-0.006040457043621158,-0.3333333333333333,9,1,4,4
CMR,22,-0.012959410333651502,-0.25,8,1,4,3
CMR,23,-0.05171883576232593,-0.625,8,0,3,5
CMR,24,-0.018702300960521157,-0.5,6,0,3,3
CMR,25,0.007006966785462749,0.3333333333333333,3,1,2,0
COD,1,-0.003368649023937681,-0.2,5,0,4,1
COD,2,-0.003625369093759887,-0.2,5,1,2,2
COD,3,,,0,0,0,0
COD,4,-0.039150526584472004,,2,0,1,1
COD,5,,,0,0,0,0
COD,6,0.00304718148758987,,1,0,1,0
COD,8,,,0,0,0,0
COD,9,,,0,0,0,0
COD,10,-0.022291306364450376,,1,0,0,1
COD,11,,,0,0,0,0
COD,12,5.252682946068335e-19,,2,0,2,0
COD,13,0.008084415821342148,,2,1,0,1
COD,14,-0.012309582380507004,-0.4,5,0,3,2
COD,15,-0.03328154375080209,-0.7142857142857143,7,0,2,5
COD,16,-0.020795722643492928,-1.0,5,0,0,5
COD,17,0.017450138713255632,,2,1,1,0
COD,18,0.023697655851085717,0.75,4,3,1,0
COD,19,-0.003330548398155309,-0.2,5,0,4,1
COD,20,-0.0037330048225907245,-0.2222222222222222,9,0,7,2
COD,21,0.012601770083601442,0.5555555555555556,9,5,4,0
COD,22,-0.0003340012153267197,-0.25,8,2,2,4
COD,23,-0.015063871863121314,-0.25,8,0,6,2
COD,24,0.013324312443610683,0.5,6,3,3,0
COD,25,-0.01224093572439907,-0.3333333333333333,3,0,2,1
COG,1,-0.023019463660428584,-0.6,5,0,2,3
COG,2,0.0027523187517481205,0.2,5,1,4,0
COG,3,,,0,0,0,0
COG,4,-0.0016751042692716733,,2,0,2,0
COG,5,,,0,0,0,0
COG,6,-0.0033502085385433613,,1,0,1,0
COG,8,,,0,0,0,0
COG,9,,,0,0,0,0
COG,10,0.008196514957371205,,1,0,1,0
COG,11,,,0,0,0,0
COG,12,-2.0594100796220614e-17,,2,0,2,0
COG,13,-0.007148903526879533,,2,0,1,1
COG,14,-0.012540329852732457,-0.6,5,0,2,3
COG,15,0.0032449369387211576,0.0,7,2,3,2
COG,16,-0.010667280583972271,0.0,5,1,3,1
COG,17,-0.015391536943963401,,2,0,0,2
COG,18,-0.0076969432082641025,-0.25,4,0,3,1
COG,19,-0.001841296488747814,0.0,5,0,5,0
COG,20,-0.01136274900274884,-0.2222222222222222,9,0,7,2
COG,21,-0.0076982620195148255,-0.3333333333333333,9,0,6,3
COG,22,-0.006783185831298038,-0.25,8,0,6,2
COG,23,-0.005854794123415332,-0.25,8,0,6,2
COG,24,-0.016720390356674157,-0.6666666666666666,6,0,2,4
COG,25,-0.010761131410561548,-0.6666666666666666,3,0,1,2
COM,1,-0.0011887261785699158,-0.2,5,0,4,1
COM,2,0.005747978132981668,0.3333333333333333,3,1,2,0
COM,3,,,0,0,0,0
COM,4,0.015029262899649039,,1,1,0,0
COM,5,,,0,0,0,0
COM,6,,,0,0,0,0
COM,8,,,0,0,0,0
COM,9,,,0,0,0,0
COM,10,2.526466900885921e-17,,1,0,1,0
COM,11,,,0,0,0,0
COM,12,0.008307902973395611,,2,1,1,0
COM,13,0.005718711964981284,,2,1,1,0
COM,14,0.0031025527078360725,0.0,3,1,1,1
COM,15,-0.010318850824614218,-0.2,5,1,2,2
COM,16,-0.0009453087389716305,0.0,3,0,3,0
COM,17,-0.0856633203987984,,1,0,0,1
COM,18,0.0014684612292458156,0.0,3,0,3,0
COM,19,0.02509276976998987,0.6,5,3,2,0
COM,20,0.01779313519728555,0.4444444444444444,9,4,5,0
COM,21,0.002407393670125193,0.1111111111111111,9,1,8,0
COM,22,-0.013455525753119542,-0.125,8,0,7,1
COM,23,0.007251857455878108,0.25,8,2,6,0
COM,24,0.005872966508037994,0.16666666666666666,6,1,5,0
COM,25,-0.01314847562230783,,2,0,1,1
CPV,1,-0.0054929948324952405,-0.2,5,0,4,1
CPV,2,1.9959325733848226e-17,0.0,3,0,3,0
CPV,3,,,0,0,0,0
CPV,4,-0.0017426883089405158,,1,0,1,0
CPV,5,,,0,0,0,0
CPV,6,,,0,0,0,0
CPV,8,,,0,0,0,0
CPV,9,,,0,0,0,0
CPV,10,-5.586717445955387e-18,,1,0,1,0
CPV,11,,,0,0,0,0
CPV,12,-4.024827747784307e-18,,2,0,2,0
CPV,13,-0.005341134818934769,,2,0,1,1
CPV,14,-0.003827260133191212,-0.3333333333333333,3,0,2,1
CPV,15,-0.00018297857979624328,0.0,5,1,3,1
CPV,16,-1.2979927020404457e-18,0.0,3,0,3,0
CPV,17,-1.9155800248838054e-17,,1,0,1,0
CPV,18,-0.009194796134702801,-0.3333333333333333,3,0,2,1
CPV,19,-0.014349171506444759,-0.8,5,0,1,4
CPV,20,-0.0005333680697953046,0.0,9,0,9,0
CPV,21,-0.008467034601044227,-0.1111111111111111,9,0,8,1
CPV,22,-0.00882590254817127,-0.125,8,0,7,1
CPV,23,0.0026851295344614305,0.0,8,0,8,0
CPV,24,-0.01390633785666752,-0.16666666666666666,6,0,5,1
CPV,25,-1.326871384722391e-17,,2,0,2,0
CUB,1,-0.014138541326653358,-0.4,5,0,3,2
CUB,2,-0.00070656700845834,0.0,4,0,4,0
CUB,3,,,0,0,0,0
CUB,4,2.1033770905795707e-17,,1,0,1,0
CUB,5,,,0,0,0,0
CUB,6,,,0,0,0,0
CUB,8,,,0,0,0,0
CUB,9,,,0,0,0,0
CUB,10,0.012021555270811916,,1,1,0,0
CUB,11,,,0,0,0,0
CUB,12,0.0023571987480437524,,2,0,2,0
CUB,13,-0.009655128326535515,,2,0,1,1
CUB,14,-0.007489035009964105,-0.3333333333333333,3,0,2,1
CUB,15,0.0058397509020471396,0.2,5,1,4,0
CUB,16,-0.013875766368218792,-0.25,4,0,3,1
CUB,17,0.024635203251940466,,1,1,0,0
CUB,18,-0.002248505982687409,0.0,3,0,3,0
CUB,19,0.0028141014048358123,0.2,5,1,4,0
CUB,20,-0.00019044097993158328,0.0,9,0,9,0
CUB,21,-0.0008677456544653821,0.0,9,0,9,0
CUB,22,-0.00420158877415095,-0.25,8,0,6,2
CUB,23,-0.03561507055041848,-0.375,8,0,5,3
CUB,24,-0.001372778481980627,0.0,6,0,6,0
CUB,25,-0.0033218882083660725,,2,0,2,0
DJI,1,0.0008097385715602043,0.0,5,0,5,0
DJI,2,-0.0004854277157349103,0.0,4,0,4,0
DJI,3,,,0,0,0,0
DJI,4,-2.5949845436903357e-17,,1,0,1,0
DJI,5,,,0,0,0,0
DJI,6,,,0,0,0,0
DJI,8,,,0,0,0,0
DJI,9,,,0,0,0,0
DJI,10,2.012014000062142e-18,,1,0,1,0
DJI,11,,,0,0,0,0
DJI,12,5.252682946068335e-19,,2,0,2,0
DJI,13,0.06635497213824806,,2,1,1,0
DJI,14,0.0012438595432875418,0.0,3,0,3,0
DJI,15,0.0008552257783323132,0.0,5,0,5,0
DJI,16,-0.0004854277157349393,0.0,4,0,4,0
DJI,17,1.5640470958252054e-17,,1,0,1,0
DJI,18,-0.012787648734528078,-0.3333333333333333,3,0,2,1
DJI,19,1.8136096016502937e-18,0.0,5,0,5,0
DJI,20,-0.001151318181973982,0.0,9,0,9,0
DJI,21,-0.0030045541381256194,-0.1111111111111111,9,0,8,1
DJI,22,-0.0009784663220100498,0.0,8,0,8,0
DJI,23,2.311802652345844e-18,0.0,8,0,8,0
DJI,24,-0.0037930908953715085,-0.16666666666666666,6,0,5,1
DJI,25,2.4318903479521493e-17,,2,0,2,0
DMA,1,1.744385502484535e-17,,1,0,1,0
DMA,2,-0.0020718910215822123,0.0,3,0,3,0
DMA,3,,,0,0,0,0
DMA,4,0.002468899229204806,,1,0,1,0
DMA,5,-0.026581791794500598,,1,0,0,1
DMA,6,0.002468899229204806,,1,0,1,0
DMA,8,,,0,0,0,0
DMA,9,,,0,0,0,0
DMA,10,,,0,0,0,0
DMA,11,,,0,0,0,0
DMA,12,5.252682946068335e-19,,2,0,2,0
DMA,13,,,0,0,0,0
DMA,14,0.0008280543989114197,,2,0,2,0
DMA,15,-0.0007184636314279626,,2,0,2,0
DMA,16,-0.006215673064746671,,1,0,1,0
DMA,17,0.005111382947709296,,1,0,1,0
DMA,18,0.002416699742101661,,1,0,1,0
DMA,19,,,0,0,0,0
DMA,20,-3.919341373037023e-17,,1,0,1,0
DMA,21,-0.04145662418066874,,1,0,0,1
DMA,22,-4.4891339378963496e-17,,2,0,2,0
DMA,23,-2.2194048001678756e-17,0.0,3,0,3,0
DMA,24,-0.02072831209033435,,2,0,1,1
DMA,25,-0.0016468560070904506,,1,0,1,0
DZA,1,-0.008998385912684072,0.0,5,1,3,1
DZA,2,0.0016277835864857803,0.0,5,0,5,0
DZA,3,,,0,0,0,0
DZA,4,-0.0019593156709394174,,2,0,2,0
DZA,5,-0.024862566562672987,,1,0,0,1
DZA,6,-0.003918631341878833,,1,0,1,0
DZA,8,,,0,0,0,0
DZA,9,,,0,0,0,0
DZA,10,7.514621385703724e-19,,1,0,1,0
DZA,11,,,0,0,0,0
DZA,12,0.00023865414710483126,,2,0,2,0
DZA,13,0.021017883504134645,,2,2,0,0
DZA,14,0.002211193864213817,0.2,5,1,4,0
DZA,15,0.0021295693770266425,0.14285714285714285,7,1,6,0
DZA,16,0.001899341803411573,0.0,5,0,5,0
DZA,17,-0.0007877165913415755,,2,0,2,0
DZA,18,0.0006272371182894647,0.0,4,0,4,0
DZA,19,-0.002314912884800366,0.0,5,0,5,0
DZA,20,0.00010572834027155162,0.0,9,0,9,0
DZA,21,7.394033810317276e-05,0.1111111111111111,9,2,6,1
DZA,22,-0.0006871228198072617,-0.125,8,0,7,1
DZA,23,-0.0327273014636993,-0.5,8,0,4,4
DZA,24,-0.003375684791756576,-0.16666666666666666,6,0,5,1
DZA,25,0.007606180668070014,0.3333333333333333,3,1,2,0
ETH,1,-0.008127158888686033,-0.4,5,0,3,2
ETH,2,0.0006518237120782094,0.0,5,1,3,1
ETH,3,,,0,0,0,0
ETH,4,-0.0033242513737725033,,2,0,1,1
ETH,5,,,0,0,0,0
ETH,6,-0.010054148527759803,,1,0,0,1
ETH,8,,,0,0,0,0
ETH,9,,,0,0,0,0
ETH,10,0.012889421560416007,,1,1,0,0
ETH,11,,,0,0,0,0
ETH,12,0.0015774647887323815,0.0,3,0,3,0
ETH,13,0.008075063741148601,,2,0,2,0
ETH,14,-0.006291700437711054,-0.4,5,0,3,2
ETH,15,-0.006335845655027944,-0.2857142857142857,7,0,5,2
ETH,16,-0.00391209914548344,-0.2,5,1,2,2
ETH,17,-0.02522074254042518,,2,0,0,2
ETH,18,-0.0007488426896673922,-0.25,4,0,3,1
ETH,19,0.003249541957408574,0.0,5,1,3,1
ETH,20,-0.0038298014090263027,-0.1111111111111111,9,0,8,1
ETH,21,-0.013887456874498931,-0.6666666666666666,9,1,1,7
ETH,22,-0.008024067612039425,0.0,8,1,6,1
ETH,23,-0.018937502711154103,0.0,8,1,6,1
ETH,24,-0.011933381291530126,-0.6666666666666666,6,0,2,4
ETH,25,-0.006929530225977645,-0.3333333333333333,3,0,2,1
FJI,1,0.0007402659440202492,0.2,5,2,2,1
FJI,2,-0.002011792346545018,0.0,3,0,3,0
FJI,3,,,0,0,0,0
FJI,4,-0.029113145866995243,,1,0,0,1
FJI,5,,,0,0,0,0
FJI,6,,,0,0,0,0
FJI,8,,,0,0,0,0
FJI,9,,,0,0,0,0
FJI,10,-1.766013386999323e-17,,1,0,1,0
FJI,11,,,0,0,0,0
FJI,12,0.0008137715179968331,,2,0,2,0
FJI,13,0.028400403754921047,,2,2,0,0
FJI,14,-0.013113088407610218,-0.3333333333333333,3,0,2,1
FJI,15,0.0043736020481446964,0.2,5,1,4,0
FJI,16,-0.005800385690188296,0.0,3,1,1,1
FJI,17,0.0003876168343838393,,1,0,1,0
FJI,18,0.0034420678888209947,0.0,3,0,3,0
FJI,19,0.0103096775442788,0.6,5,3,2,0
FJI,20,0.0017988526100802442,0.0,9,0,9,0
FJI,21,0.004558514098843741,0.1111111111111111,9,2,6,1
FJI,22,0.00546837040380091,0.25,8,2,6,0
FJI,23,-0.006197870284979194,0.125,8,3,3,2
FJI,24,0.01110041355028856,0.3333333333333333,6,2,4,0
FJI,25,0.010097213007679387,,2,1,1,0
FSM,1,1.744385502484535e-17,,1,0,1,0
FSM,2,1.687641752875337e-17,,2,0,2,0
FSM,3,,,0,0,0,0
FSM,4,,,0,0,0,0
FSM,5,,,0,0,0,0
FSM,6,,,0,0,0,0
FSM,8,,,0,0,0,0
FSM,9,,,0,0,0,0
FSM,10,,,0,0,0,0
FSM,11,,,0,0,0,0
FSM,12,-4.024827747784307e-18,,2,0,2,0
FSM,13,,,0,0,0,0
FSM,14,,,0,0,0,0
FSM,15,,,0,0,0,0
FSM,16,,,0,0,0,0
FSM,17,,,0,0,0,0
FSM,18,,,0,0,0,0
FSM,19,,,0,0,0,0
FSM,20,1.6660880008405055e-17,,1,0,1,0
FSM,21,-0.0010287801270111837,,1,0,1,0
FSM,22,2.4652342212201652e-17,,2,0,2,0
FSM,23,-1.484852186464273e-17,0.0,3,0,3,0
FSM,24,-0.0005143900635055711,,2,0,2,0
FSM,25,,,0,0,0,0
GAB,1,-0.0003334637755690507,0.0,5,0,5,0
GAB,2,-0.02378085164255708,-0.4,5,0,3,2
GAB,3,,,0,0,0,0
GAB,4,-0.0020570609675648168,,2,0,2,0
GAB,5,,,0,0,0,0
GAB,6,0.002173224120655706,,1,0,1,0
GAB,8,,,0,0,0,0
GAB,9,,,0,0,0,0
GAB,10,-6.175358608273487e-18,,1,0,1,0
GAB,11,,,0,0,0,0
GAB,12,0.0031768388106414905,,2,0,2,0
GAB,13,0.01460091270035894,,2,1,1,0
GAB,14,0.0028119213803348537,0.0,5,0,5,0
GAB,15,0.00219723677200592,0.0,7,0,7,0
GAB,16,-0.009178275066742965,-0.6,5,0,2,3
GAB,17,0.012062773123155405,,2,1,1,0
GAB,18,0.013853457377894337,0.5,4,2,2,0
GAB,19,-0.0009896753233463748,0.0,5,0,5,0
GAB,20,0.009752892394112977,0.5,4,2,2,0
GAB,21,0.012036391660774038,0.2222222222222222,9,3,5,1
GAB,22,0.008563179556377113,0.625,8,5,3,0
GAB,23,0.0011053515161082922,0.125,8,2,5,1
GAB,24,0.010201038824307463,0.0,6,1,4,1
GAB,25,0.0006680810085798065,-0.3333333333333333,3,0,2,1
GEO,1,-0.023716393228841927,-0.8,5,0,1,4
GEO,2,-0.007526018664715556,-0.4,5,0,3,2
GEO,3,,,0,0,0,0
GEO,4,-0.023331570417962993,,2,0,1,1
GEO,5,,,0,0,0,0
GEO,6,-0.0025435123086056492,,1,0,1,0
GEO,8,,,0,0,0,0
GEO,9,,,0,0,0,0
GEO,10,0.024131504330370816,,1,1,0,0
GEO,11,,,0,0,0,0
GEO,12,0.0039261309663692736,0.3333333333333333,3,1,2,0
GEO,13,-0.017002069051914617,,2,0,1,1
GEO,14,-0.023398931061080527,-0.8,5,0,1,4
GEO,15,-0.019152526171373665,-0.2857142857142857,7,1,3,3
GEO,16,-0.03270398677990586,-0.8,5,0,1,4
GEO,17,-0.0021676299172120506,,2,0,2,0
GEO,18,-0.02363730240002173,-0.75,4,0,1,3
GEO,19,-0.030626925755571265,-0.8,5,0,1,4
GEO,20,-0.025953323993838734,-0.8888888888888888,9,0,1,8
GEO,21,-0.043737285500845234,-0.7777777777777778,9,0,2,7
GEO,22,-0.009303025858160877,-0.25,8,0,6,2
GEO,23,-0.04604599514838741,-0.5,8,1,2,5
GEO,24,-0.06606163740554258,-1.0,6,0,0,6
GEO,25,-0.01717774983166318,-0.6666666666666666,3,0,1,2
GIN,1,0.02972741379619544,0.4,5,2,3,0
GIN,2,0.007203567554158275,0.4,5,2,3,0
GIN,3,,,0,0,0,0
GIN,4,-0.0021790058812358186,,2,0,2,0
GIN,5,,,0,0,0,0
GIN,6,-0.004358011762471631,,1,0,1,0
GIN,8,,,0,0,0,0
GIN,9,,,0,0,0,0
GIN,10,-5.540333799155186e-18,,1,0,1,0
GIN,11,,,0,0,0,0
GIN,12,4.091231786516179e-18,,2,0,2,0
GIN,13,-0.018003956321634956,,2,0,1,1
GIN,14,0.005166787951761137,0.2,5,1,4,0
GIN,15,-0.012079138850477645,-0.2857142857142857,7,0,5,2
GIN,16,0.0003924335705995467,0.0,5,1,3,1
GIN,17,-0.002503014407365406,,2,0,2,0
GIN,18,0.016353461509177596,0.5,4,2,2,0
GIN,19,0.072972031792616,1.0,5,5,0,0
GIN,20,0.0011310347965822153,0.25,4,1,3,0
GIN,21,0.02913625555688544,0.1111111111111111,9,2,6,1
GIN,22,0.0023960242692568695,0.0,8,0,8,0
GIN,23,0.008692571410573158,0.125,8,2,5,1
GIN,24,-0.003681301326873544,-0.16666666666666666,6,0,5,1
GIN,25,0.01164650696924798,0.3333333333333333,3,1,2,0
GMB,1,0.008314571725696737,0.4,5,2,3,0
GMB,2,0.004476074309018276,0.4,5,2,3,0
GMB,3,,,0,0,0,0
GMB,4,0.003912874547221523,,2,1,1,0
GMB,5,0.02322782705200698,,1,1,0,0
GMB,6,-0.004059840777313275,,1,0,1,0
GMB,8,,,0,0,0,0
GMB,9,,,0,0,0,0
GMB,10,4.9641068369649854e-17,,1,0,1,0
GMB,11,,,0,0,0,0
GMB,12,-2.0594100796220614e-17,,2,0,2,0
GMB,13,0.0057522031459979125,,2,1,1,0
GMB,14,0.002302028652237735,0.2,5,1,4,0
GMB,15,0.012247762764386216,0.2857142857142857,7,2,5,0
GMB,16,-0.0007061277508983413,0.2,5,1,4,0
GMB,17,0.002221758215344981,,2,0,2,0
GMB,18,0.0007594379423020194,0.0,4,0,4,0
GMB,19,0.0033464471230804345,0.2,5,1,4,0
GMB,20,-0.0005037251863897181,-0.1111111111111111,9,0,8,1
GMB,21,-0.003470433015019243,-0.2222222222222222,9,0,7,2
GMB,22,0.00041447349819894103,0.0,8,0,8,0
GMB,23,0.002857190972383011,0.0,8,0,8,0
GMB,24,-0.0036202236247954624,-0.16666666666666666,6,0,5,1
GMB,25,0.00460957273857414,0.0,3,0,3,0
GNB,1,-0.019183094272482448,-0.4,5,0,3,2
GNB,2,-0.015517974880418279,-0.5,4,0,2,2
GNB,3,,,0,0,0,0
GNB,4,-0.0055982438159730575,,1,0,1,0
GNB,5,,,0,0,0,0
GNB,6,,,0,0,0,0
GNB,8,,,0,0,0,0
GNB,9,,,0,0,0,0
GNB,10,0.018040368705184766,,1,1,0,0
GNB,11,,,0,0,0,0
GNB,12,6.36979241434246e-20,,2,0,2,0
GNB,13,-0.013352837047336958,,2,0,1,1
GNB,14,-0.004105284642135657,-0.3333333333333333,3,0,2,1
GNB,15,-0.05287495662107451,-0.4,5,1,1,3
GNB,16,-0.03068264345644672,-0.25,4,1,1,2
GNB,17,-0.09854081300776803,,1,0,0,1
GNB,18,-0.026203040938616175,,2,0,0,2
GNB,19,-0.028994077780690963,-0.6666666666666666,3,0,1,2
GNB,20,-0.047456958651029266,-0.75,4,0,1,3
GNB,21,-0.0012568590115467253,0.0,9,0,9,0
GNB,22,-0.05860245965936072,-0.625,8,0,3,5
GNB,23,-0.004880139239701799,-0.125,8,0,7,1
GNB,24,-0.0019104870090578343,-0.16666666666666666,6,0,5,1
GNB,25,-0.005562231418659458,,2,0,1,1
GNQ,1,-0.005472908110264742,-0.2,5,0,4,1
GNQ,2,0.006054109428459724,0.25,4,1,3,0
GNQ,3,,,0,0,0,0
GNQ,4,0.09506193873472915,,1,1,0,0
GNQ,5,,,0,0,0,0
GNQ,6,,,0,0,0,0
GNQ,8,,,0,0,0,0
GNQ,9,,,0,0,0,0
GNQ,10,-0.04991838325016885,,1,0,0,1
GNQ,11,,,0,0,0,0
GNQ,12,1.9483704904992945e-18,,2,0,2,0
GNQ,13,0.06764542872082344,,2,2,0,0
GNQ,14,-0.009844898960589184,-0.3333333333333333,3,0,2,1
GNQ,15,-0.0008404572149742235,0.0,5,0,5,0
GNQ,16,-0.006233383624000283,-0.5,4,0,2,2
GNQ,17,2.1668829208900077e-17,,1,0,1,0
GNQ,18,0.0013979810688727592,0.0,3,0,3,0
GNQ,19,-5.190226143114464e-18,0.0,5,0,5,0
GNQ,20,-0.002565202307606438,-0.1111111111111111,9,0,8,1
GNQ,21,0.008732516744695955,0.0,9,2,5,2
GNQ,22,0.002299182317969033,0.125,8,2,5,1
GNQ,23,-0.010394796188618582,-0.25,8,0,6,2
GNQ,24,-0.0070104080992333265,-0.16666666666666666,6,1,3,2
GNQ,25,1.0901166544410575e-17,,2,0,2,0
GRD,1,1.744385502484535e-17,,1,0,1,0
GRD,2,-0.0036734345823972382,-0.3333333333333333,3,0,2,1
GRD,3,,,0,0,0,0
GRD,4,-0.010234423207123006,,1,0,0,1
GRD,5,,,0,0,0,0
GRD,6,-0.010234423207123006,,1,0,0,1
GRD,8,,,0,0,0,0
GRD,9,,,0,0,0,0
GRD,10,,,0,0,0,0
GRD,11,,,0,0,0,0
GRD,12,0.0010798122065727564,,2,0,2,0
GRD,13,,,0,0,0,0
GRD,14,0.0004824033275060818,,2,0,2,0
GRD,15,-0.00044915521723662595,,2,0,2,0
GRD,16,-0.011020303747191748,,1,0,0,1
GRD,17,-0.019288834497379663,,1,0,0,1
GRD,18,-0.001584491377800742,,1,0,1,0
GRD,19,,,0,0,0,0
GRD,20,-3.919341373037023e-17,,1,0,1,0
GRD,21,0.004179419265989917,,1,0,1,0
GRD,22,1.4858307362820283e-17,,2,0,2,0
GRD,23,-2.2194048001678756e-17,0.0,3,0,3,0
GRD,24,0.0020897096329949793,,2,0,2,0
GRD,25,0.0017345918051498701,,1,0,1,0
GTM,1,0.0410355858819436,0.8,5,4,1,0
GTM,2,0.0017874911799916997,0.2,5,1,4,0
GTM,3,,,0,0,0,0
GTM,4,0.028507766741324585,,2,1,1,0
GTM,5,,,0,0,0,0
GTM,6,-0.004046898048254857,,1,0,1,0
GTM,8,,,0,0,0,0
GTM,9,,,0,0,0,0
GTM,10,4.305135712038644e-17,,1,0,1,0
GTM,11,,,0,0,0,0
GTM,12,0.0017136150234741143,,2,0,2,0
GTM,13,0.0014213373365216718,,2,0,2,0
GTM,14,0.02125335594236149,0.4,5,2,3,0
GTM,15,0.01999633984239396,0.5714285714285714,7,4,3,0
GTM,16,0.002060267973252683,0.2,5,1,4,0
GTM,17,-0.009842259171496974,,2,0,1,1
GTM,18,0.021034567466425295,0.5,4,2,2,0
GTM,19,0.05611791548372876,0.8,5,4,1,0
GTM,20,0.0011136922638672624,0.0,9,2,5,2
GTM,21,0.033041971289483524,0.5555555555555556,9,5,4,0
GTM,22,-0.01017134017368357,0.0,8,1,6,1
GTM,23,0.002670318425009073,0.5,8,5,2,1
GTM,24,0.03977525831417648,0.16666666666666666,6,2,3,1
GTM,25,0.031554506395536135,0.6666666666666666,3,2,1,0
GUY,1,0.0002292455598361095,0.0,5,0,5,0
GUY,2,-0.005878025342451463,-0.2,5,0,4,1
GUY,3,,,0,0,0,0
GUY,4,-0.0008183202097206618,,2,0,2,0
GUY,5,,,0,0,0,0
GUY,6,-0.0016366404194413729,,1,0,1,0
GUY,8,,,0,0,0,0
GUY,9,,,0,0,0,0
GUY,10,-0.00736079186367896,,1,0,1,0
GUY,11,,,0,0,0,0
GUY,12,-2.1381497859345513e-17,,2,0,2,0
GUY,13,0.005139136676012649,,2,1,0,1
GUY,14,-0.003782460925436687,-0.2,5,0,4,1
GUY,15,-0.011756507630962365,-0.14285714285714285,7,0,6,1
GUY,16,0.00037391911666198943,0.0,5,0,5,0
GUY,17,0.005450517185033791,,2,0,2,0
GUY,18,-0.0021912984037061028,0.0,4,0,4,0
GUY,19,-0.0034108351934114,-0.2,5,0,4,1
GUY,20,0.04017743396563671,0.6666666666666666,9,6,3,0
GUY,21,-0.01129817827416986,-0.3333333333333333,9,1,4,4
GUY,22,0.00728987391385967,0.25,8,2,6,0
GUY,23,-0.008457675348974762,-0.25,8,0,6,2
GUY,24,-0.0023250691811303598,-0.16666666666666666,6,0,5,1
GUY,25,-0.0014503196754429646,0.0,3,0,3,0
HND,1,0.002780645201007614,0.2,5,1,4,0
HND,2,0.0011543311624283258,0.0,5,1,3,1
HND,3,,,0,0,0,0
HND,4,0.014158337621902727,,2,1,1,0
HND,5,,,0,0,0,0
HND,6,0.0006842449334260809,,1,0,1,0
HND,8,,,0,0,0,0
HND,9,,,0,0,0,0
HND,10,-0.11052437914083248,,1,0,0,1
HND,11,,,0,0,0,0
HND,12,0.0017742566510171797,,2,0,2,0
HND,13,0.0013147408785114838,,2,0,2,0
HND,14,0.001084112866244052,0.0,5,0,5,0
HND,15,-0.00028838439004862305,0.14285714285714285,7,2,4,1
HND,16,-0.0016835371996908475,-0.2,5,0,4,1
HND,17,-0.005198488824703687,,2,0,1,1
HND,18,-0.0032136349377318817,-0.25,4,0,3,1
HND,19,0.015679141599202313,0.8,5,4,1,0
HND,20,-0.04423926762426977,-0.4444444444444444,9,2,1,6
HND,21,-0.0028844405350764556,-0.1111111111111111,9,0,8,1
HND,22,-0.0007030625148355469,-0.125,8,0,7,1
HND,23,-0.016912071748546902,-0.125,8,2,3,3
HND,24,-0.0010380063237562553,-0.16666666666666666,6,0,5,1
HND,25,-0.015184246811821267,-0.3333333333333333,3,0,2,1
HTI,1,-0.00011583346311452768,0.0,5,0,5,0
HTI,2,-0.0030826888747497836,-0.2,5,1,2,2
HTI,3,,,0,0,0,0
HTI,4,-0.00014159727589711617,,2,1,0,1
HTI,5,,,0,0,0,0
HTI,6,-0.014634745331305328,,1,0,0,1
HTI,8,,,0,0,0,0
HTI,9,,,0,0,0,0
HTI,10,4.511911492792095e-18,,1,0,1,0
HTI,11,,,0,0,0,0
HTI,12,6.36979241434246e-20,,2,0,2,0
HTI,13,-0.014560427859943305,,2,1,0,1
HTI,14,0.0013166829940876458,0.0,5,0,5,0
HTI,15,-0.007229256129024401,-0.14285714285714285,7,2,2,3
HTI,16,-0.005418955790971069,-0.4,5,0,3,2
HTI,17,-0.00026939367390751284,,2,1,0,1
HTI,18,0.003941629415870375,0.0,3,0,3,0
HTI,19,-0.10416862059325166,-0.6666666666666666,3,0,1,2
HTI,20,-0.008705463695987656,0.0,4,1,2,1
HTI,21,-0.003496481392645409,-0.2222222222222222,9,0,7,2
HTI,22,-0.002668287807982657,-0.25,8,1,4,3
HTI,23,-0.013280385715964535,-0.25,8,1,4,3
HTI,24,-0.002047651696139246,-0.16666666666666666,6,0,5,1
HTI,25,-0.0027659397938994555,0.0,3,0,3,0
IRN,1,-0.0026664482600989485,-0.2,5,0,4,1
IRN,2,-0.007020025913103233,-0.2,5,0,4,1
IRN,3,,,0,0,0,0
IRN,4,0.0024233931615263594,,2,0,2,0
IRN,5,,,0,0,0,0
IRN,6,-0.004162798332976732,,1,0,1,0
IRN,8,,,0,0,0,0
IRN,9,,,0,0,0,0
IRN,10,1.8698086309623872e-18,,1,0,1,0
IRN,11,,,0,0,0,0
IRN,12,-0.0017616230422321313,0.0,3,0,3,0
IRN,13,-0.00032868521962707635,,2,0,2,0
IRN,14,-0.005299881791928083,-0.2,5,0,4,1
IRN,15,-0.013616450885851863,-0.14285714285714285,7,0,6,1
IRN,16,-0.003963488333066487,0.0,5,1,3,1
IRN,17,0.0013016525722952792,,2,0,2,0
IRN,18,0.0005448414046452159,0.0,4,0,4,0
IRN,19,0.055986883083566294,0.6,5,4,0,1
IRN,20,0.0022285916845289637,0.2222222222222222,9,3,5,1
IRN,21,0.010749933838914505,0.2222222222222222,9,2,7,0
IRN,22,0.007262744083042932,0.0,8,1,6,1
IRN,23,-0.055051993460378056,-0.75,8,0,2,6
IRN,24,0.011471547154352738,0.16666666666666666,6,1,5,0
IRN,25,-0.004912190705997201,-0.3333333333333333,3,0,2,1
IRQ,1,-0.025564989980763266,-0.8,5,0,1,4
IRQ,2,0.008405737029131102,0.5,4,2,2,0
IRQ,3,,,0,0,0,0
IRQ,4,-3.2083662640470664e-17,,1,0,1,0
IRQ,5,,,0,0,0,0
IRQ,6,,,0,0,0,0
IRQ,8,,,0,0,0,0
IRQ,9,,,0,0,0,0
IRQ,10,-3.2528582193330568e-18,,1,0,1,0
IRQ,11,,,0,0,0,0
IRQ,12,0.0022946009389670867,,2,0,2,0
IRQ,13,0.038244168729673164,,2,1,1,0
IRQ,14,-0.023705092449951014,-0.3333333333333333,3,0,2,1
IRQ,15,0.030884095345281658,0.2,5,1,4,0
IRQ,16,0.006391071046408,0.25,4,1,3,0
IRQ,17,-0.0033593458979930928,,1,0,1,0
IRQ,18,-0.019938418530308612,-0.3333333333333333,3,1,0,2
IRQ,19,0.005441036977263021,0.2,5,1,4,0
IRQ,20,0.014011913454956103,0.3333333333333333,9,3,6,0
IRQ,21,4.584494484307208e-05,0.2222222222222222,9,3,5,1
IRQ,22,0.00656664903134763,0.25,8,2,6,0
IRQ,23,-0.033103056371265115,0.0,8,2,4,2
IRQ,24,0.0007045551788531302,0.0,6,0,6,0
IRQ,25,0.006496432229878672,,2,1,1,0
ISL,1,-0.0010060130745422446,0.0,5,0,5,0
ISL,2,0.0010247918443289006,0.0,4,0,4,0
ISL,3,,,0,0,0,0
ISL,4,-3.872248505889319e-17,,1,0,1,0
ISL,5,,,0,0,0,0
ISL,6,,,0,0,0,0
ISL,8,,,0,0,0,0
ISL,9,,,0,0,0,0
ISL,10,-0.10488324825840808,,1,0,0,1
ISL,11,,,0,0,0,0
ISL,12,0.015648695274492124,0.25,4,1,3,0
ISL,13,0.0006162847868003252,,2,0,2,0
ISL,14,0.0006936908991412266,0.0,3,0,3,0
ISL,15,-0.0058354631202011745,-0.2,5,1,2,2
ISL,16,-0.0026706384164805236,-0.25,4,0,3,1
ISL,17,4.826155691725341e-17,,1,0,1,0
ISL,18,0.0010612877121759486,0.0,3,0,3,0
ISL,19,-0.0064593643198072774,0.0,5,1,3,1
ISL,20,0.002410482527054403,0.1111111111111111,9,2,6,1
ISL,21,-0.0064555245385622875,-0.3333333333333333,9,1,4,4
ISL,22,0.0005965971511116968,0.0,8,0,8,0
ISL,23,-0.020280299617754127,-0.25,8,1,4,3
ISL,24,-0.011878759357772772,-0.3333333333333333,6,1,2,3
ISL,25,-0.011025634981691766,,2,0,1,1
KGZ,1,-0.0015962027456044403,0.0,5,1,3,1
KGZ,2,0.004015278335674437,0.2,5,1,4,0
KGZ,3,,,0,0,0,0
KGZ,4,0.0017508109937187512,,2,0,2,0
KGZ,5,0.0003967536387183305,,1,0,1,0
KGZ,6,-0.0036058126843176216,,1,0,1,0
KGZ,8,,,0,0,0,0
KGZ,9,,,0,0,0,0
KGZ,10,-0.03593609302878657,,1,0,0,1
KGZ,11,,,0,0,0,0
KGZ,12,-0.0043170382639501235,-0.3333333333333333,3,0,2,1
KGZ,13,0.014392713691525868,,2,1,1,0
KGZ,14,-0.0026298994351601607,-0.4,5,0,3,2
KGZ,15,-0.005611448061776108,-0.14285714285714285,7,0,6,1
KGZ,16,-0.020801162751423147,-0.2,5,1,2,2
KGZ,17,-0.0027244054228829613,,2,0,2,0
KGZ,18,0.0019974346837660605,0.0,4,0,4,0
KGZ,19,-0.010105561240354896,-0.4,5,0,3,2
KGZ,20,0.0030316732692957926,0.0,9,2,5,2
KGZ,21,-0.027891680663267485,-0.7777777777777778,9,0,2,7
KGZ,22,-0.0033788291857458066,-0.125,8,1,5,2
KGZ,23,-0.004597086858609485,-0.25,8,0,6,2
KGZ,24,-0.021129027054067707,-0.6666666666666666,6,0,2,4
KGZ,25,-0.008449972036360576,-0.6666666666666666,3,0,1,2
KHM,1,-0.0027318637802538548,0.0,5,0,5,0
KHM,2,-0.0012203028169616187,-0.2,5,0,4,1
KHM,3,,,0,0,0,0
KHM,4,0.0025422848341758986,,2,0,2,0
KHM,5,,,0,0,0,0
KHM,6,0.0050845696683517825,,1,0,1,0
KHM,8,,,0,0,0,0
KHM,9,,,0,0,0,0
KHM,10,3.442797501405181e-17,,1,0,1,0
KHM,11,,,0,0,0,0
KHM,12,-0.002624223874717251,0.0,3,0,3,0
KHM,13,-0.014462149663577891,,2,0,1,1
KHM,14,0.005483283933744983,0.2,5,1,4,0
KHM,15,-0.0008406083315885673,0.0,7,1,5,1
KHM,16,-0.007185997303102569,-0.6,5,0,2,3
KHM,17,0.004226069262847781,,2,0,2,0
KHM,18,0.0003894844567062972,0.0,4,0,4,0
KHM,19,0.01640410462453655,0.2,5,1,4,0
KHM,20,-0.004175450851369768,-0.1111111111111111,9,0,8,1
KHM,21,-0.005333216255916525,-0.1111111111111111,9,0,8,1
KHM,22,-0.0029071063047254276,0.0,8,1,6,1
KHM,23,-0.03554531613268501,-0.25,8,0,6,2
KHM,24,-0.01334520130739407,-0.3333333333333333,6,0,4,2
KHM,25,-0.002533912717915466,0.0,3,0,3,0
KIR,1,1.744385502484535e-17,,1,0,1,0
KIR,2,1.687641752875337e-17,,2,0,2,0
KIR,3,,,0,0,0,0
KIR,4,,,0,0,0,0
KIR,5,,,0,0,0,0
KIR,6,,,0,0,0,0
KIR,8,,,0,0,0,0
KIR,9,,,0,0,0,0
KIR,10,,,0,0,0,0
KIR,11,,,0,0,0,0
KIR,12,0.0020970266040687574,,2,0,2,0
KIR,13,,,0,0,0,0
KIR,14,,,0,0,0,0
KIR,15,,,0,0,0,0
KIR,16,,,0,0,0,0
KIR,17,,,0,0,0,0
KIR,18,,,0,0,0,0
KIR,19,,,0,0,0,0
KIR,20,-0.024871698375286803,,1,0,0,1
KIR,21,0.05132648352418748,,1,1,0,0
KIR,22,2.4652342212201652e-17,,2,0,2,0
KIR,23,-1.484852186464273e-17,0.0,3,0,3,0
KIR,24,0.025663241762093725,,2,1,1,0
KIR,25,,,0,0,0,0
KNA,1,1.744385502484535e-17,,1,0,1,0
KNA,2,-0.0038198247128010307,-0.3333333333333333,3,0,2,1
KNA,3,,,0,0,0,0
KNA,4,-0.005118671738783844,,1,0,1,0
KNA,5,,,0,0,0,0
KNA,6,-0.005118671738783844,,1,0,1,0
KNA,8,,,0,0,0,0
KNA,9,,,0,0,0,0
KNA,10,,,0,0,0,0
KNA,11,,,0,0,0,0
KNA,12,-4.024827747784307e-18,,2,0,2,0
KNA,13,,,0,0,0,0
KNA,14,0.0007907921302042754,,2,0,2,0
KNA,15,0.0021870574298272437,,2,0,2,0
KNA,16,-0.011459474138403125,,1,0,0,1
KNA,17,-0.0028480332596587618,,1,0,1,0
KNA,18,-0.00512771318484499,,1,0,1,0
KNA,19,,,0,0,0,0
KNA,20,-7.785922015484823e-18,,1,0,1,0
KNA,21,0.026089221033434296,,1,1,0,0
KNA,22,2.4652342212201652e-17,,2,0,2,0
KNA,23,-1.484852186464273e-17,0.0,3,0,3,0
KNA,24,0.013044610516717134,,2,1,1,0
KNA,25,-0.0009111681107375604,,1,0,1,0
LAO,1,-0.00557347550125513,-0.4,5,0,3,2
LAO,2,9.438872250418143e-05,0.0,4,0,4,0
LAO,3,,,0,0,0,0
LAO,4,0.007426358022413702,,1,0,1,0
LAO,5,-0.015619829588033533,,1,0,0,1
LAO,6,,,0,0,0,0
LAO,8,,,0,0,0,0
LAO,9,,,0,0,0,0
LAO,10,0.002772350647346168,,1,0,1,0
LAO,11,,,0,0,0,0
LAO,12,0.0030985915492956323,,2,0,2,0
LAO,13,0.009141557670867733,,2,1,1,0
LAO,14,0.03427301017638603,0.3333333333333333,3,1,2,0
LAO,15,0.0031329575613410995,0.4,5,2,3,0
LAO,16,0.012563293341907741,0.25,4,1,3,0
LAO,17,0.006072663738680318,,1,0,1,0
LAO,18,-0.007458609889314332,-0.3333333333333333,3,0,2,1
LAO,19,-0.03167895918210011,-1.0,5,0,0,5
LAO,20,0.0025082958023428994,0.1111111111111111,9,1,8,0
LAO,21,-0.0068527834146607045,-0.1111111111111111,9,2,4,3
LAO,22,-0.003430713215135219,-0.125,8,2,3,3
LAO,23,0.0004889243983618354,0.0,8,1,6,1
LAO,24,-0.002548790883756953,-0.16666666666666666,6,0,5,1
LAO,25,0.05492703525926222,,2,1,1,0
LBN,1,0.009613365000180802,0.2,5,1,4,0
LBN,2,-0.014026917882304967,-0.4,5,0,3,2
LBN,3,,,0,0,0,0
LBN,4,0.004405568421208459,,2,0,2,0
LBN,5,,,0,0,0,0
LBN,6,0.0011683665463435352,,1,0,1,0
LBN,8,,,0,0,0,0
LBN,9,,,0,0,0,0
LBN,10,0.04306384672209375,,1,1,0,0
LBN,11,,,0,0,0,0
LBN,12,0.0011619718309858727,,2,0,2,0
LBN,13,0.0552409153884128,,2,2,0,0
LBN,14,0.008106587764154636,0.6,5,3,2,0
LBN,15,0.0021383423457234396,0.14285714285714285,7,1,6,0
LBN,16,-0.005823200656391969,-0.2,5,1,2,2
LBN,17,0.013769001580057444,,2,1,1,0
LBN,18,-0.011433332642448644,-0.25,4,0,3,1
LBN,19,0.02252202176194134,0.6,5,3,2,0
LBN,20,0.0003745947206538914,0.1111111111111111,9,1,8,0
LBN,21,0.0019658208496916695,-0.2222222222222222,9,2,3,4
LBN,22,0.00043455477847318595,0.125,8,1,7,0
LBN,23,-0.011951372762406895,-0.125,8,1,5,2
LBN,24,0.0001549101281971508,0.0,6,1,4,1
LBN,25,0.03444537895390491,0.6666666666666666,3,2,1,0
LBR,1,-0.0019305577185751012,0.0,5,0,5,0
LBR,2,0.00522394761313934,0.2,5,1,4,0
LBR,3,,,0,0,0,0
LBR,4,0.0023697364162314216,,2,0,2,0
LBR,5,,,0,0,0,0
LBR,6,0.004739472832462833,,1,0,1,0
LBR,8,,,0,0,0,0
LBR,9,,,0,0,0,0
LBR,10,1.232587170417498e-17,,1,0,1,0
LBR,11,,,0,0,0,0
LBR,12,4.091231786516179e-18,,2,0,2,0
LBR,13,-0.0029787098028667535,,2,0,2,0
LBR,14,-0.0016974831700954994,0.0,5,0,5,0
LBR,15,0.0016913229796670117,0.0,7,1,5,1
LBR,16,0.0034714769716828364,0.0,5,1,3,1
LBR,17,0.0012524320075808734,,2,0,2,0
LBR,18,-0.003026823369403917,-0.25,4,0,3,1
LBR,19,0.0302978236797667,0.4,5,3,1,1
LBR,20,0.005007941031665091,0.1111111111111111,9,2,6,1
LBR,21,-0.008205864756142928,-0.2222222222222222,9,0,7,2
LBR,22,5.924036048297504e-05,0.0,8,0,8,0
LBR,23,-2.3659982671272246e-18,0.0,8,0,8,0
LBR,24,-0.0013413740931579766,-0.16666666666666666,6,0,5,1
LBR,25,-0.0005587651029484842,0.0,3,0,3,0
LBY,1,-0.018737259720160652,-0.2,5,0,4,1
LBY,2,0.007313524668728096,0.5,4,2,2,0
LBY,3,,,0,0,0,0
LBY,4,1.387015436622207e-17,,1,0,1,0
LBY,5,,,0,0,0,0
LBY,6,,,0,0,0,0
LBY,8,,,0,0,0,0
LBY,9,,,0,0,0,0
LBY,10,-0.007232219080033937,,1,0,1,0
LBY,11,,,0,0,0,0
LBY,12,-1.9340225195949113e-18,,2,0,2,0
LBY,13,0.023633326626751678,,2,1,1,0
LBY,14,-0.00877356034689307,-0.3333333333333333,3,0,2,1
LBY,15,0.00889326419209201,-0.2,5,1,2,2
LBY,16,0.0028259907832943352,0.25,4,1,3,0
LBY,17,-0.004479127863989398,,1,0,1,0
LBY,18,0.0016335439606431342,0.0,3,0,3,0
LBY,19,-0.01523730430825937,-0.4,5,0,3,2
LBY,20,0.0025462995678716214,0.1111111111111111,9,1,8,0
LBY,21,0.004277586784508276,-0.2222222222222222,9,1,5,3
LBY,22,0.0027029595911649508,0.25,8,2,6,0
LBY,23,-0.009566258274715115,-0.375,8,0,5,3
LBY,24,-0.0003891665134567049,0.0,6,0,6,0
LBY,25,0.056616793994718355,,2,1,1,0
LCA,1,1.744385502484535e-17,,1,0,1,0
LCA,2,-0.001145212710227053,0.0,3,0,3,0
LCA,3,,,0,0,0,0
LCA,4,-0.001145501685746498,,1,0,1,0
LCA,5,,,0,0,0,0
LCA,6,-0.001145501685746498,,1,0,1,0
LCA,8,,,0,0,0,0
LCA,9,,,0,0,0,0
LCA,10,,,0,0,0,0
LCA,11,,,0,0,0,0
LCA,12,0.001566901408450644,,2,0,2,0
LCA,13,,,0,0,0,0
LCA,14,0.0014833438351660605,,2,0,2,0
LCA,15,-0.003558783336835347,,2,0,2,0
LCA,16,-0.003435638130681193,,1,0,1,0
LCA,17,-0.01079054608909172,,1,0,0,1
LCA,18,-0.0008134898414049565,,1,0,1,0
LCA,19,,,0,0,0,0
LCA,20,-3.919341373037023e-17,,1,0,1,0
LCA,21,-0.03218152834807919,,1,0,0,1
LCA,22,1.4594420535044455e-17,,2,0,2,0
LCA,23,-2.2194048001678756e-17,0.0,3,0,3,0
LCA,24,-0.01609076417403961,,2,0,1,1
LCA,25,0.0024691260197569963,,1,0,1,0
LIE,1,1.744385502484535e-17,,1,0,1,0
LIE,2,1.687641752875337e-17,,2,0,2,0
LIE,3,,,0,0,0,0
LIE,4,,,0,0,0,0
LIE,5,,,0,0,0,0
LIE,6,,,0,0,0,0
LIE,8,,,0,0,0,0
LIE,9,,,0,0,0,0
LIE,10,,,0,0,0,0
LIE,11,,,0,0,0,0
LIE,12,0.0033313889222284176,0.0,4,0,4,0
LIE,13,,,0,0,0,0
LIE,14,,,0,0,0,0
LIE,15,,,0,0,0,0
LIE,16,,,0,0,0,0
LIE,17,,,0,0,0,0
LIE,18,,,0,0,0,0
LIE,19,,,0,0,0,0
LIE,20,-7.785922015484823e-18,,1,0,1,0
LIE,21,-0.01337414165114847,,1,0,0,1
LIE,22,0.009667937041657514,,2,1,0,1
LIE,23,-0.006044048566880763,-0.3333333333333333,3,0,2,1
LIE,24,-0.006687070825574249,,2,0,1,1
LIE,25,,,0,0,0,0
LSO,1,0.01414120105137901,0.0,5,1,3,1
LSO,2,0.031063171045740152,0.5,4,2,2,0
LSO,3,,,0,0,0,0
LSO,4,0.04174478857689233,,1,1,0,0
LSO,5,,,0,0,0,0
LSO,6,,,0,0,0,0
LSO,8,,,0,0,0,0
LSO,9,,,0,0,0,0
LSO,10,3.150883980113229e-17,,1,0,1,0
LSO,11,,,0,0,0,0
LSO,12,0.0011795774647887028,,2,0,2,0
LSO,13,0.006331709899583145,,2,1,1,0
LSO,14,-0.0034293971767346714,0.0,3,0,3,0
LSO,15,0.0215486047026477,0.4,5,2,3,0
LSO,16,0.018297049152682012,0.25,4,1,3,0
LSO,17,-0.030191044544771103,,1,0,0,1
LSO,18,0.034301231333543146,0.6666666666666666,3,2,1,0
LSO,19,-0.019339302439404998,-0.6,5,0,2,3
LSO,20,0.0018880259472984788,0.0,9,0,9,0
LSO,21,0.0073469781315476075,0.2222222222222222,9,2,7,0
LSO,22,0.010173859446864436,0.375,8,4,3,1
LSO,23,-0.01746909156055587,-0.375,8,0,5,3
LSO,24,0.00583843241972143,0.16666666666666666,6,1,5,0
LSO,25,-0.0035925876548975706,,2,0,2,0
MDA,1,-0.00724375728404929,-0.4,5,0,3,2
MDA,2,0.003934789892094238,0.2,5,1,4,0
MDA,3,,,0,0,0,0
MDA,4,-0.0032936154847412083,,2,0,2,0
MDA,5,,,0,0,0,0
MDA,6,0.000451862984277787,,1,0,1,0
MDA,8,,,0,0,0,0
MDA,9,,,0,0,0,0
MDA,10,-3.1581278764278436e-17,,1,0,1,0
MDA,11,,,0,0,0,0
MDA,12,0.0039822932944039114,0.3333333333333333,3,1,2,0
MDA,13,0.023155052009659532,,2,1,1,0
MDA,14,-0.0015970222200928914,0.0,5,0,5,0
MDA,15,-0.010137087712325327,-0.42857142857142855,7,0,4,3
MDA,16,-0.013064115120343696,-0.4,5,0,3,2
MDA,17,0.002134933480346903,,2,0,2,0
MDA,18,-0.011372319667997203,-0.5,4,0,2,2
MDA,19,-0.015480889297591695,-0.8,5,0,1,4
MDA,20,-0.010158325388208534,-0.4444444444444444,9,2,1,6
MDA,21,-0.019666063848279174,-0.4444444444444444,9,1,3,5
MDA,22,-0.00269094376880872,-0.125,8,1,5,2
MDA,23,-0.030037538650214208,-0.5,8,0,4,4
MDA,24,-0.026906860110894798,-0.5,6,0,3,3
MDA,25,-0.015175691786596446,-0.3333333333333333,3,0,2,1
MDG,1,-0.047261078188492026,0.4,5,3,1,1
MDG,2,-0.06960505754893827,-0.2,5,1,2,2
MDG,3,,,0,0,0,0
MDG,4,-0.03298222280055407,,2,1,0,1
MDG,5,,,0,0,0,0
MDG,6,0.011106799120737594,,1,1,0,0
MDG,8,,,0,0,0,0
MDG,9,,,0,0,0,0
MDG,10,-3.193117987905389e-17,,1,0,1,0
MDG,11,,,0,0,0,0
MDG,12,-9.751347526925718e-18,,2,0,2,0
MDG,13,0.001526742845166877,,2,0,2,0
MDG,14,-0.0024068327954384384,0.0,5,1,3,1
MDG,15,-0.0467249769616681,-0.5714285714285714,7,0,3,4
MDG,16,-0.01572863891394566,-0.6,5,0,2,3
MDG,17,0.003776801415617578,,2,0,2,0
MDG,18,0.000581113927274626,0.0,4,0,4,0
MDG,19,0.032708285536650276,0.6,5,3,2,0
MDG,20,-0.020879651949427234,-0.5555555555555556,9,0,4,5
MDG,21,-0.01709618015986605,-0.3333333333333333,9,1,4,4
MDG,22,-0.0028389803523760516,-0.125,8,0,7,1
MDG,23,0.000960049901867935,0.0,8,1,6,1
MDG,24,-0.028712826439857165,-0.5,6,0,3,3
MDG,25,-0.005342322899096534,0.0,3,1,1,1
MDV,1,0.001291176532964811,0.0,5,1,3,1
MDV,2,0.005747978132981682,0.3333333333333333,3,1,2,0
MDV,3,,,0,0,0,0
MDV,4,0.15221755922009098,,1,1,0,0
MDV,5,,,0,0,0,0
MDV,6,,,0,0,0,0
MDV,8,,,0,0,0,0
MDV,9,,,0,0,0,0
MDV,10,-0.043650460047493574,,1,0,0,1
MDV,11,,,0,0,0,0
MDV,12,0.006435837245696211,,2,1,1,0
MDV,13,0.0018484435038754864,,2,0,2,0
MDV,14,-0.009338219129918349,-0.3333333333333333,3,0,2,1
MDV,15,-0.06508305141184476,-0.6,5,0,2,3
MDV,16,-0.0010691556808296115,0.0,3,0,3,0
MDV,17,0.0016796729490032337,,1,0,1,0
MDV,18,0.05743903985003645,1.0,3,3,0,0
MDV,19,0.009311038637248248,0.4,5,2,3,0
MDV,20,-0.006096725177309487,-0.3333333333333333,9,0,6,3
MDV,21,-0.0016645424734965536,0.0,9,1,7,1
MDV,22,-0.0012081565980694361,0.0,8,1,6,1
MDV,23,-0.004721489883669314,-0.25,8,0,6,2
MDV,24,0.0021451991444489914,0.0,6,1,4,1
MDV,25,-0.019246923414371286,,2,0,1,1
MHL,1,1.744385502484535e-17,,1,0,1,0
MHL,2,1.687641752875337e-17,,2,0,2,0
MHL,3,,,0,0,0,0
MHL,4,,,0,0,0,0
MHL,5,,,0,0,0,0
MHL,6,,,0,0,0,0
MHL,8,,,0,0,0,0
MHL,9,,,0,0,0,0
MHL,10,,,0,0,0,0
MHL,11,,,0,0,0,0
MHL,12,0.0014906103286384815,,2,0,2,0
MHL,13,,,0,0,0,0
MHL,14,,,0,0,0,0
MHL,15,,,0,0,0,0
MHL,16,,,0,0,0,0
MHL,17,,,0,0,0,0
MHL,18,,,0,0,0,0
MHL,19,,,0,0,0,0
MHL,20,1.6660880008405055e-17,,1,0,1,0
MHL,21,-0.02530156124868745,,1,0,0,1
MHL,22,2.4652342212201652e-17,,2,0,2,0
MHL,23,-1.484852186464273e-17,0.0,3,0,3,0
MHL,24,-0.012650780624343704,,2,0,1,1
MHL,25,,,0,0,0,0
MKD,1,-0.005766160956449528,-0.2,5,0,4,1
MKD,2,0.0035252402689073346,0.2,5,1,4,0
MKD,3,,,0,0,0,0
MKD,4,-0.00385314017791852,,2,0,2,0
MKD,5,,,0,0,0,0
MKD,6,0.0014285956165184625,,1,0,1,0
MKD,8,,,0,0,0,0
MKD,9,,,0,0,0,0
MKD,10,-0.003085746807480908,,1,0,1,0
MKD,11,,,0,0,0,0
MKD,12,0.01796187864664925,0.6666666666666666,3,2,1,0
MKD,13,0.014692374300622224,,2,1,1,0
MKD,14,0.0028478445317775985,0.0,5,0,5,0
MKD,15,-0.0013037901683241137,0.0,7,1,5,1
MKD,16,9.544059981336022e-05,0.0,5,0,5,0
MKD,17,0.006519516063793602,,2,1,1,0
MKD,18,-0.0004095739030067864,0.0,4,0,4,0
MKD,19,0.0012057139595168024,0.0,5,0,5,0
MKD,20,0.007632749026796309,0.2222222222222222,9,2,7,0
MKD,21,-0.010300246488874884,-0.4444444444444444,9,1,3,5
MKD,22,-0.001630612149984517,-0.125,8,0,7,1
MKD,23,-0.00715394510802108,-0.125,8,0,7,1
MKD,24,-0.019561414604087352,-0.8333333333333334,6,0,1,5
MKD,25,-0.0006550865979235154,0.0,3,0,3,0
MLI,1,-0.017741181040831226,-0.2,5,1,2,2
MLI,2,-0.0037448382514213363,-0.2,5,1,2,2
MLI,3,,,0,0,0,0
MLI,4,-0.0036146922987494424,,2,0,2,0
MLI,5,,,0,0,0,0
MLI,6,-0.006568757656854162,,1,0,1,0
MLI,8,,,0,0,0,0
MLI,9,,,0,0,0,0
MLI,10,-0.014970693495665086,,1,0,0,1
MLI,11,,,0,0,0,0
MLI,12,1.6306141057071825e-17,,2,0,2,0
MLI,13,-0.0038756095959219627,,2,0,2,0
MLI,14,-0.025524912052230453,-0.8,5,0,1,4
MLI,15,0.04888456118842719,0.5714285714285714,7,5,1,1
MLI,16,0.009904557216781705,-0.2,5,2,0,3
MLI,17,0.004716367912680322,,2,1,1,0
MLI,18,0.010423515749739265,0.75,4,3,1,0
MLI,19,-3.2026852000763473e-18,0.0,5,0,5,0
MLI,20,-0.016616832755696503,-0.75,4,0,1,3
MLI,21,-0.015509623079664322,-0.3333333333333333,9,1,4,4
MLI,22,0.014597317645235659,0.0,8,2,4,2
MLI,23,-0.051097159536649665,-0.625,8,0,3,5
MLI,24,-0.008907726146302542,-0.5,6,1,1,4
MLI,25,-0.021826444847237222,-0.6666666666666666,3,0,1,2
MMR,1,-0.0028006103656103972,-0.2,5,0,4,1
MMR,2,0.0019262779222291504,0.2,5,2,2,1
MMR,3,,,0,0,0,0
MMR,4,-0.0009334816515533454,,2,0,2,0
MMR,5,,,0,0,0,0
MMR,6,-0.00186696330310669,,1,0,1,0
MMR,8,,,0,0,0,0
MMR,9,,,0,0,0,0
MMR,10,-0.010253679495692522,,1,0,0,1
MMR,11,,,0,0,0,0
MMR,12,-8.257128409216899e-18,,2,0,2,0
MMR,13,-0.006563157222415803,,2,0,1,1
MMR,14,-0.002663455578992014,0.0,5,0,5,0
MMR,15,-0.0005603101199612057,0.0,7,1,5,1
MMR,16,-0.0019057074997586299,0.0,5,1,3,1
MMR,17,-0.002219114100344941,,2,0,2,0
MMR,18,-0.007092519582262723,0.0,3,0,3,0
MMR,19,,,0,0,0,0
MMR,20,-0.023269108556322762,-0.5,4,0,2,2
MMR,21,-0.018949449018838292,-0.3333333333333333,9,1,4,4
MMR,22,-0.0042219544452346686,-0.125,8,0,7,1
MMR,23,-0.036978322073079155,-0.25,8,0,6,2
MMR,24,0.001627556098917118,0.0,6,1,4,1
MMR,25,-0.004238178348115135,0.0,3,0,3,0
MNE,1,-0.018310263229182187,-0.4,5,0,3,2
MNE,2,0.005715392487964974,0.4,5,2,3,0
MNE,3,,,0,0,0,0
MNE,4,0.005918066411133915,,2,0,2,0
MNE,5,,,0,0,0,0
MNE,6,0.00872663015337392,,1,0,1,0
MNE,8,,,0,0,0,0
MNE,9,,,0,0,0,0
MNE,10,6.159783181033033e-17,,1,0,1,0
MNE,11,,,0,0,0,0
MNE,12,0.020030674441170897,0.25,4,1,3,0
MNE,13,0.0013927523692636706,,2,0,2,0
MNE,14,-0.0030689938027729353,-0.2,5,0,4,1
MNE,15,-0.016178773577712847,-0.2857142857142857,7,0,5,2
MNE,16,-0.0192547291157545,0.0,5,1,3,1
MNE,17,0.01847748204628491,,2,1,1,0
MNE,18,0.009509969848262618,0.5,4,2,2,0
MNE,19,0.004329542022017609,0.0,5,0,5,0
MNE,20,0.008783056338772431,0.5555555555555556,9,5,4,0
MNE,21,0.006791255189321386,0.2222222222222222,9,2,7,0
MNE,22,-0.0025550530627664702,-0.125,8,0,7,1
MNE,23,-0.00239522795224055,-0.125,8,0,7,1
MNE,24,0.003055666910778882,0.0,6,0,6,0
MNE,25,0.002644681397503209,0.0,3,0,3,0
MNG,1,0.0060917164343117685,0.6,5,3,2,0
MNG,2,-0.020620073516711992,0.0,5,1,3,1
MNG,3,,,0,0,0,0
MNG,4,-0.031511094819872625,,2,0,1,1
MNG,5,,,0,0,0,0
MNG,6,-0.0014984582623640728,,1,0,1,0
MNG,8,,,0,0,0,0
MNG,9,,,0,0,0,0
MNG,10,-0.013275139911351186,,1,0,0,1
MNG,11,,,0,0,0,0
MNG,12,-0.0009701282834340581,0.0,3,0,3,0
MNG,13,0.09612773101559155,,2,1,1,0
MNG,14,0.005077735551026445,0.2,5,1,4,0
MNG,15,-0.004595523379754137,-0.14285714285714285,7,1,4,2
MNG,16,-0.009415175560925358,0.0,5,2,1,2
MNG,17,-0.018134867468561983,,2,0,1,1
MNG,18,-0.0005912330574985769,0.0,4,0,4,0
MNG,19,0.03636577829294688,0.8,5,4,1,0
MNG,20,-0.003404590523472361,-0.1111111111111111,9,0,8,1
MNG,21,0.021623187063467376,0.5555555555555556,9,6,2,1
MNG,22,0.004820482202379112,0.125,8,1,7,0
MNG,23,0.015591363141345729,0.375,8,3,5,0
MNG,24,0.02134058225335231,0.16666666666666666,6,2,3,1
MNG,25,0.01758325683966223,0.6666666666666666,3,2,1,0
MOZ,1,-0.0025933675056996792,0.0,5,0,5,0
MOZ,2,-0.009506979395273847,-0.4,5,0,3,2
MOZ,3,,,0,0,0,0
MOZ,4,-0.02341847980538255,,2,0,0,2
MOZ,5,,,0,0,0,0
MOZ,6,-0.014221351946384443,,1,0,0,1
MOZ,8,,,0,0,0,0
MOZ,9,,,0,0,0,0
MOZ,10,1.4023293343516362e-17,,1,0,1,0
MOZ,11,,,0,0,0,0
MOZ,12,0.0007159624413145294,,2,0,2,0
MOZ,13,-0.008808763885998026,,2,0,1,1
MOZ,14,-0.003944282015578506,0.0,5,0,5,0
MOZ,15,-0.0016703837815238304,0.14285714285714285,7,1,6,0
MOZ,16,-0.015174329852429887,-0.8,5,0,1,4
MOZ,17,-0.0009438089775693087,,2,0,2,0
MOZ,18,-0.0070095773990987926,-0.25,4,0,3,1
MOZ,19,-0.01981133821908911,-0.8,5,0,1,4
MOZ,20,-0.011007088315103438,-0.6666666666666666,9,0,3,6
MOZ,21,-0.00948847537111318,-0.3333333333333333,9,1,4,4
MOZ,22,-0.002451762472220442,-0.125,8,0,7,1
MOZ,23,-0.009021650305908888,-0.25,8,1,4,3
MOZ,24,-0.022062082619599976,-0.6666666666666666,6,0,2,4
MOZ,25,-0.0033803638306650623,0.0,3,0,3,0
MRT,1,-0.003979963634581185,-0.2,5,0,4,1
MRT,2,0.0022652068371315955,0.0,5,1,3,1
MRT,3,,,0,0,0,0
MRT,4,-0.0025048243787865023,,2,0,2,0
MRT,5,,,0,0,0,0
MRT,6,-0.0018545856100132237,,1,0,1,0
MRT,8,,,0,0,0,0
MRT,9,,,0,0,0,0
MRT,10,-2.4461262616490407e-17,,1,0,1,0
MRT,11,,,0,0,0,0
MRT,12,-6.149257365189291e-18,,2,0,2,0
MRT,13,-0.05678901046956223,,2,0,1,1
MRT,14,-0.0231161014866386,-0.6,5,0,2,3
MRT,15,-0.012761441586569684,-0.2857142857142857,7,0,5,2
MRT,16,-0.0054726119967255585,-0.4,5,0,3,2
MRT,17,-0.011897530696335559,,2,0,1,1
MRT,18,0.032750967815170735,0.5,4,2,2,0
MRT,19,-0.003918765112780314,-0.2,5,0,4,1
MRT,20,-0.005869482603987796,-0.2222222222222222,9,0,7,2
MRT,21,0.002643040703152104,0.1111111111111111,9,2,6,1
MRT,22,-0.006003255955039598,-0.25,8,0,6,2
MRT,23,-0.005327070846462139,-0.25,8,0,6,2
MRT,24,0.00909663150590233,0.3333333333333333,6,2,4,0
MRT,25,-0.008059467979721235,-0.3333333333333333,3,0,2,1
MUS,1,0.025314059722575964,0.6,5,3,2,0
MUS,2,-0.0050478285524793555,-0.2,5,0,4,1
MUS,3,,,0,0,0,0
MUS,4,0.04875556126261746,,2,1,1,0
MUS,5,,,0,0,0,0
MUS,6,0.002990214474649206,,1,0,1,0
MUS,8,,,0,0,0,0
MUS,9,,,0,0,0,0
MUS,10,-0.005713453073226339,,1,0,1,0
MUS,11,,,0,0,0,0
MUS,12,0.0011619718309858727,,2,0,2,0
MUS,13,0.002463596815233412,,2,1,0,1
MUS,14,0.03822752262112673,0.6,5,3,2,0
MUS,15,0.024987742429781357,0.2857142857142857,7,2,5,0
MUS,16,0.026394324989836068,0.2,5,2,2,1
MUS,17,0.015128647641055672,,2,2,0,0
MUS,18,0.024931805410428276,0.5,4,2,2,0
MUS,19,0.09504066075823263,1.0,5,5,0,0
MUS,20,0.038948732790680084,0.7777777777777778,9,7,2,0
MUS,21,0.040303653846269806,0.6666666666666666,9,7,1,1
MUS,22,0.014164887860796881,0.25,8,2,6,0
MUS,23,0.062340178981215084,0.625,8,5,3,0
MUS,24,0.03820690720421981,0.6666666666666666,6,4,2,0
MUS,25,0.06699998580139399,0.6666666666666666,3,2,1,0
MWI,1,0.0030035691325569947,0.4,5,2,3,0
MWI,2,0.005105639227796843,0.4,5,2,3,0
MWI,3,,,0,0,0,0
MWI,4,0.0010191375425609263,,2,0,2,0
MWI,5,,,0,0,0,0
MWI,6,0.004310603958544308,,1,0,1,0
MWI,8,,,0,0,0,0
MWI,9,,,0,0,0,0
MWI,10,-0.002145558327076579,,1,0,1,0
MWI,11,,,0,0,0,0
MWI,12,0.002636932707355152,,2,0,2,0
MWI,13,0.053102199011249504,,2,2,0,0
MWI,14,-0.0013270708816459002,-0.2,5,0,4,1
MWI,15,-0.009311015417837396,-0.2857142857142857,7,0,5,2
MWI,16,0.011323978322845839,0.6,5,3,2,0
MWI,17,0.0024805785737703114,,2,0,2,0
MWI,18,0.022356602902929804,0.5,4,2,2,0
MWI,19,0.005218504463919624,0.4,5,2,3,0
MWI,20,0.0018012507043341107,-0.1111111111111111,9,1,6,2
MWI,21,-0.011646682067933649,0.0,9,4,1,4
MWI,22,0.003971740331271593,0.125,8,2,5,1
MWI,23,-0.007340012719156544,-0.25,8,1,4,3
MWI,24,0.003999187528275457,-0.3333333333333333,6,1,2,3
MWI,25,0.018473282941734167,0.3333333333333333,3,1,2,0
NAM,1,0.005216162628254317,0.2,5,2,2,1
NAM,2,0.0029987041885504062,0.2,5,1,4,0
NAM,3,,,0,0,0,0
NAM,4,0.0014644849129441836,,2,0,2,0
NAM,5,,,0,0,0,0
NAM,6,-0.00483909178651366,,1,0,1,0
NAM,8,,,0,0,0,0
NAM,9,,,0,0,0,0
NAM,10,-0.029451203253690536,,1,0,0,1
NAM,11,,,0,0,0,0
NAM,12,3.8688348142375145e-18,,2,0,2,0
NAM,13,0.014979111370976668,,2,1,1,0
NAM,14,0.005946631335274622,0.2,5,1,4,0
NAM,15,-0.007282916481988403,-0.14285714285714285,7,1,4,2
NAM,16,0.0008772421419762304,0.2,5,1,4,0
NAM,17,0.008912433394557065,,2,1,1,0
NAM,18,0.007503552269031679,0.25,4,1,3,0
NAM,19,0.003951187666852413,0.0,5,0,5,0
NAM,20,-0.0032238341193307086,-0.1111111111111111,9,2,4,3
NAM,21,0.009291445833156857,0.3333333333333333,9,4,4,1
NAM,22,0.00038496238107780086,-0.125,8,1,5,2
NAM,23,0.001068220701520538,-0.125,8,0,7,1
NAM,24,0.004431864965983396,0.3333333333333333,6,2,4,0
NAM,25,-0.00016286480496038131,0.0,3,0,3,0
NER,1,0.019263691410861615,0.6,5,3,2,0
NER,2,-0.01641844451184603,-0.6,5,0,2,3
NER,3,,,0,0,0,0
NER,4,-0.034652075502015545,,2,0,1,1
NER,5,,,0,0,0,0
NER,6,-0.0068806001730126725,,1,0,1,0
NER,8,,,0,0,0,0
NER,9,,,0,0,0,0
NER,10,-0.013427820091921802,,1,0,0,1
NER,11,,,0,0,0,0
NER,12,0.001875978090766765,,2,0,2,0
NER,13,0.04716060168572787,,2,1,1,0
NER,14,0.0036746423657263772,0.0,5,2,1,2
NER,15,-0.04610830221280975,-0.7142857142857143,7,0,2,5
NER,16,-0.055323397751148744,-1.0,5,0,0,5
NER,17,-0.007911690169848426,,2,0,1,1
NER,18,-0.005458810139951004,0.0,3,0,3,0
NER,19,-0.13840031838370828,-1.0,3,0,0,3
NER,20,-0.024741273702638497,-0.5,4,1,0,3
NER,21,-0.022497752063674,-0.3333333333333333,9,2,2,5
NER,22,-0.01990307009765942,-0.625,8,0,3,5
NER,23,-0.03183763498280863,-0.375,8,0,5,3
NER,24,-0.031092331540660656,-0.5,6,1,1,4
NER,25,-0.021656309033231236,-0.6666666666666666,3,0,1,2
NIC,1,-0.015881664987754764,-0.6,5,0,2,3
NIC,2,0.00406426891802787,0.2,5,1,4,0
NIC,3,,,0,0,0,0
NIC,4,-0.011544688528655679,,2,0,0,2
NIC,5,,,0,0,0,0
NIC,6,-0.01086208359556165,,1,0,0,1
NIC,8,,,0,0,0,0
NIC,9,,,0,0,0,0
NIC,10,-0.008389374132839383,,1,0,1,0
NIC,11,,,0,0,0,0
NIC,12,0.0021048513302033807,,2,0,2,0
NIC,13,-0.07157223577890796,,2,0,0,2
NIC,14,-0.01568154704194224,-0.8,5,0,1,4
NIC,15,-0.006401057789417721,-0.2857142857142857,7,0,5,2
NIC,16,-0.0030260615544678853,-0.2,5,0,4,1
NIC,17,-0.01840004303186483,,2,0,1,1
NIC,18,-0.005567508516751626,-0.25,4,0,3,1
NIC,19,-0.004930807539732627,-0.2,5,0,4,1
NIC,20,9.894892294646699e-05,0.0,9,0,9,0
NIC,21,-0.013972182885936404,-0.2222222222222222,9,1,5,3
NIC,22,-0.018863554918609502,-0.5,8,0,4,4
NIC,23,-0.027713694832989466,-0.25,8,0,6,2
NIC,24,-0.0020830354403746213,0.0,6,1,4,1
NIC,25,-0.016876305836937482,-0.6666666666666666,3,0,1,2
NPL,1,-0.005202511291510826,-0.2,5,0,4,1
NPL,2,0.0035456626089765547,0.2,5,1,4,0
NPL,3,,,0,0,0,0
NPL,4,-0.0029568443971509095,,2,0,2,0
NPL,5,0.08363996978674265,,1,1,0,0
NPL,6,-0.0052245865544918255,,1,0,1,0
NPL,8,,,0,0,0,0
NPL,9,,,0,0,0,0
NPL,10,-3.193117987905389e-17,,1,0,1,0
NPL,11,,,0,0,0,0
NPL,12,0.000743348982785541,,2,0,2,0
NPL,13,-0.0026467377310442596,,2,0,2,0
NPL,14,-0.0036081339624418436,0.0,5,0,5,0
NPL,15,0.009805292956377372,0.42857142857142855,7,3,4,0
NPL,16,-0.011383697165302183,-0.2,5,0,4,1
NPL,17,0.02784601452651971,,2,2,0,0
NPL,18,0.005098959231228,0.25,4,1,3,0
NPL,19,-0.0013973451948616315,-0.2,5,0,4,1
NPL,20,-0.0025587528158169857,-0.1111111111111111,9,0,8,1
NPL,21,-0.0026382427561828185,0.1111111111111111,9,3,4,2
NPL,22,0.004367855655185201,0.0,8,1,6,1
NPL,23,-0.007815793103754368,-0.375,8,0,5,3
NPL,24,0.012371539892257756,0.16666666666666666,6,2,3,1
NPL,25,-0.022829506480787635,-0.3333333333333333,3,0,2,1
NRU,1,1.744385502484535e-17,,1,0,1,0
NRU,2,1.687641752875337e-17,,2,0,2,0
NRU,3,,,0,0,0,0
NRU,4,,,0,0,0,0
NRU,5,-0.05903916645153345,,1,0,0,1
NRU,6,,,0,0,0,0
NRU,8,,,0,0,0,0
NRU,9,,,0,0,0,0
NRU,10,,,0,0,0,0
NRU,11,,,0,0,0,0
NRU,12,5.252682946068335e-19,,2,0,2,0
NRU,13,,,0,0,0,0
NRU,14,,,0,0,0,0
NRU,15,,,0,0,0,0
NRU,16,,,0,0,0,0
NRU,17,,,0,0,0,0
NRU,18,,,0,0,0,0
NRU,19,,,0,0,0,0
NRU,20,-0.024871698375286803,,1,0,0,1
NRU,21,0.0035685810655707592,,1,0,1,0
NRU,22,-1.6031456531938257e-17,,2,0,2,0
NRU,23,-2.6119986872431033e-17,0.0,3,0,3,0
NRU,24,0.001784290532785375,,2,0,2,0
NRU,25,,,0,0,0,0
PLW,1,1.744385502484535e-17,,1,0,1,0
PLW,2,1.687641752875337e-17,,2,0,2,0
PLW,3,,,0,0,0,0
PLW,4,,,0,0,0,0
PLW,5,,,0,0,0,0
PLW,6,,,0,0,0,0
PLW,8,,,0,0,0,0
PLW,9,,,0,0,0,0
PLW,10,,,0,0,0,0
PLW,11,,,0,0,0,0
PLW,12,-4.024827747784307e-18,,2,0,2,0
PLW,13,,,0,0,0,0
PLW,14,,,0,0,0,0
PLW,15,,,0,0,0,0
PLW,16,,,0,0,0,0
PLW,17,,,0,0,0,0
PLW,18,,,0,0,0,0
PLW,19,,,0,0,0,0
PLW,20,1.6660880008405055e-17,,1,0,1,0
PLW,21,-0.02530156124868745,,1,0,0,1
PLW,22,2.4652342212201652e-17,,2,0,2,0
PLW,23,-1.484852186464273e-17,0.0,3,0,3,0
PLW,24,-0.012650780624343704,,2,0,1,1
PLW,25,,,0,0,0,0
PNG,1,-0.006654607836350189,-0.2,5,0,4,1
PNG,2,0.0017230154758492964,0.0,4,1,2,1
PNG,3,,,0,0,0,0
PNG,4,0.011754603495599592,,1,1,0,0
PNG,5,,,0,0,0,0
PNG,6,,,0,0,0,0
PNG,8,,,0,0,0,0
PNG,9,,,0,0,0,0
PNG,10,-0.0006267923202695587,,1,0,1,0
PNG,11,,,0,0,0,0
PNG,12,0.0018348982785598882,,2,0,2,0
PNG,13,-0.059882338450752255,,2,0,1,1
PNG,14,-0.00047529882184036906,-0.3333333333333333,3,0,2,1
PNG,15,0.0005060877482781078,0.0,5,0,5,0
PNG,16,-0.005295154325103261,-0.25,4,0,3,1
PNG,17,2.9880045142316667e-17,,1,0,1,0
PNG,18,0.009870734315693859,0.3333333333333333,3,1,2,0
PNG,19,0.007408475976752209,0.2,5,1,4,0
PNG,20,-0.00047119862584285685,0.0,9,0,9,0
PNG,21,-0.0003561461493921474,0.0,9,0,9,0
PNG,22,-0.00024749891868496336,0.0,8,0,8,0
PNG,23,0.0006391149335834113,0.0,8,0,8,0
PNG,24,-0.0009805560585580215,0.0,6,0,6,0
PNG,25,0.004231099113340685,,2,0,2,0
RWA,1,-0.010431262002680675,-0.2,5,0,4,1
RWA,2,0.004846690751375112,0.4,5,2,3,0
RWA,3,,,0,0,0,0
RWA,4,0.0055381128816668485,,2,1,1,0
RWA,5,,,0,0,0,0
RWA,6,0.011076225763333652,,1,1,0,0
RWA,8,,,0,0,0,0
RWA,9,,,0,0,0,0
RWA,10,-3.785882152935223e-18,,1,0,1,0
RWA,11,,,0,0,0,0
RWA,12,0.00623239436619685,,2,1,1,0
RWA,13,-0.004452759664221307,,2,0,2,0
RWA,14,-0.007043865510024516,-0.4,5,0,3,2
RWA,15,-0.0007161130824098063,0.0,7,0,7,0
RWA,16,0.009237806877874045,0.4,5,2,3,0
RWA,17,0.007855435868555388,,2,1,1,0
RWA,18,0.0037868489932131595,0.25,4,1,3,0
RWA,19,-0.008567811232798468,-0.4,5,0,3,2
RWA,20,-0.012222989398041109,-0.2222222222222222,9,0,7,2
RWA,21,-0.0040679458091162244,-0.1111111111111111,9,0,8,1
RWA,22,-0.010117688557199854,-0.5,8,0,4,4
RWA,23,-0.025489124525619834,-0.125,8,0,7,1
RWA,24,-0.0025323139787259176,0.0,6,0,6,0
RWA,25,-0.005273228011086956,0.0,3,0,3,0
SDN,1,0.021788751822102697,0.2,5,2,2,1
SDN,2,-0.006226003456941368,0.0,4,1,2,1
SDN,3,,,0,0,0,0
SDN,4,0.017204610590395315,,2,1,1,0
SDN,5,,,0,0,0,0
SDN,6,0.0029098452437132678,,1,0,1,0
SDN,8,,,0,0,0,0
SDN,9,,,0,0,0,0
SDN,10,5.002070212975946e-19,,1,0,1,0
SDN,11,,,0,0,0,0
SDN,12,-1.9340225195949113e-18,,2,0,2,0
SDN,13,-0.022436322411363264,,2,0,0,2
SDN,14,0.008918383475479295,0.0,5,2,1,2
SDN,15,-0.014795221005157939,-0.5714285714285714,7,0,3,4
SDN,16,0.012763227268210612,0.0,4,1,2,1
SDN,17,-0.00704235816572725,,2,0,1,1
SDN,18,0.0011633875100063573,0.0,3,1,1,1
SDN,19,,,0,0,0,0
SDN,20,-0.022284442745231118,-0.25,4,0,3,1
SDN,21,-0.04419045057156178,-0.5555555555555556,9,1,2,6
SDN,22,-0.015976316273709833,-0.625,8,0,3,5
SDN,23,-0.04746531908638255,-0.75,8,0,2,6
SDN,24,-0.06630387599397171,-0.8333333333333334,6,0,1,5
SDN,25,-0.02299175899077006,-0.3333333333333333,3,1,0,2
SEN,1,-0.0011620554240980984,0.0,5,0,5,0
SEN,2,0.0013272404886444024,0.0,5,0,5,0
SEN,3,,,0,0,0,0
SEN,4,-0.001091036733035529,,2,0,2,0
SEN,5,,,0,0,0,0
SEN,6,0.003165587717246339,,1,0,1,0
SEN,8,,,0,0,0,0
SEN,9,,,0,0,0,0
SEN,10,-0.01584659558425079,,1,0,0,1
SEN,11,,,0,0,0,0
SEN,12,-1.641797559114327e-17,,2,0,2,0
SEN,13,0.03437258549371963,,2,2,0,0
SEN,14,0.003109837129756235,0.0,5,1,3,1
SEN,15,-0.004121636927041889,-0.14285714285714285,7,0,6,1
SEN,16,-0.0036463799915130704,-0.2,5,0,4,1
SEN,17,0.0011327057839609883,,2,0,2,0
SEN,18,-0.0006769457008126206,-0.25,4,0,3,1
SEN,19,0.001322270839709256,0.0,5,1,3,1
SEN,20,0.0019889990166591246,0.1111111111111111,9,2,6,1
SEN,21,0.007679510500579696,0.2222222222222222,9,3,5,1
SEN,22,0.0006331562807397452,0.125,8,1,7,0
SEN,23,-0.007077226093855577,-0.25,8,0,6,2
SEN,24,0.003985890367708867,0.16666666666666666,6,2,3,1
SEN,25,0.004910890985558791,0.3333333333333333,3,1,2,0
SLB,1,0.00043244492896097236,0.0,5,0,5,0
SLB,2,0.005747978132981689,0.3333333333333333,3,1,2,0
SLB,3,,,0,0,0,0
SLB,4,0.0019477104629334965,,1,0,1,0
SLB,5,,,0,0,0,0
SLB,6,,,0,0,0,0
SLB,8,,,0,0,0,0
SLB,9,,,0,0,0,0
SLB,10,2.383901265633423e-17,,1,0,1,0
SLB,11,,,0,0,0,0
SLB,12,-4.024827747784307e-18,,2,0,2,0
SLB,13,-0.03315819243235839,,2,0,0,2
SLB,14,0.004508684234750563,0.3333333333333333,3,1,2,0
SLB,15,-0.001474930424359308,0.0,5,0,5,0
SLB,16,-1.3960428582011272e-17,0.0,3,0,3,0
SLB,17,4.757066092668935e-18,,1,0,1,0
SLB,18,0.0011973502393784715,0.0,3,0,3,0
SLB,19,0.000922376632481154,0.0,5,0,5,0
SLB,20,0.009270771645932426,0.3333333333333333,9,3,6,0
SLB,21,0.0004438149706707065,0.0,9,0,9,0
SLB,22,0.0001629884323466608,-0.125,8,0,7,1
SLB,23,0.0011434310822012895,-0.125,8,0,7,1
SLB,24,0.0003884716625435877,0.0,6,0,6,0
SLB,25,5.159585210964158e-18,,2,0,2,0
SLE,1,0.004766243011211108,0.2,5,1,4,0
SLE,2,-0.007422826752416044,-0.2,5,0,4,1
SLE,3,,,0,0,0,0
SLE,4,-0.00034427704254039084,,2,0,2,0
SLE,5,,,0,0,0,0
SLE,6,-0.0012181946495631382,,1,0,1,0
SLE,8,,,0,0,0,0
SLE,9,,,0,0,0,0
SLE,10,0.006131314620074278,,1,0,1,0
SLE,11,,,0,0,0,0
SLE,12,3.8688348142375145e-18,,2,0,2,0
SLE,13,0.004771697588254601,,2,0,2,0
SLE,14,-0.016907367347700614,-0.2,5,0,4,1
SLE,15,-0.023172937226982042,-0.14285714285714285,7,1,4,2
SLE,16,-0.03653753983254617,-0.4,5,0,3,2
SLE,17,-0.019009778156143856,,2,0,1,1
SLE,18,-0.0011370146079442318,0.0,4,0,4,0
SLE,19,-0.021654423297300194,-0.2,5,1,2,2
SLE,20,-0.013168594270378404,-0.6666666666666666,9,0,3,6
SLE,21,-0.000241487007950743,0.0,9,1,7,1
SLE,22,-0.018631057156600215,-0.375,8,0,5,3
SLE,23,-0.0018349600329406522,0.0,8,0,8,0
SLE,24,-0.003938410145641146,-0.16666666666666666,6,0,5,1
SLE,25,-0.026066699368050342,-0.3333333333333333,3,0,2,1
SOM,1,0.008589717797547358,0.4,5,2,3,0
SOM,2,0.0016693319779989058,0.25,4,1,3,0
SOM,3,,,0,0,0,0
SOM,4,0.0005125553849825005,,1,0,1,0
SOM,5,,,0,0,0,0
SOM,6,,,0,0,0,0
SOM,8,,,0,0,0,0
SOM,9,,,0,0,0,0
SOM,10,0.003109854204414392,,1,0,1,0
SOM,11,,,0,0,0,0
SOM,12,-6.149257365189291e-18,,2,0,2,0
SOM,13,0.05591950268019964,,2,1,0,1
SOM,14,0.012488299835756396,0.3333333333333333,3,1,2,0
SOM,15,0.00620097366368687,0.2,5,1,4,0
SOM,16,0.025846629935217472,1.0,4,4,0,0
SOM,17,-0.0058142525157573325,,1,0,1,0
SOM,18,0.00428329699562587,0.3333333333333333,3,1,2,0
SOM,19,-0.006425452648652813,-0.2,5,0,4,1
SOM,20,-0.0043778973669359065,-0.25,4,0,3,1
SOM,21,-0.004324280405928111,-0.1111111111111111,9,0,8,1
SOM,22,0.008042210480369037,0.25,8,2,6,0
SOM,23,-0.02706545306800696,-0.375,8,0,5,3
SOM,24,0.00817039023909628,0.16666666666666666,6,1,5,0
SOM,25,0.0023844739245082,,2,0,2,0
SSD,1,-0.03053039926768063,-0.8,5,0,1,4
SSD,2,0.0072002582017230005,0.5,4,2,2,0
SSD,3,,,0,0,0,0
SSD,4,-0.04878957759048636,,1,0,0,1
SSD,5,,,0,0,0,0
SSD,6,,,0,0,0,0
SSD,8,,,0,0,0,0
SSD,9,,,0,0,0,0
SSD,10,0.016159087162040845,,1,1,0,0
SSD,11,,,0,0,0,0
SSD,12,-2.0642251138103848e-18,,2,0,2,0
SSD,13,-0.022471796162713914,,2,0,0,2
SSD,14,-0.007623458033630018,0.0,3,1,1,1
SSD,15,-0.09187148521478875,-0.6,5,1,0,4
SSD,16,0.009526540838515883,0.5,4,2,2,0
SSD,17,0.01882095073618472,,1,1,0,0
SSD,18,-0.015634252556348302,-0.3333333333333333,3,1,0,2
SSD,19,0.0007989159871784358,0.0,5,0,5,0
SSD,20,0.0037927907539219165,0.25,4,1,3,0
SSD,21,-0.02786520727502535,-0.6666666666666666,9,1,1,7
SSD,22,-0.0038028594835397447,-0.125,8,1,5,2
SSD,23,-0.007669535129870524,-0.25,8,0,6,2
SSD,24,-0.03576974285609292,-0.5,6,1,1,4
SSD,25,0.039124145936645566,,2,1,1,0
STP,1,0.0002471113879777187,0.0,5,0,5,0
STP,2,1.540451811875492e-17,0.0,3,0,3,0
STP,3,,,0,0,0,0
STP,4,1.0851617271557468e-17,,1,0,1,0
STP,5,,,0,0,0,0
STP,6,,,0,0,0,0
STP,8,,,0,0,0,0
STP,9,,,0,0,0,0
STP,10,9.116773793654422e-18,,1,0,1,0
STP,11,,,0,0,0,0
STP,12,-3.1017532613043364e-18,,2,0,2,0
STP,13,0.0010961652074556346,,2,0,2,0
STP,14,-2.014284201755102e-17,0.0,3,0,3,0
STP,15,-0.013151317497971418,-0.2,5,0,4,1
STP,16,0.006333270599385763,0.3333333333333333,3,1,2,0
STP,17,6.623201986117218e-17,,1,0,1,0
STP,18,-0.00036283340587210943,0.0,3,0,3,0
STP,19,-0.008570667310069712,-0.4,5,0,3,2
STP,20,-0.0006540265794166247,0.0,9,0,9,0
STP,21,0.000514716956250883,0.0,7,1,5,1
STP,22,0.00014582242580427141,0.0,8,0,8,0
STP,23,-0.001988148716799267,-0.125,8,0,7,1
STP,24,0.0032327283773336732,0.16666666666666666,6,1,5,0
STP,25,-0.0006968004233564396,,2,0,2,0
SUR,1,0.01592584383766287,0.6,5,3,2,0
SUR,2,-0.015757334480405283,-0.25,4,0,3,1
SUR,3,,,0,0,0,0
SUR,4,0.0025401273506262703,,2,0,2,0
SUR,5,,,0,0,0,0
SUR,6,0.005080254701252533,,1,0,1,0
SUR,8,,,0,0,0,0
SUR,9,,,0,0,0,0
SUR,10,-9.968506395769092e-18,,1,0,1,0
SUR,11,,,0,0,0,0
SUR,12,-6.149257365189291e-18,,2,0,2,0
SUR,13,-0.026048303655421514,,2,0,1,1
SUR,14,0.00552721004372588,0.2,5,2,2,1
SUR,15,0.006674572601228337,0.14285714285714285,7,1,6,0
SUR,16,-0.008737824676974508,-0.25,4,0,3,1
SUR,17,0.014232941085589187,,2,2,0,0
SUR,18,-0.012497418050022394,-0.25,4,0,3,1
SUR,19,-0.03503215324545163,-0.8,5,0,1,4
SUR,20,0.011471197146982585,0.1111111111111111,9,2,6,1
SUR,21,-0.0003333775843196207,0.0,8,1,6,1
SUR,22,-0.004516926771766866,0.0,8,1,6,1
SUR,23,0.005492898500208105,0.25,8,3,4,1
SUR,24,5.970982928513166e-05,0.16666666666666666,6,2,3,1
SUR,25,0.006232210391045884,0.3333333333333333,3,1,2,0
SWZ,1,0.001795418678275304,0.0,4,0,4,0
SWZ,2,-0.0005798164382385382,0.0,4,0,4,0
SWZ,3,,,0,0,0,0
SWZ,4,0.007061874193092765,,1,0,1,0
SWZ,5,,,0,0,0,0
SWZ,6,,,0,0,0,0
SWZ,8,,,0,0,0,0
SWZ,9,,,0,0,0,0
SWZ,10,-6.3341229452172505e-18,,1,0,1,0
SWZ,11,,,0,0,0,0
SWZ,12,0.005426447574334674,,2,1,1,0
SWZ,13,-2.1373304378376037e-17,,2,0,2,0
SWZ,14,0.0018227535582930905,0.0,3,0,3,0
SWZ,15,-0.013243686640214728,-0.4,5,0,3,2
SWZ,16,0.0016861575090149838,0.0,4,0,4,0
SWZ,17,-5.369026302470091e-19,,1,0,1,0
SWZ,18,-0.0020590795783244488,0.0,3,0,3,0
SWZ,19,1.9971986247727024e-17,0.0,5,0,5,0
SWZ,20,0.0029271164778995,0.1111111111111111,9,1,8,0
SWZ,21,-0.004284911843253776,-0.2222222222222222,9,0,7,2
SWZ,22,0.0018703000520104145,0.125,8,1,7,0
SWZ,23,0.0005910885239816422,0.0,8,0,8,0
SWZ,24,-0.003284856331147478,-0.16666666666666666,6,0,5,1
SWZ,25,-0.0011409705474176646,,2,0,2,0
SYC,1,0.0042108853357085965,0.2,5,1,4,0
SYC,2,0.005747978132981679,0.3333333333333333,3,1,2,0
SYC,3,,,0,0,0,0
SYC,4,0.03257574224554467,,1,1,0,0
SYC,5,,,0,0,0,0
SYC,6,,,0,0,0,0
SYC,8,,,0,0,0,0
SYC,9,,,0,0,0,0
SYC,10,-2.221196216279344e-17,,1,0,1,0
SYC,11,,,0,0,0,0
SYC,12,3.8688348142375145e-18,,2,0,2,0
SYC,13,0.014996263145468819,,2,1,1,0
SYC,14,0.0020212717578415133,0.0,3,0,3,0
SYC,15,0.0018222945010130287,0.0,5,0,5,0
SYC,16,0.0072158750900709785,0.3333333333333333,3,1,2,0
SYC,17,-5.679946735187442e-17,,1,0,1,0
SYC,18,0.004842339335524655,0.3333333333333333,3,1,2,0
SYC,19,0.007334826431572389,0.2,5,1,4,0
SYC,20,0.005381657094057329,0.1111111111111111,9,3,4,2
SYC,21,0.0031990807876324753,0.14285714285714285,7,1,6,0
SYC,22,0.003873434150892635,0.125,8,1,7,0
SYC,23,0.029215159120590365,0.375,8,3,5,0
SYC,24,0.010860098581696344,0.3333333333333333,6,2,4,0
SYC,25,0.00030968907704732624,,2,0,2,0
SYR,1,0.13561853840589957,0.8,5,4,1,0
SYR,2,0.002966249792259109,0.0,4,1,2,1
SYR,3,,,0,0,0,0
SYR,4,0.144381156889697,,1,1,0,0
SYR,5,,,0,0,0,0
SYR,6,,,0,0,0,0
SYR,8,,,0,0,0,0
SYR,9,,,0,0,0,0
SYR,10,0.14794709498050387,,1,1,0,0
SYR,11,,,0,0,0,0
SYR,12,-2.0642251138103848e-18,,2,0,2,0
SYR,13,0.014678240321329278,,2,1,0,1
SYR,14,0.09242167405425576,1.0,3,3,0,0
SYR,15,0.00627967628954416,0.2,5,2,2,1
SYR,16,0.043400578927632785,0.0,4,2,0,2
SYR,17,0.02050062368518273,,1,1,0,0
SYR,18,0.036243480302173794,,2,1,1,0
SYR,19,,,0,0,0,0
SYR,20,-0.004930069376775088,-0.1111111111111111,9,2,4,3
SYR,21,0.020230090921923058,0.3333333333333333,9,5,2,2
SYR,22,0.042675549165285306,0.75,8,7,0,1
SYR,23,0.04561410474126536,0.5,8,6,0,2
SYR,24,0.050772814069064136,0.6666666666666666,6,4,2,0
SYR,25,0.08983028232688131,,2,2,0,0
TCD,1,0.0013617864112927189,0.0,5,1,3,1
TCD,2,0.0028509270347429746,0.25,4,1,3,0
TCD,3,,,0,0,0,0
TCD,4,-6.418510299161636e-18,,1,0,1,0
TCD,5,,,0,0,0,0
TCD,6,,,0,0,0,0
TCD,8,,,0,0,0,0
TCD,9,,,0,0,0,0
TCD,10,-3.193117987905389e-17,,1,0,1,0
TCD,11,,,0,0,0,0
TCD,12,-2.0594100796220614e-17,,2,0,2,0
TCD,13,0.019580600246214858,,2,1,1,0
TCD,14,-0.0016744263082716926,0.0,3,0,3,0
TCD,15,-0.016697219220394816,-0.6,5,0,2,3
TCD,16,-0.00010517600507566626,0.0,4,0,4,0
TCD,17,-5.910824581319497e-18,,1,0,1,0
TCD,18,0.004350231639671584,0.3333333333333333,3,1,2,0
TCD,19,0.013672767124758128,0.6,5,3,2,0
TCD,20,-0.00240591282298184,0.0,9,1,7,1
TCD,21,0.0020568238284397536,0.0,9,1,7,1
TCD,22,-0.006804804769863412,-0.125,8,1,5,2
TCD,23,-0.0024355460982510534,-0.125,8,0,7,1
TCD,24,0.003108309123329733,0.16666666666666666,6,1,5,0
TCD,25,-0.005081716218821854,,2,0,1,1
TGO,1,-0.013389224451960516,-0.4,5,0,3,2
TGO,2,-0.00644944245292052,-0.4,5,0,3,2
TGO,3,,,0,0,0,0
TGO,4,0.005183951641274597,,2,1,1,0
TGO,5,,,0,0,0,0
TGO,6,-0.0033514958554762657,,1,0,1,0
TGO,8,,,0,0,0,0
TGO,9,,,0,0,0,0
TGO,10,-0.06038099351928272,,1,0,0,1
TGO,11,,,0,0,0,0
TGO,12,0.00047730829420968983,,2,0,2,0
TGO,13,-0.02672733320899569,,2,0,1,1
TGO,14,-0.03191907240079069,-1.0,5,0,0,5
TGO,15,0.006240721449499491,-0.14285714285714285,7,1,4,2
TGO,16,0.001857606885600891,-0.2,5,2,0,3
TGO,17,-0.000693385467398896,,2,0,2,0
TGO,18,-0.0009462539226139115,-0.25,4,0,3,1
TGO,19,-0.040247757007474974,-0.8,5,0,1,4
TGO,20,0.002134472920601536,0.2222222222222222,9,3,5,1
TGO,21,-0.014802845921940103,-0.3333333333333333,9,1,4,4
TGO,22,-0.0011931471401870285,0.0,8,0,8,0
TGO,23,-0.001467508516675967,-0.125,8,0,7,1
TGO,24,-0.0024130166630258426,-0.5,6,1,1,4
TGO,25,-0.019931928149496164,-0.6666666666666666,3,0,1,2
TJK,1,-0.012316503814981375,-0.4,5,0,3,2
TJK,2,0.0019471045042249754,0.25,4,1,3,0
TJK,3,,,0,0,0,0
TJK,4,-0.020707237553285837,,1,0,0,1
TJK,5,,,0,0,0,0
TJK,6,,,0,0,0,0
TJK,8,,,0,0,0,0
TJK,9,,,0,0,0,0
TJK,10,-0.05194340459257635,,1,0,0,1
TJK,11,,,0,0,0,0
TJK,12,0.0022177657929839103,0.0,3,0,3,0
TJK,13,-0.011322737854015327,,2,1,0,1
TJK,14,0.005906164225812111,0.0,3,1,1,1
TJK,15,-0.0025426880522280426,0.0,5,1,3,1
TJK,16,-0.0032164447727356196,0.0,4,1,2,1
TJK,17,0.025152025697788065,,1,1,0,0
TJK,18,-0.006757261747679058,-0.3333333333333333,3,0,2,1
TJK,19,0.01596557750321006,0.6,5,4,0,1
TJK,20,-0.0036291176732304556,0.0,9,2,5,2
TJK,21,-0.004988077297186146,0.0,9,3,3,3
TJK,22,0.0019075676170383438,0.125,8,2,5,1
TJK,23,-0.0582382172442069,-0.75,8,0,2,6
TJK,24,-0.014115593464295749,-0.16666666666666666,6,1,3,2
TJK,25,0.01657972826715724,,2,1,1,0
TLS,1,-0.00013127792486287954,0.0,5,0,5,0
TLS,2,0.006927879316782774,0.5,4,2,2,0
TLS,3,,,0,0,0,0
TLS,4,-0.009476579562343776,,1,0,1,0
TLS,5,,,0,0,0,0
TLS,6,,,0,0,0,0
TLS,8,,,0,0,0,0
TLS,9,,,0,0,0,0
TLS,10,-1.755805466634069e-17,,1,0,1,0
TLS,11,,,0,0,0,0
TLS,12,-2.0594100796220614e-17,,2,0,2,0
TLS,13,-0.0006162847868003445,,2,0,2,0
TLS,14,0.0018311759628110039,0.0,3,0,3,0
TLS,15,-0.02122213804303925,-0.2,5,0,4,1
TLS,16,0.004233088352297286,0.25,4,1,3,0
TLS,17,0.002971729063609323,,1,0,1,0
TLS,18,-0.010921838586347392,-0.3333333333333333,3,0,2,1
TLS,19,0.0033107712364238754,0.0,5,0,5,0
TLS,20,0.00012512275060188837,-0.1111111111111111,9,0,8,1
TLS,21,-0.005215563457903825,0.1111111111111111,9,2,6,1
TLS,22,0.0006217931732407715,0.0,8,0,8,0
TLS,23,0.006235668841048888,0.125,8,1,7,0
TLS,24,0.003837164283985225,0.16666666666666666,6,1,5,0
TLS,25,0.0026872491795068574,,2,0,2,0
TON,1,1.744385502484535e-17,,1,0,1,0
TON,2,1.687641752875337e-17,,2,0,2,0
TON,3,,,0,0,0,0
TON,4,,,0,0,0,0
TON,5,,,0,0,0,0
TON,6,,,0,0,0,0
TON,8,,,0,0,0,0
TON,9,,,0,0,0,0
TON,10,,,0,0,0,0
TON,11,,,0,0,0,0
TON,12,-4.024827747784307e-18,,2,0,2,0
TON,13,,,0,0,0,0
TON,14,,,0,0,0,0
TON,15,,,0,0,0,0
TON,16,,,0,0,0,0
TON,17,,,0,0,0,0
TON,18,,,0,0,0,0
TON,19,,,0,0,0,0
TON,20,4.342129538344513e-17,,1,0,1,0
TON,21,0.009239731515721526,,1,0,1,0
TON,22,-2.2730159976365547e-18,,2,0,2,0
TON,23,-3.5042540522021386e-17,0.0,3,0,3,0
TON,24,0.007870902947228062,,2,0,2,0
TON,25,,,0,0,0,0
TTO,1,-0.0005099909045573165,0.0,5,0,5,0
TTO,2,0.0012316288496000895,0.0,5,1,3,1
TTO,3,,,0,0,0,0
TTO,4,-0.0008998942073050386,,2,0,2,0
TTO,5,,,0,0,0,0
TTO,6,-0.0017997884146101024,,1,0,1,0
TTO,8,,,0,0,0,0
TTO,9,,,0,0,0,0
TTO,10,-0.02569848513104427,,1,0,0,1
TTO,11,,,0,0,0,0
TTO,12,0.001613849765258181,,2,0,2,0
TTO,13,-0.03749196105332141,,2,0,1,1
TTO,14,0.006370758898534378,0.2,5,1,4,0
TTO,15,-0.0023255119573759695,-0.14285714285714285,7,0,6,1
TTO,16,-0.002600356572387695,-0.2,5,0,4,1
TTO,17,0.001555847600659239,,2,0,2,0
TTO,18,-0.000329427779578743,0.0,4,0,4,0
TTO,19,3.40997411506636e-18,0.0,5,0,5,0
TTO,20,0.020049337363707995,0.3333333333333333,9,4,4,1
TTO,21,-0.007312089055024273,0.0,9,1,7,1
TTO,22,-0.00013670852419146278,0.0,8,0,8,0
TTO,23,-0.00024337281322569867,0.0,8,1,6,1
TTO,24,0.0026121370412409604,0.16666666666666666,6,1,5,0
TTO,25,-0.012776222015085754,0.0,3,1,1,1
TUN,1,-0.00934816902142677,-0.6,5,0,2,3
TUN,2,0.0037443675810239574,0.2,5,1,4,0
TUN,3,,,0,0,0,0
TUN,4,-0.015086855036442373,,2,0,0,2
TUN,5,,,0,0,0,0
TUN,6,-0.013117005872633052,,1,0,0,1
TUN,8,,,0,0,0,0
TUN,9,,,0,0,0,0
TUN,10,-0.013620679267396275,,1,0,0,1
TUN,11,,,0,0,0,0
TUN,12,0.002229534599158181,0.3333333333333333,3,1,2,0
TUN,13,0.017033829212752413,,2,1,1,0
TUN,14,-0.013536484543923435,-0.8,5,0,1,4
TUN,15,0.022059435998255057,0.14285714285714285,7,3,2,2
TUN,16,-0.0008512250982261228,-0.2,5,1,2,2
TUN,17,-0.003945953713001945,,2,0,2,0
TUN,18,0.00011217180944022472,0.0,4,0,4,0
TUN,19,-0.04740045217560738,-1.0,5,0,0,5
TUN,20,-0.02094881380015711,-0.4444444444444444,9,0,5,4
TUN,21,-0.013621643155471557,-0.5555555555555556,9,1,2,6
TUN,22,-0.008336664738335154,-0.375,8,0,5,3
TUN,23,-0.048871002856020626,-0.75,8,0,2,6
TUN,24,-0.017961793297721757,-0.6666666666666666,6,0,2,4
TUN,25,-0.00795343604146052,-0.3333333333333333,3,0,2,1
TUV,1,1.744385502484535e-17,,1,0,1,0
TUV,2,1.687641752875337e-17,,2,0,2,0
TUV,3,,,0,0,0,0
TUV,4,,,0,0,0,0
TUV,5,,,0,0,0,0
TUV,6,,,0,0,0,0
TUV,8,,,0,0,0,0
TUV,9,,,0,0,0,0
TUV,10,,,0,0,0,0
TUV,11,,,0,0,0,0
TUV,12,0.001122848200312966,,2,0,2,0
TUV,13,,,0,0,0,0
TUV,14,,,0,0,0,0
TUV,15,,,0,0,0,0
TUV,16,,,0,0,0,0
TUV,17,,,0,0,0,0
TUV,18,,,0,0,0,0
TUV,19,,,0,0,0,0
TUV,20,1.6660880008405055e-17,,1,0,1,0
TUV,21,-0.01583356914228656,,1,0,0,1
TUV,22,2.4652342212201652e-17,,2,0,2,0
TUV,23,-1.484852186464273e-17,0.0,3,0,3,0
TUV,24,-0.007916784571143294,,2,0,1,1
TUV,25,,,0,0,0,0
TZA,1,0.02267043455098639,0.4,5,2,3,0
TZA,2,0.00030126254164344874,0.0,5,0,5,0
TZA,3,,,0,0,0,0
TZA,4,-0.041533057786496144,,2,0,1,1
TZA,5,,,0,0,0,0
TZA,6,0.00654565090142438,,1,0,1,0
TZA,8,,,0,0,0,0
TZA,9,,,0,0,0,0
TZA,10,-0.008100085369644296,,1,0,1,0
TZA,11,,,0,0,0,0
TZA,12,0.0005340375586854146,,2,0,2,0
TZA,13,0.0318828771603245,,2,1,1,0
TZA,14,0.0015525362454453227,0.2,5,1,4,0
TZA,15,-0.011814744597499116,-0.2857142857142857,7,0,5,2
TZA,16,-0.0281141979948702,-0.6,5,0,2,3
TZA,17,-0.00784324823269747,,2,0,1,1
TZA,18,-0.013741037502999452,-0.5,4,0,2,2
TZA,19,-0.03292695149723092,-0.6,5,0,2,3
TZA,20,-0.012372482395684987,-0.1111111111111111,9,3,2,4
TZA,21,-0.002345105263630614,-0.2222222222222222,9,2,3,4
TZA,22,-0.015188269388968091,-0.25,8,0,6,2
TZA,23,-0.029557752590747426,-0.5,8,0,4,4
TZA,24,-0.025278239121972704,-0.8333333333333334,6,0,1,5
TZA,25,-0.003240663397907375,0.0,3,0,3,0
UZB,1,0.001766913316886519,0.0,5,0,5,0
UZB,2,0.00499754318612381,0.2,5,1,4,0
UZB,3,,,0,0,0,0
UZB,4,-0.0005275915813096358,,2,0,2,0
UZB,5,0.06281965838428032,,1,1,0,0
UZB,6,0.006097811987803759,,1,0,1,0
UZB,8,,,0,0,0,0
UZB,9,,,0,0,0,0
UZB,10,-0.020234141826138603,,1,0,0,1
UZB,11,,,0,0,0,0
UZB,12,0.012228829309207653,0.6666666666666666,3,2,1,0
UZB,13,-0.0006162847868003573,,2,0,2,0
UZB,14,-0.0031635178744633475,-0.2,5,0,4,1
UZB,15,0.0028436855099742407,0.0,7,0,7,0
UZB,16,0.0011655577641360242,0.0,5,0,5,0
UZB,17,0.011252048492413676,,2,1,1,0
UZB,18,0.0017259624593779247,0.0,4,0,4,0
UZB,19,0.019478834964182914,0.4,5,2,3,0
UZB,20,0.0014091154911184114,0.1111111111111111,9,1,8,0
UZB,21,0.0027846187243844266,0.1111111111111111,9,1,8,0
UZB,22,4.187739792305383e-05,0.0,8,0,8,0
UZB,23,0.009320576049966079,0.125,8,1,7,0
UZB,24,0.0006082477856140953,0.0,6,0,6,0
UZB,25,-0.005290775245994497,-0.3333333333333333,3,0,2,1
VCT,1,1.744385502484535e-17,,1,0,1,0
VCT,2,-0.003516037156646786,-0.3333333333333333,3,0,2,1
VCT,3,,,0,0,0,0
VCT,4,0.000770918819748651,,1,0,1,0
VCT,5,,,0,0,0,0
VCT,6,0.000770918819748651,,1,0,1,0
VCT,8,,,0,0,0,0
VCT,9,,,0,0,0,0
VCT,10,,,0,0,0,0
VCT,11,,,0,0,0,0
VCT,12,6.36979241434246e-20,,2,0,2,0
VCT,13,,,0,0,0,0
VCT,14,-0.006915216530899108,,2,0,2,0
VCT,15,-0.0005336911327896208,,2,0,2,0
VCT,16,-0.010548111469940391,,1,0,0,1
VCT,17,0.00601302292765803,,1,0,1,0
VCT,18,-0.0009275903475461021,,1,0,1,0
VCT,19,,,0,0,0,0
VCT,20,-3.919341373037023e-17,,1,0,1,0
VCT,21,-0.004677734640000841,,1,0,1,0
VCT,22,1.4594420535044455e-17,,2,0,2,0
VCT,23,-2.2194048001678756e-17,0.0,3,0,3,0
VCT,24,-0.002338867320000435,,2,0,2,0
VCT,25,-0.006578722222919485,,1,0,1,0
VEN,1,-0.02519963920804687,-0.6,5,0,2,3
VEN,2,0.0053376733889367554,0.2,5,1,4,0
VEN,3,,,0,0,0,0
VEN,4,-0.012473477716700182,,2,0,1,1
VEN,5,,,0,0,0,0
VEN,6,0.005999999699867154,,1,0,1,0
VEN,8,,,0,0,0,0
VEN,9,,,0,0,0,0
VEN,10,-3.5327550238784365e-18,,1,0,1,0
VEN,11,,,0,0,0,0
VEN,12,0.0025039123630671615,,2,0,2,0
VEN,13,-0.05440481533272755,,2,0,0,2
VEN,14,-0.013877779525259797,-0.4,5,0,3,2
VEN,15,0.013762385948116638,0.2857142857142857,7,2,5,0
VEN,16,-0.0031761265035521714,-0.2,5,0,4,1
VEN,17,-0.003277903962473359,,2,0,2,0
VEN,18,-0.0011587722238917029,0.0,4,1,2,1
VEN,19,-0.0028588583552557395,-0.2,5,0,4,1
VEN,20,0.002404340537137389,-0.1111111111111111,9,2,4,3
VEN,21,-0.01694765398875632,-0.6666666666666666,9,0,3,6
VEN,22,-0.018395582621165155,-0.5,8,0,4,4
VEN,23,-0.0031845524958988214,0.0,8,2,4,2
VEN,24,-0.014039513076071994,-0.5,6,0,3,3
VEN,25,-0.009360977654710369,-0.3333333333333333,3,0,2,1
VUT,1,-0.00020077800273191716,0.0,5,0,5,0
VUT,2,1.9959325733848226e-17,0.0,3,0,3,0
VUT,3,,,0,0,0,0
VUT,4,1.8930154534019854e-17,,1,0,1,0
VUT,5,,,0,0,0,0
VUT,6,,,0,0,0,0
VUT,8,,,0,0,0,0
VUT,9,,,0,0,0,0
VUT,10,3.298707800631381e-17,,1,0,1,0
VUT,11,,,0,0,0,0
VUT,12,0.001142410015649373,,2,0,2,0
VUT,13,9.921467562149538e-18,,2,0,2,0
VUT,14,1.7178701367762006e-18,0.0,3,0,3,0
VUT,15,-2.6390652126591845e-17,0.0,5,0,5,0
VUT,16,2.8424876169642405e-17,0.0,3,0,3,0
VUT,17,4.01858232870884e-17,,1,0,1,0
VUT,18,-0.004907321814419955,-0.3333333333333333,3,0,2,1
VUT,19,0.001809443585327955,0.0,5,0,5,0
VUT,20,-0.010562189714593337,-0.2222222222222222,9,2,3,4
VUT,21,-0.017272603053794574,-0.25,8,1,4,3
VUT,22,-3.72413106536679e-05,0.0,8,0,8,0
VUT,23,-0.005211962463693614,-0.125,8,1,5,2
VUT,24,-0.005837791397806629,-0.16666666666666666,6,0,5,1
VUT,25,-0.08847957699000764,,2,0,1,1
WSM,1,1.744385502484535e-17,,1,0,1,0
WSM,2,1.687641752875337e-17,,2,0,2,0
WSM,3,,,0,0,0,0
WSM,4,,,0,0,0,0
WSM,5,,,0,0,0,0
WSM,6,,,0,0,0,0
WSM,8,,,0,0,0,0
WSM,9,,,0,0,0,0
WSM,10,,,0,0,0,0
WSM,11,,,0,0,0,0
WSM,12,0.0019346635367761674,,2,0,2,0
WSM,13,,,0,0,0,0
WSM,14,,,0,0,0,0
WSM,15,,,0,0,0,0
WSM,16,,,0,0,0,0
WSM,17,,,0,0,0,0
WSM,18,,,0,0,0,0
WSM,19,,,0,0,0,0
WSM,20,4.342129538344513e-17,,1,0,1,0
WSM,21,,,0,0,0,0
WSM,22,-2.7928194731392064e-17,,2,0,2,0
WSM,23,-3.5042540522021386e-17,0.0,3,0,3,0
WSM,24,0.006502074378734552,,1,0,1,0
WSM,25,,,0,0,0,0
YEM,1,0.005376161281695257,0.2,5,1,4,0
YEM,2,0.005353571627140574,0.25,4,1,3,0
YEM,3,,,0,0,0,0
YEM,4,-0.008252141698218337,,1,0,1,0
YEM,5,,,0,0,0,0
YEM,6,,,0,0,0,0
YEM,8,,,0,0,0,0
YEM,9,,,0,0,0,0
YEM,10,-0.0036482527359281295,,1,0,1,0
YEM,11,,,0,0,0,0
YEM,12,1.9483704904992945e-18,,2,0,2,0
YEM,13,0.0,,2,0,2,0
YEM,14,0.00037563472064967217,0.0,3,0,3,0
YEM,15,-0.01710738883877976,-0.4,5,0,3,2
YEM,16,-0.009829011382183754,0.0,4,1,2,1
YEM,17,-0.0012920561146129075,,1,0,1,0
YEM,18,-0.013777481843600739,-0.3333333333333333,3,0,2,1
YEM,19,0.009103247829596916,0.2,5,2,2,1
YEM,20,0.00016291685537017496,0.0,4,0,4,0
YEM,21,-0.0050099247545388175,-0.2222222222222222,9,0,7,2
YEM,22,-0.010584576908528716,0.0,8,2,4,2
YEM,23,-0.013134574843209542,-0.125,8,0,7,1
YEM,24,0.0014062936731123767,0.16666666666666666,6,1,5,0
YEM,25,-0.002191227710569483,,2,0,2,0
ZMB,1,-0.052783363745977065,-0.6,5,0,2,3
ZMB,2,-0.005449241075663668,-0.2,5,0,4,1
ZMB,3,,,0,0,0,0
ZMB,4,-0.01696058883356635,,2,0,1,1
ZMB,5,,,0,0,0,0
ZMB,6,-0.006288747356749039,,1,0,1,0
ZMB,8,,,0,0,0,0
ZMB,9,,,0,0,0,0
ZMB,10,-0.020579681182177616,,1,0,0,1
ZMB,11,,,0,0,0,0
ZMB,12,0.002785602503912306,,2,0,2,0
ZMB,13,-0.005861078891165603,,2,1,0,1
ZMB,14,-0.00729741706686281,0.0,5,1,3,1
ZMB,15,-0.04252900697628651,-0.2857142857142857,7,1,3,3
ZMB,16,-0.012774664637338697,0.0,5,1,3,1
ZMB,17,-0.0205276662456521,,2,1,0,1
ZMB,18,-0.022899429970109138,-0.25,4,1,1,2
ZMB,19,-0.005873109329100087,-0.2,5,1,2,2
ZMB,20,0.0006850470819173655,0.0,9,0,9,0
ZMB,21,-0.011010462306366018,-0.1111111111111111,9,2,4,3
ZMB,22,-0.023481629699002214,-0.25,8,1,4,3
ZMB,23,-0.0008488587933301736,0.0,8,1,6,1
ZMB,24,0.0032573510285453036,0.16666666666666666,6,2,3,1
ZMB,25,0.008213550699434765,0.3333333333333333,3,1,2,0
ZWE,1,-0.021585619806162207,-0.2,5,1,2,2
ZWE,2,0.0025157965689073638,0.2,5,1,4,0
ZWE,3,,,0,0,0,0
ZWE,4,0.013148694568597706,,2,1,1,0
ZWE,5,,,0,0,0,0
ZWE,6,0.0035570152234768396,,1,0,1,0
ZWE,8,,,0,0,0,0
ZWE,9,,,0,0,0,0
ZWE,10,-0.03505215514121688,,1,0,0,1
ZWE,11,,,0,0,0,0
ZWE,12,0.0015962441314553832,,2,0,2,0
ZWE,13,-0.008758245621257434,,2,0,1,1
ZWE,14,-0.005289308432947219,-0.2,5,1,2,2
ZWE,15,0.016489044635336594,-0.14285714285714285,7,1,4,2
ZWE,16,0.003733468571117539,0.2,5,2,2,1
ZWE,17,-0.010557581807149382,,2,0,1,1
ZWE,18,-0.009167430210726888,-0.25,4,0,3,1
ZWE,19,-0.022946085817136266,-0.8,5,0,1,4
ZWE,20,0.0016773210845158109,0.0,9,1,7,1
ZWE,21,-0.007530991768054322,-0.2222222222222222,9,1,5,3
ZWE,22,-0.012914619136951832,-0.25,8,0,6,2
ZWE,23,-0.010330248146052693,-0.25,8,0,6,2
ZWE,24,-0.011481805363084489,-0.3333333333333333,6,0,4,2
ZWE,25,0.016231272938820585,0.6666666666666666,3,2,1,0
ABW,1,1.744385502484535e-17,,1,0,1,0
ABW,2,1.687641752875337e-17,,2,0,2,0
ABW,3,,,0,0,0,0
ABW,4,,,0,0,0,0
ABW,5,,,0,0,0,0
ABW,6,,,0,0,0,0
ABW,8,,,0,0,0,0
ABW,9,,,0,0,0,0
ABW,10,,,0,0,0,0
ABW,11,,,0,0,0,0
ABW,12,1.6299034569287412e-19,,2,0,2,0
ABW,13,,,0,0,0,0
ABW,14,,,0,0,0,0
ABW,15,,,0,0,0,0
ABW,16,,,0,0,0,0
ABW,17,,,0,0,0,0
ABW,18,,,0,0,0,0
ABW,19,,,0,0,0,0
ABW,20,,,0,0,0,0
ABW,21,,,0,0,0,0
ABW,22,,,0,0,0,0
ABW,23,-2.820762801692207e-17,,2,0,2,0
ABW,24,,,0,0,0,0
ABW,25,,,0,0,0,0
BMU,1,1.744385502484535e-17,,1,0,1,0
BMU,2,1.687641752875337e-17,,2,0,2,0
BMU,3,,,0,0,0,0
BMU,4,,,0,0,0,0
BMU,5,,,0,0,0,0
BMU,6,,,0,0,0,0
BMU,8,,,0,0,0,0
BMU,9,,,0,0,0,0
BMU,10,,,0,0,0,0
BMU,11,,,0,0,0,0
BMU,12,1.6299034569287412e-19,,2,0,2,0
BMU,13,,,0,0,0,0
BMU,14,,,0,0,0,0
BMU,15,,,0,0,0,0
BMU,16,,,0,0,0,0
BMU,17,,,0,0,0,0
BMU,18,,,0,0,0,0
BMU,19,,,0,0,0,0
BMU,20,,,0,0,0,0
BMU,21,,,0,0,0,0
BMU,22,,,0,0,0,0
BMU,23,-2.820762801692207e-17,,2,0,2,0
BMU,24,,,0,0,0,0
BMU,25,,,0,0,0,0
CUW,1,1.744385502484535e-17,,1,0,1,0
CUW,2,1.687641752875337e-17,,2,0,2,0
CUW,3,,,0,0,0,0
CUW,4,,,0,0,0,0
CUW,5,,,0,0,0,0
CUW,6,,,0,0,0,0
CUW,8,,,0,0,0,0
CUW,9,,,0,0,0,0
CUW,10,,,0,0,0,0
CUW,11,,,0,0,0,0
CUW,12,1.6299034569287412e-19,,2,0,2,0
CUW,13,,,0,0,0,0
CUW,14,,,0,0,0,0
CUW,15,,,0,0,0,0
CUW,16,,,0,0,0,0
CUW,17,,,0,0,0,0
CUW,18,,,0,0,0,0
CUW,19,,,0,0,0,0
CUW,20,,,0,0,0,0
CUW,21,,,0,0,0,0
CUW,22,,,0,0,0,0
CUW,23,-2.820762801692207e-17,,2,0,2,0
CUW,24,,,0,0,0,0
CUW,25,,,0,0,0,0
CYM,1,1.744385502484535e-17,,1,0,1,0
CYM,2,1.687641752875337e-17,,2,0,2,0
CYM,3,,,0,0,0,0
CYM,4,,,0,0,0,0
CYM,5,,,0,0,0,0
CYM,6,,,0,0,0,0
CYM,8,,,0,0,0,0
CYM,9,,,0,0,0,0
CYM,10,,,0,0,0,0
CYM,11,,,0,0,0,0
CYM,12,1.6299034569287412e-19,,2,0,2,0
CYM,13,,,0,0,0,0
CYM,14,,,0,0,0,0
CYM,15,,,0,0,0,0
CYM,16,,,0,0,0,0
CYM,17,,,0,0,0,0
CYM,18,,,0,0,0,0
CYM,19,,,0,0,0,0
CYM,20,,,0,0,0,0
CYM,21,,,0,0,0,0
CYM,22,,,0,0,0,0
CYM,23,-2.820762801692207e-17,,2,0,2,0
CYM,24,,,0,0,0,0
CYM,25,,,0,0,0,0
GIB,1,1.744385502484535e-17,,1,0,1,0
GIB,2,1.687641752875337e-17,,2,0,2,0
GIB,3,,,0,0,0,0
GIB,4,,,0,0,0,0
GIB,5,,,0,0,0,0
GIB,6,,,0,0,0,0
GIB,8,,,0,0,0,0
GIB,9,,,0,0,0,0
GIB,10,,,0,0,0,0
GIB,11,,,0,0,0,0
GIB,12,1.6299034569287412e-19,,2,0,2,0
GIB,13,,,0,0,0,0
GIB,14,,,0,0,0,0
GIB,15,,,0,0,0,0
GIB,16,,,0,0,0,0
GIB,17,,,0,0,0,0
GIB,18,,,0,0,0,0
GIB,19,,,0,0,0,0
GIB,20,,,0,0,0,0
GIB,21,,,0,0,0,0
GIB,22,,,0,0,0,0
GIB,23,-2.820762801692207e-17,,2,0,2,0
GIB,24,,,0,0,0,0
GIB,25,,,0,0,0,0
MAC,1,1.744385502484535e-17,,1,0,1,0
MAC,2,1.687641752875337e-17,,2,0,2,0
MAC,3,,,0,0,0,0
MAC,4,,,0,0,0,0
MAC,5,,,0,0,0,0
MAC,6,,,0,0,0,0
MAC,8,,,0,0,0,0
MAC,9,,,0,0,0,0
MAC,10,,,0,0,0,0
MAC,11,,,0,0,0,0
MAC,12,1.6299034569287412e-19,,2,0,2,0
MAC,13,,,0,0,0,0
MAC,14,,,0,0,0,0
MAC,15,,,0,0,0,0
MAC,16,,,0,0,0,0
MAC,17,,,0,0,0,0
MAC,18,,,0,0,0,0
MAC,19,,,0,0,0,0
MAC,20,,,0,0,0,0
MAC,21,,,0,0,0,0
MAC,22,,,0,0,0,0
MAC,23,-2.820762801692207e-17,,2,0,2,0
MAC,24,,,0,0,0,0
MAC,25,,,0,0,0,0
PSE,1,0.012817996377808111,0.4,5,2,3,0
PSE,2,0.005747978132981689,0.3333333333333333,3,1,2,0
PSE,3,,,0,0,0,0
PSE,4,-0.032205563356390854,,1,0,0,1
PSE,5,,,0,0,0,0
PSE,6,,,0,0,0,0
PSE,8,,,0,0,0,0
PSE,9,,,0,0,0,0
PSE,10,0.03812986614972008,,1,1,0,0
PSE,11,,,0,0,0,0
PSE,12,-6.149257365189291e-18,,2,0,2,0
PSE,13,0.0,,1,0,1,0
PSE,14,0.005698918660501542,0.3333333333333333,3,1,2,0
PSE,15,-0.009930407278566214,-0.2,5,0,4,1
PSE,16,0.003081375876486979,0.0,3,0,3,0
PSE,17,-0.015849221672582056,,1,0,0,1
PSE,18,0.0019865128971519224,,2,0,2,0
PSE,19,-6.42811906754929e-18,0.0,3,0,3,0
PSE,20,-0.011702767298187722,-0.3333333333333333,3,0,2,1
PSE,21,-0.018386088003548604,-0.4444444444444444,9,0,5,4
PSE,22,-0.018124390497206076,-0.6666666666666666,6,0,2,4
PSE,23,0.0004015761710302158,0.0,7,1,5,1
PSE,24,-0.0283098184697697,-0.6,5,0,2,3
PSE,25,-0.0020501814523914545,,2,0,2,0
SMR,1,1.744385502484535e-17,,1,0,1,0
SMR,2,1.687641752875337e-17,,2,0,2,0
SMR,3,,,0,0,0,0
SMR,4,,,0,0,0,0
SMR,5,,,0,0,0,0
SMR,6,,,0,0,0,0
SMR,8,,,0,0,0,0
SMR,9,,,0,0,0,0
SMR,10,,,0,0,0,0
SMR,11,,,0,0,0,0
SMR,12,-3.1017532613043364e-18,,2,0,2,0
SMR,13,,,0,0,0,0
SMR,14,,,0,0,0,0
SMR,15,,,0,0,0,0
SMR,16,,,0,0,0,0
SMR,17,,,0,0,0,0
SMR,18,,,0,0,0,0
SMR,19,,,0,0,0,0
SMR,20,1.6660880008405055e-17,,1,0,1,0
SMR,21,-0.015222730941873479,,1,0,0,1
SMR,22,0.00409076964557783,,2,0,2,0
SMR,23,-2.2194048001678756e-17,0.0,3,0,3,0
SMR,24,-0.007611365470936754,,2,0,1,1
SMR,25,,,0,0,0,0
TCA,1,1.744385502484535e-17,,1,0,1,0
TCA,2,1.687641752875337e-17,,2,0,2,0
TCA,3,,,0,0,0,0
TCA,4,,,0,0,0,0
TCA,5,,,0,0,0,0
TCA,6,,,0,0,0,0
TCA,8,,,0,0,0,0
TCA,9,,,0,0,0,0
TCA,10,,,0,0,0,0
TCA,11,,,0,0,0,0
TCA,12,1.6299034569287412e-19,,2,0,2,0
TCA,13,,,0,0,0,0
TCA,14,,,0,0,0,0
TCA,15,,,0,0,0,0
TCA,16,,,0,0,0,0
TCA,17,,,0,0,0,0
TCA,18,,,0,0,0,0
TCA,19,,,0,0,0,0
TCA,20,,,0,0,0,0
TCA,21,,,0,0,0,0
TCA,22,,,0,0,0,0
TCA,23,-2.820762801692207e-17,,2,0,2,0
TCA,24,,,0,0,0,0
TCA,25,,,0,0,0,0
VGB,1,1.744385502484535e-17,,1,0,1,0
VGB,2,1.687641752875337e-17,,2,0,2,0
VGB,3,,,0,0,0,0
VGB,4,,,0,0,0,0
VGB,5,,,0,0,0,0
VGB,6,,,0,0,0,0
VGB,8,,,0,0,0,0
VGB,9,,,0,0,0,0
VGB,10,,,0,0,0,0
VGB,11,,,0,0,0,0
VGB,12,1.6299034569287412e-19,,2,0,2,0
VGB,13,,,0,0,0,0
VGB,14,,,0,0,0,0
VGB,15,,,0,0,0,0
VGB,16,,,0,0,0,0
VGB,17,,,0,0,0,0
VGB,18,,,0,0,0,0
VGB,19,,,0,0,0,0
VGB,20,,,0,0,0,0
VGB,21,,,0,0,0,0
VGB,22,,,0,0,0,0
VGB,23,-2.820762801692207e-17,,2,0,2,0
VGB,24,,,0,0,0,0
VGB,25,,,0,0,0,0
XKX,1,0.004812904943632271,0.2,5,1,4,0
XKX,2,0.004361827848664409,0.25,4,1,3,0
XKX,3,,,0,0,0,0
XKX,4,-0.008918517465133833,,2,0,1,1
XKX,5,,,0,0,0,0
XKX,6,-0.00428279252739609,,1,0,1,0
XKX,8,,,0,0,0,0
XKX,9,,,0,0,0,0
XKX,10,-2.5576352956511382e-18,,1,0,1,0
XKX,11,,,0,0,0,0
XKX,12,0.0066104499059330135,0.3333333333333333,3,1,2,0
XKX,13,0.022323478404001215,,2,1,1,0
XKX,14,-0.0010013588818456776,0.0,5,1,3,1
XKX,15,0.0009960790685698106,0.0,7,1,5,1
XKX,16,-0.000522820824539084,-0.25,4,0,3,1
XKX,17,-0.010086624696412997,,2,0,1,1
XKX,18,-0.014601759830214103,-0.25,4,1,1,2
XKX,19,0.000730341173705913,0.0,5,0,5,0
XKX,20,-0.015045752308976312,-0.6666666666666666,9,0,3,6
XKX,21,-0.00953771501692741,-0.4444444444444444,9,0,5,4
XKX,22,0.001485198001742159,-0.125,8,0,7,1
XKX,23,0.0028276722022950325,0.125,8,1,7,0
XKX,24,-0.01002680576702612,-0.5,6,0,3,3
XKX,25,-0.013313236511151,-0.6666666666666666,3,0,1,2
MCO,1,1.744385502484535e-17,,1,0,1,0
MCO,2,1.687641752875337e-17,,2,0,2,0
MCO,3,,,0,0,0,0
MCO,4,,,0,0,0,0
MCO,5,,,0,0,0,0
MCO,6,,,0,0,0,0
MCO,8,,,0,0,0,0
MCO,9,,,0,0,0,0
MCO,10,,,0,0,0,0
MCO,11,,,0,0,0,0
MCO,12,-6.149257365189291e-18,,2,0,2,0
MCO,13,,,0,0,0,0
MCO,14,,,0,0,0,0
MCO,15,,,0,0,0,0
MCO,16,,,0,0,0,0
MCO,17,,,0,0,0,0
MCO,18,,,0,0,0,0
MCO,19,,,0,0,0,0
MCO,20,-1.474916440943186e-17,,1,0,1,0
MCO,21,-0.01583356914228656,,1,0,0,1
MCO,22,-3.509730452958213e-17,,2,0,2,0
MCO,23,-1.484852186464273e-17,0.0,3,0,3,0
MCO,24,-0.007916784571143294,,2,0,1,1
MCO,25,,,0,0,0,0
ASM,1,1.744385502484535e-17,,1,0,1,0
ASM,2,1.687641752875337e-17,,2,0,2,0
ASM,3,,,0,0,0,0
ASM,4,,,0,0,0,0
ASM,5,,,0,0,0,0
ASM,6,,,0,0,0,0
ASM,8,,,0,0,0,0
ASM,9,,,0,0,0,0
ASM,10,,,0,0,0,0
ASM,11,,,0,0,0,0
ASM,12,1.6299034569287412e-19,,2,0,2,0
ASM,13,,,0,0,0,0
ASM,14,,,0,0,0,0
ASM,15,,,0,0,0,0
ASM,16,,,0,0,0,0
ASM,17,,,0,0,0,0
ASM,18,,,0,0,0,0
ASM,19,,,0,0,0,0
ASM,20,,,0,0,0,0
ASM,21,,,0,0,0,0
ASM,22,,,0,0,0,0
ASM,23,-2.820762801692207e-17,,2,0,2,0
ASM,24,,,0,0,0,0
ASM,25,,,0,0,0,0
FRO,1,1.744385502484535e-17,,1,0,1,0
FRO,2,1.687641752875337e-17,,2,0,2,0
FRO,3,,,0,0,0,0
FRO,4,,,0,0,0,0
FRO,5,,,0,0,0,0
FRO,6,,,0,0,0,0
FRO,8,,,0,0,0,0
FRO,9,,,0,0,0,0
FRO,10,,,0,0,0,0
FRO,11,,,0,0,0,0
FRO,12,1.6299034569287412e-19,,2,0,2,0
FRO,13,,,0,0,0,0
FRO,14,,,0,0,0,0
FRO,15,,,0,0,0,0
FRO,16,,,0,0,0,0
FRO,17,,,0,0,0,0
FRO,18,,,0,0,0,0
FRO,19,,,0,0,0,0
FRO,20,,,0,0,0,0
FRO,21,,,0,0,0,0
FRO,22,,,0,0,0,0
FRO,23,-2.820762801692207e-17,,2,0,2,0
FRO,24,,,0,0,0,0
FRO,25,,,0,0,0,0
GRL,1,1.744385502484535e-17,,1,0,1,0
GRL,2,1.687641752875337e-17,,2,0,2,0
GRL,3,,,0,0,0,0
GRL,4,,,0,0,0,0
GRL,5,,,0,0,0,0
GRL,6,,,0,0,0,0
GRL,8,,,0,0,0,0
GRL,9,,,0,0,0,0
GRL,10,,,0,0,0,0
GRL,11,,,0,0,0,0
GRL,12,1.6299034569287412e-19,,2,0,2,0
GRL,13,,,0,0,0,0
GRL,14,,,0,0,0,0
GRL,15,,,0,0,0,0
GRL,16,,,0,0,0,0
GRL,17,,,0,0,0,0
GRL,18,,,0,0,0,0
GRL,19,,,0,0,0,0
GRL,20,,,0,0,0,0
GRL,21,,,0,0,0,0
GRL,22,,,0,0,0,0
GRL,23,-2.820762801692207e-17,,2,0,2,0
GRL,24,,,0,0,0,0
GRL,25,,,0,0,0,0
GUM,1,1.744385502484535e-17,,1,0,1,0
GUM,2,1.687641752875337e-17,,2,0,2,0
GUM,3,,,0,0,0,0
GUM,4,,,0,0,0,0
GUM,5,,,0,0,0,0
GUM,6,,,0,0,0,0
GUM,8,,,0,0,0,0
GUM,9,,,0,0,0,0
GUM,10,,,0,0,0,0
GUM,11,,,0,0,0,0
GUM,12,1.6299034569287412e-19,,2,0,2,0
GUM,13,,,0,0,0,0
GUM,14,,,0,0,0,0
GUM,15,,,0,0,0,0
GUM,16,,,0,0,0,0
GUM,17,,,0,0,0,0
GUM,18,,,0,0,0,0
GUM,19,,,0,0,0,0
GUM,20,,,0,0,0,0
GUM,21,,,0,0,0,0
GUM,22,,,0,0,0,0
GUM,23,-2.820762801692207e-17,,2,0,2,0
GUM,24,,,0,0,0,0
GUM,25,,,0,0,0,0
IMN,1,1.744385502484535e-17,,1,0,1,0
IMN,2,1.687641752875337e-17,,2,0,2,0
IMN,3,,,0,0,0,0
IMN,4,,,0,0,0,0
IMN,5,,,0,0,0,0
IMN,6,,,0,0,0,0
IMN,8,,,0,0,0,0
IMN,9,,,0,0,0,0
IMN,10,,,0,0,0,0
IMN,11,,,0,0,0,0
IMN,12,1.6299034569287412e-19,,2,0,2,0
IMN,13,,,0,0,0,0
IMN,14,,,0,0,0,0
IMN,15,,,0,0,0,0
IMN,16,,,0,0,0,0
IMN,17,,,0,0,0,0
IMN,18,,,0,0,0,0
IMN,19,,,0,0,0,0
IMN,20,,,0,0,0,0
IMN,21,,,0,0,0,0
IMN,22,,,0,0,0,0
IMN,23,-2.820762801692207e-17,,2,0,2,0
IMN,24,,,0,0,0,0
IMN,25,,,0,0,0,0
MAF,1,1.744385502484535e-17,,1,0,1,0
MAF,2,1.687641752875337e-17,,2,0,2,0
MAF,3,,,0,0,0,0
MAF,4,,,0,0,0,0
MAF,5,,,0,0,0,0
MAF,6,,,0,0,0,0
MAF,8,,,0,0,0,0
MAF,9,,,0,0,0,0
MAF,10,,,0,0,0,0
MAF,11,,,0,0,0,0
MAF,12,1.6299034569287412e-19,,2,0,2,0
MAF,13,,,0,0,0,0
MAF,14,,,0,0,0,0
MAF,15,,,0,0,0,0
MAF,16,,,0,0,0,0
MAF,17,,,0,0,0,0
MAF,18,,,0,0,0,0
MAF,19,,,0,0,0,0
MAF,20,,,0,0,0,0
MAF,21,,,0,0,0,0
MAF,22,,,0,0,0,0
MAF,23,-2.820762801692207e-17,,2,0,2,0
MAF,24,,,0,0,0,0
MAF,25,,,0,0,0,0
MNP,1,1.744385502484535e-17,,1,0,1,0
MNP,2,1.687641752875337e-17,,2,0,2,0
MNP,3,,,0,0,0,0
MNP,4,,,0,0,0,0
MNP,5,,,0,0,0,0
MNP,6,,,0,0,0,0
MNP,8,,,0,0,0,0
MNP,9,,,0,0,0,0
MNP,10,,,0,0,0,0
MNP,11,,,0,0,0,0
MNP,12,1.6299034569287412e-19,,2,0,2,0
MNP,13,,,0,0,0,0
MNP,14,,,0,0,0,0
MNP,15,,,0,0,0,0
MNP,16,,,0,0,0,0
MNP,17,,,0,0,0,0
MNP,18,,,0,0,0,0
MNP,19,,,0,0,0,0
MNP,20,,,0,0,0,0
MNP,21,,,0,0,0,0
MNP,22,,,0,0,0,0
MNP,23,-2.820762801692207e-17,,2,0,2,0
MNP,24,,,0,0,0,0
MNP,25,,,0,0,0,0
NCL,1,1.744385502484535e-17,,1,0,1,0
NCL,2,1.687641752875337e-17,,2,0,2,0
NCL,3,,,0,0,0,0
NCL,4,,,0,0,0,0
NCL,5,,,0,0,0,0
NCL,6,,,0,0,0,0
NCL,8,,,0,0,0,0
NCL,9,,,0,0,0,0
NCL,10,,,0,0,0,0
NCL,11,,,0,0,0,0
NCL,12,1.6299034569287412e-19,,2,0,2,0
NCL,13,,,0,0,0,0
NCL,14,,,0,0,0,0
NCL,15,,,0,0,0,0
NCL,16,,,0,0,0,0
NCL,17,,,0,0,0,0
NCL,18,,,0,0,0,0
NCL,19,,,0,0,0,0
NCL,20,,,0,0,0,0
NCL,21,,,0,0,0,0
NCL,22,,,0,0,0,0
NCL,23,-2.820762801692207e-17,,2,0,2,0
NCL,24,,,0,0,0,0
NCL,25,,,0,0,0,0
PRI,1,1.744385502484535e-17,,1,0,1,0
PRI,2,1.687641752875337e-17,,2,0,2,0
PRI,3,,,0,0,0,0
PRI,4,,,0,0,0,0
PRI,5,,,0,0,0,0
PRI,6,,,0,0,0,0
PRI,8,,,0,0,0,0
PRI,9,,,0,0,0,0
PRI,10,,,0,0,0,0
PRI,11,,,0,0,0,0
PRI,12,0.000737080281202685,0.0,3,0,3,0
PRI,13,,,0,0,0,0
PRI,14,,,0,0,0,0
PRI,15,,,0,0,0,0
PRI,16,,,0,0,0,0
PRI,17,,,0,0,0,0
PRI,18,,,0,0,0,0
PRI,19,,,0,0,0,0
PRI,20,,,0,0,0,0
PRI,21,,,0,0,0,0
PRI,22,,,0,0,0,0
PRI,23,-2.820762801692207e-17,,2,0,2,0
PRI,24,,,0,0,0,0
PRI,25,,,0,0,0,0
PYF,1,1.744385502484535e-17,,1,0,1,0
PYF,2,1.687641752875337e-17,,2,0,2,0
PYF,3,,,0,0,0,0
PYF,4,,,0,0,0,0
PYF,5,,,0,0,0,0
PYF,6,,,0,0,0,0
PYF,8,,,0,0,0,0
PYF,9,,,0,0,0,0
PYF,10,,,0,0,0,0
PYF,11,,,0,0,0,0
PYF,12,1.6299034569287412e-19,,2,0,2,0
PYF,13,,,0,0,0,0
PYF,14,,,0,0,0,0
PYF,15,,,0,0,0,0
PYF,16,,,0,0,0,0
PYF,17,,,0,0,0,0
PYF,18,,,0,0,0,0
PYF,19,,,0,0,0,0
PYF,20,,,0,0,0,0
PYF,21,,,0,0,0,0
PYF,22,,,0,0,0,0
PYF,23,-2.820762801692207e-17,,2,0,2,0
PYF,24,,,0,0,0,0
PYF,25,,,0,0,0,0
SXM,1,1.744385502484535e-17,,1,0,1,0
SXM,2,1.687641752875337e-17,,2,0,2,0
SXM,3,,,0,0,0,0
SXM,4,,,0,0,0,0
SXM,5,,,0,0,0,0
SXM,6,,,0,0,0,0
SXM,8,,,0,0,0,0
SXM,9,,,0,0,0,0
SXM,10,,,0,0,0,0
SXM,11,,,0,0,0,0
SXM,12,1.6299034569287412e-19,,2,0,2,0
SXM,13,,,0,0,0,0
SXM,14,,,0,0,0,0
SXM,15,,,0,0,0,0
SXM,16,,,0,0,0,0
SXM,17,,,0,0,0,0
SXM,18,,,0,0,0,0
SXM,19,,,0,0,0,0
SXM,20,,,0,0,0,0
SXM,21,,,0,0,0,0
SXM,22,,,0,0,0,0
SXM,23,-2.820762801692207e-17,,2,0,2,0
SXM,24,,,0,0,0,0
SXM,25,,,0,0,0,0
VIR,1,1.744385502484535e-17,,1,0,1,0
VIR,2,1.687641752875337e-17,,2,0,2,0
VIR,3,,,0,0,0,0
VIR,4,,,0,0,0,0
VIR,5,,,0,0,0,0
VIR,6,,,0,0,0,0
VIR,8,,,0,0,0,0
VIR,9,,,0,0,0,0
VIR,10,,,0,0,0,0
VIR,11,,,0,0,0,0
VIR,12,1.6299034569287412e-19,,2,0,2,0
VIR,13,,,0,0,0,0
VIR,14,,,0,0,0,0
VIR,15,,,0,0,0,0
VIR,16,,,0,0,0,0
VIR,17,,,0,0,0,0
VIR,18,,,0,0,0,0
VIR,19,,,0,0,0,0
VIR,20,,,0,0,0,0
VIR,21,,,0,0,0,0
VIR,22,,,0,0,0,0
VIR,23,-2.820762801692207e-17,,2,0,2,0
VIR,24,,,0,0,0,0
VIR,25,,,0,0,0,0
