metric,position,value
ccp_civil_rights_provisions,0,1.0
ccp_civil_rights_provisions,1,1.0
ccp_civil_rights_provisions,2,1.0
ccp_civil_rights_provisions,3,1.0
ccp_civil_rights_provisions,4,1.0
ccp_civil_rights_provisions,5,1.0
ccp_civil_rights_provisions,6,1.0
ccp_civil_rights_provisions,7,1.0
ccp_civil_rights_provisions,8,1.0
ccp_civil_rights_provisions,9,1.0
ccp_civil_rights_provisions,10,1.0
ccp_civil_rights_provisions,11,1.0
ccp_civil_rights_provisions,12,1.0
ccp_civil_rights_provisions,13,1.0
ccp_civil_rights_provisions,14,1.0
ccp_civil_rights_provisions,15,1.0
ccp_civil_rights_provisions,16,1.0
ccp_civil_rights_provisions,17,1.0
ccp_civil_rights_provisions,18,1.0
ccp_civil_rights_provisions,19,1.0
ccp_civil_rights_provisions,20,1.0
ccp_civil_rights_provisions,21,1.0
ccp_civil_rights_provisions,22,1.0
ccp_civil_rights_provisions,23,1.0
ccp_civil_rights_provisions,24,1.0
ccp_civil_rights_provisions,25,1.0
ccp_civil_rights_provisions,26,1.0
ccp_civil_rights_provisions,27,1.0
ccp_civil_rights_provisions,28,1.0
ccp_civil_rights_provisions,29,1.0
ccp_civil_rights_provisions,30,1.0
ccp_civil_rights_provisions,31,1.0
ccp_civil_rights_provisions,32,1.0
ccp_civil_rights_provisions,33,1.0
ccp_civil_rights_provisions,34,1.0
ccp_civil_rights_provisions,35,1.0
ccp_civil_rights_provisions,36,1.0
ccp_civil_rights_provisions,37,1.0
ccp_civil_rights_provisions,38,1.0
ccp_civil_rights_provisions,39,1.0
ccp_civil_rights_provisions,40,1.0
ccp_civil_rights_provisions,41,1.0
ccp_civil_rights_provisions,42,1.0
ccp_civil_rights_provisions,43,1.0
ccp_civil_rights_provisions,44,1.0
ccp_civil_rights_provisions,45,1.0
ccp_civil_rights_provisions,46,1.0
ccp_civil_rights_provisions,47,1.0
ccp_civil_rights_provisions,48,1.0
ccp_civil_rights_provisions,49,1.0
ccp_civil_rights_provisions,50,1.0
ccp_civil_rights_provisions,51,1.0
ccp_civil_rights_provisions,52,1.0
ccp_civil_rights_provisions,53,1.0
ccp_civil_rights_provisions,54,1.0
ccp_civil_rights_provisions,55,1.0
ccp_civil_rights_provisions,56,1.0
ccp_civil_rights_provisions,57,1.0
ccp_civil_rights_provisions,58,1.0
ccp_civil_rights_provisions,59,1.0
ccp_civil_rights_provisions,60,1.0
ccp_civil_rights_provisions,61,1.0
ccp_civil_rights_provisions,62,1.0
ccp_civil_rights_provisions,63,1.0
ccp_civil_rights_provisions,64,1.0
ccp_civil_rights_provisions,65,1.0
ccp_civil_rights_provisions,66,1.0
ccp_civil_rights_provisions,67,1.0
ccp_civil_rights_provisions,68,1.0
ccp_civil_rights_provisions,69,1.0
ccp_civil_rights_provisions,70,1.0
ccp_civil_rights_provisions,71,1.0
ccp_civil_rights_provisions,72,1.0
ccp_civil_rights_provisions,73,1.0
ccp_civil_rights_provisions,74,1.0
ccp_civil_rights_provisions,75,1.0
ccp_civil_rights_provisions,76,1.0
ccp_civil_rights_provisions,77,1.0
ccp_civil_rights_provisions,78,1.0
ccp_civil_rights_provisions,79,1.0
ccp_civil_rights_provisions,80,1.0
ccp_civil_rights_provisions,81,1.0
ccp_civil_rights_provisions,82,1.0
ccp_civil_rights_provisions,83,1.0
ccp_civil_rights_provisions,84,1.0
ccp_civil_rights_provisions,85,1.0
ccp_civil_rights_provisions,86,1.0
ccp_civil_rights_provisions,87,1.0
ccp_civil_rights_provisions,88,1.0
ccp_civil_rights_provisions,89,1.0
ccp_civil_rights_provisions,90,1.0
ccp_civil_rights_provisions,91,1.0
ccp_civil_rights_provisions,92,1.0
ccp_civil_rights_provisions,93,1.0
ccp_civil_rights_provisions,94,1.0
ccp_civil_rights_provisions,95,1.0
ccp_civil_rights_provisions,96,1.0
ccp_civil_rights_provisions,97,1.0
ccp_civil_rights_provisions,98,1.0
ccp_civil_rights_provisions,99,1.0
ccp_civil_rights_provisions,100,1.0
ccp_civil_rights_provisions,101,1.0
ccp_civil_rights_provisions,102,1.0
ccp_civil_rights_provisions,103,1.0
ccp_civil_rights_provisions,104,1.0
ccp_civil_rights_provisions,105,1.0
ccp_civil_rights_provisions,106,1.0
ccp_civil_rights_provisions,107,1.0
ccp_civil_rights_provisions,108,1.0
ccp_civil_rights_provisions,109,1.0
ccp_civil_rights_provisions,110,1.0
ccp_civil_rights_provisions,111,1.0
ccp_civil_rights_provisions,112,1.0
ccp_civil_rights_provisions,113,1.0
ccp_civil_rights_provisions,114,1.0
ccp_civil_rights_provisions,115,1.0
ccp_civil_rights_provisions,116,1.0
ccp_civil_rights_provisions,117,1.0
ccp_civil_rights_provisions,118,1.0
ccp_civil_rights_provisions,119,1.0
ccp_civil_rights_provisions,120,1.0
ccp_civil_rights_provisions,121,1.0
ccp_civil_rights_provisions,122,1.0
ccp_civil_rights_provisions,123,1.0
ccp_civil_rights_provisions,124,1.0
ccp_civil_rights_provisions,125,1.0
ccp_civil_rights_provisions,126,1.0
ccp_civil_rights_provisions,127,1.0
ccp_civil_rights_provisions,128,1.0
ccp_civil_rights_provisions,129,1.0
ccp_civil_rights_provisions,130,1.0
ccp_civil_rights_provisions,131,1.0
ccp_civil_rights_provisions,132,1.0
ccp_civil_rights_provisions,133,1.0
ccp_civil_rights_provisions,134,1.0
ccp_civil_rights_provisions,135,1.0
ccp_civil_rights_provisions,136,1.0
ccp_civil_rights_provisions,137,1.0
ccp_civil_rights_provisions,138,1.0
ccp_civil_rights_provisions,139,1.0
ccp_civil_rights_provisions,140,1.0
ccp_civil_rights_provisions,141,1.0
ccp_civil_rights_provisions,142,1.0
ccp_civil_rights_provisions,143,1.0
ccp_civil_rights_provisions,144,1.0
ccp_civil_rights_provisions,145,1.0
ccp_civil_rights_provisions,146,1.0
ccp_civil_rights_provisions,147,1.0
ccp_civil_rights_provisions,148,1.0
ccp_civil_rights_provisions,149,1.0
ccp_civil_rights_provisions,150,1.0
ccp_civil_rights_provisions,151,1.0
ccp_civil_rights_provisions,152,1.0
ccp_civil_rights_provisions,153,1.0
ccp_civil_rights_provisions,154,1.0
ccp_civil_rights_provisions,155,1.0
ccp_civil_rights_provisions,156,1.0
ccp_civil_rights_provisions,157,1.0
ccp_civil_rights_provisions,158,1.0
ccp_civil_rights_provisions,159,1.0
ccp_civil_rights_provisions,160,1.0
ccp_civil_rights_provisions,161,1.0
ccp_civil_rights_provisions,162,1.0
ccp_civil_rights_provisions,163,1.0
ccp_civil_rights_provisions,164,1.0
ccp_civil_rights_provisions,165,1.0
ccp_civil_rights_provisions,166,1.0
ccp_civil_rights_provisions,167,1.0
ccp_civil_rights_provisions,168,1.0
ccp_civil_rights_provisions,169,1.0
ccp_civil_rights_provisions,170,1.0
ccp_civil_rights_provisions,171,1.0
ccp_civil_rights_provisions,172,1.0
ccp_civil_rights_provisions,173,1.0
ccp_civil_rights_provisions,174,1.0
ccp_civil_rights_provisions,175,1.0
ccp_civil_rights_provisions,176,1.0
ccp_civil_rights_provisions,177,1.0
ccp_civil_rights_provisions,178,1.0
ccp_civil_rights_provisions,179,1.0
ccp_civil_rights_provisions,180,1.0
ccp_civil_rights_provisions,181,1.0
ccp_civil_rights_provisions,182,1.0
ccp_civil_rights_provisions,183,1.0
ccp_civil_rights_provisions,184,1.0
ccp_civil_rights_provisions,185,1.0
ccp_civil_rights_provisions,186,1.0
ccp_civil_rights_provisions,187,1.0
ccp_civil_rights_provisions,188,1.0
ccp_civil_rights_provisions,189,1.0
ccp_civil_rights_provisions,190,1.0
ccp_civil_rights_provisions,191,1.0
ccp_civil_rights_provisions,192,1.0
ccp_civil_rights_provisions,193,1.0
ccp_civil_rights_provisions,194,1.0
ccp_civil_rights_provisions,195,1.0
ccp_civil_rights_provisions,196,1.0
ccp_civil_rights_provisions,197,1.0
ccp_civil_rights_provisions,198,1.0
ccp_civil_rights_provisions,199,1.0
ccp_civil_rights_provisions,200,1.0
ccp_civil_rights_provisions,201,1.0
ccp_civil_rights_provisions,202,1.0
ccp_civil_rights_provisions,203,1.0
ccp_civil_rights_provisions,204,1.0
ccp_civil_rights_provisions,205,1.0
ccp_civil_rights_provisions,206,1.0
ccp_civil_rights_provisions,207,1.0
ccp_civil_rights_provisions,208,1.0
ccp_civil_rights_provisions,209,1.0
ccp_civil_rights_provisions,210,1.0
ccp_civil_rights_provisions,211,1.0
ccp_civil_rights_provisions,212,1.0
ccp_civil_rights_provisions,213,1.0
ccp_civil_rights_provisions,214,1.0
ccp_civil_rights_provisions,215,1.0
ccp_civil_rights_provisions,216,1.0
ccp_civil_rights_provisions,217,1.0
ccp_civil_rights_provisions,218,1.0
ccp_civil_rights_provisions,219,1.0
ccp_civil_rights_provisions,220,1.0
ccp_civil_rights_provisions,221,1.0
ccp_civil_rights_provisions,222,1.0
ccp_civil_rights_provisions,223,1.0
ccp_civil_rights_provisions,224,1.0
ccp_civil_rights_provisions,225,1.0
ccp_civil_rights_provisions,226,1.0
ccp_civil_rights_provisions,227,1.0
ccp_civil_rights_provisions,228,1.0
ccp_civil_rights_provisions,229,1.0
ccp_civil_rights_provisions,230,1.0
ccp_civil_rights_provisions,231,1.0
ccp_civil_rights_provisions,232,1.0
ccp_civil_rights_provisions,233,1.0
ccp_civil_rights_provisions,234,1.0
ccp_civil_rights_provisions,235,1.0
ccp_civil_rights_provisions,236,1.0
ccp_civil_rights_provisions,237,1.0
ccp_civil_rights_provisions,238,1.0
ccp_civil_rights_provisions,239,1.0
ccp_civil_rights_provisions,240,1.0
ccp_civil_rights_provisions,241,1.0
ccp_civil_rights_provisions,242,1.0
ccp_civil_rights_provisions,243,1.0
ccp_civil_rights_provisions,244,1.0
ccp_civil_rights_provisions,245,1.0
ccp_civil_rights_provisions,246,1.0
ccp_civil_rights_provisions,247,1.0
ccp_civil_rights_provisions,248,1.0
ccp_civil_rights_provisions,249,1.0
ccp_civil_rights_provisions,250,1.0
ccp_civil_rights_provisions,251,1.0
ccp_civil_rights_provisions,252,1.0
ccp_civil_rights_provisions,253,1.0
ccp_civil_rights_provisions,254,1.0
ccp_civil_rights_provisions,255,1.0
ccp_civil_rights_provisions,256,1.0
ccp_civil_rights_provisions,257,1.0
ccp_civil_rights_provisions,258,1.0
ccp_civil_rights_provisions,259,1.0
ccp_civil_rights_provisions,260,1.0
ccp_civil_rights_provisions,261,1.0
ccp_civil_rights_provisions,262,1.0
ccp_civil_rights_provisions,263,1.0
ccp_civil_rights_provisions,264,1.0
ccp_civil_rights_provisions,265,1.0
ccp_civil_rights_provisions,266,1.0
ccp_civil_rights_provisions,267,1.0
ccp_civil_rights_provisions,268,1.0
ccp_civil_rights_provisions,269,1.0
ccp_civil_rights_provisions,270,1.0
ccp_civil_rights_provisions,271,1.0
ccp_civil_rights_provisions,272,1.0
ccp_civil_rights_provisions,273,1.0
ccp_civil_rights_provisions,274,1.0
ccp_civil_rights_provisions,275,1.0
ccp_civil_rights_provisions,276,1.0
ccp_civil_rights_provisions,277,1.0
ccp_civil_rights_provisions,278,1.0
ccp_civil_rights_provisions,279,1.0
ccp_civil_rights_provisions,280,1.0
ccp_civil_rights_provisions,281,1.0
ccp_civil_rights_provisions,282,1.0
ccp_civil_rights_provisions,283,1.0
ccp_civil_rights_provisions,284,1.0
ccp_civil_rights_provisions,285,1.0
ccp_civil_rights_provisions,286,1.0
ccp_civil_rights_provisions,287,1.0
ccp_civil_rights_provisions,288,1.0
ccp_civil_rights_provisions,289,1.0
ccp_civil_rights_provisions,290,1.0
ccp_civil_rights_provisions,291,1.0
ccp_civil_rights_provisions,292,1.0
ccp_civil_rights_provisions,293,1.0
ccp_civil_rights_provisions,294,1.0
ccp_civil_rights_provisions,295,1.0
ccp_civil_rights_provisions,296,1.0
ccp_civil_rights_provisions,297,1.0
ccp_civil_rights_provisions,298,1.0
ccp_civil_rights_provisions,299,1.0
ccp_civil_rights_provisions,300,1.0
ccp_civil_rights_provisions,301,1.0
ccp_civil_rights_provisions,302,1.0
ccp_civil_rights_provisions,303,1.0
ccp_civil_rights_provisions,304,1.0
ccp_civil_rights_provisions,305,1.0
ccp_civil_rights_provisions,306,1.0
ccp_civil_rights_provisions,307,1.0
ccp_civil_rights_provisions,308,1.0
ccp_civil_rights_provisions,309,1.0
ccp_civil_rights_provisions,310,1.0
ccp_civil_rights_provisions,311,1.0
ccp_civil_rights_provisions,312,1.0
ccp_civil_rights_provisions,313,1.0
ccp_civil_rights_provisions,314,1.0
ccp_civil_rights_provisions,315,1.0
ccp_civil_rights_provisions,316,1.0
ccp_civil_rights_provisions,317,1.0
ccp_civil_rights_provisions,318,1.0
ccp_civil_rights_provisions,319,1.0
ccp_civil_rights_provisions,320,1.0
ccp_civil_rights_provisions,321,1.0
ccp_civil_rights_provisions,322,1.0
ccp_civil_rights_provisions,323,1.0
ccp_civil_rights_provisions,324,1.0
ccp_civil_rights_provisions,325,1.0
ccp_civil_rights_provisions,326,1.0
ccp_civil_rights_provisions,327,1.0
ccp_civil_rights_provisions,328,1.0
ccp_civil_rights_provisions,329,1.0
ccp_civil_rights_provisions,330,1.0
ccp_civil_rights_provisions,331,1.0
ccp_civil_rights_provisions,332,1.0
ccp_civil_rights_provisions,333,1.0
ccp_civil_rights_provisions,334,1.0
ccp_civil_rights_provisions,335,1.0
ccp_civil_rights_provisions,336,1.0
ccp_civil_rights_provisions,337,1.0
ccp_civil_rights_provisions,338,1.0
ccp_civil_rights_provisions,339,1.0
ccp_civil_rights_provisions,340,1.0
ccp_civil_rights_provisions,341,1.0
ccp_civil_rights_provisions,342,1.0
ccp_civil_rights_provisions,343,1.0
ccp_civil_rights_provisions,344,1.0
ccp_civil_rights_provisions,345,1.0
ccp_civil_rights_provisions,346,1.0
ccp_civil_rights_provisions,347,1.0
ccp_civil_rights_provisions,348,1.0
ccp_civil_rights_provisions,349,1.0
ccp_civil_rights_provisions,350,1.0
ccp_civil_rights_provisions,351,1.0
ccp_civil_rights_provisions,352,1.0
ccp_civil_rights_provisions,353,1.0
ccp_civil_rights_provisions,354,1.0
ccp_civil_rights_provisions,355,1.0
ccp_civil_rights_provisions,356,1.0
ccp_civil_rights_provisions,357,1.0
ccp_civil_rights_provisions,358,1.0
ccp_civil_rights_provisions,359,1.0
ccp_civil_rights_provisions,360,1.0
ccp_civil_rights_provisions,361,1.0
ccp_civil_rights_provisions,362,1.0
ccp_civil_rights_provisions,363,1.0
ccp_civil_rights_provisions,364,1.0
ccp_civil_rights_provisions,365,1.0
ccp_civil_rights_provisions,366,1.0
ccp_civil_rights_provisions,367,1.0
ccp_civil_rights_provisions,368,1.0
ccp_civil_rights_provisions,369,1.0
ccp_civil_rights_provisions,370,1.0
ccp_civil_rights_provisions,371,1.0
ccp_civil_rights_provisions,372,1.0
ccp_civil_rights_provisions,373,1.0
ccp_civil_rights_provisions,374,1.0
ccp_civil_rights_provisions,375,1.0
ccp_civil_rights_provisions,376,1.0
ccp_civil_rights_provisions,377,1.0
ccp_civil_rights_provisions,378,1.0
ccp_civil_rights_provisions,379,1.0
ccp_civil_rights_provisions,380,1.0
ccp_civil_rights_provisions,381,1.0
ccp_civil_rights_provisions,382,1.0
ccp_civil_rights_provisions,383,1.0
ccp_civil_rights_provisions,384,1.0
ccp_civil_rights_provisions,385,1.0
ccp_civil_rights_provisions,386,1.0
ccp_civil_rights_provisions,387,1.0
ccp_civil_rights_provisions,388,1.0
ccp_civil_rights_provisions,389,1.0
ccp_civil_rights_provisions,390,1.0
ccp_civil_rights_provisions,391,1.0
ccp_civil_rights_provisions,392,1.0
ccp_civil_rights_provisions,393,1.0
ccp_civil_rights_provisions,394,1.0
ccp_civil_rights_provisions,395,1.0
ccp_civil_rights_provisions,396,1.0
ccp_civil_rights_provisions,397,1.0
ccp_civil_rights_provisions,398,1.0
ccp_civil_rights_provisions,399,1.0
ccp_civil_rights_provisions,400,1.0
ccp_civil_rights_provisions,401,1.0
ccp_civil_rights_provisions,402,1.0
ccp_civil_rights_provisions,403,1.0
ccp_civil_rights_provisions,404,1.0
ccp_civil_rights_provisions,405,1.0
ccp_civil_rights_provisions,406,1.0
ccp_civil_rights_provisions,407,1.0
ccp_civil_rights_provisions,408,1.0
ccp_civil_rights_provisions,409,1.0
ccp_civil_rights_provisions,410,1.0
ccp_civil_rights_provisions,411,1.0
ccp_civil_rights_provisions,412,1.0
ccp_civil_rights_provisions,413,1.0
ccp_civil_rights_provisions,414,1.0
ccp_civil_rights_provisions,415,1.0
ccp_civil_rights_provisions,416,1.0
ccp_civil_rights_provisions,417,1.0
ccp_civil_rights_provisions,418,1.0
ccp_civil_rights_provisions,419,1.0
ccp_civil_rights_provisions,420,1.0
ccp_civil_rights_provisions,421,1.0
ccp_civil_rights_provisions,422,1.0
ccp_civil_rights_provisions,423,1.0
ccp_civil_rights_provisions,424,1.0
ccp_civil_rights_provisions,425,1.0
ccp_civil_rights_provisions,426,1.0
ccp_civil_rights_provisions,427,1.0
ccp_civil_rights_provisions,428,1.0
ccp_civil_rights_provisions,429,1.0
ccp_civil_rights_provisions,430,1.0
ccp_civil_rights_provisions,431,1.0
ccp_civil_rights_provisions,432,1.0
ccp_civil_rights_provisions,433,1.0
ccp_civil_rights_provisions,434,1.0
ccp_civil_rights_provisions,435,1.0
ccp_civil_rights_provisions,436,1.0
ccp_civil_rights_provisions,437,1.0
ccp_civil_rights_provisions,438,1.0
ccp_civil_rights_provisions,439,1.0
ccp_civil_rights_provisions,440,1.0
ccp_civil_rights_provisions,441,1.0
ccp_civil_rights_provisions,442,1.0
ccp_civil_rights_provisions,443,1.0
ccp_civil_rights_provisions,444,1.0
ccp_civil_rights_provisions,445,1.0
ccp_civil_rights_provisions,446,1.0
ccp_civil_rights_provisions,447,1.0
ccp_civil_rights_provisions,448,1.0
ccp_civil_rights_provisions,449,1.0
ccp_civil_rights_provisions,450,1.0
ccp_civil_rights_provisions,451,1.0
ccp_civil_rights_provisions,452,1.0
ccp_civil_rights_provisions,453,1.0
ccp_civil_rights_provisions,454,1.0
ccp_civil_rights_provisions,455,1.0
ccp_civil_rights_provisions,456,1.0
ccp_civil_rights_provisions,457,1.0
ccp_civil_rights_provisions,458,1.0
ccp_civil_rights_provisions,459,1.0
ccp_civil_rights_provisions,460,1.0
ccp_civil_rights_provisions,461,1.0
ccp_civil_rights_provisions,462,1.0
ccp_civil_rights_provisions,463,1.0
ccp_civil_rights_provisions,464,1.0
ccp_civil_rights_provisions,465,1.0
ccp_civil_rights_provisions,466,1.0
ccp_civil_rights_provisions,467,1.0
ccp_civil_rights_provisions,468,1.0
ccp_civil_rights_provisions,469,1.0
ccp_civil_rights_provisions,470,1.0
ccp_civil_rights_provisions,471,1.0
ccp_civil_rights_provisions,472,1.0
ccp_civil_rights_provisions,473,1.0
ccp_civil_rights_provisions,474,1.0
ccp_civil_rights_provisions,475,1.0
ccp_civil_rights_provisions,476,1.0
ccp_civil_rights_provisions,477,1.0
ccp_civil_rights_provisions,478,1.0
ccp_civil_rights_provisions,479,1.0
ccp_civil_rights_provisions,480,1.0
ccp_civil_rights_provisions,481,1.0
ccp_civil_rights_provisions,482,1.0
ccp_civil_rights_provisions,483,1.0
ccp_civil_rights_provisions,484,1.0
ccp_civil_rights_provisions,485,1.0
ccp_civil_rights_provisions,486,1.0
ccp_civil_rights_provisions,487,1.0
ccp_civil_rights_provisions,488,1.0
ccp_civil_rights_provisions,489,1.0
ccp_civil_rights_provisions,490,1.0
ccp_civil_rights_provisions,491,1.0
ccp_civil_rights_provisions,492,1.0
ccp_civil_rights_provisions,493,1.0
ccp_civil_rights_provisions,494,1.0
ccp_civil_rights_provisions,495,1.0
ccp_civil_rights_provisions,496,1.0
ccp_civil_rights_provisions,497,1.0
ccp_civil_rights_provisions,498,1.0
ccp_civil_rights_provisions,499,1.0
ccp_civil_rights_provisions,500,1.0
ccp_civil_rights_provisions,501,1.0
ccp_civil_rights_provisions,502,1.0
ccp_civil_rights_provisions,503,1.0
ccp_civil_rights_provisions,504,1.0
ccp_civil_rights_provisions,505,1.0
ccp_civil_rights_provisions,506,1.0
ccp_civil_rights_provisions,507,1.0
ccp_civil_rights_provisions,508,1.0
ccp_civil_rights_provisions,509,1.0
ccp_civil_rights_provisions,510,1.0
ccp_civil_rights_provisions,511,1.0
ccp_civil_rights_provisions,512,1.0
ccp_civil_rights_provisions,513,1.0
ccp_civil_rights_provisions,514,1.0
ccp_civil_rights_provisions,515,1.0
ccp_civil_rights_provisions,516,1.0
ccp_civil_rights_provisions,517,1.0
ccp_civil_rights_provisions,518,1.0
ccp_civil_rights_provisions,519,1.0
ccp_civil_rights_provisions,520,1.0
ccp_civil_rights_provisions,521,1.0
ccp_civil_rights_provisions,522,1.0
ccp_civil_rights_provisions,523,1.0
ccp_civil_rights_provisions,524,1.0
ccp_civil_rights_provisions,525,1.0
ccp_civil_rights_provisions,526,1.0
ccp_civil_rights_provisions,527,1.0
ccp_civil_rights_provisions,528,1.0
ccp_civil_rights_provisions,529,1.0
ccp_civil_rights_provisions,530,1.0
ccp_civil_rights_provisions,531,1.0
ccp_civil_rights_provisions,532,1.0
ccp_civil_rights_provisions,533,1.0
ccp_civil_rights_provisions,534,1.0
ccp_civil_rights_provisions,535,1.0
ccp_civil_rights_provisions,536,1.0
ccp_civil_rights_provisions,537,1.0
ccp_civil_rights_provisions,538,1.0
ccp_civil_rights_provisions,539,1.0
ccp_civil_rights_provisions,540,1.0
ccp_civil_rights_provisions,541,1.0
ccp_civil_rights_provisions,542,1.0
ccp_civil_rights_provisions,543,1.0
ccp_civil_rights_provisions,544,1.0
ccp_civil_rights_provisions,545,1.0
ccp_civil_rights_provisions,546,1.0
ccp_civil_rights_provisions,547,1.0
ccp_civil_rights_provisions,548,1.0
ccp_civil_rights_provisions,549,1.0
ccp_civil_rights_provisions,550,1.0
ccp_civil_rights_provisions,551,1.0
ccp_civil_rights_provisions,552,1.0
ccp_civil_rights_provisions,553,1.0
ccp_civil_rights_provisions,554,1.0
ccp_civil_rights_provisions,555,1.0
ccp_civil_rights_provisions,556,1.0
ccp_civil_rights_provisions,557,1.0
ccp_civil_rights_provisions,558,1.0
ccp_civil_rights_provisions,559,1.0
ccp_civil_rights_provisions,560,1.0
ccp_civil_rights_provisions,561,1.0
ccp_civil_rights_provisions,562,1.0
ccp_civil_rights_provisions,563,1.0
ccp_civil_rights_provisions,564,1.0
ccp_civil_rights_provisions,565,1.0
ccp_civil_rights_provisions,566,1.0
ccp_civil_rights_provisions,567,1.0
ccp_civil_rights_provisions,568,1.0
ccp_civil_rights_provisions,569,1.0
ccp_civil_rights_provisions,570,1.0
ccp_civil_rights_provisions,571,1.0
ccp_civil_rights_provisions,572,1.0
ccp_civil_rights_provisions,573,1.0
ccp_civil_rights_provisions,574,1.0
ccp_civil_rights_provisions,575,1.0
ccp_civil_rights_provisions,576,1.0
ccp_civil_rights_provisions,577,1.0
ccp_civil_rights_provisions,578,1.0
ccp_civil_rights_provisions,579,1.0
ccp_civil_rights_provisions,580,1.0
ccp_civil_rights_provisions,581,1.0
ccp_civil_rights_provisions,582,1.0
ccp_civil_rights_provisions,583,1.0
ccp_civil_rights_provisions,584,1.0
ccp_civil_rights_provisions,585,1.0
ccp_civil_rights_provisions,586,1.0
ccp_civil_rights_provisions,587,1.0
ccp_civil_rights_provisions,588,1.0
ccp_civil_rights_provisions,589,1.0
ccp_civil_rights_provisions,590,1.0
ccp_civil_rights_provisions,591,1.0
ccp_civil_rights_provisions,592,1.0
ccp_civil_rights_provisions,593,1.0
ccp_civil_rights_provisions,594,1.0
ccp_civil_rights_provisions,595,1.0
ccp_civil_rights_provisions,596,1.0
ccp_civil_rights_provisions,597,1.0
ccp_civil_rights_provisions,598,1.0
ccp_civil_rights_provisions,599,1.0
ccp_civil_rights_provisions,600,1.0
ccp_civil_rights_provisions,601,1.0
ccp_civil_rights_provisions,602,1.0
ccp_civil_rights_provisions,603,1.0
ccp_civil_rights_provisions,604,1.0
ccp_civil_rights_provisions,605,1.0
ccp_civil_rights_provisions,606,1.0
ccp_civil_rights_provisions,607,1.0
ccp_civil_rights_provisions,608,1.0
ccp_civil_rights_provisions,609,1.0
ccp_civil_rights_provisions,610,1.0
ccp_civil_rights_provisions,611,1.0
ccp_civil_rights_provisions,612,1.0
ccp_civil_rights_provisions,613,1.0
ccp_civil_rights_provisions,614,1.0
ccp_civil_rights_provisions,615,1.0
ccp_civil_rights_provisions,616,1.0
ccp_civil_rights_provisions,617,1.0
ccp_civil_rights_provisions,618,1.0
ccp_civil_rights_provisions,619,1.0
ccp_civil_rights_provisions,620,1.0
ccp_civil_rights_provisions,621,1.0
ccp_civil_rights_provisions,622,1.0
ccp_civil_rights_provisions,623,1.0
ccp_civil_rights_provisions,624,1.0
ccp_civil_rights_provisions,625,1.0
ccp_civil_rights_provisions,626,1.0
ccp_civil_rights_provisions,627,1.0
ccp_civil_rights_provisions,628,1.0
ccp_civil_rights_provisions,629,1.0
ccp_civil_rights_provisions,630,1.0
ccp_civil_rights_provisions,631,1.0
ccp_civil_rights_provisions,632,1.0
ccp_civil_rights_provisions,633,1.0
ccp_civil_rights_provisions,634,1.0
ccp_civil_rights_provisions,635,1.0
ccp_civil_rights_provisions,636,1.0
ccp_civil_rights_provisions,637,1.0
ccp_civil_rights_provisions,638,1.0
ccp_civil_rights_provisions,639,1.0
ccp_civil_rights_provisions,640,1.0
ccp_civil_rights_provisions,641,1.0
ccp_civil_rights_provisions,642,1.0
ccp_civil_rights_provisions,643,1.0
ccp_civil_rights_provisions,644,1.0
ccp_civil_rights_provisions,645,1.0
ccp_civil_rights_provisions,646,1.0
ccp_civil_rights_provisions,647,1.0
ccp_civil_rights_provisions,648,1.0
ccp_civil_rights_provisions,649,1.0
ccp_civil_rights_provisions,650,1.0
ccp_civil_rights_provisions,651,1.0
ccp_civil_rights_provisions,652,1.0
ccp_civil_rights_provisions,653,1.0
ccp_civil_rights_provisions,654,1.0
ccp_civil_rights_provisions,655,1.0
ccp_civil_rights_provisions,656,1.0
ccp_civil_rights_provisions,657,1.0
ccp_civil_rights_provisions,658,1.0
ccp_civil_rights_provisions,659,1.0
ccp_civil_rights_provisions,660,1.0
ccp_civil_rights_provisions,661,1.0
ccp_civil_rights_provisions,662,1.0
ccp_civil_rights_provisions,663,1.0
ccp_civil_rights_provisions,664,1.0
ccp_civil_rights_provisions,665,1.0
ccp_civil_rights_provisions,666,1.0
ccp_civil_rights_provisions,667,1.0
ccp_civil_rights_provisions,668,1.0
ccp_civil_rights_provisions,669,1.0
ccp_civil_rights_provisions,670,1.0
ccp_civil_rights_provisions,671,1.0
ccp_civil_rights_provisions,672,1.0
ccp_civil_rights_provisions,673,1.0
ccp_civil_rights_provisions,674,1.0
ccp_civil_rights_provisions,675,1.0
ccp_civil_rights_provisions,676,1.0
ccp_civil_rights_provisions,677,1.0
ccp_civil_rights_provisions,678,1.0
ccp_civil_rights_provisions,679,1.0
ccp_civil_rights_provisions,680,1.0
ccp_civil_rights_provisions,681,1.0
ccp_civil_rights_provisions,682,1.0
ccp_civil_rights_provisions,683,1.0
ccp_civil_rights_provisions,684,1.0
ccp_civil_rights_provisions,685,1.0
ccp_civil_rights_provisions,686,1.0
ccp_civil_rights_provisions,687,1.0
ccp_civil_rights_provisions,688,1.0
ccp_civil_rights_provisions,689,1.0
ccp_civil_rights_provisions,690,1.0
ccp_civil_rights_provisions,691,1.0
ccp_civil_rights_provisions,692,1.0
ccp_civil_rights_provisions,693,1.0
ccp_civil_rights_provisions,694,1.0
ccp_civil_rights_provisions,695,1.0
ccp_civil_rights_provisions,696,1.0
ccp_civil_rights_provisions,697,1.0
ccp_civil_rights_provisions,698,1.0
ccp_civil_rights_provisions,699,1.0
ccp_civil_rights_provisions,700,1.0
ccp_civil_rights_provisions,701,1.0
ccp_civil_rights_provisions,702,1.0
ccp_civil_rights_provisions,703,1.0
ccp_civil_rights_provisions,704,1.0
ccp_civil_rights_provisions,705,1.0
ccp_civil_rights_provisions,706,1.0
ccp_civil_rights_provisions,707,1.0
ccp_civil_rights_provisions,708,1.0
ccp_civil_rights_provisions,709,1.0
ccp_civil_rights_provisions,710,1.0
ccp_civil_rights_provisions,711,1.0
ccp_civil_rights_provisions,712,1.0
ccp_civil_rights_provisions,713,1.0
ccp_civil_rights_provisions,714,1.0
ccp_civil_rights_provisions,715,1.0
ccp_civil_rights_provisions,716,1.0
ccp_civil_rights_provisions,717,1.0
ccp_civil_rights_provisions,718,1.0
ccp_civil_rights_provisions,719,1.0
ccp_civil_rights_provisions,720,1.0
ccp_civil_rights_provisions,721,1.0
ccp_civil_rights_provisions,722,1.0
ccp_civil_rights_provisions,723,1.0
ccp_civil_rights_provisions,724,1.0
ccp_civil_rights_provisions,725,1.0
ccp_civil_rights_provisions,726,1.0
ccp_civil_rights_provisions,727,1.0
ccp_civil_rights_provisions,728,1.0
ccp_civil_rights_provisions,729,1.0
ccp_civil_rights_provisions,730,1.0
ccp_civil_rights_provisions,731,1.0
ccp_civil_rights_provisions,732,1.0
ccp_civil_rights_provisions,733,1.0
ccp_civil_rights_provisions,734,1.0
ccp_civil_rights_provisions,735,1.0
ccp_civil_rights_provisions,736,1.0
ccp_civil_rights_provisions,737,1.0
ccp_civil_rights_provisions,738,1.0
ccp_civil_rights_provisions,739,1.0
ccp_civil_rights_provisions,740,1.0
ccp_civil_rights_provisions,741,1.0
ccp_civil_rights_provisions,742,1.0
ccp_civil_rights_provisions,743,1.0
ccp_civil_rights_provisions,744,1.0
ccp_civil_rights_provisions,745,1.0
ccp_civil_rights_provisions,746,1.0
ccp_civil_rights_provisions,747,1.0
ccp_civil_rights_provisions,748,1.0
ccp_civil_rights_provisions,749,1.0
ccp_civil_rights_provisions,750,1.0
ccp_civil_rights_provisions,751,1.0
ccp_civil_rights_provisions,752,1.0
ccp_civil_rights_provisions,753,1.0
ccp_civil_rights_provisions,754,1.0
ccp_civil_rights_provisions,755,1.0
ccp_civil_rights_provisions,756,1.0
ccp_civil_rights_provisions,757,1.0
ccp_civil_rights_provisions,758,1.0
ccp_civil_rights_provisions,759,1.0
ccp_civil_rights_provisions,760,1.0
ccp_civil_rights_provisions,761,1.0
ccp_civil_rights_provisions,762,1.0
ccp_civil_rights_provisions,763,1.0
ccp_civil_rights_provisions,764,1.0
ccp_civil_rights_provisions,765,1.0
ccp_civil_rights_provisions,766,1.0
ccp_civil_rights_provisions,767,1.0
ccp_civil_rights_provisions,768,1.0
ccp_civil_rights_provisions,769,1.0
ccp_civil_rights_provisions,770,1.0
ccp_civil_rights_provisions,771,1.0
ccp_civil_rights_provisions,772,1.0
ccp_civil_rights_provisions,773,1.0
ccp_civil_rights_provisions,774,1.0
ccp_civil_rights_provisions,775,1.0
ccp_civil_rights_provisions,776,1.0
ccp_civil_rights_provisions,777,1.0
ccp_civil_rights_provisions,778,1.0
ccp_civil_rights_provisions,779,1.0
ccp_civil_rights_provisions,780,1.0
ccp_civil_rights_provisions,781,1.0
ccp_civil_rights_provisions,782,1.0
ccp_civil_rights_provisions,783,1.0
ccp_civil_rights_provisions,784,1.0
ccp_civil_rights_provisions,785,1.0
ccp_civil_rights_provisions,786,1.0
ccp_civil_rights_provisions,787,1.0
ccp_civil_rights_provisions,788,1.0
ccp_civil_rights_provisions,789,1.0
ccp_civil_rights_provisions,790,1.0
ccp_civil_rights_provisions,791,1.0
ccp_civil_rights_provisions,792,1.0
ccp_civil_rights_provisions,793,1.0
ccp_civil_rights_provisions,794,1.0
ccp_civil_rights_provisions,795,1.0
ccp_civil_rights_provisions,796,1.0
ccp_civil_rights_provisions,797,1.0
ccp_civil_rights_provisions,798,1.0
ccp_civil_rights_provisions,799,1.0
ccp_civil_rights_provisions,800,1.0
ccp_civil_rights_provisions,801,1.0
ccp_civil_rights_provisions,802,1.0
ccp_civil_rights_provisions,803,1.0
ccp_civil_rights_provisions,804,1.0
ccp_civil_rights_provisions,805,1.0
ccp_civil_rights_provisions,806,1.0
ccp_civil_rights_provisions,807,1.0
ccp_civil_rights_provisions,808,1.0
ccp_civil_rights_provisions,809,1.0
ccp_civil_rights_provisions,810,1.0
ccp_civil_rights_provisions,811,1.0
ccp_civil_rights_provisions,812,1.0
ccp_civil_rights_provisions,813,1.0
ccp_civil_rights_provisions,814,1.0
ccp_civil_rights_provisions,815,1.0
ccp_civil_rights_provisions,816,1.0
ccp_civil_rights_provisions,817,1.0
ccp_civil_rights_provisions,818,1.0
ccp_civil_rights_provisions,819,1.0
ccp_civil_rights_provisions,820,1.0
ccp_civil_rights_provisions,821,1.0
ccp_civil_rights_provisions,822,1.0
ccp_civil_rights_provisions,823,1.0
ccp_civil_rights_provisions,824,1.0
ccp_civil_rights_provisions,825,1.0
ccp_civil_rights_provisions,826,1.0
ccp_civil_rights_provisions,827,1.0
ccp_civil_rights_provisions,828,1.0
ccp_civil_rights_provisions,829,1.0
ccp_civil_rights_provisions,830,1.0
ccp_civil_rights_provisions,831,1.0
ccp_civil_rights_provisions,832,1.0
ccp_civil_rights_provisions,833,1.0
ccp_civil_rights_provisions,834,1.0
ccp_civil_rights_provisions,835,1.0
ccp_civil_rights_provisions,836,1.0
ccp_civil_rights_provisions,837,1.0
ccp_civil_rights_provisions,838,1.0
ccp_civil_rights_provisions,839,1.0
ccp_civil_rights_provisions,840,1.0
ccp_civil_rights_provisions,841,1.0
ccp_civil_rights_provisions,842,1.0
ccp_civil_rights_provisions,843,1.0
ccp_civil_rights_provisions,844,1.0
ccp_civil_rights_provisions,845,1.0
ccp_civil_rights_provisions,846,1.0
ccp_civil_rights_provisions,847,1.0
ccp_civil_rights_provisions,848,1.0
ccp_civil_rights_provisions,849,1.0
ccp_civil_rights_provisions,850,1.0
ccp_civil_rights_provisions,851,1.0
ccp_civil_rights_provisions,852,1.0
ccp_civil_rights_provisions,853,1.0
ccp_civil_rights_provisions,854,1.0
ccp_civil_rights_provisions,855,1.0
ccp_civil_rights_provisions,856,1.0
ccp_civil_rights_provisions,857,1.0
ccp_civil_rights_provisions,858,1.0
ccp_civil_rights_provisions,859,1.0
ccp_civil_rights_provisions,860,1.0
ccp_civil_rights_provisions,861,1.0
ccp_civil_rights_provisions,862,1.0
ccp_civil_rights_provisions,863,1.0
ccp_civil_rights_provisions,864,1.0
ccp_civil_rights_provisions,865,1.0
ccp_civil_rights_provisions,866,1.0
ccp_civil_rights_provisions,867,1.0
ccp_civil_rights_provisions,868,1.0
ccp_civil_rights_provisions,869,1.0
ccp_civil_rights_provisions,870,1.0
ccp_civil_rights_provisions,871,1.0
ccp_civil_rights_provisions,872,1.0
ccp_civil_rights_provisions,873,1.0
ccp_civil_rights_provisions,874,1.0
ccp_civil_rights_provisions,875,1.0
ccp_civil_rights_provisions,876,1.0
ccp_civil_rights_provisions,877,1.0
ccp_civil_rights_provisions,878,1.0
ccp_civil_rights_provisions,879,1.0
ccp_civil_rights_provisions,880,1.0
ccp_civil_rights_provisions,881,1.0
ccp_civil_rights_provisions,882,1.0
ccp_civil_rights_provisions,883,1.0
ccp_civil_rights_provisions,884,1.0
ccp_civil_rights_provisions,885,1.0
ccp_civil_rights_provisions,886,1.0
ccp_civil_rights_provisions,887,1.0
ccp_civil_rights_provisions,888,1.0
ccp_civil_rights_provisions,889,1.0
ccp_civil_rights_provisions,890,1.0
ccp_civil_rights_provisions,891,1.0
ccp_civil_rights_provisions,892,1.0
ccp_civil_rights_provisions,893,1.0
ccp_civil_rights_provisions,894,1.0
ccp_civil_rights_provisions,895,1.0
ccp_civil_rights_provisions,896,1.0
ccp_civil_rights_provisions,897,1.0
ccp_civil_rights_provisions,898,1.0
ccp_civil_rights_provisions,899,1.0
ccp_civil_rights_provisions,900,1.0
ccp_civil_rights_provisions,901,1.0
ccp_civil_rights_provisions,902,1.0
ccp_civil_rights_provisions,903,1.0
ccp_civil_rights_provisions,904,1.0
ccp_civil_rights_provisions,905,1.0
ccp_civil_rights_provisions,906,1.0
ccp_civil_rights_provisions,907,1.0
ccp_civil_rights_provisions,908,1.0
ccp_civil_rights_provisions,909,1.0
ccp_civil_rights_provisions,910,1.0
ccp_civil_rights_provisions,911,1.0
ccp_civil_rights_provisions,912,1.0
ccp_civil_rights_provisions,913,1.0
ccp_civil_rights_provisions,914,1.0
ccp_civil_rights_provisions,915,1.0
ccp_civil_rights_provisions,916,1.0
ccp_civil_rights_provisions,917,1.0
ccp_civil_rights_provisions,918,1.0
ccp_civil_rights_provisions,919,1.0
ccp_civil_rights_provisions,920,1.0
ccp_civil_rights_provisions,921,1.0
ccp_civil_rights_provisions,922,1.0
ccp_civil_rights_provisions,923,1.0
ccp_civil_rights_provisions,924,1.0
ccp_civil_rights_provisions,925,1.0
ccp_civil_rights_provisions,926,1.0
ccp_civil_rights_provisions,927,1.0
ccp_civil_rights_provisions,928,1.0
ccp_civil_rights_provisions,929,1.0
ccp_civil_rights_provisions,930,1.0
ccp_civil_rights_provisions,931,1.0
ccp_civil_rights_provisions,932,1.0
ccp_civil_rights_provisions,933,1.0
ccp_civil_rights_provisions,934,1.0
ccp_civil_rights_provisions,935,1.0
ccp_civil_rights_provisions,936,1.0
ccp_civil_rights_provisions,937,1.0
ccp_civil_rights_provisions,938,1.0
ccp_civil_rights_provisions,939,1.0
ccp_civil_rights_provisions,940,1.0
ccp_civil_rights_provisions,941,1.0
ccp_civil_rights_provisions,942,1.0
ccp_civil_rights_provisions,943,1.0
ccp_civil_rights_provisions,944,1.0
ccp_civil_rights_provisions,945,1.0
ccp_civil_rights_provisions,946,1.0
ccp_civil_rights_provisions,947,1.0
ccp_civil_rights_provisions,948,1.0
ccp_civil_rights_provisions,949,1.0
ccp_civil_rights_provisions,950,1.0
ccp_civil_rights_provisions,951,1.0
ccp_civil_rights_provisions,952,1.0
ccp_civil_rights_provisions,953,1.0
ccp_civil_rights_provisions,954,1.0
ccp_civil_rights_provisions,955,1.0
ccp_civil_rights_provisions,956,1.0
ccp_civil_rights_provisions,957,1.0
ccp_civil_rights_provisions,958,1.0
ccp_civil_rights_provisions,959,1.0
ccp_civil_rights_provisions,960,1.0
ccp_civil_rights_provisions,961,1.0
ccp_civil_rights_provisions,962,1.0
ccp_civil_rights_provisions,963,1.0
ccp_civil_rights_provisions,964,1.0
ccp_civil_rights_provisions,965,1.0
ccp_civil_rights_provisions,966,1.0
ccp_civil_rights_provisions,967,1.0
ccp_civil_rights_provisions,968,1.0
ccp_civil_rights_provisions,969,1.0
ccp_civil_rights_provisions,970,1.0
ccp_civil_rights_provisions,971,1.0
ccp_civil_rights_provisions,972,1.0
ccp_civil_rights_provisions,973,1.0
ccp_civil_rights_provisions,974,1.0
ccp_civil_rights_provisions,975,1.0
ccp_civil_rights_provisions,976,1.0
ccp_civil_rights_provisions,977,1.0
ccp_civil_rights_provisions,978,1.0
ccp_civil_rights_provisions,979,1.0
ccp_civil_rights_provisions,980,1.0
ccp_civil_rights_provisions,981,1.0
ccp_civil_rights_provisions,982,1.0
ccp_civil_rights_provisions,983,1.0
ccp_civil_rights_provisions,984,1.0
ccp_civil_rights_provisions,985,1.0
ccp_civil_rights_provisions,986,1.0
ccp_civil_rights_provisions,987,1.0
ccp_civil_rights_provisions,988,1.0
ccp_civil_rights_provisions,989,1.0
ccp_civil_rights_provisions,990,1.0
ccp_civil_rights_provisions,991,1.0
ccp_civil_rights_provisions,992,1.0
ccp_civil_rights_provisions,993,1.0
ccp_civil_rights_provisions,994,1.0
ccp_civil_rights_provisions,995,1.0
ccp_civil_rights_provisions,996,1.0
ccp_civil_rights_provisions,997,1.0
ccp_civil_rights_provisions,998,1.0
ccp_civil_rights_provisions,999,1.0
ccp_civil_rights_provisions,1000,1.0
ccp_civil_rights_provisions,1001,1.0
ccp_civil_rights_provisions,1002,1.0
ccp_civil_rights_provisions,1003,1.0
ccp_civil_rights_provisions,1004,1.0
ccp_civil_rights_provisions,1005,1.0
ccp_civil_rights_provisions,1006,1.0
ccp_civil_rights_provisions,1007,1.0
ccp_civil_rights_provisions,1008,1.0
ccp_civil_rights_provisions,1009,1.0
ccp_civil_rights_provisions,1010,1.0
ccp_civil_rights_provisions,1011,1.0
ccp_civil_rights_provisions,1012,1.0
ccp_civil_rights_provisions,1013,1.0
ccp_civil_rights_provisions,1014,1.0
ccp_civil_rights_provisions,1015,1.0
ccp_civil_rights_provisions,1016,1.0
ccp_civil_rights_provisions,1017,1.0
ccp_civil_rights_provisions,1018,1.0
ccp_civil_rights_provisions,1019,1.0
ccp_civil_rights_provisions,1020,1.0
ccp_civil_rights_provisions,1021,1.0
ccp_civil_rights_provisions,1022,1.0
ccp_civil_rights_provisions,1023,1.0
ccp_civil_rights_provisions,1024,1.0
ccp_civil_rights_provisions,1025,1.0
ccp_civil_rights_provisions,1026,1.0
ccp_civil_rights_provisions,1027,1.0
ccp_civil_rights_provisions,1028,1.0
ccp_civil_rights_provisions,1029,1.0
ccp_civil_rights_provisions,1030,1.0
ccp_civil_rights_provisions,1031,1.0
ccp_civil_rights_provisions,1032,1.0
ccp_civil_rights_provisions,1033,1.0
ccp_civil_rights_provisions,1034,1.0
ccp_civil_rights_provisions,1035,1.0
ccp_civil_rights_provisions,1036,1.0
ccp_civil_rights_provisions,1037,1.0
ccp_civil_rights_provisions,1038,1.0
ccp_civil_rights_provisions,1039,1.0
ccp_civil_rights_provisions,1040,1.0
ccp_civil_rights_provisions,1041,1.0
ccp_civil_rights_provisions,1042,1.0
ccp_civil_rights_provisions,1043,1.0
ccp_civil_rights_provisions,1044,1.0
ccp_civil_rights_provisions,1045,1.0
ccp_civil_rights_provisions,1046,1.0
ccp_civil_rights_provisions,1047,1.0
ccp_civil_rights_provisions,1048,1.0
ccp_civil_rights_provisions,1049,1.0
ccp_civil_rights_provisions,1050,1.0
ccp_civil_rights_provisions,1051,1.0
ccp_civil_rights_provisions,1052,1.0
ccp_civil_rights_provisions,1053,1.0
ccp_civil_rights_provisions,1054,1.0
ccp_civil_rights_provisions,1055,1.0
ccp_civil_rights_provisions,1056,1.0
ccp_civil_rights_provisions,1057,1.0
ccp_civil_rights_provisions,1058,1.0
ccp_civil_rights_provisions,1059,1.0
ccp_civil_rights_provisions,1060,1.0
ccp_civil_rights_provisions,1061,1.0
ccp_civil_rights_provisions,1062,1.0
ccp_civil_rights_provisions,1063,1.0
ccp_civil_rights_provisions,1064,1.0
ccp_civil_rights_provisions,1065,2.0
ccp_civil_rights_provisions,1066,2.0
ccp_civil_rights_provisions,1067,2.0
ccp_civil_rights_provisions,1068,2.0
ccp_civil_rights_provisions,1069,2.0
ccp_civil_rights_provisions,1070,2.0
ccp_civil_rights_provisions,1071,2.0
ccp_civil_rights_provisions,1072,2.0
ccp_civil_rights_provisions,1073,2.0
ccp_civil_rights_provisions,1074,2.0
ccp_civil_rights_provisions,1075,2.0
ccp_civil_rights_provisions,1076,2.0
ccp_civil_rights_provisions,1077,2.0
ccp_civil_rights_provisions,1078,2.0
ccp_civil_rights_provisions,1079,2.0
ccp_civil_rights_provisions,1080,2.0
ccp_civil_rights_provisions,1081,2.0
ccp_civil_rights_provisions,1082,2.0
ccp_civil_rights_provisions,1083,2.0
ccp_civil_rights_provisions,1084,2.0
ccp_civil_rights_provisions,1085,2.0
ccp_civil_rights_provisions,1086,2.0
ccp_civil_rights_provisions,1087,2.0
ccp_civil_rights_provisions,1088,2.0
ccp_civil_rights_provisions,1089,2.0
ccp_civil_rights_provisions,1090,2.0
ccp_civil_rights_provisions,1091,2.0
ccp_civil_rights_provisions,1092,2.0
ccp_civil_rights_provisions,1093,2.0
ccp_civil_rights_provisions,1094,2.0
ccp_civil_rights_provisions,1095,2.0
ccp_civil_rights_provisions,1096,2.0
ccp_civil_rights_provisions,1097,2.0
ccp_civil_rights_provisions,1098,2.0
ccp_civil_rights_provisions,1099,2.0
ccp_civil_rights_provisions,1100,2.0
ccp_civil_rights_provisions,1101,2.0
ccp_civil_rights_provisions,1102,2.0
ccp_civil_rights_provisions,1103,2.0
ccp_civil_rights_provisions,1104,2.0
ccp_civil_rights_provisions,1105,2.0
ccp_civil_rights_provisions,1106,2.0
ccp_civil_rights_provisions,1107,2.0
ccp_civil_rights_provisions,1108,2.0
ccp_civil_rights_provisions,1109,2.0
ccp_civil_rights_provisions,1110,2.0
ccp_civil_rights_provisions,1111,2.0
ccp_civil_rights_provisions,1112,2.0
ccp_civil_rights_provisions,1113,2.0
ccp_civil_rights_provisions,1114,2.0
ccp_civil_rights_provisions,1115,2.0
ccp_civil_rights_provisions,1116,2.0
ccp_civil_rights_provisions,1117,2.0
ccp_civil_rights_provisions,1118,2.0
ccp_civil_rights_provisions,1119,2.0
ccp_civil_rights_provisions,1120,2.0
ccp_civil_rights_provisions,1121,2.0
ccp_civil_rights_provisions,1122,2.0
ccp_civil_rights_provisions,1123,2.0
ccp_civil_rights_provisions,1124,2.0
ccp_civil_rights_provisions,1125,2.0
ccp_civil_rights_provisions,1126,2.0
ccp_civil_rights_provisions,1127,2.0
ccp_civil_rights_provisions,1128,2.0
ccp_civil_rights_provisions,1129,2.0
ccp_civil_rights_provisions,1130,2.0
ccp_civil_rights_provisions,1131,2.0
ccp_civil_rights_provisions,1132,2.0
ccp_civil_rights_provisions,1133,2.0
ccp_civil_rights_provisions,1134,2.0
ccp_civil_rights_provisions,1135,2.0
ccp_civil_rights_provisions,1136,2.0
ccp_civil_rights_provisions,1137,2.0
ccp_civil_rights_provisions,1138,2.0
ccp_civil_rights_provisions,1139,2.0
ccp_civil_rights_provisions,1140,2.0
ccp_civil_rights_provisions,1141,2.0
ccp_civil_rights_provisions,1142,2.0
ccp_civil_rights_provisions,1143,2.0
ccp_civil_rights_provisions,1144,2.0
ccp_civil_rights_provisions,1145,2.0
ccp_civil_rights_provisions,1146,2.0
ccp_civil_rights_provisions,1147,2.0
ccp_civil_rights_provisions,1148,2.0
ccp_civil_rights_provisions,1149,2.0
ccp_civil_rights_provisions,1150,2.0
ccp_civil_rights_provisions,1151,2.0
ccp_civil_rights_provisions,1152,2.0
ccp_civil_rights_provisions,1153,2.0
ccp_civil_rights_provisions,1154,2.0
ccp_civil_rights_provisions,1155,2.0
ccp_civil_rights_provisions,1156,2.0
ccp_civil_rights_provisions,1157,2.0
ccp_civil_rights_provisions,1158,2.0
ccp_civil_rights_provisions,1159,2.0
ccp_civil_rights_provisions,1160,2.0
ccp_civil_rights_provisions,1161,2.0
ccp_civil_rights_provisions,1162,2.0
ccp_civil_rights_provisions,1163,2.0
ccp_civil_rights_provisions,1164,2.0
ccp_civil_rights_provisions,1165,2.0
ccp_civil_rights_provisions,1166,2.0
ccp_civil_rights_provisions,1167,2.0
ccp_civil_rights_provisions,1168,2.0
ccp_civil_rights_provisions,1169,2.0
ccp_civil_rights_provisions,1170,2.0
ccp_civil_rights_provisions,1171,2.0
ccp_civil_rights_provisions,1172,2.0
ccp_civil_rights_provisions,1173,2.0
ccp_civil_rights_provisions,1174,2.0
ccp_civil_rights_provisions,1175,2.0
ccp_civil_rights_provisions,1176,2.0
ccp_civil_rights_provisions,1177,2.0
ccp_civil_rights_provisions,1178,2.0
ccp_civil_rights_provisions,1179,2.0
ccp_civil_rights_provisions,1180,2.0
ccp_civil_rights_provisions,1181,2.0
ccp_civil_rights_provisions,1182,2.0
ccp_civil_rights_provisions,1183,2.0
ccp_civil_rights_provisions,1184,2.0
ccp_civil_rights_provisions,1185,2.0
ccp_civil_rights_provisions,1186,2.0
ccp_civil_rights_provisions,1187,2.0
ccp_civil_rights_provisions,1188,2.0
ccp_civil_rights_provisions,1189,2.0
ccp_civil_rights_provisions,1190,2.0
ccp_civil_rights_provisions,1191,2.0
ccp_civil_rights_provisions,1192,2.0
ccp_civil_rights_provisions,1193,2.0
ccp_civil_rights_provisions,1194,2.0
ccp_civil_rights_provisions,1195,2.0
ccp_civil_rights_provisions,1196,2.0
ccp_civil_rights_provisions,1197,2.0
ccp_civil_rights_provisions,1198,2.0
ccp_civil_rights_provisions,1199,2.0
ccp_civil_rights_provisions,1200,2.0
ccp_civil_rights_provisions,1201,2.0
ccp_civil_rights_provisions,1202,2.0
ccp_civil_rights_provisions,1203,2.0
ccp_civil_rights_provisions,1204,2.0
ccp_civil_rights_provisions,1205,2.0
ccp_civil_rights_provisions,1206,2.0
ccp_civil_rights_provisions,1207,2.0
ccp_civil_rights_provisions,1208,2.0
ccp_civil_rights_provisions,1209,2.0
ccp_civil_rights_provisions,1210,2.0
ccp_civil_rights_provisions,1211,2.0
ccp_civil_rights_provisions,1212,2.0
ccp_civil_rights_provisions,1213,2.0
ccp_civil_rights_provisions,1214,2.0
ccp_civil_rights_provisions,1215,2.0
ccp_civil_rights_provisions,1216,2.0
ccp_civil_rights_provisions,1217,2.0
ccp_civil_rights_provisions,1218,2.0
ccp_civil_rights_provisions,1219,2.0
ccp_civil_rights_provisions,1220,2.0
ccp_civil_rights_provisions,1221,2.0
ccp_civil_rights_provisions,1222,2.0
ccp_civil_rights_provisions,1223,2.0
ccp_civil_rights_provisions,1224,2.0
ccp_civil_rights_provisions,1225,2.0
ccp_civil_rights_provisions,1226,2.0
ccp_civil_rights_provisions,1227,2.0
ccp_civil_rights_provisions,1228,2.0
ccp_civil_rights_provisions,1229,2.0
ccp_civil_rights_provisions,1230,2.0
ccp_civil_rights_provisions,1231,2.0
ccp_civil_rights_provisions,1232,2.0
ccp_civil_rights_provisions,1233,2.0
ccp_civil_rights_provisions,1234,2.0
ccp_civil_rights_provisions,1235,2.0
ccp_civil_rights_provisions,1236,2.0
ccp_civil_rights_provisions,1237,2.0
ccp_civil_rights_provisions,1238,2.0
ccp_civil_rights_provisions,1239,2.0
ccp_civil_rights_provisions,1240,2.0
ccp_civil_rights_provisions,1241,2.0
ccp_civil_rights_provisions,1242,2.0
ccp_civil_rights_provisions,1243,2.0
ccp_civil_rights_provisions,1244,2.0
ccp_civil_rights_provisions,1245,2.0
ccp_civil_rights_provisions,1246,2.0
ccp_civil_rights_provisions,1247,2.0
ccp_civil_rights_provisions,1248,2.0
ccp_civil_rights_provisions,1249,2.0
ccp_civil_rights_provisions,1250,2.0
ccp_civil_rights_provisions,1251,2.0
ccp_civil_rights_provisions,1252,2.0
ccp_civil_rights_provisions,1253,2.0
ccp_civil_rights_provisions,1254,2.0
ccp_civil_rights_provisions,1255,2.0
ccp_civil_rights_provisions,1256,2.0
ccp_civil_rights_provisions,1257,2.0
ccp_civil_rights_provisions,1258,2.0
ccp_civil_rights_provisions,1259,2.0
ccp_civil_rights_provisions,1260,2.0
ccp_civil_rights_provisions,1261,2.0
ccp_civil_rights_provisions,1262,2.0
ccp_civil_rights_provisions,1263,2.0
ccp_civil_rights_provisions,1264,2.0
ccp_civil_rights_provisions,1265,2.0
ccp_civil_rights_provisions,1266,2.0
ccp_civil_rights_provisions,1267,2.0
ccp_civil_rights_provisions,1268,2.0
ccp_civil_rights_provisions,1269,2.0
ccp_civil_rights_provisions,1270,2.0
ccp_civil_rights_provisions,1271,2.0
ccp_civil_rights_provisions,1272,2.0
ccp_civil_rights_provisions,1273,2.0
ccp_civil_rights_provisions,1274,2.0
ccp_civil_rights_provisions,1275,2.0
ccp_civil_rights_provisions,1276,2.0
ccp_civil_rights_provisions,1277,2.0
ccp_civil_rights_provisions,1278,2.0
ccp_civil_rights_provisions,1279,2.0
ccp_civil_rights_provisions,1280,2.0
ccp_civil_rights_provisions,1281,2.0
ccp_civil_rights_provisions,1282,2.0
ccp_civil_rights_provisions,1283,2.0
ccp_civil_rights_provisions,1284,2.0
ccp_civil_rights_provisions,1285,2.0
ccp_civil_rights_provisions,1286,2.0
ccp_civil_rights_provisions,1287,2.0
ccp_civil_rights_provisions,1288,2.0
ccp_civil_rights_provisions,1289,2.0
ccp_civil_rights_provisions,1290,2.0
ccp_civil_rights_provisions,1291,2.0
ccp_civil_rights_provisions,1292,2.0
ccp_civil_rights_provisions,1293,2.0
ccp_civil_rights_provisions,1294,2.0
ccp_civil_rights_provisions,1295,2.0
ccp_civil_rights_provisions,1296,2.0
ccp_civil_rights_provisions,1297,2.0
ccp_civil_rights_provisions,1298,2.0
ccp_civil_rights_provisions,1299,2.0
ccp_civil_rights_provisions,1300,2.0
ccp_civil_rights_provisions,1301,2.0
ccp_civil_rights_provisions,1302,2.0
ccp_civil_rights_provisions,1303,2.0
ccp_civil_rights_provisions,1304,2.0
ccp_civil_rights_provisions,1305,2.0
ccp_civil_rights_provisions,1306,2.0
ccp_civil_rights_provisions,1307,2.0
ccp_civil_rights_provisions,1308,2.0
ccp_civil_rights_provisions,1309,2.0
ccp_civil_rights_provisions,1310,2.0
ccp_civil_rights_provisions,1311,2.0
ccp_civil_rights_provisions,1312,2.0
ccp_civil_rights_provisions,1313,2.0
ccp_civil_rights_provisions,1314,2.0
ccp_civil_rights_provisions,1315,2.0
ccp_civil_rights_provisions,1316,2.0
ccp_civil_rights_provisions,1317,2.0
ccp_civil_rights_provisions,1318,2.0
ccp_civil_rights_provisions,1319,2.0
ccp_civil_rights_provisions,1320,2.0
ccp_civil_rights_provisions,1321,2.0
ccp_civil_rights_provisions,1322,2.0
ccp_civil_rights_provisions,1323,2.0
ccp_civil_rights_provisions,1324,2.0
ccp_civil_rights_provisions,1325,2.0
ccp_civil_rights_provisions,1326,2.0
ccp_civil_rights_provisions,1327,2.0
ccp_civil_rights_provisions,1328,2.0
ccp_civil_rights_provisions,1329,2.0
ccp_civil_rights_provisions,1330,2.0
ccp_civil_rights_provisions,1331,2.0
ccp_civil_rights_provisions,1332,2.0
ccp_civil_rights_provisions,1333,2.0
ccp_civil_rights_provisions,1334,2.0
ccp_civil_rights_provisions,1335,2.0
ccp_civil_rights_provisions,1336,2.0
ccp_civil_rights_provisions,1337,2.0
ccp_civil_rights_provisions,1338,2.0
ccp_civil_rights_provisions,1339,2.0
ccp_civil_rights_provisions,1340,2.0
ccp_civil_rights_provisions,1341,2.0
ccp_civil_rights_provisions,1342,2.0
ccp_civil_rights_provisions,1343,2.0
ccp_civil_rights_provisions,1344,2.0
ccp_civil_rights_provisions,1345,2.0
ccp_civil_rights_provisions,1346,2.0
ccp_civil_rights_provisions,1347,2.0
ccp_civil_rights_provisions,1348,2.0
ccp_civil_rights_provisions,1349,2.0
ccp_civil_rights_provisions,1350,2.0
ccp_civil_rights_provisions,1351,2.0
ccp_civil_rights_provisions,1352,2.0
ccp_civil_rights_provisions,1353,2.0
ccp_civil_rights_provisions,1354,2.0
ccp_civil_rights_provisions,1355,2.0
ccp_civil_rights_provisions,1356,2.0
ccp_civil_rights_provisions,1357,2.0
ccp_civil_rights_provisions,1358,2.0
ccp_civil_rights_provisions,1359,2.0
ccp_civil_rights_provisions,1360,2.0
ccp_civil_rights_provisions,1361,2.0
ccp_civil_rights_provisions,1362,2.0
ccp_civil_rights_provisions,1363,2.0
ccp_civil_rights_provisions,1364,2.0
ccp_civil_rights_provisions,1365,2.0
ccp_civil_rights_provisions,1366,2.0
ccp_civil_rights_provisions,1367,2.0
ccp_civil_rights_provisions,1368,2.0
ccp_civil_rights_provisions,1369,2.0
ccp_civil_rights_provisions,1370,2.0
ccp_civil_rights_provisions,1371,2.0
ccp_civil_rights_provisions,1372,2.0
ccp_civil_rights_provisions,1373,2.0
ccp_civil_rights_provisions,1374,2.0
ccp_civil_rights_provisions,1375,2.0
ccp_civil_rights_provisions,1376,2.0
ccp_civil_rights_provisions,1377,2.0
ccp_civil_rights_provisions,1378,2.0
ccp_civil_rights_provisions,1379,2.0
ccp_civil_rights_provisions,1380,2.0
ccp_civil_rights_provisions,1381,2.0
ccp_civil_rights_provisions,1382,2.0
ccp_civil_rights_provisions,1383,2.0
ccp_civil_rights_provisions,1384,2.0
ccp_civil_rights_provisions,1385,2.0
ccp_civil_rights_provisions,1386,2.0
ccp_civil_rights_provisions,1387,2.0
ccp_civil_rights_provisions,1388,2.0
ccp_civil_rights_provisions,1389,2.0
ccp_civil_rights_provisions,1390,2.0
ccp_civil_rights_provisions,1391,2.0
ccp_civil_rights_provisions,1392,2.0
ccp_civil_rights_provisions,1393,2.0
ccp_civil_rights_provisions,1394,2.0
ccp_civil_rights_provisions,1395,2.0
ccp_civil_rights_provisions,1396,2.0
ccp_civil_rights_provisions,1397,2.0
ccp_civil_rights_provisions,1398,2.0
ccp_civil_rights_provisions,1399,2.0
ccp_civil_rights_provisions,1400,2.0
ccp_civil_rights_provisions,1401,2.0
ccp_civil_rights_provisions,1402,2.0
ccp_civil_rights_provisions,1403,2.0
ccp_civil_rights_provisions,1404,2.0
ccp_civil_rights_provisions,1405,2.0
ccp_civil_rights_provisions,1406,2.0
ccp_civil_rights_provisions,1407,2.0
ccp_civil_rights_provisions,1408,2.0
ccp_civil_rights_provisions,1409,2.0
ccp_civil_rights_provisions,1410,2.0
ccp_civil_rights_provisions,1411,2.0
ccp_civil_rights_provisions,1412,2.0
ccp_civil_rights_provisions,1413,2.0
ccp_civil_rights_provisions,1414,2.0
ccp_civil_rights_provisions,1415,2.0
ccp_civil_rights_provisions,1416,2.0
ccp_civil_rights_provisions,1417,2.0
ccp_civil_rights_provisions,1418,2.0
ccp_civil_rights_provisions,1419,2.0
ccp_civil_rights_provisions,1420,2.0
ccp_civil_rights_provisions,1421,2.0
ccp_civil_rights_provisions,1422,2.0
ccp_civil_rights_provisions,1423,2.0
ccp_civil_rights_provisions,1424,2.0
ccp_civil_rights_provisions,1425,2.0
ccp_civil_rights_provisions,1426,2.0
ccp_civil_rights_provisions,1427,2.0
ccp_civil_rights_provisions,1428,2.0
ccp_civil_rights_provisions,1429,2.0
ccp_civil_rights_provisions,1430,2.0
ccp_civil_rights_provisions,1431,2.0
ccp_civil_rights_provisions,1432,2.0
ccp_civil_rights_provisions,1433,2.0
ccp_civil_rights_provisions,1434,2.0
ccp_civil_rights_provisions,1435,2.0
ccp_civil_rights_provisions,1436,2.0
ccp_civil_rights_provisions,1437,2.0
ccp_civil_rights_provisions,1438,2.0
ccp_civil_rights_provisions,1439,2.0
ccp_civil_rights_provisions,1440,2.0
ccp_civil_rights_provisions,1441,2.0
ccp_civil_rights_provisions,1442,2.0
ccp_civil_rights_provisions,1443,2.0
ccp_civil_rights_provisions,1444,2.0
ccp_civil_rights_provisions,1445,2.0
ccp_civil_rights_provisions,1446,2.0
ccp_civil_rights_provisions,1447,2.0
ccp_civil_rights_provisions,1448,2.0
ccp_civil_rights_provisions,1449,2.0
ccp_civil_rights_provisions,1450,2.0
ccp_civil_rights_provisions,1451,2.0
ccp_civil_rights_provisions,1452,2.0
ccp_civil_rights_provisions,1453,2.0
ccp_civil_rights_provisions,1454,2.0
ccp_civil_rights_provisions,1455,2.0
ccp_civil_rights_provisions,1456,2.0
ccp_civil_rights_provisions,1457,2.0
ccp_civil_rights_provisions,1458,2.0
ccp_civil_rights_provisions,1459,2.0
ccp_civil_rights_provisions,1460,2.0
ccp_civil_rights_provisions,1461,2.0
ccp_civil_rights_provisions,1462,2.0
ccp_civil_rights_provisions,1463,2.0
ccp_civil_rights_provisions,1464,2.0
ccp_civil_rights_provisions,1465,2.0
ccp_civil_rights_provisions,1466,2.0
ccp_civil_rights_provisions,1467,2.0
ccp_civil_rights_provisions,1468,2.0
ccp_civil_rights_provisions,1469,2.0
ccp_civil_rights_provisions,1470,2.0
ccp_civil_rights_provisions,1471,2.0
ccp_civil_rights_provisions,1472,2.0
ccp_civil_rights_provisions,1473,2.0
ccp_civil_rights_provisions,1474,2.0
ccp_civil_rights_provisions,1475,2.0
ccp_civil_rights_provisions,1476,2.0
ccp_civil_rights_provisions,1477,2.0
ccp_civil_rights_provisions,1478,2.0
ccp_civil_rights_provisions,1479,2.0
ccp_civil_rights_provisions,1480,2.0
ccp_civil_rights_provisions,1481,2.0
ccp_civil_rights_provisions,1482,2.0
ccp_civil_rights_provisions,1483,2.0
ccp_civil_rights_provisions,1484,2.0
ccp_civil_rights_provisions,1485,2.0
ccp_civil_rights_provisions,1486,2.0
ccp_civil_rights_provisions,1487,2.0
ccp_civil_rights_provisions,1488,2.0
ccp_civil_rights_provisions,1489,2.0
ccp_civil_rights_provisions,1490,2.0
ccp_civil_rights_provisions,1491,2.0
ccp_civil_rights_provisions,1492,2.0
ccp_civil_rights_provisions,1493,2.0
ccp_civil_rights_provisions,1494,2.0
ccp_civil_rights_provisions,1495,2.0
ccp_civil_rights_provisions,1496,2.0
ccp_civil_rights_provisions,1497,2.0
ccp_civil_rights_provisions,1498,2.0
ccp_civil_rights_provisions,1499,2.0
ccp_civil_rights_provisions,1500,2.0
ccp_civil_rights_provisions,1501,2.0
ccp_civil_rights_provisions,1502,2.0
ccp_civil_rights_provisions,1503,2.0
ccp_civil_rights_provisions,1504,2.0
ccp_civil_rights_provisions,1505,2.0
ccp_civil_rights_provisions,1506,2.0
ccp_civil_rights_provisions,1507,2.0
ccp_civil_rights_provisions,1508,2.0
ccp_civil_rights_provisions,1509,2.0
ccp_civil_rights_provisions,1510,2.0
ccp_civil_rights_provisions,1511,2.0
ccp_civil_rights_provisions,1512,2.0
ccp_civil_rights_provisions,1513,2.0
ccp_civil_rights_provisions,1514,2.0
ccp_civil_rights_provisions,1515,2.0
ccp_civil_rights_provisions,1516,2.0
ccp_civil_rights_provisions,1517,2.0
ccp_civil_rights_provisions,1518,2.0
ccp_civil_rights_provisions,1519,2.0
ccp_civil_rights_provisions,1520,2.0
ccp_civil_rights_provisions,1521,2.0
ccp_civil_rights_provisions,1522,2.0
ccp_civil_rights_provisions,1523,2.0
ccp_civil_rights_provisions,1524,2.0
ccp_civil_rights_provisions,1525,2.0
ccp_civil_rights_provisions,1526,2.0
ccp_civil_rights_provisions,1527,2.0
ccp_civil_rights_provisions,1528,2.0
ccp_civil_rights_provisions,1529,2.0
ccp_civil_rights_provisions,1530,2.0
ccp_civil_rights_provisions,1531,2.0
ccp_civil_rights_provisions,1532,2.0
ccp_civil_rights_provisions,1533,2.0
ccp_civil_rights_provisions,1534,2.0
ccp_civil_rights_provisions,1535,2.0
ccp_civil_rights_provisions,1536,2.0
ccp_civil_rights_provisions,1537,2.0
ccp_civil_rights_provisions,1538,2.0
ccp_civil_rights_provisions,1539,2.0
ccp_civil_rights_provisions,1540,2.0
ccp_civil_rights_provisions,1541,2.0
ccp_civil_rights_provisions,1542,2.0
ccp_civil_rights_provisions,1543,2.0
ccp_civil_rights_provisions,1544,2.0
ccp_civil_rights_provisions,1545,2.0
ccp_civil_rights_provisions,1546,2.0
ccp_civil_rights_provisions,1547,2.0
ccp_civil_rights_provisions,1548,2.0
ccp_civil_rights_provisions,1549,2.0
ccp_civil_rights_provisions,1550,2.0
ccp_civil_rights_provisions,1551,2.0
ccp_civil_rights_provisions,1552,2.0
ccp_civil_rights_provisions,1553,2.0
ccp_civil_rights_provisions,1554,2.0
ccp_civil_rights_provisions,1555,2.0
ccp_civil_rights_provisions,1556,2.0
ccp_civil_rights_provisions,1557,2.0
ccp_civil_rights_provisions,1558,2.0
ccp_civil_rights_provisions,1559,2.0
ccp_civil_rights_provisions,1560,2.0
ccp_civil_rights_provisions,1561,2.0
ccp_civil_rights_provisions,1562,2.0
ccp_civil_rights_provisions,1563,2.0
ccp_civil_rights_provisions,1564,2.0
ccp_civil_rights_provisions,1565,2.0
ccp_civil_rights_provisions,1566,2.0
ccp_civil_rights_provisions,1567,2.0
ccp_civil_rights_provisions,1568,2.0
ccp_civil_rights_provisions,1569,2.0
ccp_civil_rights_provisions,1570,2.0
ccp_civil_rights_provisions,1571,2.0
ccp_civil_rights_provisions,1572,2.0
ccp_civil_rights_provisions,1573,2.0
ccp_civil_rights_provisions,1574,2.0
ccp_civil_rights_provisions,1575,2.0
ccp_civil_rights_provisions,1576,2.0
ccp_civil_rights_provisions,1577,2.0
ccp_civil_rights_provisions,1578,2.0
ccp_civil_rights_provisions,1579,2.0
ccp_civil_rights_provisions,1580,2.0
ccp_civil_rights_provisions,1581,2.0
ccp_civil_rights_provisions,1582,2.0
ccp_civil_rights_provisions,1583,2.0
ccp_civil_rights_provisions,1584,2.0
ccp_civil_rights_provisions,1585,2.0
ccp_civil_rights_provisions,1586,2.0
ccp_civil_rights_provisions,1587,2.0
ccp_civil_rights_provisions,1588,2.0
ccp_civil_rights_provisions,1589,2.0
ccp_civil_rights_provisions,1590,2.0
ccp_civil_rights_provisions,1591,2.0
ccp_civil_rights_provisions,1592,2.0
ccp_civil_rights_provisions,1593,2.0
ccp_civil_rights_provisions,1594,2.0
ccp_civil_rights_provisions,1595,2.0
ccp_civil_rights_provisions,1596,2.0
ccp_civil_rights_provisions,1597,2.0
ccp_civil_rights_provisions,1598,2.0
ccp_civil_rights_provisions,1599,2.0
ccp_civil_rights_provisions,1600,2.0
ccp_civil_rights_provisions,1601,2.0
ccp_civil_rights_provisions,1602,2.0
ccp_civil_rights_provisions,1603,2.0
ccp_civil_rights_provisions,1604,2.0
ccp_civil_rights_provisions,1605,2.0
ccp_civil_rights_provisions,1606,2.0
ccp_civil_rights_provisions,1607,2.0
ccp_civil_rights_provisions,1608,2.0
ccp_civil_rights_provisions,1609,2.0
ccp_civil_rights_provisions,1610,2.0
ccp_civil_rights_provisions,1611,2.0
ccp_civil_rights_provisions,1612,2.0
ccp_civil_rights_provisions,1613,2.0
ccp_civil_rights_provisions,1614,2.0
ccp_civil_rights_provisions,1615,2.0
ccp_civil_rights_provisions,1616,2.0
ccp_civil_rights_provisions,1617,2.0
ccp_civil_rights_provisions,1618,2.0
ccp_civil_rights_provisions,1619,2.0
ccp_civil_rights_provisions,1620,2.0
ccp_civil_rights_provisions,1621,2.0
ccp_civil_rights_provisions,1622,2.0
ccp_civil_rights_provisions,1623,2.0
ccp_civil_rights_provisions,1624,2.0
ccp_civil_rights_provisions,1625,2.0
ccp_civil_rights_provisions,1626,2.0
ccp_civil_rights_provisions,1627,2.0
ccp_civil_rights_provisions,1628,2.0
ccp_civil_rights_provisions,1629,2.0
ccp_civil_rights_provisions,1630,2.0
ccp_civil_rights_provisions,1631,2.0
ccp_civil_rights_provisions,1632,2.0
ccp_civil_rights_provisions,1633,2.0
ccp_civil_rights_provisions,1634,2.0
ccp_civil_rights_provisions,1635,2.0
ccp_civil_rights_provisions,1636,2.0
ccp_civil_rights_provisions,1637,2.0
ccp_civil_rights_provisions,1638,2.0
ccp_civil_rights_provisions,1639,2.0
ccp_civil_rights_provisions,1640,2.0
ccp_civil_rights_provisions,1641,2.0
ccp_civil_rights_provisions,1642,2.0
ccp_civil_rights_provisions,1643,2.0
ccp_civil_rights_provisions,1644,2.0
ccp_civil_rights_provisions,1645,2.0
ccp_civil_rights_provisions,1646,2.0
ccp_civil_rights_provisions,1647,2.0
ccp_civil_rights_provisions,1648,2.0
ccp_civil_rights_provisions,1649,2.0
ccp_civil_rights_provisions,1650,2.0
ccp_civil_rights_provisions,1651,2.0
ccp_civil_rights_provisions,1652,2.0
ccp_civil_rights_provisions,1653,2.0
ccp_civil_rights_provisions,1654,2.0
ccp_civil_rights_provisions,1655,2.0
ccp_civil_rights_provisions,1656,2.0
ccp_civil_rights_provisions,1657,2.0
ccp_civil_rights_provisions,1658,2.0
ccp_civil_rights_provisions,1659,2.0
ccp_civil_rights_provisions,1660,2.0
ccp_civil_rights_provisions,1661,2.0
ccp_civil_rights_provisions,1662,2.0
ccp_civil_rights_provisions,1663,2.0
ccp_civil_rights_provisions,1664,2.0
ccp_civil_rights_provisions,1665,2.0
ccp_civil_rights_provisions,1666,2.0
ccp_civil_rights_provisions,1667,2.0
ccp_civil_rights_provisions,1668,2.0
ccp_civil_rights_provisions,1669,2.0
ccp_civil_rights_provisions,1670,2.0
ccp_civil_rights_provisions,1671,2.0
ccp_civil_rights_provisions,1672,2.0
ccp_civil_rights_provisions,1673,2.0
ccp_civil_rights_provisions,1674,2.0
ccp_civil_rights_provisions,1675,2.0
ccp_civil_rights_provisions,1676,2.0
ccp_civil_rights_provisions,1677,2.0
ccp_civil_rights_provisions,1678,2.0
ccp_civil_rights_provisions,1679,2.0
ccp_civil_rights_provisions,1680,2.0
ccp_civil_rights_provisions,1681,2.0
ccp_civil_rights_provisions,1682,2.0
ccp_civil_rights_provisions,1683,2.0
ccp_civil_rights_provisions,1684,2.0
ccp_civil_rights_provisions,1685,2.0
ccp_civil_rights_provisions,1686,2.0
ccp_civil_rights_provisions,1687,2.0
ccp_civil_rights_provisions,1688,2.0
ccp_civil_rights_provisions,1689,2.0
ccp_civil_rights_provisions,1690,2.0
ccp_civil_rights_provisions,1691,2.0
ccp_civil_rights_provisions,1692,2.0
ccp_civil_rights_provisions,1693,2.0
ccp_civil_rights_provisions,1694,2.0
ccp_civil_rights_provisions,1695,2.0
ccp_civil_rights_provisions,1696,2.0
ccp_civil_rights_provisions,1697,2.0
ccp_civil_rights_provisions,1698,2.0
ccp_civil_rights_provisions,1699,2.0
ccp_civil_rights_provisions,1700,2.0
ccp_civil_rights_provisions,1701,2.0
ccp_civil_rights_provisions,1702,2.0
ccp_civil_rights_provisions,1703,2.0
ccp_civil_rights_provisions,1704,2.0
ccp_civil_rights_provisions,1705,2.0
ccp_civil_rights_provisions,1706,2.0
ccp_civil_rights_provisions,1707,2.0
ccp_civil_rights_provisions,1708,2.0
ccp_civil_rights_provisions,1709,2.0
ccp_civil_rights_provisions,1710,2.0
ccp_civil_rights_provisions,1711,2.0
ccp_civil_rights_provisions,1712,2.0
ccp_civil_rights_provisions,1713,2.0
ccp_civil_rights_provisions,1714,2.0
ccp_civil_rights_provisions,1715,2.0
ccp_civil_rights_provisions,1716,2.0
ccp_civil_rights_provisions,1717,2.0
ccp_civil_rights_provisions,1718,2.0
ccp_civil_rights_provisions,1719,2.0
ccp_civil_rights_provisions,1720,2.0
ccp_civil_rights_provisions,1721,2.0
ccp_civil_rights_provisions,1722,2.0
ccp_civil_rights_provisions,1723,2.0
ccp_civil_rights_provisions,1724,2.0
ccp_civil_rights_provisions,1725,2.0
ccp_civil_rights_provisions,1726,2.0
ccp_civil_rights_provisions,1727,2.0
ccp_civil_rights_provisions,1728,2.0
ccp_civil_rights_provisions,1729,2.0
ccp_civil_rights_provisions,1730,2.0
ccp_civil_rights_provisions,1731,2.0
ccp_civil_rights_provisions,1732,2.0
ccp_civil_rights_provisions,1733,2.0
ccp_civil_rights_provisions,1734,2.0
ccp_civil_rights_provisions,1735,2.0
ccp_civil_rights_provisions,1736,2.0
ccp_civil_rights_provisions,1737,2.0
ccp_civil_rights_provisions,1738,2.0
ccp_civil_rights_provisions,1739,2.0
ccp_civil_rights_provisions,1740,2.0
ccp_civil_rights_provisions,1741,2.0
ccp_civil_rights_provisions,1742,2.0
ccp_civil_rights_provisions,1743,2.0
ccp_civil_rights_provisions,1744,2.0
ccp_civil_rights_provisions,1745,2.0
ccp_civil_rights_provisions,1746,2.0
ccp_civil_rights_provisions,1747,2.0
ccp_civil_rights_provisions,1748,2.0
ccp_civil_rights_provisions,1749,2.0
ccp_civil_rights_provisions,1750,2.0
ccp_civil_rights_provisions,1751,2.0
ccp_civil_rights_provisions,1752,2.0
ccp_civil_rights_provisions,1753,2.0
ccp_civil_rights_provisions,1754,2.0
ccp_civil_rights_provisions,1755,2.0
ccp_civil_rights_provisions,1756,2.0
ccp_civil_rights_provisions,1757,2.0
ccp_civil_rights_provisions,1758,2.0
ccp_civil_rights_provisions,1759,2.0
ccp_civil_rights_provisions,1760,2.0
ccp_civil_rights_provisions,1761,2.0
ccp_civil_rights_provisions,1762,2.0
ccp_civil_rights_provisions,1763,2.0
ccp_civil_rights_provisions,1764,2.0
ccp_civil_rights_provisions,1765,2.0
ccp_civil_rights_provisions,1766,2.0
ccp_civil_rights_provisions,1767,2.0
ccp_civil_rights_provisions,1768,2.0
ccp_civil_rights_provisions,1769,2.0
ccp_civil_rights_provisions,1770,2.0
ccp_civil_rights_provisions,1771,2.0
ccp_civil_rights_provisions,1772,2.0
ccp_civil_rights_provisions,1773,2.0
ccp_civil_rights_provisions,1774,2.0
ccp_civil_rights_provisions,1775,2.0
ccp_civil_rights_provisions,1776,2.0
ccp_civil_rights_provisions,1777,2.0
ccp_civil_rights_provisions,1778,2.0
ccp_civil_rights_provisions,1779,2.0
ccp_civil_rights_provisions,1780,2.0
ccp_civil_rights_provisions,1781,2.0
ccp_civil_rights_provisions,1782,2.0
ccp_civil_rights_provisions,1783,2.0
ccp_civil_rights_provisions,1784,2.0
ccp_civil_rights_provisions,1785,2.0
ccp_civil_rights_provisions,1786,2.0
ccp_civil_rights_provisions,1787,2.0
ccp_civil_rights_provisions,1788,2.0
ccp_civil_rights_provisions,1789,2.0
ccp_civil_rights_provisions,1790,2.0
ccp_civil_rights_provisions,1791,2.0
ccp_civil_rights_provisions,1792,2.0
ccp_civil_rights_provisions,1793,2.0
ccp_civil_rights_provisions,1794,2.0
ccp_civil_rights_provisions,1795,2.0
ccp_civil_rights_provisions,1796,2.0
ccp_civil_rights_provisions,1797,2.0
ccp_civil_rights_provisions,1798,2.0
ccp_civil_rights_provisions,1799,2.0
ccp_civil_rights_provisions,1800,2.0
ccp_civil_rights_provisions,1801,2.0
ccp_civil_rights_provisions,1802,2.0
ccp_civil_rights_provisions,1803,2.0
ccp_civil_rights_provisions,1804,2.0
ccp_civil_rights_provisions,1805,2.0
ccp_civil_rights_provisions,1806,2.0
ccp_civil_rights_provisions,1807,2.0
ccp_civil_rights_provisions,1808,2.0
ccp_civil_rights_provisions,1809,2.0
ccp_civil_rights_provisions,1810,2.0
ccp_civil_rights_provisions,1811,2.0
ccp_civil_rights_provisions,1812,2.0
ccp_civil_rights_provisions,1813,2.0
ccp_civil_rights_provisions,1814,2.0
ccp_civil_rights_provisions,1815,2.0
ccp_civil_rights_provisions,1816,2.0
ccp_civil_rights_provisions,1817,2.0
ccp_civil_rights_provisions,1818,2.0
ccp_civil_rights_provisions,1819,2.0
ccp_civil_rights_provisions,1820,2.0
ccp_civil_rights_provisions,1821,2.0
ccp_civil_rights_provisions,1822,2.0
ccp_civil_rights_provisions,1823,2.0
ccp_civil_rights_provisions,1824,2.0
ccp_civil_rights_provisions,1825,2.0
ccp_civil_rights_provisions,1826,2.0
ccp_civil_rights_provisions,1827,2.0
ccp_civil_rights_provisions,1828,2.0
ccp_civil_rights_provisions,1829,2.0
ccp_civil_rights_provisions,1830,2.0
ccp_civil_rights_provisions,1831,2.0
ccp_civil_rights_provisions,1832,2.0
ccp_civil_rights_provisions,1833,2.0
ccp_civil_rights_provisions,1834,2.0
ccp_civil_rights_provisions,1835,2.0
ccp_civil_rights_provisions,1836,2.0
ccp_civil_rights_provisions,1837,2.0
ccp_civil_rights_provisions,1838,2.0
ccp_civil_rights_provisions,1839,2.0
ccp_civil_rights_provisions,1840,2.0
ccp_civil_rights_provisions,1841,2.0
ccp_civil_rights_provisions,1842,2.0
ccp_civil_rights_provisions,1843,2.0
ccp_civil_rights_provisions,1844,2.0
ccp_civil_rights_provisions,1845,2.0
ccp_civil_rights_provisions,1846,2.0
ccp_civil_rights_provisions,1847,2.0
ccp_civil_rights_provisions,1848,2.0
ccp_civil_rights_provisions,1849,2.0
ccp_civil_rights_provisions,1850,2.0
ccp_civil_rights_provisions,1851,2.0
ccp_civil_rights_provisions,1852,2.0
ccp_civil_rights_provisions,1853,2.0
ccp_civil_rights_provisions,1854,2.0
ccp_civil_rights_provisions,1855,2.0
ccp_civil_rights_provisions,1856,2.0
ccp_civil_rights_provisions,1857,2.0
ccp_civil_rights_provisions,1858,2.0
ccp_civil_rights_provisions,1859,2.0
ccp_civil_rights_provisions,1860,2.0
ccp_civil_rights_provisions,1861,2.0
ccp_civil_rights_provisions,1862,2.0
ccp_civil_rights_provisions,1863,2.0
ccp_civil_rights_provisions,1864,2.0
ccp_civil_rights_provisions,1865,2.0
ccp_civil_rights_provisions,1866,2.0
ccp_civil_rights_provisions,1867,2.0
ccp_civil_rights_provisions,1868,2.0
ccp_civil_rights_provisions,1869,2.0
ccp_civil_rights_provisions,1870,2.0
ccp_civil_rights_provisions,1871,2.0
ccp_civil_rights_provisions,1872,2.0
ccp_civil_rights_provisions,1873,2.0
ccp_civil_rights_provisions,1874,2.0
ccp_civil_rights_provisions,1875,2.0
ccp_civil_rights_provisions,1876,2.0
ccp_civil_rights_provisions,1877,2.0
ccp_civil_rights_provisions,1878,2.0
ccp_civil_rights_provisions,1879,2.0
ccp_civil_rights_provisions,1880,2.0
ccp_civil_rights_provisions,1881,2.0
ccp_civil_rights_provisions,1882,2.0
ccp_civil_rights_provisions,1883,2.0
ccp_civil_rights_provisions,1884,2.0
ccp_civil_rights_provisions,1885,2.0
ccp_civil_rights_provisions,1886,2.0
ccp_civil_rights_provisions,1887,2.0
ccp_civil_rights_provisions,1888,2.0
ccp_civil_rights_provisions,1889,2.0
ccp_civil_rights_provisions,1890,2.0
ccp_civil_rights_provisions,1891,2.0
ccp_civil_rights_provisions,1892,2.0
ccp_civil_rights_provisions,1893,2.0
ccp_civil_rights_provisions,1894,2.0
ccp_civil_rights_provisions,1895,2.0
ccp_civil_rights_provisions,1896,2.0
ccp_civil_rights_provisions,1897,2.0
ccp_civil_rights_provisions,1898,2.0
ccp_civil_rights_provisions,1899,2.0
ccp_civil_rights_provisions,1900,2.0
ccp_civil_rights_provisions,1901,2.0
ccp_civil_rights_provisions,1902,2.0
ccp_civil_rights_provisions,1903,2.0
ccp_civil_rights_provisions,1904,2.0
ccp_civil_rights_provisions,1905,2.0
ccp_civil_rights_provisions,1906,2.0
ccp_civil_rights_provisions,1907,2.0
ccp_civil_rights_provisions,1908,2.0
ccp_civil_rights_provisions,1909,2.0
ccp_civil_rights_provisions,1910,2.0
ccp_civil_rights_provisions,1911,2.0
ccp_civil_rights_provisions,1912,2.0
ccp_civil_rights_provisions,1913,2.0
ccp_civil_rights_provisions,1914,2.0
ccp_civil_rights_provisions,1915,2.0
ccp_civil_rights_provisions,1916,2.0
ccp_civil_rights_provisions,1917,2.0
ccp_civil_rights_provisions,1918,2.0
ccp_civil_rights_provisions,1919,2.0
ccp_civil_rights_provisions,1920,2.0
ccp_civil_rights_provisions,1921,2.0
ccp_civil_rights_provisions,1922,2.0
ccp_civil_rights_provisions,1923,2.0
ccp_civil_rights_provisions,1924,2.0
ccp_civil_rights_provisions,1925,2.0
ccp_civil_rights_provisions,1926,2.0
ccp_civil_rights_provisions,1927,2.0
ccp_civil_rights_provisions,1928,2.0
ccp_civil_rights_provisions,1929,2.0
ccp_civil_rights_provisions,1930,2.0
ccp_civil_rights_provisions,1931,2.0
ccp_civil_rights_provisions,1932,2.0
ccp_civil_rights_provisions,1933,2.0
ccp_civil_rights_provisions,1934,2.0
ccp_civil_rights_provisions,1935,2.0
ccp_civil_rights_provisions,1936,2.0
ccp_civil_rights_provisions,1937,2.0
ccp_civil_rights_provisions,1938,2.0
ccp_civil_rights_provisions,1939,2.0
ccp_civil_rights_provisions,1940,2.0
ccp_civil_rights_provisions,1941,2.0
ccp_civil_rights_provisions,1942,2.0
ccp_civil_rights_provisions,1943,2.0
ccp_civil_rights_provisions,1944,2.0
ccp_civil_rights_provisions,1945,2.0
ccp_civil_rights_provisions,1946,2.0
ccp_civil_rights_provisions,1947,2.0
ccp_civil_rights_provisions,1948,2.0
ccp_civil_rights_provisions,1949,2.0
ccp_civil_rights_provisions,1950,2.0
ccp_civil_rights_provisions,1951,2.0
ccp_civil_rights_provisions,1952,2.0
ccp_civil_rights_provisions,1953,2.0
ccp_civil_rights_provisions,1954,2.0
ccp_civil_rights_provisions,1955,2.0
ccp_civil_rights_provisions,1956,2.0
ccp_civil_rights_provisions,1957,2.0
ccp_civil_rights_provisions,1958,2.0
ccp_civil_rights_provisions,1959,2.0
ccp_civil_rights_provisions,1960,2.0
ccp_civil_rights_provisions,1961,2.0
ccp_civil_rights_provisions,1962,2.0
ccp_civil_rights_provisions,1963,2.0
ccp_civil_rights_provisions,1964,2.0
ccp_civil_rights_provisions,1965,2.0
ccp_civil_rights_provisions,1966,2.0
ccp_civil_rights_provisions,1967,2.0
ccp_civil_rights_provisions,1968,2.0
ccp_civil_rights_provisions,1969,2.0
ccp_civil_rights_provisions,1970,2.0
ccp_civil_rights_provisions,1971,2.0
ccp_civil_rights_provisions,1972,2.0
ccp_civil_rights_provisions,1973,2.0
ccp_civil_rights_provisions,1974,2.0
ccp_civil_rights_provisions,1975,2.0
ccp_civil_rights_provisions,1976,2.0
ccp_civil_rights_provisions,1977,2.0
ccp_civil_rights_provisions,1978,2.0
ccp_civil_rights_provisions,1979,2.0
ccp_civil_rights_provisions,1980,2.0
ccp_civil_rights_provisions,1981,2.0
ccp_civil_rights_provisions,1982,2.0
ccp_civil_rights_provisions,1983,2.0
ccp_civil_rights_provisions,1984,2.0
ccp_civil_rights_provisions,1985,2.0
ccp_civil_rights_provisions,1986,2.0
ccp_civil_rights_provisions,1987,2.0
ccp_civil_rights_provisions,1988,2.0
ccp_civil_rights_provisions,1989,2.0
ccp_civil_rights_provisions,1990,2.0
ccp_civil_rights_provisions,1991,2.0
ccp_civil_rights_provisions,1992,2.0
ccp_civil_rights_provisions,1993,2.0
ccp_civil_rights_provisions,1994,2.0
ccp_civil_rights_provisions,1995,2.0
ccp_civil_rights_provisions,1996,2.0
ccp_civil_rights_provisions,1997,2.0
ccp_civil_rights_provisions,1998,2.0
ccp_civil_rights_provisions,1999,2.0
ccp_civil_rights_provisions,2000,2.0
ccp_civil_rights_provisions,2001,2.0
ccp_civil_rights_provisions,2002,2.0
ccp_civil_rights_provisions,2003,2.0
ccp_civil_rights_provisions,2004,2.0
ccp_civil_rights_provisions,2005,2.0
ccp_civil_rights_provisions,2006,2.0
ccp_civil_rights_provisions,2007,2.0
ccp_civil_rights_provisions,2008,2.0
ccp_civil_rights_provisions,2009,2.0
ccp_civil_rights_provisions,2010,2.0
ccp_civil_rights_provisions,2011,2.0
ccp_civil_rights_provisions,2012,2.0
ccp_civil_rights_provisions,2013,2.0
ccp_civil_rights_provisions,2014,2.0
ccp_civil_rights_provisions,2015,2.0
ccp_civil_rights_provisions,2016,2.0
ccp_civil_rights_provisions,2017,2.0
ccp_civil_rights_provisions,2018,2.0
ccp_civil_rights_provisions,2019,2.0
ccp_civil_rights_provisions,2020,2.0
ccp_civil_rights_provisions,2021,2.0
ccp_civil_rights_provisions,2022,2.0
ccp_civil_rights_provisions,2023,2.0
ccp_civil_rights_provisions,2024,2.0
ccp_civil_rights_provisions,2025,2.0
ccp_civil_rights_provisions,2026,2.0
ccp_civil_rights_provisions,2027,2.0
ccp_civil_rights_provisions,2028,2.0
ccp_civil_rights_provisions,2029,2.0
ccp_civil_rights_provisions,2030,2.0
ccp_civil_rights_provisions,2031,2.0
ccp_civil_rights_provisions,2032,2.0
ccp_civil_rights_provisions,2033,2.0
ccp_civil_rights_provisions,2034,2.0
ccp_civil_rights_provisions,2035,2.0
ccp_civil_rights_provisions,2036,2.0
ccp_civil_rights_provisions,2037,2.0
ccp_civil_rights_provisions,2038,2.0
ccp_civil_rights_provisions,2039,2.0
ccp_civil_rights_provisions,2040,2.0
ccp_civil_rights_provisions,2041,2.0
ccp_civil_rights_provisions,2042,2.0
ccp_civil_rights_provisions,2043,2.0
ccp_civil_rights_provisions,2044,2.0
ccp_civil_rights_provisions,2045,2.0
ccp_civil_rights_provisions,2046,2.0
ccp_civil_rights_provisions,2047,2.0
ccp_civil_rights_provisions,2048,2.0
ccp_civil_rights_provisions,2049,2.0
ccp_civil_rights_provisions,2050,2.0
ccp_civil_rights_provisions,2051,2.0
ccp_civil_rights_provisions,2052,2.0
ccp_civil_rights_provisions,2053,2.0
ccp_civil_rights_provisions,2054,2.0
ccp_civil_rights_provisions,2055,2.0
ccp_civil_rights_provisions,2056,2.0
ccp_civil_rights_provisions,2057,2.0
ccp_civil_rights_provisions,2058,2.0
ccp_civil_rights_provisions,2059,2.0
ccp_civil_rights_provisions,2060,2.0
ccp_civil_rights_provisions,2061,2.0
ccp_civil_rights_provisions,2062,2.0
ccp_civil_rights_provisions,2063,2.0
ccp_civil_rights_provisions,2064,2.0
ccp_civil_rights_provisions,2065,2.0
ccp_civil_rights_provisions,2066,2.0
ccp_civil_rights_provisions,2067,2.0
ccp_civil_rights_provisions,2068,2.0
ccp_civil_rights_provisions,2069,2.0
ccp_civil_rights_provisions,2070,2.0
ccp_civil_rights_provisions,2071,2.0
ccp_civil_rights_provisions,2072,2.0
ccp_civil_rights_provisions,2073,2.0
ccp_civil_rights_provisions,2074,2.0
ccp_civil_rights_provisions,2075,2.0
ccp_civil_rights_provisions,2076,2.0
ccp_civil_rights_provisions,2077,2.0
ccp_civil_rights_provisions,2078,2.0
ccp_civil_rights_provisions,2079,2.0
ccp_civil_rights_provisions,2080,2.0
ccp_civil_rights_provisions,2081,2.0
ccp_civil_rights_provisions,2082,2.0
ccp_civil_rights_provisions,2083,2.0
ccp_civil_rights_provisions,2084,2.0
ccp_civil_rights_provisions,2085,2.0
ccp_civil_rights_provisions,2086,2.0
ccp_civil_rights_provisions,2087,2.0
ccp_civil_rights_provisions,2088,2.0
ccp_civil_rights_provisions,2089,2.0
ccp_civil_rights_provisions,2090,2.0
ccp_civil_rights_provisions,2091,2.0
ccp_civil_rights_provisions,2092,2.0
ccp_civil_rights_provisions,2093,2.0
ccp_civil_rights_provisions,2094,2.0
ccp_civil_rights_provisions,2095,2.0
ccp_civil_rights_provisions,2096,2.0
ccp_civil_rights_provisions,2097,2.0
ccp_civil_rights_provisions,2098,2.0
ccp_civil_rights_provisions,2099,2.0
ccp_civil_rights_provisions,2100,2.0
ccp_civil_rights_provisions,2101,2.0
ccp_civil_rights_provisions,2102,2.0
ccp_civil_rights_provisions,2103,2.0
ccp_civil_rights_provisions,2104,2.0
ccp_civil_rights_provisions,2105,2.0
ccp_civil_rights_provisions,2106,2.0
ccp_civil_rights_provisions,2107,2.0
ccp_civil_rights_provisions,2108,2.0
ccp_civil_rights_provisions,2109,2.0
ccp_civil_rights_provisions,2110,2.0
ccp_civil_rights_provisions,2111,2.0
ccp_civil_rights_provisions,2112,2.0
ccp_civil_rights_provisions,2113,2.0
ccp_civil_rights_provisions,2114,2.0
ccp_civil_rights_provisions,2115,2.0
ccp_civil_rights_provisions,2116,2.0
ccp_civil_rights_provisions,2117,2.0
ccp_civil_rights_provisions,2118,2.0
ccp_civil_rights_provisions,2119,2.0
ccp_civil_rights_provisions,2120,2.0
ccp_civil_rights_provisions,2121,2.0
ccp_civil_rights_provisions,2122,2.0
ccp_civil_rights_provisions,2123,2.0
ccp_civil_rights_provisions,2124,2.0
ccp_civil_rights_provisions,2125,2.0
ccp_civil_rights_provisions,2126,2.0
ccp_civil_rights_provisions,2127,2.0
ccp_civil_rights_provisions,2128,2.0
ccp_civil_rights_provisions,2129,2.0
ccp_civil_rights_provisions,2130,2.0
ccp_civil_rights_provisions,2131,2.0
ccp_civil_rights_provisions,2132,2.0
ccp_civil_rights_provisions,2133,2.0
ccp_civil_rights_provisions,2134,2.0
ccp_civil_rights_provisions,2135,2.0
ccp_civil_rights_provisions,2136,2.0
ccp_civil_rights_provisions,2137,2.0
ccp_civil_rights_provisions,2138,2.0
ccp_civil_rights_provisions,2139,2.0
ccp_civil_rights_provisions,2140,2.0
ccp_civil_rights_provisions,2141,2.0
ccp_civil_rights_provisions,2142,2.0
ccp_civil_rights_provisions,2143,2.0
ccp_civil_rights_provisions,2144,2.0
ccp_civil_rights_provisions,2145,2.0
ccp_civil_rights_provisions,2146,2.0
ccp_civil_rights_provisions,2147,2.0
ccp_civil_rights_provisions,2148,2.0
ccp_civil_rights_provisions,2149,2.0
ccp_civil_rights_provisions,2150,2.0
ccp_civil_rights_provisions,2151,2.0
ccp_civil_rights_provisions,2152,2.0
ccp_civil_rights_provisions,2153,2.0
ccp_civil_rights_provisions,2154,2.0
ccp_civil_rights_provisions,2155,2.0
ccp_civil_rights_provisions,2156,2.0
ccp_civil_rights_provisions,2157,2.0
ccp_civil_rights_provisions,2158,2.0
ccp_civil_rights_provisions,2159,2.0
ccp_civil_rights_provisions,2160,2.0
ccp_civil_rights_provisions,2161,2.0
ccp_civil_rights_provisions,2162,2.0
ccp_civil_rights_provisions,2163,2.0
ccp_civil_rights_provisions,2164,2.0
ccp_civil_rights_provisions,2165,2.0
ccp_civil_rights_provisions,2166,2.0
ccp_civil_rights_provisions,2167,2.0
ccp_civil_rights_provisions,2168,2.0
ccp_civil_rights_provisions,2169,2.0
ccp_civil_rights_provisions,2170,2.0
ccp_civil_rights_provisions,2171,2.0
ccp_civil_rights_provisions,2172,2.0
ccp_civil_rights_provisions,2173,2.0
ccp_civil_rights_provisions,2174,2.0
ccp_civil_rights_provisions,2175,2.0
ccp_civil_rights_provisions,2176,2.0
ccp_civil_rights_provisions,2177,2.0
ccp_civil_rights_provisions,2178,2.0
ccp_civil_rights_provisions,2179,2.0
ccp_civil_rights_provisions,2180,2.0
ccp_civil_rights_provisions,2181,2.0
ccp_civil_rights_provisions,2182,2.0
ccp_civil_rights_provisions,2183,2.0
ccp_civil_rights_provisions,2184,2.0
ccp_civil_rights_provisions,2185,2.0
ccp_civil_rights_provisions,2186,2.0
ccp_civil_rights_provisions,2187,2.0
ccp_civil_rights_provisions,2188,2.0
ccp_civil_rights_provisions,2189,2.0
ccp_civil_rights_provisions,2190,2.0
ccp_civil_rights_provisions,2191,2.0
ccp_civil_rights_provisions,2192,2.0
ccp_civil_rights_provisions,2193,2.0
ccp_civil_rights_provisions,2194,2.0
ccp_civil_rights_provisions,2195,2.0
ccp_civil_rights_provisions,2196,2.0
ccp_civil_rights_provisions,2197,2.0
ccp_civil_rights_provisions,2198,2.0
ccp_civil_rights_provisions,2199,2.0
ccp_civil_rights_provisions,2200,2.0
ccp_civil_rights_provisions,2201,2.0
ccp_civil_rights_provisions,2202,2.0
ccp_civil_rights_provisions,2203,2.0
ccp_civil_rights_provisions,2204,2.0
ccp_civil_rights_provisions,2205,2.0
ccp_civil_rights_provisions,2206,2.0
ccp_civil_rights_provisions,2207,2.0
ccp_civil_rights_provisions,2208,2.0
ccp_civil_rights_provisions,2209,2.0
ccp_civil_rights_provisions,2210,2.0
ccp_civil_rights_provisions,2211,2.0
ccp_civil_rights_provisions,2212,2.0
ccp_civil_rights_provisions,2213,2.0
ccp_civil_rights_provisions,2214,2.0
ccp_civil_rights_provisions,2215,2.0
ccp_civil_rights_provisions,2216,2.0
ccp_civil_rights_provisions,2217,2.0
ccp_civil_rights_provisions,2218,2.0
ccp_civil_rights_provisions,2219,2.0
ccp_civil_rights_provisions,2220,2.0
ccp_civil_rights_provisions,2221,2.0
ccp_civil_rights_provisions,2222,2.0
ccp_civil_rights_provisions,2223,2.0
ccp_civil_rights_provisions,2224,2.0
ccp_civil_rights_provisions,2225,2.0
ccp_civil_rights_provisions,2226,2.0
ccp_civil_rights_provisions,2227,2.0
ccp_civil_rights_provisions,2228,2.0
ccp_civil_rights_provisions,2229,2.0
ccp_civil_rights_provisions,2230,2.0
ccp_civil_rights_provisions,2231,2.0
ccp_civil_rights_provisions,2232,2.0
ccp_civil_rights_provisions,2233,2.0
ccp_civil_rights_provisions,2234,2.0
ccp_civil_rights_provisions,2235,2.0
ccp_civil_rights_provisions,2236,2.0
ccp_civil_rights_provisions,2237,2.0
ccp_civil_rights_provisions,2238,2.0
ccp_civil_rights_provisions,2239,2.0
ccp_civil_rights_provisions,2240,2.0
ccp_civil_rights_provisions,2241,2.0
ccp_civil_rights_provisions,2242,2.0
ccp_civil_rights_provisions,2243,2.0
ccp_civil_rights_provisions,2244,2.0
ccp_civil_rights_provisions,2245,2.0
ccp_civil_rights_provisions,2246,2.0
ccp_civil_rights_provisions,2247,2.0
ccp_civil_rights_provisions,2248,2.0
ccp_civil_rights_provisions,2249,2.0
ccp_civil_rights_provisions,2250,2.0
ccp_civil_rights_provisions,2251,2.0
ccp_civil_rights_provisions,2252,2.0
ccp_civil_rights_provisions,2253,2.0
ccp_civil_rights_provisions,2254,2.0
ccp_civil_rights_provisions,2255,2.0
ccp_civil_rights_provisions,2256,2.0
ccp_civil_rights_provisions,2257,2.0
ccp_civil_rights_provisions,2258,2.0
ccp_civil_rights_provisions,2259,2.0
ccp_civil_rights_provisions,2260,2.0
ccp_civil_rights_provisions,2261,2.0
ccp_civil_rights_provisions,2262,2.0
ccp_civil_rights_provisions,2263,2.0
ccp_civil_rights_provisions,2264,2.0
ccp_civil_rights_provisions,2265,2.0
ccp_civil_rights_provisions,2266,2.0
ccp_civil_rights_provisions,2267,2.0
ccp_civil_rights_provisions,2268,2.0
ccp_civil_rights_provisions,2269,2.0
ccp_civil_rights_provisions,2270,2.0
ccp_civil_rights_provisions,2271,2.0
ccp_civil_rights_provisions,2272,2.0
ccp_civil_rights_provisions,2273,2.0
ccp_civil_rights_provisions,2274,2.0
ccp_civil_rights_provisions,2275,2.0
ccp_civil_rights_provisions,2276,2.0
ccp_civil_rights_provisions,2277,2.0
ccp_civil_rights_provisions,2278,2.0
ccp_civil_rights_provisions,2279,2.0
ccp_civil_rights_provisions,2280,2.0
ccp_civil_rights_provisions,2281,2.0
ccp_civil_rights_provisions,2282,2.0
ccp_civil_rights_provisions,2283,2.0
ccp_civil_rights_provisions,2284,2.0
ccp_civil_rights_provisions,2285,2.0
ccp_civil_rights_provisions,2286,2.0
ccp_civil_rights_provisions,2287,2.0
ccp_civil_rights_provisions,2288,2.0
ccp_civil_rights_provisions,2289,2.0
ccp_civil_rights_provisions,2290,2.0
ccp_civil_rights_provisions,2291,2.0
ccp_civil_rights_provisions,2292,2.0
ccp_civil_rights_provisions,2293,2.0
ccp_civil_rights_provisions,2294,2.0
ccp_civil_rights_provisions,2295,2.0
ccp_civil_rights_provisions,2296,2.0
ccp_civil_rights_provisions,2297,2.0
ccp_civil_rights_provisions,2298,2.0
ccp_civil_rights_provisions,2299,2.0
ccp_civil_rights_provisions,2300,2.0
ccp_civil_rights_provisions,2301,2.0
ccp_civil_rights_provisions,2302,2.0
ccp_civil_rights_provisions,2303,2.0
ccp_civil_rights_provisions,2304,2.0
ccp_civil_rights_provisions,2305,2.0
ccp_civil_rights_provisions,2306,2.0
ccp_civil_rights_provisions,2307,2.0
ccp_civil_rights_provisions,2308,2.0
ccp_civil_rights_provisions,2309,2.0
ccp_civil_rights_provisions,2310,2.0
ccp_civil_rights_provisions,2311,2.0
ccp_civil_rights_provisions,2312,2.0
ccp_civil_rights_provisions,2313,2.0
ccp_civil_rights_provisions,2314,2.0
ccp_civil_rights_provisions,2315,2.0
ccp_civil_rights_provisions,2316,2.0
ccp_civil_rights_provisions,2317,2.0
ccp_civil_rights_provisions,2318,2.0
ccp_civil_rights_provisions,2319,2.0
ccp_civil_rights_provisions,2320,2.0
ccp_civil_rights_provisions,2321,2.0
ccp_civil_rights_provisions,2322,2.0
ccp_civil_rights_provisions,2323,2.0
ccp_civil_rights_provisions,2324,2.0
ccp_civil_rights_provisions,2325,2.0
ccp_civil_rights_provisions,2326,2.0
ccp_civil_rights_provisions,2327,2.0
ccp_civil_rights_provisions,2328,2.0
ccp_civil_rights_provisions,2329,2.0
ccp_civil_rights_provisions,2330,2.0
ccp_civil_rights_provisions,2331,2.0
ccp_civil_rights_provisions,2332,2.0
ccp_civil_rights_provisions,2333,2.0
ccp_civil_rights_provisions,2334,2.0
ccp_civil_rights_provisions,2335,2.0
ccp_civil_rights_provisions,2336,2.0
ccp_civil_rights_provisions,2337,2.0
ccp_civil_rights_provisions,2338,2.0
ccp_civil_rights_provisions,2339,2.0
ccp_civil_rights_provisions,2340,2.0
ccp_civil_rights_provisions,2341,2.0
ccp_civil_rights_provisions,2342,2.0
ccp_civil_rights_provisions,2343,2.0
ccp_civil_rights_provisions,2344,2.0
ccp_civil_rights_provisions,2345,2.0
ccp_civil_rights_provisions,2346,2.0
ccp_civil_rights_provisions,2347,2.0
ccp_civil_rights_provisions,2348,2.0
ccp_civil_rights_provisions,2349,2.0
ccp_civil_rights_provisions,2350,2.0
ccp_civil_rights_provisions,2351,2.0
ccp_civil_rights_provisions,2352,2.0
ccp_civil_rights_provisions,2353,2.0
ccp_civil_rights_provisions,2354,2.0
ccp_civil_rights_provisions,2355,2.0
ccp_civil_rights_provisions,2356,2.0
ccp_civil_rights_provisions,2357,2.0
ccp_civil_rights_provisions,2358,2.0
ccp_civil_rights_provisions,2359,2.0
ccp_civil_rights_provisions,2360,2.0
ccp_civil_rights_provisions,2361,2.0
ccp_civil_rights_provisions,2362,2.0
ccp_civil_rights_provisions,2363,2.0
ccp_civil_rights_provisions,2364,2.0
ccp_civil_rights_provisions,2365,2.0
ccp_civil_rights_provisions,2366,2.0
ccp_civil_rights_provisions,2367,2.0
ccp_civil_rights_provisions,2368,2.0
ccp_civil_rights_provisions,2369,2.0
ccp_civil_rights_provisions,2370,2.0
ccp_civil_rights_provisions,2371,2.0
ccp_civil_rights_provisions,2372,2.0
ccp_civil_rights_provisions,2373,2.0
ccp_civil_rights_provisions,2374,2.0
ccp_civil_rights_provisions,2375,2.0
ccp_civil_rights_provisions,2376,2.0
ccp_civil_rights_provisions,2377,2.0
ccp_civil_rights_provisions,2378,2.0
ccp_civil_rights_provisions,2379,2.0
ccp_civil_rights_provisions,2380,2.0
ccp_civil_rights_provisions,2381,2.0
ccp_civil_rights_provisions,2382,2.0
ccp_civil_rights_provisions,2383,2.0
ccp_civil_rights_provisions,2384,2.0
ccp_civil_rights_provisions,2385,2.0
ccp_civil_rights_provisions,2386,2.0
ccp_civil_rights_provisions,2387,2.0
ccp_civil_rights_provisions,2388,2.0
ccp_civil_rights_provisions,2389,2.0
ccp_civil_rights_provisions,2390,2.0
ccp_civil_rights_provisions,2391,2.0
ccp_civil_rights_provisions,2392,2.0
ccp_civil_rights_provisions,2393,2.0
ccp_civil_rights_provisions,2394,2.0
ccp_civil_rights_provisions,2395,2.0
ccp_civil_rights_provisions,2396,2.0
ccp_civil_rights_provisions,2397,2.0
ccp_civil_rights_provisions,2398,2.0
ccp_civil_rights_provisions,2399,2.0
ccp_civil_rights_provisions,2400,2.0
ccp_civil_rights_provisions,2401,2.0
ccp_civil_rights_provisions,2402,2.0
ccp_civil_rights_provisions,2403,2.0
ccp_civil_rights_provisions,2404,2.0
ccp_civil_rights_provisions,2405,2.0
ccp_civil_rights_provisions,2406,2.0
ccp_civil_rights_provisions,2407,2.0
ccp_civil_rights_provisions,2408,2.0
ccp_civil_rights_provisions,2409,2.0
ccp_civil_rights_provisions,2410,2.0
ccp_civil_rights_provisions,2411,2.0
ccp_civil_rights_provisions,2412,2.0
ccp_civil_rights_provisions,2413,2.0
ccp_civil_rights_provisions,2414,2.0
ccp_civil_rights_provisions,2415,2.0
ccp_civil_rights_provisions,2416,2.0
ccp_civil_rights_provisions,2417,2.0
ccp_civil_rights_provisions,2418,2.0
ccp_civil_rights_provisions,2419,2.0
ccp_civil_rights_provisions,2420,2.0
ccp_civil_rights_provisions,2421,2.0
ccp_civil_rights_provisions,2422,2.0
ccp_civil_rights_provisions,2423,2.0
ccp_civil_rights_provisions,2424,2.0
ccp_civil_rights_provisions,2425,2.0
ccp_civil_rights_provisions,2426,2.0
ccp_civil_rights_provisions,2427,2.0
ccp_civil_rights_provisions,2428,2.0
ccp_civil_rights_provisions,2429,2.0
ccp_civil_rights_provisions,2430,2.0
ccp_civil_rights_provisions,2431,2.0
ccp_civil_rights_provisions,2432,2.0
ccp_civil_rights_provisions,2433,2.0
ccp_civil_rights_provisions,2434,2.0
ccp_civil_rights_provisions,2435,2.0
ccp_civil_rights_provisions,2436,2.0
ccp_civil_rights_provisions,2437,2.0
ccp_civil_rights_provisions,2438,2.0
ccp_civil_rights_provisions,2439,2.0
ccp_civil_rights_provisions,2440,2.0
ccp_civil_rights_provisions,2441,2.0
ccp_civil_rights_provisions,2442,2.0
ccp_civil_rights_provisions,2443,2.0
ccp_civil_rights_provisions,2444,2.0
ccp_civil_rights_provisions,2445,2.0
ccp_civil_rights_provisions,2446,2.0
ccp_civil_rights_provisions,2447,2.0
ccp_civil_rights_provisions,2448,2.0
ccp_civil_rights_provisions,2449,2.0
ccp_civil_rights_provisions,2450,2.0
ccp_civil_rights_provisions,2451,2.0
ccp_civil_rights_provisions,2452,2.0
ccp_civil_rights_provisions,2453,2.0
ccp_civil_rights_provisions,2454,2.0
ccp_civil_rights_provisions,2455,2.0
ccp_civil_rights_provisions,2456,2.0
ccp_civil_rights_provisions,2457,2.0
ccp_civil_rights_provisions,2458,2.0
ccp_civil_rights_provisions,2459,2.0
ccp_civil_rights_provisions,2460,2.0
ccp_civil_rights_provisions,2461,2.0
ccp_civil_rights_provisions,2462,2.0
ccp_civil_rights_provisions,2463,2.0
ccp_civil_rights_provisions,2464,2.0
ccp_civil_rights_provisions,2465,2.0
ccp_civil_rights_provisions,2466,2.0
ccp_civil_rights_provisions,2467,2.0
ccp_civil_rights_provisions,2468,2.0
ccp_civil_rights_provisions,2469,2.0
ccp_civil_rights_provisions,2470,2.0
ccp_civil_rights_provisions,2471,2.0
ccp_civil_rights_provisions,2472,2.0
ccp_civil_rights_provisions,2473,2.0
ccp_civil_rights_provisions,2474,2.0
ccp_civil_rights_provisions,2475,2.0
ccp_civil_rights_provisions,2476,2.0
ccp_civil_rights_provisions,2477,2.0
ccp_civil_rights_provisions,2478,2.0
ccp_civil_rights_provisions,2479,2.0
ccp_civil_rights_provisions,2480,2.0
ccp_civil_rights_provisions,2481,2.0
ccp_civil_rights_provisions,2482,2.0
ccp_civil_rights_provisions,2483,2.0
ccp_civil_rights_provisions,2484,2.0
ccp_civil_rights_provisions,2485,2.0
ccp_civil_rights_provisions,2486,2.0
ccp_civil_rights_provisions,2487,2.0
ccp_civil_rights_provisions,2488,2.0
ccp_civil_rights_provisions,2489,2.0
ccp_civil_rights_provisions,2490,2.0
ccp_civil_rights_provisions,2491,2.0
ccp_civil_rights_provisions,2492,2.0
ccp_civil_rights_provisions,2493,2.0
ccp_civil_rights_provisions,2494,2.0
ccp_civil_rights_provisions,2495,2.0
ccp_civil_rights_provisions,2496,2.0
ccp_civil_rights_provisions,2497,2.0
ccp_civil_rights_provisions,2498,2.0
ccp_civil_rights_provisions,2499,2.0
ccp_civil_rights_provisions,2500,2.0
ccp_civil_rights_provisions,2501,2.0
ccp_civil_rights_provisions,2502,2.0
ccp_civil_rights_provisions,2503,2.0
ccp_civil_rights_provisions,2504,2.0
ccp_civil_rights_provisions,2505,2.0
ccp_civil_rights_provisions,2506,2.0
ccp_civil_rights_provisions,2507,2.0
ccp_civil_rights_provisions,2508,2.0
ccp_civil_rights_provisions,2509,2.0
ccp_civil_rights_provisions,2510,2.0
ccp_civil_rights_provisions,2511,2.0
ccp_civil_rights_provisions,2512,2.0
ccp_civil_rights_provisions,2513,2.0
ccp_civil_rights_provisions,2514,2.0
ccp_civil_rights_provisions,2515,2.0
ccp_civil_rights_provisions,2516,2.0
ccp_civil_rights_provisions,2517,2.0
ccp_civil_rights_provisions,2518,2.0
ccp_civil_rights_provisions,2519,2.0
ccp_civil_rights_provisions,2520,2.0
ccp_civil_rights_provisions,2521,2.0
ccp_civil_rights_provisions,2522,2.0
ccp_civil_rights_provisions,2523,2.0
ccp_civil_rights_provisions,2524,2.0
ccp_civil_rights_provisions,2525,2.0
ccp_civil_rights_provisions,2526,2.0
ccp_civil_rights_provisions,2527,2.0
ccp_civil_rights_provisions,2528,2.0
ccp_civil_rights_provisions,2529,2.0
ccp_civil_rights_provisions,2530,2.0
ccp_civil_rights_provisions,2531,2.0
ccp_civil_rights_provisions,2532,2.0
ccp_civil_rights_provisions,2533,2.0
ccp_civil_rights_provisions,2534,2.0
ccp_civil_rights_provisions,2535,2.0
ccp_civil_rights_provisions,2536,2.0
ccp_civil_rights_provisions,2537,2.0
ccp_civil_rights_provisions,2538,2.0
ccp_civil_rights_provisions,2539,2.0
ccp_civil_rights_provisions,2540,2.0
ccp_civil_rights_provisions,2541,2.0
ccp_civil_rights_provisions,2542,2.0
ccp_civil_rights_provisions,2543,2.0
ccp_civil_rights_provisions,2544,2.0
ccp_civil_rights_provisions,2545,2.0
ccp_civil_rights_provisions,2546,2.0
ccp_civil_rights_provisions,2547,2.0
ccp_civil_rights_provisions,2548,2.0
ccp_civil_rights_provisions,2549,2.0
ccp_civil_rights_provisions,2550,2.0
ccp_civil_rights_provisions,2551,2.0
ccp_civil_rights_provisions,2552,2.0
ccp_civil_rights_provisions,2553,2.0
ccp_civil_rights_provisions,2554,2.0
ccp_civil_rights_provisions,2555,2.0
ccp_civil_rights_provisions,2556,2.0
ccp_civil_rights_provisions,2557,2.0
ccp_civil_rights_provisions,2558,2.0
ccp_civil_rights_provisions,2559,2.0
ccp_civil_rights_provisions,2560,2.0
ccp_civil_rights_provisions,2561,2.0
ccp_civil_rights_provisions,2562,2.0
ccp_civil_rights_provisions,2563,2.0
ccp_civil_rights_provisions,2564,2.0
ccp_civil_rights_provisions,2565,2.0
ccp_civil_rights_provisions,2566,2.0
ccp_civil_rights_provisions,2567,2.0
ccp_civil_rights_provisions,2568,2.0
ccp_civil_rights_provisions,2569,2.0
ccp_civil_rights_provisions,2570,2.0
ccp_civil_rights_provisions,2571,2.0
ccp_civil_rights_provisions,2572,2.0
ccp_civil_rights_provisions,2573,2.0
ccp_civil_rights_provisions,2574,2.0
ccp_civil_rights_provisions,2575,2.0
ccp_civil_rights_provisions,2576,2.0
ccp_civil_rights_provisions,2577,2.0
ccp_civil_rights_provisions,2578,2.0
ccp_civil_rights_provisions,2579,2.0
ccp_civil_rights_provisions,2580,2.0
ccp_civil_rights_provisions,2581,2.0
ccp_civil_rights_provisions,2582,2.0
ccp_civil_rights_provisions,2583,2.0
ccp_civil_rights_provisions,2584,2.0
ccp_civil_rights_provisions,2585,2.0
ccp_civil_rights_provisions,2586,2.0
ccp_civil_rights_provisions,2587,2.0
ccp_civil_rights_provisions,2588,2.0
ccp_civil_rights_provisions,2589,2.0
ccp_civil_rights_provisions,2590,2.0
ccp_civil_rights_provisions,2591,2.0
ccp_civil_rights_provisions,2592,2.0
ccp_civil_rights_provisions,2593,2.0
ccp_civil_rights_provisions,2594,2.0
ccp_civil_rights_provisions,2595,2.0
ccp_civil_rights_provisions,2596,2.0
ccp_civil_rights_provisions,2597,2.0
ccp_civil_rights_provisions,2598,2.0
ccp_civil_rights_provisions,2599,2.0
ccp_civil_rights_provisions,2600,2.0
ccp_civil_rights_provisions,2601,2.0
ccp_civil_rights_provisions,2602,2.0
ccp_civil_rights_provisions,2603,2.0
ccp_civil_rights_provisions,2604,2.0
ccp_civil_rights_provisions,2605,2.0
ccp_civil_rights_provisions,2606,2.0
ccp_civil_rights_provisions,2607,2.0
ccp_civil_rights_provisions,2608,2.0
ccp_civil_rights_provisions,2609,2.0
ccp_civil_rights_provisions,2610,2.0
ccp_civil_rights_provisions,2611,2.0
ccp_civil_rights_provisions,2612,2.0
ccp_civil_rights_provisions,2613,2.0
ccp_civil_rights_provisions,2614,2.0
ccp_civil_rights_provisions,2615,2.0
ccp_civil_rights_provisions,2616,2.0
ccp_civil_rights_provisions,2617,2.0
ccp_civil_rights_provisions,2618,2.0
ccp_civil_rights_provisions,2619,2.0
ccp_civil_rights_provisions,2620,2.0
ccp_civil_rights_provisions,2621,2.0
ccp_civil_rights_provisions,2622,2.0
ccp_civil_rights_provisions,2623,2.0
ccp_civil_rights_provisions,2624,2.0
ccp_civil_rights_provisions,2625,2.0
ccp_civil_rights_provisions,2626,2.0
ccp_civil_rights_provisions,2627,2.0
ccp_civil_rights_provisions,2628,2.0
ccp_civil_rights_provisions,2629,2.0
ccp_civil_rights_provisions,2630,2.0
ccp_civil_rights_provisions,2631,2.0
ccp_civil_rights_provisions,2632,2.0
ccp_civil_rights_provisions,2633,2.0
ccp_civil_rights_provisions,2634,2.0
ccp_civil_rights_provisions,2635,2.0
ccp_civil_rights_provisions,2636,2.0
ccp_civil_rights_provisions,2637,2.0
ccp_civil_rights_provisions,2638,2.0
ccp_civil_rights_provisions,2639,2.0
ccp_civil_rights_provisions,2640,2.0
ccp_civil_rights_provisions,2641,2.0
ccp_civil_rights_provisions,2642,2.0
ccp_civil_rights_provisions,2643,2.0
ccp_civil_rights_provisions,2644,2.0
ccp_civil_rights_provisions,2645,2.0
ccp_civil_rights_provisions,2646,2.0
ccp_civil_rights_provisions,2647,2.0
ccp_civil_rights_provisions,2648,2.0
ccp_civil_rights_provisions,2649,2.0
ccp_civil_rights_provisions,2650,2.0
ccp_civil_rights_provisions,2651,2.0
ccp_civil_rights_provisions,2652,2.0
ccp_civil_rights_provisions,2653,2.0
ccp_civil_rights_provisions,2654,2.0
ccp_civil_rights_provisions,2655,2.0
ccp_civil_rights_provisions,2656,2.0
ccp_civil_rights_provisions,2657,2.0
ccp_civil_rights_provisions,2658,2.0
ccp_civil_rights_provisions,2659,2.0
ccp_civil_rights_provisions,2660,2.0
ccp_civil_rights_provisions,2661,2.0
ccp_civil_rights_provisions,2662,2.0
ccp_civil_rights_provisions,2663,2.0
ccp_civil_rights_provisions,2664,2.0
ccp_civil_rights_provisions,2665,2.0
ccp_civil_rights_provisions,2666,2.0
ccp_civil_rights_provisions,2667,2.0
ccp_civil_rights_provisions,2668,2.0
ccp_civil_rights_provisions,2669,2.0
ccp_civil_rights_provisions,2670,2.0
ccp_civil_rights_provisions,2671,2.0
ccp_civil_rights_provisions,2672,2.0
ccp_civil_rights_provisions,2673,2.0
ccp_civil_rights_provisions,2674,2.0
ccp_civil_rights_provisions,2675,2.0
ccp_civil_rights_provisions,2676,2.0
ccp_civil_rights_provisions,2677,2.0
ccp_civil_rights_provisions,2678,2.0
ccp_civil_rights_provisions,2679,2.0
ccp_civil_rights_provisions,2680,2.0
ccp_civil_rights_provisions,2681,2.0
ccp_civil_rights_provisions,2682,2.0
ccp_civil_rights_provisions,2683,2.0
ccp_civil_rights_provisions,2684,2.0
ccp_civil_rights_provisions,2685,2.0
ccp_civil_rights_provisions,2686,2.0
ccp_civil_rights_provisions,2687,2.0
ccp_civil_rights_provisions,2688,2.0
ccp_civil_rights_provisions,2689,2.0
ccp_civil_rights_provisions,2690,2.0
ccp_civil_rights_provisions,2691,2.0
ccp_civil_rights_provisions,2692,2.0
ccp_civil_rights_provisions,2693,2.0
ccp_civil_rights_provisions,2694,2.0
ccp_civil_rights_provisions,2695,2.0
ccp_civil_rights_provisions,2696,2.0
ccp_civil_rights_provisions,2697,2.0
ccp_civil_rights_provisions,2698,2.0
ccp_civil_rights_provisions,2699,2.0
ccp_civil_rights_provisions,2700,2.0
ccp_civil_rights_provisions,2701,2.0
ccp_civil_rights_provisions,2702,2.0
ccp_civil_rights_provisions,2703,2.0
ccp_civil_rights_provisions,2704,2.0
ccp_civil_rights_provisions,2705,2.0
ccp_civil_rights_provisions,2706,2.0
ccp_civil_rights_provisions,2707,2.0
ccp_civil_rights_provisions,2708,2.0
ccp_civil_rights_provisions,2709,2.0
ccp_civil_rights_provisions,2710,2.0
ccp_civil_rights_provisions,2711,2.0
ccp_civil_rights_provisions,2712,2.0
ccp_civil_rights_provisions,2713,2.0
ccp_civil_rights_provisions,2714,2.0
ccp_civil_rights_provisions,2715,2.0
ccp_civil_rights_provisions,2716,2.0
ccp_civil_rights_provisions,2717,2.0
ccp_civil_rights_provisions,2718,2.0
ccp_civil_rights_provisions,2719,2.0
ccp_civil_rights_provisions,2720,2.0
ccp_civil_rights_provisions,2721,2.0
ccp_civil_rights_provisions,2722,2.0
ccp_civil_rights_provisions,2723,2.0
ccp_civil_rights_provisions,2724,2.0
ccp_civil_rights_provisions,2725,2.0
ccp_civil_rights_provisions,2726,2.0
ccp_civil_rights_provisions,2727,2.0
ccp_civil_rights_provisions,2728,2.0
ccp_civil_rights_provisions,2729,2.0
ccp_civil_rights_provisions,2730,2.0
ccp_civil_rights_provisions,2731,2.0
ccp_civil_rights_provisions,2732,2.0
ccp_civil_rights_provisions,2733,2.0
ccp_civil_rights_provisions,2734,2.0
ccp_civil_rights_provisions,2735,2.0
ccp_civil_rights_provisions,2736,2.0
ccp_civil_rights_provisions,2737,2.0
ccp_civil_rights_provisions,2738,2.0
ccp_civil_rights_provisions,2739,2.0
ccp_civil_rights_provisions,2740,2.0
ccp_civil_rights_provisions,2741,2.0
ccp_civil_rights_provisions,2742,2.0
ccp_civil_rights_provisions,2743,2.0
ccp_civil_rights_provisions,2744,2.0
ccp_civil_rights_provisions,2745,2.0
ccp_civil_rights_provisions,2746,2.0
ccp_civil_rights_provisions,2747,2.0
ccp_civil_rights_provisions,2748,2.0
ccp_civil_rights_provisions,2749,2.0
ccp_civil_rights_provisions,2750,2.0
ccp_civil_rights_provisions,2751,2.0
ccp_civil_rights_provisions,2752,2.0
ccp_civil_rights_provisions,2753,2.0
ccp_civil_rights_provisions,2754,2.0
ccp_civil_rights_provisions,2755,2.0
ccp_civil_rights_provisions,2756,2.0
ccp_civil_rights_provisions,2757,2.0
ccp_civil_rights_provisions,2758,2.0
ccp_civil_rights_provisions,2759,2.0
ccp_civil_rights_provisions,2760,2.0
ccp_civil_rights_provisions,2761,2.0
ccp_civil_rights_provisions,2762,2.0
ccp_civil_rights_provisions,2763,2.0
ccp_civil_rights_provisions,2764,2.0
ccp_civil_rights_provisions,2765,2.0
ccp_civil_rights_provisions,2766,2.0
ccp_civil_rights_provisions,2767,2.0
ccp_civil_rights_provisions,2768,2.0
ccp_civil_rights_provisions,2769,2.0
ccp_civil_rights_provisions,2770,2.0
ccp_civil_rights_provisions,2771,2.0
ccp_civil_rights_provisions,2772,2.0
ccp_civil_rights_provisions,2773,2.0
ccp_civil_rights_provisions,2774,2.0
ccp_civil_rights_provisions,2775,2.0
ccp_civil_rights_provisions,2776,2.0
ccp_civil_rights_provisions,2777,2.0
ccp_civil_rights_provisions,2778,2.0
ccp_civil_rights_provisions,2779,2.0
ccp_civil_rights_provisions,2780,2.0
ccp_civil_rights_provisions,2781,2.0
ccp_civil_rights_provisions,2782,2.0
ccp_civil_rights_provisions,2783,2.0
ccp_civil_rights_provisions,2784,2.0
ccp_civil_rights_provisions,2785,2.0
ccp_civil_rights_provisions,2786,2.0
ccp_civil_rights_provisions,2787,2.0
ccp_civil_rights_provisions,2788,2.0
ccp_civil_rights_provisions,2789,2.0
ccp_civil_rights_provisions,2790,2.0
ccp_civil_rights_provisions,2791,2.0
ccp_civil_rights_provisions,2792,2.0
ccp_civil_rights_provisions,2793,2.0
ccp_civil_rights_provisions,2794,2.0
ccp_civil_rights_provisions,2795,2.0
ccp_civil_rights_provisions,2796,2.0
ccp_civil_rights_provisions,2797,2.0
ccp_civil_rights_provisions,2798,2.0
ccp_civil_rights_provisions,2799,2.0
ccp_civil_rights_provisions,2800,2.0
ccp_civil_rights_provisions,2801,2.0
ccp_civil_rights_provisions,2802,2.0
ccp_civil_rights_provisions,2803,2.0
ccp_civil_rights_provisions,2804,2.0
ccp_civil_rights_provisions,2805,2.0
ccp_civil_rights_provisions,2806,2.0
ccp_civil_rights_provisions,2807,2.0
ccp_civil_rights_provisions,2808,2.0
ccp_civil_rights_provisions,2809,2.0
ccp_civil_rights_provisions,2810,2.0
ccp_civil_rights_provisions,2811,2.0
ccp_civil_rights_provisions,2812,2.0
ccp_civil_rights_provisions,2813,2.0
ccp_civil_rights_provisions,2814,2.0
ccp_civil_rights_provisions,2815,2.0
ccp_civil_rights_provisions,2816,2.0
ccp_civil_rights_provisions,2817,2.0
ccp_civil_rights_provisions,2818,2.0
ccp_civil_rights_provisions,2819,2.0
ccp_civil_rights_provisions,2820,2.0
ccp_civil_rights_provisions,2821,2.0
ccp_civil_rights_provisions,2822,2.0
ccp_civil_rights_provisions,2823,2.0
ccp_civil_rights_provisions,2824,2.0
ccp_civil_rights_provisions,2825,2.0
ccp_civil_rights_provisions,2826,2.0
ccp_civil_rights_provisions,2827,2.0
ccp_civil_rights_provisions,2828,2.0
ccp_civil_rights_provisions,2829,2.0
ccp_civil_rights_provisions,2830,2.0
ccp_civil_rights_provisions,2831,2.0
ccp_civil_rights_provisions,2832,2.0
ccp_civil_rights_provisions,2833,2.0
ccp_civil_rights_provisions,2834,2.0
ccp_civil_rights_provisions,2835,2.0
ccp_civil_rights_provisions,2836,2.0
ccp_civil_rights_provisions,2837,2.0
ccp_civil_rights_provisions,2838,2.0
ccp_civil_rights_provisions,2839,2.0
ccp_civil_rights_provisions,2840,2.0
ccp_civil_rights_provisions,2841,2.0
ccp_civil_rights_provisions,2842,2.0
ccp_civil_rights_provisions,2843,2.0
ccp_civil_rights_provisions,2844,2.0
ccp_civil_rights_provisions,2845,2.0
ccp_civil_rights_provisions,2846,2.0
ccp_civil_rights_provisions,2847,2.0
ccp_civil_rights_provisions,2848,2.0
ccp_civil_rights_provisions,2849,2.0
ccp_civil_rights_provisions,2850,2.0
ccp_civil_rights_provisions,2851,2.0
ccp_civil_rights_provisions,2852,2.0
ccp_civil_rights_provisions,2853,2.0
ccp_civil_rights_provisions,2854,2.0
ccp_civil_rights_provisions,2855,2.0
ccp_civil_rights_provisions,2856,2.0
ccp_civil_rights_provisions,2857,2.0
ccp_civil_rights_provisions,2858,2.0
ccp_civil_rights_provisions,2859,2.0
ccp_civil_rights_provisions,2860,2.0
ccp_civil_rights_provisions,2861,2.0
ccp_civil_rights_provisions,2862,2.0
ccp_civil_rights_provisions,2863,2.0
ccp_civil_rights_provisions,2864,2.0
ccp_civil_rights_provisions,2865,2.0
ccp_civil_rights_provisions,2866,2.0
ccp_civil_rights_provisions,2867,2.0
ccp_civil_rights_provisions,2868,2.0
ccp_civil_rights_provisions,2869,2.0
ccp_civil_rights_provisions,2870,2.0
ccp_civil_rights_provisions,2871,2.0
ccp_civil_rights_provisions,2872,2.0
ccp_civil_rights_provisions,2873,2.0
ccp_civil_rights_provisions,2874,2.0
ccp_civil_rights_provisions,2875,2.0
ccp_civil_rights_provisions,2876,2.0
ccp_civil_rights_provisions,2877,2.0
ccp_civil_rights_provisions,2878,2.0
ccp_civil_rights_provisions,2879,2.0
ccp_civil_rights_provisions,2880,2.0
ccp_civil_rights_provisions,2881,2.0
ccp_civil_rights_provisions,2882,2.0
ccp_civil_rights_provisions,2883,2.0
ccp_civil_rights_provisions,2884,2.0
ccp_civil_rights_provisions,2885,2.0
ccp_civil_rights_provisions,2886,2.0
ccp_civil_rights_provisions,2887,2.0
ccp_civil_rights_provisions,2888,2.0
ccp_civil_rights_provisions,2889,2.0
ccp_civil_rights_provisions,2890,2.0
ccp_civil_rights_provisions,2891,2.0
ccp_civil_rights_provisions,2892,2.0
ccp_civil_rights_provisions,2893,2.0
ccp_civil_rights_provisions,2894,2.0
ccp_civil_rights_provisions,2895,2.0
ccp_civil_rights_provisions,2896,2.0
ccp_civil_rights_provisions,2897,2.0
ccp_civil_rights_provisions,2898,2.0
ccp_civil_rights_provisions,2899,2.0
ccp_civil_rights_provisions,2900,2.0
ccp_civil_rights_provisions,2901,2.0
ccp_civil_rights_provisions,2902,2.0
ccp_civil_rights_provisions,2903,2.0
ccp_civil_rights_provisions,2904,2.0
ccp_civil_rights_provisions,2905,2.0
ccp_civil_rights_provisions,2906,2.0
ccp_civil_rights_provisions,2907,2.0
ccp_civil_rights_provisions,2908,2.0
ccp_civil_rights_provisions,2909,2.0
ccp_civil_rights_provisions,2910,2.0
ccp_civil_rights_provisions,2911,2.0
ccp_civil_rights_provisions,2912,2.0
ccp_civil_rights_provisions,2913,2.0
ccp_civil_rights_provisions,2914,2.0
ccp_civil_rights_provisions,2915,2.0
ccp_civil_rights_provisions,2916,2.0
ccp_civil_rights_provisions,2917,2.0
ccp_civil_rights_provisions,2918,2.0
ccp_civil_rights_provisions,2919,2.0
ccp_civil_rights_provisions,2920,2.0
ccp_civil_rights_provisions,2921,2.0
ccp_civil_rights_provisions,2922,2.0
ccp_civil_rights_provisions,2923,2.0
ccp_civil_rights_provisions,2924,2.0
ccp_civil_rights_provisions,2925,2.0
ccp_civil_rights_provisions,2926,2.0
ccp_civil_rights_provisions,2927,2.0
ccp_civil_rights_provisions,2928,2.0
ccp_civil_rights_provisions,2929,2.0
ccp_civil_rights_provisions,2930,2.0
ccp_civil_rights_provisions,2931,2.0
ccp_civil_rights_provisions,2932,2.0
ccp_civil_rights_provisions,2933,2.0
ccp_civil_rights_provisions,2934,2.0
ccp_civil_rights_provisions,2935,2.0
ccp_civil_rights_provisions,2936,2.0
ccp_civil_rights_provisions,2937,2.0
ccp_civil_rights_provisions,2938,2.0
ccp_civil_rights_provisions,2939,2.0
ccp_civil_rights_provisions,2940,2.0
ccp_civil_rights_provisions,2941,2.0
ccp_civil_rights_provisions,2942,2.0
ccp_civil_rights_provisions,2943,2.0
ccp_civil_rights_provisions,2944,2.0
ccp_civil_rights_provisions,2945,2.0
ccp_civil_rights_provisions,2946,2.0
ccp_civil_rights_provisions,2947,2.0
ccp_civil_rights_provisions,2948,2.0
ccp_civil_rights_provisions,2949,2.0
ccp_civil_rights_provisions,2950,2.0
ccp_civil_rights_provisions,2951,2.0
ccp_civil_rights_provisions,2952,2.0
ccp_civil_rights_provisions,2953,2.0
ccp_civil_rights_provisions,2954,2.0
ccp_civil_rights_provisions,2955,2.0
ccp_civil_rights_provisions,2956,2.0
ccp_civil_rights_provisions,2957,2.0
ccp_civil_rights_provisions,2958,2.0
ccp_civil_rights_provisions,2959,2.0
ccp_civil_rights_provisions,2960,2.0
ccp_civil_rights_provisions,2961,2.0
ccp_civil_rights_provisions,2962,2.0
ccp_civil_rights_provisions,2963,2.0
ccp_civil_rights_provisions,2964,2.0
ccp_civil_rights_provisions,2965,2.0
ccp_civil_rights_provisions,2966,2.0
ccp_civil_rights_provisions,2967,2.0
ccp_civil_rights_provisions,2968,2.0
ccp_civil_rights_provisions,2969,2.0
ccp_civil_rights_provisions,2970,2.0
ccp_civil_rights_provisions,2971,2.0
ccp_civil_rights_provisions,2972,2.0
ccp_civil_rights_provisions,2973,2.0
ccp_civil_rights_provisions,2974,2.0
ccp_civil_rights_provisions,2975,2.0
ccp_civil_rights_provisions,2976,2.0
ccp_civil_rights_provisions,2977,2.0
ccp_civil_rights_provisions,2978,2.0
ccp_civil_rights_provisions,2979,2.0
ccp_civil_rights_provisions,2980,2.0
ccp_civil_rights_provisions,2981,2.0
ccp_civil_rights_provisions,2982,2.0
ccp_civil_rights_provisions,2983,2.0
ccp_civil_rights_provisions,2984,2.0
ccp_civil_rights_provisions,2985,2.0
ccp_civil_rights_provisions,2986,2.0
ccp_civil_rights_provisions,2987,2.0
ccp_civil_rights_provisions,2988,2.0
ccp_civil_rights_provisions,2989,2.0
ccp_civil_rights_provisions,2990,2.0
ccp_civil_rights_provisions,2991,2.0
ccp_civil_rights_provisions,2992,2.0
ccp_civil_rights_provisions,2993,2.0
ccp_civil_rights_provisions,2994,2.0
ccp_civil_rights_provisions,2995,2.0
ccp_civil_rights_provisions,2996,2.0
ccp_civil_rights_provisions,2997,2.0
ccp_civil_rights_provisions,2998,2.0
ccp_civil_rights_provisions,2999,2.0
ccp_civil_rights_provisions,3000,2.0
ccp_civil_rights_provisions,3001,2.0
ccp_civil_rights_provisions,3002,2.0
ccp_civil_rights_provisions,3003,2.0
ccp_civil_rights_provisions,3004,2.0
ccp_civil_rights_provisions,3005,2.0
ccp_civil_rights_provisions,3006,2.0
ccp_civil_rights_provisions,3007,2.0
ccp_civil_rights_provisions,3008,2.0
ccp_civil_rights_provisions,3009,2.0
ccp_civil_rights_provisions,3010,2.0
ccp_civil_rights_provisions,3011,2.0
ccp_civil_rights_provisions,3012,2.0
ccp_civil_rights_provisions,3013,2.0
ccp_civil_rights_provisions,3014,2.0
ccp_civil_rights_provisions,3015,2.0
ccp_civil_rights_provisions,3016,2.0
ccp_civil_rights_provisions,3017,2.0
ccp_civil_rights_provisions,3018,2.0
ccp_civil_rights_provisions,3019,2.0
ccp_civil_rights_provisions,3020,2.0
ccp_civil_rights_provisions,3021,2.0
ccp_civil_rights_provisions,3022,2.0
ccp_civil_rights_provisions,3023,2.0
ccp_civil_rights_provisions,3024,2.0
ccp_civil_rights_provisions,3025,2.0
ccp_civil_rights_provisions,3026,2.0
ccp_civil_rights_provisions,3027,2.0
ccp_civil_rights_provisions,3028,2.0
ccp_civil_rights_provisions,3029,2.0
ccp_civil_rights_provisions,3030,2.0
ccp_civil_rights_provisions,3031,2.0
ccp_civil_rights_provisions,3032,2.0
ccp_civil_rights_provisions,3033,2.0
ccp_civil_rights_provisions,3034,2.0
ccp_civil_rights_provisions,3035,2.0
ccp_civil_rights_provisions,3036,2.0
ccp_civil_rights_provisions,3037,2.0
ccp_civil_rights_provisions,3038,2.0
ccp_civil_rights_provisions,3039,2.0
ccp_civil_rights_provisions,3040,2.0
ccp_civil_rights_provisions,3041,2.0
ccp_civil_rights_provisions,3042,2.0
ccp_civil_rights_provisions,3043,2.0
ccp_civil_rights_provisions,3044,2.0
ccp_civil_rights_provisions,3045,2.0
ccp_civil_rights_provisions,3046,2.0
ccp_civil_rights_provisions,3047,2.0
ccp_civil_rights_provisions,3048,2.0
ccp_civil_rights_provisions,3049,2.0
ccp_civil_rights_provisions,3050,2.0
ccp_civil_rights_provisions,3051,2.0
ccp_civil_rights_provisions,3052,2.0
ccp_civil_rights_provisions,3053,2.0
ccp_civil_rights_provisions,3054,2.0
ccp_civil_rights_provisions,3055,2.0
ccp_civil_rights_provisions,3056,2.0
ccp_civil_rights_provisions,3057,2.0
ccp_civil_rights_provisions,3058,2.0
ccp_civil_rights_provisions,3059,2.0
ccp_civil_rights_provisions,3060,2.0
ccp_civil_rights_provisions,3061,2.0
ccp_civil_rights_provisions,3062,2.0
ccp_civil_rights_provisions,3063,2.0
ccp_civil_rights_provisions,3064,2.0
ccp_civil_rights_provisions,3065,2.0
ccp_civil_rights_provisions,3066,2.0
ccp_civil_rights_provisions,3067,2.0
ccp_civil_rights_provisions,3068,2.0
ccp_civil_rights_provisions,3069,2.0
ccp_civil_rights_provisions,3070,2.0
ccp_civil_rights_provisions,3071,2.0
ccp_civil_rights_provisions,3072,2.0
ccp_civil_rights_provisions,3073,2.0
ccp_civil_rights_provisions,3074,2.0
ccp_civil_rights_provisions,3075,2.0
ccp_civil_rights_provisions,3076,2.0
ccp_civil_rights_provisions,3077,2.0
ccp_civil_rights_provisions,3078,2.0
ccp_civil_rights_provisions,3079,2.0
ccp_civil_rights_provisions,3080,2.0
ccp_civil_rights_provisions,3081,2.0
ccp_civil_rights_provisions,3082,2.0
ccp_civil_rights_provisions,3083,2.0
ccp_civil_rights_provisions,3084,2.0
ccp_civil_rights_provisions,3085,2.0
ccp_civil_rights_provisions,3086,2.0
ccp_civil_rights_provisions,3087,2.0
ccp_civil_rights_provisions,3088,2.0
ccp_civil_rights_provisions,3089,2.0
ccp_civil_rights_provisions,3090,2.0
ccp_civil_rights_provisions,3091,2.0
ccp_civil_rights_provisions,3092,2.0
ccp_civil_rights_provisions,3093,2.0
ccp_civil_rights_provisions,3094,2.0
ccp_civil_rights_provisions,3095,2.0
ccp_civil_rights_provisions,3096,2.0
ccp_civil_rights_provisions,3097,2.0
ccp_civil_rights_provisions,3098,2.0
ccp_civil_rights_provisions,3099,2.0
ccp_civil_rights_provisions,3100,2.0
ccp_civil_rights_provisions,3101,2.0
ccp_civil_rights_provisions,3102,2.0
ccp_civil_rights_provisions,3103,2.0
ccp_civil_rights_provisions,3104,2.0
ccp_civil_rights_provisions,3105,2.0
ccp_civil_rights_provisions,3106,2.0
ccp_civil_rights_provisions,3107,2.0
ccp_civil_rights_provisions,3108,2.0
ccp_civil_rights_provisions,3109,2.0
ccp_civil_rights_provisions,3110,2.0
ccp_civil_rights_provisions,3111,2.0
ccp_civil_rights_provisions,3112,2.0
ccp_civil_rights_provisions,3113,2.0
ccp_civil_rights_provisions,3114,2.0
ccp_civil_rights_provisions,3115,2.0
ccp_civil_rights_provisions,3116,2.0
ccp_civil_rights_provisions,3117,2.0
ccp_civil_rights_provisions,3118,2.0
ccp_civil_rights_provisions,3119,96.0
ccp_civil_rights_provisions,3120,96.0
ccp_civil_rights_provisions,3121,96.0
ccp_civil_rights_provisions,3122,96.0
ccp_civil_rights_provisions,3123,96.0
ccp_civil_rights_provisions,3124,96.0
ccp_civil_rights_provisions,3125,96.0
ccp_civil_rights_provisions,3126,96.0
ccp_civil_rights_provisions,3127,96.0
ccp_civil_rights_provisions,3128,96.0
ccp_civil_rights_provisions,3129,96.0
ccp_civil_rights_provisions,3130,96.0
ccp_civil_rights_provisions,3131,96.0
ccp_civil_rights_provisions,3132,96.0
ccp_civil_rights_provisions,3133,96.0
ccp_civil_rights_provisions,3134,96.0
ccp_civil_rights_provisions,3135,96.0
ccp_civil_rights_provisions,3136,96.0
ccp_civil_rights_provisions,3137,96.0
ccp_civil_rights_provisions,3138,96.0
ccp_civil_rights_provisions,3139,96.0
ccp_civil_rights_provisions,3140,96.0
ccp_civil_rights_provisions,3141,96.0
ccp_civil_rights_provisions,3142,96.0
ccp_civil_rights_provisions,3143,96.0
ccp_civil_rights_provisions,3144,96.0
ccp_civil_rights_provisions,3145,96.0
ccp_civil_rights_provisions,3146,96.0
ccp_civil_rights_provisions,3147,96.0
ccp_civil_rights_provisions,3148,96.0
ccp_civil_rights_provisions,3149,96.0
ccp_civil_rights_provisions,3150,96.0
ccp_civil_rights_provisions,3151,96.0
ccp_civil_rights_provisions,3152,96.0
ccp_civil_rights_provisions,3153,96.0
ccp_civil_rights_provisions,3154,96.0
ccp_civil_rights_provisions,3155,96.0
ccp_civil_rights_provisions,3156,96.0
ccp_civil_rights_provisions,3157,96.0
ccp_civil_rights_provisions,3158,96.0
ccp_civil_rights_provisions,3159,96.0
ccp_civil_rights_provisions,3160,96.0
ccp_civil_rights_provisions,3161,96.0
ccp_civil_rights_provisions,3162,96.0
ccp_civil_rights_provisions,3163,96.0
ccp_civil_rights_provisions,3164,96.0
ccp_civil_rights_provisions,3165,96.0
ccp_civil_rights_provisions,3166,96.0
ccp_civil_rights_provisions,3167,96.0
ccp_civil_rights_provisions,3168,96.0
ccp_civil_rights_provisions,3169,96.0
ccp_civil_rights_provisions,3170,96.0
ccp_civil_rights_provisions,3171,96.0
ccp_civil_rights_provisions,3172,96.0
ccp_civil_rights_provisions,3173,96.0
ccp_civil_rights_provisions,3174,96.0
ccp_civil_rights_provisions,3175,96.0
ccp_civil_rights_provisions,3176,96.0
ccp_civil_rights_provisions,3177,96.0
ccp_civil_rights_provisions,3178,96.0
ccp_civil_rights_provisions,3179,96.0
ccp_civil_rights_provisions,3180,96.0
ccp_civil_rights_provisions,3181,96.0
ccp_civil_rights_provisions,3182,96.0
ccp_civil_rights_provisions,3183,96.0
ccp_civil_rights_provisions,3184,96.0
ccp_civil_rights_provisions,3185,96.0
ccp_civil_rights_provisions,3186,96.0
ccp_civil_rights_provisions,3187,96.0
ccp_civil_rights_provisions,3188,96.0
ccp_civil_rights_provisions,3189,96.0
ccp_civil_rights_provisions,3190,96.0
ccp_civil_rights_provisions,3191,96.0
ccp_civil_rights_provisions,3192,96.0
ccp_civil_rights_provisions,3193,96.0
ccp_civil_rights_provisions,3194,96.0
ccp_civil_rights_provisions,3195,96.0
ccp_civil_rights_provisions,3196,96.0
ccp_civil_rights_provisions,3197,96.0
ccp_civil_rights_provisions,3198,96.0
ccp_civil_rights_provisions,3199,96.0
ccp_civil_rights_provisions,3200,96.0
ccp_civil_rights_provisions,3201,96.0
ccp_civil_rights_provisions,3202,96.0
ccp_civil_rights_provisions,3203,96.0
ccp_civil_rights_provisions,3204,96.0
ccp_civil_rights_provisions,3205,96.0
ccp_civil_rights_provisions,3206,96.0
ccp_civil_rights_provisions,3207,96.0
ccp_civil_rights_provisions,3208,96.0
ccp_civil_rights_provisions,3209,96.0
ccp_civil_rights_provisions,3210,96.0
ccp_civil_rights_provisions,3211,96.0
ccp_civil_rights_provisions,3212,96.0
ccp_civil_rights_provisions,3213,96.0
ccp_civil_rights_provisions,3214,96.0
ccp_civil_rights_provisions,3215,96.0
ccp_civil_rights_provisions,3216,96.0
ccp_civil_rights_provisions,3217,96.0
ccp_civil_rights_provisions,3218,96.0
ccp_civil_rights_provisions,3219,96.0
ccp_civil_rights_provisions,3220,96.0
ccp_civil_rights_provisions,3221,96.0
ccp_civil_rights_provisions,3222,96.0
ccp_civil_rights_provisions,3223,96.0
ccp_civil_rights_provisions,3224,96.0
ccp_civil_rights_provisions,3225,96.0
ccp_civil_rights_provisions,3226,96.0
ccp_civil_rights_provisions,3227,96.0
ccp_civil_rights_provisions,3228,96.0
ccp_civil_rights_provisions,3229,96.0
ccp_civil_rights_provisions,3230,96.0
ccp_civil_rights_provisions,3231,96.0
ccp_civil_rights_provisions,3232,96.0
ccp_civil_rights_provisions,3233,96.0
ccp_civil_rights_provisions,3234,96.0
ccp_civil_rights_provisions,3235,96.0
ccp_civil_rights_provisions,3236,96.0
ccp_civil_rights_provisions,3237,96.0
ccp_civil_rights_provisions,3238,96.0
ccp_civil_rights_provisions,3239,96.0
ccp_civil_rights_provisions,3240,96.0
ccp_civil_rights_provisions,3241,96.0
ccp_civil_rights_provisions,3242,96.0
ccp_civil_rights_provisions,3243,96.0
ccp_civil_rights_provisions,3244,96.0
ccp_civil_rights_provisions,3245,96.0
ccp_civil_rights_provisions,3246,96.0
ccp_civil_rights_provisions,3247,96.0
ccp_civil_rights_provisions,3248,96.0
ccp_civil_rights_provisions,3249,96.0
ccp_civil_rights_provisions,3250,96.0
ccp_civil_rights_provisions,3251,96.0
ccp_civil_rights_provisions,3252,96.0
ccp_civil_rights_provisions,3253,96.0
ccp_civil_rights_provisions,3254,96.0
ccp_civil_rights_provisions,3255,96.0
ccp_civil_rights_provisions,3256,96.0
ccp_civil_rights_provisions,3257,96.0
ccp_civil_rights_provisions,3258,96.0
ccp_civil_rights_provisions,3259,96.0
ccp_civil_rights_provisions,3260,96.0
ccp_civil_rights_provisions,3261,96.0
ccp_civil_rights_provisions,3262,96.0
ccp_civil_rights_provisions,3263,96.0
ccp_civil_rights_provisions,3264,96.0
ccp_civil_rights_provisions,3265,96.0
ccp_civil_rights_provisions,3266,96.0
ccp_civil_rights_provisions,3267,96.0
ccp_civil_rights_provisions,3268,96.0
ccp_civil_rights_provisions,3269,96.0
ccp_civil_rights_provisions,3270,96.0
ccp_civil_rights_provisions,3271,96.0
ccp_civil_rights_provisions,3272,96.0
ccp_civil_rights_provisions,3273,96.0
ccp_civil_rights_provisions,3274,96.0
ccp_civil_rights_provisions,3275,96.0
ccp_civil_rights_provisions,3276,96.0
ccp_civil_rights_provisions,3277,96.0
ccp_civil_rights_provisions,3278,96.0
ccp_civil_rights_provisions,3279,96.0
ccp_civil_rights_provisions,3280,96.0
ccp_civil_rights_provisions,3281,96.0
ccp_civil_rights_provisions,3282,96.0
ccp_civil_rights_provisions,3283,96.0
ccp_civil_rights_provisions,3284,96.0
ccp_civil_rights_provisions,3285,96.0
ccp_civil_rights_provisions,3286,96.0
ccp_civil_rights_provisions,3287,96.0
ccp_civil_rights_provisions,3288,96.0
ccp_civil_rights_provisions,3289,96.0
ccp_civil_rights_provisions,3290,96.0
ccp_civil_rights_provisions,3291,96.0
ccp_civil_rights_provisions,3292,96.0
ccp_civil_rights_provisions,3293,96.0
ccp_civil_rights_provisions,3294,96.0
ccp_civil_rights_provisions,3295,96.0
ccp_civil_rights_provisions,3296,96.0
ccp_civil_rights_provisions,3297,96.0
ccp_civil_rights_provisions,3298,96.0
ccp_civil_rights_provisions,3299,96.0
ccp_civil_rights_provisions,3300,96.0
ccp_civil_rights_provisions,3301,96.0
ccp_civil_rights_provisions,3302,96.0
ccp_civil_rights_provisions,3303,96.0
ccp_civil_rights_provisions,3304,96.0
ccp_civil_rights_provisions,3305,96.0
ccp_civil_rights_provisions,3306,96.0
ccp_civil_rights_provisions,3307,96.0
ccp_civil_rights_provisions,3308,96.0
ccp_civil_rights_provisions,3309,96.0
ccp_civil_rights_provisions,3310,96.0
ccp_civil_rights_provisions,3311,96.0
ccp_civil_rights_provisions,3312,96.0
ccp_civil_rights_provisions,3313,96.0
ccp_civil_rights_provisions,3314,96.0
ccp_civil_rights_provisions,3315,96.0
ccp_civil_rights_provisions,3316,96.0
ccp_civil_rights_provisions,3317,96.0
ccp_civil_rights_provisions,3318,96.0
ccp_civil_rights_provisions,3319,96.0
ccp_civil_rights_provisions,3320,96.0
ccp_civil_rights_provisions,3321,96.0
ccp_civil_rights_provisions,3322,96.0
ccp_civil_rights_provisions,3323,96.0
ccp_civil_rights_provisions,3324,96.0
ccp_civil_rights_provisions,3325,96.0
ccp_civil_rights_provisions,3326,96.0
ccp_civil_rights_provisions,3327,96.0
ccp_civil_rights_provisions,3328,96.0
ccp_civil_rights_provisions,3329,96.0
ccp_civil_rights_provisions,3330,96.0
ccp_civil_rights_provisions,3331,96.0
ccp_civil_rights_provisions,3332,96.0
ccp_civil_rights_provisions,3333,96.0
ccp_civil_rights_provisions,3334,96.0
ccp_civil_rights_provisions,3335,96.0
ccp_civil_rights_provisions,3336,96.0
ccp_civil_rights_provisions,3337,96.0
ccp_civil_rights_provisions,3338,96.0
ccp_civil_rights_provisions,3339,96.0
ccp_civil_rights_provisions,3340,96.0
ccp_civil_rights_provisions,3341,96.0
ccp_civil_rights_provisions,3342,96.0
ccp_civil_rights_provisions,3343,96.0
ccp_civil_rights_provisions,3344,96.0
ccp_civil_rights_provisions,3345,96.0
ccp_civil_rights_provisions,3346,96.0
ccp_civil_rights_provisions,3347,96.0
ccp_civil_rights_provisions,3348,96.0
ccp_civil_rights_provisions,3349,96.0
ccp_civil_rights_provisions,3350,96.0
ccp_civil_rights_provisions,3351,96.0
ccp_civil_rights_provisions,3352,96.0
ccp_civil_rights_provisions,3353,96.0
ccp_civil_rights_provisions,3354,96.0
ccp_civil_rights_provisions,3355,96.0
ccp_civil_rights_provisions,3356,96.0
ccp_civil_rights_provisions,3357,96.0
ccp_civil_rights_provisions,3358,96.0
ccp_civil_rights_provisions,3359,96.0
ccp_civil_rights_provisions,3360,96.0
ccp_civil_rights_provisions,3361,96.0
ccp_civil_rights_provisions,3362,96.0
ccp_civil_rights_provisions,3363,96.0
ccp_civil_rights_provisions,3364,96.0
ccp_civil_rights_provisions,3365,96.0
ccp_civil_rights_provisions,3366,96.0
ccp_civil_rights_provisions,3367,96.0
ccp_civil_rights_provisions,3368,96.0
ccp_civil_rights_provisions,3369,96.0
ccp_civil_rights_provisions,3370,96.0
ccp_civil_rights_provisions,3371,96.0
ccp_civil_rights_provisions,3372,96.0
ccp_civil_rights_provisions,3373,96.0
ccp_civil_rights_provisions,3374,96.0
ccp_civil_rights_provisions,3375,96.0
ccp_civil_rights_provisions,3376,96.0
ccp_civil_rights_provisions,3377,96.0
ccp_civil_rights_provisions,3378,96.0
ccp_civil_rights_provisions,3379,96.0
ccp_civil_rights_provisions,3380,96.0
ccp_civil_rights_provisions,3381,96.0
ccp_civil_rights_provisions,3382,96.0
ccp_civil_rights_provisions,3383,96.0
ccp_civil_rights_provisions,3384,96.0
ccp_civil_rights_provisions,3385,96.0
ccp_civil_rights_provisions,3386,96.0
ccp_civil_rights_provisions,3387,96.0
ccp_civil_rights_provisions,3388,96.0
ccp_civil_rights_provisions,3389,96.0
ccp_civil_rights_provisions,3390,96.0
ccp_civil_rights_provisions,3391,96.0
ccp_civil_rights_provisions,3392,96.0
ccp_civil_rights_provisions,3393,96.0
ccp_civil_rights_provisions,3394,96.0
ccp_civil_rights_provisions,3395,96.0
ccp_civil_rights_provisions,3396,96.0
ccp_civil_rights_provisions,3397,96.0
ccp_civil_rights_provisions,3398,96.0
ccp_civil_rights_provisions,3399,96.0
ccp_civil_rights_provisions,3400,96.0
ccp_civil_rights_provisions,3401,96.0
ccp_civil_rights_provisions,3402,96.0
ccp_civil_rights_provisions,3403,96.0
ccp_civil_rights_provisions,3404,96.0
ccp_civil_rights_provisions,3405,96.0
ccp_civil_rights_provisions,3406,96.0
ccp_civil_rights_provisions,3407,96.0
ccp_civil_rights_provisions,3408,96.0
ccp_civil_rights_provisions,3409,96.0
ccp_civil_rights_provisions,3410,96.0
ccp_civil_rights_provisions,3411,96.0
ccp_civil_rights_provisions,3412,96.0
ccp_civil_rights_provisions,3413,96.0
ccp_civil_rights_provisions,3414,96.0
ccp_civil_rights_provisions,3415,96.0
ccp_civil_rights_provisions,3416,96.0
ccp_civil_rights_provisions,3417,96.0
ccp_civil_rights_provisions,3418,96.0
ccp_civil_rights_provisions,3419,96.0
ccp_civil_rights_provisions,3420,96.0
ccp_civil_rights_provisions,3421,96.0
ccp_civil_rights_provisions,3422,96.0
ccp_civil_rights_provisions,3423,96.0
ccp_civil_rights_provisions,3424,96.0
ccp_civil_rights_provisions,3425,96.0
ccp_civil_rights_provisions,3426,96.0
ccp_civil_rights_provisions,3427,96.0
ccp_civil_rights_provisions,3428,96.0
ccp_civil_rights_provisions,3429,96.0
ccp_civil_rights_provisions,3430,96.0
ccp_civil_rights_provisions,3431,96.0
ccp_civil_rights_provisions,3432,96.0
ccp_civil_rights_provisions,3433,96.0
ccp_civil_rights_provisions,3434,96.0
ccp_civil_rights_provisions,3435,96.0
ccp_civil_rights_provisions,3436,96.0
ccp_civil_rights_provisions,3437,96.0
ccp_civil_rights_provisions,3438,96.0
ccp_civil_rights_provisions,3439,96.0
ccp_civil_rights_provisions,3440,96.0
ccp_civil_rights_provisions,3441,96.0
ccp_civil_rights_provisions,3442,96.0
ccp_civil_rights_provisions,3443,96.0
ccp_civil_rights_provisions,3444,96.0
ccp_civil_rights_provisions,3445,96.0
ccp_civil_rights_provisions,3446,96.0
ccp_civil_rights_provisions,3447,96.0
ccp_civil_rights_provisions,3448,96.0
ccp_civil_rights_provisions,3449,96.0
ccp_civil_rights_provisions,3450,96.0
ccp_civil_rights_provisions,3451,96.0
ccp_civil_rights_provisions,3452,96.0
ccp_civil_rights_provisions,3453,96.0
ccp_civil_rights_provisions,3454,96.0
ccp_civil_rights_provisions,3455,96.0
ccp_civil_rights_provisions,3456,96.0
ccp_civil_rights_provisions,3457,96.0
ccp_civil_rights_provisions,3458,96.0
ccp_civil_rights_provisions,3459,96.0
ccp_civil_rights_provisions,3460,96.0
ccp_civil_rights_provisions,3461,96.0
ccp_civil_rights_provisions,3462,96.0
ccp_civil_rights_provisions,3463,96.0
ccp_civil_rights_provisions,3464,96.0
ccp_civil_rights_provisions,3465,96.0
ccp_civil_rights_provisions,3466,96.0
ccp_civil_rights_provisions,3467,96.0
ccp_civil_rights_provisions,3468,96.0
ccp_civil_rights_provisions,3469,96.0
ccp_civil_rights_provisions,3470,96.0
ccp_civil_rights_provisions,3471,96.0
ccp_civil_rights_provisions,3472,96.0
ccp_civil_rights_provisions,3473,96.0
ccp_civil_rights_provisions,3474,96.0
ccp_civil_rights_provisions,3475,96.0
ccp_civil_rights_provisions,3476,96.0
ccp_civil_rights_provisions,3477,96.0
ccp_civil_rights_provisions,3478,96.0
ccp_civil_rights_provisions,3479,96.0
ccp_civil_rights_provisions,3480,96.0
ccp_civil_rights_provisions,3481,96.0
ccp_civil_rights_provisions,3482,96.0
ccp_civil_rights_provisions,3483,96.0
ccp_civil_rights_provisions,3484,96.0
ccp_civil_rights_provisions,3485,96.0
ccp_civil_rights_provisions,3486,96.0
ccp_civil_rights_provisions,3487,96.0
ccp_civil_rights_provisions,3488,96.0
ccp_civil_rights_provisions,3489,96.0
ccp_civil_rights_provisions,3490,96.0
ccp_civil_rights_provisions,3491,96.0
ccp_civil_rights_provisions,3492,96.0
ccp_civil_rights_provisions,3493,96.0
ccp_civil_rights_provisions,3494,96.0
ccp_civil_rights_provisions,3495,96.0
ccp_civil_rights_provisions,3496,96.0
ccp_civil_rights_provisions,3497,96.0
ccp_civil_rights_provisions,3498,96.0
ccp_civil_rights_provisions,3499,96.0
ccp_civil_rights_provisions,3500,96.0
ccp_civil_rights_provisions,3501,96.0
ccp_civil_rights_provisions,3502,96.0
ccp_civil_rights_provisions,3503,96.0
ccp_civil_rights_provisions,3504,96.0
ccp_civil_rights_provisions,3505,96.0
ccp_civil_rights_provisions,3506,96.0
ccp_civil_rights_provisions,3507,96.0
ccp_civil_rights_provisions,3508,96.0
ccp_civil_rights_provisions,3509,96.0
ccp_civil_rights_provisions,3510,96.0
ccp_civil_rights_provisions,3511,96.0
ccp_civil_rights_provisions,3512,96.0
ccp_civil_rights_provisions,3513,96.0
ccp_civil_rights_provisions,3514,96.0
ccp_civil_rights_provisions,3515,96.0
ccp_civil_rights_provisions,3516,96.0
ccp_civil_rights_provisions,3517,96.0
ccp_civil_rights_provisions,3518,96.0
ccp_civil_rights_provisions,3519,96.0
ccp_civil_rights_provisions,3520,96.0
ccp_civil_rights_provisions,3521,96.0
ccp_civil_rights_provisions,3522,96.0
ccp_civil_rights_provisions,3523,96.0
ccp_civil_rights_provisions,3524,96.0
ccp_civil_rights_provisions,3525,96.0
ccp_civil_rights_provisions,3526,96.0
ccp_civil_rights_provisions,3527,96.0
ccp_civil_rights_provisions,3528,96.0
ccp_civil_rights_provisions,3529,96.0
ccp_civil_rights_provisions,3530,96.0
ccp_civil_rights_provisions,3531,96.0
ccp_civil_rights_provisions,3532,96.0
ccp_civil_rights_provisions,3533,96.0
ccp_civil_rights_provisions,3534,96.0
ccp_civil_rights_provisions,3535,96.0
ccp_civil_rights_provisions,3536,96.0
ccp_civil_rights_provisions,3537,96.0
ccp_civil_rights_provisions,3538,96.0
ccp_civil_rights_provisions,3539,96.0
ccp_civil_rights_provisions,3540,96.0
ccp_civil_rights_provisions,3541,96.0
ccp_civil_rights_provisions,3542,96.0
ccp_civil_rights_provisions,3543,96.0
ccp_civil_rights_provisions,3544,96.0
ccp_civil_rights_provisions,3545,96.0
ccp_civil_rights_provisions,3546,96.0
ccp_civil_rights_provisions,3547,96.0
ccp_civil_rights_provisions,3548,96.0
ccp_civil_rights_provisions,3549,96.0
ccp_civil_rights_provisions,3550,96.0
ccp_civil_rights_provisions,3551,96.0
ccp_civil_rights_provisions,3552,96.0
ccp_civil_rights_provisions,3553,96.0
ccp_civil_rights_provisions,3554,96.0
ccp_civil_rights_provisions,3555,96.0
ccp_civil_rights_provisions,3556,96.0
ccp_civil_rights_provisions,3557,96.0
ccp_civil_rights_provisions,3558,96.0
ccp_civil_rights_provisions,3559,96.0
ccp_civil_rights_provisions,3560,96.0
ccp_civil_rights_provisions,3561,96.0
ccp_civil_rights_provisions,3562,96.0
ccp_civil_rights_provisions,3563,96.0
ccp_civil_rights_provisions,3564,96.0
ccp_civil_rights_provisions,3565,96.0
ccp_civil_rights_provisions,3566,96.0
ccp_civil_rights_provisions,3567,96.0
ccp_civil_rights_provisions,3568,96.0
ccp_civil_rights_provisions,3569,96.0
ccp_civil_rights_provisions,3570,96.0
ccp_civil_rights_provisions,3571,96.0
ccp_civil_rights_provisions,3572,96.0
ccp_civil_rights_provisions,3573,96.0
ccp_civil_rights_provisions,3574,96.0
ccp_civil_rights_provisions,3575,96.0
ccp_civil_rights_provisions,3576,96.0
ccp_civil_rights_provisions,3577,96.0
ccp_civil_rights_provisions,3578,96.0
ccp_civil_rights_provisions,3579,96.0
ccp_civil_rights_provisions,3580,96.0
ccp_civil_rights_provisions,3581,96.0
ccp_civil_rights_provisions,3582,96.0
ccp_civil_rights_provisions,3583,96.0
ccp_civil_rights_provisions,3584,96.0
ccp_civil_rights_provisions,3585,96.0
ccp_civil_rights_provisions,3586,96.0
ccp_civil_rights_provisions,3587,96.0
ccp_civil_rights_provisions,3588,96.0
ccp_civil_rights_provisions,3589,96.0
ccp_civil_rights_provisions,3590,96.0
ccp_civil_rights_provisions,3591,96.0
ccp_civil_rights_provisions,3592,96.0
ccp_civil_rights_provisions,3593,96.0
ccp_civil_rights_provisions,3594,96.0
ccp_civil_rights_provisions,3595,96.0
ccp_civil_rights_provisions,3596,96.0
ccp_civil_rights_provisions,3597,96.0
ccp_civil_rights_provisions,3598,96.0
ccp_civil_rights_provisions,3599,96.0
ccp_civil_rights_provisions,3600,96.0
ccp_civil_rights_provisions,3601,96.0
ccp_civil_rights_provisions,3602,96.0
ccp_civil_rights_provisions,3603,96.0
ccp_civil_rights_provisions,3604,96.0
ccp_civil_rights_provisions,3605,96.0
ccp_civil_rights_provisions,3606,96.0
ccp_civil_rights_provisions,3607,96.0
ccp_civil_rights_provisions,3608,96.0
ccp_civil_rights_provisions,3609,96.0
ccp_civil_rights_provisions,3610,96.0
ccp_civil_rights_provisions,3611,96.0
ccp_civil_rights_provisions,3612,96.0
ccp_civil_rights_provisions,3613,96.0
ccp_civil_rights_provisions,3614,96.0
ccp_civil_rights_provisions,3615,96.0
ccp_civil_rights_provisions,3616,96.0
ccp_civil_rights_provisions,3617,96.0
ccp_civil_rights_provisions,3618,96.0
ccp_civil_rights_provisions,3619,96.0
ccp_civil_rights_provisions,3620,96.0
ccp_civil_rights_provisions,3621,96.0
ccp_civil_rights_provisions,3622,96.0
ccp_civil_rights_provisions,3623,96.0
ccp_civil_rights_provisions,3624,96.0
ccp_civil_rights_provisions,3625,96.0
ccp_civil_rights_provisions,3626,96.0
ccp_civil_rights_provisions,3627,96.0
ccp_civil_rights_provisions,3628,96.0
ccp_civil_rights_provisions,3629,96.0
ccp_civil_rights_provisions,3630,96.0
ccp_civil_rights_provisions,3631,96.0
ccp_civil_rights_provisions,3632,96.0
ccp_civil_rights_provisions,3633,96.0
ccp_civil_rights_provisions,3634,96.0
ccp_civil_rights_provisions,3635,96.0
ccp_civil_rights_provisions,3636,96.0
ccp_civil_rights_provisions,3637,96.0
ccp_civil_rights_provisions,3638,96.0
ccp_civil_rights_provisions,3639,96.0
ccp_civil_rights_provisions,3640,96.0
ccp_civil_rights_provisions,3641,96.0
ccp_civil_rights_provisions,3642,96.0
ccp_civil_rights_provisions,3643,96.0
ccp_civil_rights_provisions,3644,96.0
ccp_civil_rights_provisions,3645,96.0
ccp_civil_rights_provisions,3646,96.0
ccp_civil_rights_provisions,3647,96.0
ccp_civil_rights_provisions,3648,96.0
ccp_civil_rights_provisions,3649,96.0
ccp_civil_rights_provisions,3650,96.0
ccp_civil_rights_provisions,3651,96.0
ccp_civil_rights_provisions,3652,96.0
ccp_civil_rights_provisions,3653,96.0
ccp_civil_rights_provisions,3654,96.0
ccp_civil_rights_provisions,3655,96.0
ccp_information_access,0,1.0
ccp_information_access,1,1.0
ccp_information_access,2,1.0
ccp_information_access,3,1.0
ccp_information_access,4,1.0
ccp_information_access,5,1.0
ccp_information_access,6,1.0
ccp_information_access,7,1.0
ccp_information_access,8,1.0
ccp_information_access,9,1.0
ccp_information_access,10,1.0
ccp_information_access,11,1.0
ccp_information_access,12,1.0
ccp_information_access,13,1.0
ccp_information_access,14,1.0
ccp_information_access,15,1.0
ccp_information_access,16,1.0
ccp_information_access,17,1.0
ccp_information_access,18,1.0
ccp_information_access,19,1.0
ccp_information_access,20,1.0
ccp_information_access,21,1.0
ccp_information_access,22,1.0
ccp_information_access,23,1.0
ccp_information_access,24,1.0
ccp_information_access,25,1.0
ccp_information_access,26,1.0
ccp_information_access,27,1.0
ccp_information_access,28,1.0
ccp_information_access,29,1.0
ccp_information_access,30,1.0
ccp_information_access,31,1.0
ccp_information_access,32,1.0
ccp_information_access,33,1.0
ccp_information_access,34,1.0
ccp_information_access,35,1.0
ccp_information_access,36,1.0
ccp_information_access,37,1.0
ccp_information_access,38,1.0
ccp_information_access,39,1.0
ccp_information_access,40,1.0
ccp_information_access,41,1.0
ccp_information_access,42,1.0
ccp_information_access,43,1.0
ccp_information_access,44,1.0
ccp_information_access,45,1.0
ccp_information_access,46,1.0
ccp_information_access,47,1.0
ccp_information_access,48,1.0
ccp_information_access,49,1.0
ccp_information_access,50,1.0
ccp_information_access,51,1.0
ccp_information_access,52,1.0
ccp_information_access,53,1.0
ccp_information_access,54,1.0
ccp_information_access,55,1.0
ccp_information_access,56,1.0
ccp_information_access,57,1.0
ccp_information_access,58,1.0
ccp_information_access,59,1.0
ccp_information_access,60,1.0
ccp_information_access,61,1.0
ccp_information_access,62,1.0
ccp_information_access,63,1.0
ccp_information_access,64,1.0
ccp_information_access,65,1.0
ccp_information_access,66,1.0
ccp_information_access,67,1.0
ccp_information_access,68,1.0
ccp_information_access,69,1.0
ccp_information_access,70,1.0
ccp_information_access,71,1.0
ccp_information_access,72,1.0
ccp_information_access,73,1.0
ccp_information_access,74,1.0
ccp_information_access,75,1.0
ccp_information_access,76,1.0
ccp_information_access,77,1.0
ccp_information_access,78,1.0
ccp_information_access,79,1.0
ccp_information_access,80,1.0
ccp_information_access,81,1.0
ccp_information_access,82,1.0
ccp_information_access,83,1.0
ccp_information_access,84,1.0
ccp_information_access,85,1.0
ccp_information_access,86,1.0
ccp_information_access,87,1.0
ccp_information_access,88,1.0
ccp_information_access,89,1.0
ccp_information_access,90,1.0
ccp_information_access,91,1.0
ccp_information_access,92,1.0
ccp_information_access,93,1.0
ccp_information_access,94,1.0
ccp_information_access,95,1.0
ccp_information_access,96,1.0
ccp_information_access,97,1.0
ccp_information_access,98,1.0
ccp_information_access,99,1.0
ccp_information_access,100,1.0
ccp_information_access,101,1.0
ccp_information_access,102,1.0
ccp_information_access,103,1.0
ccp_information_access,104,1.0
ccp_information_access,105,1.0
ccp_information_access,106,1.0
ccp_information_access,107,1.0
ccp_information_access,108,1.0
ccp_information_access,109,1.0
ccp_information_access,110,1.0
ccp_information_access,111,1.0
ccp_information_access,112,1.0
ccp_information_access,113,1.0
ccp_information_access,114,1.0
ccp_information_access,115,1.0
ccp_information_access,116,1.0
ccp_information_access,117,1.0
ccp_information_access,118,1.0
ccp_information_access,119,1.0
ccp_information_access,120,1.0
ccp_information_access,121,1.0
ccp_information_access,122,1.0
ccp_information_access,123,1.0
ccp_information_access,124,1.0
ccp_information_access,125,1.0
ccp_information_access,126,1.0
ccp_information_access,127,1.0
ccp_information_access,128,1.0
ccp_information_access,129,1.0
ccp_information_access,130,1.0
ccp_information_access,131,1.0
ccp_information_access,132,1.0
ccp_information_access,133,1.0
ccp_information_access,134,1.0
ccp_information_access,135,1.0
ccp_information_access,136,1.0
ccp_information_access,137,1.0
ccp_information_access,138,1.0
ccp_information_access,139,1.0
ccp_information_access,140,1.0
ccp_information_access,141,1.0
ccp_information_access,142,1.0
ccp_information_access,143,1.0
ccp_information_access,144,1.0
ccp_information_access,145,1.0
ccp_information_access,146,1.0
ccp_information_access,147,1.0
ccp_information_access,148,1.0
ccp_information_access,149,1.0
ccp_information_access,150,1.0
ccp_information_access,151,1.0
ccp_information_access,152,1.0
ccp_information_access,153,1.0
ccp_information_access,154,1.0
ccp_information_access,155,1.0
ccp_information_access,156,1.0
ccp_information_access,157,1.0
ccp_information_access,158,1.0
ccp_information_access,159,1.0
ccp_information_access,160,1.0
ccp_information_access,161,1.0
ccp_information_access,162,1.0
ccp_information_access,163,1.0
ccp_information_access,164,1.0
ccp_information_access,165,1.0
ccp_information_access,166,1.0
ccp_information_access,167,1.0
ccp_information_access,168,1.0
ccp_information_access,169,1.0
ccp_information_access,170,1.0
ccp_information_access,171,1.0
ccp_information_access,172,1.0
ccp_information_access,173,1.0
ccp_information_access,174,1.0
ccp_information_access,175,1.0
ccp_information_access,176,1.0
ccp_information_access,177,1.0
ccp_information_access,178,1.0
ccp_information_access,179,1.0
ccp_information_access,180,1.0
ccp_information_access,181,1.0
ccp_information_access,182,1.0
ccp_information_access,183,1.0
ccp_information_access,184,1.0
ccp_information_access,185,1.0
ccp_information_access,186,1.0
ccp_information_access,187,1.0
ccp_information_access,188,1.0
ccp_information_access,189,1.0
ccp_information_access,190,1.0
ccp_information_access,191,1.0
ccp_information_access,192,1.0
ccp_information_access,193,1.0
ccp_information_access,194,1.0
ccp_information_access,195,1.0
ccp_information_access,196,1.0
ccp_information_access,197,1.0
ccp_information_access,198,1.0
ccp_information_access,199,1.0
ccp_information_access,200,1.0
ccp_information_access,201,1.0
ccp_information_access,202,1.0
ccp_information_access,203,1.0
ccp_information_access,204,1.0
ccp_information_access,205,1.0
ccp_information_access,206,1.0
ccp_information_access,207,1.0
ccp_information_access,208,1.0
ccp_information_access,209,1.0
ccp_information_access,210,1.0
ccp_information_access,211,1.0
ccp_information_access,212,1.0
ccp_information_access,213,1.0
ccp_information_access,214,1.0
ccp_information_access,215,1.0
ccp_information_access,216,1.0
ccp_information_access,217,1.0
ccp_information_access,218,1.0
ccp_information_access,219,1.0
ccp_information_access,220,1.0
ccp_information_access,221,1.0
ccp_information_access,222,1.0
ccp_information_access,223,1.0
ccp_information_access,224,1.0
ccp_information_access,225,1.0
ccp_information_access,226,1.0
ccp_information_access,227,1.0
ccp_information_access,228,1.0
ccp_information_access,229,1.0
ccp_information_access,230,1.0
ccp_information_access,231,1.0
ccp_information_access,232,1.0
ccp_information_access,233,1.0
ccp_information_access,234,1.0
ccp_information_access,235,1.0
ccp_information_access,236,1.0
ccp_information_access,237,1.0
ccp_information_access,238,1.0
ccp_information_access,239,1.0
ccp_information_access,240,1.0
ccp_information_access,241,1.0
ccp_information_access,242,1.0
ccp_information_access,243,1.0
ccp_information_access,244,1.0
ccp_information_access,245,1.0
ccp_information_access,246,1.0
ccp_information_access,247,1.0
ccp_information_access,248,1.0
ccp_information_access,249,1.0
ccp_information_access,250,1.0
ccp_information_access,251,1.0
ccp_information_access,252,1.0
ccp_information_access,253,1.0
ccp_information_access,254,1.0
ccp_information_access,255,1.0
ccp_information_access,256,1.0
ccp_information_access,257,1.0
ccp_information_access,258,1.0
ccp_information_access,259,1.0
ccp_information_access,260,1.0
ccp_information_access,261,1.0
ccp_information_access,262,1.0
ccp_information_access,263,1.0
ccp_information_access,264,1.0
ccp_information_access,265,1.0
ccp_information_access,266,1.0
ccp_information_access,267,1.0
ccp_information_access,268,1.0
ccp_information_access,269,1.0
ccp_information_access,270,1.0
ccp_information_access,271,1.0
ccp_information_access,272,1.0
ccp_information_access,273,1.0
ccp_information_access,274,1.0
ccp_information_access,275,1.0
ccp_information_access,276,1.0
ccp_information_access,277,1.0
ccp_information_access,278,1.0
ccp_information_access,279,1.0
ccp_information_access,280,1.0
ccp_information_access,281,1.0
ccp_information_access,282,1.0
ccp_information_access,283,1.0
ccp_information_access,284,1.0
ccp_information_access,285,1.0
ccp_information_access,286,1.0
ccp_information_access,287,1.0
ccp_information_access,288,1.0
ccp_information_access,289,1.0
ccp_information_access,290,1.0
ccp_information_access,291,1.0
ccp_information_access,292,1.0
ccp_information_access,293,1.0
ccp_information_access,294,1.0
ccp_information_access,295,1.0
ccp_information_access,296,1.0
ccp_information_access,297,1.0
ccp_information_access,298,1.0
ccp_information_access,299,1.0
ccp_information_access,300,1.0
ccp_information_access,301,1.0
ccp_information_access,302,1.0
ccp_information_access,303,1.0
ccp_information_access,304,1.0
ccp_information_access,305,1.0
ccp_information_access,306,1.0
ccp_information_access,307,1.0
ccp_information_access,308,1.0
ccp_information_access,309,1.0
ccp_information_access,310,1.0
ccp_information_access,311,1.0
ccp_information_access,312,1.0
ccp_information_access,313,1.0
ccp_information_access,314,1.0
ccp_information_access,315,1.0
ccp_information_access,316,1.0
ccp_information_access,317,1.0
ccp_information_access,318,1.0
ccp_information_access,319,1.0
ccp_information_access,320,1.0
ccp_information_access,321,1.0
ccp_information_access,322,1.0
ccp_information_access,323,1.0
ccp_information_access,324,1.0
ccp_information_access,325,1.0
ccp_information_access,326,1.0
ccp_information_access,327,1.0
ccp_information_access,328,1.0
ccp_information_access,329,1.0
ccp_information_access,330,1.0
ccp_information_access,331,1.0
ccp_information_access,332,1.0
ccp_information_access,333,1.0
ccp_information_access,334,1.0
ccp_information_access,335,1.0
ccp_information_access,336,1.0
ccp_information_access,337,1.0
ccp_information_access,338,1.0
ccp_information_access,339,1.0
ccp_information_access,340,1.0
ccp_information_access,341,1.0
ccp_information_access,342,1.0
ccp_information_access,343,1.0
ccp_information_access,344,1.0
ccp_information_access,345,1.0
ccp_information_access,346,1.0
ccp_information_access,347,1.0
ccp_information_access,348,1.0
ccp_information_access,349,1.0
ccp_information_access,350,1.0
ccp_information_access,351,1.0
ccp_information_access,352,1.0
ccp_information_access,353,1.0
ccp_information_access,354,1.0
ccp_information_access,355,1.0
ccp_information_access,356,1.0
ccp_information_access,357,1.0
ccp_information_access,358,1.0
ccp_information_access,359,1.0
ccp_information_access,360,1.0
ccp_information_access,361,1.0
ccp_information_access,362,1.0
ccp_information_access,363,1.0
ccp_information_access,364,1.0
ccp_information_access,365,1.0
ccp_information_access,366,1.0
ccp_information_access,367,1.0
ccp_information_access,368,1.0
ccp_information_access,369,1.0
ccp_information_access,370,1.0
ccp_information_access,371,1.0
ccp_information_access,372,1.0
ccp_information_access,373,1.0
ccp_information_access,374,1.0
ccp_information_access,375,1.0
ccp_information_access,376,1.0
ccp_information_access,377,1.0
ccp_information_access,378,1.0
ccp_information_access,379,1.0
ccp_information_access,380,1.0
ccp_information_access,381,1.0
ccp_information_access,382,1.0
ccp_information_access,383,1.0
ccp_information_access,384,1.0
ccp_information_access,385,1.0
ccp_information_access,386,1.0
ccp_information_access,387,1.0
ccp_information_access,388,1.0
ccp_information_access,389,1.0
ccp_information_access,390,1.0
ccp_information_access,391,1.0
ccp_information_access,392,1.0
ccp_information_access,393,1.0
ccp_information_access,394,1.0
ccp_information_access,395,1.0
ccp_information_access,396,1.0
ccp_information_access,397,1.0
ccp_information_access,398,1.0
ccp_information_access,399,1.0
ccp_information_access,400,1.0
ccp_information_access,401,1.0
ccp_information_access,402,1.0
ccp_information_access,403,1.0
ccp_information_access,404,1.0
ccp_information_access,405,1.0
ccp_information_access,406,1.0
ccp_information_access,407,1.0
ccp_information_access,408,1.0
ccp_information_access,409,1.0
ccp_information_access,410,1.0
ccp_information_access,411,1.0
ccp_information_access,412,1.0
ccp_information_access,413,1.0
ccp_information_access,414,1.0
ccp_information_access,415,1.0
ccp_information_access,416,1.0
ccp_information_access,417,1.0
ccp_information_access,418,1.0
ccp_information_access,419,1.0
ccp_information_access,420,1.0
ccp_information_access,421,1.0
ccp_information_access,422,1.0
ccp_information_access,423,1.0
ccp_information_access,424,1.0
ccp_information_access,425,1.0
ccp_information_access,426,1.0
ccp_information_access,427,1.0
ccp_information_access,428,1.0
ccp_information_access,429,1.0
ccp_information_access,430,1.0
ccp_information_access,431,1.0
ccp_information_access,432,1.0
ccp_information_access,433,1.0
ccp_information_access,434,1.0
ccp_information_access,435,1.0
ccp_information_access,436,1.0
ccp_information_access,437,1.0
ccp_information_access,438,1.0
ccp_information_access,439,1.0
ccp_information_access,440,1.0
ccp_information_access,441,1.0
ccp_information_access,442,1.0
ccp_information_access,443,1.0
ccp_information_access,444,1.0
ccp_information_access,445,1.0
ccp_information_access,446,1.0
ccp_information_access,447,1.0
ccp_information_access,448,1.0
ccp_information_access,449,1.0
ccp_information_access,450,1.0
ccp_information_access,451,1.0
ccp_information_access,452,1.0
ccp_information_access,453,1.0
ccp_information_access,454,1.0
ccp_information_access,455,1.0
ccp_information_access,456,1.0
ccp_information_access,457,1.0
ccp_information_access,458,1.0
ccp_information_access,459,1.0
ccp_information_access,460,1.0
ccp_information_access,461,1.0
ccp_information_access,462,1.0
ccp_information_access,463,1.0
ccp_information_access,464,1.0
ccp_information_access,465,1.0
ccp_information_access,466,1.0
ccp_information_access,467,1.0
ccp_information_access,468,1.0
ccp_information_access,469,1.0
ccp_information_access,470,1.0
ccp_information_access,471,1.0
ccp_information_access,472,1.0
ccp_information_access,473,1.0
ccp_information_access,474,1.0
ccp_information_access,475,1.0
ccp_information_access,476,1.0
ccp_information_access,477,1.0
ccp_information_access,478,1.0
ccp_information_access,479,1.0
ccp_information_access,480,1.0
ccp_information_access,481,1.0
ccp_information_access,482,1.0
ccp_information_access,483,1.0
ccp_information_access,484,1.0
ccp_information_access,485,1.0
ccp_information_access,486,1.0
ccp_information_access,487,1.0
ccp_information_access,488,1.0
ccp_information_access,489,1.0
ccp_information_access,490,1.0
ccp_information_access,491,1.0
ccp_information_access,492,1.0
ccp_information_access,493,1.0
ccp_information_access,494,1.0
ccp_information_access,495,1.0
ccp_information_access,496,1.0
ccp_information_access,497,1.0
ccp_information_access,498,1.0
ccp_information_access,499,1.0
ccp_information_access,500,1.0
ccp_information_access,501,1.0
ccp_information_access,502,1.0
ccp_information_access,503,1.0
ccp_information_access,504,1.0
ccp_information_access,505,1.0
ccp_information_access,506,1.0
ccp_information_access,507,1.0
ccp_information_access,508,1.0
ccp_information_access,509,1.0
ccp_information_access,510,1.0
ccp_information_access,511,1.0
ccp_information_access,512,1.0
ccp_information_access,513,1.0
ccp_information_access,514,1.0
ccp_information_access,515,1.0
ccp_information_access,516,1.0
ccp_information_access,517,1.0
ccp_information_access,518,1.0
ccp_information_access,519,1.0
ccp_information_access,520,1.0
ccp_information_access,521,1.0
ccp_information_access,522,1.0
ccp_information_access,523,1.0
ccp_information_access,524,1.0
ccp_information_access,525,1.0
ccp_information_access,526,1.0
ccp_information_access,527,1.0
ccp_information_access,528,1.0
ccp_information_access,529,1.0
ccp_information_access,530,1.0
ccp_information_access,531,1.0
ccp_information_access,532,1.0
ccp_information_access,533,1.0
ccp_information_access,534,1.0
ccp_information_access,535,1.0
ccp_information_access,536,1.0
ccp_information_access,537,1.0
ccp_information_access,538,1.0
ccp_information_access,539,1.0
ccp_information_access,540,1.0
ccp_information_access,541,1.0
ccp_information_access,542,1.0
ccp_information_access,543,1.0
ccp_information_access,544,1.0
ccp_information_access,545,1.0
ccp_information_access,546,1.0
ccp_information_access,547,1.0
ccp_information_access,548,1.0
ccp_information_access,549,1.0
ccp_information_access,550,1.0
ccp_information_access,551,1.0
ccp_information_access,552,1.0
ccp_information_access,553,1.0
ccp_information_access,554,1.0
ccp_information_access,555,1.0
ccp_information_access,556,1.0
ccp_information_access,557,1.0
ccp_information_access,558,1.0
ccp_information_access,559,1.0
ccp_information_access,560,1.0
ccp_information_access,561,1.0
ccp_information_access,562,1.0
ccp_information_access,563,1.0
ccp_information_access,564,1.0
ccp_information_access,565,1.0
ccp_information_access,566,1.0
ccp_information_access,567,1.0
ccp_information_access,568,1.0
ccp_information_access,569,1.0
ccp_information_access,570,1.0
ccp_information_access,571,1.0
ccp_information_access,572,1.0
ccp_information_access,573,1.0
ccp_information_access,574,1.0
ccp_information_access,575,1.0
ccp_information_access,576,1.0
ccp_information_access,577,1.0
ccp_information_access,578,1.0
ccp_information_access,579,1.0
ccp_information_access,580,1.0
ccp_information_access,581,1.0
ccp_information_access,582,1.0
ccp_information_access,583,1.0
ccp_information_access,584,1.0
ccp_information_access,585,1.0
ccp_information_access,586,1.0
ccp_information_access,587,1.0
ccp_information_access,588,1.0
ccp_information_access,589,1.0
ccp_information_access,590,1.0
ccp_information_access,591,1.0
ccp_information_access,592,1.0
ccp_information_access,593,1.0
ccp_information_access,594,1.0
ccp_information_access,595,1.0
ccp_information_access,596,1.0
ccp_information_access,597,1.0
ccp_information_access,598,1.0
ccp_information_access,599,1.0
ccp_information_access,600,1.0
ccp_information_access,601,1.0
ccp_information_access,602,1.0
ccp_information_access,603,1.0
ccp_information_access,604,1.0
ccp_information_access,605,1.0
ccp_information_access,606,1.0
ccp_information_access,607,1.0
ccp_information_access,608,1.0
ccp_information_access,609,1.0
ccp_information_access,610,1.0
ccp_information_access,611,1.0
ccp_information_access,612,1.0
ccp_information_access,613,1.0
ccp_information_access,614,1.0
ccp_information_access,615,1.0
ccp_information_access,616,1.0
ccp_information_access,617,1.0
ccp_information_access,618,1.0
ccp_information_access,619,1.0
ccp_information_access,620,1.0
ccp_information_access,621,1.0
ccp_information_access,622,1.0
ccp_information_access,623,1.0
ccp_information_access,624,1.0
ccp_information_access,625,1.0
ccp_information_access,626,1.0
ccp_information_access,627,1.0
ccp_information_access,628,1.0
ccp_information_access,629,1.0
ccp_information_access,630,1.0
ccp_information_access,631,1.0
ccp_information_access,632,1.0
ccp_information_access,633,1.0
ccp_information_access,634,1.0
ccp_information_access,635,1.0
ccp_information_access,636,1.0
ccp_information_access,637,1.0
ccp_information_access,638,1.0
ccp_information_access,639,1.0
ccp_information_access,640,1.0
ccp_information_access,641,1.0
ccp_information_access,642,1.0
ccp_information_access,643,1.0
ccp_information_access,644,1.0
ccp_information_access,645,1.0
ccp_information_access,646,1.0
ccp_information_access,647,1.0
ccp_information_access,648,1.0
ccp_information_access,649,1.0
ccp_information_access,650,1.0
ccp_information_access,651,1.0
ccp_information_access,652,1.0
ccp_information_access,653,1.0
ccp_information_access,654,1.0
ccp_information_access,655,1.0
ccp_information_access,656,1.0
ccp_information_access,657,1.0
ccp_information_access,658,1.0
ccp_information_access,659,1.0
ccp_information_access,660,1.0
ccp_information_access,661,1.0
ccp_information_access,662,1.0
ccp_information_access,663,1.0
ccp_information_access,664,1.0
ccp_information_access,665,1.0
ccp_information_access,666,1.0
ccp_information_access,667,1.0
ccp_information_access,668,1.0
ccp_information_access,669,1.0
ccp_information_access,670,1.0
ccp_information_access,671,1.0
ccp_information_access,672,1.0
ccp_information_access,673,1.0
ccp_information_access,674,1.0
ccp_information_access,675,1.0
ccp_information_access,676,1.0
ccp_information_access,677,1.0
ccp_information_access,678,1.0
ccp_information_access,679,1.0
ccp_information_access,680,1.0
ccp_information_access,681,1.0
ccp_information_access,682,1.0
ccp_information_access,683,1.0
ccp_information_access,684,1.0
ccp_information_access,685,1.0
ccp_information_access,686,1.0
ccp_information_access,687,1.0
ccp_information_access,688,1.0
ccp_information_access,689,1.0
ccp_information_access,690,1.0
ccp_information_access,691,1.0
ccp_information_access,692,1.0
ccp_information_access,693,1.0
ccp_information_access,694,1.0
ccp_information_access,695,1.0
ccp_information_access,696,1.0
ccp_information_access,697,1.0
ccp_information_access,698,1.0
ccp_information_access,699,1.0
ccp_information_access,700,1.0
ccp_information_access,701,1.0
ccp_information_access,702,1.0
ccp_information_access,703,1.0
ccp_information_access,704,1.0
ccp_information_access,705,1.0
ccp_information_access,706,1.0
ccp_information_access,707,1.0
ccp_information_access,708,1.0
ccp_information_access,709,1.0
ccp_information_access,710,1.0
ccp_information_access,711,1.0
ccp_information_access,712,1.0
ccp_information_access,713,1.0
ccp_information_access,714,1.0
ccp_information_access,715,1.0
ccp_information_access,716,1.0
ccp_information_access,717,1.0
ccp_information_access,718,1.0
ccp_information_access,719,1.0
ccp_information_access,720,1.0
ccp_information_access,721,1.0
ccp_information_access,722,1.0
ccp_information_access,723,1.0
ccp_information_access,724,1.0
ccp_information_access,725,1.0
ccp_information_access,726,1.0
ccp_information_access,727,1.0
ccp_information_access,728,1.0
ccp_information_access,729,1.0
ccp_information_access,730,1.0
ccp_information_access,731,1.0
ccp_information_access,732,1.0
ccp_information_access,733,1.0
ccp_information_access,734,1.0
ccp_information_access,735,1.0
ccp_information_access,736,1.0
ccp_information_access,737,1.0
ccp_information_access,738,1.0
ccp_information_access,739,1.0
ccp_information_access,740,1.0
ccp_information_access,741,1.0
ccp_information_access,742,1.0
ccp_information_access,743,1.0
ccp_information_access,744,1.0
ccp_information_access,745,1.0
ccp_information_access,746,1.0
ccp_information_access,747,1.0
ccp_information_access,748,1.0
ccp_information_access,749,1.0
ccp_information_access,750,1.0
ccp_information_access,751,1.0
ccp_information_access,752,1.0
ccp_information_access,753,1.0
ccp_information_access,754,1.0
ccp_information_access,755,1.0
ccp_information_access,756,1.0
ccp_information_access,757,1.0
ccp_information_access,758,1.0
ccp_information_access,759,1.0
ccp_information_access,760,1.0
ccp_information_access,761,1.0
ccp_information_access,762,1.0
ccp_information_access,763,1.0
ccp_information_access,764,1.0
ccp_information_access,765,1.0
ccp_information_access,766,1.0
ccp_information_access,767,1.0
ccp_information_access,768,1.0
ccp_information_access,769,1.0
ccp_information_access,770,1.0
ccp_information_access,771,1.0
ccp_information_access,772,1.0
ccp_information_access,773,1.0
ccp_information_access,774,1.0
ccp_information_access,775,1.0
ccp_information_access,776,1.0
ccp_information_access,777,1.0
ccp_information_access,778,1.0
ccp_information_access,779,1.0
ccp_information_access,780,1.0
ccp_information_access,781,1.0
ccp_information_access,782,1.0
ccp_information_access,783,1.0
ccp_information_access,784,1.0
ccp_information_access,785,1.0
ccp_information_access,786,1.0
ccp_information_access,787,1.0
ccp_information_access,788,1.0
ccp_information_access,789,1.0
ccp_information_access,790,1.0
ccp_information_access,791,1.0
ccp_information_access,792,1.0
ccp_information_access,793,1.0
ccp_information_access,794,1.0
ccp_information_access,795,1.0
ccp_information_access,796,1.0
ccp_information_access,797,1.0
ccp_information_access,798,1.0
ccp_information_access,799,1.0
ccp_information_access,800,1.0
ccp_information_access,801,1.0
ccp_information_access,802,1.0
ccp_information_access,803,1.0
ccp_information_access,804,1.0
ccp_information_access,805,1.0
ccp_information_access,806,1.0
ccp_information_access,807,1.0
ccp_information_access,808,1.0
ccp_information_access,809,1.0
ccp_information_access,810,1.0
ccp_information_access,811,1.0
ccp_information_access,812,1.0
ccp_information_access,813,1.0
ccp_information_access,814,1.0
ccp_information_access,815,1.0
ccp_information_access,816,1.0
ccp_information_access,817,1.0
ccp_information_access,818,1.0
ccp_information_access,819,1.0
ccp_information_access,820,1.0
ccp_information_access,821,1.0
ccp_information_access,822,1.0
ccp_information_access,823,1.0
ccp_information_access,824,1.0
ccp_information_access,825,1.0
ccp_information_access,826,1.0
ccp_information_access,827,1.0
ccp_information_access,828,1.0
ccp_information_access,829,1.0
ccp_information_access,830,1.0
ccp_information_access,831,1.0
ccp_information_access,832,1.0
ccp_information_access,833,1.0
ccp_information_access,834,1.0
ccp_information_access,835,1.0
ccp_information_access,836,1.0
ccp_information_access,837,1.0
ccp_information_access,838,1.0
ccp_information_access,839,1.0
ccp_information_access,840,1.0
ccp_information_access,841,1.0
ccp_information_access,842,1.0
ccp_information_access,843,1.0
ccp_information_access,844,1.0
ccp_information_access,845,1.0
ccp_information_access,846,1.0
ccp_information_access,847,1.0
ccp_information_access,848,1.0
ccp_information_access,849,1.0
ccp_information_access,850,1.0
ccp_information_access,851,1.0
ccp_information_access,852,1.0
ccp_information_access,853,1.0
ccp_information_access,854,1.0
ccp_information_access,855,1.0
ccp_information_access,856,1.0
ccp_information_access,857,1.0
ccp_information_access,858,1.0
ccp_information_access,859,1.0
ccp_information_access,860,1.0
ccp_information_access,861,1.0
ccp_information_access,862,1.0
ccp_information_access,863,1.0
ccp_information_access,864,1.0
ccp_information_access,865,1.0
ccp_information_access,866,1.0
ccp_information_access,867,1.0
ccp_information_access,868,1.0
ccp_information_access,869,1.0
ccp_information_access,870,1.0
ccp_information_access,871,1.0
ccp_information_access,872,1.0
ccp_information_access,873,1.0
ccp_information_access,874,1.0
ccp_information_access,875,1.0
ccp_information_access,876,1.0
ccp_information_access,877,1.0
ccp_information_access,878,1.0
ccp_information_access,879,1.0
ccp_information_access,880,1.0
ccp_information_access,881,1.0
ccp_information_access,882,1.0
ccp_information_access,883,1.0
ccp_information_access,884,1.0
ccp_information_access,885,1.0
ccp_information_access,886,1.0
ccp_information_access,887,1.0
ccp_information_access,888,1.0
ccp_information_access,889,1.0
ccp_information_access,890,1.0
ccp_information_access,891,1.0
ccp_information_access,892,1.0
ccp_information_access,893,1.0
ccp_information_access,894,1.0
ccp_information_access,895,1.0
ccp_information_access,896,1.0
ccp_information_access,897,1.0
ccp_information_access,898,1.0
ccp_information_access,899,1.0
ccp_information_access,900,1.0
ccp_information_access,901,1.0
ccp_information_access,902,1.0
ccp_information_access,903,1.0
ccp_information_access,904,1.0
ccp_information_access,905,1.0
ccp_information_access,906,1.0
ccp_information_access,907,1.0
ccp_information_access,908,1.0
ccp_information_access,909,1.0
ccp_information_access,910,1.0
ccp_information_access,911,1.0
ccp_information_access,912,1.0
ccp_information_access,913,1.0
ccp_information_access,914,1.0
ccp_information_access,915,1.0
ccp_information_access,916,1.0
ccp_information_access,917,1.0
ccp_information_access,918,1.0
ccp_information_access,919,1.0
ccp_information_access,920,1.0
ccp_information_access,921,1.0
ccp_information_access,922,1.0
ccp_information_access,923,1.0
ccp_information_access,924,1.0
ccp_information_access,925,1.0
ccp_information_access,926,1.0
ccp_information_access,927,1.0
ccp_information_access,928,1.0
ccp_information_access,929,1.0
ccp_information_access,930,1.0
ccp_information_access,931,1.0
ccp_information_access,932,1.0
ccp_information_access,933,1.0
ccp_information_access,934,1.0
ccp_information_access,935,1.0
ccp_information_access,936,1.0
ccp_information_access,937,1.0
ccp_information_access,938,1.0
ccp_information_access,939,1.0
ccp_information_access,940,1.0
ccp_information_access,941,1.0
ccp_information_access,942,1.0
ccp_information_access,943,1.0
ccp_information_access,944,1.0
ccp_information_access,945,1.0
ccp_information_access,946,1.0
ccp_information_access,947,1.0
ccp_information_access,948,1.0
ccp_information_access,949,1.0
ccp_information_access,950,1.0
ccp_information_access,951,1.0
ccp_information_access,952,1.0
ccp_information_access,953,1.0
ccp_information_access,954,1.0
ccp_information_access,955,1.0
ccp_information_access,956,1.0
ccp_information_access,957,1.0
ccp_information_access,958,1.0
ccp_information_access,959,1.0
ccp_information_access,960,1.0
ccp_information_access,961,1.0
ccp_information_access,962,1.0
ccp_information_access,963,1.0
ccp_information_access,964,1.0
ccp_information_access,965,1.0
ccp_information_access,966,1.0
ccp_information_access,967,1.0
ccp_information_access,968,1.0
ccp_information_access,969,1.0
ccp_information_access,970,1.0
ccp_information_access,971,1.0
ccp_information_access,972,1.0
ccp_information_access,973,1.0
ccp_information_access,974,1.0
ccp_information_access,975,1.0
ccp_information_access,976,1.0
ccp_information_access,977,1.0
ccp_information_access,978,1.0
ccp_information_access,979,1.0
ccp_information_access,980,1.0
ccp_information_access,981,1.0
ccp_information_access,982,1.0
ccp_information_access,983,1.0
ccp_information_access,984,1.0
ccp_information_access,985,1.0
ccp_information_access,986,1.0
ccp_information_access,987,1.0
ccp_information_access,988,1.0
ccp_information_access,989,1.0
ccp_information_access,990,1.0
ccp_information_access,991,1.0
ccp_information_access,992,1.0
ccp_information_access,993,1.0
ccp_information_access,994,1.0
ccp_information_access,995,1.0
ccp_information_access,996,1.0
ccp_information_access,997,1.0
ccp_information_access,998,1.0
ccp_information_access,999,1.0
ccp_information_access,1000,1.0
ccp_information_access,1001,1.0
ccp_information_access,1002,1.0
ccp_information_access,1003,1.0
ccp_information_access,1004,1.0
ccp_information_access,1005,1.0
ccp_information_access,1006,1.0
ccp_information_access,1007,1.0
ccp_information_access,1008,1.0
ccp_information_access,1009,1.0
ccp_information_access,1010,1.0
ccp_information_access,1011,1.0
ccp_information_access,1012,1.0
ccp_information_access,1013,1.0
ccp_information_access,1014,1.0
ccp_information_access,1015,1.0
ccp_information_access,1016,1.0
ccp_information_access,1017,1.0
ccp_information_access,1018,1.0
ccp_information_access,1019,1.0
ccp_information_access,1020,1.0
ccp_information_access,1021,1.0
ccp_information_access,1022,1.0
ccp_information_access,1023,1.0
ccp_information_access,1024,1.0
ccp_information_access,1025,1.0
ccp_information_access,1026,1.0
ccp_information_access,1027,1.0
ccp_information_access,1028,1.0
ccp_information_access,1029,1.0
ccp_information_access,1030,1.0
ccp_information_access,1031,1.0
ccp_information_access,1032,1.0
ccp_information_access,1033,1.0
ccp_information_access,1034,1.0
ccp_information_access,1035,1.0
ccp_information_access,1036,1.0
ccp_information_access,1037,1.0
ccp_information_access,1038,1.0
ccp_information_access,1039,1.0
ccp_information_access,1040,1.0
ccp_information_access,1041,1.0
ccp_information_access,1042,1.0
ccp_information_access,1043,1.0
ccp_information_access,1044,1.0
ccp_information_access,1045,1.0
ccp_information_access,1046,1.0
ccp_information_access,1047,1.0
ccp_information_access,1048,1.0
ccp_information_access,1049,1.0
ccp_information_access,1050,1.0
ccp_information_access,1051,1.0
ccp_information_access,1052,1.0
ccp_information_access,1053,1.0
ccp_information_access,1054,1.0
ccp_information_access,1055,1.0
ccp_information_access,1056,1.0
ccp_information_access,1057,1.0
ccp_information_access,1058,1.0
ccp_information_access,1059,1.0
ccp_information_access,1060,1.0
ccp_information_access,1061,1.0
ccp_information_access,1062,1.0
ccp_information_access,1063,1.0
ccp_information_access,1064,1.0
ccp_information_access,1065,1.0
ccp_information_access,1066,1.0
ccp_information_access,1067,1.0
ccp_information_access,1068,1.0
ccp_information_access,1069,1.0
ccp_information_access,1070,1.0
ccp_information_access,1071,1.0
ccp_information_access,1072,1.0
ccp_information_access,1073,1.0
ccp_information_access,1074,1.0
ccp_information_access,1075,1.0
ccp_information_access,1076,1.0
ccp_information_access,1077,1.0
ccp_information_access,1078,1.0
ccp_information_access,1079,1.0
ccp_information_access,1080,1.0
ccp_information_access,1081,1.0
ccp_information_access,1082,1.0
ccp_information_access,1083,1.0
ccp_information_access,1084,1.0
ccp_information_access,1085,1.0
ccp_information_access,1086,1.0
ccp_information_access,1087,1.0
ccp_information_access,1088,1.0
ccp_information_access,1089,1.0
ccp_information_access,1090,1.0
ccp_information_access,1091,1.0
ccp_information_access,1092,1.0
ccp_information_access,1093,1.0
ccp_information_access,1094,1.0
ccp_information_access,1095,1.0
ccp_information_access,1096,1.0
ccp_information_access,1097,1.0
ccp_information_access,1098,1.0
ccp_information_access,1099,1.0
ccp_information_access,1100,1.0
ccp_information_access,1101,1.0
ccp_information_access,1102,1.0
ccp_information_access,1103,1.0
ccp_information_access,1104,1.0
ccp_information_access,1105,1.0
ccp_information_access,1106,1.0
ccp_information_access,1107,1.0
ccp_information_access,1108,1.0
ccp_information_access,1109,1.0
ccp_information_access,1110,1.0
ccp_information_access,1111,1.0
ccp_information_access,1112,1.0
ccp_information_access,1113,1.0
ccp_information_access,1114,1.0
ccp_information_access,1115,1.0
ccp_information_access,1116,1.0
ccp_information_access,1117,1.0
ccp_information_access,1118,1.0
ccp_information_access,1119,1.0
ccp_information_access,1120,1.0
ccp_information_access,1121,1.0
ccp_information_access,1122,1.0
ccp_information_access,1123,1.0
ccp_information_access,1124,1.0
ccp_information_access,1125,1.0
ccp_information_access,1126,1.0
ccp_information_access,1127,1.0
ccp_information_access,1128,1.0
ccp_information_access,1129,1.0
ccp_information_access,1130,1.0
ccp_information_access,1131,1.0
ccp_information_access,1132,1.0
ccp_information_access,1133,1.0
ccp_information_access,1134,1.0
ccp_information_access,1135,1.0
ccp_information_access,1136,1.0
ccp_information_access,1137,1.0
ccp_information_access,1138,1.0
ccp_information_access,1139,1.0
ccp_information_access,1140,1.0
ccp_information_access,1141,1.0
ccp_information_access,1142,1.0
ccp_information_access,1143,1.0
ccp_information_access,1144,1.0
ccp_information_access,1145,1.0
ccp_information_access,1146,1.0
ccp_information_access,1147,1.0
ccp_information_access,1148,1.0
ccp_information_access,1149,1.0
ccp_information_access,1150,1.0
ccp_information_access,1151,1.0
ccp_information_access,1152,1.0
ccp_information_access,1153,1.0
ccp_information_access,1154,1.0
ccp_information_access,1155,1.0
ccp_information_access,1156,1.0
ccp_information_access,1157,1.0
ccp_information_access,1158,1.0
ccp_information_access,1159,1.0
ccp_information_access,1160,1.0
ccp_information_access,1161,1.0
ccp_information_access,1162,1.0
ccp_information_access,1163,1.0
ccp_information_access,1164,1.0
ccp_information_access,1165,1.0
ccp_information_access,1166,1.0
ccp_information_access,1167,1.0
ccp_information_access,1168,1.0
ccp_information_access,1169,1.0
ccp_information_access,1170,1.0
ccp_information_access,1171,1.0
ccp_information_access,1172,1.0
ccp_information_access,1173,1.0
ccp_information_access,1174,1.0
ccp_information_access,1175,1.0
ccp_information_access,1176,1.0
ccp_information_access,1177,1.0
ccp_information_access,1178,1.0
ccp_information_access,1179,1.0
ccp_information_access,1180,1.0
ccp_information_access,1181,1.0
ccp_information_access,1182,1.0
ccp_information_access,1183,1.0
ccp_information_access,1184,1.0
ccp_information_access,1185,1.0
ccp_information_access,1186,1.0
ccp_information_access,1187,1.0
ccp_information_access,1188,1.0
ccp_information_access,1189,1.0
ccp_information_access,1190,1.0
ccp_information_access,1191,1.0
ccp_information_access,1192,1.0
ccp_information_access,1193,1.0
ccp_information_access,1194,1.0
ccp_information_access,1195,1.0
ccp_information_access,1196,1.0
ccp_information_access,1197,1.0
ccp_information_access,1198,1.0
ccp_information_access,1199,1.0
ccp_information_access,1200,1.0
ccp_information_access,1201,1.0
ccp_information_access,1202,1.0
ccp_information_access,1203,1.0
ccp_information_access,1204,1.0
ccp_information_access,1205,1.0
ccp_information_access,1206,1.0
ccp_information_access,1207,1.0
ccp_information_access,1208,1.0
ccp_information_access,1209,1.0
ccp_information_access,1210,1.0
ccp_information_access,1211,1.0
ccp_information_access,1212,1.0
ccp_information_access,1213,1.0
ccp_information_access,1214,1.0
ccp_information_access,1215,1.0
ccp_information_access,1216,1.0
ccp_information_access,1217,1.0
ccp_information_access,1218,1.0
ccp_information_access,1219,1.0
ccp_information_access,1220,1.0
ccp_information_access,1221,1.0
ccp_information_access,1222,1.0
ccp_information_access,1223,1.0
ccp_information_access,1224,1.0
ccp_information_access,1225,1.0
ccp_information_access,1226,1.0
ccp_information_access,1227,1.0
ccp_information_access,1228,1.0
ccp_information_access,1229,1.0
ccp_information_access,1230,1.0
ccp_information_access,1231,1.0
ccp_information_access,1232,1.0
ccp_information_access,1233,1.0
ccp_information_access,1234,1.0
ccp_information_access,1235,1.0
ccp_information_access,1236,1.0
ccp_information_access,1237,1.0
ccp_information_access,1238,1.0
ccp_information_access,1239,1.0
ccp_information_access,1240,1.0
ccp_information_access,1241,1.0
ccp_information_access,1242,1.0
ccp_information_access,1243,1.0
ccp_information_access,1244,1.0
ccp_information_access,1245,1.0
ccp_information_access,1246,1.0
ccp_information_access,1247,1.0
ccp_information_access,1248,1.0
ccp_information_access,1249,1.0
ccp_information_access,1250,1.0
ccp_information_access,1251,1.0
ccp_information_access,1252,1.0
ccp_information_access,1253,1.0
ccp_information_access,1254,1.0
ccp_information_access,1255,1.0
ccp_information_access,1256,1.0
ccp_information_access,1257,1.0
ccp_information_access,1258,1.0
ccp_information_access,1259,1.0
ccp_information_access,1260,1.0
ccp_information_access,1261,1.0
ccp_information_access,1262,1.0
ccp_information_access,1263,1.0
ccp_information_access,1264,1.0
ccp_information_access,1265,1.0
ccp_information_access,1266,1.0
ccp_information_access,1267,1.0
ccp_information_access,1268,1.0
ccp_information_access,1269,1.0
ccp_information_access,1270,1.0
ccp_information_access,1271,1.0
ccp_information_access,1272,1.0
ccp_information_access,1273,1.0
ccp_information_access,1274,1.0
ccp_information_access,1275,1.0
ccp_information_access,1276,1.0
ccp_information_access,1277,1.0
ccp_information_access,1278,1.0
ccp_information_access,1279,1.0
ccp_information_access,1280,1.0
ccp_information_access,1281,1.0
ccp_information_access,1282,1.0
ccp_information_access,1283,1.0
ccp_information_access,1284,1.0
ccp_information_access,1285,1.0
ccp_information_access,1286,1.0
ccp_information_access,1287,1.0
ccp_information_access,1288,1.0
ccp_information_access,1289,1.0
ccp_information_access,1290,1.0
ccp_information_access,1291,1.0
ccp_information_access,1292,1.0
ccp_information_access,1293,1.0
ccp_information_access,1294,1.0
ccp_information_access,1295,1.0
ccp_information_access,1296,1.0
ccp_information_access,1297,1.0
ccp_information_access,1298,1.0
ccp_information_access,1299,1.0
ccp_information_access,1300,1.0
ccp_information_access,1301,1.0
ccp_information_access,1302,1.0
ccp_information_access,1303,1.0
ccp_information_access,1304,1.0
ccp_information_access,1305,1.0
ccp_information_access,1306,1.0
ccp_information_access,1307,1.0
ccp_information_access,1308,1.0
ccp_information_access,1309,1.0
ccp_information_access,1310,1.0
ccp_information_access,1311,1.0
ccp_information_access,1312,1.0
ccp_information_access,1313,1.0
ccp_information_access,1314,1.0
ccp_information_access,1315,1.0
ccp_information_access,1316,1.0
ccp_information_access,1317,1.0
ccp_information_access,1318,1.0
ccp_information_access,1319,1.0
ccp_information_access,1320,1.0
ccp_information_access,1321,1.0
ccp_information_access,1322,1.0
ccp_information_access,1323,1.0
ccp_information_access,1324,1.0
ccp_information_access,1325,1.0
ccp_information_access,1326,1.0
ccp_information_access,1327,1.0
ccp_information_access,1328,1.0
ccp_information_access,1329,1.0
ccp_information_access,1330,1.0
ccp_information_access,1331,1.0
ccp_information_access,1332,1.0
ccp_information_access,1333,1.0
ccp_information_access,1334,1.0
ccp_information_access,1335,1.0
ccp_information_access,1336,1.0
ccp_information_access,1337,1.0
ccp_information_access,1338,1.0
ccp_information_access,1339,1.0
ccp_information_access,1340,1.0
ccp_information_access,1341,1.0
ccp_information_access,1342,1.0
ccp_information_access,1343,1.0
ccp_information_access,1344,1.0
ccp_information_access,1345,1.0
ccp_information_access,1346,1.0
ccp_information_access,1347,1.0
ccp_information_access,1348,1.0
ccp_information_access,1349,1.0
ccp_information_access,1350,1.0
ccp_information_access,1351,1.0
ccp_information_access,1352,1.0
ccp_information_access,1353,1.0
ccp_information_access,1354,1.0
ccp_information_access,1355,1.0
ccp_information_access,1356,1.0
ccp_information_access,1357,1.0
ccp_information_access,1358,1.0
ccp_information_access,1359,1.0
ccp_information_access,1360,1.0
ccp_information_access,1361,1.0
ccp_information_access,1362,1.0
ccp_information_access,1363,1.0
ccp_information_access,1364,1.0
ccp_information_access,1365,1.0
ccp_information_access,1366,1.0
ccp_information_access,1367,1.0
ccp_information_access,1368,1.0
ccp_information_access,1369,1.0
ccp_information_access,1370,1.0
ccp_information_access,1371,1.0
ccp_information_access,1372,1.0
ccp_information_access,1373,1.0
ccp_information_access,1374,1.0
ccp_information_access,1375,1.0
ccp_information_access,1376,1.0
ccp_information_access,1377,1.0
ccp_information_access,1378,1.0
ccp_information_access,1379,1.0
ccp_information_access,1380,1.0
ccp_information_access,1381,1.0
ccp_information_access,1382,1.0
ccp_information_access,1383,1.0
ccp_information_access,1384,1.0
ccp_information_access,1385,1.0
ccp_information_access,1386,1.0
ccp_information_access,1387,1.0
ccp_information_access,1388,1.0
ccp_information_access,1389,1.0
ccp_information_access,1390,1.0
ccp_information_access,1391,1.0
ccp_information_access,1392,1.0
ccp_information_access,1393,1.0
ccp_information_access,1394,1.0
ccp_information_access,1395,1.0
ccp_information_access,1396,1.0
ccp_information_access,1397,1.0
ccp_information_access,1398,1.0
ccp_information_access,1399,1.0
ccp_information_access,1400,1.0
ccp_information_access,1401,1.0
ccp_information_access,1402,1.0
ccp_information_access,1403,1.0
ccp_information_access,1404,1.0
ccp_information_access,1405,1.0
ccp_information_access,1406,1.0
ccp_information_access,1407,1.0
ccp_information_access,1408,1.0
ccp_information_access,1409,1.0
ccp_information_access,1410,1.0
ccp_information_access,1411,1.0
ccp_information_access,1412,1.0
ccp_information_access,1413,1.0
ccp_information_access,1414,1.0
ccp_information_access,1415,1.0
ccp_information_access,1416,1.0
ccp_information_access,1417,1.0
ccp_information_access,1418,1.0
ccp_information_access,1419,1.0
ccp_information_access,1420,1.0
ccp_information_access,1421,1.0
ccp_information_access,1422,1.0
ccp_information_access,1423,1.0
ccp_information_access,1424,1.0
ccp_information_access,1425,2.0
ccp_information_access,1426,2.0
ccp_information_access,1427,2.0
ccp_information_access,1428,2.0
ccp_information_access,1429,2.0
ccp_information_access,1430,2.0
ccp_information_access,1431,2.0
ccp_information_access,1432,2.0
ccp_information_access,1433,2.0
ccp_information_access,1434,2.0
ccp_information_access,1435,2.0
ccp_information_access,1436,2.0
ccp_information_access,1437,2.0
ccp_information_access,1438,2.0
ccp_information_access,1439,2.0
ccp_information_access,1440,2.0
ccp_information_access,1441,2.0
ccp_information_access,1442,2.0
ccp_information_access,1443,2.0
ccp_information_access,1444,2.0
ccp_information_access,1445,2.0
ccp_information_access,1446,2.0
ccp_information_access,1447,2.0
ccp_information_access,1448,2.0
ccp_information_access,1449,2.0
ccp_information_access,1450,2.0
ccp_information_access,1451,2.0
ccp_information_access,1452,2.0
ccp_information_access,1453,2.0
ccp_information_access,1454,2.0
ccp_information_access,1455,2.0
ccp_information_access,1456,2.0
ccp_information_access,1457,2.0
ccp_information_access,1458,2.0
ccp_information_access,1459,2.0
ccp_information_access,1460,2.0
ccp_information_access,1461,2.0
ccp_information_access,1462,2.0
ccp_information_access,1463,2.0
ccp_information_access,1464,2.0
ccp_information_access,1465,2.0
ccp_information_access,1466,2.0
ccp_information_access,1467,2.0
ccp_information_access,1468,2.0
ccp_information_access,1469,2.0
ccp_information_access,1470,2.0
ccp_information_access,1471,2.0
ccp_information_access,1472,2.0
ccp_information_access,1473,2.0
ccp_information_access,1474,2.0
ccp_information_access,1475,2.0
ccp_information_access,1476,2.0
ccp_information_access,1477,2.0
ccp_information_access,1478,2.0
ccp_information_access,1479,2.0
ccp_information_access,1480,2.0
ccp_information_access,1481,2.0
ccp_information_access,1482,2.0
ccp_information_access,1483,2.0
ccp_information_access,1484,2.0
ccp_information_access,1485,2.0
ccp_information_access,1486,2.0
ccp_information_access,1487,2.0
ccp_information_access,1488,2.0
ccp_information_access,1489,2.0
ccp_information_access,1490,2.0
ccp_information_access,1491,2.0
ccp_information_access,1492,2.0
ccp_information_access,1493,2.0
ccp_information_access,1494,2.0
ccp_information_access,1495,2.0
ccp_information_access,1496,2.0
ccp_information_access,1497,2.0
ccp_information_access,1498,2.0
ccp_information_access,1499,2.0
ccp_information_access,1500,2.0
ccp_information_access,1501,2.0
ccp_information_access,1502,2.0
ccp_information_access,1503,2.0
ccp_information_access,1504,2.0
ccp_information_access,1505,2.0
ccp_information_access,1506,2.0
ccp_information_access,1507,2.0
ccp_information_access,1508,2.0
ccp_information_access,1509,2.0
ccp_information_access,1510,2.0
ccp_information_access,1511,2.0
ccp_information_access,1512,2.0
ccp_information_access,1513,2.0
ccp_information_access,1514,2.0
ccp_information_access,1515,2.0
ccp_information_access,1516,2.0
ccp_information_access,1517,2.0
ccp_information_access,1518,2.0
ccp_information_access,1519,2.0
ccp_information_access,1520,2.0
ccp_information_access,1521,2.0
ccp_information_access,1522,2.0
ccp_information_access,1523,2.0
ccp_information_access,1524,2.0
ccp_information_access,1525,2.0
ccp_information_access,1526,2.0
ccp_information_access,1527,2.0
ccp_information_access,1528,2.0
ccp_information_access,1529,2.0
ccp_information_access,1530,2.0
ccp_information_access,1531,2.0
ccp_information_access,1532,2.0
ccp_information_access,1533,2.0
ccp_information_access,1534,2.0
ccp_information_access,1535,2.0
ccp_information_access,1536,2.0
ccp_information_access,1537,2.0
ccp_information_access,1538,2.0
ccp_information_access,1539,2.0
ccp_information_access,1540,2.0
ccp_information_access,1541,2.0
ccp_information_access,1542,2.0
ccp_information_access,1543,2.0
ccp_information_access,1544,2.0
ccp_information_access,1545,2.0
ccp_information_access,1546,2.0
ccp_information_access,1547,2.0
ccp_information_access,1548,2.0
ccp_information_access,1549,2.0
ccp_information_access,1550,2.0
ccp_information_access,1551,2.0
ccp_information_access,1552,2.0
ccp_information_access,1553,2.0
ccp_information_access,1554,2.0
ccp_information_access,1555,2.0
ccp_information_access,1556,2.0
ccp_information_access,1557,2.0
ccp_information_access,1558,2.0
ccp_information_access,1559,2.0
ccp_information_access,1560,2.0
ccp_information_access,1561,2.0
ccp_information_access,1562,2.0
ccp_information_access,1563,2.0
ccp_information_access,1564,2.0
ccp_information_access,1565,2.0
ccp_information_access,1566,2.0
ccp_information_access,1567,2.0
ccp_information_access,1568,2.0
ccp_information_access,1569,2.0
ccp_information_access,1570,2.0
ccp_information_access,1571,2.0
ccp_information_access,1572,2.0
ccp_information_access,1573,2.0
ccp_information_access,1574,2.0
ccp_information_access,1575,2.0
ccp_information_access,1576,2.0
ccp_information_access,1577,2.0
ccp_information_access,1578,2.0
ccp_information_access,1579,2.0
ccp_information_access,1580,2.0
ccp_information_access,1581,2.0
ccp_information_access,1582,2.0
ccp_information_access,1583,2.0
ccp_information_access,1584,2.0
ccp_information_access,1585,2.0
ccp_information_access,1586,2.0
ccp_information_access,1587,2.0
ccp_information_access,1588,2.0
ccp_information_access,1589,2.0
ccp_information_access,1590,2.0
ccp_information_access,1591,2.0
ccp_information_access,1592,2.0
ccp_information_access,1593,2.0
ccp_information_access,1594,2.0
ccp_information_access,1595,2.0
ccp_information_access,1596,2.0
ccp_information_access,1597,2.0
ccp_information_access,1598,2.0
ccp_information_access,1599,2.0
ccp_information_access,1600,2.0
ccp_information_access,1601,2.0
ccp_information_access,1602,2.0
ccp_information_access,1603,2.0
ccp_information_access,1604,2.0
ccp_information_access,1605,2.0
ccp_information_access,1606,2.0
ccp_information_access,1607,2.0
ccp_information_access,1608,2.0
ccp_information_access,1609,2.0
ccp_information_access,1610,2.0
ccp_information_access,1611,2.0
ccp_information_access,1612,2.0
ccp_information_access,1613,2.0
ccp_information_access,1614,2.0
ccp_information_access,1615,2.0
ccp_information_access,1616,2.0
ccp_information_access,1617,2.0
ccp_information_access,1618,2.0
ccp_information_access,1619,2.0
ccp_information_access,1620,2.0
ccp_information_access,1621,2.0
ccp_information_access,1622,2.0
ccp_information_access,1623,2.0
ccp_information_access,1624,2.0
ccp_information_access,1625,2.0
ccp_information_access,1626,2.0
ccp_information_access,1627,2.0
ccp_information_access,1628,2.0
ccp_information_access,1629,2.0
ccp_information_access,1630,2.0
ccp_information_access,1631,2.0
ccp_information_access,1632,2.0
ccp_information_access,1633,2.0
ccp_information_access,1634,2.0
ccp_information_access,1635,2.0
ccp_information_access,1636,2.0
ccp_information_access,1637,2.0
ccp_information_access,1638,2.0
ccp_information_access,1639,2.0
ccp_information_access,1640,2.0
ccp_information_access,1641,2.0
ccp_information_access,1642,2.0
ccp_information_access,1643,2.0
ccp_information_access,1644,2.0
ccp_information_access,1645,2.0
ccp_information_access,1646,2.0
ccp_information_access,1647,2.0
ccp_information_access,1648,2.0
ccp_information_access,1649,2.0
ccp_information_access,1650,2.0
ccp_information_access,1651,2.0
ccp_information_access,1652,2.0
ccp_information_access,1653,2.0
ccp_information_access,1654,2.0
ccp_information_access,1655,2.0
ccp_information_access,1656,2.0
ccp_information_access,1657,2.0
ccp_information_access,1658,2.0
ccp_information_access,1659,2.0
ccp_information_access,1660,2.0
ccp_information_access,1661,2.0
ccp_information_access,1662,2.0
ccp_information_access,1663,2.0
ccp_information_access,1664,2.0
ccp_information_access,1665,2.0
ccp_information_access,1666,2.0
ccp_information_access,1667,2.0
ccp_information_access,1668,2.0
ccp_information_access,1669,2.0
ccp_information_access,1670,2.0
ccp_information_access,1671,2.0
ccp_information_access,1672,2.0
ccp_information_access,1673,2.0
ccp_information_access,1674,2.0
ccp_information_access,1675,2.0
ccp_information_access,1676,2.0
ccp_information_access,1677,2.0
ccp_information_access,1678,2.0
ccp_information_access,1679,2.0
ccp_information_access,1680,2.0
ccp_information_access,1681,2.0
ccp_information_access,1682,2.0
ccp_information_access,1683,2.0
ccp_information_access,1684,2.0
ccp_information_access,1685,2.0
ccp_information_access,1686,2.0
ccp_information_access,1687,2.0
ccp_information_access,1688,2.0
ccp_information_access,1689,2.0
ccp_information_access,1690,2.0
ccp_information_access,1691,2.0
ccp_information_access,1692,2.0
ccp_information_access,1693,2.0
ccp_information_access,1694,2.0
ccp_information_access,1695,2.0
ccp_information_access,1696,2.0
ccp_information_access,1697,2.0
ccp_information_access,1698,2.0
ccp_information_access,1699,2.0
ccp_information_access,1700,2.0
ccp_information_access,1701,2.0
ccp_information_access,1702,2.0
ccp_information_access,1703,2.0
ccp_information_access,1704,2.0
ccp_information_access,1705,2.0
ccp_information_access,1706,2.0
ccp_information_access,1707,2.0
ccp_information_access,1708,2.0
ccp_information_access,1709,2.0
ccp_information_access,1710,2.0
ccp_information_access,1711,2.0
ccp_information_access,1712,2.0
ccp_information_access,1713,2.0
ccp_information_access,1714,2.0
ccp_information_access,1715,2.0
ccp_information_access,1716,2.0
ccp_information_access,1717,2.0
ccp_information_access,1718,2.0
ccp_information_access,1719,2.0
ccp_information_access,1720,2.0
ccp_information_access,1721,2.0
ccp_information_access,1722,2.0
ccp_information_access,1723,2.0
ccp_information_access,1724,2.0
ccp_information_access,1725,2.0
ccp_information_access,1726,2.0
ccp_information_access,1727,2.0
ccp_information_access,1728,2.0
ccp_information_access,1729,2.0
ccp_information_access,1730,2.0
ccp_information_access,1731,2.0
ccp_information_access,1732,2.0
ccp_information_access,1733,2.0
ccp_information_access,1734,2.0
ccp_information_access,1735,2.0
ccp_information_access,1736,2.0
ccp_information_access,1737,2.0
ccp_information_access,1738,2.0
ccp_information_access,1739,2.0
ccp_information_access,1740,2.0
ccp_information_access,1741,2.0
ccp_information_access,1742,2.0
ccp_information_access,1743,2.0
ccp_information_access,1744,2.0
ccp_information_access,1745,2.0
ccp_information_access,1746,2.0
ccp_information_access,1747,2.0
ccp_information_access,1748,2.0
ccp_information_access,1749,2.0
ccp_information_access,1750,2.0
ccp_information_access,1751,2.0
ccp_information_access,1752,2.0
ccp_information_access,1753,2.0
ccp_information_access,1754,2.0
ccp_information_access,1755,2.0
ccp_information_access,1756,2.0
ccp_information_access,1757,2.0
ccp_information_access,1758,2.0
ccp_information_access,1759,2.0
ccp_information_access,1760,2.0
ccp_information_access,1761,2.0
ccp_information_access,1762,2.0
ccp_information_access,1763,2.0
ccp_information_access,1764,2.0
ccp_information_access,1765,2.0
ccp_information_access,1766,2.0
ccp_information_access,1767,2.0
ccp_information_access,1768,2.0
ccp_information_access,1769,2.0
ccp_information_access,1770,2.0
ccp_information_access,1771,2.0
ccp_information_access,1772,2.0
ccp_information_access,1773,2.0
ccp_information_access,1774,2.0
ccp_information_access,1775,2.0
ccp_information_access,1776,2.0
ccp_information_access,1777,2.0
ccp_information_access,1778,2.0
ccp_information_access,1779,2.0
ccp_information_access,1780,2.0
ccp_information_access,1781,2.0
ccp_information_access,1782,2.0
ccp_information_access,1783,2.0
ccp_information_access,1784,2.0
ccp_information_access,1785,2.0
ccp_information_access,1786,2.0
ccp_information_access,1787,2.0
ccp_information_access,1788,2.0
ccp_information_access,1789,2.0
ccp_information_access,1790,2.0
ccp_information_access,1791,2.0
ccp_information_access,1792,2.0
ccp_information_access,1793,2.0
ccp_information_access,1794,2.0
ccp_information_access,1795,2.0
ccp_information_access,1796,2.0
ccp_information_access,1797,2.0
ccp_information_access,1798,2.0
ccp_information_access,1799,2.0
ccp_information_access,1800,2.0
ccp_information_access,1801,2.0
ccp_information_access,1802,2.0
ccp_information_access,1803,2.0
ccp_information_access,1804,2.0
ccp_information_access,1805,2.0
ccp_information_access,1806,2.0
ccp_information_access,1807,2.0
ccp_information_access,1808,2.0
ccp_information_access,1809,2.0
ccp_information_access,1810,2.0
ccp_information_access,1811,2.0
ccp_information_access,1812,2.0
ccp_information_access,1813,2.0
ccp_information_access,1814,2.0
ccp_information_access,1815,2.0
ccp_information_access,1816,2.0
ccp_information_access,1817,2.0
ccp_information_access,1818,2.0
ccp_information_access,1819,2.0
ccp_information_access,1820,2.0
ccp_information_access,1821,2.0
ccp_information_access,1822,2.0
ccp_information_access,1823,2.0
ccp_information_access,1824,2.0
ccp_information_access,1825,2.0
ccp_information_access,1826,2.0
ccp_information_access,1827,2.0
ccp_information_access,1828,2.0
ccp_information_access,1829,2.0
ccp_information_access,1830,2.0
ccp_information_access,1831,2.0
ccp_information_access,1832,2.0
ccp_information_access,1833,2.0
ccp_information_access,1834,2.0
ccp_information_access,1835,2.0
ccp_information_access,1836,2.0
ccp_information_access,1837,2.0
ccp_information_access,1838,2.0
ccp_information_access,1839,2.0
ccp_information_access,1840,2.0
ccp_information_access,1841,2.0
ccp_information_access,1842,2.0
ccp_information_access,1843,2.0
ccp_information_access,1844,2.0
ccp_information_access,1845,2.0
ccp_information_access,1846,2.0
ccp_information_access,1847,2.0
ccp_information_access,1848,2.0
ccp_information_access,1849,2.0
ccp_information_access,1850,2.0
ccp_information_access,1851,2.0
ccp_information_access,1852,2.0
ccp_information_access,1853,2.0
ccp_information_access,1854,2.0
ccp_information_access,1855,2.0
ccp_information_access,1856,2.0
ccp_information_access,1857,2.0
ccp_information_access,1858,2.0
ccp_information_access,1859,2.0
ccp_information_access,1860,2.0
ccp_information_access,1861,2.0
ccp_information_access,1862,2.0
ccp_information_access,1863,2.0
ccp_information_access,1864,2.0
ccp_information_access,1865,2.0
ccp_information_access,1866,2.0
ccp_information_access,1867,2.0
ccp_information_access,1868,2.0
ccp_information_access,1869,2.0
ccp_information_access,1870,2.0
ccp_information_access,1871,2.0
ccp_information_access,1872,2.0
ccp_information_access,1873,2.0
ccp_information_access,1874,2.0
ccp_information_access,1875,2.0
ccp_information_access,1876,2.0
ccp_information_access,1877,2.0
ccp_information_access,1878,2.0
ccp_information_access,1879,2.0
ccp_information_access,1880,2.0
ccp_information_access,1881,2.0
ccp_information_access,1882,2.0
ccp_information_access,1883,2.0
ccp_information_access,1884,2.0
ccp_information_access,1885,2.0
ccp_information_access,1886,2.0
ccp_information_access,1887,2.0
ccp_information_access,1888,2.0
ccp_information_access,1889,2.0
ccp_information_access,1890,2.0
ccp_information_access,1891,2.0
ccp_information_access,1892,2.0
ccp_information_access,1893,2.0
ccp_information_access,1894,2.0
ccp_information_access,1895,2.0
ccp_information_access,1896,2.0
ccp_information_access,1897,2.0
ccp_information_access,1898,2.0
ccp_information_access,1899,2.0
ccp_information_access,1900,2.0
ccp_information_access,1901,2.0
ccp_information_access,1902,2.0
ccp_information_access,1903,2.0
ccp_information_access,1904,2.0
ccp_information_access,1905,2.0
ccp_information_access,1906,2.0
ccp_information_access,1907,2.0
ccp_information_access,1908,2.0
ccp_information_access,1909,2.0
ccp_information_access,1910,2.0
ccp_information_access,1911,2.0
ccp_information_access,1912,2.0
ccp_information_access,1913,2.0
ccp_information_access,1914,2.0
ccp_information_access,1915,2.0
ccp_information_access,1916,2.0
ccp_information_access,1917,2.0
ccp_information_access,1918,2.0
ccp_information_access,1919,2.0
ccp_information_access,1920,2.0
ccp_information_access,1921,2.0
ccp_information_access,1922,2.0
ccp_information_access,1923,2.0
ccp_information_access,1924,2.0
ccp_information_access,1925,2.0
ccp_information_access,1926,2.0
ccp_information_access,1927,2.0
ccp_information_access,1928,2.0
ccp_information_access,1929,2.0
ccp_information_access,1930,2.0
ccp_information_access,1931,2.0
ccp_information_access,1932,2.0
ccp_information_access,1933,2.0
ccp_information_access,1934,2.0
ccp_information_access,1935,2.0
ccp_information_access,1936,2.0
ccp_information_access,1937,2.0
ccp_information_access,1938,2.0
ccp_information_access,1939,2.0
ccp_information_access,1940,2.0
ccp_information_access,1941,2.0
ccp_information_access,1942,2.0
ccp_information_access,1943,2.0
ccp_information_access,1944,2.0
ccp_information_access,1945,2.0
ccp_information_access,1946,2.0
ccp_information_access,1947,2.0
ccp_information_access,1948,2.0
ccp_information_access,1949,2.0
ccp_information_access,1950,2.0
ccp_information_access,1951,2.0
ccp_information_access,1952,2.0
ccp_information_access,1953,2.0
ccp_information_access,1954,2.0
ccp_information_access,1955,2.0
ccp_information_access,1956,2.0
ccp_information_access,1957,2.0
ccp_information_access,1958,2.0
ccp_information_access,1959,2.0
ccp_information_access,1960,2.0
ccp_information_access,1961,2.0
ccp_information_access,1962,2.0
ccp_information_access,1963,2.0
ccp_information_access,1964,2.0
ccp_information_access,1965,2.0
ccp_information_access,1966,2.0
ccp_information_access,1967,2.0
ccp_information_access,1968,2.0
ccp_information_access,1969,2.0
ccp_information_access,1970,2.0
ccp_information_access,1971,2.0
ccp_information_access,1972,2.0
ccp_information_access,1973,2.0
ccp_information_access,1974,2.0
ccp_information_access,1975,2.0
ccp_information_access,1976,2.0
ccp_information_access,1977,2.0
ccp_information_access,1978,2.0
ccp_information_access,1979,2.0
ccp_information_access,1980,2.0
ccp_information_access,1981,2.0
ccp_information_access,1982,2.0
ccp_information_access,1983,2.0
ccp_information_access,1984,2.0
ccp_information_access,1985,2.0
ccp_information_access,1986,2.0
ccp_information_access,1987,2.0
ccp_information_access,1988,2.0
ccp_information_access,1989,2.0
ccp_information_access,1990,2.0
ccp_information_access,1991,2.0
ccp_information_access,1992,2.0
ccp_information_access,1993,2.0
ccp_information_access,1994,2.0
ccp_information_access,1995,2.0
ccp_information_access,1996,2.0
ccp_information_access,1997,2.0
ccp_information_access,1998,2.0
ccp_information_access,1999,2.0
ccp_information_access,2000,2.0
ccp_information_access,2001,2.0
ccp_information_access,2002,2.0
ccp_information_access,2003,2.0
ccp_information_access,2004,2.0
ccp_information_access,2005,2.0
ccp_information_access,2006,2.0
ccp_information_access,2007,2.0
ccp_information_access,2008,2.0
ccp_information_access,2009,2.0
ccp_information_access,2010,2.0
ccp_information_access,2011,2.0
ccp_information_access,2012,2.0
ccp_information_access,2013,2.0
ccp_information_access,2014,2.0
ccp_information_access,2015,2.0
ccp_information_access,2016,2.0
ccp_information_access,2017,2.0
ccp_information_access,2018,2.0
ccp_information_access,2019,2.0
ccp_information_access,2020,2.0
ccp_information_access,2021,2.0
ccp_information_access,2022,2.0
ccp_information_access,2023,2.0
ccp_information_access,2024,2.0
ccp_information_access,2025,2.0
ccp_information_access,2026,2.0
ccp_information_access,2027,2.0
ccp_information_access,2028,2.0
ccp_information_access,2029,2.0
ccp_information_access,2030,2.0
ccp_information_access,2031,2.0
ccp_information_access,2032,2.0
ccp_information_access,2033,2.0
ccp_information_access,2034,2.0
ccp_information_access,2035,2.0
ccp_information_access,2036,2.0
ccp_information_access,2037,2.0
ccp_information_access,2038,2.0
ccp_information_access,2039,2.0
ccp_information_access,2040,2.0
ccp_information_access,2041,2.0
ccp_information_access,2042,2.0
ccp_information_access,2043,2.0
ccp_information_access,2044,2.0
ccp_information_access,2045,2.0
ccp_information_access,2046,2.0
ccp_information_access,2047,2.0
ccp_information_access,2048,2.0
ccp_information_access,2049,2.0
ccp_information_access,2050,2.0
ccp_information_access,2051,2.0
ccp_information_access,2052,2.0
ccp_information_access,2053,2.0
ccp_information_access,2054,2.0
ccp_information_access,2055,2.0
ccp_information_access,2056,2.0
ccp_information_access,2057,2.0
ccp_information_access,2058,2.0
ccp_information_access,2059,2.0
ccp_information_access,2060,2.0
ccp_information_access,2061,2.0
ccp_information_access,2062,2.0
ccp_information_access,2063,2.0
ccp_information_access,2064,2.0
ccp_information_access,2065,2.0
ccp_information_access,2066,2.0
ccp_information_access,2067,2.0
ccp_information_access,2068,2.0
ccp_information_access,2069,2.0
ccp_information_access,2070,2.0
ccp_information_access,2071,2.0
ccp_information_access,2072,2.0
ccp_information_access,2073,2.0
ccp_information_access,2074,2.0
ccp_information_access,2075,2.0
ccp_information_access,2076,2.0
ccp_information_access,2077,2.0
ccp_information_access,2078,2.0
ccp_information_access,2079,2.0
ccp_information_access,2080,2.0
ccp_information_access,2081,2.0
ccp_information_access,2082,2.0
ccp_information_access,2083,2.0
ccp_information_access,2084,2.0
ccp_information_access,2085,2.0
ccp_information_access,2086,2.0
ccp_information_access,2087,2.0
ccp_information_access,2088,2.0
ccp_information_access,2089,2.0
ccp_information_access,2090,2.0
ccp_information_access,2091,2.0
ccp_information_access,2092,2.0
ccp_information_access,2093,2.0
ccp_information_access,2094,2.0
ccp_information_access,2095,2.0
ccp_information_access,2096,2.0
ccp_information_access,2097,2.0
ccp_information_access,2098,2.0
ccp_information_access,2099,2.0
ccp_information_access,2100,2.0
ccp_information_access,2101,2.0
ccp_information_access,2102,2.0
ccp_information_access,2103,2.0
ccp_information_access,2104,2.0
ccp_information_access,2105,2.0
ccp_information_access,2106,2.0
ccp_information_access,2107,2.0
ccp_information_access,2108,2.0
ccp_information_access,2109,2.0
ccp_information_access,2110,2.0
ccp_information_access,2111,2.0
ccp_information_access,2112,2.0
ccp_information_access,2113,2.0
ccp_information_access,2114,2.0
ccp_information_access,2115,2.0
ccp_information_access,2116,2.0
ccp_information_access,2117,2.0
ccp_information_access,2118,2.0
ccp_information_access,2119,2.0
ccp_information_access,2120,2.0
ccp_information_access,2121,2.0
ccp_information_access,2122,2.0
ccp_information_access,2123,2.0
ccp_information_access,2124,2.0
ccp_information_access,2125,2.0
ccp_information_access,2126,2.0
ccp_information_access,2127,2.0
ccp_information_access,2128,2.0
ccp_information_access,2129,2.0
ccp_information_access,2130,2.0
ccp_information_access,2131,2.0
ccp_information_access,2132,2.0
ccp_information_access,2133,2.0
ccp_information_access,2134,2.0
ccp_information_access,2135,2.0
ccp_information_access,2136,2.0
ccp_information_access,2137,2.0
ccp_information_access,2138,2.0
ccp_information_access,2139,2.0
ccp_information_access,2140,2.0
ccp_information_access,2141,2.0
ccp_information_access,2142,2.0
ccp_information_access,2143,2.0
ccp_information_access,2144,2.0
ccp_information_access,2145,2.0
ccp_information_access,2146,2.0
ccp_information_access,2147,2.0
ccp_information_access,2148,2.0
ccp_information_access,2149,2.0
ccp_information_access,2150,2.0
ccp_information_access,2151,2.0
ccp_information_access,2152,2.0
ccp_information_access,2153,2.0
ccp_information_access,2154,2.0
ccp_information_access,2155,2.0
ccp_information_access,2156,2.0
ccp_information_access,2157,2.0
ccp_information_access,2158,2.0
ccp_information_access,2159,2.0
ccp_information_access,2160,2.0
ccp_information_access,2161,2.0
ccp_information_access,2162,2.0
ccp_information_access,2163,2.0
ccp_information_access,2164,2.0
ccp_information_access,2165,2.0
ccp_information_access,2166,2.0
ccp_information_access,2167,2.0
ccp_information_access,2168,2.0
ccp_information_access,2169,2.0
ccp_information_access,2170,2.0
ccp_information_access,2171,2.0
ccp_information_access,2172,2.0
ccp_information_access,2173,2.0
ccp_information_access,2174,2.0
ccp_information_access,2175,2.0
ccp_information_access,2176,2.0
ccp_information_access,2177,2.0
ccp_information_access,2178,2.0
ccp_information_access,2179,2.0
ccp_information_access,2180,2.0
ccp_information_access,2181,2.0
ccp_information_access,2182,2.0
ccp_information_access,2183,2.0
ccp_information_access,2184,2.0
ccp_information_access,2185,2.0
ccp_information_access,2186,2.0
ccp_information_access,2187,2.0
ccp_information_access,2188,2.0
ccp_information_access,2189,2.0
ccp_information_access,2190,2.0
ccp_information_access,2191,2.0
ccp_information_access,2192,2.0
ccp_information_access,2193,2.0
ccp_information_access,2194,2.0
ccp_information_access,2195,2.0
ccp_information_access,2196,2.0
ccp_information_access,2197,2.0
ccp_information_access,2198,2.0
ccp_information_access,2199,2.0
ccp_information_access,2200,2.0
ccp_information_access,2201,2.0
ccp_information_access,2202,2.0
ccp_information_access,2203,2.0
ccp_information_access,2204,2.0
ccp_information_access,2205,2.0
ccp_information_access,2206,2.0
ccp_information_access,2207,2.0
ccp_information_access,2208,2.0
ccp_information_access,2209,2.0
ccp_information_access,2210,2.0
ccp_information_access,2211,2.0
ccp_information_access,2212,2.0
ccp_information_access,2213,2.0
ccp_information_access,2214,2.0
ccp_information_access,2215,2.0
ccp_information_access,2216,2.0
ccp_information_access,2217,2.0
ccp_information_access,2218,2.0
ccp_information_access,2219,2.0
ccp_information_access,2220,2.0
ccp_information_access,2221,2.0
ccp_information_access,2222,2.0
ccp_information_access,2223,2.0
ccp_information_access,2224,2.0
ccp_information_access,2225,2.0
ccp_information_access,2226,2.0
ccp_information_access,2227,2.0
ccp_information_access,2228,2.0
ccp_information_access,2229,2.0
ccp_information_access,2230,2.0
ccp_information_access,2231,2.0
ccp_information_access,2232,2.0
ccp_information_access,2233,2.0
ccp_information_access,2234,2.0
ccp_information_access,2235,2.0
ccp_information_access,2236,2.0
ccp_information_access,2237,2.0
ccp_information_access,2238,2.0
ccp_information_access,2239,2.0
ccp_information_access,2240,2.0
ccp_information_access,2241,2.0
ccp_information_access,2242,2.0
ccp_information_access,2243,2.0
ccp_information_access,2244,2.0
ccp_information_access,2245,2.0
ccp_information_access,2246,2.0
ccp_information_access,2247,2.0
ccp_information_access,2248,2.0
ccp_information_access,2249,2.0
ccp_information_access,2250,2.0
ccp_information_access,2251,2.0
ccp_information_access,2252,2.0
ccp_information_access,2253,2.0
ccp_information_access,2254,2.0
ccp_information_access,2255,2.0
ccp_information_access,2256,2.0
ccp_information_access,2257,2.0
ccp_information_access,2258,2.0
ccp_information_access,2259,2.0
ccp_information_access,2260,2.0
ccp_information_access,2261,2.0
ccp_information_access,2262,2.0
ccp_information_access,2263,2.0
ccp_information_access,2264,2.0
ccp_information_access,2265,2.0
ccp_information_access,2266,2.0
ccp_information_access,2267,2.0
ccp_information_access,2268,2.0
ccp_information_access,2269,2.0
ccp_information_access,2270,2.0
ccp_information_access,2271,2.0
ccp_information_access,2272,2.0
ccp_information_access,2273,2.0
ccp_information_access,2274,2.0
ccp_information_access,2275,2.0
ccp_information_access,2276,2.0
ccp_information_access,2277,2.0
ccp_information_access,2278,2.0
ccp_information_access,2279,2.0
ccp_information_access,2280,2.0
ccp_information_access,2281,2.0
ccp_information_access,2282,2.0
ccp_information_access,2283,2.0
ccp_information_access,2284,2.0
ccp_information_access,2285,2.0
ccp_information_access,2286,2.0
ccp_information_access,2287,2.0
ccp_information_access,2288,2.0
ccp_information_access,2289,2.0
ccp_information_access,2290,2.0
ccp_information_access,2291,2.0
ccp_information_access,2292,2.0
ccp_information_access,2293,2.0
ccp_information_access,2294,2.0
ccp_information_access,2295,2.0
ccp_information_access,2296,2.0
ccp_information_access,2297,2.0
ccp_information_access,2298,2.0
ccp_information_access,2299,2.0
ccp_information_access,2300,2.0
ccp_information_access,2301,2.0
ccp_information_access,2302,2.0
ccp_information_access,2303,2.0
ccp_information_access,2304,2.0
ccp_information_access,2305,2.0
ccp_information_access,2306,2.0
ccp_information_access,2307,2.0
ccp_information_access,2308,2.0
ccp_information_access,2309,2.0
ccp_information_access,2310,2.0
ccp_information_access,2311,2.0
ccp_information_access,2312,2.0
ccp_information_access,2313,2.0
ccp_information_access,2314,2.0
ccp_information_access,2315,2.0
ccp_information_access,2316,2.0
ccp_information_access,2317,2.0
ccp_information_access,2318,2.0
ccp_information_access,2319,2.0
ccp_information_access,2320,2.0
ccp_information_access,2321,2.0
ccp_information_access,2322,2.0
ccp_information_access,2323,2.0
ccp_information_access,2324,2.0
ccp_information_access,2325,2.0
ccp_information_access,2326,2.0
ccp_information_access,2327,2.0
ccp_information_access,2328,2.0
ccp_information_access,2329,2.0
ccp_information_access,2330,2.0
ccp_information_access,2331,2.0
ccp_information_access,2332,2.0
ccp_information_access,2333,2.0
ccp_information_access,2334,2.0
ccp_information_access,2335,2.0
ccp_information_access,2336,2.0
ccp_information_access,2337,2.0
ccp_information_access,2338,2.0
ccp_information_access,2339,2.0
ccp_information_access,2340,2.0
ccp_information_access,2341,2.0
ccp_information_access,2342,2.0
ccp_information_access,2343,2.0
ccp_information_access,2344,2.0
ccp_information_access,2345,2.0
ccp_information_access,2346,2.0
ccp_information_access,2347,2.0
ccp_information_access,2348,2.0
ccp_information_access,2349,2.0
ccp_information_access,2350,2.0
ccp_information_access,2351,2.0
ccp_information_access,2352,2.0
ccp_information_access,2353,2.0
ccp_information_access,2354,2.0
ccp_information_access,2355,2.0
ccp_information_access,2356,2.0
ccp_information_access,2357,2.0
ccp_information_access,2358,2.0
ccp_information_access,2359,2.0
ccp_information_access,2360,2.0
ccp_information_access,2361,2.0
ccp_information_access,2362,2.0
ccp_information_access,2363,2.0
ccp_information_access,2364,2.0
ccp_information_access,2365,2.0
ccp_information_access,2366,2.0
ccp_information_access,2367,2.0
ccp_information_access,2368,2.0
ccp_information_access,2369,2.0
ccp_information_access,2370,2.0
ccp_information_access,2371,2.0
ccp_information_access,2372,2.0
ccp_information_access,2373,2.0
ccp_information_access,2374,2.0
ccp_information_access,2375,2.0
ccp_information_access,2376,2.0
ccp_information_access,2377,2.0
ccp_information_access,2378,2.0
ccp_information_access,2379,2.0
ccp_information_access,2380,2.0
ccp_information_access,2381,2.0
ccp_information_access,2382,2.0
ccp_information_access,2383,2.0
ccp_information_access,2384,2.0
ccp_information_access,2385,2.0
ccp_information_access,2386,2.0
ccp_information_access,2387,2.0
ccp_information_access,2388,2.0
ccp_information_access,2389,2.0
ccp_information_access,2390,2.0
ccp_information_access,2391,2.0
ccp_information_access,2392,2.0
ccp_information_access,2393,2.0
ccp_information_access,2394,2.0
ccp_information_access,2395,2.0
ccp_information_access,2396,2.0
ccp_information_access,2397,2.0
ccp_information_access,2398,2.0
ccp_information_access,2399,2.0
ccp_information_access,2400,2.0
ccp_information_access,2401,2.0
ccp_information_access,2402,2.0
ccp_information_access,2403,2.0
ccp_information_access,2404,2.0
ccp_information_access,2405,2.0
ccp_information_access,2406,2.0
ccp_information_access,2407,2.0
ccp_information_access,2408,2.0
ccp_information_access,2409,2.0
ccp_information_access,2410,2.0
ccp_information_access,2411,2.0
ccp_information_access,2412,2.0
ccp_information_access,2413,2.0
ccp_information_access,2414,2.0
ccp_information_access,2415,2.0
ccp_information_access,2416,2.0
ccp_information_access,2417,2.0
ccp_information_access,2418,2.0
ccp_information_access,2419,2.0
ccp_information_access,2420,2.0
ccp_information_access,2421,2.0
ccp_information_access,2422,2.0
ccp_information_access,2423,2.0
ccp_information_access,2424,2.0
ccp_information_access,2425,2.0
ccp_information_access,2426,2.0
ccp_information_access,2427,2.0
ccp_information_access,2428,2.0
ccp_information_access,2429,2.0
ccp_information_access,2430,2.0
ccp_information_access,2431,2.0
ccp_information_access,2432,2.0
ccp_information_access,2433,2.0
ccp_information_access,2434,2.0
ccp_information_access,2435,2.0
ccp_information_access,2436,2.0
ccp_information_access,2437,2.0
ccp_information_access,2438,2.0
ccp_information_access,2439,2.0
ccp_information_access,2440,2.0
ccp_information_access,2441,2.0
ccp_information_access,2442,2.0
ccp_information_access,2443,2.0
ccp_information_access,2444,2.0
ccp_information_access,2445,2.0
ccp_information_access,2446,2.0
ccp_information_access,2447,2.0
ccp_information_access,2448,2.0
ccp_information_access,2449,2.0
ccp_information_access,2450,2.0
ccp_information_access,2451,2.0
ccp_information_access,2452,2.0
ccp_information_access,2453,2.0
ccp_information_access,2454,2.0
ccp_information_access,2455,2.0
ccp_information_access,2456,2.0
ccp_information_access,2457,2.0
ccp_information_access,2458,2.0
ccp_information_access,2459,2.0
ccp_information_access,2460,2.0
ccp_information_access,2461,2.0
ccp_information_access,2462,2.0
ccp_information_access,2463,2.0
ccp_information_access,2464,2.0
ccp_information_access,2465,2.0
ccp_information_access,2466,2.0
ccp_information_access,2467,2.0
ccp_information_access,2468,2.0
ccp_information_access,2469,2.0
ccp_information_access,2470,2.0
ccp_information_access,2471,2.0
ccp_information_access,2472,2.0
ccp_information_access,2473,2.0
ccp_information_access,2474,2.0
ccp_information_access,2475,2.0
ccp_information_access,2476,2.0
ccp_information_access,2477,2.0
ccp_information_access,2478,2.0
ccp_information_access,2479,2.0
ccp_information_access,2480,2.0
ccp_information_access,2481,2.0
ccp_information_access,2482,2.0
ccp_information_access,2483,2.0
ccp_information_access,2484,2.0
ccp_information_access,2485,2.0
ccp_information_access,2486,2.0
ccp_information_access,2487,2.0
ccp_information_access,2488,2.0
ccp_information_access,2489,2.0
ccp_information_access,2490,2.0
ccp_information_access,2491,2.0
ccp_information_access,2492,2.0
ccp_information_access,2493,2.0
ccp_information_access,2494,2.0
ccp_information_access,2495,2.0
ccp_information_access,2496,2.0
ccp_information_access,2497,2.0
ccp_information_access,2498,2.0
ccp_information_access,2499,2.0
ccp_information_access,2500,2.0
ccp_information_access,2501,2.0
ccp_information_access,2502,2.0
ccp_information_access,2503,2.0
ccp_information_access,2504,2.0
ccp_information_access,2505,2.0
ccp_information_access,2506,2.0
ccp_information_access,2507,2.0
ccp_information_access,2508,2.0
ccp_information_access,2509,2.0
ccp_information_access,2510,2.0
ccp_information_access,2511,2.0
ccp_information_access,2512,2.0
ccp_information_access,2513,2.0
ccp_information_access,2514,2.0
ccp_information_access,2515,2.0
ccp_information_access,2516,2.0
ccp_information_access,2517,2.0
ccp_information_access,2518,2.0
ccp_information_access,2519,2.0
ccp_information_access,2520,2.0
ccp_information_access,2521,2.0
ccp_information_access,2522,2.0
ccp_information_access,2523,2.0
ccp_information_access,2524,2.0
ccp_information_access,2525,2.0
ccp_information_access,2526,2.0
ccp_information_access,2527,2.0
ccp_information_access,2528,2.0
ccp_information_access,2529,2.0
ccp_information_access,2530,2.0
ccp_information_access,2531,2.0
ccp_information_access,2532,2.0
ccp_information_access,2533,2.0
ccp_information_access,2534,2.0
ccp_information_access,2535,2.0
ccp_information_access,2536,2.0
ccp_information_access,2537,2.0
ccp_information_access,2538,2.0
ccp_information_access,2539,2.0
ccp_information_access,2540,2.0
ccp_information_access,2541,2.0
ccp_information_access,2542,2.0
ccp_information_access,2543,2.0
ccp_information_access,2544,2.0
ccp_information_access,2545,2.0
ccp_information_access,2546,2.0
ccp_information_access,2547,2.0
ccp_information_access,2548,2.0
ccp_information_access,2549,2.0
ccp_information_access,2550,2.0
ccp_information_access,2551,2.0
ccp_information_access,2552,2.0
ccp_information_access,2553,2.0
ccp_information_access,2554,2.0
ccp_information_access,2555,2.0
ccp_information_access,2556,2.0
ccp_information_access,2557,2.0
ccp_information_access,2558,2.0
ccp_information_access,2559,2.0
ccp_information_access,2560,2.0
ccp_information_access,2561,2.0
ccp_information_access,2562,2.0
ccp_information_access,2563,2.0
ccp_information_access,2564,2.0
ccp_information_access,2565,2.0
ccp_information_access,2566,2.0
ccp_information_access,2567,2.0
ccp_information_access,2568,2.0
ccp_information_access,2569,2.0
ccp_information_access,2570,2.0
ccp_information_access,2571,2.0
ccp_information_access,2572,2.0
ccp_information_access,2573,2.0
ccp_information_access,2574,2.0
ccp_information_access,2575,2.0
ccp_information_access,2576,2.0
ccp_information_access,2577,2.0
ccp_information_access,2578,2.0
ccp_information_access,2579,2.0
ccp_information_access,2580,2.0
ccp_information_access,2581,2.0
ccp_information_access,2582,2.0
ccp_information_access,2583,2.0
ccp_information_access,2584,2.0
ccp_information_access,2585,2.0
ccp_information_access,2586,2.0
ccp_information_access,2587,2.0
ccp_information_access,2588,2.0
ccp_information_access,2589,2.0
ccp_information_access,2590,2.0
ccp_information_access,2591,2.0
ccp_information_access,2592,2.0
ccp_information_access,2593,2.0
ccp_information_access,2594,2.0
ccp_information_access,2595,2.0
ccp_information_access,2596,2.0
ccp_information_access,2597,2.0
ccp_information_access,2598,2.0
ccp_information_access,2599,2.0
ccp_information_access,2600,2.0
ccp_information_access,2601,2.0
ccp_information_access,2602,2.0
ccp_information_access,2603,2.0
ccp_information_access,2604,2.0
ccp_information_access,2605,2.0
ccp_information_access,2606,2.0
ccp_information_access,2607,2.0
ccp_information_access,2608,2.0
ccp_information_access,2609,2.0
ccp_information_access,2610,2.0
ccp_information_access,2611,2.0
ccp_information_access,2612,2.0
ccp_information_access,2613,2.0
ccp_information_access,2614,2.0
ccp_information_access,2615,2.0
ccp_information_access,2616,2.0
ccp_information_access,2617,2.0
ccp_information_access,2618,2.0
ccp_information_access,2619,2.0
ccp_information_access,2620,2.0
ccp_information_access,2621,2.0
ccp_information_access,2622,2.0
ccp_information_access,2623,2.0
ccp_information_access,2624,2.0
ccp_information_access,2625,2.0
ccp_information_access,2626,2.0
ccp_information_access,2627,2.0
ccp_information_access,2628,2.0
ccp_information_access,2629,2.0
ccp_information_access,2630,2.0
ccp_information_access,2631,2.0
ccp_information_access,2632,2.0
ccp_information_access,2633,2.0
ccp_information_access,2634,2.0
ccp_information_access,2635,2.0
ccp_information_access,2636,2.0
ccp_information_access,2637,2.0
ccp_information_access,2638,2.0
ccp_information_access,2639,2.0
ccp_information_access,2640,2.0
ccp_information_access,2641,2.0
ccp_information_access,2642,2.0
ccp_information_access,2643,2.0
ccp_information_access,2644,2.0
ccp_information_access,2645,2.0
ccp_information_access,2646,2.0
ccp_information_access,2647,2.0
ccp_information_access,2648,2.0
ccp_information_access,2649,2.0
ccp_information_access,2650,2.0
ccp_information_access,2651,2.0
ccp_information_access,2652,2.0
ccp_information_access,2653,2.0
ccp_information_access,2654,2.0
ccp_information_access,2655,2.0
ccp_information_access,2656,2.0
ccp_information_access,2657,2.0
ccp_information_access,2658,2.0
ccp_information_access,2659,2.0
ccp_information_access,2660,2.0
ccp_information_access,2661,2.0
ccp_information_access,2662,2.0
ccp_information_access,2663,2.0
ccp_information_access,2664,2.0
ccp_information_access,2665,2.0
ccp_information_access,2666,2.0
ccp_information_access,2667,2.0
ccp_information_access,2668,2.0
ccp_information_access,2669,2.0
ccp_information_access,2670,2.0
ccp_information_access,2671,2.0
ccp_information_access,2672,2.0
ccp_information_access,2673,2.0
ccp_information_access,2674,2.0
ccp_information_access,2675,2.0
ccp_information_access,2676,2.0
ccp_information_access,2677,2.0
ccp_information_access,2678,2.0
ccp_information_access,2679,2.0
ccp_information_access,2680,2.0
ccp_information_access,2681,2.0
ccp_information_access,2682,2.0
ccp_information_access,2683,2.0
ccp_information_access,2684,2.0
ccp_information_access,2685,2.0
ccp_information_access,2686,2.0
ccp_information_access,2687,2.0
ccp_information_access,2688,2.0
ccp_information_access,2689,2.0
ccp_information_access,2690,2.0
ccp_information_access,2691,2.0
ccp_information_access,2692,2.0
ccp_information_access,2693,2.0
ccp_information_access,2694,2.0
ccp_information_access,2695,2.0
ccp_information_access,2696,2.0
ccp_information_access,2697,2.0
ccp_information_access,2698,2.0
ccp_information_access,2699,2.0
ccp_information_access,2700,2.0
ccp_information_access,2701,2.0
ccp_information_access,2702,2.0
ccp_information_access,2703,2.0
ccp_information_access,2704,2.0
ccp_information_access,2705,2.0
ccp_information_access,2706,2.0
ccp_information_access,2707,2.0
ccp_information_access,2708,2.0
ccp_information_access,2709,2.0
ccp_information_access,2710,2.0
ccp_information_access,2711,2.0
ccp_information_access,2712,2.0
ccp_information_access,2713,2.0
ccp_information_access,2714,2.0
ccp_information_access,2715,2.0
ccp_information_access,2716,2.0
ccp_information_access,2717,2.0
ccp_information_access,2718,2.0
ccp_information_access,2719,2.0
ccp_information_access,2720,2.0
ccp_information_access,2721,2.0
ccp_information_access,2722,2.0
ccp_information_access,2723,2.0
ccp_information_access,2724,2.0
ccp_information_access,2725,2.0
ccp_information_access,2726,2.0
ccp_information_access,2727,2.0
ccp_information_access,2728,2.0
ccp_information_access,2729,2.0
ccp_information_access,2730,2.0
ccp_information_access,2731,2.0
ccp_information_access,2732,2.0
ccp_information_access,2733,2.0
ccp_information_access,2734,2.0
ccp_information_access,2735,2.0
ccp_information_access,2736,2.0
ccp_information_access,2737,2.0
ccp_information_access,2738,2.0
ccp_information_access,2739,2.0
ccp_information_access,2740,2.0
ccp_information_access,2741,2.0
ccp_information_access,2742,2.0
ccp_information_access,2743,2.0
ccp_information_access,2744,2.0
ccp_information_access,2745,2.0
ccp_information_access,2746,2.0
ccp_information_access,2747,2.0
ccp_information_access,2748,2.0
ccp_information_access,2749,2.0
ccp_information_access,2750,2.0
ccp_information_access,2751,2.0
ccp_information_access,2752,2.0
ccp_information_access,2753,2.0
ccp_information_access,2754,2.0
ccp_information_access,2755,2.0
ccp_information_access,2756,2.0
ccp_information_access,2757,2.0
ccp_information_access,2758,2.0
ccp_information_access,2759,2.0
ccp_information_access,2760,2.0
ccp_information_access,2761,2.0
ccp_information_access,2762,2.0
ccp_information_access,2763,2.0
ccp_information_access,2764,2.0
ccp_information_access,2765,2.0
ccp_information_access,2766,2.0
ccp_information_access,2767,2.0
ccp_information_access,2768,2.0
ccp_information_access,2769,2.0
ccp_information_access,2770,2.0
ccp_information_access,2771,2.0
ccp_information_access,2772,2.0
ccp_information_access,2773,2.0
ccp_information_access,2774,2.0
ccp_information_access,2775,2.0
ccp_information_access,2776,2.0
ccp_information_access,2777,2.0
ccp_information_access,2778,2.0
ccp_information_access,2779,2.0
ccp_information_access,2780,2.0
ccp_information_access,2781,2.0
ccp_information_access,2782,2.0
ccp_information_access,2783,2.0
ccp_information_access,2784,2.0
ccp_information_access,2785,2.0
ccp_information_access,2786,2.0
ccp_information_access,2787,2.0
ccp_information_access,2788,2.0
ccp_information_access,2789,2.0
ccp_information_access,2790,2.0
ccp_information_access,2791,2.0
ccp_information_access,2792,2.0
ccp_information_access,2793,2.0
ccp_information_access,2794,2.0
ccp_information_access,2795,2.0
ccp_information_access,2796,2.0
ccp_information_access,2797,2.0
ccp_information_access,2798,2.0
ccp_information_access,2799,2.0
ccp_information_access,2800,2.0
ccp_information_access,2801,2.0
ccp_information_access,2802,2.0
ccp_information_access,2803,2.0
ccp_information_access,2804,2.0
ccp_information_access,2805,2.0
ccp_information_access,2806,2.0
ccp_information_access,2807,2.0
ccp_information_access,2808,2.0
ccp_information_access,2809,2.0
ccp_information_access,2810,2.0
ccp_information_access,2811,2.0
ccp_information_access,2812,2.0
ccp_information_access,2813,2.0
ccp_information_access,2814,2.0
ccp_information_access,2815,2.0
ccp_information_access,2816,2.0
ccp_information_access,2817,2.0
ccp_information_access,2818,2.0
ccp_information_access,2819,2.0
ccp_information_access,2820,2.0
ccp_information_access,2821,2.0
ccp_information_access,2822,2.0
ccp_information_access,2823,2.0
ccp_information_access,2824,2.0
ccp_information_access,2825,2.0
ccp_information_access,2826,2.0
ccp_information_access,2827,2.0
ccp_information_access,2828,2.0
ccp_information_access,2829,2.0
ccp_information_access,2830,2.0
ccp_information_access,2831,2.0
ccp_information_access,2832,2.0
ccp_information_access,2833,2.0
ccp_information_access,2834,2.0
ccp_information_access,2835,2.0
ccp_information_access,2836,2.0
ccp_information_access,2837,2.0
ccp_information_access,2838,2.0
ccp_information_access,2839,2.0
ccp_information_access,2840,2.0
ccp_information_access,2841,2.0
ccp_information_access,2842,2.0
ccp_information_access,2843,2.0
ccp_information_access,2844,2.0
ccp_information_access,2845,2.0
ccp_information_access,2846,2.0
ccp_information_access,2847,2.0
ccp_information_access,2848,2.0
ccp_information_access,2849,2.0
ccp_information_access,2850,2.0
ccp_information_access,2851,2.0
ccp_information_access,2852,2.0
ccp_information_access,2853,2.0
ccp_information_access,2854,2.0
ccp_information_access,2855,2.0
ccp_information_access,2856,2.0
ccp_information_access,2857,2.0
ccp_information_access,2858,2.0
ccp_information_access,2859,2.0
ccp_information_access,2860,2.0
ccp_information_access,2861,2.0
ccp_information_access,2862,2.0
ccp_information_access,2863,2.0
ccp_information_access,2864,2.0
ccp_information_access,2865,2.0
ccp_information_access,2866,2.0
ccp_information_access,2867,2.0
ccp_information_access,2868,2.0
ccp_information_access,2869,2.0
ccp_information_access,2870,2.0
ccp_information_access,2871,2.0
ccp_information_access,2872,2.0
ccp_information_access,2873,2.0
ccp_information_access,2874,2.0
ccp_information_access,2875,2.0
ccp_information_access,2876,2.0
ccp_information_access,2877,2.0
ccp_information_access,2878,2.0
ccp_information_access,2879,2.0
ccp_information_access,2880,2.0
ccp_information_access,2881,2.0
ccp_information_access,2882,2.0
ccp_information_access,2883,2.0
ccp_information_access,2884,2.0
ccp_information_access,2885,2.0
ccp_information_access,2886,2.0
ccp_information_access,2887,2.0
ccp_information_access,2888,2.0
ccp_information_access,2889,2.0
ccp_information_access,2890,2.0
ccp_information_access,2891,2.0
ccp_information_access,2892,2.0
ccp_information_access,2893,2.0
ccp_information_access,2894,2.0
ccp_information_access,2895,2.0
ccp_information_access,2896,2.0
ccp_information_access,2897,2.0
ccp_information_access,2898,2.0
ccp_information_access,2899,2.0
ccp_information_access,2900,2.0
ccp_information_access,2901,2.0
ccp_information_access,2902,2.0
ccp_information_access,2903,2.0
ccp_information_access,2904,2.0
ccp_information_access,2905,2.0
ccp_information_access,2906,2.0
ccp_information_access,2907,2.0
ccp_information_access,2908,2.0
ccp_information_access,2909,2.0
ccp_information_access,2910,2.0
ccp_information_access,2911,2.0
ccp_information_access,2912,2.0
ccp_information_access,2913,2.0
ccp_information_access,2914,2.0
ccp_information_access,2915,2.0
ccp_information_access,2916,2.0
ccp_information_access,2917,2.0
ccp_information_access,2918,2.0
ccp_information_access,2919,2.0
ccp_information_access,2920,2.0
ccp_information_access,2921,2.0
ccp_information_access,2922,2.0
ccp_information_access,2923,2.0
ccp_information_access,2924,2.0
ccp_information_access,2925,2.0
ccp_information_access,2926,2.0
ccp_information_access,2927,2.0
ccp_information_access,2928,2.0
ccp_information_access,2929,2.0
ccp_information_access,2930,2.0
ccp_information_access,2931,2.0
ccp_information_access,2932,2.0
ccp_information_access,2933,2.0
ccp_information_access,2934,2.0
ccp_information_access,2935,2.0
ccp_information_access,2936,2.0
ccp_information_access,2937,2.0
ccp_information_access,2938,2.0
ccp_information_access,2939,2.0
ccp_information_access,2940,2.0
ccp_information_access,2941,2.0
ccp_information_access,2942,2.0
ccp_information_access,2943,2.0
ccp_information_access,2944,2.0
ccp_information_access,2945,2.0
ccp_information_access,2946,2.0
ccp_information_access,2947,2.0
ccp_information_access,2948,2.0
ccp_information_access,2949,2.0
ccp_information_access,2950,2.0
ccp_information_access,2951,2.0
ccp_information_access,2952,2.0
ccp_information_access,2953,2.0
ccp_information_access,2954,2.0
ccp_information_access,2955,2.0
ccp_information_access,2956,2.0
ccp_information_access,2957,2.0
ccp_information_access,2958,2.0
ccp_information_access,2959,2.0
ccp_information_access,2960,2.0
ccp_information_access,2961,2.0
ccp_information_access,2962,2.0
ccp_information_access,2963,2.0
ccp_information_access,2964,2.0
ccp_information_access,2965,2.0
ccp_information_access,2966,2.0
ccp_information_access,2967,2.0
ccp_information_access,2968,2.0
ccp_information_access,2969,2.0
ccp_information_access,2970,2.0
ccp_information_access,2971,2.0
ccp_information_access,2972,2.0
ccp_information_access,2973,2.0
ccp_information_access,2974,2.0
ccp_information_access,2975,2.0
ccp_information_access,2976,2.0
ccp_information_access,2977,2.0
ccp_information_access,2978,2.0
ccp_information_access,2979,2.0
ccp_information_access,2980,2.0
ccp_information_access,2981,2.0
ccp_information_access,2982,2.0
ccp_information_access,2983,2.0
ccp_information_access,2984,2.0
ccp_information_access,2985,2.0
ccp_information_access,2986,2.0
ccp_information_access,2987,2.0
ccp_information_access,2988,2.0
ccp_information_access,2989,2.0
ccp_information_access,2990,2.0
ccp_information_access,2991,2.0
ccp_information_access,2992,2.0
ccp_information_access,2993,2.0
ccp_information_access,2994,2.0
ccp_information_access,2995,2.0
ccp_information_access,2996,2.0
ccp_information_access,2997,2.0
ccp_information_access,2998,2.0
ccp_information_access,2999,2.0
ccp_information_access,3000,2.0
ccp_information_access,3001,2.0
ccp_information_access,3002,2.0
ccp_information_access,3003,2.0
ccp_information_access,3004,2.0
ccp_information_access,3005,2.0
ccp_information_access,3006,2.0
ccp_information_access,3007,2.0
ccp_information_access,3008,2.0
ccp_information_access,3009,2.0
ccp_information_access,3010,2.0
ccp_information_access,3011,2.0
ccp_information_access,3012,2.0
ccp_information_access,3013,2.0
ccp_information_access,3014,2.0
ccp_information_access,3015,2.0
ccp_information_access,3016,2.0
ccp_information_access,3017,2.0
ccp_information_access,3018,2.0
ccp_information_access,3019,2.0
ccp_information_access,3020,2.0
ccp_information_access,3021,2.0
ccp_information_access,3022,2.0
ccp_information_access,3023,2.0
ccp_information_access,3024,2.0
ccp_information_access,3025,2.0
ccp_information_access,3026,2.0
ccp_information_access,3027,2.0
ccp_information_access,3028,2.0
ccp_information_access,3029,2.0
ccp_information_access,3030,2.0
ccp_information_access,3031,2.0
ccp_information_access,3032,2.0
ccp_information_access,3033,2.0
ccp_information_access,3034,2.0
ccp_information_access,3035,2.0
ccp_information_access,3036,2.0
ccp_information_access,3037,2.0
ccp_information_access,3038,2.0
ccp_information_access,3039,2.0
ccp_information_access,3040,2.0
ccp_information_access,3041,2.0
ccp_information_access,3042,2.0
ccp_information_access,3043,2.0
ccp_information_access,3044,2.0
ccp_information_access,3045,2.0
ccp_information_access,3046,2.0
ccp_information_access,3047,2.0
ccp_information_access,3048,2.0
ccp_information_access,3049,2.0
ccp_information_access,3050,2.0
ccp_information_access,3051,2.0
ccp_information_access,3052,2.0
ccp_information_access,3053,2.0
ccp_information_access,3054,2.0
ccp_information_access,3055,2.0
ccp_information_access,3056,2.0
ccp_information_access,3057,2.0
ccp_information_access,3058,2.0
ccp_information_access,3059,2.0
ccp_information_access,3060,2.0
ccp_information_access,3061,2.0
ccp_information_access,3062,2.0
ccp_information_access,3063,2.0
ccp_information_access,3064,2.0
ccp_information_access,3065,2.0
ccp_information_access,3066,2.0
ccp_information_access,3067,2.0
ccp_information_access,3068,2.0
ccp_information_access,3069,2.0
ccp_information_access,3070,2.0
ccp_information_access,3071,2.0
ccp_information_access,3072,2.0
ccp_information_access,3073,2.0
ccp_information_access,3074,2.0
ccp_information_access,3075,2.0
ccp_information_access,3076,2.0
ccp_information_access,3077,2.0
ccp_information_access,3078,2.0
ccp_information_access,3079,2.0
ccp_information_access,3080,2.0
ccp_information_access,3081,2.0
ccp_information_access,3082,2.0
ccp_information_access,3083,2.0
ccp_information_access,3084,2.0
ccp_information_access,3085,2.0
ccp_information_access,3086,2.0
ccp_information_access,3087,2.0
ccp_information_access,3088,2.0
ccp_information_access,3089,2.0
ccp_information_access,3090,2.0
ccp_information_access,3091,2.0
ccp_information_access,3092,2.0
ccp_information_access,3093,2.0
ccp_information_access,3094,2.0
ccp_information_access,3095,2.0
ccp_information_access,3096,2.0
ccp_information_access,3097,2.0
ccp_information_access,3098,2.0
ccp_information_access,3099,2.0
ccp_information_access,3100,2.0
ccp_information_access,3101,2.0
ccp_information_access,3102,2.0
ccp_information_access,3103,2.0
ccp_information_access,3104,2.0
ccp_information_access,3105,2.0
ccp_information_access,3106,2.0
ccp_information_access,3107,2.0
ccp_information_access,3108,2.0
ccp_information_access,3109,2.0
ccp_information_access,3110,2.0
ccp_information_access,3111,2.0
ccp_information_access,3112,2.0
ccp_information_access,3113,2.0
ccp_information_access,3114,2.0
ccp_information_access,3115,2.0
ccp_information_access,3116,2.0
ccp_information_access,3117,2.0
ccp_information_access,3118,2.0
ccp_information_access,3119,2.0
ccp_information_access,3120,2.0
ccp_information_access,3121,2.0
ccp_information_access,3122,2.0
ccp_information_access,3123,2.0
ccp_information_access,3124,2.0
ccp_information_access,3125,2.0
ccp_information_access,3126,2.0
ccp_information_access,3127,2.0
ccp_information_access,3128,2.0
ccp_information_access,3129,2.0
ccp_information_access,3130,2.0
ccp_information_access,3131,2.0
ccp_information_access,3132,2.0
ccp_information_access,3133,2.0
ccp_information_access,3134,2.0
ccp_information_access,3135,2.0
ccp_information_access,3136,2.0
ccp_information_access,3137,2.0
ccp_information_access,3138,2.0
ccp_information_access,3139,2.0
ccp_information_access,3140,2.0
ccp_information_access,3141,2.0
ccp_information_access,3142,2.0
ccp_information_access,3143,2.0
ccp_information_access,3144,2.0
ccp_information_access,3145,2.0
ccp_information_access,3146,2.0
ccp_information_access,3147,2.0
ccp_information_access,3148,2.0
ccp_information_access,3149,2.0
ccp_information_access,3150,2.0
ccp_information_access,3151,2.0
ccp_information_access,3152,2.0
ccp_information_access,3153,2.0
ccp_information_access,3154,2.0
ccp_information_access,3155,2.0
ccp_information_access,3156,2.0
ccp_information_access,3157,2.0
ccp_information_access,3158,2.0
ccp_information_access,3159,2.0
ccp_information_access,3160,2.0
ccp_information_access,3161,2.0
ccp_information_access,3162,2.0
ccp_information_access,3163,2.0
ccp_information_access,3164,2.0
ccp_information_access,3165,2.0
ccp_information_access,3166,2.0
ccp_information_access,3167,2.0
ccp_information_access,3168,2.0
ccp_information_access,3169,2.0
ccp_information_access,3170,2.0
ccp_information_access,3171,2.0
ccp_information_access,3172,2.0
ccp_information_access,3173,2.0
ccp_information_access,3174,2.0
ccp_information_access,3175,2.0
ccp_information_access,3176,2.0
ccp_information_access,3177,2.0
ccp_information_access,3178,2.0
ccp_information_access,3179,2.0
ccp_information_access,3180,2.0
ccp_information_access,3181,2.0
ccp_information_access,3182,2.0
ccp_information_access,3183,2.0
ccp_information_access,3184,2.0
ccp_information_access,3185,2.0
ccp_information_access,3186,2.0
ccp_information_access,3187,2.0
ccp_information_access,3188,2.0
ccp_information_access,3189,2.0
ccp_information_access,3190,2.0
ccp_information_access,3191,2.0
ccp_information_access,3192,2.0
ccp_information_access,3193,2.0
ccp_information_access,3194,2.0
ccp_information_access,3195,2.0
ccp_information_access,3196,2.0
ccp_information_access,3197,2.0
ccp_information_access,3198,2.0
ccp_information_access,3199,2.0
ccp_information_access,3200,2.0
ccp_information_access,3201,2.0
ccp_information_access,3202,2.0
ccp_information_access,3203,2.0
ccp_information_access,3204,2.0
ccp_information_access,3205,2.0
ccp_information_access,3206,2.0
ccp_information_access,3207,2.0
ccp_information_access,3208,2.0
ccp_information_access,3209,2.0
ccp_information_access,3210,2.0
ccp_information_access,3211,2.0
ccp_information_access,3212,2.0
ccp_information_access,3213,2.0
ccp_information_access,3214,2.0
ccp_information_access,3215,2.0
ccp_information_access,3216,2.0
ccp_information_access,3217,2.0
ccp_information_access,3218,2.0
ccp_information_access,3219,2.0
ccp_information_access,3220,2.0
ccp_information_access,3221,2.0
ccp_information_access,3222,2.0
ccp_information_access,3223,2.0
ccp_information_access,3224,2.0
ccp_information_access,3225,2.0
ccp_information_access,3226,2.0
ccp_information_access,3227,2.0
ccp_information_access,3228,2.0
ccp_information_access,3229,2.0
ccp_information_access,3230,2.0
ccp_information_access,3231,2.0
ccp_information_access,3232,2.0
ccp_information_access,3233,2.0
ccp_information_access,3234,2.0
ccp_information_access,3235,2.0
ccp_information_access,3236,2.0
ccp_information_access,3237,2.0
ccp_information_access,3238,2.0
ccp_information_access,3239,2.0
ccp_information_access,3240,2.0
ccp_information_access,3241,2.0
ccp_information_access,3242,2.0
ccp_information_access,3243,2.0
ccp_information_access,3244,2.0
ccp_information_access,3245,2.0
ccp_information_access,3246,2.0
ccp_information_access,3247,2.0
ccp_information_access,3248,2.0
ccp_information_access,3249,2.0
ccp_information_access,3250,2.0
ccp_information_access,3251,2.0
ccp_information_access,3252,2.0
ccp_information_access,3253,2.0
ccp_information_access,3254,2.0
ccp_information_access,3255,2.0
ccp_information_access,3256,2.0
ccp_information_access,3257,2.0
ccp_information_access,3258,2.0
ccp_information_access,3259,2.0
ccp_information_access,3260,2.0
ccp_information_access,3261,2.0
ccp_information_access,3262,2.0
ccp_information_access,3263,2.0
ccp_information_access,3264,2.0
ccp_information_access,3265,2.0
ccp_information_access,3266,2.0
ccp_information_access,3267,2.0
ccp_information_access,3268,2.0
ccp_information_access,3269,2.0
ccp_information_access,3270,2.0
ccp_information_access,3271,2.0
ccp_information_access,3272,2.0
ccp_information_access,3273,2.0
ccp_information_access,3274,2.0
ccp_information_access,3275,2.0
ccp_information_access,3276,2.0
ccp_information_access,3277,2.0
ccp_information_access,3278,2.0
ccp_information_access,3279,2.0
ccp_information_access,3280,2.0
ccp_information_access,3281,2.0
ccp_information_access,3282,2.0
ccp_information_access,3283,2.0
ccp_information_access,3284,2.0
ccp_information_access,3285,2.0
ccp_information_access,3286,2.0
ccp_information_access,3287,2.0
ccp_information_access,3288,2.0
ccp_information_access,3289,2.0
ccp_information_access,3290,2.0
ccp_information_access,3291,2.0
ccp_information_access,3292,2.0
ccp_information_access,3293,2.0
ccp_information_access,3294,2.0
ccp_information_access,3295,2.0
ccp_information_access,3296,2.0
ccp_information_access,3297,2.0
ccp_information_access,3298,2.0
ccp_information_access,3299,2.0
ccp_information_access,3300,2.0
ccp_information_access,3301,2.0
ccp_information_access,3302,2.0
ccp_information_access,3303,2.0
ccp_information_access,3304,2.0
ccp_information_access,3305,2.0
ccp_information_access,3306,2.0
ccp_information_access,3307,2.0
ccp_information_access,3308,2.0
ccp_information_access,3309,2.0
ccp_information_access,3310,2.0
ccp_information_access,3311,2.0
ccp_information_access,3312,2.0
ccp_information_access,3313,2.0
ccp_information_access,3314,2.0
ccp_information_access,3315,2.0
ccp_information_access,3316,2.0
ccp_information_access,3317,2.0
ccp_information_access,3318,2.0
ccp_information_access,3319,2.0
ccp_information_access,3320,2.0
ccp_information_access,3321,2.0
ccp_information_access,3322,2.0
ccp_information_access,3323,2.0
ccp_information_access,3324,2.0
ccp_information_access,3325,2.0
ccp_information_access,3326,2.0
ccp_information_access,3327,2.0
ccp_information_access,3328,2.0
ccp_information_access,3329,2.0
ccp_information_access,3330,2.0
ccp_information_access,3331,2.0
ccp_information_access,3332,2.0
ccp_information_access,3333,2.0
ccp_information_access,3334,2.0
ccp_information_access,3335,2.0
ccp_information_access,3336,2.0
ccp_information_access,3337,2.0
ccp_information_access,3338,2.0
ccp_information_access,3339,2.0
ccp_information_access,3340,2.0
ccp_information_access,3341,2.0
ccp_information_access,3342,2.0
ccp_information_access,3343,2.0
ccp_information_access,3344,2.0
ccp_information_access,3345,2.0
ccp_information_access,3346,2.0
ccp_information_access,3347,2.0
ccp_information_access,3348,2.0
ccp_information_access,3349,2.0
ccp_information_access,3350,2.0
ccp_information_access,3351,2.0
ccp_information_access,3352,2.0
ccp_information_access,3353,2.0
ccp_information_access,3354,2.0
ccp_information_access,3355,2.0
ccp_information_access,3356,2.0
ccp_information_access,3357,2.0
ccp_information_access,3358,2.0
ccp_information_access,3359,2.0
ccp_information_access,3360,2.0
ccp_information_access,3361,2.0
ccp_information_access,3362,2.0
ccp_information_access,3363,2.0
ccp_information_access,3364,2.0
ccp_information_access,3365,2.0
ccp_information_access,3366,2.0
ccp_information_access,3367,2.0
ccp_information_access,3368,2.0
ccp_information_access,3369,2.0
ccp_information_access,3370,2.0
ccp_information_access,3371,2.0
ccp_information_access,3372,2.0
ccp_information_access,3373,2.0
ccp_information_access,3374,2.0
ccp_information_access,3375,2.0
ccp_information_access,3376,2.0
ccp_information_access,3377,2.0
ccp_information_access,3378,2.0
ccp_information_access,3379,2.0
ccp_information_access,3380,2.0
ccp_information_access,3381,2.0
ccp_information_access,3382,2.0
ccp_information_access,3383,2.0
ccp_information_access,3384,2.0
ccp_information_access,3385,2.0
ccp_information_access,3386,2.0
ccp_information_access,3387,2.0
ccp_information_access,3388,2.0
ccp_information_access,3389,2.0
ccp_information_access,3390,2.0
ccp_information_access,3391,2.0
ccp_information_access,3392,2.0
ccp_information_access,3393,2.0
ccp_information_access,3394,2.0
ccp_information_access,3395,2.0
ccp_information_access,3396,2.0
ccp_information_access,3397,2.0
ccp_information_access,3398,2.0
ccp_information_access,3399,2.0
ccp_information_access,3400,2.0
ccp_information_access,3401,2.0
ccp_information_access,3402,2.0
ccp_information_access,3403,2.0
ccp_information_access,3404,2.0
ccp_information_access,3405,2.0
ccp_information_access,3406,2.0
ccp_information_access,3407,2.0
ccp_information_access,3408,2.0
ccp_information_access,3409,2.0
ccp_information_access,3410,2.0
ccp_information_access,3411,2.0
ccp_information_access,3412,2.0
ccp_information_access,3413,2.0
ccp_information_access,3414,2.0
ccp_information_access,3415,2.0
ccp_information_access,3416,2.0
ccp_information_access,3417,2.0
ccp_information_access,3418,2.0
ccp_information_access,3419,2.0
ccp_information_access,3420,2.0
ccp_information_access,3421,2.0
ccp_information_access,3422,2.0
ccp_information_access,3423,2.0
ccp_information_access,3424,2.0
ccp_information_access,3425,2.0
ccp_information_access,3426,2.0
ccp_information_access,3427,2.0
ccp_information_access,3428,2.0
ccp_information_access,3429,2.0
ccp_information_access,3430,2.0
ccp_information_access,3431,2.0
ccp_information_access,3432,2.0
ccp_information_access,3433,2.0
ccp_information_access,3434,2.0
ccp_information_access,3435,2.0
ccp_information_access,3436,2.0
ccp_information_access,3437,2.0
ccp_information_access,3438,2.0
ccp_information_access,3439,2.0
ccp_information_access,3440,2.0
ccp_information_access,3441,2.0
ccp_information_access,3442,2.0
ccp_information_access,3443,2.0
ccp_information_access,3444,2.0
ccp_information_access,3445,2.0
ccp_information_access,3446,2.0
ccp_information_access,3447,2.0
ccp_information_access,3448,2.0
ccp_information_access,3449,2.0
ccp_information_access,3450,2.0
ccp_information_access,3451,2.0
ccp_information_access,3452,2.0
ccp_information_access,3453,2.0
ccp_information_access,3454,2.0
ccp_information_access,3455,2.0
ccp_information_access,3456,2.0
ccp_information_access,3457,2.0
ccp_information_access,3458,2.0
ccp_information_access,3459,2.0
ccp_information_access,3460,2.0
ccp_information_access,3461,2.0
ccp_information_access,3462,2.0
ccp_information_access,3463,2.0
ccp_information_access,3464,2.0
ccp_information_access,3465,2.0
ccp_information_access,3466,2.0
ccp_information_access,3467,2.0
ccp_information_access,3468,2.0
ccp_information_access,3469,2.0
ccp_information_access,3470,2.0
ccp_information_access,3471,2.0
ccp_information_access,3472,2.0
ccp_information_access,3473,2.0
ccp_information_access,3474,2.0
ccp_information_access,3475,2.0
ccp_information_access,3476,2.0
ccp_information_access,3477,2.0
ccp_information_access,3478,2.0
ccp_information_access,3479,2.0
ccp_information_access,3480,2.0
ccp_information_access,3481,2.0
ccp_information_access,3482,2.0
ccp_information_access,3483,2.0
ccp_information_access,3484,2.0
ccp_information_access,3485,2.0
ccp_information_access,3486,2.0
ccp_information_access,3487,2.0
ccp_information_access,3488,2.0
ccp_information_access,3489,2.0
ccp_information_access,3490,2.0
ccp_information_access,3491,2.0
ccp_information_access,3492,2.0
ccp_information_access,3493,2.0
ccp_information_access,3494,2.0
ccp_information_access,3495,2.0
ccp_information_access,3496,2.0
ccp_information_access,3497,2.0
ccp_information_access,3498,2.0
ccp_information_access,3499,2.0
ccp_information_access,3500,2.0
ccp_information_access,3501,2.0
ccp_information_access,3502,2.0
ccp_information_access,3503,2.0
ccp_information_access,3504,2.0
ccp_information_access,3505,2.0
ccp_information_access,3506,2.0
ccp_information_access,3507,2.0
ccp_information_access,3508,2.0
ccp_information_access,3509,2.0
ccp_information_access,3510,2.0
ccp_information_access,3511,2.0
ccp_information_access,3512,2.0
ccp_information_access,3513,2.0
ccp_information_access,3514,2.0
ccp_information_access,3515,2.0
ccp_information_access,3516,2.0
ccp_information_access,3517,2.0
ccp_information_access,3518,2.0
ccp_information_access,3519,2.0
ccp_information_access,3520,2.0
ccp_information_access,3521,2.0
ccp_information_access,3522,2.0
ccp_information_access,3523,2.0
ccp_information_access,3524,2.0
ccp_information_access,3525,2.0
ccp_information_access,3526,2.0
ccp_information_access,3527,2.0
ccp_information_access,3528,2.0
ccp_information_access,3529,2.0
ccp_information_access,3530,2.0
ccp_information_access,3531,2.0
ccp_information_access,3532,2.0
ccp_information_access,3533,96.0
ccp_information_access,3534,96.0
ccp_information_access,3535,96.0
ccp_information_access,3536,96.0
ccp_information_access,3537,96.0
ccp_information_access,3538,96.0
ccp_information_access,3539,96.0
ccp_information_access,3540,96.0
ccp_information_access,3541,96.0
ccp_information_access,3542,96.0
ccp_information_access,3543,96.0
ccp_information_access,3544,96.0
ccp_information_access,3545,96.0
ccp_information_access,3546,96.0
ccp_information_access,3547,96.0
ccp_information_access,3548,96.0
ccp_information_access,3549,96.0
ccp_information_access,3550,96.0
ccp_information_access,3551,96.0
ccp_information_access,3552,96.0
ccp_information_access,3553,96.0
ccp_information_access,3554,96.0
ccp_information_access,3555,96.0
ccp_information_access,3556,96.0
ccp_information_access,3557,96.0
ccp_information_access,3558,96.0
ccp_information_access,3559,96.0
ccp_information_access,3560,96.0
ccp_information_access,3561,96.0
ccp_information_access,3562,96.0
ccp_information_access,3563,96.0
ccp_information_access,3564,96.0
ccp_information_access,3565,96.0
ccp_information_access,3566,96.0
ccp_information_access,3567,96.0
ccp_information_access,3568,96.0
ccp_information_access,3569,96.0
ccp_information_access,3570,96.0
ccp_information_access,3571,96.0
ccp_information_access,3572,96.0
ccp_information_access,3573,96.0
ccp_information_access,3574,96.0
ccp_information_access,3575,96.0
ccp_information_access,3576,96.0
ccp_information_access,3577,96.0
ccp_information_access,3578,96.0
ccp_information_access,3579,96.0
ccp_information_access,3580,96.0
ccp_information_access,3581,96.0
ccp_information_access,3582,96.0
ccp_information_access,3583,96.0
ccp_information_access,3584,96.0
ccp_information_access,3585,96.0
ccp_information_access,3586,96.0
ccp_information_access,3587,96.0
ccp_information_access,3588,96.0
ccp_information_access,3589,96.0
ccp_information_access,3590,96.0
ccp_information_access,3591,96.0
ccp_information_access,3592,96.0
ccp_information_access,3593,96.0
ccp_information_access,3594,96.0
ccp_information_access,3595,96.0
ccp_information_access,3596,96.0
ccp_information_access,3597,96.0
ccp_information_access,3598,96.0
ccp_information_access,3599,96.0
ccp_information_access,3600,96.0
ccp_information_access,3601,96.0
ccp_information_access,3602,96.0
ccp_information_access,3603,96.0
ccp_information_access,3604,96.0
ccp_information_access,3605,96.0
ccp_information_access,3606,96.0
ccp_information_access,3607,96.0
ccp_information_access,3608,96.0
ccp_information_access,3609,96.0
ccp_information_access,3610,96.0
ccp_information_access,3611,96.0
ccp_information_access,3612,96.0
ccp_information_access,3613,96.0
ccp_information_access,3614,96.0
ccp_information_access,3615,96.0
ccp_information_access,3616,96.0
ccp_information_access,3617,96.0
ccp_information_access,3618,96.0
ccp_information_access,3619,96.0
ccp_information_access,3620,96.0
ccp_information_access,3621,96.0
ccp_information_access,3622,96.0
ccp_information_access,3623,96.0
ccp_information_access,3624,96.0
ccp_information_access,3625,96.0
ccp_information_access,3626,96.0
ccp_information_access,3627,96.0
ccp_information_access,3628,96.0
ccp_information_access,3629,96.0
ccp_information_access,3630,96.0
ccp_information_access,3631,96.0
ccp_information_access,3632,96.0
ccp_information_access,3633,96.0
ccp_information_access,3634,96.0
ccp_information_access,3635,96.0
ccp_information_access,3636,96.0
ccp_information_access,3637,96.0
ccp_information_access,3638,96.0
ccp_information_access,3639,96.0
ccp_information_access,3640,96.0
ccp_information_access,3641,96.0
ccp_information_access,3642,96.0
ccp_information_access,3643,96.0
ccp_information_access,3644,96.0
ccp_information_access,3645,96.0
ccp_information_access,3646,96.0
ccp_information_access,3647,96.0
ccp_information_access,3648,96.0
ccp_information_access,3649,96.0
ccp_information_access,3650,96.0
ccp_information_access,3651,96.0
ccp_information_access,3652,96.0
ccp_information_access,3653,96.0
ccp_information_access,3654,96.0
ccp_information_access,3655,96.0
climate_laws_cumulative,0,0.0
climate_laws_cumulative,1,0.0
climate_laws_cumulative,2,0.0
climate_laws_cumulative,3,0.0
climate_laws_cumulative,4,0.0
climate_laws_cumulative,5,0.0
climate_laws_cumulative,6,0.0
climate_laws_cumulative,7,0.0
climate_laws_cumulative,8,0.0
climate_laws_cumulative,9,0.0
climate_laws_cumulative,10,0.0
climate_laws_cumulative,11,0.0
climate_laws_cumulative,12,0.0
climate_laws_cumulative,13,0.0
climate_laws_cumulative,14,0.0
climate_laws_cumulative,15,0.0
climate_laws_cumulative,16,0.0
climate_laws_cumulative,17,0.0
climate_laws_cumulative,18,0.0
climate_laws_cumulative,19,0.0
climate_laws_cumulative,20,0.0
climate_laws_cumulative,21,0.0
climate_laws_cumulative,22,0.0
climate_laws_cumulative,23,0.0
climate_laws_cumulative,24,0.0
climate_laws_cumulative,25,0.0
climate_laws_cumulative,26,0.0
climate_laws_cumulative,27,0.0
climate_laws_cumulative,28,0.0
climate_laws_cumulative,29,0.0
climate_laws_cumulative,30,0.0
climate_laws_cumulative,31,0.0
climate_laws_cumulative,32,0.0
climate_laws_cumulative,33,0.0
climate_laws_cumulative,34,0.0
climate_laws_cumulative,35,0.0
climate_laws_cumulative,36,0.0
climate_laws_cumulative,37,0.0
climate_laws_cumulative,38,0.0
climate_laws_cumulative,39,0.0
climate_laws_cumulative,40,0.0
climate_laws_cumulative,41,0.0
climate_laws_cumulative,42,0.0
climate_laws_cumulative,43,0.0
climate_laws_cumulative,44,0.0
climate_laws_cumulative,45,0.0
climate_laws_cumulative,46,0.0
climate_laws_cumulative,47,0.0
climate_laws_cumulative,48,0.0
climate_laws_cumulative,49,0.0
climate_laws_cumulative,50,0.0
climate_laws_cumulative,51,0.0
climate_laws_cumulative,52,0.0
climate_laws_cumulative,53,0.0
climate_laws_cumulative,54,0.0
climate_laws_cumulative,55,0.0
climate_laws_cumulative,56,0.0
climate_laws_cumulative,57,0.0
climate_laws_cumulative,58,0.0
climate_laws_cumulative,59,0.0
climate_laws_cumulative,60,0.0
climate_laws_cumulative,61,0.0
climate_laws_cumulative,62,0.0
climate_laws_cumulative,63,0.0
climate_laws_cumulative,64,0.0
climate_laws_cumulative,65,0.0
climate_laws_cumulative,66,0.0
climate_laws_cumulative,67,0.0
climate_laws_cumulative,68,0.0
climate_laws_cumulative,69,0.0
climate_laws_cumulative,70,0.0
climate_laws_cumulative,71,0.0
climate_laws_cumulative,72,0.0
climate_laws_cumulative,73,0.0
climate_laws_cumulative,74,0.0
climate_laws_cumulative,75,0.0
climate_laws_cumulative,76,0.0
climate_laws_cumulative,77,0.0
climate_laws_cumulative,78,0.0
climate_laws_cumulative,79,0.0
climate_laws_cumulative,80,0.0
climate_laws_cumulative,81,0.0
climate_laws_cumulative,82,0.0
climate_laws_cumulative,83,0.0
climate_laws_cumulative,84,0.0
climate_laws_cumulative,85,0.0
climate_laws_cumulative,86,0.0
climate_laws_cumulative,87,0.0
climate_laws_cumulative,88,0.0
climate_laws_cumulative,89,0.0
climate_laws_cumulative,90,0.0
climate_laws_cumulative,91,0.0
climate_laws_cumulative,92,0.0
climate_laws_cumulative,93,0.0
climate_laws_cumulative,94,0.0
climate_laws_cumulative,95,0.0
climate_laws_cumulative,96,0.0
climate_laws_cumulative,97,0.0
climate_laws_cumulative,98,0.0
climate_laws_cumulative,99,0.0
climate_laws_cumulative,100,0.0
climate_laws_cumulative,101,0.0
climate_laws_cumulative,102,0.0
climate_laws_cumulative,103,0.0
climate_laws_cumulative,104,0.0
climate_laws_cumulative,105,0.0
climate_laws_cumulative,106,0.0
climate_laws_cumulative,107,0.0
climate_laws_cumulative,108,0.0
climate_laws_cumulative,109,0.0
climate_laws_cumulative,110,0.0
climate_laws_cumulative,111,0.0
climate_laws_cumulative,112,0.0
climate_laws_cumulative,113,0.0
climate_laws_cumulative,114,0.0
climate_laws_cumulative,115,0.0
climate_laws_cumulative,116,0.0
climate_laws_cumulative,117,0.0
climate_laws_cumulative,118,0.0
climate_laws_cumulative,119,0.0
climate_laws_cumulative,120,0.0
climate_laws_cumulative,121,0.0
climate_laws_cumulative,122,0.0
climate_laws_cumulative,123,0.0
climate_laws_cumulative,124,0.0
climate_laws_cumulative,125,0.0
climate_laws_cumulative,126,0.0
climate_laws_cumulative,127,0.0
climate_laws_cumulative,128,0.0
climate_laws_cumulative,129,0.0
climate_laws_cumulative,130,0.0
climate_laws_cumulative,131,0.0
climate_laws_cumulative,132,0.0
climate_laws_cumulative,133,0.0
climate_laws_cumulative,134,0.0
climate_laws_cumulative,135,0.0
climate_laws_cumulative,136,0.0
climate_laws_cumulative,137,0.0
climate_laws_cumulative,138,0.0
climate_laws_cumulative,139,0.0
climate_laws_cumulative,140,0.0
climate_laws_cumulative,141,0.0
climate_laws_cumulative,142,0.0
climate_laws_cumulative,143,0.0
climate_laws_cumulative,144,0.0
climate_laws_cumulative,145,0.0
climate_laws_cumulative,146,0.0
climate_laws_cumulative,147,0.0
climate_laws_cumulative,148,0.0
climate_laws_cumulative,149,0.0
climate_laws_cumulative,150,0.0
climate_laws_cumulative,151,0.0
climate_laws_cumulative,152,0.0
climate_laws_cumulative,153,0.0
climate_laws_cumulative,154,0.0
climate_laws_cumulative,155,0.0
climate_laws_cumulative,156,0.0
climate_laws_cumulative,157,0.0
climate_laws_cumulative,158,0.0
climate_laws_cumulative,159,0.0
climate_laws_cumulative,160,0.0
climate_laws_cumulative,161,0.0
climate_laws_cumulative,162,0.0
climate_laws_cumulative,163,0.0
climate_laws_cumulative,164,0.0
climate_laws_cumulative,165,0.0
climate_laws_cumulative,166,0.0
climate_laws_cumulative,167,0.0
climate_laws_cumulative,168,0.0
climate_laws_cumulative,169,0.0
climate_laws_cumulative,170,0.0
climate_laws_cumulative,171,0.0
climate_laws_cumulative,172,0.0
climate_laws_cumulative,173,0.0
climate_laws_cumulative,174,0.0
climate_laws_cumulative,175,0.0
climate_laws_cumulative,176,0.0
climate_laws_cumulative,177,0.0
climate_laws_cumulative,178,0.0
climate_laws_cumulative,179,0.0
climate_laws_cumulative,180,0.0
climate_laws_cumulative,181,0.0
climate_laws_cumulative,182,0.0
climate_laws_cumulative,183,0.0
climate_laws_cumulative,184,0.0
climate_laws_cumulative,185,0.0
climate_laws_cumulative,186,0.0
climate_laws_cumulative,187,0.0
climate_laws_cumulative,188,0.0
climate_laws_cumulative,189,0.0
climate_laws_cumulative,190,0.0
climate_laws_cumulative,191,0.0
climate_laws_cumulative,192,0.0
climate_laws_cumulative,193,0.0
climate_laws_cumulative,194,0.0
climate_laws_cumulative,195,0.0
climate_laws_cumulative,196,0.0
climate_laws_cumulative,197,0.0
climate_laws_cumulative,198,0.0
climate_laws_cumulative,199,0.0
climate_laws_cumulative,200,0.0
climate_laws_cumulative,201,0.0
climate_laws_cumulative,202,0.0
climate_laws_cumulative,203,0.0
climate_laws_cumulative,204,0.0
climate_laws_cumulative,205,0.0
climate_laws_cumulative,206,0.0
climate_laws_cumulative,207,0.0
climate_laws_cumulative,208,0.0
climate_laws_cumulative,209,0.0
climate_laws_cumulative,210,0.0
climate_laws_cumulative,211,0.0
climate_laws_cumulative,212,0.0
climate_laws_cumulative,213,0.0
climate_laws_cumulative,214,0.0
climate_laws_cumulative,215,0.0
climate_laws_cumulative,216,0.0
climate_laws_cumulative,217,0.0
climate_laws_cumulative,218,0.0
climate_laws_cumulative,219,0.0
climate_laws_cumulative,220,0.0
climate_laws_cumulative,221,0.0
climate_laws_cumulative,222,0.0
climate_laws_cumulative,223,0.0
climate_laws_cumulative,224,0.0
climate_laws_cumulative,225,0.0
climate_laws_cumulative,226,0.0
climate_laws_cumulative,227,0.0
climate_laws_cumulative,228,0.0
climate_laws_cumulative,229,0.0
climate_laws_cumulative,230,0.0
climate_laws_cumulative,231,0.0
climate_laws_cumulative,232,0.0
climate_laws_cumulative,233,0.0
climate_laws_cumulative,234,0.0
climate_laws_cumulative,235,0.0
climate_laws_cumulative,236,0.0
climate_laws_cumulative,237,0.0
climate_laws_cumulative,238,0.0
climate_laws_cumulative,239,0.0
climate_laws_cumulative,240,0.0
climate_laws_cumulative,241,0.0
climate_laws_cumulative,242,0.0
climate_laws_cumulative,243,0.0
climate_laws_cumulative,244,0.0
climate_laws_cumulative,245,0.0
climate_laws_cumulative,246,0.0
climate_laws_cumulative,247,0.0
climate_laws_cumulative,248,0.0
climate_laws_cumulative,249,0.0
climate_laws_cumulative,250,0.0
climate_laws_cumulative,251,0.0
climate_laws_cumulative,252,0.0
climate_laws_cumulative,253,0.0
climate_laws_cumulative,254,0.0
climate_laws_cumulative,255,0.0
climate_laws_cumulative,256,0.0
climate_laws_cumulative,257,0.0
climate_laws_cumulative,258,0.0
climate_laws_cumulative,259,0.0
climate_laws_cumulative,260,0.0
climate_laws_cumulative,261,0.0
climate_laws_cumulative,262,0.0
climate_laws_cumulative,263,0.0
climate_laws_cumulative,264,0.0
climate_laws_cumulative,265,0.0
climate_laws_cumulative,266,0.0
climate_laws_cumulative,267,0.0
climate_laws_cumulative,268,0.0
climate_laws_cumulative,269,0.0
climate_laws_cumulative,270,0.0
climate_laws_cumulative,271,0.0
climate_laws_cumulative,272,0.0
climate_laws_cumulative,273,0.0
climate_laws_cumulative,274,0.0
climate_laws_cumulative,275,0.0
climate_laws_cumulative,276,0.0
climate_laws_cumulative,277,0.0
climate_laws_cumulative,278,0.0
climate_laws_cumulative,279,0.0
climate_laws_cumulative,280,0.0
climate_laws_cumulative,281,0.0
climate_laws_cumulative,282,0.0
climate_laws_cumulative,283,0.0
climate_laws_cumulative,284,0.0
climate_laws_cumulative,285,0.0
climate_laws_cumulative,286,0.0
climate_laws_cumulative,287,0.0
climate_laws_cumulative,288,0.0
climate_laws_cumulative,289,0.0
climate_laws_cumulative,290,0.0
climate_laws_cumulative,291,0.0
climate_laws_cumulative,292,0.0
climate_laws_cumulative,293,0.0
climate_laws_cumulative,294,0.0
climate_laws_cumulative,295,0.0
climate_laws_cumulative,296,0.0
climate_laws_cumulative,297,0.0
climate_laws_cumulative,298,0.0
climate_laws_cumulative,299,0.0
climate_laws_cumulative,300,0.0
climate_laws_cumulative,301,0.0
climate_laws_cumulative,302,0.0
climate_laws_cumulative,303,0.0
climate_laws_cumulative,304,0.0
climate_laws_cumulative,305,0.0
climate_laws_cumulative,306,0.0
climate_laws_cumulative,307,0.0
climate_laws_cumulative,308,0.0
climate_laws_cumulative,309,0.0
climate_laws_cumulative,310,0.0
climate_laws_cumulative,311,0.0
climate_laws_cumulative,312,0.0
climate_laws_cumulative,313,0.0
climate_laws_cumulative,314,0.0
climate_laws_cumulative,315,0.0
climate_laws_cumulative,316,0.0
climate_laws_cumulative,317,0.0
climate_laws_cumulative,318,0.0
climate_laws_cumulative,319,0.0
climate_laws_cumulative,320,0.0
climate_laws_cumulative,321,0.0
climate_laws_cumulative,322,0.0
climate_laws_cumulative,323,0.0
climate_laws_cumulative,324,0.0
climate_laws_cumulative,325,0.0
climate_laws_cumulative,326,0.0
climate_laws_cumulative,327,0.0
climate_laws_cumulative,328,0.0
climate_laws_cumulative,329,0.0
climate_laws_cumulative,330,0.0
climate_laws_cumulative,331,0.0
climate_laws_cumulative,332,0.0
climate_laws_cumulative,333,0.0
climate_laws_cumulative,334,0.0
climate_laws_cumulative,335,0.0
climate_laws_cumulative,336,0.0
climate_laws_cumulative,337,0.0
climate_laws_cumulative,338,0.0
climate_laws_cumulative,339,0.0
climate_laws_cumulative,340,0.0
climate_laws_cumulative,341,0.0
climate_laws_cumulative,342,0.0
climate_laws_cumulative,343,0.0
climate_laws_cumulative,344,0.0
climate_laws_cumulative,345,0.0
climate_laws_cumulative,346,0.0
climate_laws_cumulative,347,0.0
climate_laws_cumulative,348,0.0
climate_laws_cumulative,349,0.0
climate_laws_cumulative,350,0.0
climate_laws_cumulative,351,0.0
climate_laws_cumulative,352,0.0
climate_laws_cumulative,353,0.0
climate_laws_cumulative,354,0.0
climate_laws_cumulative,355,0.0
climate_laws_cumulative,356,0.0
climate_laws_cumulative,357,0.0
climate_laws_cumulative,358,0.0
climate_laws_cumulative,359,0.0
climate_laws_cumulative,360,0.0
climate_laws_cumulative,361,0.0
climate_laws_cumulative,362,0.0
climate_laws_cumulative,363,0.0
climate_laws_cumulative,364,0.0
climate_laws_cumulative,365,0.0
climate_laws_cumulative,366,0.0
climate_laws_cumulative,367,0.0
climate_laws_cumulative,368,0.0
climate_laws_cumulative,369,0.0
climate_laws_cumulative,370,0.0
climate_laws_cumulative,371,0.0
climate_laws_cumulative,372,0.0
climate_laws_cumulative,373,0.0
climate_laws_cumulative,374,0.0
climate_laws_cumulative,375,0.0
climate_laws_cumulative,376,0.0
climate_laws_cumulative,377,0.0
climate_laws_cumulative,378,0.0
climate_laws_cumulative,379,0.0
climate_laws_cumulative,380,0.0
climate_laws_cumulative,381,0.0
climate_laws_cumulative,382,0.0
climate_laws_cumulative,383,0.0
climate_laws_cumulative,384,0.0
climate_laws_cumulative,385,0.0
climate_laws_cumulative,386,0.0
climate_laws_cumulative,387,0.0
climate_laws_cumulative,388,0.0
climate_laws_cumulative,389,0.0
climate_laws_cumulative,390,0.0
climate_laws_cumulative,391,0.0
climate_laws_cumulative,392,0.0
climate_laws_cumulative,393,0.0
climate_laws_cumulative,394,0.0
climate_laws_cumulative,395,0.0
climate_laws_cumulative,396,0.0
climate_laws_cumulative,397,0.0
climate_laws_cumulative,398,0.0
climate_laws_cumulative,399,0.0
climate_laws_cumulative,400,0.0
climate_laws_cumulative,401,0.0
climate_laws_cumulative,402,0.0
climate_laws_cumulative,403,0.0
climate_laws_cumulative,404,0.0
climate_laws_cumulative,405,0.0
climate_laws_cumulative,406,0.0
climate_laws_cumulative,407,0.0
climate_laws_cumulative,408,0.0
climate_laws_cumulative,409,0.0
climate_laws_cumulative,410,0.0
climate_laws_cumulative,411,0.0
climate_laws_cumulative,412,0.0
climate_laws_cumulative,413,0.0
climate_laws_cumulative,414,0.0
climate_laws_cumulative,415,0.0
climate_laws_cumulative,416,0.0
climate_laws_cumulative,417,0.0
climate_laws_cumulative,418,0.0
climate_laws_cumulative,419,0.0
climate_laws_cumulative,420,0.0
climate_laws_cumulative,421,0.0
climate_laws_cumulative,422,0.0
climate_laws_cumulative,423,0.0
climate_laws_cumulative,424,0.0
climate_laws_cumulative,425,0.0
climate_laws_cumulative,426,0.0
climate_laws_cumulative,427,0.0
climate_laws_cumulative,428,0.0
climate_laws_cumulative,429,0.0
climate_laws_cumulative,430,0.0
climate_laws_cumulative,431,0.0
climate_laws_cumulative,432,0.0
climate_laws_cumulative,433,0.0
climate_laws_cumulative,434,0.0
climate_laws_cumulative,435,0.0
climate_laws_cumulative,436,0.0
climate_laws_cumulative,437,0.0
climate_laws_cumulative,438,0.0
climate_laws_cumulative,439,0.0
climate_laws_cumulative,440,0.0
climate_laws_cumulative,441,0.0
climate_laws_cumulative,442,0.0
climate_laws_cumulative,443,0.0
climate_laws_cumulative,444,0.0
climate_laws_cumulative,445,0.0
climate_laws_cumulative,446,0.0
climate_laws_cumulative,447,0.0
climate_laws_cumulative,448,0.0
climate_laws_cumulative,449,0.0
climate_laws_cumulative,450,0.0
climate_laws_cumulative,451,0.0
climate_laws_cumulative,452,0.0
climate_laws_cumulative,453,0.0
climate_laws_cumulative,454,0.0
climate_laws_cumulative,455,0.0
climate_laws_cumulative,456,0.0
climate_laws_cumulative,457,0.0
climate_laws_cumulative,458,0.0
climate_laws_cumulative,459,0.0
climate_laws_cumulative,460,0.0
climate_laws_cumulative,461,0.0
climate_laws_cumulative,462,0.0
climate_laws_cumulative,463,0.0
climate_laws_cumulative,464,0.0
climate_laws_cumulative,465,0.0
climate_laws_cumulative,466,0.0
climate_laws_cumulative,467,0.0
climate_laws_cumulative,468,0.0
climate_laws_cumulative,469,0.0
climate_laws_cumulative,470,0.0
climate_laws_cumulative,471,0.0
climate_laws_cumulative,472,0.0
climate_laws_cumulative,473,0.0
climate_laws_cumulative,474,0.0
climate_laws_cumulative,475,0.0
climate_laws_cumulative,476,0.0
climate_laws_cumulative,477,0.0
climate_laws_cumulative,478,0.0
climate_laws_cumulative,479,0.0
climate_laws_cumulative,480,0.0
climate_laws_cumulative,481,0.0
climate_laws_cumulative,482,0.0
climate_laws_cumulative,483,0.0
climate_laws_cumulative,484,0.0
climate_laws_cumulative,485,0.0
climate_laws_cumulative,486,0.0
climate_laws_cumulative,487,0.0
climate_laws_cumulative,488,0.0
climate_laws_cumulative,489,0.0
climate_laws_cumulative,490,0.0
climate_laws_cumulative,491,0.0
climate_laws_cumulative,492,0.0
climate_laws_cumulative,493,0.0
climate_laws_cumulative,494,0.0
climate_laws_cumulative,495,0.0
climate_laws_cumulative,496,0.0
climate_laws_cumulative,497,0.0
climate_laws_cumulative,498,0.0
climate_laws_cumulative,499,0.0
climate_laws_cumulative,500,0.0
climate_laws_cumulative,501,0.0
climate_laws_cumulative,502,0.0
climate_laws_cumulative,503,0.0
climate_laws_cumulative,504,0.0
climate_laws_cumulative,505,0.0
climate_laws_cumulative,506,0.0
climate_laws_cumulative,507,0.0
climate_laws_cumulative,508,0.0
climate_laws_cumulative,509,0.0
climate_laws_cumulative,510,0.0
climate_laws_cumulative,511,0.0
climate_laws_cumulative,512,0.0
climate_laws_cumulative,513,0.0
climate_laws_cumulative,514,0.0
climate_laws_cumulative,515,0.0
climate_laws_cumulative,516,0.0
climate_laws_cumulative,517,0.0
climate_laws_cumulative,518,0.0
climate_laws_cumulative,519,0.0
climate_laws_cumulative,520,0.0
climate_laws_cumulative,521,0.0
climate_laws_cumulative,522,0.0
climate_laws_cumulative,523,0.0
climate_laws_cumulative,524,0.0
climate_laws_cumulative,525,1.0
climate_laws_cumulative,526,1.0
climate_laws_cumulative,527,1.0
climate_laws_cumulative,528,1.0
climate_laws_cumulative,529,1.0
climate_laws_cumulative,530,1.0
climate_laws_cumulative,531,1.0
climate_laws_cumulative,532,1.0
climate_laws_cumulative,533,1.0
climate_laws_cumulative,534,1.0
climate_laws_cumulative,535,1.0
climate_laws_cumulative,536,1.0
climate_laws_cumulative,537,1.0
climate_laws_cumulative,538,1.0
climate_laws_cumulative,539,1.0
climate_laws_cumulative,540,1.0
climate_laws_cumulative,541,1.0
climate_laws_cumulative,542,1.0
climate_laws_cumulative,543,1.0
climate_laws_cumulative,544,1.0
climate_laws_cumulative,545,1.0
climate_laws_cumulative,546,1.0
climate_laws_cumulative,547,1.0
climate_laws_cumulative,548,1.0
climate_laws_cumulative,549,1.0
climate_laws_cumulative,550,1.0
climate_laws_cumulative,551,1.0
climate_laws_cumulative,552,1.0
climate_laws_cumulative,553,1.0
climate_laws_cumulative,554,1.0
climate_laws_cumulative,555,1.0
climate_laws_cumulative,556,1.0
climate_laws_cumulative,557,1.0
climate_laws_cumulative,558,1.0
climate_laws_cumulative,559,1.0
climate_laws_cumulative,560,1.0
climate_laws_cumulative,561,1.0
climate_laws_cumulative,562,1.0
climate_laws_cumulative,563,1.0
climate_laws_cumulative,564,1.0
climate_laws_cumulative,565,1.0
climate_laws_cumulative,566,1.0
climate_laws_cumulative,567,1.0
climate_laws_cumulative,568,1.0
climate_laws_cumulative,569,1.0
climate_laws_cumulative,570,1.0
climate_laws_cumulative,571,1.0
climate_laws_cumulative,572,1.0
climate_laws_cumulative,573,1.0
climate_laws_cumulative,574,1.0
climate_laws_cumulative,575,1.0
climate_laws_cumulative,576,1.0
climate_laws_cumulative,577,1.0
climate_laws_cumulative,578,1.0
climate_laws_cumulative,579,1.0
climate_laws_cumulative,580,1.0
climate_laws_cumulative,581,1.0
climate_laws_cumulative,582,1.0
climate_laws_cumulative,583,1.0
climate_laws_cumulative,584,1.0
climate_laws_cumulative,585,1.0
climate_laws_cumulative,586,1.0
climate_laws_cumulative,587,1.0
climate_laws_cumulative,588,1.0
climate_laws_cumulative,589,1.0
climate_laws_cumulative,590,1.0
climate_laws_cumulative,591,1.0
climate_laws_cumulative,592,1.0
climate_laws_cumulative,593,1.0
climate_laws_cumulative,594,1.0
climate_laws_cumulative,595,1.0
climate_laws_cumulative,596,1.0
climate_laws_cumulative,597,1.0
climate_laws_cumulative,598,1.0
climate_laws_cumulative,599,1.0
climate_laws_cumulative,600,1.0
climate_laws_cumulative,601,1.0
climate_laws_cumulative,602,1.0
climate_laws_cumulative,603,1.0
climate_laws_cumulative,604,1.0
climate_laws_cumulative,605,1.0
climate_laws_cumulative,606,1.0
climate_laws_cumulative,607,1.0
climate_laws_cumulative,608,1.0
climate_laws_cumulative,609,1.0
climate_laws_cumulative,610,1.0
climate_laws_cumulative,611,1.0
climate_laws_cumulative,612,1.0
climate_laws_cumulative,613,1.0
climate_laws_cumulative,614,1.0
climate_laws_cumulative,615,1.0
climate_laws_cumulative,616,1.0
climate_laws_cumulative,617,1.0
climate_laws_cumulative,618,1.0
climate_laws_cumulative,619,1.0
climate_laws_cumulative,620,1.0
climate_laws_cumulative,621,1.0
climate_laws_cumulative,622,1.0
climate_laws_cumulative,623,1.0
climate_laws_cumulative,624,1.0
climate_laws_cumulative,625,1.0
climate_laws_cumulative,626,1.0
climate_laws_cumulative,627,1.0
climate_laws_cumulative,628,1.0
climate_laws_cumulative,629,1.0
climate_laws_cumulative,630,1.0
climate_laws_cumulative,631,1.0
climate_laws_cumulative,632,1.0
climate_laws_cumulative,633,1.0
climate_laws_cumulative,634,1.0
climate_laws_cumulative,635,1.0
climate_laws_cumulative,636,1.0
climate_laws_cumulative,637,1.0
climate_laws_cumulative,638,1.0
climate_laws_cumulative,639,1.0
climate_laws_cumulative,640,1.0
climate_laws_cumulative,641,1.0
climate_laws_cumulative,642,1.0
climate_laws_cumulative,643,1.0
climate_laws_cumulative,644,1.0
climate_laws_cumulative,645,1.0
climate_laws_cumulative,646,1.0
climate_laws_cumulative,647,1.0
climate_laws_cumulative,648,1.0
climate_laws_cumulative,649,1.0
climate_laws_cumulative,650,1.0
climate_laws_cumulative,651,1.0
climate_laws_cumulative,652,1.0
climate_laws_cumulative,653,1.0
climate_laws_cumulative,654,1.0
climate_laws_cumulative,655,1.0
climate_laws_cumulative,656,1.0
climate_laws_cumulative,657,1.0
climate_laws_cumulative,658,1.0
climate_laws_cumulative,659,1.0
climate_laws_cumulative,660,1.0
climate_laws_cumulative,661,1.0
climate_laws_cumulative,662,1.0
climate_laws_cumulative,663,1.0
climate_laws_cumulative,664,1.0
climate_laws_cumulative,665,1.0
climate_laws_cumulative,666,1.0
climate_laws_cumulative,667,1.0
climate_laws_cumulative,668,1.0
climate_laws_cumulative,669,1.0
climate_laws_cumulative,670,1.0
climate_laws_cumulative,671,1.0
climate_laws_cumulative,672,1.0
climate_laws_cumulative,673,1.0
climate_laws_cumulative,674,1.0
climate_laws_cumulative,675,1.0
climate_laws_cumulative,676,1.0
climate_laws_cumulative,677,1.0
climate_laws_cumulative,678,1.0
climate_laws_cumulative,679,1.0
climate_laws_cumulative,680,1.0
climate_laws_cumulative,681,1.0
climate_laws_cumulative,682,1.0
climate_laws_cumulative,683,1.0
climate_laws_cumulative,684,1.0
climate_laws_cumulative,685,1.0
climate_laws_cumulative,686,1.0
climate_laws_cumulative,687,1.0
climate_laws_cumulative,688,1.0
climate_laws_cumulative,689,1.0
climate_laws_cumulative,690,1.0
climate_laws_cumulative,691,1.0
climate_laws_cumulative,692,1.0
climate_laws_cumulative,693,1.0
climate_laws_cumulative,694,1.0
climate_laws_cumulative,695,1.0
climate_laws_cumulative,696,1.0
climate_laws_cumulative,697,1.0
climate_laws_cumulative,698,1.0
climate_laws_cumulative,699,1.0
climate_laws_cumulative,700,1.0
climate_laws_cumulative,701,1.0
climate_laws_cumulative,702,1.0
climate_laws_cumulative,703,1.0
climate_laws_cumulative,704,1.0
climate_laws_cumulative,705,1.0
climate_laws_cumulative,706,1.0
climate_laws_cumulative,707,1.0
climate_laws_cumulative,708,1.0
climate_laws_cumulative,709,1.0
climate_laws_cumulative,710,1.0
climate_laws_cumulative,711,1.0
climate_laws_cumulative,712,1.0
climate_laws_cumulative,713,1.0
climate_laws_cumulative,714,1.0
climate_laws_cumulative,715,1.0
climate_laws_cumulative,716,1.0
climate_laws_cumulative,717,1.0
climate_laws_cumulative,718,1.0
climate_laws_cumulative,719,1.0
climate_laws_cumulative,720,2.0
climate_laws_cumulative,721,2.0
climate_laws_cumulative,722,2.0
climate_laws_cumulative,723,2.0
climate_laws_cumulative,724,2.0
climate_laws_cumulative,725,2.0
climate_laws_cumulative,726,2.0
climate_laws_cumulative,727,2.0
climate_laws_cumulative,728,2.0
climate_laws_cumulative,729,2.0
climate_laws_cumulative,730,2.0
climate_laws_cumulative,731,2.0
climate_laws_cumulative,732,2.0
climate_laws_cumulative,733,2.0
climate_laws_cumulative,734,2.0
climate_laws_cumulative,735,2.0
climate_laws_cumulative,736,2.0
climate_laws_cumulative,737,2.0
climate_laws_cumulative,738,2.0
climate_laws_cumulative,739,2.0
climate_laws_cumulative,740,2.0
climate_laws_cumulative,741,2.0
climate_laws_cumulative,742,2.0
climate_laws_cumulative,743,2.0
climate_laws_cumulative,744,2.0
climate_laws_cumulative,745,2.0
climate_laws_cumulative,746,2.0
climate_laws_cumulative,747,2.0
climate_laws_cumulative,748,2.0
climate_laws_cumulative,749,2.0
climate_laws_cumulative,750,2.0
climate_laws_cumulative,751,2.0
climate_laws_cumulative,752,2.0
climate_laws_cumulative,753,2.0
climate_laws_cumulative,754,2.0
climate_laws_cumulative,755,2.0
climate_laws_cumulative,756,2.0
climate_laws_cumulative,757,2.0
climate_laws_cumulative,758,2.0
climate_laws_cumulative,759,2.0
climate_laws_cumulative,760,2.0
climate_laws_cumulative,761,2.0
climate_laws_cumulative,762,2.0
climate_laws_cumulative,763,2.0
climate_laws_cumulative,764,2.0
climate_laws_cumulative,765,2.0
climate_laws_cumulative,766,2.0
climate_laws_cumulative,767,2.0
climate_laws_cumulative,768,2.0
climate_laws_cumulative,769,2.0
climate_laws_cumulative,770,2.0
climate_laws_cumulative,771,2.0
climate_laws_cumulative,772,2.0
climate_laws_cumulative,773,2.0
climate_laws_cumulative,774,2.0
climate_laws_cumulative,775,2.0
climate_laws_cumulative,776,2.0
climate_laws_cumulative,777,2.0
climate_laws_cumulative,778,2.0
climate_laws_cumulative,779,2.0
climate_laws_cumulative,780,2.0
climate_laws_cumulative,781,2.0
climate_laws_cumulative,782,2.0
climate_laws_cumulative,783,2.0
climate_laws_cumulative,784,2.0
climate_laws_cumulative,785,2.0
climate_laws_cumulative,786,2.0
climate_laws_cumulative,787,2.0
climate_laws_cumulative,788,2.0
climate_laws_cumulative,789,2.0
climate_laws_cumulative,790,2.0
climate_laws_cumulative,791,2.0
climate_laws_cumulative,792,2.0
climate_laws_cumulative,793,2.0
climate_laws_cumulative,794,2.0
climate_laws_cumulative,795,2.0
climate_laws_cumulative,796,2.0
climate_laws_cumulative,797,2.0
climate_laws_cumulative,798,2.0
climate_laws_cumulative,799,2.0
climate_laws_cumulative,800,2.0
climate_laws_cumulative,801,2.0
climate_laws_cumulative,802,2.0
climate_laws_cumulative,803,2.0
climate_laws_cumulative,804,2.0
climate_laws_cumulative,805,2.0
climate_laws_cumulative,806,2.0
climate_laws_cumulative,807,2.0
climate_laws_cumulative,808,2.0
climate_laws_cumulative,809,2.0
climate_laws_cumulative,810,2.0
climate_laws_cumulative,811,2.0
climate_laws_cumulative,812,2.0
climate_laws_cumulative,813,2.0
climate_laws_cumulative,814,2.0
climate_laws_cumulative,815,2.0
climate_laws_cumulative,816,2.0
climate_laws_cumulative,817,2.0
climate_laws_cumulative,818,2.0
climate_laws_cumulative,819,2.0
climate_laws_cumulative,820,2.0
climate_laws_cumulative,821,2.0
climate_laws_cumulative,822,2.0
climate_laws_cumulative,823,2.0
climate_laws_cumulative,824,2.0
climate_laws_cumulative,825,2.0
climate_laws_cumulative,826,2.0
climate_laws_cumulative,827,2.0
climate_laws_cumulative,828,2.0
climate_laws_cumulative,829,2.0
climate_laws_cumulative,830,2.0
climate_laws_cumulative,831,2.0
climate_laws_cumulative,832,2.0
climate_laws_cumulative,833,2.0
climate_laws_cumulative,834,2.0
climate_laws_cumulative,835,2.0
climate_laws_cumulative,836,2.0
climate_laws_cumulative,837,2.0
climate_laws_cumulative,838,2.0
climate_laws_cumulative,839,2.0
climate_laws_cumulative,840,2.0
climate_laws_cumulative,841,2.0
climate_laws_cumulative,842,2.0
climate_laws_cumulative,843,2.0
climate_laws_cumulative,844,2.0
climate_laws_cumulative,845,2.0
climate_laws_cumulative,846,2.0
climate_laws_cumulative,847,2.0
climate_laws_cumulative,848,2.0
climate_laws_cumulative,849,2.0
climate_laws_cumulative,850,2.0
climate_laws_cumulative,851,2.0
climate_laws_cumulative,852,2.0
climate_laws_cumulative,853,2.0
climate_laws_cumulative,854,2.0
climate_laws_cumulative,855,2.0
climate_laws_cumulative,856,2.0
climate_laws_cumulative,857,2.0
climate_laws_cumulative,858,2.0
climate_laws_cumulative,859,2.0
climate_laws_cumulative,860,2.0
climate_laws_cumulative,861,2.0
climate_laws_cumulative,862,2.0
climate_laws_cumulative,863,2.0
climate_laws_cumulative,864,2.0
climate_laws_cumulative,865,2.0
climate_laws_cumulative,866,2.0
climate_laws_cumulative,867,2.0
climate_laws_cumulative,868,2.0
climate_laws_cumulative,869,2.0
climate_laws_cumulative,870,2.0
climate_laws_cumulative,871,2.0
climate_laws_cumulative,872,2.0
climate_laws_cumulative,873,2.0
climate_laws_cumulative,874,2.0
climate_laws_cumulative,875,2.0
climate_laws_cumulative,876,2.0
climate_laws_cumulative,877,2.0
climate_laws_cumulative,878,2.0
climate_laws_cumulative,879,2.0
climate_laws_cumulative,880,2.0
climate_laws_cumulative,881,2.0
climate_laws_cumulative,882,2.0
climate_laws_cumulative,883,2.0
climate_laws_cumulative,884,2.0
climate_laws_cumulative,885,2.0
climate_laws_cumulative,886,2.0
climate_laws_cumulative,887,2.0
climate_laws_cumulative,888,2.0
climate_laws_cumulative,889,2.0
climate_laws_cumulative,890,2.0
climate_laws_cumulative,891,2.0
climate_laws_cumulative,892,2.0
climate_laws_cumulative,893,2.0
climate_laws_cumulative,894,2.0
climate_laws_cumulative,895,2.0
climate_laws_cumulative,896,2.0
climate_laws_cumulative,897,2.0
climate_laws_cumulative,898,2.0
climate_laws_cumulative,899,2.0
climate_laws_cumulative,900,2.0
climate_laws_cumulative,901,2.0
climate_laws_cumulative,902,2.0
climate_laws_cumulative,903,2.0
climate_laws_cumulative,904,2.0
climate_laws_cumulative,905,2.0
climate_laws_cumulative,906,2.0
climate_laws_cumulative,907,2.0
climate_laws_cumulative,908,2.0
climate_laws_cumulative,909,2.0
climate_laws_cumulative,910,2.0
climate_laws_cumulative,911,2.0
climate_laws_cumulative,912,2.0
climate_laws_cumulative,913,2.0
climate_laws_cumulative,914,2.0
climate_laws_cumulative,915,2.0
climate_laws_cumulative,916,3.0
climate_laws_cumulative,917,3.0
climate_laws_cumulative,918,3.0
climate_laws_cumulative,919,3.0
climate_laws_cumulative,920,3.0
climate_laws_cumulative,921,3.0
climate_laws_cumulative,922,3.0
climate_laws_cumulative,923,3.0
climate_laws_cumulative,924,3.0
climate_laws_cumulative,925,3.0
climate_laws_cumulative,926,3.0
climate_laws_cumulative,927,3.0
climate_laws_cumulative,928,3.0
climate_laws_cumulative,929,3.0
climate_laws_cumulative,930,3.0
climate_laws_cumulative,931,3.0
climate_laws_cumulative,932,3.0
climate_laws_cumulative,933,3.0
climate_laws_cumulative,934,3.0
climate_laws_cumulative,935,3.0
climate_laws_cumulative,936,3.0
climate_laws_cumulative,937,3.0
climate_laws_cumulative,938,3.0
climate_laws_cumulative,939,3.0
climate_laws_cumulative,940,3.0
climate_laws_cumulative,941,3.0
climate_laws_cumulative,942,3.0
climate_laws_cumulative,943,3.0
climate_laws_cumulative,944,3.0
climate_laws_cumulative,945,3.0
climate_laws_cumulative,946,3.0
climate_laws_cumulative,947,3.0
climate_laws_cumulative,948,3.0
climate_laws_cumulative,949,3.0
climate_laws_cumulative,950,3.0
climate_laws_cumulative,951,3.0
climate_laws_cumulative,952,3.0
climate_laws_cumulative,953,3.0
climate_laws_cumulative,954,3.0
climate_laws_cumulative,955,3.0
climate_laws_cumulative,956,3.0
climate_laws_cumulative,957,3.0
climate_laws_cumulative,958,3.0
climate_laws_cumulative,959,3.0
climate_laws_cumulative,960,3.0
climate_laws_cumulative,961,3.0
climate_laws_cumulative,962,3.0
climate_laws_cumulative,963,3.0
climate_laws_cumulative,964,3.0
climate_laws_cumulative,965,3.0
climate_laws_cumulative,966,3.0
climate_laws_cumulative,967,3.0
climate_laws_cumulative,968,3.0
climate_laws_cumulative,969,3.0
climate_laws_cumulative,970,3.0
climate_laws_cumulative,971,3.0
climate_laws_cumulative,972,3.0
climate_laws_cumulative,973,3.0
climate_laws_cumulative,974,3.0
climate_laws_cumulative,975,3.0
climate_laws_cumulative,976,3.0
climate_laws_cumulative,977,3.0
climate_laws_cumulative,978,3.0
climate_laws_cumulative,979,3.0
climate_laws_cumulative,980,3.0
climate_laws_cumulative,981,3.0
climate_laws_cumulative,982,3.0
climate_laws_cumulative,983,3.0
climate_laws_cumulative,984,3.0
climate_laws_cumulative,985,3.0
climate_laws_cumulative,986,3.0
climate_laws_cumulative,987,3.0
climate_laws_cumulative,988,3.0
climate_laws_cumulative,989,3.0
climate_laws_cumulative,990,3.0
climate_laws_cumulative,991,3.0
climate_laws_cumulative,992,3.0
climate_laws_cumulative,993,3.0
climate_laws_cumulative,994,3.0
climate_laws_cumulative,995,3.0
climate_laws_cumulative,996,3.0
climate_laws_cumulative,997,3.0
climate_laws_cumulative,998,3.0
climate_laws_cumulative,999,3.0
climate_laws_cumulative,1000,3.0
climate_laws_cumulative,1001,3.0
climate_laws_cumulative,1002,3.0
climate_laws_cumulative,1003,3.0
climate_laws_cumulative,1004,3.0
climate_laws_cumulative,1005,3.0
climate_laws_cumulative,1006,3.0
climate_laws_cumulative,1007,3.0
climate_laws_cumulative,1008,3.0
climate_laws_cumulative,1009,3.0
climate_laws_cumulative,1010,3.0
climate_laws_cumulative,1011,3.0
climate_laws_cumulative,1012,3.0
climate_laws_cumulative,1013,3.0
climate_laws_cumulative,1014,3.0
climate_laws_cumulative,1015,3.0
climate_laws_cumulative,1016,3.0
climate_laws_cumulative,1017,3.0
climate_laws_cumulative,1018,3.0
climate_laws_cumulative,1019,3.0
climate_laws_cumulative,1020,3.0
climate_laws_cumulative,1021,3.0
climate_laws_cumulative,1022,3.0
climate_laws_cumulative,1023,3.0
climate_laws_cumulative,1024,3.0
climate_laws_cumulative,1025,3.0
climate_laws_cumulative,1026,3.0
climate_laws_cumulative,1027,3.0
climate_laws_cumulative,1028,3.0
climate_laws_cumulative,1029,3.0
climate_laws_cumulative,1030,3.0
climate_laws_cumulative,1031,3.0
climate_laws_cumulative,1032,3.0
climate_laws_cumulative,1033,3.0
climate_laws_cumulative,1034,3.0
climate_laws_cumulative,1035,3.0
climate_laws_cumulative,1036,3.0
climate_laws_cumulative,1037,3.0
climate_laws_cumulative,1038,3.0
climate_laws_cumulative,1039,3.0
climate_laws_cumulative,1040,3.0
climate_laws_cumulative,1041,3.0
climate_laws_cumulative,1042,3.0
climate_laws_cumulative,1043,3.0
climate_laws_cumulative,1044,3.0
climate_laws_cumulative,1045,3.0
climate_laws_cumulative,1046,3.0
climate_laws_cumulative,1047,3.0
climate_laws_cumulative,1048,3.0
climate_laws_cumulative,1049,3.0
climate_laws_cumulative,1050,3.0
climate_laws_cumulative,1051,3.0
climate_laws_cumulative,1052,3.0
climate_laws_cumulative,1053,3.0
climate_laws_cumulative,1054,3.0
climate_laws_cumulative,1055,3.0
climate_laws_cumulative,1056,3.0
climate_laws_cumulative,1057,3.0
climate_laws_cumulative,1058,3.0
climate_laws_cumulative,1059,3.0
climate_laws_cumulative,1060,3.0
climate_laws_cumulative,1061,3.0
climate_laws_cumulative,1062,3.0
climate_laws_cumulative,1063,3.0
climate_laws_cumulative,1064,3.0
climate_laws_cumulative,1065,3.0
climate_laws_cumulative,1066,3.0
climate_laws_cumulative,1067,3.0
climate_laws_cumulative,1068,3.0
climate_laws_cumulative,1069,3.0
climate_laws_cumulative,1070,3.0
climate_laws_cumulative,1071,3.0
climate_laws_cumulative,1072,3.0
climate_laws_cumulative,1073,3.0
climate_laws_cumulative,1074,3.0
climate_laws_cumulative,1075,3.0
climate_laws_cumulative,1076,3.0
climate_laws_cumulative,1077,3.0
climate_laws_cumulative,1078,3.0
climate_laws_cumulative,1079,3.0
climate_laws_cumulative,1080,3.0
climate_laws_cumulative,1081,3.0
climate_laws_cumulative,1082,3.0
climate_laws_cumulative,1083,3.0
climate_laws_cumulative,1084,3.0
climate_laws_cumulative,1085,3.0
climate_laws_cumulative,1086,3.0
climate_laws_cumulative,1087,3.0
climate_laws_cumulative,1088,3.0
climate_laws_cumulative,1089,3.0
climate_laws_cumulative,1090,3.0
climate_laws_cumulative,1091,3.0
climate_laws_cumulative,1092,3.0
climate_laws_cumulative,1093,3.0
climate_laws_cumulative,1094,3.0
climate_laws_cumulative,1095,3.0
climate_laws_cumulative,1096,3.0
climate_laws_cumulative,1097,3.0
climate_laws_cumulative,1098,3.0
climate_laws_cumulative,1099,3.0
climate_laws_cumulative,1100,3.0
climate_laws_cumulative,1101,3.0
climate_laws_cumulative,1102,3.0
climate_laws_cumulative,1103,3.0
climate_laws_cumulative,1104,3.0
climate_laws_cumulative,1105,3.0
climate_laws_cumulative,1106,3.0
climate_laws_cumulative,1107,3.0
climate_laws_cumulative,1108,3.0
climate_laws_cumulative,1109,3.0
climate_laws_cumulative,1110,3.0
climate_laws_cumulative,1111,3.0
climate_laws_cumulative,1112,3.0
climate_laws_cumulative,1113,3.0
climate_laws_cumulative,1114,3.0
climate_laws_cumulative,1115,3.0
climate_laws_cumulative,1116,3.0
climate_laws_cumulative,1117,3.0
climate_laws_cumulative,1118,3.0
climate_laws_cumulative,1119,3.0
climate_laws_cumulative,1120,3.0
climate_laws_cumulative,1121,3.0
climate_laws_cumulative,1122,3.0
climate_laws_cumulative,1123,3.0
climate_laws_cumulative,1124,3.0
climate_laws_cumulative,1125,3.0
climate_laws_cumulative,1126,3.0
climate_laws_cumulative,1127,3.0
climate_laws_cumulative,1128,3.0
climate_laws_cumulative,1129,3.0
climate_laws_cumulative,1130,3.0
climate_laws_cumulative,1131,3.0
climate_laws_cumulative,1132,3.0
climate_laws_cumulative,1133,3.0
climate_laws_cumulative,1134,3.0
climate_laws_cumulative,1135,3.0
climate_laws_cumulative,1136,3.0
climate_laws_cumulative,1137,3.0
climate_laws_cumulative,1138,3.0
climate_laws_cumulative,1139,3.0
climate_laws_cumulative,1140,3.0
climate_laws_cumulative,1141,3.0
climate_laws_cumulative,1142,3.0
climate_laws_cumulative,1143,3.0
climate_laws_cumulative,1144,3.0
climate_laws_cumulative,1145,3.0
climate_laws_cumulative,1146,3.0
climate_laws_cumulative,1147,3.0
climate_laws_cumulative,1148,3.0
climate_laws_cumulative,1149,3.0
climate_laws_cumulative,1150,3.0
climate_laws_cumulative,1151,3.0
climate_laws_cumulative,1152,3.0
climate_laws_cumulative,1153,3.0
climate_laws_cumulative,1154,3.0
climate_laws_cumulative,1155,3.0
climate_laws_cumulative,1156,4.0
climate_laws_cumulative,1157,4.0
climate_laws_cumulative,1158,4.0
climate_laws_cumulative,1159,4.0
climate_laws_cumulative,1160,4.0
climate_laws_cumulative,1161,4.0
climate_laws_cumulative,1162,4.0
climate_laws_cumulative,1163,4.0
climate_laws_cumulative,1164,4.0
climate_laws_cumulative,1165,4.0
climate_laws_cumulative,1166,4.0
climate_laws_cumulative,1167,4.0
climate_laws_cumulative,1168,4.0
climate_laws_cumulative,1169,4.0
climate_laws_cumulative,1170,4.0
climate_laws_cumulative,1171,4.0
climate_laws_cumulative,1172,4.0
climate_laws_cumulative,1173,4.0
climate_laws_cumulative,1174,4.0
climate_laws_cumulative,1175,4.0
climate_laws_cumulative,1176,4.0
climate_laws_cumulative,1177,4.0
climate_laws_cumulative,1178,4.0
climate_laws_cumulative,1179,4.0
climate_laws_cumulative,1180,4.0
climate_laws_cumulative,1181,4.0
climate_laws_cumulative,1182,4.0
climate_laws_cumulative,1183,4.0
climate_laws_cumulative,1184,4.0
climate_laws_cumulative,1185,4.0
climate_laws_cumulative,1186,4.0
climate_laws_cumulative,1187,4.0
climate_laws_cumulative,1188,4.0
climate_laws_cumulative,1189,4.0
climate_laws_cumulative,1190,4.0
climate_laws_cumulative,1191,4.0
climate_laws_cumulative,1192,4.0
climate_laws_cumulative,1193,4.0
climate_laws_cumulative,1194,4.0
climate_laws_cumulative,1195,4.0
climate_laws_cumulative,1196,4.0
climate_laws_cumulative,1197,4.0
climate_laws_cumulative,1198,4.0
climate_laws_cumulative,1199,4.0
climate_laws_cumulative,1200,4.0
climate_laws_cumulative,1201,4.0
climate_laws_cumulative,1202,4.0
climate_laws_cumulative,1203,4.0
climate_laws_cumulative,1204,4.0
climate_laws_cumulative,1205,4.0
climate_laws_cumulative,1206,4.0
climate_laws_cumulative,1207,4.0
climate_laws_cumulative,1208,4.0
climate_laws_cumulative,1209,4.0
climate_laws_cumulative,1210,4.0
climate_laws_cumulative,1211,4.0
climate_laws_cumulative,1212,4.0
climate_laws_cumulative,1213,4.0
climate_laws_cumulative,1214,4.0
climate_laws_cumulative,1215,4.0
climate_laws_cumulative,1216,4.0
climate_laws_cumulative,1217,4.0
climate_laws_cumulative,1218,4.0
climate_laws_cumulative,1219,4.0
climate_laws_cumulative,1220,4.0
climate_laws_cumulative,1221,4.0
climate_laws_cumulative,1222,4.0
climate_laws_cumulative,1223,4.0
climate_laws_cumulative,1224,4.0
climate_laws_cumulative,1225,4.0
climate_laws_cumulative,1226,4.0
climate_laws_cumulative,1227,4.0
climate_laws_cumulative,1228,4.0
climate_laws_cumulative,1229,4.0
climate_laws_cumulative,1230,4.0
climate_laws_cumulative,1231,4.0
climate_laws_cumulative,1232,4.0
climate_laws_cumulative,1233,4.0
climate_laws_cumulative,1234,4.0
climate_laws_cumulative,1235,4.0
climate_laws_cumulative,1236,4.0
climate_laws_cumulative,1237,4.0
climate_laws_cumulative,1238,4.0
climate_laws_cumulative,1239,4.0
climate_laws_cumulative,1240,4.0
climate_laws_cumulative,1241,4.0
climate_laws_cumulative,1242,4.0
climate_laws_cumulative,1243,4.0
climate_laws_cumulative,1244,4.0
climate_laws_cumulative,1245,4.0
climate_laws_cumulative,1246,4.0
climate_laws_cumulative,1247,4.0
climate_laws_cumulative,1248,4.0
climate_laws_cumulative,1249,4.0
climate_laws_cumulative,1250,4.0
climate_laws_cumulative,1251,4.0
climate_laws_cumulative,1252,4.0
climate_laws_cumulative,1253,4.0
climate_laws_cumulative,1254,4.0
climate_laws_cumulative,1255,4.0
climate_laws_cumulative,1256,4.0
climate_laws_cumulative,1257,4.0
climate_laws_cumulative,1258,4.0
climate_laws_cumulative,1259,4.0
climate_laws_cumulative,1260,4.0
climate_laws_cumulative,1261,4.0
climate_laws_cumulative,1262,4.0
climate_laws_cumulative,1263,4.0
climate_laws_cumulative,1264,4.0
climate_laws_cumulative,1265,4.0
climate_laws_cumulative,1266,4.0
climate_laws_cumulative,1267,4.0
climate_laws_cumulative,1268,4.0
climate_laws_cumulative,1269,4.0
climate_laws_cumulative,1270,4.0
climate_laws_cumulative,1271,4.0
climate_laws_cumulative,1272,4.0
climate_laws_cumulative,1273,4.0
climate_laws_cumulative,1274,4.0
climate_laws_cumulative,1275,4.0
climate_laws_cumulative,1276,4.0
climate_laws_cumulative,1277,4.0
climate_laws_cumulative,1278,4.0
climate_laws_cumulative,1279,4.0
climate_laws_cumulative,1280,4.0
climate_laws_cumulative,1281,4.0
climate_laws_cumulative,1282,4.0
climate_laws_cumulative,1283,4.0
climate_laws_cumulative,1284,4.0
climate_laws_cumulative,1285,4.0
climate_laws_cumulative,1286,4.0
climate_laws_cumulative,1287,4.0
climate_laws_cumulative,1288,4.0
climate_laws_cumulative,1289,4.0
climate_laws_cumulative,1290,4.0
climate_laws_cumulative,1291,4.0
climate_laws_cumulative,1292,4.0
climate_laws_cumulative,1293,4.0
climate_laws_cumulative,1294,4.0
climate_laws_cumulative,1295,4.0
climate_laws_cumulative,1296,4.0
climate_laws_cumulative,1297,4.0
climate_laws_cumulative,1298,4.0
climate_laws_cumulative,1299,4.0
climate_laws_cumulative,1300,4.0
climate_laws_cumulative,1301,4.0
climate_laws_cumulative,1302,4.0
climate_laws_cumulative,1303,4.0
climate_laws_cumulative,1304,4.0
climate_laws_cumulative,1305,4.0
climate_laws_cumulative,1306,4.0
climate_laws_cumulative,1307,4.0
climate_laws_cumulative,1308,4.0
climate_laws_cumulative,1309,4.0
climate_laws_cumulative,1310,4.0
climate_laws_cumulative,1311,4.0
climate_laws_cumulative,1312,4.0
climate_laws_cumulative,1313,4.0
climate_laws_cumulative,1314,4.0
climate_laws_cumulative,1315,4.0
climate_laws_cumulative,1316,4.0
climate_laws_cumulative,1317,4.0
climate_laws_cumulative,1318,4.0
climate_laws_cumulative,1319,4.0
climate_laws_cumulative,1320,4.0
climate_laws_cumulative,1321,4.0
climate_laws_cumulative,1322,4.0
climate_laws_cumulative,1323,4.0
climate_laws_cumulative,1324,4.0
climate_laws_cumulative,1325,4.0
climate_laws_cumulative,1326,4.0
climate_laws_cumulative,1327,4.0
climate_laws_cumulative,1328,4.0
climate_laws_cumulative,1329,4.0
climate_laws_cumulative,1330,4.0
climate_laws_cumulative,1331,4.0
climate_laws_cumulative,1332,4.0
climate_laws_cumulative,1333,4.0
climate_laws_cumulative,1334,4.0
climate_laws_cumulative,1335,4.0
climate_laws_cumulative,1336,4.0
climate_laws_cumulative,1337,4.0
climate_laws_cumulative,1338,4.0
climate_laws_cumulative,1339,4.0
climate_laws_cumulative,1340,4.0
climate_laws_cumulative,1341,4.0
climate_laws_cumulative,1342,4.0
climate_laws_cumulative,1343,4.0
climate_laws_cumulative,1344,4.0
climate_laws_cumulative,1345,4.0
climate_laws_cumulative,1346,4.0
climate_laws_cumulative,1347,4.0
climate_laws_cumulative,1348,4.0
climate_laws_cumulative,1349,4.0
climate_laws_cumulative,1350,4.0
climate_laws_cumulative,1351,4.0
climate_laws_cumulative,1352,4.0
climate_laws_cumulative,1353,4.0
climate_laws_cumulative,1354,4.0
climate_laws_cumulative,1355,4.0
climate_laws_cumulative,1356,4.0
climate_laws_cumulative,1357,4.0
climate_laws_cumulative,1358,4.0
climate_laws_cumulative,1359,4.0
climate_laws_cumulative,1360,4.0
climate_laws_cumulative,1361,4.0
climate_laws_cumulative,1362,4.0
climate_laws_cumulative,1363,4.0
climate_laws_cumulative,1364,4.0
climate_laws_cumulative,1365,4.0
climate_laws_cumulative,1366,4.0
climate_laws_cumulative,1367,4.0
climate_laws_cumulative,1368,4.0
climate_laws_cumulative,1369,4.0
climate_laws_cumulative,1370,4.0
climate_laws_cumulative,1371,4.0
climate_laws_cumulative,1372,4.0
climate_laws_cumulative,1373,4.0
climate_laws_cumulative,1374,4.0
climate_laws_cumulative,1375,4.0
climate_laws_cumulative,1376,4.0
climate_laws_cumulative,1377,4.0
climate_laws_cumulative,1378,4.0
climate_laws_cumulative,1379,5.0
climate_laws_cumulative,1380,5.0
climate_laws_cumulative,1381,5.0
climate_laws_cumulative,1382,5.0
climate_laws_cumulative,1383,5.0
climate_laws_cumulative,1384,5.0
climate_laws_cumulative,1385,5.0
climate_laws_cumulative,1386,5.0
climate_laws_cumulative,1387,5.0
climate_laws_cumulative,1388,5.0
climate_laws_cumulative,1389,5.0
climate_laws_cumulative,1390,5.0
climate_laws_cumulative,1391,5.0
climate_laws_cumulative,1392,5.0
climate_laws_cumulative,1393,5.0
climate_laws_cumulative,1394,5.0
climate_laws_cumulative,1395,5.0
climate_laws_cumulative,1396,5.0
climate_laws_cumulative,1397,5.0
climate_laws_cumulative,1398,5.0
climate_laws_cumulative,1399,5.0
climate_laws_cumulative,1400,5.0
climate_laws_cumulative,1401,5.0
climate_laws_cumulative,1402,5.0
climate_laws_cumulative,1403,5.0
climate_laws_cumulative,1404,5.0
climate_laws_cumulative,1405,5.0
climate_laws_cumulative,1406,5.0
climate_laws_cumulative,1407,5.0
climate_laws_cumulative,1408,5.0
climate_laws_cumulative,1409,5.0
climate_laws_cumulative,1410,5.0
climate_laws_cumulative,1411,5.0
climate_laws_cumulative,1412,5.0
climate_laws_cumulative,1413,5.0
climate_laws_cumulative,1414,5.0
climate_laws_cumulative,1415,5.0
climate_laws_cumulative,1416,5.0
climate_laws_cumulative,1417,5.0
climate_laws_cumulative,1418,5.0
climate_laws_cumulative,1419,5.0
climate_laws_cumulative,1420,5.0
climate_laws_cumulative,1421,5.0
climate_laws_cumulative,1422,5.0
climate_laws_cumulative,1423,5.0
climate_laws_cumulative,1424,5.0
climate_laws_cumulative,1425,5.0
climate_laws_cumulative,1426,5.0
climate_laws_cumulative,1427,5.0
climate_laws_cumulative,1428,5.0
climate_laws_cumulative,1429,5.0
climate_laws_cumulative,1430,5.0
climate_laws_cumulative,1431,5.0
climate_laws_cumulative,1432,5.0
climate_laws_cumulative,1433,5.0
climate_laws_cumulative,1434,5.0
climate_laws_cumulative,1435,5.0
climate_laws_cumulative,1436,5.0
climate_laws_cumulative,1437,5.0
climate_laws_cumulative,1438,5.0
climate_laws_cumulative,1439,5.0
climate_laws_cumulative,1440,5.0
climate_laws_cumulative,1441,5.0
climate_laws_cumulative,1442,5.0
climate_laws_cumulative,1443,5.0
climate_laws_cumulative,1444,5.0
climate_laws_cumulative,1445,5.0
climate_laws_cumulative,1446,5.0
climate_laws_cumulative,1447,5.0
climate_laws_cumulative,1448,5.0
climate_laws_cumulative,1449,5.0
climate_laws_cumulative,1450,5.0
climate_laws_cumulative,1451,5.0
climate_laws_cumulative,1452,5.0
climate_laws_cumulative,1453,5.0
climate_laws_cumulative,1454,5.0
climate_laws_cumulative,1455,5.0
climate_laws_cumulative,1456,5.0
climate_laws_cumulative,1457,5.0
climate_laws_cumulative,1458,5.0
climate_laws_cumulative,1459,5.0
climate_laws_cumulative,1460,5.0
climate_laws_cumulative,1461,5.0
climate_laws_cumulative,1462,5.0
climate_laws_cumulative,1463,5.0
climate_laws_cumulative,1464,5.0
climate_laws_cumulative,1465,5.0
climate_laws_cumulative,1466,5.0
climate_laws_cumulative,1467,5.0
climate_laws_cumulative,1468,5.0
climate_laws_cumulative,1469,5.0
climate_laws_cumulative,1470,5.0
climate_laws_cumulative,1471,5.0
climate_laws_cumulative,1472,5.0
climate_laws_cumulative,1473,5.0
climate_laws_cumulative,1474,5.0
climate_laws_cumulative,1475,5.0
climate_laws_cumulative,1476,5.0
climate_laws_cumulative,1477,5.0
climate_laws_cumulative,1478,5.0
climate_laws_cumulative,1479,5.0
climate_laws_cumulative,1480,5.0
climate_laws_cumulative,1481,5.0
climate_laws_cumulative,1482,5.0
climate_laws_cumulative,1483,5.0
climate_laws_cumulative,1484,5.0
climate_laws_cumulative,1485,5.0
climate_laws_cumulative,1486,5.0
climate_laws_cumulative,1487,5.0
climate_laws_cumulative,1488,5.0
climate_laws_cumulative,1489,5.0
climate_laws_cumulative,1490,5.0
climate_laws_cumulative,1491,5.0
climate_laws_cumulative,1492,5.0
climate_laws_cumulative,1493,5.0
climate_laws_cumulative,1494,5.0
climate_laws_cumulative,1495,5.0
climate_laws_cumulative,1496,5.0
climate_laws_cumulative,1497,5.0
climate_laws_cumulative,1498,5.0
climate_laws_cumulative,1499,5.0
climate_laws_cumulative,1500,5.0
climate_laws_cumulative,1501,5.0
climate_laws_cumulative,1502,5.0
climate_laws_cumulative,1503,5.0
climate_laws_cumulative,1504,5.0
climate_laws_cumulative,1505,5.0
climate_laws_cumulative,1506,5.0
climate_laws_cumulative,1507,5.0
climate_laws_cumulative,1508,5.0
climate_laws_cumulative,1509,5.0
climate_laws_cumulative,1510,5.0
climate_laws_cumulative,1511,5.0
climate_laws_cumulative,1512,5.0
climate_laws_cumulative,1513,5.0
climate_laws_cumulative,1514,5.0
climate_laws_cumulative,1515,5.0
climate_laws_cumulative,1516,5.0
climate_laws_cumulative,1517,5.0
climate_laws_cumulative,1518,5.0
climate_laws_cumulative,1519,5.0
climate_laws_cumulative,1520,5.0
climate_laws_cumulative,1521,5.0
climate_laws_cumulative,1522,5.0
climate_laws_cumulative,1523,5.0
climate_laws_cumulative,1524,5.0
climate_laws_cumulative,1525,5.0
climate_laws_cumulative,1526,5.0
climate_laws_cumulative,1527,5.0
climate_laws_cumulative,1528,5.0
climate_laws_cumulative,1529,5.0
climate_laws_cumulative,1530,5.0
climate_laws_cumulative,1531,5.0
climate_laws_cumulative,1532,5.0
climate_laws_cumulative,1533,5.0
climate_laws_cumulative,1534,5.0
climate_laws_cumulative,1535,5.0
climate_laws_cumulative,1536,5.0
climate_laws_cumulative,1537,5.0
climate_laws_cumulative,1538,5.0
climate_laws_cumulative,1539,5.0
climate_laws_cumulative,1540,5.0
climate_laws_cumulative,1541,5.0
climate_laws_cumulative,1542,5.0
climate_laws_cumulative,1543,5.0
climate_laws_cumulative,1544,5.0
climate_laws_cumulative,1545,5.0
climate_laws_cumulative,1546,5.0
climate_laws_cumulative,1547,5.0
climate_laws_cumulative,1548,5.0
climate_laws_cumulative,1549,5.0
climate_laws_cumulative,1550,5.0
climate_laws_cumulative,1551,5.0
climate_laws_cumulative,1552,5.0
climate_laws_cumulative,1553,5.0
climate_laws_cumulative,1554,5.0
climate_laws_cumulative,1555,5.0
climate_laws_cumulative,1556,5.0
climate_laws_cumulative,1557,5.0
climate_laws_cumulative,1558,5.0
climate_laws_cumulative,1559,5.0
climate_laws_cumulative,1560,5.0
climate_laws_cumulative,1561,5.0
climate_laws_cumulative,1562,5.0
climate_laws_cumulative,1563,5.0
climate_laws_cumulative,1564,6.0
climate_laws_cumulative,1565,6.0
climate_laws_cumulative,1566,6.0
climate_laws_cumulative,1567,6.0
climate_laws_cumulative,1568,6.0
climate_laws_cumulative,1569,6.0
climate_laws_cumulative,1570,6.0
climate_laws_cumulative,1571,6.0
climate_laws_cumulative,1572,6.0
climate_laws_cumulative,1573,6.0
climate_laws_cumulative,1574,6.0
climate_laws_cumulative,1575,6.0
climate_laws_cumulative,1576,6.0
climate_laws_cumulative,1577,6.0
climate_laws_cumulative,1578,6.0
climate_laws_cumulative,1579,6.0
climate_laws_cumulative,1580,6.0
climate_laws_cumulative,1581,6.0
climate_laws_cumulative,1582,6.0
climate_laws_cumulative,1583,6.0
climate_laws_cumulative,1584,6.0
climate_laws_cumulative,1585,6.0
climate_laws_cumulative,1586,6.0
climate_laws_cumulative,1587,6.0
climate_laws_cumulative,1588,6.0
climate_laws_cumulative,1589,6.0
climate_laws_cumulative,1590,6.0
climate_laws_cumulative,1591,6.0
climate_laws_cumulative,1592,6.0
climate_laws_cumulative,1593,6.0
climate_laws_cumulative,1594,6.0
climate_laws_cumulative,1595,6.0
climate_laws_cumulative,1596,6.0
climate_laws_cumulative,1597,6.0
climate_laws_cumulative,1598,6.0
climate_laws_cumulative,1599,6.0
climate_laws_cumulative,1600,6.0
climate_laws_cumulative,1601,6.0
climate_laws_cumulative,1602,6.0
climate_laws_cumulative,1603,6.0
climate_laws_cumulative,1604,6.0
climate_laws_cumulative,1605,6.0
climate_laws_cumulative,1606,6.0
climate_laws_cumulative,1607,6.0
climate_laws_cumulative,1608,6.0
climate_laws_cumulative,1609,6.0
climate_laws_cumulative,1610,6.0
climate_laws_cumulative,1611,6.0
climate_laws_cumulative,1612,6.0
climate_laws_cumulative,1613,6.0
climate_laws_cumulative,1614,6.0
climate_laws_cumulative,1615,6.0
climate_laws_cumulative,1616,6.0
climate_laws_cumulative,1617,6.0
climate_laws_cumulative,1618,6.0
climate_laws_cumulative,1619,6.0
climate_laws_cumulative,1620,6.0
climate_laws_cumulative,1621,6.0
climate_laws_cumulative,1622,6.0
climate_laws_cumulative,1623,6.0
climate_laws_cumulative,1624,6.0
climate_laws_cumulative,1625,6.0
climate_laws_cumulative,1626,6.0
climate_laws_cumulative,1627,6.0
climate_laws_cumulative,1628,6.0
climate_laws_cumulative,1629,6.0
climate_laws_cumulative,1630,6.0
climate_laws_cumulative,1631,6.0
climate_laws_cumulative,1632,6.0
climate_laws_cumulative,1633,6.0
climate_laws_cumulative,1634,6.0
climate_laws_cumulative,1635,6.0
climate_laws_cumulative,1636,6.0
climate_laws_cumulative,1637,6.0
climate_laws_cumulative,1638,6.0
climate_laws_cumulative,1639,6.0
climate_laws_cumulative,1640,6.0
climate_laws_cumulative,1641,6.0
climate_laws_cumulative,1642,6.0
climate_laws_cumulative,1643,6.0
climate_laws_cumulative,1644,6.0
climate_laws_cumulative,1645,6.0
climate_laws_cumulative,1646,6.0
climate_laws_cumulative,1647,6.0
climate_laws_cumulative,1648,6.0
climate_laws_cumulative,1649,6.0
climate_laws_cumulative,1650,6.0
climate_laws_cumulative,1651,6.0
climate_laws_cumulative,1652,6.0
climate_laws_cumulative,1653,6.0
climate_laws_cumulative,1654,6.0
climate_laws_cumulative,1655,6.0
climate_laws_cumulative,1656,6.0
climate_laws_cumulative,1657,6.0
climate_laws_cumulative,1658,6.0
climate_laws_cumulative,1659,6.0
climate_laws_cumulative,1660,6.0
climate_laws_cumulative,1661,6.0
climate_laws_cumulative,1662,6.0
climate_laws_cumulative,1663,6.0
climate_laws_cumulative,1664,6.0
climate_laws_cumulative,1665,6.0
climate_laws_cumulative,1666,6.0
climate_laws_cumulative,1667,6.0
climate_laws_cumulative,1668,6.0
climate_laws_cumulative,1669,6.0
climate_laws_cumulative,1670,6.0
climate_laws_cumulative,1671,6.0
climate_laws_cumulative,1672,6.0
climate_laws_cumulative,1673,6.0
climate_laws_cumulative,1674,6.0
climate_laws_cumulative,1675,6.0
climate_laws_cumulative,1676,6.0
climate_laws_cumulative,1677,6.0
climate_laws_cumulative,1678,6.0
climate_laws_cumulative,1679,6.0
climate_laws_cumulative,1680,6.0
climate_laws_cumulative,1681,6.0
climate_laws_cumulative,1682,6.0
climate_laws_cumulative,1683,6.0
climate_laws_cumulative,1684,6.0
climate_laws_cumulative,1685,6.0
climate_laws_cumulative,1686,6.0
climate_laws_cumulative,1687,6.0
climate_laws_cumulative,1688,6.0
climate_laws_cumulative,1689,6.0
climate_laws_cumulative,1690,6.0
climate_laws_cumulative,1691,6.0
climate_laws_cumulative,1692,6.0
climate_laws_cumulative,1693,6.0
climate_laws_cumulative,1694,6.0
climate_laws_cumulative,1695,6.0
climate_laws_cumulative,1696,6.0
climate_laws_cumulative,1697,6.0
climate_laws_cumulative,1698,6.0
climate_laws_cumulative,1699,6.0
climate_laws_cumulative,1700,6.0
climate_laws_cumulative,1701,6.0
climate_laws_cumulative,1702,6.0
climate_laws_cumulative,1703,6.0
climate_laws_cumulative,1704,6.0
climate_laws_cumulative,1705,6.0
climate_laws_cumulative,1706,6.0
climate_laws_cumulative,1707,6.0
climate_laws_cumulative,1708,6.0
climate_laws_cumulative,1709,6.0
climate_laws_cumulative,1710,6.0
climate_laws_cumulative,1711,6.0
climate_laws_cumulative,1712,6.0
climate_laws_cumulative,1713,6.0
climate_laws_cumulative,1714,6.0
climate_laws_cumulative,1715,6.0
climate_laws_cumulative,1716,6.0
climate_laws_cumulative,1717,6.0
climate_laws_cumulative,1718,6.0
climate_laws_cumulative,1719,6.0
climate_laws_cumulative,1720,6.0
climate_laws_cumulative,1721,6.0
climate_laws_cumulative,1722,6.0
climate_laws_cumulative,1723,6.0
climate_laws_cumulative,1724,6.0
climate_laws_cumulative,1725,6.0
climate_laws_cumulative,1726,6.0
climate_laws_cumulative,1727,6.0
climate_laws_cumulative,1728,6.0
climate_laws_cumulative,1729,6.0
climate_laws_cumulative,1730,6.0
climate_laws_cumulative,1731,6.0
climate_laws_cumulative,1732,6.0
climate_laws_cumulative,1733,6.0
climate_laws_cumulative,1734,6.0
climate_laws_cumulative,1735,6.0
climate_laws_cumulative,1736,6.0
climate_laws_cumulative,1737,6.0
climate_laws_cumulative,1738,6.0
climate_laws_cumulative,1739,6.0
climate_laws_cumulative,1740,6.0
climate_laws_cumulative,1741,6.0
climate_laws_cumulative,1742,6.0
climate_laws_cumulative,1743,6.0
climate_laws_cumulative,1744,6.0
climate_laws_cumulative,1745,6.0
climate_laws_cumulative,1746,6.0
climate_laws_cumulative,1747,6.0
climate_laws_cumulative,1748,6.0
climate_laws_cumulative,1749,6.0
climate_laws_cumulative,1750,7.0
climate_laws_cumulative,1751,7.0
climate_laws_cumulative,1752,7.0
climate_laws_cumulative,1753,7.0
climate_laws_cumulative,1754,7.0
climate_laws_cumulative,1755,7.0
climate_laws_cumulative,1756,7.0
climate_laws_cumulative,1757,7.0
climate_laws_cumulative,1758,7.0
climate_laws_cumulative,1759,7.0
climate_laws_cumulative,1760,7.0
climate_laws_cumulative,1761,7.0
climate_laws_cumulative,1762,7.0
climate_laws_cumulative,1763,7.0
climate_laws_cumulative,1764,7.0
climate_laws_cumulative,1765,7.0
climate_laws_cumulative,1766,7.0
climate_laws_cumulative,1767,7.0
climate_laws_cumulative,1768,7.0
climate_laws_cumulative,1769,7.0
climate_laws_cumulative,1770,7.0
climate_laws_cumulative,1771,7.0
climate_laws_cumulative,1772,7.0
climate_laws_cumulative,1773,7.0
climate_laws_cumulative,1774,7.0
climate_laws_cumulative,1775,7.0
climate_laws_cumulative,1776,7.0
climate_laws_cumulative,1777,7.0
climate_laws_cumulative,1778,7.0
climate_laws_cumulative,1779,7.0
climate_laws_cumulative,1780,7.0
climate_laws_cumulative,1781,7.0
climate_laws_cumulative,1782,7.0
climate_laws_cumulative,1783,7.0
climate_laws_cumulative,1784,7.0
climate_laws_cumulative,1785,7.0
climate_laws_cumulative,1786,7.0
climate_laws_cumulative,1787,7.0
climate_laws_cumulative,1788,7.0
climate_laws_cumulative,1789,7.0
climate_laws_cumulative,1790,7.0
climate_laws_cumulative,1791,7.0
climate_laws_cumulative,1792,7.0
climate_laws_cumulative,1793,7.0
climate_laws_cumulative,1794,7.0
climate_laws_cumulative,1795,7.0
climate_laws_cumulative,1796,7.0
climate_laws_cumulative,1797,7.0
climate_laws_cumulative,1798,7.0
climate_laws_cumulative,1799,7.0
climate_laws_cumulative,1800,7.0
climate_laws_cumulative,1801,7.0
climate_laws_cumulative,1802,7.0
climate_laws_cumulative,1803,7.0
climate_laws_cumulative,1804,7.0
climate_laws_cumulative,1805,7.0
climate_laws_cumulative,1806,7.0
climate_laws_cumulative,1807,7.0
climate_laws_cumulative,1808,7.0
climate_laws_cumulative,1809,7.0
climate_laws_cumulative,1810,7.0
climate_laws_cumulative,1811,7.0
climate_laws_cumulative,1812,7.0
climate_laws_cumulative,1813,7.0
climate_laws_cumulative,1814,7.0
climate_laws_cumulative,1815,7.0
climate_laws_cumulative,1816,7.0
climate_laws_cumulative,1817,7.0
climate_laws_cumulative,1818,7.0
climate_laws_cumulative,1819,7.0
climate_laws_cumulative,1820,7.0
climate_laws_cumulative,1821,7.0
climate_laws_cumulative,1822,7.0
climate_laws_cumulative,1823,7.0
climate_laws_cumulative,1824,7.0
climate_laws_cumulative,1825,7.0
climate_laws_cumulative,1826,7.0
climate_laws_cumulative,1827,7.0
climate_laws_cumulative,1828,7.0
climate_laws_cumulative,1829,7.0
climate_laws_cumulative,1830,7.0
climate_laws_cumulative,1831,7.0
climate_laws_cumulative,1832,7.0
climate_laws_cumulative,1833,7.0
climate_laws_cumulative,1834,7.0
climate_laws_cumulative,1835,7.0
climate_laws_cumulative,1836,7.0
climate_laws_cumulative,1837,7.0
climate_laws_cumulative,1838,7.0
climate_laws_cumulative,1839,7.0
climate_laws_cumulative,1840,7.0
climate_laws_cumulative,1841,7.0
climate_laws_cumulative,1842,7.0
climate_laws_cumulative,1843,7.0
climate_laws_cumulative,1844,7.0
climate_laws_cumulative,1845,7.0
climate_laws_cumulative,1846,7.0
climate_laws_cumulative,1847,7.0
climate_laws_cumulative,1848,7.0
climate_laws_cumulative,1849,7.0
climate_laws_cumulative,1850,7.0
climate_laws_cumulative,1851,7.0
climate_laws_cumulative,1852,7.0
climate_laws_cumulative,1853,7.0
climate_laws_cumulative,1854,7.0
climate_laws_cumulative,1855,7.0
climate_laws_cumulative,1856,7.0
climate_laws_cumulative,1857,7.0
climate_laws_cumulative,1858,7.0
climate_laws_cumulative,1859,7.0
climate_laws_cumulative,1860,7.0
climate_laws_cumulative,1861,7.0
climate_laws_cumulative,1862,7.0
climate_laws_cumulative,1863,7.0
climate_laws_cumulative,1864,7.0
climate_laws_cumulative,1865,7.0
climate_laws_cumulative,1866,7.0
climate_laws_cumulative,1867,7.0
climate_laws_cumulative,1868,7.0
climate_laws_cumulative,1869,7.0
climate_laws_cumulative,1870,7.0
climate_laws_cumulative,1871,7.0
climate_laws_cumulative,1872,7.0
climate_laws_cumulative,1873,7.0
climate_laws_cumulative,1874,7.0
climate_laws_cumulative,1875,7.0
climate_laws_cumulative,1876,7.0
climate_laws_cumulative,1877,7.0
climate_laws_cumulative,1878,7.0
climate_laws_cumulative,1879,7.0
climate_laws_cumulative,1880,7.0
climate_laws_cumulative,1881,7.0
climate_laws_cumulative,1882,7.0
climate_laws_cumulative,1883,7.0
climate_laws_cumulative,1884,7.0
climate_laws_cumulative,1885,7.0
climate_laws_cumulative,1886,7.0
climate_laws_cumulative,1887,7.0
climate_laws_cumulative,1888,7.0
climate_laws_cumulative,1889,7.0
climate_laws_cumulative,1890,7.0
climate_laws_cumulative,1891,7.0
climate_laws_cumulative,1892,7.0
climate_laws_cumulative,1893,7.0
climate_laws_cumulative,1894,7.0
climate_laws_cumulative,1895,7.0
climate_laws_cumulative,1896,7.0
climate_laws_cumulative,1897,7.0
climate_laws_cumulative,1898,7.0
climate_laws_cumulative,1899,7.0
climate_laws_cumulative,1900,7.0
climate_laws_cumulative,1901,7.0
climate_laws_cumulative,1902,7.0
climate_laws_cumulative,1903,7.0
climate_laws_cumulative,1904,7.0
climate_laws_cumulative,1905,7.0
climate_laws_cumulative,1906,7.0
climate_laws_cumulative,1907,7.0
climate_laws_cumulative,1908,7.0
climate_laws_cumulative,1909,7.0
climate_laws_cumulative,1910,7.0
climate_laws_cumulative,1911,7.0
climate_laws_cumulative,1912,7.0
climate_laws_cumulative,1913,7.0
climate_laws_cumulative,1914,7.0
climate_laws_cumulative,1915,7.0
climate_laws_cumulative,1916,7.0
climate_laws_cumulative,1917,7.0
climate_laws_cumulative,1918,7.0
climate_laws_cumulative,1919,7.0
climate_laws_cumulative,1920,7.0
climate_laws_cumulative,1921,7.0
climate_laws_cumulative,1922,7.0
climate_laws_cumulative,1923,7.0
climate_laws_cumulative,1924,7.0
climate_laws_cumulative,1925,7.0
climate_laws_cumulative,1926,7.0
climate_laws_cumulative,1927,7.0
climate_laws_cumulative,1928,7.0
climate_laws_cumulative,1929,7.0
climate_laws_cumulative,1930,7.0
climate_laws_cumulative,1931,7.0
climate_laws_cumulative,1932,7.0
climate_laws_cumulative,1933,7.0
climate_laws_cumulative,1934,7.0
climate_laws_cumulative,1935,7.0
climate_laws_cumulative,1936,7.0
climate_laws_cumulative,1937,7.0
climate_laws_cumulative,1938,7.0
climate_laws_cumulative,1939,7.0
climate_laws_cumulative,1940,7.0
climate_laws_cumulative,1941,7.0
climate_laws_cumulative,1942,7.0
climate_laws_cumulative,1943,7.0
climate_laws_cumulative,1944,7.0
climate_laws_cumulative,1945,8.0
climate_laws_cumulative,1946,8.0
climate_laws_cumulative,1947,8.0
climate_laws_cumulative,1948,8.0
climate_laws_cumulative,1949,8.0
climate_laws_cumulative,1950,8.0
climate_laws_cumulative,1951,8.0
climate_laws_cumulative,1952,8.0
climate_laws_cumulative,1953,8.0
climate_laws_cumulative,1954,8.0
climate_laws_cumulative,1955,8.0
climate_laws_cumulative,1956,8.0
climate_laws_cumulative,1957,8.0
climate_laws_cumulative,1958,8.0
climate_laws_cumulative,1959,8.0
climate_laws_cumulative,1960,8.0
climate_laws_cumulative,1961,8.0
climate_laws_cumulative,1962,8.0
climate_laws_cumulative,1963,8.0
climate_laws_cumulative,1964,8.0
climate_laws_cumulative,1965,8.0
climate_laws_cumulative,1966,8.0
climate_laws_cumulative,1967,8.0
climate_laws_cumulative,1968,8.0
climate_laws_cumulative,1969,8.0
climate_laws_cumulative,1970,8.0
climate_laws_cumulative,1971,8.0
climate_laws_cumulative,1972,8.0
climate_laws_cumulative,1973,8.0
climate_laws_cumulative,1974,8.0
climate_laws_cumulative,1975,8.0
climate_laws_cumulative,1976,8.0
climate_laws_cumulative,1977,8.0
climate_laws_cumulative,1978,8.0
climate_laws_cumulative,1979,8.0
climate_laws_cumulative,1980,8.0
climate_laws_cumulative,1981,8.0
climate_laws_cumulative,1982,8.0
climate_laws_cumulative,1983,8.0
climate_laws_cumulative,1984,8.0
climate_laws_cumulative,1985,8.0
climate_laws_cumulative,1986,8.0
climate_laws_cumulative,1987,8.0
climate_laws_cumulative,1988,8.0
climate_laws_cumulative,1989,8.0
climate_laws_cumulative,1990,8.0
climate_laws_cumulative,1991,8.0
climate_laws_cumulative,1992,8.0
climate_laws_cumulative,1993,8.0
climate_laws_cumulative,1994,8.0
climate_laws_cumulative,1995,8.0
climate_laws_cumulative,1996,8.0
climate_laws_cumulative,1997,8.0
climate_laws_cumulative,1998,8.0
climate_laws_cumulative,1999,8.0
climate_laws_cumulative,2000,8.0
climate_laws_cumulative,2001,8.0
climate_laws_cumulative,2002,8.0
climate_laws_cumulative,2003,8.0
climate_laws_cumulative,2004,8.0
climate_laws_cumulative,2005,8.0
climate_laws_cumulative,2006,8.0
climate_laws_cumulative,2007,8.0
climate_laws_cumulative,2008,8.0
climate_laws_cumulative,2009,8.0
climate_laws_cumulative,2010,8.0
climate_laws_cumulative,2011,8.0
climate_laws_cumulative,2012,8.0
climate_laws_cumulative,2013,8.0
climate_laws_cumulative,2014,8.0
climate_laws_cumulative,2015,8.0
climate_laws_cumulative,2016,8.0
climate_laws_cumulative,2017,8.0
climate_laws_cumulative,2018,8.0
climate_laws_cumulative,2019,8.0
climate_laws_cumulative,2020,8.0
climate_laws_cumulative,2021,8.0
climate_laws_cumulative,2022,8.0
climate_laws_cumulative,2023,8.0
climate_laws_cumulative,2024,8.0
climate_laws_cumulative,2025,8.0
climate_laws_cumulative,2026,8.0
climate_laws_cumulative,2027,8.0
climate_laws_cumulative,2028,8.0
climate_laws_cumulative,2029,8.0
climate_laws_cumulative,2030,8.0
climate_laws_cumulative,2031,8.0
climate_laws_cumulative,2032,8.0
climate_laws_cumulative,2033,8.0
climate_laws_cumulative,2034,8.0
climate_laws_cumulative,2035,8.0
climate_laws_cumulative,2036,8.0
climate_laws_cumulative,2037,8.0
climate_laws_cumulative,2038,8.0
climate_laws_cumulative,2039,8.0
climate_laws_cumulative,2040,8.0
climate_laws_cumulative,2041,8.0
climate_laws_cumulative,2042,8.0
climate_laws_cumulative,2043,8.0
climate_laws_cumulative,2044,8.0
climate_laws_cumulative,2045,8.0
climate_laws_cumulative,2046,8.0
climate_laws_cumulative,2047,8.0
climate_laws_cumulative,2048,8.0
climate_laws_cumulative,2049,8.0
climate_laws_cumulative,2050,8.0
climate_laws_cumulative,2051,8.0
climate_laws_cumulative,2052,8.0
climate_laws_cumulative,2053,8.0
climate_laws_cumulative,2054,8.0
climate_laws_cumulative,2055,8.0
climate_laws_cumulative,2056,8.0
climate_laws_cumulative,2057,8.0
climate_laws_cumulative,2058,8.0
climate_laws_cumulative,2059,8.0
climate_laws_cumulative,2060,8.0
climate_laws_cumulative,2061,8.0
climate_laws_cumulative,2062,8.0
climate_laws_cumulative,2063,8.0
climate_laws_cumulative,2064,8.0
climate_laws_cumulative,2065,8.0
climate_laws_cumulative,2066,8.0
climate_laws_cumulative,2067,8.0
climate_laws_cumulative,2068,8.0
climate_laws_cumulative,2069,8.0
climate_laws_cumulative,2070,8.0
climate_laws_cumulative,2071,8.0
climate_laws_cumulative,2072,8.0
climate_laws_cumulative,2073,8.0
climate_laws_cumulative,2074,8.0
climate_laws_cumulative,2075,8.0
climate_laws_cumulative,2076,8.0
climate_laws_cumulative,2077,8.0
climate_laws_cumulative,2078,8.0
climate_laws_cumulative,2079,8.0
climate_laws_cumulative,2080,8.0
climate_laws_cumulative,2081,8.0
climate_laws_cumulative,2082,8.0
climate_laws_cumulative,2083,8.0
climate_laws_cumulative,2084,8.0
climate_laws_cumulative,2085,8.0
climate_laws_cumulative,2086,8.0
climate_laws_cumulative,2087,8.0
climate_laws_cumulative,2088,8.0
climate_laws_cumulative,2089,8.0
climate_laws_cumulative,2090,8.0
climate_laws_cumulative,2091,8.0
climate_laws_cumulative,2092,8.0
climate_laws_cumulative,2093,8.0
climate_laws_cumulative,2094,8.0
climate_laws_cumulative,2095,8.0
climate_laws_cumulative,2096,8.0
climate_laws_cumulative,2097,8.0
climate_laws_cumulative,2098,8.0
climate_laws_cumulative,2099,8.0
climate_laws_cumulative,2100,8.0
climate_laws_cumulative,2101,8.0
climate_laws_cumulative,2102,8.0
climate_laws_cumulative,2103,8.0
climate_laws_cumulative,2104,8.0
climate_laws_cumulative,2105,8.0
climate_laws_cumulative,2106,8.0
climate_laws_cumulative,2107,8.0
climate_laws_cumulative,2108,8.0
climate_laws_cumulative,2109,8.0
climate_laws_cumulative,2110,8.0
climate_laws_cumulative,2111,8.0
climate_laws_cumulative,2112,8.0
climate_laws_cumulative,2113,8.0
climate_laws_cumulative,2114,8.0
climate_laws_cumulative,2115,8.0
climate_laws_cumulative,2116,8.0
climate_laws_cumulative,2117,8.0
climate_laws_cumulative,2118,8.0
climate_laws_cumulative,2119,8.0
climate_laws_cumulative,2120,8.0
climate_laws_cumulative,2121,8.0
climate_laws_cumulative,2122,8.0
climate_laws_cumulative,2123,8.0
climate_laws_cumulative,2124,8.0
climate_laws_cumulative,2125,8.0
climate_laws_cumulative,2126,8.0
climate_laws_cumulative,2127,8.0
climate_laws_cumulative,2128,8.0
climate_laws_cumulative,2129,8.0
climate_laws_cumulative,2130,8.0
climate_laws_cumulative,2131,8.0
climate_laws_cumulative,2132,8.0
climate_laws_cumulative,2133,8.0
climate_laws_cumulative,2134,8.0
climate_laws_cumulative,2135,8.0
climate_laws_cumulative,2136,8.0
climate_laws_cumulative,2137,8.0
climate_laws_cumulative,2138,9.0
climate_laws_cumulative,2139,9.0
climate_laws_cumulative,2140,9.0
climate_laws_cumulative,2141,9.0
climate_laws_cumulative,2142,9.0
climate_laws_cumulative,2143,9.0
climate_laws_cumulative,2144,9.0
climate_laws_cumulative,2145,9.0
climate_laws_cumulative,2146,9.0
climate_laws_cumulative,2147,9.0
climate_laws_cumulative,2148,9.0
climate_laws_cumulative,2149,9.0
climate_laws_cumulative,2150,9.0
climate_laws_cumulative,2151,9.0
climate_laws_cumulative,2152,9.0
climate_laws_cumulative,2153,9.0
climate_laws_cumulative,2154,9.0
climate_laws_cumulative,2155,9.0
climate_laws_cumulative,2156,9.0
climate_laws_cumulative,2157,9.0
climate_laws_cumulative,2158,9.0
climate_laws_cumulative,2159,9.0
climate_laws_cumulative,2160,9.0
climate_laws_cumulative,2161,9.0
climate_laws_cumulative,2162,9.0
climate_laws_cumulative,2163,9.0
climate_laws_cumulative,2164,9.0
climate_laws_cumulative,2165,9.0
climate_laws_cumulative,2166,9.0
climate_laws_cumulative,2167,9.0
climate_laws_cumulative,2168,9.0
climate_laws_cumulative,2169,9.0
climate_laws_cumulative,2170,9.0
climate_laws_cumulative,2171,9.0
climate_laws_cumulative,2172,9.0
climate_laws_cumulative,2173,9.0
climate_laws_cumulative,2174,9.0
climate_laws_cumulative,2175,9.0
climate_laws_cumulative,2176,9.0
climate_laws_cumulative,2177,9.0
climate_laws_cumulative,2178,9.0
climate_laws_cumulative,2179,9.0
climate_laws_cumulative,2180,9.0
climate_laws_cumulative,2181,9.0
climate_laws_cumulative,2182,9.0
climate_laws_cumulative,2183,9.0
climate_laws_cumulative,2184,9.0
climate_laws_cumulative,2185,9.0
climate_laws_cumulative,2186,9.0
climate_laws_cumulative,2187,9.0
climate_laws_cumulative,2188,9.0
climate_laws_cumulative,2189,9.0
climate_laws_cumulative,2190,9.0
climate_laws_cumulative,2191,9.0
climate_laws_cumulative,2192,9.0
climate_laws_cumulative,2193,9.0
climate_laws_cumulative,2194,9.0
climate_laws_cumulative,2195,9.0
climate_laws_cumulative,2196,9.0
climate_laws_cumulative,2197,9.0
climate_laws_cumulative,2198,9.0
climate_laws_cumulative,2199,9.0
climate_laws_cumulative,2200,9.0
climate_laws_cumulative,2201,9.0
climate_laws_cumulative,2202,9.0
climate_laws_cumulative,2203,9.0
climate_laws_cumulative,2204,9.0
climate_laws_cumulative,2205,9.0
climate_laws_cumulative,2206,9.0
climate_laws_cumulative,2207,9.0
climate_laws_cumulative,2208,9.0
climate_laws_cumulative,2209,9.0
climate_laws_cumulative,2210,9.0
climate_laws_cumulative,2211,9.0
climate_laws_cumulative,2212,9.0
climate_laws_cumulative,2213,9.0
climate_laws_cumulative,2214,9.0
climate_laws_cumulative,2215,9.0
climate_laws_cumulative,2216,9.0
climate_laws_cumulative,2217,9.0
climate_laws_cumulative,2218,9.0
climate_laws_cumulative,2219,9.0
climate_laws_cumulative,2220,9.0
climate_laws_cumulative,2221,9.0
climate_laws_cumulative,2222,9.0
climate_laws_cumulative,2223,9.0
climate_laws_cumulative,2224,9.0
climate_laws_cumulative,2225,9.0
climate_laws_cumulative,2226,9.0
climate_laws_cumulative,2227,9.0
climate_laws_cumulative,2228,9.0
climate_laws_cumulative,2229,9.0
climate_laws_cumulative,2230,9.0
climate_laws_cumulative,2231,9.0
climate_laws_cumulative,2232,9.0
climate_laws_cumulative,2233,9.0
climate_laws_cumulative,2234,9.0
climate_laws_cumulative,2235,9.0
climate_laws_cumulative,2236,9.0
climate_laws_cumulative,2237,9.0
climate_laws_cumulative,2238,9.0
climate_laws_cumulative,2239,9.0
climate_laws_cumulative,2240,9.0
climate_laws_cumulative,2241,9.0
climate_laws_cumulative,2242,9.0
climate_laws_cumulative,2243,9.0
climate_laws_cumulative,2244,9.0
climate_laws_cumulative,2245,9.0
climate_laws_cumulative,2246,9.0
climate_laws_cumulative,2247,9.0
climate_laws_cumulative,2248,9.0
climate_laws_cumulative,2249,9.0
climate_laws_cumulative,2250,9.0
climate_laws_cumulative,2251,9.0
climate_laws_cumulative,2252,9.0
climate_laws_cumulative,2253,9.0
climate_laws_cumulative,2254,9.0
climate_laws_cumulative,2255,9.0
climate_laws_cumulative,2256,9.0
climate_laws_cumulative,2257,9.0
climate_laws_cumulative,2258,9.0
climate_laws_cumulative,2259,9.0
climate_laws_cumulative,2260,9.0
climate_laws_cumulative,2261,9.0
climate_laws_cumulative,2262,9.0
climate_laws_cumulative,2263,9.0
climate_laws_cumulative,2264,9.0
climate_laws_cumulative,2265,9.0
climate_laws_cumulative,2266,9.0
climate_laws_cumulative,2267,9.0
climate_laws_cumulative,2268,9.0
climate_laws_cumulative,2269,9.0
climate_laws_cumulative,2270,9.0
climate_laws_cumulative,2271,9.0
climate_laws_cumulative,2272,9.0
climate_laws_cumulative,2273,9.0
climate_laws_cumulative,2274,9.0
climate_laws_cumulative,2275,9.0
climate_laws_cumulative,2276,9.0
climate_laws_cumulative,2277,9.0
climate_laws_cumulative,2278,9.0
climate_laws_cumulative,2279,9.0
climate_laws_cumulative,2280,10.0
climate_laws_cumulative,2281,10.0
climate_laws_cumulative,2282,10.0
climate_laws_cumulative,2283,10.0
climate_laws_cumulative,2284,10.0
climate_laws_cumulative,2285,10.0
climate_laws_cumulative,2286,10.0
climate_laws_cumulative,2287,10.0
climate_laws_cumulative,2288,10.0
climate_laws_cumulative,2289,10.0
climate_laws_cumulative,2290,10.0
climate_laws_cumulative,2291,10.0
climate_laws_cumulative,2292,10.0
climate_laws_cumulative,2293,10.0
climate_laws_cumulative,2294,10.0
climate_laws_cumulative,2295,10.0
climate_laws_cumulative,2296,10.0
climate_laws_cumulative,2297,10.0
climate_laws_cumulative,2298,10.0
climate_laws_cumulative,2299,10.0
climate_laws_cumulative,2300,10.0
climate_laws_cumulative,2301,10.0
climate_laws_cumulative,2302,10.0
climate_laws_cumulative,2303,10.0
climate_laws_cumulative,2304,10.0
climate_laws_cumulative,2305,10.0
climate_laws_cumulative,2306,10.0
climate_laws_cumulative,2307,10.0
climate_laws_cumulative,2308,10.0
climate_laws_cumulative,2309,10.0
climate_laws_cumulative,2310,10.0
climate_laws_cumulative,2311,10.0
climate_laws_cumulative,2312,10.0
climate_laws_cumulative,2313,10.0
climate_laws_cumulative,2314,10.0
climate_laws_cumulative,2315,10.0
climate_laws_cumulative,2316,10.0
climate_laws_cumulative,2317,10.0
climate_laws_cumulative,2318,10.0
climate_laws_cumulative,2319,10.0
climate_laws_cumulative,2320,10.0
climate_laws_cumulative,2321,10.0
climate_laws_cumulative,2322,10.0
climate_laws_cumulative,2323,10.0
climate_laws_cumulative,2324,10.0
climate_laws_cumulative,2325,10.0
climate_laws_cumulative,2326,10.0
climate_laws_cumulative,2327,10.0
climate_laws_cumulative,2328,10.0
climate_laws_cumulative,2329,10.0
climate_laws_cumulative,2330,10.0
climate_laws_cumulative,2331,10.0
climate_laws_cumulative,2332,10.0
climate_laws_cumulative,2333,10.0
climate_laws_cumulative,2334,10.0
climate_laws_cumulative,2335,10.0
climate_laws_cumulative,2336,10.0
climate_laws_cumulative,2337,10.0
climate_laws_cumulative,2338,10.0
climate_laws_cumulative,2339,10.0
climate_laws_cumulative,2340,10.0
climate_laws_cumulative,2341,10.0
climate_laws_cumulative,2342,10.0
climate_laws_cumulative,2343,10.0
climate_laws_cumulative,2344,10.0
climate_laws_cumulative,2345,10.0
climate_laws_cumulative,2346,10.0
climate_laws_cumulative,2347,10.0
climate_laws_cumulative,2348,10.0
climate_laws_cumulative,2349,10.0
climate_laws_cumulative,2350,10.0
climate_laws_cumulative,2351,10.0
climate_laws_cumulative,2352,10.0
climate_laws_cumulative,2353,10.0
climate_laws_cumulative,2354,10.0
climate_laws_cumulative,2355,10.0
climate_laws_cumulative,2356,10.0
climate_laws_cumulative,2357,10.0
climate_laws_cumulative,2358,10.0
climate_laws_cumulative,2359,10.0
climate_laws_cumulative,2360,10.0
climate_laws_cumulative,2361,10.0
climate_laws_cumulative,2362,10.0
climate_laws_cumulative,2363,10.0
climate_laws_cumulative,2364,10.0
climate_laws_cumulative,2365,10.0
climate_laws_cumulative,2366,10.0
climate_laws_cumulative,2367,10.0
climate_laws_cumulative,2368,10.0
climate_laws_cumulative,2369,10.0
climate_laws_cumulative,2370,10.0
climate_laws_cumulative,2371,10.0
climate_laws_cumulative,2372,10.0
climate_laws_cumulative,2373,10.0
climate_laws_cumulative,2374,10.0
climate_laws_cumulative,2375,10.0
climate_laws_cumulative,2376,10.0
climate_laws_cumulative,2377,10.0
climate_laws_cumulative,2378,10.0
climate_laws_cumulative,2379,10.0
climate_laws_cumulative,2380,10.0
climate_laws_cumulative,2381,10.0
climate_laws_cumulative,2382,10.0
climate_laws_cumulative,2383,10.0
climate_laws_cumulative,2384,10.0
climate_laws_cumulative,2385,10.0
climate_laws_cumulative,2386,10.0
climate_laws_cumulative,2387,10.0
climate_laws_cumulative,2388,10.0
climate_laws_cumulative,2389,10.0
climate_laws_cumulative,2390,10.0
climate_laws_cumulative,2391,10.0
climate_laws_cumulative,2392,10.0
climate_laws_cumulative,2393,10.0
climate_laws_cumulative,2394,10.0
climate_laws_cumulative,2395,10.0
climate_laws_cumulative,2396,10.0
climate_laws_cumulative,2397,10.0
climate_laws_cumulative,2398,10.0
climate_laws_cumulative,2399,10.0
climate_laws_cumulative,2400,10.0
climate_laws_cumulative,2401,10.0
climate_laws_cumulative,2402,10.0
climate_laws_cumulative,2403,10.0
climate_laws_cumulative,2404,10.0
climate_laws_cumulative,2405,10.0
climate_laws_cumulative,2406,10.0
climate_laws_cumulative,2407,10.0
climate_laws_cumulative,2408,10.0
climate_laws_cumulative,2409,10.0
climate_laws_cumulative,2410,10.0
climate_laws_cumulative,2411,10.0
climate_laws_cumulative,2412,10.0
climate_laws_cumulative,2413,10.0
climate_laws_cumulative,2414,11.0
climate_laws_cumulative,2415,11.0
climate_laws_cumulative,2416,11.0
climate_laws_cumulative,2417,11.0
climate_laws_cumulative,2418,11.0
climate_laws_cumulative,2419,11.0
climate_laws_cumulative,2420,11.0
climate_laws_cumulative,2421,11.0
climate_laws_cumulative,2422,11.0
climate_laws_cumulative,2423,11.0
climate_laws_cumulative,2424,11.0
climate_laws_cumulative,2425,11.0
climate_laws_cumulative,2426,11.0
climate_laws_cumulative,2427,11.0
climate_laws_cumulative,2428,11.0
climate_laws_cumulative,2429,11.0
climate_laws_cumulative,2430,11.0
climate_laws_cumulative,2431,11.0
climate_laws_cumulative,2432,11.0
climate_laws_cumulative,2433,11.0
climate_laws_cumulative,2434,11.0
climate_laws_cumulative,2435,11.0
climate_laws_cumulative,2436,11.0
climate_laws_cumulative,2437,11.0
climate_laws_cumulative,2438,11.0
climate_laws_cumulative,2439,11.0
climate_laws_cumulative,2440,11.0
climate_laws_cumulative,2441,11.0
climate_laws_cumulative,2442,11.0
climate_laws_cumulative,2443,11.0
climate_laws_cumulative,2444,11.0
climate_laws_cumulative,2445,11.0
climate_laws_cumulative,2446,11.0
climate_laws_cumulative,2447,11.0
climate_laws_cumulative,2448,11.0
climate_laws_cumulative,2449,11.0
climate_laws_cumulative,2450,11.0
climate_laws_cumulative,2451,11.0
climate_laws_cumulative,2452,11.0
climate_laws_cumulative,2453,11.0
climate_laws_cumulative,2454,11.0
climate_laws_cumulative,2455,11.0
climate_laws_cumulative,2456,11.0
climate_laws_cumulative,2457,11.0
climate_laws_cumulative,2458,11.0
climate_laws_cumulative,2459,11.0
climate_laws_cumulative,2460,11.0
climate_laws_cumulative,2461,11.0
climate_laws_cumulative,2462,11.0
climate_laws_cumulative,2463,11.0
climate_laws_cumulative,2464,11.0
climate_laws_cumulative,2465,11.0
climate_laws_cumulative,2466,11.0
climate_laws_cumulative,2467,11.0
climate_laws_cumulative,2468,11.0
climate_laws_cumulative,2469,11.0
climate_laws_cumulative,2470,11.0
climate_laws_cumulative,2471,11.0
climate_laws_cumulative,2472,11.0
climate_laws_cumulative,2473,11.0
climate_laws_cumulative,2474,11.0
climate_laws_cumulative,2475,11.0
climate_laws_cumulative,2476,11.0
climate_laws_cumulative,2477,11.0
climate_laws_cumulative,2478,11.0
climate_laws_cumulative,2479,11.0
climate_laws_cumulative,2480,11.0
climate_laws_cumulative,2481,11.0
climate_laws_cumulative,2482,11.0
climate_laws_cumulative,2483,11.0
climate_laws_cumulative,2484,11.0
climate_laws_cumulative,2485,11.0
climate_laws_cumulative,2486,11.0
climate_laws_cumulative,2487,11.0
climate_laws_cumulative,2488,11.0
climate_laws_cumulative,2489,11.0
climate_laws_cumulative,2490,11.0
climate_laws_cumulative,2491,11.0
climate_laws_cumulative,2492,11.0
climate_laws_cumulative,2493,11.0
climate_laws_cumulative,2494,11.0
climate_laws_cumulative,2495,11.0
climate_laws_cumulative,2496,11.0
climate_laws_cumulative,2497,11.0
climate_laws_cumulative,2498,11.0
climate_laws_cumulative,2499,11.0
climate_laws_cumulative,2500,11.0
climate_laws_cumulative,2501,11.0
climate_laws_cumulative,2502,11.0
climate_laws_cumulative,2503,11.0
climate_laws_cumulative,2504,11.0
climate_laws_cumulative,2505,11.0
climate_laws_cumulative,2506,11.0
climate_laws_cumulative,2507,11.0
climate_laws_cumulative,2508,11.0
climate_laws_cumulative,2509,11.0
climate_laws_cumulative,2510,11.0
climate_laws_cumulative,2511,11.0
climate_laws_cumulative,2512,11.0
climate_laws_cumulative,2513,11.0
climate_laws_cumulative,2514,11.0
climate_laws_cumulative,2515,11.0
climate_laws_cumulative,2516,11.0
climate_laws_cumulative,2517,11.0
climate_laws_cumulative,2518,11.0
climate_laws_cumulative,2519,11.0
climate_laws_cumulative,2520,11.0
climate_laws_cumulative,2521,11.0
climate_laws_cumulative,2522,11.0
climate_laws_cumulative,2523,11.0
climate_laws_cumulative,2524,11.0
climate_laws_cumulative,2525,11.0
climate_laws_cumulative,2526,11.0
climate_laws_cumulative,2527,11.0
climate_laws_cumulative,2528,11.0
climate_laws_cumulative,2529,11.0
climate_laws_cumulative,2530,11.0
climate_laws_cumulative,2531,11.0
climate_laws_cumulative,2532,11.0
climate_laws_cumulative,2533,11.0
climate_laws_cumulative,2534,11.0
climate_laws_cumulative,2535,11.0
climate_laws_cumulative,2536,11.0
climate_laws_cumulative,2537,11.0
climate_laws_cumulative,2538,11.0
climate_laws_cumulative,2539,11.0
climate_laws_cumulative,2540,11.0
climate_laws_cumulative,2541,11.0
climate_laws_cumulative,2542,11.0
climate_laws_cumulative,2543,11.0
climate_laws_cumulative,2544,11.0
climate_laws_cumulative,2545,11.0
climate_laws_cumulative,2546,11.0
climate_laws_cumulative,2547,11.0
climate_laws_cumulative,2548,11.0
climate_laws_cumulative,2549,11.0
climate_laws_cumulative,2550,11.0
climate_laws_cumulative,2551,11.0
climate_laws_cumulative,2552,11.0
climate_laws_cumulative,2553,11.0
climate_laws_cumulative,2554,11.0
climate_laws_cumulative,2555,11.0
climate_laws_cumulative,2556,11.0
climate_laws_cumulative,2557,11.0
climate_laws_cumulative,2558,11.0
climate_laws_cumulative,2559,11.0
climate_laws_cumulative,2560,11.0
climate_laws_cumulative,2561,11.0
climate_laws_cumulative,2562,11.0
climate_laws_cumulative,2563,11.0
climate_laws_cumulative,2564,11.0
climate_laws_cumulative,2565,11.0
climate_laws_cumulative,2566,11.0
climate_laws_cumulative,2567,12.0
climate_laws_cumulative,2568,12.0
climate_laws_cumulative,2569,12.0
climate_laws_cumulative,2570,12.0
climate_laws_cumulative,2571,12.0
climate_laws_cumulative,2572,12.0
climate_laws_cumulative,2573,12.0
climate_laws_cumulative,2574,12.0
climate_laws_cumulative,2575,12.0
climate_laws_cumulative,2576,12.0
climate_laws_cumulative,2577,12.0
climate_laws_cumulative,2578,12.0
climate_laws_cumulative,2579,12.0
climate_laws_cumulative,2580,12.0
climate_laws_cumulative,2581,12.0
climate_laws_cumulative,2582,12.0
climate_laws_cumulative,2583,12.0
climate_laws_cumulative,2584,12.0
climate_laws_cumulative,2585,12.0
climate_laws_cumulative,2586,12.0
climate_laws_cumulative,2587,12.0
climate_laws_cumulative,2588,12.0
climate_laws_cumulative,2589,12.0
climate_laws_cumulative,2590,12.0
climate_laws_cumulative,2591,12.0
climate_laws_cumulative,2592,12.0
climate_laws_cumulative,2593,12.0
climate_laws_cumulative,2594,12.0
climate_laws_cumulative,2595,12.0
climate_laws_cumulative,2596,12.0
climate_laws_cumulative,2597,12.0
climate_laws_cumulative,2598,12.0
climate_laws_cumulative,2599,12.0
climate_laws_cumulative,2600,12.0
climate_laws_cumulative,2601,12.0
climate_laws_cumulative,2602,12.0
climate_laws_cumulative,2603,12.0
climate_laws_cumulative,2604,12.0
climate_laws_cumulative,2605,12.0
climate_laws_cumulative,2606,12.0
climate_laws_cumulative,2607,12.0
climate_laws_cumulative,2608,12.0
climate_laws_cumulative,2609,12.0
climate_laws_cumulative,2610,12.0
climate_laws_cumulative,2611,12.0
climate_laws_cumulative,2612,12.0
climate_laws_cumulative,2613,12.0
climate_laws_cumulative,2614,12.0
climate_laws_cumulative,2615,12.0
climate_laws_cumulative,2616,12.0
climate_laws_cumulative,2617,12.0
climate_laws_cumulative,2618,12.0
climate_laws_cumulative,2619,12.0
climate_laws_cumulative,2620,12.0
climate_laws_cumulative,2621,12.0
climate_laws_cumulative,2622,12.0
climate_laws_cumulative,2623,12.0
climate_laws_cumulative,2624,12.0
climate_laws_cumulative,2625,12.0
climate_laws_cumulative,2626,12.0
climate_laws_cumulative,2627,12.0
climate_laws_cumulative,2628,12.0
climate_laws_cumulative,2629,12.0
climate_laws_cumulative,2630,12.0
climate_laws_cumulative,2631,12.0
climate_laws_cumulative,2632,12.0
climate_laws_cumulative,2633,12.0
climate_laws_cumulative,2634,12.0
climate_laws_cumulative,2635,12.0
climate_laws_cumulative,2636,12.0
climate_laws_cumulative,2637,12.0
climate_laws_cumulative,2638,12.0
climate_laws_cumulative,2639,12.0
climate_laws_cumulative,2640,12.0
climate_laws_cumulative,2641,12.0
climate_laws_cumulative,2642,12.0
climate_laws_cumulative,2643,12.0
climate_laws_cumulative,2644,12.0
climate_laws_cumulative,2645,12.0
climate_laws_cumulative,2646,12.0
climate_laws_cumulative,2647,12.0
climate_laws_cumulative,2648,12.0
climate_laws_cumulative,2649,12.0
climate_laws_cumulative,2650,12.0
climate_laws_cumulative,2651,12.0
climate_laws_cumulative,2652,12.0
climate_laws_cumulative,2653,12.0
climate_laws_cumulative,2654,12.0
climate_laws_cumulative,2655,12.0
climate_laws_cumulative,2656,12.0
climate_laws_cumulative,2657,12.0
climate_laws_cumulative,2658,12.0
climate_laws_cumulative,2659,12.0
climate_laws_cumulative,2660,12.0
climate_laws_cumulative,2661,12.0
climate_laws_cumulative,2662,12.0
climate_laws_cumulative,2663,12.0
climate_laws_cumulative,2664,12.0
climate_laws_cumulative,2665,12.0
climate_laws_cumulative,2666,12.0
climate_laws_cumulative,2667,12.0
climate_laws_cumulative,2668,12.0
climate_laws_cumulative,2669,12.0
climate_laws_cumulative,2670,12.0
climate_laws_cumulative,2671,12.0
climate_laws_cumulative,2672,12.0
climate_laws_cumulative,2673,12.0
climate_laws_cumulative,2674,12.0
climate_laws_cumulative,2675,12.0
climate_laws_cumulative,2676,12.0
climate_laws_cumulative,2677,12.0
climate_laws_cumulative,2678,12.0
climate_laws_cumulative,2679,12.0
climate_laws_cumulative,2680,12.0
climate_laws_cumulative,2681,12.0
climate_laws_cumulative,2682,12.0
climate_laws_cumulative,2683,12.0
climate_laws_cumulative,2684,12.0
climate_laws_cumulative,2685,12.0
climate_laws_cumulative,2686,12.0
climate_laws_cumulative,2687,12.0
climate_laws_cumulative,2688,12.0
climate_laws_cumulative,2689,13.0
climate_laws_cumulative,2690,13.0
climate_laws_cumulative,2691,13.0
climate_laws_cumulative,2692,13.0
climate_laws_cumulative,2693,13.0
climate_laws_cumulative,2694,13.0
climate_laws_cumulative,2695,13.0
climate_laws_cumulative,2696,13.0
climate_laws_cumulative,2697,13.0
climate_laws_cumulative,2698,13.0
climate_laws_cumulative,2699,13.0
climate_laws_cumulative,2700,13.0
climate_laws_cumulative,2701,13.0
climate_laws_cumulative,2702,13.0
climate_laws_cumulative,2703,13.0
climate_laws_cumulative,2704,13.0
climate_laws_cumulative,2705,13.0
climate_laws_cumulative,2706,13.0
climate_laws_cumulative,2707,13.0
climate_laws_cumulative,2708,13.0
climate_laws_cumulative,2709,13.0
climate_laws_cumulative,2710,13.0
climate_laws_cumulative,2711,13.0
climate_laws_cumulative,2712,13.0
climate_laws_cumulative,2713,13.0
climate_laws_cumulative,2714,13.0
climate_laws_cumulative,2715,13.0
climate_laws_cumulative,2716,13.0
climate_laws_cumulative,2717,13.0
climate_laws_cumulative,2718,13.0
climate_laws_cumulative,2719,13.0
climate_laws_cumulative,2720,13.0
climate_laws_cumulative,2721,13.0
climate_laws_cumulative,2722,13.0
climate_laws_cumulative,2723,13.0
climate_laws_cumulative,2724,13.0
climate_laws_cumulative,2725,13.0
climate_laws_cumulative,2726,13.0
climate_laws_cumulative,2727,13.0
climate_laws_cumulative,2728,13.0
climate_laws_cumulative,2729,13.0
climate_laws_cumulative,2730,13.0
climate_laws_cumulative,2731,13.0
climate_laws_cumulative,2732,13.0
climate_laws_cumulative,2733,13.0
climate_laws_cumulative,2734,13.0
climate_laws_cumulative,2735,13.0
climate_laws_cumulative,2736,13.0
climate_laws_cumulative,2737,13.0
climate_laws_cumulative,2738,13.0
climate_laws_cumulative,2739,13.0
climate_laws_cumulative,2740,13.0
climate_laws_cumulative,2741,13.0
climate_laws_cumulative,2742,13.0
climate_laws_cumulative,2743,13.0
climate_laws_cumulative,2744,13.0
climate_laws_cumulative,2745,13.0
climate_laws_cumulative,2746,13.0
climate_laws_cumulative,2747,13.0
climate_laws_cumulative,2748,13.0
climate_laws_cumulative,2749,13.0
climate_laws_cumulative,2750,13.0
climate_laws_cumulative,2751,13.0
climate_laws_cumulative,2752,13.0
climate_laws_cumulative,2753,13.0
climate_laws_cumulative,2754,13.0
climate_laws_cumulative,2755,13.0
climate_laws_cumulative,2756,13.0
climate_laws_cumulative,2757,13.0
climate_laws_cumulative,2758,13.0
climate_laws_cumulative,2759,13.0
climate_laws_cumulative,2760,13.0
climate_laws_cumulative,2761,13.0
climate_laws_cumulative,2762,13.0
climate_laws_cumulative,2763,13.0
climate_laws_cumulative,2764,13.0
climate_laws_cumulative,2765,13.0
climate_laws_cumulative,2766,13.0
climate_laws_cumulative,2767,13.0
climate_laws_cumulative,2768,13.0
climate_laws_cumulative,2769,13.0
climate_laws_cumulative,2770,14.0
climate_laws_cumulative,2771,14.0
climate_laws_cumulative,2772,14.0
climate_laws_cumulative,2773,14.0
climate_laws_cumulative,2774,14.0
climate_laws_cumulative,2775,14.0
climate_laws_cumulative,2776,14.0
climate_laws_cumulative,2777,14.0
climate_laws_cumulative,2778,14.0
climate_laws_cumulative,2779,14.0
climate_laws_cumulative,2780,14.0
climate_laws_cumulative,2781,14.0
climate_laws_cumulative,2782,14.0
climate_laws_cumulative,2783,14.0
climate_laws_cumulative,2784,14.0
climate_laws_cumulative,2785,14.0
climate_laws_cumulative,2786,14.0
climate_laws_cumulative,2787,14.0
climate_laws_cumulative,2788,14.0
climate_laws_cumulative,2789,14.0
climate_laws_cumulative,2790,14.0
climate_laws_cumulative,2791,14.0
climate_laws_cumulative,2792,14.0
climate_laws_cumulative,2793,14.0
climate_laws_cumulative,2794,14.0
climate_laws_cumulative,2795,14.0
climate_laws_cumulative,2796,14.0
climate_laws_cumulative,2797,14.0
climate_laws_cumulative,2798,14.0
climate_laws_cumulative,2799,14.0
climate_laws_cumulative,2800,14.0
climate_laws_cumulative,2801,14.0
climate_laws_cumulative,2802,14.0
climate_laws_cumulative,2803,14.0
climate_laws_cumulative,2804,14.0
climate_laws_cumulative,2805,14.0
climate_laws_cumulative,2806,14.0
climate_laws_cumulative,2807,14.0
climate_laws_cumulative,2808,14.0
climate_laws_cumulative,2809,14.0
climate_laws_cumulative,2810,14.0
climate_laws_cumulative,2811,14.0
climate_laws_cumulative,2812,14.0
climate_laws_cumulative,2813,14.0
climate_laws_cumulative,2814,14.0
climate_laws_cumulative,2815,14.0
climate_laws_cumulative,2816,14.0
climate_laws_cumulative,2817,14.0
climate_laws_cumulative,2818,14.0
climate_laws_cumulative,2819,14.0
climate_laws_cumulative,2820,14.0
climate_laws_cumulative,2821,14.0
climate_laws_cumulative,2822,14.0
climate_laws_cumulative,2823,14.0
climate_laws_cumulative,2824,14.0
climate_laws_cumulative,2825,14.0
climate_laws_cumulative,2826,14.0
climate_laws_cumulative,2827,14.0
climate_laws_cumulative,2828,14.0
climate_laws_cumulative,2829,14.0
climate_laws_cumulative,2830,14.0
climate_laws_cumulative,2831,14.0
climate_laws_cumulative,2832,14.0
climate_laws_cumulative,2833,14.0
climate_laws_cumulative,2834,14.0
climate_laws_cumulative,2835,14.0
climate_laws_cumulative,2836,14.0
climate_laws_cumulative,2837,14.0
climate_laws_cumulative,2838,14.0
climate_laws_cumulative,2839,14.0
climate_laws_cumulative,2840,14.0
climate_laws_cumulative,2841,14.0
climate_laws_cumulative,2842,14.0
climate_laws_cumulative,2843,14.0
climate_laws_cumulative,2844,14.0
climate_laws_cumulative,2845,14.0
climate_laws_cumulative,2846,14.0
climate_laws_cumulative,2847,14.0
climate_laws_cumulative,2848,14.0
climate_laws_cumulative,2849,14.0
climate_laws_cumulative,2850,14.0
climate_laws_cumulative,2851,14.0
climate_laws_cumulative,2852,14.0
climate_laws_cumulative,2853,14.0
climate_laws_cumulative,2854,14.0
climate_laws_cumulative,2855,14.0
climate_laws_cumulative,2856,14.0
climate_laws_cumulative,2857,14.0
climate_laws_cumulative,2858,14.0
climate_laws_cumulative,2859,14.0
climate_laws_cumulative,2860,14.0
climate_laws_cumulative,2861,14.0
climate_laws_cumulative,2862,14.0
climate_laws_cumulative,2863,14.0
climate_laws_cumulative,2864,14.0
climate_laws_cumulative,2865,14.0
climate_laws_cumulative,2866,14.0
climate_laws_cumulative,2867,14.0
climate_laws_cumulative,2868,14.0
climate_laws_cumulative,2869,14.0
climate_laws_cumulative,2870,14.0
climate_laws_cumulative,2871,14.0
climate_laws_cumulative,2872,14.0
climate_laws_cumulative,2873,14.0
climate_laws_cumulative,2874,14.0
climate_laws_cumulative,2875,14.0
climate_laws_cumulative,2876,14.0
climate_laws_cumulative,2877,14.0
climate_laws_cumulative,2878,14.0
climate_laws_cumulative,2879,14.0
climate_laws_cumulative,2880,14.0
climate_laws_cumulative,2881,14.0
climate_laws_cumulative,2882,14.0
climate_laws_cumulative,2883,14.0
climate_laws_cumulative,2884,14.0
climate_laws_cumulative,2885,14.0
climate_laws_cumulative,2886,14.0
climate_laws_cumulative,2887,15.0
climate_laws_cumulative,2888,15.0
climate_laws_cumulative,2889,15.0
climate_laws_cumulative,2890,15.0
climate_laws_cumulative,2891,15.0
climate_laws_cumulative,2892,15.0
climate_laws_cumulative,2893,15.0
climate_laws_cumulative,2894,15.0
climate_laws_cumulative,2895,15.0
climate_laws_cumulative,2896,15.0
climate_laws_cumulative,2897,15.0
climate_laws_cumulative,2898,15.0
climate_laws_cumulative,2899,15.0
climate_laws_cumulative,2900,15.0
climate_laws_cumulative,2901,15.0
climate_laws_cumulative,2902,15.0
climate_laws_cumulative,2903,15.0
climate_laws_cumulative,2904,15.0
climate_laws_cumulative,2905,15.0
climate_laws_cumulative,2906,15.0
climate_laws_cumulative,2907,15.0
climate_laws_cumulative,2908,15.0
climate_laws_cumulative,2909,15.0
climate_laws_cumulative,2910,15.0
climate_laws_cumulative,2911,15.0
climate_laws_cumulative,2912,15.0
climate_laws_cumulative,2913,15.0
climate_laws_cumulative,2914,15.0
climate_laws_cumulative,2915,15.0
climate_laws_cumulative,2916,15.0
climate_laws_cumulative,2917,15.0
climate_laws_cumulative,2918,15.0
climate_laws_cumulative,2919,15.0
climate_laws_cumulative,2920,15.0
climate_laws_cumulative,2921,15.0
climate_laws_cumulative,2922,15.0
climate_laws_cumulative,2923,15.0
climate_laws_cumulative,2924,15.0
climate_laws_cumulative,2925,15.0
climate_laws_cumulative,2926,15.0
climate_laws_cumulative,2927,15.0
climate_laws_cumulative,2928,15.0
climate_laws_cumulative,2929,15.0
climate_laws_cumulative,2930,15.0
climate_laws_cumulative,2931,15.0
climate_laws_cumulative,2932,15.0
climate_laws_cumulative,2933,15.0
climate_laws_cumulative,2934,15.0
climate_laws_cumulative,2935,15.0
climate_laws_cumulative,2936,15.0
climate_laws_cumulative,2937,15.0
climate_laws_cumulative,2938,15.0
climate_laws_cumulative,2939,15.0
climate_laws_cumulative,2940,15.0
climate_laws_cumulative,2941,15.0
climate_laws_cumulative,2942,15.0
climate_laws_cumulative,2943,15.0
climate_laws_cumulative,2944,15.0
climate_laws_cumulative,2945,15.0
climate_laws_cumulative,2946,15.0
climate_laws_cumulative,2947,15.0
climate_laws_cumulative,2948,15.0
climate_laws_cumulative,2949,15.0
climate_laws_cumulative,2950,15.0
climate_laws_cumulative,2951,15.0
climate_laws_cumulative,2952,15.0
climate_laws_cumulative,2953,15.0
climate_laws_cumulative,2954,15.0
climate_laws_cumulative,2955,15.0
climate_laws_cumulative,2956,15.0
climate_laws_cumulative,2957,15.0
climate_laws_cumulative,2958,15.0
climate_laws_cumulative,2959,15.0
climate_laws_cumulative,2960,15.0
climate_laws_cumulative,2961,15.0
climate_laws_cumulative,2962,15.0
climate_laws_cumulative,2963,15.0
climate_laws_cumulative,2964,15.0
climate_laws_cumulative,2965,15.0
climate_laws_cumulative,2966,15.0
climate_laws_cumulative,2967,15.0
climate_laws_cumulative,2968,15.0
climate_laws_cumulative,2969,15.0
climate_laws_cumulative,2970,15.0
climate_laws_cumulative,2971,16.0
climate_laws_cumulative,2972,16.0
climate_laws_cumulative,2973,16.0
climate_laws_cumulative,2974,16.0
climate_laws_cumulative,2975,16.0
climate_laws_cumulative,2976,16.0
climate_laws_cumulative,2977,16.0
climate_laws_cumulative,2978,16.0
climate_laws_cumulative,2979,16.0
climate_laws_cumulative,2980,16.0
climate_laws_cumulative,2981,16.0
climate_laws_cumulative,2982,16.0
climate_laws_cumulative,2983,16.0
climate_laws_cumulative,2984,16.0
climate_laws_cumulative,2985,16.0
climate_laws_cumulative,2986,16.0
climate_laws_cumulative,2987,16.0
climate_laws_cumulative,2988,16.0
climate_laws_cumulative,2989,16.0
climate_laws_cumulative,2990,16.0
climate_laws_cumulative,2991,16.0
climate_laws_cumulative,2992,16.0
climate_laws_cumulative,2993,16.0
climate_laws_cumulative,2994,16.0
climate_laws_cumulative,2995,16.0
climate_laws_cumulative,2996,16.0
climate_laws_cumulative,2997,16.0
climate_laws_cumulative,2998,16.0
climate_laws_cumulative,2999,16.0
climate_laws_cumulative,3000,16.0
climate_laws_cumulative,3001,16.0
climate_laws_cumulative,3002,16.0
climate_laws_cumulative,3003,16.0
climate_laws_cumulative,3004,16.0
climate_laws_cumulative,3005,16.0
climate_laws_cumulative,3006,16.0
climate_laws_cumulative,3007,16.0
climate_laws_cumulative,3008,16.0
climate_laws_cumulative,3009,16.0
climate_laws_cumulative,3010,16.0
climate_laws_cumulative,3011,16.0
climate_laws_cumulative,3012,16.0
climate_laws_cumulative,3013,16.0
climate_laws_cumulative,3014,16.0
climate_laws_cumulative,3015,16.0
climate_laws_cumulative,3016,16.0
climate_laws_cumulative,3017,16.0
climate_laws_cumulative,3018,16.0
climate_laws_cumulative,3019,16.0
climate_laws_cumulative,3020,16.0
climate_laws_cumulative,3021,16.0
climate_laws_cumulative,3022,16.0
climate_laws_cumulative,3023,16.0
climate_laws_cumulative,3024,16.0
climate_laws_cumulative,3025,16.0
climate_laws_cumulative,3026,16.0
climate_laws_cumulative,3027,16.0
climate_laws_cumulative,3028,16.0
climate_laws_cumulative,3029,16.0
climate_laws_cumulative,3030,16.0
climate_laws_cumulative,3031,16.0
climate_laws_cumulative,3032,16.0
climate_laws_cumulative,3033,16.0
climate_laws_cumulative,3034,16.0
climate_laws_cumulative,3035,16.0
climate_laws_cumulative,3036,16.0
climate_laws_cumulative,3037,16.0
climate_laws_cumulative,3038,16.0
climate_laws_cumulative,3039,16.0
climate_laws_cumulative,3040,16.0
climate_laws_cumulative,3041,16.0
climate_laws_cumulative,3042,16.0
climate_laws_cumulative,3043,16.0
climate_laws_cumulative,3044,16.0
climate_laws_cumulative,3045,16.0
climate_laws_cumulative,3046,16.0
climate_laws_cumulative,3047,17.0
climate_laws_cumulative,3048,17.0
climate_laws_cumulative,3049,17.0
climate_laws_cumulative,3050,17.0
climate_laws_cumulative,3051,17.0
climate_laws_cumulative,3052,17.0
climate_laws_cumulative,3053,17.0
climate_laws_cumulative,3054,17.0
climate_laws_cumulative,3055,17.0
climate_laws_cumulative,3056,17.0
climate_laws_cumulative,3057,17.0
climate_laws_cumulative,3058,17.0
climate_laws_cumulative,3059,17.0
climate_laws_cumulative,3060,17.0
climate_laws_cumulative,3061,17.0
climate_laws_cumulative,3062,17.0
climate_laws_cumulative,3063,17.0
climate_laws_cumulative,3064,17.0
climate_laws_cumulative,3065,17.0
climate_laws_cumulative,3066,17.0
climate_laws_cumulative,3067,17.0
climate_laws_cumulative,3068,17.0
climate_laws_cumulative,3069,17.0
climate_laws_cumulative,3070,17.0
climate_laws_cumulative,3071,17.0
climate_laws_cumulative,3072,17.0
climate_laws_cumulative,3073,17.0
climate_laws_cumulative,3074,17.0
climate_laws_cumulative,3075,17.0
climate_laws_cumulative,3076,17.0
climate_laws_cumulative,3077,17.0
climate_laws_cumulative,3078,17.0
climate_laws_cumulative,3079,17.0
climate_laws_cumulative,3080,17.0
climate_laws_cumulative,3081,17.0
climate_laws_cumulative,3082,17.0
climate_laws_cumulative,3083,17.0
climate_laws_cumulative,3084,17.0
climate_laws_cumulative,3085,17.0
climate_laws_cumulative,3086,17.0
climate_laws_cumulative,3087,17.0
climate_laws_cumulative,3088,17.0
climate_laws_cumulative,3089,17.0
climate_laws_cumulative,3090,17.0
climate_laws_cumulative,3091,17.0
climate_laws_cumulative,3092,17.0
climate_laws_cumulative,3093,17.0
climate_laws_cumulative,3094,17.0
climate_laws_cumulative,3095,17.0
climate_laws_cumulative,3096,17.0
climate_laws_cumulative,3097,17.0
climate_laws_cumulative,3098,17.0
climate_laws_cumulative,3099,17.0
climate_laws_cumulative,3100,17.0
climate_laws_cumulative,3101,17.0
climate_laws_cumulative,3102,17.0
climate_laws_cumulative,3103,17.0
climate_laws_cumulative,3104,17.0
climate_laws_cumulative,3105,17.0
climate_laws_cumulative,3106,17.0
climate_laws_cumulative,3107,17.0
climate_laws_cumulative,3108,17.0
climate_laws_cumulative,3109,17.0
climate_laws_cumulative,3110,17.0
climate_laws_cumulative,3111,17.0
climate_laws_cumulative,3112,17.0
climate_laws_cumulative,3113,17.0
climate_laws_cumulative,3114,17.0
climate_laws_cumulative,3115,17.0
climate_laws_cumulative,3116,17.0
climate_laws_cumulative,3117,18.0
climate_laws_cumulative,3118,18.0
climate_laws_cumulative,3119,18.0
climate_laws_cumulative,3120,18.0
climate_laws_cumulative,3121,18.0
climate_laws_cumulative,3122,18.0
climate_laws_cumulative,3123,18.0
climate_laws_cumulative,3124,18.0
climate_laws_cumulative,3125,18.0
climate_laws_cumulative,3126,18.0
climate_laws_cumulative,3127,18.0
climate_laws_cumulative,3128,18.0
climate_laws_cumulative,3129,18.0
climate_laws_cumulative,3130,18.0
climate_laws_cumulative,3131,18.0
climate_laws_cumulative,3132,18.0
climate_laws_cumulative,3133,18.0
climate_laws_cumulative,3134,18.0
climate_laws_cumulative,3135,18.0
climate_laws_cumulative,3136,18.0
climate_laws_cumulative,3137,18.0
climate_laws_cumulative,3138,18.0
climate_laws_cumulative,3139,18.0
climate_laws_cumulative,3140,18.0
climate_laws_cumulative,3141,18.0
climate_laws_cumulative,3142,18.0
climate_laws_cumulative,3143,18.0
climate_laws_cumulative,3144,18.0
climate_laws_cumulative,3145,18.0
climate_laws_cumulative,3146,18.0
climate_laws_cumulative,3147,18.0
climate_laws_cumulative,3148,18.0
climate_laws_cumulative,3149,18.0
climate_laws_cumulative,3150,18.0
climate_laws_cumulative,3151,18.0
climate_laws_cumulative,3152,18.0
climate_laws_cumulative,3153,18.0
climate_laws_cumulative,3154,18.0
climate_laws_cumulative,3155,18.0
climate_laws_cumulative,3156,18.0
climate_laws_cumulative,3157,18.0
climate_laws_cumulative,3158,18.0
climate_laws_cumulative,3159,18.0
climate_laws_cumulative,3160,18.0
climate_laws_cumulative,3161,18.0
climate_laws_cumulative,3162,18.0
climate_laws_cumulative,3163,18.0
climate_laws_cumulative,3164,18.0
climate_laws_cumulative,3165,18.0
climate_laws_cumulative,3166,18.0
climate_laws_cumulative,3167,18.0
climate_laws_cumulative,3168,18.0
climate_laws_cumulative,3169,18.0
climate_laws_cumulative,3170,18.0
climate_laws_cumulative,3171,18.0
climate_laws_cumulative,3172,18.0
climate_laws_cumulative,3173,18.0
climate_laws_cumulative,3174,18.0
climate_laws_cumulative,3175,18.0
climate_laws_cumulative,3176,18.0
climate_laws_cumulative,3177,18.0
climate_laws_cumulative,3178,18.0
climate_laws_cumulative,3179,19.0
climate_laws_cumulative,3180,19.0
climate_laws_cumulative,3181,19.0
climate_laws_cumulative,3182,19.0
climate_laws_cumulative,3183,19.0
climate_laws_cumulative,3184,19.0
climate_laws_cumulative,3185,19.0
climate_laws_cumulative,3186,19.0
climate_laws_cumulative,3187,19.0
climate_laws_cumulative,3188,19.0
climate_laws_cumulative,3189,19.0
climate_laws_cumulative,3190,19.0
climate_laws_cumulative,3191,19.0
climate_laws_cumulative,3192,19.0
climate_laws_cumulative,3193,19.0
climate_laws_cumulative,3194,19.0
climate_laws_cumulative,3195,19.0
climate_laws_cumulative,3196,19.0
climate_laws_cumulative,3197,19.0
climate_laws_cumulative,3198,19.0
climate_laws_cumulative,3199,19.0
climate_laws_cumulative,3200,19.0
climate_laws_cumulative,3201,19.0
climate_laws_cumulative,3202,19.0
climate_laws_cumulative,3203,19.0
climate_laws_cumulative,3204,19.0
climate_laws_cumulative,3205,19.0
climate_laws_cumulative,3206,19.0
climate_laws_cumulative,3207,19.0
climate_laws_cumulative,3208,19.0
climate_laws_cumulative,3209,19.0
climate_laws_cumulative,3210,19.0
climate_laws_cumulative,3211,19.0
climate_laws_cumulative,3212,19.0
climate_laws_cumulative,3213,19.0
climate_laws_cumulative,3214,19.0
climate_laws_cumulative,3215,19.0
climate_laws_cumulative,3216,19.0
climate_laws_cumulative,3217,19.0
climate_laws_cumulative,3218,19.0
climate_laws_cumulative,3219,19.0
climate_laws_cumulative,3220,19.0
climate_laws_cumulative,3221,19.0
climate_laws_cumulative,3222,19.0
climate_laws_cumulative,3223,19.0
climate_laws_cumulative,3224,19.0
climate_laws_cumulative,3225,19.0
climate_laws_cumulative,3226,19.0
climate_laws_cumulative,3227,19.0
climate_laws_cumulative,3228,19.0
climate_laws_cumulative,3229,19.0
climate_laws_cumulative,3230,19.0
climate_laws_cumulative,3231,19.0
climate_laws_cumulative,3232,19.0
climate_laws_cumulative,3233,19.0
climate_laws_cumulative,3234,19.0
climate_laws_cumulative,3235,19.0
climate_laws_cumulative,3236,19.0
climate_laws_cumulative,3237,19.0
climate_laws_cumulative,3238,19.0
climate_laws_cumulative,3239,19.0
climate_laws_cumulative,3240,19.0
climate_laws_cumulative,3241,19.0
climate_laws_cumulative,3242,19.0
climate_laws_cumulative,3243,19.0
climate_laws_cumulative,3244,19.0
climate_laws_cumulative,3245,19.0
climate_laws_cumulative,3246,19.0
climate_laws_cumulative,3247,19.0
climate_laws_cumulative,3248,19.0
climate_laws_cumulative,3249,19.0
climate_laws_cumulative,3250,19.0
climate_laws_cumulative,3251,20.0
climate_laws_cumulative,3252,20.0
climate_laws_cumulative,3253,20.0
climate_laws_cumulative,3254,20.0
climate_laws_cumulative,3255,20.0
climate_laws_cumulative,3256,20.0
climate_laws_cumulative,3257,20.0
climate_laws_cumulative,3258,20.0
climate_laws_cumulative,3259,20.0
climate_laws_cumulative,3260,20.0
climate_laws_cumulative,3261,20.0
climate_laws_cumulative,3262,20.0
climate_laws_cumulative,3263,20.0
climate_laws_cumulative,3264,20.0
climate_laws_cumulative,3265,20.0
climate_laws_cumulative,3266,20.0
climate_laws_cumulative,3267,20.0
climate_laws_cumulative,3268,20.0
climate_laws_cumulative,3269,20.0
climate_laws_cumulative,3270,20.0
climate_laws_cumulative,3271,20.0
climate_laws_cumulative,3272,20.0
climate_laws_cumulative,3273,20.0
climate_laws_cumulative,3274,20.0
climate_laws_cumulative,3275,20.0
climate_laws_cumulative,3276,20.0
climate_laws_cumulative,3277,20.0
climate_laws_cumulative,3278,20.0
climate_laws_cumulative,3279,20.0
climate_laws_cumulative,3280,20.0
climate_laws_cumulative,3281,20.0
climate_laws_cumulative,3282,20.0
climate_laws_cumulative,3283,20.0
climate_laws_cumulative,3284,20.0
climate_laws_cumulative,3285,20.0
climate_laws_cumulative,3286,20.0
climate_laws_cumulative,3287,20.0
climate_laws_cumulative,3288,20.0
climate_laws_cumulative,3289,20.0
climate_laws_cumulative,3290,20.0
climate_laws_cumulative,3291,20.0
climate_laws_cumulative,3292,20.0
climate_laws_cumulative,3293,20.0
climate_laws_cumulative,3294,20.0
climate_laws_cumulative,3295,20.0
climate_laws_cumulative,3296,20.0
climate_laws_cumulative,3297,20.0
climate_laws_cumulative,3298,20.0
climate_laws_cumulative,3299,20.0
climate_laws_cumulative,3300,20.0
climate_laws_cumulative,3301,20.0
climate_laws_cumulative,3302,20.0
climate_laws_cumulative,3303,20.0
climate_laws_cumulative,3304,20.0
climate_laws_cumulative,3305,20.0
climate_laws_cumulative,3306,20.0
climate_laws_cumulative,3307,20.0
climate_laws_cumulative,3308,20.0
climate_laws_cumulative,3309,20.0
climate_laws_cumulative,3310,20.0
climate_laws_cumulative,3311,20.0
climate_laws_cumulative,3312,21.0
climate_laws_cumulative,3313,21.0
climate_laws_cumulative,3314,21.0
climate_laws_cumulative,3315,21.0
climate_laws_cumulative,3316,21.0
climate_laws_cumulative,3317,21.0
climate_laws_cumulative,3318,21.0
climate_laws_cumulative,3319,21.0
climate_laws_cumulative,3320,21.0
climate_laws_cumulative,3321,21.0
climate_laws_cumulative,3322,21.0
climate_laws_cumulative,3323,21.0
climate_laws_cumulative,3324,21.0
climate_laws_cumulative,3325,21.0
climate_laws_cumulative,3326,21.0
climate_laws_cumulative,3327,21.0
climate_laws_cumulative,3328,21.0
climate_laws_cumulative,3329,21.0
climate_laws_cumulative,3330,21.0
climate_laws_cumulative,3331,21.0
climate_laws_cumulative,3332,21.0
climate_laws_cumulative,3333,21.0
climate_laws_cumulative,3334,21.0
climate_laws_cumulative,3335,21.0
climate_laws_cumulative,3336,21.0
climate_laws_cumulative,3337,21.0
climate_laws_cumulative,3338,21.0
climate_laws_cumulative,3339,21.0
climate_laws_cumulative,3340,21.0
climate_laws_cumulative,3341,21.0
climate_laws_cumulative,3342,21.0
climate_laws_cumulative,3343,21.0
climate_laws_cumulative,3344,21.0
climate_laws_cumulative,3345,21.0
climate_laws_cumulative,3346,21.0
climate_laws_cumulative,3347,21.0
climate_laws_cumulative,3348,21.0
climate_laws_cumulative,3349,21.0
climate_laws_cumulative,3350,21.0
climate_laws_cumulative,3351,21.0
climate_laws_cumulative,3352,21.0
climate_laws_cumulative,3353,21.0
climate_laws_cumulative,3354,21.0
climate_laws_cumulative,3355,21.0
climate_laws_cumulative,3356,21.0
climate_laws_cumulative,3357,21.0
climate_laws_cumulative,3358,21.0
climate_laws_cumulative,3359,21.0
climate_laws_cumulative,3360,21.0
climate_laws_cumulative,3361,21.0
climate_laws_cumulative,3362,21.0
climate_laws_cumulative,3363,21.0
climate_laws_cumulative,3364,21.0
climate_laws_cumulative,3365,21.0
climate_laws_cumulative,3366,21.0
climate_laws_cumulative,3367,21.0
climate_laws_cumulative,3368,21.0
climate_laws_cumulative,3369,21.0
climate_laws_cumulative,3370,22.0
climate_laws_cumulative,3371,22.0
climate_laws_cumulative,3372,22.0
climate_laws_cumulative,3373,22.0
climate_laws_cumulative,3374,22.0
climate_laws_cumulative,3375,22.0
climate_laws_cumulative,3376,22.0
climate_laws_cumulative,3377,22.0
climate_laws_cumulative,3378,22.0
climate_laws_cumulative,3379,22.0
climate_laws_cumulative,3380,22.0
climate_laws_cumulative,3381,22.0
climate_laws_cumulative,3382,22.0
climate_laws_cumulative,3383,22.0
climate_laws_cumulative,3384,22.0
climate_laws_cumulative,3385,22.0
climate_laws_cumulative,3386,22.0
climate_laws_cumulative,3387,22.0
climate_laws_cumulative,3388,22.0
climate_laws_cumulative,3389,22.0
climate_laws_cumulative,3390,22.0
climate_laws_cumulative,3391,22.0
climate_laws_cumulative,3392,22.0
climate_laws_cumulative,3393,22.0
climate_laws_cumulative,3394,22.0
climate_laws_cumulative,3395,22.0
climate_laws_cumulative,3396,22.0
climate_laws_cumulative,3397,22.0
climate_laws_cumulative,3398,22.0
climate_laws_cumulative,3399,22.0
climate_laws_cumulative,3400,22.0
climate_laws_cumulative,3401,22.0
climate_laws_cumulative,3402,22.0
climate_laws_cumulative,3403,22.0
climate_laws_cumulative,3404,22.0
climate_laws_cumulative,3405,22.0
climate_laws_cumulative,3406,22.0
climate_laws_cumulative,3407,22.0
climate_laws_cumulative,3408,22.0
climate_laws_cumulative,3409,22.0
climate_laws_cumulative,3410,22.0
climate_laws_cumulative,3411,22.0
climate_laws_cumulative,3412,22.0
climate_laws_cumulative,3413,22.0
climate_laws_cumulative,3414,22.0
climate_laws_cumulative,3415,22.0
climate_laws_cumulative,3416,22.0
climate_laws_cumulative,3417,22.0
climate_laws_cumulative,3418,22.0
climate_laws_cumulative,3419,22.0
climate_laws_cumulative,3420,22.0
climate_laws_cumulative,3421,22.0
climate_laws_cumulative,3422,22.0
climate_laws_cumulative,3423,22.0
climate_laws_cumulative,3424,22.0
climate_laws_cumulative,3425,22.0
climate_laws_cumulative,3426,22.0
climate_laws_cumulative,3427,22.0
climate_laws_cumulative,3428,22.0
climate_laws_cumulative,3429,22.0
climate_laws_cumulative,3430,22.0
climate_laws_cumulative,3431,22.0
climate_laws_cumulative,3432,22.0
climate_laws_cumulative,3433,22.0
climate_laws_cumulative,3434,23.0
climate_laws_cumulative,3435,23.0
climate_laws_cumulative,3436,23.0
climate_laws_cumulative,3437,23.0
climate_laws_cumulative,3438,23.0
climate_laws_cumulative,3439,23.0
climate_laws_cumulative,3440,23.0
climate_laws_cumulative,3441,23.0
climate_laws_cumulative,3442,23.0
climate_laws_cumulative,3443,23.0
climate_laws_cumulative,3444,23.0
climate_laws_cumulative,3445,23.0
climate_laws_cumulative,3446,23.0
climate_laws_cumulative,3447,23.0
climate_laws_cumulative,3448,23.0
climate_laws_cumulative,3449,23.0
climate_laws_cumulative,3450,23.0
climate_laws_cumulative,3451,23.0
climate_laws_cumulative,3452,23.0
climate_laws_cumulative,3453,23.0
climate_laws_cumulative,3454,23.0
climate_laws_cumulative,3455,23.0
climate_laws_cumulative,3456,23.0
climate_laws_cumulative,3457,23.0
climate_laws_cumulative,3458,23.0
climate_laws_cumulative,3459,23.0
climate_laws_cumulative,3460,23.0
climate_laws_cumulative,3461,23.0
climate_laws_cumulative,3462,23.0
climate_laws_cumulative,3463,23.0
climate_laws_cumulative,3464,23.0
climate_laws_cumulative,3465,23.0
climate_laws_cumulative,3466,23.0
climate_laws_cumulative,3467,23.0
climate_laws_cumulative,3468,23.0
climate_laws_cumulative,3469,23.0
climate_laws_cumulative,3470,23.0
climate_laws_cumulative,3471,23.0
climate_laws_cumulative,3472,23.0
climate_laws_cumulative,3473,23.0
climate_laws_cumulative,3474,23.0
climate_laws_cumulative,3475,23.0
climate_laws_cumulative,3476,23.0
climate_laws_cumulative,3477,23.0
climate_laws_cumulative,3478,23.0
climate_laws_cumulative,3479,23.0
climate_laws_cumulative,3480,23.0
climate_laws_cumulative,3481,23.0
climate_laws_cumulative,3482,24.0
climate_laws_cumulative,3483,24.0
climate_laws_cumulative,3484,24.0
climate_laws_cumulative,3485,24.0
climate_laws_cumulative,3486,24.0
climate_laws_cumulative,3487,24.0
climate_laws_cumulative,3488,24.0
climate_laws_cumulative,3489,24.0
climate_laws_cumulative,3490,24.0
climate_laws_cumulative,3491,24.0
climate_laws_cumulative,3492,24.0
climate_laws_cumulative,3493,24.0
climate_laws_cumulative,3494,24.0
climate_laws_cumulative,3495,24.0
climate_laws_cumulative,3496,24.0
climate_laws_cumulative,3497,24.0
climate_laws_cumulative,3498,24.0
climate_laws_cumulative,3499,24.0
climate_laws_cumulative,3500,24.0
climate_laws_cumulative,3501,24.0
climate_laws_cumulative,3502,24.0
climate_laws_cumulative,3503,24.0
climate_laws_cumulative,3504,24.0
climate_laws_cumulative,3505,24.0
climate_laws_cumulative,3506,24.0
climate_laws_cumulative,3507,24.0
climate_laws_cumulative,3508,24.0
climate_laws_cumulative,3509,24.0
climate_laws_cumulative,3510,24.0
climate_laws_cumulative,3511,24.0
climate_laws_cumulative,3512,24.0
climate_laws_cumulative,3513,24.0
climate_laws_cumulative,3514,24.0
climate_laws_cumulative,3515,24.0
climate_laws_cumulative,3516,24.0
climate_laws_cumulative,3517,24.0
climate_laws_cumulative,3518,24.0
climate_laws_cumulative,3519,25.0
climate_laws_cumulative,3520,25.0
climate_laws_cumulative,3521,25.0
climate_laws_cumulative,3522,25.0
climate_laws_cumulative,3523,25.0
climate_laws_cumulative,3524,25.0
climate_laws_cumulative,3525,25.0
climate_laws_cumulative,3526,25.0
climate_laws_cumulative,3527,25.0
climate_laws_cumulative,3528,25.0
climate_laws_cumulative,3529,25.0
climate_laws_cumulative,3530,25.0
climate_laws_cumulative,3531,25.0
climate_laws_cumulative,3532,25.0
climate_laws_cumulative,3533,25.0
climate_laws_cumulative,3534,25.0
climate_laws_cumulative,3535,25.0
climate_laws_cumulative,3536,25.0
climate_laws_cumulative,3537,25.0
climate_laws_cumulative,3538,25.0
climate_laws_cumulative,3539,25.0
climate_laws_cumulative,3540,25.0
climate_laws_cumulative,3541,25.0
climate_laws_cumulative,3542,25.0
climate_laws_cumulative,3543,25.0
climate_laws_cumulative,3544,25.0
climate_laws_cumulative,3545,25.0
climate_laws_cumulative,3546,25.0
climate_laws_cumulative,3547,25.0
climate_laws_cumulative,3548,25.0
climate_laws_cumulative,3549,25.0
climate_laws_cumulative,3550,25.0
climate_laws_cumulative,3551,25.0
climate_laws_cumulative,3552,25.0
climate_laws_cumulative,3553,25.0
climate_laws_cumulative,3554,25.0
climate_laws_cumulative,3555,25.0
climate_laws_cumulative,3556,25.0
climate_laws_cumulative,3557,25.0
climate_laws_cumulative,3558,25.0
climate_laws_cumulative,3559,25.0
climate_laws_cumulative,3560,25.0
climate_laws_cumulative,3561,25.0
climate_laws_cumulative,3562,26.0
climate_laws_cumulative,3563,26.0
climate_laws_cumulative,3564,26.0
climate_laws_cumulative,3565,26.0
climate_laws_cumulative,3566,26.0
climate_laws_cumulative,3567,26.0
climate_laws_cumulative,3568,26.0
climate_laws_cumulative,3569,26.0
climate_laws_cumulative,3570,26.0
climate_laws_cumulative,3571,26.0
climate_laws_cumulative,3572,26.0
climate_laws_cumulative,3573,26.0
climate_laws_cumulative,3574,26.0
climate_laws_cumulative,3575,26.0
climate_laws_cumulative,3576,26.0
climate_laws_cumulative,3577,26.0
climate_laws_cumulative,3578,26.0
climate_laws_cumulative,3579,26.0
climate_laws_cumulative,3580,26.0
climate_laws_cumulative,3581,26.0
climate_laws_cumulative,3582,26.0
climate_laws_cumulative,3583,26.0
climate_laws_cumulative,3584,26.0
climate_laws_cumulative,3585,26.0
climate_laws_cumulative,3586,26.0
climate_laws_cumulative,3587,26.0
climate_laws_cumulative,3588,26.0
climate_laws_cumulative,3589,26.0
climate_laws_cumulative,3590,27.0
climate_laws_cumulative,3591,27.0
climate_laws_cumulative,3592,27.0
climate_laws_cumulative,3593,27.0
climate_laws_cumulative,3594,27.0
climate_laws_cumulative,3595,27.0
climate_laws_cumulative,3596,27.0
climate_laws_cumulative,3597,27.0
climate_laws_cumulative,3598,27.0
climate_laws_cumulative,3599,27.0
climate_laws_cumulative,3600,27.0
climate_laws_cumulative,3601,27.0
climate_laws_cumulative,3602,27.0
climate_laws_cumulative,3603,27.0
climate_laws_cumulative,3604,27.0
climate_laws_cumulative,3605,27.0
climate_laws_cumulative,3606,27.0
climate_laws_cumulative,3607,27.0
climate_laws_cumulative,3608,27.0
climate_laws_cumulative,3609,27.0
climate_laws_cumulative,3610,27.0
climate_laws_cumulative,3611,27.0
climate_laws_cumulative,3612,27.0
climate_laws_cumulative,3613,27.0
climate_laws_cumulative,3614,27.0
climate_laws_cumulative,3615,27.0
climate_laws_cumulative,3616,27.0
climate_laws_cumulative,3617,27.0
climate_laws_cumulative,3618,27.0
climate_laws_cumulative,3619,27.0
climate_laws_cumulative,3620,27.0
climate_laws_cumulative,3621,27.0
climate_laws_cumulative,3622,27.0
climate_laws_cumulative,3623,27.0
climate_laws_cumulative,3624,27.0
climate_laws_cumulative,3625,27.0
climate_laws_cumulative,3626,27.0
climate_laws_cumulative,3627,27.0
climate_laws_cumulative,3628,27.0
climate_laws_cumulative,3629,27.0
climate_laws_cumulative,3630,27.0
climate_laws_cumulative,3631,27.0
climate_laws_cumulative,3632,27.0
climate_laws_cumulative,3633,27.0
climate_laws_cumulative,3634,27.0
climate_laws_cumulative,3635,27.0
climate_laws_cumulative,3636,27.0
climate_laws_cumulative,3637,27.0
climate_laws_cumulative,3638,27.0
climate_laws_cumulative,3639,27.0
climate_laws_cumulative,3640,27.0
climate_laws_cumulative,3641,27.0
climate_laws_cumulative,3642,27.0
climate_laws_cumulative,3643,28.0
climate_laws_cumulative,3644,28.0
climate_laws_cumulative,3645,28.0
climate_laws_cumulative,3646,28.0
climate_laws_cumulative,3647,28.0
climate_laws_cumulative,3648,28.0
climate_laws_cumulative,3649,28.0
climate_laws_cumulative,3650,28.0
climate_laws_cumulative,3651,28.0
climate_laws_cumulative,3652,28.0
climate_laws_cumulative,3653,28.0
climate_laws_cumulative,3654,28.0
climate_laws_cumulative,3655,28.0
climate_laws_cumulative,3656,28.0
climate_laws_cumulative,3657,28.0
climate_laws_cumulative,3658,28.0
climate_laws_cumulative,3659,28.0
climate_laws_cumulative,3660,28.0
climate_laws_cumulative,3661,28.0
climate_laws_cumulative,3662,28.0
climate_laws_cumulative,3663,28.0
climate_laws_cumulative,3664,28.0
climate_laws_cumulative,3665,28.0
climate_laws_cumulative,3666,28.0
climate_laws_cumulative,3667,28.0
climate_laws_cumulative,3668,28.0
climate_laws_cumulative,3669,28.0
climate_laws_cumulative,3670,28.0
climate_laws_cumulative,3671,28.0
climate_laws_cumulative,3672,28.0
climate_laws_cumulative,3673,28.0
climate_laws_cumulative,3674,28.0
climate_laws_cumulative,3675,28.0
climate_laws_cumulative,3676,28.0
climate_laws_cumulative,3677,28.0
climate_laws_cumulative,3678,28.0
climate_laws_cumulative,3679,28.0
climate_laws_cumulative,3680,28.0
climate_laws_cumulative,3681,29.0
climate_laws_cumulative,3682,29.0
climate_laws_cumulative,3683,29.0
climate_laws_cumulative,3684,29.0
climate_laws_cumulative,3685,29.0
climate_laws_cumulative,3686,29.0
climate_laws_cumulative,3687,29.0
climate_laws_cumulative,3688,29.0
climate_laws_cumulative,3689,29.0
climate_laws_cumulative,3690,29.0
climate_laws_cumulative,3691,29.0
climate_laws_cumulative,3692,29.0
climate_laws_cumulative,3693,29.0
climate_laws_cumulative,3694,29.0
climate_laws_cumulative,3695,29.0
climate_laws_cumulative,3696,29.0
climate_laws_cumulative,3697,29.0
climate_laws_cumulative,3698,29.0
climate_laws_cumulative,3699,29.0
climate_laws_cumulative,3700,29.0
climate_laws_cumulative,3701,29.0
climate_laws_cumulative,3702,29.0
climate_laws_cumulative,3703,29.0
climate_laws_cumulative,3704,29.0
climate_laws_cumulative,3705,29.0
climate_laws_cumulative,3706,29.0
climate_laws_cumulative,3707,29.0
climate_laws_cumulative,3708,29.0
climate_laws_cumulative,3709,29.0
climate_laws_cumulative,3710,29.0
climate_laws_cumulative,3711,29.0
climate_laws_cumulative,3712,29.0
climate_laws_cumulative,3713,29.0
climate_laws_cumulative,3714,29.0
climate_laws_cumulative,3715,30.0
climate_laws_cumulative,3716,30.0
climate_laws_cumulative,3717,30.0
climate_laws_cumulative,3718,30.0
climate_laws_cumulative,3719,30.0
climate_laws_cumulative,3720,30.0
climate_laws_cumulative,3721,30.0
climate_laws_cumulative,3722,30.0
climate_laws_cumulative,3723,30.0
climate_laws_cumulative,3724,30.0
climate_laws_cumulative,3725,30.0
climate_laws_cumulative,3726,30.0
climate_laws_cumulative,3727,30.0
climate_laws_cumulative,3728,30.0
climate_laws_cumulative,3729,30.0
climate_laws_cumulative,3730,30.0
climate_laws_cumulative,3731,30.0
climate_laws_cumulative,3732,30.0
climate_laws_cumulative,3733,30.0
climate_laws_cumulative,3734,30.0
climate_laws_cumulative,3735,30.0
climate_laws_cumulative,3736,30.0
climate_laws_cumulative,3737,30.0
climate_laws_cumulative,3738,30.0
climate_laws_cumulative,3739,30.0
climate_laws_cumulative,3740,30.0
climate_laws_cumulative,3741,30.0
climate_laws_cumulative,3742,30.0
climate_laws_cumulative,3743,30.0
climate_laws_cumulative,3744,30.0
climate_laws_cumulative,3745,30.0
climate_laws_cumulative,3746,30.0
climate_laws_cumulative,3747,30.0
climate_laws_cumulative,3748,30.0
climate_laws_cumulative,3749,30.0
climate_laws_cumulative,3750,30.0
climate_laws_cumulative,3751,30.0
climate_laws_cumulative,3752,30.0
climate_laws_cumulative,3753,31.0
climate_laws_cumulative,3754,31.0
climate_laws_cumulative,3755,31.0
climate_laws_cumulative,3756,31.0
climate_laws_cumulative,3757,31.0
climate_laws_cumulative,3758,31.0
climate_laws_cumulative,3759,31.0
climate_laws_cumulative,3760,31.0
climate_laws_cumulative,3761,31.0
climate_laws_cumulative,3762,31.0
climate_laws_cumulative,3763,31.0
climate_laws_cumulative,3764,31.0
climate_laws_cumulative,3765,31.0
climate_laws_cumulative,3766,31.0
climate_laws_cumulative,3767,31.0
climate_laws_cumulative,3768,31.0
climate_laws_cumulative,3769,31.0
climate_laws_cumulative,3770,31.0
climate_laws_cumulative,3771,31.0
climate_laws_cumulative,3772,31.0
climate_laws_cumulative,3773,31.0
climate_laws_cumulative,3774,31.0
climate_laws_cumulative,3775,31.0
climate_laws_cumulative,3776,32.0
climate_laws_cumulative,3777,32.0
climate_laws_cumulative,3778,32.0
climate_laws_cumulative,3779,32.0
climate_laws_cumulative,3780,32.0
climate_laws_cumulative,3781,32.0
climate_laws_cumulative,3782,32.0
climate_laws_cumulative,3783,32.0
climate_laws_cumulative,3784,32.0
climate_laws_cumulative,3785,32.0
climate_laws_cumulative,3786,32.0
climate_laws_cumulative,3787,32.0
climate_laws_cumulative,3788,32.0
climate_laws_cumulative,3789,32.0
climate_laws_cumulative,3790,32.0
climate_laws_cumulative,3791,32.0
climate_laws_cumulative,3792,32.0
climate_laws_cumulative,3793,32.0
climate_laws_cumulative,3794,32.0
climate_laws_cumulative,3795,32.0
climate_laws_cumulative,3796,32.0
climate_laws_cumulative,3797,32.0
climate_laws_cumulative,3798,32.0
climate_laws_cumulative,3799,32.0
climate_laws_cumulative,3800,32.0
climate_laws_cumulative,3801,32.0
climate_laws_cumulative,3802,32.0
climate_laws_cumulative,3803,32.0
climate_laws_cumulative,3804,32.0
climate_laws_cumulative,3805,32.0
climate_laws_cumulative,3806,32.0
climate_laws_cumulative,3807,32.0
climate_laws_cumulative,3808,32.0
climate_laws_cumulative,3809,32.0
climate_laws_cumulative,3810,32.0
climate_laws_cumulative,3811,32.0
climate_laws_cumulative,3812,32.0
climate_laws_cumulative,3813,32.0
climate_laws_cumulative,3814,32.0
climate_laws_cumulative,3815,32.0
climate_laws_cumulative,3816,32.0
climate_laws_cumulative,3817,32.0
climate_laws_cumulative,3818,32.0
climate_laws_cumulative,3819,32.0
climate_laws_cumulative,3820,32.0
climate_laws_cumulative,3821,33.0
climate_laws_cumulative,3822,33.0
climate_laws_cumulative,3823,33.0
climate_laws_cumulative,3824,33.0
climate_laws_cumulative,3825,33.0
climate_laws_cumulative,3826,33.0
climate_laws_cumulative,3827,33.0
climate_laws_cumulative,3828,33.0
climate_laws_cumulative,3829,33.0
climate_laws_cumulative,3830,33.0
climate_laws_cumulative,3831,33.0
climate_laws_cumulative,3832,33.0
climate_laws_cumulative,3833,33.0
climate_laws_cumulative,3834,33.0
climate_laws_cumulative,3835,33.0
climate_laws_cumulative,3836,33.0
climate_laws_cumulative,3837,33.0
climate_laws_cumulative,3838,33.0
climate_laws_cumulative,3839,33.0
climate_laws_cumulative,3840,33.0
climate_laws_cumulative,3841,33.0
climate_laws_cumulative,3842,33.0
climate_laws_cumulative,3843,33.0
climate_laws_cumulative,3844,33.0
climate_laws_cumulative,3845,33.0
climate_laws_cumulative,3846,33.0
climate_laws_cumulative,3847,33.0
climate_laws_cumulative,3848,33.0
climate_laws_cumulative,3849,34.0
climate_laws_cumulative,3850,34.0
climate_laws_cumulative,3851,34.0
climate_laws_cumulative,3852,34.0
climate_laws_cumulative,3853,34.0
climate_laws_cumulative,3854,34.0
climate_laws_cumulative,3855,34.0
climate_laws_cumulative,3856,34.0
climate_laws_cumulative,3857,34.0
climate_laws_cumulative,3858,34.0
climate_laws_cumulative,3859,34.0
climate_laws_cumulative,3860,34.0
climate_laws_cumulative,3861,34.0
climate_laws_cumulative,3862,34.0
climate_laws_cumulative,3863,34.0
climate_laws_cumulative,3864,34.0
climate_laws_cumulative,3865,34.0
climate_laws_cumulative,3866,34.0
climate_laws_cumulative,3867,34.0
climate_laws_cumulative,3868,34.0
climate_laws_cumulative,3869,34.0
climate_laws_cumulative,3870,34.0
climate_laws_cumulative,3871,34.0
climate_laws_cumulative,3872,34.0
climate_laws_cumulative,3873,34.0
climate_laws_cumulative,3874,34.0
climate_laws_cumulative,3875,34.0
climate_laws_cumulative,3876,35.0
climate_laws_cumulative,3877,35.0
climate_laws_cumulative,3878,35.0
climate_laws_cumulative,3879,35.0
climate_laws_cumulative,3880,35.0
climate_laws_cumulative,3881,35.0
climate_laws_cumulative,3882,35.0
climate_laws_cumulative,3883,35.0
climate_laws_cumulative,3884,35.0
climate_laws_cumulative,3885,35.0
climate_laws_cumulative,3886,35.0
climate_laws_cumulative,3887,35.0
climate_laws_cumulative,3888,35.0
climate_laws_cumulative,3889,35.0
climate_laws_cumulative,3890,35.0
climate_laws_cumulative,3891,35.0
climate_laws_cumulative,3892,35.0
climate_laws_cumulative,3893,35.0
climate_laws_cumulative,3894,35.0
climate_laws_cumulative,3895,36.0
climate_laws_cumulative,3896,36.0
climate_laws_cumulative,3897,36.0
climate_laws_cumulative,3898,36.0
climate_laws_cumulative,3899,36.0
climate_laws_cumulative,3900,36.0
climate_laws_cumulative,3901,36.0
climate_laws_cumulative,3902,36.0
climate_laws_cumulative,3903,36.0
climate_laws_cumulative,3904,36.0
climate_laws_cumulative,3905,36.0
climate_laws_cumulative,3906,36.0
climate_laws_cumulative,3907,36.0
climate_laws_cumulative,3908,36.0
climate_laws_cumulative,3909,36.0
climate_laws_cumulative,3910,36.0
climate_laws_cumulative,3911,36.0
climate_laws_cumulative,3912,36.0
climate_laws_cumulative,3913,36.0
climate_laws_cumulative,3914,36.0
climate_laws_cumulative,3915,36.0
climate_laws_cumulative,3916,36.0
climate_laws_cumulative,3917,36.0
climate_laws_cumulative,3918,36.0
climate_laws_cumulative,3919,36.0
climate_laws_cumulative,3920,36.0
climate_laws_cumulative,3921,36.0
climate_laws_cumulative,3922,36.0
climate_laws_cumulative,3923,37.0
climate_laws_cumulative,3924,37.0
climate_laws_cumulative,3925,37.0
climate_laws_cumulative,3926,37.0
climate_laws_cumulative,3927,37.0
climate_laws_cumulative,3928,37.0
climate_laws_cumulative,3929,37.0
climate_laws_cumulative,3930,37.0
climate_laws_cumulative,3931,37.0
climate_laws_cumulative,3932,37.0
climate_laws_cumulative,3933,37.0
climate_laws_cumulative,3934,37.0
climate_laws_cumulative,3935,37.0
climate_laws_cumulative,3936,37.0
climate_laws_cumulative,3937,37.0
climate_laws_cumulative,3938,37.0
climate_laws_cumulative,3939,37.0
climate_laws_cumulative,3940,37.0
climate_laws_cumulative,3941,37.0
climate_laws_cumulative,3942,37.0
climate_laws_cumulative,3943,37.0
climate_laws_cumulative,3944,38.0
climate_laws_cumulative,3945,38.0
climate_laws_cumulative,3946,38.0
climate_laws_cumulative,3947,38.0
climate_laws_cumulative,3948,38.0
climate_laws_cumulative,3949,38.0
climate_laws_cumulative,3950,38.0
climate_laws_cumulative,3951,38.0
climate_laws_cumulative,3952,38.0
climate_laws_cumulative,3953,38.0
climate_laws_cumulative,3954,38.0
climate_laws_cumulative,3955,38.0
climate_laws_cumulative,3956,38.0
climate_laws_cumulative,3957,38.0
climate_laws_cumulative,3958,38.0
climate_laws_cumulative,3959,38.0
climate_laws_cumulative,3960,38.0
climate_laws_cumulative,3961,38.0
climate_laws_cumulative,3962,39.0
climate_laws_cumulative,3963,39.0
climate_laws_cumulative,3964,39.0
climate_laws_cumulative,3965,39.0
climate_laws_cumulative,3966,39.0
climate_laws_cumulative,3967,39.0
climate_laws_cumulative,3968,39.0
climate_laws_cumulative,3969,39.0
climate_laws_cumulative,3970,39.0
climate_laws_cumulative,3971,39.0
climate_laws_cumulative,3972,39.0
climate_laws_cumulative,3973,39.0
climate_laws_cumulative,3974,40.0
climate_laws_cumulative,3975,40.0
climate_laws_cumulative,3976,40.0
climate_laws_cumulative,3977,40.0
climate_laws_cumulative,3978,40.0
climate_laws_cumulative,3979,40.0
climate_laws_cumulative,3980,40.0
climate_laws_cumulative,3981,40.0
climate_laws_cumulative,3982,40.0
climate_laws_cumulative,3983,40.0
climate_laws_cumulative,3984,40.0
climate_laws_cumulative,3985,40.0
climate_laws_cumulative,3986,40.0
climate_laws_cumulative,3987,41.0
climate_laws_cumulative,3988,41.0
climate_laws_cumulative,3989,41.0
climate_laws_cumulative,3990,41.0
climate_laws_cumulative,3991,41.0
climate_laws_cumulative,3992,41.0
climate_laws_cumulative,3993,41.0
climate_laws_cumulative,3994,41.0
climate_laws_cumulative,3995,41.0
climate_laws_cumulative,3996,41.0
climate_laws_cumulative,3997,41.0
climate_laws_cumulative,3998,41.0
climate_laws_cumulative,3999,42.0
climate_laws_cumulative,4000,42.0
climate_laws_cumulative,4001,42.0
climate_laws_cumulative,4002,42.0
climate_laws_cumulative,4003,42.0
climate_laws_cumulative,4004,42.0
climate_laws_cumulative,4005,42.0
climate_laws_cumulative,4006,42.0
climate_laws_cumulative,4007,42.0
climate_laws_cumulative,4008,42.0
climate_laws_cumulative,4009,42.0
climate_laws_cumulative,4010,42.0
climate_laws_cumulative,4011,43.0
climate_laws_cumulative,4012,43.0
climate_laws_cumulative,4013,43.0
climate_laws_cumulative,4014,43.0
climate_laws_cumulative,4015,43.0
climate_laws_cumulative,4016,43.0
climate_laws_cumulative,4017,44.0
climate_laws_cumulative,4018,44.0
climate_laws_cumulative,4019,44.0
climate_laws_cumulative,4020,44.0
climate_laws_cumulative,4021,44.0
climate_laws_cumulative,4022,44.0
climate_laws_cumulative,4023,44.0
climate_laws_cumulative,4024,45.0
climate_laws_cumulative,4025,45.0
climate_laws_cumulative,4026,45.0
climate_laws_cumulative,4027,45.0
climate_laws_cumulative,4028,45.0
climate_laws_cumulative,4029,45.0
climate_laws_cumulative,4030,45.0
climate_laws_cumulative,4031,45.0
climate_laws_cumulative,4032,45.0
climate_laws_cumulative,4033,46.0
climate_laws_cumulative,4034,46.0
climate_laws_cumulative,4035,46.0
climate_laws_cumulative,4036,46.0
climate_laws_cumulative,4037,46.0
climate_laws_cumulative,4038,46.0
climate_laws_cumulative,4039,46.0
climate_laws_cumulative,4040,46.0
climate_laws_cumulative,4041,46.0
climate_laws_cumulative,4042,46.0
climate_laws_cumulative,4043,46.0
climate_laws_cumulative,4044,47.0
climate_laws_cumulative,4045,47.0
climate_laws_cumulative,4046,47.0
climate_laws_cumulative,4047,47.0
climate_laws_cumulative,4048,47.0
climate_laws_cumulative,4049,47.0
climate_laws_cumulative,4050,47.0
climate_laws_cumulative,4051,48.0
climate_laws_cumulative,4052,48.0
climate_laws_cumulative,4053,48.0
climate_laws_cumulative,4054,48.0
climate_laws_cumulative,4055,48.0
climate_laws_cumulative,4056,49.0
climate_laws_cumulative,4057,49.0
climate_laws_cumulative,4058,49.0
climate_laws_cumulative,4059,49.0
climate_laws_cumulative,4060,49.0
climate_laws_cumulative,4061,49.0
climate_laws_cumulative,4062,49.0
climate_laws_cumulative,4063,49.0
climate_laws_cumulative,4064,49.0
climate_laws_cumulative,4065,49.0
climate_laws_cumulative,4066,49.0
climate_laws_cumulative,4067,49.0
climate_laws_cumulative,4068,49.0
climate_laws_cumulative,4069,50.0
climate_laws_cumulative,4070,50.0
climate_laws_cumulative,4071,50.0
climate_laws_cumulative,4072,50.0
climate_laws_cumulative,4073,50.0
climate_laws_cumulative,4074,50.0
climate_laws_cumulative,4075,50.0
climate_laws_cumulative,4076,51.0
climate_laws_cumulative,4077,51.0
climate_laws_cumulative,4078,52.0
climate_laws_cumulative,4079,52.0
climate_laws_cumulative,4080,52.0
climate_laws_cumulative,4081,52.0
climate_laws_cumulative,4082,52.0
climate_laws_cumulative,4083,52.0
climate_laws_cumulative,4084,52.0
climate_laws_cumulative,4085,52.0
climate_laws_cumulative,4086,52.0
climate_laws_cumulative,4087,52.0
climate_laws_cumulative,4088,52.0
climate_laws_cumulative,4089,52.0
climate_laws_cumulative,4090,53.0
climate_laws_cumulative,4091,53.0
climate_laws_cumulative,4092,53.0
climate_laws_cumulative,4093,53.0
climate_laws_cumulative,4094,54.0
climate_laws_cumulative,4095,54.0
climate_laws_cumulative,4096,54.0
climate_laws_cumulative,4097,54.0
climate_laws_cumulative,4098,54.0
climate_laws_cumulative,4099,54.0
climate_laws_cumulative,4100,55.0
climate_laws_cumulative,4101,55.0
climate_laws_cumulative,4102,55.0
climate_laws_cumulative,4103,56.0
climate_laws_cumulative,4104,56.0
climate_laws_cumulative,4105,56.0
climate_laws_cumulative,4106,56.0
climate_laws_cumulative,4107,56.0
climate_laws_cumulative,4108,57.0
climate_laws_cumulative,4109,57.0
climate_laws_cumulative,4110,57.0
climate_laws_cumulative,4111,57.0
climate_laws_cumulative,4112,57.0
climate_laws_cumulative,4113,58.0
climate_laws_cumulative,4114,58.0
climate_laws_cumulative,4115,58.0
climate_laws_cumulative,4116,58.0
climate_laws_cumulative,4117,59.0
climate_laws_cumulative,4118,59.0
climate_laws_cumulative,4119,59.0
climate_laws_cumulative,4120,59.0
climate_laws_cumulative,4121,59.0
climate_laws_cumulative,4122,60.0
climate_laws_cumulative,4123,60.0
climate_laws_cumulative,4124,61.0
climate_laws_cumulative,4125,61.0
climate_laws_cumulative,4126,61.0
climate_laws_cumulative,4127,61.0
climate_laws_cumulative,4128,61.0
climate_laws_cumulative,4129,61.0
climate_laws_cumulative,4130,61.0
climate_laws_cumulative,4131,61.0
climate_laws_cumulative,4132,62.0
climate_laws_cumulative,4133,62.0
climate_laws_cumulative,4134,62.0
climate_laws_cumulative,4135,62.0
climate_laws_cumulative,4136,62.0
climate_laws_cumulative,4137,63.0
climate_laws_cumulative,4138,64.0
climate_laws_cumulative,4139,64.0
climate_laws_cumulative,4140,64.0
climate_laws_cumulative,4141,64.0
climate_laws_cumulative,4142,64.0
climate_laws_cumulative,4143,65.0
climate_laws_cumulative,4144,66.0
climate_laws_cumulative,4145,67.0
climate_laws_cumulative,4146,67.0
climate_laws_cumulative,4147,67.0
climate_laws_cumulative,4148,68.0
climate_laws_cumulative,4149,68.0
climate_laws_cumulative,4150,68.0
climate_laws_cumulative,4151,68.0
climate_laws_cumulative,4152,69.0
climate_laws_cumulative,4153,69.0
climate_laws_cumulative,4154,69.0
climate_laws_cumulative,4155,69.0
climate_laws_cumulative,4156,69.0
climate_laws_cumulative,4157,70.0
climate_laws_cumulative,4158,70.0
climate_laws_cumulative,4159,71.0
climate_laws_cumulative,4160,71.0
climate_laws_cumulative,4161,72.0
climate_laws_cumulative,4162,72.0
climate_laws_cumulative,4163,72.0
climate_laws_cumulative,4164,73.0
climate_laws_cumulative,4165,73.0
climate_laws_cumulative,4166,74.0
climate_laws_cumulative,4167,74.0
climate_laws_cumulative,4168,74.0
climate_laws_cumulative,4169,74.0
climate_laws_cumulative,4170,74.0
climate_laws_cumulative,4171,74.0
climate_laws_cumulative,4172,75.0
climate_laws_cumulative,4173,75.0
climate_laws_cumulative,4174,75.0
climate_laws_cumulative,4175,75.0
climate_laws_cumulative,4176,75.0
climate_laws_cumulative,4177,76.0
climate_laws_cumulative,4178,76.0
climate_laws_cumulative,4179,76.0
climate_laws_cumulative,4180,76.0
climate_laws_cumulative,4181,77.0
climate_laws_cumulative,4182,77.0
climate_laws_cumulative,4183,77.0
climate_laws_cumulative,4184,78.0
climate_laws_cumulative,4185,78.0
climate_laws_cumulative,4186,79.0
climate_laws_cumulative,4187,79.0
climate_laws_cumulative,4188,80.0
climate_laws_cumulative,4189,80.0
climate_laws_cumulative,4190,81.0
climate_laws_cumulative,4191,81.0
climate_laws_cumulative,4192,81.0
climate_laws_cumulative,4193,82.0
climate_laws_cumulative,4194,82.0
climate_laws_cumulative,4195,82.0
climate_laws_cumulative,4196,82.0
climate_laws_cumulative,4197,82.0
climate_laws_cumulative,4198,82.0
climate_laws_cumulative,4199,82.0
climate_laws_cumulative,4200,83.0
climate_laws_cumulative,4201,84.0
climate_laws_cumulative,4202,84.0
climate_laws_cumulative,4203,86.0
climate_laws_cumulative,4204,86.0
climate_laws_cumulative,4205,86.0
climate_laws_cumulative,4206,87.0
climate_laws_cumulative,4207,88.0
climate_laws_cumulative,4208,88.0
climate_laws_cumulative,4209,90.0
climate_laws_cumulative,4210,90.0
climate_laws_cumulative,4211,91.0
climate_laws_cumulative,4212,91.0
climate_laws_cumulative,4213,92.0
climate_laws_cumulative,4214,93.0
climate_laws_cumulative,4215,93.0
climate_laws_cumulative,4216,94.0
climate_laws_cumulative,4217,94.0
climate_laws_cumulative,4218,94.0
climate_laws_cumulative,4219,94.0
climate_laws_cumulative,4220,96.0
climate_laws_cumulative,4221,96.0
climate_laws_cumulative,4222,98.0
climate_laws_cumulative,4223,99.0
climate_laws_cumulative,4224,99.0
climate_laws_cumulative,4225,100.0
climate_laws_cumulative,4226,100.0
climate_laws_cumulative,4227,100.0
climate_laws_cumulative,4228,100.0
climate_laws_cumulative,4229,101.0
climate_laws_cumulative,4230,103.0
climate_laws_cumulative,4231,103.0
climate_laws_cumulative,4232,103.0
climate_laws_cumulative,4233,103.0
climate_laws_cumulative,4234,103.0
climate_laws_cumulative,4235,104.0
climate_laws_cumulative,4236,104.0
climate_laws_cumulative,4237,106.0
climate_laws_cumulative,4238,111.0
climate_laws_cumulative,4239,112.0
climate_laws_cumulative,4240,112.0
climate_laws_cumulative,4241,113.0
climate_laws_cumulative,4242,113.0
climate_laws_cumulative,4243,120.0
climate_laws_cumulative,4244,120.0
climate_laws_cumulative,4245,121.0
climate_laws_cumulative,4246,121.0
climate_laws_cumulative,4247,123.0
climate_laws_cumulative,4248,133.0
climate_laws_cumulative,4249,134.0
climate_laws_cumulative,4250,135.0
climate_laws_cumulative,4251,136.0
climate_laws_cumulative,4252,142.0
climate_laws_cumulative,4253,151.0
climate_laws_cumulative,4254,153.0
climate_laws_cumulative,4255,154.0
climate_laws_cumulative,4256,156.0
climate_laws_cumulative,4257,178.0
climate_laws_cumulative,4258,200.0
climate_laws_cumulative,4259,217.0
cpj_murders_unsolved,0,0.0
cpj_murders_unsolved,1,0.0
cpj_murders_unsolved,2,0.0
cpj_murders_unsolved,3,0.0
cpj_murders_unsolved,4,0.0
cpj_murders_unsolved,5,0.0
cpj_murders_unsolved,6,0.0
cpj_murders_unsolved,7,0.0
cpj_murders_unsolved,8,0.0
cpj_murders_unsolved,9,0.0
cpj_murders_unsolved,10,0.0
cpj_murders_unsolved,11,0.0
cpj_murders_unsolved,12,0.0
cpj_murders_unsolved,13,0.0
cpj_murders_unsolved,14,0.0
cpj_murders_unsolved,15,0.0
cpj_murders_unsolved,16,0.0
cpj_murders_unsolved,17,0.0
cpj_murders_unsolved,18,0.0
cpj_murders_unsolved,19,0.0
cpj_murders_unsolved,20,0.0
cpj_murders_unsolved,21,0.0
cpj_murders_unsolved,22,0.0
cpj_murders_unsolved,23,0.0
cpj_murders_unsolved,24,0.0
cpj_murders_unsolved,25,1.0
cpj_murders_unsolved,26,1.0
cpj_murders_unsolved,27,1.0
cpj_murders_unsolved,28,1.0
cpj_murders_unsolved,29,1.0
cpj_murders_unsolved,30,1.0
cpj_murders_unsolved,31,1.0
cpj_murders_unsolved,32,1.0
cpj_murders_unsolved,33,1.0
cpj_murders_unsolved,34,1.0
cpj_murders_unsolved,35,1.0
cpj_murders_unsolved,36,2.0
cpj_murders_unsolved,37,2.0
cpj_murders_unsolved,38,2.0
cpj_murders_unsolved,39,2.0
cpj_murders_unsolved,40,2.0
cpj_murders_unsolved,41,3.0
cpj_murders_unsolved,42,3.0
cpj_murders_unsolved,43,3.0
cpj_murders_unsolved,44,3.0
cpj_murders_unsolved,45,4.0
cpj_murders_unsolved,46,7.0
cpj_murders_unsolved,47,20.0
cpj_murders_unsolved,48,32.0
fr_max_legal_basis,0,1.0
fr_max_legal_basis,1,1.0
fr_max_legal_basis,2,1.0
fr_max_legal_basis,3,1.0
fr_max_legal_basis,4,1.0
fr_max_legal_basis,5,1.0
fr_max_legal_basis,6,1.0
fr_max_legal_basis,7,1.0
fr_max_legal_basis,8,1.0
fr_max_legal_basis,9,1.0
fr_max_legal_basis,10,1.0
fr_max_legal_basis,11,1.0
fr_max_legal_basis,12,1.0
fr_max_legal_basis,13,1.0
fr_max_legal_basis,14,1.0
fr_max_legal_basis,15,1.0
fr_max_legal_basis,16,1.0
fr_max_legal_basis,17,1.0
fr_max_legal_basis,18,1.0
fr_max_legal_basis,19,1.0
fr_max_legal_basis,20,1.0
fr_max_legal_basis,21,1.0
fr_max_legal_basis,22,1.0
fr_max_legal_basis,23,1.0
fr_max_legal_basis,24,1.0
fr_max_legal_basis,25,1.0
fr_max_legal_basis,26,1.0
fr_max_legal_basis,27,1.0
fr_max_legal_basis,28,1.0
fr_max_legal_basis,29,1.0
fr_max_legal_basis,30,1.0
fr_max_legal_basis,31,1.0
fr_max_legal_basis,32,1.0
fr_max_legal_basis,33,1.0
fr_max_legal_basis,34,1.0
fr_max_legal_basis,35,1.0
fr_max_legal_basis,36,1.0
fr_max_legal_basis,37,1.0
fr_max_legal_basis,38,1.0
fr_max_legal_basis,39,1.0
fr_max_legal_basis,40,1.0
fr_max_legal_basis,41,1.0
fr_max_legal_basis,42,1.0
fr_max_legal_basis,43,1.0
fr_max_legal_basis,44,1.0
fr_max_legal_basis,45,1.0
fr_max_legal_basis,46,1.0
fr_max_legal_basis,47,1.0
fr_max_legal_basis,48,1.0
fr_max_legal_basis,49,1.0
fr_max_legal_basis,50,1.0
fr_max_legal_basis,51,1.0
fr_max_legal_basis,52,1.0
fr_max_legal_basis,53,1.0
fr_max_legal_basis,54,1.0
fr_max_legal_basis,55,1.0
fr_max_legal_basis,56,1.0
fr_max_legal_basis,57,1.0
fr_max_legal_basis,58,1.0
fr_max_legal_basis,59,1.0
fr_max_legal_basis,60,1.0
fr_max_legal_basis,61,1.0
fr_max_legal_basis,62,1.0
fr_max_legal_basis,63,1.0
fr_max_legal_basis,64,1.0
fr_max_legal_basis,65,1.0
fr_max_legal_basis,66,1.0
fr_max_legal_basis,67,1.0
fr_max_legal_basis,68,1.0
fr_max_legal_basis,69,1.0
fr_max_legal_basis,70,1.0
fr_max_legal_basis,71,1.0
fr_max_legal_basis,72,1.0
fr_max_legal_basis,73,1.0
fr_max_legal_basis,74,1.0
fr_max_legal_basis,75,1.0
fr_max_legal_basis,76,1.0
fr_max_legal_basis,77,1.0
fr_max_legal_basis,78,1.0
fr_max_legal_basis,79,1.0
fr_max_legal_basis,80,1.0
fr_max_legal_basis,81,1.0
fr_max_legal_basis,82,1.0
fr_max_legal_basis,83,1.0
fr_max_legal_basis,84,1.0
fr_max_legal_basis,85,1.0
fr_max_legal_basis,86,1.0
fr_max_legal_basis,87,1.0
fr_max_legal_basis,88,1.0
fr_max_legal_basis,89,1.0
fr_max_legal_basis,90,1.0
fr_max_legal_basis,91,1.0
fr_max_legal_basis,92,1.0
fr_max_legal_basis,93,1.0
fr_max_legal_basis,94,1.0
fr_max_legal_basis,95,1.0
fr_max_legal_basis,96,1.0
fr_max_legal_basis,97,1.0
fr_max_legal_basis,98,1.0
fr_max_legal_basis,99,1.0
fr_max_legal_basis,100,1.0
fr_max_legal_basis,101,1.0
fr_max_legal_basis,102,1.0
fr_max_legal_basis,103,1.0
fr_max_legal_basis,104,1.0
fr_max_legal_basis,105,1.0
fr_max_legal_basis,106,1.0
fr_max_legal_basis,107,1.0
fr_max_legal_basis,108,1.0
fr_max_legal_basis,109,1.0
fr_max_legal_basis,110,1.0
fr_max_legal_basis,111,1.0
fr_max_legal_basis,112,1.0
fr_max_legal_basis,113,1.0
fr_max_legal_basis,114,1.0
fr_max_legal_basis,115,1.0
fr_max_legal_basis,116,1.0
fr_max_legal_basis,117,1.0
fr_max_legal_basis,118,1.0
fr_max_legal_basis,119,1.0
fr_max_legal_basis,120,1.0
fr_max_legal_basis,121,1.0
fr_max_legal_basis,122,1.0
fr_max_legal_basis,123,1.0
fr_max_legal_basis,124,1.0
fr_max_legal_basis,125,1.0
fr_max_legal_basis,126,1.0
fr_max_legal_basis,127,1.0
fr_max_legal_basis,128,1.0
fr_max_legal_basis,129,1.0
fr_max_legal_basis,130,1.0
fr_max_legal_basis,131,1.0
fr_max_legal_basis,132,1.0
fr_max_legal_basis,133,1.0
fr_max_legal_basis,134,1.0
fr_max_legal_basis,135,2.0
fr_max_legal_basis,136,2.0
fr_max_legal_basis,137,2.0
fr_max_legal_basis,138,2.0
fr_max_legal_basis,139,2.0
fr_max_legal_basis,140,2.0
fr_max_legal_basis,141,2.0
fr_max_legal_basis,142,2.0
fr_max_legal_basis,143,2.0
fr_max_legal_basis,144,2.0
fr_max_legal_basis,145,2.0
fr_max_legal_basis,146,2.0
fr_max_legal_basis,147,2.0
fr_max_legal_basis,148,2.0
fr_max_legal_basis,149,2.0
fr_max_legal_basis,150,2.0
fr_max_legal_basis,151,2.0
fr_max_legal_basis,152,2.0
fr_max_legal_basis,153,2.0
fr_max_legal_basis,154,2.0
fr_max_legal_basis,155,2.0
fr_max_legal_basis,156,2.0
fr_max_legal_basis,157,2.0
fr_max_legal_basis,158,2.0
fr_max_legal_basis,159,2.0
fr_max_legal_basis,160,2.0
fr_max_legal_basis,161,2.0
fr_max_legal_basis,162,2.0
fr_max_legal_basis,163,2.0
fr_max_legal_basis,164,2.0
fr_max_legal_basis,165,2.0
fr_max_legal_basis,166,2.0
fr_max_legal_basis,167,2.0
fr_max_legal_basis,168,2.0
fr_max_legal_basis,169,2.0
fr_max_legal_basis,170,2.0
fr_max_legal_basis,171,2.0
fr_max_legal_basis,172,2.0
fr_max_legal_basis,173,2.0
fr_max_legal_basis,174,2.0
fr_max_legal_basis,175,2.0
fr_max_legal_basis,176,2.0
fr_max_legal_basis,177,2.0
fr_max_legal_basis,178,2.0
fr_max_legal_basis,179,2.0
fr_max_legal_basis,180,2.0
fr_max_legal_basis,181,2.0
fr_max_legal_basis,182,2.0
fr_max_legal_basis,183,2.0
fr_max_legal_basis,184,2.0
fr_max_legal_basis,185,2.0
fr_max_legal_basis,186,2.0
fr_max_legal_basis,187,2.0
fr_max_legal_basis,188,2.0
fr_max_legal_basis,189,2.0
fr_max_legal_basis,190,2.0
fr_max_legal_basis,191,2.0
fr_max_legal_basis,192,2.0
fr_max_legal_basis,193,2.0
fr_max_legal_basis,194,2.0
fr_max_legal_basis,195,2.0
fr_max_legal_basis,196,2.0
fr_max_legal_basis,197,2.0
fr_max_legal_basis,198,2.0
fr_max_legal_basis,199,2.0
fr_max_legal_basis,200,2.0
fr_max_legal_basis,201,2.0
fr_max_legal_basis,202,2.0
fr_max_legal_basis,203,2.0
fr_max_legal_basis,204,2.0
fr_max_legal_basis,205,2.0
fr_max_legal_basis,206,2.0
fr_max_legal_basis,207,2.0
fr_max_legal_basis,208,2.0
fr_max_legal_basis,209,2.0
fr_max_legal_basis,210,2.0
fr_max_legal_basis,211,2.0
fr_max_legal_basis,212,2.0
fr_max_legal_basis,213,2.0
fr_max_legal_basis,214,2.0
fr_max_legal_basis,215,2.0
fr_max_legal_basis,216,2.0
fr_max_legal_basis,217,2.0
fr_max_legal_basis,218,2.0
fr_max_legal_basis,219,2.0
fr_max_legal_basis,220,2.0
fr_max_legal_basis,221,2.0
fr_max_legal_basis,222,2.0
fr_max_legal_basis,223,2.0
fr_max_legal_basis,224,2.0
fr_max_legal_basis,225,2.0
fr_max_legal_basis,226,2.0
fr_max_legal_basis,227,2.0
fr_max_legal_basis,228,2.0
fr_max_legal_basis,229,2.0
fr_max_legal_basis,230,2.0
fr_max_legal_basis,231,2.0
fr_max_legal_basis,232,2.0
fr_max_legal_basis,233,2.0
fr_max_legal_basis,234,2.0
fr_max_legal_basis,235,2.0
fr_max_legal_basis,236,2.0
fr_max_legal_basis,237,2.0
fr_max_legal_basis,238,2.0
fr_max_legal_basis,239,2.0
fr_max_legal_basis,240,3.0
fr_max_legal_basis,241,3.0
fr_max_legal_basis,242,3.0
fr_max_legal_basis,243,3.0
fr_max_legal_basis,244,3.0
fr_max_legal_basis,245,3.0
fr_max_legal_basis,246,3.0
fr_max_legal_basis,247,3.0
fr_max_legal_basis,248,3.0
fr_max_legal_basis,249,3.0
fr_max_legal_basis,250,3.0
fr_max_legal_basis,251,3.0
fr_max_legal_basis,252,3.0
fr_max_legal_basis,253,3.0
fr_max_legal_basis,254,3.0
fr_max_legal_basis,255,3.0
fr_max_legal_basis,256,3.0
fr_max_legal_basis,257,3.0
fr_max_legal_basis,258,3.0
fr_max_legal_basis,259,3.0
fr_max_legal_basis,260,3.0
fr_max_legal_basis,261,3.0
fr_max_legal_basis,262,3.0
fr_max_legal_basis,263,3.0
fr_max_legal_basis,264,3.0
fr_max_legal_basis,265,3.0
fr_max_legal_basis,266,3.0
fr_max_legal_basis,267,3.0
fr_max_legal_basis,268,3.0
fr_max_legal_basis,269,3.0
fr_max_legal_basis,270,3.0
fr_max_legal_basis,271,3.0
fr_max_legal_basis,272,3.0
fr_max_legal_basis,273,3.0
fr_max_legal_basis,274,3.0
fr_max_legal_basis,275,3.0
fr_max_legal_basis,276,3.0
fr_max_legal_basis,277,3.0
fr_max_legal_basis,278,3.0
fr_max_legal_basis,279,3.0
fr_max_legal_basis,280,3.0
fr_max_legal_basis,281,3.0
fr_max_legal_basis,282,3.0
fr_max_legal_basis,283,3.0
fr_max_legal_basis,284,3.0
fr_max_legal_basis,285,3.0
fr_max_legal_basis,286,3.0
fr_max_legal_basis,287,3.0
fr_max_legal_basis,288,3.0
fr_max_legal_basis,289,3.0
fr_max_legal_basis,290,3.0
fr_max_legal_basis,291,3.0
fr_max_legal_basis,292,3.0
fr_max_legal_basis,293,3.0
fr_max_legal_basis,294,3.0
fr_max_legal_basis,295,3.0
fr_max_legal_basis,296,3.0
fr_max_legal_basis,297,3.0
fr_max_legal_basis,298,3.0
fr_max_legal_basis,299,3.0
fr_max_legal_basis,300,3.0
fr_max_legal_basis,301,3.0
fr_max_legal_basis,302,3.0
fr_max_legal_basis,303,3.0
fr_max_legal_basis,304,3.0
fr_max_legal_basis,305,3.0
fr_max_legal_basis,306,3.0
fr_max_legal_basis,307,3.0
fr_max_legal_basis,308,3.0
fr_max_legal_basis,309,3.0
fr_max_legal_basis,310,3.0
fr_max_legal_basis,311,3.0
fr_max_legal_basis,312,3.0
fr_max_legal_basis,313,3.0
fr_max_legal_basis,314,3.0
fr_max_legal_basis,315,3.0
fr_max_legal_basis,316,3.0
fr_max_legal_basis,317,3.0
fr_max_legal_basis,318,3.0
fr_max_legal_basis,319,3.0
fr_max_legal_basis,320,3.0
fr_max_legal_basis,321,3.0
fr_max_legal_basis,322,3.0
fr_max_legal_basis,323,3.0
fr_max_legal_basis,324,3.0
fr_max_legal_basis,325,3.0
fr_max_legal_basis,326,3.0
fr_max_legal_basis,327,3.0
fr_max_legal_basis,328,3.0
fr_max_legal_basis,329,3.0
fr_max_legal_basis,330,3.0
fr_max_legal_basis,331,3.0
fr_max_legal_basis,332,3.0
fr_max_legal_basis,333,3.0
fr_max_legal_basis,334,3.0
fr_max_legal_basis,335,3.0
fr_max_legal_basis,336,3.0
fr_max_legal_basis,337,3.0
fr_max_legal_basis,338,3.0
fr_max_legal_basis,339,3.0
fr_max_legal_basis,340,3.0
fr_max_legal_basis,341,3.0
fr_max_legal_basis,342,3.0
fr_max_legal_basis,343,3.0
fr_max_legal_basis,344,3.0
fr_max_legal_basis,345,3.0
fr_max_legal_basis,346,3.0
fr_max_legal_basis,347,3.0
fr_max_legal_basis,348,3.0
fr_max_legal_basis,349,3.0
fr_max_legal_basis,350,3.0
fr_max_legal_basis,351,3.0
fr_max_legal_basis,352,3.0
fr_max_legal_basis,353,3.0
fr_max_legal_basis,354,3.0
fr_max_legal_basis,355,3.0
fr_max_legal_basis,356,3.0
fr_max_legal_basis,357,3.0
fr_max_legal_basis,358,3.0
fr_max_legal_basis,359,3.0
fr_max_legal_basis,360,3.0
fr_max_legal_basis,361,3.0
fr_max_legal_basis,362,3.0
fr_max_legal_basis,363,3.0
fr_max_legal_basis,364,3.0
fr_max_legal_basis,365,3.0
fr_max_legal_basis,366,3.0
fr_max_legal_basis,367,3.0
fr_max_legal_basis,368,3.0
fr_max_legal_basis,369,3.0
fr_max_legal_basis,370,3.0
fr_max_legal_basis,371,3.0
fr_max_legal_basis,372,3.0
fr_max_legal_basis,373,3.0
fr_max_legal_basis,374,3.0
fr_max_legal_basis,375,3.0
fr_max_legal_basis,376,3.0
fr_max_legal_basis,377,3.0
fr_max_legal_basis,378,3.0
fr_max_legal_basis,379,3.0
fr_max_legal_basis,380,3.0
fr_max_legal_basis,381,3.0
fr_max_legal_basis,382,3.0
fr_max_legal_basis,383,3.0
fr_max_legal_basis,384,3.0
fr_max_legal_basis,385,3.0
fr_max_legal_basis,386,3.0
fr_max_legal_basis,387,3.0
fr_max_legal_basis,388,3.0
fr_max_legal_basis,389,3.0
fr_max_legal_basis,390,3.0
fr_max_legal_basis,391,3.0
fr_max_legal_basis,392,3.0
fr_max_legal_basis,393,3.0
fr_max_legal_basis,394,3.0
fr_max_legal_basis,395,3.0
fr_max_legal_basis,396,3.0
fr_max_legal_basis,397,3.0
fr_max_legal_basis,398,3.0
fr_max_legal_basis,399,3.0
fr_max_legal_basis,400,3.0
fr_max_legal_basis,401,3.0
fr_max_legal_basis,402,3.0
fr_max_legal_basis,403,3.0
fr_max_legal_basis,404,3.0
fr_max_legal_basis,405,3.0
fr_max_legal_basis,406,3.0
fr_max_legal_basis,407,3.0
fr_max_legal_basis,408,3.0
fr_max_legal_basis,409,3.0
fr_max_legal_basis,410,3.0
fr_max_legal_basis,411,3.0
fr_max_legal_basis,412,3.0
fr_max_legal_basis,413,3.0
fr_max_legal_basis,414,3.0
fr_max_legal_basis,415,3.0
fr_max_legal_basis,416,3.0
fr_max_legal_basis,417,3.0
fr_max_legal_basis,418,3.0
fr_max_legal_basis,419,3.0
fr_max_legal_basis,420,3.0
fr_max_legal_basis,421,3.0
fr_max_legal_basis,422,3.0
fr_max_legal_basis,423,3.0
fr_max_legal_basis,424,3.0
fr_max_legal_basis,425,3.0
fr_max_legal_basis,426,3.0
fr_max_legal_basis,427,3.0
fr_max_legal_basis,428,3.0
fr_max_legal_basis,429,3.0
fr_max_legal_basis,430,3.0
fr_max_legal_basis,431,3.0
fr_max_legal_basis,432,3.0
fr_max_legal_basis,433,3.0
fr_max_legal_basis,434,3.0
fr_max_legal_basis,435,3.0
fr_max_legal_basis,436,3.0
fr_max_legal_basis,437,3.0
fr_max_legal_basis,438,3.0
fr_max_legal_basis,439,3.0
fr_max_legal_basis,440,3.0
fr_max_legal_basis,441,3.0
fr_max_legal_basis,442,3.0
fr_max_legal_basis,443,3.0
fr_max_legal_basis,444,3.0
fr_max_legal_basis,445,3.0
fr_max_legal_basis,446,3.0
fr_max_legal_basis,447,3.0
fr_max_legal_basis,448,3.0
fr_max_legal_basis,449,3.0
fr_max_legal_basis,450,3.0
fr_max_legal_basis,451,3.0
fr_max_legal_basis,452,3.0
fr_max_legal_basis,453,3.0
fr_max_legal_basis,454,3.0
fr_max_legal_basis,455,3.0
fr_max_legal_basis,456,3.0
fr_max_legal_basis,457,3.0
fr_max_legal_basis,458,3.0
fr_max_legal_basis,459,3.0
fr_max_legal_basis,460,3.0
fr_max_legal_basis,461,3.0
fr_max_legal_basis,462,3.0
fr_max_legal_basis,463,3.0
fr_max_legal_basis,464,3.0
fr_max_legal_basis,465,3.0
fr_max_legal_basis,466,3.0
fr_max_legal_basis,467,3.0
fr_max_legal_basis,468,3.0
fr_max_legal_basis,469,3.0
fr_max_legal_basis,470,3.0
fr_max_legal_basis,471,3.0
fr_max_legal_basis,472,3.0
fr_max_legal_basis,473,3.0
fr_max_legal_basis,474,3.0
fr_max_legal_basis,475,3.0
fr_max_legal_basis,476,3.0
fr_max_legal_basis,477,3.0
fr_max_legal_basis,478,3.0
fr_max_legal_basis,479,3.0
fr_max_legal_basis,480,3.0
fr_max_legal_basis,481,3.0
fr_max_legal_basis,482,3.0
fr_max_legal_basis,483,3.0
fr_max_legal_basis,484,3.0
fr_max_legal_basis,485,3.0
fr_max_legal_basis,486,3.0
fr_max_legal_basis,487,3.0
fr_max_legal_basis,488,3.0
fr_max_legal_basis,489,3.0
fr_max_legal_basis,490,3.0
fr_max_legal_basis,491,3.0
fr_max_legal_basis,492,3.0
fr_max_legal_basis,493,3.0
fr_max_legal_basis,494,3.0
fr_max_legal_basis,495,3.0
fr_max_legal_basis,496,3.0
fr_max_legal_basis,497,3.0
fr_max_legal_basis,498,3.0
fr_max_legal_basis,499,3.0
fr_max_legal_basis,500,3.0
fr_max_legal_basis,501,3.0
fr_max_legal_basis,502,3.0
fr_max_legal_basis,503,3.0
fr_max_legal_basis,504,3.0
fr_max_legal_basis,505,3.0
fr_max_legal_basis,506,3.0
fr_max_legal_basis,507,3.0
fr_max_legal_basis,508,3.0
fr_max_legal_basis,509,3.0
fr_max_legal_basis,510,3.0
fr_max_legal_basis,511,3.0
fr_max_legal_basis,512,3.0
fr_max_legal_basis,513,3.0
fr_max_legal_basis,514,3.0
fr_max_legal_basis,515,3.0
fr_max_legal_basis,516,3.0
fr_max_legal_basis,517,3.0
fr_max_legal_basis,518,3.0
fr_max_legal_basis,519,3.0
fr_max_legal_basis,520,3.0
fr_max_legal_basis,521,3.0
fr_max_legal_basis,522,3.0
fr_max_legal_basis,523,3.0
fr_max_legal_basis,524,3.0
fr_max_legal_basis,525,3.0
fr_max_legal_basis,526,3.0
fr_max_legal_basis,527,3.0
fr_max_legal_basis,528,3.0
fr_max_legal_basis,529,3.0
fr_max_legal_basis,530,3.0
fr_max_legal_basis,531,3.0
fr_max_legal_basis,532,3.0
fr_max_legal_basis,533,3.0
fr_max_legal_basis,534,3.0
fr_max_legal_basis,535,3.0
fr_max_legal_basis,536,3.0
fr_max_legal_basis,537,3.0
fr_max_legal_basis,538,3.0
fr_max_legal_basis,539,3.0
fr_max_legal_basis,540,3.0
fr_max_legal_basis,541,3.0
fr_max_legal_basis,542,3.0
fr_max_legal_basis,543,3.0
fr_max_legal_basis,544,3.0
fr_max_legal_basis,545,3.0
fr_max_legal_basis,546,3.0
fr_max_legal_basis,547,3.0
fr_max_legal_basis,548,3.0
fr_max_legal_basis,549,3.0
fr_max_legal_basis,550,3.0
fr_max_legal_basis,551,3.0
fr_max_legal_basis,552,3.0
fr_max_legal_basis,553,3.0
fr_max_legal_basis,554,3.0
fr_max_legal_basis,555,3.0
fr_max_legal_basis,556,3.0
fr_max_legal_basis,557,3.0
fr_max_legal_basis,558,3.0
fr_max_legal_basis,559,3.0
fr_max_legal_basis,560,3.0
fr_max_legal_basis,561,3.0
fr_max_legal_basis,562,3.0
fr_max_legal_basis,563,3.0
fr_max_legal_basis,564,3.0
fr_max_legal_basis,565,3.0
fr_max_legal_basis,566,3.0
fr_max_legal_basis,567,3.0
fr_max_legal_basis,568,3.0
fr_max_legal_basis,569,3.0
fr_max_legal_basis,570,3.0
fr_max_legal_basis,571,3.0
fr_max_legal_basis,572,3.0
fr_max_legal_basis,573,3.0
fr_max_legal_basis,574,3.0
fr_max_legal_basis,575,3.0
fr_max_legal_basis,576,3.0
fr_max_legal_basis,577,3.0
fr_max_legal_basis,578,3.0
fr_max_legal_basis,579,3.0
fr_max_legal_basis,580,3.0
fr_max_legal_basis,581,3.0
fr_max_legal_basis,582,3.0
fr_max_legal_basis,583,3.0
fr_max_legal_basis,584,3.0
fr_max_legal_basis,585,3.0
fr_max_legal_basis,586,3.0
fr_max_legal_basis,587,3.0
fr_max_legal_basis,588,3.0
fr_max_legal_basis,589,3.0
fr_max_legal_basis,590,3.0
fr_max_legal_basis,591,3.0
fr_max_legal_basis,592,3.0
fr_max_legal_basis,593,3.0
fr_max_legal_basis,594,3.0
fr_max_legal_basis,595,3.0
fr_max_legal_basis,596,3.0
fr_max_legal_basis,597,3.0
fr_max_legal_basis,598,3.0
fr_max_legal_basis,599,3.0
fr_max_legal_basis,600,3.0
fr_max_legal_basis,601,3.0
fr_max_legal_basis,602,3.0
fr_max_legal_basis,603,3.0
fr_max_legal_basis,604,3.0
fr_max_legal_basis,605,3.0
fr_max_legal_basis,606,3.0
fr_max_legal_basis,607,3.0
fr_max_legal_basis,608,3.0
fr_max_legal_basis,609,3.0
fr_max_legal_basis,610,3.0
fr_max_legal_basis,611,3.0
fr_max_legal_basis,612,3.0
fr_max_legal_basis,613,3.0
fr_max_legal_basis,614,3.0
fr_max_legal_basis,615,3.0
fr_max_legal_basis,616,3.0
fr_max_legal_basis,617,3.0
fr_max_legal_basis,618,3.0
fr_max_legal_basis,619,3.0
fr_max_legal_basis,620,3.0
fr_max_legal_basis,621,3.0
fr_max_legal_basis,622,3.0
fr_max_legal_basis,623,3.0
fr_max_legal_basis,624,3.0
fr_max_legal_basis,625,3.0
fr_max_legal_basis,626,3.0
fr_max_legal_basis,627,3.0
fr_max_legal_basis,628,3.0
fr_max_legal_basis,629,3.0
fr_max_legal_basis,630,3.0
fr_max_legal_basis,631,3.0
fr_max_legal_basis,632,3.0
fr_max_legal_basis,633,3.0
fr_max_legal_basis,634,3.0
fr_max_legal_basis,635,3.0
fr_max_legal_basis,636,3.0
fr_max_legal_basis,637,3.0
fr_max_legal_basis,638,3.0
fr_max_legal_basis,639,3.0
fr_max_legal_basis,640,3.0
fr_max_legal_basis,641,3.0
fr_max_legal_basis,642,3.0
fr_max_legal_basis,643,3.0
fr_max_legal_basis,644,3.0
fr_max_legal_basis,645,3.0
fr_max_legal_basis,646,3.0
fr_max_legal_basis,647,3.0
fr_max_legal_basis,648,3.0
fr_max_legal_basis,649,3.0
fr_max_legal_basis,650,3.0
fr_max_legal_basis,651,3.0
fr_max_legal_basis,652,3.0
fr_max_legal_basis,653,3.0
fr_max_legal_basis,654,3.0
fr_max_legal_basis,655,3.0
fr_max_legal_basis,656,3.0
fr_max_legal_basis,657,3.0
fr_max_legal_basis,658,3.0
fr_max_legal_basis,659,3.0
fr_max_legal_basis,660,3.0
fr_max_legal_basis,661,3.0
fr_max_legal_basis,662,3.0
fr_max_legal_basis,663,3.0
fr_max_legal_basis,664,3.0
fr_max_legal_basis,665,3.0
fr_max_legal_basis,666,3.0
fr_max_legal_basis,667,3.0
fr_max_legal_basis,668,3.0
fr_max_legal_basis,669,3.0
fr_max_legal_basis,670,3.0
fr_max_legal_basis,671,3.0
fr_max_legal_basis,672,3.0
fr_max_legal_basis,673,3.0
fr_max_legal_basis,674,3.0
fr_max_legal_basis,675,3.0
fr_max_legal_basis,676,3.0
fr_max_legal_basis,677,3.0
fr_max_legal_basis,678,3.0
fr_max_legal_basis,679,3.0
fr_max_legal_basis,680,3.0
fr_max_legal_basis,681,3.0
fr_max_legal_basis,682,3.0
fr_max_legal_basis,683,3.0
fr_max_legal_basis,684,3.0
fr_max_legal_basis,685,3.0
fr_max_legal_basis,686,3.0
fr_max_legal_basis,687,3.0
fr_max_legal_basis,688,3.0
fr_max_legal_basis,689,3.0
fr_max_legal_basis,690,3.0
fr_max_legal_basis,691,3.0
fr_max_legal_basis,692,3.0
fr_max_legal_basis,693,3.0
fr_max_legal_basis,694,3.0
fr_max_legal_basis,695,3.0
fr_max_legal_basis,696,3.0
fr_max_legal_basis,697,3.0
fr_max_legal_basis,698,3.0
fr_max_legal_basis,699,3.0
fr_max_legal_basis,700,3.0
fr_max_legal_basis,701,3.0
fr_max_legal_basis,702,3.0
fr_max_legal_basis,703,3.0
fr_max_legal_basis,704,3.0
fr_max_legal_basis,705,3.0
fr_max_legal_basis,706,3.0
fr_max_legal_basis,707,3.0
fr_max_legal_basis,708,3.0
fr_max_legal_basis,709,3.0
fr_max_legal_basis,710,3.0
fr_max_legal_basis,711,3.0
fr_max_legal_basis,712,3.0
fr_max_legal_basis,713,3.0
fr_max_legal_basis,714,3.0
fr_max_legal_basis,715,3.0
fr_max_legal_basis,716,3.0
fr_max_legal_basis,717,3.0
fr_max_legal_basis,718,3.0
fr_max_legal_basis,719,3.0
fr_max_legal_basis,720,3.0
fr_max_legal_basis,721,3.0
fr_max_legal_basis,722,3.0
fr_max_legal_basis,723,3.0
fr_max_legal_basis,724,3.0
fr_max_legal_basis,725,3.0
fr_max_legal_basis,726,3.0
fr_max_legal_basis,727,3.0
fr_max_legal_basis,728,3.0
fr_max_legal_basis,729,3.0
fr_max_legal_basis,730,3.0
fr_max_legal_basis,731,3.0
fr_max_legal_basis,732,3.0
fr_max_legal_basis,733,3.0
fr_max_legal_basis,734,3.0
fr_max_legal_basis,735,3.0
fr_max_legal_basis,736,3.0
fr_max_legal_basis,737,3.0
fr_max_legal_basis,738,3.0
fr_max_legal_basis,739,3.0
fr_max_legal_basis,740,3.0
fr_max_legal_basis,741,3.0
fr_max_legal_basis,742,3.0
fr_max_legal_basis,743,3.0
fr_max_legal_basis,744,3.0
fr_max_legal_basis,745,3.0
fr_max_legal_basis,746,3.0
fr_max_legal_basis,747,3.0
fr_max_legal_basis,748,3.0
fr_max_legal_basis,749,3.0
fr_max_legal_basis,750,3.0
fr_max_legal_basis,751,3.0
fr_max_legal_basis,752,3.0
fr_max_legal_basis,753,3.0
fr_max_legal_basis,754,3.0
fr_max_legal_basis,755,3.0
fr_max_legal_basis,756,3.0
fr_max_legal_basis,757,3.0
fr_max_legal_basis,758,3.0
fr_max_legal_basis,759,3.0
fr_max_legal_basis,760,3.0
fr_max_legal_basis,761,3.0
fr_max_legal_basis,762,3.0
fr_max_legal_basis,763,3.0
fr_max_legal_basis,764,3.0
fr_max_legal_basis,765,3.0
fr_max_legal_basis,766,3.0
fr_max_legal_basis,767,3.0
fr_max_legal_basis,768,3.0
fr_max_legal_basis,769,3.0
fr_max_legal_basis,770,3.0
fr_max_legal_basis,771,3.0
fr_max_legal_basis,772,3.0
fr_max_legal_basis,773,3.0
fr_max_legal_basis,774,3.0
fr_max_legal_basis,775,3.0
fr_max_legal_basis,776,3.0
fr_max_legal_basis,777,3.0
fr_max_legal_basis,778,3.0
fr_max_legal_basis,779,3.0
fr_max_legal_basis,780,3.0
fr_max_legal_basis,781,3.0
fr_max_legal_basis,782,3.0
fr_max_legal_basis,783,3.0
fr_max_legal_basis,784,3.0
fr_max_legal_basis,785,3.0
fr_max_legal_basis,786,3.0
fr_max_legal_basis,787,3.0
fr_max_legal_basis,788,3.0
fr_max_legal_basis,789,3.0
fr_max_legal_basis,790,3.0
fr_max_legal_basis,791,3.0
fr_max_legal_basis,792,3.0
fr_max_legal_basis,793,3.0
fr_max_legal_basis,794,3.0
fr_max_legal_basis,795,3.0
fr_max_legal_basis,796,3.0
fr_max_legal_basis,797,3.0
fr_max_legal_basis,798,3.0
fr_max_legal_basis,799,3.0
fr_max_legal_basis,800,3.0
fr_max_legal_basis,801,3.0
fr_max_legal_basis,802,3.0
fr_max_legal_basis,803,3.0
fr_max_legal_basis,804,3.0
fr_max_legal_basis,805,3.0
fr_max_legal_basis,806,3.0
fr_max_legal_basis,807,3.0
fr_max_legal_basis,808,3.0
fr_max_legal_basis,809,3.0
fr_max_legal_basis,810,3.0
fr_max_legal_basis,811,3.0
fr_max_legal_basis,812,3.0
fr_max_legal_basis,813,3.0
fr_max_legal_basis,814,3.0
fr_max_legal_basis,815,3.0
fr_max_legal_basis,816,3.0
fr_max_legal_basis,817,3.0
fr_max_legal_basis,818,3.0
fr_max_legal_basis,819,3.0
fr_max_legal_basis,820,3.0
fr_max_legal_basis,821,3.0
fr_max_legal_basis,822,3.0
fr_max_legal_basis,823,3.0
fr_max_legal_basis,824,3.0
fr_max_legal_basis,825,3.0
fr_max_legal_basis,826,3.0
fr_max_legal_basis,827,3.0
fr_max_legal_basis,828,3.0
fr_max_legal_basis,829,3.0
fr_max_legal_basis,830,3.0
fr_max_legal_basis,831,3.0
fr_max_legal_basis,832,3.0
fr_max_legal_basis,833,3.0
fr_max_legal_basis,834,3.0
fr_max_legal_basis,835,3.0
fr_max_legal_basis,836,3.0
fr_max_legal_basis,837,3.0
fr_max_legal_basis,838,3.0
fr_max_legal_basis,839,3.0
fr_max_legal_basis,840,3.0
fr_max_legal_basis,841,3.0
fr_max_legal_basis,842,3.0
fr_max_legal_basis,843,3.0
fr_max_legal_basis,844,3.0
fr_max_legal_basis,845,3.0
fr_max_legal_basis,846,3.0
fr_max_legal_basis,847,3.0
fr_max_legal_basis,848,3.0
fr_max_legal_basis,849,3.0
fr_max_legal_basis,850,3.0
fr_max_legal_basis,851,3.0
fr_max_legal_basis,852,3.0
fr_max_legal_basis,853,3.0
fr_max_legal_basis,854,3.0
fr_max_legal_basis,855,3.0
fr_max_legal_basis,856,3.0
fr_max_legal_basis,857,3.0
fr_max_legal_basis,858,3.0
fr_max_legal_basis,859,3.0
fr_max_legal_basis,860,3.0
fr_max_legal_basis,861,3.0
fr_max_legal_basis,862,3.0
fr_max_legal_basis,863,3.0
fr_max_legal_basis,864,3.0
fr_max_legal_basis,865,3.0
fr_max_legal_basis,866,3.0
fr_max_legal_basis,867,3.0
fr_max_legal_basis,868,3.0
fr_max_legal_basis,869,3.0
fr_max_legal_basis,870,3.0
fr_max_legal_basis,871,3.0
fr_max_legal_basis,872,3.0
fr_max_legal_basis,873,3.0
fr_max_legal_basis,874,3.0
fr_max_legal_basis,875,3.0
fr_max_legal_basis,876,3.0
fr_max_legal_basis,877,3.0
fr_max_legal_basis,878,3.0
fr_max_legal_basis,879,3.0
fr_max_legal_basis,880,3.0
fr_max_legal_basis,881,3.0
fr_max_legal_basis,882,3.0
fr_max_legal_basis,883,3.0
fr_max_legal_basis,884,3.0
fr_max_legal_basis,885,3.0
fr_max_legal_basis,886,3.0
fr_max_legal_basis,887,3.0
fr_max_legal_basis,888,3.0
fr_max_legal_basis,889,3.0
fr_max_legal_basis,890,3.0
fr_max_legal_basis,891,3.0
fr_max_legal_basis,892,3.0
fr_max_legal_basis,893,3.0
fr_max_legal_basis,894,3.0
fr_max_legal_basis,895,3.0
fr_max_legal_basis,896,3.0
fr_max_legal_basis,897,3.0
fr_max_legal_basis,898,3.0
fr_max_legal_basis,899,3.0
fr_max_legal_basis,900,3.0
fr_max_legal_basis,901,3.0
fr_max_legal_basis,902,3.0
fr_max_legal_basis,903,3.0
fr_max_legal_basis,904,3.0
fr_max_legal_basis,905,3.0
fr_max_legal_basis,906,3.0
fr_max_legal_basis,907,3.0
fr_max_legal_basis,908,3.0
fr_max_legal_basis,909,3.0
fr_max_legal_basis,910,3.0
fr_max_legal_basis,911,3.0
fr_max_legal_basis,912,3.0
fr_max_legal_basis,913,3.0
fr_max_legal_basis,914,3.0
fr_max_legal_basis,915,3.0
fr_max_legal_basis,916,3.0
fr_max_legal_basis,917,3.0
fr_max_legal_basis,918,3.0
fr_max_legal_basis,919,3.0
fr_max_legal_basis,920,3.0
fr_max_legal_basis,921,3.0
fr_max_legal_basis,922,3.0
fr_max_legal_basis,923,3.0
fr_max_legal_basis,924,3.0
fr_max_legal_basis,925,3.0
fr_max_legal_basis,926,3.0
fr_max_legal_basis,927,3.0
fr_max_legal_basis,928,3.0
fr_max_legal_basis,929,3.0
fr_max_legal_basis,930,3.0
fr_max_legal_basis,931,3.0
fr_max_legal_basis,932,3.0
fr_max_legal_basis,933,3.0
fr_max_legal_basis,934,3.0
fr_max_legal_basis,935,3.0
fr_max_legal_basis,936,3.0
fr_max_legal_basis,937,3.0
fr_max_legal_basis,938,3.0
fr_max_legal_basis,939,3.0
fr_max_legal_basis,940,3.0
fr_max_legal_basis,941,3.0
fr_max_legal_basis,942,3.0
fr_max_legal_basis,943,3.0
fr_max_legal_basis,944,3.0
fr_max_legal_basis,945,3.0
fr_max_legal_basis,946,3.0
fr_max_legal_basis,947,3.0
fr_max_legal_basis,948,3.0
fr_max_legal_basis,949,3.0
fr_max_legal_basis,950,3.0
fr_max_legal_basis,951,3.0
fr_max_legal_basis,952,3.0
fr_max_legal_basis,953,3.0
fr_max_legal_basis,954,3.0
fr_max_legal_basis,955,3.0
fr_max_legal_basis,956,3.0
fr_max_legal_basis,957,3.0
fr_max_legal_basis,958,3.0
fr_max_legal_basis,959,3.0
fr_max_legal_basis,960,3.0
fr_max_legal_basis,961,3.0
fr_max_legal_basis,962,3.0
fr_max_legal_basis,963,3.0
fr_max_legal_basis,964,3.0
fr_max_legal_basis,965,3.0
fr_max_legal_basis,966,3.0
fr_max_legal_basis,967,3.0
fr_max_legal_basis,968,3.0
fr_max_legal_basis,969,3.0
fr_max_legal_basis,970,3.0
fr_max_legal_basis,971,3.0
fr_max_legal_basis,972,3.0
fr_max_legal_basis,973,3.0
fr_max_legal_basis,974,3.0
fr_max_legal_basis,975,3.0
fr_max_legal_basis,976,3.0
fr_max_legal_basis,977,3.0
fr_max_legal_basis,978,3.0
fr_max_legal_basis,979,3.0
fr_max_legal_basis,980,3.0
fr_max_legal_basis,981,3.0
fr_max_legal_basis,982,3.0
fr_max_legal_basis,983,3.0
fr_max_legal_basis,984,3.0
fr_max_legal_basis,985,3.0
fr_max_legal_basis,986,3.0
fr_max_legal_basis,987,3.0
fr_max_legal_basis,988,3.0
fr_max_legal_basis,989,3.0
fr_max_legal_basis,990,3.0
fr_max_legal_basis,991,3.0
fr_max_legal_basis,992,3.0
fr_max_legal_basis,993,3.0
fr_max_legal_basis,994,3.0
fr_max_legal_basis,995,3.0
fr_max_legal_basis,996,3.0
fr_max_legal_basis,997,3.0
fr_max_legal_basis,998,3.0
fr_max_legal_basis,999,3.0
fr_max_legal_basis,1000,3.0
fr_max_legal_basis,1001,3.0
fr_max_legal_basis,1002,3.0
fr_max_legal_basis,1003,3.0
fr_max_legal_basis,1004,3.0
fr_max_legal_basis,1005,3.0
fr_max_legal_basis,1006,3.0
fr_max_legal_basis,1007,3.0
fr_max_legal_basis,1008,3.0
fr_max_legal_basis,1009,3.0
fr_max_legal_basis,1010,3.0
fr_max_legal_basis,1011,3.0
fr_max_legal_basis,1012,3.0
fr_max_legal_basis,1013,3.0
fr_max_legal_basis,1014,3.0
fr_max_legal_basis,1015,3.0
fr_max_legal_basis,1016,3.0
fr_max_legal_basis,1017,3.0
fr_max_legal_basis,1018,3.0
fr_max_legal_basis,1019,3.0
fr_max_legal_basis,1020,3.0
fr_max_legal_basis,1021,3.0
fr_max_legal_basis,1022,3.0
fr_max_legal_basis,1023,3.0
fr_max_legal_basis,1024,3.0
fr_max_legal_basis,1025,3.0
fr_max_legal_basis,1026,3.0
fr_max_legal_basis,1027,3.0
fr_max_legal_basis,1028,3.0
fr_max_legal_basis,1029,3.0
fr_max_legal_basis,1030,3.0
fr_max_legal_basis,1031,3.0
fr_max_legal_basis,1032,3.0
fr_max_legal_basis,1033,3.0
fr_max_legal_basis,1034,3.0
fr_max_legal_basis,1035,3.0
fr_max_legal_basis,1036,3.0
fr_max_legal_basis,1037,3.0
fr_max_legal_basis,1038,3.0
fr_max_legal_basis,1039,3.0
fr_max_legal_basis,1040,3.0
fr_max_legal_basis,1041,3.0
fr_max_legal_basis,1042,3.0
fr_max_legal_basis,1043,3.0
fr_max_legal_basis,1044,3.0
fr_max_legal_basis,1045,3.0
fr_max_legal_basis,1046,3.0
fr_max_legal_basis,1047,3.0
fr_max_legal_basis,1048,3.0
fr_max_legal_basis,1049,3.0
fr_max_legal_basis,1050,3.0
fr_max_legal_basis,1051,3.0
fr_max_legal_basis,1052,3.0
fr_max_legal_basis,1053,3.0
fr_max_legal_basis,1054,3.0
fr_max_legal_basis,1055,3.0
fr_max_legal_basis,1056,3.0
fr_max_legal_basis,1057,3.0
fr_max_legal_basis,1058,3.0
fr_max_legal_basis,1059,3.0
fr_max_legal_basis,1060,3.0
fr_max_legal_basis,1061,3.0
fr_max_legal_basis,1062,3.0
fr_max_legal_basis,1063,3.0
fr_max_legal_basis,1064,3.0
fr_max_legal_basis,1065,3.0
fr_max_legal_basis,1066,3.0
fr_max_legal_basis,1067,3.0
fr_max_legal_basis,1068,3.0
fr_max_legal_basis,1069,3.0
fr_max_legal_basis,1070,3.0
fr_max_legal_basis,1071,3.0
fr_max_legal_basis,1072,3.0
fr_max_legal_basis,1073,3.0
fr_max_legal_basis,1074,3.0
fr_max_legal_basis,1075,3.0
fr_max_legal_basis,1076,3.0
fr_max_legal_basis,1077,3.0
fr_max_legal_basis,1078,3.0
fr_max_legal_basis,1079,3.0
fr_max_legal_basis,1080,3.0
fr_max_legal_basis,1081,3.0
fr_max_legal_basis,1082,3.0
fr_max_legal_basis,1083,3.0
fr_max_legal_basis,1084,3.0
fr_max_legal_basis,1085,3.0
fr_max_legal_basis,1086,3.0
fr_max_legal_basis,1087,3.0
fr_max_legal_basis,1088,3.0
fr_max_legal_basis,1089,3.0
fr_max_legal_basis,1090,3.0
fr_max_legal_basis,1091,3.0
fr_max_legal_basis,1092,3.0
fr_max_legal_basis,1093,3.0
fr_max_legal_basis,1094,3.0
fr_max_legal_basis,1095,3.0
fr_max_legal_basis,1096,3.0
fr_max_legal_basis,1097,3.0
fr_max_legal_basis,1098,3.0
fr_max_legal_basis,1099,3.0
fr_max_legal_basis,1100,3.0
fr_max_legal_basis,1101,3.0
fr_max_legal_basis,1102,3.0
fr_max_legal_basis,1103,3.0
fr_max_legal_basis,1104,3.0
fr_max_legal_basis,1105,3.0
fr_max_legal_basis,1106,3.0
fr_max_legal_basis,1107,3.0
fr_max_legal_basis,1108,3.0
fr_max_legal_basis,1109,3.0
fr_max_legal_basis,1110,3.0
fr_max_legal_basis,1111,3.0
fr_max_legal_basis,1112,3.0
fr_max_legal_basis,1113,3.0
fr_max_legal_basis,1114,3.0
fr_max_legal_basis,1115,3.0
fr_max_legal_basis,1116,3.0
fr_max_legal_basis,1117,3.0
fr_max_legal_basis,1118,3.0
fr_max_legal_basis,1119,3.0
fr_max_legal_basis,1120,3.0
fr_max_legal_basis,1121,3.0
fr_max_legal_basis,1122,3.0
fr_max_legal_basis,1123,3.0
fr_max_legal_basis,1124,3.0
fr_max_legal_basis,1125,3.0
fr_max_legal_basis,1126,3.0
fr_max_legal_basis,1127,3.0
fr_max_legal_basis,1128,3.0
fr_max_legal_basis,1129,3.0
fr_max_legal_basis,1130,3.0
fr_max_legal_basis,1131,3.0
fr_max_legal_basis,1132,3.0
fr_max_legal_basis,1133,3.0
fr_max_legal_basis,1134,3.0
fr_max_legal_basis,1135,3.0
fr_max_legal_basis,1136,3.0
fr_max_legal_basis,1137,3.0
fr_max_legal_basis,1138,3.0
fr_max_legal_basis,1139,3.0
fr_max_legal_basis,1140,3.0
fr_max_legal_basis,1141,3.0
fr_max_legal_basis,1142,3.0
fr_max_legal_basis,1143,3.0
fr_max_legal_basis,1144,3.0
fr_max_legal_basis,1145,3.0
fr_max_legal_basis,1146,3.0
fr_max_legal_basis,1147,3.0
fr_max_legal_basis,1148,3.0
fr_max_legal_basis,1149,3.0
fr_max_legal_basis,1150,3.0
fr_max_legal_basis,1151,3.0
fr_max_legal_basis,1152,3.0
fr_max_legal_basis,1153,3.0
fr_max_legal_basis,1154,3.0
fr_max_legal_basis,1155,3.0
fr_max_legal_basis,1156,3.0
fr_max_legal_basis,1157,3.0
fr_max_legal_basis,1158,3.0
fr_max_legal_basis,1159,3.0
fr_max_legal_basis,1160,3.0
fr_max_legal_basis,1161,3.0
fr_max_legal_basis,1162,3.0
fr_max_legal_basis,1163,3.0
fr_max_legal_basis,1164,3.0
fr_max_legal_basis,1165,3.0
fr_max_legal_basis,1166,3.0
fr_max_legal_basis,1167,3.0
fr_max_legal_basis,1168,3.0
fr_max_legal_basis,1169,3.0
fr_max_legal_basis,1170,3.0
fr_max_legal_basis,1171,3.0
fr_max_legal_basis,1172,3.0
fr_max_legal_basis,1173,3.0
fr_max_legal_basis,1174,3.0
fr_max_legal_basis,1175,3.0
fr_max_legal_basis,1176,3.0
fr_max_legal_basis,1177,3.0
fr_max_legal_basis,1178,3.0
fr_max_legal_basis,1179,3.0
fr_max_legal_basis,1180,3.0
fr_max_legal_basis,1181,3.0
fr_max_legal_basis,1182,3.0
fr_max_legal_basis,1183,3.0
fr_max_legal_basis,1184,3.0
fr_max_legal_basis,1185,3.0
fr_max_legal_basis,1186,3.0
fr_max_legal_basis,1187,3.0
fr_max_legal_basis,1188,3.0
fr_max_legal_basis,1189,3.0
fr_max_legal_basis,1190,3.0
fr_max_legal_basis,1191,3.0
fr_max_legal_basis,1192,3.0
fr_max_legal_basis,1193,3.0
fr_max_legal_basis,1194,3.0
fr_max_legal_basis,1195,3.0
fr_max_legal_basis,1196,3.0
fr_max_legal_basis,1197,3.0
fr_max_legal_basis,1198,3.0
fr_max_legal_basis,1199,3.0
fr_max_legal_basis,1200,3.0
fr_max_legal_basis,1201,3.0
fr_max_legal_basis,1202,3.0
fr_max_legal_basis,1203,3.0
fr_max_legal_basis,1204,3.0
fr_max_legal_basis,1205,3.0
fr_max_legal_basis,1206,3.0
fr_max_legal_basis,1207,3.0
fr_max_legal_basis,1208,3.0
fr_max_legal_basis,1209,3.0
fr_max_legal_basis,1210,3.0
fr_max_legal_basis,1211,3.0
fr_max_legal_basis,1212,3.0
fr_max_legal_basis,1213,3.0
fr_max_legal_basis,1214,3.0
fr_max_legal_basis,1215,3.0
fr_max_legal_basis,1216,3.0
fr_max_legal_basis,1217,3.0
fr_max_legal_basis,1218,3.0
fr_max_legal_basis,1219,3.0
fr_max_legal_basis,1220,3.0
fr_max_legal_basis,1221,3.0
fr_max_legal_basis,1222,3.0
fr_max_legal_basis,1223,3.0
fr_max_legal_basis,1224,3.0
fr_max_legal_basis,1225,3.0
fr_max_legal_basis,1226,3.0
fr_max_legal_basis,1227,3.0
fr_max_legal_basis,1228,3.0
fr_max_legal_basis,1229,3.0
fr_max_legal_basis,1230,3.0
fr_max_legal_basis,1231,3.0
fr_max_legal_basis,1232,3.0
fr_max_legal_basis,1233,3.0
fr_max_legal_basis,1234,3.0
fr_max_legal_basis,1235,3.0
fr_max_legal_basis,1236,3.0
fr_max_legal_basis,1237,3.0
fr_max_legal_basis,1238,3.0
fr_max_legal_basis,1239,3.0
fr_max_legal_basis,1240,3.0
fr_max_legal_basis,1241,5.0
fr_max_legal_basis,1242,5.0
fr_max_legal_basis,1243,5.0
fr_max_legal_basis,1244,5.0
fr_max_legal_basis,1245,5.0
fr_max_legal_basis,1246,5.0
fr_max_legal_basis,1247,5.0
fr_max_legal_basis,1248,5.0
fr_max_legal_basis,1249,5.0
fr_max_legal_basis,1250,5.0
fr_max_legal_basis,1251,5.0
fr_max_legal_basis,1252,5.0
fr_max_legal_basis,1253,5.0
fr_max_legal_basis,1254,5.0
fr_max_legal_basis,1255,5.0
fr_max_legal_basis,1256,5.0
fr_max_legal_basis,1257,5.0
fr_max_legal_basis,1258,5.0
fr_max_legal_basis,1259,5.0
fr_max_legal_basis,1260,5.0
fr_max_legal_basis,1261,5.0
fr_max_legal_basis,1262,5.0
fr_max_legal_basis,1263,5.0
fr_max_legal_basis,1264,5.0
fr_max_legal_basis,1265,5.0
fr_max_legal_basis,1266,5.0
fr_max_legal_basis,1267,5.0
fr_max_legal_basis,1268,5.0
fr_max_legal_basis,1269,5.0
fr_max_legal_basis,1270,5.0
fr_max_legal_basis,1271,5.0
fr_max_legal_basis,1272,5.0
fr_max_legal_basis,1273,5.0
fr_max_legal_basis,1274,5.0
fr_max_legal_basis,1275,5.0
fr_max_legal_basis,1276,5.0
fr_max_legal_basis,1277,5.0
fr_max_legal_basis,1278,5.0
fr_max_legal_basis,1279,5.0
fr_max_legal_basis,1280,5.0
fr_max_legal_basis,1281,5.0
fr_max_legal_basis,1282,5.0
fr_max_legal_basis,1283,5.0
fr_max_legal_basis,1284,5.0
fr_max_legal_basis,1285,5.0
fr_max_legal_basis,1286,5.0
fr_max_legal_basis,1287,5.0
fr_max_legal_basis,1288,5.0
fr_max_legal_basis,1289,5.0
fr_max_legal_basis,1290,5.0
fr_max_legal_basis,1291,5.0
fr_max_legal_basis,1292,5.0
fr_max_legal_basis,1293,5.0
fr_max_legal_basis,1294,5.0
fr_max_legal_basis,1295,5.0
fr_max_legal_basis,1296,5.0
fr_max_legal_basis,1297,5.0
fr_max_legal_basis,1298,5.0
fr_max_legal_basis,1299,5.0
fr_max_legal_basis,1300,5.0
fr_max_legal_basis,1301,5.0
fr_max_legal_basis,1302,5.0
fr_max_legal_basis,1303,5.0
fr_max_legal_basis,1304,5.0
fr_max_legal_basis,1305,5.0
fr_max_legal_basis,1306,5.0
fr_max_legal_basis,1307,5.0
fr_max_legal_basis,1308,5.0
fr_max_legal_basis,1309,5.0
fr_max_legal_basis,1310,5.0
fr_max_legal_basis,1311,5.0
fr_max_legal_basis,1312,5.0
fr_max_legal_basis,1313,5.0
fr_max_legal_basis,1314,5.0
fr_max_legal_basis,1315,5.0
fr_max_legal_basis,1316,5.0
fr_max_legal_basis,1317,5.0
fr_max_legal_basis,1318,5.0
fr_max_legal_basis,1319,5.0
fr_max_legal_basis,1320,5.0
fr_max_legal_basis,1321,5.0
fr_max_legal_basis,1322,5.0
fr_max_legal_basis,1323,5.0
fr_max_legal_basis,1324,5.0
fr_max_legal_basis,1325,5.0
fr_max_legal_basis,1326,5.0
fr_max_legal_basis,1327,5.0
fr_max_legal_basis,1328,5.0
fr_max_legal_basis,1329,5.0
fr_max_legal_basis,1330,5.0
fr_max_legal_basis,1331,5.0
fr_max_legal_basis,1332,5.0
fr_max_legal_basis,1333,5.0
fr_max_legal_basis,1334,5.0
fr_max_legal_basis,1335,5.0
fr_max_legal_basis,1336,5.0
fr_max_legal_basis,1337,5.0
fr_max_legal_basis,1338,5.0
fr_max_legal_basis,1339,5.0
fr_max_legal_basis,1340,5.0
fr_max_legal_basis,1341,5.0
fr_max_legal_basis,1342,5.0
fr_max_legal_basis,1343,5.0
fr_max_legal_basis,1344,5.0
fr_max_legal_basis,1345,5.0
fr_max_legal_basis,1346,5.0
fr_max_legal_basis,1347,5.0
fr_max_legal_basis,1348,5.0
fr_max_legal_basis,1349,5.0
fr_max_legal_basis,1350,5.0
fr_max_legal_basis,1351,5.0
fr_max_legal_basis,1352,5.0
fr_max_legal_basis,1353,5.0
fr_max_legal_basis,1354,5.0
fr_max_legal_basis,1355,5.0
fr_max_legal_basis,1356,5.0
fr_max_legal_basis,1357,5.0
fr_max_legal_basis,1358,5.0
fr_max_legal_basis,1359,5.0
fr_max_legal_basis,1360,5.0
fr_max_legal_basis,1361,5.0
fr_max_legal_basis,1362,5.0
fr_max_legal_basis,1363,5.0
fr_max_legal_basis,1364,5.0
fr_max_legal_basis,1365,5.0
fr_max_legal_basis,1366,5.0
fr_max_legal_basis,1367,5.0
fr_max_legal_basis,1368,5.0
fr_max_legal_basis,1369,5.0
fr_max_legal_basis,1370,5.0
fr_max_legal_basis,1371,5.0
fr_max_legal_basis,1372,5.0
fr_max_legal_basis,1373,5.0
fr_max_legal_basis,1374,5.0
fr_max_legal_basis,1375,5.0
fr_max_legal_basis,1376,5.0
fr_max_legal_basis,1377,5.0
fr_max_legal_basis,1378,5.0
fr_max_legal_basis,1379,5.0
fr_max_legal_basis,1380,5.0
fr_max_legal_basis,1381,5.0
fr_max_legal_basis,1382,5.0
fr_max_legal_basis,1383,5.0
fr_max_legal_basis,1384,5.0
fr_max_legal_basis,1385,5.0
fr_max_legal_basis,1386,5.0
fr_max_legal_basis,1387,5.0
fr_max_legal_basis,1388,5.0
fr_max_legal_basis,1389,5.0
fr_max_legal_basis,1390,5.0
fr_max_legal_basis,1391,5.0
fr_max_legal_basis,1392,5.0
fr_max_legal_basis,1393,5.0
fr_max_legal_basis,1394,5.0
fr_max_legal_basis,1395,5.0
fr_max_legal_basis,1396,5.0
fr_max_legal_basis,1397,5.0
fr_max_legal_basis,1398,5.0
fr_max_legal_basis,1399,5.0
fr_max_legal_basis,1400,5.0
fr_max_legal_basis,1401,5.0
fr_max_legal_basis,1402,5.0
fr_max_legal_basis,1403,5.0
fr_max_legal_basis,1404,5.0
fr_max_legal_basis,1405,5.0
fr_max_legal_basis,1406,5.0
fr_max_legal_basis,1407,5.0
fr_max_legal_basis,1408,5.0
fr_max_legal_basis,1409,5.0
fr_max_legal_basis,1410,5.0
fr_max_legal_basis,1411,5.0
fr_max_legal_basis,1412,5.0
fr_max_legal_basis,1413,5.0
fr_max_legal_basis,1414,5.0
fr_max_legal_basis,1415,5.0
fr_max_legal_basis,1416,5.0
fr_max_legal_basis,1417,5.0
fr_max_legal_basis,1418,5.0
fr_max_legal_basis,1419,5.0
fr_max_legal_basis,1420,5.0
fr_max_legal_basis,1421,5.0
fr_max_legal_basis,1422,5.0
fr_max_legal_basis,1423,5.0
fr_max_legal_basis,1424,5.0
fr_max_legal_basis,1425,5.0
fr_max_legal_basis,1426,5.0
fr_max_legal_basis,1427,5.0
fr_max_legal_basis,1428,5.0
fr_max_legal_basis,1429,5.0
fr_max_legal_basis,1430,5.0
fr_max_legal_basis,1431,5.0
fr_max_legal_basis,1432,5.0
fr_max_legal_basis,1433,5.0
fr_max_legal_basis,1434,5.0
fr_max_legal_basis,1435,5.0
fr_max_legal_basis,1436,5.0
fr_max_legal_basis,1437,5.0
fr_max_legal_basis,1438,5.0
fr_max_legal_basis,1439,5.0
fr_max_legal_basis,1440,5.0
fr_max_legal_basis,1441,5.0
fr_max_legal_basis,1442,5.0
fr_max_legal_basis,1443,5.0
fr_max_legal_basis,1444,5.0
fr_max_legal_basis,1445,5.0
fr_max_legal_basis,1446,5.0
fr_max_legal_basis,1447,5.0
fr_max_legal_basis,1448,5.0
fr_max_legal_basis,1449,5.0
fr_num_rule_types,0,0.0
fr_num_rule_types,1,0.0
fr_num_rule_types,2,0.0
fr_num_rule_types,3,0.0
fr_num_rule_types,4,0.0
fr_num_rule_types,5,0.0
fr_num_rule_types,6,0.0
fr_num_rule_types,7,0.0
fr_num_rule_types,8,0.0
fr_num_rule_types,9,0.0
fr_num_rule_types,10,0.0
fr_num_rule_types,11,0.0
fr_num_rule_types,12,0.0
fr_num_rule_types,13,0.0
fr_num_rule_types,14,0.0
fr_num_rule_types,15,0.0
fr_num_rule_types,16,0.0
fr_num_rule_types,17,0.0
fr_num_rule_types,18,0.0
fr_num_rule_types,19,0.0
fr_num_rule_types,20,0.0
fr_num_rule_types,21,0.0
fr_num_rule_types,22,0.0
fr_num_rule_types,23,0.0
fr_num_rule_types,24,0.0
fr_num_rule_types,25,0.0
fr_num_rule_types,26,0.0
fr_num_rule_types,27,0.0
fr_num_rule_types,28,0.0
fr_num_rule_types,29,0.0
fr_num_rule_types,30,0.0
fr_num_rule_types,31,0.0
fr_num_rule_types,32,0.0
fr_num_rule_types,33,0.0
fr_num_rule_types,34,0.0
fr_num_rule_types,35,0.0
fr_num_rule_types,36,0.0
fr_num_rule_types,37,0.0
fr_num_rule_types,38,0.0
fr_num_rule_types,39,0.0
fr_num_rule_types,40,0.0
fr_num_rule_types,41,0.0
fr_num_rule_types,42,0.0
fr_num_rule_types,43,0.0
fr_num_rule_types,44,0.0
fr_num_rule_types,45,0.0
fr_num_rule_types,46,0.0
fr_num_rule_types,47,0.0
fr_num_rule_types,48,0.0
fr_num_rule_types,49,0.0
fr_num_rule_types,50,0.0
fr_num_rule_types,51,0.0
fr_num_rule_types,52,0.0
fr_num_rule_types,53,0.0
fr_num_rule_types,54,0.0
fr_num_rule_types,55,0.0
fr_num_rule_types,56,0.0
fr_num_rule_types,57,0.0
fr_num_rule_types,58,0.0
fr_num_rule_types,59,0.0
fr_num_rule_types,60,0.0
fr_num_rule_types,61,0.0
fr_num_rule_types,62,0.0
fr_num_rule_types,63,0.0
fr_num_rule_types,64,0.0
fr_num_rule_types,65,0.0
fr_num_rule_types,66,0.0
fr_num_rule_types,67,0.0
fr_num_rule_types,68,0.0
fr_num_rule_types,69,0.0
fr_num_rule_types,70,0.0
fr_num_rule_types,71,0.0
fr_num_rule_types,72,0.0
fr_num_rule_types,73,0.0
fr_num_rule_types,74,0.0
fr_num_rule_types,75,0.0
fr_num_rule_types,76,0.0
fr_num_rule_types,77,0.0
fr_num_rule_types,78,0.0
fr_num_rule_types,79,0.0
fr_num_rule_types,80,0.0
fr_num_rule_types,81,0.0
fr_num_rule_types,82,0.0
fr_num_rule_types,83,0.0
fr_num_rule_types,84,0.0
fr_num_rule_types,85,0.0
fr_num_rule_types,86,0.0
fr_num_rule_types,87,0.0
fr_num_rule_types,88,0.0
fr_num_rule_types,89,0.0
fr_num_rule_types,90,0.0
fr_num_rule_types,91,0.0
fr_num_rule_types,92,0.0
fr_num_rule_types,93,0.0
fr_num_rule_types,94,0.0
fr_num_rule_types,95,0.0
fr_num_rule_types,96,0.0
fr_num_rule_types,97,0.0
fr_num_rule_types,98,0.0
fr_num_rule_types,99,0.0
fr_num_rule_types,100,0.0
fr_num_rule_types,101,0.0
fr_num_rule_types,102,0.0
fr_num_rule_types,103,0.0
fr_num_rule_types,104,0.0
fr_num_rule_types,105,0.0
fr_num_rule_types,106,0.0
fr_num_rule_types,107,0.0
fr_num_rule_types,108,0.0
fr_num_rule_types,109,0.0
fr_num_rule_types,110,0.0
fr_num_rule_types,111,0.0
fr_num_rule_types,112,0.0
fr_num_rule_types,113,0.0
fr_num_rule_types,114,0.0
fr_num_rule_types,115,0.0
fr_num_rule_types,116,0.0
fr_num_rule_types,117,0.0
fr_num_rule_types,118,0.0
fr_num_rule_types,119,0.0
fr_num_rule_types,120,0.0
fr_num_rule_types,121,0.0
fr_num_rule_types,122,0.0
fr_num_rule_types,123,0.0
fr_num_rule_types,124,0.0
fr_num_rule_types,125,0.0
fr_num_rule_types,126,0.0
fr_num_rule_types,127,0.0
fr_num_rule_types,128,0.0
fr_num_rule_types,129,0.0
fr_num_rule_types,130,0.0
fr_num_rule_types,131,0.0
fr_num_rule_types,132,0.0
fr_num_rule_types,133,0.0
fr_num_rule_types,134,0.0
fr_num_rule_types,135,0.0
fr_num_rule_types,136,0.0
fr_num_rule_types,137,0.0
fr_num_rule_types,138,0.0
fr_num_rule_types,139,0.0
fr_num_rule_types,140,0.0
fr_num_rule_types,141,0.0
fr_num_rule_types,142,0.0
fr_num_rule_types,143,0.0
fr_num_rule_types,144,0.0
fr_num_rule_types,145,0.0
fr_num_rule_types,146,0.0
fr_num_rule_types,147,0.0
fr_num_rule_types,148,0.0
fr_num_rule_types,149,0.0
fr_num_rule_types,150,0.0
fr_num_rule_types,151,0.0
fr_num_rule_types,152,0.0
fr_num_rule_types,153,0.0
fr_num_rule_types,154,0.0
fr_num_rule_types,155,0.0
fr_num_rule_types,156,0.0
fr_num_rule_types,157,0.0
fr_num_rule_types,158,0.0
fr_num_rule_types,159,0.0
fr_num_rule_types,160,0.0
fr_num_rule_types,161,0.0
fr_num_rule_types,162,0.0
fr_num_rule_types,163,0.0
fr_num_rule_types,164,0.0
fr_num_rule_types,165,0.0
fr_num_rule_types,166,0.0
fr_num_rule_types,167,0.0
fr_num_rule_types,168,0.0
fr_num_rule_types,169,0.0
fr_num_rule_types,170,0.0
fr_num_rule_types,171,0.0
fr_num_rule_types,172,0.0
fr_num_rule_types,173,0.0
fr_num_rule_types,174,0.0
fr_num_rule_types,175,0.0
fr_num_rule_types,176,0.0
fr_num_rule_types,177,0.0
fr_num_rule_types,178,0.0
fr_num_rule_types,179,0.0
fr_num_rule_types,180,0.0
fr_num_rule_types,181,0.0
fr_num_rule_types,182,0.0
fr_num_rule_types,183,0.0
fr_num_rule_types,184,0.0
fr_num_rule_types,185,0.0
fr_num_rule_types,186,0.0
fr_num_rule_types,187,0.0
fr_num_rule_types,188,0.0
fr_num_rule_types,189,0.0
fr_num_rule_types,190,0.0
fr_num_rule_types,191,0.0
fr_num_rule_types,192,0.0
fr_num_rule_types,193,0.0
fr_num_rule_types,194,0.0
fr_num_rule_types,195,0.0
fr_num_rule_types,196,0.0
fr_num_rule_types,197,0.0
fr_num_rule_types,198,0.0
fr_num_rule_types,199,0.0
fr_num_rule_types,200,0.0
fr_num_rule_types,201,0.0
fr_num_rule_types,202,0.0
fr_num_rule_types,203,0.0
fr_num_rule_types,204,0.0
fr_num_rule_types,205,0.0
fr_num_rule_types,206,0.0
fr_num_rule_types,207,0.0
fr_num_rule_types,208,0.0
fr_num_rule_types,209,0.0
fr_num_rule_types,210,0.0
fr_num_rule_types,211,0.0
fr_num_rule_types,212,0.0
fr_num_rule_types,213,0.0
fr_num_rule_types,214,0.0
fr_num_rule_types,215,0.0
fr_num_rule_types,216,0.0
fr_num_rule_types,217,0.0
fr_num_rule_types,218,0.0
fr_num_rule_types,219,0.0
fr_num_rule_types,220,0.0
fr_num_rule_types,221,0.0
fr_num_rule_types,222,0.0
fr_num_rule_types,223,0.0
fr_num_rule_types,224,0.0
fr_num_rule_types,225,0.0
fr_num_rule_types,226,0.0
fr_num_rule_types,227,0.0
fr_num_rule_types,228,0.0
fr_num_rule_types,229,0.0
fr_num_rule_types,230,0.0
fr_num_rule_types,231,0.0
fr_num_rule_types,232,0.0
fr_num_rule_types,233,0.0
fr_num_rule_types,234,0.0
fr_num_rule_types,235,0.0
fr_num_rule_types,236,0.0
fr_num_rule_types,237,0.0
fr_num_rule_types,238,0.0
fr_num_rule_types,239,0.0
fr_num_rule_types,240,0.0
fr_num_rule_types,241,0.0
fr_num_rule_types,242,0.0
fr_num_rule_types,243,0.0
fr_num_rule_types,244,0.0
fr_num_rule_types,245,0.0
fr_num_rule_types,246,0.0
fr_num_rule_types,247,0.0
fr_num_rule_types,248,0.0
fr_num_rule_types,249,0.0
fr_num_rule_types,250,0.0
fr_num_rule_types,251,0.0
fr_num_rule_types,252,0.0
fr_num_rule_types,253,0.0
fr_num_rule_types,254,0.0
fr_num_rule_types,255,0.0
fr_num_rule_types,256,0.0
fr_num_rule_types,257,0.0
fr_num_rule_types,258,0.0
fr_num_rule_types,259,0.0
fr_num_rule_types,260,0.0
fr_num_rule_types,261,0.0
fr_num_rule_types,262,0.0
fr_num_rule_types,263,0.0
fr_num_rule_types,264,0.0
fr_num_rule_types,265,0.0
fr_num_rule_types,266,0.0
fr_num_rule_types,267,0.0
fr_num_rule_types,268,0.0
fr_num_rule_types,269,0.0
fr_num_rule_types,270,0.0
fr_num_rule_types,271,0.0
fr_num_rule_types,272,0.0
fr_num_rule_types,273,0.0
fr_num_rule_types,274,0.0
fr_num_rule_types,275,0.0
fr_num_rule_types,276,0.0
fr_num_rule_types,277,0.0
fr_num_rule_types,278,0.0
fr_num_rule_types,279,0.0
fr_num_rule_types,280,0.0
fr_num_rule_types,281,0.0
fr_num_rule_types,282,0.0
fr_num_rule_types,283,0.0
fr_num_rule_types,284,0.0
fr_num_rule_types,285,0.0
fr_num_rule_types,286,0.0
fr_num_rule_types,287,0.0
fr_num_rule_types,288,0.0
fr_num_rule_types,289,0.0
fr_num_rule_types,290,0.0
fr_num_rule_types,291,0.0
fr_num_rule_types,292,0.0
fr_num_rule_types,293,0.0
fr_num_rule_types,294,0.0
fr_num_rule_types,295,0.0
fr_num_rule_types,296,0.0
fr_num_rule_types,297,0.0
fr_num_rule_types,298,0.0
fr_num_rule_types,299,0.0
fr_num_rule_types,300,0.0
fr_num_rule_types,301,0.0
fr_num_rule_types,302,0.0
fr_num_rule_types,303,0.0
fr_num_rule_types,304,0.0
fr_num_rule_types,305,0.0
fr_num_rule_types,306,0.0
fr_num_rule_types,307,0.0
fr_num_rule_types,308,0.0
fr_num_rule_types,309,0.0
fr_num_rule_types,310,0.0
fr_num_rule_types,311,0.0
fr_num_rule_types,312,0.0
fr_num_rule_types,313,0.0
fr_num_rule_types,314,0.0
fr_num_rule_types,315,0.0
fr_num_rule_types,316,0.0
fr_num_rule_types,317,0.0
fr_num_rule_types,318,0.0
fr_num_rule_types,319,0.0
fr_num_rule_types,320,0.0
fr_num_rule_types,321,0.0
fr_num_rule_types,322,0.0
fr_num_rule_types,323,0.0
fr_num_rule_types,324,0.0
fr_num_rule_types,325,0.0
fr_num_rule_types,326,0.0
fr_num_rule_types,327,0.0
fr_num_rule_types,328,0.0
fr_num_rule_types,329,0.0
fr_num_rule_types,330,0.0
fr_num_rule_types,331,0.0
fr_num_rule_types,332,0.0
fr_num_rule_types,333,0.0
fr_num_rule_types,334,0.0
fr_num_rule_types,335,0.0
fr_num_rule_types,336,0.0
fr_num_rule_types,337,0.0
fr_num_rule_types,338,0.0
fr_num_rule_types,339,0.0
fr_num_rule_types,340,0.0
fr_num_rule_types,341,0.0
fr_num_rule_types,342,0.0
fr_num_rule_types,343,0.0
fr_num_rule_types,344,0.0
fr_num_rule_types,345,0.0
fr_num_rule_types,346,0.0
fr_num_rule_types,347,0.0
fr_num_rule_types,348,0.0
fr_num_rule_types,349,0.0
fr_num_rule_types,350,0.0
fr_num_rule_types,351,0.0
fr_num_rule_types,352,0.0
fr_num_rule_types,353,0.0
fr_num_rule_types,354,0.0
fr_num_rule_types,355,0.0
fr_num_rule_types,356,0.0
fr_num_rule_types,357,0.0
fr_num_rule_types,358,0.0
fr_num_rule_types,359,0.0
fr_num_rule_types,360,0.0
fr_num_rule_types,361,0.0
fr_num_rule_types,362,0.0
fr_num_rule_types,363,0.0
fr_num_rule_types,364,0.0
fr_num_rule_types,365,0.0
fr_num_rule_types,366,0.0
fr_num_rule_types,367,0.0
fr_num_rule_types,368,0.0
fr_num_rule_types,369,0.0
fr_num_rule_types,370,0.0
fr_num_rule_types,371,0.0
fr_num_rule_types,372,0.0
fr_num_rule_types,373,0.0
fr_num_rule_types,374,0.0
fr_num_rule_types,375,0.0
fr_num_rule_types,376,0.0
fr_num_rule_types,377,0.0
fr_num_rule_types,378,0.0
fr_num_rule_types,379,0.0
fr_num_rule_types,380,0.0
fr_num_rule_types,381,0.0
fr_num_rule_types,382,0.0
fr_num_rule_types,383,0.0
fr_num_rule_types,384,0.0
fr_num_rule_types,385,0.0
fr_num_rule_types,386,0.0
fr_num_rule_types,387,0.0
fr_num_rule_types,388,0.0
fr_num_rule_types,389,0.0
fr_num_rule_types,390,0.0
fr_num_rule_types,391,0.0
fr_num_rule_types,392,0.0
fr_num_rule_types,393,0.0
fr_num_rule_types,394,0.0
fr_num_rule_types,395,0.0
fr_num_rule_types,396,0.0
fr_num_rule_types,397,0.0
fr_num_rule_types,398,0.0
fr_num_rule_types,399,0.0
fr_num_rule_types,400,0.0
fr_num_rule_types,401,0.0
fr_num_rule_types,402,0.0
fr_num_rule_types,403,0.0
fr_num_rule_types,404,0.0
fr_num_rule_types,405,0.0
fr_num_rule_types,406,0.0
fr_num_rule_types,407,0.0
fr_num_rule_types,408,0.0
fr_num_rule_types,409,0.0
fr_num_rule_types,410,0.0
fr_num_rule_types,411,0.0
fr_num_rule_types,412,0.0
fr_num_rule_types,413,0.0
fr_num_rule_types,414,0.0
fr_num_rule_types,415,0.0
fr_num_rule_types,416,0.0
fr_num_rule_types,417,0.0
fr_num_rule_types,418,0.0
fr_num_rule_types,419,0.0
fr_num_rule_types,420,0.0
fr_num_rule_types,421,0.0
fr_num_rule_types,422,0.0
fr_num_rule_types,423,0.0
fr_num_rule_types,424,0.0
fr_num_rule_types,425,0.0
fr_num_rule_types,426,0.0
fr_num_rule_types,427,0.0
fr_num_rule_types,428,0.0
fr_num_rule_types,429,0.0
fr_num_rule_types,430,0.0
fr_num_rule_types,431,0.0
fr_num_rule_types,432,0.0
fr_num_rule_types,433,0.0
fr_num_rule_types,434,0.0
fr_num_rule_types,435,0.0
fr_num_rule_types,436,0.0
fr_num_rule_types,437,0.0
fr_num_rule_types,438,0.0
fr_num_rule_types,439,0.0
fr_num_rule_types,440,0.0
fr_num_rule_types,441,0.0
fr_num_rule_types,442,0.0
fr_num_rule_types,443,0.0
fr_num_rule_types,444,0.0
fr_num_rule_types,445,0.0
fr_num_rule_types,446,0.0
fr_num_rule_types,447,0.0
fr_num_rule_types,448,0.0
fr_num_rule_types,449,0.0
fr_num_rule_types,450,0.0
fr_num_rule_types,451,0.0
fr_num_rule_types,452,0.0
fr_num_rule_types,453,0.0
fr_num_rule_types,454,0.0
fr_num_rule_types,455,0.0
fr_num_rule_types,456,0.0
fr_num_rule_types,457,0.0
fr_num_rule_types,458,0.0
fr_num_rule_types,459,0.0
fr_num_rule_types,460,0.0
fr_num_rule_types,461,0.0
fr_num_rule_types,462,0.0
fr_num_rule_types,463,0.0
fr_num_rule_types,464,0.0
fr_num_rule_types,465,0.0
fr_num_rule_types,466,0.0
fr_num_rule_types,467,0.0
fr_num_rule_types,468,0.0
fr_num_rule_types,469,0.0
fr_num_rule_types,470,1.0
fr_num_rule_types,471,1.0
fr_num_rule_types,472,1.0
fr_num_rule_types,473,1.0
fr_num_rule_types,474,1.0
fr_num_rule_types,475,1.0
fr_num_rule_types,476,1.0
fr_num_rule_types,477,1.0
fr_num_rule_types,478,1.0
fr_num_rule_types,479,1.0
fr_num_rule_types,480,1.0
fr_num_rule_types,481,1.0
fr_num_rule_types,482,1.0
fr_num_rule_types,483,1.0
fr_num_rule_types,484,1.0
fr_num_rule_types,485,1.0
fr_num_rule_types,486,1.0
fr_num_rule_types,487,1.0
fr_num_rule_types,488,1.0
fr_num_rule_types,489,1.0
fr_num_rule_types,490,1.0
fr_num_rule_types,491,1.0
fr_num_rule_types,492,1.0
fr_num_rule_types,493,1.0
fr_num_rule_types,494,1.0
fr_num_rule_types,495,1.0
fr_num_rule_types,496,1.0
fr_num_rule_types,497,1.0
fr_num_rule_types,498,1.0
fr_num_rule_types,499,1.0
fr_num_rule_types,500,1.0
fr_num_rule_types,501,1.0
fr_num_rule_types,502,1.0
fr_num_rule_types,503,1.0
fr_num_rule_types,504,1.0
fr_num_rule_types,505,1.0
fr_num_rule_types,506,1.0
fr_num_rule_types,507,1.0
fr_num_rule_types,508,1.0
fr_num_rule_types,509,1.0
fr_num_rule_types,510,1.0
fr_num_rule_types,511,1.0
fr_num_rule_types,512,1.0
fr_num_rule_types,513,1.0
fr_num_rule_types,514,1.0
fr_num_rule_types,515,1.0
fr_num_rule_types,516,1.0
fr_num_rule_types,517,1.0
fr_num_rule_types,518,1.0
fr_num_rule_types,519,1.0
fr_num_rule_types,520,1.0
fr_num_rule_types,521,1.0
fr_num_rule_types,522,1.0
fr_num_rule_types,523,1.0
fr_num_rule_types,524,1.0
fr_num_rule_types,525,1.0
fr_num_rule_types,526,1.0
fr_num_rule_types,527,1.0
fr_num_rule_types,528,1.0
fr_num_rule_types,529,1.0
fr_num_rule_types,530,1.0
fr_num_rule_types,531,1.0
fr_num_rule_types,532,1.0
fr_num_rule_types,533,1.0
fr_num_rule_types,534,1.0
fr_num_rule_types,535,1.0
fr_num_rule_types,536,1.0
fr_num_rule_types,537,1.0
fr_num_rule_types,538,1.0
fr_num_rule_types,539,1.0
fr_num_rule_types,540,1.0
fr_num_rule_types,541,1.0
fr_num_rule_types,542,1.0
fr_num_rule_types,543,1.0
fr_num_rule_types,544,1.0
fr_num_rule_types,545,1.0
fr_num_rule_types,546,1.0
fr_num_rule_types,547,1.0
fr_num_rule_types,548,1.0
fr_num_rule_types,549,1.0
fr_num_rule_types,550,1.0
fr_num_rule_types,551,1.0
fr_num_rule_types,552,1.0
fr_num_rule_types,553,1.0
fr_num_rule_types,554,1.0
fr_num_rule_types,555,1.0
fr_num_rule_types,556,1.0
fr_num_rule_types,557,1.0
fr_num_rule_types,558,1.0
fr_num_rule_types,559,1.0
fr_num_rule_types,560,1.0
fr_num_rule_types,561,1.0
fr_num_rule_types,562,1.0
fr_num_rule_types,563,1.0
fr_num_rule_types,564,1.0
fr_num_rule_types,565,1.0
fr_num_rule_types,566,1.0
fr_num_rule_types,567,1.0
fr_num_rule_types,568,1.0
fr_num_rule_types,569,1.0
fr_num_rule_types,570,1.0
fr_num_rule_types,571,1.0
fr_num_rule_types,572,1.0
fr_num_rule_types,573,1.0
fr_num_rule_types,574,1.0
fr_num_rule_types,575,1.0
fr_num_rule_types,576,1.0
fr_num_rule_types,577,1.0
fr_num_rule_types,578,1.0
fr_num_rule_types,579,1.0
fr_num_rule_types,580,1.0
fr_num_rule_types,581,1.0
fr_num_rule_types,582,1.0
fr_num_rule_types,583,1.0
fr_num_rule_types,584,1.0
fr_num_rule_types,585,1.0
fr_num_rule_types,586,1.0
fr_num_rule_types,587,1.0
fr_num_rule_types,588,1.0
fr_num_rule_types,589,1.0
fr_num_rule_types,590,1.0
fr_num_rule_types,591,1.0
fr_num_rule_types,592,1.0
fr_num_rule_types,593,1.0
fr_num_rule_types,594,1.0
fr_num_rule_types,595,1.0
fr_num_rule_types,596,1.0
fr_num_rule_types,597,1.0
fr_num_rule_types,598,1.0
fr_num_rule_types,599,1.0
fr_num_rule_types,600,1.0
fr_num_rule_types,601,1.0
fr_num_rule_types,602,1.0
fr_num_rule_types,603,1.0
fr_num_rule_types,604,1.0
fr_num_rule_types,605,1.0
fr_num_rule_types,606,1.0
fr_num_rule_types,607,1.0
fr_num_rule_types,608,1.0
fr_num_rule_types,609,1.0
fr_num_rule_types,610,1.0
fr_num_rule_types,611,1.0
fr_num_rule_types,612,1.0
fr_num_rule_types,613,1.0
fr_num_rule_types,614,1.0
fr_num_rule_types,615,1.0
fr_num_rule_types,616,1.0
fr_num_rule_types,617,1.0
fr_num_rule_types,618,1.0
fr_num_rule_types,619,1.0
fr_num_rule_types,620,1.0
fr_num_rule_types,621,1.0
fr_num_rule_types,622,1.0
fr_num_rule_types,623,1.0
fr_num_rule_types,624,1.0
fr_num_rule_types,625,1.0
fr_num_rule_types,626,1.0
fr_num_rule_types,627,1.0
fr_num_rule_types,628,1.0
fr_num_rule_types,629,1.0
fr_num_rule_types,630,1.0
fr_num_rule_types,631,1.0
fr_num_rule_types,632,1.0
fr_num_rule_types,633,1.0
fr_num_rule_types,634,1.0
fr_num_rule_types,635,1.0
fr_num_rule_types,636,1.0
fr_num_rule_types,637,1.0
fr_num_rule_types,638,1.0
fr_num_rule_types,639,1.0
fr_num_rule_types,640,1.0
fr_num_rule_types,641,1.0
fr_num_rule_types,642,1.0
fr_num_rule_types,643,1.0
fr_num_rule_types,644,1.0
fr_num_rule_types,645,1.0
fr_num_rule_types,646,1.0
fr_num_rule_types,647,1.0
fr_num_rule_types,648,1.0
fr_num_rule_types,649,1.0
fr_num_rule_types,650,1.0
fr_num_rule_types,651,1.0
fr_num_rule_types,652,1.0
fr_num_rule_types,653,1.0
fr_num_rule_types,654,1.0
fr_num_rule_types,655,1.0
fr_num_rule_types,656,1.0
fr_num_rule_types,657,1.0
fr_num_rule_types,658,1.0
fr_num_rule_types,659,1.0
fr_num_rule_types,660,1.0
fr_num_rule_types,661,1.0
fr_num_rule_types,662,1.0
fr_num_rule_types,663,1.0
fr_num_rule_types,664,1.0
fr_num_rule_types,665,1.0
fr_num_rule_types,666,1.0
fr_num_rule_types,667,1.0
fr_num_rule_types,668,1.0
fr_num_rule_types,669,1.0
fr_num_rule_types,670,1.0
fr_num_rule_types,671,1.0
fr_num_rule_types,672,1.0
fr_num_rule_types,673,1.0
fr_num_rule_types,674,1.0
fr_num_rule_types,675,1.0
fr_num_rule_types,676,1.0
fr_num_rule_types,677,1.0
fr_num_rule_types,678,1.0
fr_num_rule_types,679,1.0
fr_num_rule_types,680,1.0
fr_num_rule_types,681,1.0
fr_num_rule_types,682,1.0
fr_num_rule_types,683,1.0
fr_num_rule_types,684,1.0
fr_num_rule_types,685,1.0
fr_num_rule_types,686,1.0
fr_num_rule_types,687,1.0
fr_num_rule_types,688,1.0
fr_num_rule_types,689,1.0
fr_num_rule_types,690,1.0
fr_num_rule_types,691,1.0
fr_num_rule_types,692,1.0
fr_num_rule_types,693,1.0
fr_num_rule_types,694,1.0
fr_num_rule_types,695,1.0
fr_num_rule_types,696,1.0
fr_num_rule_types,697,1.0
fr_num_rule_types,698,1.0
fr_num_rule_types,699,1.0
fr_num_rule_types,700,1.0
fr_num_rule_types,701,1.0
fr_num_rule_types,702,1.0
fr_num_rule_types,703,1.0
fr_num_rule_types,704,1.0
fr_num_rule_types,705,1.0
fr_num_rule_types,706,1.0
fr_num_rule_types,707,1.0
fr_num_rule_types,708,1.0
fr_num_rule_types,709,1.0
fr_num_rule_types,710,1.0
fr_num_rule_types,711,1.0
fr_num_rule_types,712,1.0
fr_num_rule_types,713,1.0
fr_num_rule_types,714,1.0
fr_num_rule_types,715,1.0
fr_num_rule_types,716,1.0
fr_num_rule_types,717,1.0
fr_num_rule_types,718,1.0
fr_num_rule_types,719,1.0
fr_num_rule_types,720,1.0
fr_num_rule_types,721,1.0
fr_num_rule_types,722,1.0
fr_num_rule_types,723,1.0
fr_num_rule_types,724,1.0
fr_num_rule_types,725,1.0
fr_num_rule_types,726,1.0
fr_num_rule_types,727,1.0
fr_num_rule_types,728,1.0
fr_num_rule_types,729,1.0
fr_num_rule_types,730,1.0
fr_num_rule_types,731,1.0
fr_num_rule_types,732,1.0
fr_num_rule_types,733,1.0
fr_num_rule_types,734,1.0
fr_num_rule_types,735,1.0
fr_num_rule_types,736,1.0
fr_num_rule_types,737,1.0
fr_num_rule_types,738,1.0
fr_num_rule_types,739,1.0
fr_num_rule_types,740,1.0
fr_num_rule_types,741,1.0
fr_num_rule_types,742,1.0
fr_num_rule_types,743,1.0
fr_num_rule_types,744,1.0
fr_num_rule_types,745,1.0
fr_num_rule_types,746,1.0
fr_num_rule_types,747,1.0
fr_num_rule_types,748,1.0
fr_num_rule_types,749,1.0
fr_num_rule_types,750,1.0
fr_num_rule_types,751,1.0
fr_num_rule_types,752,1.0
fr_num_rule_types,753,1.0
fr_num_rule_types,754,1.0
fr_num_rule_types,755,1.0
fr_num_rule_types,756,1.0
fr_num_rule_types,757,1.0
fr_num_rule_types,758,1.0
fr_num_rule_types,759,1.0
fr_num_rule_types,760,1.0
fr_num_rule_types,761,1.0
fr_num_rule_types,762,1.0
fr_num_rule_types,763,1.0
fr_num_rule_types,764,1.0
fr_num_rule_types,765,1.0
fr_num_rule_types,766,1.0
fr_num_rule_types,767,1.0
fr_num_rule_types,768,1.0
fr_num_rule_types,769,1.0
fr_num_rule_types,770,1.0
fr_num_rule_types,771,1.0
fr_num_rule_types,772,1.0
fr_num_rule_types,773,1.0
fr_num_rule_types,774,1.0
fr_num_rule_types,775,1.0
fr_num_rule_types,776,1.0
fr_num_rule_types,777,1.0
fr_num_rule_types,778,1.0
fr_num_rule_types,779,1.0
fr_num_rule_types,780,1.0
fr_num_rule_types,781,1.0
fr_num_rule_types,782,1.0
fr_num_rule_types,783,1.0
fr_num_rule_types,784,1.0
fr_num_rule_types,785,1.0
fr_num_rule_types,786,1.0
fr_num_rule_types,787,1.0
fr_num_rule_types,788,1.0
fr_num_rule_types,789,1.0
fr_num_rule_types,790,1.0
fr_num_rule_types,791,1.0
fr_num_rule_types,792,1.0
fr_num_rule_types,793,1.0
fr_num_rule_types,794,1.0
fr_num_rule_types,795,1.0
fr_num_rule_types,796,1.0
fr_num_rule_types,797,1.0
fr_num_rule_types,798,1.0
fr_num_rule_types,799,1.0
fr_num_rule_types,800,1.0
fr_num_rule_types,801,1.0
fr_num_rule_types,802,1.0
fr_num_rule_types,803,1.0
fr_num_rule_types,804,1.0
fr_num_rule_types,805,1.0
fr_num_rule_types,806,1.0
fr_num_rule_types,807,1.0
fr_num_rule_types,808,1.0
fr_num_rule_types,809,1.0
fr_num_rule_types,810,1.0
fr_num_rule_types,811,1.0
fr_num_rule_types,812,1.0
fr_num_rule_types,813,1.0
fr_num_rule_types,814,1.0
fr_num_rule_types,815,1.0
fr_num_rule_types,816,1.0
fr_num_rule_types,817,1.0
fr_num_rule_types,818,1.0
fr_num_rule_types,819,1.0
fr_num_rule_types,820,1.0
fr_num_rule_types,821,1.0
fr_num_rule_types,822,1.0
fr_num_rule_types,823,1.0
fr_num_rule_types,824,1.0
fr_num_rule_types,825,1.0
fr_num_rule_types,826,1.0
fr_num_rule_types,827,1.0
fr_num_rule_types,828,1.0
fr_num_rule_types,829,1.0
fr_num_rule_types,830,1.0
fr_num_rule_types,831,1.0
fr_num_rule_types,832,1.0
fr_num_rule_types,833,1.0
fr_num_rule_types,834,1.0
fr_num_rule_types,835,1.0
fr_num_rule_types,836,1.0
fr_num_rule_types,837,1.0
fr_num_rule_types,838,1.0
fr_num_rule_types,839,1.0
fr_num_rule_types,840,1.0
fr_num_rule_types,841,1.0
fr_num_rule_types,842,1.0
fr_num_rule_types,843,1.0
fr_num_rule_types,844,1.0
fr_num_rule_types,845,1.0
fr_num_rule_types,846,1.0
fr_num_rule_types,847,1.0
fr_num_rule_types,848,1.0
fr_num_rule_types,849,1.0
fr_num_rule_types,850,1.0
fr_num_rule_types,851,1.0
fr_num_rule_types,852,1.0
fr_num_rule_types,853,1.0
fr_num_rule_types,854,1.0
fr_num_rule_types,855,1.0
fr_num_rule_types,856,1.0
fr_num_rule_types,857,1.0
fr_num_rule_types,858,1.0
fr_num_rule_types,859,1.0
fr_num_rule_types,860,1.0
fr_num_rule_types,861,1.0
fr_num_rule_types,862,1.0
fr_num_rule_types,863,1.0
fr_num_rule_types,864,1.0
fr_num_rule_types,865,1.0
fr_num_rule_types,866,1.0
fr_num_rule_types,867,1.0
fr_num_rule_types,868,1.0
fr_num_rule_types,869,1.0
fr_num_rule_types,870,1.0
fr_num_rule_types,871,1.0
fr_num_rule_types,872,1.0
fr_num_rule_types,873,1.0
fr_num_rule_types,874,1.0
fr_num_rule_types,875,1.0
fr_num_rule_types,876,1.0
fr_num_rule_types,877,1.0
fr_num_rule_types,878,1.0
fr_num_rule_types,879,1.0
fr_num_rule_types,880,1.0
fr_num_rule_types,881,1.0
fr_num_rule_types,882,1.0
fr_num_rule_types,883,1.0
fr_num_rule_types,884,1.0
fr_num_rule_types,885,1.0
fr_num_rule_types,886,1.0
fr_num_rule_types,887,1.0
fr_num_rule_types,888,1.0
fr_num_rule_types,889,2.0
fr_num_rule_types,890,2.0
fr_num_rule_types,891,2.0
fr_num_rule_types,892,2.0
fr_num_rule_types,893,2.0
fr_num_rule_types,894,2.0
fr_num_rule_types,895,2.0
fr_num_rule_types,896,2.0
fr_num_rule_types,897,2.0
fr_num_rule_types,898,2.0
fr_num_rule_types,899,2.0
fr_num_rule_types,900,2.0
fr_num_rule_types,901,2.0
fr_num_rule_types,902,2.0
fr_num_rule_types,903,2.0
fr_num_rule_types,904,2.0
fr_num_rule_types,905,2.0
fr_num_rule_types,906,2.0
fr_num_rule_types,907,2.0
fr_num_rule_types,908,2.0
fr_num_rule_types,909,2.0
fr_num_rule_types,910,2.0
fr_num_rule_types,911,2.0
fr_num_rule_types,912,2.0
fr_num_rule_types,913,2.0
fr_num_rule_types,914,2.0
fr_num_rule_types,915,2.0
fr_num_rule_types,916,2.0
fr_num_rule_types,917,2.0
fr_num_rule_types,918,2.0
fr_num_rule_types,919,2.0
fr_num_rule_types,920,2.0
fr_num_rule_types,921,2.0
fr_num_rule_types,922,2.0
fr_num_rule_types,923,2.0
fr_num_rule_types,924,2.0
fr_num_rule_types,925,2.0
fr_num_rule_types,926,2.0
fr_num_rule_types,927,2.0
fr_num_rule_types,928,2.0
fr_num_rule_types,929,2.0
fr_num_rule_types,930,2.0
fr_num_rule_types,931,2.0
fr_num_rule_types,932,2.0
fr_num_rule_types,933,2.0
fr_num_rule_types,934,2.0
fr_num_rule_types,935,2.0
fr_num_rule_types,936,2.0
fr_num_rule_types,937,2.0
fr_num_rule_types,938,2.0
fr_num_rule_types,939,2.0
fr_num_rule_types,940,2.0
fr_num_rule_types,941,2.0
fr_num_rule_types,942,2.0
fr_num_rule_types,943,2.0
fr_num_rule_types,944,2.0
fr_num_rule_types,945,2.0
fr_num_rule_types,946,2.0
fr_num_rule_types,947,2.0
fr_num_rule_types,948,2.0
fr_num_rule_types,949,2.0
fr_num_rule_types,950,2.0
fr_num_rule_types,951,2.0
fr_num_rule_types,952,2.0
fr_num_rule_types,953,2.0
fr_num_rule_types,954,2.0
fr_num_rule_types,955,2.0
fr_num_rule_types,956,2.0
fr_num_rule_types,957,2.0
fr_num_rule_types,958,2.0
fr_num_rule_types,959,2.0
fr_num_rule_types,960,2.0
fr_num_rule_types,961,2.0
fr_num_rule_types,962,2.0
fr_num_rule_types,963,2.0
fr_num_rule_types,964,2.0
fr_num_rule_types,965,2.0
fr_num_rule_types,966,2.0
fr_num_rule_types,967,2.0
fr_num_rule_types,968,2.0
fr_num_rule_types,969,2.0
fr_num_rule_types,970,2.0
fr_num_rule_types,971,2.0
fr_num_rule_types,972,2.0
fr_num_rule_types,973,2.0
fr_num_rule_types,974,2.0
fr_num_rule_types,975,2.0
fr_num_rule_types,976,2.0
fr_num_rule_types,977,2.0
fr_num_rule_types,978,2.0
fr_num_rule_types,979,2.0
fr_num_rule_types,980,2.0
fr_num_rule_types,981,2.0
fr_num_rule_types,982,2.0
fr_num_rule_types,983,2.0
fr_num_rule_types,984,2.0
fr_num_rule_types,985,2.0
fr_num_rule_types,986,2.0
fr_num_rule_types,987,2.0
fr_num_rule_types,988,2.0
fr_num_rule_types,989,2.0
fr_num_rule_types,990,2.0
fr_num_rule_types,991,2.0
fr_num_rule_types,992,2.0
fr_num_rule_types,993,2.0
fr_num_rule_types,994,2.0
fr_num_rule_types,995,2.0
fr_num_rule_types,996,2.0
fr_num_rule_types,997,2.0
fr_num_rule_types,998,2.0
fr_num_rule_types,999,2.0
fr_num_rule_types,1000,2.0
fr_num_rule_types,1001,2.0
fr_num_rule_types,1002,2.0
fr_num_rule_types,1003,2.0
fr_num_rule_types,1004,2.0
fr_num_rule_types,1005,2.0
fr_num_rule_types,1006,2.0
fr_num_rule_types,1007,2.0
fr_num_rule_types,1008,2.0
fr_num_rule_types,1009,2.0
fr_num_rule_types,1010,2.0
fr_num_rule_types,1011,2.0
fr_num_rule_types,1012,2.0
fr_num_rule_types,1013,2.0
fr_num_rule_types,1014,2.0
fr_num_rule_types,1015,2.0
fr_num_rule_types,1016,2.0
fr_num_rule_types,1017,2.0
fr_num_rule_types,1018,2.0
fr_num_rule_types,1019,2.0
fr_num_rule_types,1020,2.0
fr_num_rule_types,1021,2.0
fr_num_rule_types,1022,2.0
fr_num_rule_types,1023,2.0
fr_num_rule_types,1024,2.0
fr_num_rule_types,1025,2.0
fr_num_rule_types,1026,2.0
fr_num_rule_types,1027,2.0
fr_num_rule_types,1028,2.0
fr_num_rule_types,1029,2.0
fr_num_rule_types,1030,2.0
fr_num_rule_types,1031,2.0
fr_num_rule_types,1032,2.0
fr_num_rule_types,1033,2.0
fr_num_rule_types,1034,2.0
fr_num_rule_types,1035,2.0
fr_num_rule_types,1036,2.0
fr_num_rule_types,1037,2.0
fr_num_rule_types,1038,2.0
fr_num_rule_types,1039,2.0
fr_num_rule_types,1040,2.0
fr_num_rule_types,1041,2.0
fr_num_rule_types,1042,2.0
fr_num_rule_types,1043,2.0
fr_num_rule_types,1044,2.0
fr_num_rule_types,1045,2.0
fr_num_rule_types,1046,2.0
fr_num_rule_types,1047,2.0
fr_num_rule_types,1048,2.0
fr_num_rule_types,1049,2.0
fr_num_rule_types,1050,2.0
fr_num_rule_types,1051,2.0
fr_num_rule_types,1052,2.0
fr_num_rule_types,1053,2.0
fr_num_rule_types,1054,2.0
fr_num_rule_types,1055,2.0
fr_num_rule_types,1056,2.0
fr_num_rule_types,1057,2.0
fr_num_rule_types,1058,2.0
fr_num_rule_types,1059,2.0
fr_num_rule_types,1060,2.0
fr_num_rule_types,1061,2.0
fr_num_rule_types,1062,2.0
fr_num_rule_types,1063,2.0
fr_num_rule_types,1064,2.0
fr_num_rule_types,1065,2.0
fr_num_rule_types,1066,2.0
fr_num_rule_types,1067,2.0
fr_num_rule_types,1068,2.0
fr_num_rule_types,1069,2.0
fr_num_rule_types,1070,2.0
fr_num_rule_types,1071,2.0
fr_num_rule_types,1072,2.0
fr_num_rule_types,1073,2.0
fr_num_rule_types,1074,2.0
fr_num_rule_types,1075,2.0
fr_num_rule_types,1076,2.0
fr_num_rule_types,1077,2.0
fr_num_rule_types,1078,2.0
fr_num_rule_types,1079,2.0
fr_num_rule_types,1080,2.0
fr_num_rule_types,1081,2.0
fr_num_rule_types,1082,2.0
fr_num_rule_types,1083,2.0
fr_num_rule_types,1084,2.0
fr_num_rule_types,1085,2.0
fr_num_rule_types,1086,2.0
fr_num_rule_types,1087,2.0
fr_num_rule_types,1088,2.0
fr_num_rule_types,1089,2.0
fr_num_rule_types,1090,2.0
fr_num_rule_types,1091,2.0
fr_num_rule_types,1092,2.0
fr_num_rule_types,1093,2.0
fr_num_rule_types,1094,2.0
fr_num_rule_types,1095,2.0
fr_num_rule_types,1096,2.0
fr_num_rule_types,1097,2.0
fr_num_rule_types,1098,2.0
fr_num_rule_types,1099,2.0
fr_num_rule_types,1100,2.0
fr_num_rule_types,1101,2.0
fr_num_rule_types,1102,2.0
fr_num_rule_types,1103,2.0
fr_num_rule_types,1104,2.0
fr_num_rule_types,1105,2.0
fr_num_rule_types,1106,2.0
fr_num_rule_types,1107,2.0
fr_num_rule_types,1108,2.0
fr_num_rule_types,1109,2.0
fr_num_rule_types,1110,2.0
fr_num_rule_types,1111,2.0
fr_num_rule_types,1112,2.0
fr_num_rule_types,1113,2.0
fr_num_rule_types,1114,2.0
fr_num_rule_types,1115,2.0
fr_num_rule_types,1116,2.0
fr_num_rule_types,1117,2.0
fr_num_rule_types,1118,2.0
fr_num_rule_types,1119,2.0
fr_num_rule_types,1120,2.0
fr_num_rule_types,1121,2.0
fr_num_rule_types,1122,2.0
fr_num_rule_types,1123,2.0
fr_num_rule_types,1124,2.0
fr_num_rule_types,1125,2.0
fr_num_rule_types,1126,2.0
fr_num_rule_types,1127,2.0
fr_num_rule_types,1128,2.0
fr_num_rule_types,1129,2.0
fr_num_rule_types,1130,2.0
fr_num_rule_types,1131,2.0
fr_num_rule_types,1132,2.0
fr_num_rule_types,1133,2.0
fr_num_rule_types,1134,2.0
fr_num_rule_types,1135,2.0
fr_num_rule_types,1136,2.0
fr_num_rule_types,1137,2.0
fr_num_rule_types,1138,2.0
fr_num_rule_types,1139,2.0
fr_num_rule_types,1140,2.0
fr_num_rule_types,1141,2.0
fr_num_rule_types,1142,2.0
fr_num_rule_types,1143,2.0
fr_num_rule_types,1144,2.0
fr_num_rule_types,1145,2.0
fr_num_rule_types,1146,2.0
fr_num_rule_types,1147,2.0
fr_num_rule_types,1148,2.0
fr_num_rule_types,1149,2.0
fr_num_rule_types,1150,2.0
fr_num_rule_types,1151,2.0
fr_num_rule_types,1152,2.0
fr_num_rule_types,1153,2.0
fr_num_rule_types,1154,2.0
fr_num_rule_types,1155,2.0
fr_num_rule_types,1156,2.0
fr_num_rule_types,1157,2.0
fr_num_rule_types,1158,2.0
fr_num_rule_types,1159,2.0
fr_num_rule_types,1160,2.0
fr_num_rule_types,1161,2.0
fr_num_rule_types,1162,2.0
fr_num_rule_types,1163,2.0
fr_num_rule_types,1164,2.0
fr_num_rule_types,1165,2.0
fr_num_rule_types,1166,2.0
fr_num_rule_types,1167,2.0
fr_num_rule_types,1168,2.0
fr_num_rule_types,1169,2.0
fr_num_rule_types,1170,2.0
fr_num_rule_types,1171,2.0
fr_num_rule_types,1172,2.0
fr_num_rule_types,1173,2.0
fr_num_rule_types,1174,2.0
fr_num_rule_types,1175,2.0
fr_num_rule_types,1176,2.0
fr_num_rule_types,1177,2.0
fr_num_rule_types,1178,2.0
fr_num_rule_types,1179,2.0
fr_num_rule_types,1180,2.0
fr_num_rule_types,1181,2.0
fr_num_rule_types,1182,2.0
fr_num_rule_types,1183,2.0
fr_num_rule_types,1184,2.0
fr_num_rule_types,1185,2.0
fr_num_rule_types,1186,2.0
fr_num_rule_types,1187,2.0
fr_num_rule_types,1188,2.0
fr_num_rule_types,1189,2.0
fr_num_rule_types,1190,2.0
fr_num_rule_types,1191,2.0
fr_num_rule_types,1192,2.0
fr_num_rule_types,1193,2.0
fr_num_rule_types,1194,2.0
fr_num_rule_types,1195,2.0
fr_num_rule_types,1196,2.0
fr_num_rule_types,1197,2.0
fr_num_rule_types,1198,2.0
fr_num_rule_types,1199,2.0
fr_num_rule_types,1200,2.0
fr_num_rule_types,1201,2.0
fr_num_rule_types,1202,2.0
fr_num_rule_types,1203,2.0
fr_num_rule_types,1204,2.0
fr_num_rule_types,1205,2.0
fr_num_rule_types,1206,2.0
fr_num_rule_types,1207,2.0
fr_num_rule_types,1208,2.0
fr_num_rule_types,1209,2.0
fr_num_rule_types,1210,2.0
fr_num_rule_types,1211,2.0
fr_num_rule_types,1212,2.0
fr_num_rule_types,1213,2.0
fr_num_rule_types,1214,2.0
fr_num_rule_types,1215,2.0
fr_num_rule_types,1216,2.0
fr_num_rule_types,1217,2.0
fr_num_rule_types,1218,2.0
fr_num_rule_types,1219,2.0
fr_num_rule_types,1220,2.0
fr_num_rule_types,1221,2.0
fr_num_rule_types,1222,2.0
fr_num_rule_types,1223,2.0
fr_num_rule_types,1224,2.0
fr_num_rule_types,1225,2.0
fr_num_rule_types,1226,2.0
fr_num_rule_types,1227,2.0
fr_num_rule_types,1228,2.0
fr_num_rule_types,1229,2.0
fr_num_rule_types,1230,2.0
fr_num_rule_types,1231,2.0
fr_num_rule_types,1232,2.0
fr_num_rule_types,1233,2.0
fr_num_rule_types,1234,2.0
fr_num_rule_types,1235,2.0
fr_num_rule_types,1236,2.0
fr_num_rule_types,1237,2.0
fr_num_rule_types,1238,2.0
fr_num_rule_types,1239,2.0
fr_num_rule_types,1240,2.0
fr_num_rule_types,1241,2.0
fr_num_rule_types,1242,2.0
fr_num_rule_types,1243,2.0
fr_num_rule_types,1244,2.0
fr_num_rule_types,1245,2.0
fr_num_rule_types,1246,2.0
fr_num_rule_types,1247,2.0
fr_num_rule_types,1248,2.0
fr_num_rule_types,1249,2.0
fr_num_rule_types,1250,2.0
fr_num_rule_types,1251,2.0
fr_num_rule_types,1252,2.0
fr_num_rule_types,1253,2.0
fr_num_rule_types,1254,2.0
fr_num_rule_types,1255,2.0
fr_num_rule_types,1256,2.0
fr_num_rule_types,1257,2.0
fr_num_rule_types,1258,2.0
fr_num_rule_types,1259,2.0
fr_num_rule_types,1260,2.0
fr_num_rule_types,1261,2.0
fr_num_rule_types,1262,2.0
fr_num_rule_types,1263,2.0
fr_num_rule_types,1264,2.0
fr_num_rule_types,1265,2.0
fr_num_rule_types,1266,2.0
fr_num_rule_types,1267,2.0
fr_num_rule_types,1268,2.0
fr_num_rule_types,1269,2.0
fr_num_rule_types,1270,2.0
fr_num_rule_types,1271,2.0
fr_num_rule_types,1272,2.0
fr_num_rule_types,1273,2.0
fr_num_rule_types,1274,2.0
fr_num_rule_types,1275,2.0
fr_num_rule_types,1276,2.0
fr_num_rule_types,1277,2.0
fr_num_rule_types,1278,2.0
fr_num_rule_types,1279,2.0
fr_num_rule_types,1280,2.0
fr_num_rule_types,1281,2.0
fr_num_rule_types,1282,2.0
fr_num_rule_types,1283,2.0
fr_num_rule_types,1284,2.0
fr_num_rule_types,1285,2.0
fr_num_rule_types,1286,2.0
fr_num_rule_types,1287,2.0
fr_num_rule_types,1288,2.0
fr_num_rule_types,1289,2.0
fr_num_rule_types,1290,2.0
fr_num_rule_types,1291,2.0
fr_num_rule_types,1292,2.0
fr_num_rule_types,1293,2.0
fr_num_rule_types,1294,2.0
fr_num_rule_types,1295,2.0
fr_num_rule_types,1296,2.0
fr_num_rule_types,1297,2.0
fr_num_rule_types,1298,2.0
fr_num_rule_types,1299,2.0
fr_num_rule_types,1300,2.0
fr_num_rule_types,1301,2.0
fr_num_rule_types,1302,2.0
fr_num_rule_types,1303,2.0
fr_num_rule_types,1304,2.0
fr_num_rule_types,1305,2.0
fr_num_rule_types,1306,2.0
fr_num_rule_types,1307,2.0
fr_num_rule_types,1308,2.0
fr_num_rule_types,1309,2.0
fr_num_rule_types,1310,2.0
fr_num_rule_types,1311,2.0
fr_num_rule_types,1312,2.0
fr_num_rule_types,1313,2.0
fr_num_rule_types,1314,2.0
fr_num_rule_types,1315,2.0
fr_num_rule_types,1316,2.0
fr_num_rule_types,1317,2.0
fr_num_rule_types,1318,2.0
fr_num_rule_types,1319,2.0
fr_num_rule_types,1320,2.0
fr_num_rule_types,1321,2.0
fr_num_rule_types,1322,2.0
fr_num_rule_types,1323,2.0
fr_num_rule_types,1324,2.0
fr_num_rule_types,1325,2.0
fr_num_rule_types,1326,2.0
fr_num_rule_types,1327,2.0
fr_num_rule_types,1328,2.0
fr_num_rule_types,1329,2.0
fr_num_rule_types,1330,2.0
fr_num_rule_types,1331,2.0
fr_num_rule_types,1332,2.0
fr_num_rule_types,1333,2.0
fr_num_rule_types,1334,2.0
fr_num_rule_types,1335,2.0
fr_num_rule_types,1336,2.0
fr_num_rule_types,1337,2.0
fr_num_rule_types,1338,2.0
fr_num_rule_types,1339,2.0
fr_num_rule_types,1340,2.0
fr_num_rule_types,1341,2.0
fr_num_rule_types,1342,2.0
fr_num_rule_types,1343,2.0
fr_num_rule_types,1344,2.0
fr_num_rule_types,1345,2.0
fr_num_rule_types,1346,2.0
fr_num_rule_types,1347,2.0
fr_num_rule_types,1348,2.0
fr_num_rule_types,1349,2.0
fr_num_rule_types,1350,2.0
fr_num_rule_types,1351,2.0
fr_num_rule_types,1352,2.0
fr_num_rule_types,1353,2.0
fr_num_rule_types,1354,2.0
fr_num_rule_types,1355,2.0
fr_num_rule_types,1356,2.0
fr_num_rule_types,1357,2.0
fr_num_rule_types,1358,2.0
fr_num_rule_types,1359,2.0
fr_num_rule_types,1360,2.0
fr_num_rule_types,1361,2.0
fr_num_rule_types,1362,2.0
fr_num_rule_types,1363,2.0
fr_num_rule_types,1364,2.0
fr_num_rule_types,1365,2.0
fr_num_rule_types,1366,2.0
fr_num_rule_types,1367,2.0
fr_num_rule_types,1368,2.0
fr_num_rule_types,1369,2.0
fr_num_rule_types,1370,2.0
fr_num_rule_types,1371,2.0
fr_num_rule_types,1372,2.0
fr_num_rule_types,1373,2.0
fr_num_rule_types,1374,2.0
fr_num_rule_types,1375,2.0
fr_num_rule_types,1376,2.0
fr_num_rule_types,1377,2.0
fr_num_rule_types,1378,2.0
fr_num_rule_types,1379,2.0
fr_num_rule_types,1380,2.0
fr_num_rule_types,1381,2.0
fr_num_rule_types,1382,2.0
fr_num_rule_types,1383,2.0
fr_num_rule_types,1384,2.0
fr_num_rule_types,1385,2.0
fr_num_rule_types,1386,2.0
fr_num_rule_types,1387,2.0
fr_num_rule_types,1388,2.0
fr_num_rule_types,1389,2.0
fr_num_rule_types,1390,2.0
fr_num_rule_types,1391,2.0
fr_num_rule_types,1392,2.0
fr_num_rule_types,1393,2.0
fr_num_rule_types,1394,2.0
fr_num_rule_types,1395,2.0
fr_num_rule_types,1396,2.0
fr_num_rule_types,1397,2.0
fr_num_rule_types,1398,2.0
fr_num_rule_types,1399,2.0
fr_num_rule_types,1400,2.0
fr_num_rule_types,1401,2.0
fr_num_rule_types,1402,2.0
fr_num_rule_types,1403,2.0
fr_num_rule_types,1404,2.0
fr_num_rule_types,1405,2.0
fr_num_rule_types,1406,2.0
fr_num_rule_types,1407,2.0
fr_num_rule_types,1408,2.0
fr_num_rule_types,1409,2.0
fr_num_rule_types,1410,2.0
fr_num_rule_types,1411,2.0
fr_num_rule_types,1412,2.0
fr_num_rule_types,1413,2.0
fr_num_rule_types,1414,2.0
fr_num_rule_types,1415,2.0
fr_num_rule_types,1416,2.0
fr_num_rule_types,1417,2.0
fr_num_rule_types,1418,2.0
fr_num_rule_types,1419,2.0
fr_num_rule_types,1420,2.0
fr_num_rule_types,1421,2.0
fr_num_rule_types,1422,2.0
fr_num_rule_types,1423,2.0
fr_num_rule_types,1424,2.0
fr_num_rule_types,1425,2.0
fr_num_rule_types,1426,2.0
fr_num_rule_types,1427,2.0
fr_num_rule_types,1428,2.0
fr_num_rule_types,1429,2.0
fr_num_rule_types,1430,2.0
fr_num_rule_types,1431,2.0
fr_num_rule_types,1432,2.0
fr_num_rule_types,1433,2.0
fr_num_rule_types,1434,2.0
fr_num_rule_types,1435,2.0
fr_num_rule_types,1436,2.0
fr_num_rule_types,1437,2.0
fr_num_rule_types,1438,2.0
fr_num_rule_types,1439,2.0
fr_num_rule_types,1440,2.0
fr_num_rule_types,1441,2.0
fr_num_rule_types,1442,2.0
fr_num_rule_types,1443,2.0
fr_num_rule_types,1444,2.0
fr_num_rule_types,1445,2.0
fr_num_rule_types,1446,2.0
fr_num_rule_types,1447,2.0
fr_num_rule_types,1448,2.0
fr_num_rule_types,1449,2.0
fr_num_rule_types,1450,2.0
fr_num_rule_types,1451,2.0
fr_num_rule_types,1452,2.0
fr_num_rule_types,1453,2.0
fr_num_rule_types,1454,2.0
fr_num_rule_types,1455,2.0
fr_num_rule_types,1456,2.0
fr_num_rule_types,1457,2.0
fr_num_rule_types,1458,2.0
fr_num_rule_types,1459,2.0
fr_num_rule_types,1460,2.0
fr_num_rule_types,1461,2.0
fr_num_rule_types,1462,2.0
fr_num_rule_types,1463,2.0
fr_num_rule_types,1464,2.0
fr_num_rule_types,1465,2.0
fr_num_rule_types,1466,2.0
fr_num_rule_types,1467,2.0
fr_num_rule_types,1468,2.0
fr_num_rule_types,1469,2.0
fr_num_rule_types,1470,2.0
fr_num_rule_types,1471,2.0
fr_num_rule_types,1472,2.0
fr_num_rule_types,1473,2.0
fr_num_rule_types,1474,2.0
fr_num_rule_types,1475,2.0
fr_num_rule_types,1476,2.0
fr_num_rule_types,1477,2.0
fr_num_rule_types,1478,2.0
fr_num_rule_types,1479,2.0
fr_num_rule_types,1480,2.0
fr_num_rule_types,1481,2.0
fr_num_rule_types,1482,2.0
fr_num_rule_types,1483,2.0
fr_num_rule_types,1484,2.0
fr_num_rule_types,1485,2.0
fr_num_rule_types,1486,2.0
fr_num_rule_types,1487,2.0
fr_num_rule_types,1488,2.0
fr_num_rule_types,1489,2.0
fr_num_rule_types,1490,2.0
fr_num_rule_types,1491,2.0
fr_num_rule_types,1492,2.0
fr_num_rule_types,1493,2.0
fr_num_rule_types,1494,2.0
fr_num_rule_types,1495,2.0
fr_num_rule_types,1496,2.0
fr_num_rule_types,1497,2.0
fr_num_rule_types,1498,2.0
fr_num_rule_types,1499,2.0
fr_num_rule_types,1500,2.0
fr_num_rule_types,1501,2.0
fr_num_rule_types,1502,2.0
fr_num_rule_types,1503,2.0
fr_num_rule_types,1504,2.0
fr_num_rule_types,1505,2.0
fr_num_rule_types,1506,2.0
fr_num_rule_types,1507,2.0
fr_num_rule_types,1508,2.0
fr_num_rule_types,1509,2.0
fr_num_rule_types,1510,2.0
fr_num_rule_types,1511,2.0
fr_num_rule_types,1512,2.0
fr_num_rule_types,1513,2.0
fr_num_rule_types,1514,2.0
fr_num_rule_types,1515,2.0
fr_num_rule_types,1516,2.0
fr_num_rule_types,1517,2.0
fr_num_rule_types,1518,2.0
fr_num_rule_types,1519,2.0
fr_num_rule_types,1520,2.0
fr_num_rule_types,1521,2.0
fr_num_rule_types,1522,2.0
fr_num_rule_types,1523,2.0
fr_num_rule_types,1524,2.0
fr_num_rule_types,1525,2.0
fr_num_rule_types,1526,2.0
fr_num_rule_types,1527,2.0
fr_num_rule_types,1528,2.0
fr_num_rule_types,1529,2.0
fr_num_rule_types,1530,2.0
fr_num_rule_types,1531,2.0
fr_num_rule_types,1532,2.0
fr_num_rule_types,1533,2.0
fr_num_rule_types,1534,2.0
fr_num_rule_types,1535,2.0
fr_num_rule_types,1536,2.0
fr_num_rule_types,1537,2.0
fr_num_rule_types,1538,2.0
fr_num_rule_types,1539,2.0
fr_num_rule_types,1540,2.0
fr_num_rule_types,1541,2.0
fr_num_rule_types,1542,2.0
fr_num_rule_types,1543,2.0
fr_num_rule_types,1544,2.0
fr_num_rule_types,1545,2.0
fr_num_rule_types,1546,2.0
fr_num_rule_types,1547,2.0
fr_num_rule_types,1548,2.0
fr_num_rule_types,1549,2.0
fr_num_rule_types,1550,2.0
fr_num_rule_types,1551,2.0
fr_num_rule_types,1552,2.0
fr_num_rule_types,1553,2.0
fr_num_rule_types,1554,2.0
fr_num_rule_types,1555,2.0
fr_num_rule_types,1556,2.0
fr_num_rule_types,1557,2.0
fr_num_rule_types,1558,2.0
fr_num_rule_types,1559,2.0
fr_num_rule_types,1560,2.0
fr_num_rule_types,1561,2.0
fr_num_rule_types,1562,2.0
fr_num_rule_types,1563,2.0
fr_num_rule_types,1564,2.0
fr_num_rule_types,1565,2.0
fr_num_rule_types,1566,2.0
fr_num_rule_types,1567,2.0
fr_num_rule_types,1568,2.0
fr_num_rule_types,1569,2.0
fr_num_rule_types,1570,2.0
fr_num_rule_types,1571,2.0
fr_num_rule_types,1572,2.0
fr_num_rule_types,1573,2.0
fr_num_rule_types,1574,2.0
fr_num_rule_types,1575,2.0
fr_num_rule_types,1576,2.0
fr_num_rule_types,1577,2.0
fr_num_rule_types,1578,2.0
fr_num_rule_types,1579,2.0
fr_num_rule_types,1580,2.0
fr_num_rule_types,1581,2.0
fr_num_rule_types,1582,2.0
fr_num_rule_types,1583,2.0
fr_num_rule_types,1584,2.0
fr_num_rule_types,1585,2.0
fr_num_rule_types,1586,2.0
fr_num_rule_types,1587,2.0
fr_num_rule_types,1588,2.0
fr_num_rule_types,1589,2.0
fr_num_rule_types,1590,2.0
fr_num_rule_types,1591,2.0
fr_num_rule_types,1592,2.0
fr_num_rule_types,1593,2.0
fr_num_rule_types,1594,2.0
fr_num_rule_types,1595,2.0
fr_num_rule_types,1596,2.0
fr_num_rule_types,1597,2.0
fr_num_rule_types,1598,2.0
fr_num_rule_types,1599,2.0
fr_num_rule_types,1600,2.0
fr_num_rule_types,1601,2.0
fr_num_rule_types,1602,2.0
fr_num_rule_types,1603,2.0
fr_num_rule_types,1604,2.0
fr_num_rule_types,1605,2.0
fr_num_rule_types,1606,2.0
fr_num_rule_types,1607,2.0
fr_num_rule_types,1608,2.0
fr_num_rule_types,1609,2.0
fr_num_rule_types,1610,2.0
fr_num_rule_types,1611,2.0
fr_num_rule_types,1612,2.0
fr_num_rule_types,1613,2.0
fr_num_rule_types,1614,2.0
fr_num_rule_types,1615,2.0
fr_num_rule_types,1616,2.0
fr_num_rule_types,1617,2.0
fr_num_rule_types,1618,2.0
fr_num_rule_types,1619,2.0
fr_num_rule_types,1620,2.0
fr_num_rule_types,1621,2.0
fr_num_rule_types,1622,2.0
fr_num_rule_types,1623,2.0
fr_num_rule_types,1624,2.0
fr_num_rule_types,1625,2.0
fr_num_rule_types,1626,2.0
fr_num_rule_types,1627,2.0
fr_num_rule_types,1628,2.0
fr_num_rule_types,1629,2.0
fr_num_rule_types,1630,2.0
fr_num_rule_types,1631,2.0
fr_num_rule_types,1632,2.0
fr_num_rule_types,1633,2.0
fr_num_rule_types,1634,2.0
fr_num_rule_types,1635,2.0
fr_num_rule_types,1636,2.0
fr_num_rule_types,1637,2.0
fr_num_rule_types,1638,2.0
fr_num_rule_types,1639,2.0
fr_num_rule_types,1640,2.0
fr_num_rule_types,1641,2.0
fr_num_rule_types,1642,2.0
fr_num_rule_types,1643,2.0
fr_num_rule_types,1644,2.0
fr_num_rule_types,1645,2.0
fr_num_rule_types,1646,2.0
fr_num_rule_types,1647,2.0
fr_num_rule_types,1648,2.0
fr_num_rule_types,1649,2.0
fr_num_rule_types,1650,2.0
fr_num_rule_types,1651,2.0
fr_num_rule_types,1652,2.0
fr_num_rule_types,1653,2.0
fr_num_rule_types,1654,2.0
fr_num_rule_types,1655,2.0
fr_num_rule_types,1656,2.0
fr_num_rule_types,1657,2.0
fr_num_rule_types,1658,2.0
fr_num_rule_types,1659,2.0
fr_num_rule_types,1660,2.0
fr_num_rule_types,1661,2.0
fr_num_rule_types,1662,2.0
fr_num_rule_types,1663,2.0
fr_num_rule_types,1664,2.0
fr_num_rule_types,1665,2.0
fr_num_rule_types,1666,2.0
fr_num_rule_types,1667,2.0
fr_num_rule_types,1668,2.0
fr_num_rule_types,1669,2.0
fr_num_rule_types,1670,2.0
fr_num_rule_types,1671,2.0
fr_num_rule_types,1672,2.0
fr_num_rule_types,1673,2.0
fr_num_rule_types,1674,2.0
fr_num_rule_types,1675,2.0
fr_num_rule_types,1676,2.0
fr_num_rule_types,1677,2.0
fr_num_rule_types,1678,2.0
fr_num_rule_types,1679,2.0
fr_num_rule_types,1680,2.0
fr_num_rule_types,1681,2.0
fr_num_rule_types,1682,2.0
fr_num_rule_types,1683,2.0
fr_num_rule_types,1684,2.0
fr_num_rule_types,1685,2.0
fr_num_rule_types,1686,2.0
fr_num_rule_types,1687,2.0
fr_num_rule_types,1688,3.0
fr_num_rule_types,1689,3.0
fr_num_rule_types,1690,3.0
fr_num_rule_types,1691,3.0
fr_num_rule_types,1692,3.0
fr_num_rule_types,1693,3.0
fr_num_rule_types,1694,3.0
fr_num_rule_types,1695,3.0
fr_num_rule_types,1696,3.0
fr_num_rule_types,1697,3.0
fr_num_rule_types,1698,3.0
fr_num_rule_types,1699,3.0
fr_num_rule_types,1700,3.0
fr_num_rule_types,1701,3.0
fr_num_rule_types,1702,3.0
fr_num_rule_types,1703,3.0
fr_num_rule_types,1704,3.0
fr_num_rule_types,1705,3.0
fr_num_rule_types,1706,3.0
fr_num_rule_types,1707,3.0
fr_num_rule_types,1708,3.0
fr_num_rule_types,1709,3.0
fr_num_rule_types,1710,3.0
fr_num_rule_types,1711,3.0
fr_num_rule_types,1712,3.0
fr_num_rule_types,1713,3.0
fr_num_rule_types,1714,3.0
fr_num_rule_types,1715,3.0
fr_num_rule_types,1716,3.0
fr_num_rule_types,1717,3.0
fr_num_rule_types,1718,3.0
fr_num_rule_types,1719,3.0
fr_num_rule_types,1720,3.0
fr_num_rule_types,1721,3.0
fr_num_rule_types,1722,3.0
fr_num_rule_types,1723,3.0
fr_num_rule_types,1724,3.0
fr_num_rule_types,1725,3.0
fr_num_rule_types,1726,3.0
fr_num_rule_types,1727,3.0
fr_num_rule_types,1728,3.0
fr_num_rule_types,1729,3.0
fr_num_rule_types,1730,3.0
fr_num_rule_types,1731,3.0
fr_num_rule_types,1732,3.0
fr_num_rule_types,1733,3.0
fr_num_rule_types,1734,3.0
fr_num_rule_types,1735,3.0
fr_num_rule_types,1736,3.0
fr_num_rule_types,1737,3.0
fr_num_rule_types,1738,3.0
fr_num_rule_types,1739,3.0
fr_num_rule_types,1740,3.0
fr_num_rule_types,1741,3.0
fr_num_rule_types,1742,3.0
fr_num_rule_types,1743,3.0
fr_num_rule_types,1744,3.0
fr_num_rule_types,1745,3.0
fr_num_rule_types,1746,3.0
fr_num_rule_types,1747,3.0
fr_num_rule_types,1748,3.0
fr_num_rule_types,1749,3.0
fr_num_rule_types,1750,3.0
fr_num_rule_types,1751,3.0
fr_num_rule_types,1752,3.0
fr_num_rule_types,1753,3.0
fr_num_rule_types,1754,3.0
fr_num_rule_types,1755,3.0
fr_num_rule_types,1756,3.0
fr_num_rule_types,1757,3.0
fr_num_rule_types,1758,3.0
fr_num_rule_types,1759,3.0
fr_num_rule_types,1760,3.0
fr_num_rule_types,1761,3.0
fr_num_rule_types,1762,3.0
fr_num_rule_types,1763,3.0
fr_num_rule_types,1764,3.0
fr_num_rule_types,1765,3.0
fr_num_rule_types,1766,3.0
fr_num_rule_types,1767,3.0
fr_num_rule_types,1768,3.0
fr_num_rule_types,1769,3.0
fr_num_rule_types,1770,3.0
fr_num_rule_types,1771,3.0
fr_num_rule_types,1772,3.0
fr_num_rule_types,1773,3.0
fr_num_rule_types,1774,3.0
fr_num_rule_types,1775,3.0
fr_num_rule_types,1776,3.0
fr_num_rule_types,1777,3.0
fr_num_rule_types,1778,3.0
fr_num_rule_types,1779,3.0
fr_num_rule_types,1780,3.0
fr_num_rule_types,1781,3.0
fr_num_rule_types,1782,3.0
fr_num_rule_types,1783,3.0
fr_num_rule_types,1784,3.0
fr_num_rule_types,1785,3.0
fr_num_rule_types,1786,3.0
fr_num_rule_types,1787,3.0
fr_num_rule_types,1788,3.0
fr_num_rule_types,1789,3.0
fr_num_rule_types,1790,3.0
fr_num_rule_types,1791,3.0
fr_num_rule_types,1792,3.0
fr_num_rule_types,1793,3.0
fr_num_rule_types,1794,3.0
fr_num_rule_types,1795,3.0
fr_num_rule_types,1796,3.0
fr_num_rule_types,1797,3.0
fr_num_rule_types,1798,3.0
fr_num_rule_types,1799,3.0
fr_num_rule_types,1800,3.0
fr_num_rule_types,1801,3.0
fr_num_rule_types,1802,3.0
fr_num_rule_types,1803,3.0
fr_num_rule_types,1804,3.0
fr_num_rule_types,1805,3.0
fr_num_rule_types,1806,3.0
fr_num_rule_types,1807,3.0
fr_num_rule_types,1808,3.0
fr_num_rule_types,1809,3.0
fr_num_rule_types,1810,3.0
fr_num_rule_types,1811,3.0
fr_num_rule_types,1812,3.0
fr_num_rule_types,1813,3.0
fr_num_rule_types,1814,3.0
fr_num_rule_types,1815,3.0
fr_num_rule_types,1816,3.0
fr_num_rule_types,1817,3.0
fr_num_rule_types,1818,3.0
fr_num_rule_types,1819,3.0
fr_num_rule_types,1820,3.0
fr_num_rule_types,1821,3.0
fr_num_rule_types,1822,3.0
fr_num_rule_types,1823,3.0
fr_num_rule_types,1824,3.0
fr_num_rule_types,1825,3.0
fr_num_rule_types,1826,3.0
fr_num_rule_types,1827,3.0
fr_num_rule_types,1828,3.0
fr_num_rule_types,1829,3.0
fr_num_rule_types,1830,3.0
fr_num_rule_types,1831,3.0
fr_num_rule_types,1832,3.0
fr_num_rule_types,1833,3.0
fr_num_rule_types,1834,3.0
fr_num_rule_types,1835,3.0
fr_num_rule_types,1836,3.0
fr_num_rule_types,1837,3.0
fr_num_rule_types,1838,3.0
fr_num_rule_types,1839,3.0
fr_num_rule_types,1840,3.0
fr_num_rule_types,1841,3.0
fr_num_rule_types,1842,3.0
fr_num_rule_types,1843,3.0
fr_num_rule_types,1844,3.0
fr_num_rule_types,1845,3.0
fr_num_rule_types,1846,3.0
fr_num_rule_types,1847,3.0
fr_num_rule_types,1848,3.0
fr_num_rule_types,1849,3.0
fr_num_rule_types,1850,3.0
fr_num_rule_types,1851,3.0
fr_num_rule_types,1852,3.0
fr_num_rule_types,1853,3.0
fr_num_rule_types,1854,3.0
fr_num_rule_types,1855,3.0
fr_num_rule_types,1856,3.0
fr_num_rule_types,1857,3.0
fr_num_rule_types,1858,3.0
fr_num_rule_types,1859,3.0
fr_num_rule_types,1860,3.0
fr_num_rule_types,1861,3.0
fr_num_rule_types,1862,3.0
fr_num_rule_types,1863,3.0
fr_num_rule_types,1864,3.0
fr_num_rule_types,1865,3.0
fr_num_rule_types,1866,3.0
fr_num_rule_types,1867,3.0
fr_num_rule_types,1868,3.0
fr_num_rule_types,1869,3.0
fr_num_rule_types,1870,3.0
fr_num_rule_types,1871,3.0
fr_num_rule_types,1872,3.0
fr_num_rule_types,1873,3.0
fr_num_rule_types,1874,3.0
fr_num_rule_types,1875,3.0
fr_num_rule_types,1876,3.0
fr_num_rule_types,1877,3.0
fr_num_rule_types,1878,3.0
fr_num_rule_types,1879,3.0
fr_num_rule_types,1880,3.0
fr_num_rule_types,1881,3.0
fr_num_rule_types,1882,3.0
fr_num_rule_types,1883,3.0
fr_num_rule_types,1884,3.0
fr_num_rule_types,1885,3.0
fr_num_rule_types,1886,3.0
fr_num_rule_types,1887,3.0
fr_num_rule_types,1888,3.0
fr_num_rule_types,1889,3.0
fr_num_rule_types,1890,3.0
fr_num_rule_types,1891,3.0
fr_num_rule_types,1892,3.0
fr_num_rule_types,1893,3.0
fr_num_rule_types,1894,3.0
fr_num_rule_types,1895,3.0
fr_num_rule_types,1896,3.0
fr_num_rule_types,1897,3.0
fr_num_rule_types,1898,3.0
fr_num_rule_types,1899,3.0
fr_num_rule_types,1900,3.0
fr_num_rule_types,1901,3.0
fr_num_rule_types,1902,3.0
fr_num_rule_types,1903,3.0
fr_num_rule_types,1904,3.0
fr_num_rule_types,1905,3.0
fr_num_rule_types,1906,3.0
fr_num_rule_types,1907,3.0
fr_num_rule_types,1908,3.0
fr_num_rule_types,1909,3.0
fr_num_rule_types,1910,3.0
fr_num_rule_types,1911,3.0
fr_num_rule_types,1912,3.0
fr_num_rule_types,1913,3.0
fr_num_rule_types,1914,3.0
fr_num_rule_types,1915,3.0
fr_num_rule_types,1916,3.0
fr_num_rule_types,1917,3.0
fr_num_rule_types,1918,3.0
fr_num_rule_types,1919,3.0
fr_num_rule_types,1920,3.0
fr_num_rule_types,1921,3.0
fr_num_rule_types,1922,3.0
fr_num_rule_types,1923,3.0
fr_num_rule_types,1924,3.0
fr_num_rule_types,1925,3.0
fr_num_rule_types,1926,3.0
fr_num_rule_types,1927,3.0
fr_num_rule_types,1928,3.0
fr_num_rule_types,1929,3.0
fr_num_rule_types,1930,3.0
fr_num_rule_types,1931,3.0
fr_num_rule_types,1932,3.0
fr_num_rule_types,1933,3.0
fr_num_rule_types,1934,3.0
fr_num_rule_types,1935,3.0
fr_num_rule_types,1936,3.0
fr_num_rule_types,1937,3.0
fr_num_rule_types,1938,3.0
fr_num_rule_types,1939,3.0
fr_num_rule_types,1940,3.0
fr_num_rule_types,1941,3.0
fr_num_rule_types,1942,3.0
fr_num_rule_types,1943,3.0
fr_num_rule_types,1944,3.0
fr_num_rule_types,1945,3.0
fr_num_rule_types,1946,3.0
fr_num_rule_types,1947,3.0
fr_num_rule_types,1948,3.0
fr_num_rule_types,1949,3.0
fr_num_rule_types,1950,3.0
fr_num_rule_types,1951,3.0
fr_num_rule_types,1952,3.0
fr_num_rule_types,1953,3.0
fr_num_rule_types,1954,3.0
fr_num_rule_types,1955,3.0
fr_num_rule_types,1956,3.0
fr_num_rule_types,1957,3.0
fr_num_rule_types,1958,3.0
fr_num_rule_types,1959,3.0
fr_num_rule_types,1960,3.0
fr_num_rule_types,1961,3.0
fr_num_rule_types,1962,3.0
fr_num_rule_types,1963,3.0
fr_num_rule_types,1964,3.0
fr_num_rule_types,1965,3.0
fr_num_rule_types,1966,3.0
fr_num_rule_types,1967,3.0
fr_num_rule_types,1968,3.0
fr_num_rule_types,1969,3.0
fr_num_rule_types,1970,3.0
fr_num_rule_types,1971,3.0
fr_num_rule_types,1972,3.0
fr_num_rule_types,1973,3.0
fr_num_rule_types,1974,3.0
fr_num_rule_types,1975,3.0
fr_num_rule_types,1976,3.0
fr_num_rule_types,1977,3.0
fr_num_rule_types,1978,3.0
fr_num_rule_types,1979,3.0
fr_num_rule_types,1980,3.0
fr_num_rule_types,1981,3.0
fr_num_rule_types,1982,3.0
fr_num_rule_types,1983,3.0
fr_num_rule_types,1984,3.0
fr_num_rule_types,1985,3.0
fr_num_rule_types,1986,3.0
fr_num_rule_types,1987,3.0
fr_num_rule_types,1988,3.0
fr_num_rule_types,1989,3.0
fr_num_rule_types,1990,3.0
fr_num_rule_types,1991,3.0
fr_num_rule_types,1992,3.0
fr_num_rule_types,1993,3.0
fr_num_rule_types,1994,3.0
fr_num_rule_types,1995,3.0
fr_num_rule_types,1996,3.0
fr_num_rule_types,1997,3.0
fr_num_rule_types,1998,3.0
fr_num_rule_types,1999,3.0
fr_num_rule_types,2000,3.0
fr_num_rule_types,2001,3.0
fr_num_rule_types,2002,3.0
fr_num_rule_types,2003,3.0
fr_num_rule_types,2004,3.0
fr_num_rule_types,2005,3.0
fr_num_rule_types,2006,3.0
fr_num_rule_types,2007,3.0
fr_num_rule_types,2008,3.0
fr_num_rule_types,2009,3.0
fr_num_rule_types,2010,3.0
fr_num_rule_types,2011,3.0
fr_num_rule_types,2012,3.0
fr_num_rule_types,2013,3.0
fr_num_rule_types,2014,3.0
fr_num_rule_types,2015,3.0
fr_num_rule_types,2016,3.0
fr_num_rule_types,2017,3.0
fr_num_rule_types,2018,3.0
fr_num_rule_types,2019,3.0
fr_num_rule_types,2020,3.0
fr_num_rule_types,2021,3.0
fr_num_rule_types,2022,3.0
fr_num_rule_types,2023,3.0
fr_num_rule_types,2024,3.0
fr_num_rule_types,2025,3.0
fr_num_rule_types,2026,3.0
fr_num_rule_types,2027,3.0
fr_num_rule_types,2028,3.0
fr_num_rule_types,2029,3.0
fr_num_rule_types,2030,3.0
fr_num_rule_types,2031,3.0
fr_num_rule_types,2032,3.0
fr_num_rule_types,2033,3.0
fr_num_rule_types,2034,3.0
fr_num_rule_types,2035,3.0
fr_num_rule_types,2036,3.0
fr_num_rule_types,2037,3.0
fr_num_rule_types,2038,3.0
fr_num_rule_types,2039,3.0
fr_num_rule_types,2040,3.0
fr_num_rule_types,2041,3.0
fr_num_rule_types,2042,3.0
fr_num_rule_types,2043,3.0
fr_num_rule_types,2044,3.0
fr_num_rule_types,2045,3.0
fr_num_rule_types,2046,3.0
fr_num_rule_types,2047,3.0
fr_num_rule_types,2048,3.0
fr_num_rule_types,2049,3.0
fr_num_rule_types,2050,3.0
fr_num_rule_types,2051,3.0
fr_num_rule_types,2052,3.0
fr_num_rule_types,2053,3.0
fr_num_rule_types,2054,3.0
fr_num_rule_types,2055,3.0
fr_num_rule_types,2056,3.0
fr_num_rule_types,2057,3.0
fr_num_rule_types,2058,3.0
fr_num_rule_types,2059,3.0
fr_num_rule_types,2060,3.0
fr_num_rule_types,2061,3.0
fr_num_rule_types,2062,3.0
fr_num_rule_types,2063,3.0
fr_num_rule_types,2064,3.0
fr_num_rule_types,2065,3.0
fr_num_rule_types,2066,3.0
fr_num_rule_types,2067,3.0
fr_num_rule_types,2068,3.0
fr_num_rule_types,2069,3.0
fr_num_rule_types,2070,3.0
fr_num_rule_types,2071,3.0
fr_num_rule_types,2072,3.0
fr_num_rule_types,2073,3.0
fr_num_rule_types,2074,3.0
fr_num_rule_types,2075,3.0
fr_num_rule_types,2076,3.0
fr_num_rule_types,2077,3.0
fr_num_rule_types,2078,3.0
fr_num_rule_types,2079,3.0
fr_num_rule_types,2080,3.0
fr_num_rule_types,2081,3.0
fr_num_rule_types,2082,3.0
fr_num_rule_types,2083,3.0
fr_num_rule_types,2084,3.0
fr_num_rule_types,2085,3.0
fr_num_rule_types,2086,3.0
fr_num_rule_types,2087,3.0
fr_num_rule_types,2088,3.0
fr_num_rule_types,2089,3.0
fr_num_rule_types,2090,3.0
fr_num_rule_types,2091,3.0
fr_num_rule_types,2092,3.0
fr_num_rule_types,2093,3.0
fr_num_rule_types,2094,3.0
fr_num_rule_types,2095,3.0
fr_num_rule_types,2096,3.0
fr_num_rule_types,2097,3.0
fr_num_rule_types,2098,3.0
fr_num_rule_types,2099,3.0
fr_num_rule_types,2100,3.0
fr_num_rule_types,2101,3.0
fr_num_rule_types,2102,3.0
fr_num_rule_types,2103,3.0
fr_num_rule_types,2104,3.0
fr_num_rule_types,2105,3.0
fr_num_rule_types,2106,3.0
fr_num_rule_types,2107,3.0
fr_num_rule_types,2108,3.0
fr_num_rule_types,2109,3.0
fr_num_rule_types,2110,3.0
fr_num_rule_types,2111,3.0
fr_num_rule_types,2112,3.0
fr_num_rule_types,2113,3.0
fr_num_rule_types,2114,3.0
fr_num_rule_types,2115,3.0
fr_num_rule_types,2116,3.0
fr_num_rule_types,2117,3.0
fr_num_rule_types,2118,3.0
fr_num_rule_types,2119,3.0
fr_num_rule_types,2120,3.0
fr_num_rule_types,2121,3.0
fr_num_rule_types,2122,3.0
fr_num_rule_types,2123,3.0
fr_num_rule_types,2124,3.0
fr_num_rule_types,2125,3.0
fr_num_rule_types,2126,3.0
fr_num_rule_types,2127,3.0
fr_num_rule_types,2128,3.0
fr_num_rule_types,2129,3.0
fr_num_rule_types,2130,3.0
fr_num_rule_types,2131,3.0
fr_num_rule_types,2132,3.0
fr_num_rule_types,2133,3.0
fr_num_rule_types,2134,3.0
fr_num_rule_types,2135,3.0
fr_num_rule_types,2136,3.0
fr_num_rule_types,2137,3.0
fr_num_rule_types,2138,3.0
fr_num_rule_types,2139,3.0
fr_num_rule_types,2140,3.0
fr_num_rule_types,2141,3.0
fr_num_rule_types,2142,3.0
fr_num_rule_types,2143,3.0
fr_num_rule_types,2144,3.0
fr_num_rule_types,2145,3.0
fr_num_rule_types,2146,3.0
fr_num_rule_types,2147,3.0
fr_num_rule_types,2148,3.0
fr_num_rule_types,2149,3.0
fr_num_rule_types,2150,3.0
fr_num_rule_types,2151,3.0
fr_num_rule_types,2152,3.0
fr_num_rule_types,2153,3.0
fr_num_rule_types,2154,3.0
fr_num_rule_types,2155,3.0
fr_num_rule_types,2156,3.0
fr_num_rule_types,2157,3.0
fr_num_rule_types,2158,3.0
fr_num_rule_types,2159,3.0
fr_num_rule_types,2160,3.0
fr_num_rule_types,2161,3.0
fr_num_rule_types,2162,3.0
fr_num_rule_types,2163,3.0
fr_num_rule_types,2164,3.0
fr_num_rule_types,2165,3.0
fr_num_rule_types,2166,3.0
fr_num_rule_types,2167,3.0
fr_num_rule_types,2168,3.0
fr_num_rule_types,2169,3.0
fr_num_rule_types,2170,3.0
fr_num_rule_types,2171,3.0
fr_num_rule_types,2172,3.0
fr_num_rule_types,2173,3.0
fr_num_rule_types,2174,3.0
fr_num_rule_types,2175,3.0
fr_num_rule_types,2176,3.0
fr_num_rule_types,2177,3.0
fr_num_rule_types,2178,3.0
fr_num_rule_types,2179,3.0
fr_num_rule_types,2180,3.0
fr_num_rule_types,2181,3.0
fr_num_rule_types,2182,3.0
fr_num_rule_types,2183,3.0
fr_num_rule_types,2184,3.0
fr_num_rule_types,2185,3.0
fr_num_rule_types,2186,3.0
fr_num_rule_types,2187,3.0
fr_num_rule_types,2188,3.0
fr_num_rule_types,2189,3.0
fr_num_rule_types,2190,3.0
fr_num_rule_types,2191,3.0
fr_num_rule_types,2192,3.0
fr_num_rule_types,2193,3.0
fr_num_rule_types,2194,3.0
fr_num_rule_types,2195,3.0
fr_num_rule_types,2196,3.0
fr_num_rule_types,2197,3.0
fr_num_rule_types,2198,3.0
fr_num_rule_types,2199,3.0
fr_num_rule_types,2200,3.0
fr_num_rule_types,2201,3.0
fr_num_rule_types,2202,3.0
fr_num_rule_types,2203,3.0
fr_num_rule_types,2204,3.0
fr_num_rule_types,2205,3.0
fr_num_rule_types,2206,3.0
fr_num_rule_types,2207,3.0
fr_num_rule_types,2208,3.0
fr_num_rule_types,2209,3.0
fr_num_rule_types,2210,3.0
fr_num_rule_types,2211,3.0
fr_num_rule_types,2212,3.0
fr_num_rule_types,2213,3.0
fr_num_rule_types,2214,3.0
fr_num_rule_types,2215,3.0
fr_num_rule_types,2216,3.0
fr_num_rule_types,2217,3.0
fr_num_rule_types,2218,3.0
fr_num_rule_types,2219,3.0
fr_num_rule_types,2220,3.0
fr_num_rule_types,2221,3.0
fr_num_rule_types,2222,3.0
fr_num_rule_types,2223,3.0
fr_num_rule_types,2224,3.0
fr_num_rule_types,2225,3.0
fr_num_rule_types,2226,3.0
fr_num_rule_types,2227,3.0
fr_num_rule_types,2228,3.0
fr_num_rule_types,2229,3.0
fr_num_rule_types,2230,3.0
fr_num_rule_types,2231,3.0
fr_num_rule_types,2232,3.0
fr_num_rule_types,2233,3.0
fr_num_rule_types,2234,3.0
fr_num_rule_types,2235,3.0
fr_num_rule_types,2236,3.0
fr_num_rule_types,2237,3.0
fr_num_rule_types,2238,3.0
fr_num_rule_types,2239,3.0
fr_num_rule_types,2240,3.0
fr_num_rule_types,2241,3.0
fr_num_rule_types,2242,3.0
fr_num_rule_types,2243,3.0
fr_num_rule_types,2244,3.0
fr_num_rule_types,2245,3.0
fr_num_rule_types,2246,3.0
fr_num_rule_types,2247,3.0
fr_num_rule_types,2248,3.0
fr_num_rule_types,2249,3.0
fr_num_rule_types,2250,3.0
fr_num_rule_types,2251,3.0
fr_num_rule_types,2252,3.0
fr_num_rule_types,2253,3.0
fr_num_rule_types,2254,3.0
fr_num_rule_types,2255,3.0
fr_num_rule_types,2256,3.0
fr_num_rule_types,2257,3.0
fr_num_rule_types,2258,3.0
fr_num_rule_types,2259,3.0
fr_num_rule_types,2260,3.0
fr_num_rule_types,2261,3.0
fr_num_rule_types,2262,3.0
fr_num_rule_types,2263,3.0
fr_num_rule_types,2264,3.0
fr_num_rule_types,2265,3.0
fr_num_rule_types,2266,3.0
fr_num_rule_types,2267,3.0
fr_num_rule_types,2268,3.0
fr_num_rule_types,2269,3.0
fr_num_rule_types,2270,3.0
fr_num_rule_types,2271,3.0
fr_num_rule_types,2272,3.0
fr_num_rule_types,2273,3.0
fr_num_rule_types,2274,3.0
fr_num_rule_types,2275,3.0
fr_num_rule_types,2276,3.0
fr_num_rule_types,2277,3.0
fr_num_rule_types,2278,3.0
fr_num_rule_types,2279,3.0
fr_num_rule_types,2280,3.0
fr_num_rule_types,2281,3.0
fr_num_rule_types,2282,3.0
fr_num_rule_types,2283,3.0
fr_num_rule_types,2284,3.0
fr_num_rule_types,2285,3.0
fr_num_rule_types,2286,3.0
fr_num_rule_types,2287,3.0
fr_num_rule_types,2288,3.0
fr_num_rule_types,2289,3.0
fr_num_rule_types,2290,3.0
fr_num_rule_types,2291,3.0
fr_num_rule_types,2292,3.0
fr_num_rule_types,2293,3.0
fr_num_rule_types,2294,3.0
fr_num_rule_types,2295,3.0
fr_num_rule_types,2296,3.0
fr_num_rule_types,2297,3.0
fr_num_rule_types,2298,3.0
fr_num_rule_types,2299,3.0
fr_num_rule_types,2300,3.0
fr_num_rule_types,2301,3.0
fr_num_rule_types,2302,3.0
fr_num_rule_types,2303,3.0
fr_num_rule_types,2304,3.0
fr_num_rule_types,2305,3.0
fr_num_rule_types,2306,3.0
fr_num_rule_types,2307,3.0
fr_num_rule_types,2308,3.0
fr_num_rule_types,2309,3.0
fr_num_rule_types,2310,3.0
fr_num_rule_types,2311,3.0
fr_num_rule_types,2312,3.0
fr_num_rule_types,2313,3.0
fr_num_rule_types,2314,3.0
fr_num_rule_types,2315,3.0
fr_num_rule_types,2316,3.0
fr_num_rule_types,2317,3.0
fr_num_rule_types,2318,3.0
fr_num_rule_types,2319,3.0
fr_num_rule_types,2320,3.0
fr_num_rule_types,2321,3.0
fr_num_rule_types,2322,3.0
fr_num_rule_types,2323,3.0
fr_num_rule_types,2324,3.0
fr_num_rule_types,2325,3.0
fr_num_rule_types,2326,3.0
fr_num_rule_types,2327,3.0
fr_num_rule_types,2328,3.0
fr_num_rule_types,2329,3.0
fr_num_rule_types,2330,3.0
fr_num_rule_types,2331,3.0
fr_num_rule_types,2332,3.0
fr_num_rule_types,2333,3.0
fr_num_rule_types,2334,3.0
fr_num_rule_types,2335,3.0
fr_num_rule_types,2336,3.0
fr_num_rule_types,2337,3.0
fr_num_rule_types,2338,3.0
fr_num_rule_types,2339,3.0
fr_num_rule_types,2340,3.0
fr_num_rule_types,2341,3.0
fr_num_rule_types,2342,3.0
fr_num_rule_types,2343,3.0
fr_num_rule_types,2344,3.0
fr_num_rule_types,2345,3.0
fr_num_rule_types,2346,3.0
fr_num_rule_types,2347,3.0
fr_num_rule_types,2348,3.0
fr_num_rule_types,2349,3.0
fr_num_rule_types,2350,3.0
fr_num_rule_types,2351,3.0
fr_num_rule_types,2352,3.0
fr_num_rule_types,2353,3.0
fr_num_rule_types,2354,4.0
fr_num_rule_types,2355,4.0
fr_num_rule_types,2356,4.0
fr_num_rule_types,2357,4.0
fr_num_rule_types,2358,4.0
fr_num_rule_types,2359,4.0
fr_num_rule_types,2360,4.0
fr_num_rule_types,2361,4.0
fr_num_rule_types,2362,4.0
fr_num_rule_types,2363,4.0
fr_num_rule_types,2364,4.0
fr_num_rule_types,2365,4.0
fr_num_rule_types,2366,4.0
fr_num_rule_types,2367,4.0
fr_num_rule_types,2368,4.0
fr_num_rule_types,2369,4.0
fr_num_rule_types,2370,4.0
fr_num_rule_types,2371,4.0
fr_num_rule_types,2372,4.0
fr_num_rule_types,2373,4.0
fr_num_rule_types,2374,4.0
fr_num_rule_types,2375,4.0
fr_num_rule_types,2376,4.0
fr_num_rule_types,2377,4.0
fr_num_rule_types,2378,4.0
fr_num_rule_types,2379,4.0
fr_num_rule_types,2380,4.0
fr_num_rule_types,2381,4.0
fr_num_rule_types,2382,4.0
fr_num_rule_types,2383,4.0
fr_num_rule_types,2384,4.0
fr_num_rule_types,2385,4.0
fr_num_rule_types,2386,4.0
fr_num_rule_types,2387,4.0
fr_num_rule_types,2388,4.0
fr_num_rule_types,2389,4.0
fr_num_rule_types,2390,4.0
fr_num_rule_types,2391,4.0
fr_num_rule_types,2392,4.0
fr_num_rule_types,2393,4.0
fr_num_rule_types,2394,4.0
fr_num_rule_types,2395,4.0
fr_num_rule_types,2396,4.0
fr_num_rule_types,2397,4.0
fr_num_rule_types,2398,4.0
fr_num_rule_types,2399,4.0
fr_num_rule_types,2400,4.0
fr_num_rule_types,2401,4.0
fr_num_rule_types,2402,4.0
fr_num_rule_types,2403,4.0
fr_num_rule_types,2404,4.0
fr_num_rule_types,2405,4.0
fr_num_rule_types,2406,4.0
fr_num_rule_types,2407,4.0
fr_num_rule_types,2408,4.0
fr_num_rule_types,2409,4.0
fr_num_rule_types,2410,4.0
fr_num_rule_types,2411,4.0
fr_num_rule_types,2412,4.0
fr_num_rule_types,2413,4.0
fr_num_rule_types,2414,4.0
fr_num_rule_types,2415,4.0
fr_num_rule_types,2416,4.0
fr_num_rule_types,2417,4.0
fr_num_rule_types,2418,4.0
fr_num_rule_types,2419,4.0
fr_num_rule_types,2420,4.0
fr_num_rule_types,2421,4.0
fr_num_rule_types,2422,4.0
fr_num_rule_types,2423,4.0
fr_num_rule_types,2424,4.0
fr_num_rule_types,2425,4.0
fr_num_rule_types,2426,4.0
fr_num_rule_types,2427,4.0
fr_num_rule_types,2428,4.0
fr_num_rule_types,2429,4.0
fr_num_rule_types,2430,4.0
fr_num_rule_types,2431,4.0
fr_num_rule_types,2432,4.0
fr_num_rule_types,2433,4.0
fr_num_rule_types,2434,4.0
fr_num_rule_types,2435,4.0
fr_num_rule_types,2436,4.0
fr_num_rule_types,2437,4.0
fr_num_rule_types,2438,4.0
fr_num_rule_types,2439,4.0
pt_coup_failed,0,0.0
pt_coup_failed,1,0.0
pt_coup_failed,2,0.0
pt_coup_failed,3,0.0
pt_coup_failed,4,0.0
pt_coup_failed,5,0.0
pt_coup_failed,6,0.0
pt_coup_failed,7,0.0
pt_coup_failed,8,0.0
pt_coup_failed,9,0.0
pt_coup_failed,10,0.0
pt_coup_failed,11,0.0
pt_coup_failed,12,0.0
pt_coup_failed,13,0.0
pt_coup_failed,14,0.0
pt_coup_failed,15,0.0
pt_coup_failed,16,0.0
pt_coup_failed,17,0.0
pt_coup_failed,18,0.0
pt_coup_failed,19,0.0
pt_coup_failed,20,0.0
pt_coup_failed,21,0.0
pt_coup_failed,22,0.0
pt_coup_failed,23,0.0
pt_coup_failed,24,0.0
pt_coup_failed,25,0.0
pt_coup_failed,26,0.0
pt_coup_failed,27,0.0
pt_coup_failed,28,0.0
pt_coup_failed,29,0.0
pt_coup_failed,30,0.0
pt_coup_failed,31,0.0
pt_coup_failed,32,0.0
pt_coup_failed,33,0.0
pt_coup_failed,34,0.0
pt_coup_failed,35,0.0
pt_coup_failed,36,0.0
pt_coup_failed,37,0.0
pt_coup_failed,38,0.0
pt_coup_failed,39,0.0
pt_coup_failed,40,0.0
pt_coup_failed,41,0.0
pt_coup_failed,42,0.0
pt_coup_failed,43,0.0
pt_coup_failed,44,0.0
pt_coup_failed,45,0.0
pt_coup_failed,46,0.0
pt_coup_failed,47,0.0
pt_coup_failed,48,0.0
pt_coup_failed,49,0.0
pt_coup_failed,50,0.0
pt_coup_failed,51,0.0
pt_coup_failed,52,0.0
pt_coup_failed,53,0.0
pt_coup_failed,54,0.0
pt_coup_failed,55,0.0
pt_coup_failed,56,0.0
pt_coup_failed,57,0.0
pt_coup_failed,58,0.0
pt_coup_failed,59,0.0
pt_coup_failed,60,0.0
pt_coup_failed,61,0.0
pt_coup_failed,62,0.0
pt_coup_failed,63,0.0
pt_coup_failed,64,0.0
pt_coup_failed,65,0.0
pt_coup_failed,66,0.0
pt_coup_failed,67,0.0
pt_coup_failed,68,0.0
pt_coup_failed,69,0.0
pt_coup_failed,70,0.0
pt_coup_failed,71,0.0
pt_coup_failed,72,0.0
pt_coup_failed,73,0.0
pt_coup_failed,74,0.0
pt_coup_failed,75,0.0
pt_coup_failed,76,0.0
pt_coup_failed,77,0.0
pt_coup_failed,78,0.0
pt_coup_failed,79,0.0
pt_coup_failed,80,0.0
pt_coup_failed,81,0.0
pt_coup_failed,82,0.0
pt_coup_failed,83,0.0
pt_coup_failed,84,0.0
pt_coup_failed,85,0.0
pt_coup_failed,86,0.0
pt_coup_failed,87,0.0
pt_coup_failed,88,0.0
pt_coup_failed,89,0.0
pt_coup_failed,90,0.0
pt_coup_failed,91,0.0
pt_coup_failed,92,0.0
pt_coup_failed,93,0.0
pt_coup_failed,94,0.0
pt_coup_failed,95,0.0
pt_coup_failed,96,0.0
pt_coup_failed,97,0.0
pt_coup_failed,98,0.0
pt_coup_failed,99,0.0
pt_coup_failed,100,0.0
pt_coup_failed,101,0.0
pt_coup_failed,102,0.0
pt_coup_failed,103,0.0
pt_coup_failed,104,0.0
pt_coup_failed,105,0.0
pt_coup_failed,106,0.0
pt_coup_failed,107,0.0
pt_coup_failed,108,0.0
pt_coup_failed,109,0.0
pt_coup_failed,110,0.0
pt_coup_failed,111,0.0
pt_coup_failed,112,0.0
pt_coup_failed,113,0.0
pt_coup_failed,114,0.0
pt_coup_failed,115,0.0
pt_coup_failed,116,0.0
pt_coup_failed,117,0.0
pt_coup_failed,118,0.0
pt_coup_failed,119,0.0
pt_coup_failed,120,0.0
pt_coup_failed,121,0.0
pt_coup_failed,122,0.0
pt_coup_failed,123,0.0
pt_coup_failed,124,0.0
pt_coup_failed,125,0.0
pt_coup_failed,126,0.0
pt_coup_failed,127,0.0
pt_coup_failed,128,0.0
pt_coup_failed,129,0.0
pt_coup_failed,130,0.0
pt_coup_failed,131,0.0
pt_coup_failed,132,0.0
pt_coup_failed,133,0.0
pt_coup_failed,134,0.0
pt_coup_failed,135,0.0
pt_coup_failed,136,0.0
pt_coup_failed,137,0.0
pt_coup_failed,138,0.0
pt_coup_failed,139,0.0
pt_coup_failed,140,0.0
pt_coup_failed,141,0.0
pt_coup_failed,142,0.0
pt_coup_failed,143,0.0
pt_coup_failed,144,0.0
pt_coup_failed,145,0.0
pt_coup_failed,146,0.0
pt_coup_failed,147,0.0
pt_coup_failed,148,0.0
pt_coup_failed,149,0.0
pt_coup_failed,150,0.0
pt_coup_failed,151,0.0
pt_coup_failed,152,0.0
pt_coup_failed,153,0.0
pt_coup_failed,154,0.0
pt_coup_failed,155,0.0
pt_coup_failed,156,0.0
pt_coup_failed,157,0.0
pt_coup_failed,158,0.0
pt_coup_failed,159,0.0
pt_coup_failed,160,0.0
pt_coup_failed,161,0.0
pt_coup_failed,162,0.0
pt_coup_failed,163,0.0
pt_coup_failed,164,0.0
pt_coup_failed,165,0.0
pt_coup_failed,166,0.0
pt_coup_failed,167,0.0
pt_coup_failed,168,0.0
pt_coup_failed,169,0.0
pt_coup_failed,170,0.0
pt_coup_failed,171,0.0
pt_coup_failed,172,0.0
pt_coup_failed,173,0.0
pt_coup_failed,174,0.0
pt_coup_failed,175,0.0
pt_coup_failed,176,0.0
pt_coup_failed,177,0.0
pt_coup_failed,178,0.0
pt_coup_failed,179,0.0
pt_coup_failed,180,0.0
pt_coup_failed,181,0.0
pt_coup_failed,182,0.0
pt_coup_failed,183,0.0
pt_coup_failed,184,0.0
pt_coup_failed,185,0.0
pt_coup_failed,186,0.0
pt_coup_failed,187,0.0
pt_coup_failed,188,0.0
pt_coup_failed,189,0.0
pt_coup_failed,190,0.0
pt_coup_failed,191,0.0
pt_coup_failed,192,0.0
pt_coup_failed,193,0.0
pt_coup_failed,194,0.0
pt_coup_failed,195,0.0
pt_coup_failed,196,0.0
pt_coup_failed,197,0.0
pt_coup_failed,198,0.0
pt_coup_failed,199,0.0
pt_coup_failed,200,0.0
pt_coup_failed,201,0.0
pt_coup_failed,202,0.0
pt_coup_failed,203,0.0
pt_coup_failed,204,0.0
pt_coup_failed,205,0.0
pt_coup_failed,206,0.0
pt_coup_failed,207,0.0
pt_coup_failed,208,0.0
pt_coup_failed,209,0.0
pt_coup_failed,210,0.0
pt_coup_failed,211,0.0
pt_coup_failed,212,0.0
pt_coup_failed,213,0.0
pt_coup_failed,214,0.0
pt_coup_failed,215,0.0
pt_coup_failed,216,0.0
pt_coup_failed,217,0.0
pt_coup_failed,218,0.0
pt_coup_failed,219,0.0
pt_coup_failed,220,0.0
pt_coup_failed,221,0.0
pt_coup_failed,222,0.0
pt_coup_failed,223,0.0
pt_coup_failed,224,0.0
pt_coup_failed,225,0.0
pt_coup_failed,226,0.0
pt_coup_failed,227,0.0
pt_coup_failed,228,0.0
pt_coup_failed,229,0.0
pt_coup_failed,230,0.0
pt_coup_failed,231,0.0
pt_coup_failed,232,0.0
pt_coup_failed,233,0.0
pt_coup_failed,234,0.0
pt_coup_failed,235,0.0
pt_coup_failed,236,0.0
pt_coup_failed,237,0.0
pt_coup_failed,238,0.0
pt_coup_failed,239,0.0
pt_coup_failed,240,0.0
pt_coup_failed,241,0.0
pt_coup_failed,242,0.0
pt_coup_failed,243,0.0
pt_coup_failed,244,0.0
pt_coup_failed,245,0.0
pt_coup_failed,246,0.0
pt_coup_failed,247,0.0
pt_coup_failed,248,0.0
pt_coup_failed,249,0.0
pt_coup_failed,250,0.0
pt_coup_failed,251,0.0
pt_coup_failed,252,0.0
pt_coup_failed,253,0.0
pt_coup_failed,254,0.0
pt_coup_failed,255,0.0
pt_coup_failed,256,0.0
pt_coup_failed,257,0.0
pt_coup_failed,258,0.0
pt_coup_failed,259,0.0
pt_coup_failed,260,0.0
pt_coup_failed,261,0.0
pt_coup_failed,262,0.0
pt_coup_failed,263,0.0
pt_coup_failed,264,0.0
pt_coup_failed,265,0.0
pt_coup_failed,266,0.0
pt_coup_failed,267,0.0
pt_coup_failed,268,0.0
pt_coup_failed,269,0.0
pt_coup_failed,270,0.0
pt_coup_failed,271,0.0
pt_coup_failed,272,0.0
pt_coup_failed,273,0.0
pt_coup_failed,274,0.0
pt_coup_failed,275,0.0
pt_coup_failed,276,0.0
pt_coup_failed,277,0.0
pt_coup_failed,278,0.0
pt_coup_failed,279,0.0
pt_coup_failed,280,0.0
pt_coup_failed,281,0.0
pt_coup_failed,282,0.0
pt_coup_failed,283,0.0
pt_coup_failed,284,0.0
pt_coup_failed,285,0.0
pt_coup_failed,286,0.0
pt_coup_failed,287,0.0
pt_coup_failed,288,0.0
pt_coup_failed,289,0.0
pt_coup_failed,290,0.0
pt_coup_failed,291,0.0
pt_coup_failed,292,0.0
pt_coup_failed,293,0.0
pt_coup_failed,294,0.0
pt_coup_failed,295,0.0
pt_coup_failed,296,0.0
pt_coup_failed,297,0.0
pt_coup_failed,298,0.0
pt_coup_failed,299,0.0
pt_coup_failed,300,0.0
pt_coup_failed,301,0.0
pt_coup_failed,302,0.0
pt_coup_failed,303,0.0
pt_coup_failed,304,0.0
pt_coup_failed,305,0.0
pt_coup_failed,306,0.0
pt_coup_failed,307,0.0
pt_coup_failed,308,0.0
pt_coup_failed,309,0.0
pt_coup_failed,310,0.0
pt_coup_failed,311,0.0
pt_coup_failed,312,0.0
pt_coup_failed,313,0.0
pt_coup_failed,314,0.0
pt_coup_failed,315,0.0
pt_coup_failed,316,0.0
pt_coup_failed,317,0.0
pt_coup_failed,318,0.0
pt_coup_failed,319,0.0
pt_coup_failed,320,0.0
pt_coup_failed,321,0.0
pt_coup_failed,322,0.0
pt_coup_failed,323,0.0
pt_coup_failed,324,0.0
pt_coup_failed,325,0.0
pt_coup_failed,326,0.0
pt_coup_failed,327,0.0
pt_coup_failed,328,0.0
pt_coup_failed,329,0.0
pt_coup_failed,330,0.0
pt_coup_failed,331,0.0
pt_coup_failed,332,0.0
pt_coup_failed,333,0.0
pt_coup_failed,334,0.0
pt_coup_failed,335,0.0
pt_coup_failed,336,0.0
pt_coup_failed,337,0.0
pt_coup_failed,338,0.0
pt_coup_failed,339,0.0
pt_coup_failed,340,0.0
pt_coup_failed,341,0.0
pt_coup_failed,342,0.0
pt_coup_failed,343,0.0
pt_coup_failed,344,0.0
pt_coup_failed,345,0.0
pt_coup_failed,346,0.0
pt_coup_failed,347,0.0
pt_coup_failed,348,0.0
pt_coup_failed,349,0.0
pt_coup_failed,350,0.0
pt_coup_failed,351,0.0
pt_coup_failed,352,0.0
pt_coup_failed,353,0.0
pt_coup_failed,354,0.0
pt_coup_failed,355,0.0
pt_coup_failed,356,0.0
pt_coup_failed,357,0.0
pt_coup_failed,358,0.0
pt_coup_failed,359,0.0
pt_coup_failed,360,0.0
pt_coup_failed,361,0.0
pt_coup_failed,362,0.0
pt_coup_failed,363,0.0
pt_coup_failed,364,0.0
pt_coup_failed,365,0.0
pt_coup_failed,366,0.0
pt_coup_failed,367,0.0
pt_coup_failed,368,0.0
pt_coup_failed,369,0.0
pt_coup_failed,370,0.0
pt_coup_failed,371,0.0
pt_coup_failed,372,0.0
pt_coup_failed,373,0.0
pt_coup_failed,374,0.0
pt_coup_failed,375,0.0
pt_coup_failed,376,0.0
pt_coup_failed,377,0.0
pt_coup_failed,378,0.0
pt_coup_failed,379,0.0
pt_coup_failed,380,0.0
pt_coup_failed,381,0.0
pt_coup_failed,382,0.0
pt_coup_failed,383,0.0
pt_coup_failed,384,0.0
pt_coup_failed,385,0.0
pt_coup_failed,386,0.0
pt_coup_failed,387,0.0
pt_coup_failed,388,0.0
pt_coup_failed,389,0.0
pt_coup_failed,390,0.0
pt_coup_failed,391,0.0
pt_coup_failed,392,0.0
pt_coup_failed,393,0.0
pt_coup_failed,394,0.0
pt_coup_failed,395,0.0
pt_coup_failed,396,0.0
pt_coup_failed,397,0.0
pt_coup_failed,398,0.0
pt_coup_failed,399,0.0
pt_coup_failed,400,0.0
pt_coup_failed,401,0.0
pt_coup_failed,402,0.0
pt_coup_failed,403,0.0
pt_coup_failed,404,0.0
pt_coup_failed,405,0.0
pt_coup_failed,406,0.0
pt_coup_failed,407,0.0
pt_coup_failed,408,0.0
pt_coup_failed,409,0.0
pt_coup_failed,410,0.0
pt_coup_failed,411,0.0
pt_coup_failed,412,0.0
pt_coup_failed,413,0.0
pt_coup_failed,414,0.0
pt_coup_failed,415,0.0
pt_coup_failed,416,0.0
pt_coup_failed,417,0.0
pt_coup_failed,418,0.0
pt_coup_failed,419,0.0
pt_coup_failed,420,0.0
pt_coup_failed,421,0.0
pt_coup_failed,422,0.0
pt_coup_failed,423,0.0
pt_coup_failed,424,0.0
pt_coup_failed,425,0.0
pt_coup_failed,426,0.0
pt_coup_failed,427,0.0
pt_coup_failed,428,0.0
pt_coup_failed,429,0.0
pt_coup_failed,430,0.0
pt_coup_failed,431,0.0
pt_coup_failed,432,0.0
pt_coup_failed,433,0.0
pt_coup_failed,434,0.0
pt_coup_failed,435,0.0
pt_coup_failed,436,0.0
pt_coup_failed,437,0.0
pt_coup_failed,438,0.0
pt_coup_failed,439,0.0
pt_coup_failed,440,0.0
pt_coup_failed,441,0.0
pt_coup_failed,442,0.0
pt_coup_failed,443,0.0
pt_coup_failed,444,0.0
pt_coup_failed,445,0.0
pt_coup_failed,446,0.0
pt_coup_failed,447,0.0
pt_coup_failed,448,0.0
pt_coup_failed,449,0.0
pt_coup_failed,450,0.0
pt_coup_failed,451,0.0
pt_coup_failed,452,0.0
pt_coup_failed,453,0.0
pt_coup_failed,454,0.0
pt_coup_failed,455,0.0
pt_coup_failed,456,0.0
pt_coup_failed,457,0.0
pt_coup_failed,458,0.0
pt_coup_failed,459,0.0
pt_coup_failed,460,0.0
pt_coup_failed,461,0.0
pt_coup_failed,462,0.0
pt_coup_failed,463,0.0
pt_coup_failed,464,0.0
pt_coup_failed,465,0.0
pt_coup_failed,466,0.0
pt_coup_failed,467,0.0
pt_coup_failed,468,0.0
pt_coup_failed,469,0.0
pt_coup_failed,470,0.0
pt_coup_failed,471,0.0
pt_coup_failed,472,0.0
pt_coup_failed,473,0.0
pt_coup_failed,474,0.0
pt_coup_failed,475,0.0
pt_coup_failed,476,0.0
pt_coup_failed,477,0.0
pt_coup_failed,478,0.0
pt_coup_failed,479,0.0
pt_coup_failed,480,0.0
pt_coup_failed,481,0.0
pt_coup_failed,482,0.0
pt_coup_failed,483,0.0
pt_coup_failed,484,0.0
pt_coup_failed,485,0.0
pt_coup_failed,486,0.0
pt_coup_failed,487,0.0
pt_coup_failed,488,0.0
pt_coup_failed,489,0.0
pt_coup_failed,490,0.0
pt_coup_failed,491,0.0
pt_coup_failed,492,0.0
pt_coup_failed,493,0.0
pt_coup_failed,494,0.0
pt_coup_failed,495,0.0
pt_coup_failed,496,0.0
pt_coup_failed,497,0.0
pt_coup_failed,498,0.0
pt_coup_failed,499,0.0
pt_coup_failed,500,0.0
pt_coup_failed,501,0.0
pt_coup_failed,502,0.0
pt_coup_failed,503,0.0
pt_coup_failed,504,0.0
pt_coup_failed,505,0.0
pt_coup_failed,506,0.0
pt_coup_failed,507,0.0
pt_coup_failed,508,0.0
pt_coup_failed,509,0.0
pt_coup_failed,510,0.0
pt_coup_failed,511,0.0
pt_coup_failed,512,0.0
pt_coup_failed,513,0.0
pt_coup_failed,514,0.0
pt_coup_failed,515,0.0
pt_coup_failed,516,0.0
pt_coup_failed,517,0.0
pt_coup_failed,518,0.0
pt_coup_failed,519,0.0
pt_coup_failed,520,0.0
pt_coup_failed,521,0.0
pt_coup_failed,522,0.0
pt_coup_failed,523,0.0
pt_coup_failed,524,0.0
pt_coup_failed,525,0.0
pt_coup_failed,526,0.0
pt_coup_failed,527,0.0
pt_coup_failed,528,0.0
pt_coup_failed,529,0.0
pt_coup_failed,530,0.0
pt_coup_failed,531,0.0
pt_coup_failed,532,0.0
pt_coup_failed,533,0.0
pt_coup_failed,534,0.0
pt_coup_failed,535,0.0
pt_coup_failed,536,0.0
pt_coup_failed,537,0.0
pt_coup_failed,538,0.0
pt_coup_failed,539,0.0
pt_coup_failed,540,0.0
pt_coup_failed,541,0.0
pt_coup_failed,542,0.0
pt_coup_failed,543,0.0
pt_coup_failed,544,0.0
pt_coup_failed,545,0.0
pt_coup_failed,546,0.0
pt_coup_failed,547,0.0
pt_coup_failed,548,0.0
pt_coup_failed,549,0.0
pt_coup_failed,550,0.0
pt_coup_failed,551,0.0
pt_coup_failed,552,0.0
pt_coup_failed,553,0.0
pt_coup_failed,554,0.0
pt_coup_failed,555,0.0
pt_coup_failed,556,0.0
pt_coup_failed,557,0.0
pt_coup_failed,558,0.0
pt_coup_failed,559,0.0
pt_coup_failed,560,0.0
pt_coup_failed,561,0.0
pt_coup_failed,562,0.0
pt_coup_failed,563,0.0
pt_coup_failed,564,0.0
pt_coup_failed,565,0.0
pt_coup_failed,566,0.0
pt_coup_failed,567,0.0
pt_coup_failed,568,0.0
pt_coup_failed,569,0.0
pt_coup_failed,570,0.0
pt_coup_failed,571,0.0
pt_coup_failed,572,0.0
pt_coup_failed,573,0.0
pt_coup_failed,574,0.0
pt_coup_failed,575,0.0
pt_coup_failed,576,0.0
pt_coup_failed,577,0.0
pt_coup_failed,578,0.0
pt_coup_failed,579,0.0
pt_coup_failed,580,0.0
pt_coup_failed,581,0.0
pt_coup_failed,582,0.0
pt_coup_failed,583,0.0
pt_coup_failed,584,0.0
pt_coup_failed,585,0.0
pt_coup_failed,586,0.0
pt_coup_failed,587,0.0
pt_coup_failed,588,0.0
pt_coup_failed,589,0.0
pt_coup_failed,590,0.0
pt_coup_failed,591,0.0
pt_coup_failed,592,0.0
pt_coup_failed,593,0.0
pt_coup_failed,594,0.0
pt_coup_failed,595,0.0
pt_coup_failed,596,0.0
pt_coup_failed,597,0.0
pt_coup_failed,598,0.0
pt_coup_failed,599,0.0
pt_coup_failed,600,0.0
pt_coup_failed,601,0.0
pt_coup_failed,602,0.0
pt_coup_failed,603,0.0
pt_coup_failed,604,0.0
pt_coup_failed,605,0.0
pt_coup_failed,606,0.0
pt_coup_failed,607,0.0
pt_coup_failed,608,0.0
pt_coup_failed,609,0.0
pt_coup_failed,610,0.0
pt_coup_failed,611,0.0
pt_coup_failed,612,0.0
pt_coup_failed,613,0.0
pt_coup_failed,614,0.0
pt_coup_failed,615,0.0
pt_coup_failed,616,0.0
pt_coup_failed,617,0.0
pt_coup_failed,618,0.0
pt_coup_failed,619,0.0
pt_coup_failed,620,0.0
pt_coup_failed,621,0.0
pt_coup_failed,622,0.0
pt_coup_failed,623,0.0
pt_coup_failed,624,0.0
pt_coup_failed,625,0.0
pt_coup_failed,626,0.0
pt_coup_failed,627,0.0
pt_coup_failed,628,0.0
pt_coup_failed,629,0.0
pt_coup_failed,630,0.0
pt_coup_failed,631,0.0
pt_coup_failed,632,0.0
pt_coup_failed,633,0.0
pt_coup_failed,634,0.0
pt_coup_failed,635,0.0
pt_coup_failed,636,0.0
pt_coup_failed,637,0.0
pt_coup_failed,638,0.0
pt_coup_failed,639,0.0
pt_coup_failed,640,0.0
pt_coup_failed,641,0.0
pt_coup_failed,642,0.0
pt_coup_failed,643,0.0
pt_coup_failed,644,0.0
pt_coup_failed,645,0.0
pt_coup_failed,646,0.0
pt_coup_failed,647,0.0
pt_coup_failed,648,0.0
pt_coup_failed,649,0.0
pt_coup_failed,650,0.0
pt_coup_failed,651,0.0
pt_coup_failed,652,0.0
pt_coup_failed,653,0.0
pt_coup_failed,654,0.0
pt_coup_failed,655,0.0
pt_coup_failed,656,0.0
pt_coup_failed,657,0.0
pt_coup_failed,658,0.0
pt_coup_failed,659,0.0
pt_coup_failed,660,0.0
pt_coup_failed,661,0.0
pt_coup_failed,662,0.0
pt_coup_failed,663,0.0
pt_coup_failed,664,0.0
pt_coup_failed,665,0.0
pt_coup_failed,666,0.0
pt_coup_failed,667,0.0
pt_coup_failed,668,0.0
pt_coup_failed,669,0.0
pt_coup_failed,670,0.0
pt_coup_failed,671,0.0
pt_coup_failed,672,0.0
pt_coup_failed,673,0.0
pt_coup_failed,674,0.0
pt_coup_failed,675,0.0
pt_coup_failed,676,0.0
pt_coup_failed,677,0.0
pt_coup_failed,678,0.0
pt_coup_failed,679,0.0
pt_coup_failed,680,0.0
pt_coup_failed,681,0.0
pt_coup_failed,682,0.0
pt_coup_failed,683,0.0
pt_coup_failed,684,0.0
pt_coup_failed,685,0.0
pt_coup_failed,686,0.0
pt_coup_failed,687,0.0
pt_coup_failed,688,0.0
pt_coup_failed,689,0.0
pt_coup_failed,690,0.0
pt_coup_failed,691,0.0
pt_coup_failed,692,0.0
pt_coup_failed,693,0.0
pt_coup_failed,694,0.0
pt_coup_failed,695,0.0
pt_coup_failed,696,0.0
pt_coup_failed,697,0.0
pt_coup_failed,698,0.0
pt_coup_failed,699,0.0
pt_coup_failed,700,0.0
pt_coup_failed,701,0.0
pt_coup_failed,702,0.0
pt_coup_failed,703,0.0
pt_coup_failed,704,0.0
pt_coup_failed,705,0.0
pt_coup_failed,706,0.0
pt_coup_failed,707,0.0
pt_coup_failed,708,0.0
pt_coup_failed,709,0.0
pt_coup_failed,710,0.0
pt_coup_failed,711,0.0
pt_coup_failed,712,0.0
pt_coup_failed,713,0.0
pt_coup_failed,714,0.0
pt_coup_failed,715,0.0
pt_coup_failed,716,0.0
pt_coup_failed,717,0.0
pt_coup_failed,718,0.0
pt_coup_failed,719,0.0
pt_coup_failed,720,0.0
pt_coup_failed,721,0.0
pt_coup_failed,722,0.0
pt_coup_failed,723,0.0
pt_coup_failed,724,0.0
pt_coup_failed,725,0.0
pt_coup_failed,726,0.0
pt_coup_failed,727,0.0
pt_coup_failed,728,0.0
pt_coup_failed,729,0.0
pt_coup_failed,730,0.0
pt_coup_failed,731,0.0
pt_coup_failed,732,0.0
pt_coup_failed,733,0.0
pt_coup_failed,734,0.0
pt_coup_failed,735,0.0
pt_coup_failed,736,0.0
pt_coup_failed,737,0.0
pt_coup_failed,738,0.0
pt_coup_failed,739,0.0
pt_coup_failed,740,0.0
pt_coup_failed,741,0.0
pt_coup_failed,742,0.0
pt_coup_failed,743,0.0
pt_coup_failed,744,0.0
pt_coup_failed,745,0.0
pt_coup_failed,746,0.0
pt_coup_failed,747,0.0
pt_coup_failed,748,0.0
pt_coup_failed,749,0.0
pt_coup_failed,750,0.0
pt_coup_failed,751,0.0
pt_coup_failed,752,0.0
pt_coup_failed,753,0.0
pt_coup_failed,754,0.0
pt_coup_failed,755,0.0
pt_coup_failed,756,0.0
pt_coup_failed,757,0.0
pt_coup_failed,758,0.0
pt_coup_failed,759,0.0
pt_coup_failed,760,0.0
pt_coup_failed,761,0.0
pt_coup_failed,762,0.0
pt_coup_failed,763,0.0
pt_coup_failed,764,0.0
pt_coup_failed,765,0.0
pt_coup_failed,766,0.0
pt_coup_failed,767,0.0
pt_coup_failed,768,0.0
pt_coup_failed,769,0.0
pt_coup_failed,770,0.0
pt_coup_failed,771,0.0
pt_coup_failed,772,0.0
pt_coup_failed,773,0.0
pt_coup_failed,774,0.0
pt_coup_failed,775,0.0
pt_coup_failed,776,0.0
pt_coup_failed,777,0.0
pt_coup_failed,778,0.0
pt_coup_failed,779,0.0
pt_coup_failed,780,0.0
pt_coup_failed,781,0.0
pt_coup_failed,782,0.0
pt_coup_failed,783,0.0
pt_coup_failed,784,0.0
pt_coup_failed,785,0.0
pt_coup_failed,786,0.0
pt_coup_failed,787,0.0
pt_coup_failed,788,0.0
pt_coup_failed,789,0.0
pt_coup_failed,790,0.0
pt_coup_failed,791,0.0
pt_coup_failed,792,0.0
pt_coup_failed,793,0.0
pt_coup_failed,794,0.0
pt_coup_failed,795,0.0
pt_coup_failed,796,0.0
pt_coup_failed,797,0.0
pt_coup_failed,798,0.0
pt_coup_failed,799,0.0
pt_coup_failed,800,0.0
pt_coup_failed,801,0.0
pt_coup_failed,802,0.0
pt_coup_failed,803,0.0
pt_coup_failed,804,0.0
pt_coup_failed,805,0.0
pt_coup_failed,806,0.0
pt_coup_failed,807,0.0
pt_coup_failed,808,0.0
pt_coup_failed,809,0.0
pt_coup_failed,810,0.0
pt_coup_failed,811,0.0
pt_coup_failed,812,0.0
pt_coup_failed,813,0.0
pt_coup_failed,814,0.0
pt_coup_failed,815,0.0
pt_coup_failed,816,0.0
pt_coup_failed,817,0.0
pt_coup_failed,818,0.0
pt_coup_failed,819,0.0
pt_coup_failed,820,0.0
pt_coup_failed,821,0.0
pt_coup_failed,822,0.0
pt_coup_failed,823,0.0
pt_coup_failed,824,0.0
pt_coup_failed,825,0.0
pt_coup_failed,826,0.0
pt_coup_failed,827,0.0
pt_coup_failed,828,0.0
pt_coup_failed,829,0.0
pt_coup_failed,830,0.0
pt_coup_failed,831,0.0
pt_coup_failed,832,0.0
pt_coup_failed,833,0.0
pt_coup_failed,834,0.0
pt_coup_failed,835,0.0
pt_coup_failed,836,0.0
pt_coup_failed,837,0.0
pt_coup_failed,838,0.0
pt_coup_failed,839,0.0
pt_coup_failed,840,0.0
pt_coup_failed,841,0.0
pt_coup_failed,842,0.0
pt_coup_failed,843,0.0
pt_coup_failed,844,0.0
pt_coup_failed,845,0.0
pt_coup_failed,846,0.0
pt_coup_failed,847,0.0
pt_coup_failed,848,0.0
pt_coup_failed,849,0.0
pt_coup_failed,850,0.0
pt_coup_failed,851,0.0
pt_coup_failed,852,0.0
pt_coup_failed,853,0.0
pt_coup_failed,854,0.0
pt_coup_failed,855,0.0
pt_coup_failed,856,0.0
pt_coup_failed,857,0.0
pt_coup_failed,858,0.0
pt_coup_failed,859,0.0
pt_coup_failed,860,0.0
pt_coup_failed,861,0.0
pt_coup_failed,862,0.0
pt_coup_failed,863,0.0
pt_coup_failed,864,0.0
pt_coup_failed,865,0.0
pt_coup_failed,866,0.0
pt_coup_failed,867,0.0
pt_coup_failed,868,0.0
pt_coup_failed,869,0.0
pt_coup_failed,870,0.0
pt_coup_failed,871,0.0
pt_coup_failed,872,0.0
pt_coup_failed,873,0.0
pt_coup_failed,874,0.0
pt_coup_failed,875,0.0
pt_coup_failed,876,0.0
pt_coup_failed,877,0.0
pt_coup_failed,878,0.0
pt_coup_failed,879,0.0
pt_coup_failed,880,0.0
pt_coup_failed,881,0.0
pt_coup_failed,882,0.0
pt_coup_failed,883,0.0
pt_coup_failed,884,0.0
pt_coup_failed,885,0.0
pt_coup_failed,886,0.0
pt_coup_failed,887,0.0
pt_coup_failed,888,0.0
pt_coup_failed,889,0.0
pt_coup_failed,890,0.0
pt_coup_failed,891,0.0
pt_coup_failed,892,0.0
pt_coup_failed,893,0.0
pt_coup_failed,894,0.0
pt_coup_failed,895,0.0
pt_coup_failed,896,0.0
pt_coup_failed,897,0.0
pt_coup_failed,898,0.0
pt_coup_failed,899,0.0
pt_coup_failed,900,0.0
pt_coup_failed,901,0.0
pt_coup_failed,902,0.0
pt_coup_failed,903,0.0
pt_coup_failed,904,0.0
pt_coup_failed,905,0.0
pt_coup_failed,906,0.0
pt_coup_failed,907,0.0
pt_coup_failed,908,0.0
pt_coup_failed,909,0.0
pt_coup_failed,910,0.0
pt_coup_failed,911,0.0
pt_coup_failed,912,0.0
pt_coup_failed,913,0.0
pt_coup_failed,914,0.0
pt_coup_failed,915,0.0
pt_coup_failed,916,0.0
pt_coup_failed,917,0.0
pt_coup_failed,918,0.0
pt_coup_failed,919,0.0
pt_coup_failed,920,0.0
pt_coup_failed,921,0.0
pt_coup_failed,922,0.0
pt_coup_failed,923,0.0
pt_coup_failed,924,0.0
pt_coup_failed,925,0.0
pt_coup_failed,926,0.0
pt_coup_failed,927,0.0
pt_coup_failed,928,0.0
pt_coup_failed,929,0.0
pt_coup_failed,930,0.0
pt_coup_failed,931,0.0
pt_coup_failed,932,0.0
pt_coup_failed,933,0.0
pt_coup_failed,934,0.0
pt_coup_failed,935,0.0
pt_coup_failed,936,0.0
pt_coup_failed,937,0.0
pt_coup_failed,938,0.0
pt_coup_failed,939,0.0
pt_coup_failed,940,0.0
pt_coup_failed,941,0.0
pt_coup_failed,942,0.0
pt_coup_failed,943,0.0
pt_coup_failed,944,0.0
pt_coup_failed,945,0.0
pt_coup_failed,946,0.0
pt_coup_failed,947,0.0
pt_coup_failed,948,0.0
pt_coup_failed,949,0.0
pt_coup_failed,950,0.0
pt_coup_failed,951,0.0
pt_coup_failed,952,0.0
pt_coup_failed,953,0.0
pt_coup_failed,954,0.0
pt_coup_failed,955,0.0
pt_coup_failed,956,0.0
pt_coup_failed,957,0.0
pt_coup_failed,958,0.0
pt_coup_failed,959,0.0
pt_coup_failed,960,0.0
pt_coup_failed,961,0.0
pt_coup_failed,962,0.0
pt_coup_failed,963,0.0
pt_coup_failed,964,0.0
pt_coup_failed,965,0.0
pt_coup_failed,966,0.0
pt_coup_failed,967,0.0
pt_coup_failed,968,0.0
pt_coup_failed,969,0.0
pt_coup_failed,970,0.0
pt_coup_failed,971,0.0
pt_coup_failed,972,0.0
pt_coup_failed,973,0.0
pt_coup_failed,974,0.0
pt_coup_failed,975,0.0
pt_coup_failed,976,0.0
pt_coup_failed,977,0.0
pt_coup_failed,978,0.0
pt_coup_failed,979,0.0
pt_coup_failed,980,0.0
pt_coup_failed,981,0.0
pt_coup_failed,982,0.0
pt_coup_failed,983,0.0
pt_coup_failed,984,0.0
pt_coup_failed,985,0.0
pt_coup_failed,986,0.0
pt_coup_failed,987,0.0
pt_coup_failed,988,0.0
pt_coup_failed,989,0.0
pt_coup_failed,990,0.0
pt_coup_failed,991,0.0
pt_coup_failed,992,0.0
pt_coup_failed,993,0.0
pt_coup_failed,994,0.0
pt_coup_failed,995,0.0
pt_coup_failed,996,0.0
pt_coup_failed,997,0.0
pt_coup_failed,998,0.0
pt_coup_failed,999,0.0
pt_coup_failed,1000,0.0
pt_coup_failed,1001,0.0
pt_coup_failed,1002,0.0
pt_coup_failed,1003,0.0
pt_coup_failed,1004,0.0
pt_coup_failed,1005,0.0
pt_coup_failed,1006,0.0
pt_coup_failed,1007,0.0
pt_coup_failed,1008,0.0
pt_coup_failed,1009,0.0
pt_coup_failed,1010,0.0
pt_coup_failed,1011,0.0
pt_coup_failed,1012,0.0
pt_coup_failed,1013,0.0
pt_coup_failed,1014,0.0
pt_coup_failed,1015,0.0
pt_coup_failed,1016,0.0
pt_coup_failed,1017,0.0
pt_coup_failed,1018,0.0
pt_coup_failed,1019,0.0
pt_coup_failed,1020,0.0
pt_coup_failed,1021,0.0
pt_coup_failed,1022,0.0
pt_coup_failed,1023,0.0
pt_coup_failed,1024,0.0
pt_coup_failed,1025,0.0
pt_coup_failed,1026,0.0
pt_coup_failed,1027,0.0
pt_coup_failed,1028,0.0
pt_coup_failed,1029,0.0
pt_coup_failed,1030,0.0
pt_coup_failed,1031,0.0
pt_coup_failed,1032,0.0
pt_coup_failed,1033,0.0
pt_coup_failed,1034,0.0
pt_coup_failed,1035,0.0
pt_coup_failed,1036,0.0
pt_coup_failed,1037,0.0
pt_coup_failed,1038,0.0
pt_coup_failed,1039,0.0
pt_coup_failed,1040,0.0
pt_coup_failed,1041,0.0
pt_coup_failed,1042,0.0
pt_coup_failed,1043,0.0
pt_coup_failed,1044,0.0
pt_coup_failed,1045,0.0
pt_coup_failed,1046,0.0
pt_coup_failed,1047,0.0
pt_coup_failed,1048,0.0
pt_coup_failed,1049,0.0
pt_coup_failed,1050,0.0
pt_coup_failed,1051,0.0
pt_coup_failed,1052,0.0
pt_coup_failed,1053,0.0
pt_coup_failed,1054,0.0
pt_coup_failed,1055,0.0
pt_coup_failed,1056,0.0
pt_coup_failed,1057,0.0
pt_coup_failed,1058,0.0
pt_coup_failed,1059,0.0
pt_coup_failed,1060,0.0
pt_coup_failed,1061,0.0
pt_coup_failed,1062,0.0
pt_coup_failed,1063,0.0
pt_coup_failed,1064,0.0
pt_coup_failed,1065,0.0
pt_coup_failed,1066,0.0
pt_coup_failed,1067,0.0
pt_coup_failed,1068,0.0
pt_coup_failed,1069,0.0
pt_coup_failed,1070,0.0
pt_coup_failed,1071,0.0
pt_coup_failed,1072,0.0
pt_coup_failed,1073,0.0
pt_coup_failed,1074,0.0
pt_coup_failed,1075,0.0
pt_coup_failed,1076,0.0
pt_coup_failed,1077,0.0
pt_coup_failed,1078,0.0
pt_coup_failed,1079,0.0
pt_coup_failed,1080,0.0
pt_coup_failed,1081,0.0
pt_coup_failed,1082,0.0
pt_coup_failed,1083,0.0
pt_coup_failed,1084,0.0
pt_coup_failed,1085,0.0
pt_coup_failed,1086,0.0
pt_coup_failed,1087,0.0
pt_coup_failed,1088,0.0
pt_coup_failed,1089,0.0
pt_coup_failed,1090,0.0
pt_coup_failed,1091,0.0
pt_coup_failed,1092,0.0
pt_coup_failed,1093,0.0
pt_coup_failed,1094,0.0
pt_coup_failed,1095,0.0
pt_coup_failed,1096,0.0
pt_coup_failed,1097,0.0
pt_coup_failed,1098,0.0
pt_coup_failed,1099,0.0
pt_coup_failed,1100,0.0
pt_coup_failed,1101,0.0
pt_coup_failed,1102,0.0
pt_coup_failed,1103,0.0
pt_coup_failed,1104,0.0
pt_coup_failed,1105,0.0
pt_coup_failed,1106,0.0
pt_coup_failed,1107,0.0
pt_coup_failed,1108,0.0
pt_coup_failed,1109,0.0
pt_coup_failed,1110,0.0
pt_coup_failed,1111,0.0
pt_coup_failed,1112,0.0
pt_coup_failed,1113,0.0
pt_coup_failed,1114,0.0
pt_coup_failed,1115,0.0
pt_coup_failed,1116,0.0
pt_coup_failed,1117,0.0
pt_coup_failed,1118,0.0
pt_coup_failed,1119,0.0
pt_coup_failed,1120,0.0
pt_coup_failed,1121,0.0
pt_coup_failed,1122,0.0
pt_coup_failed,1123,0.0
pt_coup_failed,1124,0.0
pt_coup_failed,1125,0.0
pt_coup_failed,1126,0.0
pt_coup_failed,1127,0.0
pt_coup_failed,1128,0.0
pt_coup_failed,1129,0.0
pt_coup_failed,1130,0.0
pt_coup_failed,1131,0.0
pt_coup_failed,1132,0.0
pt_coup_failed,1133,0.0
pt_coup_failed,1134,0.0
pt_coup_failed,1135,0.0
pt_coup_failed,1136,0.0
pt_coup_failed,1137,0.0
pt_coup_failed,1138,0.0
pt_coup_failed,1139,0.0
pt_coup_failed,1140,0.0
pt_coup_failed,1141,0.0
pt_coup_failed,1142,0.0
pt_coup_failed,1143,0.0
pt_coup_failed,1144,0.0
pt_coup_failed,1145,0.0
pt_coup_failed,1146,0.0
pt_coup_failed,1147,0.0
pt_coup_failed,1148,0.0
pt_coup_failed,1149,0.0
pt_coup_failed,1150,0.0
pt_coup_failed,1151,0.0
pt_coup_failed,1152,0.0
pt_coup_failed,1153,0.0
pt_coup_failed,1154,0.0
pt_coup_failed,1155,0.0
pt_coup_failed,1156,0.0
pt_coup_failed,1157,0.0
pt_coup_failed,1158,0.0
pt_coup_failed,1159,0.0
pt_coup_failed,1160,0.0
pt_coup_failed,1161,0.0
pt_coup_failed,1162,0.0
pt_coup_failed,1163,0.0
pt_coup_failed,1164,0.0
pt_coup_failed,1165,0.0
pt_coup_failed,1166,0.0
pt_coup_failed,1167,0.0
pt_coup_failed,1168,0.0
pt_coup_failed,1169,0.0
pt_coup_failed,1170,0.0
pt_coup_failed,1171,0.0
pt_coup_failed,1172,0.0
pt_coup_failed,1173,0.0
pt_coup_failed,1174,0.0
pt_coup_failed,1175,0.0
pt_coup_failed,1176,0.0
pt_coup_failed,1177,0.0
pt_coup_failed,1178,0.0
pt_coup_failed,1179,0.0
pt_coup_failed,1180,0.0
pt_coup_failed,1181,0.0
pt_coup_failed,1182,0.0
pt_coup_failed,1183,0.0
pt_coup_failed,1184,0.0
pt_coup_failed,1185,0.0
pt_coup_failed,1186,0.0
pt_coup_failed,1187,0.0
pt_coup_failed,1188,0.0
pt_coup_failed,1189,0.0
pt_coup_failed,1190,0.0
pt_coup_failed,1191,0.0
pt_coup_failed,1192,0.0
pt_coup_failed,1193,0.0
pt_coup_failed,1194,0.0
pt_coup_failed,1195,0.0
pt_coup_failed,1196,0.0
pt_coup_failed,1197,0.0
pt_coup_failed,1198,0.0
pt_coup_failed,1199,0.0
pt_coup_failed,1200,0.0
pt_coup_failed,1201,0.0
pt_coup_failed,1202,0.0
pt_coup_failed,1203,0.0
pt_coup_failed,1204,0.0
pt_coup_failed,1205,0.0
pt_coup_failed,1206,0.0
pt_coup_failed,1207,0.0
pt_coup_failed,1208,0.0
pt_coup_failed,1209,0.0
pt_coup_failed,1210,0.0
pt_coup_failed,1211,0.0
pt_coup_failed,1212,0.0
pt_coup_failed,1213,0.0
pt_coup_failed,1214,0.0
pt_coup_failed,1215,0.0
pt_coup_failed,1216,0.0
pt_coup_failed,1217,0.0
pt_coup_failed,1218,0.0
pt_coup_failed,1219,0.0
pt_coup_failed,1220,0.0
pt_coup_failed,1221,0.0
pt_coup_failed,1222,0.0
pt_coup_failed,1223,0.0
pt_coup_failed,1224,0.0
pt_coup_failed,1225,0.0
pt_coup_failed,1226,0.0
pt_coup_failed,1227,0.0
pt_coup_failed,1228,0.0
pt_coup_failed,1229,0.0
pt_coup_failed,1230,0.0
pt_coup_failed,1231,0.0
pt_coup_failed,1232,0.0
pt_coup_failed,1233,0.0
pt_coup_failed,1234,0.0
pt_coup_failed,1235,0.0
pt_coup_failed,1236,0.0
pt_coup_failed,1237,0.0
pt_coup_failed,1238,0.0
pt_coup_failed,1239,0.0
pt_coup_failed,1240,0.0
pt_coup_failed,1241,0.0
pt_coup_failed,1242,0.0
pt_coup_failed,1243,0.0
pt_coup_failed,1244,0.0
pt_coup_failed,1245,0.0
pt_coup_failed,1246,0.0
pt_coup_failed,1247,0.0
pt_coup_failed,1248,0.0
pt_coup_failed,1249,0.0
pt_coup_failed,1250,0.0
pt_coup_failed,1251,0.0
pt_coup_failed,1252,0.0
pt_coup_failed,1253,0.0
pt_coup_failed,1254,0.0
pt_coup_failed,1255,0.0
pt_coup_failed,1256,0.0
pt_coup_failed,1257,0.0
pt_coup_failed,1258,0.0
pt_coup_failed,1259,0.0
pt_coup_failed,1260,0.0
pt_coup_failed,1261,0.0
pt_coup_failed,1262,0.0
pt_coup_failed,1263,0.0
pt_coup_failed,1264,0.0
pt_coup_failed,1265,0.0
pt_coup_failed,1266,0.0
pt_coup_failed,1267,0.0
pt_coup_failed,1268,0.0
pt_coup_failed,1269,0.0
pt_coup_failed,1270,0.0
pt_coup_failed,1271,0.0
pt_coup_failed,1272,0.0
pt_coup_failed,1273,0.0
pt_coup_failed,1274,0.0
pt_coup_failed,1275,0.0
pt_coup_failed,1276,0.0
pt_coup_failed,1277,0.0
pt_coup_failed,1278,0.0
pt_coup_failed,1279,0.0
pt_coup_failed,1280,0.0
pt_coup_failed,1281,0.0
pt_coup_failed,1282,0.0
pt_coup_failed,1283,0.0
pt_coup_failed,1284,0.0
pt_coup_failed,1285,0.0
pt_coup_failed,1286,0.0
pt_coup_failed,1287,0.0
pt_coup_failed,1288,0.0
pt_coup_failed,1289,0.0
pt_coup_failed,1290,0.0
pt_coup_failed,1291,0.0
pt_coup_failed,1292,0.0
pt_coup_failed,1293,0.0
pt_coup_failed,1294,0.0
pt_coup_failed,1295,0.0
pt_coup_failed,1296,0.0
pt_coup_failed,1297,0.0
pt_coup_failed,1298,0.0
pt_coup_failed,1299,0.0
pt_coup_failed,1300,0.0
pt_coup_failed,1301,0.0
pt_coup_failed,1302,0.0
pt_coup_failed,1303,0.0
pt_coup_failed,1304,0.0
pt_coup_failed,1305,0.0
pt_coup_failed,1306,0.0
pt_coup_failed,1307,0.0
pt_coup_failed,1308,0.0
pt_coup_failed,1309,0.0
pt_coup_failed,1310,0.0
pt_coup_failed,1311,0.0
pt_coup_failed,1312,0.0
pt_coup_failed,1313,0.0
pt_coup_failed,1314,0.0
pt_coup_failed,1315,0.0
pt_coup_failed,1316,0.0
pt_coup_failed,1317,0.0
pt_coup_failed,1318,0.0
pt_coup_failed,1319,0.0
pt_coup_failed,1320,0.0
pt_coup_failed,1321,0.0
pt_coup_failed,1322,0.0
pt_coup_failed,1323,0.0
pt_coup_failed,1324,0.0
pt_coup_failed,1325,0.0
pt_coup_failed,1326,0.0
pt_coup_failed,1327,0.0
pt_coup_failed,1328,0.0
pt_coup_failed,1329,0.0
pt_coup_failed,1330,0.0
pt_coup_failed,1331,0.0
pt_coup_failed,1332,0.0
pt_coup_failed,1333,0.0
pt_coup_failed,1334,0.0
pt_coup_failed,1335,0.0
pt_coup_failed,1336,0.0
pt_coup_failed,1337,0.0
pt_coup_failed,1338,0.0
pt_coup_failed,1339,0.0
pt_coup_failed,1340,0.0
pt_coup_failed,1341,0.0
pt_coup_failed,1342,0.0
pt_coup_failed,1343,0.0
pt_coup_failed,1344,0.0
pt_coup_failed,1345,0.0
pt_coup_failed,1346,0.0
pt_coup_failed,1347,0.0
pt_coup_failed,1348,0.0
pt_coup_failed,1349,0.0
pt_coup_failed,1350,0.0
pt_coup_failed,1351,0.0
pt_coup_failed,1352,0.0
pt_coup_failed,1353,0.0
pt_coup_failed,1354,0.0
pt_coup_failed,1355,0.0
pt_coup_failed,1356,0.0
pt_coup_failed,1357,0.0
pt_coup_failed,1358,0.0
pt_coup_failed,1359,0.0
pt_coup_failed,1360,0.0
pt_coup_failed,1361,0.0
pt_coup_failed,1362,0.0
pt_coup_failed,1363,0.0
pt_coup_failed,1364,0.0
pt_coup_failed,1365,0.0
pt_coup_failed,1366,0.0
pt_coup_failed,1367,0.0
pt_coup_failed,1368,0.0
pt_coup_failed,1369,0.0
pt_coup_failed,1370,0.0
pt_coup_failed,1371,0.0
pt_coup_failed,1372,0.0
pt_coup_failed,1373,0.0
pt_coup_failed,1374,0.0
pt_coup_failed,1375,0.0
pt_coup_failed,1376,0.0
pt_coup_failed,1377,0.0
pt_coup_failed,1378,0.0
pt_coup_failed,1379,0.0
pt_coup_failed,1380,0.0
pt_coup_failed,1381,0.0
pt_coup_failed,1382,0.0
pt_coup_failed,1383,0.0
pt_coup_failed,1384,0.0
pt_coup_failed,1385,0.0
pt_coup_failed,1386,0.0
pt_coup_failed,1387,0.0
pt_coup_failed,1388,0.0
pt_coup_failed,1389,0.0
pt_coup_failed,1390,0.0
pt_coup_failed,1391,0.0
pt_coup_failed,1392,0.0
pt_coup_failed,1393,0.0
pt_coup_failed,1394,0.0
pt_coup_failed,1395,0.0
pt_coup_failed,1396,0.0
pt_coup_failed,1397,0.0
pt_coup_failed,1398,0.0
pt_coup_failed,1399,0.0
pt_coup_failed,1400,0.0
pt_coup_failed,1401,0.0
pt_coup_failed,1402,0.0
pt_coup_failed,1403,0.0
pt_coup_failed,1404,0.0
pt_coup_failed,1405,0.0
pt_coup_failed,1406,0.0
pt_coup_failed,1407,0.0
pt_coup_failed,1408,0.0
pt_coup_failed,1409,0.0
pt_coup_failed,1410,0.0
pt_coup_failed,1411,0.0
pt_coup_failed,1412,0.0
pt_coup_failed,1413,0.0
pt_coup_failed,1414,0.0
pt_coup_failed,1415,0.0
pt_coup_failed,1416,0.0
pt_coup_failed,1417,0.0
pt_coup_failed,1418,0.0
pt_coup_failed,1419,0.0
pt_coup_failed,1420,0.0
pt_coup_failed,1421,0.0
pt_coup_failed,1422,0.0
pt_coup_failed,1423,0.0
pt_coup_failed,1424,0.0
pt_coup_failed,1425,0.0
pt_coup_failed,1426,0.0
pt_coup_failed,1427,0.0
pt_coup_failed,1428,0.0
pt_coup_failed,1429,0.0
pt_coup_failed,1430,0.0
pt_coup_failed,1431,0.0
pt_coup_failed,1432,0.0
pt_coup_failed,1433,0.0
pt_coup_failed,1434,0.0
pt_coup_failed,1435,0.0
pt_coup_failed,1436,0.0
pt_coup_failed,1437,0.0
pt_coup_failed,1438,0.0
pt_coup_failed,1439,0.0
pt_coup_failed,1440,0.0
pt_coup_failed,1441,0.0
pt_coup_failed,1442,0.0
pt_coup_failed,1443,0.0
pt_coup_failed,1444,0.0
pt_coup_failed,1445,0.0
pt_coup_failed,1446,0.0
pt_coup_failed,1447,0.0
pt_coup_failed,1448,0.0
pt_coup_failed,1449,0.0
pt_coup_failed,1450,0.0
pt_coup_failed,1451,0.0
pt_coup_failed,1452,0.0
pt_coup_failed,1453,0.0
pt_coup_failed,1454,0.0
pt_coup_failed,1455,0.0
pt_coup_failed,1456,0.0
pt_coup_failed,1457,0.0
pt_coup_failed,1458,0.0
pt_coup_failed,1459,0.0
pt_coup_failed,1460,0.0
pt_coup_failed,1461,0.0
pt_coup_failed,1462,0.0
pt_coup_failed,1463,0.0
pt_coup_failed,1464,0.0
pt_coup_failed,1465,0.0
pt_coup_failed,1466,0.0
pt_coup_failed,1467,0.0
pt_coup_failed,1468,0.0
pt_coup_failed,1469,0.0
pt_coup_failed,1470,0.0
pt_coup_failed,1471,0.0
pt_coup_failed,1472,0.0
pt_coup_failed,1473,0.0
pt_coup_failed,1474,0.0
pt_coup_failed,1475,0.0
pt_coup_failed,1476,0.0
pt_coup_failed,1477,0.0
pt_coup_failed,1478,0.0
pt_coup_failed,1479,0.0
pt_coup_failed,1480,0.0
pt_coup_failed,1481,0.0
pt_coup_failed,1482,0.0
pt_coup_failed,1483,0.0
pt_coup_failed,1484,0.0
pt_coup_failed,1485,0.0
pt_coup_failed,1486,0.0
pt_coup_failed,1487,0.0
pt_coup_failed,1488,0.0
pt_coup_failed,1489,0.0
pt_coup_failed,1490,0.0
pt_coup_failed,1491,0.0
pt_coup_failed,1492,0.0
pt_coup_failed,1493,0.0
pt_coup_failed,1494,0.0
pt_coup_failed,1495,0.0
pt_coup_failed,1496,0.0
pt_coup_failed,1497,0.0
pt_coup_failed,1498,0.0
pt_coup_failed,1499,0.0
pt_coup_failed,1500,0.0
pt_coup_failed,1501,0.0
pt_coup_failed,1502,0.0
pt_coup_failed,1503,0.0
pt_coup_failed,1504,0.0
pt_coup_failed,1505,0.0
pt_coup_failed,1506,0.0
pt_coup_failed,1507,0.0
pt_coup_failed,1508,0.0
pt_coup_failed,1509,0.0
pt_coup_failed,1510,0.0
pt_coup_failed,1511,0.0
pt_coup_failed,1512,0.0
pt_coup_failed,1513,0.0
pt_coup_failed,1514,0.0
pt_coup_failed,1515,0.0
pt_coup_failed,1516,0.0
pt_coup_failed,1517,0.0
pt_coup_failed,1518,0.0
pt_coup_failed,1519,0.0
pt_coup_failed,1520,0.0
pt_coup_failed,1521,0.0
pt_coup_failed,1522,0.0
pt_coup_failed,1523,0.0
pt_coup_failed,1524,0.0
pt_coup_failed,1525,0.0
pt_coup_failed,1526,0.0
pt_coup_failed,1527,0.0
pt_coup_failed,1528,0.0
pt_coup_failed,1529,0.0
pt_coup_failed,1530,0.0
pt_coup_failed,1531,0.0
pt_coup_failed,1532,0.0
pt_coup_failed,1533,0.0
pt_coup_failed,1534,0.0
pt_coup_failed,1535,0.0
pt_coup_failed,1536,0.0
pt_coup_failed,1537,0.0
pt_coup_failed,1538,0.0
pt_coup_failed,1539,0.0
pt_coup_failed,1540,0.0
pt_coup_failed,1541,0.0
pt_coup_failed,1542,0.0
pt_coup_failed,1543,0.0
pt_coup_failed,1544,0.0
pt_coup_failed,1545,0.0
pt_coup_failed,1546,0.0
pt_coup_failed,1547,0.0
pt_coup_failed,1548,0.0
pt_coup_failed,1549,0.0
pt_coup_failed,1550,0.0
pt_coup_failed,1551,0.0
pt_coup_failed,1552,0.0
pt_coup_failed,1553,0.0
pt_coup_failed,1554,0.0
pt_coup_failed,1555,0.0
pt_coup_failed,1556,0.0
pt_coup_failed,1557,0.0
pt_coup_failed,1558,0.0
pt_coup_failed,1559,0.0
pt_coup_failed,1560,0.0
pt_coup_failed,1561,0.0
pt_coup_failed,1562,0.0
pt_coup_failed,1563,0.0
pt_coup_failed,1564,0.0
pt_coup_failed,1565,0.0
pt_coup_failed,1566,0.0
pt_coup_failed,1567,0.0
pt_coup_failed,1568,0.0
pt_coup_failed,1569,0.0
pt_coup_failed,1570,0.0
pt_coup_failed,1571,0.0
pt_coup_failed,1572,0.0
pt_coup_failed,1573,0.0
pt_coup_failed,1574,0.0
pt_coup_failed,1575,0.0
pt_coup_failed,1576,0.0
pt_coup_failed,1577,0.0
pt_coup_failed,1578,0.0
pt_coup_failed,1579,0.0
pt_coup_failed,1580,0.0
pt_coup_failed,1581,0.0
pt_coup_failed,1582,0.0
pt_coup_failed,1583,0.0
pt_coup_failed,1584,0.0
pt_coup_failed,1585,0.0
pt_coup_failed,1586,0.0
pt_coup_failed,1587,0.0
pt_coup_failed,1588,0.0
pt_coup_failed,1589,0.0
pt_coup_failed,1590,0.0
pt_coup_failed,1591,0.0
pt_coup_failed,1592,0.0
pt_coup_failed,1593,0.0
pt_coup_failed,1594,0.0
pt_coup_failed,1595,0.0
pt_coup_failed,1596,0.0
pt_coup_failed,1597,0.0
pt_coup_failed,1598,0.0
pt_coup_failed,1599,0.0
pt_coup_failed,1600,0.0
pt_coup_failed,1601,0.0
pt_coup_failed,1602,0.0
pt_coup_failed,1603,0.0
pt_coup_failed,1604,0.0
pt_coup_failed,1605,0.0
pt_coup_failed,1606,0.0
pt_coup_failed,1607,0.0
pt_coup_failed,1608,0.0
pt_coup_failed,1609,0.0
pt_coup_failed,1610,0.0
pt_coup_failed,1611,0.0
pt_coup_failed,1612,0.0
pt_coup_failed,1613,0.0
pt_coup_failed,1614,0.0
pt_coup_failed,1615,0.0
pt_coup_failed,1616,0.0
pt_coup_failed,1617,0.0
pt_coup_failed,1618,0.0
pt_coup_failed,1619,0.0
pt_coup_failed,1620,0.0
pt_coup_failed,1621,0.0
pt_coup_failed,1622,0.0
pt_coup_failed,1623,0.0
pt_coup_failed,1624,0.0
pt_coup_failed,1625,0.0
pt_coup_failed,1626,0.0
pt_coup_failed,1627,0.0
pt_coup_failed,1628,0.0
pt_coup_failed,1629,0.0
pt_coup_failed,1630,0.0
pt_coup_failed,1631,0.0
pt_coup_failed,1632,0.0
pt_coup_failed,1633,0.0
pt_coup_failed,1634,0.0
pt_coup_failed,1635,0.0
pt_coup_failed,1636,0.0
pt_coup_failed,1637,0.0
pt_coup_failed,1638,0.0
pt_coup_failed,1639,0.0
pt_coup_failed,1640,0.0
pt_coup_failed,1641,0.0
pt_coup_failed,1642,0.0
pt_coup_failed,1643,0.0
pt_coup_failed,1644,0.0
pt_coup_failed,1645,0.0
pt_coup_failed,1646,0.0
pt_coup_failed,1647,0.0
pt_coup_failed,1648,0.0
pt_coup_failed,1649,0.0
pt_coup_failed,1650,0.0
pt_coup_failed,1651,0.0
pt_coup_failed,1652,0.0
pt_coup_failed,1653,0.0
pt_coup_failed,1654,0.0
pt_coup_failed,1655,0.0
pt_coup_failed,1656,0.0
pt_coup_failed,1657,0.0
pt_coup_failed,1658,0.0
pt_coup_failed,1659,0.0
pt_coup_failed,1660,0.0
pt_coup_failed,1661,0.0
pt_coup_failed,1662,0.0
pt_coup_failed,1663,0.0
pt_coup_failed,1664,0.0
pt_coup_failed,1665,0.0
pt_coup_failed,1666,0.0
pt_coup_failed,1667,0.0
pt_coup_failed,1668,0.0
pt_coup_failed,1669,0.0
pt_coup_failed,1670,0.0
pt_coup_failed,1671,0.0
pt_coup_failed,1672,0.0
pt_coup_failed,1673,0.0
pt_coup_failed,1674,0.0
pt_coup_failed,1675,0.0
pt_coup_failed,1676,0.0
pt_coup_failed,1677,0.0
pt_coup_failed,1678,0.0
pt_coup_failed,1679,0.0
pt_coup_failed,1680,0.0
pt_coup_failed,1681,0.0
pt_coup_failed,1682,0.0
pt_coup_failed,1683,0.0
pt_coup_failed,1684,0.0
pt_coup_failed,1685,0.0
pt_coup_failed,1686,0.0
pt_coup_failed,1687,0.0
pt_coup_failed,1688,0.0
pt_coup_failed,1689,0.0
pt_coup_failed,1690,0.0
pt_coup_failed,1691,0.0
pt_coup_failed,1692,0.0
pt_coup_failed,1693,0.0
pt_coup_failed,1694,0.0
pt_coup_failed,1695,0.0
pt_coup_failed,1696,0.0
pt_coup_failed,1697,0.0
pt_coup_failed,1698,0.0
pt_coup_failed,1699,0.0
pt_coup_failed,1700,0.0
pt_coup_failed,1701,0.0
pt_coup_failed,1702,0.0
pt_coup_failed,1703,0.0
pt_coup_failed,1704,0.0
pt_coup_failed,1705,0.0
pt_coup_failed,1706,0.0
pt_coup_failed,1707,0.0
pt_coup_failed,1708,0.0
pt_coup_failed,1709,0.0
pt_coup_failed,1710,0.0
pt_coup_failed,1711,0.0
pt_coup_failed,1712,0.0
pt_coup_failed,1713,0.0
pt_coup_failed,1714,0.0
pt_coup_failed,1715,0.0
pt_coup_failed,1716,0.0
pt_coup_failed,1717,0.0
pt_coup_failed,1718,0.0
pt_coup_failed,1719,0.0
pt_coup_failed,1720,0.0
pt_coup_failed,1721,0.0
pt_coup_failed,1722,0.0
pt_coup_failed,1723,0.0
pt_coup_failed,1724,0.0
pt_coup_failed,1725,0.0
pt_coup_failed,1726,0.0
pt_coup_failed,1727,0.0
pt_coup_failed,1728,0.0
pt_coup_failed,1729,0.0
pt_coup_failed,1730,0.0
pt_coup_failed,1731,0.0
pt_coup_failed,1732,0.0
pt_coup_failed,1733,0.0
pt_coup_failed,1734,0.0
pt_coup_failed,1735,0.0
pt_coup_failed,1736,0.0
pt_coup_failed,1737,0.0
pt_coup_failed,1738,0.0
pt_coup_failed,1739,0.0
pt_coup_failed,1740,0.0
pt_coup_failed,1741,0.0
pt_coup_failed,1742,0.0
pt_coup_failed,1743,0.0
pt_coup_failed,1744,0.0
pt_coup_failed,1745,0.0
pt_coup_failed,1746,0.0
pt_coup_failed,1747,0.0
pt_coup_failed,1748,0.0
pt_coup_failed,1749,0.0
pt_coup_failed,1750,0.0
pt_coup_failed,1751,0.0
pt_coup_failed,1752,0.0
pt_coup_failed,1753,0.0
pt_coup_failed,1754,0.0
pt_coup_failed,1755,0.0
pt_coup_failed,1756,0.0
pt_coup_failed,1757,0.0
pt_coup_failed,1758,0.0
pt_coup_failed,1759,0.0
pt_coup_failed,1760,0.0
pt_coup_failed,1761,0.0
pt_coup_failed,1762,0.0
pt_coup_failed,1763,0.0
pt_coup_failed,1764,0.0
pt_coup_failed,1765,0.0
pt_coup_failed,1766,0.0
pt_coup_failed,1767,0.0
pt_coup_failed,1768,0.0
pt_coup_failed,1769,0.0
pt_coup_failed,1770,0.0
pt_coup_failed,1771,0.0
pt_coup_failed,1772,0.0
pt_coup_failed,1773,0.0
pt_coup_failed,1774,0.0
pt_coup_failed,1775,0.0
pt_coup_failed,1776,0.0
pt_coup_failed,1777,0.0
pt_coup_failed,1778,0.0
pt_coup_failed,1779,0.0
pt_coup_failed,1780,0.0
pt_coup_failed,1781,0.0
pt_coup_failed,1782,0.0
pt_coup_failed,1783,0.0
pt_coup_failed,1784,0.0
pt_coup_failed,1785,0.0
pt_coup_failed,1786,0.0
pt_coup_failed,1787,0.0
pt_coup_failed,1788,0.0
pt_coup_failed,1789,0.0
pt_coup_failed,1790,0.0
pt_coup_failed,1791,0.0
pt_coup_failed,1792,0.0
pt_coup_failed,1793,0.0
pt_coup_failed,1794,0.0
pt_coup_failed,1795,0.0
pt_coup_failed,1796,0.0
pt_coup_failed,1797,0.0
pt_coup_failed,1798,0.0
pt_coup_failed,1799,0.0
pt_coup_failed,1800,0.0
pt_coup_failed,1801,0.0
pt_coup_failed,1802,0.0
pt_coup_failed,1803,0.0
pt_coup_failed,1804,0.0
pt_coup_failed,1805,0.0
pt_coup_failed,1806,0.0
pt_coup_failed,1807,0.0
pt_coup_failed,1808,0.0
pt_coup_failed,1809,0.0
pt_coup_failed,1810,0.0
pt_coup_failed,1811,0.0
pt_coup_failed,1812,0.0
pt_coup_failed,1813,0.0
pt_coup_failed,1814,0.0
pt_coup_failed,1815,0.0
pt_coup_failed,1816,0.0
pt_coup_failed,1817,0.0
pt_coup_failed,1818,0.0
pt_coup_failed,1819,0.0
pt_coup_failed,1820,0.0
pt_coup_failed,1821,0.0
pt_coup_failed,1822,0.0
pt_coup_failed,1823,0.0
pt_coup_failed,1824,0.0
pt_coup_failed,1825,0.0
pt_coup_failed,1826,0.0
pt_coup_failed,1827,0.0
pt_coup_failed,1828,0.0
pt_coup_failed,1829,0.0
pt_coup_failed,1830,0.0
pt_coup_failed,1831,0.0
pt_coup_failed,1832,0.0
pt_coup_failed,1833,0.0
pt_coup_failed,1834,0.0
pt_coup_failed,1835,0.0
pt_coup_failed,1836,0.0
pt_coup_failed,1837,0.0
pt_coup_failed,1838,0.0
pt_coup_failed,1839,0.0
pt_coup_failed,1840,0.0
pt_coup_failed,1841,0.0
pt_coup_failed,1842,0.0
pt_coup_failed,1843,0.0
pt_coup_failed,1844,0.0
pt_coup_failed,1845,0.0
pt_coup_failed,1846,0.0
pt_coup_failed,1847,0.0
pt_coup_failed,1848,0.0
pt_coup_failed,1849,0.0
pt_coup_failed,1850,0.0
pt_coup_failed,1851,0.0
pt_coup_failed,1852,0.0
pt_coup_failed,1853,0.0
pt_coup_failed,1854,0.0
pt_coup_failed,1855,0.0
pt_coup_failed,1856,0.0
pt_coup_failed,1857,0.0
pt_coup_failed,1858,0.0
pt_coup_failed,1859,0.0
pt_coup_failed,1860,0.0
pt_coup_failed,1861,0.0
pt_coup_failed,1862,0.0
pt_coup_failed,1863,0.0
pt_coup_failed,1864,0.0
pt_coup_failed,1865,0.0
pt_coup_failed,1866,0.0
pt_coup_failed,1867,0.0
pt_coup_failed,1868,0.0
pt_coup_failed,1869,0.0
pt_coup_failed,1870,0.0
pt_coup_failed,1871,0.0
pt_coup_failed,1872,0.0
pt_coup_failed,1873,0.0
pt_coup_failed,1874,0.0
pt_coup_failed,1875,0.0
pt_coup_failed,1876,0.0
pt_coup_failed,1877,0.0
pt_coup_failed,1878,0.0
pt_coup_failed,1879,0.0
pt_coup_failed,1880,0.0
pt_coup_failed,1881,0.0
pt_coup_failed,1882,0.0
pt_coup_failed,1883,0.0
pt_coup_failed,1884,0.0
pt_coup_failed,1885,0.0
pt_coup_failed,1886,0.0
pt_coup_failed,1887,0.0
pt_coup_failed,1888,0.0
pt_coup_failed,1889,0.0
pt_coup_failed,1890,0.0
pt_coup_failed,1891,0.0
pt_coup_failed,1892,0.0
pt_coup_failed,1893,0.0
pt_coup_failed,1894,0.0
pt_coup_failed,1895,0.0
pt_coup_failed,1896,0.0
pt_coup_failed,1897,0.0
pt_coup_failed,1898,0.0
pt_coup_failed,1899,0.0
pt_coup_failed,1900,0.0
pt_coup_failed,1901,0.0
pt_coup_failed,1902,0.0
pt_coup_failed,1903,0.0
pt_coup_failed,1904,0.0
pt_coup_failed,1905,0.0
pt_coup_failed,1906,0.0
pt_coup_failed,1907,0.0
pt_coup_failed,1908,0.0
pt_coup_failed,1909,0.0
pt_coup_failed,1910,0.0
pt_coup_failed,1911,0.0
pt_coup_failed,1912,0.0
pt_coup_failed,1913,0.0
pt_coup_failed,1914,0.0
pt_coup_failed,1915,0.0
pt_coup_failed,1916,0.0
pt_coup_failed,1917,0.0
pt_coup_failed,1918,0.0
pt_coup_failed,1919,0.0
pt_coup_failed,1920,0.0
pt_coup_failed,1921,0.0
pt_coup_failed,1922,0.0
pt_coup_failed,1923,0.0
pt_coup_failed,1924,0.0
pt_coup_failed,1925,0.0
pt_coup_failed,1926,0.0
pt_coup_failed,1927,0.0
pt_coup_failed,1928,0.0
pt_coup_failed,1929,0.0
pt_coup_failed,1930,0.0
pt_coup_failed,1931,0.0
pt_coup_failed,1932,0.0
pt_coup_failed,1933,0.0
pt_coup_failed,1934,0.0
pt_coup_failed,1935,0.0
pt_coup_failed,1936,0.0
pt_coup_failed,1937,0.0
pt_coup_failed,1938,0.0
pt_coup_failed,1939,0.0
pt_coup_failed,1940,0.0
pt_coup_failed,1941,0.0
pt_coup_failed,1942,0.0
pt_coup_failed,1943,0.0
pt_coup_failed,1944,0.0
pt_coup_failed,1945,0.0
pt_coup_failed,1946,0.0
pt_coup_failed,1947,0.0
pt_coup_failed,1948,0.0
pt_coup_failed,1949,0.0
pt_coup_failed,1950,0.0
pt_coup_failed,1951,0.0
pt_coup_failed,1952,0.0
pt_coup_failed,1953,0.0
pt_coup_failed,1954,0.0
pt_coup_failed,1955,0.0
pt_coup_failed,1956,0.0
pt_coup_failed,1957,0.0
pt_coup_failed,1958,0.0
pt_coup_failed,1959,0.0
pt_coup_failed,1960,0.0
pt_coup_failed,1961,0.0
pt_coup_failed,1962,0.0
pt_coup_failed,1963,0.0
pt_coup_failed,1964,0.0
pt_coup_failed,1965,0.0
pt_coup_failed,1966,0.0
pt_coup_failed,1967,0.0
pt_coup_failed,1968,0.0
pt_coup_failed,1969,0.0
pt_coup_failed,1970,0.0
pt_coup_failed,1971,0.0
pt_coup_failed,1972,0.0
pt_coup_failed,1973,0.0
pt_coup_failed,1974,0.0
pt_coup_failed,1975,0.0
pt_coup_failed,1976,0.0
pt_coup_failed,1977,0.0
pt_coup_failed,1978,0.0
pt_coup_failed,1979,0.0
pt_coup_failed,1980,0.0
pt_coup_failed,1981,0.0
pt_coup_failed,1982,0.0
pt_coup_failed,1983,0.0
pt_coup_failed,1984,0.0
pt_coup_failed,1985,0.0
pt_coup_failed,1986,0.0
pt_coup_failed,1987,0.0
pt_coup_failed,1988,0.0
pt_coup_failed,1989,0.0
pt_coup_failed,1990,0.0
pt_coup_failed,1991,0.0
pt_coup_failed,1992,0.0
pt_coup_failed,1993,0.0
pt_coup_failed,1994,0.0
pt_coup_failed,1995,0.0
pt_coup_failed,1996,0.0
pt_coup_failed,1997,0.0
pt_coup_failed,1998,0.0
pt_coup_failed,1999,0.0
pt_coup_failed,2000,0.0
pt_coup_failed,2001,0.0
pt_coup_failed,2002,0.0
pt_coup_failed,2003,0.0
pt_coup_failed,2004,0.0
pt_coup_failed,2005,0.0
pt_coup_failed,2006,0.0
pt_coup_failed,2007,0.0
pt_coup_failed,2008,0.0
pt_coup_failed,2009,0.0
pt_coup_failed,2010,0.0
pt_coup_failed,2011,0.0
pt_coup_failed,2012,0.0
pt_coup_failed,2013,0.0
pt_coup_failed,2014,0.0
pt_coup_failed,2015,0.0
pt_coup_failed,2016,0.0
pt_coup_failed,2017,0.0
pt_coup_failed,2018,0.0
pt_coup_failed,2019,0.0
pt_coup_failed,2020,0.0
pt_coup_failed,2021,0.0
pt_coup_failed,2022,0.0
pt_coup_failed,2023,0.0
pt_coup_failed,2024,0.0
pt_coup_failed,2025,0.0
pt_coup_failed,2026,0.0
pt_coup_failed,2027,0.0
pt_coup_failed,2028,0.0
pt_coup_failed,2029,0.0
pt_coup_failed,2030,0.0
pt_coup_failed,2031,0.0
pt_coup_failed,2032,0.0
pt_coup_failed,2033,0.0
pt_coup_failed,2034,0.0
pt_coup_failed,2035,0.0
pt_coup_failed,2036,0.0
pt_coup_failed,2037,0.0
pt_coup_failed,2038,0.0
pt_coup_failed,2039,0.0
pt_coup_failed,2040,0.0
pt_coup_failed,2041,0.0
pt_coup_failed,2042,0.0
pt_coup_failed,2043,0.0
pt_coup_failed,2044,0.0
pt_coup_failed,2045,0.0
pt_coup_failed,2046,0.0
pt_coup_failed,2047,0.0
pt_coup_failed,2048,0.0
pt_coup_failed,2049,0.0
pt_coup_failed,2050,0.0
pt_coup_failed,2051,0.0
pt_coup_failed,2052,0.0
pt_coup_failed,2053,0.0
pt_coup_failed,2054,0.0
pt_coup_failed,2055,0.0
pt_coup_failed,2056,0.0
pt_coup_failed,2057,0.0
pt_coup_failed,2058,0.0
pt_coup_failed,2059,0.0
pt_coup_failed,2060,0.0
pt_coup_failed,2061,0.0
pt_coup_failed,2062,0.0
pt_coup_failed,2063,0.0
pt_coup_failed,2064,0.0
pt_coup_failed,2065,0.0
pt_coup_failed,2066,0.0
pt_coup_failed,2067,0.0
pt_coup_failed,2068,0.0
pt_coup_failed,2069,0.0
pt_coup_failed,2070,0.0
pt_coup_failed,2071,0.0
pt_coup_failed,2072,0.0
pt_coup_failed,2073,0.0
pt_coup_failed,2074,0.0
pt_coup_failed,2075,0.0
pt_coup_failed,2076,0.0
pt_coup_failed,2077,0.0
pt_coup_failed,2078,0.0
pt_coup_failed,2079,0.0
pt_coup_failed,2080,0.0
pt_coup_failed,2081,0.0
pt_coup_failed,2082,0.0
pt_coup_failed,2083,0.0
pt_coup_failed,2084,0.0
pt_coup_failed,2085,0.0
pt_coup_failed,2086,0.0
pt_coup_failed,2087,0.0
pt_coup_failed,2088,0.0
pt_coup_failed,2089,0.0
pt_coup_failed,2090,0.0
pt_coup_failed,2091,0.0
pt_coup_failed,2092,0.0
pt_coup_failed,2093,0.0
pt_coup_failed,2094,0.0
pt_coup_failed,2095,0.0
pt_coup_failed,2096,0.0
pt_coup_failed,2097,0.0
pt_coup_failed,2098,0.0
pt_coup_failed,2099,0.0
pt_coup_failed,2100,0.0
pt_coup_failed,2101,0.0
pt_coup_failed,2102,0.0
pt_coup_failed,2103,0.0
pt_coup_failed,2104,0.0
pt_coup_failed,2105,0.0
pt_coup_failed,2106,0.0
pt_coup_failed,2107,0.0
pt_coup_failed,2108,0.0
pt_coup_failed,2109,0.0
pt_coup_failed,2110,0.0
pt_coup_failed,2111,0.0
pt_coup_failed,2112,0.0
pt_coup_failed,2113,0.0
pt_coup_failed,2114,0.0
pt_coup_failed,2115,0.0
pt_coup_failed,2116,0.0
pt_coup_failed,2117,0.0
pt_coup_failed,2118,0.0
pt_coup_failed,2119,0.0
pt_coup_failed,2120,0.0
pt_coup_failed,2121,0.0
pt_coup_failed,2122,0.0
pt_coup_failed,2123,0.0
pt_coup_failed,2124,0.0
pt_coup_failed,2125,0.0
pt_coup_failed,2126,0.0
pt_coup_failed,2127,0.0
pt_coup_failed,2128,0.0
pt_coup_failed,2129,0.0
pt_coup_failed,2130,0.0
pt_coup_failed,2131,0.0
pt_coup_failed,2132,0.0
pt_coup_failed,2133,0.0
pt_coup_failed,2134,0.0
pt_coup_failed,2135,0.0
pt_coup_failed,2136,0.0
pt_coup_failed,2137,0.0
pt_coup_failed,2138,0.0
pt_coup_failed,2139,0.0
pt_coup_failed,2140,0.0
pt_coup_failed,2141,0.0
pt_coup_failed,2142,0.0
pt_coup_failed,2143,0.0
pt_coup_failed,2144,0.0
pt_coup_failed,2145,0.0
pt_coup_failed,2146,0.0
pt_coup_failed,2147,0.0
pt_coup_failed,2148,0.0
pt_coup_failed,2149,0.0
pt_coup_failed,2150,0.0
pt_coup_failed,2151,0.0
pt_coup_failed,2152,0.0
pt_coup_failed,2153,0.0
pt_coup_failed,2154,0.0
pt_coup_failed,2155,0.0
pt_coup_failed,2156,0.0
pt_coup_failed,2157,0.0
pt_coup_failed,2158,0.0
pt_coup_failed,2159,0.0
pt_coup_failed,2160,0.0
pt_coup_failed,2161,0.0
pt_coup_failed,2162,0.0
pt_coup_failed,2163,0.0
pt_coup_failed,2164,0.0
pt_coup_failed,2165,0.0
pt_coup_failed,2166,0.0
pt_coup_failed,2167,0.0
pt_coup_failed,2168,0.0
pt_coup_failed,2169,0.0
pt_coup_failed,2170,0.0
pt_coup_failed,2171,0.0
pt_coup_failed,2172,0.0
pt_coup_failed,2173,0.0
pt_coup_failed,2174,0.0
pt_coup_failed,2175,0.0
pt_coup_failed,2176,0.0
pt_coup_failed,2177,0.0
pt_coup_failed,2178,0.0
pt_coup_failed,2179,0.0
pt_coup_failed,2180,0.0
pt_coup_failed,2181,0.0
pt_coup_failed,2182,0.0
pt_coup_failed,2183,0.0
pt_coup_failed,2184,0.0
pt_coup_failed,2185,0.0
pt_coup_failed,2186,0.0
pt_coup_failed,2187,0.0
pt_coup_failed,2188,0.0
pt_coup_failed,2189,0.0
pt_coup_failed,2190,0.0
pt_coup_failed,2191,0.0
pt_coup_failed,2192,0.0
pt_coup_failed,2193,0.0
pt_coup_failed,2194,0.0
pt_coup_failed,2195,0.0
pt_coup_failed,2196,0.0
pt_coup_failed,2197,0.0
pt_coup_failed,2198,0.0
pt_coup_failed,2199,0.0
pt_coup_failed,2200,0.0
pt_coup_failed,2201,0.0
pt_coup_failed,2202,0.0
pt_coup_failed,2203,0.0
pt_coup_failed,2204,0.0
pt_coup_failed,2205,0.0
pt_coup_failed,2206,0.0
pt_coup_failed,2207,0.0
pt_coup_failed,2208,0.0
pt_coup_failed,2209,0.0
pt_coup_failed,2210,0.0
pt_coup_failed,2211,0.0
pt_coup_failed,2212,0.0
pt_coup_failed,2213,0.0
pt_coup_failed,2214,0.0
pt_coup_failed,2215,0.0
pt_coup_failed,2216,0.0
pt_coup_failed,2217,0.0
pt_coup_failed,2218,0.0
pt_coup_failed,2219,0.0
pt_coup_failed,2220,0.0
pt_coup_failed,2221,0.0
pt_coup_failed,2222,0.0
pt_coup_failed,2223,0.0
pt_coup_failed,2224,0.0
pt_coup_failed,2225,0.0
pt_coup_failed,2226,0.0
pt_coup_failed,2227,0.0
pt_coup_failed,2228,0.0
pt_coup_failed,2229,0.0
pt_coup_failed,2230,0.0
pt_coup_failed,2231,0.0
pt_coup_failed,2232,0.0
pt_coup_failed,2233,0.0
pt_coup_failed,2234,0.0
pt_coup_failed,2235,0.0
pt_coup_failed,2236,0.0
pt_coup_failed,2237,0.0
pt_coup_failed,2238,0.0
pt_coup_failed,2239,0.0
pt_coup_failed,2240,0.0
pt_coup_failed,2241,0.0
pt_coup_failed,2242,0.0
pt_coup_failed,2243,0.0
pt_coup_failed,2244,0.0
pt_coup_failed,2245,0.0
pt_coup_failed,2246,0.0
pt_coup_failed,2247,0.0
pt_coup_failed,2248,0.0
pt_coup_failed,2249,0.0
pt_coup_failed,2250,0.0
pt_coup_failed,2251,0.0
pt_coup_failed,2252,0.0
pt_coup_failed,2253,0.0
pt_coup_failed,2254,0.0
pt_coup_failed,2255,0.0
pt_coup_failed,2256,0.0
pt_coup_failed,2257,0.0
pt_coup_failed,2258,0.0
pt_coup_failed,2259,0.0
pt_coup_failed,2260,0.0
pt_coup_failed,2261,0.0
pt_coup_failed,2262,0.0
pt_coup_failed,2263,0.0
pt_coup_failed,2264,0.0
pt_coup_failed,2265,0.0
pt_coup_failed,2266,0.0
pt_coup_failed,2267,0.0
pt_coup_failed,2268,0.0
pt_coup_failed,2269,0.0
pt_coup_failed,2270,0.0
pt_coup_failed,2271,0.0
pt_coup_failed,2272,0.0
pt_coup_failed,2273,0.0
pt_coup_failed,2274,0.0
pt_coup_failed,2275,0.0
pt_coup_failed,2276,0.0
pt_coup_failed,2277,0.0
pt_coup_failed,2278,0.0
pt_coup_failed,2279,0.0
pt_coup_failed,2280,0.0
pt_coup_failed,2281,0.0
pt_coup_failed,2282,0.0
pt_coup_failed,2283,0.0
pt_coup_failed,2284,0.0
pt_coup_failed,2285,0.0
pt_coup_failed,2286,0.0
pt_coup_failed,2287,0.0
pt_coup_failed,2288,0.0
pt_coup_failed,2289,0.0
pt_coup_failed,2290,0.0
pt_coup_failed,2291,0.0
pt_coup_failed,2292,0.0
pt_coup_failed,2293,0.0
pt_coup_failed,2294,0.0
pt_coup_failed,2295,0.0
pt_coup_failed,2296,0.0
pt_coup_failed,2297,0.0
pt_coup_failed,2298,0.0
pt_coup_failed,2299,0.0
pt_coup_failed,2300,0.0
pt_coup_failed,2301,0.0
pt_coup_failed,2302,0.0
pt_coup_failed,2303,0.0
pt_coup_failed,2304,0.0
pt_coup_failed,2305,0.0
pt_coup_failed,2306,0.0
pt_coup_failed,2307,0.0
pt_coup_failed,2308,0.0
pt_coup_failed,2309,0.0
pt_coup_failed,2310,0.0
pt_coup_failed,2311,0.0
pt_coup_failed,2312,0.0
pt_coup_failed,2313,0.0
pt_coup_failed,2314,0.0
pt_coup_failed,2315,0.0
pt_coup_failed,2316,0.0
pt_coup_failed,2317,0.0
pt_coup_failed,2318,0.0
pt_coup_failed,2319,0.0
pt_coup_failed,2320,0.0
pt_coup_failed,2321,0.0
pt_coup_failed,2322,0.0
pt_coup_failed,2323,0.0
pt_coup_failed,2324,0.0
pt_coup_failed,2325,0.0
pt_coup_failed,2326,0.0
pt_coup_failed,2327,0.0
pt_coup_failed,2328,0.0
pt_coup_failed,2329,0.0
pt_coup_failed,2330,0.0
pt_coup_failed,2331,0.0
pt_coup_failed,2332,0.0
pt_coup_failed,2333,0.0
pt_coup_failed,2334,0.0
pt_coup_failed,2335,0.0
pt_coup_failed,2336,0.0
pt_coup_failed,2337,0.0
pt_coup_failed,2338,0.0
pt_coup_failed,2339,0.0
pt_coup_failed,2340,0.0
pt_coup_failed,2341,0.0
pt_coup_failed,2342,0.0
pt_coup_failed,2343,0.0
pt_coup_failed,2344,0.0
pt_coup_failed,2345,0.0
pt_coup_failed,2346,0.0
pt_coup_failed,2347,0.0
pt_coup_failed,2348,0.0
pt_coup_failed,2349,0.0
pt_coup_failed,2350,0.0
pt_coup_failed,2351,0.0
pt_coup_failed,2352,0.0
pt_coup_failed,2353,0.0
pt_coup_failed,2354,0.0
pt_coup_failed,2355,0.0
pt_coup_failed,2356,0.0
pt_coup_failed,2357,0.0
pt_coup_failed,2358,0.0
pt_coup_failed,2359,0.0
pt_coup_failed,2360,0.0
pt_coup_failed,2361,0.0
pt_coup_failed,2362,0.0
pt_coup_failed,2363,0.0
pt_coup_failed,2364,0.0
pt_coup_failed,2365,0.0
pt_coup_failed,2366,0.0
pt_coup_failed,2367,0.0
pt_coup_failed,2368,0.0
pt_coup_failed,2369,0.0
pt_coup_failed,2370,0.0
pt_coup_failed,2371,0.0
pt_coup_failed,2372,0.0
pt_coup_failed,2373,0.0
pt_coup_failed,2374,0.0
pt_coup_failed,2375,0.0
pt_coup_failed,2376,0.0
pt_coup_failed,2377,0.0
pt_coup_failed,2378,0.0
pt_coup_failed,2379,0.0
pt_coup_failed,2380,0.0
pt_coup_failed,2381,0.0
pt_coup_failed,2382,0.0
pt_coup_failed,2383,0.0
pt_coup_failed,2384,0.0
pt_coup_failed,2385,0.0
pt_coup_failed,2386,0.0
pt_coup_failed,2387,0.0
pt_coup_failed,2388,0.0
pt_coup_failed,2389,0.0
pt_coup_failed,2390,0.0
pt_coup_failed,2391,0.0
pt_coup_failed,2392,0.0
pt_coup_failed,2393,0.0
pt_coup_failed,2394,0.0
pt_coup_failed,2395,0.0
pt_coup_failed,2396,0.0
pt_coup_failed,2397,0.0
pt_coup_failed,2398,0.0
pt_coup_failed,2399,0.0
pt_coup_failed,2400,0.0
pt_coup_failed,2401,0.0
pt_coup_failed,2402,0.0
pt_coup_failed,2403,0.0
pt_coup_failed,2404,0.0
pt_coup_failed,2405,0.0
pt_coup_failed,2406,0.0
pt_coup_failed,2407,0.0
pt_coup_failed,2408,0.0
pt_coup_failed,2409,0.0
pt_coup_failed,2410,0.0
pt_coup_failed,2411,0.0
pt_coup_failed,2412,0.0
pt_coup_failed,2413,0.0
pt_coup_failed,2414,0.0
pt_coup_failed,2415,0.0
pt_coup_failed,2416,0.0
pt_coup_failed,2417,0.0
pt_coup_failed,2418,0.0
pt_coup_failed,2419,0.0
pt_coup_failed,2420,0.0
pt_coup_failed,2421,0.0
pt_coup_failed,2422,0.0
pt_coup_failed,2423,0.0
pt_coup_failed,2424,0.0
pt_coup_failed,2425,0.0
pt_coup_failed,2426,0.0
pt_coup_failed,2427,0.0
pt_coup_failed,2428,0.0
pt_coup_failed,2429,0.0
pt_coup_failed,2430,0.0
pt_coup_failed,2431,0.0
pt_coup_failed,2432,0.0
pt_coup_failed,2433,0.0
pt_coup_failed,2434,0.0
pt_coup_failed,2435,0.0
pt_coup_failed,2436,0.0
pt_coup_failed,2437,0.0
pt_coup_failed,2438,0.0
pt_coup_failed,2439,0.0
pt_coup_failed,2440,0.0
pt_coup_failed,2441,0.0
pt_coup_failed,2442,0.0
pt_coup_failed,2443,0.0
pt_coup_failed,2444,0.0
pt_coup_failed,2445,0.0
pt_coup_failed,2446,0.0
pt_coup_failed,2447,0.0
pt_coup_failed,2448,0.0
pt_coup_failed,2449,0.0
pt_coup_failed,2450,0.0
pt_coup_failed,2451,0.0
pt_coup_failed,2452,0.0
pt_coup_failed,2453,0.0
pt_coup_failed,2454,0.0
pt_coup_failed,2455,0.0
pt_coup_failed,2456,0.0
pt_coup_failed,2457,0.0
pt_coup_failed,2458,0.0
pt_coup_failed,2459,0.0
pt_coup_failed,2460,0.0
pt_coup_failed,2461,0.0
pt_coup_failed,2462,0.0
pt_coup_failed,2463,0.0
pt_coup_failed,2464,0.0
pt_coup_failed,2465,0.0
pt_coup_failed,2466,0.0
pt_coup_failed,2467,0.0
pt_coup_failed,2468,0.0
pt_coup_failed,2469,0.0
pt_coup_failed,2470,0.0
pt_coup_failed,2471,0.0
pt_coup_failed,2472,0.0
pt_coup_failed,2473,0.0
pt_coup_failed,2474,0.0
pt_coup_failed,2475,0.0
pt_coup_failed,2476,0.0
pt_coup_failed,2477,0.0
pt_coup_failed,2478,0.0
pt_coup_failed,2479,0.0
pt_coup_failed,2480,0.0
pt_coup_failed,2481,0.0
pt_coup_failed,2482,0.0
pt_coup_failed,2483,0.0
pt_coup_failed,2484,0.0
pt_coup_failed,2485,0.0
pt_coup_failed,2486,0.0
pt_coup_failed,2487,0.0
pt_coup_failed,2488,0.0
pt_coup_failed,2489,0.0
pt_coup_failed,2490,0.0
pt_coup_failed,2491,0.0
pt_coup_failed,2492,0.0
pt_coup_failed,2493,0.0
pt_coup_failed,2494,0.0
pt_coup_failed,2495,0.0
pt_coup_failed,2496,0.0
pt_coup_failed,2497,0.0
pt_coup_failed,2498,0.0
pt_coup_failed,2499,0.0
pt_coup_failed,2500,0.0
pt_coup_failed,2501,0.0
pt_coup_failed,2502,0.0
pt_coup_failed,2503,0.0
pt_coup_failed,2504,0.0
pt_coup_failed,2505,0.0
pt_coup_failed,2506,0.0
pt_coup_failed,2507,0.0
pt_coup_failed,2508,0.0
pt_coup_failed,2509,0.0
pt_coup_failed,2510,0.0
pt_coup_failed,2511,0.0
pt_coup_failed,2512,0.0
pt_coup_failed,2513,0.0
pt_coup_failed,2514,0.0
pt_coup_failed,2515,0.0
pt_coup_failed,2516,0.0
pt_coup_failed,2517,0.0
pt_coup_failed,2518,0.0
pt_coup_failed,2519,0.0
pt_coup_failed,2520,0.0
pt_coup_failed,2521,0.0
pt_coup_failed,2522,0.0
pt_coup_failed,2523,0.0
pt_coup_failed,2524,0.0
pt_coup_failed,2525,0.0
pt_coup_failed,2526,0.0
pt_coup_failed,2527,0.0
pt_coup_failed,2528,0.0
pt_coup_failed,2529,0.0
pt_coup_failed,2530,0.0
pt_coup_failed,2531,0.0
pt_coup_failed,2532,0.0
pt_coup_failed,2533,0.0
pt_coup_failed,2534,0.0
pt_coup_failed,2535,0.0
pt_coup_failed,2536,0.0
pt_coup_failed,2537,0.0
pt_coup_failed,2538,0.0
pt_coup_failed,2539,0.0
pt_coup_failed,2540,0.0
pt_coup_failed,2541,0.0
pt_coup_failed,2542,0.0
pt_coup_failed,2543,0.0
pt_coup_failed,2544,0.0
pt_coup_failed,2545,0.0
pt_coup_failed,2546,0.0
pt_coup_failed,2547,0.0
pt_coup_failed,2548,0.0
pt_coup_failed,2549,0.0
pt_coup_failed,2550,0.0
pt_coup_failed,2551,0.0
pt_coup_failed,2552,0.0
pt_coup_failed,2553,0.0
pt_coup_failed,2554,0.0
pt_coup_failed,2555,0.0
pt_coup_failed,2556,0.0
pt_coup_failed,2557,0.0
pt_coup_failed,2558,0.0
pt_coup_failed,2559,0.0
pt_coup_failed,2560,0.0
pt_coup_failed,2561,0.0
pt_coup_failed,2562,0.0
pt_coup_failed,2563,0.0
pt_coup_failed,2564,0.0
pt_coup_failed,2565,0.0
pt_coup_failed,2566,0.0
pt_coup_failed,2567,0.0
pt_coup_failed,2568,0.0
pt_coup_failed,2569,0.0
pt_coup_failed,2570,0.0
pt_coup_failed,2571,0.0
pt_coup_failed,2572,0.0
pt_coup_failed,2573,0.0
pt_coup_failed,2574,0.0
pt_coup_failed,2575,0.0
pt_coup_failed,2576,0.0
pt_coup_failed,2577,0.0
pt_coup_failed,2578,0.0
pt_coup_failed,2579,0.0
pt_coup_failed,2580,0.0
pt_coup_failed,2581,0.0
pt_coup_failed,2582,0.0
pt_coup_failed,2583,0.0
pt_coup_failed,2584,0.0
pt_coup_failed,2585,0.0
pt_coup_failed,2586,0.0
pt_coup_failed,2587,0.0
pt_coup_failed,2588,0.0
pt_coup_failed,2589,0.0
pt_coup_failed,2590,0.0
pt_coup_failed,2591,0.0
pt_coup_failed,2592,0.0
pt_coup_failed,2593,0.0
pt_coup_failed,2594,0.0
pt_coup_failed,2595,0.0
pt_coup_failed,2596,0.0
pt_coup_failed,2597,0.0
pt_coup_failed,2598,0.0
pt_coup_failed,2599,0.0
pt_coup_failed,2600,0.0
pt_coup_failed,2601,0.0
pt_coup_failed,2602,0.0
pt_coup_failed,2603,0.0
pt_coup_failed,2604,0.0
pt_coup_failed,2605,0.0
pt_coup_failed,2606,0.0
pt_coup_failed,2607,0.0
pt_coup_failed,2608,0.0
pt_coup_failed,2609,0.0
pt_coup_failed,2610,0.0
pt_coup_failed,2611,0.0
pt_coup_failed,2612,0.0
pt_coup_failed,2613,0.0
pt_coup_failed,2614,0.0
pt_coup_failed,2615,0.0
pt_coup_failed,2616,0.0
pt_coup_failed,2617,0.0
pt_coup_failed,2618,0.0
pt_coup_failed,2619,0.0
pt_coup_failed,2620,0.0
pt_coup_failed,2621,0.0
pt_coup_failed,2622,0.0
pt_coup_failed,2623,0.0
pt_coup_failed,2624,0.0
pt_coup_failed,2625,0.0
pt_coup_failed,2626,0.0
pt_coup_failed,2627,0.0
pt_coup_failed,2628,0.0
pt_coup_failed,2629,0.0
pt_coup_failed,2630,0.0
pt_coup_failed,2631,0.0
pt_coup_failed,2632,0.0
pt_coup_failed,2633,0.0
pt_coup_failed,2634,0.0
pt_coup_failed,2635,0.0
pt_coup_failed,2636,0.0
pt_coup_failed,2637,0.0
pt_coup_failed,2638,0.0
pt_coup_failed,2639,0.0
pt_coup_failed,2640,0.0
pt_coup_failed,2641,0.0
pt_coup_failed,2642,0.0
pt_coup_failed,2643,0.0
pt_coup_failed,2644,0.0
pt_coup_failed,2645,0.0
pt_coup_failed,2646,0.0
pt_coup_failed,2647,0.0
pt_coup_failed,2648,0.0
pt_coup_failed,2649,0.0
pt_coup_failed,2650,0.0
pt_coup_failed,2651,0.0
pt_coup_failed,2652,0.0
pt_coup_failed,2653,0.0
pt_coup_failed,2654,0.0
pt_coup_failed,2655,0.0
pt_coup_failed,2656,0.0
pt_coup_failed,2657,0.0
pt_coup_failed,2658,0.0
pt_coup_failed,2659,0.0
pt_coup_failed,2660,0.0
pt_coup_failed,2661,0.0
pt_coup_failed,2662,0.0
pt_coup_failed,2663,0.0
pt_coup_failed,2664,0.0
pt_coup_failed,2665,0.0
pt_coup_failed,2666,0.0
pt_coup_failed,2667,0.0
pt_coup_failed,2668,0.0
pt_coup_failed,2669,0.0
pt_coup_failed,2670,0.0
pt_coup_failed,2671,0.0
pt_coup_failed,2672,0.0
pt_coup_failed,2673,0.0
pt_coup_failed,2674,0.0
pt_coup_failed,2675,0.0
pt_coup_failed,2676,0.0
pt_coup_failed,2677,0.0
pt_coup_failed,2678,0.0
pt_coup_failed,2679,0.0
pt_coup_failed,2680,0.0
pt_coup_failed,2681,0.0
pt_coup_failed,2682,0.0
pt_coup_failed,2683,0.0
pt_coup_failed,2684,0.0
pt_coup_failed,2685,0.0
pt_coup_failed,2686,0.0
pt_coup_failed,2687,0.0
pt_coup_failed,2688,0.0
pt_coup_failed,2689,0.0
pt_coup_failed,2690,0.0
pt_coup_failed,2691,0.0
pt_coup_failed,2692,0.0
pt_coup_failed,2693,0.0
pt_coup_failed,2694,0.0
pt_coup_failed,2695,0.0
pt_coup_failed,2696,0.0
pt_coup_failed,2697,0.0
pt_coup_failed,2698,0.0
pt_coup_failed,2699,0.0
pt_coup_failed,2700,0.0
pt_coup_failed,2701,0.0
pt_coup_failed,2702,0.0
pt_coup_failed,2703,0.0
pt_coup_failed,2704,0.0
pt_coup_failed,2705,0.0
pt_coup_failed,2706,0.0
pt_coup_failed,2707,0.0
pt_coup_failed,2708,0.0
pt_coup_failed,2709,0.0
pt_coup_failed,2710,0.0
pt_coup_failed,2711,0.0
pt_coup_failed,2712,0.0
pt_coup_failed,2713,0.0
pt_coup_failed,2714,0.0
pt_coup_failed,2715,0.0
pt_coup_failed,2716,0.0
pt_coup_failed,2717,0.0
pt_coup_failed,2718,0.0
pt_coup_failed,2719,0.0
pt_coup_failed,2720,0.0
pt_coup_failed,2721,0.0
pt_coup_failed,2722,0.0
pt_coup_failed,2723,0.0
pt_coup_failed,2724,0.0
pt_coup_failed,2725,0.0
pt_coup_failed,2726,0.0
pt_coup_failed,2727,0.0
pt_coup_failed,2728,0.0
pt_coup_failed,2729,0.0
pt_coup_failed,2730,0.0
pt_coup_failed,2731,0.0
pt_coup_failed,2732,0.0
pt_coup_failed,2733,0.0
pt_coup_failed,2734,0.0
pt_coup_failed,2735,0.0
pt_coup_failed,2736,0.0
pt_coup_failed,2737,0.0
pt_coup_failed,2738,0.0
pt_coup_failed,2739,0.0
pt_coup_failed,2740,0.0
pt_coup_failed,2741,0.0
pt_coup_failed,2742,0.0
pt_coup_failed,2743,0.0
pt_coup_failed,2744,0.0
pt_coup_failed,2745,0.0
pt_coup_failed,2746,0.0
pt_coup_failed,2747,0.0
pt_coup_failed,2748,0.0
pt_coup_failed,2749,0.0
pt_coup_failed,2750,0.0
pt_coup_failed,2751,0.0
pt_coup_failed,2752,0.0
pt_coup_failed,2753,0.0
pt_coup_failed,2754,0.0
pt_coup_failed,2755,0.0
pt_coup_failed,2756,0.0
pt_coup_failed,2757,0.0
pt_coup_failed,2758,0.0
pt_coup_failed,2759,0.0
pt_coup_failed,2760,0.0
pt_coup_failed,2761,0.0
pt_coup_failed,2762,0.0
pt_coup_failed,2763,0.0
pt_coup_failed,2764,0.0
pt_coup_failed,2765,0.0
pt_coup_failed,2766,0.0
pt_coup_failed,2767,0.0
pt_coup_failed,2768,0.0
pt_coup_failed,2769,0.0
pt_coup_failed,2770,0.0
pt_coup_failed,2771,0.0
pt_coup_failed,2772,0.0
pt_coup_failed,2773,0.0
pt_coup_failed,2774,0.0
pt_coup_failed,2775,0.0
pt_coup_failed,2776,0.0
pt_coup_failed,2777,0.0
pt_coup_failed,2778,0.0
pt_coup_failed,2779,0.0
pt_coup_failed,2780,0.0
pt_coup_failed,2781,0.0
pt_coup_failed,2782,0.0
pt_coup_failed,2783,0.0
pt_coup_failed,2784,0.0
pt_coup_failed,2785,0.0
pt_coup_failed,2786,0.0
pt_coup_failed,2787,0.0
pt_coup_failed,2788,0.0
pt_coup_failed,2789,0.0
pt_coup_failed,2790,0.0
pt_coup_failed,2791,0.0
pt_coup_failed,2792,0.0
pt_coup_failed,2793,0.0
pt_coup_failed,2794,0.0
pt_coup_failed,2795,0.0
pt_coup_failed,2796,0.0
pt_coup_failed,2797,0.0
pt_coup_failed,2798,0.0
pt_coup_failed,2799,0.0
pt_coup_failed,2800,0.0
pt_coup_failed,2801,0.0
pt_coup_failed,2802,0.0
pt_coup_failed,2803,0.0
pt_coup_failed,2804,0.0
pt_coup_failed,2805,0.0
pt_coup_failed,2806,0.0
pt_coup_failed,2807,0.0
pt_coup_failed,2808,0.0
pt_coup_failed,2809,0.0
pt_coup_failed,2810,0.0
pt_coup_failed,2811,0.0
pt_coup_failed,2812,0.0
pt_coup_failed,2813,0.0
pt_coup_failed,2814,0.0
pt_coup_failed,2815,0.0
pt_coup_failed,2816,0.0
pt_coup_failed,2817,0.0
pt_coup_failed,2818,0.0
pt_coup_failed,2819,0.0
pt_coup_failed,2820,0.0
pt_coup_failed,2821,0.0
pt_coup_failed,2822,0.0
pt_coup_failed,2823,0.0
pt_coup_failed,2824,0.0
pt_coup_failed,2825,0.0
pt_coup_failed,2826,0.0
pt_coup_failed,2827,0.0
pt_coup_failed,2828,0.0
pt_coup_failed,2829,0.0
pt_coup_failed,2830,0.0
pt_coup_failed,2831,0.0
pt_coup_failed,2832,0.0
pt_coup_failed,2833,0.0
pt_coup_failed,2834,0.0
pt_coup_failed,2835,0.0
pt_coup_failed,2836,0.0
pt_coup_failed,2837,0.0
pt_coup_failed,2838,0.0
pt_coup_failed,2839,0.0
pt_coup_failed,2840,0.0
pt_coup_failed,2841,0.0
pt_coup_failed,2842,0.0
pt_coup_failed,2843,0.0
pt_coup_failed,2844,0.0
pt_coup_failed,2845,0.0
pt_coup_failed,2846,0.0
pt_coup_failed,2847,0.0
pt_coup_failed,2848,0.0
pt_coup_failed,2849,0.0
pt_coup_failed,2850,0.0
pt_coup_failed,2851,0.0
pt_coup_failed,2852,0.0
pt_coup_failed,2853,0.0
pt_coup_failed,2854,0.0
pt_coup_failed,2855,0.0
pt_coup_failed,2856,0.0
pt_coup_failed,2857,0.0
pt_coup_failed,2858,0.0
pt_coup_failed,2859,0.0
pt_coup_failed,2860,0.0
pt_coup_failed,2861,0.0
pt_coup_failed,2862,0.0
pt_coup_failed,2863,0.0
pt_coup_failed,2864,0.0
pt_coup_failed,2865,0.0
pt_coup_failed,2866,0.0
pt_coup_failed,2867,0.0
pt_coup_failed,2868,0.0
pt_coup_failed,2869,0.0
pt_coup_failed,2870,0.0
pt_coup_failed,2871,0.0
pt_coup_failed,2872,0.0
pt_coup_failed,2873,0.0
pt_coup_failed,2874,0.0
pt_coup_failed,2875,0.0
pt_coup_failed,2876,0.0
pt_coup_failed,2877,0.0
pt_coup_failed,2878,0.0
pt_coup_failed,2879,0.0
pt_coup_failed,2880,0.0
pt_coup_failed,2881,0.0
pt_coup_failed,2882,0.0
pt_coup_failed,2883,0.0
pt_coup_failed,2884,0.0
pt_coup_failed,2885,0.0
pt_coup_failed,2886,0.0
pt_coup_failed,2887,0.0
pt_coup_failed,2888,0.0
pt_coup_failed,2889,0.0
pt_coup_failed,2890,0.0
pt_coup_failed,2891,0.0
pt_coup_failed,2892,0.0
pt_coup_failed,2893,0.0
pt_coup_failed,2894,0.0
pt_coup_failed,2895,0.0
pt_coup_failed,2896,0.0
pt_coup_failed,2897,0.0
pt_coup_failed,2898,0.0
pt_coup_failed,2899,0.0
pt_coup_failed,2900,0.0
pt_coup_failed,2901,0.0
pt_coup_failed,2902,0.0
pt_coup_failed,2903,0.0
pt_coup_failed,2904,0.0
pt_coup_failed,2905,0.0
pt_coup_failed,2906,0.0
pt_coup_failed,2907,0.0
pt_coup_failed,2908,0.0
pt_coup_failed,2909,0.0
pt_coup_failed,2910,0.0
pt_coup_failed,2911,0.0
pt_coup_failed,2912,0.0
pt_coup_failed,2913,0.0
pt_coup_failed,2914,0.0
pt_coup_failed,2915,0.0
pt_coup_failed,2916,0.0
pt_coup_failed,2917,0.0
pt_coup_failed,2918,0.0
pt_coup_failed,2919,0.0
pt_coup_failed,2920,0.0
pt_coup_failed,2921,0.0
pt_coup_failed,2922,0.0
pt_coup_failed,2923,0.0
pt_coup_failed,2924,0.0
pt_coup_failed,2925,0.0
pt_coup_failed,2926,0.0
pt_coup_failed,2927,0.0
pt_coup_failed,2928,0.0
pt_coup_failed,2929,0.0
pt_coup_failed,2930,0.0
pt_coup_failed,2931,0.0
pt_coup_failed,2932,0.0
pt_coup_failed,2933,0.0
pt_coup_failed,2934,0.0
pt_coup_failed,2935,0.0
pt_coup_failed,2936,0.0
pt_coup_failed,2937,0.0
pt_coup_failed,2938,0.0
pt_coup_failed,2939,0.0
pt_coup_failed,2940,0.0
pt_coup_failed,2941,0.0
pt_coup_failed,2942,0.0
pt_coup_failed,2943,0.0
pt_coup_failed,2944,0.0
pt_coup_failed,2945,0.0
pt_coup_failed,2946,0.0
pt_coup_failed,2947,0.0
pt_coup_failed,2948,0.0
pt_coup_failed,2949,0.0
pt_coup_failed,2950,0.0
pt_coup_failed,2951,0.0
pt_coup_failed,2952,0.0
pt_coup_failed,2953,0.0
pt_coup_failed,2954,0.0
pt_coup_failed,2955,0.0
pt_coup_failed,2956,0.0
pt_coup_failed,2957,0.0
pt_coup_failed,2958,0.0
pt_coup_failed,2959,0.0
pt_coup_failed,2960,0.0
pt_coup_failed,2961,0.0
pt_coup_failed,2962,0.0
pt_coup_failed,2963,0.0
pt_coup_failed,2964,0.0
pt_coup_failed,2965,0.0
pt_coup_failed,2966,0.0
pt_coup_failed,2967,0.0
pt_coup_failed,2968,0.0
pt_coup_failed,2969,0.0
pt_coup_failed,2970,0.0
pt_coup_failed,2971,0.0
pt_coup_failed,2972,0.0
pt_coup_failed,2973,0.0
pt_coup_failed,2974,0.0
pt_coup_failed,2975,0.0
pt_coup_failed,2976,0.0
pt_coup_failed,2977,0.0
pt_coup_failed,2978,0.0
pt_coup_failed,2979,0.0
pt_coup_failed,2980,0.0
pt_coup_failed,2981,0.0
pt_coup_failed,2982,0.0
pt_coup_failed,2983,0.0
pt_coup_failed,2984,0.0
pt_coup_failed,2985,0.0
pt_coup_failed,2986,0.0
pt_coup_failed,2987,0.0
pt_coup_failed,2988,0.0
pt_coup_failed,2989,0.0
pt_coup_failed,2990,0.0
pt_coup_failed,2991,0.0
pt_coup_failed,2992,0.0
pt_coup_failed,2993,0.0
pt_coup_failed,2994,0.0
pt_coup_failed,2995,0.0
pt_coup_failed,2996,0.0
pt_coup_failed,2997,0.0
pt_coup_failed,2998,0.0
pt_coup_failed,2999,0.0
pt_coup_failed,3000,0.0
pt_coup_failed,3001,0.0
pt_coup_failed,3002,0.0
pt_coup_failed,3003,0.0
pt_coup_failed,3004,0.0
pt_coup_failed,3005,0.0
pt_coup_failed,3006,0.0
pt_coup_failed,3007,0.0
pt_coup_failed,3008,0.0
pt_coup_failed,3009,0.0
pt_coup_failed,3010,0.0
pt_coup_failed,3011,0.0
pt_coup_failed,3012,0.0
pt_coup_failed,3013,0.0
pt_coup_failed,3014,0.0
pt_coup_failed,3015,0.0
pt_coup_failed,3016,0.0
pt_coup_failed,3017,0.0
pt_coup_failed,3018,0.0
pt_coup_failed,3019,0.0
pt_coup_failed,3020,0.0
pt_coup_failed,3021,0.0
pt_coup_failed,3022,0.0
pt_coup_failed,3023,0.0
pt_coup_failed,3024,0.0
pt_coup_failed,3025,0.0
pt_coup_failed,3026,0.0
pt_coup_failed,3027,0.0
pt_coup_failed,3028,0.0
pt_coup_failed,3029,0.0
pt_coup_failed,3030,0.0
pt_coup_failed,3031,0.0
pt_coup_failed,3032,0.0
pt_coup_failed,3033,0.0
pt_coup_failed,3034,0.0
pt_coup_failed,3035,0.0
pt_coup_failed,3036,0.0
pt_coup_failed,3037,0.0
pt_coup_failed,3038,0.0
pt_coup_failed,3039,0.0
pt_coup_failed,3040,0.0
pt_coup_failed,3041,0.0
pt_coup_failed,3042,0.0
pt_coup_failed,3043,0.0
pt_coup_failed,3044,0.0
pt_coup_failed,3045,0.0
pt_coup_failed,3046,0.0
pt_coup_failed,3047,0.0
pt_coup_failed,3048,0.0
pt_coup_failed,3049,0.0
pt_coup_failed,3050,0.0
pt_coup_failed,3051,0.0
pt_coup_failed,3052,0.0
pt_coup_failed,3053,0.0
pt_coup_failed,3054,0.0
pt_coup_failed,3055,0.0
pt_coup_failed,3056,0.0
pt_coup_failed,3057,0.0
pt_coup_failed,3058,0.0
pt_coup_failed,3059,0.0
pt_coup_failed,3060,0.0
pt_coup_failed,3061,0.0
pt_coup_failed,3062,0.0
pt_coup_failed,3063,0.0
pt_coup_failed,3064,0.0
pt_coup_failed,3065,0.0
pt_coup_failed,3066,0.0
pt_coup_failed,3067,0.0
pt_coup_failed,3068,0.0
pt_coup_failed,3069,0.0
pt_coup_failed,3070,0.0
pt_coup_failed,3071,0.0
pt_coup_failed,3072,0.0
pt_coup_failed,3073,0.0
pt_coup_failed,3074,0.0
pt_coup_failed,3075,0.0
pt_coup_failed,3076,0.0
pt_coup_failed,3077,0.0
pt_coup_failed,3078,0.0
pt_coup_failed,3079,0.0
pt_coup_failed,3080,0.0
pt_coup_failed,3081,0.0
pt_coup_failed,3082,0.0
pt_coup_failed,3083,0.0
pt_coup_failed,3084,0.0
pt_coup_failed,3085,0.0
pt_coup_failed,3086,0.0
pt_coup_failed,3087,0.0
pt_coup_failed,3088,0.0
pt_coup_failed,3089,0.0
pt_coup_failed,3090,0.0
pt_coup_failed,3091,0.0
pt_coup_failed,3092,0.0
pt_coup_failed,3093,0.0
pt_coup_failed,3094,0.0
pt_coup_failed,3095,0.0
pt_coup_failed,3096,0.0
pt_coup_failed,3097,0.0
pt_coup_failed,3098,0.0
pt_coup_failed,3099,0.0
pt_coup_failed,3100,0.0
pt_coup_failed,3101,0.0
pt_coup_failed,3102,0.0
pt_coup_failed,3103,0.0
pt_coup_failed,3104,0.0
pt_coup_failed,3105,0.0
pt_coup_failed,3106,0.0
pt_coup_failed,3107,0.0
pt_coup_failed,3108,0.0
pt_coup_failed,3109,0.0
pt_coup_failed,3110,0.0
pt_coup_failed,3111,0.0
pt_coup_failed,3112,0.0
pt_coup_failed,3113,0.0
pt_coup_failed,3114,0.0
pt_coup_failed,3115,0.0
pt_coup_failed,3116,0.0
pt_coup_failed,3117,0.0
pt_coup_failed,3118,0.0
pt_coup_failed,3119,0.0
pt_coup_failed,3120,0.0
pt_coup_failed,3121,0.0
pt_coup_failed,3122,0.0
pt_coup_failed,3123,0.0
pt_coup_failed,3124,0.0
pt_coup_failed,3125,0.0
pt_coup_failed,3126,0.0
pt_coup_failed,3127,0.0
pt_coup_failed,3128,0.0
pt_coup_failed,3129,0.0
pt_coup_failed,3130,0.0
pt_coup_failed,3131,0.0
pt_coup_failed,3132,0.0
pt_coup_failed,3133,0.0
pt_coup_failed,3134,0.0
pt_coup_failed,3135,0.0
pt_coup_failed,3136,0.0
pt_coup_failed,3137,0.0
pt_coup_failed,3138,0.0
pt_coup_failed,3139,0.0
pt_coup_failed,3140,0.0
pt_coup_failed,3141,0.0
pt_coup_failed,3142,0.0
pt_coup_failed,3143,0.0
pt_coup_failed,3144,0.0
pt_coup_failed,3145,0.0
pt_coup_failed,3146,0.0
pt_coup_failed,3147,0.0
pt_coup_failed,3148,0.0
pt_coup_failed,3149,0.0
pt_coup_failed,3150,0.0
pt_coup_failed,3151,0.0
pt_coup_failed,3152,0.0
pt_coup_failed,3153,0.0
pt_coup_failed,3154,0.0
pt_coup_failed,3155,0.0
pt_coup_failed,3156,0.0
pt_coup_failed,3157,0.0
pt_coup_failed,3158,0.0
pt_coup_failed,3159,0.0
pt_coup_failed,3160,0.0
pt_coup_failed,3161,0.0
pt_coup_failed,3162,0.0
pt_coup_failed,3163,0.0
pt_coup_failed,3164,0.0
pt_coup_failed,3165,0.0
pt_coup_failed,3166,0.0
pt_coup_failed,3167,0.0
pt_coup_failed,3168,0.0
pt_coup_failed,3169,0.0
pt_coup_failed,3170,0.0
pt_coup_failed,3171,0.0
pt_coup_failed,3172,0.0
pt_coup_failed,3173,0.0
pt_coup_failed,3174,0.0
pt_coup_failed,3175,0.0
pt_coup_failed,3176,0.0
pt_coup_failed,3177,0.0
pt_coup_failed,3178,0.0
pt_coup_failed,3179,0.0
pt_coup_failed,3180,0.0
pt_coup_failed,3181,0.0
pt_coup_failed,3182,0.0
pt_coup_failed,3183,0.0
pt_coup_failed,3184,0.0
pt_coup_failed,3185,0.0
pt_coup_failed,3186,0.0
pt_coup_failed,3187,0.0
pt_coup_failed,3188,0.0
pt_coup_failed,3189,0.0
pt_coup_failed,3190,0.0
pt_coup_failed,3191,0.0
pt_coup_failed,3192,0.0
pt_coup_failed,3193,0.0
pt_coup_failed,3194,0.0
pt_coup_failed,3195,0.0
pt_coup_failed,3196,0.0
pt_coup_failed,3197,0.0
pt_coup_failed,3198,0.0
pt_coup_failed,3199,0.0
pt_coup_failed,3200,0.0
pt_coup_failed,3201,0.0
pt_coup_failed,3202,0.0
pt_coup_failed,3203,0.0
pt_coup_failed,3204,0.0
pt_coup_failed,3205,0.0
pt_coup_failed,3206,0.0
pt_coup_failed,3207,0.0
pt_coup_failed,3208,0.0
pt_coup_failed,3209,0.0
pt_coup_failed,3210,0.0
pt_coup_failed,3211,0.0
pt_coup_failed,3212,0.0
pt_coup_failed,3213,0.0
pt_coup_failed,3214,0.0
pt_coup_failed,3215,0.0
pt_coup_failed,3216,0.0
pt_coup_failed,3217,0.0
pt_coup_failed,3218,0.0
pt_coup_failed,3219,0.0
pt_coup_failed,3220,0.0
pt_coup_failed,3221,0.0
pt_coup_failed,3222,0.0
pt_coup_failed,3223,0.0
pt_coup_failed,3224,0.0
pt_coup_failed,3225,0.0
pt_coup_failed,3226,0.0
pt_coup_failed,3227,0.0
pt_coup_failed,3228,0.0
pt_coup_failed,3229,0.0
pt_coup_failed,3230,0.0
pt_coup_failed,3231,0.0
pt_coup_failed,3232,0.0
pt_coup_failed,3233,0.0
pt_coup_failed,3234,0.0
pt_coup_failed,3235,0.0
pt_coup_failed,3236,0.0
pt_coup_failed,3237,0.0
pt_coup_failed,3238,0.0
pt_coup_failed,3239,0.0
pt_coup_failed,3240,0.0
pt_coup_failed,3241,0.0
pt_coup_failed,3242,0.0
pt_coup_failed,3243,0.0
pt_coup_failed,3244,0.0
pt_coup_failed,3245,0.0
pt_coup_failed,3246,0.0
pt_coup_failed,3247,0.0
pt_coup_failed,3248,0.0
pt_coup_failed,3249,0.0
pt_coup_failed,3250,0.0
pt_coup_failed,3251,0.0
pt_coup_failed,3252,0.0
pt_coup_failed,3253,0.0
pt_coup_failed,3254,0.0
pt_coup_failed,3255,0.0
pt_coup_failed,3256,0.0
pt_coup_failed,3257,0.0
pt_coup_failed,3258,0.0
pt_coup_failed,3259,0.0
pt_coup_failed,3260,0.0
pt_coup_failed,3261,0.0
pt_coup_failed,3262,0.0
pt_coup_failed,3263,0.0
pt_coup_failed,3264,0.0
pt_coup_failed,3265,0.0
pt_coup_failed,3266,0.0
pt_coup_failed,3267,0.0
pt_coup_failed,3268,0.0
pt_coup_failed,3269,0.0
pt_coup_failed,3270,0.0
pt_coup_failed,3271,0.0
pt_coup_failed,3272,0.0
pt_coup_failed,3273,0.0
pt_coup_failed,3274,0.0
pt_coup_failed,3275,0.0
pt_coup_failed,3276,0.0
pt_coup_failed,3277,0.0
pt_coup_failed,3278,0.0
pt_coup_failed,3279,0.0
pt_coup_failed,3280,0.0
pt_coup_failed,3281,0.0
pt_coup_failed,3282,0.0
pt_coup_failed,3283,0.0
pt_coup_failed,3284,0.0
pt_coup_failed,3285,0.0
pt_coup_failed,3286,0.0
pt_coup_failed,3287,0.0
pt_coup_failed,3288,0.0
pt_coup_failed,3289,0.0
pt_coup_failed,3290,0.0
pt_coup_failed,3291,0.0
pt_coup_failed,3292,0.0
pt_coup_failed,3293,0.0
pt_coup_failed,3294,0.0
pt_coup_failed,3295,0.0
pt_coup_failed,3296,0.0
pt_coup_failed,3297,0.0
pt_coup_failed,3298,0.0
pt_coup_failed,3299,0.0
pt_coup_failed,3300,0.0
pt_coup_failed,3301,0.0
pt_coup_failed,3302,0.0
pt_coup_failed,3303,0.0
pt_coup_failed,3304,0.0
pt_coup_failed,3305,0.0
pt_coup_failed,3306,0.0
pt_coup_failed,3307,0.0
pt_coup_failed,3308,0.0
pt_coup_failed,3309,0.0
pt_coup_failed,3310,0.0
pt_coup_failed,3311,0.0
pt_coup_failed,3312,0.0
pt_coup_failed,3313,0.0
pt_coup_failed,3314,0.0
pt_coup_failed,3315,0.0
pt_coup_failed,3316,0.0
pt_coup_failed,3317,0.0
pt_coup_failed,3318,0.0
pt_coup_failed,3319,0.0
pt_coup_failed,3320,0.0
pt_coup_failed,3321,0.0
pt_coup_failed,3322,0.0
pt_coup_failed,3323,0.0
pt_coup_failed,3324,0.0
pt_coup_failed,3325,0.0
pt_coup_failed,3326,0.0
pt_coup_failed,3327,0.0
pt_coup_failed,3328,0.0
pt_coup_failed,3329,0.0
pt_coup_failed,3330,0.0
pt_coup_failed,3331,0.0
pt_coup_failed,3332,0.0
pt_coup_failed,3333,0.0
pt_coup_failed,3334,0.0
pt_coup_failed,3335,0.0
pt_coup_failed,3336,0.0
pt_coup_failed,3337,0.0
pt_coup_failed,3338,0.0
pt_coup_failed,3339,0.0
pt_coup_failed,3340,0.0
pt_coup_failed,3341,0.0
pt_coup_failed,3342,0.0
pt_coup_failed,3343,0.0
pt_coup_failed,3344,0.0
pt_coup_failed,3345,0.0
pt_coup_failed,3346,0.0
pt_coup_failed,3347,0.0
pt_coup_failed,3348,0.0
pt_coup_failed,3349,0.0
pt_coup_failed,3350,0.0
pt_coup_failed,3351,0.0
pt_coup_failed,3352,0.0
pt_coup_failed,3353,0.0
pt_coup_failed,3354,0.0
pt_coup_failed,3355,0.0
pt_coup_failed,3356,0.0
pt_coup_failed,3357,0.0
pt_coup_failed,3358,0.0
pt_coup_failed,3359,0.0
pt_coup_failed,3360,0.0
pt_coup_failed,3361,0.0
pt_coup_failed,3362,0.0
pt_coup_failed,3363,0.0
pt_coup_failed,3364,0.0
pt_coup_failed,3365,0.0
pt_coup_failed,3366,0.0
pt_coup_failed,3367,0.0
pt_coup_failed,3368,0.0
pt_coup_failed,3369,0.0
pt_coup_failed,3370,0.0
pt_coup_failed,3371,0.0
pt_coup_failed,3372,0.0
pt_coup_failed,3373,0.0
pt_coup_failed,3374,0.0
pt_coup_failed,3375,0.0
pt_coup_failed,3376,0.0
pt_coup_failed,3377,0.0
pt_coup_failed,3378,0.0
pt_coup_failed,3379,0.0
pt_coup_failed,3380,0.0
pt_coup_failed,3381,0.0
pt_coup_failed,3382,0.0
pt_coup_failed,3383,0.0
pt_coup_failed,3384,0.0
pt_coup_failed,3385,0.0
pt_coup_failed,3386,0.0
pt_coup_failed,3387,0.0
pt_coup_failed,3388,0.0
pt_coup_failed,3389,0.0
pt_coup_failed,3390,0.0
pt_coup_failed,3391,0.0
pt_coup_failed,3392,0.0
pt_coup_failed,3393,0.0
pt_coup_failed,3394,0.0
pt_coup_failed,3395,0.0
pt_coup_failed,3396,0.0
pt_coup_failed,3397,0.0
pt_coup_failed,3398,0.0
pt_coup_failed,3399,0.0
pt_coup_failed,3400,0.0
pt_coup_failed,3401,0.0
pt_coup_failed,3402,0.0
pt_coup_failed,3403,0.0
pt_coup_failed,3404,0.0
pt_coup_failed,3405,0.0
pt_coup_failed,3406,0.0
pt_coup_failed,3407,0.0
pt_coup_failed,3408,0.0
pt_coup_failed,3409,0.0
pt_coup_failed,3410,0.0
pt_coup_failed,3411,0.0
pt_coup_failed,3412,0.0
pt_coup_failed,3413,0.0
pt_coup_failed,3414,0.0
pt_coup_failed,3415,0.0
pt_coup_failed,3416,0.0
pt_coup_failed,3417,0.0
pt_coup_failed,3418,0.0
pt_coup_failed,3419,0.0
pt_coup_failed,3420,0.0
pt_coup_failed,3421,0.0
pt_coup_failed,3422,0.0
pt_coup_failed,3423,0.0
pt_coup_failed,3424,0.0
pt_coup_failed,3425,0.0
pt_coup_failed,3426,0.0
pt_coup_failed,3427,0.0
pt_coup_failed,3428,0.0
pt_coup_failed,3429,0.0
pt_coup_failed,3430,0.0
pt_coup_failed,3431,0.0
pt_coup_failed,3432,0.0
pt_coup_failed,3433,0.0
pt_coup_failed,3434,0.0
pt_coup_failed,3435,0.0
pt_coup_failed,3436,0.0
pt_coup_failed,3437,0.0
pt_coup_failed,3438,0.0
pt_coup_failed,3439,0.0
pt_coup_failed,3440,0.0
pt_coup_failed,3441,0.0
pt_coup_failed,3442,0.0
pt_coup_failed,3443,0.0
pt_coup_failed,3444,0.0
pt_coup_failed,3445,0.0
pt_coup_failed,3446,0.0
pt_coup_failed,3447,0.0
pt_coup_failed,3448,0.0
pt_coup_failed,3449,0.0
pt_coup_failed,3450,0.0
pt_coup_failed,3451,0.0
pt_coup_failed,3452,0.0
pt_coup_failed,3453,0.0
pt_coup_failed,3454,0.0
pt_coup_failed,3455,0.0
pt_coup_failed,3456,0.0
pt_coup_failed,3457,0.0
pt_coup_failed,3458,0.0
pt_coup_failed,3459,0.0
pt_coup_failed,3460,0.0
pt_coup_failed,3461,0.0
pt_coup_failed,3462,0.0
pt_coup_failed,3463,0.0
pt_coup_failed,3464,0.0
pt_coup_failed,3465,0.0
pt_coup_failed,3466,0.0
pt_coup_failed,3467,0.0
pt_coup_failed,3468,0.0
pt_coup_failed,3469,0.0
pt_coup_failed,3470,0.0
pt_coup_failed,3471,0.0
pt_coup_failed,3472,0.0
pt_coup_failed,3473,0.0
pt_coup_failed,3474,0.0
pt_coup_failed,3475,0.0
pt_coup_failed,3476,0.0
pt_coup_failed,3477,0.0
pt_coup_failed,3478,0.0
pt_coup_failed,3479,0.0
pt_coup_failed,3480,0.0
pt_coup_failed,3481,0.0
pt_coup_failed,3482,0.0
pt_coup_failed,3483,0.0
pt_coup_failed,3484,0.0
pt_coup_failed,3485,0.0
pt_coup_failed,3486,0.0
pt_coup_failed,3487,0.0
pt_coup_failed,3488,0.0
pt_coup_failed,3489,0.0
pt_coup_failed,3490,0.0
pt_coup_failed,3491,0.0
pt_coup_failed,3492,0.0
pt_coup_failed,3493,0.0
pt_coup_failed,3494,0.0
pt_coup_failed,3495,0.0
pt_coup_failed,3496,0.0
pt_coup_failed,3497,0.0
pt_coup_failed,3498,0.0
pt_coup_failed,3499,0.0
pt_coup_failed,3500,0.0
pt_coup_failed,3501,0.0
pt_coup_failed,3502,0.0
pt_coup_failed,3503,0.0
pt_coup_failed,3504,0.0
pt_coup_failed,3505,0.0
pt_coup_failed,3506,0.0
pt_coup_failed,3507,0.0
pt_coup_failed,3508,0.0
pt_coup_failed,3509,0.0
pt_coup_failed,3510,0.0
pt_coup_failed,3511,0.0
pt_coup_failed,3512,0.0
pt_coup_failed,3513,0.0
pt_coup_failed,3514,0.0
pt_coup_failed,3515,0.0
pt_coup_failed,3516,0.0
pt_coup_failed,3517,0.0
pt_coup_failed,3518,0.0
pt_coup_failed,3519,0.0
pt_coup_failed,3520,0.0
pt_coup_failed,3521,0.0
pt_coup_failed,3522,0.0
pt_coup_failed,3523,0.0
pt_coup_failed,3524,0.0
pt_coup_failed,3525,0.0
pt_coup_failed,3526,0.0
pt_coup_failed,3527,0.0
pt_coup_failed,3528,0.0
pt_coup_failed,3529,0.0
pt_coup_failed,3530,0.0
pt_coup_failed,3531,0.0
pt_coup_failed,3532,0.0
pt_coup_failed,3533,0.0
pt_coup_failed,3534,0.0
pt_coup_failed,3535,0.0
pt_coup_failed,3536,0.0
pt_coup_failed,3537,0.0
pt_coup_failed,3538,0.0
pt_coup_failed,3539,0.0
pt_coup_failed,3540,0.0
pt_coup_failed,3541,0.0
pt_coup_failed,3542,0.0
pt_coup_failed,3543,0.0
pt_coup_failed,3544,0.0
pt_coup_failed,3545,0.0
pt_coup_failed,3546,0.0
pt_coup_failed,3547,0.0
pt_coup_failed,3548,0.0
pt_coup_failed,3549,0.0
pt_coup_failed,3550,0.0
pt_coup_failed,3551,0.0
pt_coup_failed,3552,0.0
pt_coup_failed,3553,0.0
pt_coup_failed,3554,0.0
pt_coup_failed,3555,0.0
pt_coup_failed,3556,0.0
pt_coup_failed,3557,0.0
pt_coup_failed,3558,0.0
pt_coup_failed,3559,0.0
pt_coup_failed,3560,0.0
pt_coup_failed,3561,0.0
pt_coup_failed,3562,0.0
pt_coup_failed,3563,0.0
pt_coup_failed,3564,0.0
pt_coup_failed,3565,0.0
pt_coup_failed,3566,0.0
pt_coup_failed,3567,0.0
pt_coup_failed,3568,0.0
pt_coup_failed,3569,0.0
pt_coup_failed,3570,0.0
pt_coup_failed,3571,0.0
pt_coup_failed,3572,0.0
pt_coup_failed,3573,0.0
pt_coup_failed,3574,0.0
pt_coup_failed,3575,0.0
pt_coup_failed,3576,0.0
pt_coup_failed,3577,0.0
pt_coup_failed,3578,0.0
pt_coup_failed,3579,0.0
pt_coup_failed,3580,0.0
pt_coup_failed,3581,0.0
pt_coup_failed,3582,0.0
pt_coup_failed,3583,0.0
pt_coup_failed,3584,0.0
pt_coup_failed,3585,0.0
pt_coup_failed,3586,0.0
pt_coup_failed,3587,0.0
pt_coup_failed,3588,0.0
pt_coup_failed,3589,0.0
pt_coup_failed,3590,0.0
pt_coup_failed,3591,0.0
pt_coup_failed,3592,0.0
pt_coup_failed,3593,0.0
pt_coup_failed,3594,0.0
pt_coup_failed,3595,0.0
pt_coup_failed,3596,0.0
pt_coup_failed,3597,0.0
pt_coup_failed,3598,0.0
pt_coup_failed,3599,0.0
pt_coup_failed,3600,0.0
pt_coup_failed,3601,0.0
pt_coup_failed,3602,0.0
pt_coup_failed,3603,0.0
pt_coup_failed,3604,0.0
pt_coup_failed,3605,0.0
pt_coup_failed,3606,0.0
pt_coup_failed,3607,0.0
pt_coup_failed,3608,0.0
pt_coup_failed,3609,0.0
pt_coup_failed,3610,0.0
pt_coup_failed,3611,0.0
pt_coup_failed,3612,0.0
pt_coup_failed,3613,0.0
pt_coup_failed,3614,0.0
pt_coup_failed,3615,0.0
pt_coup_failed,3616,0.0
pt_coup_failed,3617,0.0
pt_coup_failed,3618,0.0
pt_coup_failed,3619,0.0
pt_coup_failed,3620,0.0
pt_coup_failed,3621,0.0
pt_coup_failed,3622,0.0
pt_coup_failed,3623,0.0
pt_coup_failed,3624,0.0
pt_coup_failed,3625,0.0
pt_coup_failed,3626,0.0
pt_coup_failed,3627,0.0
pt_coup_failed,3628,0.0
pt_coup_failed,3629,0.0
pt_coup_failed,3630,0.0
pt_coup_failed,3631,0.0
pt_coup_failed,3632,0.0
pt_coup_failed,3633,0.0
pt_coup_failed,3634,0.0
pt_coup_failed,3635,0.0
pt_coup_failed,3636,0.0
pt_coup_failed,3637,0.0
pt_coup_failed,3638,0.0
pt_coup_failed,3639,0.0
pt_coup_failed,3640,0.0
pt_coup_failed,3641,0.0
pt_coup_failed,3642,0.0
pt_coup_failed,3643,0.0
pt_coup_failed,3644,0.0
pt_coup_failed,3645,0.0
pt_coup_failed,3646,0.0
pt_coup_failed,3647,0.0
pt_coup_failed,3648,0.0
pt_coup_failed,3649,0.0
pt_coup_failed,3650,0.0
pt_coup_failed,3651,0.0
pt_coup_failed,3652,0.0
pt_coup_failed,3653,0.0
pt_coup_failed,3654,0.0
pt_coup_failed,3655,0.0
pt_coup_failed,3656,0.0
pt_coup_failed,3657,0.0
pt_coup_failed,3658,0.0
pt_coup_failed,3659,0.0
pt_coup_failed,3660,0.0
pt_coup_failed,3661,0.0
pt_coup_failed,3662,0.0
pt_coup_failed,3663,0.0
pt_coup_failed,3664,0.0
pt_coup_failed,3665,0.0
pt_coup_failed,3666,0.0
pt_coup_failed,3667,0.0
pt_coup_failed,3668,0.0
pt_coup_failed,3669,0.0
pt_coup_failed,3670,0.0
pt_coup_failed,3671,0.0
pt_coup_failed,3672,0.0
pt_coup_failed,3673,0.0
pt_coup_failed,3674,0.0
pt_coup_failed,3675,0.0
pt_coup_failed,3676,0.0
pt_coup_failed,3677,0.0
pt_coup_failed,3678,0.0
pt_coup_failed,3679,0.0
pt_coup_failed,3680,0.0
pt_coup_failed,3681,0.0
pt_coup_failed,3682,0.0
pt_coup_failed,3683,0.0
pt_coup_failed,3684,0.0
pt_coup_failed,3685,0.0
pt_coup_failed,3686,0.0
pt_coup_failed,3687,0.0
pt_coup_failed,3688,0.0
pt_coup_failed,3689,0.0
pt_coup_failed,3690,0.0
pt_coup_failed,3691,0.0
pt_coup_failed,3692,0.0
pt_coup_failed,3693,0.0
pt_coup_failed,3694,0.0
pt_coup_failed,3695,0.0
pt_coup_failed,3696,0.0
pt_coup_failed,3697,0.0
pt_coup_failed,3698,0.0
pt_coup_failed,3699,0.0
pt_coup_failed,3700,0.0
pt_coup_failed,3701,0.0
pt_coup_failed,3702,0.0
pt_coup_failed,3703,0.0
pt_coup_failed,3704,0.0
pt_coup_failed,3705,0.0
pt_coup_failed,3706,0.0
pt_coup_failed,3707,0.0
pt_coup_failed,3708,0.0
pt_coup_failed,3709,0.0
pt_coup_failed,3710,0.0
pt_coup_failed,3711,0.0
pt_coup_failed,3712,0.0
pt_coup_failed,3713,0.0
pt_coup_failed,3714,0.0
pt_coup_failed,3715,0.0
pt_coup_failed,3716,0.0
pt_coup_failed,3717,0.0
pt_coup_failed,3718,0.0
pt_coup_failed,3719,0.0
pt_coup_failed,3720,0.0
pt_coup_failed,3721,0.0
pt_coup_failed,3722,0.0
pt_coup_failed,3723,0.0
pt_coup_failed,3724,0.0
pt_coup_failed,3725,0.0
pt_coup_failed,3726,0.0
pt_coup_failed,3727,0.0
pt_coup_failed,3728,0.0
pt_coup_failed,3729,0.0
pt_coup_failed,3730,0.0
pt_coup_failed,3731,0.0
pt_coup_failed,3732,0.0
pt_coup_failed,3733,0.0
pt_coup_failed,3734,0.0
pt_coup_failed,3735,0.0
pt_coup_failed,3736,0.0
pt_coup_failed,3737,0.0
pt_coup_failed,3738,0.0
pt_coup_failed,3739,0.0
pt_coup_failed,3740,0.0
pt_coup_failed,3741,0.0
pt_coup_failed,3742,0.0
pt_coup_failed,3743,0.0
pt_coup_failed,3744,0.0
pt_coup_failed,3745,0.0
pt_coup_failed,3746,0.0
pt_coup_failed,3747,0.0
pt_coup_failed,3748,0.0
pt_coup_failed,3749,0.0
pt_coup_failed,3750,0.0
pt_coup_failed,3751,0.0
pt_coup_failed,3752,0.0
pt_coup_failed,3753,0.0
pt_coup_failed,3754,0.0
pt_coup_failed,3755,0.0
pt_coup_failed,3756,0.0
pt_coup_failed,3757,0.0
pt_coup_failed,3758,0.0
pt_coup_failed,3759,0.0
pt_coup_failed,3760,0.0
pt_coup_failed,3761,0.0
pt_coup_failed,3762,0.0
pt_coup_failed,3763,0.0
pt_coup_failed,3764,0.0
pt_coup_failed,3765,0.0
pt_coup_failed,3766,0.0
pt_coup_failed,3767,0.0
pt_coup_failed,3768,0.0
pt_coup_failed,3769,0.0
pt_coup_failed,3770,0.0
pt_coup_failed,3771,0.0
pt_coup_failed,3772,0.0
pt_coup_failed,3773,0.0
pt_coup_failed,3774,0.0
pt_coup_failed,3775,0.0
pt_coup_failed,3776,0.0
pt_coup_failed,3777,0.0
pt_coup_failed,3778,0.0
pt_coup_failed,3779,0.0
pt_coup_failed,3780,0.0
pt_coup_failed,3781,0.0
pt_coup_failed,3782,0.0
pt_coup_failed,3783,0.0
pt_coup_failed,3784,0.0
pt_coup_failed,3785,0.0
pt_coup_failed,3786,0.0
pt_coup_failed,3787,0.0
pt_coup_failed,3788,0.0
pt_coup_failed,3789,0.0
pt_coup_failed,3790,0.0
pt_coup_failed,3791,0.0
pt_coup_failed,3792,0.0
pt_coup_failed,3793,0.0
pt_coup_failed,3794,0.0
pt_coup_failed,3795,0.0
pt_coup_failed,3796,0.0
pt_coup_failed,3797,0.0
pt_coup_failed,3798,0.0
pt_coup_failed,3799,0.0
pt_coup_failed,3800,0.0
pt_coup_failed,3801,0.0
pt_coup_failed,3802,0.0
pt_coup_failed,3803,0.0
pt_coup_failed,3804,0.0
pt_coup_failed,3805,0.0
pt_coup_failed,3806,0.0
pt_coup_failed,3807,0.0
pt_coup_failed,3808,0.0
pt_coup_failed,3809,0.0
pt_coup_failed,3810,0.0
pt_coup_failed,3811,0.0
pt_coup_failed,3812,0.0
pt_coup_failed,3813,0.0
pt_coup_failed,3814,0.0
pt_coup_failed,3815,0.0
pt_coup_failed,3816,0.0
pt_coup_failed,3817,0.0
pt_coup_failed,3818,0.0
pt_coup_failed,3819,0.0
pt_coup_failed,3820,0.0
pt_coup_failed,3821,0.0
pt_coup_failed,3822,0.0
pt_coup_failed,3823,0.0
pt_coup_failed,3824,0.0
pt_coup_failed,3825,0.0
pt_coup_failed,3826,0.0
pt_coup_failed,3827,0.0
pt_coup_failed,3828,1.0
pt_coup_failed,3829,2.0
pt_coup_failed,3830,2.0
pt_coup_successful,0,0.0
pt_coup_successful,1,0.0
pt_coup_successful,2,0.0
pt_coup_successful,3,0.0
pt_coup_successful,4,0.0
pt_coup_successful,5,0.0
pt_coup_successful,6,0.0
pt_coup_successful,7,0.0
pt_coup_successful,8,0.0
pt_coup_successful,9,0.0
pt_coup_successful,10,0.0
pt_coup_successful,11,0.0
pt_coup_successful,12,0.0
pt_coup_successful,13,0.0
pt_coup_successful,14,0.0
pt_coup_successful,15,0.0
pt_coup_successful,16,0.0
pt_coup_successful,17,0.0
pt_coup_successful,18,0.0
pt_coup_successful,19,0.0
pt_coup_successful,20,0.0
pt_coup_successful,21,0.0
pt_coup_successful,22,0.0
pt_coup_successful,23,0.0
pt_coup_successful,24,0.0
pt_coup_successful,25,0.0
pt_coup_successful,26,0.0
pt_coup_successful,27,0.0
pt_coup_successful,28,0.0
pt_coup_successful,29,0.0
pt_coup_successful,30,0.0
pt_coup_successful,31,0.0
pt_coup_successful,32,0.0
pt_coup_successful,33,0.0
pt_coup_successful,34,0.0
pt_coup_successful,35,0.0
pt_coup_successful,36,0.0
pt_coup_successful,37,0.0
pt_coup_successful,38,0.0
pt_coup_successful,39,0.0
pt_coup_successful,40,0.0
pt_coup_successful,41,0.0
pt_coup_successful,42,0.0
pt_coup_successful,43,0.0
pt_coup_successful,44,0.0
pt_coup_successful,45,0.0
pt_coup_successful,46,0.0
pt_coup_successful,47,0.0
pt_coup_successful,48,0.0
pt_coup_successful,49,0.0
pt_coup_successful,50,0.0
pt_coup_successful,51,0.0
pt_coup_successful,52,0.0
pt_coup_successful,53,0.0
pt_coup_successful,54,0.0
pt_coup_successful,55,0.0
pt_coup_successful,56,0.0
pt_coup_successful,57,0.0
pt_coup_successful,58,0.0
pt_coup_successful,59,0.0
pt_coup_successful,60,0.0
pt_coup_successful,61,0.0
pt_coup_successful,62,0.0
pt_coup_successful,63,0.0
pt_coup_successful,64,0.0
pt_coup_successful,65,0.0
pt_coup_successful,66,0.0
pt_coup_successful,67,0.0
pt_coup_successful,68,0.0
pt_coup_successful,69,0.0
pt_coup_successful,70,0.0
pt_coup_successful,71,0.0
pt_coup_successful,72,0.0
pt_coup_successful,73,0.0
pt_coup_successful,74,0.0
pt_coup_successful,75,0.0
pt_coup_successful,76,0.0
pt_coup_successful,77,0.0
pt_coup_successful,78,0.0
pt_coup_successful,79,0.0
pt_coup_successful,80,0.0
pt_coup_successful,81,0.0
pt_coup_successful,82,0.0
pt_coup_successful,83,0.0
pt_coup_successful,84,0.0
pt_coup_successful,85,0.0
pt_coup_successful,86,0.0
pt_coup_successful,87,0.0
pt_coup_successful,88,0.0
pt_coup_successful,89,0.0
pt_coup_successful,90,0.0
pt_coup_successful,91,0.0
pt_coup_successful,92,0.0
pt_coup_successful,93,0.0
pt_coup_successful,94,0.0
pt_coup_successful,95,0.0
pt_coup_successful,96,0.0
pt_coup_successful,97,0.0
pt_coup_successful,98,0.0
pt_coup_successful,99,0.0
pt_coup_successful,100,0.0
pt_coup_successful,101,0.0
pt_coup_successful,102,0.0
pt_coup_successful,103,0.0
pt_coup_successful,104,0.0
pt_coup_successful,105,0.0
pt_coup_successful,106,0.0
pt_coup_successful,107,0.0
pt_coup_successful,108,0.0
pt_coup_successful,109,0.0
pt_coup_successful,110,0.0
pt_coup_successful,111,0.0
pt_coup_successful,112,0.0
pt_coup_successful,113,0.0
pt_coup_successful,114,0.0
pt_coup_successful,115,0.0
pt_coup_successful,116,0.0
pt_coup_successful,117,0.0
pt_coup_successful,118,0.0
pt_coup_successful,119,0.0
pt_coup_successful,120,0.0
pt_coup_successful,121,0.0
pt_coup_successful,122,0.0
pt_coup_successful,123,0.0
pt_coup_successful,124,0.0
pt_coup_successful,125,0.0
pt_coup_successful,126,0.0
pt_coup_successful,127,0.0
pt_coup_successful,128,0.0
pt_coup_successful,129,0.0
pt_coup_successful,130,0.0
pt_coup_successful,131,0.0
pt_coup_successful,132,0.0
pt_coup_successful,133,0.0
pt_coup_successful,134,0.0
pt_coup_successful,135,0.0
pt_coup_successful,136,0.0
pt_coup_successful,137,0.0
pt_coup_successful,138,0.0
pt_coup_successful,139,0.0
pt_coup_successful,140,0.0
pt_coup_successful,141,0.0
pt_coup_successful,142,0.0
pt_coup_successful,143,0.0
pt_coup_successful,144,0.0
pt_coup_successful,145,0.0
pt_coup_successful,146,0.0
pt_coup_successful,147,0.0
pt_coup_successful,148,0.0
pt_coup_successful,149,0.0
pt_coup_successful,150,0.0
pt_coup_successful,151,0.0
pt_coup_successful,152,0.0
pt_coup_successful,153,0.0
pt_coup_successful,154,0.0
pt_coup_successful,155,0.0
pt_coup_successful,156,0.0
pt_coup_successful,157,0.0
pt_coup_successful,158,0.0
pt_coup_successful,159,0.0
pt_coup_successful,160,0.0
pt_coup_successful,161,0.0
pt_coup_successful,162,0.0
pt_coup_successful,163,0.0
pt_coup_successful,164,0.0
pt_coup_successful,165,0.0
pt_coup_successful,166,0.0
pt_coup_successful,167,0.0
pt_coup_successful,168,0.0
pt_coup_successful,169,0.0
pt_coup_successful,170,0.0
pt_coup_successful,171,0.0
pt_coup_successful,172,0.0
pt_coup_successful,173,0.0
pt_coup_successful,174,0.0
pt_coup_successful,175,0.0
pt_coup_successful,176,0.0
pt_coup_successful,177,0.0
pt_coup_successful,178,0.0
pt_coup_successful,179,0.0
pt_coup_successful,180,0.0
pt_coup_successful,181,0.0
pt_coup_successful,182,0.0
pt_coup_successful,183,0.0
pt_coup_successful,184,0.0
pt_coup_successful,185,0.0
pt_coup_successful,186,0.0
pt_coup_successful,187,0.0
pt_coup_successful,188,0.0
pt_coup_successful,189,0.0
pt_coup_successful,190,0.0
pt_coup_successful,191,0.0
pt_coup_successful,192,0.0
pt_coup_successful,193,0.0
pt_coup_successful,194,0.0
pt_coup_successful,195,0.0
pt_coup_successful,196,0.0
pt_coup_successful,197,0.0
pt_coup_successful,198,0.0
pt_coup_successful,199,0.0
pt_coup_successful,200,0.0
pt_coup_successful,201,0.0
pt_coup_successful,202,0.0
pt_coup_successful,203,0.0
pt_coup_successful,204,0.0
pt_coup_successful,205,0.0
pt_coup_successful,206,0.0
pt_coup_successful,207,0.0
pt_coup_successful,208,0.0
pt_coup_successful,209,0.0
pt_coup_successful,210,0.0
pt_coup_successful,211,0.0
pt_coup_successful,212,0.0
pt_coup_successful,213,0.0
pt_coup_successful,214,0.0
pt_coup_successful,215,0.0
pt_coup_successful,216,0.0
pt_coup_successful,217,0.0
pt_coup_successful,218,0.0
pt_coup_successful,219,0.0
pt_coup_successful,220,0.0
pt_coup_successful,221,0.0
pt_coup_successful,222,0.0
pt_coup_successful,223,0.0
pt_coup_successful,224,0.0
pt_coup_successful,225,0.0
pt_coup_successful,226,0.0
pt_coup_successful,227,0.0
pt_coup_successful,228,0.0
pt_coup_successful,229,0.0
pt_coup_successful,230,0.0
pt_coup_successful,231,0.0
pt_coup_successful,232,0.0
pt_coup_successful,233,0.0
pt_coup_successful,234,0.0
pt_coup_successful,235,0.0
pt_coup_successful,236,0.0
pt_coup_successful,237,0.0
pt_coup_successful,238,0.0
pt_coup_successful,239,0.0
pt_coup_successful,240,0.0
pt_coup_successful,241,0.0
pt_coup_successful,242,0.0
pt_coup_successful,243,0.0
pt_coup_successful,244,0.0
pt_coup_successful,245,0.0
pt_coup_successful,246,0.0
pt_coup_successful,247,0.0
pt_coup_successful,248,0.0
pt_coup_successful,249,0.0
pt_coup_successful,250,0.0
pt_coup_successful,251,0.0
pt_coup_successful,252,0.0
pt_coup_successful,253,0.0
pt_coup_successful,254,0.0
pt_coup_successful,255,0.0
pt_coup_successful,256,0.0
pt_coup_successful,257,0.0
pt_coup_successful,258,0.0
pt_coup_successful,259,0.0
pt_coup_successful,260,0.0
pt_coup_successful,261,0.0
pt_coup_successful,262,0.0
pt_coup_successful,263,0.0
pt_coup_successful,264,0.0
pt_coup_successful,265,0.0
pt_coup_successful,266,0.0
pt_coup_successful,267,0.0
pt_coup_successful,268,0.0
pt_coup_successful,269,0.0
pt_coup_successful,270,0.0
pt_coup_successful,271,0.0
pt_coup_successful,272,0.0
pt_coup_successful,273,0.0
pt_coup_successful,274,0.0
pt_coup_successful,275,0.0
pt_coup_successful,276,0.0
pt_coup_successful,277,0.0
pt_coup_successful,278,0.0
pt_coup_successful,279,0.0
pt_coup_successful,280,0.0
pt_coup_successful,281,0.0
pt_coup_successful,282,0.0
pt_coup_successful,283,0.0
pt_coup_successful,284,0.0
pt_coup_successful,285,0.0
pt_coup_successful,286,0.0
pt_coup_successful,287,0.0
pt_coup_successful,288,0.0
pt_coup_successful,289,0.0
pt_coup_successful,290,0.0
pt_coup_successful,291,0.0
pt_coup_successful,292,0.0
pt_coup_successful,293,0.0
pt_coup_successful,294,0.0
pt_coup_successful,295,0.0
pt_coup_successful,296,0.0
pt_coup_successful,297,0.0
pt_coup_successful,298,0.0
pt_coup_successful,299,0.0
pt_coup_successful,300,0.0
pt_coup_successful,301,0.0
pt_coup_successful,302,0.0
pt_coup_successful,303,0.0
pt_coup_successful,304,0.0
pt_coup_successful,305,0.0
pt_coup_successful,306,0.0
pt_coup_successful,307,0.0
pt_coup_successful,308,0.0
pt_coup_successful,309,0.0
pt_coup_successful,310,0.0
pt_coup_successful,311,0.0
pt_coup_successful,312,0.0
pt_coup_successful,313,0.0
pt_coup_successful,314,0.0
pt_coup_successful,315,0.0
pt_coup_successful,316,0.0
pt_coup_successful,317,0.0
pt_coup_successful,318,0.0
pt_coup_successful,319,0.0
pt_coup_successful,320,0.0
pt_coup_successful,321,0.0
pt_coup_successful,322,0.0
pt_coup_successful,323,0.0
pt_coup_successful,324,0.0
pt_coup_successful,325,0.0
pt_coup_successful,326,0.0
pt_coup_successful,327,0.0
pt_coup_successful,328,0.0
pt_coup_successful,329,0.0
pt_coup_successful,330,0.0
pt_coup_successful,331,0.0
pt_coup_successful,332,0.0
pt_coup_successful,333,0.0
pt_coup_successful,334,0.0
pt_coup_successful,335,0.0
pt_coup_successful,336,0.0
pt_coup_successful,337,0.0
pt_coup_successful,338,0.0
pt_coup_successful,339,0.0
pt_coup_successful,340,0.0
pt_coup_successful,341,0.0
pt_coup_successful,342,0.0
pt_coup_successful,343,0.0
pt_coup_successful,344,0.0
pt_coup_successful,345,0.0
pt_coup_successful,346,0.0
pt_coup_successful,347,0.0
pt_coup_successful,348,0.0
pt_coup_successful,349,0.0
pt_coup_successful,350,0.0
pt_coup_successful,351,0.0
pt_coup_successful,352,0.0
pt_coup_successful,353,0.0
pt_coup_successful,354,0.0
pt_coup_successful,355,0.0
pt_coup_successful,356,0.0
pt_coup_successful,357,0.0
pt_coup_successful,358,0.0
pt_coup_successful,359,0.0
pt_coup_successful,360,0.0
pt_coup_successful,361,0.0
pt_coup_successful,362,0.0
pt_coup_successful,363,0.0
pt_coup_successful,364,0.0
pt_coup_successful,365,0.0
pt_coup_successful,366,0.0
pt_coup_successful,367,0.0
pt_coup_successful,368,0.0
pt_coup_successful,369,0.0
pt_coup_successful,370,0.0
pt_coup_successful,371,0.0
pt_coup_successful,372,0.0
pt_coup_successful,373,0.0
pt_coup_successful,374,0.0
pt_coup_successful,375,0.0
pt_coup_successful,376,0.0
pt_coup_successful,377,0.0
pt_coup_successful,378,0.0
pt_coup_successful,379,0.0
pt_coup_successful,380,0.0
pt_coup_successful,381,0.0
pt_coup_successful,382,0.0
pt_coup_successful,383,0.0
pt_coup_successful,384,0.0
pt_coup_successful,385,0.0
pt_coup_successful,386,0.0
pt_coup_successful,387,0.0
pt_coup_successful,388,0.0
pt_coup_successful,389,0.0
pt_coup_successful,390,0.0
pt_coup_successful,391,0.0
pt_coup_successful,392,0.0
pt_coup_successful,393,0.0
pt_coup_successful,394,0.0
pt_coup_successful,395,0.0
pt_coup_successful,396,0.0
pt_coup_successful,397,0.0
pt_coup_successful,398,0.0
pt_coup_successful,399,0.0
pt_coup_successful,400,0.0
pt_coup_successful,401,0.0
pt_coup_successful,402,0.0
pt_coup_successful,403,0.0
pt_coup_successful,404,0.0
pt_coup_successful,405,0.0
pt_coup_successful,406,0.0
pt_coup_successful,407,0.0
pt_coup_successful,408,0.0
pt_coup_successful,409,0.0
pt_coup_successful,410,0.0
pt_coup_successful,411,0.0
pt_coup_successful,412,0.0
pt_coup_successful,413,0.0
pt_coup_successful,414,0.0
pt_coup_successful,415,0.0
pt_coup_successful,416,0.0
pt_coup_successful,417,0.0
pt_coup_successful,418,0.0
pt_coup_successful,419,0.0
pt_coup_successful,420,0.0
pt_coup_successful,421,0.0
pt_coup_successful,422,0.0
pt_coup_successful,423,0.0
pt_coup_successful,424,0.0
pt_coup_successful,425,0.0
pt_coup_successful,426,0.0
pt_coup_successful,427,0.0
pt_coup_successful,428,0.0
pt_coup_successful,429,0.0
pt_coup_successful,430,0.0
pt_coup_successful,431,0.0
pt_coup_successful,432,0.0
pt_coup_successful,433,0.0
pt_coup_successful,434,0.0
pt_coup_successful,435,0.0
pt_coup_successful,436,0.0
pt_coup_successful,437,0.0
pt_coup_successful,438,0.0
pt_coup_successful,439,0.0
pt_coup_successful,440,0.0
pt_coup_successful,441,0.0
pt_coup_successful,442,0.0
pt_coup_successful,443,0.0
pt_coup_successful,444,0.0
pt_coup_successful,445,0.0
pt_coup_successful,446,0.0
pt_coup_successful,447,0.0
pt_coup_successful,448,0.0
pt_coup_successful,449,0.0
pt_coup_successful,450,0.0
pt_coup_successful,451,0.0
pt_coup_successful,452,0.0
pt_coup_successful,453,0.0
pt_coup_successful,454,0.0
pt_coup_successful,455,0.0
pt_coup_successful,456,0.0
pt_coup_successful,457,0.0
pt_coup_successful,458,0.0
pt_coup_successful,459,0.0
pt_coup_successful,460,0.0
pt_coup_successful,461,0.0
pt_coup_successful,462,0.0
pt_coup_successful,463,0.0
pt_coup_successful,464,0.0
pt_coup_successful,465,0.0
pt_coup_successful,466,0.0
pt_coup_successful,467,0.0
pt_coup_successful,468,0.0
pt_coup_successful,469,0.0
pt_coup_successful,470,0.0
pt_coup_successful,471,0.0
pt_coup_successful,472,0.0
pt_coup_successful,473,0.0
pt_coup_successful,474,0.0
pt_coup_successful,475,0.0
pt_coup_successful,476,0.0
pt_coup_successful,477,0.0
pt_coup_successful,478,0.0
pt_coup_successful,479,0.0
pt_coup_successful,480,0.0
pt_coup_successful,481,0.0
pt_coup_successful,482,0.0
pt_coup_successful,483,0.0
pt_coup_successful,484,0.0
pt_coup_successful,485,0.0
pt_coup_successful,486,0.0
pt_coup_successful,487,0.0
pt_coup_successful,488,0.0
pt_coup_successful,489,0.0
pt_coup_successful,490,0.0
pt_coup_successful,491,0.0
pt_coup_successful,492,0.0
pt_coup_successful,493,0.0
pt_coup_successful,494,0.0
pt_coup_successful,495,0.0
pt_coup_successful,496,0.0
pt_coup_successful,497,0.0
pt_coup_successful,498,0.0
pt_coup_successful,499,0.0
pt_coup_successful,500,0.0
pt_coup_successful,501,0.0
pt_coup_successful,502,0.0
pt_coup_successful,503,0.0
pt_coup_successful,504,0.0
pt_coup_successful,505,0.0
pt_coup_successful,506,0.0
pt_coup_successful,507,0.0
pt_coup_successful,508,0.0
pt_coup_successful,509,0.0
pt_coup_successful,510,0.0
pt_coup_successful,511,0.0
pt_coup_successful,512,0.0
pt_coup_successful,513,0.0
pt_coup_successful,514,0.0
pt_coup_successful,515,0.0
pt_coup_successful,516,0.0
pt_coup_successful,517,0.0
pt_coup_successful,518,0.0
pt_coup_successful,519,0.0
pt_coup_successful,520,0.0
pt_coup_successful,521,0.0
pt_coup_successful,522,0.0
pt_coup_successful,523,0.0
pt_coup_successful,524,0.0
pt_coup_successful,525,0.0
pt_coup_successful,526,0.0
pt_coup_successful,527,0.0
pt_coup_successful,528,0.0
pt_coup_successful,529,0.0
pt_coup_successful,530,0.0
pt_coup_successful,531,0.0
pt_coup_successful,532,0.0
pt_coup_successful,533,0.0
pt_coup_successful,534,0.0
pt_coup_successful,535,0.0
pt_coup_successful,536,0.0
pt_coup_successful,537,0.0
pt_coup_successful,538,0.0
pt_coup_successful,539,0.0
pt_coup_successful,540,0.0
pt_coup_successful,541,0.0
pt_coup_successful,542,0.0
pt_coup_successful,543,0.0
pt_coup_successful,544,0.0
pt_coup_successful,545,0.0
pt_coup_successful,546,0.0
pt_coup_successful,547,0.0
pt_coup_successful,548,0.0
pt_coup_successful,549,0.0
pt_coup_successful,550,0.0
pt_coup_successful,551,0.0
pt_coup_successful,552,0.0
pt_coup_successful,553,0.0
pt_coup_successful,554,0.0
pt_coup_successful,555,0.0
pt_coup_successful,556,0.0
pt_coup_successful,557,0.0
pt_coup_successful,558,0.0
pt_coup_successful,559,0.0
pt_coup_successful,560,0.0
pt_coup_successful,561,0.0
pt_coup_successful,562,0.0
pt_coup_successful,563,0.0
pt_coup_successful,564,0.0
pt_coup_successful,565,0.0
pt_coup_successful,566,0.0
pt_coup_successful,567,0.0
pt_coup_successful,568,0.0
pt_coup_successful,569,0.0
pt_coup_successful,570,0.0
pt_coup_successful,571,0.0
pt_coup_successful,572,0.0
pt_coup_successful,573,0.0
pt_coup_successful,574,0.0
pt_coup_successful,575,0.0
pt_coup_successful,576,0.0
pt_coup_successful,577,0.0
pt_coup_successful,578,0.0
pt_coup_successful,579,0.0
pt_coup_successful,580,0.0
pt_coup_successful,581,0.0
pt_coup_successful,582,0.0
pt_coup_successful,583,0.0
pt_coup_successful,584,0.0
pt_coup_successful,585,0.0
pt_coup_successful,586,0.0
pt_coup_successful,587,0.0
pt_coup_successful,588,0.0
pt_coup_successful,589,0.0
pt_coup_successful,590,0.0
pt_coup_successful,591,0.0
pt_coup_successful,592,0.0
pt_coup_successful,593,0.0
pt_coup_successful,594,0.0
pt_coup_successful,595,0.0
pt_coup_successful,596,0.0
pt_coup_successful,597,0.0
pt_coup_successful,598,0.0
pt_coup_successful,599,0.0
pt_coup_successful,600,0.0
pt_coup_successful,601,0.0
pt_coup_successful,602,0.0
pt_coup_successful,603,0.0
pt_coup_successful,604,0.0
pt_coup_successful,605,0.0
pt_coup_successful,606,0.0
pt_coup_successful,607,0.0
pt_coup_successful,608,0.0
pt_coup_successful,609,0.0
pt_coup_successful,610,0.0
pt_coup_successful,611,0.0
pt_coup_successful,612,0.0
pt_coup_successful,613,0.0
pt_coup_successful,614,0.0
pt_coup_successful,615,0.0
pt_coup_successful,616,0.0
pt_coup_successful,617,0.0
pt_coup_successful,618,0.0
pt_coup_successful,619,0.0
pt_coup_successful,620,0.0
pt_coup_successful,621,0.0
pt_coup_successful,622,0.0
pt_coup_successful,623,0.0
pt_coup_successful,624,0.0
pt_coup_successful,625,0.0
pt_coup_successful,626,0.0
pt_coup_successful,627,0.0
pt_coup_successful,628,0.0
pt_coup_successful,629,0.0
pt_coup_successful,630,0.0
pt_coup_successful,631,0.0
pt_coup_successful,632,0.0
pt_coup_successful,633,0.0
pt_coup_successful,634,0.0
pt_coup_successful,635,0.0
pt_coup_successful,636,0.0
pt_coup_successful,637,0.0
pt_coup_successful,638,0.0
pt_coup_successful,639,0.0
pt_coup_successful,640,0.0
pt_coup_successful,641,0.0
pt_coup_successful,642,0.0
pt_coup_successful,643,0.0
pt_coup_successful,644,0.0
pt_coup_successful,645,0.0
pt_coup_successful,646,0.0
pt_coup_successful,647,0.0
pt_coup_successful,648,0.0
pt_coup_successful,649,0.0
pt_coup_successful,650,0.0
pt_coup_successful,651,0.0
pt_coup_successful,652,0.0
pt_coup_successful,653,0.0
pt_coup_successful,654,0.0
pt_coup_successful,655,0.0
pt_coup_successful,656,0.0
pt_coup_successful,657,0.0
pt_coup_successful,658,0.0
pt_coup_successful,659,0.0
pt_coup_successful,660,0.0
pt_coup_successful,661,0.0
pt_coup_successful,662,0.0
pt_coup_successful,663,0.0
pt_coup_successful,664,0.0
pt_coup_successful,665,0.0
pt_coup_successful,666,0.0
pt_coup_successful,667,0.0
pt_coup_successful,668,0.0
pt_coup_successful,669,0.0
pt_coup_successful,670,0.0
pt_coup_successful,671,0.0
pt_coup_successful,672,0.0
pt_coup_successful,673,0.0
pt_coup_successful,674,0.0
pt_coup_successful,675,0.0
pt_coup_successful,676,0.0
pt_coup_successful,677,0.0
pt_coup_successful,678,0.0
pt_coup_successful,679,0.0
pt_coup_successful,680,0.0
pt_coup_successful,681,0.0
pt_coup_successful,682,0.0
pt_coup_successful,683,0.0
pt_coup_successful,684,0.0
pt_coup_successful,685,0.0
pt_coup_successful,686,0.0
pt_coup_successful,687,0.0
pt_coup_successful,688,0.0
pt_coup_successful,689,0.0
pt_coup_successful,690,0.0
pt_coup_successful,691,0.0
pt_coup_successful,692,0.0
pt_coup_successful,693,0.0
pt_coup_successful,694,0.0
pt_coup_successful,695,0.0
pt_coup_successful,696,0.0
pt_coup_successful,697,0.0
pt_coup_successful,698,0.0
pt_coup_successful,699,0.0
pt_coup_successful,700,0.0
pt_coup_successful,701,0.0
pt_coup_successful,702,0.0
pt_coup_successful,703,0.0
pt_coup_successful,704,0.0
pt_coup_successful,705,0.0
pt_coup_successful,706,0.0
pt_coup_successful,707,0.0
pt_coup_successful,708,0.0
pt_coup_successful,709,0.0
pt_coup_successful,710,0.0
pt_coup_successful,711,0.0
pt_coup_successful,712,0.0
pt_coup_successful,713,0.0
pt_coup_successful,714,0.0
pt_coup_successful,715,0.0
pt_coup_successful,716,0.0
pt_coup_successful,717,0.0
pt_coup_successful,718,0.0
pt_coup_successful,719,0.0
pt_coup_successful,720,0.0
pt_coup_successful,721,0.0
pt_coup_successful,722,0.0
pt_coup_successful,723,0.0
pt_coup_successful,724,0.0
pt_coup_successful,725,0.0
pt_coup_successful,726,0.0
pt_coup_successful,727,0.0
pt_coup_successful,728,0.0
pt_coup_successful,729,0.0
pt_coup_successful,730,0.0
pt_coup_successful,731,0.0
pt_coup_successful,732,0.0
pt_coup_successful,733,0.0
pt_coup_successful,734,0.0
pt_coup_successful,735,0.0
pt_coup_successful,736,0.0
pt_coup_successful,737,0.0
pt_coup_successful,738,0.0
pt_coup_successful,739,0.0
pt_coup_successful,740,0.0
pt_coup_successful,741,0.0
pt_coup_successful,742,0.0
pt_coup_successful,743,0.0
pt_coup_successful,744,0.0
pt_coup_successful,745,0.0
pt_coup_successful,746,0.0
pt_coup_successful,747,0.0
pt_coup_successful,748,0.0
pt_coup_successful,749,0.0
pt_coup_successful,750,0.0
pt_coup_successful,751,0.0
pt_coup_successful,752,0.0
pt_coup_successful,753,0.0
pt_coup_successful,754,0.0
pt_coup_successful,755,0.0
pt_coup_successful,756,0.0
pt_coup_successful,757,0.0
pt_coup_successful,758,0.0
pt_coup_successful,759,0.0
pt_coup_successful,760,0.0
pt_coup_successful,761,0.0
pt_coup_successful,762,0.0
pt_coup_successful,763,0.0
pt_coup_successful,764,0.0
pt_coup_successful,765,0.0
pt_coup_successful,766,0.0
pt_coup_successful,767,0.0
pt_coup_successful,768,0.0
pt_coup_successful,769,0.0
pt_coup_successful,770,0.0
pt_coup_successful,771,0.0
pt_coup_successful,772,0.0
pt_coup_successful,773,0.0
pt_coup_successful,774,0.0
pt_coup_successful,775,0.0
pt_coup_successful,776,0.0
pt_coup_successful,777,0.0
pt_coup_successful,778,0.0
pt_coup_successful,779,0.0
pt_coup_successful,780,0.0
pt_coup_successful,781,0.0
pt_coup_successful,782,0.0
pt_coup_successful,783,0.0
pt_coup_successful,784,0.0
pt_coup_successful,785,0.0
pt_coup_successful,786,0.0
pt_coup_successful,787,0.0
pt_coup_successful,788,0.0
pt_coup_successful,789,0.0
pt_coup_successful,790,0.0
pt_coup_successful,791,0.0
pt_coup_successful,792,0.0
pt_coup_successful,793,0.0
pt_coup_successful,794,0.0
pt_coup_successful,795,0.0
pt_coup_successful,796,0.0
pt_coup_successful,797,0.0
pt_coup_successful,798,0.0
pt_coup_successful,799,0.0
pt_coup_successful,800,0.0
pt_coup_successful,801,0.0
pt_coup_successful,802,0.0
pt_coup_successful,803,0.0
pt_coup_successful,804,0.0
pt_coup_successful,805,0.0
pt_coup_successful,806,0.0
pt_coup_successful,807,0.0
pt_coup_successful,808,0.0
pt_coup_successful,809,0.0
pt_coup_successful,810,0.0
pt_coup_successful,811,0.0
pt_coup_successful,812,0.0
pt_coup_successful,813,0.0
pt_coup_successful,814,0.0
pt_coup_successful,815,0.0
pt_coup_successful,816,0.0
pt_coup_successful,817,0.0
pt_coup_successful,818,0.0
pt_coup_successful,819,0.0
pt_coup_successful,820,0.0
pt_coup_successful,821,0.0
pt_coup_successful,822,0.0
pt_coup_successful,823,0.0
pt_coup_successful,824,0.0
pt_coup_successful,825,0.0
pt_coup_successful,826,0.0
pt_coup_successful,827,0.0
pt_coup_successful,828,0.0
pt_coup_successful,829,0.0
pt_coup_successful,830,0.0
pt_coup_successful,831,0.0
pt_coup_successful,832,0.0
pt_coup_successful,833,0.0
pt_coup_successful,834,0.0
pt_coup_successful,835,0.0
pt_coup_successful,836,0.0
pt_coup_successful,837,0.0
pt_coup_successful,838,0.0
pt_coup_successful,839,0.0
pt_coup_successful,840,0.0
pt_coup_successful,841,0.0
pt_coup_successful,842,0.0
pt_coup_successful,843,0.0
pt_coup_successful,844,0.0
pt_coup_successful,845,0.0
pt_coup_successful,846,0.0
pt_coup_successful,847,0.0
pt_coup_successful,848,0.0
pt_coup_successful,849,0.0
pt_coup_successful,850,0.0
pt_coup_successful,851,0.0
pt_coup_successful,852,0.0
pt_coup_successful,853,0.0
pt_coup_successful,854,0.0
pt_coup_successful,855,0.0
pt_coup_successful,856,0.0
pt_coup_successful,857,0.0
pt_coup_successful,858,0.0
pt_coup_successful,859,0.0
pt_coup_successful,860,0.0
pt_coup_successful,861,0.0
pt_coup_successful,862,0.0
pt_coup_successful,863,0.0
pt_coup_successful,864,0.0
pt_coup_successful,865,0.0
pt_coup_successful,866,0.0
pt_coup_successful,867,0.0
pt_coup_successful,868,0.0
pt_coup_successful,869,0.0
pt_coup_successful,870,0.0
pt_coup_successful,871,0.0
pt_coup_successful,872,0.0
pt_coup_successful,873,0.0
pt_coup_successful,874,0.0
pt_coup_successful,875,0.0
pt_coup_successful,876,0.0
pt_coup_successful,877,0.0
pt_coup_successful,878,0.0
pt_coup_successful,879,0.0
pt_coup_successful,880,0.0
pt_coup_successful,881,0.0
pt_coup_successful,882,0.0
pt_coup_successful,883,0.0
pt_coup_successful,884,0.0
pt_coup_successful,885,0.0
pt_coup_successful,886,0.0
pt_coup_successful,887,0.0
pt_coup_successful,888,0.0
pt_coup_successful,889,0.0
pt_coup_successful,890,0.0
pt_coup_successful,891,0.0
pt_coup_successful,892,0.0
pt_coup_successful,893,0.0
pt_coup_successful,894,0.0
pt_coup_successful,895,0.0
pt_coup_successful,896,0.0
pt_coup_successful,897,0.0
pt_coup_successful,898,0.0
pt_coup_successful,899,0.0
pt_coup_successful,900,0.0
pt_coup_successful,901,0.0
pt_coup_successful,902,0.0
pt_coup_successful,903,0.0
pt_coup_successful,904,0.0
pt_coup_successful,905,0.0
pt_coup_successful,906,0.0
pt_coup_successful,907,0.0
pt_coup_successful,908,0.0
pt_coup_successful,909,0.0
pt_coup_successful,910,0.0
pt_coup_successful,911,0.0
pt_coup_successful,912,0.0
pt_coup_successful,913,0.0
pt_coup_successful,914,0.0
pt_coup_successful,915,0.0
pt_coup_successful,916,0.0
pt_coup_successful,917,0.0
pt_coup_successful,918,0.0
pt_coup_successful,919,0.0
pt_coup_successful,920,0.0
pt_coup_successful,921,0.0
pt_coup_successful,922,0.0
pt_coup_successful,923,0.0
pt_coup_successful,924,0.0
pt_coup_successful,925,0.0
pt_coup_successful,926,0.0
pt_coup_successful,927,0.0
pt_coup_successful,928,0.0
pt_coup_successful,929,0.0
pt_coup_successful,930,0.0
pt_coup_successful,931,0.0
pt_coup_successful,932,0.0
pt_coup_successful,933,0.0
pt_coup_successful,934,0.0
pt_coup_successful,935,0.0
pt_coup_successful,936,0.0
pt_coup_successful,937,0.0
pt_coup_successful,938,0.0
pt_coup_successful,939,0.0
pt_coup_successful,940,0.0
pt_coup_successful,941,0.0
pt_coup_successful,942,0.0
pt_coup_successful,943,0.0
pt_coup_successful,944,0.0
pt_coup_successful,945,0.0
pt_coup_successful,946,0.0
pt_coup_successful,947,0.0
pt_coup_successful,948,0.0
pt_coup_successful,949,0.0
pt_coup_successful,950,0.0
pt_coup_successful,951,0.0
pt_coup_successful,952,0.0
pt_coup_successful,953,0.0
pt_coup_successful,954,0.0
pt_coup_successful,955,0.0
pt_coup_successful,956,0.0
pt_coup_successful,957,0.0
pt_coup_successful,958,0.0
pt_coup_successful,959,0.0
pt_coup_successful,960,0.0
pt_coup_successful,961,0.0
pt_coup_successful,962,0.0
pt_coup_successful,963,0.0
pt_coup_successful,964,0.0
pt_coup_successful,965,0.0
pt_coup_successful,966,0.0
pt_coup_successful,967,0.0
pt_coup_successful,968,0.0
pt_coup_successful,969,0.0
pt_coup_successful,970,0.0
pt_coup_successful,971,0.0
pt_coup_successful,972,0.0
pt_coup_successful,973,0.0
pt_coup_successful,974,0.0
pt_coup_successful,975,0.0
pt_coup_successful,976,0.0
pt_coup_successful,977,0.0
pt_coup_successful,978,0.0
pt_coup_successful,979,0.0
pt_coup_successful,980,0.0
pt_coup_successful,981,0.0
pt_coup_successful,982,0.0
pt_coup_successful,983,0.0
pt_coup_successful,984,0.0
pt_coup_successful,985,0.0
pt_coup_successful,986,0.0
pt_coup_successful,987,0.0
pt_coup_successful,988,0.0
pt_coup_successful,989,0.0
pt_coup_successful,990,0.0
pt_coup_successful,991,0.0
pt_coup_successful,992,0.0
pt_coup_successful,993,0.0
pt_coup_successful,994,0.0
pt_coup_successful,995,0.0
pt_coup_successful,996,0.0
pt_coup_successful,997,0.0
pt_coup_successful,998,0.0
pt_coup_successful,999,0.0
pt_coup_successful,1000,0.0
pt_coup_successful,1001,0.0
pt_coup_successful,1002,0.0
pt_coup_successful,1003,0.0
pt_coup_successful,1004,0.0
pt_coup_successful,1005,0.0
pt_coup_successful,1006,0.0
pt_coup_successful,1007,0.0
pt_coup_successful,1008,0.0
pt_coup_successful,1009,0.0
pt_coup_successful,1010,0.0
pt_coup_successful,1011,0.0
pt_coup_successful,1012,0.0
pt_coup_successful,1013,0.0
pt_coup_successful,1014,0.0
pt_coup_successful,1015,0.0
pt_coup_successful,1016,0.0
pt_coup_successful,1017,0.0
pt_coup_successful,1018,0.0
pt_coup_successful,1019,0.0
pt_coup_successful,1020,0.0
pt_coup_successful,1021,0.0
pt_coup_successful,1022,0.0
pt_coup_successful,1023,0.0
pt_coup_successful,1024,0.0
pt_coup_successful,1025,0.0
pt_coup_successful,1026,0.0
pt_coup_successful,1027,0.0
pt_coup_successful,1028,0.0
pt_coup_successful,1029,0.0
pt_coup_successful,1030,0.0
pt_coup_successful,1031,0.0
pt_coup_successful,1032,0.0
pt_coup_successful,1033,0.0
pt_coup_successful,1034,0.0
pt_coup_successful,1035,0.0
pt_coup_successful,1036,0.0
pt_coup_successful,1037,0.0
pt_coup_successful,1038,0.0
pt_coup_successful,1039,0.0
pt_coup_successful,1040,0.0
pt_coup_successful,1041,0.0
pt_coup_successful,1042,0.0
pt_coup_successful,1043,0.0
pt_coup_successful,1044,0.0
pt_coup_successful,1045,0.0
pt_coup_successful,1046,0.0
pt_coup_successful,1047,0.0
pt_coup_successful,1048,0.0
pt_coup_successful,1049,0.0
pt_coup_successful,1050,0.0
pt_coup_successful,1051,0.0
pt_coup_successful,1052,0.0
pt_coup_successful,1053,0.0
pt_coup_successful,1054,0.0
pt_coup_successful,1055,0.0
pt_coup_successful,1056,0.0
pt_coup_successful,1057,0.0
pt_coup_successful,1058,0.0
pt_coup_successful,1059,0.0
pt_coup_successful,1060,0.0
pt_coup_successful,1061,0.0
pt_coup_successful,1062,0.0
pt_coup_successful,1063,0.0
pt_coup_successful,1064,0.0
pt_coup_successful,1065,0.0
pt_coup_successful,1066,0.0
pt_coup_successful,1067,0.0
pt_coup_successful,1068,0.0
pt_coup_successful,1069,0.0
pt_coup_successful,1070,0.0
pt_coup_successful,1071,0.0
pt_coup_successful,1072,0.0
pt_coup_successful,1073,0.0
pt_coup_successful,1074,0.0
pt_coup_successful,1075,0.0
pt_coup_successful,1076,0.0
pt_coup_successful,1077,0.0
pt_coup_successful,1078,0.0
pt_coup_successful,1079,0.0
pt_coup_successful,1080,0.0
pt_coup_successful,1081,0.0
pt_coup_successful,1082,0.0
pt_coup_successful,1083,0.0
pt_coup_successful,1084,0.0
pt_coup_successful,1085,0.0
pt_coup_successful,1086,0.0
pt_coup_successful,1087,0.0
pt_coup_successful,1088,0.0
pt_coup_successful,1089,0.0
pt_coup_successful,1090,0.0
pt_coup_successful,1091,0.0
pt_coup_successful,1092,0.0
pt_coup_successful,1093,0.0
pt_coup_successful,1094,0.0
pt_coup_successful,1095,0.0
pt_coup_successful,1096,0.0
pt_coup_successful,1097,0.0
pt_coup_successful,1098,0.0
pt_coup_successful,1099,0.0
pt_coup_successful,1100,0.0
pt_coup_successful,1101,0.0
pt_coup_successful,1102,0.0
pt_coup_successful,1103,0.0
pt_coup_successful,1104,0.0
pt_coup_successful,1105,0.0
pt_coup_successful,1106,0.0
pt_coup_successful,1107,0.0
pt_coup_successful,1108,0.0
pt_coup_successful,1109,0.0
pt_coup_successful,1110,0.0
pt_coup_successful,1111,0.0
pt_coup_successful,1112,0.0
pt_coup_successful,1113,0.0
pt_coup_successful,1114,0.0
pt_coup_successful,1115,0.0
pt_coup_successful,1116,0.0
pt_coup_successful,1117,0.0
pt_coup_successful,1118,0.0
pt_coup_successful,1119,0.0
pt_coup_successful,1120,0.0
pt_coup_successful,1121,0.0
pt_coup_successful,1122,0.0
pt_coup_successful,1123,0.0
pt_coup_successful,1124,0.0
pt_coup_successful,1125,0.0
pt_coup_successful,1126,0.0
pt_coup_successful,1127,0.0
pt_coup_successful,1128,0.0
pt_coup_successful,1129,0.0
pt_coup_successful,1130,0.0
pt_coup_successful,1131,0.0
pt_coup_successful,1132,0.0
pt_coup_successful,1133,0.0
pt_coup_successful,1134,0.0
pt_coup_successful,1135,0.0
pt_coup_successful,1136,0.0
pt_coup_successful,1137,0.0
pt_coup_successful,1138,0.0
pt_coup_successful,1139,0.0
pt_coup_successful,1140,0.0
pt_coup_successful,1141,0.0
pt_coup_successful,1142,0.0
pt_coup_successful,1143,0.0
pt_coup_successful,1144,0.0
pt_coup_successful,1145,0.0
pt_coup_successful,1146,0.0
pt_coup_successful,1147,0.0
pt_coup_successful,1148,0.0
pt_coup_successful,1149,0.0
pt_coup_successful,1150,0.0
pt_coup_successful,1151,0.0
pt_coup_successful,1152,0.0
pt_coup_successful,1153,0.0
pt_coup_successful,1154,0.0
pt_coup_successful,1155,0.0
pt_coup_successful,1156,0.0
pt_coup_successful,1157,0.0
pt_coup_successful,1158,0.0
pt_coup_successful,1159,0.0
pt_coup_successful,1160,0.0
pt_coup_successful,1161,0.0
pt_coup_successful,1162,0.0
pt_coup_successful,1163,0.0
pt_coup_successful,1164,0.0
pt_coup_successful,1165,0.0
pt_coup_successful,1166,0.0
pt_coup_successful,1167,0.0
pt_coup_successful,1168,0.0
pt_coup_successful,1169,0.0
pt_coup_successful,1170,0.0
pt_coup_successful,1171,0.0
pt_coup_successful,1172,0.0
pt_coup_successful,1173,0.0
pt_coup_successful,1174,0.0
pt_coup_successful,1175,0.0
pt_coup_successful,1176,0.0
pt_coup_successful,1177,0.0
pt_coup_successful,1178,0.0
pt_coup_successful,1179,0.0
pt_coup_successful,1180,0.0
pt_coup_successful,1181,0.0
pt_coup_successful,1182,0.0
pt_coup_successful,1183,0.0
pt_coup_successful,1184,0.0
pt_coup_successful,1185,0.0
pt_coup_successful,1186,0.0
pt_coup_successful,1187,0.0
pt_coup_successful,1188,0.0
pt_coup_successful,1189,0.0
pt_coup_successful,1190,0.0
pt_coup_successful,1191,0.0
pt_coup_successful,1192,0.0
pt_coup_successful,1193,0.0
pt_coup_successful,1194,0.0
pt_coup_successful,1195,0.0
pt_coup_successful,1196,0.0
pt_coup_successful,1197,0.0
pt_coup_successful,1198,0.0
pt_coup_successful,1199,0.0
pt_coup_successful,1200,0.0
pt_coup_successful,1201,0.0
pt_coup_successful,1202,0.0
pt_coup_successful,1203,0.0
pt_coup_successful,1204,0.0
pt_coup_successful,1205,0.0
pt_coup_successful,1206,0.0
pt_coup_successful,1207,0.0
pt_coup_successful,1208,0.0
pt_coup_successful,1209,0.0
pt_coup_successful,1210,0.0
pt_coup_successful,1211,0.0
pt_coup_successful,1212,0.0
pt_coup_successful,1213,0.0
pt_coup_successful,1214,0.0
pt_coup_successful,1215,0.0
pt_coup_successful,1216,0.0
pt_coup_successful,1217,0.0
pt_coup_successful,1218,0.0
pt_coup_successful,1219,0.0
pt_coup_successful,1220,0.0
pt_coup_successful,1221,0.0
pt_coup_successful,1222,0.0
pt_coup_successful,1223,0.0
pt_coup_successful,1224,0.0
pt_coup_successful,1225,0.0
pt_coup_successful,1226,0.0
pt_coup_successful,1227,0.0
pt_coup_successful,1228,0.0
pt_coup_successful,1229,0.0
pt_coup_successful,1230,0.0
pt_coup_successful,1231,0.0
pt_coup_successful,1232,0.0
pt_coup_successful,1233,0.0
pt_coup_successful,1234,0.0
pt_coup_successful,1235,0.0
pt_coup_successful,1236,0.0
pt_coup_successful,1237,0.0
pt_coup_successful,1238,0.0
pt_coup_successful,1239,0.0
pt_coup_successful,1240,0.0
pt_coup_successful,1241,0.0
pt_coup_successful,1242,0.0
pt_coup_successful,1243,0.0
pt_coup_successful,1244,0.0
pt_coup_successful,1245,0.0
pt_coup_successful,1246,0.0
pt_coup_successful,1247,0.0
pt_coup_successful,1248,0.0
pt_coup_successful,1249,0.0
pt_coup_successful,1250,0.0
pt_coup_successful,1251,0.0
pt_coup_successful,1252,0.0
pt_coup_successful,1253,0.0
pt_coup_successful,1254,0.0
pt_coup_successful,1255,0.0
pt_coup_successful,1256,0.0
pt_coup_successful,1257,0.0
pt_coup_successful,1258,0.0
pt_coup_successful,1259,0.0
pt_coup_successful,1260,0.0
pt_coup_successful,1261,0.0
pt_coup_successful,1262,0.0
pt_coup_successful,1263,0.0
pt_coup_successful,1264,0.0
pt_coup_successful,1265,0.0
pt_coup_successful,1266,0.0
pt_coup_successful,1267,0.0
pt_coup_successful,1268,0.0
pt_coup_successful,1269,0.0
pt_coup_successful,1270,0.0
pt_coup_successful,1271,0.0
pt_coup_successful,1272,0.0
pt_coup_successful,1273,0.0
pt_coup_successful,1274,0.0
pt_coup_successful,1275,0.0
pt_coup_successful,1276,0.0
pt_coup_successful,1277,0.0
pt_coup_successful,1278,0.0
pt_coup_successful,1279,0.0
pt_coup_successful,1280,0.0
pt_coup_successful,1281,0.0
pt_coup_successful,1282,0.0
pt_coup_successful,1283,0.0
pt_coup_successful,1284,0.0
pt_coup_successful,1285,0.0
pt_coup_successful,1286,0.0
pt_coup_successful,1287,0.0
pt_coup_successful,1288,0.0
pt_coup_successful,1289,0.0
pt_coup_successful,1290,0.0
pt_coup_successful,1291,0.0
pt_coup_successful,1292,0.0
pt_coup_successful,1293,0.0
pt_coup_successful,1294,0.0
pt_coup_successful,1295,0.0
pt_coup_successful,1296,0.0
pt_coup_successful,1297,0.0
pt_coup_successful,1298,0.0
pt_coup_successful,1299,0.0
pt_coup_successful,1300,0.0
pt_coup_successful,1301,0.0
pt_coup_successful,1302,0.0
pt_coup_successful,1303,0.0
pt_coup_successful,1304,0.0
pt_coup_successful,1305,0.0
pt_coup_successful,1306,0.0
pt_coup_successful,1307,0.0
pt_coup_successful,1308,0.0
pt_coup_successful,1309,0.0
pt_coup_successful,1310,0.0
pt_coup_successful,1311,0.0
pt_coup_successful,1312,0.0
pt_coup_successful,1313,0.0
pt_coup_successful,1314,0.0
pt_coup_successful,1315,0.0
pt_coup_successful,1316,0.0
pt_coup_successful,1317,0.0
pt_coup_successful,1318,0.0
pt_coup_successful,1319,0.0
pt_coup_successful,1320,0.0
pt_coup_successful,1321,0.0
pt_coup_successful,1322,0.0
pt_coup_successful,1323,0.0
pt_coup_successful,1324,0.0
pt_coup_successful,1325,0.0
pt_coup_successful,1326,0.0
pt_coup_successful,1327,0.0
pt_coup_successful,1328,0.0
pt_coup_successful,1329,0.0
pt_coup_successful,1330,0.0
pt_coup_successful,1331,0.0
pt_coup_successful,1332,0.0
pt_coup_successful,1333,0.0
pt_coup_successful,1334,0.0
pt_coup_successful,1335,0.0
pt_coup_successful,1336,0.0
pt_coup_successful,1337,0.0
pt_coup_successful,1338,0.0
pt_coup_successful,1339,0.0
pt_coup_successful,1340,0.0
pt_coup_successful,1341,0.0
pt_coup_successful,1342,0.0
pt_coup_successful,1343,0.0
pt_coup_successful,1344,0.0
pt_coup_successful,1345,0.0
pt_coup_successful,1346,0.0
pt_coup_successful,1347,0.0
pt_coup_successful,1348,0.0
pt_coup_successful,1349,0.0
pt_coup_successful,1350,0.0
pt_coup_successful,1351,0.0
pt_coup_successful,1352,0.0
pt_coup_successful,1353,0.0
pt_coup_successful,1354,0.0
pt_coup_successful,1355,0.0
pt_coup_successful,1356,0.0
pt_coup_successful,1357,0.0
pt_coup_successful,1358,0.0
pt_coup_successful,1359,0.0
pt_coup_successful,1360,0.0
pt_coup_successful,1361,0.0
pt_coup_successful,1362,0.0
pt_coup_successful,1363,0.0
pt_coup_successful,1364,0.0
pt_coup_successful,1365,0.0
pt_coup_successful,1366,0.0
pt_coup_successful,1367,0.0
pt_coup_successful,1368,0.0
pt_coup_successful,1369,0.0
pt_coup_successful,1370,0.0
pt_coup_successful,1371,0.0
pt_coup_successful,1372,0.0
pt_coup_successful,1373,0.0
pt_coup_successful,1374,0.0
pt_coup_successful,1375,0.0
pt_coup_successful,1376,0.0
pt_coup_successful,1377,0.0
pt_coup_successful,1378,0.0
pt_coup_successful,1379,0.0
pt_coup_successful,1380,0.0
pt_coup_successful,1381,0.0
pt_coup_successful,1382,0.0
pt_coup_successful,1383,0.0
pt_coup_successful,1384,0.0
pt_coup_successful,1385,0.0
pt_coup_successful,1386,0.0
pt_coup_successful,1387,0.0
pt_coup_successful,1388,0.0
pt_coup_successful,1389,0.0
pt_coup_successful,1390,0.0
pt_coup_successful,1391,0.0
pt_coup_successful,1392,0.0
pt_coup_successful,1393,0.0
pt_coup_successful,1394,0.0
pt_coup_successful,1395,0.0
pt_coup_successful,1396,0.0
pt_coup_successful,1397,0.0
pt_coup_successful,1398,0.0
pt_coup_successful,1399,0.0
pt_coup_successful,1400,0.0
pt_coup_successful,1401,0.0
pt_coup_successful,1402,0.0
pt_coup_successful,1403,0.0
pt_coup_successful,1404,0.0
pt_coup_successful,1405,0.0
pt_coup_successful,1406,0.0
pt_coup_successful,1407,0.0
pt_coup_successful,1408,0.0
pt_coup_successful,1409,0.0
pt_coup_successful,1410,0.0
pt_coup_successful,1411,0.0
pt_coup_successful,1412,0.0
pt_coup_successful,1413,0.0
pt_coup_successful,1414,0.0
pt_coup_successful,1415,0.0
pt_coup_successful,1416,0.0
pt_coup_successful,1417,0.0
pt_coup_successful,1418,0.0
pt_coup_successful,1419,0.0
pt_coup_successful,1420,0.0
pt_coup_successful,1421,0.0
pt_coup_successful,1422,0.0
pt_coup_successful,1423,0.0
pt_coup_successful,1424,0.0
pt_coup_successful,1425,0.0
pt_coup_successful,1426,0.0
pt_coup_successful,1427,0.0
pt_coup_successful,1428,0.0
pt_coup_successful,1429,0.0
pt_coup_successful,1430,0.0
pt_coup_successful,1431,0.0
pt_coup_successful,1432,0.0
pt_coup_successful,1433,0.0
pt_coup_successful,1434,0.0
pt_coup_successful,1435,0.0
pt_coup_successful,1436,0.0
pt_coup_successful,1437,0.0
pt_coup_successful,1438,0.0
pt_coup_successful,1439,0.0
pt_coup_successful,1440,0.0
pt_coup_successful,1441,0.0
pt_coup_successful,1442,0.0
pt_coup_successful,1443,0.0
pt_coup_successful,1444,0.0
pt_coup_successful,1445,0.0
pt_coup_successful,1446,0.0
pt_coup_successful,1447,0.0
pt_coup_successful,1448,0.0
pt_coup_successful,1449,0.0
pt_coup_successful,1450,0.0
pt_coup_successful,1451,0.0
pt_coup_successful,1452,0.0
pt_coup_successful,1453,0.0
pt_coup_successful,1454,0.0
pt_coup_successful,1455,0.0
pt_coup_successful,1456,0.0
pt_coup_successful,1457,0.0
pt_coup_successful,1458,0.0
pt_coup_successful,1459,0.0
pt_coup_successful,1460,0.0
pt_coup_successful,1461,0.0
pt_coup_successful,1462,0.0
pt_coup_successful,1463,0.0
pt_coup_successful,1464,0.0
pt_coup_successful,1465,0.0
pt_coup_successful,1466,0.0
pt_coup_successful,1467,0.0
pt_coup_successful,1468,0.0
pt_coup_successful,1469,0.0
pt_coup_successful,1470,0.0
pt_coup_successful,1471,0.0
pt_coup_successful,1472,0.0
pt_coup_successful,1473,0.0
pt_coup_successful,1474,0.0
pt_coup_successful,1475,0.0
pt_coup_successful,1476,0.0
pt_coup_successful,1477,0.0
pt_coup_successful,1478,0.0
pt_coup_successful,1479,0.0
pt_coup_successful,1480,0.0
pt_coup_successful,1481,0.0
pt_coup_successful,1482,0.0
pt_coup_successful,1483,0.0
pt_coup_successful,1484,0.0
pt_coup_successful,1485,0.0
pt_coup_successful,1486,0.0
pt_coup_successful,1487,0.0
pt_coup_successful,1488,0.0
pt_coup_successful,1489,0.0
pt_coup_successful,1490,0.0
pt_coup_successful,1491,0.0
pt_coup_successful,1492,0.0
pt_coup_successful,1493,0.0
pt_coup_successful,1494,0.0
pt_coup_successful,1495,0.0
pt_coup_successful,1496,0.0
pt_coup_successful,1497,0.0
pt_coup_successful,1498,0.0
pt_coup_successful,1499,0.0
pt_coup_successful,1500,0.0
pt_coup_successful,1501,0.0
pt_coup_successful,1502,0.0
pt_coup_successful,1503,0.0
pt_coup_successful,1504,0.0
pt_coup_successful,1505,0.0
pt_coup_successful,1506,0.0
pt_coup_successful,1507,0.0
pt_coup_successful,1508,0.0
pt_coup_successful,1509,0.0
pt_coup_successful,1510,0.0
pt_coup_successful,1511,0.0
pt_coup_successful,1512,0.0
pt_coup_successful,1513,0.0
pt_coup_successful,1514,0.0
pt_coup_successful,1515,0.0
pt_coup_successful,1516,0.0
pt_coup_successful,1517,0.0
pt_coup_successful,1518,0.0
pt_coup_successful,1519,0.0
pt_coup_successful,1520,0.0
pt_coup_successful,1521,0.0
pt_coup_successful,1522,0.0
pt_coup_successful,1523,0.0
pt_coup_successful,1524,0.0
pt_coup_successful,1525,0.0
pt_coup_successful,1526,0.0
pt_coup_successful,1527,0.0
pt_coup_successful,1528,0.0
pt_coup_successful,1529,0.0
pt_coup_successful,1530,0.0
pt_coup_successful,1531,0.0
pt_coup_successful,1532,0.0
pt_coup_successful,1533,0.0
pt_coup_successful,1534,0.0
pt_coup_successful,1535,0.0
pt_coup_successful,1536,0.0
pt_coup_successful,1537,0.0
pt_coup_successful,1538,0.0
pt_coup_successful,1539,0.0
pt_coup_successful,1540,0.0
pt_coup_successful,1541,0.0
pt_coup_successful,1542,0.0
pt_coup_successful,1543,0.0
pt_coup_successful,1544,0.0
pt_coup_successful,1545,0.0
pt_coup_successful,1546,0.0
pt_coup_successful,1547,0.0
pt_coup_successful,1548,0.0
pt_coup_successful,1549,0.0
pt_coup_successful,1550,0.0
pt_coup_successful,1551,0.0
pt_coup_successful,1552,0.0
pt_coup_successful,1553,0.0
pt_coup_successful,1554,0.0
pt_coup_successful,1555,0.0
pt_coup_successful,1556,0.0
pt_coup_successful,1557,0.0
pt_coup_successful,1558,0.0
pt_coup_successful,1559,0.0
pt_coup_successful,1560,0.0
pt_coup_successful,1561,0.0
pt_coup_successful,1562,0.0
pt_coup_successful,1563,0.0
pt_coup_successful,1564,0.0
pt_coup_successful,1565,0.0
pt_coup_successful,1566,0.0
pt_coup_successful,1567,0.0
pt_coup_successful,1568,0.0
pt_coup_successful,1569,0.0
pt_coup_successful,1570,0.0
pt_coup_successful,1571,0.0
pt_coup_successful,1572,0.0
pt_coup_successful,1573,0.0
pt_coup_successful,1574,0.0
pt_coup_successful,1575,0.0
pt_coup_successful,1576,0.0
pt_coup_successful,1577,0.0
pt_coup_successful,1578,0.0
pt_coup_successful,1579,0.0
pt_coup_successful,1580,0.0
pt_coup_successful,1581,0.0
pt_coup_successful,1582,0.0
pt_coup_successful,1583,0.0
pt_coup_successful,1584,0.0
pt_coup_successful,1585,0.0
pt_coup_successful,1586,0.0
pt_coup_successful,1587,0.0
pt_coup_successful,1588,0.0
pt_coup_successful,1589,0.0
pt_coup_successful,1590,0.0
pt_coup_successful,1591,0.0
pt_coup_successful,1592,0.0
pt_coup_successful,1593,0.0
pt_coup_successful,1594,0.0
pt_coup_successful,1595,0.0
pt_coup_successful,1596,0.0
pt_coup_successful,1597,0.0
pt_coup_successful,1598,0.0
pt_coup_successful,1599,0.0
pt_coup_successful,1600,0.0
pt_coup_successful,1601,0.0
pt_coup_successful,1602,0.0
pt_coup_successful,1603,0.0
pt_coup_successful,1604,0.0
pt_coup_successful,1605,0.0
pt_coup_successful,1606,0.0
pt_coup_successful,1607,0.0
pt_coup_successful,1608,0.0
pt_coup_successful,1609,0.0
pt_coup_successful,1610,0.0
pt_coup_successful,1611,0.0
pt_coup_successful,1612,0.0
pt_coup_successful,1613,0.0
pt_coup_successful,1614,0.0
pt_coup_successful,1615,0.0
pt_coup_successful,1616,0.0
pt_coup_successful,1617,0.0
pt_coup_successful,1618,0.0
pt_coup_successful,1619,0.0
pt_coup_successful,1620,0.0
pt_coup_successful,1621,0.0
pt_coup_successful,1622,0.0
pt_coup_successful,1623,0.0
pt_coup_successful,1624,0.0
pt_coup_successful,1625,0.0
pt_coup_successful,1626,0.0
pt_coup_successful,1627,0.0
pt_coup_successful,1628,0.0
pt_coup_successful,1629,0.0
pt_coup_successful,1630,0.0
pt_coup_successful,1631,0.0
pt_coup_successful,1632,0.0
pt_coup_successful,1633,0.0
pt_coup_successful,1634,0.0
pt_coup_successful,1635,0.0
pt_coup_successful,1636,0.0
pt_coup_successful,1637,0.0
pt_coup_successful,1638,0.0
pt_coup_successful,1639,0.0
pt_coup_successful,1640,0.0
pt_coup_successful,1641,0.0
pt_coup_successful,1642,0.0
pt_coup_successful,1643,0.0
pt_coup_successful,1644,0.0
pt_coup_successful,1645,0.0
pt_coup_successful,1646,0.0
pt_coup_successful,1647,0.0
pt_coup_successful,1648,0.0
pt_coup_successful,1649,0.0
pt_coup_successful,1650,0.0
pt_coup_successful,1651,0.0
pt_coup_successful,1652,0.0
pt_coup_successful,1653,0.0
pt_coup_successful,1654,0.0
pt_coup_successful,1655,0.0
pt_coup_successful,1656,0.0
pt_coup_successful,1657,0.0
pt_coup_successful,1658,0.0
pt_coup_successful,1659,0.0
pt_coup_successful,1660,0.0
pt_coup_successful,1661,0.0
pt_coup_successful,1662,0.0
pt_coup_successful,1663,0.0
pt_coup_successful,1664,0.0
pt_coup_successful,1665,0.0
pt_coup_successful,1666,0.0
pt_coup_successful,1667,0.0
pt_coup_successful,1668,0.0
pt_coup_successful,1669,0.0
pt_coup_successful,1670,0.0
pt_coup_successful,1671,0.0
pt_coup_successful,1672,0.0
pt_coup_successful,1673,0.0
pt_coup_successful,1674,0.0
pt_coup_successful,1675,0.0
pt_coup_successful,1676,0.0
pt_coup_successful,1677,0.0
pt_coup_successful,1678,0.0
pt_coup_successful,1679,0.0
pt_coup_successful,1680,0.0
pt_coup_successful,1681,0.0
pt_coup_successful,1682,0.0
pt_coup_successful,1683,0.0
pt_coup_successful,1684,0.0
pt_coup_successful,1685,0.0
pt_coup_successful,1686,0.0
pt_coup_successful,1687,0.0
pt_coup_successful,1688,0.0
pt_coup_successful,1689,0.0
pt_coup_successful,1690,0.0
pt_coup_successful,1691,0.0
pt_coup_successful,1692,0.0
pt_coup_successful,1693,0.0
pt_coup_successful,1694,0.0
pt_coup_successful,1695,0.0
pt_coup_successful,1696,0.0
pt_coup_successful,1697,0.0
pt_coup_successful,1698,0.0
pt_coup_successful,1699,0.0
pt_coup_successful,1700,0.0
pt_coup_successful,1701,0.0
pt_coup_successful,1702,0.0
pt_coup_successful,1703,0.0
pt_coup_successful,1704,0.0
pt_coup_successful,1705,0.0
pt_coup_successful,1706,0.0
pt_coup_successful,1707,0.0
pt_coup_successful,1708,0.0
pt_coup_successful,1709,0.0
pt_coup_successful,1710,0.0
pt_coup_successful,1711,0.0
pt_coup_successful,1712,0.0
pt_coup_successful,1713,0.0
pt_coup_successful,1714,0.0
pt_coup_successful,1715,0.0
pt_coup_successful,1716,0.0
pt_coup_successful,1717,0.0
pt_coup_successful,1718,0.0
pt_coup_successful,1719,0.0
pt_coup_successful,1720,0.0
pt_coup_successful,1721,0.0
pt_coup_successful,1722,0.0
pt_coup_successful,1723,0.0
pt_coup_successful,1724,0.0
pt_coup_successful,1725,0.0
pt_coup_successful,1726,0.0
pt_coup_successful,1727,0.0
pt_coup_successful,1728,0.0
pt_coup_successful,1729,0.0
pt_coup_successful,1730,0.0
pt_coup_successful,1731,0.0
pt_coup_successful,1732,0.0
pt_coup_successful,1733,0.0
pt_coup_successful,1734,0.0
pt_coup_successful,1735,0.0
pt_coup_successful,1736,0.0
pt_coup_successful,1737,0.0
pt_coup_successful,1738,0.0
pt_coup_successful,1739,0.0
pt_coup_successful,1740,0.0
pt_coup_successful,1741,0.0
pt_coup_successful,1742,0.0
pt_coup_successful,1743,0.0
pt_coup_successful,1744,0.0
pt_coup_successful,1745,0.0
pt_coup_successful,1746,0.0
pt_coup_successful,1747,0.0
pt_coup_successful,1748,0.0
pt_coup_successful,1749,0.0
pt_coup_successful,1750,0.0
pt_coup_successful,1751,0.0
pt_coup_successful,1752,0.0
pt_coup_successful,1753,0.0
pt_coup_successful,1754,0.0
pt_coup_successful,1755,0.0
pt_coup_successful,1756,0.0
pt_coup_successful,1757,0.0
pt_coup_successful,1758,0.0
pt_coup_successful,1759,0.0
pt_coup_successful,1760,0.0
pt_coup_successful,1761,0.0
pt_coup_successful,1762,0.0
pt_coup_successful,1763,0.0
pt_coup_successful,1764,0.0
pt_coup_successful,1765,0.0
pt_coup_successful,1766,0.0
pt_coup_successful,1767,0.0
pt_coup_successful,1768,0.0
pt_coup_successful,1769,0.0
pt_coup_successful,1770,0.0
pt_coup_successful,1771,0.0
pt_coup_successful,1772,0.0
pt_coup_successful,1773,0.0
pt_coup_successful,1774,0.0
pt_coup_successful,1775,0.0
pt_coup_successful,1776,0.0
pt_coup_successful,1777,0.0
pt_coup_successful,1778,0.0
pt_coup_successful,1779,0.0
pt_coup_successful,1780,0.0
pt_coup_successful,1781,0.0
pt_coup_successful,1782,0.0
pt_coup_successful,1783,0.0
pt_coup_successful,1784,0.0
pt_coup_successful,1785,0.0
pt_coup_successful,1786,0.0
pt_coup_successful,1787,0.0
pt_coup_successful,1788,0.0
pt_coup_successful,1789,0.0
pt_coup_successful,1790,0.0
pt_coup_successful,1791,0.0
pt_coup_successful,1792,0.0
pt_coup_successful,1793,0.0
pt_coup_successful,1794,0.0
pt_coup_successful,1795,0.0
pt_coup_successful,1796,0.0
pt_coup_successful,1797,0.0
pt_coup_successful,1798,0.0
pt_coup_successful,1799,0.0
pt_coup_successful,1800,0.0
pt_coup_successful,1801,0.0
pt_coup_successful,1802,0.0
pt_coup_successful,1803,0.0
pt_coup_successful,1804,0.0
pt_coup_successful,1805,0.0
pt_coup_successful,1806,0.0
pt_coup_successful,1807,0.0
pt_coup_successful,1808,0.0
pt_coup_successful,1809,0.0
pt_coup_successful,1810,0.0
pt_coup_successful,1811,0.0
pt_coup_successful,1812,0.0
pt_coup_successful,1813,0.0
pt_coup_successful,1814,0.0
pt_coup_successful,1815,0.0
pt_coup_successful,1816,0.0
pt_coup_successful,1817,0.0
pt_coup_successful,1818,0.0
pt_coup_successful,1819,0.0
pt_coup_successful,1820,0.0
pt_coup_successful,1821,0.0
pt_coup_successful,1822,0.0
pt_coup_successful,1823,0.0
pt_coup_successful,1824,0.0
pt_coup_successful,1825,0.0
pt_coup_successful,1826,0.0
pt_coup_successful,1827,0.0
pt_coup_successful,1828,0.0
pt_coup_successful,1829,0.0
pt_coup_successful,1830,0.0
pt_coup_successful,1831,0.0
pt_coup_successful,1832,0.0
pt_coup_successful,1833,0.0
pt_coup_successful,1834,0.0
pt_coup_successful,1835,0.0
pt_coup_successful,1836,0.0
pt_coup_successful,1837,0.0
pt_coup_successful,1838,0.0
pt_coup_successful,1839,0.0
pt_coup_successful,1840,0.0
pt_coup_successful,1841,0.0
pt_coup_successful,1842,0.0
pt_coup_successful,1843,0.0
pt_coup_successful,1844,0.0
pt_coup_successful,1845,0.0
pt_coup_successful,1846,0.0
pt_coup_successful,1847,0.0
pt_coup_successful,1848,0.0
pt_coup_successful,1849,0.0
pt_coup_successful,1850,0.0
pt_coup_successful,1851,0.0
pt_coup_successful,1852,0.0
pt_coup_successful,1853,0.0
pt_coup_successful,1854,0.0
pt_coup_successful,1855,0.0
pt_coup_successful,1856,0.0
pt_coup_successful,1857,0.0
pt_coup_successful,1858,0.0
pt_coup_successful,1859,0.0
pt_coup_successful,1860,0.0
pt_coup_successful,1861,0.0
pt_coup_successful,1862,0.0
pt_coup_successful,1863,0.0
pt_coup_successful,1864,0.0
pt_coup_successful,1865,0.0
pt_coup_successful,1866,0.0
pt_coup_successful,1867,0.0
pt_coup_successful,1868,0.0
pt_coup_successful,1869,0.0
pt_coup_successful,1870,0.0
pt_coup_successful,1871,0.0
pt_coup_successful,1872,0.0
pt_coup_successful,1873,0.0
pt_coup_successful,1874,0.0
pt_coup_successful,1875,0.0
pt_coup_successful,1876,0.0
pt_coup_successful,1877,0.0
pt_coup_successful,1878,0.0
pt_coup_successful,1879,0.0
pt_coup_successful,1880,0.0
pt_coup_successful,1881,0.0
pt_coup_successful,1882,0.0
pt_coup_successful,1883,0.0
pt_coup_successful,1884,0.0
pt_coup_successful,1885,0.0
pt_coup_successful,1886,0.0
pt_coup_successful,1887,0.0
pt_coup_successful,1888,0.0
pt_coup_successful,1889,0.0
pt_coup_successful,1890,0.0
pt_coup_successful,1891,0.0
pt_coup_successful,1892,0.0
pt_coup_successful,1893,0.0
pt_coup_successful,1894,0.0
pt_coup_successful,1895,0.0
pt_coup_successful,1896,0.0
pt_coup_successful,1897,0.0
pt_coup_successful,1898,0.0
pt_coup_successful,1899,0.0
pt_coup_successful,1900,0.0
pt_coup_successful,1901,0.0
pt_coup_successful,1902,0.0
pt_coup_successful,1903,0.0
pt_coup_successful,1904,0.0
pt_coup_successful,1905,0.0
pt_coup_successful,1906,0.0
pt_coup_successful,1907,0.0
pt_coup_successful,1908,0.0
pt_coup_successful,1909,0.0
pt_coup_successful,1910,0.0
pt_coup_successful,1911,0.0
pt_coup_successful,1912,0.0
pt_coup_successful,1913,0.0
pt_coup_successful,1914,0.0
pt_coup_successful,1915,0.0
pt_coup_successful,1916,0.0
pt_coup_successful,1917,0.0
pt_coup_successful,1918,0.0
pt_coup_successful,1919,0.0
pt_coup_successful,1920,0.0
pt_coup_successful,1921,0.0
pt_coup_successful,1922,0.0
pt_coup_successful,1923,0.0
pt_coup_successful,1924,0.0
pt_coup_successful,1925,0.0
pt_coup_successful,1926,0.0
pt_coup_successful,1927,0.0
pt_coup_successful,1928,0.0
pt_coup_successful,1929,0.0
pt_coup_successful,1930,0.0
pt_coup_successful,1931,0.0
pt_coup_successful,1932,0.0
pt_coup_successful,1933,0.0
pt_coup_successful,1934,0.0
pt_coup_successful,1935,0.0
pt_coup_successful,1936,0.0
pt_coup_successful,1937,0.0
pt_coup_successful,1938,0.0
pt_coup_successful,1939,0.0
pt_coup_successful,1940,0.0
pt_coup_successful,1941,0.0
pt_coup_successful,1942,0.0
pt_coup_successful,1943,0.0
pt_coup_successful,1944,0.0
pt_coup_successful,1945,0.0
pt_coup_successful,1946,0.0
pt_coup_successful,1947,0.0
pt_coup_successful,1948,0.0
pt_coup_successful,1949,0.0
pt_coup_successful,1950,0.0
pt_coup_successful,1951,0.0
pt_coup_successful,1952,0.0
pt_coup_successful,1953,0.0
pt_coup_successful,1954,0.0
pt_coup_successful,1955,0.0
pt_coup_successful,1956,0.0
pt_coup_successful,1957,0.0
pt_coup_successful,1958,0.0
pt_coup_successful,1959,0.0
pt_coup_successful,1960,0.0
pt_coup_successful,1961,0.0
pt_coup_successful,1962,0.0
pt_coup_successful,1963,0.0
pt_coup_successful,1964,0.0
pt_coup_successful,1965,0.0
pt_coup_successful,1966,0.0
pt_coup_successful,1967,0.0
pt_coup_successful,1968,0.0
pt_coup_successful,1969,0.0
pt_coup_successful,1970,0.0
pt_coup_successful,1971,0.0
pt_coup_successful,1972,0.0
pt_coup_successful,1973,0.0
pt_coup_successful,1974,0.0
pt_coup_successful,1975,0.0
pt_coup_successful,1976,0.0
pt_coup_successful,1977,0.0
pt_coup_successful,1978,0.0
pt_coup_successful,1979,0.0
pt_coup_successful,1980,0.0
pt_coup_successful,1981,0.0
pt_coup_successful,1982,0.0
pt_coup_successful,1983,0.0
pt_coup_successful,1984,0.0
pt_coup_successful,1985,0.0
pt_coup_successful,1986,0.0
pt_coup_successful,1987,0.0
pt_coup_successful,1988,0.0
pt_coup_successful,1989,0.0
pt_coup_successful,1990,0.0
pt_coup_successful,1991,0.0
pt_coup_successful,1992,0.0
pt_coup_successful,1993,0.0
pt_coup_successful,1994,0.0
pt_coup_successful,1995,0.0
pt_coup_successful,1996,0.0
pt_coup_successful,1997,0.0
pt_coup_successful,1998,0.0
pt_coup_successful,1999,0.0
pt_coup_successful,2000,0.0
pt_coup_successful,2001,0.0
pt_coup_successful,2002,0.0
pt_coup_successful,2003,0.0
pt_coup_successful,2004,0.0
pt_coup_successful,2005,0.0
pt_coup_successful,2006,0.0
pt_coup_successful,2007,0.0
pt_coup_successful,2008,0.0
pt_coup_successful,2009,0.0
pt_coup_successful,2010,0.0
pt_coup_successful,2011,0.0
pt_coup_successful,2012,0.0
pt_coup_successful,2013,0.0
pt_coup_successful,2014,0.0
pt_coup_successful,2015,0.0
pt_coup_successful,2016,0.0
pt_coup_successful,2017,0.0
pt_coup_successful,2018,0.0
pt_coup_successful,2019,0.0
pt_coup_successful,2020,0.0
pt_coup_successful,2021,0.0
pt_coup_successful,2022,0.0
pt_coup_successful,2023,0.0
pt_coup_successful,2024,0.0
pt_coup_successful,2025,0.0
pt_coup_successful,2026,0.0
pt_coup_successful,2027,0.0
pt_coup_successful,2028,0.0
pt_coup_successful,2029,0.0
pt_coup_successful,2030,0.0
pt_coup_successful,2031,0.0
pt_coup_successful,2032,0.0
pt_coup_successful,2033,0.0
pt_coup_successful,2034,0.0
pt_coup_successful,2035,0.0
pt_coup_successful,2036,0.0
pt_coup_successful,2037,0.0
pt_coup_successful,2038,0.0
pt_coup_successful,2039,0.0
pt_coup_successful,2040,0.0
pt_coup_successful,2041,0.0
pt_coup_successful,2042,0.0
pt_coup_successful,2043,0.0
pt_coup_successful,2044,0.0
pt_coup_successful,2045,0.0
pt_coup_successful,2046,0.0
pt_coup_successful,2047,0.0
pt_coup_successful,2048,0.0
pt_coup_successful,2049,0.0
pt_coup_successful,2050,0.0
pt_coup_successful,2051,0.0
pt_coup_successful,2052,0.0
pt_coup_successful,2053,0.0
pt_coup_successful,2054,0.0
pt_coup_successful,2055,0.0
pt_coup_successful,2056,0.0
pt_coup_successful,2057,0.0
pt_coup_successful,2058,0.0
pt_coup_successful,2059,0.0
pt_coup_successful,2060,0.0
pt_coup_successful,2061,0.0
pt_coup_successful,2062,0.0
pt_coup_successful,2063,0.0
pt_coup_successful,2064,0.0
pt_coup_successful,2065,0.0
pt_coup_successful,2066,0.0
pt_coup_successful,2067,0.0
pt_coup_successful,2068,0.0
pt_coup_successful,2069,0.0
pt_coup_successful,2070,0.0
pt_coup_successful,2071,0.0
pt_coup_successful,2072,0.0
pt_coup_successful,2073,0.0
pt_coup_successful,2074,0.0
pt_coup_successful,2075,0.0
pt_coup_successful,2076,0.0
pt_coup_successful,2077,0.0
pt_coup_successful,2078,0.0
pt_coup_successful,2079,0.0
pt_coup_successful,2080,0.0
pt_coup_successful,2081,0.0
pt_coup_successful,2082,0.0
pt_coup_successful,2083,0.0
pt_coup_successful,2084,0.0
pt_coup_successful,2085,0.0
pt_coup_successful,2086,0.0
pt_coup_successful,2087,0.0
pt_coup_successful,2088,0.0
pt_coup_successful,2089,0.0
pt_coup_successful,2090,0.0
pt_coup_successful,2091,0.0
pt_coup_successful,2092,0.0
pt_coup_successful,2093,0.0
pt_coup_successful,2094,0.0
pt_coup_successful,2095,0.0
pt_coup_successful,2096,0.0
pt_coup_successful,2097,0.0
pt_coup_successful,2098,0.0
pt_coup_successful,2099,0.0
pt_coup_successful,2100,0.0
pt_coup_successful,2101,0.0
pt_coup_successful,2102,0.0
pt_coup_successful,2103,0.0
pt_coup_successful,2104,0.0
pt_coup_successful,2105,0.0
pt_coup_successful,2106,0.0
pt_coup_successful,2107,0.0
pt_coup_successful,2108,0.0
pt_coup_successful,2109,0.0
pt_coup_successful,2110,0.0
pt_coup_successful,2111,0.0
pt_coup_successful,2112,0.0
pt_coup_successful,2113,0.0
pt_coup_successful,2114,0.0
pt_coup_successful,2115,0.0
pt_coup_successful,2116,0.0
pt_coup_successful,2117,0.0
pt_coup_successful,2118,0.0
pt_coup_successful,2119,0.0
pt_coup_successful,2120,0.0
pt_coup_successful,2121,0.0
pt_coup_successful,2122,0.0
pt_coup_successful,2123,0.0
pt_coup_successful,2124,0.0
pt_coup_successful,2125,0.0
pt_coup_successful,2126,0.0
pt_coup_successful,2127,0.0
pt_coup_successful,2128,0.0
pt_coup_successful,2129,0.0
pt_coup_successful,2130,0.0
pt_coup_successful,2131,0.0
pt_coup_successful,2132,0.0
pt_coup_successful,2133,0.0
pt_coup_successful,2134,0.0
pt_coup_successful,2135,0.0
pt_coup_successful,2136,0.0
pt_coup_successful,2137,0.0
pt_coup_successful,2138,0.0
pt_coup_successful,2139,0.0
pt_coup_successful,2140,0.0
pt_coup_successful,2141,0.0
pt_coup_successful,2142,0.0
pt_coup_successful,2143,0.0
pt_coup_successful,2144,0.0
pt_coup_successful,2145,0.0
pt_coup_successful,2146,0.0
pt_coup_successful,2147,0.0
pt_coup_successful,2148,0.0
pt_coup_successful,2149,0.0
pt_coup_successful,2150,0.0
pt_coup_successful,2151,0.0
pt_coup_successful,2152,0.0
pt_coup_successful,2153,0.0
pt_coup_successful,2154,0.0
pt_coup_successful,2155,0.0
pt_coup_successful,2156,0.0
pt_coup_successful,2157,0.0
pt_coup_successful,2158,0.0
pt_coup_successful,2159,0.0
pt_coup_successful,2160,0.0
pt_coup_successful,2161,0.0
pt_coup_successful,2162,0.0
pt_coup_successful,2163,0.0
pt_coup_successful,2164,0.0
pt_coup_successful,2165,0.0
pt_coup_successful,2166,0.0
pt_coup_successful,2167,0.0
pt_coup_successful,2168,0.0
pt_coup_successful,2169,0.0
pt_coup_successful,2170,0.0
pt_coup_successful,2171,0.0
pt_coup_successful,2172,0.0
pt_coup_successful,2173,0.0
pt_coup_successful,2174,0.0
pt_coup_successful,2175,0.0
pt_coup_successful,2176,0.0
pt_coup_successful,2177,0.0
pt_coup_successful,2178,0.0
pt_coup_successful,2179,0.0
pt_coup_successful,2180,0.0
pt_coup_successful,2181,0.0
pt_coup_successful,2182,0.0
pt_coup_successful,2183,0.0
pt_coup_successful,2184,0.0
pt_coup_successful,2185,0.0
pt_coup_successful,2186,0.0
pt_coup_successful,2187,0.0
pt_coup_successful,2188,0.0
pt_coup_successful,2189,0.0
pt_coup_successful,2190,0.0
pt_coup_successful,2191,0.0
pt_coup_successful,2192,0.0
pt_coup_successful,2193,0.0
pt_coup_successful,2194,0.0
pt_coup_successful,2195,0.0
pt_coup_successful,2196,0.0
pt_coup_successful,2197,0.0
pt_coup_successful,2198,0.0
pt_coup_successful,2199,0.0
pt_coup_successful,2200,0.0
pt_coup_successful,2201,0.0
pt_coup_successful,2202,0.0
pt_coup_successful,2203,0.0
pt_coup_successful,2204,0.0
pt_coup_successful,2205,0.0
pt_coup_successful,2206,0.0
pt_coup_successful,2207,0.0
pt_coup_successful,2208,0.0
pt_coup_successful,2209,0.0
pt_coup_successful,2210,0.0
pt_coup_successful,2211,0.0
pt_coup_successful,2212,0.0
pt_coup_successful,2213,0.0
pt_coup_successful,2214,0.0
pt_coup_successful,2215,0.0
pt_coup_successful,2216,0.0
pt_coup_successful,2217,0.0
pt_coup_successful,2218,0.0
pt_coup_successful,2219,0.0
pt_coup_successful,2220,0.0
pt_coup_successful,2221,0.0
pt_coup_successful,2222,0.0
pt_coup_successful,2223,0.0
pt_coup_successful,2224,0.0
pt_coup_successful,2225,0.0
pt_coup_successful,2226,0.0
pt_coup_successful,2227,0.0
pt_coup_successful,2228,0.0
pt_coup_successful,2229,0.0
pt_coup_successful,2230,0.0
pt_coup_successful,2231,0.0
pt_coup_successful,2232,0.0
pt_coup_successful,2233,0.0
pt_coup_successful,2234,0.0
pt_coup_successful,2235,0.0
pt_coup_successful,2236,0.0
pt_coup_successful,2237,0.0
pt_coup_successful,2238,0.0
pt_coup_successful,2239,0.0
pt_coup_successful,2240,0.0
pt_coup_successful,2241,0.0
pt_coup_successful,2242,0.0
pt_coup_successful,2243,0.0
pt_coup_successful,2244,0.0
pt_coup_successful,2245,0.0
pt_coup_successful,2246,0.0
pt_coup_successful,2247,0.0
pt_coup_successful,2248,0.0
pt_coup_successful,2249,0.0
pt_coup_successful,2250,0.0
pt_coup_successful,2251,0.0
pt_coup_successful,2252,0.0
pt_coup_successful,2253,0.0
pt_coup_successful,2254,0.0
pt_coup_successful,2255,0.0
pt_coup_successful,2256,0.0
pt_coup_successful,2257,0.0
pt_coup_successful,2258,0.0
pt_coup_successful,2259,0.0
pt_coup_successful,2260,0.0
pt_coup_successful,2261,0.0
pt_coup_successful,2262,0.0
pt_coup_successful,2263,0.0
pt_coup_successful,2264,0.0
pt_coup_successful,2265,0.0
pt_coup_successful,2266,0.0
pt_coup_successful,2267,0.0
pt_coup_successful,2268,0.0
pt_coup_successful,2269,0.0
pt_coup_successful,2270,0.0
pt_coup_successful,2271,0.0
pt_coup_successful,2272,0.0
pt_coup_successful,2273,0.0
pt_coup_successful,2274,0.0
pt_coup_successful,2275,0.0
pt_coup_successful,2276,0.0
pt_coup_successful,2277,0.0
pt_coup_successful,2278,0.0
pt_coup_successful,2279,0.0
pt_coup_successful,2280,0.0
pt_coup_successful,2281,0.0
pt_coup_successful,2282,0.0
pt_coup_successful,2283,0.0
pt_coup_successful,2284,0.0
pt_coup_successful,2285,0.0
pt_coup_successful,2286,0.0
pt_coup_successful,2287,0.0
pt_coup_successful,2288,0.0
pt_coup_successful,2289,0.0
pt_coup_successful,2290,0.0
pt_coup_successful,2291,0.0
pt_coup_successful,2292,0.0
pt_coup_successful,2293,0.0
pt_coup_successful,2294,0.0
pt_coup_successful,2295,0.0
pt_coup_successful,2296,0.0
pt_coup_successful,2297,0.0
pt_coup_successful,2298,0.0
pt_coup_successful,2299,0.0
pt_coup_successful,2300,0.0
pt_coup_successful,2301,0.0
pt_coup_successful,2302,0.0
pt_coup_successful,2303,0.0
pt_coup_successful,2304,0.0
pt_coup_successful,2305,0.0
pt_coup_successful,2306,0.0
pt_coup_successful,2307,0.0
pt_coup_successful,2308,0.0
pt_coup_successful,2309,0.0
pt_coup_successful,2310,0.0
pt_coup_successful,2311,0.0
pt_coup_successful,2312,0.0
pt_coup_successful,2313,0.0
pt_coup_successful,2314,0.0
pt_coup_successful,2315,0.0
pt_coup_successful,2316,0.0
pt_coup_successful,2317,0.0
pt_coup_successful,2318,0.0
pt_coup_successful,2319,0.0
pt_coup_successful,2320,0.0
pt_coup_successful,2321,0.0
pt_coup_successful,2322,0.0
pt_coup_successful,2323,0.0
pt_coup_successful,2324,0.0
pt_coup_successful,2325,0.0
pt_coup_successful,2326,0.0
pt_coup_successful,2327,0.0
pt_coup_successful,2328,0.0
pt_coup_successful,2329,0.0
pt_coup_successful,2330,0.0
pt_coup_successful,2331,0.0
pt_coup_successful,2332,0.0
pt_coup_successful,2333,0.0
pt_coup_successful,2334,0.0
pt_coup_successful,2335,0.0
pt_coup_successful,2336,0.0
pt_coup_successful,2337,0.0
pt_coup_successful,2338,0.0
pt_coup_successful,2339,0.0
pt_coup_successful,2340,0.0
pt_coup_successful,2341,0.0
pt_coup_successful,2342,0.0
pt_coup_successful,2343,0.0
pt_coup_successful,2344,0.0
pt_coup_successful,2345,0.0
pt_coup_successful,2346,0.0
pt_coup_successful,2347,0.0
pt_coup_successful,2348,0.0
pt_coup_successful,2349,0.0
pt_coup_successful,2350,0.0
pt_coup_successful,2351,0.0
pt_coup_successful,2352,0.0
pt_coup_successful,2353,0.0
pt_coup_successful,2354,0.0
pt_coup_successful,2355,0.0
pt_coup_successful,2356,0.0
pt_coup_successful,2357,0.0
pt_coup_successful,2358,0.0
pt_coup_successful,2359,0.0
pt_coup_successful,2360,0.0
pt_coup_successful,2361,0.0
pt_coup_successful,2362,0.0
pt_coup_successful,2363,0.0
pt_coup_successful,2364,0.0
pt_coup_successful,2365,0.0
pt_coup_successful,2366,0.0
pt_coup_successful,2367,0.0
pt_coup_successful,2368,0.0
pt_coup_successful,2369,0.0
pt_coup_successful,2370,0.0
pt_coup_successful,2371,0.0
pt_coup_successful,2372,0.0
pt_coup_successful,2373,0.0
pt_coup_successful,2374,0.0
pt_coup_successful,2375,0.0
pt_coup_successful,2376,0.0
pt_coup_successful,2377,0.0
pt_coup_successful,2378,0.0
pt_coup_successful,2379,0.0
pt_coup_successful,2380,0.0
pt_coup_successful,2381,0.0
pt_coup_successful,2382,0.0
pt_coup_successful,2383,0.0
pt_coup_successful,2384,0.0
pt_coup_successful,2385,0.0
pt_coup_successful,2386,0.0
pt_coup_successful,2387,0.0
pt_coup_successful,2388,0.0
pt_coup_successful,2389,0.0
pt_coup_successful,2390,0.0
pt_coup_successful,2391,0.0
pt_coup_successful,2392,0.0
pt_coup_successful,2393,0.0
pt_coup_successful,2394,0.0
pt_coup_successful,2395,0.0
pt_coup_successful,2396,0.0
pt_coup_successful,2397,0.0
pt_coup_successful,2398,0.0
pt_coup_successful,2399,0.0
pt_coup_successful,2400,0.0
pt_coup_successful,2401,0.0
pt_coup_successful,2402,0.0
pt_coup_successful,2403,0.0
pt_coup_successful,2404,0.0
pt_coup_successful,2405,0.0
pt_coup_successful,2406,0.0
pt_coup_successful,2407,0.0
pt_coup_successful,2408,0.0
pt_coup_successful,2409,0.0
pt_coup_successful,2410,0.0
pt_coup_successful,2411,0.0
pt_coup_successful,2412,0.0
pt_coup_successful,2413,0.0
pt_coup_successful,2414,0.0
pt_coup_successful,2415,0.0
pt_coup_successful,2416,0.0
pt_coup_successful,2417,0.0
pt_coup_successful,2418,0.0
pt_coup_successful,2419,0.0
pt_coup_successful,2420,0.0
pt_coup_successful,2421,0.0
pt_coup_successful,2422,0.0
pt_coup_successful,2423,0.0
pt_coup_successful,2424,0.0
pt_coup_successful,2425,0.0
pt_coup_successful,2426,0.0
pt_coup_successful,2427,0.0
pt_coup_successful,2428,0.0
pt_coup_successful,2429,0.0
pt_coup_successful,2430,0.0
pt_coup_successful,2431,0.0
pt_coup_successful,2432,0.0
pt_coup_successful,2433,0.0
pt_coup_successful,2434,0.0
pt_coup_successful,2435,0.0
pt_coup_successful,2436,0.0
pt_coup_successful,2437,0.0
pt_coup_successful,2438,0.0
pt_coup_successful,2439,0.0
pt_coup_successful,2440,0.0
pt_coup_successful,2441,0.0
pt_coup_successful,2442,0.0
pt_coup_successful,2443,0.0
pt_coup_successful,2444,0.0
pt_coup_successful,2445,0.0
pt_coup_successful,2446,0.0
pt_coup_successful,2447,0.0
pt_coup_successful,2448,0.0
pt_coup_successful,2449,0.0
pt_coup_successful,2450,0.0
pt_coup_successful,2451,0.0
pt_coup_successful,2452,0.0
pt_coup_successful,2453,0.0
pt_coup_successful,2454,0.0
pt_coup_successful,2455,0.0
pt_coup_successful,2456,0.0
pt_coup_successful,2457,0.0
pt_coup_successful,2458,0.0
pt_coup_successful,2459,0.0
pt_coup_successful,2460,0.0
pt_coup_successful,2461,0.0
pt_coup_successful,2462,0.0
pt_coup_successful,2463,0.0
pt_coup_successful,2464,0.0
pt_coup_successful,2465,0.0
pt_coup_successful,2466,0.0
pt_coup_successful,2467,0.0
pt_coup_successful,2468,0.0
pt_coup_successful,2469,0.0
pt_coup_successful,2470,0.0
pt_coup_successful,2471,0.0
pt_coup_successful,2472,0.0
pt_coup_successful,2473,0.0
pt_coup_successful,2474,0.0
pt_coup_successful,2475,0.0
pt_coup_successful,2476,0.0
pt_coup_successful,2477,0.0
pt_coup_successful,2478,0.0
pt_coup_successful,2479,0.0
pt_coup_successful,2480,0.0
pt_coup_successful,2481,0.0
pt_coup_successful,2482,0.0
pt_coup_successful,2483,0.0
pt_coup_successful,2484,0.0
pt_coup_successful,2485,0.0
pt_coup_successful,2486,0.0
pt_coup_successful,2487,0.0
pt_coup_successful,2488,0.0
pt_coup_successful,2489,0.0
pt_coup_successful,2490,0.0
pt_coup_successful,2491,0.0
pt_coup_successful,2492,0.0
pt_coup_successful,2493,0.0
pt_coup_successful,2494,0.0
pt_coup_successful,2495,0.0
pt_coup_successful,2496,0.0
pt_coup_successful,2497,0.0
pt_coup_successful,2498,0.0
pt_coup_successful,2499,0.0
pt_coup_successful,2500,0.0
pt_coup_successful,2501,0.0
pt_coup_successful,2502,0.0
pt_coup_successful,2503,0.0
pt_coup_successful,2504,0.0
pt_coup_successful,2505,0.0
pt_coup_successful,2506,0.0
pt_coup_successful,2507,0.0
pt_coup_successful,2508,0.0
pt_coup_successful,2509,0.0
pt_coup_successful,2510,0.0
pt_coup_successful,2511,0.0
pt_coup_successful,2512,0.0
pt_coup_successful,2513,0.0
pt_coup_successful,2514,0.0
pt_coup_successful,2515,0.0
pt_coup_successful,2516,0.0
pt_coup_successful,2517,0.0
pt_coup_successful,2518,0.0
pt_coup_successful,2519,0.0
pt_coup_successful,2520,0.0
pt_coup_successful,2521,0.0
pt_coup_successful,2522,0.0
pt_coup_successful,2523,0.0
pt_coup_successful,2524,0.0
pt_coup_successful,2525,0.0
pt_coup_successful,2526,0.0
pt_coup_successful,2527,0.0
pt_coup_successful,2528,0.0
pt_coup_successful,2529,0.0
pt_coup_successful,2530,0.0
pt_coup_successful,2531,0.0
pt_coup_successful,2532,0.0
pt_coup_successful,2533,0.0
pt_coup_successful,2534,0.0
pt_coup_successful,2535,0.0
pt_coup_successful,2536,0.0
pt_coup_successful,2537,0.0
pt_coup_successful,2538,0.0
pt_coup_successful,2539,0.0
pt_coup_successful,2540,0.0
pt_coup_successful,2541,0.0
pt_coup_successful,2542,0.0
pt_coup_successful,2543,0.0
pt_coup_successful,2544,0.0
pt_coup_successful,2545,0.0
pt_coup_successful,2546,0.0
pt_coup_successful,2547,0.0
pt_coup_successful,2548,0.0
pt_coup_successful,2549,0.0
pt_coup_successful,2550,0.0
pt_coup_successful,2551,0.0
pt_coup_successful,2552,0.0
pt_coup_successful,2553,0.0
pt_coup_successful,2554,0.0
pt_coup_successful,2555,0.0
pt_coup_successful,2556,0.0
pt_coup_successful,2557,0.0
pt_coup_successful,2558,0.0
pt_coup_successful,2559,0.0
pt_coup_successful,2560,0.0
pt_coup_successful,2561,0.0
pt_coup_successful,2562,0.0
pt_coup_successful,2563,0.0
pt_coup_successful,2564,0.0
pt_coup_successful,2565,0.0
pt_coup_successful,2566,0.0
pt_coup_successful,2567,0.0
pt_coup_successful,2568,0.0
pt_coup_successful,2569,0.0
pt_coup_successful,2570,0.0
pt_coup_successful,2571,0.0
pt_coup_successful,2572,0.0
pt_coup_successful,2573,0.0
pt_coup_successful,2574,0.0
pt_coup_successful,2575,0.0
pt_coup_successful,2576,0.0
pt_coup_successful,2577,0.0
pt_coup_successful,2578,0.0
pt_coup_successful,2579,0.0
pt_coup_successful,2580,0.0
pt_coup_successful,2581,0.0
pt_coup_successful,2582,0.0
pt_coup_successful,2583,0.0
pt_coup_successful,2584,0.0
pt_coup_successful,2585,0.0
pt_coup_successful,2586,0.0
pt_coup_successful,2587,0.0
pt_coup_successful,2588,0.0
pt_coup_successful,2589,0.0
pt_coup_successful,2590,0.0
pt_coup_successful,2591,0.0
pt_coup_successful,2592,0.0
pt_coup_successful,2593,0.0
pt_coup_successful,2594,0.0
pt_coup_successful,2595,0.0
pt_coup_successful,2596,0.0
pt_coup_successful,2597,0.0
pt_coup_successful,2598,0.0
pt_coup_successful,2599,0.0
pt_coup_successful,2600,0.0
pt_coup_successful,2601,0.0
pt_coup_successful,2602,0.0
pt_coup_successful,2603,0.0
pt_coup_successful,2604,0.0
pt_coup_successful,2605,0.0
pt_coup_successful,2606,0.0
pt_coup_successful,2607,0.0
pt_coup_successful,2608,0.0
pt_coup_successful,2609,0.0
pt_coup_successful,2610,0.0
pt_coup_successful,2611,0.0
pt_coup_successful,2612,0.0
pt_coup_successful,2613,0.0
pt_coup_successful,2614,0.0
pt_coup_successful,2615,0.0
pt_coup_successful,2616,0.0
pt_coup_successful,2617,0.0
pt_coup_successful,2618,0.0
pt_coup_successful,2619,0.0
pt_coup_successful,2620,0.0
pt_coup_successful,2621,0.0
pt_coup_successful,2622,0.0
pt_coup_successful,2623,0.0
pt_coup_successful,2624,0.0
pt_coup_successful,2625,0.0
pt_coup_successful,2626,0.0
pt_coup_successful,2627,0.0
pt_coup_successful,2628,0.0
pt_coup_successful,2629,0.0
pt_coup_successful,2630,0.0
pt_coup_successful,2631,0.0
pt_coup_successful,2632,0.0
pt_coup_successful,2633,0.0
pt_coup_successful,2634,0.0
pt_coup_successful,2635,0.0
pt_coup_successful,2636,0.0
pt_coup_successful,2637,0.0
pt_coup_successful,2638,0.0
pt_coup_successful,2639,0.0
pt_coup_successful,2640,0.0
pt_coup_successful,2641,0.0
pt_coup_successful,2642,0.0
pt_coup_successful,2643,0.0
pt_coup_successful,2644,0.0
pt_coup_successful,2645,0.0
pt_coup_successful,2646,0.0
pt_coup_successful,2647,0.0
pt_coup_successful,2648,0.0
pt_coup_successful,2649,0.0
pt_coup_successful,2650,0.0
pt_coup_successful,2651,0.0
pt_coup_successful,2652,0.0
pt_coup_successful,2653,0.0
pt_coup_successful,2654,0.0
pt_coup_successful,2655,0.0
pt_coup_successful,2656,0.0
pt_coup_successful,2657,0.0
pt_coup_successful,2658,0.0
pt_coup_successful,2659,0.0
pt_coup_successful,2660,0.0
pt_coup_successful,2661,0.0
pt_coup_successful,2662,0.0
pt_coup_successful,2663,0.0
pt_coup_successful,2664,0.0
pt_coup_successful,2665,0.0
pt_coup_successful,2666,0.0
pt_coup_successful,2667,0.0
pt_coup_successful,2668,0.0
pt_coup_successful,2669,0.0
pt_coup_successful,2670,0.0
pt_coup_successful,2671,0.0
pt_coup_successful,2672,0.0
pt_coup_successful,2673,0.0
pt_coup_successful,2674,0.0
pt_coup_successful,2675,0.0
pt_coup_successful,2676,0.0
pt_coup_successful,2677,0.0
pt_coup_successful,2678,0.0
pt_coup_successful,2679,0.0
pt_coup_successful,2680,0.0
pt_coup_successful,2681,0.0
pt_coup_successful,2682,0.0
pt_coup_successful,2683,0.0
pt_coup_successful,2684,0.0
pt_coup_successful,2685,0.0
pt_coup_successful,2686,0.0
pt_coup_successful,2687,0.0
pt_coup_successful,2688,0.0
pt_coup_successful,2689,0.0
pt_coup_successful,2690,0.0
pt_coup_successful,2691,0.0
pt_coup_successful,2692,0.0
pt_coup_successful,2693,0.0
pt_coup_successful,2694,0.0
pt_coup_successful,2695,0.0
pt_coup_successful,2696,0.0
pt_coup_successful,2697,0.0
pt_coup_successful,2698,0.0
pt_coup_successful,2699,0.0
pt_coup_successful,2700,0.0
pt_coup_successful,2701,0.0
pt_coup_successful,2702,0.0
pt_coup_successful,2703,0.0
pt_coup_successful,2704,0.0
pt_coup_successful,2705,0.0
pt_coup_successful,2706,0.0
pt_coup_successful,2707,0.0
pt_coup_successful,2708,0.0
pt_coup_successful,2709,0.0
pt_coup_successful,2710,0.0
pt_coup_successful,2711,0.0
pt_coup_successful,2712,0.0
pt_coup_successful,2713,0.0
pt_coup_successful,2714,0.0
pt_coup_successful,2715,0.0
pt_coup_successful,2716,0.0
pt_coup_successful,2717,0.0
pt_coup_successful,2718,0.0
pt_coup_successful,2719,0.0
pt_coup_successful,2720,0.0
pt_coup_successful,2721,0.0
pt_coup_successful,2722,0.0
pt_coup_successful,2723,0.0
pt_coup_successful,2724,0.0
pt_coup_successful,2725,0.0
pt_coup_successful,2726,0.0
pt_coup_successful,2727,0.0
pt_coup_successful,2728,0.0
pt_coup_successful,2729,0.0
pt_coup_successful,2730,0.0
pt_coup_successful,2731,0.0
pt_coup_successful,2732,0.0
pt_coup_successful,2733,0.0
pt_coup_successful,2734,0.0
pt_coup_successful,2735,0.0
pt_coup_successful,2736,0.0
pt_coup_successful,2737,0.0
pt_coup_successful,2738,0.0
pt_coup_successful,2739,0.0
pt_coup_successful,2740,0.0
pt_coup_successful,2741,0.0
pt_coup_successful,2742,0.0
pt_coup_successful,2743,0.0
pt_coup_successful,2744,0.0
pt_coup_successful,2745,0.0
pt_coup_successful,2746,0.0
pt_coup_successful,2747,0.0
pt_coup_successful,2748,0.0
pt_coup_successful,2749,0.0
pt_coup_successful,2750,0.0
pt_coup_successful,2751,0.0
pt_coup_successful,2752,0.0
pt_coup_successful,2753,0.0
pt_coup_successful,2754,0.0
pt_coup_successful,2755,0.0
pt_coup_successful,2756,0.0
pt_coup_successful,2757,0.0
pt_coup_successful,2758,0.0
pt_coup_successful,2759,0.0
pt_coup_successful,2760,0.0
pt_coup_successful,2761,0.0
pt_coup_successful,2762,0.0
pt_coup_successful,2763,0.0
pt_coup_successful,2764,0.0
pt_coup_successful,2765,0.0
pt_coup_successful,2766,0.0
pt_coup_successful,2767,0.0
pt_coup_successful,2768,0.0
pt_coup_successful,2769,0.0
pt_coup_successful,2770,0.0
pt_coup_successful,2771,0.0
pt_coup_successful,2772,0.0
pt_coup_successful,2773,0.0
pt_coup_successful,2774,0.0
pt_coup_successful,2775,0.0
pt_coup_successful,2776,0.0
pt_coup_successful,2777,0.0
pt_coup_successful,2778,0.0
pt_coup_successful,2779,0.0
pt_coup_successful,2780,0.0
pt_coup_successful,2781,0.0
pt_coup_successful,2782,0.0
pt_coup_successful,2783,0.0
pt_coup_successful,2784,0.0
pt_coup_successful,2785,0.0
pt_coup_successful,2786,0.0
pt_coup_successful,2787,0.0
pt_coup_successful,2788,0.0
pt_coup_successful,2789,0.0
pt_coup_successful,2790,0.0
pt_coup_successful,2791,0.0
pt_coup_successful,2792,0.0
pt_coup_successful,2793,0.0
pt_coup_successful,2794,0.0
pt_coup_successful,2795,0.0
pt_coup_successful,2796,0.0
pt_coup_successful,2797,0.0
pt_coup_successful,2798,0.0
pt_coup_successful,2799,0.0
pt_coup_successful,2800,0.0
pt_coup_successful,2801,0.0
pt_coup_successful,2802,0.0
pt_coup_successful,2803,0.0
pt_coup_successful,2804,0.0
pt_coup_successful,2805,0.0
pt_coup_successful,2806,0.0
pt_coup_successful,2807,0.0
pt_coup_successful,2808,0.0
pt_coup_successful,2809,0.0
pt_coup_successful,2810,0.0
pt_coup_successful,2811,0.0
pt_coup_successful,2812,0.0
pt_coup_successful,2813,0.0
pt_coup_successful,2814,0.0
pt_coup_successful,2815,0.0
pt_coup_successful,2816,0.0
pt_coup_successful,2817,0.0
pt_coup_successful,2818,0.0
pt_coup_successful,2819,0.0
pt_coup_successful,2820,0.0
pt_coup_successful,2821,0.0
pt_coup_successful,2822,0.0
pt_coup_successful,2823,0.0
pt_coup_successful,2824,0.0
pt_coup_successful,2825,0.0
pt_coup_successful,2826,0.0
pt_coup_successful,2827,0.0
pt_coup_successful,2828,0.0
pt_coup_successful,2829,0.0
pt_coup_successful,2830,0.0
pt_coup_successful,2831,0.0
pt_coup_successful,2832,0.0
pt_coup_successful,2833,0.0
pt_coup_successful,2834,0.0
pt_coup_successful,2835,0.0
pt_coup_successful,2836,0.0
pt_coup_successful,2837,0.0
pt_coup_successful,2838,0.0
pt_coup_successful,2839,0.0
pt_coup_successful,2840,0.0
pt_coup_successful,2841,0.0
pt_coup_successful,2842,0.0
pt_coup_successful,2843,0.0
pt_coup_successful,2844,0.0
pt_coup_successful,2845,0.0
pt_coup_successful,2846,0.0
pt_coup_successful,2847,0.0
pt_coup_successful,2848,0.0
pt_coup_successful,2849,0.0
pt_coup_successful,2850,0.0
pt_coup_successful,2851,0.0
pt_coup_successful,2852,0.0
pt_coup_successful,2853,0.0
pt_coup_successful,2854,0.0
pt_coup_successful,2855,0.0
pt_coup_successful,2856,0.0
pt_coup_successful,2857,0.0
pt_coup_successful,2858,0.0
pt_coup_successful,2859,0.0
pt_coup_successful,2860,0.0
pt_coup_successful,2861,0.0
pt_coup_successful,2862,0.0
pt_coup_successful,2863,0.0
pt_coup_successful,2864,0.0
pt_coup_successful,2865,0.0
pt_coup_successful,2866,0.0
pt_coup_successful,2867,0.0
pt_coup_successful,2868,0.0
pt_coup_successful,2869,0.0
pt_coup_successful,2870,0.0
pt_coup_successful,2871,0.0
pt_coup_successful,2872,0.0
pt_coup_successful,2873,0.0
pt_coup_successful,2874,0.0
pt_coup_successful,2875,0.0
pt_coup_successful,2876,0.0
pt_coup_successful,2877,0.0
pt_coup_successful,2878,0.0
pt_coup_successful,2879,0.0
pt_coup_successful,2880,0.0
pt_coup_successful,2881,0.0
pt_coup_successful,2882,0.0
pt_coup_successful,2883,0.0
pt_coup_successful,2884,0.0
pt_coup_successful,2885,0.0
pt_coup_successful,2886,0.0
pt_coup_successful,2887,0.0
pt_coup_successful,2888,0.0
pt_coup_successful,2889,0.0
pt_coup_successful,2890,0.0
pt_coup_successful,2891,0.0
pt_coup_successful,2892,0.0
pt_coup_successful,2893,0.0
pt_coup_successful,2894,0.0
pt_coup_successful,2895,0.0
pt_coup_successful,2896,0.0
pt_coup_successful,2897,0.0
pt_coup_successful,2898,0.0
pt_coup_successful,2899,0.0
pt_coup_successful,2900,0.0
pt_coup_successful,2901,0.0
pt_coup_successful,2902,0.0
pt_coup_successful,2903,0.0
pt_coup_successful,2904,0.0
pt_coup_successful,2905,0.0
pt_coup_successful,2906,0.0
pt_coup_successful,2907,0.0
pt_coup_successful,2908,0.0
pt_coup_successful,2909,0.0
pt_coup_successful,2910,0.0
pt_coup_successful,2911,0.0
pt_coup_successful,2912,0.0
pt_coup_successful,2913,0.0
pt_coup_successful,2914,0.0
pt_coup_successful,2915,0.0
pt_coup_successful,2916,0.0
pt_coup_successful,2917,0.0
pt_coup_successful,2918,0.0
pt_coup_successful,2919,0.0
pt_coup_successful,2920,0.0
pt_coup_successful,2921,0.0
pt_coup_successful,2922,0.0
pt_coup_successful,2923,0.0
pt_coup_successful,2924,0.0
pt_coup_successful,2925,0.0
pt_coup_successful,2926,0.0
pt_coup_successful,2927,0.0
pt_coup_successful,2928,0.0
pt_coup_successful,2929,0.0
pt_coup_successful,2930,0.0
pt_coup_successful,2931,0.0
pt_coup_successful,2932,0.0
pt_coup_successful,2933,0.0
pt_coup_successful,2934,0.0
pt_coup_successful,2935,0.0
pt_coup_successful,2936,0.0
pt_coup_successful,2937,0.0
pt_coup_successful,2938,0.0
pt_coup_successful,2939,0.0
pt_coup_successful,2940,0.0
pt_coup_successful,2941,0.0
pt_coup_successful,2942,0.0
pt_coup_successful,2943,0.0
pt_coup_successful,2944,0.0
pt_coup_successful,2945,0.0
pt_coup_successful,2946,0.0
pt_coup_successful,2947,0.0
pt_coup_successful,2948,0.0
pt_coup_successful,2949,0.0
pt_coup_successful,2950,0.0
pt_coup_successful,2951,0.0
pt_coup_successful,2952,0.0
pt_coup_successful,2953,0.0
pt_coup_successful,2954,0.0
pt_coup_successful,2955,0.0
pt_coup_successful,2956,0.0
pt_coup_successful,2957,0.0
pt_coup_successful,2958,0.0
pt_coup_successful,2959,0.0
pt_coup_successful,2960,0.0
pt_coup_successful,2961,0.0
pt_coup_successful,2962,0.0
pt_coup_successful,2963,0.0
pt_coup_successful,2964,0.0
pt_coup_successful,2965,0.0
pt_coup_successful,2966,0.0
pt_coup_successful,2967,0.0
pt_coup_successful,2968,0.0
pt_coup_successful,2969,0.0
pt_coup_successful,2970,0.0
pt_coup_successful,2971,0.0
pt_coup_successful,2972,0.0
pt_coup_successful,2973,0.0
pt_coup_successful,2974,0.0
pt_coup_successful,2975,0.0
pt_coup_successful,2976,0.0
pt_coup_successful,2977,0.0
pt_coup_successful,2978,0.0
pt_coup_successful,2979,0.0
pt_coup_successful,2980,0.0
pt_coup_successful,2981,0.0
pt_coup_successful,2982,0.0
pt_coup_successful,2983,0.0
pt_coup_successful,2984,0.0
pt_coup_successful,2985,0.0
pt_coup_successful,2986,0.0
pt_coup_successful,2987,0.0
pt_coup_successful,2988,0.0
pt_coup_successful,2989,0.0
pt_coup_successful,2990,0.0
pt_coup_successful,2991,0.0
pt_coup_successful,2992,0.0
pt_coup_successful,2993,0.0
pt_coup_successful,2994,0.0
pt_coup_successful,2995,0.0
pt_coup_successful,2996,0.0
pt_coup_successful,2997,0.0
pt_coup_successful,2998,0.0
pt_coup_successful,2999,0.0
pt_coup_successful,3000,0.0
pt_coup_successful,3001,0.0
pt_coup_successful,3002,0.0
pt_coup_successful,3003,0.0
pt_coup_successful,3004,0.0
pt_coup_successful,3005,0.0
pt_coup_successful,3006,0.0
pt_coup_successful,3007,0.0
pt_coup_successful,3008,0.0
pt_coup_successful,3009,0.0
pt_coup_successful,3010,0.0
pt_coup_successful,3011,0.0
pt_coup_successful,3012,0.0
pt_coup_successful,3013,0.0
pt_coup_successful,3014,0.0
pt_coup_successful,3015,0.0
pt_coup_successful,3016,0.0
pt_coup_successful,3017,0.0
pt_coup_successful,3018,0.0
pt_coup_successful,3019,0.0
pt_coup_successful,3020,0.0
pt_coup_successful,3021,0.0
pt_coup_successful,3022,0.0
pt_coup_successful,3023,0.0
pt_coup_successful,3024,0.0
pt_coup_successful,3025,0.0
pt_coup_successful,3026,0.0
pt_coup_successful,3027,0.0
pt_coup_successful,3028,0.0
pt_coup_successful,3029,0.0
pt_coup_successful,3030,0.0
pt_coup_successful,3031,0.0
pt_coup_successful,3032,0.0
pt_coup_successful,3033,0.0
pt_coup_successful,3034,0.0
pt_coup_successful,3035,0.0
pt_coup_successful,3036,0.0
pt_coup_successful,3037,0.0
pt_coup_successful,3038,0.0
pt_coup_successful,3039,0.0
pt_coup_successful,3040,0.0
pt_coup_successful,3041,0.0
pt_coup_successful,3042,0.0
pt_coup_successful,3043,0.0
pt_coup_successful,3044,0.0
pt_coup_successful,3045,0.0
pt_coup_successful,3046,0.0
pt_coup_successful,3047,0.0
pt_coup_successful,3048,0.0
pt_coup_successful,3049,0.0
pt_coup_successful,3050,0.0
pt_coup_successful,3051,0.0
pt_coup_successful,3052,0.0
pt_coup_successful,3053,0.0
pt_coup_successful,3054,0.0
pt_coup_successful,3055,0.0
pt_coup_successful,3056,0.0
pt_coup_successful,3057,0.0
pt_coup_successful,3058,0.0
pt_coup_successful,3059,0.0
pt_coup_successful,3060,0.0
pt_coup_successful,3061,0.0
pt_coup_successful,3062,0.0
pt_coup_successful,3063,0.0
pt_coup_successful,3064,0.0
pt_coup_successful,3065,0.0
pt_coup_successful,3066,0.0
pt_coup_successful,3067,0.0
pt_coup_successful,3068,0.0
pt_coup_successful,3069,0.0
pt_coup_successful,3070,0.0
pt_coup_successful,3071,0.0
pt_coup_successful,3072,0.0
pt_coup_successful,3073,0.0
pt_coup_successful,3074,0.0
pt_coup_successful,3075,0.0
pt_coup_successful,3076,0.0
pt_coup_successful,3077,0.0
pt_coup_successful,3078,0.0
pt_coup_successful,3079,0.0
pt_coup_successful,3080,0.0
pt_coup_successful,3081,0.0
pt_coup_successful,3082,0.0
pt_coup_successful,3083,0.0
pt_coup_successful,3084,0.0
pt_coup_successful,3085,0.0
pt_coup_successful,3086,0.0
pt_coup_successful,3087,0.0
pt_coup_successful,3088,0.0
pt_coup_successful,3089,0.0
pt_coup_successful,3090,0.0
pt_coup_successful,3091,0.0
pt_coup_successful,3092,0.0
pt_coup_successful,3093,0.0
pt_coup_successful,3094,0.0
pt_coup_successful,3095,0.0
pt_coup_successful,3096,0.0
pt_coup_successful,3097,0.0
pt_coup_successful,3098,0.0
pt_coup_successful,3099,0.0
pt_coup_successful,3100,0.0
pt_coup_successful,3101,0.0
pt_coup_successful,3102,0.0
pt_coup_successful,3103,0.0
pt_coup_successful,3104,0.0
pt_coup_successful,3105,0.0
pt_coup_successful,3106,0.0
pt_coup_successful,3107,0.0
pt_coup_successful,3108,0.0
pt_coup_successful,3109,0.0
pt_coup_successful,3110,0.0
pt_coup_successful,3111,0.0
pt_coup_successful,3112,0.0
pt_coup_successful,3113,0.0
pt_coup_successful,3114,0.0
pt_coup_successful,3115,0.0
pt_coup_successful,3116,0.0
pt_coup_successful,3117,0.0
pt_coup_successful,3118,0.0
pt_coup_successful,3119,0.0
pt_coup_successful,3120,0.0
pt_coup_successful,3121,0.0
pt_coup_successful,3122,0.0
pt_coup_successful,3123,0.0
pt_coup_successful,3124,0.0
pt_coup_successful,3125,0.0
pt_coup_successful,3126,0.0
pt_coup_successful,3127,0.0
pt_coup_successful,3128,0.0
pt_coup_successful,3129,0.0
pt_coup_successful,3130,0.0
pt_coup_successful,3131,0.0
pt_coup_successful,3132,0.0
pt_coup_successful,3133,0.0
pt_coup_successful,3134,0.0
pt_coup_successful,3135,0.0
pt_coup_successful,3136,0.0
pt_coup_successful,3137,0.0
pt_coup_successful,3138,0.0
pt_coup_successful,3139,0.0
pt_coup_successful,3140,0.0
pt_coup_successful,3141,0.0
pt_coup_successful,3142,0.0
pt_coup_successful,3143,0.0
pt_coup_successful,3144,0.0
pt_coup_successful,3145,0.0
pt_coup_successful,3146,0.0
pt_coup_successful,3147,0.0
pt_coup_successful,3148,0.0
pt_coup_successful,3149,0.0
pt_coup_successful,3150,0.0
pt_coup_successful,3151,0.0
pt_coup_successful,3152,0.0
pt_coup_successful,3153,0.0
pt_coup_successful,3154,0.0
pt_coup_successful,3155,0.0
pt_coup_successful,3156,0.0
pt_coup_successful,3157,0.0
pt_coup_successful,3158,0.0
pt_coup_successful,3159,0.0
pt_coup_successful,3160,0.0
pt_coup_successful,3161,0.0
pt_coup_successful,3162,0.0
pt_coup_successful,3163,0.0
pt_coup_successful,3164,0.0
pt_coup_successful,3165,0.0
pt_coup_successful,3166,0.0
pt_coup_successful,3167,0.0
pt_coup_successful,3168,0.0
pt_coup_successful,3169,0.0
pt_coup_successful,3170,0.0
pt_coup_successful,3171,0.0
pt_coup_successful,3172,0.0
pt_coup_successful,3173,0.0
pt_coup_successful,3174,0.0
pt_coup_successful,3175,0.0
pt_coup_successful,3176,0.0
pt_coup_successful,3177,0.0
pt_coup_successful,3178,0.0
pt_coup_successful,3179,0.0
pt_coup_successful,3180,0.0
pt_coup_successful,3181,0.0
pt_coup_successful,3182,0.0
pt_coup_successful,3183,0.0
pt_coup_successful,3184,0.0
pt_coup_successful,3185,0.0
pt_coup_successful,3186,0.0
pt_coup_successful,3187,0.0
pt_coup_successful,3188,0.0
pt_coup_successful,3189,0.0
pt_coup_successful,3190,0.0
pt_coup_successful,3191,0.0
pt_coup_successful,3192,0.0
pt_coup_successful,3193,0.0
pt_coup_successful,3194,0.0
pt_coup_successful,3195,0.0
pt_coup_successful,3196,0.0
pt_coup_successful,3197,0.0
pt_coup_successful,3198,0.0
pt_coup_successful,3199,0.0
pt_coup_successful,3200,0.0
pt_coup_successful,3201,0.0
pt_coup_successful,3202,0.0
pt_coup_successful,3203,0.0
pt_coup_successful,3204,0.0
pt_coup_successful,3205,0.0
pt_coup_successful,3206,0.0
pt_coup_successful,3207,0.0
pt_coup_successful,3208,0.0
pt_coup_successful,3209,0.0
pt_coup_successful,3210,0.0
pt_coup_successful,3211,0.0
pt_coup_successful,3212,0.0
pt_coup_successful,3213,0.0
pt_coup_successful,3214,0.0
pt_coup_successful,3215,0.0
pt_coup_successful,3216,0.0
pt_coup_successful,3217,0.0
pt_coup_successful,3218,0.0
pt_coup_successful,3219,0.0
pt_coup_successful,3220,0.0
pt_coup_successful,3221,0.0
pt_coup_successful,3222,0.0
pt_coup_successful,3223,0.0
pt_coup_successful,3224,0.0
pt_coup_successful,3225,0.0
pt_coup_successful,3226,0.0
pt_coup_successful,3227,0.0
pt_coup_successful,3228,0.0
pt_coup_successful,3229,0.0
pt_coup_successful,3230,0.0
pt_coup_successful,3231,0.0
pt_coup_successful,3232,0.0
pt_coup_successful,3233,0.0
pt_coup_successful,3234,0.0
pt_coup_successful,3235,0.0
pt_coup_successful,3236,0.0
pt_coup_successful,3237,0.0
pt_coup_successful,3238,0.0
pt_coup_successful,3239,0.0
pt_coup_successful,3240,0.0
pt_coup_successful,3241,0.0
pt_coup_successful,3242,0.0
pt_coup_successful,3243,0.0
pt_coup_successful,3244,0.0
pt_coup_successful,3245,0.0
pt_coup_successful,3246,0.0
pt_coup_successful,3247,0.0
pt_coup_successful,3248,0.0
pt_coup_successful,3249,0.0
pt_coup_successful,3250,0.0
pt_coup_successful,3251,0.0
pt_coup_successful,3252,0.0
pt_coup_successful,3253,0.0
pt_coup_successful,3254,0.0
pt_coup_successful,3255,0.0
pt_coup_successful,3256,0.0
pt_coup_successful,3257,0.0
pt_coup_successful,3258,0.0
pt_coup_successful,3259,0.0
pt_coup_successful,3260,0.0
pt_coup_successful,3261,0.0
pt_coup_successful,3262,0.0
pt_coup_successful,3263,0.0
pt_coup_successful,3264,0.0
pt_coup_successful,3265,0.0
pt_coup_successful,3266,0.0
pt_coup_successful,3267,0.0
pt_coup_successful,3268,0.0
pt_coup_successful,3269,0.0
pt_coup_successful,3270,0.0
pt_coup_successful,3271,0.0
pt_coup_successful,3272,0.0
pt_coup_successful,3273,0.0
pt_coup_successful,3274,0.0
pt_coup_successful,3275,0.0
pt_coup_successful,3276,0.0
pt_coup_successful,3277,0.0
pt_coup_successful,3278,0.0
pt_coup_successful,3279,0.0
pt_coup_successful,3280,0.0
pt_coup_successful,3281,0.0
pt_coup_successful,3282,0.0
pt_coup_successful,3283,0.0
pt_coup_successful,3284,0.0
pt_coup_successful,3285,0.0
pt_coup_successful,3286,0.0
pt_coup_successful,3287,0.0
pt_coup_successful,3288,0.0
pt_coup_successful,3289,0.0
pt_coup_successful,3290,0.0
pt_coup_successful,3291,0.0
pt_coup_successful,3292,0.0
pt_coup_successful,3293,0.0
pt_coup_successful,3294,0.0
pt_coup_successful,3295,0.0
pt_coup_successful,3296,0.0
pt_coup_successful,3297,0.0
pt_coup_successful,3298,0.0
pt_coup_successful,3299,0.0
pt_coup_successful,3300,0.0
pt_coup_successful,3301,0.0
pt_coup_successful,3302,0.0
pt_coup_successful,3303,0.0
pt_coup_successful,3304,0.0
pt_coup_successful,3305,0.0
pt_coup_successful,3306,0.0
pt_coup_successful,3307,0.0
pt_coup_successful,3308,0.0
pt_coup_successful,3309,0.0
pt_coup_successful,3310,0.0
pt_coup_successful,3311,0.0
pt_coup_successful,3312,0.0
pt_coup_successful,3313,0.0
pt_coup_successful,3314,0.0
pt_coup_successful,3315,0.0
pt_coup_successful,3316,0.0
pt_coup_successful,3317,0.0
pt_coup_successful,3318,0.0
pt_coup_successful,3319,0.0
pt_coup_successful,3320,0.0
pt_coup_successful,3321,0.0
pt_coup_successful,3322,0.0
pt_coup_successful,3323,0.0
pt_coup_successful,3324,0.0
pt_coup_successful,3325,0.0
pt_coup_successful,3326,0.0
pt_coup_successful,3327,0.0
pt_coup_successful,3328,0.0
pt_coup_successful,3329,0.0
pt_coup_successful,3330,0.0
pt_coup_successful,3331,0.0
pt_coup_successful,3332,0.0
pt_coup_successful,3333,0.0
pt_coup_successful,3334,0.0
pt_coup_successful,3335,0.0
pt_coup_successful,3336,0.0
pt_coup_successful,3337,0.0
pt_coup_successful,3338,0.0
pt_coup_successful,3339,0.0
pt_coup_successful,3340,0.0
pt_coup_successful,3341,0.0
pt_coup_successful,3342,0.0
pt_coup_successful,3343,0.0
pt_coup_successful,3344,0.0
pt_coup_successful,3345,0.0
pt_coup_successful,3346,0.0
pt_coup_successful,3347,0.0
pt_coup_successful,3348,0.0
pt_coup_successful,3349,0.0
pt_coup_successful,3350,0.0
pt_coup_successful,3351,0.0
pt_coup_successful,3352,0.0
pt_coup_successful,3353,0.0
pt_coup_successful,3354,0.0
pt_coup_successful,3355,0.0
pt_coup_successful,3356,0.0
pt_coup_successful,3357,0.0
pt_coup_successful,3358,0.0
pt_coup_successful,3359,0.0
pt_coup_successful,3360,0.0
pt_coup_successful,3361,0.0
pt_coup_successful,3362,0.0
pt_coup_successful,3363,0.0
pt_coup_successful,3364,0.0
pt_coup_successful,3365,0.0
pt_coup_successful,3366,0.0
pt_coup_successful,3367,0.0
pt_coup_successful,3368,0.0
pt_coup_successful,3369,0.0
pt_coup_successful,3370,0.0
pt_coup_successful,3371,0.0
pt_coup_successful,3372,0.0
pt_coup_successful,3373,0.0
pt_coup_successful,3374,0.0
pt_coup_successful,3375,0.0
pt_coup_successful,3376,0.0
pt_coup_successful,3377,0.0
pt_coup_successful,3378,0.0
pt_coup_successful,3379,0.0
pt_coup_successful,3380,0.0
pt_coup_successful,3381,0.0
pt_coup_successful,3382,0.0
pt_coup_successful,3383,0.0
pt_coup_successful,3384,0.0
pt_coup_successful,3385,0.0
pt_coup_successful,3386,0.0
pt_coup_successful,3387,0.0
pt_coup_successful,3388,0.0
pt_coup_successful,3389,0.0
pt_coup_successful,3390,0.0
pt_coup_successful,3391,0.0
pt_coup_successful,3392,0.0
pt_coup_successful,3393,0.0
pt_coup_successful,3394,0.0
pt_coup_successful,3395,0.0
pt_coup_successful,3396,0.0
pt_coup_successful,3397,0.0
pt_coup_successful,3398,0.0
pt_coup_successful,3399,0.0
pt_coup_successful,3400,0.0
pt_coup_successful,3401,0.0
pt_coup_successful,3402,0.0
pt_coup_successful,3403,0.0
pt_coup_successful,3404,0.0
pt_coup_successful,3405,0.0
pt_coup_successful,3406,0.0
pt_coup_successful,3407,0.0
pt_coup_successful,3408,0.0
pt_coup_successful,3409,0.0
pt_coup_successful,3410,0.0
pt_coup_successful,3411,0.0
pt_coup_successful,3412,0.0
pt_coup_successful,3413,0.0
pt_coup_successful,3414,0.0
pt_coup_successful,3415,0.0
pt_coup_successful,3416,0.0
pt_coup_successful,3417,0.0
pt_coup_successful,3418,0.0
pt_coup_successful,3419,0.0
pt_coup_successful,3420,0.0
pt_coup_successful,3421,0.0
pt_coup_successful,3422,0.0
pt_coup_successful,3423,0.0
pt_coup_successful,3424,0.0
pt_coup_successful,3425,0.0
pt_coup_successful,3426,0.0
pt_coup_successful,3427,0.0
pt_coup_successful,3428,0.0
pt_coup_successful,3429,0.0
pt_coup_successful,3430,0.0
pt_coup_successful,3431,0.0
pt_coup_successful,3432,0.0
pt_coup_successful,3433,0.0
pt_coup_successful,3434,0.0
pt_coup_successful,3435,0.0
pt_coup_successful,3436,0.0
pt_coup_successful,3437,0.0
pt_coup_successful,3438,0.0
pt_coup_successful,3439,0.0
pt_coup_successful,3440,0.0
pt_coup_successful,3441,0.0
pt_coup_successful,3442,0.0
pt_coup_successful,3443,0.0
pt_coup_successful,3444,0.0
pt_coup_successful,3445,0.0
pt_coup_successful,3446,0.0
pt_coup_successful,3447,0.0
pt_coup_successful,3448,0.0
pt_coup_successful,3449,0.0
pt_coup_successful,3450,0.0
pt_coup_successful,3451,0.0
pt_coup_successful,3452,0.0
pt_coup_successful,3453,0.0
pt_coup_successful,3454,0.0
pt_coup_successful,3455,0.0
pt_coup_successful,3456,0.0
pt_coup_successful,3457,0.0
pt_coup_successful,3458,0.0
pt_coup_successful,3459,0.0
pt_coup_successful,3460,0.0
pt_coup_successful,3461,0.0
pt_coup_successful,3462,0.0
pt_coup_successful,3463,0.0
pt_coup_successful,3464,0.0
pt_coup_successful,3465,0.0
pt_coup_successful,3466,0.0
pt_coup_successful,3467,0.0
pt_coup_successful,3468,0.0
pt_coup_successful,3469,0.0
pt_coup_successful,3470,0.0
pt_coup_successful,3471,0.0
pt_coup_successful,3472,0.0
pt_coup_successful,3473,0.0
pt_coup_successful,3474,0.0
pt_coup_successful,3475,0.0
pt_coup_successful,3476,0.0
pt_coup_successful,3477,0.0
pt_coup_successful,3478,0.0
pt_coup_successful,3479,0.0
pt_coup_successful,3480,0.0
pt_coup_successful,3481,0.0
pt_coup_successful,3482,0.0
pt_coup_successful,3483,0.0
pt_coup_successful,3484,0.0
pt_coup_successful,3485,0.0
pt_coup_successful,3486,0.0
pt_coup_successful,3487,0.0
pt_coup_successful,3488,0.0
pt_coup_successful,3489,0.0
pt_coup_successful,3490,0.0
pt_coup_successful,3491,0.0
pt_coup_successful,3492,0.0
pt_coup_successful,3493,0.0
pt_coup_successful,3494,0.0
pt_coup_successful,3495,0.0
pt_coup_successful,3496,0.0
pt_coup_successful,3497,0.0
pt_coup_successful,3498,0.0
pt_coup_successful,3499,0.0
pt_coup_successful,3500,0.0
pt_coup_successful,3501,0.0
pt_coup_successful,3502,0.0
pt_coup_successful,3503,0.0
pt_coup_successful,3504,0.0
pt_coup_successful,3505,0.0
pt_coup_successful,3506,0.0
pt_coup_successful,3507,0.0
pt_coup_successful,3508,0.0
pt_coup_successful,3509,0.0
pt_coup_successful,3510,0.0
pt_coup_successful,3511,0.0
pt_coup_successful,3512,0.0
pt_coup_successful,3513,0.0
pt_coup_successful,3514,0.0
pt_coup_successful,3515,0.0
pt_coup_successful,3516,0.0
pt_coup_successful,3517,0.0
pt_coup_successful,3518,0.0
pt_coup_successful,3519,0.0
pt_coup_successful,3520,0.0
pt_coup_successful,3521,0.0
pt_coup_successful,3522,0.0
pt_coup_successful,3523,0.0
pt_coup_successful,3524,0.0
pt_coup_successful,3525,0.0
pt_coup_successful,3526,0.0
pt_coup_successful,3527,0.0
pt_coup_successful,3528,0.0
pt_coup_successful,3529,0.0
pt_coup_successful,3530,0.0
pt_coup_successful,3531,0.0
pt_coup_successful,3532,0.0
pt_coup_successful,3533,0.0
pt_coup_successful,3534,0.0
pt_coup_successful,3535,0.0
pt_coup_successful,3536,0.0
pt_coup_successful,3537,0.0
pt_coup_successful,3538,0.0
pt_coup_successful,3539,0.0
pt_coup_successful,3540,0.0
pt_coup_successful,3541,0.0
pt_coup_successful,3542,0.0
pt_coup_successful,3543,0.0
pt_coup_successful,3544,0.0
pt_coup_successful,3545,0.0
pt_coup_successful,3546,0.0
pt_coup_successful,3547,0.0
pt_coup_successful,3548,0.0
pt_coup_successful,3549,0.0
pt_coup_successful,3550,0.0
pt_coup_successful,3551,0.0
pt_coup_successful,3552,0.0
pt_coup_successful,3553,0.0
pt_coup_successful,3554,0.0
pt_coup_successful,3555,0.0
pt_coup_successful,3556,0.0
pt_coup_successful,3557,0.0
pt_coup_successful,3558,0.0
pt_coup_successful,3559,0.0
pt_coup_successful,3560,0.0
pt_coup_successful,3561,0.0
pt_coup_successful,3562,0.0
pt_coup_successful,3563,0.0
pt_coup_successful,3564,0.0
pt_coup_successful,3565,0.0
pt_coup_successful,3566,0.0
pt_coup_successful,3567,0.0
pt_coup_successful,3568,0.0
pt_coup_successful,3569,0.0
pt_coup_successful,3570,0.0
pt_coup_successful,3571,0.0
pt_coup_successful,3572,0.0
pt_coup_successful,3573,0.0
pt_coup_successful,3574,0.0
pt_coup_successful,3575,0.0
pt_coup_successful,3576,0.0
pt_coup_successful,3577,0.0
pt_coup_successful,3578,0.0
pt_coup_successful,3579,0.0
pt_coup_successful,3580,0.0
pt_coup_successful,3581,0.0
pt_coup_successful,3582,0.0
pt_coup_successful,3583,0.0
pt_coup_successful,3584,0.0
pt_coup_successful,3585,0.0
pt_coup_successful,3586,0.0
pt_coup_successful,3587,0.0
pt_coup_successful,3588,0.0
pt_coup_successful,3589,0.0
pt_coup_successful,3590,0.0
pt_coup_successful,3591,0.0
pt_coup_successful,3592,0.0
pt_coup_successful,3593,0.0
pt_coup_successful,3594,0.0
pt_coup_successful,3595,0.0
pt_coup_successful,3596,0.0
pt_coup_successful,3597,0.0
pt_coup_successful,3598,0.0
pt_coup_successful,3599,0.0
pt_coup_successful,3600,0.0
pt_coup_successful,3601,0.0
pt_coup_successful,3602,0.0
pt_coup_successful,3603,0.0
pt_coup_successful,3604,0.0
pt_coup_successful,3605,0.0
pt_coup_successful,3606,0.0
pt_coup_successful,3607,0.0
pt_coup_successful,3608,0.0
pt_coup_successful,3609,0.0
pt_coup_successful,3610,0.0
pt_coup_successful,3611,0.0
pt_coup_successful,3612,0.0
pt_coup_successful,3613,0.0
pt_coup_successful,3614,0.0
pt_coup_successful,3615,0.0
pt_coup_successful,3616,0.0
pt_coup_successful,3617,0.0
pt_coup_successful,3618,0.0
pt_coup_successful,3619,0.0
pt_coup_successful,3620,0.0
pt_coup_successful,3621,0.0
pt_coup_successful,3622,0.0
pt_coup_successful,3623,0.0
pt_coup_successful,3624,0.0
pt_coup_successful,3625,0.0
pt_coup_successful,3626,0.0
pt_coup_successful,3627,0.0
pt_coup_successful,3628,0.0
pt_coup_successful,3629,0.0
pt_coup_successful,3630,0.0
pt_coup_successful,3631,0.0
pt_coup_successful,3632,0.0
pt_coup_successful,3633,0.0
pt_coup_successful,3634,0.0
pt_coup_successful,3635,0.0
pt_coup_successful,3636,0.0
pt_coup_successful,3637,0.0
pt_coup_successful,3638,0.0
pt_coup_successful,3639,0.0
pt_coup_successful,3640,0.0
pt_coup_successful,3641,0.0
pt_coup_successful,3642,0.0
pt_coup_successful,3643,0.0
pt_coup_successful,3644,0.0
pt_coup_successful,3645,0.0
pt_coup_successful,3646,0.0
pt_coup_successful,3647,0.0
pt_coup_successful,3648,0.0
pt_coup_successful,3649,0.0
pt_coup_successful,3650,0.0
pt_coup_successful,3651,0.0
pt_coup_successful,3652,0.0
pt_coup_successful,3653,0.0
pt_coup_successful,3654,0.0
pt_coup_successful,3655,0.0
pt_coup_successful,3656,0.0
pt_coup_successful,3657,0.0
pt_coup_successful,3658,0.0
pt_coup_successful,3659,0.0
pt_coup_successful,3660,0.0
pt_coup_successful,3661,0.0
pt_coup_successful,3662,0.0
pt_coup_successful,3663,0.0
pt_coup_successful,3664,0.0
pt_coup_successful,3665,0.0
pt_coup_successful,3666,0.0
pt_coup_successful,3667,0.0
pt_coup_successful,3668,0.0
pt_coup_successful,3669,0.0
pt_coup_successful,3670,0.0
pt_coup_successful,3671,0.0
pt_coup_successful,3672,0.0
pt_coup_successful,3673,0.0
pt_coup_successful,3674,0.0
pt_coup_successful,3675,0.0
pt_coup_successful,3676,0.0
pt_coup_successful,3677,0.0
pt_coup_successful,3678,0.0
pt_coup_successful,3679,0.0
pt_coup_successful,3680,0.0
pt_coup_successful,3681,0.0
pt_coup_successful,3682,0.0
pt_coup_successful,3683,0.0
pt_coup_successful,3684,0.0
pt_coup_successful,3685,0.0
pt_coup_successful,3686,0.0
pt_coup_successful,3687,0.0
pt_coup_successful,3688,0.0
pt_coup_successful,3689,0.0
pt_coup_successful,3690,0.0
pt_coup_successful,3691,0.0
pt_coup_successful,3692,0.0
pt_coup_successful,3693,0.0
pt_coup_successful,3694,0.0
pt_coup_successful,3695,0.0
pt_coup_successful,3696,0.0
pt_coup_successful,3697,0.0
pt_coup_successful,3698,0.0
pt_coup_successful,3699,0.0
pt_coup_successful,3700,0.0
pt_coup_successful,3701,0.0
pt_coup_successful,3702,0.0
pt_coup_successful,3703,0.0
pt_coup_successful,3704,0.0
pt_coup_successful,3705,0.0
pt_coup_successful,3706,0.0
pt_coup_successful,3707,0.0
pt_coup_successful,3708,0.0
pt_coup_successful,3709,0.0
pt_coup_successful,3710,0.0
pt_coup_successful,3711,0.0
pt_coup_successful,3712,0.0
pt_coup_successful,3713,0.0
pt_coup_successful,3714,0.0
pt_coup_successful,3715,0.0
pt_coup_successful,3716,0.0
pt_coup_successful,3717,0.0
pt_coup_successful,3718,0.0
pt_coup_successful,3719,0.0
pt_coup_successful,3720,0.0
pt_coup_successful,3721,0.0
pt_coup_successful,3722,0.0
pt_coup_successful,3723,0.0
pt_coup_successful,3724,0.0
pt_coup_successful,3725,0.0
pt_coup_successful,3726,0.0
pt_coup_successful,3727,0.0
pt_coup_successful,3728,0.0
pt_coup_successful,3729,0.0
pt_coup_successful,3730,0.0
pt_coup_successful,3731,0.0
pt_coup_successful,3732,0.0
pt_coup_successful,3733,0.0
pt_coup_successful,3734,0.0
pt_coup_successful,3735,0.0
pt_coup_successful,3736,0.0
pt_coup_successful,3737,0.0
pt_coup_successful,3738,0.0
pt_coup_successful,3739,0.0
pt_coup_successful,3740,0.0
pt_coup_successful,3741,0.0
pt_coup_successful,3742,0.0
pt_coup_successful,3743,0.0
pt_coup_successful,3744,0.0
pt_coup_successful,3745,0.0
pt_coup_successful,3746,0.0
pt_coup_successful,3747,0.0
pt_coup_successful,3748,0.0
pt_coup_successful,3749,0.0
pt_coup_successful,3750,0.0
pt_coup_successful,3751,0.0
pt_coup_successful,3752,0.0
pt_coup_successful,3753,0.0
pt_coup_successful,3754,0.0
pt_coup_successful,3755,0.0
pt_coup_successful,3756,0.0
pt_coup_successful,3757,0.0
pt_coup_successful,3758,0.0
pt_coup_successful,3759,0.0
pt_coup_successful,3760,0.0
pt_coup_successful,3761,0.0
pt_coup_successful,3762,0.0
pt_coup_successful,3763,0.0
pt_coup_successful,3764,0.0
pt_coup_successful,3765,0.0
pt_coup_successful,3766,0.0
pt_coup_successful,3767,0.0
pt_coup_successful,3768,0.0
pt_coup_successful,3769,0.0
pt_coup_successful,3770,0.0
pt_coup_successful,3771,0.0
pt_coup_successful,3772,0.0
pt_coup_successful,3773,0.0
pt_coup_successful,3774,0.0
pt_coup_successful,3775,0.0
pt_coup_successful,3776,0.0
pt_coup_successful,3777,0.0
pt_coup_successful,3778,0.0
pt_coup_successful,3779,0.0
pt_coup_successful,3780,0.0
pt_coup_successful,3781,0.0
pt_coup_successful,3782,0.0
pt_coup_successful,3783,0.0
pt_coup_successful,3784,1.0
pt_coup_successful,3785,1.0
pt_coup_successful,3786,1.0
pt_coup_successful,3787,1.0
pt_coup_successful,3788,1.0
pt_coup_successful,3789,1.0
pt_coup_successful,3790,1.0
pt_coup_successful,3791,1.0
pt_coup_successful,3792,1.0
pt_coup_successful,3793,1.0
pt_coup_successful,3794,1.0
pt_coup_successful,3795,1.0
pt_coup_successful,3796,1.0
pt_coup_successful,3797,1.0
pt_coup_successful,3798,1.0
pt_coup_successful,3799,1.0
pt_coup_successful,3800,1.0
pt_coup_successful,3801,1.0
pt_coup_successful,3802,1.0
pt_coup_successful,3803,2.0
pt_coup_successful,3804,2.0
pt_coup_successful,3805,2.0
pt_coup_successful,3806,2.0
pt_coup_successful,3807,2.0
pt_coup_successful,3808,2.0
pt_coup_successful,3809,2.0
pt_coup_successful,3810,2.0
pt_coup_successful,3811,2.0
pt_coup_successful,3812,2.0
pt_coup_successful,3813,2.0
pt_coup_successful,3814,2.0
pt_coup_successful,3815,2.0
pt_coup_successful,3816,2.0
pt_coup_successful,3817,2.0
pt_coup_successful,3818,2.0
pt_coup_successful,3819,2.0
pt_coup_successful,3820,2.0
pt_coup_successful,3821,2.0
pt_coup_successful,3822,2.0
pt_coup_successful,3823,2.0
pt_coup_successful,3824,2.0
pt_coup_successful,3825,2.0
pt_coup_successful,3826,2.0
pt_coup_successful,3827,2.0
pt_coup_successful,3828,2.0
pt_coup_successful,3829,2.0
pt_coup_successful,3830,2.0
unodc_homicide_rate,0,0.0
unodc_homicide_rate,1,0.0
unodc_homicide_rate,2,0.0
unodc_homicide_rate,3,0.0
unodc_homicide_rate,4,0.0
unodc_homicide_rate,5,0.0
unodc_homicide_rate,6,0.0
unodc_homicide_rate,7,0.0
unodc_homicide_rate,8,0.0
unodc_homicide_rate,9,0.0
unodc_homicide_rate,10,0.0
unodc_homicide_rate,11,0.0
unodc_homicide_rate,12,0.0
unodc_homicide_rate,13,0.0
unodc_homicide_rate,14,0.0
unodc_homicide_rate,15,0.0
unodc_homicide_rate,16,0.0
unodc_homicide_rate,17,0.0
unodc_homicide_rate,18,0.0
unodc_homicide_rate,19,0.0
unodc_homicide_rate,20,0.0
unodc_homicide_rate,21,0.0
unodc_homicide_rate,22,0.0
unodc_homicide_rate,23,0.0
unodc_homicide_rate,24,0.0
unodc_homicide_rate,25,0.0
unodc_homicide_rate,26,0.0
unodc_homicide_rate,27,0.0
unodc_homicide_rate,28,0.0
unodc_homicide_rate,29,0.0
unodc_homicide_rate,30,0.0
unodc_homicide_rate,31,0.0
unodc_homicide_rate,32,0.0
unodc_homicide_rate,33,0.0
unodc_homicide_rate,34,0.0
unodc_homicide_rate,35,0.0
unodc_homicide_rate,36,0.0
unodc_homicide_rate,37,0.0
unodc_homicide_rate,38,0.0
unodc_homicide_rate,39,0.0
unodc_homicide_rate,40,0.0
unodc_homicide_rate,41,0.0
unodc_homicide_rate,42,0.0
unodc_homicide_rate,43,0.06658838
unodc_homicide_rate,44,0.06909549
unodc_homicide_rate,45,0.06914541
unodc_homicide_rate,46,0.108180426
unodc_homicide_rate,47,0.12389634
unodc_homicide_rate,48,0.13863392
unodc_homicide_rate,49,0.15765125
unodc_homicide_rate,50,0.15973394
unodc_homicide_rate,51,0.16072544
unodc_homicide_rate,52,0.16385277
unodc_homicide_rate,53,0.1648473
unodc_homicide_rate,54,0.16701657
unodc_homicide_rate,55,0.17793117
unodc_homicide_rate,56,0.18404225
unodc_homicide_rate,57,0.19563614
unodc_homicide_rate,58,0.19628562
unodc_homicide_rate,59,0.20780832
unodc_homicide_rate,60,0.21165654
unodc_homicide_rate,61,0.21903406
unodc_homicide_rate,62,0.22087854
unodc_homicide_rate,63,0.22676758
unodc_homicide_rate,64,0.2291532
unodc_homicide_rate,65,0.23120448
unodc_homicide_rate,66,0.23402357
unodc_homicide_rate,67,0.23799625
unodc_homicide_rate,68,0.24082221
unodc_homicide_rate,69,0.24442141
unodc_homicide_rate,70,0.24718513
unodc_homicide_rate,71,0.24999182
unodc_homicide_rate,72,0.25038278
unodc_homicide_rate,73,0.2517724
unodc_homicide_rate,74,0.251777
unodc_homicide_rate,75,0.2533781
unodc_homicide_rate,76,0.25368768
unodc_homicide_rate,77,0.25488618
unodc_homicide_rate,78,0.25650892
unodc_homicide_rate,79,0.2581998
unodc_homicide_rate,80,0.26317152
unodc_homicide_rate,81,0.26469523
unodc_homicide_rate,82,0.2692387
unodc_homicide_rate,83,0.27723908
unodc_homicide_rate,84,0.27979776
unodc_homicide_rate,85,0.28273916
unodc_homicide_rate,86,0.2839471
unodc_homicide_rate,87,0.2846808
unodc_homicide_rate,88,0.28520724
unodc_homicide_rate,89,0.28968793
unodc_homicide_rate,90,0.29279727
unodc_homicide_rate,91,0.29371575
unodc_homicide_rate,92,0.2979973
unodc_homicide_rate,93,0.29807416
unodc_homicide_rate,94,0.29865295
unodc_homicide_rate,95,0.29981717
unodc_homicide_rate,96,0.3035952
unodc_homicide_rate,97,0.30376875
unodc_homicide_rate,98,0.30533186
unodc_homicide_rate,99,0.3072976
unodc_homicide_rate,100,0.30874684
unodc_homicide_rate,101,0.30875108
unodc_homicide_rate,102,0.309332
unodc_homicide_rate,103,0.30956355
unodc_homicide_rate,104,0.30983648
unodc_homicide_rate,105,0.31168136
unodc_homicide_rate,106,0.31386137
unodc_homicide_rate,107,0.31565723
unodc_homicide_rate,108,0.31971785
unodc_homicide_rate,109,0.32060647
unodc_homicide_rate,110,0.3223687
unodc_homicide_rate,111,0.32270038
unodc_homicide_rate,112,0.32272586
unodc_homicide_rate,113,0.33386183
unodc_homicide_rate,114,0.3346065
unodc_homicide_rate,115,0.3352917
unodc_homicide_rate,116,0.33534414
unodc_homicide_rate,117,0.34505254
unodc_homicide_rate,118,0.35047266
unodc_homicide_rate,119,0.35505116
unodc_homicide_rate,120,0.35536256
unodc_homicide_rate,121,0.3601824
unodc_homicide_rate,122,0.362169
unodc_homicide_rate,123,0.36275616
unodc_homicide_rate,124,0.36439186
unodc_homicide_rate,125,0.36704618
unodc_homicide_rate,126,0.36887762
unodc_homicide_rate,127,0.371083
unodc_homicide_rate,128,0.37423572
unodc_homicide_rate,129,0.3746642
unodc_homicide_rate,130,0.37494475
unodc_homicide_rate,131,0.3762058
unodc_homicide_rate,132,0.37796926
unodc_homicide_rate,133,0.37828457
unodc_homicide_rate,134,0.38140535
unodc_homicide_rate,135,0.3823274
unodc_homicide_rate,136,0.38574487
unodc_homicide_rate,137,0.39160103
unodc_homicide_rate,138,0.39314905
unodc_homicide_rate,139,0.39471897
unodc_homicide_rate,140,0.40182617
unodc_homicide_rate,141,0.40253052
unodc_homicide_rate,142,0.40485966
unodc_homicide_rate,143,0.40570292
unodc_homicide_rate,144,0.41012454
unodc_homicide_rate,145,0.42583513
unodc_homicide_rate,146,0.42805547
unodc_homicide_rate,147,0.43202642
unodc_homicide_rate,148,0.43489176
unodc_homicide_rate,149,0.4375127
unodc_homicide_rate,150,0.4427737
unodc_homicide_rate,151,0.44334275
unodc_homicide_rate,152,0.44631484
unodc_homicide_rate,153,0.44813052
unodc_homicide_rate,154,0.4494819
unodc_homicide_rate,155,0.46164995
unodc_homicide_rate,156,0.46244815
unodc_homicide_rate,157,0.47065446
unodc_homicide_rate,158,0.47253147
unodc_homicide_rate,159,0.4756916
unodc_homicide_rate,160,0.47573966
unodc_homicide_rate,161,0.4773063
unodc_homicide_rate,162,0.4776971
unodc_homicide_rate,163,0.4823692
unodc_homicide_rate,164,0.48360416
unodc_homicide_rate,165,0.48511356
unodc_homicide_rate,166,0.48637897
unodc_homicide_rate,167,0.49135348
unodc_homicide_rate,168,0.49214834
unodc_homicide_rate,169,0.4928455
unodc_homicide_rate,170,0.4933391
unodc_homicide_rate,171,0.4938063
unodc_homicide_rate,172,0.49630657
unodc_homicide_rate,173,0.5005961
unodc_homicide_rate,174,0.50095385
unodc_homicide_rate,175,0.5018561
unodc_homicide_rate,176,0.5026841
unodc_homicide_rate,177,0.50439787
unodc_homicide_rate,178,0.5049711
unodc_homicide_rate,179,0.50603634
unodc_homicide_rate,180,0.5072883
unodc_homicide_rate,181,0.50902134
unodc_homicide_rate,182,0.5103156
unodc_homicide_rate,183,0.51277024
unodc_homicide_rate,184,0.5139639
unodc_homicide_rate,185,0.5156625
unodc_homicide_rate,186,0.5183628
unodc_homicide_rate,187,0.5232067
unodc_homicide_rate,188,0.5235866
unodc_homicide_rate,189,0.5271899
unodc_homicide_rate,190,0.53029966
unodc_homicide_rate,191,0.5306244
unodc_homicide_rate,192,0.53231585
unodc_homicide_rate,193,0.5353732
unodc_homicide_rate,194,0.5362336
unodc_homicide_rate,195,0.5362853
unodc_homicide_rate,196,0.536706
unodc_homicide_rate,197,0.5373198
unodc_homicide_rate,198,0.53801394
unodc_homicide_rate,199,0.54009527
unodc_homicide_rate,200,0.5423679
unodc_homicide_rate,201,0.54349285
unodc_homicide_rate,202,0.5439449
unodc_homicide_rate,203,0.5463626
unodc_homicide_rate,204,0.5497726
unodc_homicide_rate,205,0.55616575
unodc_homicide_rate,206,0.5572342
unodc_homicide_rate,207,0.5580911
unodc_homicide_rate,208,0.56029356
unodc_homicide_rate,209,0.56171113
unodc_homicide_rate,210,0.5625755
unodc_homicide_rate,211,0.5628983
unodc_homicide_rate,212,0.5644884
unodc_homicide_rate,213,0.5657219
unodc_homicide_rate,214,0.56646633
unodc_homicide_rate,215,0.56807244
unodc_homicide_rate,216,0.56935275
unodc_homicide_rate,217,0.5737152
unodc_homicide_rate,218,0.57401067
unodc_homicide_rate,219,0.5741643
unodc_homicide_rate,220,0.576286
unodc_homicide_rate,221,0.58122116
unodc_homicide_rate,222,0.5835323
unodc_homicide_rate,223,0.58462185
unodc_homicide_rate,224,0.58710635
unodc_homicide_rate,225,0.58760196
unodc_homicide_rate,226,0.5931487
unodc_homicide_rate,227,0.59392405
unodc_homicide_rate,228,0.5955788
unodc_homicide_rate,229,0.59629285
unodc_homicide_rate,230,0.59748197
unodc_homicide_rate,231,0.598363
unodc_homicide_rate,232,0.5990673
unodc_homicide_rate,233,0.60058534
unodc_homicide_rate,234,0.6008848
unodc_homicide_rate,235,0.6035258
unodc_homicide_rate,236,0.6050815
unodc_homicide_rate,237,0.60751224
unodc_homicide_rate,238,0.6079229
unodc_homicide_rate,239,0.6111396
unodc_homicide_rate,240,0.6136817
unodc_homicide_rate,241,0.61459094
unodc_homicide_rate,242,0.6149342
unodc_homicide_rate,243,0.6150932
unodc_homicide_rate,244,0.6171698
unodc_homicide_rate,245,0.61799634
unodc_homicide_rate,246,0.622023
unodc_homicide_rate,247,0.6221643
unodc_homicide_rate,248,0.62261635
unodc_homicide_rate,249,0.62473255
unodc_homicide_rate,250,0.62610626
unodc_homicide_rate,251,0.6286185
unodc_homicide_rate,252,0.62910885
unodc_homicide_rate,253,0.6317468
unodc_homicide_rate,254,0.63707656
unodc_homicide_rate,255,0.63790476
unodc_homicide_rate,256,0.63862985
unodc_homicide_rate,257,0.6417445
unodc_homicide_rate,258,0.6424676
unodc_homicide_rate,259,0.6436418
unodc_homicide_rate,260,0.64446753
unodc_homicide_rate,261,0.6449917
unodc_homicide_rate,262,0.6469069
unodc_homicide_rate,263,0.64862794
unodc_homicide_rate,264,0.6542702
unodc_homicide_rate,265,0.6550228
unodc_homicide_rate,266,0.65569526
unodc_homicide_rate,267,0.6561995
unodc_homicide_rate,268,0.6589624
unodc_homicide_rate,269,0.65911525
unodc_homicide_rate,270,0.66185516
unodc_homicide_rate,271,0.6634871
unodc_homicide_rate,272,0.66384196
unodc_homicide_rate,273,0.66447276
unodc_homicide_rate,274,0.6652784
unodc_homicide_rate,275,0.6653015
unodc_homicide_rate,276,0.66734713
unodc_homicide_rate,277,0.6680103
unodc_homicide_rate,278,0.6719658
unodc_homicide_rate,279,0.6795029
unodc_homicide_rate,280,0.67951286
unodc_homicide_rate,281,0.6809142
unodc_homicide_rate,282,0.6818223
unodc_homicide_rate,283,0.68245935
unodc_homicide_rate,284,0.6849679
unodc_homicide_rate,285,0.6855325
unodc_homicide_rate,286,0.6860682
unodc_homicide_rate,287,0.68793815
unodc_homicide_rate,288,0.6880789
unodc_homicide_rate,289,0.690856
unodc_homicide_rate,290,0.69089305
unodc_homicide_rate,291,0.69135
unodc_homicide_rate,292,0.6916719
unodc_homicide_rate,293,0.6917325
unodc_homicide_rate,294,0.6932181
unodc_homicide_rate,295,0.69398636
unodc_homicide_rate,296,0.6942189
unodc_homicide_rate,297,0.6942249
unodc_homicide_rate,298,0.6948878
unodc_homicide_rate,299,0.69684297
unodc_homicide_rate,300,0.6968639
unodc_homicide_rate,301,0.6977952
unodc_homicide_rate,302,0.7018856
unodc_homicide_rate,303,0.7029994
unodc_homicide_rate,304,0.70338625
unodc_homicide_rate,305,0.7044689
unodc_homicide_rate,306,0.7057768
unodc_homicide_rate,307,0.70649993
unodc_homicide_rate,308,0.70807946
unodc_homicide_rate,309,0.70839006
unodc_homicide_rate,310,0.70881855
unodc_homicide_rate,311,0.70933527
unodc_homicide_rate,312,0.71063733
unodc_homicide_rate,313,0.71275806
unodc_homicide_rate,314,0.7130721
unodc_homicide_rate,315,0.71380305
unodc_homicide_rate,316,0.71389216
unodc_homicide_rate,317,0.71432424
unodc_homicide_rate,318,0.71765995
unodc_homicide_rate,319,0.71906364
unodc_homicide_rate,320,0.71922034
unodc_homicide_rate,321,0.71997195
unodc_homicide_rate,322,0.7222511
unodc_homicide_rate,323,0.722658
unodc_homicide_rate,324,0.72474706
unodc_homicide_rate,325,0.72487557
unodc_homicide_rate,326,0.72646606
unodc_homicide_rate,327,0.7269137
unodc_homicide_rate,328,0.7272347
unodc_homicide_rate,329,0.72770864
unodc_homicide_rate,330,0.7277977
unodc_homicide_rate,331,0.72858477
unodc_homicide_rate,332,0.72887933
unodc_homicide_rate,333,0.72901493
unodc_homicide_rate,334,0.7292209
unodc_homicide_rate,335,0.72984886
unodc_homicide_rate,336,0.73363554
unodc_homicide_rate,337,0.7344924
unodc_homicide_rate,338,0.73552614
unodc_homicide_rate,339,0.7356611
unodc_homicide_rate,340,0.7367215
unodc_homicide_rate,341,0.73761487
unodc_homicide_rate,342,0.7376885
unodc_homicide_rate,343,0.7399472
unodc_homicide_rate,344,0.74057215
unodc_homicide_rate,345,0.74355406
unodc_homicide_rate,346,0.74466634
unodc_homicide_rate,347,0.7455793
unodc_homicide_rate,348,0.74595773
unodc_homicide_rate,349,0.74636614
unodc_homicide_rate,350,0.74654263
unodc_homicide_rate,351,0.74986786
unodc_homicide_rate,352,0.75003046
unodc_homicide_rate,353,0.75022954
unodc_homicide_rate,354,0.756304
unodc_homicide_rate,355,0.7570483
unodc_homicide_rate,356,0.75873816
unodc_homicide_rate,357,0.7623285
unodc_homicide_rate,358,0.76737607
unodc_homicide_rate,359,0.76782775
unodc_homicide_rate,360,0.7701651
unodc_homicide_rate,361,0.7713312
unodc_homicide_rate,362,0.77156913
unodc_homicide_rate,363,0.77257067
unodc_homicide_rate,364,0.7741663
unodc_homicide_rate,365,0.77424276
unodc_homicide_rate,366,0.77604675
unodc_homicide_rate,367,0.77730256
unodc_homicide_rate,368,0.7787528
unodc_homicide_rate,369,0.7793169
unodc_homicide_rate,370,0.7795459
unodc_homicide_rate,371,0.77987826
unodc_homicide_rate,372,0.78049177
unodc_homicide_rate,373,0.7809434
unodc_homicide_rate,374,0.7810602
unodc_homicide_rate,375,0.7829992
unodc_homicide_rate,376,0.7844768
unodc_homicide_rate,377,0.78500295
unodc_homicide_rate,378,0.78914785
unodc_homicide_rate,379,0.7892012
unodc_homicide_rate,380,0.789978
unodc_homicide_rate,381,0.79264295
unodc_homicide_rate,382,0.7934422
unodc_homicide_rate,383,0.79556507
unodc_homicide_rate,384,0.7971926
unodc_homicide_rate,385,0.79868543
unodc_homicide_rate,386,0.79973716
unodc_homicide_rate,387,0.8023147
unodc_homicide_rate,388,0.80283886
unodc_homicide_rate,389,0.8068705
unodc_homicide_rate,390,0.80741125
unodc_homicide_rate,391,0.80890334
unodc_homicide_rate,392,0.8144209
unodc_homicide_rate,393,0.81512475
unodc_homicide_rate,394,0.8158292
unodc_homicide_rate,395,0.81785876
unodc_homicide_rate,396,0.81918305
unodc_homicide_rate,397,0.8193979
unodc_homicide_rate,398,0.8203121
unodc_homicide_rate,399,0.82055855
unodc_homicide_rate,400,0.8226785
unodc_homicide_rate,401,0.8231116
unodc_homicide_rate,402,0.8240838
unodc_homicide_rate,403,0.82491124
unodc_homicide_rate,404,0.8257269
unodc_homicide_rate,405,0.82764715
unodc_homicide_rate,406,0.82782817
unodc_homicide_rate,407,0.83037543
unodc_homicide_rate,408,0.8309215
unodc_homicide_rate,409,0.8361509
unodc_homicide_rate,410,0.8396053
unodc_homicide_rate,411,0.8396631
unodc_homicide_rate,412,0.840499
unodc_homicide_rate,413,0.8405994
unodc_homicide_rate,414,0.8408479
unodc_homicide_rate,415,0.8409613
unodc_homicide_rate,416,0.84104836
unodc_homicide_rate,417,0.84124476
unodc_homicide_rate,418,0.8415433
unodc_homicide_rate,419,0.8486115
unodc_homicide_rate,420,0.85021
unodc_homicide_rate,421,0.8531859
unodc_homicide_rate,422,0.85348487
unodc_homicide_rate,423,0.85440606
unodc_homicide_rate,424,0.8548024
unodc_homicide_rate,425,0.8558104
unodc_homicide_rate,426,0.8560973
unodc_homicide_rate,427,0.8562326
unodc_homicide_rate,428,0.8568892
unodc_homicide_rate,429,0.8572101
unodc_homicide_rate,430,0.8572175
unodc_homicide_rate,431,0.8579873
unodc_homicide_rate,432,0.8584594
unodc_homicide_rate,433,0.85861295
unodc_homicide_rate,434,0.8589646
unodc_homicide_rate,435,0.8594477
unodc_homicide_rate,436,0.85954314
unodc_homicide_rate,437,0.85990167
unodc_homicide_rate,438,0.8610541
unodc_homicide_rate,439,0.86216086
unodc_homicide_rate,440,0.8650228
unodc_homicide_rate,441,0.86587715
unodc_homicide_rate,442,0.8670316
unodc_homicide_rate,443,0.8715148
unodc_homicide_rate,444,0.8732824
unodc_homicide_rate,445,0.87495816
unodc_homicide_rate,446,0.875577
unodc_homicide_rate,447,0.876191
unodc_homicide_rate,448,0.8770236
unodc_homicide_rate,449,0.87790763
unodc_homicide_rate,450,0.87926024
unodc_homicide_rate,451,0.8797874
unodc_homicide_rate,452,0.87985
unodc_homicide_rate,453,0.8798654
unodc_homicide_rate,454,0.8802845
unodc_homicide_rate,455,0.8829515
unodc_homicide_rate,456,0.8832931
unodc_homicide_rate,457,0.88345325
unodc_homicide_rate,458,0.88408846
unodc_homicide_rate,459,0.8843786
unodc_homicide_rate,460,0.88556343
unodc_homicide_rate,461,0.88845104
unodc_homicide_rate,462,0.8893806
unodc_homicide_rate,463,0.8898623
unodc_homicide_rate,464,0.8923708
unodc_homicide_rate,465,0.89334863
unodc_homicide_rate,466,0.8972371
unodc_homicide_rate,467,0.8984635
unodc_homicide_rate,468,0.89891577
unodc_homicide_rate,469,0.90031874
unodc_homicide_rate,470,0.9020261
unodc_homicide_rate,471,0.9037638
unodc_homicide_rate,472,0.9054896
unodc_homicide_rate,473,0.90619147
unodc_homicide_rate,474,0.9064772
unodc_homicide_rate,475,0.9067663
unodc_homicide_rate,476,0.90994626
unodc_homicide_rate,477,0.9107228
unodc_homicide_rate,478,0.9127126
unodc_homicide_rate,479,0.91439354
unodc_homicide_rate,480,0.91529334
unodc_homicide_rate,481,0.91711015
unodc_homicide_rate,482,0.9174017
unodc_homicide_rate,483,0.9191817
unodc_homicide_rate,484,0.9203536
unodc_homicide_rate,485,0.9212523
unodc_homicide_rate,486,0.9225743
unodc_homicide_rate,487,0.92303175
unodc_homicide_rate,488,0.92455906
unodc_homicide_rate,489,0.927017
unodc_homicide_rate,490,0.92792225
unodc_homicide_rate,491,0.9293519
unodc_homicide_rate,492,0.9305832
unodc_homicide_rate,493,0.93110305
unodc_homicide_rate,494,0.9330059
unodc_homicide_rate,495,0.93424326
unodc_homicide_rate,496,0.9349367
unodc_homicide_rate,497,0.9350856
unodc_homicide_rate,498,0.93525994
unodc_homicide_rate,499,0.9369788
unodc_homicide_rate,500,0.93925816
unodc_homicide_rate,501,0.94003516
unodc_homicide_rate,502,0.9420696
unodc_homicide_rate,503,0.94520104
unodc_homicide_rate,504,0.9457794
unodc_homicide_rate,505,0.9463469
unodc_homicide_rate,506,0.94640845
unodc_homicide_rate,507,0.9482717
unodc_homicide_rate,508,0.95058274
unodc_homicide_rate,509,0.9507
unodc_homicide_rate,510,0.9570879
unodc_homicide_rate,511,0.9587808
unodc_homicide_rate,512,0.96067166
unodc_homicide_rate,513,0.9642953
unodc_homicide_rate,514,0.9656457
unodc_homicide_rate,515,0.96777433
unodc_homicide_rate,516,0.9687652
unodc_homicide_rate,517,0.97033215
unodc_homicide_rate,518,0.9706426
unodc_homicide_rate,519,0.9708942
unodc_homicide_rate,520,0.97089875
unodc_homicide_rate,521,0.97266906
unodc_homicide_rate,522,0.97761935
unodc_homicide_rate,523,0.978137
unodc_homicide_rate,524,0.97829217
unodc_homicide_rate,525,0.98029274
unodc_homicide_rate,526,0.98106015
unodc_homicide_rate,527,0.9814358
unodc_homicide_rate,528,0.98193496
unodc_homicide_rate,529,0.9822672
unodc_homicide_rate,530,0.9825673
unodc_homicide_rate,531,0.98432386
unodc_homicide_rate,532,0.984909
unodc_homicide_rate,533,0.98546845
unodc_homicide_rate,534,0.98616064
unodc_homicide_rate,535,0.9862991
unodc_homicide_rate,536,0.98783016
unodc_homicide_rate,537,0.98901266
unodc_homicide_rate,538,0.992033
unodc_homicide_rate,539,0.9921507
unodc_homicide_rate,540,0.9921857
unodc_homicide_rate,541,0.9937274
unodc_homicide_rate,542,0.9939967
unodc_homicide_rate,543,0.9944246
unodc_homicide_rate,544,0.9951466
unodc_homicide_rate,545,0.9985382
unodc_homicide_rate,546,0.9993019
unodc_homicide_rate,547,0.9999715
unodc_homicide_rate,548,1.0001355
unodc_homicide_rate,549,1.0010659
unodc_homicide_rate,550,1.0015457
unodc_homicide_rate,551,1.0021338
unodc_homicide_rate,552,1.0036402
unodc_homicide_rate,553,1.0077267
unodc_homicide_rate,554,1.007997
unodc_homicide_rate,555,1.0089651
unodc_homicide_rate,556,1.0105169
unodc_homicide_rate,557,1.0106642
unodc_homicide_rate,558,1.0107479
unodc_homicide_rate,559,1.0116445
unodc_homicide_rate,560,1.0136034
unodc_homicide_rate,561,1.0162851
unodc_homicide_rate,562,1.0183634
unodc_homicide_rate,563,1.0245248
unodc_homicide_rate,564,1.0256623
unodc_homicide_rate,565,1.0284655
unodc_homicide_rate,566,1.029853
unodc_homicide_rate,567,1.0301495
unodc_homicide_rate,568,1.032543
unodc_homicide_rate,569,1.032814
unodc_homicide_rate,570,1.0378666
unodc_homicide_rate,571,1.0403056
unodc_homicide_rate,572,1.0422662
unodc_homicide_rate,573,1.0423841
unodc_homicide_rate,574,1.043286
unodc_homicide_rate,575,1.0459923
unodc_homicide_rate,576,1.0499917
unodc_homicide_rate,577,1.0505681
unodc_homicide_rate,578,1.0508341
unodc_homicide_rate,579,1.0516478
unodc_homicide_rate,580,1.051668
unodc_homicide_rate,581,1.054386
unodc_homicide_rate,582,1.0567416
unodc_homicide_rate,583,1.0589565
unodc_homicide_rate,584,1.0604972
unodc_homicide_rate,585,1.0613829
unodc_homicide_rate,586,1.0622785
unodc_homicide_rate,587,1.0633343
unodc_homicide_rate,588,1.0637157
unodc_homicide_rate,589,1.0637496
unodc_homicide_rate,590,1.0649854
unodc_homicide_rate,591,1.0675244
unodc_homicide_rate,592,1.0681952
unodc_homicide_rate,593,1.0693407
unodc_homicide_rate,594,1.0743763
unodc_homicide_rate,595,1.0798469
unodc_homicide_rate,596,1.0798584
unodc_homicide_rate,597,1.0803015
unodc_homicide_rate,598,1.0842925
unodc_homicide_rate,599,1.0848558
unodc_homicide_rate,600,1.0865816
unodc_homicide_rate,601,1.087543
unodc_homicide_rate,602,1.0889074
unodc_homicide_rate,603,1.0896432
unodc_homicide_rate,604,1.0905963
unodc_homicide_rate,605,1.0908386
unodc_homicide_rate,606,1.0921111
unodc_homicide_rate,607,1.0922705
unodc_homicide_rate,608,1.0924954
unodc_homicide_rate,609,1.0927442
unodc_homicide_rate,610,1.0964376
unodc_homicide_rate,611,1.0982518
unodc_homicide_rate,612,1.098339
unodc_homicide_rate,613,1.0984466
unodc_homicide_rate,614,1.099488
unodc_homicide_rate,615,1.1032139
unodc_homicide_rate,616,1.1044621
unodc_homicide_rate,617,1.1050575
unodc_homicide_rate,618,1.1055304
unodc_homicide_rate,619,1.1060958
unodc_homicide_rate,620,1.1071839
unodc_homicide_rate,621,1.1083933
unodc_homicide_rate,622,1.1086638
unodc_homicide_rate,623,1.1088748
unodc_homicide_rate,624,1.1104188
unodc_homicide_rate,625,1.1107152
unodc_homicide_rate,626,1.1134121
unodc_homicide_rate,627,1.1186842
unodc_homicide_rate,628,1.118764
unodc_homicide_rate,629,1.1193768
unodc_homicide_rate,630,1.1201626
unodc_homicide_rate,631,1.1220924
unodc_homicide_rate,632,1.122255
unodc_homicide_rate,633,1.1234993
unodc_homicide_rate,634,1.1235844
unodc_homicide_rate,635,1.1236516
unodc_homicide_rate,636,1.124688
unodc_homicide_rate,637,1.1261892
unodc_homicide_rate,638,1.1264837
unodc_homicide_rate,639,1.1276721
unodc_homicide_rate,640,1.1365613
unodc_homicide_rate,641,1.136751
unodc_homicide_rate,642,1.1368704
unodc_homicide_rate,643,1.139718
unodc_homicide_rate,644,1.1429176
unodc_homicide_rate,645,1.14319
unodc_homicide_rate,646,1.1446395
unodc_homicide_rate,647,1.1456051
unodc_homicide_rate,648,1.146757
unodc_homicide_rate,649,1.1482453
unodc_homicide_rate,650,1.148819
unodc_homicide_rate,651,1.1503338
unodc_homicide_rate,652,1.1514615
unodc_homicide_rate,653,1.1518548
unodc_homicide_rate,654,1.1548988
unodc_homicide_rate,655,1.1551195
unodc_homicide_rate,656,1.1604514
unodc_homicide_rate,657,1.1610724
unodc_homicide_rate,658,1.1636041
unodc_homicide_rate,659,1.1657988
unodc_homicide_rate,660,1.1690097
unodc_homicide_rate,661,1.1713567
unodc_homicide_rate,662,1.171705
unodc_homicide_rate,663,1.1721711
unodc_homicide_rate,664,1.1731076
unodc_homicide_rate,665,1.1755048
unodc_homicide_rate,666,1.1769247
unodc_homicide_rate,667,1.1783738
unodc_homicide_rate,668,1.180417
unodc_homicide_rate,669,1.1844496
unodc_homicide_rate,670,1.1845862
unodc_homicide_rate,671,1.1847116
unodc_homicide_rate,672,1.1850798
unodc_homicide_rate,673,1.1883047
unodc_homicide_rate,674,1.1898842
unodc_homicide_rate,675,1.1915652
unodc_homicide_rate,676,1.1962724
unodc_homicide_rate,677,1.1966708
unodc_homicide_rate,678,1.1968622
unodc_homicide_rate,679,1.1973977
unodc_homicide_rate,680,1.197641
unodc_homicide_rate,681,1.1976837
unodc_homicide_rate,682,1.1987653
unodc_homicide_rate,683,1.1998765
unodc_homicide_rate,684,1.201285
unodc_homicide_rate,685,1.2020398
unodc_homicide_rate,686,1.2034241
unodc_homicide_rate,687,1.2067516
unodc_homicide_rate,688,1.2073629
unodc_homicide_rate,689,1.2092731
unodc_homicide_rate,690,1.21188
unodc_homicide_rate,691,1.2120311
unodc_homicide_rate,692,1.2133436
unodc_homicide_rate,693,1.2145978
unodc_homicide_rate,694,1.2157818
unodc_homicide_rate,695,1.2158043
unodc_homicide_rate,696,1.2160146
unodc_homicide_rate,697,1.216325
unodc_homicide_rate,698,1.2169195
unodc_homicide_rate,699,1.2188582
unodc_homicide_rate,700,1.2213047
unodc_homicide_rate,701,1.2218499
unodc_homicide_rate,702,1.223882
unodc_homicide_rate,703,1.2242533
unodc_homicide_rate,704,1.2244617
unodc_homicide_rate,705,1.2249603
unodc_homicide_rate,706,1.2252669
unodc_homicide_rate,707,1.2274616
unodc_homicide_rate,708,1.2300107
unodc_homicide_rate,709,1.2308863
unodc_homicide_rate,710,1.2315339
unodc_homicide_rate,711,1.2387328
unodc_homicide_rate,712,1.2389351
unodc_homicide_rate,713,1.2453916
unodc_homicide_rate,714,1.2495389
unodc_homicide_rate,715,1.2504257
unodc_homicide_rate,716,1.2511832
unodc_homicide_rate,717,1.2514187
unodc_homicide_rate,718,1.2538316
unodc_homicide_rate,719,1.2551768
unodc_homicide_rate,720,1.2554053
unodc_homicide_rate,721,1.2569172
unodc_homicide_rate,722,1.2615739
unodc_homicide_rate,723,1.2623929
unodc_homicide_rate,724,1.2632512
unodc_homicide_rate,725,1.2676536
unodc_homicide_rate,726,1.2696977
unodc_homicide_rate,727,1.2724456
unodc_homicide_rate,728,1.2739351
unodc_homicide_rate,729,1.2754374
unodc_homicide_rate,730,1.2756487
unodc_homicide_rate,731,1.2762085
unodc_homicide_rate,732,1.2813398
unodc_homicide_rate,733,1.2820544
unodc_homicide_rate,734,1.2853478
unodc_homicide_rate,735,1.285628
unodc_homicide_rate,736,1.2886885
unodc_homicide_rate,737,1.2901311
unodc_homicide_rate,738,1.2941265
unodc_homicide_rate,739,1.2950203
unodc_homicide_rate,740,1.295113
unodc_homicide_rate,741,1.2957087
unodc_homicide_rate,742,1.2978069
unodc_homicide_rate,743,1.2985842
unodc_homicide_rate,744,1.2995609
unodc_homicide_rate,745,1.300006
unodc_homicide_rate,746,1.3018428
unodc_homicide_rate,747,1.3022674
unodc_homicide_rate,748,1.3032873
unodc_homicide_rate,749,1.309656
unodc_homicide_rate,750,1.3111748
unodc_homicide_rate,751,1.3115252
unodc_homicide_rate,752,1.314002
unodc_homicide_rate,753,1.326782
unodc_homicide_rate,754,1.3295833
unodc_homicide_rate,755,1.3350629
unodc_homicide_rate,756,1.3363123
unodc_homicide_rate,757,1.3368517
unodc_homicide_rate,758,1.3398286
unodc_homicide_rate,759,1.3399129
unodc_homicide_rate,760,1.3416826
unodc_homicide_rate,761,1.3430868
unodc_homicide_rate,762,1.3465638
unodc_homicide_rate,763,1.3478127
unodc_homicide_rate,764,1.3478885
unodc_homicide_rate,765,1.3487028
unodc_homicide_rate,766,1.3508128
unodc_homicide_rate,767,1.3626943
unodc_homicide_rate,768,1.3629813
unodc_homicide_rate,769,1.3636012
unodc_homicide_rate,770,1.3638322
unodc_homicide_rate,771,1.3643339
unodc_homicide_rate,772,1.364703
unodc_homicide_rate,773,1.3674886
unodc_homicide_rate,774,1.3683747
unodc_homicide_rate,775,1.3768971
unodc_homicide_rate,776,1.3779763
unodc_homicide_rate,777,1.3782011
unodc_homicide_rate,778,1.3809469
unodc_homicide_rate,779,1.3828863
unodc_homicide_rate,780,1.3870834
unodc_homicide_rate,781,1.3876371
unodc_homicide_rate,782,1.3891021
unodc_homicide_rate,783,1.3892517
unodc_homicide_rate,784,1.3898085
unodc_homicide_rate,785,1.3932908
unodc_homicide_rate,786,1.3943354
unodc_homicide_rate,787,1.3950256
unodc_homicide_rate,788,1.3965716
unodc_homicide_rate,789,1.3987976
unodc_homicide_rate,790,1.4025918
unodc_homicide_rate,791,1.4119321
unodc_homicide_rate,792,1.4166032
unodc_homicide_rate,793,1.42031
unodc_homicide_rate,794,1.4225857
unodc_homicide_rate,795,1.4230006
unodc_homicide_rate,796,1.425007
unodc_homicide_rate,797,1.4260927
unodc_homicide_rate,798,1.4282206
unodc_homicide_rate,799,1.4304821
unodc_homicide_rate,800,1.4320868
unodc_homicide_rate,801,1.433194
unodc_homicide_rate,802,1.4344275
unodc_homicide_rate,803,1.4365305
unodc_homicide_rate,804,1.4395913
unodc_homicide_rate,805,1.4414765
unodc_homicide_rate,806,1.4416622
unodc_homicide_rate,807,1.4421947
unodc_homicide_rate,808,1.4445603
unodc_homicide_rate,809,1.4484484
unodc_homicide_rate,810,1.4490161
unodc_homicide_rate,811,1.4524064
unodc_homicide_rate,812,1.4556997
unodc_homicide_rate,813,1.4570979
unodc_homicide_rate,814,1.4575135
unodc_homicide_rate,815,1.4576174
unodc_homicide_rate,816,1.4577733
unodc_homicide_rate,817,1.4614942
unodc_homicide_rate,818,1.4641609
unodc_homicide_rate,819,1.4669238
unodc_homicide_rate,820,1.468748
unodc_homicide_rate,821,1.4692488
unodc_homicide_rate,822,1.4702672
unodc_homicide_rate,823,1.4705831
unodc_homicide_rate,824,1.4717499
unodc_homicide_rate,825,1.4717515
unodc_homicide_rate,826,1.473301
unodc_homicide_rate,827,1.4752092
unodc_homicide_rate,828,1.4790584
unodc_homicide_rate,829,1.4803035
unodc_homicide_rate,830,1.4803348
unodc_homicide_rate,831,1.481381
unodc_homicide_rate,832,1.4849432
unodc_homicide_rate,833,1.4873427
unodc_homicide_rate,834,1.4901448
unodc_homicide_rate,835,1.4957224
unodc_homicide_rate,836,1.4964275
unodc_homicide_rate,837,1.5004269
unodc_homicide_rate,838,1.5017837
unodc_homicide_rate,839,1.502494
unodc_homicide_rate,840,1.5072125
unodc_homicide_rate,841,1.5146008
unodc_homicide_rate,842,1.5250143
unodc_homicide_rate,843,1.5250577
unodc_homicide_rate,844,1.5276401
unodc_homicide_rate,845,1.5285499
unodc_homicide_rate,846,1.5306611
unodc_homicide_rate,847,1.5347693
unodc_homicide_rate,848,1.5350128
unodc_homicide_rate,849,1.5359905
unodc_homicide_rate,850,1.5448903
unodc_homicide_rate,851,1.5472479
unodc_homicide_rate,852,1.5505058
unodc_homicide_rate,853,1.5526875
unodc_homicide_rate,854,1.5563623
unodc_homicide_rate,855,1.5565815
unodc_homicide_rate,856,1.5572313
unodc_homicide_rate,857,1.5576286
unodc_homicide_rate,858,1.5589297
unodc_homicide_rate,859,1.5720516
unodc_homicide_rate,860,1.5762831
unodc_homicide_rate,861,1.5792736
unodc_homicide_rate,862,1.5820694
unodc_homicide_rate,863,1.583772
unodc_homicide_rate,864,1.5854633
unodc_homicide_rate,865,1.5905193
unodc_homicide_rate,866,1.5944778
unodc_homicide_rate,867,1.5954351
unodc_homicide_rate,868,1.5972148
unodc_homicide_rate,869,1.5987743
unodc_homicide_rate,870,1.6102678
unodc_homicide_rate,871,1.6112247
unodc_homicide_rate,872,1.6183976
unodc_homicide_rate,873,1.6199899
unodc_homicide_rate,874,1.6202685
unodc_homicide_rate,875,1.6209947
unodc_homicide_rate,876,1.6250405
unodc_homicide_rate,877,1.6256342
unodc_homicide_rate,878,1.6258106
unodc_homicide_rate,879,1.6260287
unodc_homicide_rate,880,1.6263092
unodc_homicide_rate,881,1.6264447
unodc_homicide_rate,882,1.62759
unodc_homicide_rate,883,1.6278228
unodc_homicide_rate,884,1.6288027
unodc_homicide_rate,885,1.6292945
unodc_homicide_rate,886,1.6319824
unodc_homicide_rate,887,1.6327202
unodc_homicide_rate,888,1.6334947
unodc_homicide_rate,889,1.6337867
unodc_homicide_rate,890,1.6338809
unodc_homicide_rate,891,1.6346085
unodc_homicide_rate,892,1.6350548
unodc_homicide_rate,893,1.6360236
unodc_homicide_rate,894,1.6363143
unodc_homicide_rate,895,1.6402013
unodc_homicide_rate,896,1.6404903
unodc_homicide_rate,897,1.6438949
unodc_homicide_rate,898,1.6444811
unodc_homicide_rate,899,1.6455635
unodc_homicide_rate,900,1.6455638
unodc_homicide_rate,901,1.650639
unodc_homicide_rate,902,1.6509908
unodc_homicide_rate,903,1.6555464
unodc_homicide_rate,904,1.656338
unodc_homicide_rate,905,1.6565263
unodc_homicide_rate,906,1.6577703
unodc_homicide_rate,907,1.6614469
unodc_homicide_rate,908,1.661643
unodc_homicide_rate,909,1.6619691
unodc_homicide_rate,910,1.6630081
unodc_homicide_rate,911,1.6674905
unodc_homicide_rate,912,1.6703832
unodc_homicide_rate,913,1.6719254
unodc_homicide_rate,914,1.6824881
unodc_homicide_rate,915,1.6876546
unodc_homicide_rate,916,1.6901402
unodc_homicide_rate,917,1.690458
unodc_homicide_rate,918,1.6942881
unodc_homicide_rate,919,1.6944797
unodc_homicide_rate,920,1.6960062
unodc_homicide_rate,921,1.6971123
unodc_homicide_rate,922,1.6975479
unodc_homicide_rate,923,1.6985357
unodc_homicide_rate,924,1.6990045
unodc_homicide_rate,925,1.7001535
unodc_homicide_rate,926,1.7050047
unodc_homicide_rate,927,1.706002
unodc_homicide_rate,928,1.7125322
unodc_homicide_rate,929,1.7126822
unodc_homicide_rate,930,1.71463
unodc_homicide_rate,931,1.7165681
unodc_homicide_rate,932,1.7167711
unodc_homicide_rate,933,1.7174346
unodc_homicide_rate,934,1.7179173
unodc_homicide_rate,935,1.7182341
unodc_homicide_rate,936,1.7227765
unodc_homicide_rate,937,1.7233734
unodc_homicide_rate,938,1.7249064
unodc_homicide_rate,939,1.7296871
unodc_homicide_rate,940,1.731353
unodc_homicide_rate,941,1.7344115
unodc_homicide_rate,942,1.7404771
unodc_homicide_rate,943,1.7407413
unodc_homicide_rate,944,1.7453701
unodc_homicide_rate,945,1.7481215
unodc_homicide_rate,946,1.7506006
unodc_homicide_rate,947,1.7515612
unodc_homicide_rate,948,1.7518977
unodc_homicide_rate,949,1.752827
unodc_homicide_rate,950,1.7541351
unodc_homicide_rate,951,1.7541918
unodc_homicide_rate,952,1.7551677
unodc_homicide_rate,953,1.7554817
unodc_homicide_rate,954,1.7594947
unodc_homicide_rate,955,1.7619505
unodc_homicide_rate,956,1.7623847
unodc_homicide_rate,957,1.7706108
unodc_homicide_rate,958,1.7731998
unodc_homicide_rate,959,1.7750366
unodc_homicide_rate,960,1.7753447
unodc_homicide_rate,961,1.7759867
unodc_homicide_rate,962,1.7784007
unodc_homicide_rate,963,1.7821182
unodc_homicide_rate,964,1.7847812
unodc_homicide_rate,965,1.7872226
unodc_homicide_rate,966,1.7881399
unodc_homicide_rate,967,1.7894338
unodc_homicide_rate,968,1.7957261
unodc_homicide_rate,969,1.7994397
unodc_homicide_rate,970,1.8015692
unodc_homicide_rate,971,1.8033268
unodc_homicide_rate,972,1.8040521
unodc_homicide_rate,973,1.8063948
unodc_homicide_rate,974,1.8066481
unodc_homicide_rate,975,1.8069901
unodc_homicide_rate,976,1.8159416
unodc_homicide_rate,977,1.8174312
unodc_homicide_rate,978,1.8203326
unodc_homicide_rate,979,1.8235747
unodc_homicide_rate,980,1.8257494
unodc_homicide_rate,981,1.8266771
unodc_homicide_rate,982,1.8279755
unodc_homicide_rate,983,1.829519
unodc_homicide_rate,984,1.8299941
unodc_homicide_rate,985,1.8311177
unodc_homicide_rate,986,1.8329855
unodc_homicide_rate,987,1.8347406
unodc_homicide_rate,988,1.8356256
unodc_homicide_rate,989,1.8543197
unodc_homicide_rate,990,1.8559688
unodc_homicide_rate,991,1.8573705
unodc_homicide_rate,992,1.8592631
unodc_homicide_rate,993,1.8700986
unodc_homicide_rate,994,1.8781159
unodc_homicide_rate,995,1.881782
unodc_homicide_rate,996,1.8832905
unodc_homicide_rate,997,1.8844368
unodc_homicide_rate,998,1.8877687
unodc_homicide_rate,999,1.8946017
unodc_homicide_rate,1000,1.8949775
unodc_homicide_rate,1001,1.8982881
unodc_homicide_rate,1002,1.9029628
unodc_homicide_rate,1003,1.9103432
unodc_homicide_rate,1004,1.9105599
unodc_homicide_rate,1005,1.9234776
unodc_homicide_rate,1006,1.9270157
unodc_homicide_rate,1007,1.9292492
unodc_homicide_rate,1008,1.9302197
unodc_homicide_rate,1009,1.9344902
unodc_homicide_rate,1010,1.9347506
unodc_homicide_rate,1011,1.9364092
unodc_homicide_rate,1012,1.9375207
unodc_homicide_rate,1013,1.9389713
unodc_homicide_rate,1014,1.9498264
unodc_homicide_rate,1015,1.9523191
unodc_homicide_rate,1016,1.9532582
unodc_homicide_rate,1017,1.9595703
unodc_homicide_rate,1018,1.9621935
unodc_homicide_rate,1019,1.9656155
unodc_homicide_rate,1020,1.9676021
unodc_homicide_rate,1021,1.9707929
unodc_homicide_rate,1022,1.9796889
unodc_homicide_rate,1023,1.9805706
unodc_homicide_rate,1024,1.9898896
unodc_homicide_rate,1025,1.9929228
unodc_homicide_rate,1026,1.9946824
unodc_homicide_rate,1027,1.9983081
unodc_homicide_rate,1028,2.0012128
unodc_homicide_rate,1029,2.003202
unodc_homicide_rate,1030,2.004092
unodc_homicide_rate,1031,2.011963
unodc_homicide_rate,1032,2.0164518
unodc_homicide_rate,1033,2.0173182
unodc_homicide_rate,1034,2.028065
unodc_homicide_rate,1035,2.029435
unodc_homicide_rate,1036,2.029476
unodc_homicide_rate,1037,2.0384786
unodc_homicide_rate,1038,2.041164
unodc_homicide_rate,1039,2.0414824
unodc_homicide_rate,1040,2.044506
unodc_homicide_rate,1041,2.0468447
unodc_homicide_rate,1042,2.0521011
unodc_homicide_rate,1043,2.0559533
unodc_homicide_rate,1044,2.0590117
unodc_homicide_rate,1045,2.0593867
unodc_homicide_rate,1046,2.06175
unodc_homicide_rate,1047,2.0629463
unodc_homicide_rate,1048,2.0733123
unodc_homicide_rate,1049,2.073438
unodc_homicide_rate,1050,2.073977
unodc_homicide_rate,1051,2.076845
unodc_homicide_rate,1052,2.0779297
unodc_homicide_rate,1053,2.0815063
unodc_homicide_rate,1054,2.0830052
unodc_homicide_rate,1055,2.0946898
unodc_homicide_rate,1056,2.0960221
unodc_homicide_rate,1057,2.0990927
unodc_homicide_rate,1058,2.112575
unodc_homicide_rate,1059,2.1180599
unodc_homicide_rate,1060,2.1239898
unodc_homicide_rate,1061,2.1300414
unodc_homicide_rate,1062,2.134771
unodc_homicide_rate,1063,2.1408398
unodc_homicide_rate,1064,2.146904
unodc_homicide_rate,1065,2.1470172
unodc_homicide_rate,1066,2.1492524
unodc_homicide_rate,1067,2.1509116
unodc_homicide_rate,1068,2.1543953
unodc_homicide_rate,1069,2.154645
unodc_homicide_rate,1070,2.1556754
unodc_homicide_rate,1071,2.1569297
unodc_homicide_rate,1072,2.1612282
unodc_homicide_rate,1073,2.1634703
unodc_homicide_rate,1074,2.1653926
unodc_homicide_rate,1075,2.1659038
unodc_homicide_rate,1076,2.17194
unodc_homicide_rate,1077,2.1796358
unodc_homicide_rate,1078,2.1826994
unodc_homicide_rate,1079,2.185987
unodc_homicide_rate,1080,2.1882265
unodc_homicide_rate,1081,2.190608
unodc_homicide_rate,1082,2.1964483
unodc_homicide_rate,1083,2.1967907
unodc_homicide_rate,1084,2.2001173
unodc_homicide_rate,1085,2.2003374
unodc_homicide_rate,1086,2.2012646
unodc_homicide_rate,1087,2.201765
unodc_homicide_rate,1088,2.207082
unodc_homicide_rate,1089,2.2079382
unodc_homicide_rate,1090,2.2083356
unodc_homicide_rate,1091,2.2142768
unodc_homicide_rate,1092,2.2228725
unodc_homicide_rate,1093,2.2241023
unodc_homicide_rate,1094,2.2243123
unodc_homicide_rate,1095,2.2257628
unodc_homicide_rate,1096,2.2330432
unodc_homicide_rate,1097,2.2355244
unodc_homicide_rate,1098,2.2410805
unodc_homicide_rate,1099,2.2411442
unodc_homicide_rate,1100,2.24467
unodc_homicide_rate,1101,2.246115
unodc_homicide_rate,1102,2.2469668
unodc_homicide_rate,1103,2.2476723
unodc_homicide_rate,1104,2.2490957
unodc_homicide_rate,1105,2.2521412
unodc_homicide_rate,1106,2.2530255
unodc_homicide_rate,1107,2.2562594
unodc_homicide_rate,1108,2.2596738
unodc_homicide_rate,1109,2.2672398
unodc_homicide_rate,1110,2.2683594
unodc_homicide_rate,1111,2.2712202
unodc_homicide_rate,1112,2.271951
unodc_homicide_rate,1113,2.2724967
unodc_homicide_rate,1114,2.2734838
unodc_homicide_rate,1115,2.2795656
unodc_homicide_rate,1116,2.2803977
unodc_homicide_rate,1117,2.2803986
unodc_homicide_rate,1118,2.2821918
unodc_homicide_rate,1119,2.2825017
unodc_homicide_rate,1120,2.2826443
unodc_homicide_rate,1121,2.2848427
unodc_homicide_rate,1122,2.2851832
unodc_homicide_rate,1123,2.285521
unodc_homicide_rate,1124,2.2962177
unodc_homicide_rate,1125,2.3055153
unodc_homicide_rate,1126,2.3097887
unodc_homicide_rate,1127,2.3160856
unodc_homicide_rate,1128,2.3184452
unodc_homicide_rate,1129,2.321635
unodc_homicide_rate,1130,2.3252366
unodc_homicide_rate,1131,2.3306973
unodc_homicide_rate,1132,2.3315852
unodc_homicide_rate,1133,2.3329723
unodc_homicide_rate,1134,2.3331645
unodc_homicide_rate,1135,2.3378167
unodc_homicide_rate,1136,2.3389676
unodc_homicide_rate,1137,2.3421767
unodc_homicide_rate,1138,2.345267
unodc_homicide_rate,1139,2.346892
unodc_homicide_rate,1140,2.3525786
unodc_homicide_rate,1141,2.3571076
unodc_homicide_rate,1142,2.3608503
unodc_homicide_rate,1143,2.3638258
unodc_homicide_rate,1144,2.3653512
unodc_homicide_rate,1145,2.3690171
unodc_homicide_rate,1146,2.36952
unodc_homicide_rate,1147,2.3715086
unodc_homicide_rate,1148,2.3730855
unodc_homicide_rate,1149,2.3754005
unodc_homicide_rate,1150,2.3769484
unodc_homicide_rate,1151,2.3784847
unodc_homicide_rate,1152,2.3839583
unodc_homicide_rate,1153,2.3846316
unodc_homicide_rate,1154,2.3942132
unodc_homicide_rate,1155,2.395801
unodc_homicide_rate,1156,2.3992455
unodc_homicide_rate,1157,2.4014022
unodc_homicide_rate,1158,2.401782
unodc_homicide_rate,1159,2.406632
unodc_homicide_rate,1160,2.4149048
unodc_homicide_rate,1161,2.414959
unodc_homicide_rate,1162,2.4189014
unodc_homicide_rate,1163,2.418912
unodc_homicide_rate,1164,2.4197233
unodc_homicide_rate,1165,2.4269147
unodc_homicide_rate,1166,2.4287865
unodc_homicide_rate,1167,2.4344614
unodc_homicide_rate,1168,2.4391582
unodc_homicide_rate,1169,2.4449353
unodc_homicide_rate,1170,2.4503853
unodc_homicide_rate,1171,2.4518318
unodc_homicide_rate,1172,2.463061
unodc_homicide_rate,1173,2.4637098
unodc_homicide_rate,1174,2.4671178
unodc_homicide_rate,1175,2.4675133
unodc_homicide_rate,1176,2.4708953
unodc_homicide_rate,1177,2.472283
unodc_homicide_rate,1178,2.4772935
unodc_homicide_rate,1179,2.4821064
unodc_homicide_rate,1180,2.4838426
unodc_homicide_rate,1181,2.4840586
unodc_homicide_rate,1182,2.4878194
unodc_homicide_rate,1183,2.4890523
unodc_homicide_rate,1184,2.4903681
unodc_homicide_rate,1185,2.4968178
unodc_homicide_rate,1186,2.4975126
unodc_homicide_rate,1187,2.5031161
unodc_homicide_rate,1188,2.5078866
unodc_homicide_rate,1189,2.5118136
unodc_homicide_rate,1190,2.5137987
unodc_homicide_rate,1191,2.5171773
unodc_homicide_rate,1192,2.527436
unodc_homicide_rate,1193,2.5300522
unodc_homicide_rate,1194,2.5316348
unodc_homicide_rate,1195,2.5331194
unodc_homicide_rate,1196,2.5352318
unodc_homicide_rate,1197,2.5431437
unodc_homicide_rate,1198,2.548491
unodc_homicide_rate,1199,2.5505862
unodc_homicide_rate,1200,2.5521777
unodc_homicide_rate,1201,2.5568414
unodc_homicide_rate,1202,2.5599422
unodc_homicide_rate,1203,2.5664282
unodc_homicide_rate,1204,2.567458
unodc_homicide_rate,1205,2.572679
unodc_homicide_rate,1206,2.5751011
unodc_homicide_rate,1207,2.5765011
unodc_homicide_rate,1208,2.5795135
unodc_homicide_rate,1209,2.5821812
unodc_homicide_rate,1210,2.5846472
unodc_homicide_rate,1211,2.585195
unodc_homicide_rate,1212,2.5860782
unodc_homicide_rate,1213,2.5883927
unodc_homicide_rate,1214,2.5943546
unodc_homicide_rate,1215,2.6002173
unodc_homicide_rate,1216,2.6014569
unodc_homicide_rate,1217,2.603118
unodc_homicide_rate,1218,2.6065898
unodc_homicide_rate,1219,2.6091352
unodc_homicide_rate,1220,2.6103241
unodc_homicide_rate,1221,2.6145163
unodc_homicide_rate,1222,2.6194358
unodc_homicide_rate,1223,2.6202023
unodc_homicide_rate,1224,2.6212268
unodc_homicide_rate,1225,2.622563
unodc_homicide_rate,1226,2.62271
unodc_homicide_rate,1227,2.6272528
unodc_homicide_rate,1228,2.6277995
unodc_homicide_rate,1229,2.6418073
unodc_homicide_rate,1230,2.641973
unodc_homicide_rate,1231,2.6529937
unodc_homicide_rate,1232,2.6558826
unodc_homicide_rate,1233,2.656516
unodc_homicide_rate,1234,2.6570315
unodc_homicide_rate,1235,2.6823425
unodc_homicide_rate,1236,2.6833348
unodc_homicide_rate,1237,2.6908846
unodc_homicide_rate,1238,2.7063816
unodc_homicide_rate,1239,2.7111113
unodc_homicide_rate,1240,2.7147493
unodc_homicide_rate,1241,2.7255015
unodc_homicide_rate,1242,2.7261436
unodc_homicide_rate,1243,2.727507
unodc_homicide_rate,1244,2.7422228
unodc_homicide_rate,1245,2.742278
unodc_homicide_rate,1246,2.748823
unodc_homicide_rate,1247,2.772646
unodc_homicide_rate,1248,2.7777648
unodc_homicide_rate,1249,2.7778935
unodc_homicide_rate,1250,2.7932532
unodc_homicide_rate,1251,2.7963784
unodc_homicide_rate,1252,2.8063023
unodc_homicide_rate,1253,2.8064523
unodc_homicide_rate,1254,2.8113027
unodc_homicide_rate,1255,2.8128703
unodc_homicide_rate,1256,2.8153043
unodc_homicide_rate,1257,2.820436
unodc_homicide_rate,1258,2.8213918
unodc_homicide_rate,1259,2.8392322
unodc_homicide_rate,1260,2.8455124
unodc_homicide_rate,1261,2.8464916
unodc_homicide_rate,1262,2.8575964
unodc_homicide_rate,1263,2.870187
unodc_homicide_rate,1264,2.8708131
unodc_homicide_rate,1265,2.8742743
unodc_homicide_rate,1266,2.8813674
unodc_homicide_rate,1267,2.8855991
unodc_homicide_rate,1268,2.8963346
unodc_homicide_rate,1269,2.897022
unodc_homicide_rate,1270,2.8980992
unodc_homicide_rate,1271,2.9044807
unodc_homicide_rate,1272,2.9224923
unodc_homicide_rate,1273,2.9277072
unodc_homicide_rate,1274,2.9327605
unodc_homicide_rate,1275,2.9329596
unodc_homicide_rate,1276,2.9352973
unodc_homicide_rate,1277,2.9499717
unodc_homicide_rate,1278,2.950939
unodc_homicide_rate,1279,2.9608428
unodc_homicide_rate,1280,2.9632273
unodc_homicide_rate,1281,2.9632318
unodc_homicide_rate,1282,2.9661758
unodc_homicide_rate,1283,2.9672952
unodc_homicide_rate,1284,2.9705765
unodc_homicide_rate,1285,2.971136
unodc_homicide_rate,1286,2.9734526
unodc_homicide_rate,1287,2.9806848
unodc_homicide_rate,1288,2.996856
unodc_homicide_rate,1289,3.0089123
unodc_homicide_rate,1290,3.0100448
unodc_homicide_rate,1291,3.0155373
unodc_homicide_rate,1292,3.0223408
unodc_homicide_rate,1293,3.0223925
unodc_homicide_rate,1294,3.0229313
unodc_homicide_rate,1295,3.0261993
unodc_homicide_rate,1296,3.027113
unodc_homicide_rate,1297,3.0299149
unodc_homicide_rate,1298,3.0301738
unodc_homicide_rate,1299,3.0403867
unodc_homicide_rate,1300,3.058363
unodc_homicide_rate,1301,3.0766573
unodc_homicide_rate,1302,3.077955
unodc_homicide_rate,1303,3.0870948
unodc_homicide_rate,1304,3.0994468
unodc_homicide_rate,1305,3.106008
unodc_homicide_rate,1306,3.1073225
unodc_homicide_rate,1307,3.1098213
unodc_homicide_rate,1308,3.110545
unodc_homicide_rate,1309,3.1139286
unodc_homicide_rate,1310,3.1191707
unodc_homicide_rate,1311,3.121436
unodc_homicide_rate,1312,3.1250556
unodc_homicide_rate,1313,3.1355078
unodc_homicide_rate,1314,3.1394079
unodc_homicide_rate,1315,3.1408587
unodc_homicide_rate,1316,3.1435506
unodc_homicide_rate,1317,3.1487422
unodc_homicide_rate,1318,3.14894
unodc_homicide_rate,1319,3.1586797
unodc_homicide_rate,1320,3.1621535
unodc_homicide_rate,1321,3.167687
unodc_homicide_rate,1322,3.1782088
unodc_homicide_rate,1323,3.189233
unodc_homicide_rate,1324,3.1932797
unodc_homicide_rate,1325,3.1965115
unodc_homicide_rate,1326,3.2002048
unodc_homicide_rate,1327,3.209389
unodc_homicide_rate,1328,3.2248347
unodc_homicide_rate,1329,3.2278948
unodc_homicide_rate,1330,3.2317162
unodc_homicide_rate,1331,3.2318966
unodc_homicide_rate,1332,3.2318976
unodc_homicide_rate,1333,3.2333007
unodc_homicide_rate,1334,3.236176
unodc_homicide_rate,1335,3.277038
unodc_homicide_rate,1336,3.282809
unodc_homicide_rate,1337,3.283587
unodc_homicide_rate,1338,3.288816
unodc_homicide_rate,1339,3.2931406
unodc_homicide_rate,1340,3.29669
unodc_homicide_rate,1341,3.3002937
unodc_homicide_rate,1342,3.3049233
unodc_homicide_rate,1343,3.3090987
unodc_homicide_rate,1344,3.3109403
unodc_homicide_rate,1345,3.3116117
unodc_homicide_rate,1346,3.319174
unodc_homicide_rate,1347,3.3204863
unodc_homicide_rate,1348,3.3335314
unodc_homicide_rate,1349,3.337203
unodc_homicide_rate,1350,3.3412788
unodc_homicide_rate,1351,3.3534665
unodc_homicide_rate,1352,3.3554814
unodc_homicide_rate,1353,3.3630786
unodc_homicide_rate,1354,3.3874876
unodc_homicide_rate,1355,3.390062
unodc_homicide_rate,1356,3.3940575
unodc_homicide_rate,1357,3.3955626
unodc_homicide_rate,1358,3.407744
unodc_homicide_rate,1359,3.423157
unodc_homicide_rate,1360,3.4303856
unodc_homicide_rate,1361,3.436175
unodc_homicide_rate,1362,3.440423
unodc_homicide_rate,1363,3.4525967
unodc_homicide_rate,1364,3.45992
unodc_homicide_rate,1365,3.472257
unodc_homicide_rate,1366,3.4735007
unodc_homicide_rate,1367,3.4754522
unodc_homicide_rate,1368,3.484213
unodc_homicide_rate,1369,3.4918964
unodc_homicide_rate,1370,3.4936528
unodc_homicide_rate,1371,3.501612
unodc_homicide_rate,1372,3.5072424
unodc_homicide_rate,1373,3.5184283
unodc_homicide_rate,1374,3.5206542
unodc_homicide_rate,1375,3.5231993
unodc_homicide_rate,1376,3.5344276
unodc_homicide_rate,1377,3.5404348
unodc_homicide_rate,1378,3.5531652
unodc_homicide_rate,1379,3.5601206
unodc_homicide_rate,1380,3.5618157
unodc_homicide_rate,1381,3.5689113
unodc_homicide_rate,1382,3.5689626
unodc_homicide_rate,1383,3.5737662
unodc_homicide_rate,1384,3.576005
unodc_homicide_rate,1385,3.589259
unodc_homicide_rate,1386,3.5899978
unodc_homicide_rate,1387,3.592912
unodc_homicide_rate,1388,3.5955322
unodc_homicide_rate,1389,3.6017864
unodc_homicide_rate,1390,3.6086888
unodc_homicide_rate,1391,3.6124742
unodc_homicide_rate,1392,3.6126075
unodc_homicide_rate,1393,3.6221154
unodc_homicide_rate,1394,3.631534
unodc_homicide_rate,1395,3.654374
unodc_homicide_rate,1396,3.6653225
unodc_homicide_rate,1397,3.6704657
unodc_homicide_rate,1398,3.6754618
unodc_homicide_rate,1399,3.6773775
unodc_homicide_rate,1400,3.6797173
unodc_homicide_rate,1401,3.6820333
unodc_homicide_rate,1402,3.688294
unodc_homicide_rate,1403,3.6949105
unodc_homicide_rate,1404,3.7037623
unodc_homicide_rate,1405,3.705301
unodc_homicide_rate,1406,3.7130637
unodc_homicide_rate,1407,3.7154694
unodc_homicide_rate,1408,3.7165554
unodc_homicide_rate,1409,3.7343502
unodc_homicide_rate,1410,3.7362838
unodc_homicide_rate,1411,3.7376192
unodc_homicide_rate,1412,3.739133
unodc_homicide_rate,1413,3.749213
unodc_homicide_rate,1414,3.760219
unodc_homicide_rate,1415,3.7660286
unodc_homicide_rate,1416,3.768347
unodc_homicide_rate,1417,3.7766397
unodc_homicide_rate,1418,3.77728
unodc_homicide_rate,1419,3.7813196
unodc_homicide_rate,1420,3.782385
unodc_homicide_rate,1421,3.7853336
unodc_homicide_rate,1422,3.7865722
unodc_homicide_rate,1423,3.7924008
unodc_homicide_rate,1424,3.8003569
unodc_homicide_rate,1425,3.8044744
unodc_homicide_rate,1426,3.8080819
unodc_homicide_rate,1427,3.8097684
unodc_homicide_rate,1428,3.8141007
unodc_homicide_rate,1429,3.8183067
unodc_homicide_rate,1430,3.833388
unodc_homicide_rate,1431,3.8518085
unodc_homicide_rate,1432,3.8684673
unodc_homicide_rate,1433,3.8874729
unodc_homicide_rate,1434,3.902763
unodc_homicide_rate,1435,3.9054234
unodc_homicide_rate,1436,3.9155035
unodc_homicide_rate,1437,3.9306824
unodc_homicide_rate,1438,3.9376168
unodc_homicide_rate,1439,3.9456127
unodc_homicide_rate,1440,3.9882307
unodc_homicide_rate,1441,3.9934235
unodc_homicide_rate,1442,3.995465
unodc_homicide_rate,1443,4.0158467
unodc_homicide_rate,1444,4.018364
unodc_homicide_rate,1445,4.0251975
unodc_homicide_rate,1446,4.0324583
unodc_homicide_rate,1447,4.0393634
unodc_homicide_rate,1448,4.0482717
unodc_homicide_rate,1449,4.05955
unodc_homicide_rate,1450,4.063206
unodc_homicide_rate,1451,4.065454
unodc_homicide_rate,1452,4.065946
unodc_homicide_rate,1453,4.067574
unodc_homicide_rate,1454,4.0775433
unodc_homicide_rate,1455,4.0982666
unodc_homicide_rate,1456,4.1077375
unodc_homicide_rate,1457,4.1090384
unodc_homicide_rate,1458,4.1244917
unodc_homicide_rate,1459,4.1270633
unodc_homicide_rate,1460,4.161037
unodc_homicide_rate,1461,4.1696825
unodc_homicide_rate,1462,4.1728597
unodc_homicide_rate,1463,4.1774163
unodc_homicide_rate,1464,4.1778703
unodc_homicide_rate,1465,4.1945353
unodc_homicide_rate,1466,4.1974545
unodc_homicide_rate,1467,4.225166
unodc_homicide_rate,1468,4.228832
unodc_homicide_rate,1469,4.2582774
unodc_homicide_rate,1470,4.2588015
unodc_homicide_rate,1471,4.264726
unodc_homicide_rate,1472,4.276755
unodc_homicide_rate,1473,4.279318
unodc_homicide_rate,1474,4.2849493
unodc_homicide_rate,1475,4.299457
unodc_homicide_rate,1476,4.300747
unodc_homicide_rate,1477,4.3120246
unodc_homicide_rate,1478,4.326115
unodc_homicide_rate,1479,4.3336945
unodc_homicide_rate,1480,4.334871
unodc_homicide_rate,1481,4.3475914
unodc_homicide_rate,1482,4.3562007
unodc_homicide_rate,1483,4.3577776
unodc_homicide_rate,1484,4.3655767
unodc_homicide_rate,1485,4.3666525
unodc_homicide_rate,1486,4.367798
unodc_homicide_rate,1487,4.3733397
unodc_homicide_rate,1488,4.3835735
unodc_homicide_rate,1489,4.4152217
unodc_homicide_rate,1490,4.4178405
unodc_homicide_rate,1491,4.418433
unodc_homicide_rate,1492,4.428331
unodc_homicide_rate,1493,4.453473
unodc_homicide_rate,1494,4.4631515
unodc_homicide_rate,1495,4.4700513
unodc_homicide_rate,1496,4.4731393
unodc_homicide_rate,1497,4.485393
unodc_homicide_rate,1498,4.4929113
unodc_homicide_rate,1499,4.5110006
unodc_homicide_rate,1500,4.522784
unodc_homicide_rate,1501,4.5512767
unodc_homicide_rate,1502,4.5602384
unodc_homicide_rate,1503,4.5608473
unodc_homicide_rate,1504,4.5859385
unodc_homicide_rate,1505,4.587552
unodc_homicide_rate,1506,4.5948544
unodc_homicide_rate,1507,4.600717
unodc_homicide_rate,1508,4.614723
unodc_homicide_rate,1509,4.6212635
unodc_homicide_rate,1510,4.629967
unodc_homicide_rate,1511,4.632291
unodc_homicide_rate,1512,4.6486044
unodc_homicide_rate,1513,4.6565814
unodc_homicide_rate,1514,4.6675463
unodc_homicide_rate,1515,4.6786623
unodc_homicide_rate,1516,4.6847305
unodc_homicide_rate,1517,4.69348
unodc_homicide_rate,1518,4.7168326
unodc_homicide_rate,1519,4.720446
unodc_homicide_rate,1520,4.7250066
unodc_homicide_rate,1521,4.7328067
unodc_homicide_rate,1522,4.759986
unodc_homicide_rate,1523,4.7611866
unodc_homicide_rate,1524,4.763287
unodc_homicide_rate,1525,4.7670865
unodc_homicide_rate,1526,4.7745233
unodc_homicide_rate,1527,4.7861204
unodc_homicide_rate,1528,4.792253
unodc_homicide_rate,1529,4.7998877
unodc_homicide_rate,1530,4.8015943
unodc_homicide_rate,1531,4.8044205
unodc_homicide_rate,1532,4.808388
unodc_homicide_rate,1533,4.8115253
unodc_homicide_rate,1534,4.8130655
unodc_homicide_rate,1535,4.816453
unodc_homicide_rate,1536,4.833701
unodc_homicide_rate,1537,4.8380666
unodc_homicide_rate,1538,4.850732
unodc_homicide_rate,1539,4.8701963
unodc_homicide_rate,1540,4.8716683
unodc_homicide_rate,1541,4.8772044
unodc_homicide_rate,1542,4.88212
unodc_homicide_rate,1543,4.886937
unodc_homicide_rate,1544,4.8969474
unodc_homicide_rate,1545,4.9056582
unodc_homicide_rate,1546,4.908632
unodc_homicide_rate,1547,4.9297733
unodc_homicide_rate,1548,4.934722
unodc_homicide_rate,1549,4.952391
unodc_homicide_rate,1550,4.964737
unodc_homicide_rate,1551,4.981158
unodc_homicide_rate,1552,4.981921
unodc_homicide_rate,1553,4.984973
unodc_homicide_rate,1554,4.987675
unodc_homicide_rate,1555,4.9992948
unodc_homicide_rate,1556,5.0023375
unodc_homicide_rate,1557,5.0052724
unodc_homicide_rate,1558,5.006243
unodc_homicide_rate,1559,5.0124226
unodc_homicide_rate,1560,5.0174227
unodc_homicide_rate,1561,5.0235434
unodc_homicide_rate,1562,5.0322165
unodc_homicide_rate,1563,5.0551767
unodc_homicide_rate,1564,5.0740094
unodc_homicide_rate,1565,5.0773983
unodc_homicide_rate,1566,5.0792994
unodc_homicide_rate,1567,5.0823703
unodc_homicide_rate,1568,5.0868835
unodc_homicide_rate,1569,5.096482
unodc_homicide_rate,1570,5.1070395
unodc_homicide_rate,1571,5.1122394
unodc_homicide_rate,1572,5.1223598
unodc_homicide_rate,1573,5.122426
unodc_homicide_rate,1574,5.131915
unodc_homicide_rate,1575,5.1623673
unodc_homicide_rate,1576,5.1730795
unodc_homicide_rate,1577,5.1849422
unodc_homicide_rate,1578,5.1902084
unodc_homicide_rate,1579,5.1983833
unodc_homicide_rate,1580,5.2015085
unodc_homicide_rate,1581,5.205827
unodc_homicide_rate,1582,5.222326
unodc_homicide_rate,1583,5.2251787
unodc_homicide_rate,1584,5.2315598
unodc_homicide_rate,1585,5.2321324
unodc_homicide_rate,1586,5.2415023
unodc_homicide_rate,1587,5.2452984
unodc_homicide_rate,1588,5.2537465
unodc_homicide_rate,1589,5.257432
unodc_homicide_rate,1590,5.263537
unodc_homicide_rate,1591,5.2670727
unodc_homicide_rate,1592,5.286949
unodc_homicide_rate,1593,5.28982
unodc_homicide_rate,1594,5.2947435
unodc_homicide_rate,1595,5.3112297
unodc_homicide_rate,1596,5.3164268
unodc_homicide_rate,1597,5.3232317
unodc_homicide_rate,1598,5.3278327
unodc_homicide_rate,1599,5.328127
unodc_homicide_rate,1600,5.329719
unodc_homicide_rate,1601,5.332665
unodc_homicide_rate,1602,5.338722
unodc_homicide_rate,1603,5.34526
unodc_homicide_rate,1604,5.3513136
unodc_homicide_rate,1605,5.3527217
unodc_homicide_rate,1606,5.358591
unodc_homicide_rate,1607,5.3633246
unodc_homicide_rate,1608,5.3654547
unodc_homicide_rate,1609,5.3736477
unodc_homicide_rate,1610,5.382126
unodc_homicide_rate,1611,5.3951817
unodc_homicide_rate,1612,5.3988857
unodc_homicide_rate,1613,5.4091864
unodc_homicide_rate,1614,5.42076
unodc_homicide_rate,1615,5.4359093
unodc_homicide_rate,1616,5.4899907
unodc_homicide_rate,1617,5.4940314
unodc_homicide_rate,1618,5.518002
unodc_homicide_rate,1619,5.5549383
unodc_homicide_rate,1620,5.5616097
unodc_homicide_rate,1621,5.5752754
unodc_homicide_rate,1622,5.580829
unodc_homicide_rate,1623,5.59208
unodc_homicide_rate,1624,5.6047425
unodc_homicide_rate,1625,5.6110425
unodc_homicide_rate,1626,5.6222754
unodc_homicide_rate,1627,5.6302366
unodc_homicide_rate,1628,5.634321
unodc_homicide_rate,1629,5.63941
unodc_homicide_rate,1630,5.649742
unodc_homicide_rate,1631,5.6546926
unodc_homicide_rate,1632,5.664384
unodc_homicide_rate,1633,5.67445
unodc_homicide_rate,1634,5.6834073
unodc_homicide_rate,1635,5.7061343
unodc_homicide_rate,1636,5.721619
unodc_homicide_rate,1637,5.7423873
unodc_homicide_rate,1638,5.749636
unodc_homicide_rate,1639,5.756139
unodc_homicide_rate,1640,5.7634077
unodc_homicide_rate,1641,5.7739778
unodc_homicide_rate,1642,5.782509
unodc_homicide_rate,1643,5.7877555
unodc_homicide_rate,1644,5.7926254
unodc_homicide_rate,1645,5.7941914
unodc_homicide_rate,1646,5.795013
unodc_homicide_rate,1647,5.8097186
unodc_homicide_rate,1648,5.810312
unodc_homicide_rate,1649,5.82861
unodc_homicide_rate,1650,5.830067
unodc_homicide_rate,1651,5.8456707
unodc_homicide_rate,1652,5.8503766
unodc_homicide_rate,1653,5.865306
unodc_homicide_rate,1654,5.876974
unodc_homicide_rate,1655,5.8874364
unodc_homicide_rate,1656,5.915035
unodc_homicide_rate,1657,5.9192696
unodc_homicide_rate,1658,5.925951
unodc_homicide_rate,1659,5.9341693
unodc_homicide_rate,1660,5.965569
unodc_homicide_rate,1661,5.965715
unodc_homicide_rate,1662,5.977367
unodc_homicide_rate,1663,5.979456
unodc_homicide_rate,1664,5.98168
unodc_homicide_rate,1665,6.0171585
unodc_homicide_rate,1666,6.0190997
unodc_homicide_rate,1667,6.029721
unodc_homicide_rate,1668,6.0380006
unodc_homicide_rate,1669,6.0510154
unodc_homicide_rate,1670,6.0546646
unodc_homicide_rate,1671,6.0635357
unodc_homicide_rate,1672,6.072079
unodc_homicide_rate,1673,6.0732226
unodc_homicide_rate,1674,6.140739
unodc_homicide_rate,1675,6.152629
unodc_homicide_rate,1676,6.168267
unodc_homicide_rate,1677,6.1698356
unodc_homicide_rate,1678,6.171578
unodc_homicide_rate,1679,6.1770453
unodc_homicide_rate,1680,6.177341
unodc_homicide_rate,1681,6.1825714
unodc_homicide_rate,1682,6.187443
unodc_homicide_rate,1683,6.1884985
unodc_homicide_rate,1684,6.196076
unodc_homicide_rate,1685,6.2162876
unodc_homicide_rate,1686,6.2203093
unodc_homicide_rate,1687,6.22629
unodc_homicide_rate,1688,6.2295156
unodc_homicide_rate,1689,6.2442055
unodc_homicide_rate,1690,6.256518
unodc_homicide_rate,1691,6.262585
unodc_homicide_rate,1692,6.274787
unodc_homicide_rate,1693,6.2783785
unodc_homicide_rate,1694,6.2805786
unodc_homicide_rate,1695,6.2919087
unodc_homicide_rate,1696,6.296337
unodc_homicide_rate,1697,6.3028355
unodc_homicide_rate,1698,6.3384833
unodc_homicide_rate,1699,6.342599
unodc_homicide_rate,1700,6.348291
unodc_homicide_rate,1701,6.3546557
unodc_homicide_rate,1702,6.3636184
unodc_homicide_rate,1703,6.3673987
unodc_homicide_rate,1704,6.3674784
unodc_homicide_rate,1705,6.3743386
unodc_homicide_rate,1706,6.379403
unodc_homicide_rate,1707,6.3893414
unodc_homicide_rate,1708,6.411969
unodc_homicide_rate,1709,6.418935
unodc_homicide_rate,1710,6.426187
unodc_homicide_rate,1711,6.4319553
unodc_homicide_rate,1712,6.4550934
unodc_homicide_rate,1713,6.4667993
unodc_homicide_rate,1714,6.483157
unodc_homicide_rate,1715,6.5126743
unodc_homicide_rate,1716,6.5194645
unodc_homicide_rate,1717,6.5252876
unodc_homicide_rate,1718,6.528054
unodc_homicide_rate,1719,6.54624
unodc_homicide_rate,1720,6.5481005
unodc_homicide_rate,1721,6.575497
unodc_homicide_rate,1722,6.578109
unodc_homicide_rate,1723,6.5846376
unodc_homicide_rate,1724,6.602898
unodc_homicide_rate,1725,6.609302
unodc_homicide_rate,1726,6.620188
unodc_homicide_rate,1727,6.6375084
unodc_homicide_rate,1728,6.659816
unodc_homicide_rate,1729,6.667401
unodc_homicide_rate,1730,6.673102
unodc_homicide_rate,1731,6.673178
unodc_homicide_rate,1732,6.6799974
unodc_homicide_rate,1733,6.680976
unodc_homicide_rate,1734,6.6814294
unodc_homicide_rate,1735,6.6925535
unodc_homicide_rate,1736,6.6928964
unodc_homicide_rate,1737,6.7164
unodc_homicide_rate,1738,6.71803
unodc_homicide_rate,1739,6.733248
unodc_homicide_rate,1740,6.750974
unodc_homicide_rate,1741,6.7583313
unodc_homicide_rate,1742,6.7596292
unodc_homicide_rate,1743,6.7600894
unodc_homicide_rate,1744,6.7651253
unodc_homicide_rate,1745,6.777736
unodc_homicide_rate,1746,6.779516
unodc_homicide_rate,1747,6.779722
unodc_homicide_rate,1748,6.7864785
unodc_homicide_rate,1749,6.7920213
unodc_homicide_rate,1750,6.8020124
unodc_homicide_rate,1751,6.8025856
unodc_homicide_rate,1752,6.823689
unodc_homicide_rate,1753,6.8276067
unodc_homicide_rate,1754,6.8426948
unodc_homicide_rate,1755,6.8454356
unodc_homicide_rate,1756,6.8933854
unodc_homicide_rate,1757,6.905842
unodc_homicide_rate,1758,6.9312077
unodc_homicide_rate,1759,6.96682
unodc_homicide_rate,1760,6.975672
unodc_homicide_rate,1761,6.981769
unodc_homicide_rate,1762,6.994644
unodc_homicide_rate,1763,6.99582
unodc_homicide_rate,1764,7.0094585
unodc_homicide_rate,1765,7.0323076
unodc_homicide_rate,1766,7.0409536
unodc_homicide_rate,1767,7.069717
unodc_homicide_rate,1768,7.0954065
unodc_homicide_rate,1769,7.0994935
unodc_homicide_rate,1770,7.1186876
unodc_homicide_rate,1771,7.1208587
unodc_homicide_rate,1772,7.1247907
unodc_homicide_rate,1773,7.132268
unodc_homicide_rate,1774,7.1401796
unodc_homicide_rate,1775,7.1604147
unodc_homicide_rate,1776,7.163967
unodc_homicide_rate,1777,7.1895905
unodc_homicide_rate,1778,7.2009435
unodc_homicide_rate,1779,7.2142386
unodc_homicide_rate,1780,7.221213
unodc_homicide_rate,1781,7.266755
unodc_homicide_rate,1782,7.2681584
unodc_homicide_rate,1783,7.2798967
unodc_homicide_rate,1784,7.283752
unodc_homicide_rate,1785,7.2919517
unodc_homicide_rate,1786,7.293433
unodc_homicide_rate,1787,7.2962728
unodc_homicide_rate,1788,7.308127
unodc_homicide_rate,1789,7.3119526
unodc_homicide_rate,1790,7.315337
unodc_homicide_rate,1791,7.349927
unodc_homicide_rate,1792,7.377469
unodc_homicide_rate,1793,7.4089527
unodc_homicide_rate,1794,7.421023
unodc_homicide_rate,1795,7.4625125
unodc_homicide_rate,1796,7.4676757
unodc_homicide_rate,1797,7.4818563
unodc_homicide_rate,1798,7.5027766
unodc_homicide_rate,1799,7.529199
unodc_homicide_rate,1800,7.564583
unodc_homicide_rate,1801,7.572076
unodc_homicide_rate,1802,7.613392
unodc_homicide_rate,1803,7.644691
unodc_homicide_rate,1804,7.6470804
unodc_homicide_rate,1805,7.687103
unodc_homicide_rate,1806,7.7325425
unodc_homicide_rate,1807,7.772012
unodc_homicide_rate,1808,7.8194175
unodc_homicide_rate,1809,7.8199077
unodc_homicide_rate,1810,7.8214107
unodc_homicide_rate,1811,7.8233657
unodc_homicide_rate,1812,7.8331847
unodc_homicide_rate,1813,7.8543644
unodc_homicide_rate,1814,7.8615613
unodc_homicide_rate,1815,7.8642936
unodc_homicide_rate,1816,7.864912
unodc_homicide_rate,1817,7.868454
unodc_homicide_rate,1818,7.888813
unodc_homicide_rate,1819,7.897688
unodc_homicide_rate,1820,7.898957
unodc_homicide_rate,1821,7.9010844
unodc_homicide_rate,1822,7.939438
unodc_homicide_rate,1823,7.943048
unodc_homicide_rate,1824,7.944031
unodc_homicide_rate,1825,7.9664803
unodc_homicide_rate,1826,7.966699
unodc_homicide_rate,1827,7.9849014
unodc_homicide_rate,1828,8.00379
unodc_homicide_rate,1829,8.005034
unodc_homicide_rate,1830,8.013705
unodc_homicide_rate,1831,8.0473
unodc_homicide_rate,1832,8.05556
unodc_homicide_rate,1833,8.081887
unodc_homicide_rate,1834,8.116387
unodc_homicide_rate,1835,8.122481
unodc_homicide_rate,1836,8.151737
unodc_homicide_rate,1837,8.165598
unodc_homicide_rate,1838,8.169565
unodc_homicide_rate,1839,8.170448
unodc_homicide_rate,1840,8.189936
unodc_homicide_rate,1841,8.216631
unodc_homicide_rate,1842,8.237903
unodc_homicide_rate,1843,8.289189
unodc_homicide_rate,1844,8.311101
unodc_homicide_rate,1845,8.317391
unodc_homicide_rate,1846,8.320637
unodc_homicide_rate,1847,8.351933
unodc_homicide_rate,1848,8.354503
unodc_homicide_rate,1849,8.394819
unodc_homicide_rate,1850,8.424182
unodc_homicide_rate,1851,8.433728
unodc_homicide_rate,1852,8.469135
unodc_homicide_rate,1853,8.474321
unodc_homicide_rate,1854,8.483398
unodc_homicide_rate,1855,8.496848
unodc_homicide_rate,1856,8.499751
unodc_homicide_rate,1857,8.503378
unodc_homicide_rate,1858,8.510548
unodc_homicide_rate,1859,8.520846
unodc_homicide_rate,1860,8.521133
unodc_homicide_rate,1861,8.524423
unodc_homicide_rate,1862,8.534926
unodc_homicide_rate,1863,8.572205
unodc_homicide_rate,1864,8.604808
unodc_homicide_rate,1865,8.637602
unodc_homicide_rate,1866,8.640326
unodc_homicide_rate,1867,8.643509
unodc_homicide_rate,1868,8.654096
unodc_homicide_rate,1869,8.66796
unodc_homicide_rate,1870,8.686621
unodc_homicide_rate,1871,8.688915
unodc_homicide_rate,1872,8.699481
unodc_homicide_rate,1873,8.714741
unodc_homicide_rate,1874,8.72654
unodc_homicide_rate,1875,8.729776
unodc_homicide_rate,1876,8.746228
unodc_homicide_rate,1877,8.756631
unodc_homicide_rate,1878,8.807857
unodc_homicide_rate,1879,8.846177
unodc_homicide_rate,1880,8.91971
unodc_homicide_rate,1881,8.961698
unodc_homicide_rate,1882,8.973088
unodc_homicide_rate,1883,8.973695
unodc_homicide_rate,1884,8.977475
unodc_homicide_rate,1885,8.981563
unodc_homicide_rate,1886,8.982283
unodc_homicide_rate,1887,9.008759
unodc_homicide_rate,1888,9.013811
unodc_homicide_rate,1889,9.0266285
unodc_homicide_rate,1890,9.040091
unodc_homicide_rate,1891,9.053297
unodc_homicide_rate,1892,9.070005
unodc_homicide_rate,1893,9.093161
unodc_homicide_rate,1894,9.108214
unodc_homicide_rate,1895,9.145517
unodc_homicide_rate,1896,9.2152815
unodc_homicide_rate,1897,9.218446
unodc_homicide_rate,1898,9.222421
unodc_homicide_rate,1899,9.225961
unodc_homicide_rate,1900,9.253793
unodc_homicide_rate,1901,9.276868
unodc_homicide_rate,1902,9.316924
unodc_homicide_rate,1903,9.34038
unodc_homicide_rate,1904,9.34108
unodc_homicide_rate,1905,9.376107
unodc_homicide_rate,1906,9.410731
unodc_homicide_rate,1907,9.417991
unodc_homicide_rate,1908,9.421518
unodc_homicide_rate,1909,9.427144
unodc_homicide_rate,1910,9.439157
unodc_homicide_rate,1911,9.447391
unodc_homicide_rate,1912,9.463752
unodc_homicide_rate,1913,9.472702
unodc_homicide_rate,1914,9.476577
unodc_homicide_rate,1915,9.522537
unodc_homicide_rate,1916,9.554417
unodc_homicide_rate,1917,9.6212435
unodc_homicide_rate,1918,9.628725
unodc_homicide_rate,1919,9.633174
unodc_homicide_rate,1920,9.689709
unodc_homicide_rate,1921,9.704607
unodc_homicide_rate,1922,9.745122
unodc_homicide_rate,1923,9.7558565
unodc_homicide_rate,1924,9.777684
unodc_homicide_rate,1925,9.799011
unodc_homicide_rate,1926,9.800383
unodc_homicide_rate,1927,9.905349
unodc_homicide_rate,1928,9.926728
unodc_homicide_rate,1929,9.941481
unodc_homicide_rate,1930,9.952186
unodc_homicide_rate,1931,9.952815
unodc_homicide_rate,1932,9.958727
unodc_homicide_rate,1933,9.9746895
unodc_homicide_rate,1934,10.006043
unodc_homicide_rate,1935,10.00961
unodc_homicide_rate,1936,10.017693
unodc_homicide_rate,1937,10.024195
unodc_homicide_rate,1938,10.032131
unodc_homicide_rate,1939,10.032457
unodc_homicide_rate,1940,10.043036
unodc_homicide_rate,1941,10.051907
unodc_homicide_rate,1942,10.091278
unodc_homicide_rate,1943,10.096207
unodc_homicide_rate,1944,10.163991
unodc_homicide_rate,1945,10.166439
unodc_homicide_rate,1946,10.167399
unodc_homicide_rate,1947,10.177472
unodc_homicide_rate,1948,10.258427
unodc_homicide_rate,1949,10.279433
unodc_homicide_rate,1950,10.282368
unodc_homicide_rate,1951,10.3724575
unodc_homicide_rate,1952,10.384591
unodc_homicide_rate,1953,10.39519
unodc_homicide_rate,1954,10.451047
unodc_homicide_rate,1955,10.536275
unodc_homicide_rate,1956,10.542242
unodc_homicide_rate,1957,10.597524
unodc_homicide_rate,1958,10.615631
unodc_homicide_rate,1959,10.655935
unodc_homicide_rate,1960,10.6561165
unodc_homicide_rate,1961,10.70165
unodc_homicide_rate,1962,10.705497
unodc_homicide_rate,1963,10.7077465
unodc_homicide_rate,1964,10.716333
unodc_homicide_rate,1965,10.771219
unodc_homicide_rate,1966,10.792464
unodc_homicide_rate,1967,10.814334
unodc_homicide_rate,1968,10.818982
unodc_homicide_rate,1969,10.8278675
unodc_homicide_rate,1970,10.872604
unodc_homicide_rate,1971,10.88225
unodc_homicide_rate,1972,10.895768
unodc_homicide_rate,1973,10.912799
unodc_homicide_rate,1974,10.914892
unodc_homicide_rate,1975,10.9166975
unodc_homicide_rate,1976,10.926872
unodc_homicide_rate,1977,10.931081
unodc_homicide_rate,1978,10.972185
unodc_homicide_rate,1979,10.984613
unodc_homicide_rate,1980,10.986937
unodc_homicide_rate,1981,11.000501
unodc_homicide_rate,1982,11.005581
unodc_homicide_rate,1983,11.087514
unodc_homicide_rate,1984,11.088216
unodc_homicide_rate,1985,11.093742
unodc_homicide_rate,1986,11.103938
unodc_homicide_rate,1987,11.111509
unodc_homicide_rate,1988,11.17628
unodc_homicide_rate,1989,11.197187
unodc_homicide_rate,1990,11.207781
unodc_homicide_rate,1991,11.224367
unodc_homicide_rate,1992,11.2268095
unodc_homicide_rate,1993,11.229227
unodc_homicide_rate,1994,11.245305
unodc_homicide_rate,1995,11.251841
unodc_homicide_rate,1996,11.259882
unodc_homicide_rate,1997,11.261005
unodc_homicide_rate,1998,11.262754
unodc_homicide_rate,1999,11.294893
unodc_homicide_rate,2000,11.299093
unodc_homicide_rate,2001,11.3115
unodc_homicide_rate,2002,11.322284
unodc_homicide_rate,2003,11.334922
unodc_homicide_rate,2004,11.338917
unodc_homicide_rate,2005,11.341626
unodc_homicide_rate,2006,11.34732
unodc_homicide_rate,2007,11.368176
unodc_homicide_rate,2008,11.384003
unodc_homicide_rate,2009,11.39619
unodc_homicide_rate,2010,11.399812
unodc_homicide_rate,2011,11.404293
unodc_homicide_rate,2012,11.455697
unodc_homicide_rate,2013,11.460005
unodc_homicide_rate,2014,11.476445
unodc_homicide_rate,2015,11.531387
unodc_homicide_rate,2016,11.551799
unodc_homicide_rate,2017,11.560721
unodc_homicide_rate,2018,11.567261
unodc_homicide_rate,2019,11.595555
unodc_homicide_rate,2020,11.597768
unodc_homicide_rate,2021,11.620582
unodc_homicide_rate,2022,11.638988
unodc_homicide_rate,2023,11.646159
unodc_homicide_rate,2024,11.667209
unodc_homicide_rate,2025,11.711157
unodc_homicide_rate,2026,11.765289
unodc_homicide_rate,2027,11.785236
unodc_homicide_rate,2028,11.799545
unodc_homicide_rate,2029,11.802892
unodc_homicide_rate,2030,11.809591
unodc_homicide_rate,2031,11.841303
unodc_homicide_rate,2032,11.875905
unodc_homicide_rate,2033,11.886013
unodc_homicide_rate,2034,11.893836
unodc_homicide_rate,2035,12.033591
unodc_homicide_rate,2036,12.03549
unodc_homicide_rate,2037,12.096274
unodc_homicide_rate,2038,12.273118
unodc_homicide_rate,2039,12.274349
unodc_homicide_rate,2040,12.274536
unodc_homicide_rate,2041,12.289393
unodc_homicide_rate,2042,12.289968
unodc_homicide_rate,2043,12.342512
unodc_homicide_rate,2044,12.354613
unodc_homicide_rate,2045,12.367847
unodc_homicide_rate,2046,12.386531
unodc_homicide_rate,2047,12.402291
unodc_homicide_rate,2048,12.403647
unodc_homicide_rate,2049,12.404085
unodc_homicide_rate,2050,12.404606
unodc_homicide_rate,2051,12.414154
unodc_homicide_rate,2052,12.422168
unodc_homicide_rate,2053,12.43226
unodc_homicide_rate,2054,12.469837
unodc_homicide_rate,2055,12.514571
unodc_homicide_rate,2056,12.544977
unodc_homicide_rate,2057,12.552465
unodc_homicide_rate,2058,12.559087
unodc_homicide_rate,2059,12.608651
unodc_homicide_rate,2060,12.617184
unodc_homicide_rate,2061,12.646645
unodc_homicide_rate,2062,12.647081
unodc_homicide_rate,2063,12.657048
unodc_homicide_rate,2064,12.677293
unodc_homicide_rate,2065,12.682481
unodc_homicide_rate,2066,12.687246
unodc_homicide_rate,2067,12.689549
unodc_homicide_rate,2068,12.775779
unodc_homicide_rate,2069,12.782275
unodc_homicide_rate,2070,12.788996
unodc_homicide_rate,2071,12.820435
unodc_homicide_rate,2072,12.882042
unodc_homicide_rate,2073,12.908902
unodc_homicide_rate,2074,12.913972
unodc_homicide_rate,2075,12.962891
unodc_homicide_rate,2076,12.988328
unodc_homicide_rate,2077,12.999295
unodc_homicide_rate,2078,13.197545
unodc_homicide_rate,2079,13.198023
unodc_homicide_rate,2080,13.286798
unodc_homicide_rate,2081,13.323847
unodc_homicide_rate,2082,13.478294
unodc_homicide_rate,2083,13.569573
unodc_homicide_rate,2084,13.646305
unodc_homicide_rate,2085,13.646965
unodc_homicide_rate,2086,13.665752
unodc_homicide_rate,2087,13.682036
unodc_homicide_rate,2088,13.795303
unodc_homicide_rate,2089,13.899936
unodc_homicide_rate,2090,13.923591
unodc_homicide_rate,2091,13.982581
unodc_homicide_rate,2092,14.023022
unodc_homicide_rate,2093,14.064079
unodc_homicide_rate,2094,14.083105
unodc_homicide_rate,2095,14.084288
unodc_homicide_rate,2096,14.088972
unodc_homicide_rate,2097,14.089965
unodc_homicide_rate,2098,14.115687
unodc_homicide_rate,2099,14.119059
unodc_homicide_rate,2100,14.178125
unodc_homicide_rate,2101,14.1983185
unodc_homicide_rate,2102,14.35011
unodc_homicide_rate,2103,14.410475
unodc_homicide_rate,2104,14.410714
unodc_homicide_rate,2105,14.427933
unodc_homicide_rate,2106,14.476561
unodc_homicide_rate,2107,14.517703
unodc_homicide_rate,2108,14.554594
unodc_homicide_rate,2109,14.589658
unodc_homicide_rate,2110,14.650474
unodc_homicide_rate,2111,14.839032
unodc_homicide_rate,2112,14.863932
unodc_homicide_rate,2113,14.880509
unodc_homicide_rate,2114,14.8828535
unodc_homicide_rate,2115,14.903273
unodc_homicide_rate,2116,14.952792
unodc_homicide_rate,2117,14.964635
unodc_homicide_rate,2118,15.082295
unodc_homicide_rate,2119,15.120938
unodc_homicide_rate,2120,15.194345
unodc_homicide_rate,2121,15.203778
unodc_homicide_rate,2122,15.231051
unodc_homicide_rate,2123,15.28752
unodc_homicide_rate,2124,15.288402
unodc_homicide_rate,2125,15.31546
unodc_homicide_rate,2126,15.386907
unodc_homicide_rate,2127,15.518613
unodc_homicide_rate,2128,15.525885
unodc_homicide_rate,2129,15.556566
unodc_homicide_rate,2130,15.746681
unodc_homicide_rate,2131,15.767114
unodc_homicide_rate,2132,15.816275
unodc_homicide_rate,2133,15.863187
unodc_homicide_rate,2134,15.8641205
unodc_homicide_rate,2135,15.943781
unodc_homicide_rate,2136,16.008736
unodc_homicide_rate,2137,16.05609
unodc_homicide_rate,2138,16.06412
unodc_homicide_rate,2139,16.280914
unodc_homicide_rate,2140,16.490765
unodc_homicide_rate,2141,16.63632
unodc_homicide_rate,2142,16.705032
unodc_homicide_rate,2143,16.838665
unodc_homicide_rate,2144,16.88286
unodc_homicide_rate,2145,16.919813
unodc_homicide_rate,2146,16.920727
unodc_homicide_rate,2147,16.944845
unodc_homicide_rate,2148,16.972927
unodc_homicide_rate,2149,17.069246
unodc_homicide_rate,2150,17.07981
unodc_homicide_rate,2151,17.14843
unodc_homicide_rate,2152,17.182926
unodc_homicide_rate,2153,17.227642
unodc_homicide_rate,2154,17.286806
unodc_homicide_rate,2155,17.293127
unodc_homicide_rate,2156,17.32558
unodc_homicide_rate,2157,17.33184
unodc_homicide_rate,2158,17.343956
unodc_homicide_rate,2159,17.404345
unodc_homicide_rate,2160,17.4227
unodc_homicide_rate,2161,17.43421
unodc_homicide_rate,2162,17.509867
unodc_homicide_rate,2163,17.546364
unodc_homicide_rate,2164,17.559416
unodc_homicide_rate,2165,17.63107
unodc_homicide_rate,2166,17.640097
unodc_homicide_rate,2167,17.649046
unodc_homicide_rate,2168,17.679325
unodc_homicide_rate,2169,17.681293
unodc_homicide_rate,2170,17.692383
unodc_homicide_rate,2171,17.705437
unodc_homicide_rate,2172,17.74548
unodc_homicide_rate,2173,17.854912
unodc_homicide_rate,2174,17.886543
unodc_homicide_rate,2175,18.188286
unodc_homicide_rate,2176,18.239943
unodc_homicide_rate,2177,18.290731
unodc_homicide_rate,2178,18.440746
unodc_homicide_rate,2179,18.46875
unodc_homicide_rate,2180,18.59739
unodc_homicide_rate,2181,18.625505
unodc_homicide_rate,2182,18.661768
unodc_homicide_rate,2183,18.677252
unodc_homicide_rate,2184,18.68519
unodc_homicide_rate,2185,18.710926
unodc_homicide_rate,2186,18.877789
unodc_homicide_rate,2187,18.976658
unodc_homicide_rate,2188,19.00847
unodc_homicide_rate,2189,19.0346
unodc_homicide_rate,2190,19.068714
unodc_homicide_rate,2191,19.120157
unodc_homicide_rate,2192,19.151302
unodc_homicide_rate,2193,19.251661
unodc_homicide_rate,2194,19.279104
unodc_homicide_rate,2195,19.29757
unodc_homicide_rate,2196,19.403889
unodc_homicide_rate,2197,19.426966
unodc_homicide_rate,2198,19.429651
unodc_homicide_rate,2199,19.44317
unodc_homicide_rate,2200,19.488173
unodc_homicide_rate,2201,19.524689
unodc_homicide_rate,2202,19.636759
unodc_homicide_rate,2203,19.745516
unodc_homicide_rate,2204,19.755274
unodc_homicide_rate,2205,19.761559
unodc_homicide_rate,2206,20.016245
unodc_homicide_rate,2207,20.08894
unodc_homicide_rate,2208,20.158993
unodc_homicide_rate,2209,20.181953
unodc_homicide_rate,2210,20.24587
unodc_homicide_rate,2211,20.25312
unodc_homicide_rate,2212,20.384201
unodc_homicide_rate,2213,20.568216
unodc_homicide_rate,2214,20.575377
unodc_homicide_rate,2215,20.666075
unodc_homicide_rate,2216,20.735048
unodc_homicide_rate,2217,20.806814
unodc_homicide_rate,2218,20.812973
unodc_homicide_rate,2219,20.901947
unodc_homicide_rate,2220,20.938065
unodc_homicide_rate,2221,21.096361
unodc_homicide_rate,2222,21.099298
unodc_homicide_rate,2223,21.24456
unodc_homicide_rate,2224,21.33561
unodc_homicide_rate,2225,21.36153
unodc_homicide_rate,2226,21.379799
unodc_homicide_rate,2227,21.508745
unodc_homicide_rate,2228,21.581667
unodc_homicide_rate,2229,21.59037
unodc_homicide_rate,2230,21.742752
unodc_homicide_rate,2231,21.776917
unodc_homicide_rate,2232,21.783804
unodc_homicide_rate,2233,22.04744
unodc_homicide_rate,2234,22.0754
unodc_homicide_rate,2235,22.107264
unodc_homicide_rate,2236,22.198215
unodc_homicide_rate,2237,22.228556
unodc_homicide_rate,2238,22.325258
unodc_homicide_rate,2239,22.521425
unodc_homicide_rate,2240,22.597364
unodc_homicide_rate,2241,22.642704
unodc_homicide_rate,2242,22.668648
unodc_homicide_rate,2243,22.735851
unodc_homicide_rate,2244,22.870605
unodc_homicide_rate,2245,22.952126
unodc_homicide_rate,2246,22.958937
unodc_homicide_rate,2247,22.986359
unodc_homicide_rate,2248,23.10324
unodc_homicide_rate,2249,23.12149
unodc_homicide_rate,2250,23.171873
unodc_homicide_rate,2251,23.31209
unodc_homicide_rate,2252,23.365726
unodc_homicide_rate,2253,23.399061
unodc_homicide_rate,2254,23.549812
unodc_homicide_rate,2255,23.613478
unodc_homicide_rate,2256,23.820759
unodc_homicide_rate,2257,23.979494
unodc_homicide_rate,2258,24.070469
unodc_homicide_rate,2259,24.496494
unodc_homicide_rate,2260,24.644897
unodc_homicide_rate,2261,24.780975
unodc_homicide_rate,2262,24.858995
unodc_homicide_rate,2263,24.913443
unodc_homicide_rate,2264,24.948807
unodc_homicide_rate,2265,25.007496
unodc_homicide_rate,2266,25.193033
unodc_homicide_rate,2267,25.233282
unodc_homicide_rate,2268,25.2674
unodc_homicide_rate,2269,25.314459
unodc_homicide_rate,2270,25.53601
unodc_homicide_rate,2271,25.551058
unodc_homicide_rate,2272,25.558289
unodc_homicide_rate,2273,25.579798
unodc_homicide_rate,2274,25.580128
unodc_homicide_rate,2275,25.595617
unodc_homicide_rate,2276,25.618496
unodc_homicide_rate,2277,25.745071
unodc_homicide_rate,2278,25.769392
unodc_homicide_rate,2279,25.804283
unodc_homicide_rate,2280,25.881496
unodc_homicide_rate,2281,25.891935
unodc_homicide_rate,2282,25.941599
unodc_homicide_rate,2283,25.951124
unodc_homicide_rate,2284,25.995935
unodc_homicide_rate,2285,26.099539
unodc_homicide_rate,2286,26.143867
unodc_homicide_rate,2287,26.33593
unodc_homicide_rate,2288,26.340307
unodc_homicide_rate,2289,26.747099
unodc_homicide_rate,2290,26.775164
unodc_homicide_rate,2291,26.791449
unodc_homicide_rate,2292,26.899797
unodc_homicide_rate,2293,26.940828
unodc_homicide_rate,2294,26.994568
unodc_homicide_rate,2295,27.06921
unodc_homicide_rate,2296,27.160616
unodc_homicide_rate,2297,27.215279
unodc_homicide_rate,2298,27.305553
unodc_homicide_rate,2299,27.412636
unodc_homicide_rate,2300,27.726662
unodc_homicide_rate,2301,27.738644
unodc_homicide_rate,2302,27.786915
unodc_homicide_rate,2303,27.835506
unodc_homicide_rate,2304,27.967503
unodc_homicide_rate,2305,28.058292
unodc_homicide_rate,2306,28.431835
unodc_homicide_rate,2307,28.498419
unodc_homicide_rate,2308,28.549568
unodc_homicide_rate,2309,28.604156
unodc_homicide_rate,2310,28.63679
unodc_homicide_rate,2311,28.640411
unodc_homicide_rate,2312,28.641361
unodc_homicide_rate,2313,28.654305
unodc_homicide_rate,2314,28.656734
unodc_homicide_rate,2315,28.811039
unodc_homicide_rate,2316,28.850302
unodc_homicide_rate,2317,28.903543
unodc_homicide_rate,2318,28.956442
unodc_homicide_rate,2319,28.978973
unodc_homicide_rate,2320,29.001005
unodc_homicide_rate,2321,29.150867
unodc_homicide_rate,2322,29.172428
unodc_homicide_rate,2323,29.296654
unodc_homicide_rate,2324,29.349825
unodc_homicide_rate,2325,29.387306
unodc_homicide_rate,2326,29.44843
unodc_homicide_rate,2327,29.47538
unodc_homicide_rate,2328,29.853794
unodc_homicide_rate,2329,29.938198
unodc_homicide_rate,2330,30.022226
unodc_homicide_rate,2331,30.113243
unodc_homicide_rate,2332,30.116644
unodc_homicide_rate,2333,30.119362
unodc_homicide_rate,2334,30.145456
unodc_homicide_rate,2335,30.362572
unodc_homicide_rate,2336,30.943672
unodc_homicide_rate,2337,31.02868
unodc_homicide_rate,2338,31.115995
unodc_homicide_rate,2339,31.132729
unodc_homicide_rate,2340,31.161175
unodc_homicide_rate,2341,31.243198
unodc_homicide_rate,2342,31.402311
unodc_homicide_rate,2343,31.442432
unodc_homicide_rate,2344,31.617834
unodc_homicide_rate,2345,31.87605
unodc_homicide_rate,2346,31.912277
unodc_homicide_rate,2347,31.957926
unodc_homicide_rate,2348,32.005775
unodc_homicide_rate,2349,32.026356
unodc_homicide_rate,2350,32.19814
unodc_homicide_rate,2351,32.21932
unodc_homicide_rate,2352,32.40379
unodc_homicide_rate,2353,32.413456
unodc_homicide_rate,2354,32.43901
unodc_homicide_rate,2355,32.759205
unodc_homicide_rate,2356,32.805473
unodc_homicide_rate,2357,32.919315
unodc_homicide_rate,2358,32.977566
unodc_homicide_rate,2359,33.21018
unodc_homicide_rate,2360,33.39573
unodc_homicide_rate,2361,33.41597
unodc_homicide_rate,2362,33.49759
unodc_homicide_rate,2363,33.50157
unodc_homicide_rate,2364,33.841335
unodc_homicide_rate,2365,34.11089
unodc_homicide_rate,2366,34.1625
unodc_homicide_rate,2367,34.164673
unodc_homicide_rate,2368,34.24988
unodc_homicide_rate,2369,34.257206
unodc_homicide_rate,2370,34.38454
unodc_homicide_rate,2371,34.524174
unodc_homicide_rate,2372,34.730457
unodc_homicide_rate,2373,34.967934
unodc_homicide_rate,2374,35.15767
unodc_homicide_rate,2375,35.25138
unodc_homicide_rate,2376,35.284016
unodc_homicide_rate,2377,35.379326
unodc_homicide_rate,2378,35.63221
unodc_homicide_rate,2379,35.70285
unodc_homicide_rate,2380,35.72724
unodc_homicide_rate,2381,35.787476
unodc_homicide_rate,2382,35.864307
unodc_homicide_rate,2383,35.865765
unodc_homicide_rate,2384,35.9613
unodc_homicide_rate,2385,35.973167
unodc_homicide_rate,2386,36.29889
unodc_homicide_rate,2387,36.41503
unodc_homicide_rate,2388,36.505363
unodc_homicide_rate,2389,36.76428
unodc_homicide_rate,2390,36.884003
unodc_homicide_rate,2391,36.909798
unodc_homicide_rate,2392,36.916676
unodc_homicide_rate,2393,37.19881
unodc_homicide_rate,2394,37.437843
unodc_homicide_rate,2395,37.60916
unodc_homicide_rate,2396,37.61219
unodc_homicide_rate,2397,37.838802
unodc_homicide_rate,2398,37.885963
unodc_homicide_rate,2399,37.887978
unodc_homicide_rate,2400,37.981773
unodc_homicide_rate,2401,38.04915
unodc_homicide_rate,2402,38.202595
unodc_homicide_rate,2403,38.213318
unodc_homicide_rate,2404,38.239742
unodc_homicide_rate,2405,38.271
unodc_homicide_rate,2406,38.40557
unodc_homicide_rate,2407,38.538696
unodc_homicide_rate,2408,39.04409
unodc_homicide_rate,2409,39.210854
unodc_homicide_rate,2410,39.748524
unodc_homicide_rate,2411,39.777615
unodc_homicide_rate,2412,39.86635
unodc_homicide_rate,2413,40.018612
unodc_homicide_rate,2414,40.101093
unodc_homicide_rate,2415,40.28166
unodc_homicide_rate,2416,40.2998
unodc_homicide_rate,2417,40.4433
unodc_homicide_rate,2418,40.7218
unodc_homicide_rate,2419,40.78661
unodc_homicide_rate,2420,40.93608
unodc_homicide_rate,2421,40.942974
unodc_homicide_rate,2422,40.94298
unodc_homicide_rate,2423,41.011166
unodc_homicide_rate,2424,41.032413
unodc_homicide_rate,2425,41.043385
unodc_homicide_rate,2426,41.10313
unodc_homicide_rate,2427,41.15181
unodc_homicide_rate,2428,41.15791
unodc_homicide_rate,2429,42.34532
unodc_homicide_rate,2430,42.42739
unodc_homicide_rate,2431,42.698345
unodc_homicide_rate,2432,42.950626
unodc_homicide_rate,2433,42.989414
unodc_homicide_rate,2434,43.006733
unodc_homicide_rate,2435,43.13953
unodc_homicide_rate,2436,43.18014
unodc_homicide_rate,2437,43.35943
unodc_homicide_rate,2438,43.720257
unodc_homicide_rate,2439,44.024822
unodc_homicide_rate,2440,44.827255
unodc_homicide_rate,2441,45.02164
unodc_homicide_rate,2442,45.15193
unodc_homicide_rate,2443,45.396015
unodc_homicide_rate,2444,45.707638
unodc_homicide_rate,2445,45.71031
unodc_homicide_rate,2446,45.722813
unodc_homicide_rate,2447,45.79569
unodc_homicide_rate,2448,45.820633
unodc_homicide_rate,2449,46.834457
unodc_homicide_rate,2450,47.090176
unodc_homicide_rate,2451,47.462677
unodc_homicide_rate,2452,47.581566
unodc_homicide_rate,2453,47.979206
unodc_homicide_rate,2454,48.186512
unodc_homicide_rate,2455,48.305286
unodc_homicide_rate,2456,48.883648
unodc_homicide_rate,2457,48.927322
unodc_homicide_rate,2458,49.108574
unodc_homicide_rate,2459,49.176643
unodc_homicide_rate,2460,49.299488
unodc_homicide_rate,2461,49.61185
unodc_homicide_rate,2462,49.85714
unodc_homicide_rate,2463,51.200413
unodc_homicide_rate,2464,51.818726
unodc_homicide_rate,2465,51.943813
unodc_homicide_rate,2466,52.00384
unodc_homicide_rate,2467,52.645607
unodc_homicide_rate,2468,52.67564
unodc_homicide_rate,2469,52.725887
unodc_homicide_rate,2470,53.1146
unodc_homicide_rate,2471,53.795876
unodc_homicide_rate,2472,54.38213
unodc_homicide_rate,2473,54.71517
unodc_homicide_rate,2474,55.60002
unodc_homicide_rate,2475,55.73054
unodc_homicide_rate,2476,56.579205
unodc_homicide_rate,2477,57.54905
unodc_homicide_rate,2478,58.188057
unodc_homicide_rate,2479,58.36833
unodc_homicide_rate,2480,58.492126
unodc_homicide_rate,2481,59.399014
unodc_homicide_rate,2482,61.490795
unodc_homicide_rate,2483,62.298443
unodc_homicide_rate,2484,62.900608
unodc_homicide_rate,2485,63.622078
unodc_homicide_rate,2486,63.72877
unodc_homicide_rate,2487,63.76404
unodc_homicide_rate,2488,64.469666
unodc_homicide_rate,2489,64.639915
unodc_homicide_rate,2490,64.99967
unodc_homicide_rate,2491,65.424706
unodc_homicide_rate,2492,65.70264
unodc_homicide_rate,2493,71.771904
unodc_homicide_rate,2494,72.34559
unodc_homicide_rate,2495,72.45036
unodc_homicide_rate,2496,72.51709
unodc_homicide_rate,2497,74.54089
unodc_homicide_rate,2498,76.34004
unodc_homicide_rate,2499,82.294174
unodc_homicide_rate,2500,83.17934
unodc_homicide_rate,2501,85.0858
unodc_homicide_rate,2502,107.63823
