country_code,country_name,year,spi_overall,spi_pillar1_data_use,spi_pillar2_data_services,spi_pillar3_data_products,spi_pillar4_data_sources,spi_pillar5_data_infrastructure
ABW,Aruba,2004,,0.0,,,,
ABW,Aruba,2005,,0.0,,19.83125,,
ABW,Aruba,2006,,0.0,,19.03125,,
ABW,Aruba,2007,,0.0,,19.03125,,
ABW,Aruba,2008,,0.0,,18.975,,
ABW,Aruba,2009,,0.0,,18.975,,
ABW,Aruba,2010,,20.0,,18.85625,,
ABW,Aruba,2011,,20.0,,18.59375,,
ABW,Aruba,2012,,20.0,,18.15,,
ABW,Aruba,2013,,20.0,,18.15,,
ABW,Aruba,2014,,20.0,,17.925,,
ABW,Aruba,2015,,40.0,,17.5375,,
ABW,Aruba,2016,,60.0,,18.375,,
ABW,Aruba,2017,,40.0,,19.18125,,
ABW,Aruba,2018,,40.0,,18.45,,
ABW,Aruba,2019,,40.0,,17.075,,
ABW,Aruba,2020,,40.0,,21.31875,,
ABW,Aruba,2021,,40.0,,28.53125,,
ABW,Aruba,2022,,40.0,,26.525,,
ABW,Aruba,2023,,40.0,,27.54375,,
ABW,Aruba,2024,,40.0,,25.98125,,
AFG,Afghanistan,2004,,20.0,,,,
AFG,Afghanistan,2005,,20.0,,45.0125,,
AFG,Afghanistan,2006,,20.0,,45.80625,,
AFG,Afghanistan,2007,,20.0,,47.8875,,
AFG,Afghanistan,2008,,20.0,,50.95,,
AFG,Afghanistan,2009,,20.0,,50.20625,,
AFG,Afghanistan,2010,,20.0,,46.65625,,
AFG,Afghanistan,2011,,20.0,,47.91875,,
AFG,Afghanistan,2012,,30.0,,49.16875,,
AFG,Afghanistan,2013,,30.0,,49.7375,,
AFG,Afghanistan,2014,,30.0,,49.3125,,
AFG,Afghanistan,2015,,50.0,,53.56875,27.0916666666667,
AFG,Afghanistan,2016,39.72625,70.0,6.73333333333333,54.80625,27.0916666666667,40.0
AFG,Afghanistan,2017,45.08125,70.0,24.0333333333333,70.43125,20.9416666666667,40.0
AFG,Afghanistan,2018,52.3483333333333,70.0,59.9,68.75,23.0916666666667,40.0
AFG,Afghanistan,2019,51.9295833333333,70.0,59.9,68.30625,21.4416666666667,40.0
AFG,Afghanistan,2020,55.56,80.0,59.4333333333333,72.15,21.2166666666667,45.0
AFG,Afghanistan,2021,59.1775,80.0,59.4333333333333,78.6375,22.8166666666667,55.0
AFG,Afghanistan,2022,58.9883333333333,80.0,60.0,74.15,25.7916666666667,55.0
AFG,Afghanistan,2023,56.7495833333333,66.6,60.0,76.35625,25.7916666666667,55.0
AFG,Afghanistan,2024,54.38625,66.6,65.1,64.55625,20.675,55.0
AGO,Angola,2004,,20.0,,,,
AGO,Angola,2005,,20.0,,59.50625,,
AGO,Angola,2006,,20.0,,59.74375,,
AGO,Angola,2007,,20.0,,62.75,,
AGO,Angola,2008,,20.0,,65.2625,,
AGO,Angola,2009,,20.0,,63.95,,
AGO,Angola,2010,,40.0,,64.375,,
AGO,Angola,2011,,40.0,,69.23125,,
AGO,Angola,2012,,40.0,,68.15,,
AGO,Angola,2013,,40.0,,65.15,,
AGO,Angola,2014,,20.0,,66.4125,,
AGO,Angola,2015,,60.0,,67.33125,38.4916666666667,
AGO,Angola,2016,47.3954166666667,80.0,7.66666666666667,70.44375,38.8666666666667,40.0
AGO,Angola,2017,48.3595833333333,70.0,24.4,70.88125,36.5166666666667,40.0
AGO,Angola,2018,54.5720833333333,70.0,57.3,69.99375,35.5666666666667,40.0
AGO,Angola,2019,57.9525,80.0,57.3,68.5625,43.9,40.0
AGO,Angola,2020,59.17,80.0,62.7,69.9,48.25,35.0
AGO,Angola,2021,56.45625,60.0,62.7,71.33125,48.25,40.0
AGO,Angola,2022,54.9670833333333,60.0,60.7666666666667,69.74375,44.325,40.0
AGO,Angola,2023,57.5958333333333,60.0,60.7666666666667,72.8875,44.325,50.0
AGO,Angola,2024,58.1520833333333,60.0,63.0666666666667,69.11875,48.575,50.0
ALB,Albania,2004,,20.0,,,,
ALB,Albania,2005,,40.0,,65.88125,,
ALB,Albania,2006,,40.0,,64.8375,,
ALB,Albania,2007,,40.0,,71.41875,,
ALB,Albania,2008,,40.0,,71.85,,
ALB,Albania,2009,,40.0,,73.05,,
ALB,Albania,2010,,60.0,,70.0125,,
ALB,Albania,2011,,50.0,,72.35,,
ALB,Albania,2012,,60.0,,70.53125,,
ALB,Albania,2013,,60.0,,70.86875,,
ALB,Albania,2014,,50.0,,67.5375,,
ALB,Albania,2015,,80.0,,63.1,65.7916666666667,
ALB,Albania,2016,64.905,100.0,18.1333333333333,63.1,63.2916666666667,80.0
ALB,Albania,2017,68.6583333333333,100.0,35.9,67.375,60.0166666666667,80.0
ALB,Albania,2018,78.5966666666667,100.0,69.7666666666667,73.775,64.4416666666667,85.0
ALB,Albania,2019,76.0429166666667,100.0,69.7666666666667,72.70625,62.7416666666667,75.0
ALB,Albania,2020,81.3175,100.0,68.6333333333333,78.2625,64.6916666666667,95.0
ALB,Albania,2021,85.7804166666667,100.0,68.6333333333333,87.24375,73.025,100.0
ALB,Albania,2022,84.42625,100.0,69.7666666666667,80.05625,72.3083333333333,100.0
ALB,Albania,2023,85.0770833333333,100.0,69.7666666666667,84.14375,76.475,95.0
ALB,Albania,2024,83.65375,100.0,69.0,79.66875,74.6,95.0
AND,Andorra,2004,,0.0,,,,
AND,Andorra,2005,,20.0,,20.7875,,
AND,Andorra,2006,,20.0,,21.23125,,
AND,Andorra,2007,,20.0,,21.93125,,
AND,Andorra,2008,,20.0,,21.875,,
AND,Andorra,2009,,20.0,,21.875,,
AND,Andorra,2010,,40.0,,22.45625,,
AND,Andorra,2011,,40.0,,22.675,,
AND,Andorra,2012,,40.0,,23.45625,,
AND,Andorra,2013,,40.0,,22.825,,
AND,Andorra,2014,,0.0,,22.3625,,
AND,Andorra,2015,,40.0,,24.675,,
AND,Andorra,2016,,40.0,,26.10625,,
AND,Andorra,2017,,40.0,,25.8875,,
AND,Andorra,2018,,40.0,,26.1,,
AND,Andorra,2019,,40.0,,26.7875,,
AND,Andorra,2020,,40.0,,34.25,,10.0
AND,Andorra,2021,,40.0,,38.65,,15.0
AND,Andorra,2022,40.3679166666667,40.0,55.7666666666667,33.43125,57.6416666666667,15.0
AND,Andorra,2023,44.7966666666667,40.0,55.7666666666667,45.575,57.6416666666667,25.0
AND,Andorra,2024,49.8675,60.0,55.0333333333333,51.6625,57.6416666666667,25.0
ARE,United Arab Emirates,2004,,20.0,,,,
ARE,United Arab Emirates,2005,,20.0,,30.86875,,
ARE,United Arab Emirates,2006,,20.0,,29.575,,
ARE,United Arab Emirates,2007,,20.0,,29.4625,,
ARE,United Arab Emirates,2008,,20.0,,30.0875,,
ARE,United Arab Emirates,2009,,20.0,,31.4375,,
ARE,United Arab Emirates,2010,,40.0,,31.325,,
ARE,United Arab Emirates,2011,,40.0,,31.95625,,
ARE,United Arab Emirates,2012,,40.0,,32.85,,
ARE,United Arab Emirates,2013,,40.0,,31.8375,,
ARE,United Arab Emirates,2014,,40.0,,32.3625,,
ARE,United Arab Emirates,2015,,40.0,,35.56875,,
ARE,United Arab Emirates,2016,46.7033333333333,80.0,10.6333333333333,38.45,49.4333333333333,55.0
ARE,United Arab Emirates,2017,54.34,80.0,38.2666666666667,40.625,47.8083333333333,65.0
ARE,United Arab Emirates,2018,59.26,100.0,36.8666666666667,41.825,52.6083333333333,65.0
ARE,United Arab Emirates,2019,57.6725,90.0,36.8666666666667,42.2375,54.2583333333333,65.0
ARE,United Arab Emirates,2020,66.1741666666667,90.0,45.3,64.7125,55.8583333333333,75.0
ARE,United Arab Emirates,2021,75.9666666666667,90.0,78.6333333333333,71.175,60.025,80.0
ARE,United Arab Emirates,2022,75.9225,90.0,79.5,69.2375,60.875,80.0
ARE,United Arab Emirates,2023,77.305,90.0,79.5,71.15,60.875,85.0
ARE,United Arab Emirates,2024,79.1495833333333,90.0,81.6,70.40625,68.7416666666667,85.0
ARG,Argentina,2004,,40.0,,,,
ARG,Argentina,2005,,40.0,,77.6125,,
ARG,Argentina,2006,,40.0,,77.675,,
ARG,Argentina,2007,,40.0,,77.675,,
ARG,Argentina,2008,,40.0,,77.11875,,
ARG,Argentina,2009,,40.0,,78.4625,,
ARG,Argentina,2010,,60.0,,75.1125,,
ARG,Argentina,2011,,60.0,,74.2125,,
ARG,Argentina,2012,,60.0,,76.4,,
ARG,Argentina,2013,,60.0,,77.8,,
ARG,Argentina,2014,,60.0,,79.20625,,
ARG,Argentina,2015,,70.0,,74.20625,69.2166666666667,
ARG,Argentina,2016,65.4683333333333,70.0,75.6,79.825,66.9166666666667,35.0
ARG,Argentina,2017,69.0958333333333,90.0,78.9,78.9625,62.6166666666667,35.0
ARG,Argentina,2018,68.9429166666667,90.0,79.4666666666667,78.80625,61.4416666666667,35.0
ARG,Argentina,2019,69.4391666666667,90.0,79.4666666666667,79.5875,63.1416666666667,35.0
ARG,Argentina,2020,72.1175,90.0,80.8,81.2375,73.55,35.0
ARG,Argentina,2021,77.7279166666667,90.0,80.8,90.15625,67.6833333333333,60.0
ARG,Argentina,2022,76.4691666666667,90.0,80.1333333333333,83.3375,68.875,60.0
ARG,Argentina,2023,79.1854166666667,90.0,80.1333333333333,86.91875,68.875,70.0
ARG,Argentina,2024,80.3908333333333,90.0,85.6666666666667,83.3625,72.925,70.0
ARM,Armenia,2004,,40.0,,,,
ARM,Armenia,2005,,40.0,,60.14375,,
ARM,Armenia,2006,,40.0,,60.075,,
ARM,Armenia,2007,,40.0,,61.13125,,
ARM,Armenia,2008,,40.0,,62.375,,
ARM,Armenia,2009,,40.0,,66.4125,,
ARM,Armenia,2010,,60.0,,62.14375,,
ARM,Armenia,2011,,60.0,,63.68125,,
ARM,Armenia,2012,,60.0,,63.68125,,
ARM,Armenia,2013,,60.0,,62.48125,,
ARM,Armenia,2014,,60.0,,64.33125,,
ARM,Armenia,2015,,80.0,,68.9625,65.8416666666667,
ARM,Armenia,2016,79.7416666666667,100.0,84.4666666666667,75.65,63.5916666666667,75.0
ARM,Armenia,2017,82.04625,100.0,85.2333333333333,81.00625,63.9916666666667,80.0
ARM,Armenia,2018,83.0604166666667,100.0,84.9666666666667,82.04375,63.2916666666667,85.0
ARM,Armenia,2019,82.2266666666667,100.0,84.9666666666667,81.225,59.9416666666667,85.0
ARM,Armenia,2020,82.9383333333333,100.0,84.9,83.9,60.8916666666667,85.0
ARM,Armenia,2021,85.8125,100.0,84.9,86.6375,67.525,90.0
ARM,Armenia,2022,85.0583333333333,100.0,85.4333333333333,83.65,66.2083333333333,90.0
ARM,Armenia,2023,83.3645833333333,90.0,85.4333333333333,85.18125,66.2083333333333,90.0
ARM,Armenia,2024,82.1804166666667,90.0,86.2,82.76875,71.9333333333333,80.0
ASM,American Samoa,2004,,0.0,,,,
ASM,American Samoa,2005,,0.0,,16.63125,,
ASM,American Samoa,2006,,0.0,,16.43125,,
ASM,American Samoa,2007,,0.0,,16.43125,,
ASM,American Samoa,2008,,0.0,,16.43125,,
ASM,American Samoa,2009,,0.0,,25.2875,,
ASM,American Samoa,2010,,10.0,,22.7125,,
ASM,American Samoa,2011,,10.0,,22.01875,,
ASM,American Samoa,2012,,10.0,,21.4625,,
ASM,American Samoa,2013,,10.0,,21.4625,,
ASM,American Samoa,2014,,10.0,,12.60625,,
ASM,American Samoa,2015,,30.0,,18.01875,,
ASM,American Samoa,2016,,20.0,,17.75625,,
ASM,American Samoa,2017,,20.0,,18.39375,,
ASM,American Samoa,2018,,20.0,,19.2875,,
ASM,American Samoa,2019,,20.0,,19.85,,
ASM,American Samoa,2020,,20.0,,19.0375,,
ASM,American Samoa,2021,,20.0,,22.625,,
ASM,American Samoa,2022,,20.0,,20.7,,
ASM,American Samoa,2023,,40.0,,18.475,,
ASM,American Samoa,2024,,40.0,,15.86875,,
ATG,Antigua and Barbuda,2004,,0.0,,,,
ATG,Antigua and Barbuda,2005,,0.0,,46.24375,,
ATG,Antigua and Barbuda,2006,,0.0,,46.1875,,
ATG,Antigua and Barbuda,2007,,0.0,,50.9125,,
ATG,Antigua and Barbuda,2008,,0.0,,54.0375,,
ATG,Antigua and Barbuda,2009,,0.0,,55.08125,,
ATG,Antigua and Barbuda,2010,,0.0,,54.0,,
ATG,Antigua and Barbuda,2011,,0.0,,54.0375,,
ATG,Antigua and Barbuda,2012,,0.0,,55.6,,
ATG,Antigua and Barbuda,2013,,0.0,,52.8625,,
ATG,Antigua and Barbuda,2014,,0.0,,56.8125,,
ATG,Antigua and Barbuda,2015,,20.0,,50.6375,,
ATG,Antigua and Barbuda,2016,,40.0,,52.08125,,25.0
ATG,Antigua and Barbuda,2017,,40.0,,52.73125,,20.0
ATG,Antigua and Barbuda,2018,,60.0,,52.06875,,20.0
ATG,Antigua and Barbuda,2019,,60.0,,46.44375,,25.0
ATG,Antigua and Barbuda,2020,44.4720833333333,60.0,28.8666666666667,59.06875,49.425,25.0
ATG,Antigua and Barbuda,2021,50.2375,60.0,28.8666666666667,64.5625,57.7583333333333,40.0
ATG,Antigua and Barbuda,2022,51.6395833333333,80.0,26.9,60.53125,50.7666666666667,40.0
ATG,Antigua and Barbuda,2023,60.3175,80.0,60.2333333333333,63.8875,52.4666666666667,45.0
ATG,Antigua and Barbuda,2024,63.2108333333333,80.0,62.9,64.9375,53.2166666666667,55.0
AUS,Australia,2004,,40.0,,,,
AUS,Australia,2005,,40.0,,52.56875,,
AUS,Australia,2006,,40.0,,52.275,,
AUS,Australia,2007,,40.0,,53.35625,,
AUS,Australia,2008,,40.0,,53.63125,,
AUS,Australia,2009,,40.0,,65.975,,
AUS,Australia,2010,,60.0,,63.40625,,
AUS,Australia,2011,,60.0,,62.08125,,
AUS,Australia,2012,,60.0,,64.3375,,
AUS,Australia,2013,,60.0,,64.7375,,
AUS,Australia,2014,,60.0,,64.61875,,
AUS,Australia,2015,,60.0,,68.05625,,
AUS,Australia,2016,83.4166666666667,80.0,89.2666666666667,69.525,78.2916666666667,100.0
AUS,Australia,2017,85.0633333333333,80.0,94.5,76.5,74.3166666666667,100.0
AUS,Australia,2018,84.3641666666667,80.0,92.6666666666667,74.6875,74.4666666666667,100.0
AUS,Australia,2019,84.2416666666667,80.0,92.6666666666667,74.075,74.4666666666667,100.0
AUS,Australia,2020,83.7279166666667,80.0,89.7666666666667,74.90625,73.9666666666667,100.0
AUS,Australia,2021,87.0045833333333,80.0,89.7666666666667,82.95625,82.3,100.0
AUS,Australia,2022,87.82625,80.0,94.0,80.48125,84.65,100.0
AUS,Australia,2023,88.86625,80.0,94.0,85.68125,84.65,100.0
AUS,Australia,2024,88.9708333333333,80.0,95.1666666666667,85.2375,84.45,100.0
AUT,Austria,2004,,40.0,,,,
AUT,Austria,2005,,40.0,,60.61875,,
AUT,Austria,2006,,40.0,,60.31875,,
AUT,Austria,2007,,40.0,,61.71875,,
AUT,Austria,2008,,40.0,,61.4125,,
AUT,Austria,2009,,40.0,,62.30625,,
AUT,Austria,2010,,60.0,,61.19375,,
AUT,Austria,2011,,60.0,,61.7,,
AUT,Austria,2012,,60.0,,63.2125,,
AUT,Austria,2013,,60.0,,62.425,,
AUT,Austria,2014,,60.0,,62.85625,,
AUT,Austria,2015,,80.0,,68.26875,,
AUT,Austria,2016,86.3220833333333,100.0,90.5,69.19375,71.9166666666667,100.0
AUT,Austria,2017,86.2295833333333,100.0,86.9,74.50625,69.7416666666667,100.0
AUT,Austria,2018,87.8383333333334,100.0,91.3,76.475,71.4166666666667,100.0
AUT,Austria,2019,86.7933333333334,100.0,91.3,74.55,73.1166666666667,95.0
AUT,Austria,2020,88.4525,100.0,92.0333333333333,79.4125,70.8166666666667,100.0
AUT,Austria,2021,90.9641666666667,100.0,92.0333333333333,88.6375,79.15,95.0
AUT,Austria,2022,90.1029166666667,100.0,89.5333333333333,85.03125,80.95,95.0
AUT,Austria,2023,92.6466666666667,100.0,89.5333333333333,92.75,80.95,100.0
AUT,Austria,2024,89.3479166666667,100.0,92.4333333333333,89.05625,80.25,85.0
AZE,Azerbaijan,2004,,40.0,,,,
AZE,Azerbaijan,2005,,40.0,,54.80625,,
AZE,Azerbaijan,2006,,40.0,,62.08125,,
AZE,Azerbaijan,2007,,40.0,,63.56875,,
AZE,Azerbaijan,2008,,40.0,,65.35,,
AZE,Azerbaijan,2009,,40.0,,66.525,,
AZE,Azerbaijan,2010,,50.0,,61.675,,
AZE,Azerbaijan,2011,,40.0,,58.61875,,
AZE,Azerbaijan,2012,,40.0,,60.5,,
AZE,Azerbaijan,2013,,40.0,,58.75,,
AZE,Azerbaijan,2014,,40.0,,58.08125,,
AZE,Azerbaijan,2015,,60.0,,59.5,65.1166666666667,
AZE,Azerbaijan,2016,54.12875,80.0,13.7333333333333,59.81875,57.0916666666667,60.0
AZE,Azerbaijan,2017,60.705,80.0,31.1333333333333,64.85,57.5416666666667,70.0
AZE,Azerbaijan,2018,68.48625,80.0,64.6333333333333,61.05625,56.7416666666667,80.0
AZE,Azerbaijan,2019,68.47125,80.0,64.6333333333333,60.98125,56.7416666666667,80.0
AZE,Azerbaijan,2020,70.8670833333333,80.0,68.1,68.49375,57.7416666666667,80.0
AZE,Azerbaijan,2021,73.00375,80.0,68.1,82.54375,64.375,70.0
AZE,Azerbaijan,2022,70.7791666666667,80.0,69.3333333333333,70.1875,64.375,70.0
AZE,Azerbaijan,2023,66.78625,80.0,36.0,73.55625,64.375,80.0
AZE,Azerbaijan,2024,69.48875,80.0,36.9,74.21875,66.325,90.0
BDI,Burundi,2004,,20.0,,,,
BDI,Burundi,2005,,20.0,,45.1,,
BDI,Burundi,2006,,30.0,,49.5,,
BDI,Burundi,2007,,30.0,,50.28125,,
BDI,Burundi,2008,,30.0,,50.075,,
BDI,Burundi,2009,,30.0,,50.38125,,
BDI,Burundi,2010,,40.0,,51.0875,,
BDI,Burundi,2011,,30.0,,48.3125,,
BDI,Burundi,2012,,30.0,,48.65625,,
BDI,Burundi,2013,,40.0,,50.74375,,
BDI,Burundi,2014,,40.0,,55.99375,,
BDI,Burundi,2015,,60.0,,65.75,27.4333333333333,
BDI,Burundi,2016,50.465,80.0,44.3666666666667,68.6,24.3583333333333,35.0
BDI,Burundi,2017,54.4920833333333,80.0,59.7333333333333,74.71875,23.0083333333333,35.0
BDI,Burundi,2018,54.8241666666667,80.0,61.7,72.6375,24.7833333333333,35.0
BDI,Burundi,2019,51.2433333333333,70.0,61.7,68.9,20.6166666666667,35.0
BDI,Burundi,2020,50.00625,56.6,64.0333333333333,77.00625,17.3916666666667,35.0
BDI,Burundi,2021,50.1975,56.6,64.0333333333333,79.6625,15.6916666666667,35.0
BDI,Burundi,2022,46.85625,50.0,63.1333333333333,68.70625,17.4416666666667,35.0
BDI,Burundi,2023,43.2808333333333,50.0,29.8,74.1625,17.4416666666667,45.0
BDI,Burundi,2024,45.2429166666667,50.0,42.4666666666667,70.03125,18.7166666666667,45.0
BEL,Belgium,2004,,40.0,,,,
BEL,Belgium,2005,,40.0,,52.725,,
BEL,Belgium,2006,,40.0,,51.89375,,
BEL,Belgium,2007,,40.0,,52.5875,,
BEL,Belgium,2008,,40.0,,52.16875,,
BEL,Belgium,2009,,40.0,,52.79375,,
BEL,Belgium,2010,,60.0,,51.14375,,
BEL,Belgium,2011,,60.0,,51.7,,
BEL,Belgium,2012,,60.0,,53.21875,,
BEL,Belgium,2013,,60.0,,53.59375,,
BEL,Belgium,2014,,60.0,,54.725,,
BEL,Belgium,2015,,80.0,,59.18125,,
BEL,Belgium,2016,74.9525,100.0,53.1333333333333,60.4125,66.2166666666667,95.0
BEL,Belgium,2017,75.5820833333333,100.0,51.1,65.16875,66.6416666666667,95.0
BEL,Belgium,2018,82.1875,100.0,83.9333333333333,64.1375,67.8666666666667,95.0
BEL,Belgium,2019,82.805,100.0,83.9333333333333,62.225,67.8666666666667,100.0
BEL,Belgium,2020,82.2883333333333,100.0,82.2,66.175,68.0666666666667,95.0
BEL,Belgium,2021,87.97125,100.0,82.2,81.25625,76.4,100.0
BEL,Belgium,2022,88.3666666666667,100.0,86.9333333333333,77.625,77.275,100.0
BEL,Belgium,2023,90.1629166666667,100.0,86.9333333333333,86.60625,77.275,100.0
BEL,Belgium,2024,87.25875,100.0,85.0,91.11875,80.175,80.0
BEN,Benin,2004,,20.0,,,,
BEN,Benin,2005,,20.0,,46.425,,
BEN,Benin,2006,,20.0,,51.05625,,
BEN,Benin,2007,,20.0,,53.1375,,
BEN,Benin,2008,,20.0,,52.96875,,
BEN,Benin,2009,,20.0,,53.66875,,
BEN,Benin,2010,,30.0,,52.23125,,
BEN,Benin,2011,,30.0,,53.0375,,
BEN,Benin,2012,,30.0,,55.1125,,
BEN,Benin,2013,,30.0,,54.79375,,
BEN,Benin,2014,,30.0,,54.44375,,
BEN,Benin,2015,,70.0,,55.1,38.5166666666667,
BEN,Benin,2016,48.4904166666667,90.0,40.5666666666667,53.86875,38.0166666666667,20.0
BEN,Benin,2017,51.0004166666667,80.0,55.5666666666667,54.49375,34.9416666666667,30.0
BEN,Benin,2018,52.7995833333334,80.0,58.3,58.53125,37.1666666666667,30.0
BEN,Benin,2019,52.3829166666667,80.0,58.3,57.28125,41.3333333333333,25.0
BEN,Benin,2020,60.3591666666667,80.0,69.9,74.4375,42.4583333333333,35.0
BEN,Benin,2021,67.1979166666667,90.0,69.9,83.63125,42.4583333333333,50.0
BEN,Benin,2022,65.7429166666667,90.0,69.4,78.85625,40.4583333333333,50.0
BEN,Benin,2023,68.0366666666667,90.0,69.4,75.325,40.4583333333333,65.0
BEN,Benin,2024,71.0275,90.0,71.3666666666667,74.4625,49.3083333333333,70.0
BFA,Burkina Faso,2004,,30.0,,,,
BFA,Burkina Faso,2005,,30.0,,59.425,,
BFA,Burkina Faso,2006,,30.0,,62.9375,,
BFA,Burkina Faso,2007,,30.0,,63.75625,,
BFA,Burkina Faso,2008,,30.0,,63.5875,,
BFA,Burkina Faso,2009,,30.0,,69.1375,,
BFA,Burkina Faso,2010,,40.0,,70.54375,,
BFA,Burkina Faso,2011,,30.0,,68.9125,,
BFA,Burkina Faso,2012,,20.0,,68.9125,,
BFA,Burkina Faso,2013,,20.0,,68.2,,
BFA,Burkina Faso,2014,,30.0,,68.0375,,
BFA,Burkina Faso,2015,,50.0,,66.0625,42.3416666666667,
BFA,Burkina Faso,2016,49.4675,70.0,42.0333333333333,65.8375,44.4666666666667,25.0
BFA,Burkina Faso,2017,52.9191666666667,70.0,59.4333333333333,67.4875,32.675,35.0
BFA,Burkina Faso,2018,54.8533333333333,80.0,59.5666666666667,66.475,33.225,35.0
BFA,Burkina Faso,2019,54.4566666666667,80.0,59.5666666666667,62.025,35.6916666666667,35.0
BFA,Burkina Faso,2020,53.6695833333333,80.0,35.7,71.80625,35.8416666666667,45.0
BFA,Burkina Faso,2021,70.4295833333333,100.0,69.0333333333333,81.45625,41.6583333333333,60.0
BFA,Burkina Faso,2022,67.0816666666667,90.0,69.0,77.6,38.8083333333333,60.0
BFA,Burkina Faso,2023,73.9791666666667,100.0,69.0,80.3875,40.5083333333333,80.0
BFA,Burkina Faso,2024,76.3679166666667,90.0,78.4,79.20625,49.2333333333333,85.0
BGD,Bangladesh,2004,,20.0,,,,
BGD,Bangladesh,2005,,40.0,,59.55625,,
BGD,Bangladesh,2006,,30.0,,59.79375,,
BGD,Bangladesh,2007,,30.0,,60.85,,
BGD,Bangladesh,2008,,30.0,,60.5,,
BGD,Bangladesh,2009,,30.0,,61.2,,
BGD,Bangladesh,2010,,60.0,,58.25625,,
BGD,Bangladesh,2011,,50.0,,60.41875,,
BGD,Bangladesh,2012,,50.0,,62.34375,,
BGD,Bangladesh,2013,,50.0,,63.35625,,
BGD,Bangladesh,2014,,50.0,,63.0125,,
BGD,Bangladesh,2015,,70.0,,68.4375,45.0666666666667,
BGD,Bangladesh,2016,57.1575,83.4,43.0333333333333,72.2125,52.1416666666667,35.0
BGD,Bangladesh,2017,59.6020833333333,90.0,61.9,70.46875,50.6416666666667,25.0
BGD,Bangladesh,2018,59.3608333333333,90.0,61.6,69.5625,50.6416666666667,25.0
BGD,Bangladesh,2019,59.2433333333333,90.0,61.6,68.975,50.6416666666667,25.0
BGD,Bangladesh,2020,61.3095833333334,90.0,60.8,79.53125,51.2166666666667,25.0
BGD,Bangladesh,2021,69.89625,90.0,60.8,85.83125,57.85,55.0
BGD,Bangladesh,2022,70.3195833333333,90.0,61.6666666666667,78.10625,61.825,60.0
BGD,Bangladesh,2023,71.4820833333334,80.0,61.6666666666667,83.91875,61.825,70.0
BGD,Bangladesh,2024,71.6383333333333,80.0,63.4666666666667,83.05,66.675,65.0
BGR,Bulgaria,2004,,30.0,,,,
BGR,Bulgaria,2005,,30.0,,57.9875,,
BGR,Bulgaria,2006,,30.0,,58.23125,,
BGR,Bulgaria,2007,,40.0,,59.65,,
BGR,Bulgaria,2008,,40.0,,59.3,,
BGR,Bulgaria,2009,,40.0,,61.30625,,
BGR,Bulgaria,2010,,60.0,,63.01875,,
BGR,Bulgaria,2011,,60.0,,64.08125,,
BGR,Bulgaria,2012,,60.0,,64.1875,,
BGR,Bulgaria,2013,,60.0,,63.225,,
BGR,Bulgaria,2014,,60.0,,64.7875,,
BGR,Bulgaria,2015,,80.0,,65.4375,68.0666666666667,
BGR,Bulgaria,2016,75.01375,100.0,52.5333333333333,64.31875,73.2166666666667,85.0
BGR,Bulgaria,2017,76.75125,100.0,60.9333333333333,63.53125,74.2916666666667,85.0
BGR,Bulgaria,2018,82.3383333333333,100.0,90.1,62.4,69.1916666666667,90.0
BGR,Bulgaria,2019,81.9933333333333,100.0,90.1,60.675,69.1916666666667,90.0
BGR,Bulgaria,2020,83.3829166666667,100.0,91.0666666666666,63.53125,72.3166666666667,90.0
BGR,Bulgaria,2021,87.4795833333333,100.0,91.0666666666666,75.68125,80.65,90.0
BGR,Bulgaria,2022,87.1504166666667,100.0,91.3333333333333,74.51875,79.9,90.0
BGR,Bulgaria,2023,88.3504166666667,100.0,91.3333333333333,80.51875,79.9,90.0
BGR,Bulgaria,2024,83.5541666666667,100.0,92.5333333333333,79.4875,80.75,65.0
BHR,Bahrain,2004,,20.0,,,,
BHR,Bahrain,2005,,20.0,,43.775,,
BHR,Bahrain,2006,,20.0,,43.375,,
BHR,Bahrain,2007,,20.0,,44.5375,,
BHR,Bahrain,2008,,20.0,,44.36875,,
BHR,Bahrain,2009,,20.0,,38.675,,
BHR,Bahrain,2010,,30.0,,37.89375,,
BHR,Bahrain,2011,,30.0,,37.90625,,
BHR,Bahrain,2012,,30.0,,37.4375,,
BHR,Bahrain,2013,,30.0,,36.4,,
BHR,Bahrain,2014,,30.0,,37.5875,,
BHR,Bahrain,2015,,50.0,,38.5375,,
BHR,Bahrain,2016,42.49875,70.0,14.2666666666667,39.39375,48.8333333333333,40.0
BHR,Bahrain,2017,44.8083333333333,70.0,30.9333333333333,40.925,47.1833333333333,35.0
BHR,Bahrain,2018,50.9575,70.0,64.2666666666667,41.6875,48.8333333333333,30.0
BHR,Bahrain,2019,50.94,70.0,64.2666666666667,41.6,48.8333333333333,30.0
BHR,Bahrain,2020,54.3458333333333,70.0,72.2333333333333,48.2625,51.2333333333333,30.0
BHR,Bahrain,2021,54.82,60.0,72.2333333333333,52.3,59.5666666666667,30.0
BHR,Bahrain,2022,54.9633333333333,60.0,73.7,51.7,59.4166666666667,30.0
BHR,Bahrain,2023,51.5791666666667,60.0,40.3666666666667,58.1125,59.4166666666667,40.0
BHR,Bahrain,2024,51.96125,60.0,39.5333333333333,56.33125,63.9416666666667,40.0
BHS,"Bahamas, The",2004,,20.0,,,,
BHS,"Bahamas, The",2005,,20.0,,36.475,,
BHS,"Bahamas, The",2006,,20.0,,34.9875,,
BHS,"Bahamas, The",2007,,20.0,,34.875,,
BHS,"Bahamas, The",2008,,20.0,,35.09375,,
BHS,"Bahamas, The",2009,,20.0,,35.7875,,
BHS,"Bahamas, The",2010,,40.0,,35.5125,,
BHS,"Bahamas, The",2011,,40.0,,35.825,,
BHS,"Bahamas, The",2012,,40.0,,35.5375,,
BHS,"Bahamas, The",2013,,40.0,,34.86875,,
BHS,"Bahamas, The",2014,,40.0,,34.70625,,
BHS,"Bahamas, The",2015,,60.0,,34.50625,,
BHS,"Bahamas, The",2016,36.7020833333333,80.0,8.23333333333333,33.81875,26.4583333333333,35.0
BHS,"Bahamas, The",2017,38.7033333333333,80.0,26.3333333333333,34.7,27.4833333333333,25.0
BHS,"Bahamas, The",2018,48.9258333333333,80.0,60.6333333333333,34.8625,29.1333333333333,40.0
BHS,"Bahamas, The",2019,45.4541666666667,80.0,27.3,35.8375,29.1333333333333,55.0
BHS,"Bahamas, The",2020,48.4733333333333,80.0,28.6333333333333,38.55,30.1833333333333,65.0
BHS,"Bahamas, The",2021,53.1579166666667,80.0,28.6333333333333,49.45625,32.7,75.0
BHS,"Bahamas, The",2022,53.2491666666667,80.0,27.6666666666667,46.7125,36.8666666666667,75.0
BHS,"Bahamas, The",2023,51.7666666666667,70.0,27.6666666666667,49.3,36.8666666666667,75.0
BHS,"Bahamas, The",2024,51.2570833333333,70.0,27.3,47.01875,36.9666666666667,75.0
BIH,Bosnia and Herzegovina,2004,,40.0,,,,
BIH,Bosnia and Herzegovina,2005,,40.0,,50.5875,,
BIH,Bosnia and Herzegovina,2006,,40.0,,58.5625,,
BIH,Bosnia and Herzegovina,2007,,30.0,,59.05,,
BIH,Bosnia and Herzegovina,2008,,30.0,,58.70625,,
BIH,Bosnia and Herzegovina,2009,,30.0,,60.09375,,
BIH,Bosnia and Herzegovina,2010,,50.0,,56.40625,,
BIH,Bosnia and Herzegovina,2011,,60.0,,53.45625,,
BIH,Bosnia and Herzegovina,2012,,60.0,,58.20625,,
BIH,Bosnia and Herzegovina,2013,,50.0,,57.95625,,
BIH,Bosnia and Herzegovina,2014,,50.0,,59.20625,,
BIH,Bosnia and Herzegovina,2015,,70.0,,59.25,54.8833333333333,
BIH,Bosnia and Herzegovina,2016,55.3770833333333,90.0,10.7333333333333,59.46875,51.6833333333333,65.0
BIH,Bosnia and Herzegovina,2017,55.8620833333333,80.0,27.7333333333333,56.59375,49.9833333333333,65.0
BIH,Bosnia and Herzegovina,2018,61.56,80.0,60.6666666666667,58.1,49.0333333333333,60.0
BIH,Bosnia and Herzegovina,2019,61.5675,80.0,60.6666666666667,58.1375,49.0333333333333,60.0
BIH,Bosnia and Herzegovina,2020,62.7070833333333,70.0,62.7333333333333,65.01875,55.7833333333333,60.0
BIH,Bosnia and Herzegovina,2021,70.86,70.0,62.7333333333333,77.45,64.1166666666667,80.0
BIH,Bosnia and Herzegovina,2022,68.45375,70.0,63.8333333333333,68.94375,59.4916666666667,80.0
BIH,Bosnia and Herzegovina,2023,68.77625,70.0,63.8333333333333,75.55625,59.4916666666667,75.0
BIH,Bosnia and Herzegovina,2024,68.55875,70.0,65.6,73.76875,53.425,80.0
BLR,Belarus,2004,,40.0,,,,
BLR,Belarus,2005,,40.0,,55.24375,,
BLR,Belarus,2006,,40.0,,54.20625,,
BLR,Belarus,2007,,40.0,,56.46875,,
BLR,Belarus,2008,,40.0,,56.55,,
BLR,Belarus,2009,,40.0,,58.06875,,
BLR,Belarus,2010,,50.0,,52.09375,,
BLR,Belarus,2011,,50.0,,52.375,,
BLR,Belarus,2012,,50.0,,53.0875,,
BLR,Belarus,2013,,50.0,,52.19375,,
BLR,Belarus,2014,,50.0,,55.06875,,
BLR,Belarus,2015,,60.0,,56.7625,54.5583333333333,
BLR,Belarus,2016,66.4179166666667,90.0,45.6,66.53125,49.9583333333333,80.0
BLR,Belarus,2017,66.0933333333333,90.0,46.5333333333333,65.5,53.4333333333333,75.0
BLR,Belarus,2018,76.7870833333333,100.0,79.2333333333333,66.19375,58.5083333333333,80.0
BLR,Belarus,2019,79.80125,100.0,79.2333333333333,67.88125,66.8916666666667,85.0
BLR,Belarus,2020,83.6495833333333,100.0,85.3,71.75625,66.1916666666667,95.0
BLR,Belarus,2021,88.46375,100.0,85.3,87.49375,74.525,95.0
BLR,Belarus,2022,88.4591666666667,100.0,87.1333333333333,83.0625,77.1,95.0
BLR,Belarus,2023,79.40125,86.6,53.8,84.50625,77.1,95.0
BLR,Belarus,2024,77.1975,86.6,53.8,78.4875,77.1,90.0
BLZ,Belize,2004,,30.0,,,,
BLZ,Belize,2005,,20.0,,56.71875,,
BLZ,Belize,2006,,20.0,,58.86875,,
BLZ,Belize,2007,,20.0,,63.0375,,
BLZ,Belize,2008,,20.0,,63.4625,,
BLZ,Belize,2009,,20.0,,64.89375,,
BLZ,Belize,2010,,40.0,,62.04375,,
BLZ,Belize,2011,,20.0,,62.11875,,
BLZ,Belize,2012,,40.0,,63.68125,,
BLZ,Belize,2013,,40.0,,64.5375,,
BLZ,Belize,2014,,40.0,,64.83125,,
BLZ,Belize,2015,,60.0,,63.33125,40.4416666666667,
BLZ,Belize,2016,48.0558333333333,80.0,9.7,56.1875,64.3916666666667,30.0
BLZ,Belize,2017,51.71125,80.0,28.4333333333333,56.95625,63.1666666666667,30.0
BLZ,Belize,2018,58.5129166666667,80.0,62.2666666666667,54.50625,65.7916666666667,30.0
BLZ,Belize,2019,56.7654166666667,70.0,62.2666666666667,55.76875,65.7916666666667,30.0
BLZ,Belize,2020,56.6970833333333,70.0,62.4,58.34375,62.7416666666667,30.0
BLZ,Belize,2021,64.3066666666667,80.0,62.4,67.225,66.9083333333333,45.0
BLZ,Belize,2022,65.8433333333333,80.0,64.8666666666667,63.375,65.975,55.0
BLZ,Belize,2023,66.7883333333333,80.0,64.8666666666667,68.1,65.975,55.0
BLZ,Belize,2024,67.6841666666667,80.0,67.7333333333333,65.4625,70.225,55.0
BMU,Bermuda,2004,,0.0,,,,
BMU,Bermuda,2005,,0.0,,15.19375,,
BMU,Bermuda,2006,,0.0,,15.3875,,
BMU,Bermuda,2007,,0.0,,16.16875,,
BMU,Bermuda,2008,,0.0,,16.68125,,
BMU,Bermuda,2009,,0.0,,16.81875,,
BMU,Bermuda,2010,,20.0,,16.11875,,
BMU,Bermuda,2011,,20.0,,16.49375,,
BMU,Bermuda,2012,,20.0,,17.6125,,
BMU,Bermuda,2013,,20.0,,17.6125,,
BMU,Bermuda,2014,,20.0,,17.44375,,
BMU,Bermuda,2015,,40.0,,17.70625,,
BMU,Bermuda,2016,,40.0,,18.90625,,
BMU,Bermuda,2017,,40.0,,18.2125,,
BMU,Bermuda,2018,,40.0,,16.2125,,
BMU,Bermuda,2019,,40.0,,16.73125,,
BMU,Bermuda,2020,,40.0,,24.9875,,
BMU,Bermuda,2021,,40.0,,27.13125,,
BMU,Bermuda,2022,,40.0,,26.50625,,
BMU,Bermuda,2023,,40.0,,27.24375,,
BMU,Bermuda,2024,,40.0,,25.4125,,
BOL,Bolivia,2004,,40.0,,,,
BOL,Bolivia,2005,,40.0,,70.81875,,
BOL,Bolivia,2006,,40.0,,71.56875,,
BOL,Bolivia,2007,,40.0,,72.6625,,
BOL,Bolivia,2008,,40.0,,76.03125,,
BOL,Bolivia,2009,,40.0,,77.59375,,
BOL,Bolivia,2010,,60.0,,72.5875,,
BOL,Bolivia,2011,,60.0,,73.3875,,
BOL,Bolivia,2012,,60.0,,75.34375,,
BOL,Bolivia,2013,,50.0,,71.8625,,
BOL,Bolivia,2014,,50.0,,71.14375,,
BOL,Bolivia,2015,,70.0,,66.84375,36.4166666666667,
BOL,Bolivia,2016,58.1141666666667,100.0,46.2666666666667,70.8875,58.4166666666667,15.0
BOL,Bolivia,2017,61.7525,100.0,66.8333333333333,71.9625,54.9666666666667,15.0
BOL,Bolivia,2018,59.0725,80.0,68.5333333333333,72.4625,59.3666666666667,15.0
BOL,Bolivia,2019,58.98625,80.0,68.5333333333333,70.38125,56.0166666666667,20.0
BOL,Bolivia,2020,60.7004166666667,80.0,66.3666666666667,71.41875,55.7166666666667,30.0
BOL,Bolivia,2021,67.1495833333333,80.0,66.3666666666667,81.98125,62.4,45.0
BOL,Bolivia,2022,67.0241666666667,80.0,66.9333333333333,77.8375,65.35,45.0
BOL,Bolivia,2023,68.8583333333333,80.0,66.9333333333333,81.175,61.1833333333333,55.0
BOL,Bolivia,2024,70.2320833333333,80.0,67.9,78.06875,60.1916666666667,65.0
BRA,Brazil,2004,,40.0,,,,
BRA,Brazil,2005,,40.0,,73.99375,,
BRA,Brazil,2006,,40.0,,74.59375,,
BRA,Brazil,2007,,40.0,,76.21875,,
BRA,Brazil,2008,,40.0,,75.86875,,
BRA,Brazil,2009,,40.0,,78.975,,
BRA,Brazil,2010,,50.0,,75.35625,,
BRA,Brazil,2011,,50.0,,77.3125,,
BRA,Brazil,2012,,50.0,,79.74375,,
BRA,Brazil,2013,,50.0,,79.18125,,
BRA,Brazil,2014,,50.0,,77.2875,,
BRA,Brazil,2015,,70.0,,73.54375,68.1916666666667,
BRA,Brazil,2016,74.2770833333333,90.0,80.6,74.84375,70.9416666666667,55.0
BRA,Brazil,2017,74.2466666666667,90.0,79.4666666666667,76.175,70.5916666666667,55.0
BRA,Brazil,2018,77.6133333333333,90.0,83.3,76.575,73.1916666666667,65.0
BRA,Brazil,2019,79.2570833333333,90.0,83.3,73.09375,74.8916666666667,75.0
BRA,Brazil,2020,79.1708333333333,90.0,87.0,74.1125,74.7416666666667,70.0
BRA,Brazil,2021,81.2129166666667,90.0,87.0,80.15625,78.9083333333333,70.0
BRA,Brazil,2022,81.0804166666667,90.0,87.3333333333333,72.89375,85.175,70.0
BRA,Brazil,2023,80.6391666666667,83.4,87.3333333333333,77.2875,85.175,70.0
BRA,Brazil,2024,82.3083333333334,83.4,88.9666666666667,74.9,84.275,80.0
BRB,Barbados,2004,,20.0,,,,
BRB,Barbados,2005,,20.0,,57.28125,,
BRB,Barbados,2006,,20.0,,60.4875,,
BRB,Barbados,2007,,20.0,,59.81875,,
BRB,Barbados,2008,,20.0,,60.34375,,
BRB,Barbados,2009,,20.0,,61.19375,,
BRB,Barbados,2010,,40.0,,57.45,,
BRB,Barbados,2011,,40.0,,56.68125,,
BRB,Barbados,2012,,40.0,,62.6875,,
BRB,Barbados,2013,,40.0,,63.35625,,
BRB,Barbados,2014,,40.0,,61.94375,,
BRB,Barbados,2015,,40.0,,49.71875,,
BRB,Barbados,2016,,60.0,,49.55,,25.0
BRB,Barbados,2017,,60.0,,45.3875,,25.0
BRB,Barbados,2018,,60.0,,50.425,,25.0
BRB,Barbados,2019,,60.0,,50.8375,,30.0
BRB,Barbados,2020,,60.0,,57.4,,35.0
BRB,Barbados,2021,,60.0,,62.1875,,50.0
BRB,Barbados,2022,60.69625,80.0,57.6333333333333,60.88125,49.9666666666667,55.0
BRB,Barbados,2023,62.835,80.0,57.6333333333333,54.925,51.6166666666667,70.0
BRB,Barbados,2024,61.7391666666667,80.0,62.5666666666667,53.6375,52.4916666666667,60.0
BRN,Brunei Darussalam,2004,,20.0,,,,
BRN,Brunei Darussalam,2005,,20.0,,34.575,,
BRN,Brunei Darussalam,2006,,20.0,,34.65625,,
BRN,Brunei Darussalam,2007,,20.0,,36.21875,,
BRN,Brunei Darussalam,2008,,20.0,,36.08125,,
BRN,Brunei Darussalam,2009,,20.0,,36.30625,,
BRN,Brunei Darussalam,2010,,20.0,,33.80625,,
BRN,Brunei Darussalam,2011,,30.0,,35.8,,
BRN,Brunei Darussalam,2012,,30.0,,35.8,,
BRN,Brunei Darussalam,2013,,30.0,,35.59375,,
BRN,Brunei Darussalam,2014,,40.0,,36.8,,
BRN,Brunei Darussalam,2015,,60.0,,37.975,,
BRN,Brunei Darussalam,2016,,80.0,,38.59375,,30.0
BRN,Brunei Darussalam,2017,,80.0,,40.29375,,35.0
BRN,Brunei Darussalam,2018,,80.0,,40.05625,,40.0
BRN,Brunei Darussalam,2019,,80.0,,40.71875,,45.0
BRN,Brunei Darussalam,2020,57.1933333333333,80.0,69.3333333333333,48.375,43.2583333333333,45.0
BRN,Brunei Darussalam,2021,61.715,80.0,69.3333333333333,57.7,51.5416666666667,50.0
BRN,Brunei Darussalam,2022,60.87,80.0,71.0333333333333,51.775,51.5416666666667,50.0
BRN,Brunei Darussalam,2023,63.20625,80.0,71.0333333333333,63.45625,51.5416666666667,50.0
BRN,Brunei Darussalam,2024,61.4375,80.0,72.2333333333333,61.5625,53.3916666666667,40.0
BTN,Bhutan,2004,,20.0,,,,
BTN,Bhutan,2005,,20.0,,59.375,,
BTN,Bhutan,2006,,20.0,,61.4625,,
BTN,Bhutan,2007,,20.0,,65.48125,,
BTN,Bhutan,2008,,20.0,,66.99375,,
BTN,Bhutan,2009,,20.0,,67.6875,,
BTN,Bhutan,2010,,40.0,,67.46875,,
BTN,Bhutan,2011,,40.0,,66.60625,,
BTN,Bhutan,2012,,60.0,,69.4,,
BTN,Bhutan,2013,,50.0,,68.6375,,
BTN,Bhutan,2014,,50.0,,67.425,,
BTN,Bhutan,2015,,70.0,,61.725,43.0166666666667,
BTN,Bhutan,2016,47.4979166666667,70.0,48.1333333333333,62.33125,37.025,20.0
BTN,Bhutan,2017,55.185,80.0,61.1,67.975,46.85,20.0
BTN,Bhutan,2018,53.0754166666667,70.0,59.2333333333333,68.21875,47.925,20.0
BTN,Bhutan,2019,51.9879166666667,70.0,59.2333333333333,67.78125,47.925,15.0
BTN,Bhutan,2020,51.725,70.0,60.6,68.35,44.675,15.0
BTN,Bhutan,2021,57.42375,70.0,60.6,75.19375,41.325,40.0
BTN,Bhutan,2022,57.1216666666667,70.0,64.0333333333333,68.6,42.975,40.0
BTN,Bhutan,2023,59.1054166666667,70.0,64.0333333333333,73.51875,42.975,45.0
BTN,Bhutan,2024,57.9716666666667,70.0,66.3333333333333,65.775,47.75,40.0
BWA,Botswana,2004,,20.0,,,,
BWA,Botswana,2005,,20.0,,48.9625,,
BWA,Botswana,2006,,20.0,,53.94375,,
BWA,Botswana,2007,,20.0,,55.7625,,
BWA,Botswana,2008,,20.0,,56.31875,,
BWA,Botswana,2009,,30.0,,61.80625,,
BWA,Botswana,2010,,50.0,,56.85,,
BWA,Botswana,2011,,50.0,,57.6,,
BWA,Botswana,2012,,40.0,,58.05625,,
BWA,Botswana,2013,,40.0,,58.7,,
BWA,Botswana,2014,,40.0,,62.88125,,
BWA,Botswana,2015,,60.0,,59.95625,52.3166666666667,
BWA,Botswana,2016,50.59125,66.6,43.5333333333333,62.25625,50.5666666666667,30.0
BWA,Botswana,2017,57.535,60.0,66.2333333333333,69.275,57.1666666666667,35.0
BWA,Botswana,2018,56.8104166666667,60.0,66.5666666666667,66.04375,56.4416666666667,35.0
BWA,Botswana,2019,58.0091666666667,60.0,66.5666666666667,65.3875,58.0916666666667,40.0
BWA,Botswana,2020,58.83,60.0,67.5333333333333,70.075,56.5416666666667,40.0
BWA,Botswana,2021,60.0416666666667,50.0,67.5333333333333,77.8,64.875,40.0
BWA,Botswana,2022,60.80375,50.0,68.9,72.36875,67.75,45.0
BWA,Botswana,2023,64.62375,50.0,68.9,74.81875,69.4,60.0
BWA,Botswana,2024,64.2108333333333,50.0,68.6666666666667,75.1375,67.25,60.0
CAF,Central African Republic,2004,,20.0,,,,
CAF,Central African Republic,2005,,20.0,,37.675,,
CAF,Central African Republic,2006,,20.0,,43.75,,
CAF,Central African Republic,2007,,20.0,,43.75,,
CAF,Central African Republic,2008,,20.0,,47.3625,,
CAF,Central African Republic,2009,,20.0,,47.75625,,
CAF,Central African Republic,2010,,20.0,,47.26875,,
CAF,Central African Republic,2011,,20.0,,47.2625,,
CAF,Central African Republic,2012,,20.0,,47.7625,,
CAF,Central African Republic,2013,,20.0,,44.15,,
CAF,Central African Republic,2014,,20.0,,44.49375,,
CAF,Central African Republic,2015,,40.0,,45.84375,,
CAF,Central African Republic,2016,,50.0,,46.46875,,15.0
CAF,Central African Republic,2017,,50.0,,46.65,,15.0
CAF,Central African Republic,2018,,50.0,,48.34375,,15.0
CAF,Central African Republic,2019,,50.0,,49.2,,20.0
CAF,Central African Republic,2020,,50.0,,57.2,,20.0
CAF,Central African Republic,2021,,50.0,,68.75,,25.0
CAF,Central African Republic,2022,41.6225,50.0,58.6333333333333,62.1375,12.3416666666667,25.0
CAF,Central African Republic,2023,47.26625,50.0,58.6333333333333,68.70625,13.9916666666667,45.0
CAF,Central African Republic,2024,46.8416666666667,50.0,75.7333333333333,58.375,10.1,40.0
CAN,Canada,2004,,40.0,,,,
CAN,Canada,2005,,40.0,,48.85625,,
CAN,Canada,2006,,40.0,,49.00625,,
CAN,Canada,2007,,40.0,,49.70625,,
CAN,Canada,2008,,40.0,,49.9375,,
CAN,Canada,2009,,40.0,,49.9375,,
CAN,Canada,2010,,60.0,,49.7,,
CAN,Canada,2011,,60.0,,50.09375,,
CAN,Canada,2012,,60.0,,51.34375,,
CAN,Canada,2013,,60.0,,51.29375,,
CAN,Canada,2014,,60.0,,50.56875,,
CAN,Canada,2015,,80.0,,57.16875,,
CAN,Canada,2016,86.2795833333333,100.0,95.1,59.20625,82.0916666666667,95.0
CAN,Canada,2017,86.44875,100.0,95.2333333333333,64.14375,77.8666666666667,95.0
CAN,Canada,2018,86.5708333333333,100.0,93.2,60.5375,84.1166666666667,95.0
CAN,Canada,2019,87.4658333333333,100.0,93.2,60.0125,84.1166666666667,100.0
CAN,Canada,2020,87.4366666666667,100.0,93.0666666666666,67.1,82.0166666666667,95.0
CAN,Canada,2021,93.4208333333333,100.0,93.0666666666666,83.6875,90.35,100.0
CAN,Canada,2022,91.8216666666667,100.0,92.7333333333333,76.55,89.825,100.0
CAN,Canada,2023,93.4616666666667,100.0,92.7333333333333,84.75,89.825,100.0
CAN,Canada,2024,92.35875,100.0,93.3,87.21875,91.275,90.0
CHE,Switzerland,2004,,40.0,,,,
CHE,Switzerland,2005,,40.0,,56.3375,,
CHE,Switzerland,2006,,40.0,,57.13125,,
CHE,Switzerland,2007,,40.0,,57.825,,
CHE,Switzerland,2008,,40.0,,58.175,,
CHE,Switzerland,2009,,40.0,,59.9125,,
CHE,Switzerland,2010,,60.0,,60.59375,,
CHE,Switzerland,2011,,60.0,,59.15625,,
CHE,Switzerland,2012,,60.0,,60.05,,
CHE,Switzerland,2013,,60.0,,59.01875,,
CHE,Switzerland,2014,,60.0,,60.28125,,
CHE,Switzerland,2015,,80.0,,66.83125,,
CHE,Switzerland,2016,84.39125,100.0,86.8333333333333,71.88125,73.2416666666667,90.0
CHE,Switzerland,2017,85.2566666666667,100.0,85.9666666666667,78.85,71.4666666666667,90.0
CHE,Switzerland,2018,86.2591666666667,100.0,87.6666666666667,78.5875,75.0416666666667,90.0
CHE,Switzerland,2019,86.1816666666667,100.0,87.6666666666667,76.55,76.6916666666667,90.0
CHE,Switzerland,2020,87.42,100.0,90.4333333333333,79.075,77.5916666666667,90.0
CHE,Switzerland,2021,90.3866666666667,100.0,90.4333333333333,85.575,85.925,90.0
CHE,Switzerland,2022,89.04125,100.0,88.4,82.63125,84.175,90.0
CHE,Switzerland,2023,90.2925,100.0,88.4,88.8875,84.175,90.0
CHE,Switzerland,2024,88.7125,100.0,87.9,86.4625,84.2,85.0
CHI,Channel Islands,2004,,0.0,,,,
CHI,Channel Islands,2005,,0.0,,,,
CHI,Channel Islands,2006,,0.0,,,,
CHI,Channel Islands,2007,,0.0,,,,
CHI,Channel Islands,2008,,0.0,,,,
CHI,Channel Islands,2009,,0.0,,,,
CHI,Channel Islands,2010,,0.0,,,,
CHI,Channel Islands,2011,,0.0,,,,
CHI,Channel Islands,2012,,0.0,,,,
CHI,Channel Islands,2013,,0.0,,,,
CHI,Channel Islands,2014,,0.0,,,,
CHI,Channel Islands,2015,,20.0,,,,
CHI,Channel Islands,2016,,40.0,,,,
CHI,Channel Islands,2017,,40.0,,,,
CHI,Channel Islands,2018,,40.0,,,,
CHI,Channel Islands,2019,,40.0,,,,
CHI,Channel Islands,2020,,40.0,,,,
CHI,Channel Islands,2021,,40.0,,,,
CHI,Channel Islands,2022,,40.0,,,,
CHI,Channel Islands,2023,,40.0,,,,
CHI,Channel Islands,2024,,40.0,,,,
CHL,Chile,2004,,40.0,,,,
CHL,Chile,2005,,40.0,,62.8,,
CHL,Chile,2006,,30.0,,68.94375,,
CHL,Chile,2007,,30.0,,70.8625,,
CHL,Chile,2008,,30.0,,72.65625,,
CHL,Chile,2009,,40.0,,74.7375,,
CHL,Chile,2010,,60.0,,70.24375,,
CHL,Chile,2011,,60.0,,70.59375,,
CHL,Chile,2012,,60.0,,71.53125,,
CHL,Chile,2013,,60.0,,70.34375,,
CHL,Chile,2014,,60.0,,69.14375,,
CHL,Chile,2015,,80.0,,76.44375,66.4666666666667,
CHL,Chile,2016,79.68125,100.0,81.0333333333333,76.13125,66.2416666666667,75.0
CHL,Chile,2017,78.9216666666667,100.0,74.7666666666667,82.125,62.7166666666667,75.0
CHL,Chile,2018,80.5045833333333,100.0,76.9666666666667,81.03125,59.525,85.0
CHL,Chile,2019,82.4370833333333,100.0,76.9666666666667,80.69375,59.525,95.0
CHL,Chile,2020,82.6420833333333,100.0,77.6666666666667,80.74375,59.8,95.0
CHL,Chile,2021,86.4420833333333,100.0,77.6666666666667,87.24375,72.3,95.0
CHL,Chile,2022,86.1070833333333,100.0,85.5666666666667,75.31875,74.65,95.0
CHL,Chile,2023,86.8170833333333,100.0,85.5666666666667,78.86875,74.65,95.0
CHL,Chile,2024,89.3791666666666,100.0,88.2333333333333,82.3875,81.275,95.0
CHN,China,2004,,40.0,,,,
CHN,China,2005,,40.0,,47.30625,,
CHN,China,2006,,40.0,,47.45,,
CHN,China,2007,,40.0,,48.34375,,
CHN,China,2008,,40.0,,51.20625,,
CHN,China,2009,,40.0,,51.20625,,
CHN,China,2010,,50.0,,51.65,,
CHN,China,2011,,50.0,,52.275,,
CHN,China,2012,,50.0,,53.05625,,
CHN,China,2013,,50.0,,51.3625,,
CHN,China,2014,,50.0,,50.73125,,
CHN,China,2015,,70.0,,56.79375,45.8416666666667,
CHN,China,2016,53.63625,83.4,48.5333333333333,58.90625,32.3416666666667,45.0
CHN,China,2017,55.1675,83.4,46.5333333333333,59.9875,35.9166666666667,50.0
CHN,China,2018,56.0395833333333,83.4,46.4,60.43125,34.9666666666667,55.0
CHN,China,2019,59.555,83.4,46.4,59.675,43.3,65.0
CHN,China,2020,57.4775,83.4,42.4,64.9625,41.625,55.0
CHN,China,2021,58.64875,83.4,42.4,77.51875,39.925,50.0
CHN,China,2022,55.8675,73.4,43.8,73.8625,38.275,50.0
CHN,China,2023,58.84375,73.4,43.8,78.74375,38.275,60.0
CHN,China,2024,57.9266666666667,73.4,43.9333333333333,76.6,40.7,55.0
CIV,Cote d'Ivoire,2004,,30.0,,,,
CIV,Cote d'Ivoire,2005,,30.0,,57.225,,
CIV,Cote d'Ivoire,2006,,30.0,,59.64375,,
CIV,Cote d'Ivoire,2007,,30.0,,60.0,,
CIV,Cote d'Ivoire,2008,,30.0,,63.70625,,
CIV,Cote d'Ivoire,2009,,30.0,,65.99375,,
CIV,Cote d'Ivoire,2010,,30.0,,62.13125,,
CIV,Cote d'Ivoire,2011,,30.0,,61.7,,
CIV,Cote d'Ivoire,2012,,30.0,,67.5125,,
CIV,Cote d'Ivoire,2013,,30.0,,63.61875,,
CIV,Cote d'Ivoire,2014,,20.0,,64.79375,,
CIV,Cote d'Ivoire,2015,,50.0,,63.7125,32.7166666666667,
CIV,Cote d'Ivoire,2016,46.9166666666667,70.0,41.5666666666667,71.975,36.0416666666667,15.0
CIV,Cote d'Ivoire,2017,52.155,70.0,59.1333333333333,70.85,35.7916666666667,25.0
CIV,Cote d'Ivoire,2018,53.2783333333333,70.0,59.9,69.325,37.1666666666667,30.0
CIV,Cote d'Ivoire,2019,51.7783333333333,70.0,59.9,68.475,35.5166666666667,25.0
CIV,Cote d'Ivoire,2020,56.7991666666667,70.0,64.1666666666667,74.6875,35.1416666666667,40.0
CIV,Cote d'Ivoire,2021,66.6858333333333,80.0,64.1666666666667,79.1375,45.125,65.0
CIV,Cote d'Ivoire,2022,63.75375,80.0,58.1,72.96875,42.7,65.0
CIV,Cote d'Ivoire,2023,64.88625,80.0,58.1,78.63125,42.7,65.0
CIV,Cote d'Ivoire,2024,70.20125,80.0,76.3,81.33125,43.375,70.0
CMR,Cameroon,2004,,20.0,,,,
CMR,Cameroon,2005,,20.0,,61.06875,,
CMR,Cameroon,2006,,20.0,,61.5125,,
CMR,Cameroon,2007,,30.0,,67.975,,
CMR,Cameroon,2008,,30.0,,68.25625,,
CMR,Cameroon,2009,,30.0,,70.16875,,
CMR,Cameroon,2010,,40.0,,66.96875,,
CMR,Cameroon,2011,,40.0,,68.625,,
CMR,Cameroon,2012,,40.0,,63.575,,
CMR,Cameroon,2013,,30.0,,64.0625,,
CMR,Cameroon,2014,,40.0,,72.65,,
CMR,Cameroon,2015,,60.0,,68.4375,35.9416666666667,
CMR,Cameroon,2016,52.9966666666667,80.0,47.4333333333333,69.375,33.175,35.0
CMR,Cameroon,2017,57.04,80.0,61.7,75.25,33.25,35.0
CMR,Cameroon,2018,57.0583333333333,80.0,61.5666666666667,75.8,32.925,35.0
CMR,Cameroon,2019,54.8033333333333,80.0,61.5666666666667,64.525,32.925,35.0
CMR,Cameroon,2020,53.6433333333333,60.0,63.8666666666667,74.375,34.975,35.0
CMR,Cameroon,2021,57.5270833333333,70.0,63.8666666666667,82.09375,36.675,35.0
CMR,Cameroon,2022,58.5816666666667,70.0,65.2333333333333,79.225,33.45,45.0
CMR,Cameroon,2023,60.1241666666667,70.0,65.2333333333333,76.9375,33.45,55.0
CMR,Cameroon,2024,66.0475,70.0,75.0,75.4125,39.825,70.0
COD,"Congo, Dem. Rep.",2004,,20.0,,,,
COD,"Congo, Dem. Rep.",2005,,20.0,,48.39375,,
COD,"Congo, Dem. Rep.",2006,,20.0,,48.6875,,
COD,"Congo, Dem. Rep.",2007,,20.0,,52.69375,,
COD,"Congo, Dem. Rep.",2008,,20.0,,52.4125,,
COD,"Congo, Dem. Rep.",2009,,20.0,,50.71875,,
COD,"Congo, Dem. Rep.",2010,,20.0,,46.76875,,
COD,"Congo, Dem. Rep.",2011,,20.0,,45.78125,,
COD,"Congo, Dem. Rep.",2012,,30.0,,48.93125,,
COD,"Congo, Dem. Rep.",2013,,30.0,,48.84375,,
COD,"Congo, Dem. Rep.",2014,,30.0,,52.43125,,
COD,"Congo, Dem. Rep.",2015,,50.0,,54.71875,21.9,
COD,"Congo, Dem. Rep.",2016,,50.0,,56.66875,20.425,
COD,"Congo, Dem. Rep.",2017,33.12125,53.4,24.7,53.20625,19.3,15.0
COD,"Congo, Dem. Rep.",2018,40.95625,53.4,59.6,50.25625,21.525,20.0
COD,"Congo, Dem. Rep.",2019,30.4233333333333,40.0,26.2666666666667,44.325,21.525,20.0
COD,"Congo, Dem. Rep.",2020,43.1770833333333,40.0,68.0666666666667,64.56875,23.25,20.0
COD,"Congo, Dem. Rep.",2021,47.4333333333333,40.0,68.0666666666667,67.5,21.6,40.0
COD,"Congo, Dem. Rep.",2022,45.3216666666667,40.0,62.4333333333333,63.1,21.075,40.0
COD,"Congo, Dem. Rep.",2023,46.7791666666667,40.0,62.4333333333333,68.7375,22.725,40.0
COD,"Congo, Dem. Rep.",2024,46.28125,40.0,62.8,64.25625,24.35,40.0
COG,"Congo, Rep.",2004,,20.0,,,,
COG,"Congo, Rep.",2005,,20.0,,51.71875,,
COG,"Congo, Rep.",2006,,20.0,,51.2625,,
COG,"Congo, Rep.",2007,,20.0,,50.925,,
COG,"Congo, Rep.",2008,,20.0,,50.75625,,
COG,"Congo, Rep.",2009,,20.0,,50.975,,
COG,"Congo, Rep.",2010,,40.0,,43.10625,,
COG,"Congo, Rep.",2011,,50.0,,48.375,,
COG,"Congo, Rep.",2012,,50.0,,51.25625,,
COG,"Congo, Rep.",2013,,50.0,,50.68125,,
COG,"Congo, Rep.",2014,,50.0,,49.41875,,
COG,"Congo, Rep.",2015,,70.0,,53.46875,35.8916666666667,
COG,"Congo, Rep.",2016,42.6620833333333,90.0,8.7,52.39375,32.2166666666667,30.0
COG,"Congo, Rep.",2017,41.6183333333333,80.0,27.7,49.125,31.2666666666667,20.0
COG,"Congo, Rep.",2018,36.6516666666667,60.0,27.9333333333333,48.225,27.1,20.0
COG,"Congo, Rep.",2019,36.2366666666667,60.0,27.9333333333333,47.8,25.45,20.0
COG,"Congo, Rep.",2020,31.7329166666667,30.0,29.4333333333333,52.28125,21.95,25.0
COG,"Congo, Rep.",2021,33.7954166666667,30.0,29.4333333333333,62.59375,21.95,25.0
COG,"Congo, Rep.",2022,32.4829166666667,30.0,29.4333333333333,59.38125,18.6,25.0
COG,"Congo, Rep.",2023,38.4916666666667,30.0,29.4333333333333,64.425,18.6,50.0
COG,"Congo, Rep.",2024,38.8708333333333,30.0,29.1666666666667,61.3375,23.85,50.0
COL,Colombia,2004,,40.0,,,,
COL,Colombia,2005,,40.0,,68.3375,,
COL,Colombia,2006,,40.0,,69.08125,,
COL,Colombia,2007,,40.0,,70.1375,,
COL,Colombia,2008,,40.0,,71.45625,,
COL,Colombia,2009,,40.0,,71.60625,,
COL,Colombia,2010,,60.0,,71.3625,,
COL,Colombia,2011,,60.0,,72.08125,,
COL,Colombia,2012,,60.0,,76.36875,,
COL,Colombia,2013,,60.0,,76.55625,,
COL,Colombia,2014,,60.0,,75.13125,,
COL,Colombia,2015,,80.0,,79.11875,50.6416666666667,
COL,Colombia,2016,71.59,100.0,79.6333333333333,81.425,46.8916666666667,50.0
COL,Colombia,2017,71.9825,100.0,84.3,82.9375,42.675,50.0
COL,Colombia,2018,72.2754166666667,100.0,84.2666666666667,84.01875,48.0916666666667,45.0
COL,Colombia,2019,74.0954166666667,100.0,84.2666666666667,83.11875,48.0916666666667,55.0
COL,Colombia,2020,79.0683333333333,100.0,85.0,85.575,69.7666666666667,55.0
COL,Colombia,2021,82.7475,80.0,85.0,92.3375,76.4,80.0
COL,Colombia,2022,82.22375,80.0,85.2,87.94375,77.975,80.0
COL,Colombia,2023,83.2725,80.0,85.2,88.1875,77.975,85.0
COL,Colombia,2024,83.4383333333333,80.0,88.3666666666667,86.325,82.5,80.0
COM,Comoros,2004,,20.0,,,,
COM,Comoros,2005,,20.0,,51.71875,,
COM,Comoros,2006,,20.0,,53.38125,,
COM,Comoros,2007,,20.0,,53.38125,,
COM,Comoros,2008,,20.0,,54.5625,,
COM,Comoros,2009,,20.0,,50.175,,
COM,Comoros,2010,,0.0,,46.44375,,
COM,Comoros,2011,,0.0,,47.2125,,
COM,Comoros,2012,,0.0,,56.61875,,
COM,Comoros,2013,,0.0,,55.8125,,
COM,Comoros,2014,,40.0,,58.65,,
COM,Comoros,2015,,40.0,,55.125,,
COM,Comoros,2016,,60.0,,54.49375,,20.0
COM,Comoros,2017,,80.0,,54.8875,,20.0
COM,Comoros,2018,,80.0,,54.6125,,25.0
COM,Comoros,2019,,80.0,,52.65625,,30.0
COM,Comoros,2020,,60.0,,61.21875,,30.0
COM,Comoros,2021,,70.0,,68.23125,,40.0
COM,Comoros,2022,,80.0,,64.325,,40.0
COM,Comoros,2023,,80.0,,71.275,,40.0
COM,Comoros,2024,50.50375,80.0,33.6,72.94375,25.975,40.0
CPV,Cabo Verde,2004,,20.0,,,,
CPV,Cabo Verde,2005,,20.0,,50.46875,,
CPV,Cabo Verde,2006,,20.0,,50.10625,,
CPV,Cabo Verde,2007,,20.0,,53.11875,,
CPV,Cabo Verde,2008,,20.0,,52.9125,,
CPV,Cabo Verde,2009,,20.0,,66.25,,
CPV,Cabo Verde,2010,,40.0,,61.7,,
CPV,Cabo Verde,2011,,40.0,,63.4,,
CPV,Cabo Verde,2012,,40.0,,61.8375,,
CPV,Cabo Verde,2013,,40.0,,61.03125,,
CPV,Cabo Verde,2014,,40.0,,59.6875,,
CPV,Cabo Verde,2015,,60.0,,58.675,60.5666666666667,
CPV,Cabo Verde,2016,53.0125,80.0,45.2333333333333,59.2625,55.5666666666667,25.0
CPV,Cabo Verde,2017,55.91375,80.0,57.0333333333333,60.74375,56.7916666666667,25.0
CPV,Cabo Verde,2018,56.5529166666667,80.0,59.3333333333333,59.03125,64.4,20.0
CPV,Cabo Verde,2019,56.6654166666667,80.0,59.3333333333333,59.59375,64.4,20.0
CPV,Cabo Verde,2020,60.77125,80.0,64.8,67.98125,71.075,20.0
CPV,Cabo Verde,2021,67.385,80.0,64.8,76.05,71.075,45.0
CPV,Cabo Verde,2022,65.2020833333333,80.0,64.6666666666667,67.61875,68.725,45.0
CPV,Cabo Verde,2023,60.5241666666667,80.0,31.3333333333333,67.5625,68.725,55.0
CPV,Cabo Verde,2024,59.87375,80.0,31.8,64.66875,67.9,55.0
CRI,Costa Rica,2004,,40.0,,,,
CRI,Costa Rica,2005,,40.0,,68.775,,
CRI,Costa Rica,2006,,40.0,,68.675,,
CRI,Costa Rica,2007,,40.0,,69.375,,
CRI,Costa Rica,2008,,40.0,,71.85,,
CRI,Costa Rica,2009,,40.0,,71.85,,
CRI,Costa Rica,2010,,50.0,,70.5375,,
CRI,Costa Rica,2011,,60.0,,74.18125,,
CRI,Costa Rica,2012,,60.0,,75.325,,
CRI,Costa Rica,2013,,60.0,,73.2,,
CRI,Costa Rica,2014,,60.0,,73.60625,,
CRI,Costa Rica,2015,,80.0,,74.9375,,
CRI,Costa Rica,2016,78.36625,100.0,72.1333333333333,73.98125,65.7166666666667,80.0
CRI,Costa Rica,2017,84.2466666666667,100.0,86.7666666666667,75.2,64.2666666666667,95.0
CRI,Costa Rica,2018,83.3591666666667,100.0,86.4666666666667,75.5125,69.8166666666667,85.0
CRI,Costa Rica,2019,85.7779166666667,100.0,86.4666666666667,75.95625,71.4666666666667,95.0
CRI,Costa Rica,2020,87.99625,100.0,87.0333333333333,86.38125,71.5666666666667,95.0
CRI,Costa Rica,2021,91.0041666666667,100.0,87.0333333333333,93.0875,79.9,95.0
CRI,Costa Rica,2022,90.0945833333333,100.0,86.6666666666667,90.30625,78.5,95.0
CRI,Costa Rica,2023,89.1720833333333,100.0,86.6666666666667,90.69375,78.5,90.0
CRI,Costa Rica,2024,90.9845833333333,100.0,88.9666666666667,89.78125,81.175,95.0
CUB,Cuba,2004,,20.0,,,,
CUB,Cuba,2005,,20.0,,46.44375,,
CUB,Cuba,2006,,20.0,,46.4875,,
CUB,Cuba,2007,,20.0,,46.04375,,
CUB,Cuba,2008,,20.0,,45.81875,,
CUB,Cuba,2009,,20.0,,45.15,,
CUB,Cuba,2010,,40.0,,43.05625,,
CUB,Cuba,2011,,40.0,,42.19375,,
CUB,Cuba,2012,,40.0,,45.10625,,
CUB,Cuba,2013,,40.0,,44.4125,,
CUB,Cuba,2014,,40.0,,50.15,,
CUB,Cuba,2015,,60.0,,47.675,,
CUB,Cuba,2016,,60.0,,49.4375,,
CUB,Cuba,2017,,60.0,,48.69375,,
CUB,Cuba,2018,,50.0,,49.26875,,
CUB,Cuba,2019,,40.0,,46.875,,
CUB,Cuba,2020,,40.0,,67.43125,,
CUB,Cuba,2021,,40.0,,69.675,,
CUB,Cuba,2022,,40.0,,66.35,,
CUB,Cuba,2023,,40.0,,69.3375,,
CUB,Cuba,2024,,40.0,,61.96875,,
CUW,Curacao,2004,,0.0,,,,
CUW,Curacao,2005,,0.0,,14.8,,
CUW,Curacao,2006,,0.0,,14.6,,
CUW,Curacao,2007,,0.0,,14.6,,
CUW,Curacao,2008,,0.0,,14.54375,,
CUW,Curacao,2009,,0.0,,14.54375,,
CUW,Curacao,2010,,0.0,,14.85,,
CUW,Curacao,2011,,20.0,,16.6625,,
CUW,Curacao,2012,,20.0,,15.4375,,
CUW,Curacao,2013,,20.0,,15.4375,,
CUW,Curacao,2014,,20.0,,15.38125,,
CUW,Curacao,2015,,40.0,,14.35625,,
CUW,Curacao,2016,,60.0,,14.0125,,
CUW,Curacao,2017,,60.0,,15.075,,
CUW,Curacao,2018,,60.0,,17.775,,
CUW,Curacao,2019,,60.0,,18.5125,,
CUW,Curacao,2020,,60.0,,26.6875,,
CUW,Curacao,2021,,60.0,,28.4875,,
CUW,Curacao,2022,,60.0,,25.8875,,
CUW,Curacao,2023,,60.0,,26.5625,,
CUW,Curacao,2024,,60.0,,28.4375,,
CYM,Cayman Islands,2004,,0.0,,,,
CYM,Cayman Islands,2005,,0.0,,17.95,,
CYM,Cayman Islands,2006,,0.0,,17.15,,
CYM,Cayman Islands,2007,,0.0,,17.15,,
CYM,Cayman Islands,2008,,0.0,,17.09375,,
CYM,Cayman Islands,2009,,0.0,,17.15,,
CYM,Cayman Islands,2010,,20.0,,16.54375,,
CYM,Cayman Islands,2011,,20.0,,16.50625,,
CYM,Cayman Islands,2012,,20.0,,16.175,,
CYM,Cayman Islands,2013,,20.0,,16.175,,
CYM,Cayman Islands,2014,,20.0,,16.00625,,
CYM,Cayman Islands,2015,,30.0,,15.50625,,
CYM,Cayman Islands,2016,,50.0,,16.1,,
CYM,Cayman Islands,2017,,50.0,,16.85,,
CYM,Cayman Islands,2018,,50.0,,17.3,,
CYM,Cayman Islands,2019,,50.0,,17.10625,,
CYM,Cayman Islands,2020,,50.0,,24.25,,
CYM,Cayman Islands,2021,,30.0,,28.60625,,
CYM,Cayman Islands,2022,,30.0,,27.70625,,
CYM,Cayman Islands,2023,,30.0,,31.09375,,
CYM,Cayman Islands,2024,,30.0,,27.65625,,
CYP,Cyprus,2004,,20.0,,,,
CYP,Cyprus,2005,,40.0,,51.96875,,
CYP,Cyprus,2006,,40.0,,52.225,,
CYP,Cyprus,2007,,40.0,,53.175,,
CYP,Cyprus,2008,,40.0,,52.825,,
CYP,Cyprus,2009,,40.0,,52.825,,
CYP,Cyprus,2010,,60.0,,53.63125,,
CYP,Cyprus,2011,,60.0,,54.06875,,
CYP,Cyprus,2012,,60.0,,55.31875,,
CYP,Cyprus,2013,,40.0,,55.0875,,
CYP,Cyprus,2014,,60.0,,55.51875,,
CYP,Cyprus,2015,,80.0,,53.54375,,
CYP,Cyprus,2016,66.5145833333333,80.0,49.1,53.90625,69.5666666666667,80.0
CYP,Cyprus,2017,66.8141666666667,80.0,52.1666666666667,54.4125,67.4916666666667,80.0
CYP,Cyprus,2018,79.8841666666667,100.0,92.2666666666667,54.6625,67.4916666666667,85.0
CYP,Cyprus,2019,79.6179166666667,100.0,92.2666666666667,53.33125,67.4916666666667,85.0
CYP,Cyprus,2020,76.7916666666667,80.0,91.3666666666667,59.95,67.6416666666667,85.0
CYP,Cyprus,2021,86.5670833333333,100.0,91.3666666666667,70.49375,75.975,95.0
CYP,Cyprus,2022,85.7320833333333,100.0,90.5666666666667,67.94375,75.15,95.0
CYP,Cyprus,2023,88.0020833333333,100.0,90.5666666666667,79.29375,75.15,95.0
CYP,Cyprus,2024,85.0570833333333,100.0,86.5666666666667,78.96875,74.75,85.0
CZE,Czechia,2004,,30.0,,,,
CZE,Czechia,2005,,40.0,,44.26875,,
CZE,Czechia,2006,,40.0,,43.475,,
CZE,Czechia,2007,,40.0,,44.425,,
CZE,Czechia,2008,,40.0,,44.775,,
CZE,Czechia,2009,,40.0,,46.09375,,
CZE,Czechia,2010,,60.0,,47.125,,
CZE,Czechia,2011,,60.0,,50.75,,
CZE,Czechia,2012,,60.0,,53.14375,,
CZE,Czechia,2013,,60.0,,52.375,,
CZE,Czechia,2014,,60.0,,52.725,,
CZE,Czechia,2015,,80.0,,68.11875,,
CZE,Czechia,2016,80.0025,100.0,61.3333333333333,70.1875,78.4916666666667,90.0
CZE,Czechia,2017,80.47125,100.0,56.8333333333333,75.48125,75.0416666666667,95.0
CZE,Czechia,2018,86.8858333333334,100.0,90.1,75.3625,73.9666666666667,95.0
CZE,Czechia,2019,86.7308333333333,100.0,90.1,74.5875,73.9666666666667,95.0
CZE,Czechia,2020,87.8920833333333,100.0,89.6,77.11875,77.7416666666667,95.0
CZE,Czechia,2021,92.01125,100.0,89.6,84.38125,86.075,100.0
CZE,Czechia,2022,89.61625,100.0,89.1,72.90625,86.075,100.0
CZE,Czechia,2023,91.04125,100.0,89.1,85.03125,86.075,95.0
CZE,Czechia,2024,87.01,100.0,89.0,82.6,78.45,85.0
DEU,Germany,2004,,40.0,,,,
DEU,Germany,2005,,40.0,,46.96875,,
DEU,Germany,2006,,40.0,,46.6,,
DEU,Germany,2007,,40.0,,47.55625,,
DEU,Germany,2008,,40.0,,47.275,,
DEU,Germany,2009,,40.0,,46.275,,
DEU,Germany,2010,,60.0,,46.825,,
DEU,Germany,2011,,60.0,,47.50625,,
DEU,Germany,2012,,60.0,,50.43125,,
DEU,Germany,2013,,60.0,,49.825,,
DEU,Germany,2014,,60.0,,50.25625,,
DEU,Germany,2015,,80.0,,62.89375,,
DEU,Germany,2016,84.9066666666667,100.0,90.6666666666667,66.075,72.7916666666667,95.0
DEU,Germany,2017,85.5679166666667,100.0,91.0666666666666,70.15625,71.6166666666667,95.0
DEU,Germany,2018,87.4416666666667,100.0,96.4666666666667,70.825,74.9166666666667,95.0
DEU,Germany,2019,87.8279166666667,100.0,96.4666666666667,71.10625,76.5666666666667,95.0
DEU,Germany,2020,87.80625,100.0,95.3333333333333,71.63125,77.0666666666667,95.0
DEU,Germany,2021,92.1391666666667,100.0,95.3333333333333,84.9625,85.4,95.0
DEU,Germany,2022,91.7820833333333,100.0,94.8666666666667,82.36875,86.675,95.0
DEU,Germany,2023,92.4708333333333,100.0,94.8666666666667,85.8125,86.675,95.0
DEU,Germany,2024,90.0554166666667,100.0,95.3333333333333,83.84375,86.1,85.0
DJI,Djibouti,2004,,20.0,,,,
DJI,Djibouti,2005,,20.0,,48.05625,,
DJI,Djibouti,2006,,20.0,,50.2125,,
DJI,Djibouti,2007,,20.0,,50.1,,
DJI,Djibouti,2008,,20.0,,49.9625,,
DJI,Djibouti,2009,,20.0,,50.76875,,
DJI,Djibouti,2010,,20.0,,48.675,,
DJI,Djibouti,2011,,20.0,,45.7375,,
DJI,Djibouti,2012,,0.0,,52.86875,,
DJI,Djibouti,2013,,0.0,,54.45625,,
DJI,Djibouti,2014,,0.0,,53.8875,,
DJI,Djibouti,2015,,20.0,,51.9,18.1833333333333,
DJI,Djibouti,2016,23.96375,40.0,8.16666666666667,49.71875,16.9333333333333,5.0
DJI,Djibouti,2017,29.8733333333333,50.0,26.4333333333333,41.875,16.0583333333333,15.0
DJI,Djibouti,2018,37.105,50.0,60.3666666666667,40.75,14.4083333333333,20.0
DJI,Djibouti,2019,38.27625,50.0,60.3666666666667,41.60625,14.4083333333333,25.0
DJI,Djibouti,2020,39.9570833333333,50.0,59.7,51.69375,13.3916666666667,25.0
DJI,Djibouti,2021,46.7020833333333,50.0,59.7,63.76875,15.0416666666667,45.0
DJI,Djibouti,2022,44.6766666666667,50.0,59.4666666666667,53.35,15.5666666666667,45.0
DJI,Djibouti,2023,39.58,40.0,26.1333333333333,61.2,15.5666666666667,55.0
DJI,Djibouti,2024,38.1079166666667,40.0,28.2666666666667,55.70625,16.5666666666667,50.0
DMA,Dominica,2004,,0.0,,,,
DMA,Dominica,2005,,0.0,,39.21875,,
DMA,Dominica,2006,,0.0,,39.13125,,
DMA,Dominica,2007,,20.0,,50.5875,,
DMA,Dominica,2008,,0.0,,51.5625,,
DMA,Dominica,2009,,0.0,,51.5625,,
DMA,Dominica,2010,,0.0,,50.65625,,
DMA,Dominica,2011,,20.0,,51.7625,,
DMA,Dominica,2012,,20.0,,51.7625,,
DMA,Dominica,2013,,0.0,,50.975,,
DMA,Dominica,2014,,0.0,,50.46875,,
DMA,Dominica,2015,,30.0,,46.10625,,
DMA,Dominica,2016,,50.0,,46.25,,40.0
DMA,Dominica,2017,,30.0,,46.33125,,35.0
DMA,Dominica,2018,,30.0,,46.46875,,35.0
DMA,Dominica,2019,,50.0,,39.90625,,35.0
DMA,Dominica,2020,40.5429166666667,50.0,32.8,47.58125,42.3333333333333,30.0
DMA,Dominica,2021,38.8804166666667,30.0,32.8,59.26875,42.3333333333333,30.0
DMA,Dominica,2022,35.7225,30.0,28.2666666666667,50.9625,39.3833333333333,30.0
DMA,Dominica,2023,36.3425,30.0,28.2666666666667,54.0625,39.3833333333333,30.0
DMA,Dominica,2024,40.7070833333333,50.0,29.9333333333333,53.14375,40.4583333333333,30.0
DNK,Denmark,2004,,40.0,,,,
DNK,Denmark,2005,,40.0,,45.3625,,
DNK,Denmark,2006,,40.0,,44.36875,,
DNK,Denmark,2007,,40.0,,45.76875,,
DNK,Denmark,2008,,40.0,,46.11875,,
DNK,Denmark,2009,,40.0,,47.6375,,
DNK,Denmark,2010,,60.0,,47.7375,,
DNK,Denmark,2011,,60.0,,48.13125,,
DNK,Denmark,2012,,60.0,,49.35625,,
DNK,Denmark,2013,,60.0,,48.86875,,
DNK,Denmark,2014,,60.0,,49.66875,,
DNK,Denmark,2015,,80.0,,60.3875,,
DNK,Denmark,2016,79.6383333333334,100.0,62.9,63.225,72.0666666666667,100.0
DNK,Denmark,2017,81.1179166666667,100.0,65.0666666666667,68.35625,72.1666666666667,100.0
DNK,Denmark,2018,88.7645833333333,100.0,98.7,69.13125,75.9916666666667,100.0
DNK,Denmark,2019,88.8820833333333,100.0,98.7,68.01875,77.6916666666667,100.0
DNK,Denmark,2020,89.4591666666667,100.0,97.6666666666667,70.0125,79.6166666666667,100.0
DNK,Denmark,2021,94.4145833333333,100.0,97.6666666666667,86.45625,87.95,100.0
DNK,Denmark,2022,93.2033333333333,100.0,98.4666666666667,80.45,87.1,100.0
DNK,Denmark,2023,95.2558333333333,100.0,98.4666666666667,90.7125,87.1,100.0
DNK,Denmark,2024,92.0504166666667,100.0,97.8333333333333,87.74375,89.675,85.0
DOM,Dominican Republic,2004,,40.0,,,,
DOM,Dominican Republic,2005,,40.0,,54.44375,,
DOM,Dominican Republic,2006,,40.0,,56.13125,,
DOM,Dominican Republic,2007,,40.0,,59.5,,
DOM,Dominican Republic,2008,,40.0,,60.1625,,
DOM,Dominican Republic,2009,,40.0,,60.1625,,
DOM,Dominican Republic,2010,,60.0,,57.88125,,
DOM,Dominican Republic,2011,,60.0,,58.81875,,
DOM,Dominican Republic,2012,,60.0,,54.96875,,
DOM,Dominican Republic,2013,,60.0,,57.84375,,
DOM,Dominican Republic,2014,,60.0,,60.375,,
DOM,Dominican Republic,2015,,80.0,,61.0,43.7916666666667,
DOM,Dominican Republic,2016,63.1716666666667,100.0,48.6666666666667,65.875,41.3166666666667,60.0
DOM,Dominican Republic,2017,65.745,100.0,65.5333333333333,65.7,37.4916666666667,60.0
DOM,Dominican Republic,2018,63.1283333333333,100.0,65.6,63.075,36.9666666666667,50.0
DOM,Dominican Republic,2019,64.8345833333333,100.0,65.6,59.95625,38.6166666666667,60.0
DOM,Dominican Republic,2020,64.9525,86.6,70.3333333333333,67.6125,40.2166666666667,60.0
DOM,Dominican Republic,2021,70.6895833333333,86.6,70.3333333333333,77.13125,44.3833333333333,75.0
DOM,Dominican Republic,2022,73.2083333333333,100.0,67.9666666666667,73.6,49.475,75.0
DOM,Dominican Republic,2023,74.4533333333333,100.0,67.9666666666667,79.825,49.475,75.0
DOM,Dominican Republic,2024,75.2158333333333,100.0,69.6666666666667,75.2375,46.175,85.0
DZA,Algeria,2004,,20.0,,,,
DZA,Algeria,2005,,20.0,,54.43125,,
DZA,Algeria,2006,,20.0,,57.08125,,
DZA,Algeria,2007,,20.0,,57.225,,
DZA,Algeria,2008,,20.0,,56.45625,,
DZA,Algeria,2009,,20.0,,56.34375,,
DZA,Algeria,2010,,40.0,,51.8375,,
DZA,Algeria,2011,,40.0,,51.6875,,
DZA,Algeria,2012,,40.0,,53.10625,,
DZA,Algeria,2013,,40.0,,58.34375,,
DZA,Algeria,2014,,40.0,,55.83125,,
DZA,Algeria,2015,,60.0,,56.1375,54.9583333333333,
DZA,Algeria,2016,44.7304166666667,80.0,6.5,56.39375,55.7583333333333,25.0
DZA,Algeria,2017,48.5445833333333,80.0,26.2333333333333,55.38125,56.1083333333333,25.0
DZA,Algeria,2018,55.9183333333333,80.0,60.1333333333333,51.175,58.2833333333334,30.0
DZA,Algeria,2019,58.3225,80.0,60.1333333333333,57.3625,54.1166666666667,40.0
DZA,Algeria,2020,53.74625,80.0,25.4333333333333,71.70625,51.5916666666667,40.0
DZA,Algeria,2021,63.8041666666667,80.0,58.7666666666667,82.0125,48.2416666666667,50.0
DZA,Algeria,2022,60.9066666666667,80.0,57.8333333333333,73.225,43.475,50.0
DZA,Algeria,2023,57.3629166666667,60.0,57.8333333333333,75.50625,43.475,50.0
DZA,Algeria,2024,55.2375,60.0,58.9,67.9875,44.3,45.0
ECU,Ecuador,2004,,40.0,,,,
ECU,Ecuador,2005,,40.0,,70.575,,
ECU,Ecuador,2006,,40.0,,74.65,,
ECU,Ecuador,2007,,40.0,,75.53125,,
ECU,Ecuador,2008,,40.0,,75.80625,,
ECU,Ecuador,2009,,40.0,,76.5,,
ECU,Ecuador,2010,,60.0,,72.46875,,
ECU,Ecuador,2011,,60.0,,69.625,,
ECU,Ecuador,2012,,60.0,,74.13125,,
ECU,Ecuador,2013,,60.0,,76.0625,,
ECU,Ecuador,2014,,60.0,,74.4875,,
ECU,Ecuador,2015,,80.0,,70.81875,43.675,
ECU,Ecuador,2016,70.3695833333333,100.0,86.4666666666667,72.05625,43.325,50.0
ECU,Ecuador,2017,71.03375,100.0,87.3,77.84375,40.025,50.0
ECU,Ecuador,2018,72.9104166666666,100.0,87.7333333333333,78.74375,53.075,45.0
ECU,Ecuador,2019,72.4466666666667,100.0,87.7333333333333,76.425,53.075,45.0
ECU,Ecuador,2020,74.2008333333333,100.0,89.8666666666666,82.9375,53.2,45.0
ECU,Ecuador,2021,78.5733333333333,100.0,89.8666666666666,89.8,53.2,60.0
ECU,Ecuador,2022,78.5770833333333,100.0,89.1,86.11875,57.6666666666667,60.0
ECU,Ecuador,2023,78.4745833333333,100.0,89.1,85.60625,57.6666666666667,60.0
ECU,Ecuador,2024,79.8583333333333,100.0,89.0,80.275,60.0166666666667,70.0
EGY,"Egypt, Arab Rep.",2004,,20.0,,,,
EGY,"Egypt, Arab Rep.",2005,,20.0,,67.2125,,
EGY,"Egypt, Arab Rep.",2006,,20.0,,66.5625,,
EGY,"Egypt, Arab Rep.",2007,,20.0,,68.0375,,
EGY,"Egypt, Arab Rep.",2008,,40.0,,70.825,,
EGY,"Egypt, Arab Rep.",2009,,40.0,,72.15,,
EGY,"Egypt, Arab Rep.",2010,,50.0,,69.08125,,
EGY,"Egypt, Arab Rep.",2011,,50.0,,69.475,,
EGY,"Egypt, Arab Rep.",2012,,60.0,,72.18125,,
EGY,"Egypt, Arab Rep.",2013,,60.0,,68.95625,,
EGY,"Egypt, Arab Rep.",2014,,60.0,,75.5,,
EGY,"Egypt, Arab Rep.",2015,,80.0,,78.8875,60.3916666666667,
EGY,"Egypt, Arab Rep.",2016,76.2695833333333,100.0,77.5,79.85625,63.9916666666667,60.0
EGY,"Egypt, Arab Rep.",2017,75.5754166666667,100.0,77.3666666666667,77.94375,62.5666666666667,60.0
EGY,"Egypt, Arab Rep.",2018,75.7083333333333,100.0,76.8,79.175,62.5666666666667,60.0
EGY,"Egypt, Arab Rep.",2019,74.4008333333333,100.0,76.8,72.6375,62.5666666666667,60.0
EGY,"Egypt, Arab Rep.",2020,76.3425,100.0,77.9333333333333,76.5875,67.1916666666667,60.0
EGY,"Egypt, Arab Rep.",2021,76.6370833333333,80.0,77.9333333333333,83.89375,71.3583333333333,70.0
EGY,"Egypt, Arab Rep.",2022,75.9529166666667,80.0,77.1,80.53125,72.1333333333333,70.0
EGY,"Egypt, Arab Rep.",2023,77.7866666666667,80.0,77.1,84.7,72.1333333333333,75.0
EGY,"Egypt, Arab Rep.",2024,78.1379166666667,80.0,80.8,81.55625,73.3333333333333,75.0
ERI,Eritrea,2004,,20.0,,,,
ERI,Eritrea,2005,,20.0,,36.775,,
ERI,Eritrea,2006,,20.0,,38.4,,
ERI,Eritrea,2007,,20.0,,38.79375,,
ERI,Eritrea,2008,,0.0,,38.68125,,
ERI,Eritrea,2009,,0.0,,38.98125,,
ERI,Eritrea,2010,,20.0,,41.35,,
ERI,Eritrea,2011,,20.0,,41.4125,,
ERI,Eritrea,2012,,20.0,,41.3375,,
ERI,Eritrea,2013,,20.0,,40.30625,,
ERI,Eritrea,2014,,20.0,,39.95,,
ERI,Eritrea,2015,,30.0,,37.04375,,
ERI,Eritrea,2016,,16.6,,37.44375,,10.0
ERI,Eritrea,2017,,16.6,,39.3,,10.0
ERI,Eritrea,2018,,16.6,,37.44375,,10.0
ERI,Eritrea,2019,,16.6,,37.9125,,10.0
ERI,Eritrea,2020,,16.6,,45.08125,,15.0
ERI,Eritrea,2021,,16.6,,51.65625,,15.0
ERI,Eritrea,2022,,16.6,,46.1625,,10.0
ERI,Eritrea,2023,,16.6,,51.45,,10.0
ERI,Eritrea,2024,,16.6,,48.51875,,10.0
ESP,Spain,2004,,40.0,,,,
ESP,Spain,2005,,40.0,,53.45625,,
ESP,Spain,2006,,40.0,,54.25625,,
ESP,Spain,2007,,40.0,,54.50625,,
ESP,Spain,2008,,40.0,,54.78125,,
ESP,Spain,2009,,40.0,,56.10625,,
ESP,Spain,2010,,60.0,,56.7625,,
ESP,Spain,2011,,60.0,,57.1125,,
ESP,Spain,2012,,60.0,,58.625,,
ESP,Spain,2013,,60.0,,58.65,,
ESP,Spain,2014,,60.0,,59.78125,,
ESP,Spain,2015,,80.0,,64.8875,,
ESP,Spain,2016,86.0908333333333,100.0,90.9,69.3625,75.1916666666667,95.0
ESP,Spain,2017,86.7870833333333,100.0,87.6,74.64375,76.6916666666667,95.0
ESP,Spain,2018,87.5154166666667,100.0,90.8666666666666,75.49375,76.2166666666667,95.0
ESP,Spain,2019,88.5241666666667,100.0,90.8666666666666,75.5375,76.2166666666667,100.0
ESP,Spain,2020,87.93375,100.0,91.2333333333333,73.19375,75.2416666666667,100.0
ESP,Spain,2021,91.5341666666667,100.0,91.2333333333333,82.8625,83.575,100.0
ESP,Spain,2022,91.5025,100.0,91.2,78.5125,87.8,100.0
ESP,Spain,2023,94.325,100.0,91.2,92.625,87.8,100.0
ESP,Spain,2024,91.8229166666667,100.0,92.3333333333333,89.68125,92.1,85.0
EST,Estonia,2004,,40.0,,,,
EST,Estonia,2005,,40.0,,51.96875,,
EST,Estonia,2006,,40.0,,51.875,,
EST,Estonia,2007,,40.0,,52.125,,
EST,Estonia,2008,,40.0,,53.1,,
EST,Estonia,2009,,40.0,,53.79375,,
EST,Estonia,2010,,60.0,,56.0,,
EST,Estonia,2011,,60.0,,57.01875,,
EST,Estonia,2012,,60.0,,59.575,,
EST,Estonia,2013,,60.0,,61.8375,,
EST,Estonia,2014,,60.0,,63.175,,
EST,Estonia,2015,,80.0,,66.7375,,
EST,Estonia,2016,80.5945833333333,100.0,59.5,64.00625,79.4666666666667,100.0
EST,Estonia,2017,80.1879166666667,100.0,58.8666666666667,71.63125,70.4416666666667,100.0
EST,Estonia,2018,86.755,100.0,93.9333333333333,70.9,68.9416666666667,100.0
EST,Estonia,2019,86.41375,100.0,93.9333333333333,67.49375,70.6416666666667,100.0
EST,Estonia,2020,86.54625,100.0,91.8333333333333,70.60625,70.2916666666667,100.0
EST,Estonia,2021,86.8691666666667,80.0,91.8333333333333,83.8875,78.625,100.0
EST,Estonia,2022,91.8920833333333,100.0,96.8666666666667,80.89375,81.7,100.0
EST,Estonia,2023,92.7945833333333,100.0,96.8666666666667,85.40625,81.7,100.0
EST,Estonia,2024,88.7875,100.0,96.3,83.4375,84.2,80.0
ETH,Ethiopia,2004,,40.0,,,,
ETH,Ethiopia,2005,,30.0,,68.575,,
ETH,Ethiopia,2006,,30.0,,68.5625,,
ETH,Ethiopia,2007,,30.0,,68.7,,
ETH,Ethiopia,2008,,30.0,,68.49375,,
ETH,Ethiopia,2009,,30.0,,65.36875,,
ETH,Ethiopia,2010,,50.0,,62.13125,,
ETH,Ethiopia,2011,,30.0,,66.94375,,
ETH,Ethiopia,2012,,30.0,,68.19375,,
ETH,Ethiopia,2013,,50.0,,70.7375,,
ETH,Ethiopia,2014,,50.0,,70.33125,,
ETH,Ethiopia,2015,,80.0,,65.3375,41.325,
ETH,Ethiopia,2016,51.31875,90.0,40.4,70.26875,40.925,15.0
ETH,Ethiopia,2017,56.3720833333333,90.0,58.6666666666667,76.31875,41.875,15.0
ETH,Ethiopia,2018,54.42625,90.0,59.9666666666666,71.38125,35.7833333333333,15.0
ETH,Ethiopia,2019,50.0925,70.0,59.9666666666666,71.4125,34.0833333333333,15.0
ETH,Ethiopia,2020,50.14375,70.0,55.8666666666667,74.66875,35.1833333333333,15.0
ETH,Ethiopia,2021,60.84375,90.0,55.8666666666667,81.46875,36.8833333333333,40.0
ETH,Ethiopia,2022,61.9120833333333,90.0,64.5333333333333,75.81875,39.2083333333333,40.0
ETH,Ethiopia,2023,62.67375,90.0,64.5333333333333,78.79375,35.0416666666667,45.0
ETH,Ethiopia,2024,61.74875,90.0,64.4333333333333,74.96875,34.3416666666667,45.0
FIN,Finland,2004,,40.0,,,,
FIN,Finland,2005,,40.0,,57.23125,,
FIN,Finland,2006,,40.0,,57.9,,
FIN,Finland,2007,,40.0,,58.85625,,
FIN,Finland,2008,,40.0,,58.5125,,
FIN,Finland,2009,,40.0,,58.5125,,
FIN,Finland,2010,,60.0,,60.5,,
FIN,Finland,2011,,60.0,,60.6375,,
FIN,Finland,2012,,60.0,,62.93125,,
FIN,Finland,2013,,60.0,,62.33125,,
FIN,Finland,2014,,60.0,,62.68125,,
FIN,Finland,2015,,80.0,,66.575,,
FIN,Finland,2016,87.46125,100.0,92.3333333333333,70.55625,74.4166666666667,100.0
FIN,Finland,2017,88.5458333333333,100.0,96.0,76.2875,70.4416666666667,100.0
FIN,Finland,2018,88.7475,100.0,94.9333333333333,76.4375,72.3666666666667,100.0
FIN,Finland,2019,88.8475,100.0,94.9333333333333,75.2375,74.0666666666667,100.0
FIN,Finland,2020,90.7908333333333,100.0,95.7,79.2375,79.0166666666667,100.0
FIN,Finland,2021,94.3075,100.0,95.7,88.4875,87.35,100.0
FIN,Finland,2022,93.7491666666667,100.0,96.4333333333333,84.1375,88.175,100.0
FIN,Finland,2023,95.1154166666667,100.0,96.4333333333333,90.96875,88.175,100.0
FIN,Finland,2024,90.37125,100.0,98.2,81.55625,87.1,85.0
FJI,Fiji,2004,,20.0,,,,
FJI,Fiji,2005,,20.0,,57.91875,,
FJI,Fiji,2006,,20.0,,59.73125,,
FJI,Fiji,2007,,20.0,,60.06875,,
FJI,Fiji,2008,,30.0,,64.65625,,
FJI,Fiji,2009,,30.0,,63.9875,,
FJI,Fiji,2010,,50.0,,59.49375,,
FJI,Fiji,2011,,50.0,,60.31875,,
FJI,Fiji,2012,,50.0,,62.35,,
FJI,Fiji,2013,,60.0,,59.60625,,
FJI,Fiji,2014,,50.0,,59.2,,
FJI,Fiji,2015,,70.0,,58.43125,53.9166666666667,
FJI,Fiji,2016,55.14625,90.0,40.8333333333333,59.75625,55.1416666666667,30.0
FJI,Fiji,2017,61.6583333333333,90.0,60.2,59.225,53.8666666666667,45.0
FJI,Fiji,2018,61.6345833333333,90.0,59.5,54.80625,53.8666666666667,50.0
FJI,Fiji,2019,60.2608333333333,90.0,59.5,52.9375,53.8666666666667,45.0
FJI,Fiji,2020,54.61875,90.0,29.2333333333333,69.01875,39.8416666666667,45.0
FJI,Fiji,2021,63.9004166666667,80.0,62.5666666666667,75.44375,41.4916666666667,60.0
FJI,Fiji,2022,61.4220833333333,60.0,63.0666666666667,74.79375,49.25,60.0
FJI,Fiji,2023,62.4983333333333,60.0,63.0666666666667,78.525,50.9,60.0
FJI,Fiji,2024,67.6766666666667,80.0,63.1333333333333,74.3,55.95,65.0
FRA,France,2004,,40.0,,,,
FRA,France,2005,,40.0,,46.6625,,
FRA,France,2006,,40.0,,46.55625,,
FRA,France,2007,,40.0,,46.8125,,
FRA,France,2008,,40.0,,47.0875,,
FRA,France,2009,,40.0,,47.0875,,
FRA,France,2010,,60.0,,48.05,,
FRA,France,2011,,60.0,,47.61875,,
FRA,France,2012,,60.0,,49.13125,,
FRA,France,2013,,60.0,,47.8375,,
FRA,France,2014,,60.0,,49.05,,
FRA,France,2015,,80.0,,62.4375,,
FRA,France,2016,84.8804166666667,100.0,83.3666666666667,70.89375,70.1416666666667,100.0
FRA,France,2017,86.5266666666667,100.0,89.1666666666667,75.6,67.8666666666667,100.0
FRA,France,2018,86.4920833333333,100.0,90.8,75.59375,66.0666666666667,100.0
FRA,France,2019,86.2333333333333,100.0,90.8,74.3,66.0666666666667,100.0
FRA,France,2020,87.5466666666667,100.0,88.7666666666667,78.375,70.5916666666667,100.0
FRA,France,2021,90.7808333333333,100.0,88.7666666666667,86.2125,78.925,100.0
FRA,France,2022,90.8395833333333,100.0,92.2666666666667,81.28125,80.65,100.0
FRA,France,2023,92.8295833333333,100.0,92.2666666666667,91.23125,80.65,100.0
FRA,France,2024,88.3695833333334,100.0,90.1666666666667,88.80625,77.875,85.0
FRO,Faroe Islands,2004,,0.0,,,,
FRO,Faroe Islands,2005,,0.0,,8.40625,,
FRO,Faroe Islands,2006,,0.0,,8.20625,,
FRO,Faroe Islands,2007,,0.0,,9.76875,,
FRO,Faroe Islands,2008,,0.0,,9.76875,,
FRO,Faroe Islands,2009,,0.0,,9.76875,,
FRO,Faroe Islands,2010,,0.0,,9.1125,,
FRO,Faroe Islands,2011,,0.0,,9.68125,,
FRO,Faroe Islands,2012,,0.0,,9.2375,,
FRO,Faroe Islands,2013,,0.0,,8.34375,,
FRO,Faroe Islands,2014,,0.0,,8.34375,,
FRO,Faroe Islands,2015,,20.0,,9.01875,,
FRO,Faroe Islands,2016,,40.0,,9.76875,,
FRO,Faroe Islands,2017,,40.0,,10.54375,,
FRO,Faroe Islands,2018,,40.0,,10.71875,,
FRO,Faroe Islands,2019,,40.0,,11.39375,,
FRO,Faroe Islands,2020,,40.0,,15.13125,,
FRO,Faroe Islands,2021,,40.0,,14.675,,
FRO,Faroe Islands,2022,,40.0,,14.45,,
FRO,Faroe Islands,2023,,40.0,,20.10625,,
FRO,Faroe Islands,2024,,40.0,,21.0,,
FSM,"Micronesia, Fed. Sts.",2004,,20.0,,,,
FSM,"Micronesia, Fed. Sts.",2005,,20.0,,31.35625,,
FSM,"Micronesia, Fed. Sts.",2006,,20.0,,34.625,,
FSM,"Micronesia, Fed. Sts.",2007,,20.0,,34.625,,
FSM,"Micronesia, Fed. Sts.",2008,,20.0,,34.4875,,
FSM,"Micronesia, Fed. Sts.",2009,,20.0,,36.0875,,
FSM,"Micronesia, Fed. Sts.",2010,,20.0,,32.61875,,
FSM,"Micronesia, Fed. Sts.",2011,,20.0,,40.75,,
FSM,"Micronesia, Fed. Sts.",2012,,20.0,,41.1875,,
FSM,"Micronesia, Fed. Sts.",2013,,20.0,,42.38125,,
FSM,"Micronesia, Fed. Sts.",2014,,30.0,,43.64375,,
FSM,"Micronesia, Fed. Sts.",2015,,50.0,,42.075,22.0833333333333,
FSM,"Micronesia, Fed. Sts.",2016,25.1125,30.0,8.13333333333333,43.9375,28.4916666666667,15.0
FSM,"Micronesia, Fed. Sts.",2017,28.0345833333333,30.0,24.1,45.60625,25.4666666666667,15.0
FSM,"Micronesia, Fed. Sts.",2018,28.1975,30.0,25.6333333333333,44.8625,25.4916666666667,15.0
FSM,"Micronesia, Fed. Sts.",2019,27.90125,30.0,25.6333333333333,41.68125,27.1916666666667,15.0
FSM,"Micronesia, Fed. Sts.",2020,35.9770833333333,20.0,61.6,55.21875,28.0666666666667,15.0
FSM,"Micronesia, Fed. Sts.",2021,37.8225,20.0,61.6,58.6125,23.9,25.0
FSM,"Micronesia, Fed. Sts.",2022,36.5354166666667,20.0,59.1333333333333,56.34375,22.2,25.0
FSM,"Micronesia, Fed. Sts.",2023,36.5079166666667,20.0,59.1333333333333,56.20625,22.2,25.0
FSM,"Micronesia, Fed. Sts.",2024,37.1033333333333,20.0,58.5666666666667,54.85,22.1,30.0
GAB,Gabon,2004,,20.0,,,,
GAB,Gabon,2005,,20.0,,41.71875,,
GAB,Gabon,2006,,20.0,,42.55625,,
GAB,Gabon,2007,,0.0,,43.1125,,
GAB,Gabon,2008,,0.0,,42.94375,,
GAB,Gabon,2009,,20.0,,43.80625,,
GAB,Gabon,2010,,40.0,,39.4875,,
GAB,Gabon,2011,,40.0,,38.6125,,
GAB,Gabon,2012,,40.0,,48.55625,,
GAB,Gabon,2013,,40.0,,48.13125,,
GAB,Gabon,2014,,40.0,,46.4375,,
GAB,Gabon,2015,,60.0,,45.23125,15.1083333333333,
GAB,Gabon,2016,27.19875,46.6,6.56666666666667,47.79375,15.0333333333333,20.0
GAB,Gabon,2017,31.9983333333333,60.0,23.7333333333333,42.425,13.8333333333333,20.0
GAB,Gabon,2018,27.5720833333333,40.0,23.7333333333333,40.84375,13.2833333333333,20.0
GAB,Gabon,2019,32.0545833333333,60.0,23.7333333333333,41.55625,14.9833333333333,20.0
GAB,Gabon,2020,36.0954166666667,60.0,25.5666666666667,50.54375,24.3666666666667,20.0
GAB,Gabon,2021,45.8695833333333,60.0,25.5666666666667,66.08125,32.7,45.0
GAB,Gabon,2022,45.4354166666667,60.0,29.8333333333333,59.11875,33.225,45.0
GAB,Gabon,2023,46.8291666666667,60.0,29.8333333333333,66.0875,33.225,45.0
GAB,Gabon,2024,45.4820833333333,60.0,30.2333333333333,62.39375,29.7833333333333,45.0
GBR,United Kingdom,2004,,40.0,,,,
GBR,United Kingdom,2005,,40.0,,51.9,,
GBR,United Kingdom,2006,,40.0,,51.5,,
GBR,United Kingdom,2007,,40.0,,51.75,,
GBR,United Kingdom,2008,,40.0,,52.09375,,
GBR,United Kingdom,2009,,40.0,,53.06875,,
GBR,United Kingdom,2010,,60.0,,53.60625,,
GBR,United Kingdom,2011,,60.0,,55.60625,,
GBR,United Kingdom,2012,,60.0,,58.7125,,
GBR,United Kingdom,2013,,60.0,,58.30625,,
GBR,United Kingdom,2014,,60.0,,58.9375,,
GBR,United Kingdom,2015,,80.0,,63.09375,,
GBR,United Kingdom,2016,82.0566666666667,100.0,84.9666666666667,69.55,65.7666666666667,90.0
GBR,United Kingdom,2017,83.1716666666667,100.0,86.7666666666667,74.55,64.5416666666667,90.0
GBR,United Kingdom,2018,83.1895833333333,100.0,86.8,74.78125,64.3666666666667,90.0
GBR,United Kingdom,2019,83.0383333333333,100.0,86.8,74.025,64.3666666666667,90.0
GBR,United Kingdom,2020,83.55,100.0,87.3333333333333,76.125,64.2916666666667,90.0
GBR,United Kingdom,2021,87.3616666666667,100.0,87.3333333333333,85.2,74.275,90.0
GBR,United Kingdom,2022,86.6475,100.0,90.3,78.6875,74.25,90.0
GBR,United Kingdom,2023,88.9025,100.0,90.3,89.9625,74.25,90.0
GBR,United Kingdom,2024,88.3775,100.0,92.6,86.6625,77.625,85.0
GEO,Georgia,2004,,40.0,,,,
GEO,Georgia,2005,,40.0,,59.3125,,
GEO,Georgia,2006,,40.0,,59.1625,,
GEO,Georgia,2007,,40.0,,60.28125,,
GEO,Georgia,2008,,40.0,,61.46875,,
GEO,Georgia,2009,,40.0,,61.46875,,
GEO,Georgia,2010,,50.0,,55.0875,,
GEO,Georgia,2011,,50.0,,55.88125,,
GEO,Georgia,2012,,50.0,,55.675,,
GEO,Georgia,2013,,50.0,,57.05625,,
GEO,Georgia,2014,,50.0,,56.00625,,
GEO,Georgia,2015,,70.0,,58.16875,74.4416666666667,
GEO,Georgia,2016,77.045,90.0,84.3333333333333,64.9,70.9916666666667,75.0
GEO,Georgia,2017,80.25,100.0,85.7333333333333,73.6,66.9166666666667,75.0
GEO,Georgia,2018,78.7829166666667,100.0,86.4666666666667,73.98125,68.4666666666667,65.0
GEO,Georgia,2019,81.7304166666667,100.0,86.4666666666667,73.71875,68.4666666666667,80.0
GEO,Georgia,2020,86.49625,100.0,91.2333333333333,85.43125,70.8166666666667,85.0
GEO,Georgia,2021,90.0291666666667,100.0,91.2333333333333,91.4625,77.45,90.0
GEO,Georgia,2022,89.56625,100.0,92.5,86.08125,79.25,90.0
GEO,Georgia,2023,89.2675,100.0,92.5,84.5875,79.25,90.0
GEO,Georgia,2024,87.7170833333333,100.0,93.7666666666667,83.71875,81.1,80.0
GHA,Ghana,2004,,20.0,,,,
GHA,Ghana,2005,,30.0,,46.9,,
GHA,Ghana,2006,,30.0,,50.075,,
GHA,Ghana,2007,,30.0,,53.725,,
GHA,Ghana,2008,,30.0,,56.43125,,
GHA,Ghana,2009,,30.0,,57.31875,,
GHA,Ghana,2010,,50.0,,53.73125,,
GHA,Ghana,2011,,40.0,,67.375,,
GHA,Ghana,2012,,40.0,,69.2625,,
GHA,Ghana,2013,,40.0,,68.85,,
GHA,Ghana,2014,,40.0,,68.73125,,
GHA,Ghana,2015,,70.0,,67.075,46.9166666666667,
GHA,Ghana,2016,59.3425,100.0,40.2333333333333,66.2125,45.2666666666667,45.0
GHA,Ghana,2017,62.6704166666667,100.0,60.6666666666667,67.64375,45.0416666666667,40.0
GHA,Ghana,2018,62.3433333333333,90.0,61.2666666666667,66.0,54.45,40.0
GHA,Ghana,2019,64.1658333333333,90.0,61.2666666666667,65.1125,54.45,50.0
GHA,Ghana,2020,63.9729166666667,76.6,61.5333333333333,82.95625,53.775,45.0
GHA,Ghana,2021,66.1479166666667,66.6,61.5333333333333,88.83125,53.775,60.0
GHA,Ghana,2022,62.9425,56.6,61.8,79.1375,57.175,60.0
GHA,Ghana,2023,66.245,70.0,61.8,82.25,57.175,60.0
GHA,Ghana,2024,65.7383333333333,70.0,66.7333333333333,80.2,56.7583333333333,55.0
GIB,Gibraltar,2004,,0.0,,,,
GIB,Gibraltar,2005,,0.0,,8.34375,,
GIB,Gibraltar,2006,,0.0,,8.14375,,
GIB,Gibraltar,2007,,0.0,,8.14375,,
GIB,Gibraltar,2008,,0.0,,9.53125,,
GIB,Gibraltar,2009,,0.0,,9.53125,,
GIB,Gibraltar,2010,,0.0,,8.73125,,
GIB,Gibraltar,2011,,0.0,,8.73125,,
GIB,Gibraltar,2012,,0.0,,9.025,,
GIB,Gibraltar,2013,,0.0,,8.9875,,
GIB,Gibraltar,2014,,0.0,,7.7375,,
GIB,Gibraltar,2015,,20.0,,8.43125,,
GIB,Gibraltar,2016,,40.0,,10.9875,,
GIB,Gibraltar,2017,,40.0,,11.91875,,
GIB,Gibraltar,2018,,40.0,,12.13125,,
GIB,Gibraltar,2019,,40.0,,12.94375,,
GIB,Gibraltar,2020,,40.0,,20.06875,,
GIB,Gibraltar,2021,,40.0,,18.05625,,
GIB,Gibraltar,2022,,40.0,,17.15625,,
GIB,Gibraltar,2023,,40.0,,20.63125,,
GIB,Gibraltar,2024,,40.0,,21.00625,,
GIN,Guinea,2004,,20.0,,,,
GIN,Guinea,2005,,20.0,,43.025,,
GIN,Guinea,2006,,20.0,,43.0625,,
GIN,Guinea,2007,,20.0,,47.225,,
GIN,Guinea,2008,,20.0,,47.0875,,
GIN,Guinea,2009,,20.0,,47.0875,,
GIN,Guinea,2010,,20.0,,42.20625,,
GIN,Guinea,2011,,20.0,,41.225,,
GIN,Guinea,2012,,40.0,,44.03125,,
GIN,Guinea,2013,,30.0,,44.08125,,
GIN,Guinea,2014,,40.0,,53.64375,,
GIN,Guinea,2015,,60.0,,52.1875,25.475,
GIN,Guinea,2016,42.69875,80.0,47.1,55.81875,25.575,5.0
GIN,Guinea,2017,44.6575,80.0,62.0,52.8625,23.425,5.0
GIN,Guinea,2018,42.80125,66.6,61.4,55.93125,25.075,5.0
GIN,Guinea,2019,51.03875,90.0,61.4,57.06875,26.725,20.0
GIN,Guinea,2020,50.9508333333333,80.0,61.7666666666667,62.8875,30.1,20.0
GIN,Guinea,2021,60.5191666666667,80.0,61.7666666666667,76.5625,34.2666666666667,50.0
GIN,Guinea,2022,59.1379166666667,80.0,62.7666666666667,68.88125,34.0416666666667,50.0
GIN,Guinea,2023,51.3225,66.6,29.4333333333333,71.5375,34.0416666666667,55.0
GIN,Guinea,2024,49.9133333333333,66.6,30.6,62.65,34.7166666666667,55.0
GMB,"Gambia, The",2004,,20.0,,,,
GMB,"Gambia, The",2005,,20.0,,40.60625,,
GMB,"Gambia, The",2006,,20.0,,43.64375,,
GMB,"Gambia, The",2007,,20.0,,54.9875,,
GMB,"Gambia, The",2008,,20.0,,56.4375,,
GMB,"Gambia, The",2009,,20.0,,56.4375,,
GMB,"Gambia, The",2010,,20.0,,54.775,,
GMB,"Gambia, The",2011,,20.0,,55.925,,
GMB,"Gambia, The",2012,,30.0,,60.025,,
GMB,"Gambia, The",2013,,30.0,,62.93125,,
GMB,"Gambia, The",2014,,30.0,,62.31875,,
GMB,"Gambia, The",2015,,50.0,,59.0625,42.575,
GMB,"Gambia, The",2016,46.52875,70.0,38.4,59.74375,39.5,25.0
GMB,"Gambia, The",2017,50.7195833333333,70.0,59.0666666666667,62.65625,36.875,25.0
GMB,"Gambia, The",2018,52.5208333333333,70.0,61.8666666666667,64.6875,41.05,25.0
GMB,"Gambia, The",2019,48.2304166666667,70.0,28.5333333333333,64.91875,42.7,35.0
GMB,"Gambia, The",2020,55.4504166666666,90.0,32.7333333333333,78.09375,46.425,30.0
GMB,"Gambia, The",2021,67.3758333333333,80.0,66.0666666666667,89.3875,46.425,55.0
GMB,"Gambia, The",2022,66.0033333333333,80.0,65.9666666666667,82.625,46.425,55.0
GMB,"Gambia, The",2023,68.58875,90.0,65.9666666666667,86.36875,45.6083333333333,55.0
GMB,"Gambia, The",2024,67.01375,90.0,66.5666666666667,80.19375,48.3083333333333,50.0
GNB,Guinea-Bissau,2004,,20.0,,,,
GNB,Guinea-Bissau,2005,,20.0,,36.21875,,
GNB,Guinea-Bissau,2006,,20.0,,39.8,,
GNB,Guinea-Bissau,2007,,20.0,,39.8,,
GNB,Guinea-Bissau,2008,,20.0,,39.6875,,
GNB,Guinea-Bissau,2009,,20.0,,40.73125,,
GNB,Guinea-Bissau,2010,,20.0,,41.5125,,
GNB,Guinea-Bissau,2011,,20.0,,40.025,,
GNB,Guinea-Bissau,2012,,20.0,,41.275,,
GNB,Guinea-Bissau,2013,,20.0,,40.49375,,
GNB,Guinea-Bissau,2014,,20.0,,44.05,,
GNB,Guinea-Bissau,2015,,40.0,,41.99375,20.0333333333333,
GNB,Guinea-Bissau,2016,32.6775,46.6,45.4666666666667,43.4625,17.8583333333333,10.0
GNB,Guinea-Bissau,2017,41.075,60.0,61.0666666666667,50.975,13.3333333333333,20.0
GNB,Guinea-Bissau,2018,46.0166666666667,80.0,60.6,50.075,19.4083333333333,20.0
GNB,Guinea-Bissau,2019,37.7325,80.0,27.2666666666667,41.9875,19.4083333333333,20.0
GNB,Guinea-Bissau,2020,32.2329166666667,46.6,23.6666666666667,59.63125,16.2666666666667,15.0
GNB,Guinea-Bissau,2021,39.3091666666667,66.6,23.6666666666667,71.6625,14.6166666666667,20.0
GNB,Guinea-Bissau,2022,40.8591666666667,80.0,23.6666666666667,66.0125,14.6166666666667,20.0
GNB,Guinea-Bissau,2023,43.9041666666667,80.0,23.6666666666667,61.2375,14.6166666666667,40.0
GNB,Guinea-Bissau,2024,47.5233333333333,80.0,29.5,58.2,19.9166666666667,50.0
GNQ,Equatorial Guinea,2004,,20.0,,,,
GNQ,Equatorial Guinea,2005,,20.0,,39.00625,,
GNQ,Equatorial Guinea,2006,,20.0,,39.7875,,
GNQ,Equatorial Guinea,2007,,0.0,,40.83125,,
GNQ,Equatorial Guinea,2008,,0.0,,41.08125,,
GNQ,Equatorial Guinea,2009,,20.0,,38.8125,,
GNQ,Equatorial Guinea,2010,,0.0,,48.45,,
GNQ,Equatorial Guinea,2011,,20.0,,52.66875,,
GNQ,Equatorial Guinea,2012,,20.0,,53.91875,,
GNQ,Equatorial Guinea,2013,,20.0,,52.8875,,
GNQ,Equatorial Guinea,2014,,20.0,,51.8,,
GNQ,Equatorial Guinea,2015,,30.0,,49.425,,
GNQ,Equatorial Guinea,2016,,30.0,,45.8375,,20.0
GNQ,Equatorial Guinea,2017,,10.0,,45.84375,,20.0
GNQ,Equatorial Guinea,2018,,10.0,,45.39375,,25.0
GNQ,Equatorial Guinea,2019,,10.0,,44.88125,,25.0
GNQ,Equatorial Guinea,2020,33.9470833333333,10.0,59.1,51.96875,23.6666666666667,25.0
GNQ,Equatorial Guinea,2021,35.2958333333333,10.0,59.1,58.7125,23.6666666666667,25.0
GNQ,Equatorial Guinea,2022,34.8304166666667,10.0,59.5666666666667,56.09375,23.4916666666667,25.0
GNQ,Equatorial Guinea,2023,31.07125,10.0,26.2333333333333,60.63125,23.4916666666667,35.0
GNQ,Equatorial Guinea,2024,32.1475,10.0,29.6333333333333,60.4125,25.6916666666667,35.0
GRC,Greece,2004,,40.0,,,,
GRC,Greece,2005,,40.0,,43.46875,,
GRC,Greece,2006,,40.0,,44.08125,,
GRC,Greece,2007,,40.0,,46.075,,
GRC,Greece,2008,,40.0,,46.35625,,
GRC,Greece,2009,,40.0,,47.325,,
GRC,Greece,2010,,60.0,,47.3125,,
GRC,Greece,2011,,60.0,,48.95625,,
GRC,Greece,2012,,60.0,,50.29375,,
GRC,Greece,2013,,60.0,,50.04375,,
GRC,Greece,2014,,60.0,,51.175,,
GRC,Greece,2015,,80.0,,60.125,,
GRC,Greece,2016,82.5491666666667,100.0,83.2666666666667,63.1375,71.3416666666667,95.0
GRC,Greece,2017,83.86875,100.0,85.1333333333333,69.54375,69.6666666666667,95.0
GRC,Greece,2018,84.4470833333333,100.0,87.5,70.61875,69.1166666666667,95.0
GRC,Greece,2019,85.3608333333333,100.0,87.5,68.5375,70.7666666666667,100.0
GRC,Greece,2020,85.9520833333333,100.0,88.2,67.14375,74.4166666666667,100.0
GRC,Greece,2021,89.91375,100.0,88.2,78.61875,82.75,100.0
GRC,Greece,2022,88.7479166666667,100.0,88.2333333333333,74.33125,81.175,100.0
GRC,Greece,2023,90.5754166666667,100.0,88.2333333333333,83.46875,81.175,100.0
GRC,Greece,2024,86.5841666666667,100.0,85.0333333333333,82.9625,79.925,85.0
GRD,Grenada,2004,,0.0,,,,
GRD,Grenada,2005,,20.0,,57.0625,,
GRD,Grenada,2006,,20.0,,55.9125,,
GRD,Grenada,2007,,0.0,,55.9125,,
GRD,Grenada,2008,,0.0,,56.19375,,
GRD,Grenada,2009,,20.0,,56.8875,,
GRD,Grenada,2010,,20.0,,53.3375,,
GRD,Grenada,2011,,0.0,,54.09375,,
GRD,Grenada,2012,,20.0,,55.13125,,
GRD,Grenada,2013,,40.0,,55.19375,,
GRD,Grenada,2014,,40.0,,54.61875,,
GRD,Grenada,2015,,40.0,,48.7125,,
GRD,Grenada,2016,,80.0,,43.9625,,25.0
GRD,Grenada,2017,,80.0,,44.04375,,20.0
GRD,Grenada,2018,,60.0,,43.73125,,25.0
GRD,Grenada,2019,,60.0,,43.1,,25.0
GRD,Grenada,2020,,80.0,,55.95625,,20.0
GRD,Grenada,2021,,80.0,,68.675,,30.0
GRD,Grenada,2022,48.4091666666667,80.0,22.0666666666667,61.6625,48.3166666666667,30.0
GRD,Grenada,2023,49.0658333333333,80.0,22.0666666666667,59.1125,44.15,40.0
GRD,Grenada,2024,50.8104166666667,80.0,28.8333333333333,59.34375,45.875,40.0
GRL,Greenland,2004,,0.0,,,,
GRL,Greenland,2005,,0.0,,13.6125,,
GRL,Greenland,2006,,0.0,,13.4125,,
GRL,Greenland,2007,,0.0,,13.4125,,
GRL,Greenland,2008,,0.0,,13.35625,,
GRL,Greenland,2009,,0.0,,11.79375,,
GRL,Greenland,2010,,10.0,,10.6375,,
GRL,Greenland,2011,,10.0,,11.16875,,
GRL,Greenland,2012,,10.0,,10.6125,,
GRL,Greenland,2013,,10.0,,10.6125,,
GRL,Greenland,2014,,10.0,,10.6125,,
GRL,Greenland,2015,,30.0,,11.275,,
GRL,Greenland,2016,,50.0,,11.16875,,
GRL,Greenland,2017,,50.0,,11.875,,
GRL,Greenland,2018,,50.0,,11.96875,,
GRL,Greenland,2019,,50.0,,12.5375,,
GRL,Greenland,2020,,50.0,,19.39375,,
GRL,Greenland,2021,,40.0,,21.00625,,
GRL,Greenland,2022,,40.0,,21.6,,
GRL,Greenland,2023,,40.0,,22.4375,,
GRL,Greenland,2024,,40.0,,22.8125,,
GTM,Guatemala,2004,,20.0,,,,
GTM,Guatemala,2005,,20.0,,64.95,,
GTM,Guatemala,2006,,30.0,,69.3125,,
GTM,Guatemala,2007,,30.0,,70.0875,,
GTM,Guatemala,2008,,30.0,,70.4375,,
GTM,Guatemala,2009,,30.0,,71.125,,
GTM,Guatemala,2010,,50.0,,69.1625,,
GTM,Guatemala,2011,,50.0,,67.2125,,
GTM,Guatemala,2012,,40.0,,66.175,,
GTM,Guatemala,2013,,40.0,,67.40625,,
GTM,Guatemala,2014,,50.0,,66.48125,,
GTM,Guatemala,2015,,70.0,,75.575,62.9833333333333,
GTM,Guatemala,2016,58.8533333333333,90.0,42.1333333333333,77.125,60.0083333333333,25.0
GTM,Guatemala,2017,62.16,90.0,60.6666666666667,79.15,55.9833333333333,25.0
GTM,Guatemala,2018,63.1325,90.0,62.1,76.9125,61.65,25.0
GTM,Guatemala,2019,62.53625,80.0,62.1,73.93125,61.65,35.0
GTM,Guatemala,2020,69.755,80.0,62.0,76.15,65.625,65.0
GTM,Guatemala,2021,74.0341666666667,80.0,62.0,85.8625,72.3083333333333,70.0
GTM,Guatemala,2022,72.9729166666667,80.0,62.1,81.10625,71.6583333333333,70.0
GTM,Guatemala,2023,76.9379166666667,90.0,62.1,79.23125,73.3583333333333,80.0
GTM,Guatemala,2024,79.3558333333334,90.0,68.1,79.2125,69.4666666666667,90.0
GUM,Guam,2004,,0.0,,,,
GUM,Guam,2005,,0.0,,16.8875,,
GUM,Guam,2006,,0.0,,16.6875,,
GUM,Guam,2007,,0.0,,16.6875,,
GUM,Guam,2008,,0.0,,16.6875,,
GUM,Guam,2009,,0.0,,16.6875,,
GUM,Guam,2010,,20.0,,13.6,,
GUM,Guam,2011,,20.0,,13.6,,
GUM,Guam,2012,,20.0,,13.15625,,
GUM,Guam,2013,,20.0,,13.15625,,
GUM,Guam,2014,,20.0,,13.15625,,
GUM,Guam,2015,,40.0,,13.3,,
GUM,Guam,2016,,60.0,,13.24375,,
GUM,Guam,2017,,40.0,,13.99375,,
GUM,Guam,2018,,40.0,,14.78125,,
GUM,Guam,2019,,40.0,,15.34375,,
GUM,Guam,2020,,40.0,,21.1875,,
GUM,Guam,2021,,40.0,,22.09375,,
GUM,Guam,2022,,40.0,,20.94375,,
GUM,Guam,2023,,40.0,,24.8625,,
GUM,Guam,2024,,40.0,,25.63125,,
GUY,Guyana,2004,,20.0,,,,
GUY,Guyana,2005,,20.0,,54.325,,
GUY,Guyana,2006,,20.0,,55.34375,,
GUY,Guyana,2007,,20.0,,56.04375,,
GUY,Guyana,2008,,20.0,,59.30625,,
GUY,Guyana,2009,,20.0,,60.9875,,
GUY,Guyana,2010,,20.0,,60.14375,,
GUY,Guyana,2011,,20.0,,60.10625,,
GUY,Guyana,2012,,20.0,,61.775,,
GUY,Guyana,2013,,20.0,,58.95,,
GUY,Guyana,2014,,20.0,,60.70625,,
GUY,Guyana,2015,,40.0,,55.76875,18.9833333333333,
GUY,Guyana,2016,35.8866666666667,60.0,9.9,56.15,18.3833333333333,35.0
GUY,Guyana,2017,35.0425,50.0,23.9666666666667,59.0625,17.1833333333333,25.0
GUY,Guyana,2018,44.8008333333333,70.0,57.4333333333333,51.0375,20.5333333333333,25.0
GUY,Guyana,2019,48.6495833333333,80.0,57.4333333333333,46.13125,34.6833333333333,25.0
GUY,Guyana,2020,50.17375,60.0,60.9666666666666,59.19375,35.7083333333333,35.0
GUY,Guyana,2021,54.3075,60.0,60.9666666666666,71.5125,34.0583333333333,45.0
GUY,Guyana,2022,53.1045833333333,60.0,62.7333333333333,66.43125,31.3583333333333,45.0
GUY,Guyana,2023,54.0520833333333,60.0,62.7333333333333,71.16875,31.3583333333333,45.0
GUY,Guyana,2024,54.0583333333333,60.0,66.8333333333333,64.75,33.7083333333333,45.0
HIC,High income,2016,72.96,75.25,63.37,45.16,67.96,74.27
HIC,High income,2017,74.3,74.88,67.84,48.62,66.43,74.64
HIC,High income,2018,77.85,76.0,82.74,48.42,67.32,75.27
HIC,High income,2019,78.24,76.25,82.07,47.97,68.06,77.68
HIC,High income,2020,77.76,75.75,80.59,53.81,67.86,77.28
HIC,High income,2021,82.38,74.88,83.06,62.1,75.12,81.32
HIC,High income,2022,80.32,76.62,82.35,58.22,73.92,81.84
HIC,High income,2023,82.0,76.38,81.18,63.99,74.25,84.3
HIC,High income,2024,80.94,77.62,82.48,62.82,75.83,76.49
HKG,"Hong Kong SAR, China",2004,,0.0,,,,
HKG,"Hong Kong SAR, China",2005,,0.0,,26.69375,,
HKG,"Hong Kong SAR, China",2006,,0.0,,26.19375,,
HKG,"Hong Kong SAR, China",2007,,0.0,,25.85625,,
HKG,"Hong Kong SAR, China",2008,,0.0,,26.4125,,
HKG,"Hong Kong SAR, China",2009,,0.0,,26.4125,,
HKG,"Hong Kong SAR, China",2010,,0.0,,24.61875,,
HKG,"Hong Kong SAR, China",2011,,0.0,,24.73125,,
HKG,"Hong Kong SAR, China",2012,,0.0,,25.38125,,
HKG,"Hong Kong SAR, China",2013,,0.0,,28.58125,,
HKG,"Hong Kong SAR, China",2014,,0.0,,27.14375,,
HKG,"Hong Kong SAR, China",2015,,20.0,,28.925,,
HKG,"Hong Kong SAR, China",2016,,40.0,,28.86875,,
HKG,"Hong Kong SAR, China",2017,,40.0,,29.925,,
HKG,"Hong Kong SAR, China",2018,,40.0,,27.65625,,
HKG,"Hong Kong SAR, China",2019,,40.0,,28.7375,,
HKG,"Hong Kong SAR, China",2020,,40.0,,31.0625,,
HKG,"Hong Kong SAR, China",2021,,40.0,,43.81875,,
HKG,"Hong Kong SAR, China",2022,,40.0,,40.025,,
HKG,"Hong Kong SAR, China",2023,,40.0,,48.71875,,
HKG,"Hong Kong SAR, China",2024,,40.0,,48.34375,,
HND,Honduras,2004,,40.0,,,,
HND,Honduras,2005,,40.0,,64.7625,,
HND,Honduras,2006,,40.0,,68.61875,,
HND,Honduras,2007,,40.0,,68.61875,,
HND,Honduras,2008,,40.0,,69.8625,,
HND,Honduras,2009,,40.0,,69.975,,
HND,Honduras,2010,,50.0,,66.3625,,
HND,Honduras,2011,,50.0,,64.04375,,
HND,Honduras,2012,,50.0,,73.7625,,
HND,Honduras,2013,,50.0,,74.25625,,
HND,Honduras,2014,,50.0,,75.84375,,
HND,Honduras,2015,,70.0,,72.99375,51.1083333333333,
HND,Honduras,2016,59.21125,90.0,41.0666666666667,74.60625,50.3833333333333,40.0
HND,Honduras,2017,61.2129166666667,90.0,61.6,68.68125,45.7833333333333,40.0
HND,Honduras,2018,61.41,90.0,62.3666666666667,67.975,46.7083333333333,40.0
HND,Honduras,2019,61.17625,90.0,62.3666666666667,66.85625,46.6583333333333,40.0
HND,Honduras,2020,58.0445833333333,90.0,62.2333333333333,77.08125,30.9083333333333,30.0
HND,Honduras,2021,60.7825,90.0,62.2333333333333,84.1375,37.5416666666667,30.0
HND,Honduras,2022,60.4433333333333,90.0,64.0,79.175,39.0416666666667,30.0
HND,Honduras,2023,65.5008333333333,90.0,64.0,84.4625,39.0416666666667,50.0
HND,Honduras,2024,65.6825,90.0,66.0,75.4625,36.95,60.0
HRV,Croatia,2004,,40.0,,,,
HRV,Croatia,2005,,40.0,,49.1625,,
HRV,Croatia,2006,,30.0,,50.43125,,
HRV,Croatia,2007,,30.0,,51.26875,,
HRV,Croatia,2008,,40.0,,51.04375,,
HRV,Croatia,2009,,40.0,,53.35625,,
HRV,Croatia,2010,,60.0,,52.13125,,
HRV,Croatia,2011,,60.0,,54.28125,,
HRV,Croatia,2012,,60.0,,53.4625,,
HRV,Croatia,2013,,60.0,,53.76875,,
HRV,Croatia,2014,,60.0,,53.3375,,
HRV,Croatia,2015,,70.0,,47.175,,
HRV,Croatia,2016,66.4333333333333,90.0,51.5,48.35,67.3166666666667,75.0
HRV,Croatia,2017,65.02,80.0,47.7333333333333,58.5,63.8666666666667,75.0
HRV,Croatia,2018,70.5216666666667,100.0,50.7666666666667,57.625,64.2166666666667,80.0
HRV,Croatia,2019,70.7941666666667,90.0,50.7666666666667,57.2875,65.9166666666667,90.0
HRV,Croatia,2020,76.0133333333334,100.0,56.0,66.45,67.6166666666667,90.0
HRV,Croatia,2021,86.5179166666667,100.0,89.3333333333333,72.30625,75.95,95.0
HRV,Croatia,2022,84.8408333333333,100.0,87.3666666666667,65.0125,76.825,95.0
HRV,Croatia,2023,87.0233333333333,100.0,87.3666666666667,75.925,76.825,95.0
HRV,Croatia,2024,85.0504166666667,100.0,87.5333333333333,81.76875,75.95,80.0
HTI,Haiti,2004,,20.0,,,,
HTI,Haiti,2005,,20.0,,39.7125,,
HTI,Haiti,2006,,20.0,,43.75,,
HTI,Haiti,2007,,20.0,,44.375,,
HTI,Haiti,2008,,20.0,,44.20625,,
HTI,Haiti,2009,,20.0,,44.20625,,
HTI,Haiti,2010,,40.0,,40.325,,
HTI,Haiti,2011,,40.0,,36.83125,,
HTI,Haiti,2012,,60.0,,48.25,,
HTI,Haiti,2013,,50.0,,48.1125,,
HTI,Haiti,2014,,50.0,,47.55625,,
HTI,Haiti,2015,,70.0,,48.25,19.2,
HTI,Haiti,2016,36.1866666666667,90.0,1.73333333333333,50.0,19.2,20.0
HTI,Haiti,2017,40.665,90.0,20.8,50.025,22.5,20.0
HTI,Haiti,2018,41.2425,60.0,53.0,50.7125,22.5,20.0
HTI,Haiti,2019,34.6795833333333,60.0,19.6666666666667,51.23125,22.5,20.0
HTI,Haiti,2020,38.2520833333333,50.0,17.9333333333333,64.99375,18.3333333333333,40.0
HTI,Haiti,2021,40.5720833333333,50.0,17.9333333333333,71.59375,18.3333333333333,45.0
HTI,Haiti,2022,36.5566666666667,40.0,18.0,61.45,18.3333333333333,45.0
HTI,Haiti,2023,37.6054166666667,40.0,18.0,61.69375,18.3333333333333,50.0
HTI,Haiti,2024,38.7441666666667,40.0,24.9666666666667,56.2125,17.5416666666667,55.0
HUN,Hungary,2004,,40.0,,,,
HUN,Hungary,2005,,40.0,,44.38125,,
HUN,Hungary,2006,,40.0,,43.3875,,
HUN,Hungary,2007,,40.0,,44.34375,,
HUN,Hungary,2008,,40.0,,44.69375,,
HUN,Hungary,2009,,40.0,,45.3875,,
HUN,Hungary,2010,,60.0,,46.56875,,
HUN,Hungary,2011,,60.0,,47.00625,,
HUN,Hungary,2012,,60.0,,48.24375,,
HUN,Hungary,2013,,60.0,,46.93125,,
HUN,Hungary,2014,,60.0,,50.15,,
HUN,Hungary,2015,,80.0,,57.76875,,
HUN,Hungary,2016,83.7516666666667,100.0,85.5666666666667,60.925,72.2666666666667,100.0
HUN,Hungary,2017,84.5366666666667,100.0,85.3666666666667,69.05,68.2666666666667,100.0
HUN,Hungary,2018,84.6366666666667,100.0,86.8666666666667,69.7,66.6166666666667,100.0
HUN,Hungary,2019,84.8341666666667,100.0,86.8666666666667,69.0375,68.2666666666667,100.0
HUN,Hungary,2020,86.09375,100.0,89.0333333333333,67.39375,74.0416666666667,100.0
HUN,Hungary,2021,89.9304166666667,100.0,89.0333333333333,88.24375,82.375,90.0
HUN,Hungary,2022,86.8725,90.0,89.0,84.7125,80.65,90.0
HUN,Hungary,2023,90.22125,90.0,89.0,91.45625,80.65,100.0
HUN,Hungary,2024,87.8716666666667,90.0,95.5333333333333,89.7,84.125,80.0
IDN,Indonesia,2004,,40.0,,,,
IDN,Indonesia,2005,,40.0,,60.94375,,
IDN,Indonesia,2006,,40.0,,62.13125,,
IDN,Indonesia,2007,,40.0,,63.9875,,
IDN,Indonesia,2008,,40.0,,64.8,,
IDN,Indonesia,2009,,40.0,,69.53125,,
IDN,Indonesia,2010,,60.0,,66.90625,,
IDN,Indonesia,2011,,60.0,,67.2375,,
IDN,Indonesia,2012,,60.0,,71.19375,,
IDN,Indonesia,2013,,60.0,,71.125,,
IDN,Indonesia,2014,,60.0,,69.06875,,
IDN,Indonesia,2015,,80.0,,65.48125,46.8166666666667,
IDN,Indonesia,2016,68.5645833333333,100.0,76.9,67.58125,43.3416666666667,55.0
IDN,Indonesia,2017,70.4541666666667,100.0,86.2666666666667,68.9125,47.0916666666667,50.0
IDN,Indonesia,2018,72.02125,100.0,87.3333333333333,75.63125,42.1416666666667,55.0
IDN,Indonesia,2019,71.8725,100.0,87.3333333333333,74.8875,42.1416666666667,55.0
IDN,Indonesia,2020,74.08875,100.0,91.7333333333333,80.04375,43.6666666666667,55.0
IDN,Indonesia,2021,78.7891666666667,100.0,91.7333333333333,90.2125,52.0,60.0
IDN,Indonesia,2022,78.5958333333333,100.0,91.5666666666667,84.5125,56.9,60.0
IDN,Indonesia,2023,81.0933333333333,100.0,91.5666666666667,87.0,56.9,70.0
IDN,Indonesia,2024,82.3445833333333,100.0,91.8666666666666,86.13125,58.725,75.0
IMN,Isle of Man,2004,,0.0,,,,
IMN,Isle of Man,2005,,0.0,,6.58125,,
IMN,Isle of Man,2006,,0.0,,7.225,,
IMN,Isle of Man,2007,,0.0,,7.225,,
IMN,Isle of Man,2008,,0.0,,7.225,,
IMN,Isle of Man,2009,,0.0,,8.7875,,
IMN,Isle of Man,2010,,10.0,,8.6125,,
IMN,Isle of Man,2011,,10.0,,8.40625,,
IMN,Isle of Man,2012,,10.0,,8.18125,,
IMN,Isle of Man,2013,,10.0,,8.18125,,
IMN,Isle of Man,2014,,10.0,,8.18125,,
IMN,Isle of Man,2015,,30.0,,8.96875,,
IMN,Isle of Man,2016,,30.0,,8.96875,,
IMN,Isle of Man,2017,,50.0,,9.9,,
IMN,Isle of Man,2018,,50.0,,10.275,,
IMN,Isle of Man,2019,,50.0,,10.88125,,
IMN,Isle of Man,2020,,50.0,,11.7,,
IMN,Isle of Man,2021,,50.0,,12.35,,
IMN,Isle of Man,2022,,40.0,,11.525,,
IMN,Isle of Man,2023,,40.0,,13.81875,,
IMN,Isle of Man,2024,,40.0,,12.775,,
IND,India,2004,,30.0,,,,
IND,India,2005,,30.0,,56.03125,,
IND,India,2006,,20.0,,58.025,,
IND,India,2007,,20.0,,58.025,,
IND,India,2008,,20.0,,57.74375,,
IND,India,2009,,40.0,,58.65,,
IND,India,2010,,40.0,,54.65625,,
IND,India,2011,,40.0,,56.93125,,
IND,India,2012,,40.0,,58.80625,,
IND,India,2013,,40.0,,57.0625,,
IND,India,2014,,40.0,,58.75625,,
IND,India,2015,,60.0,,59.8125,52.2666666666667,
IND,India,2016,65.71875,80.0,85.7333333333333,63.84375,49.0166666666667,50.0
IND,India,2017,64.9958333333333,70.0,86.3,60.2125,58.4666666666667,50.0
IND,India,2018,67.0854166666667,80.0,87.9666666666667,60.21875,57.2416666666667,50.0
IND,India,2019,68.3804166666667,80.0,87.9666666666667,59.99375,58.9416666666667,55.0
IND,India,2020,73.48875,80.0,88.3333333333333,74.91875,69.1916666666667,55.0
IND,India,2021,77.4279166666667,80.0,88.3333333333333,86.28125,77.525,55.0
IND,India,2022,76.9408333333333,90.0,87.7333333333333,79.1375,72.8333333333333,55.0
IND,India,2023,77.3083333333333,90.0,87.7333333333333,84.275,74.5333333333333,50.0
IND,India,2024,73.7183333333333,80.0,85.1333333333333,79.275,74.1833333333333,50.0
IRL,Ireland,2004,,40.0,,,,
IRL,Ireland,2005,,40.0,,46.41875,,
IRL,Ireland,2006,,40.0,,46.36875,,
IRL,Ireland,2007,,40.0,,45.925,,
IRL,Ireland,2008,,40.0,,45.50625,,
IRL,Ireland,2009,,40.0,,46.20625,,
IRL,Ireland,2010,,60.0,,45.49375,,
IRL,Ireland,2011,,60.0,,45.73125,,
IRL,Ireland,2012,,60.0,,47.875,,
IRL,Ireland,2013,,60.0,,46.575,,
IRL,Ireland,2014,,60.0,,47.00625,,
IRL,Ireland,2015,,80.0,,59.78125,,
IRL,Ireland,2016,83.9304166666667,100.0,89.2666666666667,67.96875,67.4166666666667,95.0
IRL,Ireland,2017,85.6495833333333,100.0,91.2,75.55625,66.4916666666667,95.0
IRL,Ireland,2018,86.2975,100.0,94.7333333333333,75.4125,66.3416666666667,95.0
IRL,Ireland,2019,87.3775,100.0,94.7333333333333,74.1125,68.0416666666667,100.0
IRL,Ireland,2020,88.7045833333333,100.0,96.8,74.93125,71.7916666666667,100.0
IRL,Ireland,2021,92.815,100.0,96.8,87.15,80.125,100.0
IRL,Ireland,2022,89.76125,100.0,96.3,75.45625,77.05,100.0
IRL,Ireland,2023,91.41625,100.0,96.3,83.73125,77.05,100.0
IRL,Ireland,2024,88.3179166666667,100.0,97.1333333333333,80.93125,78.525,85.0
IRN,"Iran, Islamic Rep.",2004,,20.0,,,,
IRN,"Iran, Islamic Rep.",2005,,30.0,,63.0125,,
IRN,"Iran, Islamic Rep.",2006,,40.0,,65.03125,,
IRN,"Iran, Islamic Rep.",2007,,40.0,,64.475,,
IRN,"Iran, Islamic Rep.",2008,,40.0,,64.30625,,
IRN,"Iran, Islamic Rep.",2009,,40.0,,64.2125,,
IRN,"Iran, Islamic Rep.",2010,,60.0,,63.40625,,
IRN,"Iran, Islamic Rep.",2011,,60.0,,64.85,,
IRN,"Iran, Islamic Rep.",2012,,60.0,,66.725,,
IRN,"Iran, Islamic Rep.",2013,,60.0,,66.99375,,
IRN,"Iran, Islamic Rep.",2014,,60.0,,64.94375,,
IRN,"Iran, Islamic Rep.",2015,,80.0,,59.51875,58.7416666666667,
IRN,"Iran, Islamic Rep.",2016,49.67875,100.0,8.43333333333333,51.21875,58.7416666666667,30.0
IRN,"Iran, Islamic Rep.",2017,49.1416666666667,80.0,26.7666666666667,53.025,55.9166666666667,30.0
IRN,"Iran, Islamic Rep.",2018,57.2620833333333,80.0,59.8,52.84375,58.6666666666667,35.0
IRN,"Iran, Islamic Rep.",2019,57.3583333333333,80.0,59.8,51.625,60.3666666666667,35.0
IRN,"Iran, Islamic Rep.",2020,52.1720833333333,80.0,29.3,61.26875,60.2916666666667,30.0
IRN,"Iran, Islamic Rep.",2021,57.71875,80.0,29.3,70.66875,68.625,40.0
IRN,"Iran, Islamic Rep.",2022,58.1508333333333,80.0,29.4666666666667,66.3875,69.9,45.0
IRN,"Iran, Islamic Rep.",2023,62.9625,66.6,62.8,70.5125,69.9,45.0
IRN,"Iran, Islamic Rep.",2024,63.5175,66.6,62.8,68.2875,69.9,50.0
IRQ,Iraq,2004,,20.0,,,,
IRQ,Iraq,2005,,20.0,,44.08125,,
IRQ,Iraq,2006,,20.0,,47.7625,,
IRQ,Iraq,2007,,20.0,,64.51875,,
IRQ,Iraq,2008,,20.0,,64.9875,,
IRQ,Iraq,2009,,20.0,,64.2875,,
IRQ,Iraq,2010,,30.0,,61.875,,
IRQ,Iraq,2011,,30.0,,60.41875,,
IRQ,Iraq,2012,,40.0,,63.2625,,
IRQ,Iraq,2013,,40.0,,62.34375,,
IRQ,Iraq,2014,,40.0,,61.53125,,
IRQ,Iraq,2015,,60.0,,57.30625,,
IRQ,Iraq,2016,36.7941666666667,60.0,8.86666666666667,55.1625,19.9416666666667,40.0
IRQ,Iraq,2017,34.0366666666667,40.0,24.8666666666667,49.075,16.2416666666667,40.0
IRQ,Iraq,2018,31.81125,30.0,25.0,60.33125,13.725,30.0
IRQ,Iraq,2019,35.965,30.0,25.0,61.95,27.875,35.0
IRQ,Iraq,2020,40.8379166666667,30.0,34.0333333333333,71.53125,33.625,35.0
IRQ,Iraq,2021,53.5270833333333,40.0,67.3666666666667,78.29375,36.975,45.0
IRQ,Iraq,2022,51.6666666666667,40.0,64.5333333333333,73.1,35.7,45.0
IRQ,Iraq,2023,54.1141666666667,60.0,64.5333333333333,70.3375,35.7,40.0
IRQ,Iraq,2024,53.9833333333333,60.0,66.2666666666667,66.525,37.125,40.0
ISL,Iceland,2004,,20.0,,,,
ISL,Iceland,2005,,20.0,,42.2,,
ISL,Iceland,2006,,20.0,,41.40625,,
ISL,Iceland,2007,,20.0,,41.40625,,
ISL,Iceland,2008,,20.0,,40.75625,,
ISL,Iceland,2009,,20.0,,41.38125,,
ISL,Iceland,2010,,40.0,,41.44375,,
ISL,Iceland,2011,,40.0,,43.49375,,
ISL,Iceland,2012,,40.0,,47.8875,,
ISL,Iceland,2013,,40.0,,47.50625,,
ISL,Iceland,2014,,40.0,,48.475,,
ISL,Iceland,2015,,60.0,,52.8875,,
ISL,Iceland,2016,69.4716666666667,80.0,49.5666666666667,54.75,63.0416666666667,100.0
ISL,Iceland,2017,71.7295833333334,80.0,55.9,60.48125,62.2666666666667,100.0
ISL,Iceland,2018,78.2945833333333,80.0,87.8,61.10625,62.5666666666667,100.0
ISL,Iceland,2019,78.3533333333333,80.0,87.8,59.7,64.2666666666667,100.0
ISL,Iceland,2020,79.9416666666667,80.0,86.5666666666667,67.25,65.8916666666667,100.0
ISL,Iceland,2021,83.4195833333334,80.0,86.5666666666667,76.30625,74.225,100.0
ISL,Iceland,2022,86.0866666666667,100.0,86.7333333333333,67.725,75.975,100.0
ISL,Iceland,2023,81.7425,100.0,53.4,79.3375,75.975,100.0
ISL,Iceland,2024,81.4704166666667,100.0,62.8333333333333,76.64375,77.875,90.0
ISR,Israel,2004,,40.0,,,,
ISR,Israel,2005,,40.0,,41.36875,,
ISR,Israel,2006,,40.0,,40.375,,
ISR,Israel,2007,,40.0,,40.0375,,
ISR,Israel,2008,,40.0,,40.45625,,
ISR,Israel,2009,,40.0,,41.15625,,
ISR,Israel,2010,,60.0,,39.55,,
ISR,Israel,2011,,60.0,,39.79375,,
ISR,Israel,2012,,60.0,,40.3125,,
ISR,Israel,2013,,60.0,,40.9375,,
ISR,Israel,2014,,60.0,,41.5125,,
ISR,Israel,2015,,80.0,,47.34375,,
ISR,Israel,2016,77.38,100.0,81.8666666666667,52.375,57.6583333333333,95.0
ISR,Israel,2017,81.6783333333333,100.0,84.2,61.025,68.1666666666667,95.0
ISR,Israel,2018,81.69,100.0,85.7333333333333,59.55,68.1666666666667,95.0
ISR,Israel,2019,81.4725,100.0,85.7333333333333,58.4625,68.1666666666667,95.0
ISR,Israel,2020,81.96125,100.0,86.8,64.45625,63.55,95.0
ISR,Israel,2021,84.9141666666667,100.0,86.8,70.8875,71.8833333333333,95.0
ISR,Israel,2022,85.9816666666667,100.0,90.9333333333333,66.35,77.625,95.0
ISR,Israel,2023,87.8904166666667,100.0,90.9333333333333,70.89375,77.625,100.0
ISR,Israel,2024,90.29375,100.0,94.2,78.14375,84.125,95.0
ITA,Italy,2004,,40.0,,,,
ITA,Italy,2005,,40.0,,44.9,,
ITA,Italy,2006,,40.0,,46.16875,,
ITA,Italy,2007,,40.0,,47.125,,
ITA,Italy,2008,,40.0,,46.775,,
ITA,Italy,2009,,40.0,,47.66875,,
ITA,Italy,2010,,60.0,,58.68125,,
ITA,Italy,2011,,60.0,,59.075,,
ITA,Italy,2012,,60.0,,61.2875,,
ITA,Italy,2013,,60.0,,61.4,,
ITA,Italy,2014,,60.0,,61.20625,,
ITA,Italy,2015,,80.0,,67.89375,,
ITA,Italy,2016,88.6241666666667,100.0,93.4666666666667,71.0875,78.5666666666667,100.0
ITA,Italy,2017,88.4704166666667,100.0,89.4666666666667,77.09375,75.7916666666667,100.0
ITA,Italy,2018,88.1879166666667,100.0,91.8666666666666,76.88125,72.1916666666666,100.0
ITA,Italy,2019,88.1991666666667,100.0,91.8666666666666,75.2875,73.8416666666667,100.0
ITA,Italy,2020,88.6166666666667,100.0,92.1666666666667,77.7,73.2166666666667,100.0
ITA,Italy,2021,92.4858333333333,100.0,92.1666666666667,88.7125,81.55,100.0
ITA,Italy,2022,91.4525,100.0,93.0,82.3375,81.925,100.0
ITA,Italy,2023,93.63875,100.0,93.0,93.26875,81.925,100.0
ITA,Italy,2024,90.93125,100.0,92.7,88.80625,88.15,85.0
JAM,Jamaica,2004,,40.0,,,,
JAM,Jamaica,2005,,40.0,,61.69375,,
JAM,Jamaica,2006,,40.0,,60.75,,
JAM,Jamaica,2007,,40.0,,61.1125,,
JAM,Jamaica,2008,,30.0,,63.44375,,
JAM,Jamaica,2009,,30.0,,62.8,,
JAM,Jamaica,2010,,40.0,,60.95,,
JAM,Jamaica,2011,,40.0,,64.9875,,
JAM,Jamaica,2012,,40.0,,64.9875,,
JAM,Jamaica,2013,,40.0,,64.28125,,
JAM,Jamaica,2014,,40.0,,63.64375,,
JAM,Jamaica,2015,,60.0,,59.23125,62.0916666666666,
JAM,Jamaica,2016,51.0254166666667,80.0,5.86666666666667,62.41875,61.8416666666667,45.0
JAM,Jamaica,2017,54.0858333333333,80.0,35.8,58.8375,60.7916666666667,35.0
JAM,Jamaica,2018,59.6504166666667,80.0,73.7333333333333,56.26875,58.25,30.0
JAM,Jamaica,2019,58.6429166666667,80.0,73.7333333333333,52.88125,56.6,30.0
JAM,Jamaica,2020,60.4416666666667,80.0,73.4333333333333,60.475,58.3,30.0
JAM,Jamaica,2021,71.2258333333333,100.0,73.4333333333333,77.7625,64.9333333333333,40.0
JAM,Jamaica,2022,68.9995833333333,100.0,74.3333333333333,71.43125,59.2333333333333,40.0
JAM,Jamaica,2023,71.3720833333333,100.0,74.3333333333333,76.64375,60.8833333333333,45.0
JAM,Jamaica,2024,73.4679166666667,100.0,73.6,79.53125,59.2083333333333,55.0
JOR,Jordan,2004,,30.0,,,,
JOR,Jordan,2005,,20.0,,60.74375,,
JOR,Jordan,2006,,20.0,,63.0625,,
JOR,Jordan,2007,,20.0,,64.60625,,
JOR,Jordan,2008,,20.0,,66.775,,
JOR,Jordan,2009,,20.0,,67.775,,
JOR,Jordan,2010,,60.0,,64.725,,
JOR,Jordan,2011,,60.0,,65.35,,
JOR,Jordan,2012,,60.0,,69.28125,,
JOR,Jordan,2013,,60.0,,68.875,,
JOR,Jordan,2014,,50.0,,67.8625,,
JOR,Jordan,2015,,70.0,,63.01875,72.7,
JOR,Jordan,2016,56.1858333333333,80.0,46.7666666666667,64.5125,69.65,20.0
JOR,Jordan,2017,54.8420833333333,80.0,46.3666666666667,60.56875,67.275,20.0
JOR,Jordan,2018,56.22,80.0,47.5,69.825,68.775,15.0
JOR,Jordan,2019,59.84375,80.0,47.5,71.29375,70.425,30.0
JOR,Jordan,2020,66.4808333333334,80.0,49.5666666666667,80.9625,66.875,55.0
JOR,Jordan,2021,77.145,80.0,82.9,87.6,65.225,70.0
JOR,Jordan,2022,78.6245833333333,80.0,90.3666666666667,84.13125,68.625,70.0
JOR,Jordan,2023,78.4520833333333,80.0,90.3666666666667,81.61875,70.275,70.0
JOR,Jordan,2024,78.8133333333333,80.0,93.5666666666667,78.8,71.7,70.0
JPN,Japan,2004,,40.0,,,,
JPN,Japan,2005,,40.0,,50.98125,,
JPN,Japan,2006,,40.0,,50.93125,,
JPN,Japan,2007,,40.0,,51.1875,,
JPN,Japan,2008,,40.0,,52.65,,
JPN,Japan,2009,,40.0,,54.16875,,
JPN,Japan,2010,,60.0,,56.21875,,
JPN,Japan,2011,,60.0,,57.125,,
JPN,Japan,2012,,60.0,,58.375,,
JPN,Japan,2013,,60.0,,58.75,,
JPN,Japan,2014,,60.0,,58.025,,
JPN,Japan,2015,,80.0,,64.1625,,
JPN,Japan,2016,76.1183333333333,100.0,52.5,68.2,69.8916666666667,90.0
JPN,Japan,2017,78.05,100.0,52.4333333333333,76.025,71.7916666666667,90.0
JPN,Japan,2018,87.0325,100.0,90.5333333333333,72.9625,76.6666666666667,95.0
JPN,Japan,2019,87.1425,100.0,90.5333333333333,73.5125,76.6666666666667,95.0
JPN,Japan,2020,87.76,100.0,89.8333333333333,76.825,77.1416666666667,95.0
JPN,Japan,2021,90.7079166666667,100.0,89.8333333333333,84.88125,83.825,95.0
JPN,Japan,2022,90.28875,100.0,90.3,82.09375,84.05,95.0
JPN,Japan,2023,90.94375,100.0,90.3,85.36875,84.05,95.0
JPN,Japan,2024,90.9929166666667,100.0,91.8333333333333,84.75625,83.375,95.0
KAZ,Kazakhstan,2004,,40.0,,,,
KAZ,Kazakhstan,2005,,40.0,,64.24375,,
KAZ,Kazakhstan,2006,,40.0,,68.24375,,
KAZ,Kazakhstan,2007,,40.0,,69.71875,,
KAZ,Kazakhstan,2008,,40.0,,70.6875,,
KAZ,Kazakhstan,2009,,40.0,,71.3875,,
KAZ,Kazakhstan,2010,,60.0,,66.25625,,
KAZ,Kazakhstan,2011,,60.0,,69.18125,,
KAZ,Kazakhstan,2012,,60.0,,71.11875,,
KAZ,Kazakhstan,2013,,60.0,,70.0875,,
KAZ,Kazakhstan,2014,,60.0,,69.875,,
KAZ,Kazakhstan,2015,,80.0,,69.6125,67.2666666666667,
KAZ,Kazakhstan,2016,71.67625,100.0,45.7333333333333,71.55625,71.0916666666667,70.0
KAZ,Kazakhstan,2017,72.4541666666667,100.0,47.6333333333333,79.8875,64.75,70.0
KAZ,Kazakhstan,2018,79.2716666666667,100.0,82.1333333333333,80.175,64.05,70.0
KAZ,Kazakhstan,2019,78.8991666666667,100.0,82.1333333333333,78.3125,64.05,70.0
KAZ,Kazakhstan,2020,78.5183333333333,90.0,88.3333333333333,81.2,63.0583333333333,70.0
KAZ,Kazakhstan,2021,82.6458333333333,100.0,88.3333333333333,89.3875,75.5083333333333,60.0
KAZ,Kazakhstan,2022,81.9291666666667,100.0,89.0,85.6625,74.9833333333333,60.0
KAZ,Kazakhstan,2023,82.8054166666667,100.0,89.0,85.04375,74.9833333333333,65.0
KAZ,Kazakhstan,2024,84.8933333333333,100.0,90.1333333333333,79.175,80.1583333333333,75.0
KEN,Kenya,2004,,20.0,,,,
KEN,Kenya,2005,,20.0,,64.0625,,
KEN,Kenya,2006,,20.0,,66.775,,
KEN,Kenya,2007,,20.0,,68.69375,,
KEN,Kenya,2008,,20.0,,68.4875,,
KEN,Kenya,2009,,20.0,,70.775,,
KEN,Kenya,2010,,30.0,,64.3625,,
KEN,Kenya,2011,,30.0,,62.075,,
KEN,Kenya,2012,,30.0,,63.00625,,
KEN,Kenya,2013,,30.0,,61.7875,,
KEN,Kenya,2014,,30.0,,67.95625,,
KEN,Kenya,2015,,50.0,,66.09375,35.9416666666667,
KEN,Kenya,2016,55.9166666666667,80.0,49.8666666666667,68.775,35.9416666666667,45.0
KEN,Kenya,2017,56.9979166666667,80.0,60.7666666666667,69.38125,34.8416666666667,40.0
KEN,Kenya,2018,54.9629166666667,70.0,60.4666666666667,68.55625,35.7916666666667,40.0
KEN,Kenya,2019,56.5345833333333,70.0,60.4666666666667,61.43125,45.775,45.0
KEN,Kenya,2020,61.3158333333333,90.0,60.6666666666667,66.1875,49.725,40.0
KEN,Kenya,2021,68.0683333333333,90.0,60.6666666666667,76.6,48.075,65.0
KEN,Kenya,2022,68.5641666666667,90.0,62.3333333333333,74.0125,46.475,70.0
KEN,Kenya,2023,70.6379166666667,90.0,62.3333333333333,84.38125,46.475,70.0
KEN,Kenya,2024,73.355,90.0,70.6,80.925,45.25,80.0
KGZ,Kyrgyz Republic,2004,,40.0,,,,
KGZ,Kyrgyz Republic,2005,,40.0,,64.825,,
KGZ,Kyrgyz Republic,2006,,40.0,,68.09375,,
KGZ,Kyrgyz Republic,2007,,40.0,,68.09375,,
KGZ,Kyrgyz Republic,2008,,40.0,,67.81875,,
KGZ,Kyrgyz Republic,2009,,40.0,,69.8375,,
KGZ,Kyrgyz Republic,2010,,60.0,,67.70625,,
KGZ,Kyrgyz Republic,2011,,60.0,,67.9875,,
KGZ,Kyrgyz Republic,2012,,60.0,,71.78125,,
KGZ,Kyrgyz Republic,2013,,60.0,,70.53125,,
KGZ,Kyrgyz Republic,2014,,60.0,,69.95625,,
KGZ,Kyrgyz Republic,2015,,80.0,,71.49375,64.95,
KGZ,Kyrgyz Republic,2016,81.0941666666667,100.0,83.9333333333333,72.5375,64.0,85.0
KGZ,Kyrgyz Republic,2017,80.13125,100.0,81.2,72.45625,62.0,85.0
KGZ,Kyrgyz Republic,2018,78.3245833333333,100.0,81.4666666666667,74.58125,65.575,70.0
KGZ,Kyrgyz Republic,2019,80.8058333333333,100.0,81.4666666666667,73.6375,63.925,85.0
KGZ,Kyrgyz Republic,2020,82.015,100.0,81.5666666666666,83.775,59.7333333333333,85.0
KGZ,Kyrgyz Republic,2021,84.2941666666667,100.0,81.5666666666666,91.8375,68.0666666666667,80.0
KGZ,Kyrgyz Republic,2022,84.6545833333333,100.0,81.0333333333333,88.10625,74.1333333333333,80.0
KGZ,Kyrgyz Republic,2023,77.7808333333333,100.0,47.7,84.5875,71.6166666666667,85.0
KGZ,Kyrgyz Republic,2024,79.1479166666667,100.0,50.8666666666667,84.00625,70.8666666666667,90.0
KHM,Cambodia,2004,,20.0,,,,
KHM,Cambodia,2005,,20.0,,65.50625,,
KHM,Cambodia,2006,,20.0,,67.025,,
KHM,Cambodia,2007,,20.0,,69.13125,,
KHM,Cambodia,2008,,20.0,,70.3375,,
KHM,Cambodia,2009,,20.0,,70.0125,,
KHM,Cambodia,2010,,30.0,,66.31875,,
KHM,Cambodia,2011,,30.0,,65.975,,
KHM,Cambodia,2012,,40.0,,67.9125,,
KHM,Cambodia,2013,,40.0,,68.2875,,
KHM,Cambodia,2014,,40.0,,70.775,,
KHM,Cambodia,2015,,60.0,,70.50625,35.0666666666667,
KHM,Cambodia,2016,53.78625,80.0,40.1333333333333,71.80625,36.9916666666667,40.0
KHM,Cambodia,2017,56.8629166666667,80.0,59.5666666666667,67.78125,36.9666666666667,40.0
KHM,Cambodia,2018,53.8333333333333,70.0,59.2,66.975,32.9916666666667,40.0
KHM,Cambodia,2019,56.1958333333333,80.0,59.2,60.4375,36.3416666666667,45.0
KHM,Cambodia,2020,54.76375,60.0,61.8333333333333,72.09375,34.8916666666667,45.0
KHM,Cambodia,2021,60.2216666666667,60.0,61.8333333333333,81.05,43.225,55.0
KHM,Cambodia,2022,60.5991666666667,60.0,63.6333333333333,78.4875,45.875,55.0
KHM,Cambodia,2023,61.6466666666667,60.0,63.6333333333333,82.025,47.575,55.0
KHM,Cambodia,2024,63.01375,60.0,64.2666666666667,79.21875,46.5833333333333,65.0
KIR,Kiribati,2004,,20.0,,,,
KIR,Kiribati,2005,,20.0,,39.4,,
KIR,Kiribati,2006,,20.0,,42.55,,
KIR,Kiribati,2007,,20.0,,42.55,,
KIR,Kiribati,2008,,20.0,,44.025,,
KIR,Kiribati,2009,,20.0,,46.35625,,
KIR,Kiribati,2010,,30.0,,43.79375,,
KIR,Kiribati,2011,,30.0,,39.9625,,
KIR,Kiribati,2012,,30.0,,39.9625,,
KIR,Kiribati,2013,,30.0,,36.0375,,
KIR,Kiribati,2014,,30.0,,37.3125,,
KIR,Kiribati,2015,,50.0,,45.34375,14.9833333333333,
KIR,Kiribati,2016,28.0595833333333,50.0,7.93333333333333,46.15625,16.2083333333333,20.0
KIR,Kiribati,2017,28.37,40.0,25.7666666666667,47.2,13.8833333333333,15.0
KIR,Kiribati,2018,28.1175,40.0,25.7666666666667,45.9375,13.8833333333333,15.0
KIR,Kiribati,2019,28.4975,40.0,25.7666666666667,46.1875,15.5333333333333,15.0
KIR,Kiribati,2020,42.8220833333333,50.0,59.1,66.14375,23.8666666666667,15.0
KIR,Kiribati,2021,46.3458333333333,50.0,59.1,75.4125,22.2166666666667,25.0
KIR,Kiribati,2022,47.2516666666667,50.0,59.8666666666667,71.175,30.2166666666667,25.0
KIR,Kiribati,2023,49.3379166666667,50.0,59.8666666666667,69.90625,31.9166666666667,35.0
KIR,Kiribati,2024,50.0416666666667,50.0,63.0666666666667,60.225,31.9166666666667,45.0
KNA,St. Kitts and Nevis,2004,,0.0,,,,
KNA,St. Kitts and Nevis,2005,,0.0,,42.60625,,
KNA,St. Kitts and Nevis,2006,,0.0,,41.4625,,
KNA,St. Kitts and Nevis,2007,,0.0,,41.83125,,
KNA,St. Kitts and Nevis,2008,,0.0,,42.45625,,
KNA,St. Kitts and Nevis,2009,,0.0,,45.95625,,
KNA,St. Kitts and Nevis,2010,,0.0,,47.3875,,
KNA,St. Kitts and Nevis,2011,,0.0,,48.11875,,
KNA,St. Kitts and Nevis,2012,,0.0,,48.4125,,
KNA,St. Kitts and Nevis,2013,,0.0,,47.63125,,
KNA,St. Kitts and Nevis,2014,,0.0,,46.925,,
KNA,St. Kitts and Nevis,2015,,20.0,,42.575,,
KNA,St. Kitts and Nevis,2016,,40.0,,41.69375,,25.0
KNA,St. Kitts and Nevis,2017,,40.0,,41.95625,,20.0
KNA,St. Kitts and Nevis,2018,,40.0,,32.56875,,20.0
KNA,St. Kitts and Nevis,2019,,40.0,,28.4,,25.0
KNA,St. Kitts and Nevis,2020,35.6083333333333,40.0,30.0666666666667,35.825,47.15,25.0
KNA,St. Kitts and Nevis,2021,44.9041666666667,40.0,63.4,44.7875,41.3333333333333,35.0
KNA,St. Kitts and Nevis,2022,44.77375,40.0,66.6666666666667,39.94375,42.2583333333333,35.0
KNA,St. Kitts and Nevis,2023,38.1608333333333,40.0,33.3333333333333,45.2125,42.2583333333333,30.0
KNA,St. Kitts and Nevis,2024,42.6591666666667,60.0,30.5,44.2375,43.5583333333333,35.0
KOR,"Korea, Rep.",2004,,20.0,,,,
KOR,"Korea, Rep.",2005,,20.0,,56.09375,,
KOR,"Korea, Rep.",2006,,20.0,,58.11875,,
KOR,"Korea, Rep.",2007,,20.0,,60.2,,
KOR,"Korea, Rep.",2008,,40.0,,59.99375,,
KOR,"Korea, Rep.",2009,,40.0,,61.00625,,
KOR,"Korea, Rep.",2010,,60.0,,61.2875,,
KOR,"Korea, Rep.",2011,,60.0,,61.775,,
KOR,"Korea, Rep.",2012,,60.0,,63.20625,,
KOR,"Korea, Rep.",2013,,60.0,,63.425,,
KOR,"Korea, Rep.",2014,,60.0,,63.25,,
KOR,"Korea, Rep.",2015,,80.0,,67.60625,,
KOR,"Korea, Rep.",2016,76.1670833333333,100.0,53.4,71.64375,75.7916666666667,80.0
KOR,"Korea, Rep.",2017,78.5020833333333,100.0,59.3,79.14375,74.0666666666667,80.0
KOR,"Korea, Rep.",2018,84.8145833333333,100.0,93.4,76.60625,74.0666666666667,80.0
KOR,"Korea, Rep.",2019,84.6170833333333,100.0,93.4,75.61875,74.0666666666667,80.0
KOR,"Korea, Rep.",2020,86.50125,100.0,92.8333333333333,79.13125,75.5416666666667,85.0
KOR,"Korea, Rep.",2021,88.9341666666667,100.0,92.8333333333333,82.9625,83.875,85.0
KOR,"Korea, Rep.",2022,88.455,100.0,93.4,78.925,84.95,85.0
KOR,"Korea, Rep.",2023,91.4525,100.0,93.4,83.9125,84.95,95.0
KOR,"Korea, Rep.",2024,91.5675,100.0,96.1,87.7125,79.025,95.0
KWT,Kuwait,2004,,20.0,,,,
KWT,Kuwait,2005,,20.0,,42.36875,,
KWT,Kuwait,2006,,20.0,,41.7625,,
KWT,Kuwait,2007,,20.0,,41.425,,
KWT,Kuwait,2008,,20.0,,42.06875,,
KWT,Kuwait,2009,,20.0,,41.44375,,
KWT,Kuwait,2010,,40.0,,38.0125,,
KWT,Kuwait,2011,,40.0,,50.1,,
KWT,Kuwait,2012,,40.0,,52.55,,
KWT,Kuwait,2013,,40.0,,51.2125,,
KWT,Kuwait,2014,,30.0,,51.0625,,
KWT,Kuwait,2015,,60.0,,55.6375,,
KWT,Kuwait,2016,45.54,80.0,12.3666666666667,49.2,56.1333333333333,30.0
KWT,Kuwait,2017,50.4166666666667,80.0,33.5,49.625,58.9583333333333,30.0
KWT,Kuwait,2018,55.7208333333334,80.0,66.3333333333333,50.0125,57.2583333333333,25.0
KWT,Kuwait,2019,58.0495833333334,80.0,66.3333333333333,51.65625,57.2583333333333,35.0
KWT,Kuwait,2020,60.1775,80.0,65.1666666666667,64.3375,56.3833333333333,35.0
KWT,Kuwait,2021,66.2354166666667,80.0,65.1666666666667,66.24375,64.7666666666667,55.0
KWT,Kuwait,2022,59.9104166666667,60.0,63.1666666666667,59.79375,61.5916666666667,55.0
KWT,Kuwait,2023,62.4379166666667,60.0,63.1666666666667,67.43125,61.5916666666667,60.0
KWT,Kuwait,2024,63.3754166666667,60.0,68.8666666666667,65.69375,62.3166666666667,60.0
LAO,Lao PDR,2004,,30.0,,,,
LAO,Lao PDR,2005,,30.0,,54.675,,
LAO,Lao PDR,2006,,30.0,,56.5,,
LAO,Lao PDR,2007,,40.0,,60.31875,,
LAO,Lao PDR,2008,,30.0,,61.1,,
LAO,Lao PDR,2009,,30.0,,61.79375,,
LAO,Lao PDR,2010,,40.0,,62.01875,,
LAO,Lao PDR,2011,,40.0,,62.6,,
LAO,Lao PDR,2012,,40.0,,65.10625,,
LAO,Lao PDR,2013,,40.0,,64.275,,
LAO,Lao PDR,2014,,40.0,,64.2125,,
LAO,Lao PDR,2015,,50.0,,59.14375,35.8416666666667,
LAO,Lao PDR,2016,41.50875,60.0,42.4333333333333,58.81875,36.2916666666667,10.0
LAO,Lao PDR,2017,45.5070833333333,80.0,40.9,55.16875,36.4666666666667,15.0
LAO,Lao PDR,2018,48.3854166666667,90.0,39.9666666666667,53.89375,38.0666666666667,20.0
LAO,Lao PDR,2019,53.28875,90.0,56.6333333333333,53.39375,36.4166666666667,30.0
LAO,Lao PDR,2020,56.68,76.6,64.3333333333333,67.55,34.9166666666667,40.0
LAO,Lao PDR,2021,60.3404166666667,76.6,64.3333333333333,79.21875,41.55,40.0
LAO,Lao PDR,2022,58.6629166666667,76.6,65.7333333333333,66.80625,44.175,40.0
LAO,Lao PDR,2023,60.8904166666667,90.0,65.7333333333333,69.54375,44.175,35.0
LAO,Lao PDR,2024,60.84125,90.0,67.4,67.38125,44.425,35.0
LBN,Lebanon,2004,,20.0,,,,
LBN,Lebanon,2005,,20.0,,60.3625,,
LBN,Lebanon,2006,,20.0,,60.575,,
LBN,Lebanon,2007,,20.0,,62.43125,,
LBN,Lebanon,2008,,20.0,,62.15625,,
LBN,Lebanon,2009,,20.0,,61.225,,
LBN,Lebanon,2010,,30.0,,57.4,,
LBN,Lebanon,2011,,30.0,,58.775,,
LBN,Lebanon,2012,,30.0,,59.4625,,
LBN,Lebanon,2013,,30.0,,59.325,,
LBN,Lebanon,2014,,30.0,,55.85,,
LBN,Lebanon,2015,,20.0,,54.7375,47.6333333333333,
LBN,Lebanon,2016,32.7429166666667,40.0,8.5,53.25625,46.9583333333333,15.0
LBN,Lebanon,2017,37.5745833333333,40.0,28.2333333333333,58.08125,46.5583333333333,15.0
LBN,Lebanon,2018,49.1029166666667,60.0,62.6,56.90625,46.0083333333333,20.0
LBN,Lebanon,2019,55.5304166666667,80.0,62.6,57.39375,47.6583333333333,30.0
LBN,Lebanon,2020,58.72375,80.0,66.0666666666667,67.79375,49.7583333333333,30.0
LBN,Lebanon,2021,63.9133333333333,80.0,66.0666666666667,79.575,53.925,40.0
LBN,Lebanon,2022,61.6133333333333,80.0,61.5666666666667,76.9,49.6,40.0
LBN,Lebanon,2023,61.8495833333333,80.0,61.5666666666667,78.08125,49.6,40.0
LBN,Lebanon,2024,57.81375,80.0,62.8,63.14375,48.125,35.0
LBR,Liberia,2004,,20.0,,,,
LBR,Liberia,2005,,20.0,,40.725,,
LBR,Liberia,2006,,20.0,,41.16875,,
LBR,Liberia,2007,,20.0,,49.425,,
LBR,Liberia,2008,,20.0,,49.3125,,
LBR,Liberia,2009,,20.0,,50.00625,,
LBR,Liberia,2010,,40.0,,51.78125,,
LBR,Liberia,2011,,40.0,,50.89375,,
LBR,Liberia,2012,,40.0,,48.58125,,
LBR,Liberia,2013,,40.0,,52.15,,
LBR,Liberia,2014,,40.0,,65.79375,,
LBR,Liberia,2015,,60.0,,59.5375,27.0333333333333,
LBR,Liberia,2016,43.2595833333333,90.0,12.4333333333333,60.50625,28.3583333333333,25.0
LBR,Liberia,2017,50.8408333333333,100.0,29.2,61.1625,38.8416666666667,25.0
LBR,Liberia,2018,50.77625,100.0,28.8333333333333,56.88125,38.1666666666667,30.0
LBR,Liberia,2019,52.6016666666667,100.0,28.8333333333333,56.825,32.35,45.0
LBR,Liberia,2020,58.4325,90.0,62.6,70.2375,29.325,40.0
LBR,Liberia,2021,63.84125,90.0,62.6,82.33125,29.275,55.0
LBR,Liberia,2022,61.95375,80.0,66.0333333333333,70.21875,33.5166666666667,60.0
LBR,Liberia,2023,59.06625,60.0,66.0333333333333,75.78125,33.5166666666667,60.0
LBR,Liberia,2024,59.1216666666667,60.0,59.9333333333333,71.625,44.05,60.0
LBY,Libya,2004,,20.0,,,,
LBY,Libya,2005,,20.0,,34.5375,,
LBY,Libya,2006,,20.0,,36.30625,,
LBY,Libya,2007,,20.0,,39.175,,
LBY,Libya,2008,,20.0,,39.0375,,
LBY,Libya,2009,,20.0,,39.0375,,
LBY,Libya,2010,,20.0,,36.04375,,
LBY,Libya,2011,,20.0,,34.6125,,
LBY,Libya,2012,,40.0,,32.7,,
LBY,Libya,2013,,40.0,,31.89375,,
LBY,Libya,2014,,40.0,,33.66875,,
LBY,Libya,2015,,40.0,,35.6875,,
LBY,Libya,2016,23.4416666666667,40.0,0.333333333333333,36.95,19.925,20.0
LBY,Libya,2017,26.7275,40.0,19.4666666666667,37.9875,16.1833333333333,20.0
LBY,Libya,2018,22.5658333333333,20.0,20.6333333333333,37.2875,14.9083333333333,20.0
LBY,Libya,2019,22.2308333333333,20.0,20.6333333333333,35.6125,14.9083333333333,20.0
LBY,Libya,2020,23.4145833333333,20.0,21.3333333333333,42.90625,12.8333333333333,20.0
LBY,Libya,2021,23.5495833333333,20.0,21.3333333333333,53.58125,12.8333333333333,10.0
LBY,Libya,2022,23.4975,20.0,25.6333333333333,49.2375,7.61666666666667,15.0
LBY,Libya,2023,33.0641666666667,20.0,58.9666666666666,53.7375,7.61666666666667,25.0
LBY,Libya,2024,34.75125,20.0,59.3333333333333,53.75625,10.6666666666667,30.0
LCA,St. Lucia,2004,,20.0,,,,
LCA,St. Lucia,2005,,20.0,,44.4125,,
LCA,St. Lucia,2006,,0.0,,43.39375,,
LCA,St. Lucia,2007,,20.0,,56.4125,,
LCA,St. Lucia,2008,,20.0,,56.275,,
LCA,St. Lucia,2009,,0.0,,56.275,,
LCA,St. Lucia,2010,,40.0,,53.84375,,
LCA,St. Lucia,2011,,40.0,,53.0125,,
LCA,St. Lucia,2012,,40.0,,59.04375,,
LCA,St. Lucia,2013,,40.0,,58.125,,
LCA,St. Lucia,2014,,40.0,,57.4,,
LCA,St. Lucia,2015,,80.0,,56.225,64.6166666666667,
LCA,St. Lucia,2016,56.245,100.0,40.5333333333333,56.875,58.8166666666667,25.0
LCA,St. Lucia,2017,57.1179166666667,100.0,55.7666666666667,52.53125,57.2916666666667,20.0
LCA,St. Lucia,2018,55.9054166666667,100.0,55.9333333333333,46.39375,52.2,25.0
LCA,St. Lucia,2019,51.8241666666667,80.0,55.9333333333333,45.9875,52.2,25.0
LCA,St. Lucia,2020,62.2370833333333,90.0,73.5666666666667,57.81875,59.8,30.0
LCA,St. Lucia,2021,65.7216666666667,80.0,73.5666666666667,68.575,51.4666666666667,55.0
LCA,St. Lucia,2022,63.6733333333333,80.0,69.7333333333333,61.375,52.2583333333333,55.0
LCA,St. Lucia,2023,64.3308333333333,80.0,69.7333333333333,64.6625,52.2583333333333,55.0
LCA,St. Lucia,2024,64.1745833333333,80.0,68.1333333333333,63.35625,54.3833333333333,55.0
LIC,Low income,2016,46.24,66.89,34.52,56.81,31.59,24.23
LIC,Low income,2017,46.69,67.38,44.39,59.55,28.47,25.56
LIC,Low income,2018,48.68,67.85,52.17,59.13,29.96,26.11
LIC,Low income,2019,48.19,67.01,50.83,57.44,29.22,28.7
LIC,Low income,2020,49.76,63.32,54.4,65.55,29.26,29.07
LIC,Low income,2021,55.25,65.11,57.07,74.1,29.42,42.04
LIC,Low income,2022,54.53,67.02,57.0,67.88,31.23,42.41
LIC,Low income,2023,55.14,65.11,53.16,71.19,30.88,48.33
LIC,Low income,2024,56.01,64.39,57.27,67.13,32.75,51.48
LIE,Liechtenstein,2004,,0.0,,,,
LIE,Liechtenstein,2005,,0.0,,19.21875,,
LIE,Liechtenstein,2006,,0.0,,18.7625,,
LIE,Liechtenstein,2007,,0.0,,20.0125,,
LIE,Liechtenstein,2008,,0.0,,19.9,,
LIE,Liechtenstein,2009,,0.0,,20.59375,,
LIE,Liechtenstein,2010,,10.0,,21.8,,
LIE,Liechtenstein,2011,,10.0,,21.3,,
LIE,Liechtenstein,2012,,10.0,,20.81875,,
LIE,Liechtenstein,2013,,10.0,,20.1875,,
LIE,Liechtenstein,2014,,10.0,,20.8,,
LIE,Liechtenstein,2015,,30.0,,23.19375,,
LIE,Liechtenstein,2016,,50.0,,23.1625,,
LIE,Liechtenstein,2017,,50.0,,23.06875,,
LIE,Liechtenstein,2018,,50.0,,24.2625,,
LIE,Liechtenstein,2019,,50.0,,24.1625,,
LIE,Liechtenstein,2020,,50.0,,31.34375,,
LIE,Liechtenstein,2021,,50.0,,38.26875,,
LIE,Liechtenstein,2022,,50.0,,33.15,,
LIE,Liechtenstein,2023,,40.0,,39.10625,,
LIE,Liechtenstein,2024,,40.0,,39.7875,,
LKA,Sri Lanka,2004,,20.0,,,,
LKA,Sri Lanka,2005,,20.0,,60.90625,,
LKA,Sri Lanka,2006,,40.0,,63.83125,,
LKA,Sri Lanka,2007,,40.0,,68.4,,
LKA,Sri Lanka,2008,,30.0,,68.93125,,
LKA,Sri Lanka,2009,,40.0,,68.93125,,
LKA,Sri Lanka,2010,,60.0,,67.39375,,
LKA,Sri Lanka,2011,,60.0,,69.475,,
LKA,Sri Lanka,2012,,60.0,,69.09375,,
LKA,Sri Lanka,2013,,60.0,,67.30625,,
LKA,Sri Lanka,2014,,60.0,,65.91875,,
LKA,Sri Lanka,2015,,70.0,,68.225,81.7,
LKA,Sri Lanka,2016,73.2308333333333,100.0,81.2666666666667,71.0375,78.85,35.0
LKA,Sri Lanka,2017,74.4354166666667,100.0,80.5333333333333,70.81875,75.825,45.0
LKA,Sri Lanka,2018,72.7591666666667,90.0,81.0333333333333,69.0125,78.75,45.0
LKA,Sri Lanka,2019,74.7179166666667,100.0,81.0333333333333,70.45625,77.1,45.0
LKA,Sri Lanka,2020,77.1891666666667,100.0,81.2333333333333,77.5875,82.125,45.0
LKA,Sri Lanka,2021,79.2754166666667,100.0,81.2333333333333,78.01875,82.125,55.0
LKA,Sri Lanka,2022,76.7316666666667,90.0,82.0333333333333,74.5,82.125,55.0
LKA,Sri Lanka,2023,77.8670833333333,90.0,82.0333333333333,79.34375,77.9583333333333,60.0
LKA,Sri Lanka,2024,74.575,90.0,81.5333333333333,77.275,64.0666666666667,60.0
LMC,Lower middle income,2016,51.29,79.69,37.57,61.47,43.35,33.08
LMC,Lower middle income,2017,54.42,80.74,50.82,62.06,42.84,35.19
LMC,Lower middle income,2018,56.63,78.95,62.23,61.95,43.38,36.3
LMC,Lower middle income,2019,56.94,80.49,60.97,60.43,43.79,38.7
LMC,Lower middle income,2020,59.18,76.6,63.81,69.3,45.17,40.37
LMC,Lower middle income,2021,63.88,76.97,64.44,77.97,48.21,51.3
LMC,Lower middle income,2022,63.05,77.03,64.32,72.89,48.38,52.31
LMC,Lower middle income,2023,64.18,75.99,63.69,75.81,48.62,56.48
LMC,Lower middle income,2024,64.1,75.61,66.31,72.4,49.13,57.04
LSO,Lesotho,2004,,20.0,,,,
LSO,Lesotho,2005,,20.0,,47.86875,,
LSO,Lesotho,2006,,20.0,,49.71875,,
LSO,Lesotho,2007,,20.0,,50.46875,,
LSO,Lesotho,2008,,20.0,,51.7375,,
LSO,Lesotho,2009,,20.0,,53.325,,
LSO,Lesotho,2010,,40.0,,53.975,,
LSO,Lesotho,2011,,40.0,,52.1625,,
LSO,Lesotho,2012,,40.0,,52.1625,,
LSO,Lesotho,2013,,40.0,,50.90625,,
LSO,Lesotho,2014,,40.0,,48.08125,,
LSO,Lesotho,2015,,60.0,,48.41875,36.6416666666667,
LSO,Lesotho,2016,49.03875,80.0,43.6333333333333,50.06875,36.4916666666667,35.0
LSO,Lesotho,2017,54.7070833333333,80.0,63.2,52.19375,38.1416666666667,40.0
LSO,Lesotho,2018,56.0341666666667,80.0,63.2666666666667,55.5875,41.3166666666667,40.0
LSO,Lesotho,2019,55.2154166666667,80.0,63.2666666666667,53.19375,39.6166666666667,40.0
LSO,Lesotho,2020,51.45625,80.0,35.5333333333333,62.10625,39.6416666666667,40.0
LSO,Lesotho,2021,58.6291666666667,80.0,35.5333333333333,76.2875,46.325,55.0
LSO,Lesotho,2022,57.0116666666667,80.0,29.7333333333333,66.25,49.075,60.0
LSO,Lesotho,2023,58.0479166666667,80.0,29.7333333333333,69.73125,50.775,60.0
LSO,Lesotho,2024,58.2395833333333,80.0,31.4666666666667,71.03125,53.7,55.0
LTU,Lithuania,2004,,40.0,,,,
LTU,Lithuania,2005,,40.0,,41.55,,
LTU,Lithuania,2006,,40.0,,41.45625,,
LTU,Lithuania,2007,,40.0,,42.40625,,
LTU,Lithuania,2008,,40.0,,42.05625,,
LTU,Lithuania,2009,,40.0,,43.375,,
LTU,Lithuania,2010,,60.0,,43.79375,,
LTU,Lithuania,2011,,60.0,,44.8125,,
LTU,Lithuania,2012,,60.0,,46.75,,
LTU,Lithuania,2013,,60.0,,46.4125,,
LTU,Lithuania,2014,,60.0,,49.8375,,
LTU,Lithuania,2015,,80.0,,52.55,,
LTU,Lithuania,2016,78.5691666666667,100.0,57.5666666666667,55.5125,79.7666666666667,100.0
LTU,Lithuania,2017,78.6508333333333,100.0,56.8,64.0375,72.4166666666667,100.0
LTU,Lithuania,2018,85.10875,100.0,91.8333333333333,63.49375,70.2166666666667,100.0
LTU,Lithuania,2019,84.94375,100.0,91.8333333333333,60.96875,71.9166666666667,100.0
LTU,Lithuania,2020,85.08625,90.0,92.3333333333333,70.55625,72.5416666666667,100.0
LTU,Lithuania,2021,91.1054166666667,100.0,92.3333333333333,82.31875,80.875,100.0
LTU,Lithuania,2022,90.5708333333333,100.0,91.1666666666667,79.7625,81.925,100.0
LTU,Lithuania,2023,93.4808333333334,100.0,91.1666666666667,94.3125,81.925,100.0
LTU,Lithuania,2024,89.36125,100.0,92.0,89.30625,80.5,85.0
LUX,Luxembourg,2004,,20.0,,,,
LUX,Luxembourg,2005,,20.0,,41.41875,,
LUX,Luxembourg,2006,,20.0,,41.31875,,
LUX,Luxembourg,2007,,40.0,,40.875,,
LUX,Luxembourg,2008,,20.0,,40.45625,,
LUX,Luxembourg,2009,,20.0,,40.84375,,
LUX,Luxembourg,2010,,40.0,,42.6,,
LUX,Luxembourg,2011,,40.0,,43.61875,,
LUX,Luxembourg,2012,,40.0,,44.5125,,
LUX,Luxembourg,2013,,40.0,,45.53125,,
LUX,Luxembourg,2014,,40.0,,45.775,,
LUX,Luxembourg,2015,,60.0,,49.825,,
LUX,Luxembourg,2016,68.7441666666667,80.0,49.0666666666667,53.8875,60.7666666666667,100.0
LUX,Luxembourg,2017,71.0133333333333,80.0,53.1,62.55,59.4166666666667,100.0
LUX,Luxembourg,2018,78.86375,80.0,90.4333333333333,63.94375,59.9416666666667,100.0
LUX,Luxembourg,2019,78.67125,80.0,90.4333333333333,61.28125,61.6416666666667,100.0
LUX,Luxembourg,2020,80.575,80.0,93.6333333333333,64.95,64.2916666666667,100.0
LUX,Luxembourg,2021,85.5866666666667,80.0,93.6333333333333,81.675,72.625,100.0
LUX,Luxembourg,2022,88.0833333333333,100.0,93.5666666666667,76.85,70.0,100.0
LUX,Luxembourg,2023,88.9408333333333,100.0,93.5666666666667,81.1375,70.0,100.0
LUX,Luxembourg,2024,85.8179166666667,100.0,91.5333333333333,78.33125,74.225,85.0
LVA,Latvia,2004,,40.0,,,,
LVA,Latvia,2005,,40.0,,39.49375,,
LVA,Latvia,2006,,40.0,,39.59375,,
LVA,Latvia,2007,,40.0,,41.0125,,
LVA,Latvia,2008,,40.0,,41.98125,,
LVA,Latvia,2009,,40.0,,42.68125,,
LVA,Latvia,2010,,60.0,,43.28125,,
LVA,Latvia,2011,,60.0,,44.3,,
LVA,Latvia,2012,,60.0,,47.01875,,
LVA,Latvia,2013,,60.0,,46.59375,,
LVA,Latvia,2014,,60.0,,47.025,,
LVA,Latvia,2015,,80.0,,48.60625,,
LVA,Latvia,2016,83.8820833333333,100.0,91.4,54.06875,73.9416666666667,100.0
LVA,Latvia,2017,84.3395833333333,100.0,93.0,63.13125,65.5666666666667,100.0
LVA,Latvia,2018,83.6691666666667,100.0,89.1666666666667,62.7875,66.3916666666667,100.0
LVA,Latvia,2019,83.3891666666667,100.0,89.1666666666667,61.3875,66.3916666666667,100.0
LVA,Latvia,2020,84.0691666666667,100.0,87.8666666666667,64.8375,67.6416666666667,100.0
LVA,Latvia,2021,87.9795833333333,100.0,87.8666666666667,76.05625,75.975,100.0
LVA,Latvia,2022,89.0508333333333,100.0,97.0666666666667,72.7375,75.45,100.0
LVA,Latvia,2023,91.4270833333333,100.0,97.0666666666667,84.61875,75.45,100.0
LVA,Latvia,2024,88.08125,100.0,96.8,81.80625,76.8,85.0
MAC,"Macao SAR, China",2004,,0.0,,,,
MAC,"Macao SAR, China",2005,,0.0,,21.2625,,
MAC,"Macao SAR, China",2006,,0.0,,20.95625,,
MAC,"Macao SAR, China",2007,,0.0,,20.73125,,
MAC,"Macao SAR, China",2008,,0.0,,21.35625,,
MAC,"Macao SAR, China",2009,,0.0,,21.35625,,
MAC,"Macao SAR, China",2010,,0.0,,20.16875,,
MAC,"Macao SAR, China",2011,,0.0,,19.7625,,
MAC,"Macao SAR, China",2012,,0.0,,19.31875,,
MAC,"Macao SAR, China",2013,,0.0,,19.31875,,
MAC,"Macao SAR, China",2014,,0.0,,19.29375,,
MAC,"Macao SAR, China",2015,,20.0,,21.475,,
MAC,"Macao SAR, China",2016,,40.0,,22.59375,,
MAC,"Macao SAR, China",2017,,40.0,,23.9875,,
MAC,"Macao SAR, China",2018,,40.0,,23.93125,,
MAC,"Macao SAR, China",2019,,40.0,,23.925,,
MAC,"Macao SAR, China",2020,,40.0,,29.41875,,
MAC,"Macao SAR, China",2021,,40.0,,37.725,,
MAC,"Macao SAR, China",2022,,40.0,,35.175,,
MAC,"Macao SAR, China",2023,,40.0,,36.20625,,
MAC,"Macao SAR, China",2024,,40.0,,36.20625,,
MAF,St. Martin (French part),2004,,0.0,,,,
MAF,St. Martin (French part),2005,,0.0,,5.41875,,
MAF,St. Martin (French part),2006,,0.0,,5.41875,,
MAF,St. Martin (French part),2007,,0.0,,5.41875,,
MAF,St. Martin (French part),2008,,0.0,,5.41875,,
MAF,St. Martin (French part),2009,,0.0,,5.41875,,
MAF,St. Martin (French part),2010,,0.0,,5.11875,,
MAF,St. Martin (French part),2011,,0.0,,5.11875,,
MAF,St. Martin (French part),2012,,0.0,,4.89375,,
MAF,St. Martin (French part),2013,,0.0,,4.89375,,
MAF,St. Martin (French part),2014,,0.0,,4.89375,,
MAF,St. Martin (French part),2015,,20.0,,4.89375,,
MAF,St. Martin (French part),2016,,40.0,,4.89375,,
MAF,St. Martin (French part),2017,,40.0,,5.85625,,
MAF,St. Martin (French part),2018,,40.0,,6.41875,,
MAF,St. Martin (French part),2019,,40.0,,7.05625,,
MAF,St. Martin (French part),2020,,40.0,,13.91875,,
MAF,St. Martin (French part),2021,,40.0,,13.56875,,
MAF,St. Martin (French part),2022,,40.0,,12.9625,,
MAF,St. Martin (French part),2023,,40.0,,13.125,,
MAF,St. Martin (French part),2024,,40.0,,14.16875,,
MAR,Morocco,2004,,20.0,,,,
MAR,Morocco,2005,,20.0,,62.7,,
MAR,Morocco,2006,,30.0,,67.2125,,
MAR,Morocco,2007,,30.0,,67.69375,,
MAR,Morocco,2008,,30.0,,67.55625,,
MAR,Morocco,2009,,30.0,,69.13125,,
MAR,Morocco,2010,,50.0,,66.6,,
MAR,Morocco,2011,,50.0,,67.55,,
MAR,Morocco,2012,,40.0,,67.40625,,
MAR,Morocco,2013,,50.0,,68.36875,,
MAR,Morocco,2014,,50.0,,67.75625,,
MAR,Morocco,2015,,70.0,,62.8875,46.3916666666667,
MAR,Morocco,2016,60.0216666666667,90.0,73.6,62.25,44.2583333333333,30.0
MAR,Morocco,2017,63.67625,90.0,74.9666666666667,62.80625,40.6083333333333,50.0
MAR,Morocco,2018,66.5241666666667,90.0,88.4,67.3625,41.8583333333333,45.0
MAR,Morocco,2019,65.6829166666667,80.0,88.4,68.15625,41.8583333333333,50.0
MAR,Morocco,2020,69.5029166666667,60.0,90.6,76.98125,69.9333333333333,50.0
MAR,Morocco,2021,69.9604166666667,60.0,90.6,85.91875,68.2833333333333,45.0
MAR,Morocco,2022,67.9945833333333,60.0,90.4,81.60625,62.9666666666667,45.0
MAR,Morocco,2023,70.0108333333333,60.0,90.4,81.6875,62.9666666666667,55.0
MAR,Morocco,2024,73.0683333333333,60.0,95.8,77.675,61.8666666666667,70.0
MCO,Monaco,2004,,20.0,,,,
MCO,Monaco,2005,,20.0,,15.0875,,
MCO,Monaco,2006,,20.0,,14.3375,,
MCO,Monaco,2007,,20.0,,15.03125,,
MCO,Monaco,2008,,20.0,,14.975,,
MCO,Monaco,2009,,20.0,,14.975,,
MCO,Monaco,2010,,20.0,,13.08125,,
MCO,Monaco,2011,,20.0,,13.16875,,
MCO,Monaco,2012,,20.0,,13.16875,,
MCO,Monaco,2013,,20.0,,13.5,,
MCO,Monaco,2014,,20.0,,13.5,,
MCO,Monaco,2015,,40.0,,16.9375,,
MCO,Monaco,2016,,50.0,,18.44375,,
MCO,Monaco,2017,,50.0,,26.23125,,
MCO,Monaco,2018,,50.0,,26.64375,,
MCO,Monaco,2019,,50.0,,27.3875,,
MCO,Monaco,2020,,50.0,,29.6125,,
MCO,Monaco,2021,,50.0,,41.6125,,
MCO,Monaco,2022,,40.0,,38.475,,
MCO,Monaco,2023,,40.0,,43.925,,
MCO,Monaco,2024,,60.0,,41.11875,,
MDA,Moldova,2004,,40.0,,,,
MDA,Moldova,2005,,40.0,,54.6,,
MDA,Moldova,2006,,40.0,,54.85,,
MDA,Moldova,2007,,40.0,,54.29375,,
MDA,Moldova,2008,,40.0,,54.0875,,
MDA,Moldova,2009,,40.0,,54.78125,,
MDA,Moldova,2010,,60.0,,48.13125,,
MDA,Moldova,2011,,60.0,,48.4625,,
MDA,Moldova,2012,,60.0,,54.85625,,
MDA,Moldova,2013,,60.0,,55.20625,,
MDA,Moldova,2014,,60.0,,55.64375,,
MDA,Moldova,2015,,80.0,,57.7125,64.9916666666667,
MDA,Moldova,2016,72.2125,100.0,54.9333333333333,59.4125,61.7166666666667,85.0
MDA,Moldova,2017,70.2379166666667,100.0,60.0666666666667,54.78125,61.3416666666667,75.0
MDA,Moldova,2018,76.62125,100.0,94.2333333333333,55.05625,63.8166666666667,70.0
MDA,Moldova,2019,80.3225,100.0,94.2333333333333,53.5625,63.8166666666667,90.0
MDA,Moldova,2020,82.26125,100.0,95.3333333333333,63.43125,62.5416666666667,90.0
MDA,Moldova,2021,85.3341666666667,100.0,95.3333333333333,75.4625,70.875,85.0
MDA,Moldova,2022,84.0791666666667,100.0,95.4,72.0125,67.9833333333333,85.0
MDA,Moldova,2023,86.0716666666667,100.0,95.4,76.975,67.9833333333333,90.0
MDA,Moldova,2024,85.6741666666667,100.0,96.0,79.4625,67.9083333333333,85.0
MDG,Madagascar,2004,,30.0,,,,
MDG,Madagascar,2005,,40.0,,61.8875,,
MDG,Madagascar,2006,,40.0,,62.01875,,
MDG,Madagascar,2007,,30.0,,63.7625,,
MDG,Madagascar,2008,,30.0,,63.625,,
MDG,Madagascar,2009,,30.0,,64.10625,,
MDG,Madagascar,2010,,60.0,,65.23125,,
MDG,Madagascar,2011,,40.0,,64.6125,,
MDG,Madagascar,2012,,60.0,,66.14375,,
MDG,Madagascar,2013,,60.0,,64.21875,,
MDG,Madagascar,2014,,60.0,,62.9375,,
MDG,Madagascar,2015,,80.0,,60.30625,21.7666666666667,
MDG,Madagascar,2016,40.2220833333333,90.0,1.1,60.79375,19.2166666666667,30.0
MDG,Madagascar,2017,43.1933333333333,90.0,18.3,58.45,19.2166666666667,30.0
MDG,Madagascar,2018,51.3575,80.0,56.3,61.9625,28.525,30.0
MDG,Madagascar,2019,51.14375,80.0,56.3,62.59375,26.825,30.0
MDG,Madagascar,2020,54.8354166666667,80.0,63.4333333333333,69.61875,31.125,30.0
MDG,Madagascar,2021,57.5441666666667,70.0,63.4333333333333,78.1625,31.125,45.0
MDG,Madagascar,2022,58.4058333333333,80.0,60.5666666666667,73.4125,33.05,45.0
MDG,Madagascar,2023,56.4083333333333,70.0,60.5666666666667,73.425,33.05,45.0
MDG,Madagascar,2024,57.4970833333333,70.0,61.7666666666667,73.46875,37.25,45.0
MDV,Maldives,2004,,20.0,,,,
MDV,Maldives,2005,,20.0,,54.99375,,
MDV,Maldives,2006,,20.0,,55.31875,,
MDV,Maldives,2007,,20.0,,55.31875,,
MDV,Maldives,2008,,20.0,,55.18125,,
MDV,Maldives,2009,,20.0,,58.7,,
MDV,Maldives,2010,,30.0,,56.50625,,
MDV,Maldives,2011,,30.0,,54.89375,,
MDV,Maldives,2012,,30.0,,56.76875,,
MDV,Maldives,2013,,30.0,,44.53125,,
MDV,Maldives,2014,,30.0,,42.4625,,
MDV,Maldives,2015,,40.0,,43.4125,51.2333333333333,
MDV,Maldives,2016,49.8041666666667,70.0,42.5,48.9625,52.5583333333333,35.0
MDV,Maldives,2017,50.305,70.0,30.0666666666667,64.55,51.9083333333333,35.0
MDV,Maldives,2018,51.2,70.0,29.8666666666667,64.675,51.4583333333333,40.0
MDV,Maldives,2019,53.6925,70.0,29.8666666666667,65.4875,53.1083333333333,50.0
MDV,Maldives,2020,62.2270833333333,70.0,67.7333333333333,75.84375,52.5583333333333,45.0
MDV,Maldives,2021,63.22875,70.0,67.7333333333333,82.51875,60.8916666666667,35.0
MDV,Maldives,2022,59.2520833333333,70.0,64.0,67.61875,59.6416666666667,35.0
MDV,Maldives,2023,65.2608333333333,70.0,64.0,72.6625,59.6416666666667,60.0
MDV,Maldives,2024,64.3741666666667,70.0,66.5666666666667,62.9375,62.3666666666667,60.0
MEX,Mexico,2004,,40.0,,,,
MEX,Mexico,2005,,40.0,,66.975,,
MEX,Mexico,2006,,40.0,,70.25,,
MEX,Mexico,2007,,40.0,,71.08125,,
MEX,Mexico,2008,,40.0,,74.6875,,
MEX,Mexico,2009,,40.0,,74.0625,,
MEX,Mexico,2010,,60.0,,71.78125,,
MEX,Mexico,2011,,60.0,,70.1875,,
MEX,Mexico,2012,,60.0,,74.63125,,
MEX,Mexico,2013,,60.0,,75.3,,
MEX,Mexico,2014,,60.0,,75.425,,
MEX,Mexico,2015,,80.0,,80.21875,79.1166666666667,
MEX,Mexico,2016,79.6875,100.0,93.2333333333333,82.3125,72.8916666666667,50.0
MEX,Mexico,2017,87.7141666666667,100.0,94.8666666666667,90.9375,77.7666666666667,75.0
MEX,Mexico,2018,86.4316666666667,100.0,92.9333333333333,90.625,73.6,75.0
MEX,Mexico,2019,86.1704166666667,100.0,92.9333333333333,89.31875,73.6,75.0
MEX,Mexico,2020,86.3304166666667,100.0,93.3333333333333,87.34375,75.975,75.0
MEX,Mexico,2021,89.1208333333333,100.0,93.3333333333333,92.9625,84.3083333333333,75.0
MEX,Mexico,2022,88.9745833333333,100.0,93.5666666666667,89.40625,86.9,75.0
MEX,Mexico,2023,91.6383333333334,100.0,93.5666666666667,92.725,86.9,85.0
MEX,Mexico,2024,90.9504166666667,100.0,93.2333333333333,92.21875,89.3,80.0
MHL,Marshall Islands,2004,,20.0,,,,
MHL,Marshall Islands,2005,,0.0,,31.2375,,
MHL,Marshall Islands,2006,,0.0,,31.38125,,
MHL,Marshall Islands,2007,,20.0,,34.9375,,
MHL,Marshall Islands,2008,,20.0,,47.2625,,
MHL,Marshall Islands,2009,,20.0,,48.04375,,
MHL,Marshall Islands,2010,,30.0,,46.325,,
MHL,Marshall Islands,2011,,30.0,,46.59375,,
MHL,Marshall Islands,2012,,30.0,,44.3125,,
MHL,Marshall Islands,2013,,10.0,,32.06875,,
MHL,Marshall Islands,2014,,10.0,,43.9625,,
MHL,Marshall Islands,2015,,20.0,,39.78125,17.1333333333333,
MHL,Marshall Islands,2016,16.5775,20.0,6.46666666666667,39.5375,16.8833333333333,0.0
MHL,Marshall Islands,2017,20.8920833333333,20.0,25.1333333333333,44.14375,15.1833333333333,0.0
MHL,Marshall Islands,2018,21.2904166666667,20.0,24.1,44.21875,13.1333333333333,5.0
MHL,Marshall Islands,2019,21.5204166666667,20.0,24.1,38.71875,14.7833333333333,10.0
MHL,Marshall Islands,2020,35.4595833333333,30.0,60.8333333333333,58.08125,18.3833333333333,10.0
MHL,Marshall Islands,2021,41.9666666666667,30.0,60.8333333333333,63.95,35.05,20.0
MHL,Marshall Islands,2022,40.1066666666667,30.0,58.3333333333333,58.275,33.925,20.0
MHL,Marshall Islands,2023,40.9816666666667,30.0,58.3333333333333,62.65,33.925,20.0
MHL,Marshall Islands,2024,43.5404166666667,30.0,62.3333333333333,59.26875,36.1,30.0
MKD,North Macedonia,2004,,40.0,,,,
MKD,North Macedonia,2005,,40.0,,46.88125,,
MKD,North Macedonia,2006,,40.0,,48.3,,
MKD,North Macedonia,2007,,40.0,,47.74375,,
MKD,North Macedonia,2008,,40.0,,47.575,,
MKD,North Macedonia,2009,,40.0,,49.66875,,
MKD,North Macedonia,2010,,60.0,,46.7375,,
MKD,North Macedonia,2011,,60.0,,51.5375,,
MKD,North Macedonia,2012,,60.0,,51.5375,,
MKD,North Macedonia,2013,,60.0,,50.4,,
MKD,North Macedonia,2014,,60.0,,49.75,,
MKD,North Macedonia,2015,,80.0,,54.48125,62.075,
MKD,North Macedonia,2016,62.6070833333333,100.0,52.4666666666667,51.31875,64.25,45.0
MKD,North Macedonia,2017,66.03625,100.0,53.9,52.30625,63.975,60.0
MKD,North Macedonia,2018,70.80875,100.0,88.0666666666667,51.69375,59.2833333333333,55.0
MKD,North Macedonia,2019,72.69875,100.0,88.0666666666667,51.14375,59.2833333333333,65.0
MKD,North Macedonia,2020,77.7220833333333,100.0,87.8666666666667,65.56875,65.175,70.0
MKD,North Macedonia,2021,83.6883333333333,100.0,87.8666666666667,74.55,76.025,80.0
MKD,North Macedonia,2022,82.5475,100.0,87.7,68.9625,76.075,80.0
MKD,North Macedonia,2023,84.95875,100.0,87.7,81.01875,76.075,80.0
MKD,North Macedonia,2024,87.1729166666667,100.0,88.2333333333333,72.23125,80.4,95.0
MLI,Mali,2004,,20.0,,,,
MLI,Mali,2005,,20.0,,53.73125,,
MLI,Mali,2006,,20.0,,60.7,,
MLI,Mali,2007,,20.0,,62.86875,,
MLI,Mali,2008,,20.0,,63.5875,,
MLI,Mali,2009,,40.0,,64.75625,,
MLI,Mali,2010,,60.0,,66.99375,,
MLI,Mali,2011,,60.0,,64.84375,,
MLI,Mali,2012,,50.0,,64.84375,,
MLI,Mali,2013,,50.0,,64.35625,,
MLI,Mali,2014,,50.0,,61.01875,,
MLI,Mali,2015,,60.0,,58.8875,50.2166666666667,
MLI,Mali,2016,49.6779166666667,80.0,48.9333333333333,59.45625,45.0,15.0
MLI,Mali,2017,53.8729166666667,80.0,62.6333333333333,58.93125,42.8,25.0
MLI,Mali,2018,57.43,90.0,63.1,64.125,39.925,30.0
MLI,Mali,2019,52.77125,66.6,63.1,64.23125,39.925,30.0
MLI,Mali,2020,54.06125,66.6,64.3666666666667,72.23125,37.1083333333333,30.0
MLI,Mali,2021,62.78625,86.6,64.3666666666667,82.55625,35.4083333333333,45.0
MLI,Mali,2022,64.4120833333333,100.0,60.8666666666667,74.44375,41.75,45.0
MLI,Mali,2023,63.3783333333333,100.0,60.8666666666667,69.275,41.75,45.0
MLI,Mali,2024,66.5058333333333,100.0,70.6666666666667,68.5375,43.325,50.0
MLT,Malta,2004,,0.0,,,,
MLT,Malta,2005,,0.0,,34.425,,
MLT,Malta,2006,,20.0,,35.075,,
MLT,Malta,2007,,40.0,,37.4125,,
MLT,Malta,2008,,20.0,,37.0625,,
MLT,Malta,2009,,20.0,,39.66875,,
MLT,Malta,2010,,60.0,,40.69375,,
MLT,Malta,2011,,60.0,,41.29375,,
MLT,Malta,2012,,40.0,,42.1875,,
MLT,Malta,2013,,40.0,,41.40625,,
MLT,Malta,2014,,60.0,,41.85,,
MLT,Malta,2015,,80.0,,43.8375,,
MLT,Malta,2016,70.0704166666667,80.0,80.9666666666667,44.61875,74.7666666666667,70.0
MLT,Malta,2017,74.49625,100.0,82.1333333333333,46.53125,73.8166666666667,70.0
MLT,Malta,2018,74.7083333333333,100.0,84.0,46.35,73.1916666666666,70.0
MLT,Malta,2019,75.5383333333333,100.0,84.0,45.5,73.1916666666666,75.0
MLT,Malta,2020,74.4925,80.0,83.0333333333333,53.3125,76.1166666666667,80.0
MLT,Malta,2021,81.6104166666667,100.0,83.0333333333333,65.56875,84.45,75.0
MLT,Malta,2022,81.6720833333333,100.0,85.5666666666667,62.91875,84.875,75.0
MLT,Malta,2023,85.6558333333333,100.0,85.5666666666667,72.8375,84.875,85.0
MLT,Malta,2024,83.8475,100.0,89.3,68.4125,86.525,75.0
MMR,Myanmar,2004,,20.0,,,,
MMR,Myanmar,2005,,20.0,,55.0625,,
MMR,Myanmar,2006,,20.0,,54.01875,,
MMR,Myanmar,2007,,20.0,,55.10625,,
MMR,Myanmar,2008,,20.0,,54.9375,,
MMR,Myanmar,2009,,20.0,,58.86875,,
MMR,Myanmar,2010,,20.0,,55.29375,,
MMR,Myanmar,2011,,20.0,,55.44375,,
MMR,Myanmar,2012,,20.0,,57.51875,,
MMR,Myanmar,2013,,20.0,,57.0625,,
MMR,Myanmar,2014,,30.0,,55.0875,,
MMR,Myanmar,2015,,60.0,,64.58125,,
MMR,Myanmar,2016,44.09,66.6,11.9333333333333,71.95,39.9666666666667,30.0
MMR,Myanmar,2017,53.8825,86.6,32.0333333333333,73.9125,41.8666666666667,35.0
MMR,Myanmar,2018,60.9366666666667,86.6,67.0666666666667,73.075,42.9416666666667,35.0
MMR,Myanmar,2019,63.7629166666666,100.0,67.0666666666667,73.80625,42.9416666666667,35.0
MMR,Myanmar,2020,65.3875,100.0,67.3333333333333,80.9875,43.6166666666667,35.0
MMR,Myanmar,2021,65.4308333333333,70.0,67.3333333333333,85.3375,49.4833333333333,55.0
MMR,Myanmar,2022,65.9358333333333,70.0,67.5333333333333,77.8875,49.2583333333333,65.0
MMR,Myanmar,2023,64.8895833333333,70.0,67.5333333333333,77.65625,49.2583333333333,60.0
MMR,Myanmar,2024,64.52125,70.0,70.4666666666667,70.13125,52.0083333333333,60.0
MNE,Montenegro,2004,,20.0,,,,
MNE,Montenegro,2005,,20.0,,42.38125,,
MNE,Montenegro,2006,,40.0,,50.85625,,
MNE,Montenegro,2007,,40.0,,54.575,,
MNE,Montenegro,2008,,40.0,,54.51875,,
MNE,Montenegro,2009,,40.0,,57.05,,
MNE,Montenegro,2010,,60.0,,54.025,,
MNE,Montenegro,2011,,60.0,,55.85625,,
MNE,Montenegro,2012,,60.0,,59.1875,,
MNE,Montenegro,2013,,60.0,,61.475,,
MNE,Montenegro,2014,,60.0,,60.64375,,
MNE,Montenegro,2015,,70.0,,59.18125,60.6416666666667,
MNE,Montenegro,2016,57.2633333333333,90.0,44.7,59.9,61.7166666666667,30.0
MNE,Montenegro,2017,60.6254166666667,90.0,61.8666666666667,61.44375,59.8166666666667,30.0
MNE,Montenegro,2018,63.4104166666667,80.0,64.2666666666667,65.71875,62.0666666666667,45.0
MNE,Montenegro,2019,65.6891666666667,80.0,64.2666666666667,67.1125,62.0666666666667,55.0
MNE,Montenegro,2020,69.8220833333333,80.0,73.1,75.46875,60.5416666666667,60.0
MNE,Montenegro,2021,78.2041666666667,90.0,73.1,83.2125,64.7083333333333,80.0
MNE,Montenegro,2022,72.1045833333333,70.0,70.0,79.98125,60.5416666666667,80.0
MNE,Montenegro,2023,71.9441666666667,70.0,70.0,73.3625,66.3583333333333,80.0
MNE,Montenegro,2024,73.8920833333333,90.0,71.3333333333333,69.41875,68.7083333333333,70.0
MNG,Mongolia,2004,,30.0,,,,
MNG,Mongolia,2005,,30.0,,61.79375,,
MNG,Mongolia,2006,,30.0,,61.76875,,
MNG,Mongolia,2007,,30.0,,66.8625,,
MNG,Mongolia,2008,,20.0,,69.575,,
MNG,Mongolia,2009,,20.0,,70.26875,,
MNG,Mongolia,2010,,40.0,,69.5875,,
MNG,Mongolia,2011,,60.0,,69.85,,
MNG,Mongolia,2012,,60.0,,69.4625,,
MNG,Mongolia,2013,,60.0,,68.43125,,
MNG,Mongolia,2014,,60.0,,67.54375,,
MNG,Mongolia,2015,,80.0,,66.79375,73.5666666666667,
MNG,Mongolia,2016,68.1816666666667,100.0,54.4666666666667,73.55,67.8916666666667,45.0
MNG,Mongolia,2017,74.1120833333333,100.0,73.7,75.11875,66.7416666666667,55.0
MNG,Mongolia,2018,77.4620833333333,100.0,80.0,78.36875,68.9416666666667,60.0
MNG,Mongolia,2019,77.2833333333333,100.0,80.0,77.475,68.9416666666667,60.0
MNG,Mongolia,2020,83.1845833333333,100.0,96.9,84.78125,74.2416666666667,60.0
MNG,Mongolia,2021,84.495,100.0,96.9,89.65,80.925,55.0
MNG,Mongolia,2022,81.9875,90.0,97.1666666666667,84.9625,77.8083333333333,60.0
MNG,Mongolia,2023,82.70875,90.0,97.1666666666667,83.56875,77.8083333333333,65.0
MNG,Mongolia,2024,83.7333333333333,90.0,96.3333333333333,81.375,80.9583333333333,70.0
MNP,Northern Mariana Islands,2004,,0.0,,,,
MNP,Northern Mariana Islands,2005,,0.0,,9.8,,
MNP,Northern Mariana Islands,2006,,0.0,,9.8,,
MNP,Northern Mariana Islands,2007,,0.0,,9.8,,
MNP,Northern Mariana Islands,2008,,0.0,,9.8,,
MNP,Northern Mariana Islands,2009,,0.0,,9.8,,
MNP,Northern Mariana Islands,2010,,10.0,,9.83125,,
MNP,Northern Mariana Islands,2011,,10.0,,9.83125,,
MNP,Northern Mariana Islands,2012,,10.0,,9.275,,
MNP,Northern Mariana Islands,2013,,10.0,,9.275,,
MNP,Northern Mariana Islands,2014,,10.0,,9.275,,
MNP,Northern Mariana Islands,2015,,30.0,,9.24375,,
MNP,Northern Mariana Islands,2016,,40.0,,9.1875,,
MNP,Northern Mariana Islands,2017,,40.0,,9.825,,
MNP,Northern Mariana Islands,2018,,40.0,,10.71875,,
MNP,Northern Mariana Islands,2019,,40.0,,11.28125,,
MNP,Northern Mariana Islands,2020,,40.0,,16.14375,,
MNP,Northern Mariana Islands,2021,,40.0,,16.0375,,
MNP,Northern Mariana Islands,2022,,40.0,,16.68125,,
MNP,Northern Mariana Islands,2023,,40.0,,21.25625,,
MNP,Northern Mariana Islands,2024,,40.0,,18.65,,
MOZ,Mozambique,2004,,30.0,,,,
MOZ,Mozambique,2005,,30.0,,54.58125,,
MOZ,Mozambique,2006,,30.0,,56.38125,,
MOZ,Mozambique,2007,,30.0,,57.46875,,
MOZ,Mozambique,2008,,30.0,,62.4125,,
MOZ,Mozambique,2009,,30.0,,62.01875,,
MOZ,Mozambique,2010,,30.0,,60.38125,,
MOZ,Mozambique,2011,,30.0,,62.9875,,
MOZ,Mozambique,2012,,30.0,,62.9875,,
MOZ,Mozambique,2013,,30.0,,58.94375,,
MOZ,Mozambique,2014,,30.0,,61.8,,
MOZ,Mozambique,2015,,60.0,,64.25625,44.425,
MOZ,Mozambique,2016,52.6720833333333,80.0,42.1666666666667,63.29375,42.9,35.0
MOZ,Mozambique,2017,56.3908333333333,80.0,57.3666666666667,69.4875,40.1,35.0
MOZ,Mozambique,2018,56.5979166666667,80.0,57.6333333333333,69.23125,41.125,35.0
MOZ,Mozambique,2019,59.2304166666667,90.0,57.6333333333333,67.39375,41.125,40.0
MOZ,Mozambique,2020,55.8683333333333,80.0,57.0333333333333,66.975,35.3333333333333,40.0
MOZ,Mozambique,2021,59.1170833333333,70.0,57.0333333333333,76.51875,37.0333333333333,55.0
MOZ,Mozambique,2022,63.8291666666667,90.0,59.7,68.9625,45.4833333333333,55.0
MOZ,Mozambique,2023,65.4266666666667,90.0,59.7,71.95,45.4833333333333,60.0
MOZ,Mozambique,2024,66.7375,90.0,66.6666666666667,76.2375,45.7833333333333,55.0
MRT,Mauritania,2004,,40.0,,,,
MRT,Mauritania,2005,,40.0,,42.725,,
MRT,Mauritania,2006,,30.0,,43.5875,,
MRT,Mauritania,2007,,30.0,,46.15,,
MRT,Mauritania,2008,,40.0,,47.08125,,
MRT,Mauritania,2009,,40.0,,47.13125,,
MRT,Mauritania,2010,,30.0,,44.31875,,
MRT,Mauritania,2011,,30.0,,44.09375,,
MRT,Mauritania,2012,,50.0,,45.68125,,
MRT,Mauritania,2013,,50.0,,42.375,,
MRT,Mauritania,2014,,50.0,,45.5,,
MRT,Mauritania,2015,,70.0,,50.48125,21.8833333333333,
MRT,Mauritania,2016,40.8541666666667,90.0,10.6,51.7875,21.8833333333333,30.0
MRT,Mauritania,2017,45.1145833333333,90.0,28.3333333333333,51.58125,25.6583333333333,30.0
MRT,Mauritania,2018,50.94875,90.0,62.4666666666667,50.54375,26.7333333333333,25.0
MRT,Mauritania,2019,54.39875,100.0,62.4666666666667,47.79375,26.7333333333333,35.0
MRT,Mauritania,2020,53.8479166666667,90.0,60.9,52.68125,25.6583333333333,40.0
MRT,Mauritania,2021,59.6341666666667,90.0,60.9,66.6125,25.6583333333333,55.0
MRT,Mauritania,2022,59.7404166666667,90.0,63.2,58.31875,27.1833333333333,60.0
MRT,Mauritania,2023,60.8304166666667,80.0,63.2,72.06875,28.8833333333333,60.0
MRT,Mauritania,2024,58.4483333333333,80.0,63.9,62.8,25.5416666666667,60.0
MUS,Mauritius,2004,,20.0,,,,
MUS,Mauritius,2005,,20.0,,64.85,,
MUS,Mauritius,2006,,20.0,,65.4,,
MUS,Mauritius,2007,,20.0,,66.35625,,
MUS,Mauritius,2008,,20.0,,66.00625,,
MUS,Mauritius,2009,,20.0,,68.2625,,
MUS,Mauritius,2010,,40.0,,64.84375,,
MUS,Mauritius,2011,,40.0,,66.2875,,
MUS,Mauritius,2012,,50.0,,70.45625,,
MUS,Mauritius,2013,,50.0,,69.6375,,
MUS,Mauritius,2014,,50.0,,68.45,,
MUS,Mauritius,2015,,70.0,,64.76875,64.1416666666667,
MUS,Mauritius,2016,74.7308333333333,90.0,85.6,65.8375,62.2166666666667,70.0
MUS,Mauritius,2017,75.6425,100.0,87.2333333333333,64.9875,60.9916666666667,65.0
MUS,Mauritius,2018,74.2945833333333,90.0,86.2,63.93125,61.3416666666667,70.0
MUS,Mauritius,2019,72.5670833333333,90.0,86.2,56.99375,59.6416666666667,70.0
MUS,Mauritius,2020,74.0791666666667,90.0,86.6666666666667,63.9375,59.7916666666667,70.0
MUS,Mauritius,2021,75.1458333333333,70.0,86.6666666666667,80.9375,68.125,70.0
MUS,Mauritius,2022,76.5225,90.0,85.9,74.0125,62.7,70.0
MUS,Mauritius,2023,78.67625,90.0,85.9,78.13125,64.35,75.0
MUS,Mauritius,2024,80.44125,90.0,87.3,77.58125,67.325,80.0
MWI,Malawi,2004,,20.0,,,,
MWI,Malawi,2005,,20.0,,61.5625,,
MWI,Malawi,2006,,20.0,,61.325,,
MWI,Malawi,2007,,20.0,,62.8,,
MWI,Malawi,2008,,20.0,,62.6625,,
MWI,Malawi,2009,,20.0,,60.23125,,
MWI,Malawi,2010,,40.0,,59.90625,,
MWI,Malawi,2011,,40.0,,60.675,,
MWI,Malawi,2012,,40.0,,62.70625,,
MWI,Malawi,2013,,50.0,,64.55,,
MWI,Malawi,2014,,50.0,,65.85,,
MWI,Malawi,2015,,70.0,,66.04375,45.4916666666667,
MWI,Malawi,2016,55.4658333333334,90.0,46.3666666666667,72.2875,48.675,20.0
MWI,Malawi,2017,57.455,90.0,61.9666666666667,72.3,43.0083333333333,20.0
MWI,Malawi,2018,55.6645833333333,90.0,61.2333333333333,68.33125,43.7583333333333,15.0
MWI,Malawi,2019,58.3070833333334,90.0,61.2333333333333,66.54375,43.7583333333333,30.0
MWI,Malawi,2020,60.6845833333333,90.0,63.3333333333333,71.73125,48.3583333333333,30.0
MWI,Malawi,2021,65.4558333333333,90.0,63.3333333333333,80.5875,48.3583333333333,45.0
MWI,Malawi,2022,62.7845833333333,80.0,62.1333333333333,77.78125,49.0083333333333,45.0
MWI,Malawi,2023,63.5833333333333,80.0,62.1333333333333,81.775,49.0083333333333,45.0
MWI,Malawi,2024,64.34375,80.0,63.2666666666667,74.06875,49.3833333333333,55.0
MYS,Malaysia,2004,,30.0,,,,
MYS,Malaysia,2005,,30.0,,64.86875,,
MYS,Malaysia,2006,,40.0,,64.9625,,
MYS,Malaysia,2007,,40.0,,65.35625,,
MYS,Malaysia,2008,,40.0,,67.5125,,
MYS,Malaysia,2009,,40.0,,68.2125,,
MYS,Malaysia,2010,,60.0,,65.1,,
MYS,Malaysia,2011,,60.0,,66.3125,,
MYS,Malaysia,2012,,60.0,,66.3125,,
MYS,Malaysia,2013,,60.0,,65.91875,,
MYS,Malaysia,2014,,60.0,,66.1875,,
MYS,Malaysia,2015,,80.0,,70.15,57.6666666666667,
MYS,Malaysia,2016,61.3404166666667,86.6,46.2333333333333,72.91875,55.95,45.0
MYS,Malaysia,2017,62.5358333333333,86.6,49.7666666666667,74.5625,56.75,45.0
MYS,Malaysia,2018,70.4541666666667,86.6,84.0333333333333,74.2375,57.4,50.0
MYS,Malaysia,2019,68.8904166666667,80.0,84.0333333333333,73.01875,57.4,50.0
MYS,Malaysia,2020,70.7770833333333,80.0,84.2666666666667,78.46875,61.15,50.0
MYS,Malaysia,2021,74.76625,80.0,84.2666666666667,85.08125,69.4833333333333,55.0
MYS,Malaysia,2022,75.8316666666667,80.0,87.7,84.1,72.3583333333333,55.0
MYS,Malaysia,2023,80.0879166666667,80.0,87.7,85.38125,72.3583333333333,75.0
MYS,Malaysia,2024,84.99125,80.0,99.6666666666667,80.13125,80.1583333333333,85.0
NAM,Namibia,2004,,20.0,,,,
NAM,Namibia,2005,,20.0,,46.13125,,
NAM,Namibia,2006,,20.0,,46.91875,,
NAM,Namibia,2007,,20.0,,50.04375,,
NAM,Namibia,2008,,20.0,,61.39375,,
NAM,Namibia,2009,,30.0,,63.1375,,
NAM,Namibia,2010,,50.0,,60.15625,,
NAM,Namibia,2011,,50.0,,59.15625,,
NAM,Namibia,2012,,50.0,,58.775,,
NAM,Namibia,2013,,50.0,,64.96875,,
NAM,Namibia,2014,,50.0,,65.80625,,
NAM,Namibia,2015,,70.0,,71.3,48.1916666666667,
NAM,Namibia,2016,49.8670833333333,70.0,43.3,70.94375,35.0916666666667,30.0
NAM,Namibia,2017,52.9358333333333,70.0,59.0,71.3375,34.3416666666667,30.0
NAM,Namibia,2018,52.5116666666667,70.0,63.0666666666667,65.3,34.1916666666667,30.0
NAM,Namibia,2019,50.2108333333333,50.0,63.0666666666667,65.4625,42.525,30.0
NAM,Namibia,2020,50.965,50.0,64.7,69.45,40.675,30.0
NAM,Namibia,2021,54.5925,40.0,64.7,77.5875,40.675,50.0
NAM,Namibia,2022,53.7083333333333,40.0,62.8333333333333,74.425,36.2833333333333,55.0
NAM,Namibia,2023,55.0129166666667,40.0,62.8333333333333,71.78125,40.45,60.0
NAM,Namibia,2024,55.6641666666667,40.0,66.6333333333333,69.4625,37.225,65.0
NCL,New Caledonia,2004,,0.0,,,,
NCL,New Caledonia,2005,,0.0,,16.9125,,
NCL,New Caledonia,2006,,0.0,,16.9125,,
NCL,New Caledonia,2007,,0.0,,16.9125,,
NCL,New Caledonia,2008,,0.0,,16.85625,,
NCL,New Caledonia,2009,,0.0,,25.70625,,
NCL,New Caledonia,2010,,10.0,,24.13125,,
NCL,New Caledonia,2011,,10.0,,24.09375,,
NCL,New Caledonia,2012,,10.0,,23.5375,,
NCL,New Caledonia,2013,,10.0,,23.5375,,
NCL,New Caledonia,2014,,10.0,,23.425,,
NCL,New Caledonia,2015,,30.0,,20.375,,
NCL,New Caledonia,2016,,50.0,,14.84375,,
NCL,New Caledonia,2017,,60.0,,15.50625,,
NCL,New Caledonia,2018,,60.0,,16.36875,,
NCL,New Caledonia,2019,,60.0,,16.025,,
NCL,New Caledonia,2020,,60.0,,23.0125,,
NCL,New Caledonia,2021,,60.0,,31.5875,,
NCL,New Caledonia,2022,,60.0,,30.93125,,
NCL,New Caledonia,2023,,60.0,,34.475,,
NCL,New Caledonia,2024,,60.0,,32.18125,,
NER,Niger,2004,,20.0,,,,
NER,Niger,2005,,20.0,,57.475,,
NER,Niger,2006,,20.0,,62.3625,,
NER,Niger,2007,,20.0,,62.025,,
NER,Niger,2008,,20.0,,61.9125,,
NER,Niger,2009,,20.0,,62.60625,,
NER,Niger,2010,,30.0,,59.56875,,
NER,Niger,2011,,30.0,,57.63125,,
NER,Niger,2012,,40.0,,67.53125,,
NER,Niger,2013,,40.0,,67.01875,,
NER,Niger,2014,,60.0,,66.2,,
NER,Niger,2015,,80.0,,68.93125,36.8,
NER,Niger,2016,53.9579166666667,100.0,42.3333333333333,67.90625,34.55,25.0
NER,Niger,2017,56.9245833333334,90.0,60.8666666666667,63.95625,39.8,30.0
NER,Niger,2018,56.8858333333333,90.0,61.9666666666667,63.4875,38.975,30.0
NER,Niger,2019,57.3558333333333,90.0,61.9666666666667,60.8375,38.975,35.0
NER,Niger,2020,60.7879166666667,90.0,59.9333333333333,73.48125,35.525,45.0
NER,Niger,2021,68.3879166666667,100.0,59.9333333333333,84.83125,37.175,60.0
NER,Niger,2022,68.7658333333333,100.0,61.1333333333333,76.4375,46.2583333333333,60.0
NER,Niger,2023,66.90625,90.0,61.1333333333333,76.30625,42.0916666666667,65.0
NER,Niger,2024,70.4654166666667,90.0,76.3666666666666,75.19375,40.7666666666667,70.0
NGA,Nigeria,2004,,20.0,,,,
NGA,Nigeria,2005,,20.0,,46.65625,,
NGA,Nigeria,2006,,20.0,,46.2,,
NGA,Nigeria,2007,,20.0,,50.29375,,
NGA,Nigeria,2008,,20.0,,52.5625,,
NGA,Nigeria,2009,,20.0,,52.9375,,
NGA,Nigeria,2010,,20.0,,50.36875,,
NGA,Nigeria,2011,,30.0,,52.46875,,
NGA,Nigeria,2012,,50.0,,51.375,,
NGA,Nigeria,2013,,50.0,,51.64375,,
NGA,Nigeria,2014,,50.0,,49.78125,,
NGA,Nigeria,2015,,80.0,,51.18125,50.8666666666667,
NGA,Nigeria,2016,57.1170833333333,100.0,45.9,53.86875,45.8166666666667,40.0
NGA,Nigeria,2017,56.0420833333333,86.6,61.0333333333333,55.09375,37.4833333333333,40.0
NGA,Nigeria,2018,54.2404166666667,76.6,62.4,54.86875,37.3333333333333,40.0
NGA,Nigeria,2019,56.9154166666667,90.0,62.4,54.84375,37.3333333333333,40.0
NGA,Nigeria,2020,58.7908333333333,90.0,67.1333333333333,64.8375,36.9833333333333,35.0
NGA,Nigeria,2021,62.3745833333333,90.0,67.1333333333333,77.75625,36.9833333333333,40.0
NGA,Nigeria,2022,62.7533333333333,100.0,63.8333333333333,73.175,36.7583333333333,40.0
NGA,Nigeria,2023,65.5570833333333,100.0,63.8333333333333,75.54375,38.4083333333333,50.0
NGA,Nigeria,2024,69.1175,100.0,70.9666666666667,74.8625,39.7583333333333,60.0
NIC,Nicaragua,2004,,40.0,,,,
NIC,Nicaragua,2005,,40.0,,66.2375,,
NIC,Nicaragua,2006,,40.0,,66.49375,,
NIC,Nicaragua,2007,,40.0,,67.975,,
NIC,Nicaragua,2008,,40.0,,68.4625,,
NIC,Nicaragua,2009,,40.0,,69.0875,,
NIC,Nicaragua,2010,,60.0,,64.60625,,
NIC,Nicaragua,2011,,50.0,,61.79375,,
NIC,Nicaragua,2012,,50.0,,71.825,,
NIC,Nicaragua,2013,,50.0,,71.225,,
NIC,Nicaragua,2014,,60.0,,70.09375,,
NIC,Nicaragua,2015,,70.0,,65.79375,43.1,
NIC,Nicaragua,2016,48.1879166666667,90.0,12.7,66.93125,41.3083333333333,30.0
NIC,Nicaragua,2017,47.9541666666667,90.0,26.6,59.2125,38.9583333333333,25.0
NIC,Nicaragua,2018,51.5208333333333,90.0,60.0333333333333,49.7125,37.8583333333333,20.0
NIC,Nicaragua,2019,51.6545833333333,80.0,60.0333333333333,45.38125,37.8583333333333,35.0
NIC,Nicaragua,2020,49.1745833333333,60.0,60.3333333333333,53.78125,36.7583333333333,35.0
NIC,Nicaragua,2021,56.59125,60.0,60.3333333333333,64.23125,43.3916666666667,55.0
NIC,Nicaragua,2022,55.35875,60.0,61.1,60.71875,39.975,55.0
NIC,Nicaragua,2023,56.45375,60.0,61.1,66.19375,39.975,55.0
NIC,Nicaragua,2024,55.80375,60.0,63.2,62.94375,37.875,55.0
NLD,Netherlands,2004,,10.0,,,,
NLD,Netherlands,2005,,20.0,,42.19375,,
NLD,Netherlands,2006,,20.0,,42.9875,,
NLD,Netherlands,2007,,20.0,,44.38125,,
NLD,Netherlands,2008,,20.0,,43.6625,,
NLD,Netherlands,2009,,20.0,,44.2875,,
NLD,Netherlands,2010,,40.0,,44.88125,,
NLD,Netherlands,2011,,40.0,,46.56875,,
NLD,Netherlands,2012,,40.0,,49.5,,
NLD,Netherlands,2013,,40.0,,49.0125,,
NLD,Netherlands,2014,,40.0,,49.44375,,
NLD,Netherlands,2015,,60.0,,56.7,,
NLD,Netherlands,2016,74.1441666666667,80.0,61.6666666666667,63.2625,65.7916666666667,100.0
NLD,Netherlands,2017,76.21625,80.0,66.0333333333333,70.35625,64.6916666666667,100.0
NLD,Netherlands,2018,84.2195833333333,80.0,98.5,71.13125,71.4666666666667,100.0
NLD,Netherlands,2019,84.2658333333333,80.0,98.5,71.3625,71.4666666666667,100.0
NLD,Netherlands,2020,84.9170833333333,80.0,97.1,73.89375,73.5916666666667,100.0
NLD,Netherlands,2021,89.35875,80.0,97.1,87.76875,81.925,100.0
NLD,Netherlands,2022,88.16,80.0,96.9,81.975,81.925,100.0
NLD,Netherlands,2023,89.9825,80.0,96.9,91.0875,81.925,100.0
NLD,Netherlands,2024,85.1329166666667,80.0,97.2333333333333,82.18125,81.25,85.0
NOR,Norway,2004,,40.0,,,,
NOR,Norway,2005,,40.0,,44.7875,,
NOR,Norway,2006,,40.0,,44.8375,,
NOR,Norway,2007,,40.0,,46.2375,,
NOR,Norway,2008,,40.0,,46.58125,,
NOR,Norway,2009,,40.0,,46.8625,,
NOR,Norway,2010,,60.0,,46.5125,,
NOR,Norway,2011,,60.0,,47.325,,
NOR,Norway,2012,,60.0,,50.03125,,
NOR,Norway,2013,,60.0,,49.5375,,
NOR,Norway,2014,,60.0,,50.91875,,
NOR,Norway,2015,,80.0,,61.21875,,
NOR,Norway,2016,78.8220833333333,100.0,62.6,66.09375,75.4166666666667,90.0
NOR,Norway,2017,82.61625,100.0,59.0333333333333,77.93125,76.1166666666667,100.0
NOR,Norway,2018,90.1625,100.0,92.2333333333333,77.9125,80.6666666666667,100.0
NOR,Norway,2019,90.09375,100.0,92.2333333333333,77.56875,80.6666666666667,100.0
NOR,Norway,2020,90.4683333333333,100.0,94.3,79.1,78.9416666666667,100.0
NOR,Norway,2021,93.7625,100.0,94.3,87.2375,87.275,100.0
NOR,Norway,2022,92.6991666666667,100.0,97.2333333333333,77.4125,88.85,100.0
NOR,Norway,2023,94.5566666666667,100.0,97.2333333333333,86.7,88.85,100.0
NOR,Norway,2024,94.1433333333333,100.0,98.5666666666666,84.0,88.15,100.0
NPL,Nepal,2004,,30.0,,,,
NPL,Nepal,2005,,30.0,,55.84375,,
NPL,Nepal,2006,,30.0,,58.30625,,
NPL,Nepal,2007,,30.0,,59.89375,,
NPL,Nepal,2008,,20.0,,63.2875,,
NPL,Nepal,2009,,20.0,,65.675,,
NPL,Nepal,2010,,30.0,,67.24375,,
NPL,Nepal,2011,,30.0,,70.49375,,
NPL,Nepal,2012,,30.0,,70.8375,,
NPL,Nepal,2013,,30.0,,67.4375,,
NPL,Nepal,2014,,20.0,,66.23125,,
NPL,Nepal,2015,,40.0,,64.48125,52.225,
NPL,Nepal,2016,48.2283333333333,60.0,42.7666666666667,67.9,45.475,25.0
NPL,Nepal,2017,53.2333333333333,70.0,60.7333333333333,71.2,44.2333333333333,20.0
NPL,Nepal,2018,53.8891666666667,70.0,61.3333333333333,69.6875,48.425,20.0
NPL,Nepal,2019,52.8891666666667,70.0,61.3333333333333,68.0375,45.075,20.0
NPL,Nepal,2020,54.97,70.0,62.7,77.0,45.15,20.0
NPL,Nepal,2021,65.66125,80.0,62.7,85.45625,45.15,55.0
NPL,Nepal,2022,62.70125,80.0,63.4,81.00625,44.1,45.0
NPL,Nepal,2023,61.01875,60.0,63.4,80.89375,45.8,55.0
NPL,Nepal,2024,60.3679166666667,60.0,66.2333333333333,79.10625,46.5,50.0
NRU,Nauru,2004,,20.0,,,,
NRU,Nauru,2005,,20.0,,27.39375,,
NRU,Nauru,2006,,20.0,,27.9,,
NRU,Nauru,2007,,20.0,,34.7375,,
NRU,Nauru,2008,,20.0,,35.14375,,
NRU,Nauru,2009,,20.0,,35.14375,,
NRU,Nauru,2010,,30.0,,34.4625,,
NRU,Nauru,2011,,30.0,,36.025,,
NRU,Nauru,2012,,30.0,,31.7625,,
NRU,Nauru,2013,,30.0,,33.71875,,
NRU,Nauru,2014,,30.0,,33.4,,
NRU,Nauru,2015,,50.0,,32.725,,
NRU,Nauru,2016,,70.0,,34.74375,,0.0
NRU,Nauru,2017,,50.0,,35.91875,,10.0
NRU,Nauru,2018,,50.0,,32.56875,,5.0
NRU,Nauru,2019,,40.0,,34.91875,,5.0
NRU,Nauru,2020,,60.0,,46.39375,,5.0
NRU,Nauru,2021,,70.0,,55.41875,,5.0
NRU,Nauru,2022,41.44875,70.0,37.6333333333333,51.29375,43.3166666666667,5.0
NRU,Nauru,2023,46.4825,70.0,37.6333333333333,59.8125,44.9666666666667,20.0
NRU,Nauru,2024,47.9395833333333,70.0,40.7,63.45625,50.5416666666667,15.0
NZL,New Zealand,2004,,40.0,,,,
NZL,New Zealand,2005,,40.0,,40.20625,,
NZL,New Zealand,2006,,40.0,,50.91875,,
NZL,New Zealand,2007,,40.0,,52.21875,,
NZL,New Zealand,2008,,40.0,,52.6375,,
NZL,New Zealand,2009,,40.0,,52.6375,,
NZL,New Zealand,2010,,60.0,,50.475,,
NZL,New Zealand,2011,,60.0,,50.18125,,
NZL,New Zealand,2012,,60.0,,50.7,,
NZL,New Zealand,2013,,60.0,,49.5125,,
NZL,New Zealand,2014,,60.0,,51.5125,,
NZL,New Zealand,2015,,80.0,,60.59375,,
NZL,New Zealand,2016,78.9629166666667,100.0,91.7666666666667,62.20625,65.8416666666667,75.0
NZL,New Zealand,2017,83.5525,100.0,91.8333333333333,72.2125,63.7166666666667,90.0
NZL,New Zealand,2018,83.5,100.0,91.6333333333333,71.5,64.3666666666667,90.0
NZL,New Zealand,2019,83.50375,100.0,91.6333333333333,71.51875,64.3666666666667,90.0
NZL,New Zealand,2020,83.67125,100.0,93.6333333333333,71.43125,68.2916666666667,85.0
NZL,New Zealand,2021,88.6279166666667,100.0,93.6333333333333,82.88125,76.625,90.0
NZL,New Zealand,2022,87.9345833333333,100.0,92.6666666666667,80.25625,76.75,90.0
NZL,New Zealand,2023,91.3095833333334,100.0,92.6666666666667,85.48125,78.4,100.0
NZL,New Zealand,2024,91.73875,100.0,94.9,83.11875,80.675,100.0
OMN,Oman,2004,,20.0,,,,
OMN,Oman,2005,,20.0,,40.975,,
OMN,Oman,2006,,20.0,,41.50625,,
OMN,Oman,2007,,20.0,,42.89375,,
OMN,Oman,2008,,20.0,,46.48125,,
OMN,Oman,2009,,20.0,,50.6875,,
OMN,Oman,2010,,30.0,,48.3625,,
OMN,Oman,2011,,30.0,,50.54375,,
OMN,Oman,2012,,30.0,,51.79375,,
OMN,Oman,2013,,30.0,,48.3,,
OMN,Oman,2014,,30.0,,49.19375,,
OMN,Oman,2015,,50.0,,41.9,,
OMN,Oman,2016,41.2433333333333,70.0,17.0,43.3,40.9166666666667,35.0
OMN,Oman,2017,48.9541666666667,70.0,37.9666666666667,44.0875,52.7166666666667,40.0
OMN,Oman,2018,49.9345833333333,70.0,44.4,44.38125,55.8916666666667,35.0
OMN,Oman,2019,50.8695833333333,70.0,44.4,44.05625,55.8916666666667,40.0
OMN,Oman,2020,55.17125,70.0,47.7333333333333,54.23125,58.8916666666667,45.0
OMN,Oman,2021,57.5679166666667,70.0,47.7333333333333,61.23125,63.875,45.0
OMN,Oman,2022,58.6279166666667,70.0,46.9333333333333,57.33125,63.875,55.0
OMN,Oman,2023,58.2466666666667,70.0,46.9333333333333,60.425,63.875,50.0
OMN,Oman,2024,59.2208333333333,70.0,48.8333333333333,58.6125,63.6583333333333,55.0
PAK,Pakistan,2004,,40.0,,,,
PAK,Pakistan,2005,,40.0,,64.525,,
PAK,Pakistan,2006,,40.0,,64.81875,,
PAK,Pakistan,2007,,40.0,,66.79375,,
PAK,Pakistan,2008,,40.0,,66.5875,,
PAK,Pakistan,2009,,40.0,,69.9625,,
PAK,Pakistan,2010,,60.0,,66.03125,,
PAK,Pakistan,2011,,60.0,,68.44375,,
PAK,Pakistan,2012,,60.0,,67.675,,
PAK,Pakistan,2013,,60.0,,66.9875,,
PAK,Pakistan,2014,,60.0,,65.2625,,
PAK,Pakistan,2015,,80.0,,63.2625,38.8,
PAK,Pakistan,2016,56.9233333333333,100.0,43.0666666666667,64.75,41.8,35.0
PAK,Pakistan,2017,59.4883333333333,100.0,59.2,67.225,41.0166666666667,30.0
PAK,Pakistan,2018,62.2079166666667,100.0,60.9666666666666,74.30625,40.7666666666667,35.0
PAK,Pakistan,2019,61.0054166666667,100.0,60.9666666666666,73.29375,40.7666666666667,30.0
PAK,Pakistan,2020,62.9104166666667,100.0,61.8666666666667,80.49375,42.1916666666667,30.0
PAK,Pakistan,2021,68.34,90.0,61.8666666666667,86.825,48.0083333333333,55.0
PAK,Pakistan,2022,69.2445833333333,90.0,61.9333333333333,82.88125,51.4083333333333,60.0
PAK,Pakistan,2023,68.9108333333333,90.0,61.9333333333333,81.2125,51.4083333333333,60.0
PAK,Pakistan,2024,68.06125,90.0,61.9666666666667,77.83125,50.5083333333333,60.0
PAN,Panama,2004,,40.0,,,,
PAN,Panama,2005,,40.0,,62.3625,,
PAN,Panama,2006,,40.0,,62.9625,,
PAN,Panama,2007,,40.0,,62.40625,,
PAN,Panama,2008,,40.0,,66.675,,
PAN,Panama,2009,,20.0,,68.7,,
PAN,Panama,2010,,60.0,,65.48125,,
PAN,Panama,2011,,60.0,,67.4125,,
PAN,Panama,2012,,60.0,,68.6625,,
PAN,Panama,2013,,60.0,,69.8375,,
PAN,Panama,2014,,60.0,,69.56875,,
PAN,Panama,2015,,80.0,,68.7,68.3916666666667,
PAN,Panama,2016,54.9341666666667,100.0,13.3666666666667,68.8625,67.4416666666667,25.0
PAN,Panama,2017,57.6179166666667,100.0,28.7666666666667,69.40625,64.9166666666667,25.0
PAN,Panama,2018,62.9083333333333,100.0,62.8,66.825,64.9166666666667,20.0
PAN,Panama,2019,64.5845833333333,100.0,62.8,65.20625,64.9166666666667,30.0
PAN,Panama,2020,67.62875,100.0,65.9333333333333,76.51875,65.6916666666667,30.0
PAN,Panama,2021,71.6283333333333,80.0,65.9333333333333,87.35,69.8583333333333,55.0
PAN,Panama,2022,73.43625,100.0,65.7333333333333,81.80625,64.6416666666667,55.0
PAN,Panama,2023,76.2795833333333,100.0,65.7333333333333,86.85625,68.8083333333333,60.0
PAN,Panama,2024,77.7325,100.0,71.6666666666667,82.5125,74.4833333333333,60.0
PER,Peru,2004,,40.0,,,,
PER,Peru,2005,,40.0,,68.15,,
PER,Peru,2006,,40.0,,69.525,,
PER,Peru,2007,,40.0,,70.61875,,
PER,Peru,2008,,40.0,,71.3125,,
PER,Peru,2009,,40.0,,70.53125,,
PER,Peru,2010,,50.0,,66.13125,,
PER,Peru,2011,,50.0,,68.49375,,
PER,Peru,2012,,50.0,,68.49375,,
PER,Peru,2013,,50.0,,69.4625,,
PER,Peru,2014,,50.0,,71.48125,,
PER,Peru,2015,,70.0,,67.89375,48.2916666666667,
PER,Peru,2016,62.89375,90.0,76.1333333333333,70.61875,47.7166666666667,30.0
PER,Peru,2017,66.1183333333333,90.0,86.5,77.675,46.4166666666667,30.0
PER,Peru,2018,68.2729166666667,90.0,85.7666666666667,78.63125,46.9666666666667,40.0
PER,Peru,2019,68.0129166666667,90.0,85.7666666666667,77.33125,46.9666666666667,40.0
PER,Peru,2020,68.24625,90.0,86.3333333333333,84.00625,45.8916666666667,35.0
PER,Peru,2021,75.7966666666667,90.0,86.3333333333333,90.925,66.725,45.0
PER,Peru,2022,77.1729166666667,100.0,87.3333333333333,87.93125,65.6,45.0
PER,Peru,2023,78.7158333333333,100.0,87.3333333333333,89.8125,61.4333333333333,55.0
PER,Peru,2024,81.98125,100.0,87.1666666666667,84.48125,63.2583333333333,75.0
PHL,Philippines,2004,,40.0,,,,
PHL,Philippines,2005,,40.0,,60.33125,,
PHL,Philippines,2006,,40.0,,65.86875,,
PHL,Philippines,2007,,40.0,,67.4,,
PHL,Philippines,2008,,40.0,,70.325,,
PHL,Philippines,2009,,40.0,,73.1,,
PHL,Philippines,2010,,60.0,,69.8125,,
PHL,Philippines,2011,,60.0,,69.575,,
PHL,Philippines,2012,,60.0,,69.575,,
PHL,Philippines,2013,,60.0,,71.91875,,
PHL,Philippines,2014,,60.0,,67.59375,,
PHL,Philippines,2015,,80.0,,68.0625,85.3,
PHL,Philippines,2016,73.24375,100.0,79.4,68.86875,82.95,35.0
PHL,Philippines,2017,74.4920833333333,100.0,90.0666666666667,72.21875,80.175,30.0
PHL,Philippines,2018,75.8795833333333,100.0,88.2666666666667,75.95625,80.175,35.0
PHL,Philippines,2019,75.3933333333333,100.0,88.2666666666667,75.175,78.525,35.0
PHL,Philippines,2020,79.1520833333334,100.0,93.7666666666667,78.46875,83.525,40.0
PHL,Philippines,2021,81.9195833333333,100.0,93.7666666666667,89.80625,71.025,55.0
PHL,Philippines,2022,81.4520833333333,100.0,92.6666666666667,84.81875,74.775,55.0
PHL,Philippines,2023,82.70375,100.0,92.6666666666667,85.24375,70.6083333333333,65.0
PHL,Philippines,2024,83.835,100.0,92.9666666666667,84.225,71.9833333333333,70.0
PLW,Palau,2004,,20.0,,,,
PLW,Palau,2005,,20.0,,31.975,,
PLW,Palau,2006,,20.0,,34.5625,,
PLW,Palau,2007,,20.0,,34.5625,,
PLW,Palau,2008,,20.0,,35.4875,,
PLW,Palau,2009,,20.0,,35.125,,
PLW,Palau,2010,,30.0,,33.325,,
PLW,Palau,2011,,20.0,,33.1375,,
PLW,Palau,2012,,20.0,,43.8625,,
PLW,Palau,2013,,20.0,,43.8625,,
PLW,Palau,2014,,30.0,,46.60625,,
PLW,Palau,2015,,50.0,,42.66875,,
PLW,Palau,2016,,50.0,,42.78125,,15.0
PLW,Palau,2017,,70.0,,36.9375,,15.0
PLW,Palau,2018,,70.0,,37.04375,,20.0
PLW,Palau,2019,,70.0,,34.0875,,40.0
PLW,Palau,2020,53.6304166666667,70.0,57.8666666666667,47.46875,52.8166666666667,40.0
PLW,Palau,2021,55.4129166666667,70.0,57.8666666666667,56.38125,52.8166666666667,40.0
PLW,Palau,2022,51.6916666666667,50.0,59.6666666666667,54.975,53.8166666666667,40.0
PLW,Palau,2023,55.0654166666667,50.0,59.6666666666667,61.84375,53.8166666666667,50.0
PLW,Palau,2024,60.9541666666667,70.0,61.5666666666667,62.3625,55.8416666666667,55.0
PNG,Papua New Guinea,2004,,20.0,,,,
PNG,Papua New Guinea,2005,,20.0,,49.8,,
PNG,Papua New Guinea,2006,,20.0,,52.35,,
PNG,Papua New Guinea,2007,,20.0,,52.74375,,
PNG,Papua New Guinea,2008,,20.0,,52.99375,,
PNG,Papua New Guinea,2009,,20.0,,55.73125,,
PNG,Papua New Guinea,2010,,30.0,,55.44375,,
PNG,Papua New Guinea,2011,,30.0,,55.51875,,
PNG,Papua New Guinea,2012,,10.0,,57.24375,,
PNG,Papua New Guinea,2013,,30.0,,56.325,,
PNG,Papua New Guinea,2014,,10.0,,53.475,,
PNG,Papua New Guinea,2015,,20.0,,44.5375,15.3083333333333,
PNG,Papua New Guinea,2016,26.9654166666667,50.0,4.0,47.21875,18.6083333333333,15.0
PNG,Papua New Guinea,2017,32.725,60.0,22.3666666666667,49.125,17.1333333333333,15.0
PNG,Papua New Guinea,2018,40.585,60.0,55.2666666666667,51.075,16.5833333333333,20.0
PNG,Papua New Guinea,2019,40.50625,60.0,55.2666666666667,50.68125,16.5833333333333,20.0
PNG,Papua New Guinea,2020,44.4420833333333,60.0,57.8333333333333,65.41875,13.9583333333333,25.0
PNG,Papua New Guinea,2021,46.4770833333333,60.0,57.8333333333333,70.59375,13.9583333333333,30.0
PNG,Papua New Guinea,2022,44.0408333333333,50.0,59.2,67.5875,13.4166666666667,30.0
PNG,Papua New Guinea,2023,44.2445833333333,50.0,59.2,68.60625,13.4166666666667,30.0
PNG,Papua New Guinea,2024,43.6275,50.0,62.2333333333333,66.4375,14.4666666666667,25.0
POL,Poland,2004,,40.0,,,,
POL,Poland,2005,,40.0,,43.48125,,
POL,Poland,2006,,40.0,,42.3375,,
POL,Poland,2007,,40.0,,43.7375,,
POL,Poland,2008,,40.0,,43.7125,,
POL,Poland,2009,,40.0,,44.29375,,
POL,Poland,2010,,60.0,,44.49375,,
POL,Poland,2011,,60.0,,45.60625,,
POL,Poland,2012,,60.0,,48.16875,,
POL,Poland,2013,,60.0,,52.25,,
POL,Poland,2014,,60.0,,53.03125,,
POL,Poland,2015,,80.0,,63.375,,
POL,Poland,2016,81.7195833333333,100.0,60.0,66.85625,81.7416666666667,100.0
POL,Poland,2017,82.5841666666667,100.0,60.0666666666667,73.6625,79.1916666666667,100.0
POL,Poland,2018,88.2295833333333,100.0,95.1,72.98125,78.0666666666667,95.0
POL,Poland,2019,89.0708333333333,100.0,95.1,70.5375,79.7166666666667,100.0
POL,Poland,2020,89.9004166666667,100.0,96.2666666666667,71.74375,81.4916666666667,100.0
POL,Poland,2021,94.5858333333333,100.0,96.2666666666667,86.8375,89.825,100.0
POL,Poland,2022,94.18875,100.0,97.3,82.21875,91.425,100.0
POL,Poland,2023,94.65375,100.0,97.3,84.54375,91.425,100.0
POL,Poland,2024,91.10625,100.0,99.0,82.20625,94.325,80.0
PRI,Puerto Rico (US),2004,,0.0,,,,
PRI,Puerto Rico (US),2005,,0.0,,20.44375,,
PRI,Puerto Rico (US),2006,,0.0,,19.84375,,
PRI,Puerto Rico (US),2007,,0.0,,19.84375,,
PRI,Puerto Rico (US),2008,,0.0,,19.7875,,
PRI,Puerto Rico (US),2009,,0.0,,20.56875,,
PRI,Puerto Rico (US),2010,,20.0,,19.9,,
PRI,Puerto Rico (US),2011,,20.0,,19.8625,,
PRI,Puerto Rico (US),2012,,20.0,,19.30625,,
PRI,Puerto Rico (US),2013,,20.0,,20.0,,
PRI,Puerto Rico (US),2014,,20.0,,20.275,,
PRI,Puerto Rico (US),2015,,40.0,,21.13125,,
PRI,Puerto Rico (US),2016,,60.0,,22.21875,,
PRI,Puerto Rico (US),2017,,60.0,,22.88125,,
PRI,Puerto Rico (US),2018,,60.0,,22.1875,,
PRI,Puerto Rico (US),2019,,60.0,,22.225,,
PRI,Puerto Rico (US),2020,,60.0,,28.49375,,
PRI,Puerto Rico (US),2021,,50.0,,35.38125,,
PRI,Puerto Rico (US),2022,,50.0,,33.9125,,
PRI,Puerto Rico (US),2023,,50.0,,32.45,,
PRI,Puerto Rico (US),2024,,50.0,,35.18125,,
PRK,"Korea, Dem. People's Rep.",2004,,0.0,,,,
PRK,"Korea, Dem. People's Rep.",2005,,0.0,,39.825,,
PRK,"Korea, Dem. People's Rep.",2006,,0.0,,40.3625,,
PRK,"Korea, Dem. People's Rep.",2007,,0.0,,40.1375,,
PRK,"Korea, Dem. People's Rep.",2008,,0.0,,40.80625,,
PRK,"Korea, Dem. People's Rep.",2009,,0.0,,40.66875,,
PRK,"Korea, Dem. People's Rep.",2010,,0.0,,38.225,,
PRK,"Korea, Dem. People's Rep.",2011,,0.0,,37.51875,,
PRK,"Korea, Dem. People's Rep.",2012,,0.0,,37.51875,,
PRK,"Korea, Dem. People's Rep.",2013,,0.0,,36.1125,,
PRK,"Korea, Dem. People's Rep.",2014,,0.0,,34.04375,,
PRK,"Korea, Dem. People's Rep.",2015,,20.0,,35.4,,
PRK,"Korea, Dem. People's Rep.",2016,,10.0,,36.65,,
PRK,"Korea, Dem. People's Rep.",2017,,10.0,,41.3,,
PRK,"Korea, Dem. People's Rep.",2018,,10.0,,41.25,,
PRK,"Korea, Dem. People's Rep.",2019,,10.0,,43.09375,,
PRK,"Korea, Dem. People's Rep.",2020,,10.0,,50.675,,
PRK,"Korea, Dem. People's Rep.",2021,,10.0,,51.60625,,
PRK,"Korea, Dem. People's Rep.",2022,,10.0,,44.21875,,
PRK,"Korea, Dem. People's Rep.",2023,,10.0,,50.39375,,
PRK,"Korea, Dem. People's Rep.",2024,,10.0,,46.5625,,
PRT,Portugal,2004,,40.0,,,,
PRT,Portugal,2005,,40.0,,44.825,,
PRT,Portugal,2006,,40.0,,44.53125,,
PRT,Portugal,2007,,40.0,,44.7875,,
PRT,Portugal,2008,,40.0,,45.1375,,
PRT,Portugal,2009,,40.0,,45.1375,,
PRT,Portugal,2010,,60.0,,44.94375,,
PRT,Portugal,2011,,60.0,,45.9,,
PRT,Portugal,2012,,60.0,,46.79375,,
PRT,Portugal,2013,,60.0,,47.86875,,
PRT,Portugal,2014,,60.0,,48.825,,
PRT,Portugal,2015,,80.0,,59.4125,,
PRT,Portugal,2016,85.675,100.0,91.6333333333333,64.275,72.4666666666667,100.0
PRT,Portugal,2017,86.14375,100.0,90.6333333333333,71.06875,69.0166666666667,100.0
PRT,Portugal,2018,85.9591666666667,100.0,90.7666666666667,71.2375,67.7916666666667,100.0
PRT,Portugal,2019,86.2591666666667,100.0,90.7666666666667,71.0375,69.4916666666667,100.0
PRT,Portugal,2020,87.1495833333333,100.0,91.9,73.63125,70.2166666666667,100.0
PRT,Portugal,2021,91.56875,100.0,91.9,87.39375,78.55,100.0
PRT,Portugal,2022,92.3583333333333,100.0,96.8666666666667,84.65,80.275,100.0
PRT,Portugal,2023,93.7783333333333,100.0,96.8666666666667,91.75,80.275,100.0
PRT,Portugal,2024,90.7079166666667,100.0,97.6333333333333,90.30625,85.6,80.0
PRY,Paraguay,2004,,40.0,,,,
PRY,Paraguay,2005,,40.0,,66.33125,,
PRY,Paraguay,2006,,40.0,,67.5125,,
PRY,Paraguay,2007,,40.0,,69.95,,
PRY,Paraguay,2008,,40.0,,71.1875,,
PRY,Paraguay,2009,,40.0,,73.125,,
PRY,Paraguay,2010,,50.0,,68.36875,,
PRY,Paraguay,2011,,50.0,,68.025,,
PRY,Paraguay,2012,,50.0,,70.9375,,
PRY,Paraguay,2013,,50.0,,69.29375,,
PRY,Paraguay,2014,,30.0,,68.39375,,
PRY,Paraguay,2015,,50.0,,64.7375,39.5916666666667,
PRY,Paraguay,2016,53.0204166666667,70.0,43.1666666666667,68.51875,38.4166666666667,45.0
PRY,Paraguay,2017,55.7441666666667,70.0,60.3666666666667,70.6375,37.7166666666667,40.0
PRY,Paraguay,2018,57.6354166666667,70.0,63.0666666666667,76.84375,38.2666666666667,40.0
PRY,Paraguay,2019,59.3795833333333,70.0,63.0666666666667,76.43125,32.4,55.0
PRY,Paraguay,2020,65.6670833333333,70.0,61.5666666666667,82.51875,49.25,65.0
PRY,Paraguay,2021,70.04875,70.0,61.5666666666667,87.74375,55.9333333333333,75.0
PRY,Paraguay,2022,71.2933333333333,70.0,68.1666666666667,83.725,59.575,75.0
PRY,Paraguay,2023,71.6183333333333,70.0,68.1666666666667,83.7,61.225,75.0
PRY,Paraguay,2024,74.2079166666667,70.0,74.0333333333333,84.30625,62.7,80.0
PSE,West Bank and Gaza,2004,,20.0,,,,
PSE,West Bank and Gaza,2005,,40.0,,51.58125,,
PSE,West Bank and Gaza,2006,,40.0,,51.325,,
PSE,West Bank and Gaza,2007,,40.0,,54.4,,
PSE,West Bank and Gaza,2008,,40.0,,53.88125,,
PSE,West Bank and Gaza,2009,,40.0,,53.88125,,
PSE,West Bank and Gaza,2010,,40.0,,53.76875,,
PSE,West Bank and Gaza,2011,,40.0,,54.3625,,
PSE,West Bank and Gaza,2012,,40.0,,54.3625,,
PSE,West Bank and Gaza,2013,,40.0,,55.03125,,
PSE,West Bank and Gaza,2014,,40.0,,56.825,,
PSE,West Bank and Gaza,2015,,60.0,,59.4875,45.6916666666667,
PSE,West Bank and Gaza,2016,,60.0,,59.08125,56.7416666666667,
PSE,West Bank and Gaza,2017,58.5083333333333,70.0,46.9,60.175,60.4666666666666,55.0
PSE,West Bank and Gaza,2018,67.0379166666667,70.0,86.5666666666667,58.70625,59.9166666666667,60.0
PSE,West Bank and Gaza,2019,66.7629166666667,70.0,86.5666666666667,55.68125,61.5666666666667,60.0
PSE,West Bank and Gaza,2020,73.1920833333333,70.0,91.8,68.09375,66.0666666666667,70.0
PSE,West Bank and Gaza,2021,77.8625,70.0,91.8,73.1125,69.4,85.0
PSE,West Bank and Gaza,2022,74.925,60.0,91.5,71.25,66.875,85.0
PSE,West Bank and Gaza,2023,76.3475,70.0,91.5,66.6625,68.575,85.0
PSE,West Bank and Gaza,2024,74.4004166666667,70.0,92.3333333333333,71.46875,73.2,65.0
PYF,French Polynesia,2004,,0.0,,,,
PYF,French Polynesia,2005,,0.0,,16.25,,
PYF,French Polynesia,2006,,0.0,,16.25,,
PYF,French Polynesia,2007,,0.0,,25.10625,,
PYF,French Polynesia,2008,,0.0,,25.05,,
PYF,French Polynesia,2009,,0.0,,25.05,,
PYF,French Polynesia,2010,,10.0,,23.71875,,
PYF,French Polynesia,2011,,10.0,,22.43125,,
PYF,French Polynesia,2012,,10.0,,13.01875,,
PYF,French Polynesia,2013,,10.0,,13.01875,,
PYF,French Polynesia,2014,,10.0,,12.90625,,
PYF,French Polynesia,2015,,30.0,,12.98125,,
PYF,French Polynesia,2016,,50.0,,12.925,,
PYF,French Polynesia,2017,,50.0,,13.5875,,
PYF,French Polynesia,2018,,40.0,,13.88125,,
PYF,French Polynesia,2019,,40.0,,14.1125,,
PYF,French Polynesia,2020,,40.0,,22.20625,,
PYF,French Polynesia,2021,,40.0,,24.05,,
PYF,French Polynesia,2022,,40.0,,25.2625,,
PYF,French Polynesia,2023,,40.0,,27.95625,,
PYF,French Polynesia,2024,,40.0,,28.43125,,
QAT,Qatar,2004,,20.0,,,,
QAT,Qatar,2005,,20.0,,34.56875,,
QAT,Qatar,2006,,20.0,,34.8125,,
QAT,Qatar,2007,,20.0,,36.40625,,
QAT,Qatar,2008,,20.0,,36.3375,,
QAT,Qatar,2009,,20.0,,37.5875,,
QAT,Qatar,2010,,40.0,,33.88125,,
QAT,Qatar,2011,,40.0,,34.88125,,
QAT,Qatar,2012,,40.0,,38.86875,,
QAT,Qatar,2013,,40.0,,39.39375,,
QAT,Qatar,2014,,40.0,,38.5875,,
QAT,Qatar,2015,,60.0,,48.15,,
QAT,Qatar,2016,44.81625,80.0,9.3,48.38125,56.4,30.0
QAT,Qatar,2017,47.7133333333333,80.0,28.5666666666667,47.775,57.225,25.0
QAT,Qatar,2018,47.8679166666667,80.0,28.6333333333333,47.40625,58.3,25.0
QAT,Qatar,2019,55.5183333333333,80.0,61.9666666666667,47.325,58.3,30.0
QAT,Qatar,2020,56.2629166666667,80.0,64.5333333333333,56.53125,55.25,25.0
QAT,Qatar,2021,67.26625,80.0,64.5333333333333,67.38125,59.4166666666667,65.0
QAT,Qatar,2022,66.71375,80.0,63.4333333333333,65.84375,59.2916666666667,65.0
QAT,Qatar,2023,66.78625,80.0,63.4333333333333,66.20625,59.2916666666667,65.0
QAT,Qatar,2024,68.1045833333334,80.0,66.8,67.53125,61.1916666666667,65.0
ROU,Romania,2004,,40.0,,,,
ROU,Romania,2005,,40.0,,49.8375,,
ROU,Romania,2006,,40.0,,50.93125,,
ROU,Romania,2007,,40.0,,51.33125,,
ROU,Romania,2008,,40.0,,52.725,,
ROU,Romania,2009,,40.0,,53.03125,,
ROU,Romania,2010,,60.0,,53.94375,,
ROU,Romania,2011,,60.0,,57.50625,,
ROU,Romania,2012,,60.0,,60.00625,,
ROU,Romania,2013,,60.0,,59.04375,,
ROU,Romania,2014,,60.0,,60.26875,,
ROU,Romania,2015,,80.0,,57.1125,72.5916666666667,
ROU,Romania,2016,,70.0,,57.26875,73.4916666666667,
ROU,Romania,2017,72.455,100.0,78.6333333333333,57.125,66.5166666666667,60.0
ROU,Romania,2018,78.1691666666667,100.0,87.1666666666667,56.6875,71.9916666666667,75.0
ROU,Romania,2019,79.1779166666667,100.0,87.1666666666667,56.73125,71.9916666666667,80.0
ROU,Romania,2020,84.4579166666667,100.0,91.0666666666666,69.28125,71.9416666666667,90.0
ROU,Romania,2021,82.5745833333333,80.0,91.0666666666666,76.53125,80.275,85.0
ROU,Romania,2022,86.64625,100.0,94.2,73.98125,80.05,85.0
ROU,Romania,2023,88.6175,100.0,94.2,83.8375,80.05,85.0
ROU,Romania,2024,91.045,100.0,94.7,83.35,87.175,90.0
RUS,Russian Federation,2004,,40.0,,,,
RUS,Russian Federation,2005,,40.0,,38.39375,,
RUS,Russian Federation,2006,,40.0,,38.69375,,
RUS,Russian Federation,2007,,40.0,,38.69375,,
RUS,Russian Federation,2008,,40.0,,39.95,,
RUS,Russian Federation,2009,,40.0,,51.6875,,
RUS,Russian Federation,2010,,60.0,,53.1375,,
RUS,Russian Federation,2011,,60.0,,53.7625,,
RUS,Russian Federation,2012,,60.0,,55.6375,,
RUS,Russian Federation,2013,,60.0,,54.89375,,
RUS,Russian Federation,2014,,60.0,,57.41875,,
RUS,Russian Federation,2015,,80.0,,55.20625,68.2916666666667,
RUS,Russian Federation,2016,69.5808333333333,70.0,83.4,55.6625,63.8416666666667,75.0
RUS,Russian Federation,2017,72.35625,83.4,81.0333333333333,54.33125,63.0166666666667,80.0
RUS,Russian Federation,2018,74.2066666666667,83.4,83.6666666666667,60.3,63.6666666666667,80.0
RUS,Russian Federation,2019,75.8504166666667,83.4,83.6666666666667,58.51875,63.6666666666667,90.0
RUS,Russian Federation,2020,77.855,83.4,85.8333333333333,66.6,63.4416666666667,90.0
RUS,Russian Federation,2021,81.5004166666667,83.4,85.8333333333333,76.49375,71.775,90.0
RUS,Russian Federation,2022,80.9945833333333,83.4,87.8666666666667,72.53125,71.175,90.0
RUS,Russian Federation,2023,80.9458333333333,76.6,87.8666666666667,79.0875,71.175,90.0
RUS,Russian Federation,2024,81.5008333333333,76.6,87.9666666666667,77.8625,65.075,100.0
RWA,Rwanda,2004,,20.0,,,,
RWA,Rwanda,2005,,40.0,,44.91875,,
RWA,Rwanda,2006,,30.0,,45.1375,,
RWA,Rwanda,2007,,30.0,,45.025,,
RWA,Rwanda,2008,,30.0,,46.05625,,
RWA,Rwanda,2009,,30.0,,46.05625,,
RWA,Rwanda,2010,,50.0,,46.11875,,
RWA,Rwanda,2011,,30.0,,47.5125,,
RWA,Rwanda,2012,,30.0,,49.18125,,
RWA,Rwanda,2013,,40.0,,48.78125,,
RWA,Rwanda,2014,,40.0,,50.75,,
RWA,Rwanda,2015,,60.0,,54.0125,32.4333333333333,
RWA,Rwanda,2016,54.7895833333333,80.0,56.0333333333333,66.23125,31.6833333333333,40.0
RWA,Rwanda,2017,63.735,90.0,71.0666666666667,70.175,37.4333333333333,50.0
RWA,Rwanda,2018,65.0395833333333,100.0,72.4333333333333,70.85625,36.9083333333333,45.0
RWA,Rwanda,2019,62.7920833333333,90.0,72.4333333333333,69.61875,36.9083333333333,45.0
RWA,Rwanda,2020,65.7395833333333,90.0,73.6333333333333,73.90625,41.1583333333333,50.0
RWA,Rwanda,2021,70.19625,90.0,73.6333333333333,79.50625,47.8416666666667,60.0
RWA,Rwanda,2022,67.6766666666667,80.0,71.1333333333333,71.975,55.275,60.0
RWA,Rwanda,2023,73.1391666666667,90.0,71.1333333333333,77.6375,56.925,70.0
RWA,Rwanda,2024,72.6016666666667,90.0,72.1333333333333,74.55,56.325,70.0
SAU,Saudi Arabia,2004,,20.0,,,,
SAU,Saudi Arabia,2005,,20.0,,40.46875,,
SAU,Saudi Arabia,2006,,20.0,,42.39375,,
SAU,Saudi Arabia,2007,,20.0,,43.3375,,
SAU,Saudi Arabia,2008,,20.0,,44.28125,,
SAU,Saudi Arabia,2009,,20.0,,44.90625,,
SAU,Saudi Arabia,2010,,20.0,,41.08125,,
SAU,Saudi Arabia,2011,,20.0,,39.9375,,
SAU,Saudi Arabia,2012,,20.0,,33.825,,
SAU,Saudi Arabia,2013,,20.0,,33.78125,,
SAU,Saudi Arabia,2014,,40.0,,33.70625,,
SAU,Saudi Arabia,2015,,50.0,,44.1875,34.8416666666667,
SAU,Saudi Arabia,2016,42.69875,70.0,7.63333333333333,44.51875,61.3416666666667,30.0
SAU,Saudi Arabia,2017,47.2266666666667,70.0,26.1666666666667,46.575,63.3916666666667,30.0
SAU,Saudi Arabia,2018,55.125,70.0,60.7333333333333,45.9,68.9916666666667,30.0
SAU,Saudi Arabia,2019,59.71875,70.0,60.7333333333333,47.21875,70.6416666666667,50.0
SAU,Saudi Arabia,2020,67.3304166666667,70.0,81.3666666666667,55.89375,69.3916666666667,60.0
SAU,Saudi Arabia,2021,72.3025,70.0,81.3666666666667,71.5875,73.5583333333333,65.0
SAU,Saudi Arabia,2022,76.3870833333333,80.0,88.3666666666667,71.14375,77.425,65.0
SAU,Saudi Arabia,2023,83.8633333333333,80.0,88.3666666666667,75.225,80.725,95.0
SAU,Saudi Arabia,2024,83.2875,80.0,93.2,68.8625,84.375,90.0
SDN,Sudan,2004,,20.0,,,,
SDN,Sudan,2005,,20.0,,48.075,,
SDN,Sudan,2006,,20.0,,49.36875,,
SDN,Sudan,2007,,20.0,,49.7625,,
SDN,Sudan,2008,,20.0,,49.625,,
SDN,Sudan,2009,,20.0,,52.18125,,
SDN,Sudan,2010,,40.0,,52.59375,,
SDN,Sudan,2011,,40.0,,55.81875,,
SDN,Sudan,2012,,40.0,,57.025,,
SDN,Sudan,2013,,40.0,,56.5,,
SDN,Sudan,2014,,40.0,,58.91875,,
SDN,Sudan,2015,,60.0,,63.5375,26.5083333333333,
SDN,Sudan,2016,38.2004166666667,73.4,13.9,62.19375,26.5083333333333,15.0
SDN,Sudan,2017,34.64875,53.4,21.2666666666667,62.89375,20.6833333333333,15.0
SDN,Sudan,2018,42.7483333333333,53.4,57.9333333333333,62.775,24.6333333333333,15.0
SDN,Sudan,2019,39.49125,53.4,57.9333333333333,55.65625,20.4666666666667,10.0
SDN,Sudan,2020,36.3325,33.4,57.9333333333333,61.5625,18.7666666666667,10.0
SDN,Sudan,2021,39.57875,33.4,57.9333333333333,67.79375,18.7666666666667,20.0
SDN,Sudan,2022,43.3125,53.4,57.9333333333333,66.4625,18.7666666666667,20.0
SDN,Sudan,2023,44.06,46.6,57.9333333333333,67.0,18.7666666666667,30.0
SDN,Sudan,2024,42.09625,46.6,57.9333333333333,57.18125,18.7666666666667,30.0
SEN,Senegal,2004,,20.0,,,,
SEN,Senegal,2005,,20.0,,60.05625,,
SEN,Senegal,2006,,20.0,,60.69375,,
SEN,Senegal,2007,,20.0,,63.13125,,
SEN,Senegal,2008,,20.0,,63.8,,
SEN,Senegal,2009,,20.0,,63.45,,
SEN,Senegal,2010,,30.0,,59.91875,,
SEN,Senegal,2011,,40.0,,64.5125,,
SEN,Senegal,2012,,40.0,,61.65,,
SEN,Senegal,2013,,40.0,,61.84375,,
SEN,Senegal,2014,,40.0,,62.625,,
SEN,Senegal,2015,,70.0,,62.95,43.1666666666667,
SEN,Senegal,2016,55.0791666666667,90.0,45.8333333333333,62.7125,46.85,30.0
SEN,Senegal,2017,60.3791666666667,80.0,64.0333333333333,67.4125,50.45,40.0
SEN,Senegal,2018,63.8304166666667,80.0,81.0333333333333,66.56875,51.55,40.0
SEN,Senegal,2019,65.9004166666667,80.0,81.0333333333333,66.91875,51.55,50.0
SEN,Senegal,2020,68.2858333333333,80.0,82.9666666666667,64.2375,49.225,65.0
SEN,Senegal,2021,77.4595833333333,100.0,82.9666666666667,78.45625,50.875,75.0
SEN,Senegal,2022,75.63125,100.0,82.1,72.13125,48.925,75.0
SEN,Senegal,2023,76.87875,100.0,82.1,78.36875,48.925,75.0
SEN,Senegal,2024,81.4141666666667,100.0,96.0333333333333,73.4125,57.625,80.0
SGP,Singapore,2004,,40.0,,,,
SGP,Singapore,2005,,40.0,,34.7375,,
SGP,Singapore,2006,,40.0,,35.925,,
SGP,Singapore,2007,,40.0,,36.625,,
SGP,Singapore,2008,,40.0,,36.4875,,
SGP,Singapore,2009,,40.0,,37.1125,,
SGP,Singapore,2010,,60.0,,35.3,,
SGP,Singapore,2011,,60.0,,36.925,,
SGP,Singapore,2012,,60.0,,36.48125,,
SGP,Singapore,2013,,60.0,,35.8125,,
SGP,Singapore,2014,,60.0,,35.6625,,
SGP,Singapore,2015,,80.0,,39.33125,,
SGP,Singapore,2016,65.2770833333333,100.0,48.0333333333333,40.94375,62.4083333333333,75.0
SGP,Singapore,2017,67.9975,100.0,56.8666666666667,41.0375,67.0833333333333,75.0
SGP,Singapore,2018,77.9316666666667,100.0,100.0,42.975,71.6833333333333,75.0
SGP,Singapore,2019,78.1091666666667,100.0,100.0,42.1625,73.3833333333333,75.0
SGP,Singapore,2020,81.53375,100.0,99.6666666666667,54.79375,78.2083333333333,75.0
SGP,Singapore,2021,85.0679166666667,100.0,99.6666666666667,64.13125,86.5416666666667,75.0
SGP,Singapore,2022,86.6675,100.0,100.0,59.1625,94.175,80.0
SGP,Singapore,2023,88.7675,100.0,100.0,69.6625,94.175,80.0
SGP,Singapore,2024,88.31875,100.0,98.4,67.31875,95.875,80.0
SLB,Solomon Islands,2004,,20.0,,,,
SLB,Solomon Islands,2005,,20.0,,40.55,,
SLB,Solomon Islands,2006,,20.0,,40.49375,,
SLB,Solomon Islands,2007,,20.0,,54.5125,,
SLB,Solomon Islands,2008,,20.0,,55.26875,,
SLB,Solomon Islands,2009,,20.0,,55.26875,,
SLB,Solomon Islands,2010,,30.0,,50.7625,,
SLB,Solomon Islands,2011,,30.0,,50.9375,,
SLB,Solomon Islands,2012,,30.0,,48.4625,,
SLB,Solomon Islands,2013,,30.0,,52.0,,
SLB,Solomon Islands,2014,,30.0,,52.0625,,
SLB,Solomon Islands,2015,,50.0,,53.70625,18.5333333333333,
SLB,Solomon Islands,2016,33.0433333333333,56.6,7.03333333333333,55.75,20.8333333333333,25.0
SLB,Solomon Islands,2017,38.59625,70.0,26.5666666666667,58.23125,18.1833333333333,20.0
SLB,Solomon Islands,2018,44.4333333333333,70.0,60.4333333333333,53.0,18.7333333333333,20.0
SLB,Solomon Islands,2019,41.3245833333333,60.0,60.4333333333333,47.45625,18.7333333333333,20.0
SLB,Solomon Islands,2020,43.6316666666667,60.0,59.4,57.3,16.4583333333333,25.0
SLB,Solomon Islands,2021,50.3341666666667,60.0,59.4,65.8125,16.4583333333333,50.0
SLB,Solomon Islands,2022,50.4025,60.0,59.2666666666667,64.1875,18.5583333333333,50.0
SLB,Solomon Islands,2023,49.255,60.0,59.2666666666667,63.45,18.5583333333333,45.0
SLB,Solomon Islands,2024,51.0316666666667,60.0,62.7666666666667,60.925,26.4666666666667,45.0
SLE,Sierra Leone,2004,,20.0,,,,
SLE,Sierra Leone,2005,,20.0,,40.1125,,
SLE,Sierra Leone,2006,,20.0,,54.6375,,
SLE,Sierra Leone,2007,,20.0,,55.33125,,
SLE,Sierra Leone,2008,,20.0,,55.6125,,
SLE,Sierra Leone,2009,,20.0,,56.3125,,
SLE,Sierra Leone,2010,,30.0,,53.1625,,
SLE,Sierra Leone,2011,,40.0,,57.3125,,
SLE,Sierra Leone,2012,,40.0,,58.05625,,
SLE,Sierra Leone,2013,,40.0,,59.475,,
SLE,Sierra Leone,2014,,50.0,,62.375,,
SLE,Sierra Leone,2015,,70.0,,59.69375,21.5833333333333,
SLE,Sierra Leone,2016,45.5879166666667,80.0,42.3,57.83125,22.8083333333333,25.0
SLE,Sierra Leone,2017,49.1516666666667,80.0,61.0,64.35,20.4083333333333,20.0
SLE,Sierra Leone,2018,53.5883333333333,90.0,65.2333333333333,64.225,28.4833333333333,20.0
SLE,Sierra Leone,2019,53.1533333333333,90.0,65.2333333333333,62.05,28.4833333333333,20.0
SLE,Sierra Leone,2020,52.015,80.0,64.4666666666667,66.5,29.1083333333333,20.0
SLE,Sierra Leone,2021,58.83625,80.0,64.4666666666667,78.95625,30.7583333333333,40.0
SLE,Sierra Leone,2022,60.32625,80.0,65.7333333333333,72.48125,43.4166666666667,40.0
SLE,Sierra Leone,2023,61.105,80.0,65.7333333333333,71.375,43.4166666666667,45.0
SLE,Sierra Leone,2024,59.9416666666667,70.0,64.3666666666667,68.65,41.6916666666667,55.0
SLV,El Salvador,2004,,40.0,,,,
SLV,El Salvador,2005,,40.0,,67.61875,,
SLV,El Salvador,2006,,40.0,,68.71875,,
SLV,El Salvador,2007,,40.0,,70.20625,,
SLV,El Salvador,2008,,40.0,,72.15,,
SLV,El Salvador,2009,,40.0,,73.7625,,
SLV,El Salvador,2010,,60.0,,71.21875,,
SLV,El Salvador,2011,,60.0,,71.1125,,
SLV,El Salvador,2012,,60.0,,73.825,,
SLV,El Salvador,2013,,50.0,,70.94375,,
SLV,El Salvador,2014,,50.0,,75.86875,,
SLV,El Salvador,2015,,70.0,,72.75625,56.8666666666667,
SLV,El Salvador,2016,67.3695833333333,90.0,72.9,74.68125,59.2666666666667,40.0
SLV,El Salvador,2017,68.1208333333333,90.0,78.7,75.8125,56.0916666666667,40.0
SLV,El Salvador,2018,69.9416666666667,90.0,79.9333333333333,75.675,54.1,50.0
SLV,El Salvador,2019,69.4633333333333,90.0,79.9333333333333,69.15,48.2333333333333,60.0
SLV,El Salvador,2020,65.0770833333333,70.0,79.3333333333333,68.21875,47.8333333333333,60.0
SLV,El Salvador,2021,74.4175,90.0,79.3333333333333,78.2875,54.4666666666667,70.0
SLV,El Salvador,2022,74.0933333333333,90.0,79.9,75.55,55.0166666666667,70.0
SLV,El Salvador,2023,75.5608333333333,90.0,79.9,81.1875,56.7166666666667,70.0
SLV,El Salvador,2024,73.74,90.0,77.2333333333333,85.025,56.4416666666667,60.0
SMR,San Marino,2004,,0.0,,,,
SMR,San Marino,2005,,0.0,,16.34375,,
SMR,San Marino,2006,,0.0,,15.59375,,
SMR,San Marino,2007,,0.0,,15.59375,,
SMR,San Marino,2008,,0.0,,16.86875,,
SMR,San Marino,2009,,0.0,,15.45625,,
SMR,San Marino,2010,,0.0,,16.5625,,
SMR,San Marino,2011,,0.0,,16.60625,,
SMR,San Marino,2012,,0.0,,16.45,,
SMR,San Marino,2013,,0.0,,15.9875,,
SMR,San Marino,2014,,0.0,,16.65625,,
SMR,San Marino,2015,,30.0,,18.7,,
SMR,San Marino,2016,,50.0,,18.93125,,45.0
SMR,San Marino,2017,,50.0,,18.26875,,55.0
SMR,San Marino,2018,,50.0,,21.11875,,55.0
SMR,San Marino,2019,,50.0,,21.61875,,50.0
SMR,San Marino,2020,,50.0,58.0,28.34375,,50.0
SMR,San Marino,2021,,50.0,58.0,38.08125,,55.0
SMR,San Marino,2022,,50.0,60.7,32.575,,55.0
SMR,San Marino,2023,,50.0,60.7,38.14375,,55.0
SMR,San Marino,2024,,70.0,60.7333333333333,36.36875,,50.0
SOM,"Somalia, Fed. Rep.",2004,,20.0,,,,
SOM,"Somalia, Fed. Rep.",2005,,0.0,,28.33125,,
SOM,"Somalia, Fed. Rep.",2006,,20.0,,36.24375,,
SOM,"Somalia, Fed. Rep.",2007,,20.0,,37.63125,,
SOM,"Somalia, Fed. Rep.",2008,,20.0,,37.51875,,
SOM,"Somalia, Fed. Rep.",2009,,20.0,,37.51875,,
SOM,"Somalia, Fed. Rep.",2010,,20.0,,34.78125,,
SOM,"Somalia, Fed. Rep.",2011,,20.0,,31.4375,,
SOM,"Somalia, Fed. Rep.",2012,,0.0,,30.8125,,
SOM,"Somalia, Fed. Rep.",2013,,0.0,,31.30625,,
SOM,"Somalia, Fed. Rep.",2014,,0.0,,29.64375,,
SOM,"Somalia, Fed. Rep.",2015,,10.0,,31.54375,,
SOM,"Somalia, Fed. Rep.",2016,,16.6,,33.10625,,0.0
SOM,"Somalia, Fed. Rep.",2017,11.7695833333333,16.6,2.06666666666667,40.18125,0.0,0.0
SOM,"Somalia, Fed. Rep.",2018,19.6791666666667,16.6,36.0333333333333,45.7625,0.0,0.0
SOM,"Somalia, Fed. Rep.",2019,25.9479166666667,46.6,36.0333333333333,45.45625,1.65,0.0
SOM,"Somalia, Fed. Rep.",2020,34.9908333333333,60.0,43.7666666666667,56.6125,4.575,10.0
SOM,"Somalia, Fed. Rep.",2021,41.6083333333333,60.0,43.7666666666667,69.7,4.575,30.0
SOM,"Somalia, Fed. Rep.",2022,43.9133333333333,60.0,47.8666666666667,65.7,6.0,40.0
SOM,"Somalia, Fed. Rep.",2023,45.6783333333333,60.0,47.8666666666667,69.525,6.0,45.0
SOM,"Somalia, Fed. Rep.",2024,51.7108333333333,60.0,48.7333333333333,63.0875,16.7333333333333,70.0
SRB,Serbia,2004,,40.0,,,,
SRB,Serbia,2005,,40.0,,54.38125,,
SRB,Serbia,2006,,40.0,,56.21875,,
SRB,Serbia,2007,,40.0,,59.7375,,
SRB,Serbia,2008,,40.0,,60.7625,,
SRB,Serbia,2009,,40.0,,62.03125,,
SRB,Serbia,2010,,60.0,,59.825,,
SRB,Serbia,2011,,60.0,,63.2375,,
SRB,Serbia,2012,,60.0,,64.28125,,
SRB,Serbia,2013,,60.0,,63.275,,
SRB,Serbia,2014,,60.0,,68.03125,,
SRB,Serbia,2015,,80.0,,66.79375,59.1916666666667,
SRB,Serbia,2016,68.7741666666667,100.0,52.3666666666667,67.5125,58.9916666666667,65.0
SRB,Serbia,2017,73.7370833333333,100.0,62.9,74.11875,56.6666666666667,75.0
SRB,Serbia,2018,75.2854166666667,100.0,67.3666666666667,72.54375,61.5166666666667,75.0
SRB,Serbia,2019,75.7929166666667,100.0,67.3666666666667,68.43125,63.1666666666667,80.0
SRB,Serbia,2020,80.8620833333333,100.0,72.8,81.29375,70.2166666666667,80.0
SRB,Serbia,2021,81.1475,100.0,72.8,86.0875,76.85,70.0
SRB,Serbia,2022,79.8208333333333,100.0,74.9333333333333,82.7375,71.4333333333333,70.0
SRB,Serbia,2023,84.0720833333334,100.0,74.9333333333333,88.99375,71.4333333333333,85.0
SRB,Serbia,2024,80.48875,100.0,76.5666666666667,80.99375,69.8833333333333,75.0
SSD,South Sudan,2004,,20.0,,,,
SSD,South Sudan,2005,,20.0,,16.6625,,
SSD,South Sudan,2006,,20.0,,18.73125,,
SSD,South Sudan,2007,,20.0,,19.11875,,
SSD,South Sudan,2008,,20.0,,19.0625,,
SSD,South Sudan,2009,,20.0,,22.1875,,
SSD,South Sudan,2010,,30.0,,25.41875,,
SSD,South Sudan,2011,,30.0,,37.2125,,
SSD,South Sudan,2012,,30.0,,39.66875,,
SSD,South Sudan,2013,,30.0,,38.4,,
SSD,South Sudan,2014,,0.0,,37.04375,,
SSD,South Sudan,2015,,20.0,,34.94375,21.8833333333333,
SSD,South Sudan,2016,30.785,20.0,41.2666666666667,44.075,23.5833333333333,25.0
SSD,South Sudan,2017,23.9608333333333,20.0,8.43333333333333,45.1625,21.2083333333333,25.0
SSD,South Sudan,2018,25.3758333333333,20.0,8.43333333333333,45.9875,22.4583333333333,30.0
SSD,South Sudan,2019,31.1691666666667,20.0,41.7666666666667,45.7875,18.2916666666667,30.0
SSD,South Sudan,2020,29.8545833333333,20.0,43.0,53.88125,12.3916666666667,20.0
SSD,South Sudan,2021,32.1920833333333,20.0,43.0,53.91875,9.04166666666667,35.0
SSD,South Sudan,2022,29.2166666666667,20.0,37.7666666666667,50.85,7.46666666666667,30.0
SSD,South Sudan,2023,23.84125,20.0,4.43333333333333,57.30625,7.46666666666667,30.0
SSD,South Sudan,2024,27.1225,20.0,8.33333333333333,57.5375,9.74166666666667,40.0
STP,Sao Tome and Principe,2004,,20.0,,,,
STP,Sao Tome and Principe,2005,,20.0,,41.54375,,
STP,Sao Tome and Principe,2006,,20.0,,44.7375,,
STP,Sao Tome and Principe,2007,,20.0,,45.63125,,
STP,Sao Tome and Principe,2008,,20.0,,46.4125,,
STP,Sao Tome and Principe,2009,,20.0,,47.61875,,
STP,Sao Tome and Principe,2010,,20.0,,46.1375,,
STP,Sao Tome and Principe,2011,,20.0,,44.7375,,
STP,Sao Tome and Principe,2012,,20.0,,46.05625,,
STP,Sao Tome and Principe,2013,,20.0,,44.3,,
STP,Sao Tome and Principe,2014,,20.0,,47.13125,,
STP,Sao Tome and Principe,2015,,40.0,,45.21875,19.6833333333333,
STP,Sao Tome and Principe,2016,45.595,60.0,45.7666666666667,46.825,45.3833333333333,30.0
STP,Sao Tome and Principe,2017,50.925,70.0,58.3666666666667,47.025,44.2333333333333,35.0
STP,Sao Tome and Principe,2018,51.135,70.0,58.0666666666667,47.125,45.4833333333333,35.0
STP,Sao Tome and Principe,2019,42.6308333333333,70.0,24.7333333333333,42.9375,45.4833333333333,30.0
STP,Sao Tome and Principe,2020,54.41375,70.0,61.6666666666667,58.24375,52.1583333333333,30.0
STP,Sao Tome and Principe,2021,57.2725,70.0,61.6666666666667,69.2375,50.4583333333333,35.0
STP,Sao Tome and Principe,2022,55.8383333333333,70.0,61.0333333333333,61.475,51.6833333333333,35.0
STP,Sao Tome and Principe,2023,53.43125,60.0,61.0333333333333,63.60625,47.5166666666667,35.0
STP,Sao Tome and Principe,2024,52.9704166666667,60.0,65.6666666666667,55.59375,48.5916666666667,35.0
SUR,Suriname,2004,,20.0,,,,
SUR,Suriname,2005,,20.0,,38.3875,,
SUR,Suriname,2006,,20.0,,41.56875,,
SUR,Suriname,2007,,20.0,,42.95625,,
SUR,Suriname,2008,,20.0,,44.20625,,
SUR,Suriname,2009,,20.0,,45.59375,,
SUR,Suriname,2010,,40.0,,44.04375,,
SUR,Suriname,2011,,40.0,,43.95,,
SUR,Suriname,2012,,20.0,,44.73125,,
SUR,Suriname,2013,,20.0,,44.61875,,
SUR,Suriname,2014,,20.0,,43.26875,,
SUR,Suriname,2015,,50.0,,41.0,,
SUR,Suriname,2016,36.51625,30.0,13.5333333333333,42.38125,51.6666666666667,45.0
SUR,Suriname,2017,42.12625,40.0,28.4333333333333,43.18125,54.0166666666667,45.0
SUR,Suriname,2018,53.38,60.0,62.4333333333333,47.0,57.4666666666667,40.0
SUR,Suriname,2019,51.4729166666667,60.0,62.4333333333333,46.63125,53.3,35.0
SUR,Suriname,2020,55.8666666666667,60.0,69.1333333333333,60.8,54.4,35.0
SUR,Suriname,2021,61.9458333333333,50.0,69.1333333333333,69.5625,61.0333333333333,60.0
SUR,Suriname,2022,58.3320833333333,40.0,67.1333333333333,64.06875,60.4583333333333,60.0
SUR,Suriname,2023,57.5375,46.6,67.1333333333333,62.6625,56.2916666666667,55.0
SUR,Suriname,2024,58.625,46.6,72.6333333333333,60.875,58.0166666666667,55.0
SVK,Slovak Republic,2004,,30.0,,,,
SVK,Slovak Republic,2005,,40.0,,41.54375,,
SVK,Slovak Republic,2006,,40.0,,40.75,,
SVK,Slovak Republic,2007,,40.0,,41.44375,,
SVK,Slovak Republic,2008,,40.0,,43.34375,,
SVK,Slovak Republic,2009,,40.0,,44.0375,,
SVK,Slovak Republic,2010,,60.0,,44.6625,,
SVK,Slovak Republic,2011,,60.0,,45.1,,
SVK,Slovak Republic,2012,,60.0,,47.7625,,
SVK,Slovak Republic,2013,,60.0,,49.70625,,
SVK,Slovak Republic,2014,,60.0,,50.7625,,
SVK,Slovak Republic,2015,,70.0,,59.125,,
SVK,Slovak Republic,2016,82.2020833333333,90.0,82.7,63.11875,75.1916666666667,100.0
SVK,Slovak Republic,2017,85.67,90.0,93.0333333333333,70.8,74.5166666666667,100.0
SVK,Slovak Republic,2018,85.38625,90.0,94.9333333333333,70.55625,71.4416666666667,100.0
SVK,Slovak Republic,2019,85.595,90.0,94.9333333333333,69.95,73.0916666666667,100.0
SVK,Slovak Republic,2020,86.2604166666667,90.0,96.1666666666667,72.29375,72.8416666666667,100.0
SVK,Slovak Republic,2021,90.5233333333333,90.0,96.1666666666667,85.275,81.175,100.0
SVK,Slovak Republic,2022,88.4708333333333,90.0,94.4666666666667,77.7625,80.125,100.0
SVK,Slovak Republic,2023,89.7683333333333,90.0,94.4666666666667,84.25,80.125,100.0
SVK,Slovak Republic,2024,83.25125,90.0,95.1,81.55625,79.6,70.0
SVN,Slovenia,2004,,40.0,,,,
SVN,Slovenia,2005,,40.0,,51.06875,,
SVN,Slovenia,2006,,40.0,,51.8625,,
SVN,Slovenia,2007,,40.0,,53.25625,,
SVN,Slovenia,2008,,40.0,,54.01875,,
SVN,Slovenia,2009,,40.0,,55.3375,,
SVN,Slovenia,2010,,60.0,,57.3875,,
SVN,Slovenia,2011,,60.0,,59.34375,,
SVN,Slovenia,2012,,60.0,,61.3875,,
SVN,Slovenia,2013,,60.0,,60.98125,,
SVN,Slovenia,2014,,60.0,,62.1125,,
SVN,Slovenia,2015,,80.0,,66.46875,,
SVN,Slovenia,2016,86.86625,100.0,91.1333333333333,70.23125,72.9666666666667,100.0
SVN,Slovenia,2017,88.3079166666667,100.0,94.2666666666667,76.63125,70.6416666666667,100.0
SVN,Slovenia,2018,88.34,100.0,96.9333333333333,76.675,68.0916666666667,100.0
SVN,Slovenia,2019,88.60125,100.0,96.9333333333333,76.28125,69.7916666666667,100.0
SVN,Slovenia,2020,89.7870833333333,100.0,95.9,78.99375,74.0416666666667,100.0
SVN,Slovenia,2021,93.07,100.0,95.9,87.075,82.375,100.0
SVN,Slovenia,2022,92.7041666666667,100.0,97.5333333333333,83.7625,82.225,100.0
SVN,Slovenia,2023,94.2204166666667,100.0,97.5333333333333,91.34375,82.225,100.0
SVN,Slovenia,2024,91.0866666666667,100.0,98.5333333333333,88.025,83.875,85.0
SWE,Sweden,2004,,40.0,,,,
SWE,Sweden,2005,,40.0,,53.95625,,
SWE,Sweden,2006,,40.0,,53.1625,,
SWE,Sweden,2007,,40.0,,53.85625,,
SWE,Sweden,2008,,40.0,,54.90625,,
SWE,Sweden,2009,,40.0,,54.90625,,
SWE,Sweden,2010,,60.0,,55.725,,
SWE,Sweden,2011,,60.0,,56.1625,,
SWE,Sweden,2012,,60.0,,48.55625,,
SWE,Sweden,2013,,60.0,,47.6,,
SWE,Sweden,2014,,60.0,,60.79375,,
SWE,Sweden,2015,,80.0,,65.41875,,
SWE,Sweden,2016,88.0295833333333,100.0,97.1,70.80625,72.2416666666667,100.0
SWE,Sweden,2017,88.67125,100.0,95.7333333333333,75.10625,72.5166666666667,100.0
SWE,Sweden,2018,88.7216666666667,100.0,94.8666666666667,76.225,72.5166666666667,100.0
SWE,Sweden,2019,88.8641666666667,100.0,94.8666666666667,75.2375,74.2166666666667,100.0
SWE,Sweden,2020,90.25875,100.0,96.4333333333333,78.84375,76.0166666666667,100.0
SWE,Sweden,2021,93.4429166666667,100.0,96.4333333333333,86.43125,84.35,100.0
SWE,Sweden,2022,92.96125,100.0,96.0,83.33125,85.475,100.0
SWE,Sweden,2023,94.41,100.0,96.0,90.575,85.475,100.0
SWE,Sweden,2024,92.66125,100.0,95.4,89.18125,88.725,90.0
SWZ,Eswatini,2004,,20.0,,,,
SWZ,Eswatini,2005,,20.0,,54.3125,,
SWZ,Eswatini,2006,,20.0,,55.8375,,
SWZ,Eswatini,2007,,20.0,,59.79375,,
SWZ,Eswatini,2008,,20.0,,59.5875,,
SWZ,Eswatini,2009,,30.0,,62.7125,,
SWZ,Eswatini,2010,,30.0,,60.9875,,
SWZ,Eswatini,2011,,30.0,,61.8375,,
SWZ,Eswatini,2012,,30.0,,60.41875,,
SWZ,Eswatini,2013,,20.0,,59.63125,,
SWZ,Eswatini,2014,,20.0,,58.525,,
SWZ,Eswatini,2015,,40.0,,62.75,31.65,
SWZ,Eswatini,2016,46.20125,90.0,2.0,67.35625,36.65,35.0
SWZ,Eswatini,2017,49.68375,90.0,19.3,67.46875,36.65,35.0
SWZ,Eswatini,2018,58.5420833333334,90.0,55.7666666666667,67.16875,39.775,40.0
SWZ,Eswatini,2019,51.1804166666667,90.0,22.4333333333333,63.69375,39.775,40.0
SWZ,Eswatini,2020,47.2075,70.0,20.6,70.4875,34.95,40.0
SWZ,Eswatini,2021,56.45875,90.0,20.6,71.69375,35.0,65.0
SWZ,Eswatini,2022,52.9958333333333,80.0,22.3333333333333,70.0125,32.6333333333333,60.0
SWZ,Eswatini,2023,61.5225,80.0,55.6666666666667,77.6625,34.2833333333333,60.0
SWZ,Eswatini,2024,60.965,80.0,62.5333333333333,76.125,31.1666666666667,55.0
SXM,Sint Maarten (Dutch part),2004,,0.0,,,,
SXM,Sint Maarten (Dutch part),2005,,0.0,,6.5625,,
SXM,Sint Maarten (Dutch part),2006,,0.0,,6.5625,,
SXM,Sint Maarten (Dutch part),2007,,0.0,,6.5625,,
SXM,Sint Maarten (Dutch part),2008,,0.0,,6.50625,,
SXM,Sint Maarten (Dutch part),2009,,0.0,,6.50625,,
SXM,Sint Maarten (Dutch part),2010,,0.0,,7.54375,,
SXM,Sint Maarten (Dutch part),2011,,0.0,,7.9875,,
SXM,Sint Maarten (Dutch part),2012,,0.0,,10.04375,,
SXM,Sint Maarten (Dutch part),2013,,0.0,,10.04375,,
SXM,Sint Maarten (Dutch part),2014,,0.0,,9.875,,
SXM,Sint Maarten (Dutch part),2015,,10.0,,9.2875,,
SXM,Sint Maarten (Dutch part),2016,,30.0,,9.25625,,
SXM,Sint Maarten (Dutch part),2017,,30.0,,10.01875,,
SXM,Sint Maarten (Dutch part),2018,,30.0,,10.39375,,
SXM,Sint Maarten (Dutch part),2019,,30.0,,9.825,,
SXM,Sint Maarten (Dutch part),2020,,30.0,,16.46875,,
SXM,Sint Maarten (Dutch part),2021,,30.0,,19.69375,,
SXM,Sint Maarten (Dutch part),2022,,30.0,,17.99375,,
SXM,Sint Maarten (Dutch part),2023,,30.0,,21.66875,,
SXM,Sint Maarten (Dutch part),2024,,30.0,,19.16875,,
SYC,Seychelles,2004,,0.0,,,,
SYC,Seychelles,2005,,20.0,,54.23125,,
SYC,Seychelles,2006,,0.0,,55.3125,,
SYC,Seychelles,2007,,0.0,,54.975,,
SYC,Seychelles,2008,,0.0,,54.8375,,
SYC,Seychelles,2009,,0.0,,55.26875,,
SYC,Seychelles,2010,,20.0,,51.18125,,
SYC,Seychelles,2011,,20.0,,51.35625,,
SYC,Seychelles,2012,,20.0,,53.44375,,
SYC,Seychelles,2013,,20.0,,54.60625,,
SYC,Seychelles,2014,,20.0,,55.05,,
SYC,Seychelles,2015,,60.0,,52.44375,,
SYC,Seychelles,2016,,60.0,,53.56875,,55.0
SYC,Seychelles,2017,52.9783333333333,60.0,44.9,52.575,57.4166666666667,50.0
SYC,Seychelles,2018,57.5754166666667,80.0,46.4666666666667,51.16875,60.2416666666667,50.0
SYC,Seychelles,2019,59.9091666666667,90.0,46.4666666666667,52.8375,60.2416666666667,50.0
SYC,Seychelles,2020,61.8516666666667,90.0,46.1666666666667,62.05,61.0416666666667,50.0
SYC,Seychelles,2021,60.2858333333333,70.0,46.1666666666667,68.3875,56.875,60.0
SYC,Seychelles,2022,59.3491666666667,70.0,44.2333333333333,55.2125,57.3,70.0
SYC,Seychelles,2023,59.9979166666667,70.0,44.2333333333333,58.45625,57.3,70.0
SYC,Seychelles,2024,64.53375,90.0,48.0,56.66875,58.0,70.0
SYR,Syrian Arab Republic,2004,,30.0,,,,
SYR,Syrian Arab Republic,2005,,30.0,,54.94375,,
SYR,Syrian Arab Republic,2006,,30.0,,59.4375,,
SYR,Syrian Arab Republic,2007,,30.0,,62.625,,
SYR,Syrian Arab Republic,2008,,30.0,,63.18125,,
SYR,Syrian Arab Republic,2009,,40.0,,60.45,,
SYR,Syrian Arab Republic,2010,,60.0,,57.06875,,
SYR,Syrian Arab Republic,2011,,60.0,,54.4125,,
SYR,Syrian Arab Republic,2012,,50.0,,51.41875,,
SYR,Syrian Arab Republic,2013,,50.0,,50.38125,,
SYR,Syrian Arab Republic,2014,,50.0,,37.41875,,
SYR,Syrian Arab Republic,2015,,30.0,,37.8875,,
SYR,Syrian Arab Republic,2016,,36.6,,37.525,,20.0
SYR,Syrian Arab Republic,2017,24.1079166666667,16.6,22.3666666666667,38.15625,18.4166666666667,25.0
SYR,Syrian Arab Republic,2018,23.98875,16.6,24.8333333333333,35.76875,17.7416666666667,25.0
SYR,Syrian Arab Republic,2019,24.11375,16.6,24.8333333333333,38.09375,16.0416666666667,25.0
SYR,Syrian Arab Republic,2020,25.1108333333333,16.6,25.2,43.4875,15.2666666666667,25.0
SYR,Syrian Arab Republic,2021,26.7470833333333,16.6,25.2,54.96875,11.9666666666667,25.0
SYR,Syrian Arab Republic,2022,28.2629166666667,26.6,23.0666666666667,50.03125,11.6166666666667,30.0
SYR,Syrian Arab Republic,2023,31.8379166666667,26.6,23.0666666666667,57.90625,11.6166666666667,40.0
SYR,Syrian Arab Republic,2024,32.4175,26.6,26.4333333333333,57.8875,11.1666666666667,40.0
TCA,Turks and Caicos Islands,2004,,20.0,,,,
TCA,Turks and Caicos Islands,2005,,20.0,,12.975,,
TCA,Turks and Caicos Islands,2006,,20.0,,12.975,,
TCA,Turks and Caicos Islands,2007,,20.0,,14.7125,,
TCA,Turks and Caicos Islands,2008,,20.0,,14.65625,,
TCA,Turks and Caicos Islands,2009,,20.0,,14.65625,,
TCA,Turks and Caicos Islands,2010,,20.0,,14.1875,,
TCA,Turks and Caicos Islands,2011,,40.0,,14.39375,,
TCA,Turks and Caicos Islands,2012,,20.0,,11.65625,,
TCA,Turks and Caicos Islands,2013,,20.0,,11.65625,,
TCA,Turks and Caicos Islands,2014,,0.0,,12.08125,,
TCA,Turks and Caicos Islands,2015,,10.0,,10.8875,,
TCA,Turks and Caicos Islands,2016,,50.0,,10.85625,,
TCA,Turks and Caicos Islands,2017,,30.0,,11.86875,,
TCA,Turks and Caicos Islands,2018,,30.0,,12.96875,,
TCA,Turks and Caicos Islands,2019,,50.0,,12.8,,
TCA,Turks and Caicos Islands,2020,,50.0,,22.19375,,
TCA,Turks and Caicos Islands,2021,,50.0,,31.46875,,
TCA,Turks and Caicos Islands,2022,,50.0,,29.99375,,
TCA,Turks and Caicos Islands,2023,,50.0,,31.68125,,
TCA,Turks and Caicos Islands,2024,,50.0,,28.2,,
TCD,Chad,2004,,20.0,,,,
TCD,Chad,2005,,20.0,,40.325,,
TCD,Chad,2006,,20.0,,40.26875,,
TCD,Chad,2007,,20.0,,40.65625,,
TCD,Chad,2008,,20.0,,40.51875,,
TCD,Chad,2009,,20.0,,37.81875,,
TCD,Chad,2010,,20.0,,40.63125,,
TCD,Chad,2011,,30.0,,43.2125,,
TCD,Chad,2012,,30.0,,43.55625,,
TCD,Chad,2013,,30.0,,42.975,,
TCD,Chad,2014,,30.0,,43.29375,,
TCD,Chad,2015,,50.0,,50.9875,18.0333333333333,
TCD,Chad,2016,28.5029166666667,46.6,8.9,51.10625,20.9083333333333,15.0
TCD,Chad,2017,31.7166666666667,60.0,18.2,51.45,13.9333333333333,15.0
TCD,Chad,2018,31.9166666666667,56.6,18.2,52.5,17.2833333333333,15.0
TCD,Chad,2019,38.8833333333333,56.6,51.5333333333333,52.35,18.9333333333333,15.0
TCD,Chad,2020,41.17375,50.0,57.0333333333333,62.46875,21.3666666666667,15.0
TCD,Chad,2021,46.84875,50.0,57.0333333333333,75.84375,21.3666666666667,30.0
TCD,Chad,2022,48.6058333333333,63.4,59.2,68.2375,22.1916666666667,30.0
TCD,Chad,2023,52.3658333333333,63.4,59.2,72.0375,22.1916666666667,45.0
TCD,Chad,2024,53.56625,63.4,66.7333333333333,62.95625,24.7416666666667,50.0
TGO,Togo,2004,,20.0,,,,
TGO,Togo,2005,,20.0,,55.30625,,
TGO,Togo,2006,,20.0,,60.7125,,
TGO,Togo,2007,,20.0,,62.45625,,
TGO,Togo,2008,,20.0,,63.275,,
TGO,Togo,2009,,20.0,,63.4,,
TGO,Togo,2010,,20.0,,60.80625,,
TGO,Togo,2011,,40.0,,61.78125,,
TGO,Togo,2012,,30.0,,62.05,,
TGO,Togo,2013,,30.0,,61.6125,,
TGO,Togo,2014,,30.0,,63.44375,,
TGO,Togo,2015,,70.0,,61.1125,33.6416666666667,
TGO,Togo,2016,52.0383333333333,90.0,45.3,67.85,32.0416666666667,25.0
TGO,Togo,2017,59.4466666666667,90.0,59.0333333333333,73.275,39.925,35.0
TGO,Togo,2018,60.9291666666667,90.0,59.8333333333333,72.1375,42.675,40.0
TGO,Togo,2019,61.2104166666667,90.0,59.8333333333333,68.54375,42.675,45.0
TGO,Togo,2020,62.40875,90.0,61.7,76.09375,44.25,40.0
TGO,Togo,2021,69.7666666666667,100.0,61.7,87.05,40.0833333333333,60.0
TGO,Togo,2022,68.2279166666667,100.0,63.9333333333333,74.00625,43.2,60.0
TGO,Togo,2023,64.4258333333333,80.0,63.9333333333333,77.5125,40.6833333333333,60.0
TGO,Togo,2024,66.5520833333333,80.0,68.0333333333333,76.14375,43.5833333333333,65.0
THA,Thailand,2004,,40.0,,,,
THA,Thailand,2005,,40.0,,49.1125,,
THA,Thailand,2006,,40.0,,53.36875,,
THA,Thailand,2007,,40.0,,55.1125,,
THA,Thailand,2008,,40.0,,54.90625,,
THA,Thailand,2009,,40.0,,56.425,,
THA,Thailand,2010,,60.0,,56.35625,,
THA,Thailand,2011,,60.0,,55.13125,,
THA,Thailand,2012,,60.0,,58.5125,,
THA,Thailand,2013,,60.0,,58.44375,,
THA,Thailand,2014,,60.0,,57.2875,,
THA,Thailand,2015,,80.0,,74.01875,47.25,
THA,Thailand,2016,77.6920833333333,100.0,79.2666666666667,76.71875,62.475,70.0
THA,Thailand,2017,76.2504166666667,100.0,76.1333333333333,77.06875,58.05,70.0
THA,Thailand,2018,76.6933333333333,100.0,76.4666666666667,77.45,59.55,70.0
THA,Thailand,2019,76.1208333333333,100.0,76.4666666666667,76.2375,57.9,70.0
THA,Thailand,2020,79.2775,100.0,79.6,82.7625,59.025,75.0
THA,Thailand,2021,82.6841666666667,100.0,79.6,91.4625,67.3583333333333,75.0
THA,Thailand,2022,83.9741666666667,100.0,81.3,86.2125,67.3583333333333,85.0
THA,Thailand,2023,83.5783333333333,100.0,81.3,88.4,63.1916666666667,85.0
THA,Thailand,2024,85.0391666666667,100.0,87.9333333333333,84.7375,67.525,85.0
TJK,Tajikistan,2004,,40.0,,,,
TJK,Tajikistan,2005,,30.0,,44.08125,,
TJK,Tajikistan,2006,,30.0,,46.48125,,
TJK,Tajikistan,2007,,40.0,,47.175,,
TJK,Tajikistan,2008,,40.0,,47.7625,,
TJK,Tajikistan,2009,,40.0,,49.39375,,
TJK,Tajikistan,2010,,60.0,,48.24375,,
TJK,Tajikistan,2011,,60.0,,49.01875,,
TJK,Tajikistan,2012,,60.0,,52.55625,,
TJK,Tajikistan,2013,,50.0,,52.56875,,
TJK,Tajikistan,2014,,40.0,,48.8,,
TJK,Tajikistan,2015,,50.0,,49.48125,47.9916666666667,
TJK,Tajikistan,2016,50.8895833333333,90.0,12.6,56.05625,45.7916666666667,50.0
TJK,Tajikistan,2017,55.6191666666667,90.0,31.8666666666667,61.4625,44.7666666666667,50.0
TJK,Tajikistan,2018,56.1866666666667,90.0,31.3666666666667,64.275,45.2916666666667,50.0
TJK,Tajikistan,2019,56.4304166666667,90.0,31.3666666666667,65.49375,45.2916666666667,50.0
TJK,Tajikistan,2020,57.2054166666667,90.0,28.3666666666667,72.51875,45.1416666666667,50.0
TJK,Tajikistan,2021,56.7120833333333,90.0,28.3666666666667,81.71875,53.475,30.0
TJK,Tajikistan,2022,53.2470833333333,80.0,29.1666666666667,74.11875,52.95,30.0
TJK,Tajikistan,2023,53.6083333333333,80.0,29.1666666666667,72.575,56.3,30.0
TJK,Tajikistan,2024,63.86875,80.0,68.9666666666667,65.51875,59.8583333333333,45.0
TKM,Turkmenistan,2004,,20.0,,,,
TKM,Turkmenistan,2005,,20.0,,37.775,,
TKM,Turkmenistan,2006,,20.0,,40.01875,,
TKM,Turkmenistan,2007,,20.0,,40.7125,,
TKM,Turkmenistan,2008,,20.0,,40.6,,
TKM,Turkmenistan,2009,,20.0,,40.6,,
TKM,Turkmenistan,2010,,20.0,,37.8,,
TKM,Turkmenistan,2011,,20.0,,35.1,,
TKM,Turkmenistan,2012,,20.0,,35.89375,,
TKM,Turkmenistan,2013,,0.0,,35.0875,,
TKM,Turkmenistan,2014,,0.0,,35.9375,,
TKM,Turkmenistan,2015,,20.0,,39.08125,14.4833333333333,
TKM,Turkmenistan,2016,19.1633333333333,26.6,6.83333333333333,41.925,15.4583333333333,5.0
TKM,Turkmenistan,2017,22.215,46.6,6.06666666666667,42.875,10.5333333333333,5.0
TKM,Turkmenistan,2018,16.6470833333333,26.6,0.633333333333333,41.01875,9.98333333333333,5.0
TKM,Turkmenistan,2019,23.1408333333333,46.6,0.633333333333333,41.7875,11.6833333333333,15.0
TKM,Turkmenistan,2020,26.84125,46.6,0.466666666666666,60.45625,11.6833333333333,15.0
TKM,Turkmenistan,2021,28.675,46.6,0.466666666666666,69.625,11.6833333333333,15.0
TKM,Turkmenistan,2022,30.74625,60.0,0.466666666666666,66.58125,11.6833333333333,15.0
TKM,Turkmenistan,2023,30.7175,60.0,0.466666666666666,66.4375,11.6833333333333,15.0
TKM,Turkmenistan,2024,29.6541666666667,60.0,5.3,54.0625,13.9083333333333,15.0
TLS,Timor-Leste,2004,,20.0,,,,
TLS,Timor-Leste,2005,,20.0,,35.1125,,
TLS,Timor-Leste,2006,,20.0,,47.64375,,
TLS,Timor-Leste,2007,,30.0,,52.4375,,
TLS,Timor-Leste,2008,,30.0,,53.7875,,
TLS,Timor-Leste,2009,,30.0,,55.24375,,
TLS,Timor-Leste,2010,,50.0,,57.31875,,
TLS,Timor-Leste,2011,,50.0,,56.49375,,
TLS,Timor-Leste,2012,,50.0,,55.8625,,
TLS,Timor-Leste,2013,,40.0,,55.68125,,
TLS,Timor-Leste,2014,,50.0,,57.1375,,
TLS,Timor-Leste,2015,,70.0,,55.2625,29.3333333333333,
TLS,Timor-Leste,2016,,70.0,,62.33125,34.2583333333333,
TLS,Timor-Leste,2017,48.83875,70.0,24.0666666666667,62.41875,32.7083333333333,55.0
TLS,Timor-Leste,2018,54.9483333333333,70.0,58.2333333333333,60.45,31.0583333333333,55.0
TLS,Timor-Leste,2019,56.37875,70.0,58.2333333333333,59.26875,39.3916666666667,55.0
TLS,Timor-Leste,2020,55.93125,60.0,60.6333333333333,64.23125,39.7916666666667,55.0
TLS,Timor-Leste,2021,57.99375,60.0,60.6333333333333,64.54375,39.7916666666667,65.0
TLS,Timor-Leste,2022,60.4233333333333,80.0,61.1,57.7,38.3166666666667,65.0
TLS,Timor-Leste,2023,61.8008333333333,80.0,61.1,64.5875,38.3166666666667,65.0
TLS,Timor-Leste,2024,60.5166666666667,80.0,61.7666666666667,63.025,42.7916666666667,55.0
TON,Tonga,2004,,20.0,,,,
TON,Tonga,2005,,20.0,,34.95,,
TON,Tonga,2006,,20.0,,46.54375,,
TON,Tonga,2007,,20.0,,46.43125,,
TON,Tonga,2008,,20.0,,46.68125,,
TON,Tonga,2009,,20.0,,51.4,,
TON,Tonga,2010,,20.0,,48.96875,,
TON,Tonga,2011,,20.0,,48.875,,
TON,Tonga,2012,,20.0,,52.975,,
TON,Tonga,2013,,20.0,,52.48125,,
TON,Tonga,2014,,20.0,,49.53125,,
TON,Tonga,2015,,50.0,,47.41875,,
TON,Tonga,2016,,80.0,,49.2125,,25.0
TON,Tonga,2017,,80.0,,45.25625,,35.0
TON,Tonga,2018,,76.6,,45.48125,,35.0
TON,Tonga,2019,,90.0,,45.1125,,35.0
TON,Tonga,2020,55.4608333333333,90.0,63.2,68.1375,35.9666666666667,20.0
TON,Tonga,2021,66.18375,90.0,63.2,75.86875,56.85,45.0
TON,Tonga,2022,63.55,80.0,63.6,70.725,58.425,45.0
TON,Tonga,2023,64.05,80.0,63.6,71.525,60.125,45.0
TON,Tonga,2024,63.2033333333333,80.0,62.1666666666667,68.15,60.7,45.0
TTO,Trinidad and Tobago,2004,,20.0,,,,
TTO,Trinidad and Tobago,2005,,20.0,,53.89375,,
TTO,Trinidad and Tobago,2006,,20.0,,54.925,,
TTO,Trinidad and Tobago,2007,,20.0,,57.1875,,
TTO,Trinidad and Tobago,2008,,20.0,,59.85625,,
TTO,Trinidad and Tobago,2009,,20.0,,60.55625,,
TTO,Trinidad and Tobago,2010,,40.0,,56.9,,
TTO,Trinidad and Tobago,2011,,40.0,,62.325,,
TTO,Trinidad and Tobago,2012,,40.0,,62.44375,,
TTO,Trinidad and Tobago,2013,,40.0,,60.36875,,
TTO,Trinidad and Tobago,2014,,40.0,,57.4625,,
TTO,Trinidad and Tobago,2015,,50.0,,46.20625,,
TTO,Trinidad and Tobago,2016,38.9270833333333,70.0,5.86666666666667,41.26875,47.5,30.0
TTO,Trinidad and Tobago,2017,39.8308333333333,50.0,28.5666666666667,44.7375,45.85,30.0
TTO,Trinidad and Tobago,2018,47.01125,50.0,60.6,44.23125,45.225,35.0
TTO,Trinidad and Tobago,2019,44.5433333333333,70.0,27.2666666666667,40.225,45.225,40.0
TTO,Trinidad and Tobago,2020,44.53625,50.0,27.4,57.95625,47.325,40.0
TTO,Trinidad and Tobago,2021,55.4441666666667,50.0,60.7333333333333,64.1625,47.325,55.0
TTO,Trinidad and Tobago,2022,57.9470833333333,70.0,61.3333333333333,64.01875,39.3833333333333,55.0
TTO,Trinidad and Tobago,2023,57.7820833333333,70.0,61.3333333333333,68.19375,39.3833333333333,50.0
TTO,Trinidad and Tobago,2024,59.3841666666667,70.0,68.1,67.1125,41.7083333333333,50.0
TUN,Tunisia,2004,,30.0,,,,
TUN,Tunisia,2005,,30.0,,63.24375,,
TUN,Tunisia,2006,,30.0,,68.1375,,
TUN,Tunisia,2007,,30.0,,68.475,,
TUN,Tunisia,2008,,20.0,,68.26875,,
TUN,Tunisia,2009,,20.0,,68.5375,,
TUN,Tunisia,2010,,60.0,,66.45,,
TUN,Tunisia,2011,,50.0,,63.50625,,
TUN,Tunisia,2012,,50.0,,67.0625,,
TUN,Tunisia,2013,,50.0,,64.425,,
TUN,Tunisia,2014,,50.0,,65.70625,,
TUN,Tunisia,2015,,80.0,,62.18125,59.8916666666667,
TUN,Tunisia,2016,62.4075,90.0,82.9,62.9875,56.15,20.0
TUN,Tunisia,2017,60.32125,90.0,78.9,60.23125,52.475,20.0
TUN,Tunisia,2018,64.7183333333333,90.0,85.6666666666667,63.95,53.975,30.0
TUN,Tunisia,2019,64.9008333333333,90.0,85.6666666666667,64.8625,53.975,30.0
TUN,Tunisia,2020,66.4395833333333,90.0,87.2666666666667,69.63125,55.3,30.0
TUN,Tunisia,2021,74.73,90.0,87.2666666666667,82.75,63.6333333333333,50.0
TUN,Tunisia,2022,75.2508333333333,90.0,89.7333333333333,80.1125,61.4083333333333,55.0
TUN,Tunisia,2023,75.4545833333333,90.0,89.7333333333333,76.13125,61.4083333333333,60.0
TUN,Tunisia,2024,75.4575,90.0,89.9666666666667,74.1125,63.2083333333333,60.0
TUR,Turkiye,2004,,20.0,,,,
TUR,Turkiye,2005,,20.0,,63.3625,,
TUR,Turkiye,2006,,20.0,,68.85,,
TUR,Turkiye,2007,,20.0,,70.24375,,
TUR,Turkiye,2008,,20.0,,71.10625,,
TUR,Turkiye,2009,,20.0,,70.775,,
TUR,Turkiye,2010,,20.0,,68.85625,,
TUR,Turkiye,2011,,20.0,,70.06875,,
TUR,Turkiye,2012,,20.0,,70.06875,,
TUR,Turkiye,2013,,20.0,,69.775,,
TUR,Turkiye,2014,,20.0,,69.8625,,
TUR,Turkiye,2015,,40.0,,78.76875,66.4,
TUR,Turkiye,2016,72.6454166666667,60.0,80.9333333333333,81.01875,66.275,75.0
TUR,Turkiye,2017,77.2029166666667,60.0,86.1333333333333,87.60625,62.275,90.0
TUR,Turkiye,2018,77.99,60.0,84.0,88.675,62.275,95.0
TUR,Turkiye,2019,78.47125,60.0,84.0,86.08125,62.275,100.0
TUR,Turkiye,2020,78.1458333333333,60.0,85.5666666666667,82.8375,62.325,100.0
TUR,Turkiye,2021,80.0825,50.0,85.5666666666667,94.1875,70.6583333333333,100.0
TUR,Turkiye,2022,77.7208333333333,50.0,86.8,85.8875,65.9166666666667,100.0
TUR,Turkiye,2023,78.6770833333333,50.0,86.8,90.66875,65.9166666666667,100.0
TUR,Turkiye,2024,79.3483333333333,50.0,86.4,88.35,71.9916666666667,100.0
TUV,Tuvalu,2004,,20.0,,,,
TUV,Tuvalu,2005,,20.0,,29.6875,,
TUV,Tuvalu,2006,,20.0,,29.83125,,
TUV,Tuvalu,2007,,20.0,,36.94375,,
TUV,Tuvalu,2008,,20.0,,37.2,,
TUV,Tuvalu,2009,,20.0,,37.2,,
TUV,Tuvalu,2010,,30.0,,37.38125,,
TUV,Tuvalu,2011,,30.0,,36.84375,,
TUV,Tuvalu,2012,,30.0,,32.1625,,
TUV,Tuvalu,2013,,30.0,,31.49375,,
TUV,Tuvalu,2014,,30.0,,31.2875,,
TUV,Tuvalu,2015,,50.0,,30.80625,,
TUV,Tuvalu,2016,,50.0,,34.225,,5.0
TUV,Tuvalu,2017,,50.0,,34.2625,,5.0
TUV,Tuvalu,2018,,30.0,,35.18125,,5.0
TUV,Tuvalu,2019,,50.0,,36.60625,,5.0
TUV,Tuvalu,2020,,50.0,,54.775,,5.0
TUV,Tuvalu,2021,,50.0,,60.8375,,10.0
TUV,Tuvalu,2022,41.4225,50.0,59.7333333333333,55.9875,26.3916666666667,15.0
TUV,Tuvalu,2023,42.68875,50.0,59.7333333333333,62.31875,26.3916666666667,15.0
TUV,Tuvalu,2024,43.0166666666667,50.0,61.0666666666667,60.375,28.6416666666667,15.0
TZA,Tanzania,2004,,20.0,,,,
TZA,Tanzania,2005,,20.0,,58.1875,,
TZA,Tanzania,2006,,20.0,,61.6875,,
TZA,Tanzania,2007,,30.0,,64.2125,,
TZA,Tanzania,2008,,30.0,,67.16875,,
TZA,Tanzania,2009,,30.0,,67.125,,
TZA,Tanzania,2010,,50.0,,67.64375,,
TZA,Tanzania,2011,,60.0,,64.1,,
TZA,Tanzania,2012,,50.0,,66.59375,,
TZA,Tanzania,2013,,40.0,,67.39375,,
TZA,Tanzania,2014,,50.0,,72.5875,,
TZA,Tanzania,2015,,70.0,,71.675,43.1916666666667,
TZA,Tanzania,2016,61.2458333333333,90.0,41.8,75.1125,44.3166666666667,55.0
TZA,Tanzania,2017,62.4770833333333,80.0,60.2,75.44375,41.7416666666667,55.0
TZA,Tanzania,2018,57.68125,76.6,60.7,73.53125,37.575,40.0
TZA,Tanzania,2019,58.2345833333333,76.6,60.7,68.78125,40.0916666666667,45.0
TZA,Tanzania,2020,61.5308333333333,76.6,71.3,72.7625,41.9916666666667,45.0
TZA,Tanzania,2021,64.6225,76.6,71.3,76.5875,48.625,50.0
TZA,Tanzania,2022,69.21125,90.0,70.7,78.45625,51.9,55.0
TZA,Tanzania,2023,70.85125,90.0,70.7,83.35625,55.2,55.0
TZA,Tanzania,2024,68.2204166666667,80.0,71.2333333333333,81.91875,52.95,55.0
UGA,Uganda,2004,,30.0,,,,
UGA,Uganda,2005,,40.0,,58.16875,,
UGA,Uganda,2006,,40.0,,63.95,,
UGA,Uganda,2007,,40.0,,63.725,,
UGA,Uganda,2008,,30.0,,64.9125,,
UGA,Uganda,2009,,40.0,,68.1875,,
UGA,Uganda,2010,,50.0,,66.575,,
UGA,Uganda,2011,,40.0,,65.54375,,
UGA,Uganda,2012,,60.0,,66.4125,,
UGA,Uganda,2013,,60.0,,66.075,,
UGA,Uganda,2014,,60.0,,66.5125,,
UGA,Uganda,2015,,70.0,,63.84375,41.2166666666667,
UGA,Uganda,2016,63.9345833333333,100.0,45.5,70.93125,38.2416666666667,65.0
UGA,Uganda,2017,67.79,100.0,65.1333333333333,78.25,35.5666666666667,60.0
UGA,Uganda,2018,65.8483333333333,90.0,64.2,77.825,37.2166666666667,60.0
UGA,Uganda,2019,67.7375,100.0,64.2,74.7875,34.7,65.0
UGA,Uganda,2020,68.6954166666667,100.0,66.6333333333333,80.89375,35.95,60.0
UGA,Uganda,2021,72.4933333333333,100.0,66.6333333333333,81.55,44.2833333333333,70.0
UGA,Uganda,2022,65.25875,70.0,65.7666666666667,77.06875,43.4583333333333,70.0
UGA,Uganda,2023,66.6275,70.0,65.7666666666667,78.9125,43.4583333333333,75.0
UGA,Uganda,2024,68.6995833333333,70.0,71.2333333333333,72.15625,45.1083333333333,85.0
UKR,Ukraine,2004,,40.0,,,,
UKR,Ukraine,2005,,40.0,,57.9125,,
UKR,Ukraine,2006,,40.0,,58.40625,,
UKR,Ukraine,2007,,40.0,,62.9125,,
UKR,Ukraine,2008,,40.0,,63.4,,
UKR,Ukraine,2009,,40.0,,65.78125,,
UKR,Ukraine,2010,,60.0,,65.29375,,
UKR,Ukraine,2011,,60.0,,65.66875,,
UKR,Ukraine,2012,,60.0,,65.4625,,
UKR,Ukraine,2013,,60.0,,64.43125,,
UKR,Ukraine,2014,,60.0,,65.65625,,
UKR,Ukraine,2015,,80.0,,67.425,57.9416666666667,
UKR,Ukraine,2016,67.3445833333333,100.0,43.9,69.63125,53.1916666666667,70.0
UKR,Ukraine,2017,68.2529166666667,100.0,45.7666666666667,67.20625,53.2916666666667,75.0
UKR,Ukraine,2018,69.2279166666667,100.0,46.0666666666667,67.75625,47.3166666666667,85.0
UKR,Ukraine,2019,72.1441666666667,100.0,46.0666666666667,67.3375,47.3166666666667,100.0
UKR,Ukraine,2020,76.0125,100.0,55.1333333333333,75.1625,54.7666666666667,95.0
UKR,Ukraine,2021,80.0591666666667,100.0,55.1333333333333,87.0625,63.1,95.0
UKR,Ukraine,2022,77.5233333333333,100.0,54.0333333333333,80.7,57.8833333333333,95.0
UKR,Ukraine,2023,78.4133333333333,100.0,54.0333333333333,85.15,57.8833333333333,95.0
UKR,Ukraine,2024,75.9970833333334,100.0,55.1333333333333,81.56875,58.2833333333333,85.0
UMC,Upper middle income,2016,58.23,75.06,46.62,60.02,52.47,45.49
UMC,Upper middle income,2017,60.61,75.62,55.34,61.3,51.11,47.02
UMC,Upper middle income,2018,62.88,73.89,66.74,61.4,51.9,47.79
UMC,Upper middle income,2019,63.66,74.63,66.74,60.08,53.06,51.83
UMC,Upper middle income,2020,64.77,74.07,68.67,68.38,53.67,53.37
UMC,Upper middle income,2021,69.22,72.96,70.67,77.18,59.29,60.38
UMC,Upper middle income,2022,67.41,72.35,69.94,72.25,58.16,61.44
UMC,Upper middle income,2023,68.43,72.71,68.66,74.84,58.36,65.0
UMC,Upper middle income,2024,69.27,74.57,70.61,72.01,59.56,66.63
URY,Uruguay,2004,,40.0,,,,
URY,Uruguay,2005,,40.0,,61.58125,,
URY,Uruguay,2006,,40.0,,65.46875,,
URY,Uruguay,2007,,40.0,,65.91875,,
URY,Uruguay,2008,,40.0,,66.98125,,
URY,Uruguay,2009,,40.0,,67.675,,
URY,Uruguay,2010,,60.0,,64.73125,,
URY,Uruguay,2011,,60.0,,64.19375,,
URY,Uruguay,2012,,60.0,,63.925,,
URY,Uruguay,2013,,60.0,,67.54375,,
URY,Uruguay,2014,,60.0,,67.56875,,
URY,Uruguay,2015,,80.0,,63.3375,68.6416666666667,
URY,Uruguay,2016,65.5325,100.0,74.4333333333333,63.0625,65.1666666666667,25.0
URY,Uruguay,2017,68.3375,100.0,83.6333333333333,69.0625,63.9916666666667,25.0
URY,Uruguay,2018,67.8008333333333,100.0,83.9,65.0375,65.0666666666667,25.0
URY,Uruguay,2019,66.9920833333333,100.0,83.9,65.99375,65.0666666666667,20.0
URY,Uruguay,2020,70.6458333333333,100.0,86.7,75.9375,65.5916666666667,25.0
URY,Uruguay,2021,80.94,100.0,86.7,89.075,73.925,55.0
URY,Uruguay,2022,76.6745833333333,100.0,87.6,75.70625,65.0666666666667,55.0
URY,Uruguay,2023,81.1004166666667,100.0,87.6,73.66875,69.2333333333333,75.0
URY,Uruguay,2024,80.1466666666667,100.0,85.3,70.9,69.5333333333333,75.0
USA,United States,2004,,40.0,,,,
USA,United States,2005,,40.0,,45.41875,,
USA,United States,2006,,40.0,,45.56875,,
USA,United States,2007,,40.0,,46.26875,,
USA,United States,2008,,40.0,,48.18125,,
USA,United States,2009,,40.0,,48.80625,,
USA,United States,2010,,60.0,,49.66875,,
USA,United States,2011,,60.0,,48.8,,
USA,United States,2012,,60.0,,49.425,,
USA,United States,2013,,60.0,,47.525,,
USA,United States,2014,,60.0,,47.36875,,
USA,United States,2015,,80.0,,63.13125,,
USA,United States,2016,87.97,100.0,91.5333333333333,64.05,84.2666666666667,100.0
USA,United States,2017,87.1091666666667,100.0,90.5666666666667,64.8375,80.1416666666667,100.0
USA,United States,2018,87.2495833333333,100.0,94.0,63.08125,79.1666666666667,100.0
USA,United States,2019,87.2570833333333,100.0,94.0,63.11875,79.1666666666667,100.0
USA,United States,2020,86.8983333333333,100.0,92.7,70.025,76.7666666666667,95.0
USA,United States,2021,92.75,100.0,92.7,85.95,85.1,100.0
USA,United States,2022,91.8754166666667,100.0,93.1333333333333,80.61875,85.625,100.0
USA,United States,2023,93.4304166666667,100.0,93.1333333333333,88.39375,85.625,100.0
USA,United States,2024,90.05875,100.0,95.0,88.36875,86.925,80.0
UZB,Uzbekistan,2004,,40.0,,,,
UZB,Uzbekistan,2005,,40.0,,39.9625,,
UZB,Uzbekistan,2006,,40.0,,44.8625,,
UZB,Uzbekistan,2007,,40.0,,44.41875,,
UZB,Uzbekistan,2008,,30.0,,44.975,,
UZB,Uzbekistan,2009,,20.0,,46.29375,,
UZB,Uzbekistan,2010,,30.0,,45.1875,,
UZB,Uzbekistan,2011,,30.0,,43.0,,
UZB,Uzbekistan,2012,,0.0,,46.075,,
UZB,Uzbekistan,2013,,20.0,,45.26875,,
UZB,Uzbekistan,2014,,0.0,,44.7625,,
UZB,Uzbekistan,2015,,40.0,,45.425,34.6,
UZB,Uzbekistan,2016,37.73125,60.0,4.1,48.33125,36.225,40.0
UZB,Uzbekistan,2017,43.625,60.0,5.9,52.225,35.0,65.0
UZB,Uzbekistan,2018,50.5429166666667,60.0,39.3333333333333,49.95625,38.425,65.0
UZB,Uzbekistan,2019,53.91,60.0,56.0,50.125,38.425,65.0
UZB,Uzbekistan,2020,67.8033333333333,70.0,74.0666666666667,69.075,45.875,80.0
UZB,Uzbekistan,2021,71.055,70.0,74.0666666666667,78.7,57.5083333333333,75.0
UZB,Uzbekistan,2022,75.7908333333333,90.0,76.6333333333333,75.6875,61.6333333333333,75.0
UZB,Uzbekistan,2023,81.9920833333333,90.0,76.6333333333333,85.04375,63.2833333333333,95.0
UZB,Uzbekistan,2024,81.4908333333333,90.0,79.1333333333333,80.1125,68.2083333333333,90.0
VCT,St. Vincent and the Grenadines,2004,,20.0,,,,
VCT,St. Vincent and the Grenadines,2005,,20.0,,54.79375,,
VCT,St. Vincent and the Grenadines,2006,,20.0,,53.65,,
VCT,St. Vincent and the Grenadines,2007,,20.0,,53.5375,,
VCT,St. Vincent and the Grenadines,2008,,20.0,,54.0625,,
VCT,St. Vincent and the Grenadines,2009,,20.0,,53.675,,
VCT,St. Vincent and the Grenadines,2010,,30.0,,51.93125,,
VCT,St. Vincent and the Grenadines,2011,,30.0,,51.1875,,
VCT,St. Vincent and the Grenadines,2012,,30.0,,53.0125,,
VCT,St. Vincent and the Grenadines,2013,,30.0,,52.43125,,
VCT,St. Vincent and the Grenadines,2014,,20.0,,51.98125,,
VCT,St. Vincent and the Grenadines,2015,,40.0,,47.95,49.25,
VCT,St. Vincent and the Grenadines,2016,39.17875,50.0,5.8,49.99375,50.1,40.0
VCT,St. Vincent and the Grenadines,2017,37.63125,30.0,25.7,49.10625,48.35,35.0
VCT,St. Vincent and the Grenadines,2018,45.2608333333333,30.0,62.6666666666667,47.4625,51.175,35.0
VCT,St. Vincent and the Grenadines,2019,48.1245833333333,50.0,62.6666666666667,41.78125,51.175,35.0
VCT,St. Vincent and the Grenadines,2020,47.6695833333333,30.0,68.4666666666667,52.40625,52.475,35.0
VCT,St. Vincent and the Grenadines,2021,48.53625,30.0,68.4666666666667,60.90625,48.3083333333333,35.0
VCT,St. Vincent and the Grenadines,2022,48.2795833333333,30.0,67.4333333333333,55.95625,48.0083333333333,40.0
VCT,St. Vincent and the Grenadines,2023,48.3870833333333,30.0,67.4333333333333,56.49375,48.0083333333333,40.0
VCT,St. Vincent and the Grenadines,2024,51.9591666666667,50.0,66.3,55.1875,48.3083333333333,40.0
VEN,"Venezuela, RB",2004,,40.0,,,,
VEN,"Venezuela, RB",2005,,40.0,,62.60625,,
VEN,"Venezuela, RB",2006,,40.0,,63.55625,,
VEN,"Venezuela, RB",2007,,40.0,,63.55625,,
VEN,"Venezuela, RB",2008,,40.0,,64.025,,
VEN,"Venezuela, RB",2009,,40.0,,64.94375,,
VEN,"Venezuela, RB",2010,,60.0,,61.34375,,
VEN,"Venezuela, RB",2011,,50.0,,59.41875,,
VEN,"Venezuela, RB",2012,,40.0,,58.725,,
VEN,"Venezuela, RB",2013,,40.0,,58.5,,
VEN,"Venezuela, RB",2014,,40.0,,56.2125,,
VEN,"Venezuela, RB",2015,,60.0,,53.43125,44.1916666666667,
VEN,"Venezuela, RB",2016,45.18,60.0,41.4333333333333,55.55,43.9166666666667,25.0
VEN,"Venezuela, RB",2017,52.1679166666667,80.0,60.0666666666667,55.85625,39.9166666666667,25.0
VEN,"Venezuela, RB",2018,49.0383333333333,66.6,59.9,53.775,39.9166666666667,25.0
VEN,"Venezuela, RB",2019,47.865,66.6,59.9,52.075,35.75,25.0
VEN,"Venezuela, RB",2020,47.94625,66.6,59.9,52.48125,35.75,25.0
VEN,"Venezuela, RB",2021,49.57,66.6,59.9,62.25,34.1,25.0
VEN,"Venezuela, RB",2022,48.6266666666667,80.0,56.2333333333333,51.375,30.525,25.0
VEN,"Venezuela, RB",2023,39.3925,60.0,22.9,58.5375,30.525,25.0
VEN,"Venezuela, RB",2024,39.4575,60.0,24.4,57.3125,30.575,25.0
VGB,British Virgin Islands,2004,,20.0,,,,
VGB,British Virgin Islands,2005,,0.0,,18.675,,
VGB,British Virgin Islands,2006,,20.0,,18.76875,,
VGB,British Virgin Islands,2007,,20.0,,18.76875,,
VGB,British Virgin Islands,2008,,0.0,,18.65625,,
VGB,British Virgin Islands,2009,,0.0,,18.65625,,
VGB,British Virgin Islands,2010,,20.0,,17.5125,,
VGB,British Virgin Islands,2011,,20.0,,16.65,,
VGB,British Virgin Islands,2012,,0.0,,15.25625,,
VGB,British Virgin Islands,2013,,20.0,,15.35,,
VGB,British Virgin Islands,2014,,20.0,,15.75,,
VGB,British Virgin Islands,2015,,40.0,,14.11875,,
VGB,British Virgin Islands,2016,,40.0,,14.65625,,
VGB,British Virgin Islands,2017,,40.0,,15.43125,,
VGB,British Virgin Islands,2018,,40.0,,15.69375,,
VGB,British Virgin Islands,2019,,40.0,,18.16875,,
VGB,British Virgin Islands,2020,,40.0,,26.08125,,
VGB,British Virgin Islands,2021,,40.0,,27.19375,,
VGB,British Virgin Islands,2022,,60.0,,26.19375,,
VGB,British Virgin Islands,2023,,60.0,,26.9625,,
VGB,British Virgin Islands,2024,,60.0,,27.74375,,
VIR,Virgin Islands (U.S.),2004,,0.0,,,,
VIR,Virgin Islands (U.S.),2005,,0.0,,10.79375,,
VIR,Virgin Islands (U.S.),2006,,0.0,,10.59375,,
VIR,Virgin Islands (U.S.),2007,,0.0,,10.59375,,
VIR,Virgin Islands (U.S.),2008,,0.0,,10.59375,,
VIR,Virgin Islands (U.S.),2009,,0.0,,10.59375,,
VIR,Virgin Islands (U.S.),2010,,0.0,,10.475,,
VIR,Virgin Islands (U.S.),2011,,0.0,,10.475,,
VIR,Virgin Islands (U.S.),2012,,0.0,,9.3375,,
VIR,Virgin Islands (U.S.),2013,,0.0,,9.3375,,
VIR,Virgin Islands (U.S.),2014,,0.0,,9.3375,,
VIR,Virgin Islands (U.S.),2015,,20.0,,8.7125,,
VIR,Virgin Islands (U.S.),2016,,40.0,,8.68125,,
VIR,Virgin Islands (U.S.),2017,,40.0,,8.78125,,
VIR,Virgin Islands (U.S.),2018,,40.0,,9.29375,,
VIR,Virgin Islands (U.S.),2019,,40.0,,9.9,,
VIR,Virgin Islands (U.S.),2020,,40.0,,18.7,,
VIR,Virgin Islands (U.S.),2021,,40.0,,18.975,,
VIR,Virgin Islands (U.S.),2022,,40.0,,18.5875,,
VIR,Virgin Islands (U.S.),2023,,40.0,,21.15625,,
VIR,Virgin Islands (U.S.),2024,,40.0,,22.05,,
VNM,Viet Nam,2004,,40.0,,,,
VNM,Viet Nam,2005,,40.0,,56.11875,,
VNM,Viet Nam,2006,,40.0,,59.71875,,
VNM,Viet Nam,2007,,40.0,,61.6625,,
VNM,Viet Nam,2008,,20.0,,61.4375,,
VNM,Viet Nam,2009,,20.0,,62.13125,,
VNM,Viet Nam,2010,,60.0,,63.425,,
VNM,Viet Nam,2011,,60.0,,64.88125,,
VNM,Viet Nam,2012,,60.0,,66.2625,,
VNM,Viet Nam,2013,,60.0,,66.70625,,
VNM,Viet Nam,2014,,60.0,,67.625,,
VNM,Viet Nam,2015,,80.0,,55.1875,46.1166666666667,
VNM,Viet Nam,2016,53.7116666666667,100.0,45.5666666666667,56.625,41.3666666666667,25.0
VNM,Viet Nam,2017,59.125,100.0,63.7333333333333,57.225,39.6666666666667,35.0
VNM,Viet Nam,2018,59.6283333333333,100.0,64.0,58.4,40.7416666666667,35.0
VNM,Viet Nam,2019,58.9620833333333,100.0,64.0,55.06875,40.7416666666667,35.0
VNM,Viet Nam,2020,61.5004166666667,100.0,67.9666666666667,60.86875,43.6666666666667,35.0
VNM,Viet Nam,2021,67.1033333333333,100.0,67.9666666666667,77.25,50.3,40.0
VNM,Viet Nam,2022,66.7179166666667,100.0,69.4333333333333,74.90625,49.25,40.0
VNM,Viet Nam,2023,71.6241666666667,100.0,69.4333333333333,89.4375,49.25,50.0
VNM,Viet Nam,2024,67.2383333333333,100.0,67.6666666666667,80.3,48.225,40.0
VUT,Vanuatu,2004,,20.0,,,,
VUT,Vanuatu,2005,,20.0,,37.34375,,
VUT,Vanuatu,2006,,20.0,,46.1375,,
VUT,Vanuatu,2007,,20.0,,50.4125,,
VUT,Vanuatu,2008,,20.0,,50.275,,
VUT,Vanuatu,2009,,20.0,,57.50625,,
VUT,Vanuatu,2010,,30.0,,56.1875,,
VUT,Vanuatu,2011,,30.0,,57.0875,,
VUT,Vanuatu,2012,,30.0,,54.9625,,
VUT,Vanuatu,2013,,30.0,,60.05,,
VUT,Vanuatu,2014,,30.0,,55.88125,,
VUT,Vanuatu,2015,,50.0,,50.89375,33.6416666666667,
VUT,Vanuatu,2016,38.1416666666667,46.6,40.7666666666667,51.6,31.7416666666667,20.0
VUT,Vanuatu,2017,40.5075,46.6,59.4333333333333,51.6875,29.8166666666667,15.0
VUT,Vanuatu,2018,39.4991666666667,53.4,59.1333333333333,46.4125,23.55,15.0
VUT,Vanuatu,2019,42.6816666666667,70.0,59.1333333333333,45.725,23.55,15.0
VUT,Vanuatu,2020,41.9579166666667,56.6,59.1333333333333,57.15625,21.9,15.0
VUT,Vanuatu,2021,50.6383333333333,56.6,59.1333333333333,72.225,30.2333333333333,35.0
VUT,Vanuatu,2022,52.0345833333333,56.6,59.0666666666667,68.90625,40.6,35.0
VUT,Vanuatu,2023,52.9358333333333,56.6,59.0666666666667,70.0625,43.95,35.0
VUT,Vanuatu,2024,53.4470833333333,56.6,61.6666666666667,70.49375,43.475,35.0
WSM,Samoa,2004,,20.0,,,,
WSM,Samoa,2005,,20.0,,48.1,,
WSM,Samoa,2006,,20.0,,49.325,,
WSM,Samoa,2007,,20.0,,49.325,,
WSM,Samoa,2008,,30.0,,54.91875,,
WSM,Samoa,2009,,30.0,,56.4,,
WSM,Samoa,2010,,40.0,,55.4,,
WSM,Samoa,2011,,40.0,,54.9625,,
WSM,Samoa,2012,,50.0,,58.1375,,
WSM,Samoa,2013,,60.0,,57.21875,,
WSM,Samoa,2014,,50.0,,58.71875,,
WSM,Samoa,2015,,70.0,,56.1375,32.2166666666667,
WSM,Samoa,2016,53.1758333333333,90.0,44.4,56.9375,29.5416666666667,45.0
WSM,Samoa,2017,58.5854166666667,90.0,63.2666666666667,59.84375,34.8166666666667,45.0
WSM,Samoa,2018,58.9070833333333,90.0,63.5,59.71875,36.3166666666667,45.0
WSM,Samoa,2019,55.3870833333333,80.0,63.5,50.41875,38.0166666666667,45.0
WSM,Samoa,2020,59.5925,80.0,67.5333333333333,69.6125,40.8166666666667,40.0
WSM,Samoa,2021,64.42375,80.0,67.5333333333333,78.76875,40.8166666666667,55.0
WSM,Samoa,2022,64.0295833333333,80.0,63.0,69.15625,47.9916666666667,60.0
WSM,Samoa,2023,64.7845833333333,80.0,63.0,69.58125,51.3416666666667,60.0
WSM,Samoa,2024,62.8295833333333,80.0,63.7,69.80625,50.6416666666667,50.0
XKX,Kosovo,2004,,0.0,,,,
XKX,Kosovo,2005,,20.0,,,,
XKX,Kosovo,2006,,20.0,,,,
XKX,Kosovo,2007,,20.0,,,,
XKX,Kosovo,2008,,20.0,,,,
XKX,Kosovo,2009,,20.0,,,,
XKX,Kosovo,2010,,20.0,,,,
XKX,Kosovo,2011,,20.0,,,,
XKX,Kosovo,2012,,20.0,,,,
XKX,Kosovo,2013,,20.0,,,,
XKX,Kosovo,2014,,20.0,,,,
XKX,Kosovo,2015,,40.0,,,38.3666666666667,
XKX,Kosovo,2016,,40.0,,,44.7416666666667,
XKX,Kosovo,2017,,60.0,31.3666666666667,,40.4666666666667,55.0
XKX,Kosovo,2018,,60.0,66.0,,43.5416666666667,55.0
XKX,Kosovo,2019,,60.0,66.0,,45.2416666666667,60.0
XKX,Kosovo,2020,,60.0,67.9666666666667,,47.8166666666667,60.0
XKX,Kosovo,2021,,60.0,67.9666666666667,,56.15,75.0
XKX,Kosovo,2022,,60.0,66.5,,50.2583333333333,80.0
XKX,Kosovo,2023,,60.0,66.5,,50.2583333333333,85.0
XKX,Kosovo,2024,,60.0,70.2,,45.9083333333333,80.0
YEM,"Yemen, Rep.",2004,,20.0,,,,
YEM,"Yemen, Rep.",2005,,20.0,,54.4875,,
YEM,"Yemen, Rep.",2006,,20.0,,55.41875,,
YEM,"Yemen, Rep.",2007,,20.0,,56.58125,,
YEM,"Yemen, Rep.",2008,,20.0,,56.46875,,
YEM,"Yemen, Rep.",2009,,20.0,,56.81875,,
YEM,"Yemen, Rep.",2010,,40.0,,49.93125,,
YEM,"Yemen, Rep.",2011,,40.0,,52.7625,,
YEM,"Yemen, Rep.",2012,,40.0,,56.35625,,
YEM,"Yemen, Rep.",2013,,40.0,,59.60625,,
YEM,"Yemen, Rep.",2014,,50.0,,63.33125,,
YEM,"Yemen, Rep.",2015,,70.0,,51.90625,29.6583333333333,
YEM,"Yemen, Rep.",2016,39.09875,76.6,8.86666666666667,52.14375,27.8833333333333,30.0
YEM,"Yemen, Rep.",2017,43.6045833333333,90.0,25.5333333333333,51.25625,26.2333333333333,25.0
YEM,"Yemen, Rep.",2018,39.7233333333333,80.0,25.5333333333333,43.55,24.5333333333333,25.0
YEM,"Yemen, Rep.",2019,33.5945833333333,60.0,25.5333333333333,37.90625,24.5333333333333,20.0
YEM,"Yemen, Rep.",2020,29.0866666666667,26.6,27.5,47.725,23.6083333333333,20.0
YEM,"Yemen, Rep.",2021,28.3154166666667,16.6,27.5,55.56875,21.9083333333333,20.0
YEM,"Yemen, Rep.",2022,32.9179166666667,36.6,28.0,55.45625,24.5333333333333,20.0
YEM,"Yemen, Rep.",2023,37.6945833333333,46.6,28.0,68.50625,20.3666666666667,25.0
YEM,"Yemen, Rep.",2024,37.4358333333333,46.6,28.3,66.7625,20.5166666666667,25.0
ZAF,South Africa,2004,,20.0,,,,
ZAF,South Africa,2005,,20.0,,57.69375,,
ZAF,South Africa,2006,,20.0,,58.875,,
ZAF,South Africa,2007,,20.0,,59.01875,,
ZAF,South Africa,2008,,40.0,,60.45625,,
ZAF,South Africa,2009,,40.0,,59.36875,,
ZAF,South Africa,2010,,60.0,,58.23125,,
ZAF,South Africa,2011,,60.0,,59.29375,,
ZAF,South Africa,2012,,60.0,,59.55625,,
ZAF,South Africa,2013,,60.0,,60.2625,,
ZAF,South Africa,2014,,60.0,,59.88125,,
ZAF,South Africa,2015,,80.0,,73.9875,67.3916666666667,
ZAF,South Africa,2016,76.1520833333333,83.4,85.2,78.41875,68.7416666666667,65.0
ZAF,South Africa,2017,75.9354166666667,83.4,83.7666666666667,79.36875,68.1416666666667,65.0
ZAF,South Africa,2018,75.5795833333333,83.4,85.5,77.98125,66.0166666666667,65.0
ZAF,South Africa,2019,73.6383333333333,76.6,85.5,75.075,66.0166666666667,65.0
ZAF,South Africa,2020,75.4975,80.0,86.5333333333333,83.1875,62.7666666666667,65.0
ZAF,South Africa,2021,81.0429166666667,80.0,86.5333333333333,87.58125,71.1,80.0
ZAF,South Africa,2022,81.2425,80.0,86.2,80.8375,74.175,85.0
ZAF,South Africa,2023,81.7025,80.0,86.2,83.1375,74.175,85.0
ZAF,South Africa,2024,81.2879166666667,80.0,84.6333333333333,80.55625,71.25,90.0
ZMB,Zambia,2004,,40.0,,,,
ZMB,Zambia,2005,,40.0,,54.2375,,
ZMB,Zambia,2006,,40.0,,56.6125,,
ZMB,Zambia,2007,,40.0,,61.0625,,
ZMB,Zambia,2008,,40.0,,64.7875,,
ZMB,Zambia,2009,,40.0,,64.93125,,
ZMB,Zambia,2010,,40.0,,65.31875,,
ZMB,Zambia,2011,,50.0,,64.49375,,
ZMB,Zambia,2012,,40.0,,60.49375,,
ZMB,Zambia,2013,,40.0,,59.76875,,
ZMB,Zambia,2014,,50.0,,61.43125,,
ZMB,Zambia,2015,,80.0,,67.2125,41.775,
ZMB,Zambia,2016,56.2475,90.0,39.5,67.6875,44.05,40.0
ZMB,Zambia,2017,60.2804166666667,90.0,56.7333333333333,71.99375,42.675,40.0
ZMB,Zambia,2018,60.6825,90.0,57.8,72.9375,42.675,40.0
ZMB,Zambia,2019,60.1875,90.0,57.8,70.4625,42.675,40.0
ZMB,Zambia,2020,62.8283333333333,90.0,67.2666666666667,74.325,42.55,40.0
ZMB,Zambia,2021,62.2979166666667,80.0,67.2666666666667,86.70625,32.5166666666667,45.0
ZMB,Zambia,2022,62.2145833333333,90.0,61.1333333333333,77.60625,37.3333333333333,45.0
ZMB,Zambia,2023,63.5008333333333,90.0,61.1333333333333,79.0375,37.3333333333333,50.0
ZMB,Zambia,2024,64.1683333333333,90.0,62.5333333333333,76.025,42.2833333333333,50.0
ZWE,Zimbabwe,2004,,20.0,,,,
ZWE,Zimbabwe,2005,,20.0,,43.01875,,
ZWE,Zimbabwe,2006,,20.0,,47.06875,,
ZWE,Zimbabwe,2007,,20.0,,47.06875,,
ZWE,Zimbabwe,2008,,20.0,,46.9,,
ZWE,Zimbabwe,2009,,20.0,,47.5125,,
ZWE,Zimbabwe,2010,,20.0,,43.31875,,
ZWE,Zimbabwe,2011,,30.0,,47.94375,,
ZWE,Zimbabwe,2012,,40.0,,49.81875,,
ZWE,Zimbabwe,2013,,40.0,,49.48125,,
ZWE,Zimbabwe,2014,,30.0,,48.88125,,
ZWE,Zimbabwe,2015,,50.0,,52.53125,43.1166666666667,
ZWE,Zimbabwe,2016,41.3145833333333,70.0,7.5,50.98125,43.0916666666667,35.0
ZWE,Zimbabwe,2017,51.0058333333333,90.0,25.4,60.9125,43.7166666666667,35.0
ZWE,Zimbabwe,2018,58.18,80.0,59.9333333333333,61.175,44.7916666666667,45.0
ZWE,Zimbabwe,2019,64.3225,100.0,59.9333333333333,70.2375,46.4416666666667,45.0
ZWE,Zimbabwe,2020,67.9741666666667,100.0,66.6666666666667,75.5125,47.6916666666667,50.0
ZWE,Zimbabwe,2021,72.4641666666667,100.0,66.6666666666667,87.9625,47.6916666666667,60.0
ZWE,Zimbabwe,2022,70.27125,100.0,67.0333333333333,82.73125,41.5916666666667,60.0
ZWE,Zimbabwe,2023,70.4025,100.0,67.0333333333333,83.3875,41.5916666666667,60.0
ZWE,Zimbabwe,2024,66.8020833333333,100.0,66.6666666666667,67.54375,39.8,60.0
