country_id,country_name,year,ucdp_sb_conflict_exists,ucdp_sb_conflict_count,ucdp_sb_deaths_best,ucdp_sb_intrastate_exists,ucdp_sb_intrastate_deaths_best,ucdp_sb_interstate_exists,ucdp_sb_interstate_deaths_best,ucdp_ns_conflict_exists,ucdp_ns_conflict_count,ucdp_ns_deaths_best,ucdp_os_violence_exists,ucdp_os_deaths_best,ucdp_os_govt_killings_best,ucdp_total_orgvio_deaths_best
700,Afghanistan,1990,1,5,1478,1,1478,0,0,1,1,36,0,0,0,1514
700,Afghanistan,1991,1,4,3302,1,3302,0,0,1,2,251,0,0,0,3553
700,Afghanistan,1992,1,4,4287,1,4287,0,0,1,1,90,1,8,8,4385
700,Afghanistan,1993,1,4,4071,1,4071,0,0,1,1,8,1,26,26,4105
700,Afghanistan,1994,1,3,8937,1,8937,0,0,1,4,119,0,0,0,9056
700,Afghanistan,1995,1,5,5499,1,5499,0,0,1,4,115,1,4,4,5618
700,Afghanistan,1996,1,3,3177,1,3177,0,0,1,6,371,1,47,5,3595
700,Afghanistan,1997,1,1,6396,1,6396,0,0,1,1,2,1,323,323,6721
700,Afghanistan,1998,1,1,6256,1,6256,0,0,1,2,109,1,5809,5801,12174
700,Afghanistan,1999,1,1,4629,1,4629,0,0,0,0,0,1,436,436,5065
700,Afghanistan,2000,1,1,5235,1,5235,0,0,1,1,3,1,156,152,5394
700,Afghanistan,2001,1,3,5055,1,3658,1,1397,0,0,0,1,498,298,5553
700,Afghanistan,2002,1,3,900,1,900,0,0,1,2,246,1,11,11,1157
700,Afghanistan,2003,1,3,687,1,687,0,0,1,4,243,1,14,0,944
700,Afghanistan,2004,1,2,715,1,715,0,0,1,2,49,1,53,0,817
700,Afghanistan,2005,1,2,1595,1,1595,0,0,0,0,0,1,116,2,1711
700,Afghanistan,2006,1,3,4750,1,4750,0,0,1,1,36,1,196,0,4982
700,Afghanistan,2007,1,3,6923,1,6911,1,12,1,1,1,1,113,0,7037
700,Afghanistan,2008,1,4,5553,1,5552,1,1,0,0,0,1,108,0,5661
700,Afghanistan,2009,1,3,6341,1,6341,0,0,0,0,0,1,158,4,6499
700,Afghanistan,2010,1,3,6864,1,6864,0,0,1,1,99,1,188,3,7151
700,Afghanistan,2011,1,4,7403,1,7403,0,0,1,1,25,1,135,0,7563
700,Afghanistan,2012,1,3,7690,1,7690,0,0,1,1,10,1,83,0,7783
700,Afghanistan,2013,1,3,8056,1,8056,0,0,1,1,10,1,65,1,8131
700,Afghanistan,2014,1,3,12294,1,12294,0,0,1,1,13,1,242,2,12549
700,Afghanistan,2015,1,5,17304,1,17303,1,1,1,5,534,1,180,6,18018
700,Afghanistan,2016,1,7,17993,1,17987,1,6,1,3,676,1,356,15,19025
700,Afghanistan,2017,1,6,19022,1,19014,1,8,1,5,419,1,343,8,19784
700,Afghanistan,2018,1,5,25702,1,25696,1,6,1,2,631,1,562,20,26895
700,Afghanistan,2019,1,3,29940,1,29940,0,0,1,2,113,1,382,31,30435
700,Afghanistan,2020,1,4,20489,1,20489,0,0,1,1,0,1,345,7,20834
700,Afghanistan,2021,1,5,35787,1,35787,0,0,1,2,11,1,588,87,36386
700,Afghanistan,2022,1,8,932,1,926,1,6,0,0,0,1,642,189,1574
700,Afghanistan,2023,1,6,252,1,237,1,15,0,0,0,1,108,43,360
700,Afghanistan,2024,1,6,263,1,210,1,53,0,0,0,1,90,37,353
339,Albania,1990,0,0,0,0,0,0,0,0,0,0,0,0,0,0
339,Albania,1991,0,0,0,0,0,0,0,0,0,0,0,0,0,0
339,Albania,1992,0,0,0,0,0,0,0,0,0,0,0,0,0,0
339,Albania,1993,0,0,0,0,0,0,0,0,0,0,0,0,0,0
339,Albania,1994,0,0,0,0,0,0,0,0,0,0,0,0,0,0
339,Albania,1995,0,0,0,0,0,0,0,0,0,0,0,0,0,0
339,Albania,1996,0,0,0,0,0,0,0,0,0,0,0,0,0,0
339,Albania,1997,0,0,0,0,0,0,0,0,0,0,0,0,0,0
339,Albania,1998,0,0,0,0,0,0,0,0,0,0,0,0,0,0
339,Albania,1999,1,1,26,1,26,0,0,0,0,0,0,0,0,26
339,Albania,2000,0,0,0,0,0,0,0,0,0,0,0,0,0,0
339,Albania,2001,0,0,0,0,0,0,0,0,0,0,0,0,0,0
339,Albania,2002,0,0,0,0,0,0,0,0,0,0,0,0,0,0
339,Albania,2003,0,0,0,0,0,0,0,0,0,0,0,0,0,0
339,Albania,2004,0,0,0,0,0,0,0,0,0,0,0,0,0,0
339,Albania,2005,0,0,0,0,0,0,0,0,0,0,0,0,0,0
339,Albania,2006,0,0,0,0,0,0,0,0,0,0,0,0,0,0
339,Albania,2007,0,0,0,0,0,0,0,0,0,0,0,0,0,0
339,Albania,2008,0,0,0,0,0,0,0,0,0,0,0,0,0,0
339,Albania,2009,0,0,0,0,0,0,0,0,0,0,0,0,0,0
339,Albania,2010,0,0,0,0,0,0,0,0,0,0,0,0,0,0
339,Albania,2011,0,0,0,0,0,0,0,0,0,0,0,0,0,0
339,Albania,2012,0,0,0,0,0,0,0,0,0,0,0,0,0,0
339,Albania,2013,0,0,0,0,0,0,0,0,0,0,0,0,0,0
339,Albania,2014,0,0,0,0,0,0,0,0,0,0,0,0,0,0
339,Albania,2015,0,0,0,0,0,0,0,0,0,0,0,0,0,0
339,Albania,2016,0,0,0,0,0,0,0,0,0,0,0,0,0,0
339,Albania,2017,0,0,0,0,0,0,0,0,0,0,0,0,0,0
339,Albania,2018,0,0,0,0,0,0,0,0,0,0,0,0,0,0
339,Albania,2019,0,0,0,0,0,0,0,0,0,0,0,0,0,0
339,Albania,2020,0,0,0,0,0,0,0,0,0,0,0,0,0,0
339,Albania,2021,0,0,0,0,0,0,0,0,0,0,0,0,0,0
339,Albania,2022,0,0,0,0,0,0,0,0,0,0,0,0,0,0
339,Albania,2023,0,0,0,0,0,0,0,0,0,0,0,0,0,0
339,Albania,2024,0,0,0,0,0,0,0,0,0,0,0,0,0,0
615,Algeria,1990,1,1,1,1,1,0,0,0,0,0,0,0,0,1
615,Algeria,1991,1,1,34,1,34,0,0,0,0,0,0,0,0,34
615,Algeria,1992,1,3,274,1,274,0,0,0,0,0,0,0,0,274
615,Algeria,1993,1,2,800,1,800,0,0,0,0,0,1,26,0,826
615,Algeria,1994,1,2,1916,1,1916,0,0,1,1,15,1,12,0,1943
615,Algeria,1995,1,2,3008,1,3008,0,0,1,1,51,0,0,0,3059
615,Algeria,1996,1,2,1084,1,1084,0,0,0,0,0,1,7,0,1091
615,Algeria,1997,1,2,1403,1,1403,0,0,1,1,250,1,355,0,2008
615,Algeria,1998,1,2,3032,1,3032,0,0,1,3,143,1,109,0,3284
615,Algeria,1999,1,3,1040,1,1040,0,0,1,1,3,1,125,0,1168
615,Algeria,2000,1,2,947,1,947,0,0,0,0,0,1,246,0,1193
615,Algeria,2001,1,2,642,1,642,0,0,0,0,0,1,32,0,674
615,Algeria,2002,1,2,539,1,539,0,0,0,0,0,1,519,0,1058
615,Algeria,2003,1,2,670,1,670,0,0,0,0,0,1,44,0,714
615,Algeria,2004,1,2,410,1,410,0,0,0,0,0,1,90,0,500
615,Algeria,2005,1,1,217,1,217,0,0,0,0,0,1,15,0,232
615,Algeria,2006,1,1,255,1,255,0,0,0,0,0,1,37,0,292
615,Algeria,2007,1,1,472,1,472,0,0,0,0,0,1,23,0,495
615,Algeria,2008,1,1,339,1,339,0,0,0,0,0,1,6,0,345
615,Algeria,2009,1,1,505,1,505,0,0,0,0,0,1,36,0,541
615,Algeria,2010,1,1,236,1,236,0,0,0,0,0,1,16,0,252
615,Algeria,2011,1,1,267,1,267,0,0,0,0,0,1,9,0,276
615,Algeria,2012,1,2,256,1,256,0,0,0,0,0,1,8,0,264
615,Algeria,2013,1,2,169,1,169,0,0,1,1,27,1,26,0,222
615,Algeria,2014,1,2,111,1,111,0,0,0,0,0,0,0,0,111
615,Algeria,2015,1,2,110,1,110,0,0,0,0,0,0,0,0,110
615,Algeria,2016,1,2,89,1,89,0,0,0,0,0,0,0,0,89
615,Algeria,2017,1,2,77,1,77,0,0,0,0,0,0,0,0,77
615,Algeria,2018,1,1,33,1,33,0,0,0,0,0,1,2,0,35
615,Algeria,2019,1,2,14,1,14,0,0,0,0,0,1,1,0,15
615,Algeria,2020,1,2,28,1,28,0,0,0,0,0,0,0,0,28
615,Algeria,2021,1,1,18,1,18,0,0,0,0,0,0,0,0,18
615,Algeria,2022,1,1,14,1,14,0,0,0,0,0,0,0,0,14
615,Algeria,2023,1,1,1,1,1,0,0,0,0,0,0,0,0,1
615,Algeria,2024,1,1,3,1,3,0,0,0,0,0,0,0,0,3
232,Andorra,1990,0,0,0,0,0,0,0,0,0,0,0,0,0,0
232,Andorra,1991,0,0,0,0,0,0,0,0,0,0,0,0,0,0
232,Andorra,1992,0,0,0,0,0,0,0,0,0,0,0,0,0,0
232,Andorra,1993,0,0,0,0,0,0,0,0,0,0,0,0,0,0
232,Andorra,1994,0,0,0,0,0,0,0,0,0,0,0,0,0,0
232,Andorra,1995,0,0,0,0,0,0,0,0,0,0,0,0,0,0
232,Andorra,1996,0,0,0,0,0,0,0,0,0,0,0,0,0,0
232,Andorra,1997,0,0,0,0,0,0,0,0,0,0,0,0,0,0
232,Andorra,1998,0,0,0,0,0,0,0,0,0,0,0,0,0,0
232,Andorra,1999,0,0,0,0,0,0,0,0,0,0,0,0,0,0
232,Andorra,2000,0,0,0,0,0,0,0,0,0,0,0,0,0,0
232,Andorra,2001,0,0,0,0,0,0,0,0,0,0,0,0,0,0
232,Andorra,2002,0,0,0,0,0,0,0,0,0,0,0,0,0,0
232,Andorra,2003,0,0,0,0,0,0,0,0,0,0,0,0,0,0
232,Andorra,2004,0,0,0,0,0,0,0,0,0,0,0,0,0,0
232,Andorra,2005,0,0,0,0,0,0,0,0,0,0,0,0,0,0
232,Andorra,2006,0,0,0,0,0,0,0,0,0,0,0,0,0,0
232,Andorra,2007,0,0,0,0,0,0,0,0,0,0,0,0,0,0
232,Andorra,2008,0,0,0,0,0,0,0,0,0,0,0,0,0,0
232,Andorra,2009,0,0,0,0,0,0,0,0,0,0,0,0,0,0
232,Andorra,2010,0,0,0,0,0,0,0,0,0,0,0,0,0,0
232,Andorra,2011,0,0,0,0,0,0,0,0,0,0,0,0,0,0
232,Andorra,2012,0,0,0,0,0,0,0,0,0,0,0,0,0,0
232,Andorra,2013,0,0,0,0,0,0,0,0,0,0,0,0,0,0
232,Andorra,2014,0,0,0,0,0,0,0,0,0,0,0,0,0,0
232,Andorra,2015,0,0,0,0,0,0,0,0,0,0,0,0,0,0
232,Andorra,2016,0,0,0,0,0,0,0,0,0,0,0,0,0,0
232,Andorra,2017,0,0,0,0,0,0,0,0,0,0,0,0,0,0
232,Andorra,2018,0,0,0,0,0,0,0,0,0,0,0,0,0,0
232,Andorra,2019,0,0,0,0,0,0,0,0,0,0,0,0,0,0
232,Andorra,2020,0,0,0,0,0,0,0,0,0,0,0,0,0,0
232,Andorra,2021,0,0,0,0,0,0,0,0,0,0,0,0,0,0
232,Andorra,2022,0,0,0,0,0,0,0,0,0,0,0,0,0,0
232,Andorra,2023,0,0,0,0,0,0,0,0,0,0,0,0,0,0
232,Andorra,2024,0,0,0,0,0,0,0,0,0,0,0,0,0,0
540,Angola,1990,1,1,2558,1,2558,0,0,0,0,0,1,51,0,2609
540,Angola,1991,1,2,516,1,516,0,0,0,0,0,0,0,0,516
540,Angola,1992,1,3,2346,1,2346,0,0,0,0,0,1,6,3,2352
540,Angola,1993,1,1,12054,1,12054,0,0,0,0,0,1,344,1,12398
540,Angola,1994,1,3,3974,1,3974,0,0,0,0,0,1,35,0,4009
540,Angola,1995,1,3,191,1,191,0,0,0,0,0,1,47,0,238
540,Angola,1996,1,2,31,1,31,0,0,0,0,0,1,1,1,32
540,Angola,1997,1,3,51,1,51,0,0,0,0,0,1,54,37,105
540,Angola,1998,1,3,1087,1,1087,0,0,0,0,0,1,104,41,1191
540,Angola,1999,1,2,2272,1,2272,0,0,0,0,0,1,394,1,2666
540,Angola,2000,1,2,951,1,951,0,0,0,0,0,1,258,1,1209
540,Angola,2001,1,3,1125,1,1125,0,0,0,0,0,1,1033,0,2158
540,Angola,2002,1,3,521,1,521,0,0,0,0,0,1,58,12,579
540,Angola,2003,1,1,25,1,25,0,0,0,0,0,1,59,59,84
540,Angola,2004,1,2,25,1,25,0,0,0,0,0,1,13,13,38
540,Angola,2005,1,1,8,1,8,0,0,0,0,0,1,7,7,15
540,Angola,2006,1,1,3,1,3,0,0,0,0,0,1,0,0,3
540,Angola,2007,1,1,25,1,25,0,0,0,0,0,1,1,1,26
540,Angola,2008,1,1,4,1,4,0,0,0,0,0,0,0,0,4
540,Angola,2009,1,1,25,1,25,0,0,0,0,0,0,0,0,25
540,Angola,2010,1,2,7,1,7,0,0,0,0,0,1,3,3,10
540,Angola,2011,1,2,1,1,1,0,0,0,0,0,0,0,0,1
540,Angola,2012,0,0,0,0,0,0,0,0,0,0,0,0,0,0
540,Angola,2013,1,1,2,1,2,0,0,0,0,0,0,0,0,2
540,Angola,2014,1,1,0,1,0,0,0,0,0,0,0,0,0,0
540,Angola,2015,1,2,1,1,1,0,0,0,0,0,0,0,0,1
540,Angola,2016,1,1,25,1,25,0,0,0,0,0,1,1,1,26
540,Angola,2017,1,1,25,1,25,0,0,0,0,0,1,1,1,26
540,Angola,2018,1,1,1,1,1,0,0,0,0,0,1,23,23,24
540,Angola,2019,1,2,25,1,25,0,0,0,0,0,1,1,1,26
540,Angola,2020,1,2,21,1,21,0,0,0,0,0,1,8,8,29
540,Angola,2021,0,0,0,0,0,0,0,0,0,0,1,13,13,13
540,Angola,2022,1,2,20,1,20,0,0,0,0,0,1,1,1,21
540,Angola,2023,1,1,0,1,0,0,0,0,0,0,0,0,0,0
540,Angola,2024,1,1,25,1,25,0,0,0,0,0,1,0,0,25
58,Antigua & Barbuda,1990,0,0,0,0,0,0,0,0,0,0,0,0,0,0
58,Antigua & Barbuda,1991,0,0,0,0,0,0,0,0,0,0,0,0,0,0
58,Antigua & Barbuda,1992,0,0,0,0,0,0,0,0,0,0,0,0,0,0
58,Antigua & Barbuda,1993,0,0,0,0,0,0,0,0,0,0,0,0,0,0
58,Antigua & Barbuda,1994,0,0,0,0,0,0,0,0,0,0,0,0,0,0
58,Antigua & Barbuda,1995,0,0,0,0,0,0,0,0,0,0,0,0,0,0
58,Antigua & Barbuda,1996,0,0,0,0,0,0,0,0,0,0,0,0,0,0
58,Antigua & Barbuda,1997,0,0,0,0,0,0,0,0,0,0,0,0,0,0
58,Antigua & Barbuda,1998,0,0,0,0,0,0,0,0,0,0,0,0,0,0
58,Antigua & Barbuda,1999,0,0,0,0,0,0,0,0,0,0,0,0,0,0
58,Antigua & Barbuda,2000,0,0,0,0,0,0,0,0,0,0,0,0,0,0
58,Antigua & Barbuda,2001,0,0,0,0,0,0,0,0,0,0,0,0,0,0
58,Antigua & Barbuda,2002,0,0,0,0,0,0,0,0,0,0,0,0,0,0
58,Antigua & Barbuda,2003,0,0,0,0,0,0,0,0,0,0,0,0,0,0
58,Antigua & Barbuda,2004,0,0,0,0,0,0,0,0,0,0,0,0,0,0
58,Antigua & Barbuda,2005,0,0,0,0,0,0,0,0,0,0,0,0,0,0
58,Antigua & Barbuda,2006,0,0,0,0,0,0,0,0,0,0,0,0,0,0
58,Antigua & Barbuda,2007,0,0,0,0,0,0,0,0,0,0,0,0,0,0
58,Antigua & Barbuda,2008,0,0,0,0,0,0,0,0,0,0,0,0,0,0
58,Antigua & Barbuda,2009,0,0,0,0,0,0,0,0,0,0,0,0,0,0
58,Antigua & Barbuda,2010,0,0,0,0,0,0,0,0,0,0,0,0,0,0
58,Antigua & Barbuda,2011,0,0,0,0,0,0,0,0,0,0,0,0,0,0
58,Antigua & Barbuda,2012,0,0,0,0,0,0,0,0,0,0,0,0,0,0
58,Antigua & Barbuda,2013,0,0,0,0,0,0,0,0,0,0,0,0,0,0
58,Antigua & Barbuda,2014,0,0,0,0,0,0,0,0,0,0,0,0,0,0
58,Antigua & Barbuda,2015,0,0,0,0,0,0,0,0,0,0,0,0,0,0
58,Antigua & Barbuda,2016,0,0,0,0,0,0,0,0,0,0,0,0,0,0
58,Antigua & Barbuda,2017,0,0,0,0,0,0,0,0,0,0,0,0,0,0
58,Antigua & Barbuda,2018,0,0,0,0,0,0,0,0,0,0,0,0,0,0
58,Antigua & Barbuda,2019,0,0,0,0,0,0,0,0,0,0,0,0,0,0
58,Antigua & Barbuda,2020,0,0,0,0,0,0,0,0,0,0,0,0,0,0
58,Antigua & Barbuda,2021,0,0,0,0,0,0,0,0,0,0,0,0,0,0
58,Antigua & Barbuda,2022,0,0,0,0,0,0,0,0,0,0,0,0,0,0
58,Antigua & Barbuda,2023,0,0,0,0,0,0,0,0,0,0,0,0,0,0
58,Antigua & Barbuda,2024,0,0,0,0,0,0,0,0,0,0,0,0,0,0
160,Argentina,1990,0,0,0,0,0,0,0,0,0,0,0,0,0,0
160,Argentina,1991,0,0,0,0,0,0,0,0,0,0,0,0,0,0
160,Argentina,1992,1,1,0,1,0,0,0,0,0,0,0,0,0,0
160,Argentina,1993,0,0,0,0,0,0,0,0,0,0,0,0,0,0
160,Argentina,1994,0,0,0,0,0,0,0,0,0,0,1,86,0,86
160,Argentina,1995,0,0,0,0,0,0,0,0,0,0,0,0,0,0
160,Argentina,1996,0,0,0,0,0,0,0,0,0,0,0,0,0,0
160,Argentina,1997,0,0,0,0,0,0,0,0,0,0,0,0,0,0
160,Argentina,1998,0,0,0,0,0,0,0,0,0,0,0,0,0,0
160,Argentina,1999,0,0,0,0,0,0,0,0,0,0,0,0,0,0
160,Argentina,2000,0,0,0,0,0,0,0,0,0,0,0,0,0,0
160,Argentina,2001,0,0,0,0,0,0,0,0,0,0,0,0,0,0
160,Argentina,2002,0,0,0,0,0,0,0,0,0,0,0,0,0,0
160,Argentina,2003,0,0,0,0,0,0,0,0,0,0,0,0,0,0
160,Argentina,2004,0,0,0,0,0,0,0,0,0,0,0,0,0,0
160,Argentina,2005,0,0,0,0,0,0,0,0,0,0,0,0,0,0
160,Argentina,2006,0,0,0,0,0,0,0,0,0,0,0,0,0,0
160,Argentina,2007,0,0,0,0,0,0,0,0,0,0,0,0,0,0
160,Argentina,2008,0,0,0,0,0,0,0,0,0,0,0,0,0,0
160,Argentina,2009,0,0,0,0,0,0,0,0,0,0,0,0,0,0
160,Argentina,2010,0,0,0,0,0,0,0,0,0,0,0,0,0,0
160,Argentina,2011,0,0,0,0,0,0,0,0,0,0,0,0,0,0
160,Argentina,2012,0,0,0,0,0,0,0,0,0,0,0,0,0,0
160,Argentina,2013,0,0,0,0,0,0,0,0,0,0,0,0,0,0
160,Argentina,2014,0,0,0,0,0,0,0,0,0,0,0,0,0,0
160,Argentina,2015,0,0,0,0,0,0,0,0,0,0,0,0,0,0
160,Argentina,2016,0,0,0,0,0,0,0,0,0,0,0,0,0,0
160,Argentina,2017,0,0,0,0,0,0,0,0,0,0,0,0,0,0
160,Argentina,2018,0,0,0,0,0,0,0,0,0,0,0,0,0,0
160,Argentina,2019,0,0,0,0,0,0,0,0,0,0,0,0,0,0
160,Argentina,2020,0,0,0,0,0,0,0,0,0,0,0,0,0,0
160,Argentina,2021,0,0,0,0,0,0,0,0,0,0,0,0,0,0
160,Argentina,2022,0,0,0,0,0,0,0,0,0,0,0,0,0,0
160,Argentina,2023,0,0,0,0,0,0,0,0,0,0,0,0,0,0
160,Argentina,2024,0,0,0,0,0,0,0,0,0,0,0,0,0,0
371,Armenia,1991,0,0,0,0,0,0,0,0,0,0,0,0,0,0
371,Armenia,1992,1,1,85,1,85,0,0,0,0,0,0,0,0,85
371,Armenia,1993,1,1,37,1,37,0,0,0,0,0,0,0,0,37
371,Armenia,1994,1,1,30,1,30,0,0,0,0,0,0,0,0,30
371,Armenia,1995,1,1,7,1,7,0,0,0,0,0,0,0,0,7
371,Armenia,1996,0,0,0,0,0,0,0,0,0,0,0,0,0,0
371,Armenia,1997,0,0,0,0,0,0,0,0,0,0,0,0,0,0
371,Armenia,1998,0,0,0,0,0,0,0,0,0,0,0,0,0,0
371,Armenia,1999,0,0,0,0,0,0,0,0,0,0,0,0,0,0
371,Armenia,2000,0,0,0,0,0,0,0,0,0,0,0,0,0,0
371,Armenia,2001,0,0,0,0,0,0,0,0,0,0,0,0,0,0
371,Armenia,2002,0,0,0,0,0,0,0,0,0,0,0,0,0,0
371,Armenia,2003,0,0,0,0,0,0,0,0,0,0,0,0,0,0
371,Armenia,2004,0,0,0,0,0,0,0,0,0,0,0,0,0,0
371,Armenia,2005,1,1,1,1,1,0,0,0,0,0,0,0,0,1
371,Armenia,2006,1,1,2,1,2,0,0,0,0,0,0,0,0,2
371,Armenia,2007,0,0,0,0,0,0,0,0,0,0,0,0,0,0
371,Armenia,2008,0,0,0,0,0,0,0,0,0,0,0,0,0,0
371,Armenia,2009,0,0,0,0,0,0,0,0,0,0,0,0,0,0
371,Armenia,2010,0,0,0,0,0,0,0,0,0,0,0,0,0,0
371,Armenia,2011,0,0,0,0,0,0,0,0,0,0,0,0,0,0
371,Armenia,2012,1,1,9,1,9,0,0,0,0,0,0,0,0,9
371,Armenia,2013,1,1,1,1,1,0,0,0,0,0,0,0,0,1
371,Armenia,2014,0,0,0,0,0,0,0,0,0,0,0,0,0,0
371,Armenia,2015,1,1,9,1,9,0,0,0,0,0,1,7,7,16
371,Armenia,2016,1,1,4,1,4,0,0,0,0,0,0,0,0,4
371,Armenia,2017,0,0,0,0,0,0,0,0,0,0,0,0,0,0
371,Armenia,2018,1,1,1,1,1,0,0,0,0,0,0,0,0,1
371,Armenia,2019,1,1,2,1,2,0,0,0,0,0,0,0,0,2
371,Armenia,2020,1,1,10,1,10,0,0,0,0,0,0,0,0,10
371,Armenia,2021,1,1,10,1,10,0,0,0,0,0,0,0,0,10
371,Armenia,2022,1,1,154,1,154,0,0,0,0,0,0,0,0,154
371,Armenia,2023,1,1,20,1,20,0,0,0,0,0,0,0,0,20
371,Armenia,2024,0,0,0,0,0,0,0,0,0,0,0,0,0,0
900,Australia,1990,0,0,0,0,0,0,0,0,0,0,0,0,0,0
900,Australia,1991,0,0,0,0,0,0,0,0,0,0,0,0,0,0
900,Australia,1992,0,0,0,0,0,0,0,0,0,0,0,0,0,0
900,Australia,1993,0,0,0,0,0,0,0,0,0,0,0,0,0,0
900,Australia,1994,0,0,0,0,0,0,0,0,0,0,0,0,0,0
900,Australia,1995,0,0,0,0,0,0,0,0,0,0,0,0,0,0
900,Australia,1996,0,0,0,0,0,0,0,0,0,0,0,0,0,0
900,Australia,1997,0,0,0,0,0,0,0,0,0,0,0,0,0,0
900,Australia,1998,0,0,0,0,0,0,0,0,0,0,0,0,0,0
900,Australia,1999,0,0,0,0,0,0,0,0,0,0,0,0,0,0
900,Australia,2000,0,0,0,0,0,0,0,0,0,0,0,0,0,0
900,Australia,2001,0,0,0,0,0,0,0,0,0,0,0,0,0,0
900,Australia,2002,0,0,0,0,0,0,0,0,0,0,0,0,0,0
900,Australia,2003,0,0,0,0,0,0,0,0,0,0,0,0,0,0
900,Australia,2004,0,0,0,0,0,0,0,0,0,0,0,0,0,0
900,Australia,2005,0,0,0,0,0,0,0,0,0,0,0,0,0,0
900,Australia,2006,0,0,0,0,0,0,0,0,0,0,0,0,0,0
900,Australia,2007,0,0,0,0,0,0,0,0,0,0,0,0,0,0
900,Australia,2008,0,0,0,0,0,0,0,0,0,0,0,0,0,0
900,Australia,2009,0,0,0,0,0,0,0,0,0,0,0,0,0,0
900,Australia,2010,0,0,0,0,0,0,0,0,0,0,0,0,0,0
900,Australia,2011,0,0,0,0,0,0,0,0,0,0,0,0,0,0
900,Australia,2012,0,0,0,0,0,0,0,0,0,0,0,0,0,0
900,Australia,2013,0,0,0,0,0,0,0,0,0,0,0,0,0,0
900,Australia,2014,0,0,0,0,0,0,0,0,0,0,0,0,0,0
900,Australia,2015,0,0,0,0,0,0,0,0,0,0,0,0,0,0
900,Australia,2016,0,0,0,0,0,0,0,0,0,0,0,0,0,0
900,Australia,2017,0,0,0,0,0,0,0,0,0,0,0,0,0,0
900,Australia,2018,1,1,1,1,1,0,0,0,0,0,1,1,0,2
900,Australia,2019,0,0,0,0,0,0,0,0,0,0,0,0,0,0
900,Australia,2020,0,0,0,0,0,0,0,0,0,0,0,0,0,0
900,Australia,2021,0,0,0,0,0,0,0,0,0,0,0,0,0,0
900,Australia,2022,0,0,0,0,0,0,0,0,0,0,0,0,0,0
900,Australia,2023,0,0,0,0,0,0,0,0,0,0,0,0,0,0
900,Australia,2024,0,0,0,0,0,0,0,0,0,0,0,0,0,0
305,Austria,1990,0,0,0,0,0,0,0,0,0,0,0,0,0,0
305,Austria,1991,0,0,0,0,0,0,0,0,0,0,0,0,0,0
305,Austria,1992,0,0,0,0,0,0,0,0,0,0,0,0,0,0
305,Austria,1993,0,0,0,0,0,0,0,0,0,0,0,0,0,0
305,Austria,1994,0,0,0,0,0,0,0,0,0,0,0,0,0,0
305,Austria,1995,0,0,0,0,0,0,0,0,0,0,0,0,0,0
305,Austria,1996,0,0,0,0,0,0,0,0,0,0,0,0,0,0
305,Austria,1997,0,0,0,0,0,0,0,0,0,0,0,0,0,0
305,Austria,1998,0,0,0,0,0,0,0,0,0,0,0,0,0,0
305,Austria,1999,0,0,0,0,0,0,0,0,0,0,0,0,0,0
305,Austria,2000,0,0,0,0,0,0,0,0,0,0,0,0,0,0
305,Austria,2001,0,0,0,0,0,0,0,0,0,0,0,0,0,0
305,Austria,2002,0,0,0,0,0,0,0,0,0,0,0,0,0,0
305,Austria,2003,0,0,0,0,0,0,0,0,0,0,0,0,0,0
305,Austria,2004,0,0,0,0,0,0,0,0,0,0,0,0,0,0
305,Austria,2005,0,0,0,0,0,0,0,0,0,0,0,0,0,0
305,Austria,2006,0,0,0,0,0,0,0,0,0,0,0,0,0,0
305,Austria,2007,0,0,0,0,0,0,0,0,0,0,0,0,0,0
305,Austria,2008,0,0,0,0,0,0,0,0,0,0,0,0,0,0
305,Austria,2009,0,0,0,0,0,0,0,0,0,0,0,0,0,0
305,Austria,2010,0,0,0,0,0,0,0,0,0,0,0,0,0,0
305,Austria,2011,0,0,0,0,0,0,0,0,0,0,0,0,0,0
305,Austria,2012,0,0,0,0,0,0,0,0,0,0,0,0,0,0
305,Austria,2013,0,0,0,0,0,0,0,0,0,0,0,0,0,0
305,Austria,2014,0,0,0,0,0,0,0,0,0,0,0,0,0,0
305,Austria,2015,0,0,0,0,0,0,0,0,0,0,0,0,0,0
305,Austria,2016,0,0,0,0,0,0,0,0,0,0,0,0,0,0
305,Austria,2017,0,0,0,0,0,0,0,0,0,0,0,0,0,0
305,Austria,2018,0,0,0,0,0,0,0,0,0,0,0,0,0,0
305,Austria,2019,0,0,0,0,0,0,0,0,0,0,0,0,0,0
305,Austria,2020,0,0,0,0,0,0,0,0,0,0,1,4,0,4
305,Austria,2021,0,0,0,0,0,0,0,0,0,0,0,0,0,0
305,Austria,2022,0,0,0,0,0,0,0,0,0,0,0,0,0,0
305,Austria,2023,0,0,0,0,0,0,0,0,0,0,0,0,0,0
305,Austria,2024,0,0,0,0,0,0,0,0,0,0,0,0,0,0
373,Azerbaijan,1991,1,1,35,1,35,0,0,0,0,0,0,0,0,35
373,Azerbaijan,1992,1,1,2082,1,2082,0,0,0,0,0,1,774,0,2856
373,Azerbaijan,1993,1,2,1194,1,1194,0,0,0,0,0,0,0,0,1194
373,Azerbaijan,1994,1,3,1489,1,1489,0,0,0,0,0,0,0,0,1489
373,Azerbaijan,1995,1,2,55,1,55,0,0,0,0,0,0,0,0,55
373,Azerbaijan,1996,1,1,5,1,5,0,0,0,0,0,0,0,0,5
373,Azerbaijan,1997,1,1,29,1,29,0,0,0,0,0,0,0,0,29
373,Azerbaijan,1998,1,1,34,1,34,0,0,0,0,0,0,0,0,34
373,Azerbaijan,1999,1,1,18,1,18,0,0,0,0,0,0,0,0,18
373,Azerbaijan,2000,1,1,13,1,13,0,0,0,0,0,0,0,0,13
373,Azerbaijan,2001,1,1,6,1,6,0,0,0,0,0,0,0,0,6
373,Azerbaijan,2002,0,0,0,0,0,0,0,0,0,0,0,0,0,0
373,Azerbaijan,2003,0,0,0,0,0,0,0,0,0,0,0,0,0,0
373,Azerbaijan,2004,1,1,8,1,8,0,0,0,0,0,0,0,0,8
373,Azerbaijan,2005,1,1,24,1,24,0,0,0,0,0,0,0,0,24
373,Azerbaijan,2006,1,1,5,1,5,0,0,0,0,0,0,0,0,5
373,Azerbaijan,2007,1,1,12,1,12,0,0,0,0,0,0,0,0,12
373,Azerbaijan,2008,1,1,30,1,30,0,0,0,0,0,0,0,0,30
373,Azerbaijan,2009,1,1,7,1,7,0,0,0,0,0,0,0,0,7
373,Azerbaijan,2010,1,1,20,1,20,0,0,0,0,0,0,0,0,20
373,Azerbaijan,2011,1,1,21,1,21,0,0,0,0,0,0,0,0,21
373,Azerbaijan,2012,1,1,16,1,16,0,0,0,0,0,0,0,0,16
373,Azerbaijan,2013,1,1,11,1,11,0,0,0,0,0,0,0,0,11
373,Azerbaijan,2014,1,1,46,1,46,0,0,0,0,0,0,0,0,46
373,Azerbaijan,2015,1,1,63,1,63,0,0,0,0,0,0,0,0,63
373,Azerbaijan,2016,1,1,137,1,137,0,0,0,0,0,0,0,0,137
373,Azerbaijan,2017,1,1,36,1,36,0,0,0,0,0,0,0,0,36
373,Azerbaijan,2018,1,1,16,1,16,0,0,0,0,0,0,0,0,16
373,Azerbaijan,2019,1,1,9,1,9,0,0,0,0,0,0,0,0,9
373,Azerbaijan,2020,1,1,7636,1,7636,0,0,0,0,0,0,0,0,7636
373,Azerbaijan,2021,1,1,30,1,30,0,0,0,0,0,0,0,0,30
373,Azerbaijan,2022,1,1,154,1,154,0,0,0,0,0,0,0,0,154
373,Azerbaijan,2023,1,1,442,1,442,0,0,0,0,0,0,0,0,442
373,Azerbaijan,2024,0,0,0,0,0,0,0,0,0,0,0,0,0,0
31,Bahamas,1990,0,0,0,0,0,0,0,0,0,0,0,0,0,0
31,Bahamas,1991,0,0,0,0,0,0,0,0,0,0,0,0,0,0
31,Bahamas,1992,0,0,0,0,0,0,0,0,0,0,0,0,0,0
31,Bahamas,1993,0,0,0,0,0,0,0,0,0,0,0,0,0,0
31,Bahamas,1994,0,0,0,0,0,0,0,0,0,0,0,0,0,0
31,Bahamas,1995,0,0,0,0,0,0,0,0,0,0,0,0,0,0
31,Bahamas,1996,0,0,0,0,0,0,0,0,0,0,0,0,0,0
31,Bahamas,1997,0,0,0,0,0,0,0,0,0,0,0,0,0,0
31,Bahamas,1998,0,0,0,0,0,0,0,0,0,0,0,0,0,0
31,Bahamas,1999,0,0,0,0,0,0,0,0,0,0,0,0,0,0
31,Bahamas,2000,0,0,0,0,0,0,0,0,0,0,0,0,0,0
31,Bahamas,2001,0,0,0,0,0,0,0,0,0,0,0,0,0,0
31,Bahamas,2002,0,0,0,0,0,0,0,0,0,0,0,0,0,0
31,Bahamas,2003,0,0,0,0,0,0,0,0,0,0,0,0,0,0
31,Bahamas,2004,0,0,0,0,0,0,0,0,0,0,0,0,0,0
31,Bahamas,2005,0,0,0,0,0,0,0,0,0,0,0,0,0,0
31,Bahamas,2006,0,0,0,0,0,0,0,0,0,0,0,0,0,0
31,Bahamas,2007,0,0,0,0,0,0,0,0,0,0,0,0,0,0
31,Bahamas,2008,0,0,0,0,0,0,0,0,0,0,0,0,0,0
31,Bahamas,2009,0,0,0,0,0,0,0,0,0,0,0,0,0,0
31,Bahamas,2010,0,0,0,0,0,0,0,0,0,0,0,0,0,0
31,Bahamas,2011,0,0,0,0,0,0,0,0,0,0,0,0,0,0
31,Bahamas,2012,0,0,0,0,0,0,0,0,0,0,0,0,0,0
31,Bahamas,2013,0,0,0,0,0,0,0,0,0,0,0,0,0,0
31,Bahamas,2014,0,0,0,0,0,0,0,0,0,0,0,0,0,0
31,Bahamas,2015,0,0,0,0,0,0,0,0,0,0,0,0,0,0
31,Bahamas,2016,0,0,0,0,0,0,0,0,0,0,0,0,0,0
31,Bahamas,2017,0,0,0,0,0,0,0,0,0,0,0,0,0,0
31,Bahamas,2018,0,0,0,0,0,0,0,0,0,0,0,0,0,0
31,Bahamas,2019,0,0,0,0,0,0,0,0,0,0,0,0,0,0
31,Bahamas,2020,0,0,0,0,0,0,0,0,0,0,0,0,0,0
31,Bahamas,2021,0,0,0,0,0,0,0,0,0,0,0,0,0,0
31,Bahamas,2022,0,0,0,0,0,0,0,0,0,0,0,0,0,0
31,Bahamas,2023,0,0,0,0,0,0,0,0,0,0,0,0,0,0
31,Bahamas,2024,0,0,0,0,0,0,0,0,0,0,0,0,0,0
692,Bahrain,1990,0,0,0,0,0,0,0,0,0,0,0,0,0,0
692,Bahrain,1991,0,0,0,0,0,0,0,0,0,0,0,0,0,0
692,Bahrain,1992,0,0,0,0,0,0,0,0,0,0,0,0,0,0
692,Bahrain,1993,0,0,0,0,0,0,0,0,0,0,0,0,0,0
692,Bahrain,1994,0,0,0,0,0,0,0,0,0,0,0,0,0,0
692,Bahrain,1995,0,0,0,0,0,0,0,0,0,0,0,0,0,0
692,Bahrain,1996,0,0,0,0,0,0,0,0,0,0,0,0,0,0
692,Bahrain,1997,0,0,0,0,0,0,0,0,0,0,0,0,0,0
692,Bahrain,1998,0,0,0,0,0,0,0,0,0,0,0,0,0,0
692,Bahrain,1999,0,0,0,0,0,0,0,0,0,0,0,0,0,0
692,Bahrain,2000,0,0,0,0,0,0,0,0,0,0,0,0,0,0
692,Bahrain,2001,0,0,0,0,0,0,0,0,0,0,0,0,0,0
692,Bahrain,2002,0,0,0,0,0,0,0,0,0,0,0,0,0,0
692,Bahrain,2003,0,0,0,0,0,0,0,0,0,0,0,0,0,0
692,Bahrain,2004,0,0,0,0,0,0,0,0,0,0,0,0,0,0
692,Bahrain,2005,0,0,0,0,0,0,0,0,0,0,0,0,0,0
692,Bahrain,2006,0,0,0,0,0,0,0,0,0,0,0,0,0,0
692,Bahrain,2007,0,0,0,0,0,0,0,0,0,0,0,0,0,0
692,Bahrain,2008,0,0,0,0,0,0,0,0,0,0,0,0,0,0
692,Bahrain,2009,0,0,0,0,0,0,0,0,0,0,0,0,0,0
692,Bahrain,2010,0,0,0,0,0,0,0,0,0,0,0,0,0,0
692,Bahrain,2011,0,0,0,0,0,0,0,0,0,0,1,26,26,26
692,Bahrain,2012,0,0,0,0,0,0,0,0,0,0,0,0,0,0
692,Bahrain,2013,0,0,0,0,0,0,0,0,0,0,0,0,0,0
692,Bahrain,2014,0,0,0,0,0,0,0,0,0,0,0,0,0,0
692,Bahrain,2015,0,0,0,0,0,0,0,0,0,0,0,0,0,0
692,Bahrain,2016,0,0,0,0,0,0,0,0,0,0,0,0,0,0
692,Bahrain,2017,0,0,0,0,0,0,0,0,0,0,0,0,0,0
692,Bahrain,2018,0,0,0,0,0,0,0,0,0,0,0,0,0,0
692,Bahrain,2019,0,0,0,0,0,0,0,0,0,0,0,0,0,0
692,Bahrain,2020,0,0,0,0,0,0,0,0,0,0,0,0,0,0
692,Bahrain,2021,0,0,0,0,0,0,0,0,0,0,0,0,0,0
692,Bahrain,2022,0,0,0,0,0,0,0,0,0,0,0,0,0,0
692,Bahrain,2023,0,0,0,0,0,0,0,0,0,0,0,0,0,0
692,Bahrain,2024,0,0,0,0,0,0,0,0,0,0,0,0,0,0
771,Bangladesh,1990,1,1,45,1,45,0,0,1,2,2,1,47,0,94
771,Bangladesh,1991,1,1,25,1,25,0,0,1,1,12,1,70,3,107
771,Bangladesh,1992,1,1,24,1,24,0,0,1,2,1,1,200,148,225
771,Bangladesh,1993,1,1,5,1,5,0,0,1,3,31,1,7,7,43
771,Bangladesh,1994,1,2,3,1,3,0,0,1,2,6,1,23,23,32
771,Bangladesh,1995,1,1,5,1,5,0,0,1,2,8,1,1,0,14
771,Bangladesh,1996,1,1,5,1,5,0,0,1,2,8,1,33,3,46
771,Bangladesh,1997,1,1,4,1,4,0,0,1,2,11,1,1,0,16
771,Bangladesh,1998,0,0,0,0,0,0,0,1,2,16,1,5,5,21
771,Bangladesh,1999,0,0,0,0,0,0,0,1,2,13,1,1,1,14
771,Bangladesh,2000,1,1,11,1,11,0,0,1,2,90,1,4,4,105
771,Bangladesh,2001,0,0,0,0,0,0,0,1,2,58,1,14,0,72
771,Bangladesh,2002,1,2,6,1,6,0,0,1,2,1,0,0,0,7
771,Bangladesh,2003,1,1,7,1,7,0,0,1,2,1,1,0,0,8
771,Bangladesh,2004,1,2,24,1,24,0,0,1,2,2,1,49,0,75
771,Bangladesh,2005,1,2,62,1,62,0,0,1,1,0,1,18,3,80
771,Bangladesh,2006,1,2,74,1,74,0,0,1,3,18,1,4,4,96
771,Bangladesh,2007,1,2,18,1,18,0,0,0,0,0,0,0,0,18
771,Bangladesh,2008,1,2,10,1,10,0,0,0,0,0,1,3,3,13
771,Bangladesh,2009,1,1,1,1,1,0,0,1,2,8,1,1,0,10
771,Bangladesh,2010,1,1,1,1,1,0,0,1,2,3,1,1,0,5
771,Bangladesh,2011,0,0,0,0,0,0,0,1,1,0,0,0,0,0
771,Bangladesh,2012,0,0,0,0,0,0,0,1,1,2,0,0,0,2
771,Bangladesh,2013,0,0,0,0,0,0,0,1,2,44,1,10,10,54
771,Bangladesh,2014,0,0,0,0,0,0,0,1,1,2,0,0,0,2
771,Bangladesh,2015,1,1,1,1,1,0,0,1,1,2,1,7,0,10
771,Bangladesh,2016,1,1,41,1,41,0,0,0,0,0,1,32,0,73
771,Bangladesh,2017,1,2,47,1,47,0,0,0,0,0,1,1,0,48
771,Bangladesh,2018,1,1,2,1,2,0,0,1,1,23,1,3,0,28
771,Bangladesh,2019,1,2,3,1,3,0,0,0,0,0,1,0,0,3
771,Bangladesh,2020,1,2,3,1,3,0,0,0,0,0,1,2,1,5
771,Bangladesh,2021,0,0,0,0,0,0,0,1,1,1,1,1,0,2
771,Bangladesh,2022,1,2,6,1,6,0,0,0,0,0,1,7,1,13
771,Bangladesh,2023,0,0,0,0,0,0,0,1,2,3,1,9,0,12
771,Bangladesh,2024,1,1,2,1,2,0,0,1,2,357,1,15,5,374
53,Barbados,1990,0,0,0,0,0,0,0,0,0,0,0,0,0,0
53,Barbados,1991,0,0,0,0,0,0,0,0,0,0,0,0,0,0
53,Barbados,1992,0,0,0,0,0,0,0,0,0,0,0,0,0,0
53,Barbados,1993,0,0,0,0,0,0,0,0,0,0,0,0,0,0
53,Barbados,1994,0,0,0,0,0,0,0,0,0,0,0,0,0,0
53,Barbados,1995,0,0,0,0,0,0,0,0,0,0,0,0,0,0
53,Barbados,1996,0,0,0,0,0,0,0,0,0,0,0,0,0,0
53,Barbados,1997,0,0,0,0,0,0,0,0,0,0,0,0,0,0
53,Barbados,1998,0,0,0,0,0,0,0,0,0,0,0,0,0,0
53,Barbados,1999,0,0,0,0,0,0,0,0,0,0,0,0,0,0
53,Barbados,2000,0,0,0,0,0,0,0,0,0,0,0,0,0,0
53,Barbados,2001,0,0,0,0,0,0,0,0,0,0,0,0,0,0
53,Barbados,2002,0,0,0,0,0,0,0,0,0,0,0,0,0,0
53,Barbados,2003,0,0,0,0,0,0,0,0,0,0,0,0,0,0
53,Barbados,2004,0,0,0,0,0,0,0,0,0,0,0,0,0,0
53,Barbados,2005,0,0,0,0,0,0,0,0,0,0,0,0,0,0
53,Barbados,2006,0,0,0,0,0,0,0,0,0,0,0,0,0,0
53,Barbados,2007,0,0,0,0,0,0,0,0,0,0,0,0,0,0
53,Barbados,2008,0,0,0,0,0,0,0,0,0,0,0,0,0,0
53,Barbados,2009,0,0,0,0,0,0,0,0,0,0,0,0,0,0
53,Barbados,2010,0,0,0,0,0,0,0,0,0,0,0,0,0,0
53,Barbados,2011,0,0,0,0,0,0,0,0,0,0,0,0,0,0
53,Barbados,2012,0,0,0,0,0,0,0,0,0,0,0,0,0,0
53,Barbados,2013,0,0,0,0,0,0,0,0,0,0,0,0,0,0
53,Barbados,2014,0,0,0,0,0,0,0,0,0,0,0,0,0,0
53,Barbados,2015,0,0,0,0,0,0,0,0,0,0,0,0,0,0
53,Barbados,2016,0,0,0,0,0,0,0,0,0,0,0,0,0,0
53,Barbados,2017,0,0,0,0,0,0,0,0,0,0,0,0,0,0
53,Barbados,2018,0,0,0,0,0,0,0,0,0,0,0,0,0,0
53,Barbados,2019,0,0,0,0,0,0,0,0,0,0,0,0,0,0
53,Barbados,2020,0,0,0,0,0,0,0,0,0,0,0,0,0,0
53,Barbados,2021,0,0,0,0,0,0,0,0,0,0,0,0,0,0
53,Barbados,2022,0,0,0,0,0,0,0,0,0,0,0,0,0,0
53,Barbados,2023,0,0,0,0,0,0,0,0,0,0,0,0,0,0
53,Barbados,2024,0,0,0,0,0,0,0,0,0,0,0,0,0,0
370,Belarus,1991,0,0,0,0,0,0,0,0,0,0,0,0,0,0
370,Belarus,1992,0,0,0,0,0,0,0,0,0,0,0,0,0,0
370,Belarus,1993,0,0,0,0,0,0,0,0,0,0,0,0,0,0
370,Belarus,1994,0,0,0,0,0,0,0,0,0,0,0,0,0,0
370,Belarus,1995,0,0,0,0,0,0,0,0,0,0,0,0,0,0
370,Belarus,1996,0,0,0,0,0,0,0,0,0,0,0,0,0,0
370,Belarus,1997,0,0,0,0,0,0,0,0,0,0,0,0,0,0
370,Belarus,1998,0,0,0,0,0,0,0,0,0,0,0,0,0,0
370,Belarus,1999,0,0,0,0,0,0,0,0,0,0,0,0,0,0
370,Belarus,2000,0,0,0,0,0,0,0,0,0,0,0,0,0,0
370,Belarus,2001,0,0,0,0,0,0,0,0,0,0,0,0,0,0
370,Belarus,2002,0,0,0,0,0,0,0,0,0,0,0,0,0,0
370,Belarus,2003,0,0,0,0,0,0,0,0,0,0,0,0,0,0
370,Belarus,2004,0,0,0,0,0,0,0,0,0,0,0,0,0,0
370,Belarus,2005,0,0,0,0,0,0,0,0,0,0,0,0,0,0
370,Belarus,2006,0,0,0,0,0,0,0,0,0,0,0,0,0,0
370,Belarus,2007,0,0,0,0,0,0,0,0,0,0,0,0,0,0
370,Belarus,2008,0,0,0,0,0,0,0,0,0,0,0,0,0,0
370,Belarus,2009,0,0,0,0,0,0,0,0,0,0,0,0,0,0
370,Belarus,2010,0,0,0,0,0,0,0,0,0,0,0,0,0,0
370,Belarus,2011,0,0,0,0,0,0,0,0,0,0,0,0,0,0
370,Belarus,2012,0,0,0,0,0,0,0,0,0,0,0,0,0,0
370,Belarus,2013,0,0,0,0,0,0,0,0,0,0,0,0,0,0
370,Belarus,2014,0,0,0,0,0,0,0,0,0,0,0,0,0,0
370,Belarus,2015,0,0,0,0,0,0,0,0,0,0,0,0,0,0
370,Belarus,2016,0,0,0,0,0,0,0,0,0,0,0,0,0,0
370,Belarus,2017,0,0,0,0,0,0,0,0,0,0,0,0,0,0
370,Belarus,2018,0,0,0,0,0,0,0,0,0,0,0,0,0,0
370,Belarus,2019,0,0,0,0,0,0,0,0,0,0,0,0,0,0
370,Belarus,2020,0,0,0,0,0,0,0,0,0,0,0,0,0,0
370,Belarus,2021,0,0,0,0,0,0,0,0,0,0,0,0,0,0
370,Belarus,2022,0,0,0,0,0,0,0,0,0,0,0,0,0,0
370,Belarus,2023,0,0,0,0,0,0,0,0,0,0,0,0,0,0
370,Belarus,2024,0,0,0,0,0,0,0,0,0,0,0,0,0,0
211,Belgium,1990,0,0,0,0,0,0,0,0,0,0,0,0,0,0
211,Belgium,1991,0,0,0,0,0,0,0,0,0,0,0,0,0,0
211,Belgium,1992,0,0,0,0,0,0,0,0,0,0,0,0,0,0
211,Belgium,1993,0,0,0,0,0,0,0,0,0,0,0,0,0,0
211,Belgium,1994,0,0,0,0,0,0,0,0,0,0,0,0,0,0
211,Belgium,1995,0,0,0,0,0,0,0,0,0,0,0,0,0,0
211,Belgium,1996,0,0,0,0,0,0,0,0,0,0,0,0,0,0
211,Belgium,1997,0,0,0,0,0,0,0,0,0,0,0,0,0,0
211,Belgium,1998,0,0,0,0,0,0,0,0,0,0,0,0,0,0
211,Belgium,1999,0,0,0,0,0,0,0,0,0,0,0,0,0,0
211,Belgium,2000,0,0,0,0,0,0,0,0,0,0,0,0,0,0
211,Belgium,2001,0,0,0,0,0,0,0,0,0,0,0,0,0,0
211,Belgium,2002,0,0,0,0,0,0,0,0,0,0,0,0,0,0
211,Belgium,2003,0,0,0,0,0,0,0,0,0,0,0,0,0,0
211,Belgium,2004,0,0,0,0,0,0,0,0,0,0,0,0,0,0
211,Belgium,2005,0,0,0,0,0,0,0,0,0,0,0,0,0,0
211,Belgium,2006,0,0,0,0,0,0,0,0,0,0,0,0,0,0
211,Belgium,2007,0,0,0,0,0,0,0,0,0,0,0,0,0,0
211,Belgium,2008,0,0,0,0,0,0,0,0,0,0,0,0,0,0
211,Belgium,2009,0,0,0,0,0,0,0,0,0,0,0,0,0,0
211,Belgium,2010,0,0,0,0,0,0,0,0,0,0,0,0,0,0
211,Belgium,2011,0,0,0,0,0,0,0,0,0,0,0,0,0,0
211,Belgium,2012,0,0,0,0,0,0,0,0,0,0,0,0,0,0
211,Belgium,2013,0,0,0,0,0,0,0,0,0,0,0,0,0,0
211,Belgium,2014,0,0,0,0,0,0,0,0,0,0,0,0,0,0
211,Belgium,2015,0,0,0,0,0,0,0,0,0,0,0,0,0,0
211,Belgium,2016,1,1,2,1,2,0,0,0,0,0,1,32,0,34
211,Belgium,2017,0,0,0,0,0,0,0,0,0,0,0,0,0,0
211,Belgium,2018,1,1,3,1,3,0,0,0,0,0,1,1,0,4
211,Belgium,2019,0,0,0,0,0,0,0,0,0,0,0,0,0,0
211,Belgium,2020,0,0,0,0,0,0,0,0,0,0,0,0,0,0
211,Belgium,2021,0,0,0,0,0,0,0,0,0,0,0,0,0,0
211,Belgium,2022,0,0,0,0,0,0,0,0,0,0,0,0,0,0
211,Belgium,2023,0,0,0,0,0,0,0,0,0,0,1,2,0,2
211,Belgium,2024,0,0,0,0,0,0,0,0,0,0,0,0,0,0
80,Belize,1990,0,0,0,0,0,0,0,0,0,0,0,0,0,0
80,Belize,1991,0,0,0,0,0,0,0,0,0,0,0,0,0,0
80,Belize,1992,0,0,0,0,0,0,0,0,0,0,0,0,0,0
80,Belize,1993,0,0,0,0,0,0,0,0,0,0,0,0,0,0
80,Belize,1994,0,0,0,0,0,0,0,0,0,0,0,0,0,0
80,Belize,1995,0,0,0,0,0,0,0,0,0,0,0,0,0,0
80,Belize,1996,0,0,0,0,0,0,0,0,0,0,0,0,0,0
80,Belize,1997,0,0,0,0,0,0,0,0,0,0,0,0,0,0
80,Belize,1998,0,0,0,0,0,0,0,0,0,0,0,0,0,0
80,Belize,1999,0,0,0,0,0,0,0,0,0,0,0,0,0,0
80,Belize,2000,0,0,0,0,0,0,0,0,0,0,0,0,0,0
80,Belize,2001,0,0,0,0,0,0,0,0,0,0,0,0,0,0
80,Belize,2002,0,0,0,0,0,0,0,0,0,0,0,0,0,0
80,Belize,2003,0,0,0,0,0,0,0,0,0,0,0,0,0,0
80,Belize,2004,0,0,0,0,0,0,0,0,0,0,0,0,0,0
80,Belize,2005,0,0,0,0,0,0,0,0,0,0,0,0,0,0
80,Belize,2006,0,0,0,0,0,0,0,0,0,0,0,0,0,0
80,Belize,2007,0,0,0,0,0,0,0,0,0,0,0,0,0,0
80,Belize,2008,0,0,0,0,0,0,0,0,0,0,0,0,0,0
80,Belize,2009,0,0,0,0,0,0,0,0,0,0,0,0,0,0
80,Belize,2010,0,0,0,0,0,0,0,0,0,0,0,0,0,0
80,Belize,2011,0,0,0,0,0,0,0,0,0,0,0,0,0,0
80,Belize,2012,0,0,0,0,0,0,0,0,0,0,0,0,0,0
80,Belize,2013,0,0,0,0,0,0,0,0,0,0,0,0,0,0
80,Belize,2014,0,0,0,0,0,0,0,0,0,0,0,0,0,0
80,Belize,2015,0,0,0,0,0,0,0,0,0,0,0,0,0,0
80,Belize,2016,0,0,0,0,0,0,0,0,0,0,0,0,0,0
80,Belize,2017,0,0,0,0,0,0,0,0,0,0,0,0,0,0
80,Belize,2018,0,0,0,0,0,0,0,0,0,0,0,0,0,0
80,Belize,2019,0,0,0,0,0,0,0,0,0,0,0,0,0,0
80,Belize,2020,0,0,0,0,0,0,0,0,0,0,0,0,0,0
80,Belize,2021,0,0,0,0,0,0,0,0,0,0,0,0,0,0
80,Belize,2022,0,0,0,0,0,0,0,0,0,0,0,0,0,0
80,Belize,2023,0,0,0,0,0,0,0,0,0,0,0,0,0,0
80,Belize,2024,0,0,0,0,0,0,0,0,0,0,0,0,0,0
434,Benin,1990,0,0,0,0,0,0,0,0,0,0,0,0,0,0
434,Benin,1991,0,0,0,0,0,0,0,0,0,0,0,0,0,0
434,Benin,1992,0,0,0,0,0,0,0,0,0,0,0,0,0,0
434,Benin,1993,0,0,0,0,0,0,0,0,0,0,0,0,0,0
434,Benin,1994,0,0,0,0,0,0,0,0,0,0,0,0,0,0
434,Benin,1995,0,0,0,0,0,0,0,0,0,0,0,0,0,0
434,Benin,1996,0,0,0,0,0,0,0,0,0,0,0,0,0,0
434,Benin,1997,0,0,0,0,0,0,0,0,0,0,0,0,0,0
434,Benin,1998,0,0,0,0,0,0,0,0,0,0,0,0,0,0
434,Benin,1999,0,0,0,0,0,0,0,0,0,0,0,0,0,0
434,Benin,2000,0,0,0,0,0,0,0,0,0,0,0,0,0,0
434,Benin,2001,0,0,0,0,0,0,0,0,0,0,0,0,0,0
434,Benin,2002,0,0,0,0,0,0,0,0,0,0,0,0,0,0
434,Benin,2003,0,0,0,0,0,0,0,0,0,0,0,0,0,0
434,Benin,2004,0,0,0,0,0,0,0,0,0,0,0,0,0,0
434,Benin,2005,0,0,0,0,0,0,0,0,0,0,0,0,0,0
434,Benin,2006,0,0,0,0,0,0,0,0,0,0,0,0,0,0
434,Benin,2007,0,0,0,0,0,0,0,0,0,0,0,0,0,0
434,Benin,2008,0,0,0,0,0,0,0,0,0,0,0,0,0,0
434,Benin,2009,0,0,0,0,0,0,0,0,0,0,0,0,0,0
434,Benin,2010,0,0,0,0,0,0,0,0,0,0,0,0,0,0
434,Benin,2011,0,0,0,0,0,0,0,0,0,0,0,0,0,0
434,Benin,2012,0,0,0,0,0,0,0,0,0,0,0,0,0,0
434,Benin,2013,0,0,0,0,0,0,0,0,0,0,0,0,0,0
434,Benin,2014,0,0,0,0,0,0,0,0,0,0,0,0,0,0
434,Benin,2015,0,0,0,0,0,0,0,0,0,0,0,0,0,0
434,Benin,2016,0,0,0,0,0,0,0,0,0,0,0,0,0,0
434,Benin,2017,0,0,0,0,0,0,0,0,0,0,0,0,0,0
434,Benin,2018,0,0,0,0,0,0,0,0,0,0,0,0,0,0
434,Benin,2019,0,0,0,0,0,0,0,0,0,0,1,1,0,1
434,Benin,2020,1,1,1,1,1,0,0,0,0,0,0,0,0,1
434,Benin,2021,1,1,11,1,11,0,0,0,0,0,0,0,0,11
434,Benin,2022,1,1,30,1,30,0,0,0,0,0,0,0,0,30
434,Benin,2023,1,1,28,1,28,0,0,0,0,0,1,18,0,46
434,Benin,2024,1,1,77,1,77,0,0,0,0,0,1,8,0,85
760,Bhutan,1990,0,0,0,0,0,0,0,0,0,0,0,0,0,0
760,Bhutan,1991,0,0,0,0,0,0,0,0,0,0,0,0,0,0
760,Bhutan,1992,0,0,0,0,0,0,0,0,0,0,0,0,0,0
760,Bhutan,1993,0,0,0,0,0,0,0,0,0,0,0,0,0,0
760,Bhutan,1994,0,0,0,0,0,0,0,0,0,0,0,0,0,0
760,Bhutan,1995,0,0,0,0,0,0,0,0,0,0,0,0,0,0
760,Bhutan,1996,0,0,0,0,0,0,0,0,0,0,0,0,0,0
760,Bhutan,1997,1,1,4,1,4,0,0,0,0,0,0,0,0,4
760,Bhutan,1998,0,0,0,0,0,0,0,0,0,0,0,0,0,0
760,Bhutan,1999,0,0,0,0,0,0,0,0,0,0,0,0,0,0
760,Bhutan,2000,0,0,0,0,0,0,0,0,0,0,0,0,0,0
760,Bhutan,2001,0,0,0,0,0,0,0,0,0,0,0,0,0,0
760,Bhutan,2002,0,0,0,0,0,0,0,0,0,0,0,0,0,0
760,Bhutan,2003,0,0,0,0,0,0,0,0,0,0,0,0,0,0
760,Bhutan,2004,0,0,0,0,0,0,0,0,0,0,1,0,0,0
760,Bhutan,2005,0,0,0,0,0,0,0,0,0,0,0,0,0,0
760,Bhutan,2006,0,0,0,0,0,0,0,0,0,0,0,0,0,0
760,Bhutan,2007,0,0,0,0,0,0,0,0,0,0,0,0,0,0
760,Bhutan,2008,0,0,0,0,0,0,0,0,0,0,0,0,0,0
760,Bhutan,2009,0,0,0,0,0,0,0,0,0,0,0,0,0,0
760,Bhutan,2010,0,0,0,0,0,0,0,0,0,0,0,0,0,0
760,Bhutan,2011,0,0,0,0,0,0,0,0,0,0,0,0,0,0
760,Bhutan,2012,0,0,0,0,0,0,0,0,0,0,0,0,0,0
760,Bhutan,2013,0,0,0,0,0,0,0,0,0,0,0,0,0,0
760,Bhutan,2014,0,0,0,0,0,0,0,0,0,0,0,0,0,0
760,Bhutan,2015,0,0,0,0,0,0,0,0,0,0,0,0,0,0
760,Bhutan,2016,0,0,0,0,0,0,0,0,0,0,0,0,0,0
760,Bhutan,2017,0,0,0,0,0,0,0,0,0,0,0,0,0,0
760,Bhutan,2018,0,0,0,0,0,0,0,0,0,0,0,0,0,0
760,Bhutan,2019,0,0,0,0,0,0,0,0,0,0,0,0,0,0
760,Bhutan,2020,0,0,0,0,0,0,0,0,0,0,0,0,0,0
760,Bhutan,2021,0,0,0,0,0,0,0,0,0,0,0,0,0,0
760,Bhutan,2022,0,0,0,0,0,0,0,0,0,0,0,0,0,0
760,Bhutan,2023,0,0,0,0,0,0,0,0,0,0,0,0,0,0
760,Bhutan,2024,0,0,0,0,0,0,0,0,0,0,0,0,0,0
145,Bolivia,1990,0,0,0,0,0,0,0,0,0,0,0,0,0,0
145,Bolivia,1991,0,0,0,0,0,0,0,0,0,0,0,0,0,0
145,Bolivia,1992,0,0,0,0,0,0,0,0,0,0,0,0,0,0
145,Bolivia,1993,0,0,0,0,0,0,0,0,0,0,0,0,0,0
145,Bolivia,1994,0,0,0,0,0,0,0,0,0,0,0,0,0,0
145,Bolivia,1995,0,0,0,0,0,0,0,0,0,0,0,0,0,0
145,Bolivia,1996,0,0,0,0,0,0,0,0,0,0,0,0,0,0
145,Bolivia,1997,0,0,0,0,0,0,0,0,0,0,0,0,0,0
145,Bolivia,1998,0,0,0,0,0,0,0,1,1,2,0,0,0,2
145,Bolivia,1999,0,0,0,0,0,0,0,0,0,0,0,0,0,0
145,Bolivia,2000,0,0,0,0,0,0,0,1,1,50,0,0,0,50
145,Bolivia,2001,0,0,0,0,0,0,0,0,0,0,0,0,0,0
145,Bolivia,2002,0,0,0,0,0,0,0,0,0,0,0,0,0,0
145,Bolivia,2003,0,0,0,0,0,0,0,0,0,0,0,0,0,0
145,Bolivia,2004,0,0,0,0,0,0,0,0,0,0,0,0,0,0
145,Bolivia,2005,0,0,0,0,0,0,0,0,0,0,0,0,0,0
145,Bolivia,2006,0,0,0,0,0,0,0,0,0,0,0,0,0,0
145,Bolivia,2007,0,0,0,0,0,0,0,0,0,0,0,0,0,0
145,Bolivia,2008,0,0,0,0,0,0,0,0,0,0,0,0,0,0
145,Bolivia,2009,0,0,0,0,0,0,0,0,0,0,0,0,0,0
145,Bolivia,2010,0,0,0,0,0,0,0,0,0,0,0,0,0,0
145,Bolivia,2011,0,0,0,0,0,0,0,0,0,0,0,0,0,0
145,Bolivia,2012,0,0,0,0,0,0,0,0,0,0,0,0,0,0
145,Bolivia,2013,0,0,0,0,0,0,0,0,0,0,0,0,0,0
145,Bolivia,2014,0,0,0,0,0,0,0,0,0,0,0,0,0,0
145,Bolivia,2015,0,0,0,0,0,0,0,0,0,0,0,0,0,0
145,Bolivia,2016,0,0,0,0,0,0,0,0,0,0,0,0,0,0
145,Bolivia,2017,0,0,0,0,0,0,0,0,0,0,0,0,0,0
145,Bolivia,2018,0,0,0,0,0,0,0,0,0,0,0,0,0,0
145,Bolivia,2019,0,0,0,0,0,0,0,0,0,0,0,0,0,0
145,Bolivia,2020,0,0,0,0,0,0,0,0,0,0,0,0,0,0
145,Bolivia,2021,0,0,0,0,0,0,0,1,1,1,0,0,0,1
145,Bolivia,2022,0,0,0,0,0,0,0,0,0,0,0,0,0,0
145,Bolivia,2023,0,0,0,0,0,0,0,1,1,1,0,0,0,1
145,Bolivia,2024,0,0,0,0,0,0,0,0,0,0,0,0,0,0
346,Bosnia-Herzegovina,1992,1,5,20724,1,20724,0,0,0,0,0,1,4447,102,25171
346,Bosnia-Herzegovina,1993,1,6,13233,1,13233,0,0,1,1,1,1,553,169,13787
346,Bosnia-Herzegovina,1994,1,6,7022,1,7022,0,0,0,0,0,1,290,8,7312
346,Bosnia-Herzegovina,1995,1,4,8855,1,8855,0,0,0,0,0,1,8410,13,17265
346,Bosnia-Herzegovina,1996,0,0,0,0,0,0,0,0,0,0,0,0,0,0
346,Bosnia-Herzegovina,1997,0,0,0,0,0,0,0,0,0,0,0,0,0,0
346,Bosnia-Herzegovina,1998,0,0,0,0,0,0,0,0,0,0,0,0,0,0
346,Bosnia-Herzegovina,1999,0,0,0,0,0,0,0,0,0,0,0,0,0,0
346,Bosnia-Herzegovina,2000,0,0,0,0,0,0,0,0,0,0,0,0,0,0
346,Bosnia-Herzegovina,2001,0,0,0,0,0,0,0,0,0,0,0,0,0,0
346,Bosnia-Herzegovina,2002,0,0,0,0,0,0,0,0,0,0,0,0,0,0
346,Bosnia-Herzegovina,2003,0,0,0,0,0,0,0,0,0,0,0,0,0,0
346,Bosnia-Herzegovina,2004,0,0,0,0,0,0,0,0,0,0,0,0,0,0
346,Bosnia-Herzegovina,2005,0,0,0,0,0,0,0,0,0,0,0,0,0,0
346,Bosnia-Herzegovina,2006,0,0,0,0,0,0,0,0,0,0,0,0,0,0
346,Bosnia-Herzegovina,2007,0,0,0,0,0,0,0,0,0,0,0,0,0,0
346,Bosnia-Herzegovina,2008,0,0,0,0,0,0,0,0,0,0,0,0,0,0
346,Bosnia-Herzegovina,2009,0,0,0,0,0,0,0,0,0,0,0,0,0,0
346,Bosnia-Herzegovina,2010,0,0,0,0,0,0,0,0,0,0,0,0,0,0
346,Bosnia-Herzegovina,2011,0,0,0,0,0,0,0,0,0,0,0,0,0,0
346,Bosnia-Herzegovina,2012,0,0,0,0,0,0,0,0,0,0,0,0,0,0
346,Bosnia-Herzegovina,2013,0,0,0,0,0,0,0,0,0,0,0,0,0,0
346,Bosnia-Herzegovina,2014,0,0,0,0,0,0,0,0,0,0,0,0,0,0
346,Bosnia-Herzegovina,2015,0,0,0,0,0,0,0,0,0,0,0,0,0,0
346,Bosnia-Herzegovina,2016,0,0,0,0,0,0,0,0,0,0,0,0,0,0
346,Bosnia-Herzegovina,2017,0,0,0,0,0,0,0,0,0,0,0,0,0,0
346,Bosnia-Herzegovina,2018,0,0,0,0,0,0,0,0,0,0,0,0,0,0
346,Bosnia-Herzegovina,2019,0,0,0,0,0,0,0,0,0,0,0,0,0,0
346,Bosnia-Herzegovina,2020,0,0,0,0,0,0,0,0,0,0,0,0,0,0
346,Bosnia-Herzegovina,2021,0,0,0,0,0,0,0,0,0,0,0,0,0,0
346,Bosnia-Herzegovina,2022,0,0,0,0,0,0,0,0,0,0,0,0,0,0
346,Bosnia-Herzegovina,2023,0,0,0,0,0,0,0,0,0,0,0,0,0,0
346,Bosnia-Herzegovina,2024,0,0,0,0,0,0,0,0,0,0,0,0,0,0
571,Botswana,1990,0,0,0,0,0,0,0,0,0,0,1,1,1,1
571,Botswana,1991,0,0,0,0,0,0,0,0,0,0,0,0,0,0
571,Botswana,1992,0,0,0,0,0,0,0,0,0,0,0,0,0,0
571,Botswana,1993,0,0,0,0,0,0,0,0,0,0,0,0,0,0
571,Botswana,1994,0,0,0,0,0,0,0,0,0,0,0,0,0,0
571,Botswana,1995,0,0,0,0,0,0,0,0,0,0,0,0,0,0
571,Botswana,1996,0,0,0,0,0,0,0,0,0,0,0,0,0,0
571,Botswana,1997,0,0,0,0,0,0,0,0,0,0,0,0,0,0
571,Botswana,1998,0,0,0,0,0,0,0,0,0,0,0,0,0,0
571,Botswana,1999,0,0,0,0,0,0,0,0,0,0,0,0,0,0
571,Botswana,2000,0,0,0,0,0,0,0,0,0,0,0,0,0,0
571,Botswana,2001,0,0,0,0,0,0,0,0,0,0,0,0,0,0
571,Botswana,2002,0,0,0,0,0,0,0,0,0,0,0,0,0,0
571,Botswana,2003,0,0,0,0,0,0,0,0,0,0,0,0,0,0
571,Botswana,2004,0,0,0,0,0,0,0,0,0,0,0,0,0,0
571,Botswana,2005,0,0,0,0,0,0,0,0,0,0,0,0,0,0
571,Botswana,2006,0,0,0,0,0,0,0,0,0,0,0,0,0,0
571,Botswana,2007,0,0,0,0,0,0,0,0,0,0,0,0,0,0
571,Botswana,2008,0,0,0,0,0,0,0,0,0,0,0,0,0,0
571,Botswana,2009,0,0,0,0,0,0,0,0,0,0,0,0,0,0
571,Botswana,2010,0,0,0,0,0,0,0,0,0,0,0,0,0,0
571,Botswana,2011,0,0,0,0,0,0,0,0,0,0,0,0,0,0
571,Botswana,2012,0,0,0,0,0,0,0,0,0,0,0,0,0,0
571,Botswana,2013,0,0,0,0,0,0,0,0,0,0,0,0,0,0
571,Botswana,2014,0,0,0,0,0,0,0,0,0,0,0,0,0,0
571,Botswana,2015,0,0,0,0,0,0,0,0,0,0,0,0,0,0
571,Botswana,2016,0,0,0,0,0,0,0,0,0,0,0,0,0,0
571,Botswana,2017,0,0,0,0,0,0,0,0,0,0,0,0,0,0
571,Botswana,2018,0,0,0,0,0,0,0,0,0,0,0,0,0,0
571,Botswana,2019,0,0,0,0,0,0,0,0,0,0,0,0,0,0
571,Botswana,2020,0,0,0,0,0,0,0,0,0,0,0,0,0,0
571,Botswana,2021,0,0,0,0,0,0,0,0,0,0,0,0,0,0
571,Botswana,2022,0,0,0,0,0,0,0,0,0,0,0,0,0,0
571,Botswana,2023,0,0,0,0,0,0,0,0,0,0,0,0,0,0
571,Botswana,2024,0,0,0,0,0,0,0,0,0,0,0,0,0,0
140,Brazil,1990,0,0,0,0,0,0,0,0,0,0,0,0,0,0
140,Brazil,1991,0,0,0,0,0,0,0,0,0,0,0,0,0,0
140,Brazil,1992,0,0,0,0,0,0,0,0,0,0,0,0,0,0
140,Brazil,1993,0,0,0,0,0,0,0,1,1,13,1,30,29,43
140,Brazil,1994,0,0,0,0,0,0,0,1,1,28,1,4,1,32
140,Brazil,1995,0,0,0,0,0,0,0,1,1,40,1,11,11,51
140,Brazil,1996,0,0,0,0,0,0,0,1,1,12,1,8,8,20
140,Brazil,1997,0,0,0,0,0,0,0,1,2,37,1,4,2,41
140,Brazil,1998,0,0,0,0,0,0,0,1,1,14,1,2,2,16
140,Brazil,1999,0,0,0,0,0,0,0,1,3,58,1,28,28,86
140,Brazil,2000,0,0,0,0,0,0,0,1,3,46,1,18,14,64
140,Brazil,2001,0,0,0,0,0,0,0,1,1,74,1,7,7,81
140,Brazil,2002,0,0,0,0,0,0,0,1,2,61,1,4,3,65
140,Brazil,2003,0,0,0,0,0,0,0,1,2,43,1,8,8,51
140,Brazil,2004,0,0,0,0,0,0,0,1,3,86,0,0,0,86
140,Brazil,2005,0,0,0,0,0,0,0,1,2,20,1,40,34,60
140,Brazil,2006,0,0,0,0,0,0,0,1,3,23,0,0,0,23
140,Brazil,2007,0,0,0,0,0,0,0,1,3,36,1,4,4,40
140,Brazil,2008,0,0,0,0,0,0,0,1,3,13,1,7,7,20
140,Brazil,2009,0,0,0,0,0,0,0,1,1,40,0,0,0,40
140,Brazil,2010,0,0,0,0,0,0,0,1,1,4,0,0,0,4
140,Brazil,2011,0,0,0,0,0,0,0,1,2,34,0,0,0,34
140,Brazil,2012,0,0,0,0,0,0,0,1,4,275,0,0,0,275
140,Brazil,2013,0,0,0,0,0,0,0,1,2,27,1,1,0,28
140,Brazil,2014,0,0,0,0,0,0,0,1,2,3,1,1,0,4
140,Brazil,2015,0,0,0,0,0,0,0,1,4,82,1,1,0,83
140,Brazil,2016,0,0,0,0,0,0,0,1,4,149,1,7,0,156
140,Brazil,2017,0,0,0,0,0,0,0,1,7,3052,1,10,1,3062
140,Brazil,2018,0,0,0,0,0,0,0,1,7,2652,1,10,1,2662
140,Brazil,2019,0,0,0,0,0,0,0,1,13,1683,1,48,3,1731
140,Brazil,2020,0,0,0,0,0,0,0,1,15,2636,1,34,4,2670
140,Brazil,2021,0,0,0,0,0,0,0,1,18,2576,1,85,1,2661
140,Brazil,2022,0,0,0,0,0,0,0,1,20,1558,1,145,12,1703
140,Brazil,2023,0,0,0,0,0,0,0,1,21,2304,1,177,12,2481
140,Brazil,2024,0,0,0,0,0,0,0,1,15,1536,1,99,12,1635
835,Brunei,1990,0,0,0,0,0,0,0,0,0,0,0,0,0,0
835,Brunei,1991,0,0,0,0,0,0,0,0,0,0,0,0,0,0
835,Brunei,1992,0,0,0,0,0,0,0,0,0,0,0,0,0,0
835,Brunei,1993,0,0,0,0,0,0,0,0,0,0,0,0,0,0
835,Brunei,1994,0,0,0,0,0,0,0,0,0,0,0,0,0,0
835,Brunei,1995,0,0,0,0,0,0,0,0,0,0,0,0,0,0
835,Brunei,1996,0,0,0,0,0,0,0,0,0,0,0,0,0,0
835,Brunei,1997,0,0,0,0,0,0,0,0,0,0,0,0,0,0
835,Brunei,1998,0,0,0,0,0,0,0,0,0,0,0,0,0,0
835,Brunei,1999,0,0,0,0,0,0,0,0,0,0,0,0,0,0
835,Brunei,2000,0,0,0,0,0,0,0,0,0,0,0,0,0,0
835,Brunei,2001,0,0,0,0,0,0,0,0,0,0,0,0,0,0
835,Brunei,2002,0,0,0,0,0,0,0,0,0,0,0,0,0,0
835,Brunei,2003,0,0,0,0,0,0,0,0,0,0,0,0,0,0
835,Brunei,2004,0,0,0,0,0,0,0,0,0,0,0,0,0,0
835,Brunei,2005,0,0,0,0,0,0,0,0,0,0,0,0,0,0
835,Brunei,2006,0,0,0,0,0,0,0,0,0,0,0,0,0,0
835,Brunei,2007,0,0,0,0,0,0,0,0,0,0,0,0,0,0
835,Brunei,2008,0,0,0,0,0,0,0,0,0,0,0,0,0,0
835,Brunei,2009,0,0,0,0,0,0,0,0,0,0,0,0,0,0
835,Brunei,2010,0,0,0,0,0,0,0,0,0,0,0,0,0,0
835,Brunei,2011,0,0,0,0,0,0,0,0,0,0,0,0,0,0
835,Brunei,2012,0,0,0,0,0,0,0,0,0,0,0,0,0,0
835,Brunei,2013,0,0,0,0,0,0,0,0,0,0,0,0,0,0
835,Brunei,2014,0,0,0,0,0,0,0,0,0,0,0,0,0,0
835,Brunei,2015,0,0,0,0,0,0,0,0,0,0,0,0,0,0
835,Brunei,2016,0,0,0,0,0,0,0,0,0,0,0,0,0,0
835,Brunei,2017,0,0,0,0,0,0,0,0,0,0,0,0,0,0
835,Brunei,2018,0,0,0,0,0,0,0,0,0,0,0,0,0,0
835,Brunei,2019,0,0,0,0,0,0,0,0,0,0,0,0,0,0
835,Brunei,2020,0,0,0,0,0,0,0,0,0,0,0,0,0,0
835,Brunei,2021,0,0,0,0,0,0,0,0,0,0,0,0,0,0
835,Brunei,2022,0,0,0,0,0,0,0,0,0,0,0,0,0,0
835,Brunei,2023,0,0,0,0,0,0,0,0,0,0,0,0,0,0
835,Brunei,2024,0,0,0,0,0,0,0,0,0,0,0,0,0,0
355,Bulgaria,1990,0,0,0,0,0,0,0,0,0,0,0,0,0,0
355,Bulgaria,1991,0,0,0,0,0,0,0,0,0,0,0,0,0,0
355,Bulgaria,1992,0,0,0,0,0,0,0,0,0,0,0,0,0,0
355,Bulgaria,1993,0,0,0,0,0,0,0,0,0,0,0,0,0,0
355,Bulgaria,1994,0,0,0,0,0,0,0,0,0,0,0,0,0,0
355,Bulgaria,1995,0,0,0,0,0,0,0,0,0,0,0,0,0,0
355,Bulgaria,1996,0,0,0,0,0,0,0,0,0,0,0,0,0,0
355,Bulgaria,1997,0,0,0,0,0,0,0,0,0,0,0,0,0,0
355,Bulgaria,1998,0,0,0,0,0,0,0,0,0,0,0,0,0,0
355,Bulgaria,1999,0,0,0,0,0,0,0,0,0,0,0,0,0,0
355,Bulgaria,2000,0,0,0,0,0,0,0,0,0,0,0,0,0,0
355,Bulgaria,2001,0,0,0,0,0,0,0,0,0,0,0,0,0,0
355,Bulgaria,2002,0,0,0,0,0,0,0,0,0,0,0,0,0,0
355,Bulgaria,2003,0,0,0,0,0,0,0,0,0,0,0,0,0,0
355,Bulgaria,2004,0,0,0,0,0,0,0,0,0,0,0,0,0,0
355,Bulgaria,2005,0,0,0,0,0,0,0,0,0,0,0,0,0,0
355,Bulgaria,2006,0,0,0,0,0,0,0,0,0,0,0,0,0,0
355,Bulgaria,2007,0,0,0,0,0,0,0,0,0,0,0,0,0,0
355,Bulgaria,2008,0,0,0,0,0,0,0,0,0,0,0,0,0,0
355,Bulgaria,2009,0,0,0,0,0,0,0,0,0,0,0,0,0,0
355,Bulgaria,2010,0,0,0,0,0,0,0,0,0,0,0,0,0,0
355,Bulgaria,2011,0,0,0,0,0,0,0,0,0,0,0,0,0,0
355,Bulgaria,2012,0,0,0,0,0,0,0,0,0,0,0,0,0,0
355,Bulgaria,2013,0,0,0,0,0,0,0,0,0,0,0,0,0,0
355,Bulgaria,2014,0,0,0,0,0,0,0,0,0,0,0,0,0,0
355,Bulgaria,2015,0,0,0,0,0,0,0,0,0,0,0,0,0,0
355,Bulgaria,2016,0,0,0,0,0,0,0,0,0,0,0,0,0,0
355,Bulgaria,2017,0,0,0,0,0,0,0,0,0,0,0,0,0,0
355,Bulgaria,2018,0,0,0,0,0,0,0,0,0,0,0,0,0,0
355,Bulgaria,2019,0,0,0,0,0,0,0,0,0,0,0,0,0,0
355,Bulgaria,2020,0,0,0,0,0,0,0,0,0,0,0,0,0,0
355,Bulgaria,2021,0,0,0,0,0,0,0,0,0,0,0,0,0,0
355,Bulgaria,2022,0,0,0,0,0,0,0,0,0,0,0,0,0,0
355,Bulgaria,2023,0,0,0,0,0,0,0,0,0,0,0,0,0,0
355,Bulgaria,2024,0,0,0,0,0,0,0,0,0,0,0,0,0,0
439,Burkina Faso,1990,0,0,0,0,0,0,0,0,0,0,0,0,0,0
439,Burkina Faso,1991,0,0,0,0,0,0,0,0,0,0,0,0,0,0
439,Burkina Faso,1992,0,0,0,0,0,0,0,0,0,0,0,0,0,0
439,Burkina Faso,1993,0,0,0,0,0,0,0,0,0,0,0,0,0,0
439,Burkina Faso,1994,0,0,0,0,0,0,0,0,0,0,0,0,0,0
439,Burkina Faso,1995,0,0,0,0,0,0,0,0,0,0,0,0,0,0
439,Burkina Faso,1996,0,0,0,0,0,0,0,0,0,0,0,0,0,0
439,Burkina Faso,1997,0,0,0,0,0,0,0,0,0,0,0,0,0,0
439,Burkina Faso,1998,0,0,0,0,0,0,0,0,0,0,0,0,0,0
439,Burkina Faso,1999,0,0,0,0,0,0,0,0,0,0,0,0,0,0
439,Burkina Faso,2000,0,0,0,0,0,0,0,0,0,0,0,0,0,0
439,Burkina Faso,2001,0,0,0,0,0,0,0,0,0,0,0,0,0,0
439,Burkina Faso,2002,0,0,0,0,0,0,0,0,0,0,0,0,0,0
439,Burkina Faso,2003,0,0,0,0,0,0,0,0,0,0,0,0,0,0
439,Burkina Faso,2004,0,0,0,0,0,0,0,0,0,0,0,0,0,0
439,Burkina Faso,2005,0,0,0,0,0,0,0,0,0,0,0,0,0,0
439,Burkina Faso,2006,0,0,0,0,0,0,0,0,0,0,0,0,0,0
439,Burkina Faso,2007,0,0,0,0,0,0,0,0,0,0,0,0,0,0
439,Burkina Faso,2008,0,0,0,0,0,0,0,0,0,0,0,0,0,0
439,Burkina Faso,2009,0,0,0,0,0,0,0,0,0,0,0,0,0,0
439,Burkina Faso,2010,0,0,0,0,0,0,0,0,0,0,0,0,0,0
439,Burkina Faso,2011,0,0,0,0,0,0,0,0,0,0,0,0,0,0
439,Burkina Faso,2012,0,0,0,0,0,0,0,0,0,0,0,0,0,0
439,Burkina Faso,2013,0,0,0,0,0,0,0,0,0,0,0,0,0,0
439,Burkina Faso,2014,0,0,0,0,0,0,0,0,0,0,0,0,0,0
439,Burkina Faso,2015,0,0,0,0,0,0,0,0,0,0,0,0,0,0
439,Burkina Faso,2016,0,0,0,0,0,0,0,0,0,0,1,26,0,26
439,Burkina Faso,2017,1,2,12,1,12,0,0,1,1,6,1,36,1,54
439,Burkina Faso,2018,1,2,98,1,98,0,0,1,1,5,1,92,73,195
439,Burkina Faso,2019,1,2,349,1,349,0,0,1,2,29,1,868,183,1246
439,Burkina Faso,2020,1,2,512,1,512,0,0,1,2,152,1,503,175,1167
439,Burkina Faso,2021,1,2,991,1,991,0,0,1,1,82,1,385,35,1458
439,Burkina Faso,2022,1,2,2093,1,2093,0,0,1,2,44,1,567,196,2704
439,Burkina Faso,2023,1,2,4608,1,4608,0,0,1,1,178,1,1336,355,6122
439,Burkina Faso,2024,1,2,2199,1,2199,0,0,1,1,20,1,2032,795,4251
516,Burundi,1990,1,1,7,1,7,0,0,0,0,0,0,0,0,7
516,Burundi,1991,1,1,272,1,272,0,0,0,0,0,1,70,44,342
516,Burundi,1992,1,1,61,1,61,0,0,0,0,0,0,0,0,61
516,Burundi,1993,1,2,6,1,6,0,0,1,1,4082,1,6130,4170,10218
516,Burundi,1994,1,1,56,1,56,0,0,1,1,107,1,734,313,897
516,Burundi,1995,1,3,386,1,386,0,0,1,1,31,1,2411,2139,2828
516,Burundi,1996,1,3,988,1,988,0,0,1,1,35,1,17161,16301,18184
516,Burundi,1997,1,3,1159,1,1159,0,0,1,1,1024,1,2212,1435,4395
516,Burundi,1998,1,3,843,1,843,0,0,0,0,0,1,954,461,1797
516,Burundi,1999,1,2,781,1,781,0,0,1,1,20,1,1051,508,1852
516,Burundi,2000,1,3,1530,1,1530,0,0,1,1,100,1,812,478,2442
516,Burundi,2001,1,2,1231,1,1231,0,0,0,0,0,1,403,277,1634
516,Burundi,2002,1,3,1349,1,1349,0,0,0,0,0,1,641,444,1990
516,Burundi,2003,1,3,913,1,913,0,0,1,1,64,1,306,156,1283
516,Burundi,2004,1,3,437,1,437,0,0,1,1,58,1,239,34,734
516,Burundi,2005,1,1,298,1,298,0,0,1,1,1,1,186,52,485
516,Burundi,2006,1,1,141,1,141,0,0,0,0,0,1,110,74,251
516,Burundi,2007,1,1,5,1,5,0,0,1,1,52,1,22,3,79
516,Burundi,2008,1,1,226,1,226,0,0,0,0,0,1,31,24,257
516,Burundi,2009,0,0,0,0,0,0,0,0,0,0,1,0,0,0
516,Burundi,2010,0,0,0,0,0,0,0,0,0,0,0,0,0,0
516,Burundi,2011,1,1,2,1,2,0,0,0,0,0,1,2,2,4
516,Burundi,2012,1,1,9,1,9,0,0,0,0,0,1,5,5,14
516,Burundi,2013,0,0,0,0,0,0,0,0,0,0,1,16,16,16
516,Burundi,2014,1,2,61,1,61,0,0,0,0,0,0,0,0,61
516,Burundi,2015,1,3,185,1,185,0,0,0,0,0,1,80,80,265
516,Burundi,2016,1,1,8,1,8,0,0,0,0,0,1,85,85,93
516,Burundi,2017,1,1,5,1,5,0,0,0,0,0,1,38,38,43
516,Burundi,2018,1,2,7,1,7,0,0,0,0,0,1,109,83,116
516,Burundi,2019,1,1,16,1,16,0,0,0,0,0,1,59,59,75
516,Burundi,2020,1,1,63,1,63,0,0,0,0,0,1,82,64,145
516,Burundi,2021,1,1,24,1,24,0,0,0,0,0,1,57,52,81
516,Burundi,2022,1,1,10,1,10,0,0,0,0,0,1,38,38,48
516,Burundi,2023,1,1,86,1,86,0,0,0,0,0,1,39,38,125
516,Burundi,2024,1,1,19,1,19,0,0,0,0,0,1,51,51,70
811,Cambodia (Kampuchea),1990,1,2,274,1,274,0,0,0,0,0,1,103,0,377
811,Cambodia (Kampuchea),1991,1,3,220,1,220,0,0,0,0,0,1,102,10,322
811,Cambodia (Kampuchea),1992,1,1,118,1,118,0,0,0,0,0,1,75,2,193
811,Cambodia (Kampuchea),1993,1,1,274,1,274,0,0,0,0,0,1,210,26,484
811,Cambodia (Kampuchea),1994,1,1,464,1,464,0,0,0,0,0,1,108,6,572
811,Cambodia (Kampuchea),1995,1,1,694,1,694,0,0,0,0,0,1,29,0,723
811,Cambodia (Kampuchea),1996,1,1,788,1,788,0,0,0,0,0,1,58,5,846
811,Cambodia (Kampuchea),1997,1,4,415,1,415,1,0,0,0,0,1,29,17,444
811,Cambodia (Kampuchea),1998,1,3,246,1,243,1,3,0,0,0,1,28,3,274
811,Cambodia (Kampuchea),1999,0,0,0,0,0,0,0,0,0,0,1,0,0,0
811,Cambodia (Kampuchea),2000,0,0,0,0,0,0,0,0,0,0,1,4,4,4
811,Cambodia (Kampuchea),2001,0,0,0,0,0,0,0,0,0,0,0,0,0,0
811,Cambodia (Kampuchea),2002,0,0,0,0,0,0,0,0,0,0,0,0,0,0
811,Cambodia (Kampuchea),2003,0,0,0,0,0,0,0,0,0,0,1,1,1,1
811,Cambodia (Kampuchea),2004,0,0,0,0,0,0,0,0,0,0,0,0,0,0
811,Cambodia (Kampuchea),2005,0,0,0,0,0,0,0,0,0,0,0,0,0,0
811,Cambodia (Kampuchea),2006,0,0,0,0,0,0,0,0,0,0,0,0,0,0
811,Cambodia (Kampuchea),2007,0,0,0,0,0,0,0,0,0,0,1,2,2,2
811,Cambodia (Kampuchea),2008,1,1,2,0,0,1,2,0,0,0,0,0,0,2
811,Cambodia (Kampuchea),2009,1,1,2,0,0,1,2,0,0,0,0,0,0,2
811,Cambodia (Kampuchea),2010,0,0,0,0,0,0,0,0,0,0,0,0,0,0
811,Cambodia (Kampuchea),2011,1,1,10,0,0,1,10,0,0,0,0,0,0,10
811,Cambodia (Kampuchea),2012,0,0,0,0,0,0,0,0,0,0,1,1,1,1
811,Cambodia (Kampuchea),2013,0,0,0,0,0,0,0,0,0,0,0,0,0,0
811,Cambodia (Kampuchea),2014,0,0,0,0,0,0,0,0,0,0,0,0,0,0
811,Cambodia (Kampuchea),2015,0,0,0,0,0,0,0,0,0,0,0,0,0,0
811,Cambodia (Kampuchea),2016,0,0,0,0,0,0,0,0,0,0,0,0,0,0
811,Cambodia (Kampuchea),2017,0,0,0,0,0,0,0,0,0,0,0,0,0,0
811,Cambodia (Kampuchea),2018,0,0,0,0,0,0,0,0,0,0,0,0,0,0
811,Cambodia (Kampuchea),2019,0,0,0,0,0,0,0,0,0,0,0,0,0,0
811,Cambodia (Kampuchea),2020,0,0,0,0,0,0,0,0,0,0,0,0,0,0
811,Cambodia (Kampuchea),2021,0,0,0,0,0,0,0,0,0,0,0,0,0,0
811,Cambodia (Kampuchea),2022,0,0,0,0,0,0,0,0,0,0,0,0,0,0
811,Cambodia (Kampuchea),2023,0,0,0,0,0,0,0,0,0,0,0,0,0,0
811,Cambodia (Kampuchea),2024,0,0,0,0,0,0,0,0,0,0,0,0,0,0
471,Cameroon,1990,0,0,0,0,0,0,0,0,0,0,1,6,6,6
471,Cameroon,1991,0,0,0,0,0,0,0,1,1,50,0,0,0,50
471,Cameroon,1992,0,0,0,0,0,0,0,1,1,25,1,0,0,25
471,Cameroon,1993,0,0,0,0,0,0,0,1,1,47,1,0,0,47
471,Cameroon,1994,1,1,13,0,0,1,13,1,1,34,1,55,55,102
471,Cameroon,1995,0,0,0,0,0,0,0,0,0,0,0,0,0,0
471,Cameroon,1996,1,1,56,0,0,1,56,0,0,0,0,0,0,56
471,Cameroon,1997,0,0,0,0,0,0,0,0,0,0,0,0,0,0
471,Cameroon,1998,1,1,1,0,0,1,1,1,1,51,0,0,0,52
471,Cameroon,1999,0,0,0,0,0,0,0,0,0,0,0,0,0,0
471,Cameroon,2000,0,0,0,0,0,0,0,0,0,0,1,2,2,2
471,Cameroon,2001,0,0,0,0,0,0,0,0,0,0,1,0,0,0
471,Cameroon,2002,0,0,0,0,0,0,0,0,0,0,0,0,0,0
471,Cameroon,2003,0,0,0,0,0,0,0,0,0,0,0,0,0,0
471,Cameroon,2004,0,0,0,0,0,0,0,0,0,0,1,0,0,0
471,Cameroon,2005,1,1,0,0,0,1,0,0,0,0,1,0,0,0
471,Cameroon,2006,0,0,0,0,0,0,0,0,0,0,0,0,0,0
471,Cameroon,2007,0,0,0,0,0,0,0,0,0,0,0,0,0,0
471,Cameroon,2008,0,0,0,0,0,0,0,0,0,0,1,0,0,0
471,Cameroon,2009,0,0,0,0,0,0,0,0,0,0,1,0,0,0
471,Cameroon,2010,0,0,0,0,0,0,0,0,0,0,0,0,0,0
471,Cameroon,2011,0,0,0,0,0,0,0,0,0,0,0,0,0,0
471,Cameroon,2012,0,0,0,0,0,0,0,0,0,0,0,0,0,0
471,Cameroon,2013,0,0,0,0,0,0,0,0,0,0,1,1,0,1
471,Cameroon,2014,1,1,969,1,969,0,0,0,0,0,1,78,13,1047
471,Cameroon,2015,1,2,924,1,924,0,0,0,0,0,1,339,34,1263
471,Cameroon,2016,1,2,181,1,181,0,0,1,1,4,1,306,2,491
471,Cameroon,2017,1,3,121,1,121,0,0,1,1,62,1,227,50,410
471,Cameroon,2018,1,3,800,1,800,0,0,1,1,1,1,212,101,1013
471,Cameroon,2019,1,3,714,1,714,0,0,1,1,7,1,147,69,868
471,Cameroon,2020,1,3,440,1,440,0,0,1,1,1,1,351,133,792
471,Cameroon,2021,1,3,603,1,603,0,0,1,3,34,1,190,58,827
471,Cameroon,2022,1,3,415,1,415,0,0,1,1,1,1,251,47,667
471,Cameroon,2023,1,3,358,1,358,0,0,1,3,17,1,263,25,638
471,Cameroon,2024,1,3,254,1,254,0,0,1,2,23,1,144,12,421
20,Canada,1990,0,0,0,0,0,0,0,0,0,0,0,0,0,0
20,Canada,1991,0,0,0,0,0,0,0,0,0,0,0,0,0,0
20,Canada,1992,0,0,0,0,0,0,0,0,0,0,0,0,0,0
20,Canada,1993,0,0,0,0,0,0,0,0,0,0,0,0,0,0
20,Canada,1994,0,0,0,0,0,0,0,1,1,3,0,0,0,3
20,Canada,1995,0,0,0,0,0,0,0,1,1,24,0,0,0,24
20,Canada,1996,0,0,0,0,0,0,0,1,1,2,0,0,0,2
20,Canada,1997,0,0,0,0,0,0,0,1,1,2,0,0,0,2
20,Canada,1998,0,0,0,0,0,0,0,1,1,27,0,0,0,27
20,Canada,1999,0,0,0,0,0,0,0,1,1,11,0,0,0,11
20,Canada,2000,0,0,0,0,0,0,0,1,1,23,0,0,0,23
20,Canada,2001,0,0,0,0,0,0,0,1,1,1,0,0,0,1
20,Canada,2002,0,0,0,0,0,0,0,0,0,0,0,0,0,0
20,Canada,2003,0,0,0,0,0,0,0,0,0,0,0,0,0,0
20,Canada,2004,0,0,0,0,0,0,0,0,0,0,0,0,0,0
20,Canada,2005,0,0,0,0,0,0,0,0,0,0,0,0,0,0
20,Canada,2006,0,0,0,0,0,0,0,0,0,0,0,0,0,0
20,Canada,2007,0,0,0,0,0,0,0,0,0,0,0,0,0,0
20,Canada,2008,0,0,0,0,0,0,0,0,0,0,0,0,0,0
20,Canada,2009,0,0,0,0,0,0,0,0,0,0,0,0,0,0
20,Canada,2010,0,0,0,0,0,0,0,0,0,0,0,0,0,0
20,Canada,2011,0,0,0,0,0,0,0,0,0,0,0,0,0,0
20,Canada,2012,0,0,0,0,0,0,0,0,0,0,0,0,0,0
20,Canada,2013,0,0,0,0,0,0,0,0,0,0,0,0,0,0
20,Canada,2014,0,0,0,0,0,0,0,0,0,0,0,0,0,0
20,Canada,2015,0,0,0,0,0,0,0,0,0,0,0,0,0,0
20,Canada,2016,0,0,0,0,0,0,0,0,0,0,0,0,0,0
20,Canada,2017,0,0,0,0,0,0,0,0,0,0,0,0,0,0
20,Canada,2018,0,0,0,0,0,0,0,0,0,0,0,0,0,0
20,Canada,2019,0,0,0,0,0,0,0,0,0,0,0,0,0,0
20,Canada,2020,0,0,0,0,0,0,0,0,0,0,0,0,0,0
20,Canada,2021,0,0,0,0,0,0,0,0,0,0,0,0,0,0
20,Canada,2022,0,0,0,0,0,0,0,0,0,0,0,0,0,0
20,Canada,2023,0,0,0,0,0,0,0,0,0,0,0,0,0,0
20,Canada,2024,0,0,0,0,0,0,0,0,0,0,0,0,0,0
402,Cape Verde,1990,0,0,0,0,0,0,0,0,0,0,0,0,0,0
402,Cape Verde,1991,0,0,0,0,0,0,0,0,0,0,0,0,0,0
402,Cape Verde,1992,0,0,0,0,0,0,0,0,0,0,0,0,0,0
402,Cape Verde,1993,0,0,0,0,0,0,0,0,0,0,0,0,0,0
402,Cape Verde,1994,0,0,0,0,0,0,0,0,0,0,0,0,0,0
402,Cape Verde,1995,0,0,0,0,0,0,0,0,0,0,0,0,0,0
402,Cape Verde,1996,0,0,0,0,0,0,0,0,0,0,0,0,0,0
402,Cape Verde,1997,0,0,0,0,0,0,0,0,0,0,0,0,0,0
402,Cape Verde,1998,0,0,0,0,0,0,0,0,0,0,0,0,0,0
402,Cape Verde,1999,0,0,0,0,0,0,0,0,0,0,0,0,0,0
402,Cape Verde,2000,0,0,0,0,0,0,0,0,0,0,0,0,0,0
402,Cape Verde,2001,0,0,0,0,0,0,0,0,0,0,0,0,0,0
402,Cape Verde,2002,0,0,0,0,0,0,0,0,0,0,0,0,0,0
402,Cape Verde,2003,0,0,0,0,0,0,0,0,0,0,0,0,0,0
402,Cape Verde,2004,0,0,0,0,0,0,0,0,0,0,0,0,0,0
402,Cape Verde,2005,0,0,0,0,0,0,0,0,0,0,0,0,0,0
402,Cape Verde,2006,0,0,0,0,0,0,0,0,0,0,0,0,0,0
402,Cape Verde,2007,0,0,0,0,0,0,0,0,0,0,0,0,0,0
402,Cape Verde,2008,0,0,0,0,0,0,0,0,0,0,0,0,0,0
402,Cape Verde,2009,0,0,0,0,0,0,0,0,0,0,0,0,0,0
402,Cape Verde,2010,0,0,0,0,0,0,0,0,0,0,0,0,0,0
402,Cape Verde,2011,0,0,0,0,0,0,0,0,0,0,0,0,0,0
402,Cape Verde,2012,0,0,0,0,0,0,0,0,0,0,0,0,0,0
402,Cape Verde,2013,0,0,0,0,0,0,0,0,0,0,0,0,0,0
402,Cape Verde,2014,0,0,0,0,0,0,0,0,0,0,0,0,0,0
402,Cape Verde,2015,0,0,0,0,0,0,0,0,0,0,0,0,0,0
402,Cape Verde,2016,0,0,0,0,0,0,0,0,0,0,0,0,0,0
402,Cape Verde,2017,0,0,0,0,0,0,0,0,0,0,0,0,0,0
402,Cape Verde,2018,0,0,0,0,0,0,0,0,0,0,0,0,0,0
402,Cape Verde,2019,0,0,0,0,0,0,0,0,0,0,0,0,0,0
402,Cape Verde,2020,0,0,0,0,0,0,0,0,0,0,0,0,0,0
402,Cape Verde,2021,0,0,0,0,0,0,0,0,0,0,0,0,0,0
402,Cape Verde,2022,0,0,0,0,0,0,0,0,0,0,0,0,0,0
402,Cape Verde,2023,0,0,0,0,0,0,0,0,0,0,0,0,0,0
402,Cape Verde,2024,0,0,0,0,0,0,0,0,0,0,0,0,0,0
482,Central African Republic,1990,0,0,0,0,0,0,0,0,0,0,0,0,0,0
482,Central African Republic,1991,0,0,0,0,0,0,0,0,0,0,1,0,0,0
482,Central African Republic,1992,0,0,0,0,0,0,0,0,0,0,1,3,3,3
482,Central African Republic,1993,0,0,0,0,0,0,0,0,0,0,1,4,4,4
482,Central African Republic,1994,0,0,0,0,0,0,0,0,0,0,0,0,0,0
482,Central African Republic,1995,0,0,0,0,0,0,0,0,0,0,0,0,0,0
482,Central African Republic,1996,0,0,0,0,0,0,0,0,0,0,0,0,0,0
482,Central African Republic,1997,0,0,0,0,0,0,0,0,0,0,0,0,0,0
482,Central African Republic,1998,0,0,0,0,0,0,0,0,0,0,0,0,0,0
482,Central African Republic,1999,0,0,0,0,0,0,0,0,0,0,1,5,5,5
482,Central African Republic,2000,0,0,0,0,0,0,0,0,0,0,1,6,6,6
482,Central African Republic,2001,1,1,195,1,195,0,0,0,0,0,1,21,21,216
482,Central African Republic,2002,1,1,131,1,131,0,0,0,0,0,1,21,21,152
482,Central African Republic,2003,1,1,13,1,13,0,0,0,0,0,1,6,6,19
482,Central African Republic,2004,0,0,0,0,0,0,0,0,0,0,1,23,3,23
482,Central African Republic,2005,0,0,0,0,0,0,0,0,0,0,1,8,8,8
482,Central African Republic,2006,1,1,46,1,46,0,0,0,0,0,1,144,133,190
482,Central African Republic,2007,1,1,11,1,11,0,0,1,1,4,1,128,36,143
482,Central African Republic,2008,0,0,0,0,0,0,0,0,0,0,1,8,5,8
482,Central African Republic,2009,1,2,88,1,88,0,0,0,0,0,1,156,21,244
482,Central African Republic,2010,1,2,47,1,47,0,0,0,0,0,1,101,7,148
482,Central African Republic,2011,1,2,48,1,48,0,0,1,2,64,1,83,0,195
482,Central African Republic,2012,1,2,59,1,59,0,0,0,0,0,1,73,36,132
482,Central African Republic,2013,1,3,417,1,417,0,0,1,2,289,1,2690,1375,3396
482,Central African Republic,2014,1,2,153,1,153,0,0,1,3,1045,1,2295,54,3493
482,Central African Republic,2015,1,4,35,1,35,0,0,1,3,278,1,432,9,745
482,Central African Republic,2016,0,0,0,0,0,0,0,1,6,214,1,474,3,688
482,Central African Republic,2017,1,5,73,1,73,0,0,1,10,1084,1,708,0,1865
482,Central African Republic,2018,1,2,103,1,103,0,0,1,5,315,1,222,0,640
482,Central African Republic,2019,1,4,68,1,68,0,0,1,3,283,1,150,5,501
482,Central African Republic,2020,1,4,78,1,78,0,0,1,7,185,1,36,3,299
482,Central African Republic,2021,1,2,906,1,906,0,0,0,0,0,1,174,45,1080
482,Central African Republic,2022,1,2,677,1,677,0,0,0,0,0,1,96,35,773
482,Central African Republic,2023,1,3,284,1,284,0,0,1,1,101,1,38,8,423
482,Central African Republic,2024,1,3,183,1,183,0,0,1,1,34,1,268,128,485
483,Chad,1990,1,2,652,1,652,0,0,0,0,0,1,34,34,686
483,Chad,1991,1,2,68,1,68,0,0,0,0,0,1,27,27,95
483,Chad,1992,1,4,899,1,899,0,0,0,0,0,1,291,291,1190
483,Chad,1993,1,4,120,1,120,0,0,0,0,0,1,193,193,313
483,Chad,1994,1,5,167,1,167,0,0,0,0,0,1,354,230,521
483,Chad,1995,1,1,4,1,4,0,0,0,0,0,1,49,47,53
483,Chad,1996,0,0,0,0,0,0,0,0,0,0,1,4,4,4
483,Chad,1997,1,2,97,1,97,0,0,0,0,0,1,37,4,134
483,Chad,1998,1,1,34,1,34,0,0,0,0,0,1,164,145,198
483,Chad,1999,1,1,394,1,394,0,0,1,1,0,1,0,0,394
483,Chad,2000,1,2,993,1,993,0,0,1,1,72,1,5,5,1070
483,Chad,2001,1,1,226,1,226,0,0,0,0,0,1,4,4,230
483,Chad,2002,1,1,294,1,294,0,0,0,0,0,1,3,0,297
483,Chad,2003,1,1,37,1,37,0,0,0,0,0,0,0,0,37
483,Chad,2004,1,2,52,1,52,0,0,0,0,0,1,28,0,80
483,Chad,2005,1,1,100,1,100,0,0,0,0,0,1,167,45,267
483,Chad,2006,1,3,1250,1,1250,0,0,1,2,214,1,492,19,1956
483,Chad,2007,1,4,100,1,100,0,0,1,1,126,1,205,0,431
483,Chad,2008,1,1,991,1,991,0,0,0,0,0,1,3,3,994
483,Chad,2009,1,2,135,1,135,0,0,0,0,0,0,0,0,135
483,Chad,2010,1,1,4,1,4,0,0,0,0,0,0,0,0,4
483,Chad,2011,0,0,0,0,0,0,0,0,0,0,0,0,0,0
483,Chad,2012,0,0,0,0,0,0,0,0,0,0,0,0,0,0
483,Chad,2013,0,0,0,0,0,0,0,0,0,0,0,0,0,0
483,Chad,2014,0,0,0,0,0,0,0,1,1,10,1,6,0,16
483,Chad,2015,1,2,275,1,275,0,0,1,1,3,1,119,5,397
483,Chad,2016,1,1,18,1,18,0,0,1,1,4,1,4,2,26
483,Chad,2017,1,2,60,1,60,0,0,1,1,28,1,3,0,91
483,Chad,2018,1,2,150,1,150,0,0,0,0,0,1,18,0,168
483,Chad,2019,1,2,146,1,146,0,0,1,1,65,1,42,0,253
483,Chad,2020,1,2,196,1,196,0,0,1,1,25,1,28,0,249
483,Chad,2021,1,2,486,1,486,0,0,1,1,159,1,22,1,667
483,Chad,2022,1,2,45,1,45,0,0,1,1,56,1,13,13,114
483,Chad,2023,1,1,61,1,61,0,0,1,1,42,1,9,0,112
483,Chad,2024,1,2,70,1,70,0,0,1,2,109,1,16,0,195
155,Chile,1990,0,0,0,0,0,0,0,0,0,0,0,0,0,0
155,Chile,1991,0,0,0,0,0,0,0,0,0,0,0,0,0,0
155,Chile,1992,0,0,0,0,0,0,0,0,0,0,0,0,0,0
155,Chile,1993,0,0,0,0,0,0,0,0,0,0,0,0,0,0
155,Chile,1994,0,0,0,0,0,0,0,0,0,0,0,0,0,0
155,Chile,1995,0,0,0,0,0,0,0,0,0,0,0,0,0,0
155,Chile,1996,0,0,0,0,0,0,0,0,0,0,0,0,0,0
155,Chile,1997,0,0,0,0,0,0,0,0,0,0,0,0,0,0
155,Chile,1998,0,0,0,0,0,0,0,0,0,0,0,0,0,0
155,Chile,1999,0,0,0,0,0,0,0,0,0,0,0,0,0,0
155,Chile,2000,0,0,0,0,0,0,0,0,0,0,0,0,0,0
155,Chile,2001,0,0,0,0,0,0,0,0,0,0,0,0,0,0
155,Chile,2002,0,0,0,0,0,0,0,0,0,0,0,0,0,0
155,Chile,2003,0,0,0,0,0,0,0,0,0,0,0,0,0,0
155,Chile,2004,0,0,0,0,0,0,0,0,0,0,0,0,0,0
155,Chile,2005,0,0,0,0,0,0,0,0,0,0,0,0,0,0
155,Chile,2006,0,0,0,0,0,0,0,0,0,0,0,0,0,0
155,Chile,2007,0,0,0,0,0,0,0,0,0,0,0,0,0,0
155,Chile,2008,0,0,0,0,0,0,0,0,0,0,0,0,0,0
155,Chile,2009,0,0,0,0,0,0,0,0,0,0,0,0,0,0
155,Chile,2010,0,0,0,0,0,0,0,0,0,0,0,0,0,0
155,Chile,2011,0,0,0,0,0,0,0,0,0,0,0,0,0,0
155,Chile,2012,0,0,0,0,0,0,0,0,0,0,0,0,0,0
155,Chile,2013,0,0,0,0,0,0,0,0,0,0,0,0,0,0
155,Chile,2014,0,0,0,0,0,0,0,0,0,0,0,0,0,0
155,Chile,2015,0,0,0,0,0,0,0,0,0,0,0,0,0,0
155,Chile,2016,0,0,0,0,0,0,0,0,0,0,0,0,0,0
155,Chile,2017,0,0,0,0,0,0,0,0,0,0,0,0,0,0
155,Chile,2018,0,0,0,0,0,0,0,0,0,0,0,0,0,0
155,Chile,2019,0,0,0,0,0,0,0,0,0,0,0,0,0,0
155,Chile,2020,0,0,0,0,0,0,0,0,0,0,0,0,0,0
155,Chile,2021,0,0,0,0,0,0,0,0,0,0,0,0,0,0
155,Chile,2022,0,0,0,0,0,0,0,0,0,0,0,0,0,0
155,Chile,2023,0,0,0,0,0,0,0,0,0,0,0,0,0,0
155,Chile,2024,0,0,0,0,0,0,0,0,0,0,0,0,0,0
710,China,1990,1,1,22,1,22,0,0,0,0,0,0,0,0,22
710,China,1991,0,0,0,0,0,0,0,0,0,0,0,0,0,0
710,China,1992,0,0,0,0,0,0,0,0,0,0,0,0,0,0
710,China,1993,0,0,0,0,0,0,0,0,0,0,0,0,0,0
710,China,1994,0,0,0,0,0,0,0,0,0,0,0,0,0,0
710,China,1995,0,0,0,0,0,0,0,0,0,0,0,0,0,0
710,China,1996,0,0,0,0,0,0,0,0,0,0,0,0,0,0
710,China,1997,0,0,0,0,0,0,0,0,0,0,1,4,4,4
710,China,1998,0,0,0,0,0,0,0,0,0,0,0,0,0,0
710,China,1999,1,1,0,1,0,0,0,0,0,0,0,0,0,0
710,China,2000,0,0,0,0,0,0,0,0,0,0,0,0,0,0
710,China,2001,0,0,0,0,0,0,0,0,0,0,0,0,0,0
710,China,2002,0,0,0,0,0,0,0,0,0,0,0,0,0,0
710,China,2003,0,0,0,0,0,0,0,0,0,0,0,0,0,0
710,China,2004,0,0,0,0,0,0,0,0,0,0,0,0,0,0
710,China,2005,0,0,0,0,0,0,0,0,0,0,1,12,12,12
710,China,2006,0,0,0,0,0,0,0,0,0,0,0,0,0,0
710,China,2007,1,1,0,1,0,0,0,0,0,0,0,0,0,0
710,China,2008,1,1,36,1,36,0,0,0,0,0,1,51,51,87
710,China,2009,1,1,2,1,2,0,0,1,1,187,0,0,0,189
710,China,2010,0,0,0,0,0,0,0,0,0,0,0,0,0,0
710,China,2011,0,0,0,0,0,0,0,0,0,0,0,0,0,0
710,China,2012,0,0,0,0,0,0,0,0,0,0,0,0,0,0
710,China,2013,0,0,0,0,0,0,0,0,0,0,0,0,0,0
710,China,2014,0,0,0,0,0,0,0,0,0,0,0,0,0,0
710,China,2015,1,1,5,1,5,0,0,0,0,0,0,0,0,5
710,China,2016,0,0,0,0,0,0,0,0,0,0,0,0,0,0
710,China,2017,1,1,6,1,6,0,0,0,0,0,0,0,0,6
710,China,2018,0,0,0,0,0,0,0,0,0,0,0,0,0,0
710,China,2019,0,0,0,0,0,0,0,0,0,0,0,0,0,0
710,China,2020,0,0,0,0,0,0,0,0,0,0,0,0,0,0
710,China,2021,0,0,0,0,0,0,0,0,0,0,0,0,0,0
710,China,2022,0,0,0,0,0,0,0,0,0,0,0,0,0,0
710,China,2023,1,1,1,1,1,0,0,0,0,0,0,0,0,1
710,China,2024,0,0,0,0,0,0,0,0,0,0,0,0,0,0
100,Colombia,1990,1,3,501,1,501,0,0,1,1,41,1,170,92,712
100,Colombia,1991,1,3,731,1,731,0,0,0,0,0,1,141,70,872
100,Colombia,1992,1,2,1479,1,1479,0,0,0,0,0,1,21,11,1500
100,Colombia,1993,1,3,186,1,186,0,0,1,1,45,1,71,18,302
100,Colombia,1994,1,3,1132,1,1132,0,0,0,0,0,1,79,8,1211
100,Colombia,1995,1,2,823,1,823,0,0,0,0,0,1,120,14,943
100,Colombia,1996,1,3,1195,1,1195,0,0,0,0,0,1,206,0,1401
100,Colombia,1997,1,3,561,1,561,0,0,1,2,64,1,266,0,891
100,Colombia,1998,1,3,940,1,940,0,0,1,2,189,1,517,11,1646
100,Colombia,1999,1,3,1588,1,1588,0,0,1,2,151,1,899,5,2638
100,Colombia,2000,1,3,1879,1,1879,0,0,1,4,447,1,2062,34,4388
100,Colombia,2001,1,3,1879,1,1879,0,0,1,3,724,1,2008,39,4611
100,Colombia,2002,1,3,3387,1,3387,0,0,1,4,944,1,1681,67,6012
100,Colombia,2003,1,3,2098,1,2098,0,0,1,5,293,1,2287,90,4678
100,Colombia,2004,1,3,1360,1,1360,0,0,1,3,301,1,1719,149,3380
100,Colombia,2005,1,4,1577,1,1577,0,0,1,2,234,1,1077,131,2888
100,Colombia,2006,1,3,509,1,509,0,0,1,1,5,1,431,193,945
100,Colombia,2007,1,3,331,1,331,0,0,0,0,0,1,352,185,683
100,Colombia,2008,1,2,232,1,232,0,0,0,0,0,1,411,180,643
100,Colombia,2009,1,2,391,1,391,0,0,0,0,0,1,110,12,501
100,Colombia,2010,1,2,419,1,419,0,0,0,0,0,1,23,0,442
100,Colombia,2011,1,1,202,1,202,0,0,0,0,0,1,25,0,227
100,Colombia,2012,1,1,211,1,211,0,0,0,0,0,1,16,1,227
100,Colombia,2013,1,2,140,1,140,0,0,0,0,0,0,0,0,140
100,Colombia,2014,1,2,141,1,141,0,0,0,0,0,1,16,4,157
100,Colombia,2015,1,3,139,1,139,0,0,0,0,0,1,5,2,144
100,Colombia,2016,1,3,35,1,35,0,0,0,0,0,1,50,19,85
100,Colombia,2017,1,2,23,1,23,0,0,1,1,3,1,81,37,107
100,Colombia,2018,1,3,132,1,132,0,0,1,1,1,1,120,22,253
100,Colombia,2019,1,4,126,1,126,0,0,1,2,18,1,75,12,219
100,Colombia,2020,1,5,47,1,47,0,0,1,2,3,1,146,53,196
100,Colombia,2021,1,3,131,1,131,0,0,1,2,13,1,147,33,291
100,Colombia,2022,1,3,133,1,133,0,0,1,2,75,1,152,11,360
100,Colombia,2023,1,3,92,1,92,0,0,1,5,140,1,302,9,534
100,Colombia,2024,1,3,225,1,225,0,0,1,6,217,1,222,4,664
581,Comoros,1990,0,0,0,0,0,0,0,0,0,0,0,0,0,0
581,Comoros,1991,0,0,0,0,0,0,0,0,0,0,0,0,0,0
581,Comoros,1992,0,0,0,0,0,0,0,0,0,0,0,0,0,0
581,Comoros,1993,0,0,0,0,0,0,0,0,0,0,0,0,0,0
581,Comoros,1994,0,0,0,0,0,0,0,0,0,0,0,0,0,0
581,Comoros,1995,0,0,0,0,0,0,0,0,0,0,0,0,0,0
581,Comoros,1996,0,0,0,0,0,0,0,0,0,0,0,0,0,0
581,Comoros,1997,1,1,56,1,56,0,0,0,0,0,0,0,0,56
581,Comoros,1998,0,0,0,0,0,0,0,1,1,40,0,0,0,40
581,Comoros,1999,0,0,0,0,0,0,0,0,0,0,0,0,0,0
581,Comoros,2000,0,0,0,0,0,0,0,0,0,0,0,0,0,0
581,Comoros,2001,0,0,0,0,0,0,0,0,0,0,0,0,0,0
581,Comoros,2002,0,0,0,0,0,0,0,0,0,0,0,0,0,0
581,Comoros,2003,0,0,0,0,0,0,0,0,0,0,0,0,0,0
581,Comoros,2004,0,0,0,0,0,0,0,0,0,0,0,0,0,0
581,Comoros,2005,0,0,0,0,0,0,0,0,0,0,0,0,0,0
581,Comoros,2006,0,0,0,0,0,0,0,0,0,0,0,0,0,0
581,Comoros,2007,0,0,0,0,0,0,0,0,0,0,0,0,0,0
581,Comoros,2008,0,0,0,0,0,0,0,0,0,0,0,0,0,0
581,Comoros,2009,0,0,0,0,0,0,0,0,0,0,0,0,0,0
581,Comoros,2010,0,0,0,0,0,0,0,0,0,0,0,0,0,0
581,Comoros,2011,0,0,0,0,0,0,0,0,0,0,0,0,0,0
581,Comoros,2012,0,0,0,0,0,0,0,0,0,0,0,0,0,0
581,Comoros,2013,0,0,0,0,0,0,0,0,0,0,0,0,0,0
581,Comoros,2014,0,0,0,0,0,0,0,0,0,0,0,0,0,0
581,Comoros,2015,0,0,0,0,0,0,0,0,0,0,0,0,0,0
581,Comoros,2016,0,0,0,0,0,0,0,0,0,0,0,0,0,0
581,Comoros,2017,0,0,0,0,0,0,0,0,0,0,0,0,0,0
581,Comoros,2018,0,0,0,0,0,0,0,0,0,0,0,0,0,0
581,Comoros,2019,0,0,0,0,0,0,0,0,0,0,0,0,0,0
581,Comoros,2020,0,0,0,0,0,0,0,0,0,0,0,0,0,0
581,Comoros,2021,0,0,0,0,0,0,0,0,0,0,0,0,0,0
581,Comoros,2022,0,0,0,0,0,0,0,0,0,0,0,0,0,0
581,Comoros,2023,0,0,0,0,0,0,0,0,0,0,0,0,0,0
581,Comoros,2024,0,0,0,0,0,0,0,0,0,0,0,0,0,0
484,Congo,1990,0,0,0,0,0,0,0,0,0,0,0,0,0,0
484,Congo,1991,0,0,0,0,0,0,0,0,0,0,0,0,0,0
484,Congo,1992,0,0,0,0,0,0,0,0,0,0,1,2,2,2
484,Congo,1993,1,1,53,1,53,0,0,0,0,0,1,82,82,135
484,Congo,1994,1,2,14,1,14,0,0,0,0,0,1,4,4,18
484,Congo,1995,1,1,2,1,2,0,0,0,0,0,0,0,0,2
484,Congo,1996,0,0,0,0,0,0,0,0,0,0,1,1,1,1
484,Congo,1997,1,2,10000,1,10000,0,0,0,0,0,1,412,373,10412
484,Congo,1998,1,3,3272,1,3272,0,0,0,0,0,1,491,433,3763
484,Congo,1999,1,2,626,1,626,0,0,0,0,0,1,322,322,948
484,Congo,2000,0,0,0,0,0,0,0,0,0,0,0,0,0,0
484,Congo,2001,1,1,3,1,3,0,0,0,0,0,0,0,0,3
484,Congo,2002,1,1,167,1,167,0,0,0,0,0,1,67,9,234
484,Congo,2003,1,1,22,1,22,0,0,0,0,0,1,11,0,33
484,Congo,2004,0,0,0,0,0,0,0,0,0,0,0,0,0,0
484,Congo,2005,1,1,11,1,11,0,0,0,0,0,1,4,4,15
484,Congo,2006,0,0,0,0,0,0,0,0,0,0,0,0,0,0
484,Congo,2007,1,1,2,1,2,0,0,0,0,0,0,0,0,2
484,Congo,2008,1,1,1,1,1,0,0,0,0,0,0,0,0,1
484,Congo,2009,0,0,0,0,0,0,0,0,0,0,0,0,0,0
484,Congo,2010,0,0,0,0,0,0,0,0,0,0,0,0,0,0
484,Congo,2011,1,1,1,1,1,0,0,0,0,0,0,0,0,1
484,Congo,2012,1,1,2,1,2,0,0,0,0,0,0,0,0,2
484,Congo,2013,0,0,0,0,0,0,0,0,0,0,0,0,0,0
484,Congo,2014,0,0,0,0,0,0,0,0,0,0,0,0,0,0
484,Congo,2015,1,1,0,1,0,0,0,0,0,0,0,0,0,0
484,Congo,2016,1,1,73,1,73,0,0,0,0,0,0,0,0,73
484,Congo,2017,1,1,20,1,20,0,0,0,0,0,0,0,0,20
484,Congo,2018,0,0,0,0,0,0,0,0,0,0,0,0,0,0
484,Congo,2019,1,1,0,1,0,0,0,0,0,0,1,0,0,0
484,Congo,2020,1,1,0,1,0,0,0,0,0,0,0,0,0,0
484,Congo,2021,0,0,0,0,0,0,0,0,0,0,0,0,0,0
484,Congo,2022,1,1,3,1,3,0,0,0,0,0,0,0,0,3
484,Congo,2023,0,0,0,0,0,0,0,0,0,0,0,0,0,0
484,Congo,2024,0,0,0,0,0,0,0,0,0,0,0,0,0,0
94,Costa Rica,1990,0,0,0,0,0,0,0,0,0,0,0,0,0,0
94,Costa Rica,1991,0,0,0,0,0,0,0,0,0,0,0,0,0,0
94,Costa Rica,1992,0,0,0,0,0,0,0,0,0,0,0,0,0,0
94,Costa Rica,1993,0,0,0,0,0,0,0,0,0,0,0,0,0,0
94,Costa Rica,1994,0,0,0,0,0,0,0,0,0,0,0,0,0,0
94,Costa Rica,1995,0,0,0,0,0,0,0,0,0,0,0,0,0,0
94,Costa Rica,1996,0,0,0,0,0,0,0,0,0,0,0,0,0,0
94,Costa Rica,1997,0,0,0,0,0,0,0,0,0,0,0,0,0,0
94,Costa Rica,1998,0,0,0,0,0,0,0,0,0,0,0,0,0,0
94,Costa Rica,1999,0,0,0,0,0,0,0,0,0,0,0,0,0,0
94,Costa Rica,2000,0,0,0,0,0,0,0,0,0,0,0,0,0,0
94,Costa Rica,2001,0,0,0,0,0,0,0,0,0,0,0,0,0,0
94,Costa Rica,2002,0,0,0,0,0,0,0,0,0,0,0,0,0,0
94,Costa Rica,2003,0,0,0,0,0,0,0,0,0,0,0,0,0,0
94,Costa Rica,2004,0,0,0,0,0,0,0,0,0,0,0,0,0,0
94,Costa Rica,2005,0,0,0,0,0,0,0,0,0,0,0,0,0,0
94,Costa Rica,2006,0,0,0,0,0,0,0,0,0,0,0,0,0,0
94,Costa Rica,2007,0,0,0,0,0,0,0,0,0,0,0,0,0,0
94,Costa Rica,2008,0,0,0,0,0,0,0,0,0,0,0,0,0,0
94,Costa Rica,2009,0,0,0,0,0,0,0,0,0,0,0,0,0,0
94,Costa Rica,2010,0,0,0,0,0,0,0,0,0,0,0,0,0,0
94,Costa Rica,2011,0,0,0,0,0,0,0,0,0,0,0,0,0,0
94,Costa Rica,2012,0,0,0,0,0,0,0,0,0,0,0,0,0,0
94,Costa Rica,2013,0,0,0,0,0,0,0,0,0,0,0,0,0,0
94,Costa Rica,2014,0,0,0,0,0,0,0,0,0,0,0,0,0,0
94,Costa Rica,2015,0,0,0,0,0,0,0,0,0,0,0,0,0,0
94,Costa Rica,2016,0,0,0,0,0,0,0,0,0,0,0,0,0,0
94,Costa Rica,2017,0,0,0,0,0,0,0,0,0,0,0,0,0,0
94,Costa Rica,2018,0,0,0,0,0,0,0,0,0,0,0,0,0,0
94,Costa Rica,2019,0,0,0,0,0,0,0,0,0,0,0,0,0,0
94,Costa Rica,2020,0,0,0,0,0,0,0,0,0,0,0,0,0,0
94,Costa Rica,2021,0,0,0,0,0,0,0,0,0,0,0,0,0,0
94,Costa Rica,2022,0,0,0,0,0,0,0,0,0,0,0,0,0,0
94,Costa Rica,2023,0,0,0,0,0,0,0,0,0,0,0,0,0,0
94,Costa Rica,2024,0,0,0,0,0,0,0,0,0,0,0,0,0,0
344,Croatia,1992,1,3,142,1,142,0,0,0,0,0,0,0,0,142
344,Croatia,1993,1,1,345,1,345,0,0,0,0,0,1,28,28,373
344,Croatia,1994,0,0,0,0,0,0,0,0,0,0,0,0,0,0
344,Croatia,1995,1,2,826,1,826,0,0,0,0,0,1,137,137,963
344,Croatia,1996,0,0,0,0,0,0,0,0,0,0,0,0,0,0
344,Croatia,1997,0,0,0,0,0,0,0,0,0,0,0,0,0,0
344,Croatia,1998,0,0,0,0,0,0,0,0,0,0,0,0,0,0
344,Croatia,1999,0,0,0,0,0,0,0,0,0,0,0,0,0,0
344,Croatia,2000,0,0,0,0,0,0,0,0,0,0,0,0,0,0
344,Croatia,2001,0,0,0,0,0,0,0,0,0,0,0,0,0,0
344,Croatia,2002,0,0,0,0,0,0,0,0,0,0,0,0,0,0
344,Croatia,2003,0,0,0,0,0,0,0,0,0,0,0,0,0,0
344,Croatia,2004,0,0,0,0,0,0,0,0,0,0,0,0,0,0
344,Croatia,2005,0,0,0,0,0,0,0,0,0,0,0,0,0,0
344,Croatia,2006,0,0,0,0,0,0,0,0,0,0,0,0,0,0
344,Croatia,2007,0,0,0,0,0,0,0,0,0,0,0,0,0,0
344,Croatia,2008,0,0,0,0,0,0,0,0,0,0,0,0,0,0
344,Croatia,2009,0,0,0,0,0,0,0,0,0,0,0,0,0,0
344,Croatia,2010,0,0,0,0,0,0,0,0,0,0,0,0,0,0
344,Croatia,2011,0,0,0,0,0,0,0,0,0,0,0,0,0,0
344,Croatia,2012,0,0,0,0,0,0,0,0,0,0,0,0,0,0
344,Croatia,2013,0,0,0,0,0,0,0,0,0,0,0,0,0,0
344,Croatia,2014,0,0,0,0,0,0,0,0,0,0,0,0,0,0
344,Croatia,2015,0,0,0,0,0,0,0,0,0,0,0,0,0,0
344,Croatia,2016,0,0,0,0,0,0,0,0,0,0,0,0,0,0
344,Croatia,2017,0,0,0,0,0,0,0,0,0,0,0,0,0,0
344,Croatia,2018,0,0,0,0,0,0,0,0,0,0,0,0,0,0
344,Croatia,2019,0,0,0,0,0,0,0,0,0,0,0,0,0,0
344,Croatia,2020,0,0,0,0,0,0,0,0,0,0,0,0,0,0
344,Croatia,2021,0,0,0,0,0,0,0,0,0,0,0,0,0,0
344,Croatia,2022,0,0,0,0,0,0,0,0,0,0,0,0,0,0
344,Croatia,2023,0,0,0,0,0,0,0,0,0,0,0,0,0,0
344,Croatia,2024,0,0,0,0,0,0,0,0,0,0,0,0,0,0
40,Cuba,1990,0,0,0,0,0,0,0,0,0,0,0,0,0,0
40,Cuba,1991,0,0,0,0,0,0,0,0,0,0,0,0,0,0
40,Cuba,1992,0,0,0,0,0,0,0,0,0,0,0,0,0,0
40,Cuba,1993,0,0,0,0,0,0,0,0,0,0,0,0,0,0
40,Cuba,1994,0,0,0,0,0,0,0,0,0,0,0,0,0,0
40,Cuba,1995,0,0,0,0,0,0,0,0,0,0,0,0,0,0
40,Cuba,1996,0,0,0,0,0,0,0,0,0,0,0,0,0,0
40,Cuba,1997,0,0,0,0,0,0,0,0,0,0,0,0,0,0
40,Cuba,1998,0,0,0,0,0,0,0,0,0,0,0,0,0,0
40,Cuba,1999,0,0,0,0,0,0,0,0,0,0,0,0,0,0
40,Cuba,2000,0,0,0,0,0,0,0,0,0,0,0,0,0,0
40,Cuba,2001,0,0,0,0,0,0,0,0,0,0,0,0,0,0
40,Cuba,2002,0,0,0,0,0,0,0,0,0,0,0,0,0,0
40,Cuba,2003,0,0,0,0,0,0,0,0,0,0,0,0,0,0
40,Cuba,2004,0,0,0,0,0,0,0,0,0,0,0,0,0,0
40,Cuba,2005,0,0,0,0,0,0,0,0,0,0,0,0,0,0
40,Cuba,2006,0,0,0,0,0,0,0,0,0,0,0,0,0,0
40,Cuba,2007,0,0,0,0,0,0,0,0,0,0,0,0,0,0
40,Cuba,2008,0,0,0,0,0,0,0,0,0,0,0,0,0,0
40,Cuba,2009,0,0,0,0,0,0,0,0,0,0,0,0,0,0
40,Cuba,2010,0,0,0,0,0,0,0,0,0,0,0,0,0,0
40,Cuba,2011,0,0,0,0,0,0,0,0,0,0,0,0,0,0
40,Cuba,2012,0,0,0,0,0,0,0,0,0,0,0,0,0,0
40,Cuba,2013,0,0,0,0,0,0,0,0,0,0,0,0,0,0
40,Cuba,2014,0,0,0,0,0,0,0,0,0,0,0,0,0,0
40,Cuba,2015,0,0,0,0,0,0,0,0,0,0,0,0,0,0
40,Cuba,2016,0,0,0,0,0,0,0,0,0,0,0,0,0,0
40,Cuba,2017,0,0,0,0,0,0,0,0,0,0,0,0,0,0
40,Cuba,2018,0,0,0,0,0,0,0,0,0,0,0,0,0,0
40,Cuba,2019,0,0,0,0,0,0,0,0,0,0,0,0,0,0
40,Cuba,2020,0,0,0,0,0,0,0,0,0,0,0,0,0,0
40,Cuba,2021,0,0,0,0,0,0,0,0,0,0,0,0,0,0
40,Cuba,2022,0,0,0,0,0,0,0,0,0,0,0,0,0,0
40,Cuba,2023,0,0,0,0,0,0,0,0,0,0,0,0,0,0
40,Cuba,2024,0,0,0,0,0,0,0,0,0,0,0,0,0,0
352,Cyprus,1990,0,0,0,0,0,0,0,0,0,0,0,0,0,0
352,Cyprus,1991,0,0,0,0,0,0,0,0,0,0,0,0,0,0
352,Cyprus,1992,0,0,0,0,0,0,0,0,0,0,0,0,0,0
352,Cyprus,1993,0,0,0,0,0,0,0,0,0,0,0,0,0,0
352,Cyprus,1994,0,0,0,0,0,0,0,0,0,0,0,0,0,0
352,Cyprus,1995,0,0,0,0,0,0,0,0,0,0,0,0,0,0
352,Cyprus,1996,0,0,0,0,0,0,0,0,0,0,0,0,0,0
352,Cyprus,1997,0,0,0,0,0,0,0,0,0,0,0,0,0,0
352,Cyprus,1998,0,0,0,0,0,0,0,0,0,0,0,0,0,0
352,Cyprus,1999,0,0,0,0,0,0,0,0,0,0,0,0,0,0
352,Cyprus,2000,0,0,0,0,0,0,0,0,0,0,0,0,0,0
352,Cyprus,2001,0,0,0,0,0,0,0,0,0,0,0,0,0,0
352,Cyprus,2002,0,0,0,0,0,0,0,0,0,0,0,0,0,0
352,Cyprus,2003,0,0,0,0,0,0,0,0,0,0,0,0,0,0
352,Cyprus,2004,0,0,0,0,0,0,0,0,0,0,0,0,0,0
352,Cyprus,2005,0,0,0,0,0,0,0,0,0,0,0,0,0,0
352,Cyprus,2006,0,0,0,0,0,0,0,0,0,0,0,0,0,0
352,Cyprus,2007,0,0,0,0,0,0,0,0,0,0,0,0,0,0
352,Cyprus,2008,0,0,0,0,0,0,0,0,0,0,0,0,0,0
352,Cyprus,2009,0,0,0,0,0,0,0,0,0,0,0,0,0,0
352,Cyprus,2010,0,0,0,0,0,0,0,0,0,0,0,0,0,0
352,Cyprus,2011,0,0,0,0,0,0,0,0,0,0,0,0,0,0
352,Cyprus,2012,0,0,0,0,0,0,0,0,0,0,0,0,0,0
352,Cyprus,2013,0,0,0,0,0,0,0,0,0,0,0,0,0,0
352,Cyprus,2014,0,0,0,0,0,0,0,0,0,0,0,0,0,0
352,Cyprus,2015,0,0,0,0,0,0,0,0,0,0,0,0,0,0
352,Cyprus,2016,0,0,0,0,0,0,0,0,0,0,0,0,0,0
352,Cyprus,2017,0,0,0,0,0,0,0,0,0,0,0,0,0,0
352,Cyprus,2018,0,0,0,0,0,0,0,0,0,0,0,0,0,0
352,Cyprus,2019,0,0,0,0,0,0,0,0,0,0,0,0,0,0
352,Cyprus,2020,0,0,0,0,0,0,0,0,0,0,0,0,0,0
352,Cyprus,2021,0,0,0,0,0,0,0,0,0,0,0,0,0,0
352,Cyprus,2022,0,0,0,0,0,0,0,0,0,0,0,0,0,0
352,Cyprus,2023,0,0,0,0,0,0,0,0,0,0,0,0,0,0
352,Cyprus,2024,0,0,0,0,0,0,0,0,0,0,0,0,0,0
316,Czech Republic,1993,0,0,0,0,0,0,0,0,0,0,0,0,0,0
316,Czech Republic,1994,0,0,0,0,0,0,0,0,0,0,0,0,0,0
316,Czech Republic,1995,0,0,0,0,0,0,0,0,0,0,0,0,0,0
316,Czech Republic,1996,0,0,0,0,0,0,0,0,0,0,0,0,0,0
316,Czech Republic,1997,0,0,0,0,0,0,0,0,0,0,0,0,0,0
316,Czech Republic,1998,0,0,0,0,0,0,0,0,0,0,0,0,0,0
316,Czech Republic,1999,0,0,0,0,0,0,0,0,0,0,0,0,0,0
316,Czech Republic,2000,0,0,0,0,0,0,0,0,0,0,0,0,0,0
316,Czech Republic,2001,0,0,0,0,0,0,0,0,0,0,0,0,0,0
316,Czech Republic,2002,0,0,0,0,0,0,0,0,0,0,0,0,0,0
316,Czech Republic,2003,0,0,0,0,0,0,0,0,0,0,0,0,0,0
316,Czech Republic,2004,0,0,0,0,0,0,0,0,0,0,0,0,0,0
316,Czech Republic,2005,0,0,0,0,0,0,0,0,0,0,0,0,0,0
316,Czech Republic,2006,0,0,0,0,0,0,0,0,0,0,0,0,0,0
316,Czech Republic,2007,0,0,0,0,0,0,0,0,0,0,0,0,0,0
316,Czech Republic,2008,0,0,0,0,0,0,0,0,0,0,0,0,0,0
316,Czech Republic,2009,0,0,0,0,0,0,0,0,0,0,0,0,0,0
316,Czech Republic,2010,0,0,0,0,0,0,0,0,0,0,0,0,0,0
316,Czech Republic,2011,0,0,0,0,0,0,0,0,0,0,0,0,0,0
316,Czech Republic,2012,0,0,0,0,0,0,0,0,0,0,0,0,0,0
316,Czech Republic,2013,0,0,0,0,0,0,0,0,0,0,0,0,0,0
316,Czech Republic,2014,0,0,0,0,0,0,0,0,0,0,0,0,0,0
316,Czech Republic,2015,0,0,0,0,0,0,0,0,0,0,0,0,0,0
316,Czech Republic,2016,0,0,0,0,0,0,0,0,0,0,0,0,0,0
316,Czech Republic,2017,0,0,0,0,0,0,0,0,0,0,0,0,0,0
316,Czech Republic,2018,0,0,0,0,0,0,0,0,0,0,0,0,0,0
316,Czech Republic,2019,0,0,0,0,0,0,0,0,0,0,0,0,0,0
316,Czech Republic,2020,0,0,0,0,0,0,0,0,0,0,0,0,0,0
316,Czech Republic,2021,0,0,0,0,0,0,0,0,0,0,0,0,0,0
316,Czech Republic,2022,0,0,0,0,0,0,0,0,0,0,0,0,0,0
316,Czech Republic,2023,0,0,0,0,0,0,0,0,0,0,0,0,0,0
316,Czech Republic,2024,0,0,0,0,0,0,0,0,0,0,0,0,0,0
315,Czechoslovakia,1990,0,0,0,0,0,0,0,0,0,0,0,0,0,0
315,Czechoslovakia,1991,0,0,0,0,0,0,0,0,0,0,0,0,0,0
315,Czechoslovakia,1992,0,0,0,0,0,0,0,0,0,0,0,0,0,0
490,DR Congo (Zaire),1990,0,0,0,0,0,0,0,0,0,0,1,147,147,147
490,DR Congo (Zaire),1991,0,0,0,0,0,0,0,0,0,0,1,32,32,32
490,DR Congo (Zaire),1992,0,0,0,0,0,0,0,0,0,0,1,67,67,67
490,DR Congo (Zaire),1993,0,0,0,0,0,0,0,1,2,3109,1,228,150,3337
490,DR Congo (Zaire),1994,1,2,3,1,3,0,0,1,1,146,1,183,121,332
490,DR Congo (Zaire),1995,0,0,0,0,0,0,0,1,1,465,1,61,58,526
490,DR Congo (Zaire),1996,1,2,1371,1,1371,0,0,1,3,171,1,32765,21248,34307
490,DR Congo (Zaire),1997,1,3,4599,1,4599,0,0,1,2,153,1,9145,8354,13897
490,DR Congo (Zaire),1998,1,5,3439,1,3439,0,0,1,3,326,1,3952,2764,7717
490,DR Congo (Zaire),1999,1,4,3282,1,3282,0,0,1,4,1698,1,2869,1776,7849
490,DR Congo (Zaire),2000,1,4,1473,1,1473,0,0,1,7,1050,1,532,293,3055
490,DR Congo (Zaire),2001,1,4,509,1,509,0,0,1,7,608,1,373,197,1490
490,DR Congo (Zaire),2002,1,4,114,1,114,0,0,1,8,2980,1,4851,189,7945
490,DR Congo (Zaire),2003,0,0,0,0,0,0,0,1,6,956,1,3368,0,4324
490,DR Congo (Zaire),2004,0,0,0,0,0,0,0,1,1,47,1,735,106,782
490,DR Congo (Zaire),2005,1,1,34,1,34,0,0,0,0,0,1,271,16,305
490,DR Congo (Zaire),2006,1,2,177,1,177,0,0,1,1,8,1,205,153,390
490,DR Congo (Zaire),2007,1,3,633,1,633,0,0,1,2,29,1,217,92,879
490,DR Congo (Zaire),2008,1,4,770,1,770,0,0,1,2,87,1,883,48,1740
490,DR Congo (Zaire),2009,1,2,1961,1,1961,0,0,1,2,10,1,3337,1096,5308
490,DR Congo (Zaire),2010,1,4,310,1,310,0,0,0,0,0,1,778,14,1088
490,DR Congo (Zaire),2011,1,6,330,1,330,0,0,1,3,48,1,174,16,552
490,DR Congo (Zaire),2012,1,11,861,1,861,0,0,1,3,233,1,744,112,1838
490,DR Congo (Zaire),2013,1,7,1543,1,1543,0,0,1,3,115,1,539,50,2197
490,DR Congo (Zaire),2014,1,6,1004,1,1004,0,0,1,4,150,1,470,36,1624
490,DR Congo (Zaire),2015,1,7,256,1,256,0,0,1,2,5,1,476,0,737
490,DR Congo (Zaire),2016,1,7,838,1,838,0,0,1,6,692,1,664,314,2194
490,DR Congo (Zaire),2017,1,13,3718,1,3718,0,0,1,10,763,1,1494,384,5975
490,DR Congo (Zaire),2018,1,9,858,1,858,0,0,1,13,1777,1,512,150,3147
490,DR Congo (Zaire),2019,1,14,796,1,796,0,0,1,9,741,1,992,87,2529
490,DR Congo (Zaire),2020,1,16,1232,1,1232,0,0,1,16,725,1,2051,112,4008
490,DR Congo (Zaire),2021,1,15,1080,1,1080,0,0,1,14,394,1,2249,102,3723
490,DR Congo (Zaire),2022,1,15,1755,1,1755,0,0,1,12,822,1,3390,193,5967
490,DR Congo (Zaire),2023,1,10,729,1,729,0,0,1,12,501,1,2706,238,3936
490,DR Congo (Zaire),2024,1,9,1161,1,1161,0,0,1,4,322,1,3926,368,5409
390,Denmark,1990,0,0,0,0,0,0,0,0,0,0,0,0,0,0
390,Denmark,1991,0,0,0,0,0,0,0,0,0,0,0,0,0,0
390,Denmark,1992,0,0,0,0,0,0,0,0,0,0,0,0,0,0
390,Denmark,1993,0,0,0,0,0,0,0,0,0,0,0,0,0,0
390,Denmark,1994,0,0,0,0,0,0,0,0,0,0,0,0,0,0
390,Denmark,1995,0,0,0,0,0,0,0,0,0,0,0,0,0,0
390,Denmark,1996,0,0,0,0,0,0,0,0,0,0,0,0,0,0
390,Denmark,1997,0,0,0,0,0,0,0,0,0,0,0,0,0,0
390,Denmark,1998,0,0,0,0,0,0,0,0,0,0,0,0,0,0
390,Denmark,1999,0,0,0,0,0,0,0,0,0,0,0,0,0,0
390,Denmark,2000,0,0,0,0,0,0,0,0,0,0,0,0,0,0
390,Denmark,2001,0,0,0,0,0,0,0,0,0,0,0,0,0,0
390,Denmark,2002,0,0,0,0,0,0,0,0,0,0,0,0,0,0
390,Denmark,2003,0,0,0,0,0,0,0,0,0,0,0,0,0,0
390,Denmark,2004,0,0,0,0,0,0,0,0,0,0,0,0,0,0
390,Denmark,2005,0,0,0,0,0,0,0,0,0,0,0,0,0,0
390,Denmark,2006,0,0,0,0,0,0,0,0,0,0,0,0,0,0
390,Denmark,2007,0,0,0,0,0,0,0,0,0,0,0,0,0,0
390,Denmark,2008,0,0,0,0,0,0,0,0,0,0,0,0,0,0
390,Denmark,2009,0,0,0,0,0,0,0,0,0,0,0,0,0,0
390,Denmark,2010,0,0,0,0,0,0,0,0,0,0,0,0,0,0
390,Denmark,2011,0,0,0,0,0,0,0,0,0,0,0,0,0,0
390,Denmark,2012,0,0,0,0,0,0,0,0,0,0,0,0,0,0
390,Denmark,2013,0,0,0,0,0,0,0,0,0,0,0,0,0,0
390,Denmark,2014,0,0,0,0,0,0,0,0,0,0,0,0,0,0
390,Denmark,2015,0,0,0,0,0,0,0,0,0,0,0,0,0,0
390,Denmark,2016,0,0,0,0,0,0,0,0,0,0,0,0,0,0
390,Denmark,2017,0,0,0,0,0,0,0,0,0,0,0,0,0,0
390,Denmark,2018,0,0,0,0,0,0,0,0,0,0,0,0,0,0
390,Denmark,2019,0,0,0,0,0,0,0,0,0,0,0,0,0,0
390,Denmark,2020,0,0,0,0,0,0,0,0,0,0,0,0,0,0
390,Denmark,2021,0,0,0,0,0,0,0,0,0,0,0,0,0,0
390,Denmark,2022,0,0,0,0,0,0,0,0,0,0,0,0,0,0
390,Denmark,2023,0,0,0,0,0,0,0,0,0,0,0,0,0,0
390,Denmark,2024,0,0,0,0,0,0,0,0,0,0,0,0,0,0
522,Djibouti,1990,1,1,60,1,60,0,0,0,0,0,0,0,0,60
522,Djibouti,1991,1,1,60,1,60,0,0,1,1,15,1,59,59,134
522,Djibouti,1992,1,1,129,1,129,0,0,0,0,0,1,0,0,129
522,Djibouti,1993,1,1,33,1,33,0,0,0,0,0,1,0,0,33
522,Djibouti,1994,1,1,39,1,39,0,0,0,0,0,1,0,0,39
522,Djibouti,1995,1,1,0,1,0,0,0,1,1,17,1,1,1,18
522,Djibouti,1996,0,0,0,0,0,0,0,0,0,0,1,0,0,0
522,Djibouti,1997,1,1,11,1,11,0,0,0,0,0,0,0,0,11
522,Djibouti,1998,1,1,16,1,16,0,0,0,0,0,0,0,0,16
522,Djibouti,1999,1,1,25,1,25,0,0,0,0,0,0,0,0,25
522,Djibouti,2000,0,0,0,0,0,0,0,0,0,0,0,0,0,0
522,Djibouti,2001,0,0,0,0,0,0,0,0,0,0,0,0,0,0
522,Djibouti,2002,0,0,0,0,0,0,0,0,0,0,0,0,0,0
522,Djibouti,2003,0,0,0,0,0,0,0,0,0,0,0,0,0,0
522,Djibouti,2004,0,0,0,0,0,0,0,0,0,0,0,0,0,0
522,Djibouti,2005,0,0,0,0,0,0,0,0,0,0,0,0,0,0
522,Djibouti,2006,0,0,0,0,0,0,0,0,0,0,0,0,0,0
522,Djibouti,2007,0,0,0,0,0,0,0,0,0,0,0,0,0,0
522,Djibouti,2008,1,1,35,0,0,1,35,0,0,0,0,0,0,35
522,Djibouti,2009,0,0,0,0,0,0,0,0,0,0,0,0,0,0
522,Djibouti,2010,0,0,0,0,0,0,0,0,0,0,0,0,0,0
522,Djibouti,2011,0,0,0,0,0,0,0,0,0,0,0,0,0,0
522,Djibouti,2012,0,0,0,0,0,0,0,0,0,0,0,0,0,0
522,Djibouti,2013,0,0,0,0,0,0,0,0,0,0,0,0,0,0
522,Djibouti,2014,0,0,0,0,0,0,0,0,0,0,1,1,0,1
522,Djibouti,2015,0,0,0,0,0,0,0,0,0,0,0,0,0,0
522,Djibouti,2016,0,0,0,0,0,0,0,0,0,0,0,0,0,0
522,Djibouti,2017,0,0,0,0,0,0,0,0,0,0,0,0,0,0
522,Djibouti,2018,0,0,0,0,0,0,0,1,1,6,0,0,0,6
522,Djibouti,2019,0,0,0,0,0,0,0,0,0,0,0,0,0,0
522,Djibouti,2020,0,0,0,0,0,0,0,0,0,0,0,0,0,0
522,Djibouti,2021,0,0,0,0,0,0,0,1,1,3,0,0,0,3
522,Djibouti,2022,0,0,0,0,0,0,0,0,0,0,0,0,0,0
522,Djibouti,2023,0,0,0,0,0,0,0,0,0,0,0,0,0,0
522,Djibouti,2024,0,0,0,0,0,0,0,0,0,0,0,0,0,0
54,Dominica,1990,0,0,0,0,0,0,0,0,0,0,0,0,0,0
54,Dominica,1991,0,0,0,0,0,0,0,0,0,0,0,0,0,0
54,Dominica,1992,0,0,0,0,0,0,0,0,0,0,0,0,0,0
54,Dominica,1993,0,0,0,0,0,0,0,0,0,0,0,0,0,0
54,Dominica,1994,0,0,0,0,0,0,0,0,0,0,0,0,0,0
54,Dominica,1995,0,0,0,0,0,0,0,0,0,0,0,0,0,0
54,Dominica,1996,0,0,0,0,0,0,0,0,0,0,0,0,0,0
54,Dominica,1997,0,0,0,0,0,0,0,0,0,0,0,0,0,0
54,Dominica,1998,0,0,0,0,0,0,0,0,0,0,0,0,0,0
54,Dominica,1999,0,0,0,0,0,0,0,0,0,0,0,0,0,0
54,Dominica,2000,0,0,0,0,0,0,0,0,0,0,0,0,0,0
54,Dominica,2001,0,0,0,0,0,0,0,0,0,0,0,0,0,0
54,Dominica,2002,0,0,0,0,0,0,0,0,0,0,0,0,0,0
54,Dominica,2003,0,0,0,0,0,0,0,0,0,0,0,0,0,0
54,Dominica,2004,0,0,0,0,0,0,0,0,0,0,0,0,0,0
54,Dominica,2005,0,0,0,0,0,0,0,0,0,0,0,0,0,0
54,Dominica,2006,0,0,0,0,0,0,0,0,0,0,0,0,0,0
54,Dominica,2007,0,0,0,0,0,0,0,0,0,0,0,0,0,0
54,Dominica,2008,0,0,0,0,0,0,0,0,0,0,0,0,0,0
54,Dominica,2009,0,0,0,0,0,0,0,0,0,0,0,0,0,0
54,Dominica,2010,0,0,0,0,0,0,0,0,0,0,0,0,0,0
54,Dominica,2011,0,0,0,0,0,0,0,0,0,0,0,0,0,0
54,Dominica,2012,0,0,0,0,0,0,0,0,0,0,0,0,0,0
54,Dominica,2013,0,0,0,0,0,0,0,0,0,0,0,0,0,0
54,Dominica,2014,0,0,0,0,0,0,0,0,0,0,0,0,0,0
54,Dominica,2015,0,0,0,0,0,0,0,0,0,0,0,0,0,0
54,Dominica,2016,0,0,0,0,0,0,0,0,0,0,0,0,0,0
54,Dominica,2017,0,0,0,0,0,0,0,0,0,0,0,0,0,0
54,Dominica,2018,0,0,0,0,0,0,0,0,0,0,0,0,0,0
54,Dominica,2019,0,0,0,0,0,0,0,0,0,0,0,0,0,0
54,Dominica,2020,0,0,0,0,0,0,0,0,0,0,0,0,0,0
54,Dominica,2021,0,0,0,0,0,0,0,0,0,0,0,0,0,0
54,Dominica,2022,0,0,0,0,0,0,0,0,0,0,0,0,0,0
54,Dominica,2023,0,0,0,0,0,0,0,0,0,0,0,0,0,0
54,Dominica,2024,0,0,0,0,0,0,0,0,0,0,0,0,0,0
42,Dominican Republic,1990,0,0,0,0,0,0,0,0,0,0,0,0,0,0
42,Dominican Republic,1991,0,0,0,0,0,0,0,0,0,0,0,0,0,0
42,Dominican Republic,1992,0,0,0,0,0,0,0,0,0,0,0,0,0,0
42,Dominican Republic,1993,0,0,0,0,0,0,0,0,0,0,0,0,0,0
42,Dominican Republic,1994,0,0,0,0,0,0,0,0,0,0,0,0,0,0
42,Dominican Republic,1995,0,0,0,0,0,0,0,0,0,0,0,0,0,0
42,Dominican Republic,1996,0,0,0,0,0,0,0,0,0,0,0,0,0,0
42,Dominican Republic,1997,0,0,0,0,0,0,0,0,0,0,0,0,0,0
42,Dominican Republic,1998,0,0,0,0,0,0,0,0,0,0,0,0,0,0
42,Dominican Republic,1999,0,0,0,0,0,0,0,0,0,0,0,0,0,0
42,Dominican Republic,2000,0,0,0,0,0,0,0,0,0,0,0,0,0,0
42,Dominican Republic,2001,0,0,0,0,0,0,0,0,0,0,0,0,0,0
42,Dominican Republic,2002,0,0,0,0,0,0,0,0,0,0,0,0,0,0
42,Dominican Republic,2003,0,0,0,0,0,0,0,0,0,0,0,0,0,0
42,Dominican Republic,2004,0,0,0,0,0,0,0,0,0,0,0,0,0,0
42,Dominican Republic,2005,0,0,0,0,0,0,0,0,0,0,0,0,0,0
42,Dominican Republic,2006,0,0,0,0,0,0,0,0,0,0,0,0,0,0
42,Dominican Republic,2007,0,0,0,0,0,0,0,0,0,0,0,0,0,0
42,Dominican Republic,2008,0,0,0,0,0,0,0,0,0,0,0,0,0,0
42,Dominican Republic,2009,0,0,0,0,0,0,0,0,0,0,0,0,0,0
42,Dominican Republic,2010,0,0,0,0,0,0,0,0,0,0,0,0,0,0
42,Dominican Republic,2011,0,0,0,0,0,0,0,0,0,0,0,0,0,0
42,Dominican Republic,2012,0,0,0,0,0,0,0,0,0,0,0,0,0,0
42,Dominican Republic,2013,0,0,0,0,0,0,0,0,0,0,0,0,0,0
42,Dominican Republic,2014,0,0,0,0,0,0,0,0,0,0,0,0,0,0
42,Dominican Republic,2015,0,0,0,0,0,0,0,0,0,0,0,0,0,0
42,Dominican Republic,2016,0,0,0,0,0,0,0,0,0,0,0,0,0,0
42,Dominican Republic,2017,0,0,0,0,0,0,0,0,0,0,0,0,0,0
42,Dominican Republic,2018,0,0,0,0,0,0,0,0,0,0,0,0,0,0
42,Dominican Republic,2019,0,0,0,0,0,0,0,0,0,0,0,0,0,0
42,Dominican Republic,2020,0,0,0,0,0,0,0,0,0,0,0,0,0,0
42,Dominican Republic,2021,0,0,0,0,0,0,0,0,0,0,0,0,0,0
42,Dominican Republic,2022,0,0,0,0,0,0,0,0,0,0,0,0,0,0
42,Dominican Republic,2023,0,0,0,0,0,0,0,0,0,0,0,0,0,0
42,Dominican Republic,2024,0,0,0,0,0,0,0,0,0,0,0,0,0,0
860,East Timor,2002,0,0,0,0,0,0,0,0,0,0,0,0,0,0
860,East Timor,2003,0,0,0,0,0,0,0,0,0,0,0,0,0,0
860,East Timor,2004,0,0,0,0,0,0,0,0,0,0,0,0,0,0
860,East Timor,2005,0,0,0,0,0,0,0,0,0,0,0,0,0,0
860,East Timor,2006,0,0,0,0,0,0,0,0,0,0,0,0,0,0
860,East Timor,2007,0,0,0,0,0,0,0,0,0,0,0,0,0,0
860,East Timor,2008,0,0,0,0,0,0,0,0,0,0,0,0,0,0
860,East Timor,2009,0,0,0,0,0,0,0,0,0,0,0,0,0,0
860,East Timor,2010,0,0,0,0,0,0,0,0,0,0,0,0,0,0
860,East Timor,2011,0,0,0,0,0,0,0,0,0,0,0,0,0,0
860,East Timor,2012,0,0,0,0,0,0,0,0,0,0,0,0,0,0
860,East Timor,2013,0,0,0,0,0,0,0,0,0,0,0,0,0,0
860,East Timor,2014,0,0,0,0,0,0,0,0,0,0,0,0,0,0
860,East Timor,2015,0,0,0,0,0,0,0,0,0,0,0,0,0,0
860,East Timor,2016,0,0,0,0,0,0,0,0,0,0,0,0,0,0
860,East Timor,2017,0,0,0,0,0,0,0,0,0,0,0,0,0,0
860,East Timor,2018,0,0,0,0,0,0,0,0,0,0,0,0,0,0
860,East Timor,2019,0,0,0,0,0,0,0,0,0,0,0,0,0,0
860,East Timor,2020,0,0,0,0,0,0,0,0,0,0,0,0,0,0
860,East Timor,2021,0,0,0,0,0,0,0,0,0,0,0,0,0,0
860,East Timor,2022,0,0,0,0,0,0,0,0,0,0,0,0,0,0
860,East Timor,2023,0,0,0,0,0,0,0,0,0,0,0,0,0,0
860,East Timor,2024,0,0,0,0,0,0,0,0,0,0,0,0,0,0
130,Ecuador,1990,0,0,0,0,0,0,0,0,0,0,0,0,0,0
130,Ecuador,1991,0,0,0,0,0,0,0,0,0,0,0,0,0,0
130,Ecuador,1992,0,0,0,0,0,0,0,0,0,0,0,0,0,0
130,Ecuador,1993,0,0,0,0,0,0,0,0,0,0,0,0,0,0
130,Ecuador,1994,0,0,0,0,0,0,0,0,0,0,0,0,0,0
130,Ecuador,1995,1,1,11,0,0,1,11,0,0,0,0,0,0,11
130,Ecuador,1996,0,0,0,0,0,0,0,0,0,0,0,0,0,0
130,Ecuador,1997,0,0,0,0,0,0,0,0,0,0,0,0,0,0
130,Ecuador,1998,0,0,0,0,0,0,0,0,0,0,0,0,0,0
130,Ecuador,1999,0,0,0,0,0,0,0,0,0,0,0,0,0,0
130,Ecuador,2000,0,0,0,0,0,0,0,0,0,0,0,0,0,0
130,Ecuador,2001,0,0,0,0,0,0,0,1,1,2,0,0,0,2
130,Ecuador,2002,0,0,0,0,0,0,0,0,0,0,0,0,0,0
130,Ecuador,2003,0,0,0,0,0,0,0,1,1,26,0,0,0,26
130,Ecuador,2004,0,0,0,0,0,0,0,0,0,0,0,0,0,0
130,Ecuador,2005,0,0,0,0,0,0,0,0,0,0,1,3,0,3
130,Ecuador,2006,0,0,0,0,0,0,0,0,0,0,1,2,2,2
130,Ecuador,2007,0,0,0,0,0,0,0,0,0,0,1,2,2,2
130,Ecuador,2008,1,1,50,1,50,0,0,0,0,0,1,3,3,53
130,Ecuador,2009,0,0,0,0,0,0,0,0,0,0,0,0,0,0
130,Ecuador,2010,0,0,0,0,0,0,0,0,0,0,0,0,0,0
130,Ecuador,2011,0,0,0,0,0,0,0,0,0,0,0,0,0,0
130,Ecuador,2012,0,0,0,0,0,0,0,0,0,0,0,0,0,0
130,Ecuador,2013,0,0,0,0,0,0,0,0,0,0,0,0,0,0
130,Ecuador,2014,0,0,0,0,0,0,0,0,0,0,0,0,0,0
130,Ecuador,2015,0,0,0,0,0,0,0,0,0,0,0,0,0,0
130,Ecuador,2016,0,0,0,0,0,0,0,0,0,0,0,0,0,0
130,Ecuador,2017,0,0,0,0,0,0,0,0,0,0,0,0,0,0
130,Ecuador,2018,0,0,0,0,0,0,0,0,0,0,0,0,0,0
130,Ecuador,2019,1,1,2,1,2,0,0,0,0,0,0,0,0,2
130,Ecuador,2020,0,0,0,0,0,0,0,1,1,11,0,0,0,11
130,Ecuador,2021,0,0,0,0,0,0,0,1,2,291,0,0,0,291
130,Ecuador,2022,0,0,0,0,0,0,0,1,2,114,1,4,0,118
130,Ecuador,2023,0,0,0,0,0,0,0,1,9,540,0,0,0,540
130,Ecuador,2024,0,0,0,0,0,0,0,1,9,328,0,0,0,328
651,Egypt,1990,0,0,0,0,0,0,0,0,0,0,1,4,4,4
651,Egypt,1991,0,0,0,0,0,0,0,0,0,0,0,0,0,0
651,Egypt,1992,1,1,11,1,11,0,0,0,0,0,1,2,0,13
651,Egypt,1993,1,1,103,1,103,0,0,0,0,0,1,5,0,108
651,Egypt,1994,1,1,145,1,145,0,0,0,0,0,1,17,0,162
651,Egypt,1995,1,1,187,1,187,0,0,1,1,6,1,40,0,233
651,Egypt,1996,1,1,85,1,85,0,0,0,0,0,1,64,0,149
651,Egypt,1997,1,1,66,1,66,0,0,0,0,0,1,77,0,143
651,Egypt,1998,1,1,27,1,27,0,0,0,0,0,1,2,0,29
651,Egypt,1999,1,1,4,1,4,0,0,0,0,0,0,0,0,4
651,Egypt,2000,1,1,2,1,2,0,0,1,1,3,0,0,0,5
651,Egypt,2001,0,0,0,0,0,0,0,0,0,0,0,0,0,0
651,Egypt,2002,0,0,0,0,0,0,0,0,0,0,0,0,0,0
651,Egypt,2003,0,0,0,0,0,0,0,0,0,0,0,0,0,0
651,Egypt,2004,0,0,0,0,0,0,0,1,1,1,1,34,0,35
651,Egypt,2005,0,0,0,0,0,0,0,0,0,0,1,124,36,124
651,Egypt,2006,0,0,0,0,0,0,0,1,1,2,0,0,0,2
651,Egypt,2007,0,0,0,0,0,0,0,0,0,0,0,0,0,0
651,Egypt,2008,0,0,0,0,0,0,0,1,1,2,0,0,0,2
651,Egypt,2009,0,0,0,0,0,0,0,1,1,1,0,0,0,1
651,Egypt,2010,1,1,1,1,1,0,0,0,0,0,0,0,0,1
651,Egypt,2011,0,0,0,0,0,0,0,1,1,31,0,0,0,31
651,Egypt,2012,0,0,0,0,0,0,0,1,2,75,0,0,0,75
651,Egypt,2013,0,0,0,0,0,0,0,1,2,130,1,5,5,135
651,Egypt,2014,1,2,208,1,208,0,0,1,3,41,0,0,0,249
651,Egypt,2015,1,1,767,1,767,0,0,0,0,0,1,224,0,991
651,Egypt,2016,1,2,367,1,367,0,0,1,1,1,1,36,0,404
651,Egypt,2017,1,3,497,1,497,0,0,0,0,0,1,405,0,902
651,Egypt,2018,1,2,680,1,680,0,0,0,0,0,1,12,4,692
651,Egypt,2019,1,2,637,1,637,0,0,0,0,0,1,27,0,664
651,Egypt,2020,1,1,527,1,527,0,0,0,0,0,1,20,1,547
651,Egypt,2021,1,1,112,1,112,0,0,0,0,0,1,12,0,124
651,Egypt,2022,1,1,231,1,231,0,0,0,0,0,1,5,0,236
651,Egypt,2023,1,1,1,1,1,0,0,0,0,0,1,5,5,6
651,Egypt,2024,0,0,0,0,0,0,0,0,0,0,0,0,0,0
92,El Salvador,1990,1,1,849,1,849,0,0,0,0,0,0,0,0,849
92,El Salvador,1991,1,1,88,1,88,0,0,0,0,0,0,0,0,88
92,El Salvador,1992,1,1,4,1,4,0,0,0,0,0,0,0,0,4
92,El Salvador,1993,0,0,0,0,0,0,0,0,0,0,0,0,0,0
92,El Salvador,1994,0,0,0,0,0,0,0,0,0,0,0,0,0,0
92,El Salvador,1995,0,0,0,0,0,0,0,0,0,0,0,0,0,0
92,El Salvador,1996,0,0,0,0,0,0,0,0,0,0,0,0,0,0
92,El Salvador,1997,0,0,0,0,0,0,0,0,0,0,0,0,0,0
92,El Salvador,1998,0,0,0,0,0,0,0,0,0,0,0,0,0,0
92,El Salvador,1999,0,0,0,0,0,0,0,0,0,0,0,0,0,0
92,El Salvador,2000,0,0,0,0,0,0,0,0,0,0,0,0,0,0
92,El Salvador,2001,0,0,0,0,0,0,0,0,0,0,0,0,0,0
92,El Salvador,2002,0,0,0,0,0,0,0,0,0,0,0,0,0,0
92,El Salvador,2003,0,0,0,0,0,0,0,0,0,0,0,0,0,0
92,El Salvador,2004,0,0,0,0,0,0,0,1,1,34,0,0,0,34
92,El Salvador,2005,0,0,0,0,0,0,0,0,0,0,0,0,0,0
92,El Salvador,2006,0,0,0,0,0,0,0,0,0,0,0,0,0,0
92,El Salvador,2007,0,0,0,0,0,0,0,0,0,0,0,0,0,0
92,El Salvador,2008,0,0,0,0,0,0,0,0,0,0,0,0,0,0
92,El Salvador,2009,0,0,0,0,0,0,0,0,0,0,1,5,0,5
92,El Salvador,2010,0,0,0,0,0,0,0,0,0,0,1,2,0,2
92,El Salvador,2011,0,0,0,0,0,0,0,0,0,0,0,0,0,0
92,El Salvador,2012,0,0,0,0,0,0,0,0,0,0,0,0,0,0
92,El Salvador,2013,0,0,0,0,0,0,0,0,0,0,0,0,0,0
92,El Salvador,2014,0,0,0,0,0,0,0,0,0,0,0,0,0,0
92,El Salvador,2015,0,0,0,0,0,0,0,0,0,0,1,1,0,1
92,El Salvador,2016,0,0,0,0,0,0,0,0,0,0,0,0,0,0
92,El Salvador,2017,0,0,0,0,0,0,0,0,0,0,1,1,0,1
92,El Salvador,2018,0,0,0,0,0,0,0,0,0,0,0,0,0,0
92,El Salvador,2019,0,0,0,0,0,0,0,0,0,0,1,1,0,1
92,El Salvador,2020,0,0,0,0,0,0,0,0,0,0,0,0,0,0
92,El Salvador,2021,0,0,0,0,0,0,0,0,0,0,1,9,0,9
92,El Salvador,2022,0,0,0,0,0,0,0,0,0,0,1,88,0,88
92,El Salvador,2023,0,0,0,0,0,0,0,0,0,0,0,0,0,0
92,El Salvador,2024,0,0,0,0,0,0,0,0,0,0,0,0,0,0
411,Equatorial Guinea,1990,0,0,0,0,0,0,0,0,0,0,0,0,0,0
411,Equatorial Guinea,1991,0,0,0,0,0,0,0,0,0,0,0,0,0,0
411,Equatorial Guinea,1992,0,0,0,0,0,0,0,0,0,0,0,0,0,0
411,Equatorial Guinea,1993,0,0,0,0,0,0,0,0,0,0,0,0,0,0
411,Equatorial Guinea,1994,0,0,0,0,0,0,0,0,0,0,0,0,0,0
411,Equatorial Guinea,1995,0,0,0,0,0,0,0,0,0,0,0,0,0,0
411,Equatorial Guinea,1996,0,0,0,0,0,0,0,0,0,0,0,0,0,0
411,Equatorial Guinea,1997,0,0,0,0,0,0,0,0,0,0,0,0,0,0
411,Equatorial Guinea,1998,0,0,0,0,0,0,0,0,0,0,0,0,0,0
411,Equatorial Guinea,1999,0,0,0,0,0,0,0,0,0,0,0,0,0,0
411,Equatorial Guinea,2000,0,0,0,0,0,0,0,0,0,0,0,0,0,0
411,Equatorial Guinea,2001,0,0,0,0,0,0,0,0,0,0,0,0,0,0
411,Equatorial Guinea,2002,0,0,0,0,0,0,0,0,0,0,0,0,0,0
411,Equatorial Guinea,2003,0,0,0,0,0,0,0,0,0,0,0,0,0,0
411,Equatorial Guinea,2004,0,0,0,0,0,0,0,0,0,0,0,0,0,0
411,Equatorial Guinea,2005,0,0,0,0,0,0,0,0,0,0,0,0,0,0
411,Equatorial Guinea,2006,0,0,0,0,0,0,0,0,0,0,0,0,0,0
411,Equatorial Guinea,2007,0,0,0,0,0,0,0,0,0,0,0,0,0,0
411,Equatorial Guinea,2008,0,0,0,0,0,0,0,0,0,0,0,0,0,0
411,Equatorial Guinea,2009,0,0,0,0,0,0,0,0,0,0,0,0,0,0
411,Equatorial Guinea,2010,0,0,0,0,0,0,0,0,0,0,0,0,0,0
411,Equatorial Guinea,2011,0,0,0,0,0,0,0,0,0,0,0,0,0,0
411,Equatorial Guinea,2012,0,0,0,0,0,0,0,0,0,0,0,0,0,0
411,Equatorial Guinea,2013,0,0,0,0,0,0,0,0,0,0,0,0,0,0
411,Equatorial Guinea,2014,0,0,0,0,0,0,0,0,0,0,0,0,0,0
411,Equatorial Guinea,2015,0,0,0,0,0,0,0,0,0,0,0,0,0,0
411,Equatorial Guinea,2016,0,0,0,0,0,0,0,0,0,0,0,0,0,0
411,Equatorial Guinea,2017,0,0,0,0,0,0,0,0,0,0,0,0,0,0
411,Equatorial Guinea,2018,0,0,0,0,0,0,0,0,0,0,0,0,0,0
411,Equatorial Guinea,2019,0,0,0,0,0,0,0,0,0,0,0,0,0,0
411,Equatorial Guinea,2020,0,0,0,0,0,0,0,0,0,0,0,0,0,0
411,Equatorial Guinea,2021,0,0,0,0,0,0,0,0,0,0,0,0,0,0
411,Equatorial Guinea,2022,0,0,0,0,0,0,0,0,0,0,0,0,0,0
411,Equatorial Guinea,2023,0,0,0,0,0,0,0,0,0,0,0,0,0,0
411,Equatorial Guinea,2024,0,0,0,0,0,0,0,0,0,0,0,0,0,0
531,Eritrea,1993,1,1,21,1,21,0,0,0,0,0,0,0,0,21
531,Eritrea,1994,0,0,0,0,0,0,0,0,0,0,0,0,0,0
531,Eritrea,1995,0,0,0,0,0,0,0,0,0,0,0,0,0,0
531,Eritrea,1996,1,1,14,1,14,0,0,0,0,0,0,0,0,14
531,Eritrea,1997,1,1,31,1,31,0,0,0,0,0,0,0,0,31
531,Eritrea,1998,1,1,792,0,0,1,792,0,0,0,0,0,0,792
531,Eritrea,1999,1,2,17203,1,25,1,17178,0,0,0,0,0,0,17203
531,Eritrea,2000,1,1,1793,0,0,1,1793,0,0,0,1,0,0,1793
531,Eritrea,2001,0,0,0,0,0,0,0,0,0,0,0,0,0,0
531,Eritrea,2002,0,0,0,0,0,0,0,0,0,0,0,0,0,0
531,Eritrea,2003,1,1,57,1,57,0,0,0,0,0,0,0,0,57
531,Eritrea,2004,0,0,0,0,0,0,0,0,0,0,0,0,0,0
531,Eritrea,2005,0,0,0,0,0,0,0,0,0,0,0,0,0,0
531,Eritrea,2006,0,0,0,0,0,0,0,0,0,0,0,0,0,0
531,Eritrea,2007,0,0,0,0,0,0,0,0,0,0,0,0,0,0
531,Eritrea,2008,0,0,0,0,0,0,0,0,0,0,1,0,0,0
531,Eritrea,2009,0,0,0,0,0,0,0,0,0,0,0,0,0,0
531,Eritrea,2010,0,0,0,0,0,0,0,0,0,0,0,0,0,0
531,Eritrea,2011,0,0,0,0,0,0,0,0,0,0,0,0,0,0
531,Eritrea,2012,0,0,0,0,0,0,0,0,0,0,0,0,0,0
531,Eritrea,2013,0,0,0,0,0,0,0,0,0,0,0,0,0,0
531,Eritrea,2014,0,0,0,0,0,0,0,0,0,0,0,0,0,0
531,Eritrea,2015,0,0,0,0,0,0,0,0,0,0,0,0,0,0
531,Eritrea,2016,1,1,25,0,0,1,25,0,0,0,0,0,0,25
531,Eritrea,2017,0,0,0,0,0,0,0,0,0,0,0,0,0,0
531,Eritrea,2018,0,0,0,0,0,0,0,0,0,0,0,0,0,0
531,Eritrea,2019,0,0,0,0,0,0,0,0,0,0,0,0,0,0
531,Eritrea,2020,0,0,0,0,0,0,0,0,0,0,0,0,0,0
531,Eritrea,2021,0,0,0,0,0,0,0,0,0,0,0,0,0,0
531,Eritrea,2022,1,1,4,1,4,0,0,0,0,0,0,0,0,4
531,Eritrea,2023,0,0,0,0,0,0,0,0,0,0,0,0,0,0
531,Eritrea,2024,0,0,0,0,0,0,0,0,0,0,0,0,0,0
366,Estonia,1991,0,0,0,0,0,0,0,0,0,0,0,0,0,0
366,Estonia,1992,0,0,0,0,0,0,0,0,0,0,0,0,0,0
366,Estonia,1993,0,0,0,0,0,0,0,0,0,0,0,0,0,0
366,Estonia,1994,0,0,0,0,0,0,0,0,0,0,0,0,0,0
366,Estonia,1995,0,0,0,0,0,0,0,0,0,0,0,0,0,0
366,Estonia,1996,0,0,0,0,0,0,0,0,0,0,0,0,0,0
366,Estonia,1997,0,0,0,0,0,0,0,0,0,0,0,0,0,0
366,Estonia,1998,0,0,0,0,0,0,0,0,0,0,0,0,0,0
366,Estonia,1999,0,0,0,0,0,0,0,0,0,0,0,0,0,0
366,Estonia,2000,0,0,0,0,0,0,0,0,0,0,0,0,0,0
366,Estonia,2001,0,0,0,0,0,0,0,0,0,0,0,0,0,0
366,Estonia,2002,0,0,0,0,0,0,0,0,0,0,0,0,0,0
366,Estonia,2003,0,0,0,0,0,0,0,0,0,0,0,0,0,0
366,Estonia,2004,0,0,0,0,0,0,0,0,0,0,0,0,0,0
366,Estonia,2005,0,0,0,0,0,0,0,0,0,0,0,0,0,0
366,Estonia,2006,0,0,0,0,0,0,0,0,0,0,0,0,0,0
366,Estonia,2007,0,0,0,0,0,0,0,0,0,0,0,0,0,0
366,Estonia,2008,0,0,0,0,0,0,0,0,0,0,0,0,0,0
366,Estonia,2009,0,0,0,0,0,0,0,0,0,0,0,0,0,0
366,Estonia,2010,0,0,0,0,0,0,0,0,0,0,0,0,0,0
366,Estonia,2011,0,0,0,0,0,0,0,0,0,0,0,0,0,0
366,Estonia,2012,0,0,0,0,0,0,0,0,0,0,0,0,0,0
366,Estonia,2013,0,0,0,0,0,0,0,0,0,0,0,0,0,0
366,Estonia,2014,0,0,0,0,0,0,0,0,0,0,0,0,0,0
366,Estonia,2015,0,0,0,0,0,0,0,0,0,0,0,0,0,0
366,Estonia,2016,0,0,0,0,0,0,0,0,0,0,0,0,0,0
366,Estonia,2017,0,0,0,0,0,0,0,0,0,0,0,0,0,0
366,Estonia,2018,0,0,0,0,0,0,0,0,0,0,0,0,0,0
366,Estonia,2019,0,0,0,0,0,0,0,0,0,0,0,0,0,0
366,Estonia,2020,0,0,0,0,0,0,0,0,0,0,0,0,0,0
366,Estonia,2021,0,0,0,0,0,0,0,0,0,0,0,0,0,0
366,Estonia,2022,0,0,0,0,0,0,0,0,0,0,0,0,0,0
366,Estonia,2023,0,0,0,0,0,0,0,0,0,0,0,0,0,0
366,Estonia,2024,0,0,0,0,0,0,0,0,0,0,0,0,0,0
530,Ethiopia,1990,1,3,49698,1,49698,0,0,0,0,0,1,158,158,49856
530,Ethiopia,1991,1,5,12225,1,12225,0,0,1,5,178,1,37,37,12440
530,Ethiopia,1992,1,2,174,1,174,0,0,1,6,852,0,0,0,1026
530,Ethiopia,1993,1,2,36,1,36,0,0,1,3,71,1,26,26,133
530,Ethiopia,1994,1,3,76,1,76,0,0,0,0,0,0,0,0,76
530,Ethiopia,1995,1,3,43,1,43,0,0,1,1,1000,0,0,0,1043
530,Ethiopia,1996,1,3,52,1,52,0,0,1,1,13,0,0,0,65
530,Ethiopia,1997,1,1,6,1,6,0,0,1,2,6,0,0,0,12
530,Ethiopia,1998,1,3,258,1,50,1,208,1,2,766,1,3,3,1027
530,Ethiopia,1999,1,4,30729,1,715,1,30014,1,2,57,1,0,0,30786
530,Ethiopia,2000,1,3,48257,1,50,1,48207,1,8,409,1,0,0,48666
530,Ethiopia,2001,1,2,40,1,40,0,0,1,8,348,1,0,0,388
530,Ethiopia,2002,1,2,50,1,50,0,0,1,8,724,1,35,35,809
530,Ethiopia,2003,1,2,50,1,50,0,0,1,9,532,1,511,509,1093
530,Ethiopia,2004,1,2,50,1,50,0,0,1,6,181,1,244,244,475
530,Ethiopia,2005,1,2,83,1,83,0,0,1,5,183,1,24,24,290
530,Ethiopia,2006,1,2,50,1,50,0,0,1,7,360,1,20,20,430
530,Ethiopia,2007,1,2,177,1,177,0,0,1,7,88,1,235,153,500
530,Ethiopia,2008,1,2,50,1,50,0,0,1,8,260,1,1,1,311
530,Ethiopia,2009,1,2,515,1,515,0,0,1,6,75,0,0,0,590
530,Ethiopia,2010,1,2,151,1,151,0,0,1,1,1,1,0,0,152
530,Ethiopia,2011,1,3,51,1,51,0,0,1,1,15,0,0,0,66
530,Ethiopia,2012,1,2,50,1,50,0,0,1,4,253,1,88,88,391
530,Ethiopia,2013,1,3,77,1,77,0,0,0,0,0,1,11,11,88
530,Ethiopia,2014,1,3,30,1,30,0,0,1,1,100,1,9,9,139
530,Ethiopia,2015,1,2,49,1,49,0,0,0,0,0,1,258,258,307
530,Ethiopia,2016,1,2,50,1,50,0,0,1,2,178,1,301,301,529
530,Ethiopia,2017,1,1,0,1,0,0,0,1,5,315,1,173,173,488
530,Ethiopia,2018,1,2,18,1,18,0,0,1,10,509,1,186,186,713
530,Ethiopia,2019,1,3,67,1,67,0,0,1,5,213,1,145,141,425
530,Ethiopia,2020,1,2,20916,1,20916,0,0,1,11,583,1,2930,2573,24429
530,Ethiopia,2021,1,4,124553,1,124553,0,0,1,3,157,1,4806,4229,129516
530,Ethiopia,2022,1,4,163210,1,163210,0,0,1,4,21,1,1794,1357,165025
530,Ethiopia,2023,1,3,1688,1,1688,0,0,1,5,189,1,469,190,2346
530,Ethiopia,2024,1,3,2834,1,2834,0,0,1,7,208,1,1030,704,4072
987,Federated States of Micronesia,1990,0,0,0,0,0,0,0,0,0,0,0,0,0,0
987,Federated States of Micronesia,1991,0,0,0,0,0,0,0,0,0,0,0,0,0,0
987,Federated States of Micronesia,1992,0,0,0,0,0,0,0,0,0,0,0,0,0,0
987,Federated States of Micronesia,1993,0,0,0,0,0,0,0,0,0,0,0,0,0,0
987,Federated States of Micronesia,1994,0,0,0,0,0,0,0,0,0,0,0,0,0,0
987,Federated States of Micronesia,1995,0,0,0,0,0,0,0,0,0,0,0,0,0,0
987,Federated States of Micronesia,1996,0,0,0,0,0,0,0,0,0,0,0,0,0,0
987,Federated States of Micronesia,1997,0,0,0,0,0,0,0,0,0,0,0,0,0,0
987,Federated States of Micronesia,1998,0,0,0,0,0,0,0,0,0,0,0,0,0,0
987,Federated States of Micronesia,1999,0,0,0,0,0,0,0,0,0,0,0,0,0,0
987,Federated States of Micronesia,2000,0,0,0,0,0,0,0,0,0,0,0,0,0,0
987,Federated States of Micronesia,2001,0,0,0,0,0,0,0,0,0,0,0,0,0,0
987,Federated States of Micronesia,2002,0,0,0,0,0,0,0,0,0,0,0,0,0,0
987,Federated States of Micronesia,2003,0,0,0,0,0,0,0,0,0,0,0,0,0,0
987,Federated States of Micronesia,2004,0,0,0,0,0,0,0,0,0,0,0,0,0,0
987,Federated States of Micronesia,2005,0,0,0,0,0,0,0,0,0,0,0,0,0,0
987,Federated States of Micronesia,2006,0,0,0,0,0,0,0,0,0,0,0,0,0,0
987,Federated States of Micronesia,2007,0,0,0,0,0,0,0,0,0,0,0,0,0,0
987,Federated States of Micronesia,2008,0,0,0,0,0,0,0,0,0,0,0,0,0,0
987,Federated States of Micronesia,2009,0,0,0,0,0,0,0,0,0,0,0,0,0,0
987,Federated States of Micronesia,2010,0,0,0,0,0,0,0,0,0,0,0,0,0,0
987,Federated States of Micronesia,2011,0,0,0,0,0,0,0,0,0,0,0,0,0,0
987,Federated States of Micronesia,2012,0,0,0,0,0,0,0,0,0,0,0,0,0,0
987,Federated States of Micronesia,2013,0,0,0,0,0,0,0,0,0,0,0,0,0,0
987,Federated States of Micronesia,2014,0,0,0,0,0,0,0,0,0,0,0,0,0,0
987,Federated States of Micronesia,2015,0,0,0,0,0,0,0,0,0,0,0,0,0,0
987,Federated States of Micronesia,2016,0,0,0,0,0,0,0,0,0,0,0,0,0,0
987,Federated States of Micronesia,2017,0,0,0,0,0,0,0,0,0,0,0,0,0,0
987,Federated States of Micronesia,2018,0,0,0,0,0,0,0,0,0,0,0,0,0,0
987,Federated States of Micronesia,2019,0,0,0,0,0,0,0,0,0,0,0,0,0,0
987,Federated States of Micronesia,2020,0,0,0,0,0,0,0,0,0,0,0,0,0,0
987,Federated States of Micronesia,2021,0,0,0,0,0,0,0,0,0,0,0,0,0,0
987,Federated States of Micronesia,2022,0,0,0,0,0,0,0,0,0,0,0,0,0,0
987,Federated States of Micronesia,2023,0,0,0,0,0,0,0,0,0,0,0,0,0,0
987,Federated States of Micronesia,2024,0,0,0,0,0,0,0,0,0,0,0,0,0,0
950,Fiji,1990,0,0,0,0,0,0,0,0,0,0,0,0,0,0
950,Fiji,1991,0,0,0,0,0,0,0,0,0,0,0,0,0,0
950,Fiji,1992,0,0,0,0,0,0,0,0,0,0,0,0,0,0
950,Fiji,1993,0,0,0,0,0,0,0,0,0,0,0,0,0,0
950,Fiji,1994,0,0,0,0,0,0,0,0,0,0,0,0,0,0
950,Fiji,1995,0,0,0,0,0,0,0,0,0,0,0,0,0,0
950,Fiji,1996,0,0,0,0,0,0,0,0,0,0,0,0,0,0
950,Fiji,1997,0,0,0,0,0,0,0,0,0,0,0,0,0,0
950,Fiji,1998,0,0,0,0,0,0,0,0,0,0,0,0,0,0
950,Fiji,1999,0,0,0,0,0,0,0,0,0,0,0,0,0,0
950,Fiji,2000,0,0,0,0,0,0,0,0,0,0,0,0,0,0
950,Fiji,2001,0,0,0,0,0,0,0,0,0,0,0,0,0,0
950,Fiji,2002,0,0,0,0,0,0,0,0,0,0,0,0,0,0
950,Fiji,2003,0,0,0,0,0,0,0,0,0,0,0,0,0,0
950,Fiji,2004,0,0,0,0,0,0,0,0,0,0,0,0,0,0
950,Fiji,2005,0,0,0,0,0,0,0,0,0,0,0,0,0,0
950,Fiji,2006,0,0,0,0,0,0,0,0,0,0,0,0,0,0
950,Fiji,2007,0,0,0,0,0,0,0,0,0,0,0,0,0,0
950,Fiji,2008,0,0,0,0,0,0,0,0,0,0,0,0,0,0
950,Fiji,2009,0,0,0,0,0,0,0,0,0,0,0,0,0,0
950,Fiji,2010,0,0,0,0,0,0,0,0,0,0,0,0,0,0
950,Fiji,2011,0,0,0,0,0,0,0,0,0,0,0,0,0,0
950,Fiji,2012,0,0,0,0,0,0,0,0,0,0,0,0,0,0
950,Fiji,2013,0,0,0,0,0,0,0,0,0,0,0,0,0,0
950,Fiji,2014,0,0,0,0,0,0,0,0,0,0,0,0,0,0
950,Fiji,2015,0,0,0,0,0,0,0,0,0,0,0,0,0,0
950,Fiji,2016,0,0,0,0,0,0,0,0,0,0,0,0,0,0
950,Fiji,2017,0,0,0,0,0,0,0,0,0,0,0,0,0,0
950,Fiji,2018,0,0,0,0,0,0,0,0,0,0,0,0,0,0
950,Fiji,2019,0,0,0,0,0,0,0,0,0,0,0,0,0,0
950,Fiji,2020,0,0,0,0,0,0,0,0,0,0,0,0,0,0
950,Fiji,2021,0,0,0,0,0,0,0,0,0,0,0,0,0,0
950,Fiji,2022,0,0,0,0,0,0,0,0,0,0,0,0,0,0
950,Fiji,2023,0,0,0,0,0,0,0,0,0,0,0,0,0,0
950,Fiji,2024,0,0,0,0,0,0,0,0,0,0,0,0,0,0
375,Finland,1990,0,0,0,0,0,0,0,0,0,0,0,0,0,0
375,Finland,1991,0,0,0,0,0,0,0,0,0,0,0,0,0,0
375,Finland,1992,0,0,0,0,0,0,0,0,0,0,0,0,0,0
375,Finland,1993,0,0,0,0,0,0,0,0,0,0,0,0,0,0
375,Finland,1994,0,0,0,0,0,0,0,0,0,0,0,0,0,0
375,Finland,1995,0,0,0,0,0,0,0,0,0,0,0,0,0,0
375,Finland,1996,0,0,0,0,0,0,0,0,0,0,0,0,0,0
375,Finland,1997,0,0,0,0,0,0,0,0,0,0,0,0,0,0
375,Finland,1998,0,0,0,0,0,0,0,0,0,0,0,0,0,0
375,Finland,1999,0,0,0,0,0,0,0,0,0,0,0,0,0,0
375,Finland,2000,0,0,0,0,0,0,0,0,0,0,0,0,0,0
375,Finland,2001,0,0,0,0,0,0,0,0,0,0,0,0,0,0
375,Finland,2002,0,0,0,0,0,0,0,0,0,0,0,0,0,0
375,Finland,2003,0,0,0,0,0,0,0,0,0,0,0,0,0,0
375,Finland,2004,0,0,0,0,0,0,0,0,0,0,0,0,0,0
375,Finland,2005,0,0,0,0,0,0,0,0,0,0,0,0,0,0
375,Finland,2006,0,0,0,0,0,0,0,0,0,0,0,0,0,0
375,Finland,2007,0,0,0,0,0,0,0,0,0,0,0,0,0,0
375,Finland,2008,0,0,0,0,0,0,0,0,0,0,0,0,0,0
375,Finland,2009,0,0,0,0,0,0,0,0,0,0,0,0,0,0
375,Finland,2010,0,0,0,0,0,0,0,0,0,0,0,0,0,0
375,Finland,2011,0,0,0,0,0,0,0,0,0,0,0,0,0,0
375,Finland,2012,0,0,0,0,0,0,0,0,0,0,0,0,0,0
375,Finland,2013,0,0,0,0,0,0,0,0,0,0,0,0,0,0
375,Finland,2014,0,0,0,0,0,0,0,0,0,0,0,0,0,0
375,Finland,2015,0,0,0,0,0,0,0,0,0,0,0,0,0,0
375,Finland,2016,0,0,0,0,0,0,0,0,0,0,0,0,0,0
375,Finland,2017,0,0,0,0,0,0,0,0,0,0,0,0,0,0
375,Finland,2018,0,0,0,0,0,0,0,0,0,0,0,0,0,0
375,Finland,2019,0,0,0,0,0,0,0,0,0,0,0,0,0,0
375,Finland,2020,0,0,0,0,0,0,0,0,0,0,0,0,0,0
375,Finland,2021,0,0,0,0,0,0,0,0,0,0,0,0,0,0
375,Finland,2022,0,0,0,0,0,0,0,0,0,0,0,0,0,0
375,Finland,2023,0,0,0,0,0,0,0,0,0,0,0,0,0,0
375,Finland,2024,0,0,0,0,0,0,0,0,0,0,0,0,0,0
220,France,1990,0,0,0,0,0,0,0,0,0,0,0,0,0,0
220,France,1991,0,0,0,0,0,0,0,0,0,0,0,0,0,0
220,France,1992,1,1,0,1,0,0,0,0,0,0,0,0,0,0
220,France,1993,0,0,0,0,0,0,0,0,0,0,0,0,0,0
220,France,1994,0,0,0,0,0,0,0,0,0,0,0,0,0,0
220,France,1995,0,0,0,0,0,0,0,0,0,0,1,8,0,8
220,France,1996,1,1,0,1,0,0,0,0,0,0,0,0,0,0
220,France,1997,0,0,0,0,0,0,0,0,0,0,0,0,0,0
220,France,1998,0,0,0,0,0,0,0,0,0,0,0,0,0,0
220,France,1999,0,0,0,0,0,0,0,0,0,0,0,0,0,0
220,France,2000,0,0,0,0,0,0,0,0,0,0,0,0,0,0
220,France,2001,0,0,0,0,0,0,0,0,0,0,0,0,0,0
220,France,2002,0,0,0,0,0,0,0,0,0,0,0,0,0,0
220,France,2003,0,0,0,0,0,0,0,0,0,0,0,0,0,0
220,France,2004,0,0,0,0,0,0,0,0,0,0,0,0,0,0
220,France,2005,0,0,0,0,0,0,0,0,0,0,0,0,0,0
220,France,2006,0,0,0,0,0,0,0,0,0,0,0,0,0,0
220,France,2007,1,1,2,1,2,0,0,0,0,0,0,0,0,2
220,France,2008,0,0,0,0,0,0,0,0,0,0,0,0,0,0
220,France,2009,0,0,0,0,0,0,0,0,0,0,0,0,0,0
220,France,2010,0,0,0,0,0,0,0,0,0,0,0,0,0,0
220,France,2011,0,0,0,0,0,0,0,0,0,0,0,0,0,0
220,France,2012,0,0,0,0,0,0,0,0,0,0,1,4,0,4
220,France,2013,0,0,0,0,0,0,0,0,0,0,0,0,0,0
220,France,2014,0,0,0,0,0,0,0,0,0,0,0,0,0,0
220,France,2015,1,1,3,1,3,0,0,0,0,0,1,130,0,133
220,France,2016,0,0,0,0,0,0,0,0,0,0,1,87,0,87
220,France,2017,1,1,2,1,2,0,0,0,0,0,0,0,0,2
220,France,2018,1,1,4,1,4,0,0,0,0,0,1,9,0,13
220,France,2019,0,0,0,0,0,0,0,0,0,0,0,0,0,0
220,France,2020,0,0,0,0,0,0,0,0,0,0,0,0,0,0
220,France,2021,0,0,0,0,0,0,0,0,0,0,0,0,0,0
220,France,2022,0,0,0,0,0,0,0,0,0,0,0,0,0,0
220,France,2023,0,0,0,0,0,0,0,1,1,47,1,1,0,48
220,France,2024,0,0,0,0,0,0,0,1,1,3,0,0,0,3
481,Gabon,1990,0,0,0,0,0,0,0,0,0,0,0,0,0,0
481,Gabon,1991,0,0,0,0,0,0,0,0,0,0,0,0,0,0
481,Gabon,1992,0,0,0,0,0,0,0,0,0,0,0,0,0,0
481,Gabon,1993,0,0,0,0,0,0,0,0,0,0,0,0,0,0
481,Gabon,1994,0,0,0,0,0,0,0,0,0,0,0,0,0,0
481,Gabon,1995,0,0,0,0,0,0,0,0,0,0,0,0,0,0
481,Gabon,1996,0,0,0,0,0,0,0,0,0,0,0,0,0,0
481,Gabon,1997,0,0,0,0,0,0,0,0,0,0,0,0,0,0
481,Gabon,1998,0,0,0,0,0,0,0,0,0,0,0,0,0,0
481,Gabon,1999,0,0,0,0,0,0,0,0,0,0,0,0,0,0
481,Gabon,2000,0,0,0,0,0,0,0,0,0,0,0,0,0,0
481,Gabon,2001,0,0,0,0,0,0,0,0,0,0,0,0,0,0
481,Gabon,2002,0,0,0,0,0,0,0,0,0,0,0,0,0,0
481,Gabon,2003,0,0,0,0,0,0,0,0,0,0,0,0,0,0
481,Gabon,2004,0,0,0,0,0,0,0,0,0,0,0,0,0,0
481,Gabon,2005,0,0,0,0,0,0,0,0,0,0,0,0,0,0
481,Gabon,2006,0,0,0,0,0,0,0,0,0,0,0,0,0,0
481,Gabon,2007,0,0,0,0,0,0,0,0,0,0,0,0,0,0
481,Gabon,2008,0,0,0,0,0,0,0,0,0,0,0,0,0,0
481,Gabon,2009,0,0,0,0,0,0,0,0,0,0,0,0,0,0
481,Gabon,2010,0,0,0,0,0,0,0,0,0,0,0,0,0,0
481,Gabon,2011,0,0,0,0,0,0,0,0,0,0,0,0,0,0
481,Gabon,2012,0,0,0,0,0,0,0,0,0,0,0,0,0,0
481,Gabon,2013,0,0,0,0,0,0,0,0,0,0,0,0,0,0
481,Gabon,2014,0,0,0,0,0,0,0,0,0,0,0,0,0,0
481,Gabon,2015,0,0,0,0,0,0,0,0,0,0,0,0,0,0
481,Gabon,2016,0,0,0,0,0,0,0,0,0,0,0,0,0,0
481,Gabon,2017,0,0,0,0,0,0,0,0,0,0,0,0,0,0
481,Gabon,2018,0,0,0,0,0,0,0,0,0,0,0,0,0,0
481,Gabon,2019,0,0,0,0,0,0,0,0,0,0,0,0,0,0
481,Gabon,2020,0,0,0,0,0,0,0,0,0,0,0,0,0,0
481,Gabon,2021,0,0,0,0,0,0,0,0,0,0,0,0,0,0
481,Gabon,2022,0,0,0,0,0,0,0,0,0,0,0,0,0,0
481,Gabon,2023,0,0,0,0,0,0,0,0,0,0,0,0,0,0
481,Gabon,2024,0,0,0,0,0,0,0,0,0,0,0,0,0,0
420,Gambia,1990,0,0,0,0,0,0,0,0,0,0,0,0,0,0
420,Gambia,1991,0,0,0,0,0,0,0,0,0,0,0,0,0,0
420,Gambia,1992,0,0,0,0,0,0,0,0,0,0,0,0,0,0
420,Gambia,1993,0,0,0,0,0,0,0,0,0,0,0,0,0,0
420,Gambia,1994,0,0,0,0,0,0,0,0,0,0,0,0,0,0
420,Gambia,1995,0,0,0,0,0,0,0,0,0,0,0,0,0,0
420,Gambia,1996,0,0,0,0,0,0,0,0,0,0,1,0,0,0
420,Gambia,1997,0,0,0,0,0,0,0,0,0,0,0,0,0,0
420,Gambia,1998,0,0,0,0,0,0,0,0,0,0,0,0,0,0
420,Gambia,1999,0,0,0,0,0,0,0,0,0,0,0,0,0,0
420,Gambia,2000,0,0,0,0,0,0,0,0,0,0,0,0,0,0
420,Gambia,2001,0,0,0,0,0,0,0,0,0,0,0,0,0,0
420,Gambia,2002,0,0,0,0,0,0,0,0,0,0,0,0,0,0
420,Gambia,2003,0,0,0,0,0,0,0,0,0,0,0,0,0,0
420,Gambia,2004,0,0,0,0,0,0,0,0,0,0,1,1,1,1
420,Gambia,2005,0,0,0,0,0,0,0,0,0,0,1,8,8,8
420,Gambia,2006,0,0,0,0,0,0,0,0,0,0,0,0,0,0
420,Gambia,2007,0,0,0,0,0,0,0,0,0,0,0,0,0,0
420,Gambia,2008,0,0,0,0,0,0,0,0,0,0,0,0,0,0
420,Gambia,2009,0,0,0,0,0,0,0,0,0,0,0,0,0,0
420,Gambia,2010,0,0,0,0,0,0,0,0,0,0,0,0,0,0
420,Gambia,2011,0,0,0,0,0,0,0,0,0,0,0,0,0,0
420,Gambia,2012,0,0,0,0,0,0,0,0,0,0,1,1,1,1
420,Gambia,2013,0,0,0,0,0,0,0,0,0,0,0,0,0,0
420,Gambia,2014,0,0,0,0,0,0,0,0,0,0,0,0,0,0
420,Gambia,2015,0,0,0,0,0,0,0,0,0,0,0,0,0,0
420,Gambia,2016,0,0,0,0,0,0,0,0,0,0,0,0,0,0
420,Gambia,2017,0,0,0,0,0,0,0,0,0,0,0,0,0,0
420,Gambia,2018,0,0,0,0,0,0,0,0,0,0,0,0,0,0
420,Gambia,2019,0,0,0,0,0,0,0,0,0,0,0,0,0,0
420,Gambia,2020,0,0,0,0,0,0,0,0,0,0,0,0,0,0
420,Gambia,2021,0,0,0,0,0,0,0,0,0,0,0,0,0,0
420,Gambia,2022,0,0,0,0,0,0,0,0,0,0,0,0,0,0
420,Gambia,2023,0,0,0,0,0,0,0,0,0,0,0,0,0,0
420,Gambia,2024,0,0,0,0,0,0,0,0,0,0,1,1,1,1
372,Georgia,1991,1,1,52,1,52,0,0,0,0,0,0,0,0,52
372,Georgia,1992,1,4,775,1,775,0,0,0,0,0,0,0,0,775
372,Georgia,1993,1,2,1763,1,1763,0,0,0,0,0,1,74,0,1837
372,Georgia,1994,0,0,0,0,0,0,0,0,0,0,0,0,0,0
372,Georgia,1995,0,0,0,0,0,0,0,0,0,0,1,52,0,52
372,Georgia,1996,0,0,0,0,0,0,0,0,0,0,0,0,0,0
372,Georgia,1997,0,0,0,0,0,0,0,1,1,26,0,0,0,26
372,Georgia,1998,0,0,0,0,0,0,0,1,1,38,0,0,0,38
372,Georgia,1999,0,0,0,0,0,0,0,0,0,0,0,0,0,0
372,Georgia,2000,0,0,0,0,0,0,0,0,0,0,0,0,0,0
372,Georgia,2001,0,0,0,0,0,0,0,0,0,0,0,0,0,0
372,Georgia,2002,1,1,0,1,0,0,0,0,0,0,0,0,0,0
372,Georgia,2003,0,0,0,0,0,0,0,0,0,0,0,0,0,0
372,Georgia,2004,1,1,27,1,27,0,0,0,0,0,0,0,0,27
372,Georgia,2005,0,0,0,0,0,0,0,0,0,0,0,0,0,0
372,Georgia,2006,0,0,0,0,0,0,0,0,0,0,0,0,0,0
372,Georgia,2007,0,0,0,0,0,0,0,0,0,0,0,0,0,0
372,Georgia,2008,1,1,621,1,621,0,0,0,0,0,0,0,0,621
372,Georgia,2009,0,0,0,0,0,0,0,0,0,0,0,0,0,0
372,Georgia,2010,1,1,3,1,3,0,0,0,0,0,0,0,0,3
372,Georgia,2011,1,1,0,1,0,0,0,0,0,0,0,0,0,0
372,Georgia,2012,0,0,0,0,0,0,0,0,0,0,0,0,0,0
372,Georgia,2013,0,0,0,0,0,0,0,0,0,0,0,0,0,0
372,Georgia,2014,0,0,0,0,0,0,0,0,0,0,0,0,0,0
372,Georgia,2015,0,0,0,0,0,0,0,0,0,0,0,0,0,0
372,Georgia,2016,0,0,0,0,0,0,0,0,0,0,0,0,0,0
372,Georgia,2017,0,0,0,0,0,0,0,0,0,0,0,0,0,0
372,Georgia,2018,0,0,0,0,0,0,0,0,0,0,0,0,0,0
372,Georgia,2019,0,0,0,0,0,0,0,0,0,0,0,0,0,0
372,Georgia,2020,0,0,0,0,0,0,0,0,0,0,0,0,0,0
372,Georgia,2021,0,0,0,0,0,0,0,0,0,0,0,0,0,0
372,Georgia,2022,0,0,0,0,0,0,0,0,0,0,0,0,0,0
372,Georgia,2023,0,0,0,0,0,0,0,0,0,0,1,1,1,1
372,Georgia,2024,0,0,0,0,0,0,0,0,0,0,0,0,0,0
265,German Democratic Republic,1990,0,0,0,0,0,0,0,0,0,0,0,0,0,0
260,Germany,1990,1,1,1,1,1,0,0,0,0,0,0,0,0,1
260,Germany,1991,0,0,0,0,0,0,0,0,0,0,0,0,0,0
260,Germany,1992,1,1,4,1,4,0,0,0,0,0,0,0,0,4
260,Germany,1993,0,0,0,0,0,0,0,0,0,0,0,0,0,0
260,Germany,1994,0,0,0,0,0,0,0,0,0,0,0,0,0,0
260,Germany,1995,0,0,0,0,0,0,0,0,0,0,0,0,0,0
260,Germany,1996,0,0,0,0,0,0,0,0,0,0,0,0,0,0
260,Germany,1997,0,0,0,0,0,0,0,0,0,0,0,0,0,0
260,Germany,1998,0,0,0,0,0,0,0,0,0,0,0,0,0,0
260,Germany,1999,0,0,0,0,0,0,0,0,0,0,0,0,0,0
260,Germany,2000,0,0,0,0,0,0,0,0,0,0,0,0,0,0
260,Germany,2001,0,0,0,0,0,0,0,0,0,0,0,0,0,0
260,Germany,2002,0,0,0,0,0,0,0,0,0,0,0,0,0,0
260,Germany,2003,0,0,0,0,0,0,0,0,0,0,0,0,0,0
260,Germany,2004,0,0,0,0,0,0,0,0,0,0,0,0,0,0
260,Germany,2005,0,0,0,0,0,0,0,0,0,0,0,0,0,0
260,Germany,2006,0,0,0,0,0,0,0,0,0,0,0,0,0,0
260,Germany,2007,0,0,0,0,0,0,0,0,0,0,0,0,0,0
260,Germany,2008,0,0,0,0,0,0,0,0,0,0,0,0,0,0
260,Germany,2009,0,0,0,0,0,0,0,0,0,0,0,0,0,0
260,Germany,2010,0,0,0,0,0,0,0,0,0,0,0,0,0,0
260,Germany,2011,0,0,0,0,0,0,0,0,0,0,0,0,0,0
260,Germany,2012,0,0,0,0,0,0,0,0,0,0,0,0,0,0
260,Germany,2013,0,0,0,0,0,0,0,0,0,0,0,0,0,0
260,Germany,2014,0,0,0,0,0,0,0,0,0,0,0,0,0,0
260,Germany,2015,0,0,0,0,0,0,0,0,0,0,0,0,0,0
260,Germany,2016,0,0,0,0,0,0,0,0,0,0,1,12,0,12
260,Germany,2017,0,0,0,0,0,0,0,0,0,0,0,0,0,0
260,Germany,2018,0,0,0,0,0,0,0,0,0,0,0,0,0,0
260,Germany,2019,0,0,0,0,0,0,0,0,0,0,0,0,0,0
260,Germany,2020,0,0,0,0,0,0,0,0,0,0,0,0,0,0
260,Germany,2021,0,0,0,0,0,0,0,0,0,0,0,0,0,0
260,Germany,2022,0,0,0,0,0,0,0,0,0,0,0,0,0,0
260,Germany,2023,0,0,0,0,0,0,0,0,0,0,0,0,0,0
260,Germany,2024,0,0,0,0,0,0,0,0,0,0,1,3,0,3
452,Ghana,1990,0,0,0,0,0,0,0,0,0,0,0,0,0,0
452,Ghana,1991,0,0,0,0,0,0,0,1,1,30,0,0,0,30
452,Ghana,1992,0,0,0,0,0,0,0,1,1,63,0,0,0,63
452,Ghana,1993,0,0,0,0,0,0,0,1,1,2,0,0,0,2
452,Ghana,1994,0,0,0,0,0,0,0,1,1,2004,0,0,0,2004
452,Ghana,1995,0,0,0,0,0,0,0,1,1,155,0,0,0,155
452,Ghana,1996,0,0,0,0,0,0,0,0,0,0,0,0,0,0
452,Ghana,1997,0,0,0,0,0,0,0,0,0,0,0,0,0,0
452,Ghana,1998,0,0,0,0,0,0,0,0,0,0,0,0,0,0
452,Ghana,1999,0,0,0,0,0,0,0,0,0,0,0,0,0,0
452,Ghana,2000,0,0,0,0,0,0,0,1,1,30,0,0,0,30
452,Ghana,2001,0,0,0,0,0,0,0,1,1,50,0,0,0,50
452,Ghana,2002,0,0,0,0,0,0,0,1,1,36,0,0,0,36
452,Ghana,2003,0,0,0,0,0,0,0,0,0,0,0,0,0,0
452,Ghana,2004,0,0,0,0,0,0,0,0,0,0,0,0,0,0
452,Ghana,2005,0,0,0,0,0,0,0,0,0,0,0,0,0,0
452,Ghana,2006,0,0,0,0,0,0,0,0,0,0,0,0,0,0
452,Ghana,2007,0,0,0,0,0,0,0,0,0,0,0,0,0,0
452,Ghana,2008,0,0,0,0,0,0,0,1,1,55,0,0,0,55
452,Ghana,2009,0,0,0,0,0,0,0,1,1,8,0,0,0,8
452,Ghana,2010,0,0,0,0,0,0,0,1,1,1,0,0,0,1
452,Ghana,2011,0,0,0,0,0,0,0,0,0,0,0,0,0,0
452,Ghana,2012,0,0,0,0,0,0,0,0,0,0,0,0,0,0
452,Ghana,2013,0,0,0,0,0,0,0,0,0,0,0,0,0,0
452,Ghana,2014,0,0,0,0,0,0,0,0,0,0,0,0,0,0
452,Ghana,2015,0,0,0,0,0,0,0,0,0,0,0,0,0,0
452,Ghana,2016,0,0,0,0,0,0,0,0,0,0,0,0,0,0
452,Ghana,2017,0,0,0,0,0,0,0,0,0,0,0,0,0,0
452,Ghana,2018,0,0,0,0,0,0,0,0,0,0,0,0,0,0
452,Ghana,2019,0,0,0,0,0,0,0,0,0,0,0,0,0,0
452,Ghana,2020,0,0,0,0,0,0,0,0,0,0,0,0,0,0
452,Ghana,2021,0,0,0,0,0,0,0,0,0,0,0,0,0,0
452,Ghana,2022,0,0,0,0,0,0,0,1,1,16,0,0,0,16
452,Ghana,2023,0,0,0,0,0,0,0,1,1,15,0,0,0,15
452,Ghana,2024,0,0,0,0,0,0,0,1,1,7,0,0,0,7
350,Greece,1990,0,0,0,0,0,0,0,0,0,0,0,0,0,0
350,Greece,1991,0,0,0,0,0,0,0,0,0,0,0,0,0,0
350,Greece,1992,0,0,0,0,0,0,0,0,0,0,0,0,0,0
350,Greece,1993,0,0,0,0,0,0,0,0,0,0,0,0,0,0
350,Greece,1994,0,0,0,0,0,0,0,0,0,0,0,0,0,0
350,Greece,1995,0,0,0,0,0,0,0,0,0,0,0,0,0,0
350,Greece,1996,0,0,0,0,0,0,0,0,0,0,0,0,0,0
350,Greece,1997,0,0,0,0,0,0,0,0,0,0,0,0,0,0
350,Greece,1998,0,0,0,0,0,0,0,0,0,0,0,0,0,0
350,Greece,1999,0,0,0,0,0,0,0,0,0,0,0,0,0,0
350,Greece,2000,0,0,0,0,0,0,0,0,0,0,0,0,0,0
350,Greece,2001,0,0,0,0,0,0,0,0,0,0,0,0,0,0
350,Greece,2002,0,0,0,0,0,0,0,0,0,0,0,0,0,0
350,Greece,2003,0,0,0,0,0,0,0,0,0,0,0,0,0,0
350,Greece,2004,0,0,0,0,0,0,0,0,0,0,0,0,0,0
350,Greece,2005,0,0,0,0,0,0,0,0,0,0,0,0,0,0
350,Greece,2006,0,0,0,0,0,0,0,0,0,0,0,0,0,0
350,Greece,2007,0,0,0,0,0,0,0,0,0,0,0,0,0,0
350,Greece,2008,0,0,0,0,0,0,0,0,0,0,0,0,0,0
350,Greece,2009,0,0,0,0,0,0,0,0,0,0,0,0,0,0
350,Greece,2010,0,0,0,0,0,0,0,0,0,0,0,0,0,0
350,Greece,2011,0,0,0,0,0,0,0,0,0,0,0,0,0,0
350,Greece,2012,0,0,0,0,0,0,0,0,0,0,0,0,0,0
350,Greece,2013,0,0,0,0,0,0,0,0,0,0,0,0,0,0
350,Greece,2014,0,0,0,0,0,0,0,0,0,0,0,0,0,0
350,Greece,2015,0,0,0,0,0,0,0,0,0,0,0,0,0,0
350,Greece,2016,0,0,0,0,0,0,0,0,0,0,0,0,0,0
350,Greece,2017,0,0,0,0,0,0,0,0,0,0,0,0,0,0
350,Greece,2018,0,0,0,0,0,0,0,0,0,0,0,0,0,0
350,Greece,2019,0,0,0,0,0,0,0,0,0,0,0,0,0,0
350,Greece,2020,0,0,0,0,0,0,0,0,0,0,0,0,0,0
350,Greece,2021,0,0,0,0,0,0,0,0,0,0,0,0,0,0
350,Greece,2022,0,0,0,0,0,0,0,0,0,0,0,0,0,0
350,Greece,2023,0,0,0,0,0,0,0,0,0,0,0,0,0,0
350,Greece,2024,0,0,0,0,0,0,0,0,0,0,0,0,0,0
55,Grenada,1990,0,0,0,0,0,0,0,0,0,0,0,0,0,0
55,Grenada,1991,0,0,0,0,0,0,0,0,0,0,0,0,0,0
55,Grenada,1992,0,0,0,0,0,0,0,0,0,0,0,0,0,0
55,Grenada,1993,0,0,0,0,0,0,0,0,0,0,0,0,0,0
55,Grenada,1994,0,0,0,0,0,0,0,0,0,0,0,0,0,0
55,Grenada,1995,0,0,0,0,0,0,0,0,0,0,0,0,0,0
55,Grenada,1996,0,0,0,0,0,0,0,0,0,0,0,0,0,0
55,Grenada,1997,0,0,0,0,0,0,0,0,0,0,0,0,0,0
55,Grenada,1998,0,0,0,0,0,0,0,0,0,0,0,0,0,0
55,Grenada,1999,0,0,0,0,0,0,0,0,0,0,0,0,0,0
55,Grenada,2000,0,0,0,0,0,0,0,0,0,0,0,0,0,0
55,Grenada,2001,0,0,0,0,0,0,0,0,0,0,0,0,0,0
55,Grenada,2002,0,0,0,0,0,0,0,0,0,0,0,0,0,0
55,Grenada,2003,0,0,0,0,0,0,0,0,0,0,0,0,0,0
55,Grenada,2004,0,0,0,0,0,0,0,0,0,0,0,0,0,0
55,Grenada,2005,0,0,0,0,0,0,0,0,0,0,0,0,0,0
55,Grenada,2006,0,0,0,0,0,0,0,0,0,0,0,0,0,0
55,Grenada,2007,0,0,0,0,0,0,0,0,0,0,0,0,0,0
55,Grenada,2008,0,0,0,0,0,0,0,0,0,0,0,0,0,0
55,Grenada,2009,0,0,0,0,0,0,0,0,0,0,0,0,0,0
55,Grenada,2010,0,0,0,0,0,0,0,0,0,0,0,0,0,0
55,Grenada,2011,0,0,0,0,0,0,0,0,0,0,0,0,0,0
55,Grenada,2012,0,0,0,0,0,0,0,0,0,0,0,0,0,0
55,Grenada,2013,0,0,0,0,0,0,0,0,0,0,0,0,0,0
55,Grenada,2014,0,0,0,0,0,0,0,0,0,0,0,0,0,0
55,Grenada,2015,0,0,0,0,0,0,0,0,0,0,0,0,0,0
55,Grenada,2016,0,0,0,0,0,0,0,0,0,0,0,0,0,0
55,Grenada,2017,0,0,0,0,0,0,0,0,0,0,0,0,0,0
55,Grenada,2018,0,0,0,0,0,0,0,0,0,0,0,0,0,0
55,Grenada,2019,0,0,0,0,0,0,0,0,0,0,0,0,0,0
55,Grenada,2020,0,0,0,0,0,0,0,0,0,0,0,0,0,0
55,Grenada,2021,0,0,0,0,0,0,0,0,0,0,0,0,0,0
55,Grenada,2022,0,0,0,0,0,0,0,0,0,0,0,0,0,0
55,Grenada,2023,0,0,0,0,0,0,0,0,0,0,0,0,0,0
55,Grenada,2024,0,0,0,0,0,0,0,0,0,0,0,0,0,0
90,Guatemala,1990,1,1,83,1,83,0,0,0,0,0,1,598,598,681
90,Guatemala,1991,1,1,72,1,72,0,0,0,0,0,1,354,354,426
90,Guatemala,1992,1,1,67,1,67,0,0,0,0,0,1,326,326,393
90,Guatemala,1993,1,1,58,1,58,0,0,0,0,0,1,160,160,218
90,Guatemala,1994,1,1,37,1,37,0,0,0,0,0,1,250,250,287
90,Guatemala,1995,1,1,27,1,27,0,0,0,0,0,1,95,95,122
90,Guatemala,1996,1,1,13,1,13,0,0,0,0,0,1,7,7,20
90,Guatemala,1997,0,0,0,0,0,0,0,0,0,0,1,2,2,2
90,Guatemala,1998,0,0,0,0,0,0,0,0,0,0,1,1,1,1
90,Guatemala,1999,0,0,0,0,0,0,0,0,0,0,0,0,0,0
90,Guatemala,2000,0,0,0,0,0,0,0,0,0,0,1,0,0,0
90,Guatemala,2001,0,0,0,0,0,0,0,1,1,5,0,0,0,5
90,Guatemala,2002,0,0,0,0,0,0,0,0,0,0,1,2,2,2
90,Guatemala,2003,0,0,0,0,0,0,0,0,0,0,0,0,0,0
90,Guatemala,2004,0,0,0,0,0,0,0,0,0,0,1,1,1,1
90,Guatemala,2005,0,0,0,0,0,0,0,1,1,56,1,2,2,58
90,Guatemala,2006,0,0,0,0,0,0,0,0,0,0,0,0,0,0
90,Guatemala,2007,0,0,0,0,0,0,0,0,0,0,1,6,5,6
90,Guatemala,2008,0,0,0,0,0,0,0,1,2,41,0,0,0,41
90,Guatemala,2009,0,0,0,0,0,0,0,1,1,1,0,0,0,1
90,Guatemala,2010,0,0,0,0,0,0,0,0,0,0,0,0,0,0
90,Guatemala,2011,0,0,0,0,0,0,0,0,0,0,1,36,0,36
90,Guatemala,2012,0,0,0,0,0,0,0,0,0,0,0,0,0,0
90,Guatemala,2013,0,0,0,0,0,0,0,0,0,0,0,0,0,0
90,Guatemala,2014,0,0,0,0,0,0,0,0,0,0,0,0,0,0
90,Guatemala,2015,0,0,0,0,0,0,0,1,1,24,0,0,0,24
90,Guatemala,2016,0,0,0,0,0,0,0,0,0,0,1,2,0,2
90,Guatemala,2017,0,0,0,0,0,0,0,0,0,0,0,0,0,0
90,Guatemala,2018,0,0,0,0,0,0,0,0,0,0,0,0,0,0
90,Guatemala,2019,0,0,0,0,0,0,0,0,0,0,0,0,0,0
90,Guatemala,2020,0,0,0,0,0,0,0,0,0,0,0,0,0,0
90,Guatemala,2021,0,0,0,0,0,0,0,0,0,0,1,1,0,1
90,Guatemala,2022,0,0,0,0,0,0,0,1,1,12,1,1,0,13
90,Guatemala,2023,0,0,0,0,0,0,0,1,1,6,1,4,0,10
90,Guatemala,2024,0,0,0,0,0,0,0,1,1,4,1,25,0,29
438,Guinea,1990,0,0,0,0,0,0,0,0,0,0,0,0,0,0
438,Guinea,1991,0,0,0,0,0,0,0,0,0,0,0,0,0,0
438,Guinea,1992,0,0,0,0,0,0,0,0,0,0,0,0,0,0
438,Guinea,1993,0,0,0,0,0,0,0,0,0,0,0,0,0,0
438,Guinea,1994,0,0,0,0,0,0,0,0,0,0,1,0,0,0
438,Guinea,1995,0,0,0,0,0,0,0,0,0,0,0,0,0,0
438,Guinea,1996,0,0,0,0,0,0,0,0,0,0,1,27,0,27
438,Guinea,1997,0,0,0,0,0,0,0,0,0,0,0,0,0,0
438,Guinea,1998,0,0,0,0,0,0,0,0,0,0,1,12,0,12
438,Guinea,1999,0,0,0,0,0,0,0,0,0,0,1,13,0,13
438,Guinea,2000,1,1,217,1,217,0,0,1,1,31,1,8,0,256
438,Guinea,2001,1,1,430,1,430,0,0,0,0,0,0,0,0,430
438,Guinea,2002,0,0,0,0,0,0,0,0,0,0,0,0,0,0
438,Guinea,2003,0,0,0,0,0,0,0,0,0,0,0,0,0,0
438,Guinea,2004,0,0,0,0,0,0,0,0,0,0,0,0,0,0
438,Guinea,2005,0,0,0,0,0,0,0,0,0,0,1,3,3,3
438,Guinea,2006,0,0,0,0,0,0,0,0,0,0,1,15,15,15
438,Guinea,2007,0,0,0,0,0,0,0,0,0,0,1,45,45,45
438,Guinea,2008,0,0,0,0,0,0,0,0,0,0,0,0,0,0
438,Guinea,2009,0,0,0,0,0,0,0,0,0,0,1,160,160,160
438,Guinea,2010,0,0,0,0,0,0,0,0,0,0,1,1,1,1
438,Guinea,2011,0,0,0,0,0,0,0,1,1,25,0,0,0,25
438,Guinea,2012,0,0,0,0,0,0,0,0,0,0,1,9,9,9
438,Guinea,2013,0,0,0,0,0,0,0,1,1,98,0,0,0,98
438,Guinea,2014,0,0,0,0,0,0,0,0,0,0,0,0,0,0
438,Guinea,2015,0,0,0,0,0,0,0,0,0,0,1,3,3,3
438,Guinea,2016,0,0,0,0,0,0,0,0,0,0,0,0,0,0
438,Guinea,2017,0,0,0,0,0,0,0,0,0,0,0,0,0,0
438,Guinea,2018,0,0,0,0,0,0,0,0,0,0,0,0,0,0
438,Guinea,2019,0,0,0,0,0,0,0,0,0,0,1,1,1,1
438,Guinea,2020,0,0,0,0,0,0,0,1,2,49,0,0,0,49
438,Guinea,2021,0,0,0,0,0,0,0,1,1,1,0,0,0,1
438,Guinea,2022,0,0,0,0,0,0,0,0,0,0,0,0,0,0
438,Guinea,2023,0,0,0,0,0,0,0,0,0,0,0,0,0,0
438,Guinea,2024,0,0,0,0,0,0,0,0,0,0,0,0,0,0
404,Guinea-Bissau,1990,0,0,0,0,0,0,0,0,0,0,0,0,0,0
404,Guinea-Bissau,1991,0,0,0,0,0,0,0,0,0,0,0,0,0,0
404,Guinea-Bissau,1992,1,1,2,1,2,0,0,0,0,0,0,0,0,2
404,Guinea-Bissau,1993,0,0,0,0,0,0,0,0,0,0,0,0,0,0
404,Guinea-Bissau,1994,0,0,0,0,0,0,0,0,0,0,0,0,0,0
404,Guinea-Bissau,1995,0,0,0,0,0,0,0,0,0,0,0,0,0,0
404,Guinea-Bissau,1996,0,0,0,0,0,0,0,0,0,0,0,0,0,0
404,Guinea-Bissau,1997,0,0,0,0,0,0,0,0,0,0,0,0,0,0
404,Guinea-Bissau,1998,1,1,505,1,505,0,0,0,0,0,0,0,0,505
404,Guinea-Bissau,1999,1,1,199,1,199,0,0,0,0,0,0,0,0,199
404,Guinea-Bissau,2000,1,1,0,1,0,0,0,0,0,0,0,0,0,0
404,Guinea-Bissau,2001,0,0,0,0,0,0,0,0,0,0,0,0,0,0
404,Guinea-Bissau,2002,0,0,0,0,0,0,0,0,0,0,0,0,0,0
404,Guinea-Bissau,2003,0,0,0,0,0,0,0,0,0,0,0,0,0,0
404,Guinea-Bissau,2004,0,0,0,0,0,0,0,0,0,0,0,0,0,0
404,Guinea-Bissau,2005,0,0,0,0,0,0,0,0,0,0,0,0,0,0
404,Guinea-Bissau,2006,0,0,0,0,0,0,0,0,0,0,0,0,0,0
404,Guinea-Bissau,2007,0,0,0,0,0,0,0,0,0,0,0,0,0,0
404,Guinea-Bissau,2008,0,0,0,0,0,0,0,0,0,0,0,0,0,0
404,Guinea-Bissau,2009,0,0,0,0,0,0,0,0,0,0,0,0,0,0
404,Guinea-Bissau,2010,0,0,0,0,0,0,0,0,0,0,0,0,0,0
404,Guinea-Bissau,2011,0,0,0,0,0,0,0,0,0,0,0,0,0,0
404,Guinea-Bissau,2012,0,0,0,0,0,0,0,0,0,0,0,0,0,0
404,Guinea-Bissau,2013,0,0,0,0,0,0,0,0,0,0,0,0,0,0
404,Guinea-Bissau,2014,0,0,0,0,0,0,0,0,0,0,0,0,0,0
404,Guinea-Bissau,2015,0,0,0,0,0,0,0,0,0,0,0,0,0,0
404,Guinea-Bissau,2016,0,0,0,0,0,0,0,0,0,0,0,0,0,0
404,Guinea-Bissau,2017,0,0,0,0,0,0,0,0,0,0,0,0,0,0
404,Guinea-Bissau,2018,0,0,0,0,0,0,0,0,0,0,0,0,0,0
404,Guinea-Bissau,2019,0,0,0,0,0,0,0,0,0,0,0,0,0,0
404,Guinea-Bissau,2020,0,0,0,0,0,0,0,0,0,0,0,0,0,0
404,Guinea-Bissau,2021,0,0,0,0,0,0,0,0,0,0,0,0,0,0
404,Guinea-Bissau,2022,0,0,0,0,0,0,0,0,0,0,0,0,0,0
404,Guinea-Bissau,2023,0,0,0,0,0,0,0,0,0,0,0,0,0,0
404,Guinea-Bissau,2024,0,0,0,0,0,0,0,0,0,0,0,0,0,0
110,Guyana,1990,0,0,0,0,0,0,0,0,0,0,0,0,0,0
110,Guyana,1991,0,0,0,0,0,0,0,0,0,0,0,0,0,0
110,Guyana,1992,0,0,0,0,0,0,0,0,0,0,0,0,0,0
110,Guyana,1993,0,0,0,0,0,0,0,0,0,0,0,0,0,0
110,Guyana,1994,0,0,0,0,0,0,0,0,0,0,0,0,0,0
110,Guyana,1995,0,0,0,0,0,0,0,0,0,0,0,0,0,0
110,Guyana,1996,0,0,0,0,0,0,0,0,0,0,0,0,0,0
110,Guyana,1997,0,0,0,0,0,0,0,0,0,0,0,0,0,0
110,Guyana,1998,0,0,0,0,0,0,0,0,0,0,0,0,0,0
110,Guyana,1999,0,0,0,0,0,0,0,0,0,0,0,0,0,0
110,Guyana,2000,0,0,0,0,0,0,0,0,0,0,0,0,0,0
110,Guyana,2001,0,0,0,0,0,0,0,0,0,0,0,0,0,0
110,Guyana,2002,0,0,0,0,0,0,0,0,0,0,0,0,0,0
110,Guyana,2003,0,0,0,0,0,0,0,0,0,0,0,0,0,0
110,Guyana,2004,0,0,0,0,0,0,0,0,0,0,0,0,0,0
110,Guyana,2005,0,0,0,0,0,0,0,0,0,0,0,0,0,0
110,Guyana,2006,0,0,0,0,0,0,0,0,0,0,0,0,0,0
110,Guyana,2007,0,0,0,0,0,0,0,0,0,0,0,0,0,0
110,Guyana,2008,0,0,0,0,0,0,0,0,0,0,1,29,0,29
110,Guyana,2009,0,0,0,0,0,0,0,0,0,0,0,0,0,0
110,Guyana,2010,0,0,0,0,0,0,0,0,0,0,0,0,0,0
110,Guyana,2011,0,0,0,0,0,0,0,0,0,0,0,0,0,0
110,Guyana,2012,0,0,0,0,0,0,0,0,0,0,0,0,0,0
110,Guyana,2013,0,0,0,0,0,0,0,0,0,0,0,0,0,0
110,Guyana,2014,0,0,0,0,0,0,0,0,0,0,0,0,0,0
110,Guyana,2015,0,0,0,0,0,0,0,0,0,0,0,0,0,0
110,Guyana,2016,0,0,0,0,0,0,0,0,0,0,0,0,0,0
110,Guyana,2017,0,0,0,0,0,0,0,0,0,0,0,0,0,0
110,Guyana,2018,0,0,0,0,0,0,0,0,0,0,0,0,0,0
110,Guyana,2019,0,0,0,0,0,0,0,0,0,0,0,0,0,0
110,Guyana,2020,0,0,0,0,0,0,0,0,0,0,0,0,0,0
110,Guyana,2021,0,0,0,0,0,0,0,0,0,0,0,0,0,0
110,Guyana,2022,0,0,0,0,0,0,0,0,0,0,0,0,0,0
110,Guyana,2023,0,0,0,0,0,0,0,0,0,0,0,0,0,0
110,Guyana,2024,0,0,0,0,0,0,0,0,0,0,0,0,0,0
41,Haiti,1990,0,0,0,0,0,0,0,0,0,0,1,2,2,2
41,Haiti,1991,1,1,160,1,160,0,0,1,1,40,1,70,70,270
41,Haiti,1992,0,0,0,0,0,0,0,0,0,0,0,0,0,0
41,Haiti,1993,0,0,0,0,0,0,0,0,0,0,1,37,37,37
41,Haiti,1994,0,0,0,0,0,0,0,0,0,0,1,44,44,44
41,Haiti,1995,0,0,0,0,0,0,0,0,0,0,1,1,1,1
41,Haiti,1996,0,0,0,0,0,0,0,0,0,0,0,0,0,0
41,Haiti,1997,0,0,0,0,0,0,0,0,0,0,0,0,0,0
41,Haiti,1998,0,0,0,0,0,0,0,0,0,0,0,0,0,0
41,Haiti,1999,0,0,0,0,0,0,0,0,0,0,1,11,11,11
41,Haiti,2000,0,0,0,0,0,0,0,0,0,0,0,0,0,0
41,Haiti,2001,0,0,0,0,0,0,0,0,0,0,0,0,0,0
41,Haiti,2002,0,0,0,0,0,0,0,0,0,0,0,0,0,0
41,Haiti,2003,0,0,0,0,0,0,0,0,0,0,0,0,0,0
41,Haiti,2004,1,2,207,1,207,0,0,0,0,0,1,24,24,231
41,Haiti,2005,0,0,0,0,0,0,0,0,0,0,1,40,40,40
41,Haiti,2006,0,0,0,0,0,0,0,0,0,0,0,0,0,0
41,Haiti,2007,0,0,0,0,0,0,0,0,0,0,0,0,0,0
41,Haiti,2008,0,0,0,0,0,0,0,0,0,0,0,0,0,0
41,Haiti,2009,0,0,0,0,0,0,0,0,0,0,0,0,0,0
41,Haiti,2010,0,0,0,0,0,0,0,0,0,0,0,0,0,0
41,Haiti,2011,0,0,0,0,0,0,0,0,0,0,0,0,0,0
41,Haiti,2012,0,0,0,0,0,0,0,0,0,0,0,0,0,0
41,Haiti,2013,0,0,0,0,0,0,0,0,0,0,0,0,0,0
41,Haiti,2014,0,0,0,0,0,0,0,0,0,0,0,0,0,0
41,Haiti,2015,0,0,0,0,0,0,0,0,0,0,0,0,0,0
41,Haiti,2016,0,0,0,0,0,0,0,0,0,0,0,0,0,0
41,Haiti,2017,0,0,0,0,0,0,0,0,0,0,1,8,8,8
41,Haiti,2018,0,0,0,0,0,0,0,0,0,0,1,71,71,71
41,Haiti,2019,0,0,0,0,0,0,0,0,0,0,1,1,1,1
41,Haiti,2020,0,0,0,0,0,0,0,0,0,0,1,166,1,166
41,Haiti,2021,0,0,0,0,0,0,0,1,1,52,1,88,5,140
41,Haiti,2022,0,0,0,0,0,0,0,1,2,131,1,105,1,236
41,Haiti,2023,0,0,0,0,0,0,0,1,1,76,1,378,84,454
41,Haiti,2024,1,1,193,1,193,0,0,1,2,163,1,938,45,1294
91,Honduras,1990,0,0,0,0,0,0,0,0,0,0,0,0,0,0
91,Honduras,1991,0,0,0,0,0,0,0,0,0,0,0,0,0,0
91,Honduras,1992,0,0,0,0,0,0,0,0,0,0,0,0,0,0
91,Honduras,1993,0,0,0,0,0,0,0,0,0,0,0,0,0,0
91,Honduras,1994,0,0,0,0,0,0,0,0,0,0,0,0,0,0
91,Honduras,1995,0,0,0,0,0,0,0,0,0,0,0,0,0,0
91,Honduras,1996,0,0,0,0,0,0,0,0,0,0,0,0,0,0
91,Honduras,1997,0,0,0,0,0,0,0,0,0,0,0,0,0,0
91,Honduras,1998,0,0,0,0,0,0,0,0,0,0,0,0,0,0
91,Honduras,1999,0,0,0,0,0,0,0,1,1,9,0,0,0,9
91,Honduras,2000,0,0,0,0,0,0,0,1,1,6,0,0,0,6
91,Honduras,2001,0,0,0,0,0,0,0,0,0,0,0,0,0,0
91,Honduras,2002,0,0,0,0,0,0,0,1,1,1,0,0,0,1
91,Honduras,2003,0,0,0,0,0,0,0,1,1,17,1,23,0,40
91,Honduras,2004,0,0,0,0,0,0,0,1,1,2,1,28,0,30
91,Honduras,2005,0,0,0,0,0,0,0,0,0,0,0,0,0,0
91,Honduras,2006,0,0,0,0,0,0,0,0,0,0,0,0,0,0
91,Honduras,2007,0,0,0,0,0,0,0,0,0,0,0,0,0,0
91,Honduras,2008,0,0,0,0,0,0,0,0,0,0,0,0,0,0
91,Honduras,2009,0,0,0,0,0,0,0,0,0,0,0,0,0,0
91,Honduras,2010,0,0,0,0,0,0,0,1,2,44,0,0,0,44
91,Honduras,2011,0,0,0,0,0,0,0,0,0,0,0,0,0,0
91,Honduras,2012,0,0,0,0,0,0,0,1,1,18,0,0,0,18
91,Honduras,2013,0,0,0,0,0,0,0,1,1,6,0,0,0,6
91,Honduras,2014,0,0,0,0,0,0,0,1,1,21,0,0,0,21
91,Honduras,2015,0,0,0,0,0,0,0,1,1,68,1,3,0,71
91,Honduras,2016,0,0,0,0,0,0,0,1,1,10,0,0,0,10
91,Honduras,2017,0,0,0,0,0,0,0,0,0,0,0,0,0,0
91,Honduras,2018,0,0,0,0,0,0,0,1,1,1,1,1,0,2
91,Honduras,2019,0,0,0,0,0,0,0,1,1,36,1,4,0,40
91,Honduras,2020,0,0,0,0,0,0,0,1,1,1,0,0,0,1
91,Honduras,2021,0,0,0,0,0,0,0,1,1,5,1,5,0,10
91,Honduras,2022,0,0,0,0,0,0,0,1,1,1,1,5,0,6
91,Honduras,2023,0,0,0,0,0,0,0,1,1,102,1,3,0,105
91,Honduras,2024,0,0,0,0,0,0,0,1,1,2,1,3,0,5
310,Hungary,1990,0,0,0,0,0,0,0,0,0,0,0,0,0,0
310,Hungary,1991,0,0,0,0,0,0,0,0,0,0,0,0,0,0
310,Hungary,1992,0,0,0,0,0,0,0,0,0,0,0,0,0,0
310,Hungary,1993,0,0,0,0,0,0,0,0,0,0,0,0,0,0
310,Hungary,1994,0,0,0,0,0,0,0,0,0,0,0,0,0,0
310,Hungary,1995,0,0,0,0,0,0,0,0,0,0,0,0,0,0
310,Hungary,1996,0,0,0,0,0,0,0,0,0,0,0,0,0,0
310,Hungary,1997,0,0,0,0,0,0,0,0,0,0,0,0,0,0
310,Hungary,1998,0,0,0,0,0,0,0,0,0,0,0,0,0,0
310,Hungary,1999,0,0,0,0,0,0,0,0,0,0,0,0,0,0
310,Hungary,2000,0,0,0,0,0,0,0,0,0,0,0,0,0,0
310,Hungary,2001,0,0,0,0,0,0,0,0,0,0,0,0,0,0
310,Hungary,2002,0,0,0,0,0,0,0,0,0,0,0,0,0,0
310,Hungary,2003,0,0,0,0,0,0,0,0,0,0,0,0,0,0
310,Hungary,2004,0,0,0,0,0,0,0,0,0,0,0,0,0,0
310,Hungary,2005,0,0,0,0,0,0,0,0,0,0,0,0,0,0
310,Hungary,2006,0,0,0,0,0,0,0,0,0,0,0,0,0,0
310,Hungary,2007,0,0,0,0,0,0,0,0,0,0,0,0,0,0
310,Hungary,2008,0,0,0,0,0,0,0,0,0,0,0,0,0,0
310,Hungary,2009,0,0,0,0,0,0,0,0,0,0,0,0,0,0
310,Hungary,2010,0,0,0,0,0,0,0,0,0,0,0,0,0,0
310,Hungary,2011,0,0,0,0,0,0,0,0,0,0,0,0,0,0
310,Hungary,2012,0,0,0,0,0,0,0,0,0,0,0,0,0,0
310,Hungary,2013,0,0,0,0,0,0,0,0,0,0,0,0,0,0
310,Hungary,2014,0,0,0,0,0,0,0,0,0,0,0,0,0,0
310,Hungary,2015,0,0,0,0,0,0,0,0,0,0,0,0,0,0
310,Hungary,2016,0,0,0,0,0,0,0,0,0,0,0,0,0,0
310,Hungary,2017,0,0,0,0,0,0,0,0,0,0,0,0,0,0
310,Hungary,2018,0,0,0,0,0,0,0,0,0,0,0,0,0,0
310,Hungary,2019,0,0,0,0,0,0,0,0,0,0,0,0,0,0
310,Hungary,2020,0,0,0,0,0,0,0,0,0,0,0,0,0,0
310,Hungary,2021,0,0,0,0,0,0,0,0,0,0,0,0,0,0
310,Hungary,2022,0,0,0,0,0,0,0,0,0,0,0,0,0,0
310,Hungary,2023,0,0,0,0,0,0,0,0,0,0,0,0,0,0
310,Hungary,2024,0,0,0,0,0,0,0,0,0,0,0,0,0,0
395,Iceland,1990,0,0,0,0,0,0,0,0,0,0,0,0,0,0
395,Iceland,1991,0,0,0,0,0,0,0,0,0,0,0,0,0,0
395,Iceland,1992,0,0,0,0,0,0,0,0,0,0,0,0,0,0
395,Iceland,1993,0,0,0,0,0,0,0,0,0,0,0,0,0,0
395,Iceland,1994,0,0,0,0,0,0,0,0,0,0,0,0,0,0
395,Iceland,1995,0,0,0,0,0,0,0,0,0,0,0,0,0,0
395,Iceland,1996,0,0,0,0,0,0,0,0,0,0,0,0,0,0
395,Iceland,1997,0,0,0,0,0,0,0,0,0,0,0,0,0,0
395,Iceland,1998,0,0,0,0,0,0,0,0,0,0,0,0,0,0
395,Iceland,1999,0,0,0,0,0,0,0,0,0,0,0,0,0,0
395,Iceland,2000,0,0,0,0,0,0,0,0,0,0,0,0,0,0
395,Iceland,2001,0,0,0,0,0,0,0,0,0,0,0,0,0,0
395,Iceland,2002,0,0,0,0,0,0,0,0,0,0,0,0,0,0
395,Iceland,2003,0,0,0,0,0,0,0,0,0,0,0,0,0,0
395,Iceland,2004,0,0,0,0,0,0,0,0,0,0,0,0,0,0
395,Iceland,2005,0,0,0,0,0,0,0,0,0,0,0,0,0,0
395,Iceland,2006,0,0,0,0,0,0,0,0,0,0,0,0,0,0
395,Iceland,2007,0,0,0,0,0,0,0,0,0,0,0,0,0,0
395,Iceland,2008,0,0,0,0,0,0,0,0,0,0,0,0,0,0
395,Iceland,2009,0,0,0,0,0,0,0,0,0,0,0,0,0,0
395,Iceland,2010,0,0,0,0,0,0,0,0,0,0,0,0,0,0
395,Iceland,2011,0,0,0,0,0,0,0,0,0,0,0,0,0,0
395,Iceland,2012,0,0,0,0,0,0,0,0,0,0,0,0,0,0
395,Iceland,2013,0,0,0,0,0,0,0,0,0,0,0,0,0,0
395,Iceland,2014,0,0,0,0,0,0,0,0,0,0,0,0,0,0
395,Iceland,2015,0,0,0,0,0,0,0,0,0,0,0,0,0,0
395,Iceland,2016,0,0,0,0,0,0,0,0,0,0,0,0,0,0
395,Iceland,2017,0,0,0,0,0,0,0,0,0,0,0,0,0,0
395,Iceland,2018,0,0,0,0,0,0,0,0,0,0,0,0,0,0
395,Iceland,2019,0,0,0,0,0,0,0,0,0,0,0,0,0,0
395,Iceland,2020,0,0,0,0,0,0,0,0,0,0,0,0,0,0
395,Iceland,2021,0,0,0,0,0,0,0,0,0,0,0,0,0,0
395,Iceland,2022,0,0,0,0,0,0,0,0,0,0,0,0,0,0
395,Iceland,2023,0,0,0,0,0,0,0,0,0,0,0,0,0,0
395,Iceland,2024,0,0,0,0,0,0,0,0,0,0,0,0,0,0
750,India,1990,1,6,2400,1,2375,1,25,1,1,1878,1,523,43,4801
750,India,1991,1,5,3155,1,3083,1,72,1,2,105,1,464,10,3724
750,India,1992,1,10,3108,1,3083,1,25,1,2,470,1,585,0,4163
750,India,1993,1,11,1555,1,1548,1,7,1,4,428,1,343,56,2326
750,India,1994,1,9,1201,1,1195,1,6,1,2,59,1,175,8,1435
750,India,1995,1,7,872,1,872,0,0,1,3,96,1,111,0,1079
750,India,1996,1,10,869,1,839,1,30,1,1,185,1,279,0,1333
750,India,1997,1,10,964,1,882,1,82,1,2,206,1,278,0,1448
750,India,1998,1,11,929,1,834,1,95,1,4,161,1,533,19,1623
750,India,1999,1,13,2073,1,1171,1,902,1,4,30,1,460,8,2563
750,India,2000,1,15,2989,1,2822,1,167,1,2,112,1,1002,14,4103
750,India,2001,1,14,1381,1,1349,1,32,1,3,67,1,483,0,1931
750,India,2002,1,12,1933,1,1851,1,82,1,2,64,1,1034,59,3031
750,India,2003,1,14,1783,1,1694,1,89,1,3,73,1,586,1,2442
750,India,2004,1,11,1707,1,1707,0,0,1,2,7,1,813,1,2527
750,India,2005,1,13,1462,1,1462,0,0,1,2,36,1,517,7,2015
750,India,2006,1,14,1446,1,1446,0,0,1,2,90,1,619,8,2155
750,India,2007,1,14,1162,1,1162,0,0,1,3,88,1,525,10,1775
750,India,2008,1,14,1136,1,1134,1,2,1,2,87,1,640,0,1863
750,India,2009,1,12,1162,1,1162,0,0,1,2,76,1,383,21,1621
750,India,2010,1,13,1074,1,1065,1,9,1,2,3,1,556,2,1633
750,India,2011,1,12,512,1,508,1,4,1,2,38,1,248,1,798
750,India,2012,1,10,443,1,436,1,7,1,3,140,1,218,0,801
750,India,2013,1,10,439,1,423,1,16,1,3,79,1,184,13,702
750,India,2014,1,10,503,1,472,1,31,1,2,3,1,228,0,734
750,India,2015,1,8,540,1,508,1,32,0,0,0,1,82,1,622
750,India,2016,1,7,646,1,602,1,44,0,0,0,1,116,0,762
750,India,2017,1,5,667,1,608,1,59,1,1,11,1,169,4,847
750,India,2018,1,7,835,1,733,1,102,1,2,4,1,113,5,952
750,India,2019,1,5,605,1,494,1,111,0,0,0,1,129,3,734
750,India,2020,1,6,599,1,478,1,121,1,1,50,1,105,8,754
750,India,2021,1,5,459,1,452,1,7,0,0,0,1,62,0,521
750,India,2022,1,5,315,1,315,0,0,1,1,6,1,72,4,393
750,India,2023,1,6,223,1,222,1,1,1,2,110,1,73,7,406
750,India,2024,1,3,438,1,438,0,0,1,2,29,1,85,6,552
850,Indonesia,1990,1,1,72,1,72,0,0,0,0,0,1,128,96,200
850,Indonesia,1991,1,2,61,1,61,0,0,0,0,0,1,368,368,429
850,Indonesia,1992,1,2,47,1,47,0,0,0,0,0,1,6,6,53
850,Indonesia,1993,1,2,18,1,18,0,0,0,0,0,1,9,9,27
850,Indonesia,1994,1,2,7,1,7,0,0,0,0,0,1,5,5,12
850,Indonesia,1995,1,3,25,1,25,0,0,0,0,0,1,38,38,63
850,Indonesia,1996,1,2,19,1,19,0,0,0,0,0,1,17,15,36
850,Indonesia,1997,1,1,51,1,51,0,0,1,1,361,1,29,29,441
850,Indonesia,1998,1,3,39,1,39,0,0,0,0,0,1,102,102,141
850,Indonesia,1999,1,2,213,1,213,0,0,1,2,1292,1,916,914,2421
850,Indonesia,2000,1,2,287,1,287,0,0,1,1,493,1,137,36,917
850,Indonesia,2001,1,2,278,1,278,0,0,1,2,551,1,55,52,884
850,Indonesia,2002,1,1,466,1,466,0,0,1,1,26,1,270,37,762
850,Indonesia,2003,1,1,868,1,868,0,0,0,0,0,1,201,52,1069
850,Indonesia,2004,1,1,935,1,935,0,0,1,1,49,1,98,7,1082
850,Indonesia,2005,1,1,213,1,213,0,0,0,0,0,1,29,5,242
850,Indonesia,2006,1,1,10,1,10,0,0,0,0,0,1,3,3,13
850,Indonesia,2007,0,0,0,0,0,0,0,0,0,0,1,2,2,2
850,Indonesia,2008,1,1,5,1,5,0,0,0,0,0,1,1,1,6
850,Indonesia,2009,0,0,0,0,0,0,0,0,0,0,0,0,0,0
850,Indonesia,2010,0,0,0,0,0,0,0,0,0,0,0,0,0,0
850,Indonesia,2011,0,0,0,0,0,0,0,1,1,7,1,2,2,9
850,Indonesia,2012,0,0,0,0,0,0,0,0,0,0,1,1,1,1
850,Indonesia,2013,1,1,20,1,20,0,0,0,0,0,0,0,0,20
850,Indonesia,2014,1,1,12,1,12,0,0,0,0,0,0,0,0,12
850,Indonesia,2015,0,0,0,0,0,0,0,0,0,0,1,4,4,4
850,Indonesia,2016,0,0,0,0,0,0,0,0,0,0,0,0,0,0
850,Indonesia,2017,1,1,2,1,2,0,0,0,0,0,1,0,0,2
850,Indonesia,2018,1,1,28,1,28,0,0,0,0,0,1,9,7,37
850,Indonesia,2019,1,1,34,1,34,0,0,0,0,0,1,7,0,41
850,Indonesia,2020,1,1,31,1,31,0,0,0,0,0,1,4,1,35
850,Indonesia,2021,1,1,51,1,51,0,0,0,0,0,1,17,2,68
850,Indonesia,2022,1,1,46,1,46,0,0,0,0,0,1,18,6,64
850,Indonesia,2023,1,1,59,1,59,0,0,0,0,0,1,35,7,94
850,Indonesia,2024,1,1,57,1,57,0,0,0,0,0,1,20,7,77
630,Iran,1990,1,1,31,1,31,0,0,0,0,0,0,0,0,31
630,Iran,1991,1,2,44,1,44,0,0,0,0,0,0,0,0,44
630,Iran,1992,1,1,4,1,4,0,0,0,0,0,0,0,0,4
630,Iran,1993,1,2,153,1,153,0,0,0,0,0,0,0,0,153
630,Iran,1994,1,1,16,1,16,0,0,0,0,0,0,0,0,16
630,Iran,1995,1,1,17,1,17,0,0,0,0,0,0,0,0,17
630,Iran,1996,1,2,34,1,34,0,0,0,0,0,0,0,0,34
630,Iran,1997,1,1,37,1,37,0,0,0,0,0,0,0,0,37
630,Iran,1998,1,1,13,1,13,0,0,0,0,0,0,0,0,13
630,Iran,1999,1,1,19,1,19,0,0,0,0,0,0,0,0,19
630,Iran,2000,1,1,40,1,40,0,0,0,0,0,1,1,1,41
630,Iran,2001,1,1,112,1,112,0,0,0,0,0,0,0,0,112
630,Iran,2002,0,0,0,0,0,0,0,0,0,0,0,0,0,0
630,Iran,2003,1,1,2,1,2,0,0,0,0,0,0,0,0,2
630,Iran,2004,0,0,0,0,0,0,0,0,0,0,0,0,0,0
630,Iran,2005,1,2,29,1,29,0,0,0,0,0,1,25,25,54
630,Iran,2006,1,2,52,1,52,0,0,0,0,0,1,9,9,61
630,Iran,2007,1,2,86,1,86,0,0,0,0,0,0,0,0,86
630,Iran,2008,1,2,117,1,117,0,0,0,0,0,1,1,1,118
630,Iran,2009,1,2,133,1,133,0,0,0,0,0,1,75,50,208
630,Iran,2010,1,2,96,1,96,0,0,0,0,0,1,5,5,101
630,Iran,2011,1,2,220,1,220,0,0,0,0,0,0,0,0,220
630,Iran,2012,1,2,17,1,17,0,0,0,0,0,0,0,0,17
630,Iran,2013,1,1,11,1,11,0,0,0,0,0,0,0,0,11
630,Iran,2014,1,2,5,1,5,0,0,0,0,0,0,0,0,5
630,Iran,2015,1,2,25,1,25,0,0,0,0,0,0,0,0,25
630,Iran,2016,1,4,69,1,69,0,0,0,0,0,0,0,0,69
630,Iran,2017,1,4,58,1,58,0,0,0,0,0,0,0,0,58
630,Iran,2018,1,5,91,1,91,0,0,0,0,0,1,1,1,92
630,Iran,2019,1,3,61,1,61,0,0,0,0,0,1,252,252,313
630,Iran,2020,1,5,219,1,42,1,177,0,0,0,1,27,27,246
630,Iran,2021,1,4,56,1,56,0,0,0,0,0,1,26,26,82
630,Iran,2022,1,3,40,1,40,0,0,0,0,0,1,211,211,251
630,Iran,2023,1,3,40,1,40,0,0,0,0,0,1,3,3,43
630,Iran,2024,1,6,127,1,123,1,4,0,0,0,1,95,1,222
645,Iraq,1990,1,2,94,1,94,0,0,0,0,0,1,23,23,117
645,Iraq,1991,1,6,22758,1,1506,1,21252,0,0,0,1,1743,1743,24501
645,Iraq,1992,1,5,343,1,343,0,0,1,3,345,1,158,158,846
645,Iraq,1993,1,4,110,1,110,0,0,1,2,125,1,133,133,368
645,Iraq,1994,1,3,243,1,243,0,0,1,2,708,1,44,44,995
645,Iraq,1995,1,4,766,1,766,0,0,1,2,668,1,103,100,1537
645,Iraq,1996,1,4,597,1,597,0,0,1,1,130,1,105,105,832
645,Iraq,1997,1,2,1300,1,1300,0,0,1,2,328,1,0,0,1628
645,Iraq,1998,1,2,50,1,50,0,0,1,1,3,1,43,0,96
645,Iraq,1999,1,2,271,1,271,0,0,0,0,0,1,37,33,308
645,Iraq,2000,1,2,53,1,53,0,0,1,2,132,1,8,8,193
645,Iraq,2001,1,2,36,1,36,0,0,1,1,20,0,0,0,56
645,Iraq,2002,1,1,26,1,26,0,0,1,1,85,0,0,0,111
645,Iraq,2003,1,3,7929,1,2,1,7927,1,1,66,1,26,0,8021
645,Iraq,2004,1,6,4105,1,4105,0,0,1,1,126,1,135,2,4366
645,Iraq,2005,1,4,2617,1,2617,0,0,1,1,1,1,903,72,3521
645,Iraq,2006,1,4,3928,1,3928,0,0,1,1,2,1,668,84,4598
645,Iraq,2007,1,6,2217,1,2217,0,0,1,2,148,1,2124,63,4489
645,Iraq,2008,1,5,2239,1,2239,0,0,0,0,0,1,526,0,2765
645,Iraq,2009,1,4,1049,1,1049,0,0,0,0,0,1,671,0,1720
645,Iraq,2010,1,3,1119,1,1119,0,0,0,0,0,1,738,0,1857
645,Iraq,2011,1,4,1043,1,1043,0,0,0,0,0,1,322,0,1365
645,Iraq,2012,1,2,638,1,638,0,0,0,0,0,1,769,0,1407
645,Iraq,2013,1,3,1882,1,1882,0,0,1,1,13,1,2115,0,4010
645,Iraq,2014,1,1,13168,1,13168,0,0,1,1,64,1,3205,0,16437
645,Iraq,2015,1,2,10139,1,10139,0,0,1,1,26,1,1139,108,11304
645,Iraq,2016,1,4,9622,1,9622,0,0,0,0,0,1,2403,114,12025
645,Iraq,2017,1,2,10228,1,10228,0,0,0,0,0,1,1189,102,11417
645,Iraq,2018,1,4,1274,1,1274,0,0,0,0,0,1,174,1,1448
645,Iraq,2019,1,3,787,1,787,0,0,0,0,0,1,173,104,960
645,Iraq,2020,1,5,889,1,878,1,11,0,0,0,1,56,36,945
645,Iraq,2021,1,4,861,1,861,0,0,0,0,0,1,153,34,1014
645,Iraq,2022,1,4,1013,1,1012,1,1,0,0,0,1,14,3,1027
645,Iraq,2023,1,2,469,1,469,0,0,0,0,0,1,29,0,498
645,Iraq,2024,1,4,400,1,396,1,4,0,0,0,1,9,1,409
205,Ireland,1990,0,0,0,0,0,0,0,0,0,0,0,0,0,0
205,Ireland,1991,0,0,0,0,0,0,0,0,0,0,0,0,0,0
205,Ireland,1992,0,0,0,0,0,0,0,0,0,0,0,0,0,0
205,Ireland,1993,0,0,0,0,0,0,0,0,0,0,0,0,0,0
205,Ireland,1994,0,0,0,0,0,0,0,0,0,0,0,0,0,0
205,Ireland,1995,0,0,0,0,0,0,0,0,0,0,0,0,0,0
205,Ireland,1996,0,0,0,0,0,0,0,0,0,0,0,0,0,0
205,Ireland,1997,0,0,0,0,0,0,0,0,0,0,0,0,0,0
205,Ireland,1998,0,0,0,0,0,0,0,0,0,0,0,0,0,0
205,Ireland,1999,0,0,0,0,0,0,0,0,0,0,0,0,0,0
205,Ireland,2000,0,0,0,0,0,0,0,0,0,0,0,0,0,0
205,Ireland,2001,0,0,0,0,0,0,0,0,0,0,0,0,0,0
205,Ireland,2002,0,0,0,0,0,0,0,0,0,0,0,0,0,0
205,Ireland,2003,0,0,0,0,0,0,0,0,0,0,0,0,0,0
205,Ireland,2004,0,0,0,0,0,0,0,0,0,0,0,0,0,0
205,Ireland,2005,0,0,0,0,0,0,0,0,0,0,0,0,0,0
205,Ireland,2006,0,0,0,0,0,0,0,0,0,0,0,0,0,0
205,Ireland,2007,0,0,0,0,0,0,0,0,0,0,0,0,0,0
205,Ireland,2008,0,0,0,0,0,0,0,0,0,0,0,0,0,0
205,Ireland,2009,0,0,0,0,0,0,0,0,0,0,0,0,0,0
205,Ireland,2010,0,0,0,0,0,0,0,0,0,0,0,0,0,0
205,Ireland,2011,0,0,0,0,0,0,0,0,0,0,0,0,0,0
205,Ireland,2012,0,0,0,0,0,0,0,0,0,0,0,0,0,0
205,Ireland,2013,0,0,0,0,0,0,0,0,0,0,0,0,0,0
205,Ireland,2014,0,0,0,0,0,0,0,0,0,0,0,0,0,0
205,Ireland,2015,0,0,0,0,0,0,0,0,0,0,0,0,0,0
205,Ireland,2016,0,0,0,0,0,0,0,0,0,0,0,0,0,0
205,Ireland,2017,0,0,0,0,0,0,0,0,0,0,0,0,0,0
205,Ireland,2018,0,0,0,0,0,0,0,0,0,0,0,0,0,0
205,Ireland,2019,0,0,0,0,0,0,0,0,0,0,0,0,0,0
205,Ireland,2020,0,0,0,0,0,0,0,0,0,0,0,0,0,0
205,Ireland,2021,0,0,0,0,0,0,0,0,0,0,0,0,0,0
205,Ireland,2022,0,0,0,0,0,0,0,0,0,0,0,0,0,0
205,Ireland,2023,0,0,0,0,0,0,0,0,0,0,0,0,0,0
205,Ireland,2024,0,0,0,0,0,0,0,0,0,0,0,0,0,0
666,Israel,1990,1,3,20,1,20,0,0,0,0,0,1,23,20,43
666,Israel,1991,1,3,27,1,27,0,0,1,1,2,1,18,16,47
666,Israel,1992,1,5,59,1,59,0,0,1,1,2,1,11,5,72
666,Israel,1993,1,5,73,1,73,0,0,0,0,0,1,15,4,88
666,Israel,1994,1,4,59,1,59,0,0,0,0,0,1,57,1,116
666,Israel,1995,1,6,57,1,57,0,0,0,0,0,1,21,1,78
666,Israel,1996,1,3,75,1,75,0,0,0,0,0,1,57,0,132
666,Israel,1997,1,2,1,1,1,0,0,0,0,0,1,24,0,25
666,Israel,1998,1,2,5,1,5,0,0,0,0,0,1,1,0,6
666,Israel,1999,1,1,2,1,2,0,0,0,0,0,1,0,0,2
666,Israel,2000,1,6,102,1,102,0,0,0,0,0,1,7,0,109
666,Israel,2001,1,7,253,1,253,0,0,0,0,0,1,103,10,356
666,Israel,2002,1,8,627,1,627,0,0,1,1,2,1,263,9,892
666,Israel,2003,1,5,314,1,314,0,0,0,0,0,1,154,13,468
666,Israel,2004,1,7,431,1,431,0,0,0,0,0,1,91,31,522
666,Israel,2005,1,7,146,1,146,0,0,0,0,0,1,68,27,214
666,Israel,2006,1,7,477,1,477,0,0,1,1,36,1,44,19,557
666,Israel,2007,1,5,286,1,286,0,0,1,1,235,1,17,5,538
666,Israel,2008,1,5,708,1,708,0,0,1,1,18,1,12,1,738
666,Israel,2009,1,5,709,1,709,0,0,1,1,28,1,14,4,751
666,Israel,2010,1,5,65,1,65,0,0,0,0,0,1,10,1,75
666,Israel,2011,1,3,101,1,101,0,0,0,0,0,1,1,0,102
666,Israel,2012,1,4,252,1,252,0,0,0,0,0,1,1,1,253
666,Israel,2013,1,3,12,1,12,0,0,0,0,0,0,0,0,12
666,Israel,2014,1,5,2408,1,2408,0,0,0,0,0,1,3,2,2411
666,Israel,2015,1,3,10,1,10,0,0,0,0,0,1,6,0,16
666,Israel,2016,1,2,7,1,7,0,0,0,0,0,1,4,1,11
666,Israel,2017,1,4,24,1,24,0,0,0,0,0,1,1,1,25
666,Israel,2018,1,5,65,1,65,0,0,0,0,0,1,10,7,75
666,Israel,2019,1,5,80,1,80,0,0,0,0,0,1,3,3,83
666,Israel,2020,1,3,6,1,6,0,0,0,0,0,1,2,2,8
666,Israel,2021,1,4,273,1,273,0,0,0,0,0,1,7,6,280
666,Israel,2022,1,4,96,1,96,0,0,0,0,0,1,2,2,98
666,Israel,2023,1,6,26722,1,26722,0,0,0,0,0,1,712,39,27434
666,Israel,2024,1,5,21435,1,21432,1,3,0,0,0,1,41,41,21476
325,Italy,1990,0,0,0,0,0,0,0,0,0,0,0,0,0,0
325,Italy,1991,0,0,0,0,0,0,0,0,0,0,0,0,0,0
325,Italy,1992,0,0,0,0,0,0,0,0,0,0,0,0,0,0
325,Italy,1993,1,1,0,1,0,0,0,0,0,0,0,0,0,0
325,Italy,1994,0,0,0,0,0,0,0,0,0,0,0,0,0,0
325,Italy,1995,0,0,0,0,0,0,0,0,0,0,0,0,0,0
325,Italy,1996,0,0,0,0,0,0,0,0,0,0,0,0,0,0
325,Italy,1997,0,0,0,0,0,0,0,0,0,0,0,0,0,0
325,Italy,1998,0,0,0,0,0,0,0,0,0,0,0,0,0,0
325,Italy,1999,0,0,0,0,0,0,0,0,0,0,0,0,0,0
325,Italy,2000,0,0,0,0,0,0,0,0,0,0,0,0,0,0
325,Italy,2001,0,0,0,0,0,0,0,0,0,0,0,0,0,0
325,Italy,2002,0,0,0,0,0,0,0,0,0,0,0,0,0,0
325,Italy,2003,0,0,0,0,0,0,0,0,0,0,0,0,0,0
325,Italy,2004,0,0,0,0,0,0,0,0,0,0,0,0,0,0
325,Italy,2005,0,0,0,0,0,0,0,0,0,0,0,0,0,0
325,Italy,2006,0,0,0,0,0,0,0,0,0,0,0,0,0,0
325,Italy,2007,0,0,0,0,0,0,0,0,0,0,0,0,0,0
325,Italy,2008,0,0,0,0,0,0,0,0,0,0,0,0,0,0
325,Italy,2009,0,0,0,0,0,0,0,0,0,0,0,0,0,0
325,Italy,2010,0,0,0,0,0,0,0,0,0,0,0,0,0,0
325,Italy,2011,0,0,0,0,0,0,0,0,0,0,0,0,0,0
325,Italy,2012,0,0,0,0,0,0,0,0,0,0,0,0,0,0
325,Italy,2013,0,0,0,0,0,0,0,0,0,0,0,0,0,0
325,Italy,2014,0,0,0,0,0,0,0,0,0,0,0,0,0,0
325,Italy,2015,0,0,0,0,0,0,0,0,0,0,0,0,0,0
325,Italy,2016,0,0,0,0,0,0,0,0,0,0,0,0,0,0
325,Italy,2017,0,0,0,0,0,0,0,0,0,0,0,0,0,0
325,Italy,2018,0,0,0,0,0,0,0,0,0,0,0,0,0,0
325,Italy,2019,0,0,0,0,0,0,0,0,0,0,0,0,0,0
325,Italy,2020,0,0,0,0,0,0,0,0,0,0,0,0,0,0
325,Italy,2021,0,0,0,0,0,0,0,0,0,0,0,0,0,0
325,Italy,2022,0,0,0,0,0,0,0,0,0,0,0,0,0,0
325,Italy,2023,0,0,0,0,0,0,0,0,0,0,0,0,0,0
325,Italy,2024,0,0,0,0,0,0,0,0,0,0,0,0,0,0
437,Ivory Coast,1990,1,1,8,1,8,0,0,0,0,0,1,1,1,9
437,Ivory Coast,1991,0,0,0,0,0,0,0,0,0,0,1,0,0,0
437,Ivory Coast,1992,0,0,0,0,0,0,0,0,0,0,0,0,0,0
437,Ivory Coast,1993,0,0,0,0,0,0,0,0,0,0,1,1,0,1
437,Ivory Coast,1994,0,0,0,0,0,0,0,0,0,0,1,4,0,4
437,Ivory Coast,1995,0,0,0,0,0,0,0,1,1,32,1,5,0,37
437,Ivory Coast,1996,0,0,0,0,0,0,0,1,1,16,1,19,0,35
437,Ivory Coast,1997,0,0,0,0,0,0,0,0,0,0,0,0,0,0
437,Ivory Coast,1998,0,0,0,0,0,0,0,0,0,0,1,0,0,0
437,Ivory Coast,1999,0,0,0,0,0,0,0,0,0,0,1,0,0,0
437,Ivory Coast,2000,0,0,0,0,0,0,0,1,1,31,1,101,101,132
437,Ivory Coast,2001,0,0,0,0,0,0,0,1,1,2,0,0,0,2
437,Ivory Coast,2002,1,3,677,1,677,0,0,1,2,48,1,338,227,1063
437,Ivory Coast,2003,1,2,140,1,140,0,0,1,2,165,1,188,73,493
437,Ivory Coast,2004,1,1,47,1,47,0,0,1,3,197,1,60,59,304
437,Ivory Coast,2005,0,0,0,0,0,0,0,1,4,144,1,9,9,153
437,Ivory Coast,2006,0,0,0,0,0,0,0,1,1,2,1,9,8,11
437,Ivory Coast,2007,0,0,0,0,0,0,0,0,0,0,1,3,3,3
437,Ivory Coast,2008,0,0,0,0,0,0,0,0,0,0,1,4,3,4
437,Ivory Coast,2009,0,0,0,0,0,0,0,0,0,0,1,1,1,1
437,Ivory Coast,2010,1,1,6,1,6,0,0,1,2,25,1,49,44,80
437,Ivory Coast,2011,1,2,98,1,98,0,0,1,2,59,1,1099,373,1256
437,Ivory Coast,2012,0,0,0,0,0,0,0,1,1,2,1,19,19,21
437,Ivory Coast,2013,0,0,0,0,0,0,0,0,0,0,1,4,0,4
437,Ivory Coast,2014,0,0,0,0,0,0,0,0,0,0,0,0,0,0
437,Ivory Coast,2015,0,0,0,0,0,0,0,0,0,0,0,0,0,0
437,Ivory Coast,2016,0,0,0,0,0,0,0,1,1,33,1,16,0,49
437,Ivory Coast,2017,0,0,0,0,0,0,0,0,0,0,0,0,0,0
437,Ivory Coast,2018,0,0,0,0,0,0,0,0,0,0,0,0,0,0
437,Ivory Coast,2019,0,0,0,0,0,0,0,0,0,0,0,0,0,0
437,Ivory Coast,2020,0,0,0,0,0,0,0,0,0,0,1,3,3,3
437,Ivory Coast,2021,0,0,0,0,0,0,0,0,0,0,0,0,0,0
437,Ivory Coast,2022,0,0,0,0,0,0,0,0,0,0,0,0,0,0
437,Ivory Coast,2023,0,0,0,0,0,0,0,0,0,0,0,0,0,0
437,Ivory Coast,2024,0,0,0,0,0,0,0,0,0,0,0,0,0,0
51,Jamaica,1990,0,0,0,0,0,0,0,0,0,0,0,0,0,0
51,Jamaica,1991,0,0,0,0,0,0,0,0,0,0,0,0,0,0
51,Jamaica,1992,0,0,0,0,0,0,0,0,0,0,0,0,0,0
51,Jamaica,1993,0,0,0,0,0,0,0,0,0,0,0,0,0,0
51,Jamaica,1994,0,0,0,0,0,0,0,1,1,5,0,0,0,5
51,Jamaica,1995,0,0,0,0,0,0,0,0,0,0,0,0,0,0
51,Jamaica,1996,0,0,0,0,0,0,0,0,0,0,0,0,0,0
51,Jamaica,1997,0,0,0,0,0,0,0,0,0,0,0,0,0,0
51,Jamaica,1998,0,0,0,0,0,0,0,0,0,0,0,0,0,0
51,Jamaica,1999,0,0,0,0,0,0,0,0,0,0,0,0,0,0
51,Jamaica,2000,0,0,0,0,0,0,0,0,0,0,0,0,0,0
51,Jamaica,2001,0,0,0,0,0,0,0,1,1,116,0,0,0,116
51,Jamaica,2002,0,0,0,0,0,0,0,1,1,22,0,0,0,22
51,Jamaica,2003,0,0,0,0,0,0,0,0,0,0,0,0,0,0
51,Jamaica,2004,0,0,0,0,0,0,0,0,0,0,0,0,0,0
51,Jamaica,2005,0,0,0,0,0,0,0,0,0,0,0,0,0,0
51,Jamaica,2006,0,0,0,0,0,0,0,0,0,0,0,0,0,0
51,Jamaica,2007,0,0,0,0,0,0,0,0,0,0,0,0,0,0
51,Jamaica,2008,0,0,0,0,0,0,0,0,0,0,0,0,0,0
51,Jamaica,2009,0,0,0,0,0,0,0,0,0,0,0,0,0,0
51,Jamaica,2010,0,0,0,0,0,0,0,0,0,0,0,0,0,0
51,Jamaica,2011,0,0,0,0,0,0,0,0,0,0,0,0,0,0
51,Jamaica,2012,0,0,0,0,0,0,0,0,0,0,0,0,0,0
51,Jamaica,2013,0,0,0,0,0,0,0,0,0,0,0,0,0,0
51,Jamaica,2014,0,0,0,0,0,0,0,0,0,0,0,0,0,0
51,Jamaica,2015,0,0,0,0,0,0,0,0,0,0,0,0,0,0
51,Jamaica,2016,0,0,0,0,0,0,0,0,0,0,0,0,0,0
51,Jamaica,2017,0,0,0,0,0,0,0,0,0,0,0,0,0,0
51,Jamaica,2018,0,0,0,0,0,0,0,0,0,0,0,0,0,0
51,Jamaica,2019,0,0,0,0,0,0,0,0,0,0,0,0,0,0
51,Jamaica,2020,0,0,0,0,0,0,0,0,0,0,0,0,0,0
51,Jamaica,2021,0,0,0,0,0,0,0,0,0,0,0,0,0,0
51,Jamaica,2022,0,0,0,0,0,0,0,0,0,0,0,0,0,0
51,Jamaica,2023,0,0,0,0,0,0,0,0,0,0,0,0,0,0
51,Jamaica,2024,0,0,0,0,0,0,0,0,0,0,0,0,0,0
740,Japan,1990,0,0,0,0,0,0,0,0,0,0,0,0,0,0
740,Japan,1991,0,0,0,0,0,0,0,0,0,0,0,0,0,0
740,Japan,1992,0,0,0,0,0,0,0,0,0,0,0,0,0,0
740,Japan,1993,0,0,0,0,0,0,0,0,0,0,0,0,0,0
740,Japan,1994,0,0,0,0,0,0,0,0,0,0,0,0,0,0
740,Japan,1995,0,0,0,0,0,0,0,0,0,0,0,0,0,0
740,Japan,1996,0,0,0,0,0,0,0,0,0,0,0,0,0,0
740,Japan,1997,0,0,0,0,0,0,0,0,0,0,0,0,0,0
740,Japan,1998,0,0,0,0,0,0,0,0,0,0,0,0,0,0
740,Japan,1999,0,0,0,0,0,0,0,0,0,0,0,0,0,0
740,Japan,2000,0,0,0,0,0,0,0,0,0,0,0,0,0,0
740,Japan,2001,0,0,0,0,0,0,0,0,0,0,0,0,0,0
740,Japan,2002,0,0,0,0,0,0,0,0,0,0,0,0,0,0
740,Japan,2003,0,0,0,0,0,0,0,0,0,0,0,0,0,0
740,Japan,2004,0,0,0,0,0,0,0,0,0,0,0,0,0,0
740,Japan,2005,0,0,0,0,0,0,0,0,0,0,0,0,0,0
740,Japan,2006,0,0,0,0,0,0,0,0,0,0,0,0,0,0
740,Japan,2007,0,0,0,0,0,0,0,0,0,0,0,0,0,0
740,Japan,2008,0,0,0,0,0,0,0,0,0,0,0,0,0,0
740,Japan,2009,0,0,0,0,0,0,0,0,0,0,0,0,0,0
740,Japan,2010,0,0,0,0,0,0,0,0,0,0,0,0,0,0
740,Japan,2011,0,0,0,0,0,0,0,0,0,0,0,0,0,0
740,Japan,2012,0,0,0,0,0,0,0,0,0,0,0,0,0,0
740,Japan,2013,0,0,0,0,0,0,0,0,0,0,0,0,0,0
740,Japan,2014,0,0,0,0,0,0,0,0,0,0,0,0,0,0
740,Japan,2015,0,0,0,0,0,0,0,0,0,0,0,0,0,0
740,Japan,2016,0,0,0,0,0,0,0,0,0,0,0,0,0,0
740,Japan,2017,0,0,0,0,0,0,0,0,0,0,0,0,0,0
740,Japan,2018,0,0,0,0,0,0,0,0,0,0,0,0,0,0
740,Japan,2019,0,0,0,0,0,0,0,0,0,0,0,0,0,0
740,Japan,2020,0,0,0,0,0,0,0,0,0,0,0,0,0,0
740,Japan,2021,0,0,0,0,0,0,0,0,0,0,0,0,0,0
740,Japan,2022,0,0,0,0,0,0,0,0,0,0,0,0,0,0
740,Japan,2023,0,0,0,0,0,0,0,0,0,0,0,0,0,0
740,Japan,2024,0,0,0,0,0,0,0,0,0,0,0,0,0,0
663,Jordan,1990,0,0,0,0,0,0,0,0,0,0,0,0,0,0
663,Jordan,1991,0,0,0,0,0,0,0,0,0,0,0,0,0,0
663,Jordan,1992,0,0,0,0,0,0,0,0,0,0,1,1,1,1
663,Jordan,1993,0,0,0,0,0,0,0,0,0,0,0,0,0,0
663,Jordan,1994,0,0,0,0,0,0,0,0,0,0,0,0,0,0
663,Jordan,1995,0,0,0,0,0,0,0,0,0,0,0,0,0,0
663,Jordan,1996,0,0,0,0,0,0,0,0,0,0,0,0,0,0
663,Jordan,1997,0,0,0,0,0,0,0,0,0,0,0,0,0,0
663,Jordan,1998,0,0,0,0,0,0,0,0,0,0,0,0,0,0
663,Jordan,1999,0,0,0,0,0,0,0,0,0,0,0,0,0,0
663,Jordan,2000,0,0,0,0,0,0,0,0,0,0,0,0,0,0
663,Jordan,2001,0,0,0,0,0,0,0,0,0,0,0,0,0,0
663,Jordan,2002,0,0,0,0,0,0,0,0,0,0,0,0,0,0
663,Jordan,2003,0,0,0,0,0,0,0,0,0,0,0,0,0,0
663,Jordan,2004,0,0,0,0,0,0,0,0,0,0,0,0,0,0
663,Jordan,2005,0,0,0,0,0,0,0,0,0,0,1,59,0,59
663,Jordan,2006,0,0,0,0,0,0,0,0,0,0,0,0,0,0
663,Jordan,2007,0,0,0,0,0,0,0,0,0,0,0,0,0,0
663,Jordan,2008,0,0,0,0,0,0,0,0,0,0,0,0,0,0
663,Jordan,2009,0,0,0,0,0,0,0,0,0,0,0,0,0,0
663,Jordan,2010,0,0,0,0,0,0,0,0,0,0,0,0,0,0
663,Jordan,2011,0,0,0,0,0,0,0,0,0,0,0,0,0,0
663,Jordan,2012,0,0,0,0,0,0,0,0,0,0,0,0,0,0
663,Jordan,2013,0,0,0,0,0,0,0,0,0,0,0,0,0,0
663,Jordan,2014,0,0,0,0,0,0,0,0,0,0,0,0,0,0
663,Jordan,2015,1,1,1,1,1,0,0,0,0,0,0,0,0,1
663,Jordan,2016,1,1,34,1,34,0,0,1,1,3,0,0,0,37
663,Jordan,2017,0,0,0,0,0,0,0,0,0,0,0,0,0,0
663,Jordan,2018,0,0,0,0,0,0,0,0,0,0,0,0,0,0
663,Jordan,2019,0,0,0,0,0,0,0,0,0,0,0,0,0,0
663,Jordan,2020,0,0,0,0,0,0,0,0,0,0,0,0,0,0
663,Jordan,2021,0,0,0,0,0,0,0,0,0,0,0,0,0,0
663,Jordan,2022,0,0,0,0,0,0,0,0,0,0,0,0,0,0
663,Jordan,2023,0,0,0,0,0,0,0,0,0,0,0,0,0,0
663,Jordan,2024,1,1,3,0,0,1,3,0,0,0,0,0,0,3
705,Kazakhstan,1991,0,0,0,0,0,0,0,0,0,0,0,0,0,0
705,Kazakhstan,1992,0,0,0,0,0,0,0,0,0,0,0,0,0,0
705,Kazakhstan,1993,0,0,0,0,0,0,0,0,0,0,0,0,0,0
705,Kazakhstan,1994,0,0,0,0,0,0,0,0,0,0,0,0,0,0
705,Kazakhstan,1995,0,0,0,0,0,0,0,0,0,0,0,0,0,0
705,Kazakhstan,1996,0,0,0,0,0,0,0,0,0,0,0,0,0,0
705,Kazakhstan,1997,0,0,0,0,0,0,0,0,0,0,0,0,0,0
705,Kazakhstan,1998,0,0,0,0,0,0,0,0,0,0,0,0,0,0
705,Kazakhstan,1999,0,0,0,0,0,0,0,0,0,0,0,0,0,0
705,Kazakhstan,2000,0,0,0,0,0,0,0,0,0,0,0,0,0,0
705,Kazakhstan,2001,0,0,0,0,0,0,0,0,0,0,0,0,0,0
705,Kazakhstan,2002,0,0,0,0,0,0,0,0,0,0,0,0,0,0
705,Kazakhstan,2003,0,0,0,0,0,0,0,0,0,0,0,0,0,0
705,Kazakhstan,2004,0,0,0,0,0,0,0,0,0,0,0,0,0,0
705,Kazakhstan,2005,0,0,0,0,0,0,0,0,0,0,0,0,0,0
705,Kazakhstan,2006,0,0,0,0,0,0,0,0,0,0,0,0,0,0
705,Kazakhstan,2007,0,0,0,0,0,0,0,0,0,0,0,0,0,0
705,Kazakhstan,2008,0,0,0,0,0,0,0,0,0,0,0,0,0,0
705,Kazakhstan,2009,0,0,0,0,0,0,0,0,0,0,0,0,0,0
705,Kazakhstan,2010,0,0,0,0,0,0,0,0,0,0,0,0,0,0
705,Kazakhstan,2011,0,0,0,0,0,0,0,0,0,0,0,0,0,0
705,Kazakhstan,2012,0,0,0,0,0,0,0,0,0,0,0,0,0,0
705,Kazakhstan,2013,0,0,0,0,0,0,0,0,0,0,0,0,0,0
705,Kazakhstan,2014,0,0,0,0,0,0,0,0,0,0,0,0,0,0
705,Kazakhstan,2015,0,0,0,0,0,0,0,0,0,0,0,0,0,0
705,Kazakhstan,2016,0,0,0,0,0,0,0,0,0,0,0,0,0,0
705,Kazakhstan,2017,0,0,0,0,0,0,0,0,0,0,0,0,0,0
705,Kazakhstan,2018,0,0,0,0,0,0,0,0,0,0,0,0,0,0
705,Kazakhstan,2019,0,0,0,0,0,0,0,0,0,0,0,0,0,0
705,Kazakhstan,2020,0,0,0,0,0,0,0,0,0,0,0,0,0,0
705,Kazakhstan,2021,0,0,0,0,0,0,0,0,0,0,0,0,0,0
705,Kazakhstan,2022,0,0,0,0,0,0,0,0,0,0,0,0,0,0
705,Kazakhstan,2023,0,0,0,0,0,0,0,0,0,0,0,0,0,0
705,Kazakhstan,2024,0,0,0,0,0,0,0,0,0,0,0,0,0,0
501,Kenya,1990,0,0,0,0,0,0,0,0,0,0,1,7,7,7
501,Kenya,1991,0,0,0,0,0,0,0,1,2,17,0,0,0,17
501,Kenya,1992,0,0,0,0,0,0,0,1,5,156,1,3,3,159
501,Kenya,1993,0,0,0,0,0,0,0,1,5,286,1,1,1,287
501,Kenya,1994,0,0,0,0,0,0,0,1,1,28,1,6,6,34
501,Kenya,1995,0,0,0,0,0,0,0,1,2,56,1,4,4,60
501,Kenya,1996,0,0,0,0,0,0,0,1,6,167,1,3,3,170
501,Kenya,1997,0,0,0,0,0,0,0,1,4,202,1,10,10,212
501,Kenya,1998,0,0,0,0,0,0,0,1,4,322,0,0,0,322
501,Kenya,1999,1,1,18,1,18,0,0,1,4,211,0,0,0,229
501,Kenya,2000,0,0,0,0,0,0,0,1,4,253,1,8,1,261
501,Kenya,2001,1,1,10,1,10,0,0,1,4,181,1,1,1,192
501,Kenya,2002,0,0,0,0,0,0,0,1,2,32,1,13,0,45
501,Kenya,2003,0,0,0,0,0,0,0,1,1,7,0,0,0,7
501,Kenya,2004,0,0,0,0,0,0,0,1,3,20,0,0,0,20
501,Kenya,2005,0,0,0,0,0,0,0,1,7,208,1,7,7,215
501,Kenya,2006,0,0,0,0,0,0,0,1,6,195,1,24,0,219
501,Kenya,2007,1,1,1,1,1,0,0,1,4,65,1,134,41,200
501,Kenya,2008,0,0,0,0,0,0,0,1,15,483,1,300,220,783
501,Kenya,2009,0,0,0,0,0,0,0,1,5,130,1,40,3,170
501,Kenya,2010,0,0,0,0,0,0,0,1,5,87,0,0,0,87
501,Kenya,2011,1,2,2,1,2,0,0,1,5,133,1,9,1,144
501,Kenya,2012,1,1,29,1,29,0,0,1,8,247,1,33,0,309
501,Kenya,2013,1,1,29,1,29,0,0,1,7,175,1,63,2,267
501,Kenya,2014,1,1,42,1,42,0,0,1,6,156,1,146,0,344
501,Kenya,2015,1,3,48,1,48,0,0,1,3,167,1,174,0,389
501,Kenya,2016,1,1,49,1,49,0,0,1,4,45,1,36,8,130
501,Kenya,2017,1,1,85,1,85,0,0,1,6,69,1,74,43,228
501,Kenya,2018,1,1,69,1,69,0,0,1,6,58,1,37,25,164
501,Kenya,2019,1,1,61,1,61,0,0,1,6,97,1,30,6,188
501,Kenya,2020,1,1,94,1,94,0,0,1,3,27,1,30,15,151
501,Kenya,2021,1,1,75,1,75,0,0,1,5,49,1,11,3,135
501,Kenya,2022,1,2,72,1,72,0,0,1,1,5,1,24,4,101
501,Kenya,2023,1,2,202,1,202,0,0,0,0,0,1,22,0,224
501,Kenya,2024,1,2,66,1,66,0,0,1,2,35,1,11,3,112
572,Kingdom of eSwatini (Swaziland),1990,0,0,0,0,0,0,0,0,0,0,0,0,0,0
572,Kingdom of eSwatini (Swaziland),1991,0,0,0,0,0,0,0,0,0,0,0,0,0,0
572,Kingdom of eSwatini (Swaziland),1992,0,0,0,0,0,0,0,0,0,0,0,0,0,0
572,Kingdom of eSwatini (Swaziland),1993,0,0,0,0,0,0,0,0,0,0,0,0,0,0
572,Kingdom of eSwatini (Swaziland),1994,0,0,0,0,0,0,0,0,0,0,0,0,0,0
572,Kingdom of eSwatini (Swaziland),1995,0,0,0,0,0,0,0,0,0,0,0,0,0,0
572,Kingdom of eSwatini (Swaziland),1996,0,0,0,0,0,0,0,0,0,0,0,0,0,0
572,Kingdom of eSwatini (Swaziland),1997,0,0,0,0,0,0,0,0,0,0,0,0,0,0
572,Kingdom of eSwatini (Swaziland),1998,0,0,0,0,0,0,0,0,0,0,0,0,0,0
572,Kingdom of eSwatini (Swaziland),1999,0,0,0,0,0,0,0,0,0,0,0,0,0,0
572,Kingdom of eSwatini (Swaziland),2000,0,0,0,0,0,0,0,0,0,0,0,0,0,0
572,Kingdom of eSwatini (Swaziland),2001,0,0,0,0,0,0,0,0,0,0,0,0,0,0
572,Kingdom of eSwatini (Swaziland),2002,0,0,0,0,0,0,0,0,0,0,0,0,0,0
572,Kingdom of eSwatini (Swaziland),2003,0,0,0,0,0,0,0,0,0,0,0,0,0,0
572,Kingdom of eSwatini (Swaziland),2004,0,0,0,0,0,0,0,0,0,0,0,0,0,0
572,Kingdom of eSwatini (Swaziland),2005,0,0,0,0,0,0,0,0,0,0,0,0,0,0
572,Kingdom of eSwatini (Swaziland),2006,0,0,0,0,0,0,0,0,0,0,0,0,0,0
572,Kingdom of eSwatini (Swaziland),2007,0,0,0,0,0,0,0,0,0,0,0,0,0,0
572,Kingdom of eSwatini (Swaziland),2008,0,0,0,0,0,0,0,0,0,0,0,0,0,0
572,Kingdom of eSwatini (Swaziland),2009,0,0,0,0,0,0,0,0,0,0,0,0,0,0
572,Kingdom of eSwatini (Swaziland),2010,0,0,0,0,0,0,0,0,0,0,0,0,0,0
572,Kingdom of eSwatini (Swaziland),2011,0,0,0,0,0,0,0,0,0,0,0,0,0,0
572,Kingdom of eSwatini (Swaziland),2012,0,0,0,0,0,0,0,0,0,0,0,0,0,0
572,Kingdom of eSwatini (Swaziland),2013,0,0,0,0,0,0,0,0,0,0,0,0,0,0
572,Kingdom of eSwatini (Swaziland),2014,0,0,0,0,0,0,0,0,0,0,0,0,0,0
572,Kingdom of eSwatini (Swaziland),2015,0,0,0,0,0,0,0,0,0,0,0,0,0,0
572,Kingdom of eSwatini (Swaziland),2016,0,0,0,0,0,0,0,0,0,0,0,0,0,0
572,Kingdom of eSwatini (Swaziland),2017,0,0,0,0,0,0,0,0,0,0,0,0,0,0
572,Kingdom of eSwatini (Swaziland),2018,0,0,0,0,0,0,0,0,0,0,0,0,0,0
572,Kingdom of eSwatini (Swaziland),2019,0,0,0,0,0,0,0,0,0,0,1,1,1,1
572,Kingdom of eSwatini (Swaziland),2020,0,0,0,0,0,0,0,0,0,0,1,2,2,2
572,Kingdom of eSwatini (Swaziland),2021,0,0,0,0,0,0,0,0,0,0,1,48,48,48
572,Kingdom of eSwatini (Swaziland),2022,0,0,0,0,0,0,0,0,0,0,1,2,2,2
572,Kingdom of eSwatini (Swaziland),2023,0,0,0,0,0,0,0,0,0,0,1,3,3,3
572,Kingdom of eSwatini (Swaziland),2024,0,0,0,0,0,0,0,0,0,0,0,0,0,0
970,Kiribati,1990,0,0,0,0,0,0,0,0,0,0,0,0,0,0
970,Kiribati,1991,0,0,0,0,0,0,0,0,0,0,0,0,0,0
970,Kiribati,1992,0,0,0,0,0,0,0,0,0,0,0,0,0,0
970,Kiribati,1993,0,0,0,0,0,0,0,0,0,0,0,0,0,0
970,Kiribati,1994,0,0,0,0,0,0,0,0,0,0,0,0,0,0
970,Kiribati,1995,0,0,0,0,0,0,0,0,0,0,0,0,0,0
970,Kiribati,1996,0,0,0,0,0,0,0,0,0,0,0,0,0,0
970,Kiribati,1997,0,0,0,0,0,0,0,0,0,0,0,0,0,0
970,Kiribati,1998,0,0,0,0,0,0,0,0,0,0,0,0,0,0
970,Kiribati,1999,0,0,0,0,0,0,0,0,0,0,0,0,0,0
970,Kiribati,2000,0,0,0,0,0,0,0,0,0,0,0,0,0,0
970,Kiribati,2001,0,0,0,0,0,0,0,0,0,0,0,0,0,0
970,Kiribati,2002,0,0,0,0,0,0,0,0,0,0,0,0,0,0
970,Kiribati,2003,0,0,0,0,0,0,0,0,0,0,0,0,0,0
970,Kiribati,2004,0,0,0,0,0,0,0,0,0,0,0,0,0,0
970,Kiribati,2005,0,0,0,0,0,0,0,0,0,0,0,0,0,0
970,Kiribati,2006,0,0,0,0,0,0,0,0,0,0,0,0,0,0
970,Kiribati,2007,0,0,0,0,0,0,0,0,0,0,0,0,0,0
970,Kiribati,2008,0,0,0,0,0,0,0,0,0,0,0,0,0,0
970,Kiribati,2009,0,0,0,0,0,0,0,0,0,0,0,0,0,0
970,Kiribati,2010,0,0,0,0,0,0,0,0,0,0,0,0,0,0
970,Kiribati,2011,0,0,0,0,0,0,0,0,0,0,0,0,0,0
970,Kiribati,2012,0,0,0,0,0,0,0,0,0,0,0,0,0,0
970,Kiribati,2013,0,0,0,0,0,0,0,0,0,0,0,0,0,0
970,Kiribati,2014,0,0,0,0,0,0,0,0,0,0,0,0,0,0
970,Kiribati,2015,0,0,0,0,0,0,0,0,0,0,0,0,0,0
970,Kiribati,2016,0,0,0,0,0,0,0,0,0,0,0,0,0,0
970,Kiribati,2017,0,0,0,0,0,0,0,0,0,0,0,0,0,0
970,Kiribati,2018,0,0,0,0,0,0,0,0,0,0,0,0,0,0
970,Kiribati,2019,0,0,0,0,0,0,0,0,0,0,0,0,0,0
970,Kiribati,2020,0,0,0,0,0,0,0,0,0,0,0,0,0,0
970,Kiribati,2021,0,0,0,0,0,0,0,0,0,0,0,0,0,0
970,Kiribati,2022,0,0,0,0,0,0,0,0,0,0,0,0,0,0
970,Kiribati,2023,0,0,0,0,0,0,0,0,0,0,0,0,0,0
970,Kiribati,2024,0,0,0,0,0,0,0,0,0,0,0,0,0,0
347,Kosovo,2008,0,0,0,0,0,0,0,0,0,0,0,0,0,0
347,Kosovo,2009,0,0,0,0,0,0,0,0,0,0,0,0,0,0
347,Kosovo,2010,0,0,0,0,0,0,0,0,0,0,0,0,0,0
347,Kosovo,2011,0,0,0,0,0,0,0,0,0,0,0,0,0,0
347,Kosovo,2012,0,0,0,0,0,0,0,0,0,0,0,0,0,0
347,Kosovo,2013,0,0,0,0,0,0,0,0,0,0,0,0,0,0
347,Kosovo,2014,0,0,0,0,0,0,0,0,0,0,0,0,0,0
347,Kosovo,2015,0,0,0,0,0,0,0,0,0,0,0,0,0,0
347,Kosovo,2016,0,0,0,0,0,0,0,0,0,0,0,0,0,0
347,Kosovo,2017,0,0,0,0,0,0,0,0,0,0,0,0,0,0
347,Kosovo,2018,0,0,0,0,0,0,0,0,0,0,0,0,0,0
347,Kosovo,2019,0,0,0,0,0,0,0,0,0,0,0,0,0,0
347,Kosovo,2020,0,0,0,0,0,0,0,0,0,0,0,0,0,0
347,Kosovo,2021,0,0,0,0,0,0,0,0,0,0,0,0,0,0
347,Kosovo,2022,0,0,0,0,0,0,0,0,0,0,0,0,0,0
347,Kosovo,2023,0,0,0,0,0,0,0,0,0,0,0,0,0,0
347,Kosovo,2024,0,0,0,0,0,0,0,0,0,0,0,0,0,0
690,Kuwait,1990,1,1,1058,0,0,1,1058,0,0,0,1,271,271,1329
690,Kuwait,1991,1,1,446,0,0,1,446,0,0,0,1,14,14,460
690,Kuwait,1992,0,0,0,0,0,0,0,0,0,0,0,0,0,0
690,Kuwait,1993,0,0,0,0,0,0,0,0,0,0,0,0,0,0
690,Kuwait,1994,0,0,0,0,0,0,0,0,0,0,0,0,0,0
690,Kuwait,1995,0,0,0,0,0,0,0,0,0,0,0,0,0,0
690,Kuwait,1996,0,0,0,0,0,0,0,0,0,0,1,1,1,1
690,Kuwait,1997,0,0,0,0,0,0,0,0,0,0,0,0,0,0
690,Kuwait,1998,0,0,0,0,0,0,0,0,0,0,0,0,0,0
690,Kuwait,1999,0,0,0,0,0,0,0,0,0,0,0,0,0,0
690,Kuwait,2000,0,0,0,0,0,0,0,0,0,0,0,0,0,0
690,Kuwait,2001,0,0,0,0,0,0,0,0,0,0,0,0,0,0
690,Kuwait,2002,0,0,0,0,0,0,0,0,0,0,0,0,0,0
690,Kuwait,2003,0,0,0,0,0,0,0,0,0,0,0,0,0,0
690,Kuwait,2004,0,0,0,0,0,0,0,0,0,0,0,0,0,0
690,Kuwait,2005,0,0,0,0,0,0,0,0,0,0,0,0,0,0
690,Kuwait,2006,0,0,0,0,0,0,0,0,0,0,0,0,0,0
690,Kuwait,2007,0,0,0,0,0,0,0,0,0,0,0,0,0,0
690,Kuwait,2008,0,0,0,0,0,0,0,0,0,0,0,0,0,0
690,Kuwait,2009,0,0,0,0,0,0,0,0,0,0,0,0,0,0
690,Kuwait,2010,0,0,0,0,0,0,0,0,0,0,0,0,0,0
690,Kuwait,2011,0,0,0,0,0,0,0,0,0,0,0,0,0,0
690,Kuwait,2012,0,0,0,0,0,0,0,0,0,0,0,0,0,0
690,Kuwait,2013,0,0,0,0,0,0,0,0,0,0,0,0,0,0
690,Kuwait,2014,0,0,0,0,0,0,0,0,0,0,0,0,0,0
690,Kuwait,2015,0,0,0,0,0,0,0,0,0,0,1,26,0,26
690,Kuwait,2016,0,0,0,0,0,0,0,0,0,0,0,0,0,0
690,Kuwait,2017,0,0,0,0,0,0,0,0,0,0,0,0,0,0
690,Kuwait,2018,0,0,0,0,0,0,0,0,0,0,0,0,0,0
690,Kuwait,2019,0,0,0,0,0,0,0,0,0,0,0,0,0,0
690,Kuwait,2020,0,0,0,0,0,0,0,0,0,0,0,0,0,0
690,Kuwait,2021,0,0,0,0,0,0,0,0,0,0,0,0,0,0
690,Kuwait,2022,0,0,0,0,0,0,0,0,0,0,0,0,0,0
690,Kuwait,2023,0,0,0,0,0,0,0,0,0,0,0,0,0,0
690,Kuwait,2024,0,0,0,0,0,0,0,0,0,0,0,0,0,0
703,Kyrgyzstan,1991,0,0,0,0,0,0,0,0,0,0,0,0,0,0
703,Kyrgyzstan,1992,0,0,0,0,0,0,0,0,0,0,0,0,0,0
703,Kyrgyzstan,1993,0,0,0,0,0,0,0,0,0,0,0,0,0,0
703,Kyrgyzstan,1994,0,0,0,0,0,0,0,0,0,0,0,0,0,0
703,Kyrgyzstan,1995,0,0,0,0,0,0,0,0,0,0,0,0,0,0
703,Kyrgyzstan,1996,0,0,0,0,0,0,0,0,0,0,0,0,0,0
703,Kyrgyzstan,1997,0,0,0,0,0,0,0,0,0,0,0,0,0,0
703,Kyrgyzstan,1998,0,0,0,0,0,0,0,0,0,0,0,0,0,0
703,Kyrgyzstan,1999,1,1,14,1,14,0,0,0,0,0,0,0,0,14
703,Kyrgyzstan,2000,1,1,174,1,174,0,0,0,0,0,0,0,0,174
703,Kyrgyzstan,2001,0,0,0,0,0,0,0,0,0,0,0,0,0,0
703,Kyrgyzstan,2002,0,0,0,0,0,0,0,0,0,0,0,0,0,0
703,Kyrgyzstan,2003,0,0,0,0,0,0,0,0,0,0,0,0,0,0
703,Kyrgyzstan,2004,0,0,0,0,0,0,0,0,0,0,0,0,0,0
703,Kyrgyzstan,2005,0,0,0,0,0,0,0,0,0,0,0,0,0,0
703,Kyrgyzstan,2006,1,1,6,1,6,0,0,0,0,0,0,0,0,6
703,Kyrgyzstan,2007,0,0,0,0,0,0,0,0,0,0,0,0,0,0
703,Kyrgyzstan,2008,0,0,0,0,0,0,0,0,0,0,0,0,0,0
703,Kyrgyzstan,2009,0,0,0,0,0,0,0,0,0,0,0,0,0,0
703,Kyrgyzstan,2010,0,0,0,0,0,0,0,1,1,44,0,0,0,44
703,Kyrgyzstan,2011,0,0,0,0,0,0,0,0,0,0,0,0,0,0
703,Kyrgyzstan,2012,0,0,0,0,0,0,0,0,0,0,0,0,0,0
703,Kyrgyzstan,2013,0,0,0,0,0,0,0,0,0,0,0,0,0,0
703,Kyrgyzstan,2014,0,0,0,0,0,0,0,0,0,0,0,0,0,0
703,Kyrgyzstan,2015,1,1,1,0,0,1,1,0,0,0,0,0,0,1
703,Kyrgyzstan,2016,0,0,0,0,0,0,0,0,0,0,0,0,0,0
703,Kyrgyzstan,2017,0,0,0,0,0,0,0,0,0,0,0,0,0,0
703,Kyrgyzstan,2018,0,0,0,0,0,0,0,0,0,0,0,0,0,0
703,Kyrgyzstan,2019,0,0,0,0,0,0,0,0,0,0,0,0,0,0
703,Kyrgyzstan,2020,0,0,0,0,0,0,0,0,0,0,0,0,0,0
703,Kyrgyzstan,2021,1,1,40,0,0,1,40,0,0,0,0,0,0,40
703,Kyrgyzstan,2022,1,1,63,0,0,1,63,0,0,0,1,5,5,68
703,Kyrgyzstan,2023,0,0,0,0,0,0,0,0,0,0,0,0,0,0
703,Kyrgyzstan,2024,0,0,0,0,0,0,0,0,0,0,0,0,0,0
812,Laos,1990,1,1,249,1,249,0,0,0,0,0,1,6,6,255
812,Laos,1991,0,0,0,0,0,0,0,0,0,0,0,0,0,0
812,Laos,1992,0,0,0,0,0,0,0,0,0,0,0,0,0,0
812,Laos,1993,0,0,0,0,0,0,0,0,0,0,1,3,3,3
812,Laos,1994,0,0,0,0,0,0,0,0,0,0,0,0,0,0
812,Laos,1995,0,0,0,0,0,0,0,0,0,0,0,0,0,0
812,Laos,1996,0,0,0,0,0,0,0,0,0,0,0,0,0,0
812,Laos,1997,0,0,0,0,0,0,0,0,0,0,1,2,2,2
812,Laos,1998,0,0,0,0,0,0,0,0,0,0,0,0,0,0
812,Laos,1999,0,0,0,0,0,0,0,0,0,0,1,2,2,2
812,Laos,2000,1,1,5,1,5,0,0,0,0,0,1,2,2,7
812,Laos,2001,0,0,0,0,0,0,0,0,0,0,0,0,0,0
812,Laos,2002,0,0,0,0,0,0,0,0,0,0,1,4,4,4
812,Laos,2003,0,0,0,0,0,0,0,0,0,0,1,5,5,5
812,Laos,2004,0,0,0,0,0,0,0,0,0,0,1,4,4,4
812,Laos,2005,0,0,0,0,0,0,0,0,0,0,0,0,0,0
812,Laos,2006,0,0,0,0,0,0,0,0,0,0,1,73,73,73
812,Laos,2007,0,0,0,0,0,0,0,0,0,0,0,0,0,0
812,Laos,2008,0,0,0,0,0,0,0,0,0,0,0,0,0,0
812,Laos,2009,0,0,0,0,0,0,0,0,0,0,0,0,0,0
812,Laos,2010,0,0,0,0,0,0,0,0,0,0,0,0,0,0
812,Laos,2011,0,0,0,0,0,0,0,0,0,0,0,0,0,0
812,Laos,2012,0,0,0,0,0,0,0,0,0,0,0,0,0,0
812,Laos,2013,0,0,0,0,0,0,0,0,0,0,0,0,0,0
812,Laos,2014,0,0,0,0,0,0,0,0,0,0,0,0,0,0
812,Laos,2015,0,0,0,0,0,0,0,0,0,0,0,0,0,0
812,Laos,2016,0,0,0,0,0,0,0,0,0,0,0,0,0,0
812,Laos,2017,0,0,0,0,0,0,0,0,0,0,0,0,0,0
812,Laos,2018,0,0,0,0,0,0,0,0,0,0,0,0,0,0
812,Laos,2019,0,0,0,0,0,0,0,0,0,0,0,0,0,0
812,Laos,2020,0,0,0,0,0,0,0,0,0,0,0,0,0,0
812,Laos,2021,0,0,0,0,0,0,0,0,0,0,0,0,0,0
812,Laos,2022,0,0,0,0,0,0,0,0,0,0,0,0,0,0
812,Laos,2023,0,0,0,0,0,0,0,0,0,0,0,0,0,0
812,Laos,2024,0,0,0,0,0,0,0,0,0,0,0,0,0,0
367,Latvia,1991,0,0,0,0,0,0,0,0,0,0,0,0,0,0
367,Latvia,1992,0,0,0,0,0,0,0,0,0,0,0,0,0,0
367,Latvia,1993,0,0,0,0,0,0,0,0,0,0,0,0,0,0
367,Latvia,1994,0,0,0,0,0,0,0,0,0,0,0,0,0,0
367,Latvia,1995,0,0,0,0,0,0,0,0,0,0,0,0,0,0
367,Latvia,1996,0,0,0,0,0,0,0,0,0,0,0,0,0,0
367,Latvia,1997,0,0,0,0,0,0,0,0,0,0,0,0,0,0
367,Latvia,1998,0,0,0,0,0,0,0,0,0,0,0,0,0,0
367,Latvia,1999,0,0,0,0,0,0,0,0,0,0,0,0,0,0
367,Latvia,2000,0,0,0,0,0,0,0,0,0,0,0,0,0,0
367,Latvia,2001,0,0,0,0,0,0,0,0,0,0,0,0,0,0
367,Latvia,2002,0,0,0,0,0,0,0,0,0,0,0,0,0,0
367,Latvia,2003,0,0,0,0,0,0,0,0,0,0,0,0,0,0
367,Latvia,2004,0,0,0,0,0,0,0,0,0,0,0,0,0,0
367,Latvia,2005,0,0,0,0,0,0,0,0,0,0,0,0,0,0
367,Latvia,2006,0,0,0,0,0,0,0,0,0,0,0,0,0,0
367,Latvia,2007,0,0,0,0,0,0,0,0,0,0,0,0,0,0
367,Latvia,2008,0,0,0,0,0,0,0,0,0,0,0,0,0,0
367,Latvia,2009,0,0,0,0,0,0,0,0,0,0,0,0,0,0
367,Latvia,2010,0,0,0,0,0,0,0,0,0,0,0,0,0,0
367,Latvia,2011,0,0,0,0,0,0,0,0,0,0,0,0,0,0
367,Latvia,2012,0,0,0,0,0,0,0,0,0,0,0,0,0,0
367,Latvia,2013,0,0,0,0,0,0,0,0,0,0,0,0,0,0
367,Latvia,2014,0,0,0,0,0,0,0,0,0,0,0,0,0,0
367,Latvia,2015,0,0,0,0,0,0,0,0,0,0,0,0,0,0
367,Latvia,2016,0,0,0,0,0,0,0,0,0,0,0,0,0,0
367,Latvia,2017,0,0,0,0,0,0,0,0,0,0,0,0,0,0
367,Latvia,2018,0,0,0,0,0,0,0,0,0,0,0,0,0,0
367,Latvia,2019,0,0,0,0,0,0,0,0,0,0,0,0,0,0
367,Latvia,2020,0,0,0,0,0,0,0,0,0,0,0,0,0,0
367,Latvia,2021,0,0,0,0,0,0,0,0,0,0,0,0,0,0
367,Latvia,2022,0,0,0,0,0,0,0,0,0,0,0,0,0,0
367,Latvia,2023,0,0,0,0,0,0,0,0,0,0,0,0,0,0
367,Latvia,2024,0,0,0,0,0,0,0,0,0,0,0,0,0,0
660,Lebanon,1990,1,5,765,1,765,0,0,1,4,1138,0,0,0,1903
660,Lebanon,1991,1,4,45,1,45,0,0,1,1,23,0,0,0,68
660,Lebanon,1992,1,4,102,1,102,0,0,1,1,30,0,0,0,132
660,Lebanon,1993,1,4,137,1,137,0,0,1,1,26,1,2,0,165
660,Lebanon,1994,1,4,95,1,95,0,0,1,1,48,1,1,1,144
660,Lebanon,1995,1,2,90,1,90,0,0,1,1,36,0,0,0,126
660,Lebanon,1996,1,2,93,1,93,0,0,1,1,19,1,102,102,214
660,Lebanon,1997,1,2,89,1,89,0,0,1,1,16,1,0,0,105
660,Lebanon,1998,1,1,54,1,54,0,0,1,1,31,1,0,0,85
660,Lebanon,1999,1,2,43,1,43,0,0,1,2,31,0,0,0,74
660,Lebanon,2000,1,2,29,1,29,0,0,1,2,29,1,1,0,59
660,Lebanon,2001,1,2,4,1,4,0,0,0,0,0,0,0,0,4
660,Lebanon,2002,1,1,0,1,0,0,0,0,0,0,0,0,0,0
660,Lebanon,2003,1,1,1,1,1,0,0,0,0,0,0,0,0,1
660,Lebanon,2004,0,0,0,0,0,0,0,0,0,0,0,0,0,0
660,Lebanon,2005,1,1,3,1,3,0,0,0,0,0,0,0,0,3
660,Lebanon,2006,1,3,1189,1,1189,0,0,0,0,0,1,5,5,1194
660,Lebanon,2007,0,0,0,0,0,0,0,0,0,0,0,0,0,0
660,Lebanon,2008,0,0,0,0,0,0,0,1,1,38,0,0,0,38
660,Lebanon,2009,0,0,0,0,0,0,0,0,0,0,0,0,0,0
660,Lebanon,2010,0,0,0,0,0,0,0,0,0,0,0,0,0,0
660,Lebanon,2011,0,0,0,0,0,0,0,0,0,0,1,4,4,4
660,Lebanon,2012,0,0,0,0,0,0,0,1,1,52,1,1,1,53
660,Lebanon,2013,1,1,2,1,2,0,0,1,3,130,1,47,0,179
660,Lebanon,2014,1,2,140,1,140,0,0,1,3,91,0,0,0,231
660,Lebanon,2015,1,2,79,1,79,0,0,1,2,121,0,0,0,200
660,Lebanon,2016,1,1,17,1,17,0,0,1,3,34,1,5,0,56
660,Lebanon,2017,1,2,74,1,74,0,0,1,2,223,0,0,0,297
660,Lebanon,2018,1,1,2,1,2,0,0,0,0,0,0,0,0,2
660,Lebanon,2019,0,0,0,0,0,0,0,0,0,0,0,0,0,0
660,Lebanon,2020,1,1,20,1,20,0,0,0,0,0,0,0,0,20
660,Lebanon,2021,0,0,0,0,0,0,0,0,0,0,0,0,0,0
660,Lebanon,2022,0,0,0,0,0,0,0,0,0,0,0,0,0,0
660,Lebanon,2023,1,2,123,1,123,0,0,0,0,0,0,0,0,123
660,Lebanon,2024,1,5,4339,1,4339,0,0,0,0,0,0,0,0,4339
570,Lesotho,1990,0,0,0,0,0,0,0,0,0,0,0,0,0,0
570,Lesotho,1991,0,0,0,0,0,0,0,0,0,0,0,0,0,0
570,Lesotho,1992,0,0,0,0,0,0,0,0,0,0,0,0,0,0
570,Lesotho,1993,0,0,0,0,0,0,0,0,0,0,0,0,0,0
570,Lesotho,1994,0,0,0,0,0,0,0,0,0,0,0,0,0,0
570,Lesotho,1995,0,0,0,0,0,0,0,0,0,0,0,0,0,0
570,Lesotho,1996,0,0,0,0,0,0,0,0,0,0,0,0,0,0
570,Lesotho,1997,0,0,0,0,0,0,0,0,0,0,0,0,0,0
570,Lesotho,1998,1,1,78,1,78,0,0,0,0,0,0,0,0,78
570,Lesotho,1999,0,0,0,0,0,0,0,0,0,0,0,0,0,0
570,Lesotho,2000,0,0,0,0,0,0,0,0,0,0,0,0,0,0
570,Lesotho,2001,0,0,0,0,0,0,0,0,0,0,0,0,0,0
570,Lesotho,2002,0,0,0,0,0,0,0,0,0,0,0,0,0,0
570,Lesotho,2003,0,0,0,0,0,0,0,0,0,0,0,0,0,0
570,Lesotho,2004,0,0,0,0,0,0,0,0,0,0,0,0,0,0
570,Lesotho,2005,0,0,0,0,0,0,0,0,0,0,0,0,0,0
570,Lesotho,2006,0,0,0,0,0,0,0,0,0,0,0,0,0,0
570,Lesotho,2007,0,0,0,0,0,0,0,0,0,0,0,0,0,0
570,Lesotho,2008,0,0,0,0,0,0,0,0,0,0,0,0,0,0
570,Lesotho,2009,0,0,0,0,0,0,0,0,0,0,0,0,0,0
570,Lesotho,2010,0,0,0,0,0,0,0,0,0,0,0,0,0,0
570,Lesotho,2011,0,0,0,0,0,0,0,0,0,0,0,0,0,0
570,Lesotho,2012,0,0,0,0,0,0,0,0,0,0,0,0,0,0
570,Lesotho,2013,0,0,0,0,0,0,0,0,0,0,0,0,0,0
570,Lesotho,2014,0,0,0,0,0,0,0,0,0,0,0,0,0,0
570,Lesotho,2015,0,0,0,0,0,0,0,0,0,0,0,0,0,0
570,Lesotho,2016,0,0,0,0,0,0,0,0,0,0,0,0,0,0
570,Lesotho,2017,0,0,0,0,0,0,0,0,0,0,0,0,0,0
570,Lesotho,2018,0,0,0,0,0,0,0,0,0,0,0,0,0,0
570,Lesotho,2019,0,0,0,0,0,0,0,0,0,0,0,0,0,0
570,Lesotho,2020,0,0,0,0,0,0,0,0,0,0,0,0,0,0
570,Lesotho,2021,0,0,0,0,0,0,0,0,0,0,0,0,0,0
570,Lesotho,2022,0,0,0,0,0,0,0,0,0,0,0,0,0,0
570,Lesotho,2023,0,0,0,0,0,0,0,0,0,0,0,0,0,0
570,Lesotho,2024,0,0,0,0,0,0,0,0,0,0,0,0,0,0
450,Liberia,1990,1,2,339,1,339,0,0,1,1,45,1,3345,1250,3729
450,Liberia,1991,0,0,0,0,0,0,0,1,1,306,1,272,0,578
450,Liberia,1992,0,0,0,0,0,0,0,1,1,55,1,398,0,453
450,Liberia,1993,1,1,5,1,5,0,0,1,3,108,1,2560,0,2673
450,Liberia,1994,0,0,0,0,0,0,0,1,2,489,1,3678,0,4167
450,Liberia,1995,0,0,0,0,0,0,0,1,2,23,1,2267,0,2290
450,Liberia,1996,0,0,0,0,0,0,0,1,1,2000,1,1077,0,3077
450,Liberia,1997,0,0,0,0,0,0,0,0,0,0,1,13,4,13
450,Liberia,1998,0,0,0,0,0,0,0,0,0,0,1,13,13,13
450,Liberia,1999,0,0,0,0,0,0,0,0,0,0,1,70,70,70
450,Liberia,2000,1,1,57,1,57,0,0,0,0,0,1,44,44,101
450,Liberia,2001,1,2,341,1,341,0,0,0,0,0,1,140,120,481
450,Liberia,2002,1,1,492,1,492,0,0,0,0,0,1,1767,1648,2259
450,Liberia,2003,1,2,1787,1,1787,0,0,0,0,0,1,1494,1076,3281
450,Liberia,2004,0,0,0,0,0,0,0,0,0,0,0,0,0,0
450,Liberia,2005,0,0,0,0,0,0,0,0,0,0,0,0,0,0
450,Liberia,2006,0,0,0,0,0,0,0,0,0,0,0,0,0,0
450,Liberia,2007,0,0,0,0,0,0,0,0,0,0,0,0,0,0
450,Liberia,2008,0,0,0,0,0,0,0,0,0,0,0,0,0,0
450,Liberia,2009,0,0,0,0,0,0,0,0,0,0,0,0,0,0
450,Liberia,2010,0,0,0,0,0,0,0,0,0,0,0,0,0,0
450,Liberia,2011,0,0,0,0,0,0,0,0,0,0,0,0,0,0
450,Liberia,2012,0,0,0,0,0,0,0,0,0,0,0,0,0,0
450,Liberia,2013,0,0,0,0,0,0,0,0,0,0,0,0,0,0
450,Liberia,2014,0,0,0,0,0,0,0,0,0,0,0,0,0,0
450,Liberia,2015,0,0,0,0,0,0,0,0,0,0,0,0,0,0
450,Liberia,2016,0,0,0,0,0,0,0,0,0,0,0,0,0,0
450,Liberia,2017,0,0,0,0,0,0,0,0,0,0,0,0,0,0
450,Liberia,2018,0,0,0,0,0,0,0,0,0,0,0,0,0,0
450,Liberia,2019,0,0,0,0,0,0,0,0,0,0,1,1,1,1
450,Liberia,2020,0,0,0,0,0,0,0,0,0,0,1,2,2,2
450,Liberia,2021,0,0,0,0,0,0,0,0,0,0,0,0,0,0
450,Liberia,2022,0,0,0,0,0,0,0,0,0,0,0,0,0,0
450,Liberia,2023,0,0,0,0,0,0,0,0,0,0,0,0,0,0
450,Liberia,2024,0,0,0,0,0,0,0,0,0,0,1,1,1,1
620,Libya,1990,0,0,0,0,0,0,0,0,0,0,0,0,0,0
620,Libya,1991,0,0,0,0,0,0,0,0,0,0,0,0,0,0
620,Libya,1992,0,0,0,0,0,0,0,0,0,0,0,0,0,0
620,Libya,1993,0,0,0,0,0,0,0,0,0,0,0,0,0,0
620,Libya,1994,0,0,0,0,0,0,0,0,0,0,0,0,0,0
620,Libya,1995,0,0,0,0,0,0,0,0,0,0,0,0,0,0
620,Libya,1996,0,0,0,0,0,0,0,0,0,0,0,0,0,0
620,Libya,1997,0,0,0,0,0,0,0,0,0,0,0,0,0,0
620,Libya,1998,0,0,0,0,0,0,0,0,0,0,0,0,0,0
620,Libya,1999,0,0,0,0,0,0,0,0,0,0,0,0,0,0
620,Libya,2000,0,0,0,0,0,0,0,0,0,0,0,0,0,0
620,Libya,2001,0,0,0,0,0,0,0,0,0,0,0,0,0,0
620,Libya,2002,0,0,0,0,0,0,0,0,0,0,0,0,0,0
620,Libya,2003,0,0,0,0,0,0,0,0,0,0,0,0,0,0
620,Libya,2004,0,0,0,0,0,0,0,0,0,0,0,0,0,0
620,Libya,2005,0,0,0,0,0,0,0,0,0,0,0,0,0,0
620,Libya,2006,0,0,0,0,0,0,0,0,0,0,0,0,0,0
620,Libya,2007,0,0,0,0,0,0,0,0,0,0,0,0,0,0
620,Libya,2008,0,0,0,0,0,0,0,1,1,6,0,0,0,6
620,Libya,2009,0,0,0,0,0,0,0,0,0,0,0,0,0,0
620,Libya,2010,0,0,0,0,0,0,0,0,0,0,0,0,0,0
620,Libya,2011,1,2,3762,1,3762,0,0,0,0,0,1,152,152,3914
620,Libya,2012,1,1,1,1,1,0,0,1,3,377,0,0,0,378
620,Libya,2013,1,1,31,1,31,0,0,1,2,5,0,0,0,36
620,Libya,2014,1,3,286,1,286,0,0,1,9,1169,0,0,0,1455
620,Libya,2015,1,3,275,1,275,0,0,1,8,1201,1,118,0,1594
620,Libya,2016,1,4,1742,1,1742,0,0,1,9,591,1,16,0,2349
620,Libya,2017,1,4,404,1,404,0,0,1,6,691,1,1,0,1096
620,Libya,2018,1,1,44,1,44,0,0,1,9,620,1,6,0,670
620,Libya,2019,1,2,1631,1,1631,0,0,1,3,152,1,3,1,1786
620,Libya,2020,1,1,668,1,668,0,0,1,1,17,1,5,0,690
620,Libya,2021,1,2,10,1,10,0,0,1,1,2,0,0,0,12
620,Libya,2022,1,2,2,1,2,0,0,1,1,11,0,0,0,13
620,Libya,2023,1,1,2,1,2,0,0,0,0,0,0,0,0,2
620,Libya,2024,1,1,2,1,2,0,0,0,0,0,0,0,0,2
223,Liechtenstein,1990,0,0,0,0,0,0,0,0,0,0,0,0,0,0
223,Liechtenstein,1991,0,0,0,0,0,0,0,0,0,0,0,0,0,0
223,Liechtenstein,1992,0,0,0,0,0,0,0,0,0,0,0,0,0,0
223,Liechtenstein,1993,0,0,0,0,0,0,0,0,0,0,0,0,0,0
223,Liechtenstein,1994,0,0,0,0,0,0,0,0,0,0,0,0,0,0
223,Liechtenstein,1995,0,0,0,0,0,0,0,0,0,0,0,0,0,0
223,Liechtenstein,1996,0,0,0,0,0,0,0,0,0,0,0,0,0,0
223,Liechtenstein,1997,0,0,0,0,0,0,0,0,0,0,0,0,0,0
223,Liechtenstein,1998,0,0,0,0,0,0,0,0,0,0,0,0,0,0
223,Liechtenstein,1999,0,0,0,0,0,0,0,0,0,0,0,0,0,0
223,Liechtenstein,2000,0,0,0,0,0,0,0,0,0,0,0,0,0,0
223,Liechtenstein,2001,0,0,0,0,0,0,0,0,0,0,0,0,0,0
223,Liechtenstein,2002,0,0,0,0,0,0,0,0,0,0,0,0,0,0
223,Liechtenstein,2003,0,0,0,0,0,0,0,0,0,0,0,0,0,0
223,Liechtenstein,2004,0,0,0,0,0,0,0,0,0,0,0,0,0,0
223,Liechtenstein,2005,0,0,0,0,0,0,0,0,0,0,0,0,0,0
223,Liechtenstein,2006,0,0,0,0,0,0,0,0,0,0,0,0,0,0
223,Liechtenstein,2007,0,0,0,0,0,0,0,0,0,0,0,0,0,0
223,Liechtenstein,2008,0,0,0,0,0,0,0,0,0,0,0,0,0,0
223,Liechtenstein,2009,0,0,0,0,0,0,0,0,0,0,0,0,0,0
223,Liechtenstein,2010,0,0,0,0,0,0,0,0,0,0,0,0,0,0
223,Liechtenstein,2011,0,0,0,0,0,0,0,0,0,0,0,0,0,0
223,Liechtenstein,2012,0,0,0,0,0,0,0,0,0,0,0,0,0,0
223,Liechtenstein,2013,0,0,0,0,0,0,0,0,0,0,0,0,0,0
223,Liechtenstein,2014,0,0,0,0,0,0,0,0,0,0,0,0,0,0
223,Liechtenstein,2015,0,0,0,0,0,0,0,0,0,0,0,0,0,0
223,Liechtenstein,2016,0,0,0,0,0,0,0,0,0,0,0,0,0,0
223,Liechtenstein,2017,0,0,0,0,0,0,0,0,0,0,0,0,0,0
223,Liechtenstein,2018,0,0,0,0,0,0,0,0,0,0,0,0,0,0
223,Liechtenstein,2019,0,0,0,0,0,0,0,0,0,0,0,0,0,0
223,Liechtenstein,2020,0,0,0,0,0,0,0,0,0,0,0,0,0,0
223,Liechtenstein,2021,0,0,0,0,0,0,0,0,0,0,0,0,0,0
223,Liechtenstein,2022,0,0,0,0,0,0,0,0,0,0,0,0,0,0
223,Liechtenstein,2023,0,0,0,0,0,0,0,0,0,0,0,0,0,0
223,Liechtenstein,2024,0,0,0,0,0,0,0,0,0,0,0,0,0,0
368,Lithuania,1991,0,0,0,0,0,0,0,0,0,0,0,0,0,0
368,Lithuania,1992,0,0,0,0,0,0,0,0,0,0,0,0,0,0
368,Lithuania,1993,0,0,0,0,0,0,0,0,0,0,0,0,0,0
368,Lithuania,1994,0,0,0,0,0,0,0,0,0,0,0,0,0,0
368,Lithuania,1995,0,0,0,0,0,0,0,0,0,0,0,0,0,0
368,Lithuania,1996,0,0,0,0,0,0,0,0,0,0,0,0,0,0
368,Lithuania,1997,0,0,0,0,0,0,0,0,0,0,0,0,0,0
368,Lithuania,1998,0,0,0,0,0,0,0,0,0,0,0,0,0,0
368,Lithuania,1999,0,0,0,0,0,0,0,0,0,0,0,0,0,0
368,Lithuania,2000,0,0,0,0,0,0,0,0,0,0,0,0,0,0
368,Lithuania,2001,0,0,0,0,0,0,0,0,0,0,0,0,0,0
368,Lithuania,2002,0,0,0,0,0,0,0,0,0,0,0,0,0,0
368,Lithuania,2003,0,0,0,0,0,0,0,0,0,0,0,0,0,0
368,Lithuania,2004,0,0,0,0,0,0,0,0,0,0,0,0,0,0
368,Lithuania,2005,0,0,0,0,0,0,0,0,0,0,0,0,0,0
368,Lithuania,2006,0,0,0,0,0,0,0,0,0,0,0,0,0,0
368,Lithuania,2007,0,0,0,0,0,0,0,0,0,0,0,0,0,0
368,Lithuania,2008,0,0,0,0,0,0,0,0,0,0,0,0,0,0
368,Lithuania,2009,0,0,0,0,0,0,0,0,0,0,0,0,0,0
368,Lithuania,2010,0,0,0,0,0,0,0,0,0,0,0,0,0,0
368,Lithuania,2011,0,0,0,0,0,0,0,0,0,0,0,0,0,0
368,Lithuania,2012,0,0,0,0,0,0,0,0,0,0,0,0,0,0
368,Lithuania,2013,0,0,0,0,0,0,0,0,0,0,0,0,0,0
368,Lithuania,2014,0,0,0,0,0,0,0,0,0,0,0,0,0,0
368,Lithuania,2015,0,0,0,0,0,0,0,0,0,0,0,0,0,0
368,Lithuania,2016,0,0,0,0,0,0,0,0,0,0,0,0,0,0
368,Lithuania,2017,0,0,0,0,0,0,0,0,0,0,0,0,0,0
368,Lithuania,2018,0,0,0,0,0,0,0,0,0,0,0,0,0,0
368,Lithuania,2019,0,0,0,0,0,0,0,0,0,0,0,0,0,0
368,Lithuania,2020,0,0,0,0,0,0,0,0,0,0,0,0,0,0
368,Lithuania,2021,0,0,0,0,0,0,0,0,0,0,0,0,0,0
368,Lithuania,2022,0,0,0,0,0,0,0,0,0,0,0,0,0,0
368,Lithuania,2023,0,0,0,0,0,0,0,0,0,0,0,0,0,0
368,Lithuania,2024,0,0,0,0,0,0,0,0,0,0,0,0,0,0
212,Luxembourg,1990,0,0,0,0,0,0,0,0,0,0,0,0,0,0
212,Luxembourg,1991,0,0,0,0,0,0,0,0,0,0,0,0,0,0
212,Luxembourg,1992,0,0,0,0,0,0,0,0,0,0,0,0,0,0
212,Luxembourg,1993,0,0,0,0,0,0,0,0,0,0,0,0,0,0
212,Luxembourg,1994,0,0,0,0,0,0,0,0,0,0,0,0,0,0
212,Luxembourg,1995,0,0,0,0,0,0,0,0,0,0,0,0,0,0
212,Luxembourg,1996,0,0,0,0,0,0,0,0,0,0,0,0,0,0
212,Luxembourg,1997,0,0,0,0,0,0,0,0,0,0,0,0,0,0
212,Luxembourg,1998,0,0,0,0,0,0,0,0,0,0,0,0,0,0
212,Luxembourg,1999,0,0,0,0,0,0,0,0,0,0,0,0,0,0
212,Luxembourg,2000,0,0,0,0,0,0,0,0,0,0,0,0,0,0
212,Luxembourg,2001,0,0,0,0,0,0,0,0,0,0,0,0,0,0
212,Luxembourg,2002,0,0,0,0,0,0,0,0,0,0,0,0,0,0
212,Luxembourg,2003,0,0,0,0,0,0,0,0,0,0,0,0,0,0
212,Luxembourg,2004,0,0,0,0,0,0,0,0,0,0,0,0,0,0
212,Luxembourg,2005,0,0,0,0,0,0,0,0,0,0,0,0,0,0
212,Luxembourg,2006,0,0,0,0,0,0,0,0,0,0,0,0,0,0
212,Luxembourg,2007,0,0,0,0,0,0,0,0,0,0,0,0,0,0
212,Luxembourg,2008,0,0,0,0,0,0,0,0,0,0,0,0,0,0
212,Luxembourg,2009,0,0,0,0,0,0,0,0,0,0,0,0,0,0
212,Luxembourg,2010,0,0,0,0,0,0,0,0,0,0,0,0,0,0
212,Luxembourg,2011,0,0,0,0,0,0,0,0,0,0,0,0,0,0
212,Luxembourg,2012,0,0,0,0,0,0,0,0,0,0,0,0,0,0
212,Luxembourg,2013,0,0,0,0,0,0,0,0,0,0,0,0,0,0
212,Luxembourg,2014,0,0,0,0,0,0,0,0,0,0,0,0,0,0
212,Luxembourg,2015,0,0,0,0,0,0,0,0,0,0,0,0,0,0
212,Luxembourg,2016,0,0,0,0,0,0,0,0,0,0,0,0,0,0
212,Luxembourg,2017,0,0,0,0,0,0,0,0,0,0,0,0,0,0
212,Luxembourg,2018,0,0,0,0,0,0,0,0,0,0,0,0,0,0
212,Luxembourg,2019,0,0,0,0,0,0,0,0,0,0,0,0,0,0
212,Luxembourg,2020,0,0,0,0,0,0,0,0,0,0,0,0,0,0
212,Luxembourg,2021,0,0,0,0,0,0,0,0,0,0,0,0,0,0
212,Luxembourg,2022,0,0,0,0,0,0,0,0,0,0,0,0,0,0
212,Luxembourg,2023,0,0,0,0,0,0,0,0,0,0,0,0,0,0
212,Luxembourg,2024,0,0,0,0,0,0,0,0,0,0,0,0,0,0
580,Madagascar (Malagasy),1990,0,0,0,0,0,0,0,0,0,0,0,0,0,0
580,Madagascar (Malagasy),1991,0,0,0,0,0,0,0,0,0,0,0,0,0,0
580,Madagascar (Malagasy),1992,0,0,0,0,0,0,0,0,0,0,0,0,0,0
580,Madagascar (Malagasy),1993,0,0,0,0,0,0,0,0,0,0,0,0,0,0
580,Madagascar (Malagasy),1994,0,0,0,0,0,0,0,0,0,0,0,0,0,0
580,Madagascar (Malagasy),1995,0,0,0,0,0,0,0,0,0,0,0,0,0,0
580,Madagascar (Malagasy),1996,0,0,0,0,0,0,0,0,0,0,0,0,0,0
580,Madagascar (Malagasy),1997,0,0,0,0,0,0,0,0,0,0,0,0,0,0
580,Madagascar (Malagasy),1998,0,0,0,0,0,0,0,0,0,0,0,0,0,0
580,Madagascar (Malagasy),1999,0,0,0,0,0,0,0,0,0,0,0,0,0,0
580,Madagascar (Malagasy),2000,0,0,0,0,0,0,0,0,0,0,0,0,0,0
580,Madagascar (Malagasy),2001,0,0,0,0,0,0,0,0,0,0,0,0,0,0
580,Madagascar (Malagasy),2002,0,0,0,0,0,0,0,1,1,79,0,0,0,79
580,Madagascar (Malagasy),2003,0,0,0,0,0,0,0,0,0,0,0,0,0,0
580,Madagascar (Malagasy),2004,0,0,0,0,0,0,0,0,0,0,0,0,0,0
580,Madagascar (Malagasy),2005,0,0,0,0,0,0,0,0,0,0,0,0,0,0
580,Madagascar (Malagasy),2006,0,0,0,0,0,0,0,0,0,0,0,0,0,0
580,Madagascar (Malagasy),2007,0,0,0,0,0,0,0,0,0,0,0,0,0,0
580,Madagascar (Malagasy),2008,0,0,0,0,0,0,0,0,0,0,0,0,0,0
580,Madagascar (Malagasy),2009,0,0,0,0,0,0,0,1,1,82,1,31,31,113
580,Madagascar (Malagasy),2010,0,0,0,0,0,0,0,0,0,0,0,0,0,0
580,Madagascar (Malagasy),2011,0,0,0,0,0,0,0,0,0,0,0,0,0,0
580,Madagascar (Malagasy),2012,0,0,0,0,0,0,0,0,0,0,1,15,15,15
580,Madagascar (Malagasy),2013,0,0,0,0,0,0,0,0,0,0,0,0,0,0
580,Madagascar (Malagasy),2014,0,0,0,0,0,0,0,0,0,0,0,0,0,0
580,Madagascar (Malagasy),2015,0,0,0,0,0,0,0,0,0,0,0,0,0,0
580,Madagascar (Malagasy),2016,0,0,0,0,0,0,0,0,0,0,0,0,0,0
580,Madagascar (Malagasy),2017,0,0,0,0,0,0,0,0,0,0,1,1,1,1
580,Madagascar (Malagasy),2018,0,0,0,0,0,0,0,0,0,0,0,0,0,0
580,Madagascar (Malagasy),2019,0,0,0,0,0,0,0,0,0,0,1,3,3,3
580,Madagascar (Malagasy),2020,0,0,0,0,0,0,0,0,0,0,1,23,23,23
580,Madagascar (Malagasy),2021,0,0,0,0,0,0,0,0,0,0,0,0,0,0
580,Madagascar (Malagasy),2022,0,0,0,0,0,0,0,0,0,0,0,0,0,0
580,Madagascar (Malagasy),2023,0,0,0,0,0,0,0,0,0,0,0,0,0,0
580,Madagascar (Malagasy),2024,0,0,0,0,0,0,0,0,0,0,0,0,0,0
553,Malawi,1990,0,0,0,0,0,0,0,0,0,0,0,0,0,0
553,Malawi,1991,0,0,0,0,0,0,0,0,0,0,0,0,0,0
553,Malawi,1992,0,0,0,0,0,0,0,0,0,0,0,0,0,0
553,Malawi,1993,0,0,0,0,0,0,0,0,0,0,0,0,0,0
553,Malawi,1994,0,0,0,0,0,0,0,0,0,0,0,0,0,0
553,Malawi,1995,0,0,0,0,0,0,0,0,0,0,0,0,0,0
553,Malawi,1996,0,0,0,0,0,0,0,0,0,0,0,0,0,0
553,Malawi,1997,0,0,0,0,0,0,0,0,0,0,0,0,0,0
553,Malawi,1998,0,0,0,0,0,0,0,0,0,0,0,0,0,0
553,Malawi,1999,0,0,0,0,0,0,0,0,0,0,0,0,0,0
553,Malawi,2000,0,0,0,0,0,0,0,0,0,0,0,0,0,0
553,Malawi,2001,0,0,0,0,0,0,0,0,0,0,0,0,0,0
553,Malawi,2002,0,0,0,0,0,0,0,0,0,0,0,0,0,0
553,Malawi,2003,0,0,0,0,0,0,0,0,0,0,0,0,0,0
553,Malawi,2004,0,0,0,0,0,0,0,0,0,0,0,0,0,0
553,Malawi,2005,0,0,0,0,0,0,0,0,0,0,0,0,0,0
553,Malawi,2006,0,0,0,0,0,0,0,0,0,0,0,0,0,0
553,Malawi,2007,0,0,0,0,0,0,0,0,0,0,0,0,0,0
553,Malawi,2008,0,0,0,0,0,0,0,0,0,0,0,0,0,0
553,Malawi,2009,0,0,0,0,0,0,0,0,0,0,0,0,0,0
553,Malawi,2010,0,0,0,0,0,0,0,0,0,0,0,0,0,0
553,Malawi,2011,0,0,0,0,0,0,0,0,0,0,0,0,0,0
553,Malawi,2012,0,0,0,0,0,0,0,0,0,0,0,0,0,0
553,Malawi,2013,0,0,0,0,0,0,0,0,0,0,0,0,0,0
553,Malawi,2014,0,0,0,0,0,0,0,0,0,0,0,0,0,0
553,Malawi,2015,0,0,0,0,0,0,0,0,0,0,0,0,0,0
553,Malawi,2016,0,0,0,0,0,0,0,0,0,0,0,0,0,0
553,Malawi,2017,0,0,0,0,0,0,0,0,0,0,0,0,0,0
553,Malawi,2018,0,0,0,0,0,0,0,0,0,0,0,0,0,0
553,Malawi,2019,0,0,0,0,0,0,0,0,0,0,0,0,0,0
553,Malawi,2020,0,0,0,0,0,0,0,0,0,0,0,0,0,0
553,Malawi,2021,0,0,0,0,0,0,0,0,0,0,0,0,0,0
553,Malawi,2022,0,0,0,0,0,0,0,0,0,0,0,0,0,0
553,Malawi,2023,0,0,0,0,0,0,0,0,0,0,0,0,0,0
553,Malawi,2024,0,0,0,0,0,0,0,0,0,0,0,0,0,0
820,Malaysia,1990,0,0,0,0,0,0,0,0,0,0,0,0,0,0
820,Malaysia,1991,0,0,0,0,0,0,0,0,0,0,0,0,0,0
820,Malaysia,1992,0,0,0,0,0,0,0,0,0,0,0,0,0,0
820,Malaysia,1993,0,0,0,0,0,0,0,0,0,0,0,0,0,0
820,Malaysia,1994,0,0,0,0,0,0,0,0,0,0,0,0,0,0
820,Malaysia,1995,0,0,0,0,0,0,0,0,0,0,0,0,0,0
820,Malaysia,1996,0,0,0,0,0,0,0,0,0,0,0,0,0,0
820,Malaysia,1997,0,0,0,0,0,0,0,0,0,0,0,0,0,0
820,Malaysia,1998,0,0,0,0,0,0,0,0,0,0,0,0,0,0
820,Malaysia,1999,0,0,0,0,0,0,0,0,0,0,0,0,0,0
820,Malaysia,2000,0,0,0,0,0,0,0,0,0,0,0,0,0,0
820,Malaysia,2001,0,0,0,0,0,0,0,0,0,0,0,0,0,0
820,Malaysia,2002,0,0,0,0,0,0,0,0,0,0,0,0,0,0
820,Malaysia,2003,0,0,0,0,0,0,0,0,0,0,0,0,0,0
820,Malaysia,2004,0,0,0,0,0,0,0,0,0,0,0,0,0,0
820,Malaysia,2005,0,0,0,0,0,0,0,0,0,0,0,0,0,0
820,Malaysia,2006,0,0,0,0,0,0,0,0,0,0,0,0,0,0
820,Malaysia,2007,0,0,0,0,0,0,0,0,0,0,0,0,0,0
820,Malaysia,2008,0,0,0,0,0,0,0,0,0,0,0,0,0,0
820,Malaysia,2009,0,0,0,0,0,0,0,0,0,0,0,0,0,0
820,Malaysia,2010,0,0,0,0,0,0,0,0,0,0,0,0,0,0
820,Malaysia,2011,0,0,0,0,0,0,0,0,0,0,0,0,0,0
820,Malaysia,2012,0,0,0,0,0,0,0,0,0,0,0,0,0,0
820,Malaysia,2013,1,1,70,1,70,0,0,0,0,0,1,0,0,70
820,Malaysia,2014,0,0,0,0,0,0,0,0,0,0,0,0,0,0
820,Malaysia,2015,0,0,0,0,0,0,0,0,0,0,0,0,0,0
820,Malaysia,2016,0,0,0,0,0,0,0,0,0,0,0,0,0,0
820,Malaysia,2017,1,1,1,1,1,0,0,0,0,0,0,0,0,1
820,Malaysia,2018,0,0,0,0,0,0,0,0,0,0,0,0,0,0
820,Malaysia,2019,0,0,0,0,0,0,0,0,0,0,0,0,0,0
820,Malaysia,2020,0,0,0,0,0,0,0,0,0,0,0,0,0,0
820,Malaysia,2021,0,0,0,0,0,0,0,0,0,0,0,0,0,0
820,Malaysia,2022,0,0,0,0,0,0,0,0,0,0,0,0,0,0
820,Malaysia,2023,0,0,0,0,0,0,0,0,0,0,0,0,0,0
820,Malaysia,2024,0,0,0,0,0,0,0,0,0,0,0,0,0,0
781,Maldives,1990,0,0,0,0,0,0,0,0,0,0,0,0,0,0
781,Maldives,1991,0,0,0,0,0,0,0,0,0,0,0,0,0,0
781,Maldives,1992,0,0,0,0,0,0,0,0,0,0,0,0,0,0
781,Maldives,1993,0,0,0,0,0,0,0,0,0,0,0,0,0,0
781,Maldives,1994,0,0,0,0,0,0,0,0,0,0,0,0,0,0
781,Maldives,1995,0,0,0,0,0,0,0,0,0,0,0,0,0,0
781,Maldives,1996,0,0,0,0,0,0,0,0,0,0,0,0,0,0
781,Maldives,1997,0,0,0,0,0,0,0,0,0,0,0,0,0,0
781,Maldives,1998,0,0,0,0,0,0,0,0,0,0,0,0,0,0
781,Maldives,1999,0,0,0,0,0,0,0,0,0,0,0,0,0,0
781,Maldives,2000,0,0,0,0,0,0,0,0,0,0,0,0,0,0
781,Maldives,2001,0,0,0,0,0,0,0,0,0,0,0,0,0,0
781,Maldives,2002,0,0,0,0,0,0,0,0,0,0,0,0,0,0
781,Maldives,2003,0,0,0,0,0,0,0,0,0,0,0,0,0,0
781,Maldives,2004,0,0,0,0,0,0,0,0,0,0,0,0,0,0
781,Maldives,2005,0,0,0,0,0,0,0,0,0,0,0,0,0,0
781,Maldives,2006,0,0,0,0,0,0,0,0,0,0,0,0,0,0
781,Maldives,2007,0,0,0,0,0,0,0,0,0,0,0,0,0,0
781,Maldives,2008,0,0,0,0,0,0,0,0,0,0,0,0,0,0
781,Maldives,2009,0,0,0,0,0,0,0,0,0,0,0,0,0,0
781,Maldives,2010,0,0,0,0,0,0,0,0,0,0,0,0,0,0
781,Maldives,2011,0,0,0,0,0,0,0,0,0,0,0,0,0,0
781,Maldives,2012,0,0,0,0,0,0,0,0,0,0,0,0,0,0
781,Maldives,2013,0,0,0,0,0,0,0,0,0,0,0,0,0,0
781,Maldives,2014,0,0,0,0,0,0,0,0,0,0,0,0,0,0
781,Maldives,2015,0,0,0,0,0,0,0,0,0,0,0,0,0,0
781,Maldives,2016,0,0,0,0,0,0,0,0,0,0,0,0,0,0
781,Maldives,2017,0,0,0,0,0,0,0,0,0,0,0,0,0,0
781,Maldives,2018,0,0,0,0,0,0,0,0,0,0,0,0,0,0
781,Maldives,2019,0,0,0,0,0,0,0,0,0,0,0,0,0,0
781,Maldives,2020,0,0,0,0,0,0,0,0,0,0,0,0,0,0
781,Maldives,2021,0,0,0,0,0,0,0,0,0,0,0,0,0,0
781,Maldives,2022,0,0,0,0,0,0,0,0,0,0,0,0,0,0
781,Maldives,2023,0,0,0,0,0,0,0,0,0,0,0,0,0,0
781,Maldives,2024,0,0,0,0,0,0,0,0,0,0,0,0,0,0
432,Mali,1990,1,1,457,1,457,0,0,0,0,0,1,125,125,582
432,Mali,1991,1,2,71,1,71,0,0,0,0,0,1,176,176,247
432,Mali,1992,1,1,9,1,9,0,0,0,0,0,1,77,77,86
432,Mali,1993,0,0,0,0,0,0,0,0,0,0,1,0,0,0
432,Mali,1994,1,1,106,1,106,0,0,1,1,30,1,593,251,729
432,Mali,1995,1,1,2,1,2,0,0,0,0,0,1,2,0,4
432,Mali,1996,0,0,0,0,0,0,0,0,0,0,0,0,0,0
432,Mali,1997,0,0,0,0,0,0,0,1,1,22,0,0,0,22
432,Mali,1998,0,0,0,0,0,0,0,0,0,0,0,0,0,0
432,Mali,1999,0,0,0,0,0,0,0,1,1,59,0,0,0,59
432,Mali,2000,0,0,0,0,0,0,0,0,0,0,0,0,0,0
432,Mali,2001,0,0,0,0,0,0,0,0,0,0,0,0,0,0
432,Mali,2002,0,0,0,0,0,0,0,1,1,5,0,0,0,5
432,Mali,2003,0,0,0,0,0,0,0,0,0,0,0,0,0,0
432,Mali,2004,0,0,0,0,0,0,0,1,1,20,0,0,0,20
432,Mali,2005,1,1,12,1,12,0,0,0,0,0,0,0,0,12
432,Mali,2006,0,0,0,0,0,0,0,0,0,0,0,0,0,0
432,Mali,2007,1,1,39,1,39,0,0,0,0,0,0,0,0,39
432,Mali,2008,1,1,112,1,112,0,0,0,0,0,1,1,1,113
432,Mali,2009,1,2,126,1,126,0,0,0,0,0,1,1,0,127
432,Mali,2010,1,1,28,1,28,0,0,0,0,0,0,0,0,28
432,Mali,2011,1,1,22,1,22,0,0,0,0,0,1,1,0,23
432,Mali,2012,1,3,218,1,218,0,0,1,5,118,1,23,19,359
432,Mali,2013,1,7,823,1,823,0,0,1,1,28,1,30,26,881
432,Mali,2014,1,4,193,1,193,0,0,1,3,95,1,3,0,291
432,Mali,2015,1,5,185,1,185,0,0,1,3,69,1,2,0,256
432,Mali,2016,1,3,100,1,100,0,0,1,2,68,1,30,7,198
432,Mali,2017,1,6,383,1,383,0,0,1,8,176,1,53,11,612
432,Mali,2018,1,2,521,1,521,0,0,1,7,209,1,551,53,1281
432,Mali,2019,1,2,603,1,603,0,0,1,8,169,1,455,0,1227
432,Mali,2020,1,2,583,1,583,0,0,1,5,448,1,512,262,1543
432,Mali,2021,1,2,726,1,726,0,0,1,4,345,1,216,48,1287
432,Mali,2022,1,2,1440,1,1440,0,0,1,7,755,1,1461,275,3656
432,Mali,2023,1,3,1238,1,1238,0,0,1,5,375,1,505,204,2118
432,Mali,2024,1,3,1008,1,1008,0,0,1,6,274,1,619,345,1901
338,Malta,1990,0,0,0,0,0,0,0,0,0,0,0,0,0,0
338,Malta,1991,0,0,0,0,0,0,0,0,0,0,0,0,0,0
338,Malta,1992,0,0,0,0,0,0,0,0,0,0,0,0,0,0
338,Malta,1993,0,0,0,0,0,0,0,0,0,0,0,0,0,0
338,Malta,1994,0,0,0,0,0,0,0,0,0,0,0,0,0,0
338,Malta,1995,1,1,0,1,0,0,0,0,0,0,0,0,0,0
338,Malta,1996,0,0,0,0,0,0,0,0,0,0,0,0,0,0
338,Malta,1997,0,0,0,0,0,0,0,0,0,0,0,0,0,0
338,Malta,1998,0,0,0,0,0,0,0,0,0,0,0,0,0,0
338,Malta,1999,0,0,0,0,0,0,0,0,0,0,0,0,0,0
338,Malta,2000,0,0,0,0,0,0,0,0,0,0,0,0,0,0
338,Malta,2001,0,0,0,0,0,0,0,0,0,0,0,0,0,0
338,Malta,2002,0,0,0,0,0,0,0,0,0,0,0,0,0,0
338,Malta,2003,0,0,0,0,0,0,0,0,0,0,0,0,0,0
338,Malta,2004,0,0,0,0,0,0,0,0,0,0,0,0,0,0
338,Malta,2005,0,0,0,0,0,0,0,0,0,0,0,0,0,0
338,Malta,2006,0,0,0,0,0,0,0,0,0,0,0,0,0,0
338,Malta,2007,0,0,0,0,0,0,0,0,0,0,0,0,0,0
338,Malta,2008,0,0,0,0,0,0,0,0,0,0,0,0,0,0
338,Malta,2009,0,0,0,0,0,0,0,0,0,0,0,0,0,0
338,Malta,2010,0,0,0,0,0,0,0,0,0,0,0,0,0,0
338,Malta,2011,0,0,0,0,0,0,0,0,0,0,0,0,0,0
338,Malta,2012,0,0,0,0,0,0,0,0,0,0,0,0,0,0
338,Malta,2013,0,0,0,0,0,0,0,0,0,0,0,0,0,0
338,Malta,2014,0,0,0,0,0,0,0,0,0,0,0,0,0,0
338,Malta,2015,0,0,0,0,0,0,0,0,0,0,0,0,0,0
338,Malta,2016,0,0,0,0,0,0,0,0,0,0,0,0,0,0
338,Malta,2017,0,0,0,0,0,0,0,0,0,0,0,0,0,0
338,Malta,2018,0,0,0,0,0,0,0,0,0,0,0,0,0,0
338,Malta,2019,0,0,0,0,0,0,0,0,0,0,0,0,0,0
338,Malta,2020,0,0,0,0,0,0,0,0,0,0,0,0,0,0
338,Malta,2021,0,0,0,0,0,0,0,0,0,0,0,0,0,0
338,Malta,2022,0,0,0,0,0,0,0,0,0,0,0,0,0,0
338,Malta,2023,0,0,0,0,0,0,0,0,0,0,0,0,0,0
338,Malta,2024,0,0,0,0,0,0,0,0,0,0,0,0,0,0
983,Marshall Islands,1990,0,0,0,0,0,0,0,0,0,0,0,0,0,0
983,Marshall Islands,1991,0,0,0,0,0,0,0,0,0,0,0,0,0,0
983,Marshall Islands,1992,0,0,0,0,0,0,0,0,0,0,0,0,0,0
983,Marshall Islands,1993,0,0,0,0,0,0,0,0,0,0,0,0,0,0
983,Marshall Islands,1994,0,0,0,0,0,0,0,0,0,0,0,0,0,0
983,Marshall Islands,1995,0,0,0,0,0,0,0,0,0,0,0,0,0,0
983,Marshall Islands,1996,0,0,0,0,0,0,0,0,0,0,0,0,0,0
983,Marshall Islands,1997,0,0,0,0,0,0,0,0,0,0,0,0,0,0
983,Marshall Islands,1998,0,0,0,0,0,0,0,0,0,0,0,0,0,0
983,Marshall Islands,1999,0,0,0,0,0,0,0,0,0,0,0,0,0,0
983,Marshall Islands,2000,0,0,0,0,0,0,0,0,0,0,0,0,0,0
983,Marshall Islands,2001,0,0,0,0,0,0,0,0,0,0,0,0,0,0
983,Marshall Islands,2002,0,0,0,0,0,0,0,0,0,0,0,0,0,0
983,Marshall Islands,2003,0,0,0,0,0,0,0,0,0,0,0,0,0,0
983,Marshall Islands,2004,0,0,0,0,0,0,0,0,0,0,0,0,0,0
983,Marshall Islands,2005,0,0,0,0,0,0,0,0,0,0,0,0,0,0
983,Marshall Islands,2006,0,0,0,0,0,0,0,0,0,0,0,0,0,0
983,Marshall Islands,2007,0,0,0,0,0,0,0,0,0,0,0,0,0,0
983,Marshall Islands,2008,0,0,0,0,0,0,0,0,0,0,0,0,0,0
983,Marshall Islands,2009,0,0,0,0,0,0,0,0,0,0,0,0,0,0
983,Marshall Islands,2010,0,0,0,0,0,0,0,0,0,0,0,0,0,0
983,Marshall Islands,2011,0,0,0,0,0,0,0,0,0,0,0,0,0,0
983,Marshall Islands,2012,0,0,0,0,0,0,0,0,0,0,0,0,0,0
983,Marshall Islands,2013,0,0,0,0,0,0,0,0,0,0,0,0,0,0
983,Marshall Islands,2014,0,0,0,0,0,0,0,0,0,0,0,0,0,0
983,Marshall Islands,2015,0,0,0,0,0,0,0,0,0,0,0,0,0,0
983,Marshall Islands,2016,0,0,0,0,0,0,0,0,0,0,0,0,0,0
983,Marshall Islands,2017,0,0,0,0,0,0,0,0,0,0,0,0,0,0
983,Marshall Islands,2018,0,0,0,0,0,0,0,0,0,0,0,0,0,0
983,Marshall Islands,2019,0,0,0,0,0,0,0,0,0,0,0,0,0,0
983,Marshall Islands,2020,0,0,0,0,0,0,0,0,0,0,0,0,0,0
983,Marshall Islands,2021,0,0,0,0,0,0,0,0,0,0,0,0,0,0
983,Marshall Islands,2022,0,0,0,0,0,0,0,0,0,0,0,0,0,0
983,Marshall Islands,2023,0,0,0,0,0,0,0,0,0,0,0,0,0,0
983,Marshall Islands,2024,0,0,0,0,0,0,0,0,0,0,0,0,0,0
435,Mauritania,1990,0,0,0,0,0,0,0,0,0,0,1,29,29,29
435,Mauritania,1991,0,0,0,0,0,0,0,0,0,0,0,0,0,0
435,Mauritania,1992,0,0,0,0,0,0,0,0,0,0,1,0,0,0
435,Mauritania,1993,0,0,0,0,0,0,0,0,0,0,0,0,0,0
435,Mauritania,1994,0,0,0,0,0,0,0,0,0,0,0,0,0,0
435,Mauritania,1995,0,0,0,0,0,0,0,0,0,0,0,0,0,0
435,Mauritania,1996,0,0,0,0,0,0,0,0,0,0,0,0,0,0
435,Mauritania,1997,0,0,0,0,0,0,0,0,0,0,0,0,0,0
435,Mauritania,1998,0,0,0,0,0,0,0,0,0,0,0,0,0,0
435,Mauritania,1999,0,0,0,0,0,0,0,0,0,0,0,0,0,0
435,Mauritania,2000,0,0,0,0,0,0,0,0,0,0,0,0,0,0
435,Mauritania,2001,0,0,0,0,0,0,0,0,0,0,0,0,0,0
435,Mauritania,2002,0,0,0,0,0,0,0,0,0,0,0,0,0,0
435,Mauritania,2003,0,0,0,0,0,0,0,0,0,0,0,0,0,0
435,Mauritania,2004,0,0,0,0,0,0,0,0,0,0,0,0,0,0
435,Mauritania,2005,0,0,0,0,0,0,0,0,0,0,0,0,0,0
435,Mauritania,2006,0,0,0,0,0,0,0,0,0,0,0,0,0,0
435,Mauritania,2007,0,0,0,0,0,0,0,0,0,0,1,4,0,4
435,Mauritania,2008,1,1,12,1,12,0,0,0,0,0,0,0,0,12
435,Mauritania,2009,0,0,0,0,0,0,0,0,0,0,1,1,0,1
435,Mauritania,2010,1,1,1,1,1,0,0,0,0,0,0,0,0,1
435,Mauritania,2011,1,1,12,1,12,0,0,0,0,0,1,1,1,13
435,Mauritania,2012,0,0,0,0,0,0,0,0,0,0,1,1,1,1
435,Mauritania,2013,0,0,0,0,0,0,0,0,0,0,0,0,0,0
435,Mauritania,2014,0,0,0,0,0,0,0,0,0,0,0,0,0,0
435,Mauritania,2015,0,0,0,0,0,0,0,0,0,0,0,0,0,0
435,Mauritania,2016,0,0,0,0,0,0,0,0,0,0,0,0,0,0
435,Mauritania,2017,0,0,0,0,0,0,0,0,0,0,0,0,0,0
435,Mauritania,2018,0,0,0,0,0,0,0,0,0,0,0,0,0,0
435,Mauritania,2019,0,0,0,0,0,0,0,0,0,0,1,1,1,1
435,Mauritania,2020,0,0,0,0,0,0,0,0,0,0,1,0,0,0
435,Mauritania,2021,0,0,0,0,0,0,0,0,0,0,0,0,0,0
435,Mauritania,2022,0,0,0,0,0,0,0,0,0,0,0,0,0,0
435,Mauritania,2023,1,1,6,1,6,0,0,0,0,0,0,0,0,6
435,Mauritania,2024,1,1,3,1,3,0,0,0,0,0,0,0,0,3
590,Mauritius,1990,0,0,0,0,0,0,0,0,0,0,0,0,0,0
590,Mauritius,1991,0,0,0,0,0,0,0,0,0,0,0,0,0,0
590,Mauritius,1992,0,0,0,0,0,0,0,0,0,0,0,0,0,0
590,Mauritius,1993,0,0,0,0,0,0,0,0,0,0,0,0,0,0
590,Mauritius,1994,0,0,0,0,0,0,0,0,0,0,0,0,0,0
590,Mauritius,1995,0,0,0,0,0,0,0,0,0,0,0,0,0,0
590,Mauritius,1996,0,0,0,0,0,0,0,0,0,0,0,0,0,0
590,Mauritius,1997,0,0,0,0,0,0,0,0,0,0,0,0,0,0
590,Mauritius,1998,0,0,0,0,0,0,0,0,0,0,0,0,0,0
590,Mauritius,1999,0,0,0,0,0,0,0,0,0,0,0,0,0,0
590,Mauritius,2000,0,0,0,0,0,0,0,0,0,0,0,0,0,0
590,Mauritius,2001,0,0,0,0,0,0,0,0,0,0,0,0,0,0
590,Mauritius,2002,0,0,0,0,0,0,0,0,0,0,0,0,0,0
590,Mauritius,2003,0,0,0,0,0,0,0,0,0,0,0,0,0,0
590,Mauritius,2004,0,0,0,0,0,0,0,0,0,0,0,0,0,0
590,Mauritius,2005,0,0,0,0,0,0,0,0,0,0,0,0,0,0
590,Mauritius,2006,0,0,0,0,0,0,0,0,0,0,0,0,0,0
590,Mauritius,2007,0,0,0,0,0,0,0,0,0,0,0,0,0,0
590,Mauritius,2008,0,0,0,0,0,0,0,0,0,0,0,0,0,0
590,Mauritius,2009,0,0,0,0,0,0,0,0,0,0,0,0,0,0
590,Mauritius,2010,0,0,0,0,0,0,0,0,0,0,0,0,0,0
590,Mauritius,2011,0,0,0,0,0,0,0,0,0,0,0,0,0,0
590,Mauritius,2012,0,0,0,0,0,0,0,0,0,0,0,0,0,0
590,Mauritius,2013,0,0,0,0,0,0,0,0,0,0,0,0,0,0
590,Mauritius,2014,0,0,0,0,0,0,0,0,0,0,0,0,0,0
590,Mauritius,2015,0,0,0,0,0,0,0,0,0,0,0,0,0,0
590,Mauritius,2016,0,0,0,0,0,0,0,0,0,0,0,0,0,0
590,Mauritius,2017,0,0,0,0,0,0,0,0,0,0,0,0,0,0
590,Mauritius,2018,0,0,0,0,0,0,0,0,0,0,0,0,0,0
590,Mauritius,2019,0,0,0,0,0,0,0,0,0,0,0,0,0,0
590,Mauritius,2020,0,0,0,0,0,0,0,0,0,0,0,0,0,0
590,Mauritius,2021,0,0,0,0,0,0,0,0,0,0,0,0,0,0
590,Mauritius,2022,0,0,0,0,0,0,0,0,0,0,0,0,0,0
590,Mauritius,2023,0,0,0,0,0,0,0,0,0,0,0,0,0,0
590,Mauritius,2024,0,0,0,0,0,0,0,0,0,0,0,0,0,0
70,Mexico,1990,0,0,0,0,0,0,0,0,0,0,1,4,4,4
70,Mexico,1991,0,0,0,0,0,0,0,0,0,0,0,0,0,0
70,Mexico,1992,0,0,0,0,0,0,0,1,1,15,1,1,1,16
70,Mexico,1993,0,0,0,0,0,0,0,1,2,34,0,0,0,34
70,Mexico,1994,1,1,145,1,145,0,0,1,1,5,1,3,3,153
70,Mexico,1995,1,1,4,1,4,0,0,1,1,1,1,17,17,22
70,Mexico,1996,1,2,43,1,43,0,0,0,0,0,0,0,0,43
70,Mexico,1997,1,1,10,1,10,0,0,0,0,0,1,48,3,58
70,Mexico,1998,1,1,6,1,6,0,0,0,0,0,1,1,1,7
70,Mexico,1999,0,0,0,0,0,0,0,0,0,0,0,0,0,0
70,Mexico,2000,0,0,0,0,0,0,0,0,0,0,0,0,0,0
70,Mexico,2001,0,0,0,0,0,0,0,0,0,0,0,0,0,0
70,Mexico,2002,0,0,0,0,0,0,0,1,2,27,1,0,0,27
70,Mexico,2003,0,0,0,0,0,0,0,0,0,0,0,0,0,0
70,Mexico,2004,0,0,0,0,0,0,0,1,4,219,1,1,1,220
70,Mexico,2005,0,0,0,0,0,0,0,1,2,204,0,0,0,204
70,Mexico,2006,0,0,0,0,0,0,0,1,3,669,1,1,0,670
70,Mexico,2007,0,0,0,0,0,0,0,1,3,1939,1,7,5,1946
70,Mexico,2008,0,0,0,0,0,0,0,1,5,3737,1,6,6,3743
70,Mexico,2009,0,0,0,0,0,0,0,1,3,5599,1,8,4,5607
70,Mexico,2010,0,0,0,0,0,0,0,1,11,6122,1,93,3,6215
70,Mexico,2011,0,0,0,0,0,0,0,1,8,4568,1,377,0,4945
70,Mexico,2012,0,0,0,0,0,0,0,1,11,5908,1,58,6,5966
70,Mexico,2013,0,0,0,0,0,0,0,1,9,4454,1,24,0,4478
70,Mexico,2014,0,0,0,0,0,0,0,1,15,3319,1,38,32,3357
70,Mexico,2015,0,0,0,0,0,0,0,1,15,4511,1,16,14,4527
70,Mexico,2016,0,0,0,0,0,0,0,1,12,4304,1,2,1,4306
70,Mexico,2017,0,0,0,0,0,0,0,1,12,9716,1,9,0,9725
70,Mexico,2018,0,0,0,0,0,0,0,1,19,11224,1,23,5,11247
70,Mexico,2019,0,0,0,0,0,0,0,1,21,10479,1,7,1,10486
70,Mexico,2020,0,0,0,0,0,0,0,1,22,13420,1,11,3,13431
70,Mexico,2021,0,0,0,0,0,0,0,1,24,15063,1,56,26,15119
70,Mexico,2022,0,0,0,0,0,0,0,1,20,12469,1,86,4,12555
70,Mexico,2023,0,0,0,0,0,0,0,1,17,10851,1,48,21,10899
70,Mexico,2024,0,0,0,0,0,0,0,1,20,10905,1,117,7,11022
359,Moldova,1991,0,0,0,0,0,0,0,0,0,0,0,0,0,0
359,Moldova,1992,1,1,585,1,585,0,0,0,0,0,0,0,0,585
359,Moldova,1993,0,0,0,0,0,0,0,0,0,0,0,0,0,0
359,Moldova,1994,0,0,0,0,0,0,0,0,0,0,0,0,0,0
359,Moldova,1995,0,0,0,0,0,0,0,0,0,0,0,0,0,0
359,Moldova,1996,0,0,0,0,0,0,0,0,0,0,0,0,0,0
359,Moldova,1997,0,0,0,0,0,0,0,0,0,0,0,0,0,0
359,Moldova,1998,0,0,0,0,0,0,0,0,0,0,0,0,0,0
359,Moldova,1999,0,0,0,0,0,0,0,0,0,0,0,0,0,0
359,Moldova,2000,0,0,0,0,0,0,0,0,0,0,0,0,0,0
359,Moldova,2001,0,0,0,0,0,0,0,0,0,0,0,0,0,0
359,Moldova,2002,0,0,0,0,0,0,0,0,0,0,0,0,0,0
359,Moldova,2003,0,0,0,0,0,0,0,0,0,0,0,0,0,0
359,Moldova,2004,0,0,0,0,0,0,0,0,0,0,0,0,0,0
359,Moldova,2005,0,0,0,0,0,0,0,0,0,0,0,0,0,0
359,Moldova,2006,0,0,0,0,0,0,0,0,0,0,0,0,0,0
359,Moldova,2007,0,0,0,0,0,0,0,0,0,0,0,0,0,0
359,Moldova,2008,0,0,0,0,0,0,0,0,0,0,0,0,0,0
359,Moldova,2009,0,0,0,0,0,0,0,0,0,0,0,0,0,0
359,Moldova,2010,0,0,0,0,0,0,0,0,0,0,0,0,0,0
359,Moldova,2011,0,0,0,0,0,0,0,0,0,0,0,0,0,0
359,Moldova,2012,0,0,0,0,0,0,0,0,0,0,0,0,0,0
359,Moldova,2013,0,0,0,0,0,0,0,0,0,0,0,0,0,0
359,Moldova,2014,0,0,0,0,0,0,0,0,0,0,0,0,0,0
359,Moldova,2015,0,0,0,0,0,0,0,0,0,0,0,0,0,0
359,Moldova,2016,0,0,0,0,0,0,0,0,0,0,0,0,0,0
359,Moldova,2017,0,0,0,0,0,0,0,0,0,0,0,0,0,0
359,Moldova,2018,0,0,0,0,0,0,0,0,0,0,0,0,0,0
359,Moldova,2019,0,0,0,0,0,0,0,0,0,0,0,0,0,0
359,Moldova,2020,0,0,0,0,0,0,0,0,0,0,0,0,0,0
359,Moldova,2021,0,0,0,0,0,0,0,0,0,0,0,0,0,0
359,Moldova,2022,0,0,0,0,0,0,0,0,0,0,0,0,0,0
359,Moldova,2023,0,0,0,0,0,0,0,0,0,0,0,0,0,0
359,Moldova,2024,0,0,0,0,0,0,0,0,0,0,0,0,0,0
221,Monaco,1990,0,0,0,0,0,0,0,0,0,0,0,0,0,0
221,Monaco,1991,0,0,0,0,0,0,0,0,0,0,0,0,0,0
221,Monaco,1992,0,0,0,0,0,0,0,0,0,0,0,0,0,0
221,Monaco,1993,0,0,0,0,0,0,0,0,0,0,0,0,0,0
221,Monaco,1994,0,0,0,0,0,0,0,0,0,0,0,0,0,0
221,Monaco,1995,0,0,0,0,0,0,0,0,0,0,0,0,0,0
221,Monaco,1996,0,0,0,0,0,0,0,0,0,0,0,0,0,0
221,Monaco,1997,0,0,0,0,0,0,0,0,0,0,0,0,0,0
221,Monaco,1998,0,0,0,0,0,0,0,0,0,0,0,0,0,0
221,Monaco,1999,0,0,0,0,0,0,0,0,0,0,0,0,0,0
221,Monaco,2000,0,0,0,0,0,0,0,0,0,0,0,0,0,0
221,Monaco,2001,0,0,0,0,0,0,0,0,0,0,0,0,0,0
221,Monaco,2002,0,0,0,0,0,0,0,0,0,0,0,0,0,0
221,Monaco,2003,0,0,0,0,0,0,0,0,0,0,0,0,0,0
221,Monaco,2004,0,0,0,0,0,0,0,0,0,0,0,0,0,0
221,Monaco,2005,0,0,0,0,0,0,0,0,0,0,0,0,0,0
221,Monaco,2006,0,0,0,0,0,0,0,0,0,0,0,0,0,0
221,Monaco,2007,0,0,0,0,0,0,0,0,0,0,0,0,0,0
221,Monaco,2008,0,0,0,0,0,0,0,0,0,0,0,0,0,0
221,Monaco,2009,0,0,0,0,0,0,0,0,0,0,0,0,0,0
221,Monaco,2010,0,0,0,0,0,0,0,0,0,0,0,0,0,0
221,Monaco,2011,0,0,0,0,0,0,0,0,0,0,0,0,0,0
221,Monaco,2012,0,0,0,0,0,0,0,0,0,0,0,0,0,0
221,Monaco,2013,0,0,0,0,0,0,0,0,0,0,0,0,0,0
221,Monaco,2014,0,0,0,0,0,0,0,0,0,0,0,0,0,0
221,Monaco,2015,0,0,0,0,0,0,0,0,0,0,0,0,0,0
221,Monaco,2016,0,0,0,0,0,0,0,0,0,0,0,0,0,0
221,Monaco,2017,0,0,0,0,0,0,0,0,0,0,0,0,0,0
221,Monaco,2018,0,0,0,0,0,0,0,0,0,0,0,0,0,0
221,Monaco,2019,0,0,0,0,0,0,0,0,0,0,0,0,0,0
221,Monaco,2020,0,0,0,0,0,0,0,0,0,0,0,0,0,0
221,Monaco,2021,0,0,0,0,0,0,0,0,0,0,0,0,0,0
221,Monaco,2022,0,0,0,0,0,0,0,0,0,0,0,0,0,0
221,Monaco,2023,0,0,0,0,0,0,0,0,0,0,0,0,0,0
221,Monaco,2024,0,0,0,0,0,0,0,0,0,0,0,0,0,0
712,Mongolia,1990,0,0,0,0,0,0,0,0,0,0,0,0,0,0
712,Mongolia,1991,0,0,0,0,0,0,0,0,0,0,0,0,0,0
712,Mongolia,1992,0,0,0,0,0,0,0,0,0,0,0,0,0,0
712,Mongolia,1993,0,0,0,0,0,0,0,0,0,0,0,0,0,0
712,Mongolia,1994,0,0,0,0,0,0,0,0,0,0,0,0,0,0
712,Mongolia,1995,0,0,0,0,0,0,0,0,0,0,0,0,0,0
712,Mongolia,1996,0,0,0,0,0,0,0,0,0,0,0,0,0,0
712,Mongolia,1997,0,0,0,0,0,0,0,0,0,0,0,0,0,0
712,Mongolia,1998,0,0,0,0,0,0,0,0,0,0,0,0,0,0
712,Mongolia,1999,0,0,0,0,0,0,0,0,0,0,0,0,0,0
712,Mongolia,2000,0,0,0,0,0,0,0,0,0,0,0,0,0,0
712,Mongolia,2001,0,0,0,0,0,0,0,0,0,0,0,0,0,0
712,Mongolia,2002,0,0,0,0,0,0,0,0,0,0,0,0,0,0
712,Mongolia,2003,0,0,0,0,0,0,0,0,0,0,0,0,0,0
712,Mongolia,2004,0,0,0,0,0,0,0,0,0,0,0,0,0,0
712,Mongolia,2005,0,0,0,0,0,0,0,0,0,0,0,0,0,0
712,Mongolia,2006,0,0,0,0,0,0,0,0,0,0,0,0,0,0
712,Mongolia,2007,0,0,0,0,0,0,0,0,0,0,0,0,0,0
712,Mongolia,2008,0,0,0,0,0,0,0,0,0,0,0,0,0,0
712,Mongolia,2009,0,0,0,0,0,0,0,0,0,0,0,0,0,0
712,Mongolia,2010,0,0,0,0,0,0,0,0,0,0,0,0,0,0
712,Mongolia,2011,0,0,0,0,0,0,0,0,0,0,0,0,0,0
712,Mongolia,2012,0,0,0,0,0,0,0,0,0,0,0,0,0,0
712,Mongolia,2013,0,0,0,0,0,0,0,0,0,0,0,0,0,0
712,Mongolia,2014,0,0,0,0,0,0,0,0,0,0,0,0,0,0
712,Mongolia,2015,0,0,0,0,0,0,0,0,0,0,0,0,0,0
712,Mongolia,2016,0,0,0,0,0,0,0,0,0,0,0,0,0,0
712,Mongolia,2017,0,0,0,0,0,0,0,0,0,0,0,0,0,0
712,Mongolia,2018,0,0,0,0,0,0,0,0,0,0,0,0,0,0
712,Mongolia,2019,0,0,0,0,0,0,0,0,0,0,0,0,0,0
712,Mongolia,2020,0,0,0,0,0,0,0,0,0,0,0,0,0,0
712,Mongolia,2021,0,0,0,0,0,0,0,0,0,0,0,0,0,0
712,Mongolia,2022,0,0,0,0,0,0,0,0,0,0,0,0,0,0
712,Mongolia,2023,0,0,0,0,0,0,0,0,0,0,0,0,0,0
712,Mongolia,2024,0,0,0,0,0,0,0,0,0,0,0,0,0,0
341,Montenegro,2006,0,0,0,0,0,0,0,0,0,0,0,0,0,0
341,Montenegro,2007,0,0,0,0,0,0,0,0,0,0,0,0,0,0
341,Montenegro,2008,0,0,0,0,0,0,0,0,0,0,0,0,0,0
341,Montenegro,2009,0,0,0,0,0,0,0,0,0,0,0,0,0,0
341,Montenegro,2010,0,0,0,0,0,0,0,0,0,0,0,0,0,0
341,Montenegro,2011,0,0,0,0,0,0,0,0,0,0,0,0,0,0
341,Montenegro,2012,0,0,0,0,0,0,0,0,0,0,0,0,0,0
341,Montenegro,2013,0,0,0,0,0,0,0,0,0,0,0,0,0,0
341,Montenegro,2014,0,0,0,0,0,0,0,0,0,0,0,0,0,0
341,Montenegro,2015,0,0,0,0,0,0,0,0,0,0,0,0,0,0
341,Montenegro,2016,0,0,0,0,0,0,0,0,0,0,0,0,0,0
341,Montenegro,2017,0,0,0,0,0,0,0,0,0,0,0,0,0,0
341,Montenegro,2018,0,0,0,0,0,0,0,0,0,0,0,0,0,0
341,Montenegro,2019,0,0,0,0,0,0,0,0,0,0,0,0,0,0
341,Montenegro,2020,0,0,0,0,0,0,0,0,0,0,0,0,0,0
341,Montenegro,2021,0,0,0,0,0,0,0,0,0,0,0,0,0,0
341,Montenegro,2022,0,0,0,0,0,0,0,0,0,0,0,0,0,0
341,Montenegro,2023,0,0,0,0,0,0,0,0,0,0,0,0,0,0
341,Montenegro,2024,0,0,0,0,0,0,0,0,0,0,0,0,0,0
600,Morocco,1990,0,0,0,0,0,0,0,0,0,0,0,0,0,0
600,Morocco,1991,1,1,19,1,19,0,0,0,0,0,0,0,0,19
600,Morocco,1992,0,0,0,0,0,0,0,0,0,0,0,0,0,0
600,Morocco,1993,0,0,0,0,0,0,0,0,0,0,0,0,0,0
600,Morocco,1994,0,0,0,0,0,0,0,0,0,0,0,0,0,0
600,Morocco,1995,0,0,0,0,0,0,0,0,0,0,0,0,0,0
600,Morocco,1996,0,0,0,0,0,0,0,0,0,0,0,0,0,0
600,Morocco,1997,0,0,0,0,0,0,0,0,0,0,0,0,0,0
600,Morocco,1998,0,0,0,0,0,0,0,0,0,0,0,0,0,0
600,Morocco,1999,0,0,0,0,0,0,0,0,0,0,0,0,0,0
600,Morocco,2000,0,0,0,0,0,0,0,0,0,0,0,0,0,0
600,Morocco,2001,0,0,0,0,0,0,0,0,0,0,0,0,0,0
600,Morocco,2002,0,0,0,0,0,0,0,0,0,0,0,0,0,0
600,Morocco,2003,0,0,0,0,0,0,0,0,0,0,1,34,0,34
600,Morocco,2004,0,0,0,0,0,0,0,0,0,0,0,0,0,0
600,Morocco,2005,0,0,0,0,0,0,0,0,0,0,0,0,0,0
600,Morocco,2006,0,0,0,0,0,0,0,0,0,0,0,0,0,0
600,Morocco,2007,0,0,0,0,0,0,0,0,0,0,0,0,0,0
600,Morocco,2008,0,0,0,0,0,0,0,0,0,0,0,0,0,0
600,Morocco,2009,0,0,0,0,0,0,0,0,0,0,0,0,0,0
600,Morocco,2010,0,0,0,0,0,0,0,0,0,0,0,0,0,0
600,Morocco,2011,0,0,0,0,0,0,0,0,0,0,1,17,0,17
600,Morocco,2012,0,0,0,0,0,0,0,0,0,0,0,0,0,0
600,Morocco,2013,0,0,0,0,0,0,0,0,0,0,0,0,0,0
600,Morocco,2014,0,0,0,0,0,0,0,0,0,0,0,0,0,0
600,Morocco,2015,0,0,0,0,0,0,0,0,0,0,0,0,0,0
600,Morocco,2016,0,0,0,0,0,0,0,0,0,0,0,0,0,0
600,Morocco,2017,0,0,0,0,0,0,0,0,0,0,0,0,0,0
600,Morocco,2018,0,0,0,0,0,0,0,0,0,0,0,0,0,0
600,Morocco,2019,0,0,0,0,0,0,0,0,0,0,0,0,0,0
600,Morocco,2020,1,1,2,1,2,0,0,0,0,0,0,0,0,2
600,Morocco,2021,1,1,6,1,6,0,0,0,0,0,0,0,0,6
600,Morocco,2022,1,1,14,1,14,0,0,0,0,0,0,0,0,14
600,Morocco,2023,1,1,5,1,5,0,0,0,0,0,0,0,0,5
600,Morocco,2024,1,1,7,1,7,0,0,0,0,0,0,0,0,7
541,Mozambique,1990,1,1,1577,1,1577,0,0,0,0,0,1,182,0,1759
541,Mozambique,1991,1,1,1326,1,1326,0,0,1,1,88,1,547,0,1961
541,Mozambique,1992,1,1,309,1,309,0,0,0,0,0,1,212,0,521
541,Mozambique,1993,0,0,0,0,0,0,0,0,0,0,1,2,2,2
541,Mozambique,1994,0,0,0,0,0,0,0,0,0,0,1,2,2,2
541,Mozambique,1995,0,0,0,0,0,0,0,0,0,0,1,1,1,1
541,Mozambique,1996,0,0,0,0,0,0,0,0,0,0,0,0,0,0
541,Mozambique,1997,0,0,0,0,0,0,0,0,0,0,0,0,0,0
541,Mozambique,1998,0,0,0,0,0,0,0,0,0,0,0,0,0,0
541,Mozambique,1999,0,0,0,0,0,0,0,0,0,0,0,0,0,0
541,Mozambique,2000,0,0,0,0,0,0,0,0,0,0,0,0,0,0
541,Mozambique,2001,0,0,0,0,0,0,0,0,0,0,0,0,0,0
541,Mozambique,2002,0,0,0,0,0,0,0,0,0,0,0,0,0,0
541,Mozambique,2003,0,0,0,0,0,0,0,0,0,0,0,0,0,0
541,Mozambique,2004,1,1,1,1,1,0,0,0,0,0,0,0,0,1
541,Mozambique,2005,1,1,12,1,12,0,0,0,0,0,1,1,1,13
541,Mozambique,2006,0,0,0,0,0,0,0,0,0,0,0,0,0,0
541,Mozambique,2007,0,0,0,0,0,0,0,0,0,0,0,0,0,0
541,Mozambique,2008,0,0,0,0,0,0,0,0,0,0,0,0,0,0
541,Mozambique,2009,0,0,0,0,0,0,0,0,0,0,0,0,0,0
541,Mozambique,2010,0,0,0,0,0,0,0,0,0,0,1,7,7,7
541,Mozambique,2011,0,0,0,0,0,0,0,0,0,0,0,0,0,0
541,Mozambique,2012,1,1,2,1,2,0,0,0,0,0,0,0,0,2
541,Mozambique,2013,1,1,42,1,42,0,0,0,0,0,1,3,3,45
541,Mozambique,2014,1,1,30,1,30,0,0,0,0,0,1,3,0,33
541,Mozambique,2015,0,0,0,0,0,0,0,0,0,0,0,0,0,0
541,Mozambique,2016,1,1,55,1,55,0,0,0,0,0,1,13,8,68
541,Mozambique,2017,0,0,0,0,0,0,0,0,0,0,1,3,1,3
541,Mozambique,2018,1,1,51,1,51,0,0,0,0,0,1,120,1,171
541,Mozambique,2019,1,2,291,1,291,0,0,0,0,0,1,306,1,597
541,Mozambique,2020,1,1,939,1,939,0,0,0,0,0,1,688,110,1627
541,Mozambique,2021,1,1,867,1,867,0,0,0,0,0,1,1051,70,1918
541,Mozambique,2022,1,1,378,1,378,0,0,1,1,25,1,314,7,717
541,Mozambique,2023,1,2,176,1,176,0,0,1,1,30,1,65,11,271
541,Mozambique,2024,1,1,151,1,151,0,0,1,1,45,1,326,230,522
775,Myanmar (Burma),1990,1,4,536,1,536,0,0,1,1,234,1,26,9,796
775,Myanmar (Burma),1991,1,5,777,1,777,0,0,1,1,355,1,243,229,1375
775,Myanmar (Burma),1992,1,4,1617,1,1617,0,0,0,0,0,1,132,132,1749
775,Myanmar (Burma),1993,1,2,141,1,141,0,0,0,0,0,1,4,2,145
775,Myanmar (Burma),1994,1,6,700,1,700,0,0,1,1,8,1,86,75,794
775,Myanmar (Burma),1995,1,5,324,1,324,0,0,1,2,1046,1,126,126,1496
775,Myanmar (Burma),1996,1,4,232,1,232,0,0,1,1,65,1,294,293,591
775,Myanmar (Burma),1997,1,4,330,1,330,0,0,0,0,0,1,458,458,788
775,Myanmar (Burma),1998,1,4,65,1,65,0,0,1,1,86,1,430,430,581
775,Myanmar (Burma),1999,1,4,52,1,52,0,0,1,1,7,1,310,297,369
775,Myanmar (Burma),2000,1,4,215,1,215,0,0,1,1,70,1,463,453,748
775,Myanmar (Burma),2001,1,6,227,1,227,0,0,1,3,53,1,107,106,387
775,Myanmar (Burma),2002,1,4,293,1,293,0,0,0,0,0,1,250,249,543
775,Myanmar (Burma),2003,1,3,52,1,52,0,0,1,1,9,1,211,195,272
775,Myanmar (Burma),2004,1,5,63,1,63,0,0,0,0,0,1,114,114,177
775,Myanmar (Burma),2005,1,5,141,1,141,0,0,1,1,110,1,198,198,449
775,Myanmar (Burma),2006,1,6,258,1,258,0,0,1,1,2,1,192,192,452
775,Myanmar (Burma),2007,1,6,366,1,366,0,0,1,1,45,1,293,292,704
775,Myanmar (Burma),2008,1,2,46,1,46,0,0,1,1,1,1,55,54,102
775,Myanmar (Burma),2009,1,4,205,1,205,0,0,0,0,0,1,20,20,225
775,Myanmar (Burma),2010,1,5,160,1,160,0,0,0,0,0,1,25,25,185
775,Myanmar (Burma),2011,1,8,720,1,720,0,0,0,0,0,1,91,89,811
775,Myanmar (Burma),2012,1,5,732,1,732,0,0,1,1,134,1,105,105,971
775,Myanmar (Burma),2013,1,6,281,1,281,0,0,1,1,50,1,27,27,358
775,Myanmar (Burma),2014,1,7,211,1,211,0,0,1,1,2,1,43,43,256
775,Myanmar (Burma),2015,1,9,675,1,675,0,0,0,0,0,1,30,30,705
775,Myanmar (Burma),2016,1,6,126,1,126,0,0,0,0,0,1,57,56,183
775,Myanmar (Burma),2017,1,6,531,1,531,0,0,0,0,0,1,1864,1776,2395
775,Myanmar (Burma),2018,1,7,118,1,118,0,0,0,0,0,1,4,4,122
775,Myanmar (Burma),2019,1,7,563,1,563,0,0,0,0,0,1,24,24,587
775,Myanmar (Burma),2020,1,6,197,1,197,0,0,0,0,0,1,10,8,207
775,Myanmar (Burma),2021,1,9,1073,1,1073,0,0,0,0,0,1,708,600,1781
775,Myanmar (Burma),2022,1,10,2054,1,2054,0,0,1,1,5,1,702,616,2761
775,Myanmar (Burma),2023,1,10,2453,1,2453,0,0,0,0,0,1,612,596,3065
775,Myanmar (Burma),2024,1,12,2352,1,2352,0,0,0,0,0,1,544,421,2896
565,Namibia,1990,0,0,0,0,0,0,0,0,0,0,0,0,0,0
565,Namibia,1991,0,0,0,0,0,0,0,0,0,0,0,0,0,0
565,Namibia,1992,0,0,0,0,0,0,0,0,0,0,0,0,0,0
565,Namibia,1993,0,0,0,0,0,0,0,0,0,0,0,0,0,0
565,Namibia,1994,0,0,0,0,0,0,0,0,0,0,1,0,0,0
565,Namibia,1995,0,0,0,0,0,0,0,0,0,0,0,0,0,0
565,Namibia,1996,0,0,0,0,0,0,0,0,0,0,1,2,0,2
565,Namibia,1997,0,0,0,0,0,0,0,0,0,0,0,0,0,0
565,Namibia,1998,0,0,0,0,0,0,0,0,0,0,0,0,0,0
565,Namibia,1999,1,1,1,1,1,0,0,0,0,0,0,0,0,1
565,Namibia,2000,1,1,54,1,54,0,0,0,0,0,1,6,0,60
565,Namibia,2001,0,0,0,0,0,0,0,0,0,0,0,0,0,0
565,Namibia,2002,0,0,0,0,0,0,0,0,0,0,1,0,0,0
565,Namibia,2003,0,0,0,0,0,0,0,0,0,0,0,0,0,0
565,Namibia,2004,0,0,0,0,0,0,0,0,0,0,0,0,0,0
565,Namibia,2005,0,0,0,0,0,0,0,0,0,0,0,0,0,0
565,Namibia,2006,0,0,0,0,0,0,0,0,0,0,0,0,0,0
565,Namibia,2007,0,0,0,0,0,0,0,0,0,0,0,0,0,0
565,Namibia,2008,0,0,0,0,0,0,0,0,0,0,0,0,0,0
565,Namibia,2009,0,0,0,0,0,0,0,0,0,0,0,0,0,0
565,Namibia,2010,0,0,0,0,0,0,0,0,0,0,0,0,0,0
565,Namibia,2011,0,0,0,0,0,0,0,0,0,0,0,0,0,0
565,Namibia,2012,0,0,0,0,0,0,0,0,0,0,0,0,0,0
565,Namibia,2013,0,0,0,0,0,0,0,0,0,0,0,0,0,0
565,Namibia,2014,0,0,0,0,0,0,0,0,0,0,0,0,0,0
565,Namibia,2015,0,0,0,0,0,0,0,0,0,0,0,0,0,0
565,Namibia,2016,0,0,0,0,0,0,0,0,0,0,0,0,0,0
565,Namibia,2017,0,0,0,0,0,0,0,0,0,0,0,0,0,0
565,Namibia,2018,0,0,0,0,0,0,0,0,0,0,0,0,0,0
565,Namibia,2019,0,0,0,0,0,0,0,0,0,0,0,0,0,0
565,Namibia,2020,0,0,0,0,0,0,0,0,0,0,0,0,0,0
565,Namibia,2021,0,0,0,0,0,0,0,0,0,0,0,0,0,0
565,Namibia,2022,0,0,0,0,0,0,0,0,0,0,0,0,0,0
565,Namibia,2023,0,0,0,0,0,0,0,0,0,0,0,0,0,0
565,Namibia,2024,0,0,0,0,0,0,0,0,0,0,0,0,0,0
971,Nauru,1990,0,0,0,0,0,0,0,0,0,0,0,0,0,0
971,Nauru,1991,0,0,0,0,0,0,0,0,0,0,0,0,0,0
971,Nauru,1992,0,0,0,0,0,0,0,0,0,0,0,0,0,0
971,Nauru,1993,0,0,0,0,0,0,0,0,0,0,0,0,0,0
971,Nauru,1994,0,0,0,0,0,0,0,0,0,0,0,0,0,0
971,Nauru,1995,0,0,0,0,0,0,0,0,0,0,0,0,0,0
971,Nauru,1996,0,0,0,0,0,0,0,0,0,0,0,0,0,0
971,Nauru,1997,0,0,0,0,0,0,0,0,0,0,0,0,0,0
971,Nauru,1998,0,0,0,0,0,0,0,0,0,0,0,0,0,0
971,Nauru,1999,0,0,0,0,0,0,0,0,0,0,0,0,0,0
971,Nauru,2000,0,0,0,0,0,0,0,0,0,0,0,0,0,0
971,Nauru,2001,0,0,0,0,0,0,0,0,0,0,0,0,0,0
971,Nauru,2002,0,0,0,0,0,0,0,0,0,0,0,0,0,0
971,Nauru,2003,0,0,0,0,0,0,0,0,0,0,0,0,0,0
971,Nauru,2004,0,0,0,0,0,0,0,0,0,0,0,0,0,0
971,Nauru,2005,0,0,0,0,0,0,0,0,0,0,0,0,0,0
971,Nauru,2006,0,0,0,0,0,0,0,0,0,0,0,0,0,0
971,Nauru,2007,0,0,0,0,0,0,0,0,0,0,0,0,0,0
971,Nauru,2008,0,0,0,0,0,0,0,0,0,0,0,0,0,0
971,Nauru,2009,0,0,0,0,0,0,0,0,0,0,0,0,0,0
971,Nauru,2010,0,0,0,0,0,0,0,0,0,0,0,0,0,0
971,Nauru,2011,0,0,0,0,0,0,0,0,0,0,0,0,0,0
971,Nauru,2012,0,0,0,0,0,0,0,0,0,0,0,0,0,0
971,Nauru,2013,0,0,0,0,0,0,0,0,0,0,0,0,0,0
971,Nauru,2014,0,0,0,0,0,0,0,0,0,0,0,0,0,0
971,Nauru,2015,0,0,0,0,0,0,0,0,0,0,0,0,0,0
971,Nauru,2016,0,0,0,0,0,0,0,0,0,0,0,0,0,0
971,Nauru,2017,0,0,0,0,0,0,0,0,0,0,0,0,0,0
971,Nauru,2018,0,0,0,0,0,0,0,0,0,0,0,0,0,0
971,Nauru,2019,0,0,0,0,0,0,0,0,0,0,0,0,0,0
971,Nauru,2020,0,0,0,0,0,0,0,0,0,0,0,0,0,0
971,Nauru,2021,0,0,0,0,0,0,0,0,0,0,0,0,0,0
971,Nauru,2022,0,0,0,0,0,0,0,0,0,0,0,0,0,0
971,Nauru,2023,0,0,0,0,0,0,0,0,0,0,0,0,0,0
971,Nauru,2024,0,0,0,0,0,0,0,0,0,0,0,0,0,0
790,Nepal,1990,0,0,0,0,0,0,0,0,0,0,1,14,14,14
790,Nepal,1991,0,0,0,0,0,0,0,0,0,0,1,2,0,2
790,Nepal,1992,0,0,0,0,0,0,0,0,0,0,1,0,0,0
790,Nepal,1993,0,0,0,0,0,0,0,0,0,0,1,3,3,3
790,Nepal,1994,0,0,0,0,0,0,0,0,0,0,1,0,0,0
790,Nepal,1995,0,0,0,0,0,0,0,0,0,0,1,0,0,0
790,Nepal,1996,1,1,44,1,44,0,0,0,0,0,1,33,27,77
790,Nepal,1997,1,1,40,1,40,0,0,0,0,0,1,8,6,48
790,Nepal,1998,1,1,250,1,250,0,0,0,0,0,1,107,106,357
790,Nepal,1999,1,1,156,1,156,0,0,0,0,0,1,139,89,295
790,Nepal,2000,1,1,268,1,268,0,0,0,0,0,1,97,51,365
790,Nepal,2001,1,1,429,1,429,0,0,0,0,0,1,140,74,569
790,Nepal,2002,1,1,3946,1,3946,0,0,0,0,0,1,486,274,4432
790,Nepal,2003,1,1,1341,1,1341,0,0,0,0,0,1,391,197,1732
790,Nepal,2004,1,1,1880,1,1880,0,0,0,0,0,1,576,176,2456
790,Nepal,2005,1,1,1104,1,1104,0,0,0,0,0,1,295,108,1399
790,Nepal,2006,1,1,457,1,457,0,0,0,0,0,1,109,47,566
790,Nepal,2007,0,0,0,0,0,0,0,1,1,30,1,1,0,31
790,Nepal,2008,0,0,0,0,0,0,0,0,0,0,1,0,0,0
790,Nepal,2009,1,1,9,1,9,0,0,0,0,0,0,0,0,9
790,Nepal,2010,0,0,0,0,0,0,0,0,0,0,0,0,0,0
790,Nepal,2011,0,0,0,0,0,0,0,0,0,0,0,0,0,0
790,Nepal,2012,0,0,0,0,0,0,0,0,0,0,0,0,0,0
790,Nepal,2013,0,0,0,0,0,0,0,0,0,0,0,0,0,0
790,Nepal,2014,0,0,0,0,0,0,0,0,0,0,0,0,0,0
790,Nepal,2015,0,0,0,0,0,0,0,0,0,0,0,0,0,0
790,Nepal,2016,0,0,0,0,0,0,0,0,0,0,0,0,0,0
790,Nepal,2017,0,0,0,0,0,0,0,0,0,0,0,0,0,0
790,Nepal,2018,0,0,0,0,0,0,0,0,0,0,0,0,0,0
790,Nepal,2019,0,0,0,0,0,0,0,0,0,0,0,0,0,0
790,Nepal,2020,0,0,0,0,0,0,0,0,0,0,0,0,0,0
790,Nepal,2021,0,0,0,0,0,0,0,0,0,0,0,0,0,0
790,Nepal,2022,0,0,0,0,0,0,0,0,0,0,1,1,1,1
790,Nepal,2023,0,0,0,0,0,0,0,0,0,0,0,0,0,0
790,Nepal,2024,0,0,0,0,0,0,0,0,0,0,0,0,0,0
210,Netherlands,1990,1,1,2,1,2,0,0,0,0,0,0,0,0,2
210,Netherlands,1991,0,0,0,0,0,0,0,0,0,0,0,0,0,0
210,Netherlands,1992,0,0,0,0,0,0,0,0,0,0,0,0,0,0
210,Netherlands,1993,0,0,0,0,0,0,0,0,0,0,0,0,0,0
210,Netherlands,1994,0,0,0,0,0,0,0,0,0,0,0,0,0,0
210,Netherlands,1995,0,0,0,0,0,0,0,0,0,0,0,0,0,0
210,Netherlands,1996,0,0,0,0,0,0,0,0,0,0,0,0,0,0
210,Netherlands,1997,0,0,0,0,0,0,0,0,0,0,0,0,0,0
210,Netherlands,1998,0,0,0,0,0,0,0,0,0,0,0,0,0,0
210,Netherlands,1999,0,0,0,0,0,0,0,0,0,0,0,0,0,0
210,Netherlands,2000,0,0,0,0,0,0,0,0,0,0,0,0,0,0
210,Netherlands,2001,0,0,0,0,0,0,0,0,0,0,0,0,0,0
210,Netherlands,2002,0,0,0,0,0,0,0,0,0,0,0,0,0,0
210,Netherlands,2003,0,0,0,0,0,0,0,0,0,0,0,0,0,0
210,Netherlands,2004,0,0,0,0,0,0,0,0,0,0,0,0,0,0
210,Netherlands,2005,0,0,0,0,0,0,0,0,0,0,0,0,0,0
210,Netherlands,2006,0,0,0,0,0,0,0,0,0,0,0,0,0,0
210,Netherlands,2007,0,0,0,0,0,0,0,0,0,0,0,0,0,0
210,Netherlands,2008,0,0,0,0,0,0,0,0,0,0,0,0,0,0
210,Netherlands,2009,0,0,0,0,0,0,0,0,0,0,0,0,0,0
210,Netherlands,2010,0,0,0,0,0,0,0,0,0,0,0,0,0,0
210,Netherlands,2011,0,0,0,0,0,0,0,0,0,0,0,0,0,0
210,Netherlands,2012,0,0,0,0,0,0,0,0,0,0,0,0,0,0
210,Netherlands,2013,0,0,0,0,0,0,0,0,0,0,0,0,0,0
210,Netherlands,2014,0,0,0,0,0,0,0,0,0,0,0,0,0,0
210,Netherlands,2015,1,1,0,1,0,0,0,0,0,0,0,0,0,0
210,Netherlands,2016,0,0,0,0,0,0,0,0,0,0,0,0,0,0
210,Netherlands,2017,0,0,0,0,0,0,0,0,0,0,0,0,0,0
210,Netherlands,2018,0,0,0,0,0,0,0,0,0,0,0,0,0,0
210,Netherlands,2019,0,0,0,0,0,0,0,0,0,0,0,0,0,0
210,Netherlands,2020,0,0,0,0,0,0,0,0,0,0,0,0,0,0
210,Netherlands,2021,0,0,0,0,0,0,0,0,0,0,0,0,0,0
210,Netherlands,2022,0,0,0,0,0,0,0,0,0,0,0,0,0,0
210,Netherlands,2023,0,0,0,0,0,0,0,0,0,0,0,0,0,0
210,Netherlands,2024,0,0,0,0,0,0,0,0,0,0,0,0,0,0
920,New Zealand,1990,0,0,0,0,0,0,0,0,0,0,0,0,0,0
920,New Zealand,1991,0,0,0,0,0,0,0,0,0,0,0,0,0,0
920,New Zealand,1992,0,0,0,0,0,0,0,0,0,0,0,0,0,0
920,New Zealand,1993,0,0,0,0,0,0,0,0,0,0,0,0,0,0
920,New Zealand,1994,0,0,0,0,0,0,0,0,0,0,0,0,0,0
920,New Zealand,1995,0,0,0,0,0,0,0,0,0,0,0,0,0,0
920,New Zealand,1996,0,0,0,0,0,0,0,0,0,0,0,0,0,0
920,New Zealand,1997,0,0,0,0,0,0,0,0,0,0,0,0,0,0
920,New Zealand,1998,0,0,0,0,0,0,0,0,0,0,0,0,0,0
920,New Zealand,1999,0,0,0,0,0,0,0,0,0,0,0,0,0,0
920,New Zealand,2000,0,0,0,0,0,0,0,0,0,0,0,0,0,0
920,New Zealand,2001,0,0,0,0,0,0,0,0,0,0,0,0,0,0
920,New Zealand,2002,0,0,0,0,0,0,0,0,0,0,0,0,0,0
920,New Zealand,2003,0,0,0,0,0,0,0,0,0,0,0,0,0,0
920,New Zealand,2004,0,0,0,0,0,0,0,0,0,0,0,0,0,0
920,New Zealand,2005,0,0,0,0,0,0,0,0,0,0,0,0,0,0
920,New Zealand,2006,0,0,0,0,0,0,0,0,0,0,0,0,0,0
920,New Zealand,2007,0,0,0,0,0,0,0,0,0,0,0,0,0,0
920,New Zealand,2008,0,0,0,0,0,0,0,0,0,0,0,0,0,0
920,New Zealand,2009,0,0,0,0,0,0,0,0,0,0,0,0,0,0
920,New Zealand,2010,0,0,0,0,0,0,0,0,0,0,0,0,0,0
920,New Zealand,2011,0,0,0,0,0,0,0,0,0,0,0,0,0,0
920,New Zealand,2012,0,0,0,0,0,0,0,0,0,0,0,0,0,0
920,New Zealand,2013,0,0,0,0,0,0,0,0,0,0,0,0,0,0
920,New Zealand,2014,0,0,0,0,0,0,0,0,0,0,0,0,0,0
920,New Zealand,2015,0,0,0,0,0,0,0,0,0,0,0,0,0,0
920,New Zealand,2016,0,0,0,0,0,0,0,0,0,0,0,0,0,0
920,New Zealand,2017,0,0,0,0,0,0,0,0,0,0,0,0,0,0
920,New Zealand,2018,0,0,0,0,0,0,0,0,0,0,0,0,0,0
920,New Zealand,2019,0,0,0,0,0,0,0,0,0,0,0,0,0,0
920,New Zealand,2020,0,0,0,0,0,0,0,0,0,0,0,0,0,0
920,New Zealand,2021,0,0,0,0,0,0,0,0,0,0,0,0,0,0
920,New Zealand,2022,0,0,0,0,0,0,0,0,0,0,0,0,0,0
920,New Zealand,2023,0,0,0,0,0,0,0,0,0,0,0,0,0,0
920,New Zealand,2024,0,0,0,0,0,0,0,0,0,0,0,0,0,0
93,Nicaragua,1990,1,1,39,1,39,0,0,0,0,0,0,0,0,39
93,Nicaragua,1991,0,0,0,0,0,0,0,0,0,0,0,0,0,0
93,Nicaragua,1992,0,0,0,0,0,0,0,0,0,0,0,0,0,0
93,Nicaragua,1993,0,0,0,0,0,0,0,0,0,0,0,0,0,0
93,Nicaragua,1994,0,0,0,0,0,0,0,0,0,0,0,0,0,0
93,Nicaragua,1995,0,0,0,0,0,0,0,0,0,0,0,0,0,0
93,Nicaragua,1996,0,0,0,0,0,0,0,0,0,0,0,0,0,0
93,Nicaragua,1997,0,0,0,0,0,0,0,0,0,0,0,0,0,0
93,Nicaragua,1998,0,0,0,0,0,0,0,0,0,0,0,0,0,0
93,Nicaragua,1999,0,0,0,0,0,0,0,0,0,0,0,0,0,0
93,Nicaragua,2000,0,0,0,0,0,0,0,0,0,0,0,0,0,0
93,Nicaragua,2001,0,0,0,0,0,0,0,0,0,0,0,0,0,0
93,Nicaragua,2002,0,0,0,0,0,0,0,0,0,0,0,0,0,0
93,Nicaragua,2003,0,0,0,0,0,0,0,0,0,0,0,0,0,0
93,Nicaragua,2004,0,0,0,0,0,0,0,0,0,0,0,0,0,0
93,Nicaragua,2005,0,0,0,0,0,0,0,0,0,0,0,0,0,0
93,Nicaragua,2006,0,0,0,0,0,0,0,0,0,0,0,0,0,0
93,Nicaragua,2007,0,0,0,0,0,0,0,0,0,0,0,0,0,0
93,Nicaragua,2008,0,0,0,0,0,0,0,0,0,0,0,0,0,0
93,Nicaragua,2009,0,0,0,0,0,0,0,0,0,0,0,0,0,0
93,Nicaragua,2010,0,0,0,0,0,0,0,0,0,0,0,0,0,0
93,Nicaragua,2011,0,0,0,0,0,0,0,0,0,0,0,0,0,0
93,Nicaragua,2012,0,0,0,0,0,0,0,0,0,0,0,0,0,0
93,Nicaragua,2013,0,0,0,0,0,0,0,0,0,0,0,0,0,0
93,Nicaragua,2014,0,0,0,0,0,0,0,0,0,0,0,0,0,0
93,Nicaragua,2015,0,0,0,0,0,0,0,0,0,0,0,0,0,0
93,Nicaragua,2016,0,0,0,0,0,0,0,0,0,0,0,0,0,0
93,Nicaragua,2017,0,0,0,0,0,0,0,0,0,0,0,0,0,0
93,Nicaragua,2018,0,0,0,0,0,0,0,0,0,0,0,0,0,0
93,Nicaragua,2019,0,0,0,0,0,0,0,0,0,0,0,0,0,0
93,Nicaragua,2020,0,0,0,0,0,0,0,0,0,0,0,0,0,0
93,Nicaragua,2021,0,0,0,0,0,0,0,0,0,0,0,0,0,0
93,Nicaragua,2022,0,0,0,0,0,0,0,0,0,0,0,0,0,0
93,Nicaragua,2023,0,0,0,0,0,0,0,0,0,0,0,0,0,0
93,Nicaragua,2024,0,0,0,0,0,0,0,0,0,0,0,0,0,0
436,Niger,1990,0,0,0,0,0,0,0,0,0,0,1,200,200,200
436,Niger,1991,1,1,40,1,40,0,0,0,0,0,1,0,0,40
436,Niger,1992,1,1,29,1,29,0,0,0,0,0,0,0,0,29
436,Niger,1993,1,1,6,1,6,0,0,0,0,0,0,0,0,6
436,Niger,1994,1,1,50,1,50,0,0,0,0,0,1,0,0,50
436,Niger,1995,1,2,36,1,36,0,0,0,0,0,1,31,31,67
436,Niger,1996,1,2,14,1,14,0,0,0,0,0,0,0,0,14
436,Niger,1997,1,2,69,1,69,0,0,1,1,12,0,0,0,81
436,Niger,1998,0,0,0,0,0,0,0,0,0,0,1,147,147,147
436,Niger,1999,0,0,0,0,0,0,0,0,0,0,0,0,0,0
436,Niger,2000,0,0,0,0,0,0,0,0,0,0,0,0,0,0
436,Niger,2001,0,0,0,0,0,0,0,0,0,0,0,0,0,0
436,Niger,2002,0,0,0,0,0,0,0,0,0,0,0,0,0,0
436,Niger,2003,0,0,0,0,0,0,0,0,0,0,0,0,0,0
436,Niger,2004,1,1,4,1,4,0,0,0,0,0,0,0,0,4
436,Niger,2005,0,0,0,0,0,0,0,0,0,0,0,0,0,0
436,Niger,2006,0,0,0,0,0,0,0,0,0,0,0,0,0,0
436,Niger,2007,1,1,81,1,81,0,0,0,0,0,1,17,17,98
436,Niger,2008,1,1,47,1,47,0,0,1,1,12,1,9,9,68
436,Niger,2009,0,0,0,0,0,0,0,0,0,0,0,0,0,0
436,Niger,2010,0,0,0,0,0,0,0,0,0,0,0,0,0,0
436,Niger,2011,0,0,0,0,0,0,0,0,0,0,0,0,0,0
436,Niger,2012,1,1,1,1,1,0,0,0,0,0,0,0,0,1
436,Niger,2013,1,2,31,1,31,0,0,0,0,0,0,0,0,31
436,Niger,2014,0,0,0,0,0,0,0,1,1,5,0,0,0,5
436,Niger,2015,1,2,368,1,368,0,0,1,1,6,1,159,0,533
436,Niger,2016,1,1,274,1,274,0,0,0,0,0,1,25,0,299
436,Niger,2017,1,2,234,1,234,0,0,0,0,0,1,14,0,248
436,Niger,2018,1,2,76,1,76,0,0,1,3,29,1,76,0,181
436,Niger,2019,1,3,300,1,300,0,0,0,0,0,1,154,5,454
436,Niger,2020,1,3,537,1,537,0,0,0,0,0,1,283,136,820
436,Niger,2021,1,3,459,1,459,0,0,1,2,105,1,566,0,1130
436,Niger,2022,1,3,516,1,516,0,0,1,2,52,1,96,0,664
436,Niger,2023,1,4,337,1,337,0,0,1,1,21,1,155,0,513
436,Niger,2024,1,3,952,1,952,0,0,1,1,40,1,230,1,1222
475,Nigeria,1990,0,0,0,0,0,0,0,1,1,9,1,80,80,89
475,Nigeria,1991,0,0,0,0,0,0,0,1,2,380,0,0,0,380
475,Nigeria,1992,0,0,0,0,0,0,0,1,5,942,1,1,1,943
475,Nigeria,1993,0,0,0,0,0,0,0,1,3,1182,1,3,3,1185
475,Nigeria,1994,0,0,0,0,0,0,0,1,2,34,1,56,56,90
475,Nigeria,1995,0,0,0,0,0,0,0,0,0,0,1,1,1,1
475,Nigeria,1996,0,0,0,0,0,0,0,1,2,82,1,5,5,87
475,Nigeria,1997,0,0,0,0,0,0,0,1,4,591,1,4,4,595
475,Nigeria,1998,0,0,0,0,0,0,0,1,9,315,1,42,42,357
475,Nigeria,1999,0,0,0,0,0,0,0,1,9,1014,1,2505,2505,3519
475,Nigeria,2000,0,0,0,0,0,0,0,1,7,2062,1,42,11,2104
475,Nigeria,2001,0,0,0,0,0,0,0,1,9,2051,1,386,367,2437
475,Nigeria,2002,0,0,0,0,0,0,0,1,10,517,1,112,112,629
475,Nigeria,2003,1,1,1,1,1,0,0,1,9,353,1,95,42,449
475,Nigeria,2004,1,2,151,1,151,0,0,1,8,1947,1,38,38,2136
475,Nigeria,2005,0,0,0,0,0,0,0,1,7,221,1,12,12,233
475,Nigeria,2006,0,0,0,0,0,0,0,1,6,221,1,10,10,231
475,Nigeria,2007,0,0,0,0,0,0,0,1,7,152,1,5,5,157
475,Nigeria,2008,0,0,0,0,0,0,0,1,7,286,1,146,146,432
475,Nigeria,2009,1,2,405,1,405,0,0,1,9,114,1,14,13,533
475,Nigeria,2010,1,1,18,1,18,0,0,1,12,869,1,93,1,980
475,Nigeria,2011,1,1,325,1,325,0,0,1,13,1385,1,121,39,1831
475,Nigeria,2012,1,1,811,1,811,0,0,1,13,544,1,667,212,2022
475,Nigeria,2013,1,1,1629,1,1629,0,0,1,17,918,1,844,6,3391
475,Nigeria,2014,1,1,3819,1,3819,0,0,1,19,1423,1,5104,41,10346
475,Nigeria,2015,1,3,4637,1,4637,0,0,1,18,822,1,3662,48,9121
475,Nigeria,2016,1,3,2491,1,2491,0,0,1,21,824,1,634,71,3949
475,Nigeria,2017,1,2,1879,1,1879,0,0,1,25,969,1,741,9,3589
475,Nigeria,2018,1,3,1173,1,1173,0,0,1,22,1534,1,536,54,3243
475,Nigeria,2019,1,2,1326,1,1326,0,0,1,25,740,1,389,26,2455
475,Nigeria,2020,1,2,2001,1,2001,0,0,1,29,593,1,485,43,3079
475,Nigeria,2021,1,3,1999,1,1999,0,0,1,16,963,1,209,19,3171
475,Nigeria,2022,1,3,1535,1,1535,0,0,1,26,989,1,393,77,2917
475,Nigeria,2023,1,4,2084,1,2084,0,0,1,21,1472,1,415,36,3971
475,Nigeria,2024,1,3,1486,1,1486,0,0,1,26,1284,1,400,13,3170
731,North Korea,1990,0,0,0,0,0,0,0,0,0,0,0,0,0,0
731,North Korea,1991,0,0,0,0,0,0,0,0,0,0,0,0,0,0
731,North Korea,1992,0,0,0,0,0,0,0,0,0,0,0,0,0,0
731,North Korea,1993,0,0,0,0,0,0,0,0,0,0,0,0,0,0
731,North Korea,1994,0,0,0,0,0,0,0,0,0,0,0,0,0,0
731,North Korea,1995,0,0,0,0,0,0,0,0,0,0,0,0,0,0
731,North Korea,1996,0,0,0,0,0,0,0,0,0,0,0,0,0,0
731,North Korea,1997,0,0,0,0,0,0,0,0,0,0,0,0,0,0
731,North Korea,1998,0,0,0,0,0,0,0,0,0,0,0,0,0,0
731,North Korea,1999,0,0,0,0,0,0,0,0,0,0,0,0,0,0
731,North Korea,2000,0,0,0,0,0,0,0,0,0,0,0,0,0,0
731,North Korea,2001,0,0,0,0,0,0,0,0,0,0,0,0,0,0
731,North Korea,2002,0,0,0,0,0,0,0,0,0,0,0,0,0,0
731,North Korea,2003,0,0,0,0,0,0,0,0,0,0,0,0,0,0
731,North Korea,2004,0,0,0,0,0,0,0,0,0,0,0,0,0,0
731,North Korea,2005,0,0,0,0,0,0,0,0,0,0,0,0,0,0
731,North Korea,2006,0,0,0,0,0,0,0,0,0,0,0,0,0,0
731,North Korea,2007,0,0,0,0,0,0,0,0,0,0,0,0,0,0
731,North Korea,2008,0,0,0,0,0,0,0,0,0,0,0,0,0,0
731,North Korea,2009,0,0,0,0,0,0,0,0,0,0,0,0,0,0
731,North Korea,2010,0,0,0,0,0,0,0,0,0,0,0,0,0,0
731,North Korea,2011,0,0,0,0,0,0,0,0,0,0,0,0,0,0
731,North Korea,2012,0,0,0,0,0,0,0,0,0,0,0,0,0,0
731,North Korea,2013,0,0,0,0,0,0,0,0,0,0,0,0,0,0
731,North Korea,2014,0,0,0,0,0,0,0,0,0,0,0,0,0,0
731,North Korea,2015,0,0,0,0,0,0,0,0,0,0,0,0,0,0
731,North Korea,2016,0,0,0,0,0,0,0,0,0,0,0,0,0,0
731,North Korea,2017,0,0,0,0,0,0,0,0,0,0,0,0,0,0
731,North Korea,2018,0,0,0,0,0,0,0,0,0,0,0,0,0,0
731,North Korea,2019,0,0,0,0,0,0,0,0,0,0,0,0,0,0
731,North Korea,2020,0,0,0,0,0,0,0,0,0,0,0,0,0,0
731,North Korea,2021,0,0,0,0,0,0,0,0,0,0,0,0,0,0
731,North Korea,2022,0,0,0,0,0,0,0,0,0,0,0,0,0,0
731,North Korea,2023,0,0,0,0,0,0,0,0,0,0,0,0,0,0
731,North Korea,2024,0,0,0,0,0,0,0,0,0,0,0,0,0,0
343,North Macedonia,1991,0,0,0,0,0,0,0,0,0,0,0,0,0,0
343,North Macedonia,1992,0,0,0,0,0,0,0,0,0,0,0,0,0,0
343,North Macedonia,1993,0,0,0,0,0,0,0,0,0,0,0,0,0,0
343,North Macedonia,1994,0,0,0,0,0,0,0,0,0,0,0,0,0,0
343,North Macedonia,1995,0,0,0,0,0,0,0,0,0,0,0,0,0,0
343,North Macedonia,1996,0,0,0,0,0,0,0,0,0,0,0,0,0,0
343,North Macedonia,1997,0,0,0,0,0,0,0,0,0,0,0,0,0,0
343,North Macedonia,1998,0,0,0,0,0,0,0,0,0,0,0,0,0,0
343,North Macedonia,1999,0,0,0,0,0,0,0,0,0,0,1,6,6,6
343,North Macedonia,2000,1,1,3,1,3,0,0,0,0,0,0,0,0,3
343,North Macedonia,2001,1,1,72,1,72,0,0,0,0,0,0,0,0,72
343,North Macedonia,2002,0,0,0,0,0,0,0,0,0,0,0,0,0,0
343,North Macedonia,2003,0,0,0,0,0,0,0,0,0,0,0,0,0,0
343,North Macedonia,2004,0,0,0,0,0,0,0,0,0,0,0,0,0,0
343,North Macedonia,2005,0,0,0,0,0,0,0,0,0,0,0,0,0,0
343,North Macedonia,2006,0,0,0,0,0,0,0,0,0,0,0,0,0,0
343,North Macedonia,2007,0,0,0,0,0,0,0,0,0,0,0,0,0,0
343,North Macedonia,2008,0,0,0,0,0,0,0,0,0,0,0,0,0,0
343,North Macedonia,2009,0,0,0,0,0,0,0,0,0,0,0,0,0,0
343,North Macedonia,2010,0,0,0,0,0,0,0,0,0,0,0,0,0,0
343,North Macedonia,2011,0,0,0,0,0,0,0,0,0,0,0,0,0,0
343,North Macedonia,2012,0,0,0,0,0,0,0,0,0,0,0,0,0,0
343,North Macedonia,2013,0,0,0,0,0,0,0,0,0,0,0,0,0,0
343,North Macedonia,2014,0,0,0,0,0,0,0,0,0,0,0,0,0,0
343,North Macedonia,2015,0,0,0,0,0,0,0,0,0,0,0,0,0,0
343,North Macedonia,2016,0,0,0,0,0,0,0,0,0,0,0,0,0,0
343,North Macedonia,2017,0,0,0,0,0,0,0,0,0,0,0,0,0,0
343,North Macedonia,2018,0,0,0,0,0,0,0,0,0,0,0,0,0,0
343,North Macedonia,2019,0,0,0,0,0,0,0,0,0,0,0,0,0,0
343,North Macedonia,2020,0,0,0,0,0,0,0,0,0,0,0,0,0,0
343,North Macedonia,2021,0,0,0,0,0,0,0,0,0,0,0,0,0,0
343,North Macedonia,2022,0,0,0,0,0,0,0,0,0,0,0,0,0,0
343,North Macedonia,2023,0,0,0,0,0,0,0,0,0,0,0,0,0,0
343,North Macedonia,2024,0,0,0,0,0,0,0,0,0,0,0,0,0,0
385,Norway,1990,0,0,0,0,0,0,0,0,0,0,0,0,0,0
385,Norway,1991,0,0,0,0,0,0,0,0,0,0,0,0,0,0
385,Norway,1992,0,0,0,0,0,0,0,0,0,0,0,0,0,0
385,Norway,1993,0,0,0,0,0,0,0,0,0,0,0,0,0,0
385,Norway,1994,0,0,0,0,0,0,0,0,0,0,0,0,0,0
385,Norway,1995,0,0,0,0,0,0,0,0,0,0,0,0,0,0
385,Norway,1996,0,0,0,0,0,0,0,0,0,0,0,0,0,0
385,Norway,1997,0,0,0,0,0,0,0,0,0,0,0,0,0,0
385,Norway,1998,0,0,0,0,0,0,0,0,0,0,0,0,0,0
385,Norway,1999,0,0,0,0,0,0,0,0,0,0,0,0,0,0
385,Norway,2000,0,0,0,0,0,0,0,0,0,0,0,0,0,0
385,Norway,2001,0,0,0,0,0,0,0,0,0,0,0,0,0,0
385,Norway,2002,0,0,0,0,0,0,0,0,0,0,0,0,0,0
385,Norway,2003,0,0,0,0,0,0,0,0,0,0,0,0,0,0
385,Norway,2004,0,0,0,0,0,0,0,0,0,0,0,0,0,0
385,Norway,2005,0,0,0,0,0,0,0,0,0,0,0,0,0,0
385,Norway,2006,0,0,0,0,0,0,0,0,0,0,0,0,0,0
385,Norway,2007,0,0,0,0,0,0,0,0,0,0,0,0,0,0
385,Norway,2008,0,0,0,0,0,0,0,0,0,0,0,0,0,0
385,Norway,2009,0,0,0,0,0,0,0,0,0,0,0,0,0,0
385,Norway,2010,0,0,0,0,0,0,0,0,0,0,0,0,0,0
385,Norway,2011,0,0,0,0,0,0,0,0,0,0,0,0,0,0
385,Norway,2012,0,0,0,0,0,0,0,0,0,0,0,0,0,0
385,Norway,2013,0,0,0,0,0,0,0,0,0,0,0,0,0,0
385,Norway,2014,0,0,0,0,0,0,0,0,0,0,0,0,0,0
385,Norway,2015,0,0,0,0,0,0,0,0,0,0,0,0,0,0
385,Norway,2016,0,0,0,0,0,0,0,0,0,0,0,0,0,0
385,Norway,2017,0,0,0,0,0,0,0,0,0,0,0,0,0,0
385,Norway,2018,0,0,0,0,0,0,0,0,0,0,0,0,0,0
385,Norway,2019,0,0,0,0,0,0,0,0,0,0,0,0,0,0
385,Norway,2020,0,0,0,0,0,0,0,0,0,0,0,0,0,0
385,Norway,2021,0,0,0,0,0,0,0,0,0,0,0,0,0,0
385,Norway,2022,0,0,0,0,0,0,0,0,0,0,0,0,0,0
385,Norway,2023,0,0,0,0,0,0,0,0,0,0,0,0,0,0
385,Norway,2024,0,0,0,0,0,0,0,0,0,0,0,0,0,0
698,Oman,1990,0,0,0,0,0,0,0,0,0,0,0,0,0,0
698,Oman,1991,0,0,0,0,0,0,0,0,0,0,0,0,0,0
698,Oman,1992,0,0,0,0,0,0,0,0,0,0,0,0,0,0
698,Oman,1993,0,0,0,0,0,0,0,0,0,0,0,0,0,0
698,Oman,1994,0,0,0,0,0,0,0,0,0,0,0,0,0,0
698,Oman,1995,0,0,0,0,0,0,0,0,0,0,0,0,0,0
698,Oman,1996,0,0,0,0,0,0,0,0,0,0,0,0,0,0
698,Oman,1997,0,0,0,0,0,0,0,0,0,0,0,0,0,0
698,Oman,1998,0,0,0,0,0,0,0,0,0,0,0,0,0,0
698,Oman,1999,0,0,0,0,0,0,0,0,0,0,0,0,0,0
698,Oman,2000,0,0,0,0,0,0,0,0,0,0,0,0,0,0
698,Oman,2001,0,0,0,0,0,0,0,0,0,0,0,0,0,0
698,Oman,2002,0,0,0,0,0,0,0,0,0,0,0,0,0,0
698,Oman,2003,0,0,0,0,0,0,0,0,0,0,0,0,0,0
698,Oman,2004,0,0,0,0,0,0,0,0,0,0,0,0,0,0
698,Oman,2005,0,0,0,0,0,0,0,0,0,0,0,0,0,0
698,Oman,2006,0,0,0,0,0,0,0,0,0,0,0,0,0,0
698,Oman,2007,0,0,0,0,0,0,0,0,0,0,0,0,0,0
698,Oman,2008,0,0,0,0,0,0,0,0,0,0,0,0,0,0
698,Oman,2009,0,0,0,0,0,0,0,0,0,0,0,0,0,0
698,Oman,2010,0,0,0,0,0,0,0,0,0,0,0,0,0,0
698,Oman,2011,0,0,0,0,0,0,0,0,0,0,0,0,0,0
698,Oman,2012,0,0,0,0,0,0,0,0,0,0,0,0,0,0
698,Oman,2013,0,0,0,0,0,0,0,0,0,0,0,0,0,0
698,Oman,2014,0,0,0,0,0,0,0,0,0,0,0,0,0,0
698,Oman,2015,0,0,0,0,0,0,0,0,0,0,0,0,0,0
698,Oman,2016,0,0,0,0,0,0,0,0,0,0,0,0,0,0
698,Oman,2017,0,0,0,0,0,0,0,0,0,0,0,0,0,0
698,Oman,2018,0,0,0,0,0,0,0,0,0,0,0,0,0,0
698,Oman,2019,0,0,0,0,0,0,0,0,0,0,0,0,0,0
698,Oman,2020,0,0,0,0,0,0,0,0,0,0,0,0,0,0
698,Oman,2021,0,0,0,0,0,0,0,0,0,0,0,0,0,0
698,Oman,2022,0,0,0,0,0,0,0,0,0,0,0,0,0,0
698,Oman,2023,0,0,0,0,0,0,0,0,0,0,0,0,0,0
698,Oman,2024,0,0,0,0,0,0,0,0,0,0,0,0,0,0
770,Pakistan,1990,1,2,73,1,70,1,3,1,4,313,1,0,0,386
770,Pakistan,1991,1,1,27,0,0,1,27,1,3,35,0,0,0,62
770,Pakistan,1992,0,0,0,0,0,0,0,1,4,72,0,0,0,72
770,Pakistan,1993,1,2,3,1,0,1,3,1,2,45,0,0,0,48
770,Pakistan,1994,1,2,74,1,38,1,36,1,2,95,0,0,0,169
770,Pakistan,1995,1,3,85,1,69,1,16,1,1,42,0,0,0,127
770,Pakistan,1996,1,2,47,1,42,1,5,1,1,5,1,12,0,64
770,Pakistan,1997,1,2,48,1,3,1,45,1,1,73,1,2,0,123
770,Pakistan,1998,1,2,58,1,6,1,52,1,1,38,1,25,0,121
770,Pakistan,1999,1,1,32,0,0,1,32,0,0,0,1,25,0,57
770,Pakistan,2000,1,2,59,1,1,1,58,0,0,0,0,0,0,59
770,Pakistan,2001,1,2,36,1,20,1,16,0,0,0,1,6,0,42
770,Pakistan,2002,1,2,148,1,18,1,130,0,0,0,1,22,0,170
770,Pakistan,2003,1,3,176,1,28,1,148,0,0,0,1,66,0,242
770,Pakistan,2004,1,3,359,1,359,0,0,0,0,0,1,71,0,430
770,Pakistan,2005,1,5,152,1,137,1,15,0,0,0,1,16,0,168
770,Pakistan,2006,1,4,419,1,419,0,0,0,0,0,1,8,0,427
770,Pakistan,2007,1,6,772,1,770,1,2,1,3,540,1,68,0,1380
770,Pakistan,2008,1,8,3542,1,3542,0,0,1,8,757,1,322,0,4621
770,Pakistan,2009,1,6,6916,1,6916,0,0,1,6,348,1,248,0,7512
770,Pakistan,2010,1,7,6100,1,6096,1,4,1,6,405,1,746,0,7251
770,Pakistan,2011,1,6,2874,1,2873,1,1,1,4,317,1,284,0,3475
770,Pakistan,2012,1,11,3062,1,3060,1,2,1,7,236,1,285,4,3583
770,Pakistan,2013,1,11,1865,1,1850,1,15,1,5,224,1,825,0,2914
770,Pakistan,2014,1,11,3173,1,3155,1,18,1,7,163,1,303,0,3639
770,Pakistan,2015,1,11,2164,1,2133,1,31,1,3,47,1,243,0,2454
770,Pakistan,2016,1,8,811,1,755,1,56,0,0,0,1,289,0,1100
770,Pakistan,2017,1,9,713,1,621,1,92,1,1,3,1,244,0,960
770,Pakistan,2018,1,7,253,1,226,1,27,0,0,0,1,230,0,483
770,Pakistan,2019,1,4,267,1,214,1,53,1,1,0,1,26,0,293
770,Pakistan,2020,1,6,396,1,330,1,66,0,0,0,1,13,0,409
770,Pakistan,2021,1,8,425,1,424,1,1,1,1,1,1,26,0,452
770,Pakistan,2022,1,5,640,1,631,1,9,0,0,0,1,79,0,719
770,Pakistan,2023,1,6,1056,1,1054,1,2,1,1,29,1,93,0,1178
770,Pakistan,2024,1,6,1549,1,1541,1,8,1,3,233,1,103,2,1885
986,Palau,1994,0,0,0,0,0,0,0,0,0,0,0,0,0,0
986,Palau,1995,0,0,0,0,0,0,0,0,0,0,0,0,0,0
986,Palau,1996,0,0,0,0,0,0,0,0,0,0,0,0,0,0
986,Palau,1997,0,0,0,0,0,0,0,0,0,0,0,0,0,0
986,Palau,1998,0,0,0,0,0,0,0,0,0,0,0,0,0,0
986,Palau,1999,0,0,0,0,0,0,0,0,0,0,0,0,0,0
986,Palau,2000,0,0,0,0,0,0,0,0,0,0,0,0,0,0
986,Palau,2001,0,0,0,0,0,0,0,0,0,0,0,0,0,0
986,Palau,2002,0,0,0,0,0,0,0,0,0,0,0,0,0,0
986,Palau,2003,0,0,0,0,0,0,0,0,0,0,0,0,0,0
986,Palau,2004,0,0,0,0,0,0,0,0,0,0,0,0,0,0
986,Palau,2005,0,0,0,0,0,0,0,0,0,0,0,0,0,0
986,Palau,2006,0,0,0,0,0,0,0,0,0,0,0,0,0,0
986,Palau,2007,0,0,0,0,0,0,0,0,0,0,0,0,0,0
986,Palau,2008,0,0,0,0,0,0,0,0,0,0,0,0,0,0
986,Palau,2009,0,0,0,0,0,0,0,0,0,0,0,0,0,0
986,Palau,2010,0,0,0,0,0,0,0,0,0,0,0,0,0,0
986,Palau,2011,0,0,0,0,0,0,0,0,0,0,0,0,0,0
986,Palau,2012,0,0,0,0,0,0,0,0,0,0,0,0,0,0
986,Palau,2013,0,0,0,0,0,0,0,0,0,0,0,0,0,0
986,Palau,2014,0,0,0,0,0,0,0,0,0,0,0,0,0,0
986,Palau,2015,0,0,0,0,0,0,0,0,0,0,0,0,0,0
986,Palau,2016,0,0,0,0,0,0,0,0,0,0,0,0,0,0
986,Palau,2017,0,0,0,0,0,0,0,0,0,0,0,0,0,0
986,Palau,2018,0,0,0,0,0,0,0,0,0,0,0,0,0,0
986,Palau,2019,0,0,0,0,0,0,0,0,0,0,0,0,0,0
986,Palau,2020,0,0,0,0,0,0,0,0,0,0,0,0,0,0
986,Palau,2021,0,0,0,0,0,0,0,0,0,0,0,0,0,0
986,Palau,2022,0,0,0,0,0,0,0,0,0,0,0,0,0,0
986,Palau,2023,0,0,0,0,0,0,0,0,0,0,0,0,0,0
986,Palau,2024,0,0,0,0,0,0,0,0,0,0,0,0,0,0
95,Panama,1990,0,0,0,0,0,0,0,0,0,0,0,0,0,0
95,Panama,1991,0,0,0,0,0,0,0,0,0,0,0,0,0,0
95,Panama,1992,0,0,0,0,0,0,0,0,0,0,0,0,0,0
95,Panama,1993,0,0,0,0,0,0,0,0,0,0,0,0,0,0
95,Panama,1994,0,0,0,0,0,0,0,0,0,0,0,0,0,0
95,Panama,1995,0,0,0,0,0,0,0,0,0,0,0,0,0,0
95,Panama,1996,0,0,0,0,0,0,0,0,0,0,0,0,0,0
95,Panama,1997,0,0,0,0,0,0,0,0,0,0,0,0,0,0
95,Panama,1998,0,0,0,0,0,0,0,0,0,0,0,0,0,0
95,Panama,1999,0,0,0,0,0,0,0,0,0,0,0,0,0,0
95,Panama,2000,0,0,0,0,0,0,0,0,0,0,0,0,0,0
95,Panama,2001,0,0,0,0,0,0,0,0,0,0,0,0,0,0
95,Panama,2002,0,0,0,0,0,0,0,0,0,0,0,0,0,0
95,Panama,2003,0,0,0,0,0,0,0,0,0,0,0,0,0,0
95,Panama,2004,0,0,0,0,0,0,0,0,0,0,0,0,0,0
95,Panama,2005,0,0,0,0,0,0,0,0,0,0,0,0,0,0
95,Panama,2006,0,0,0,0,0,0,0,0,0,0,0,0,0,0
95,Panama,2007,0,0,0,0,0,0,0,0,0,0,0,0,0,0
95,Panama,2008,0,0,0,0,0,0,0,0,0,0,0,0,0,0
95,Panama,2009,0,0,0,0,0,0,0,0,0,0,1,1,0,1
95,Panama,2010,0,0,0,0,0,0,0,0,0,0,0,0,0,0
95,Panama,2011,0,0,0,0,0,0,0,0,0,0,0,0,0,0
95,Panama,2012,0,0,0,0,0,0,0,0,0,0,0,0,0,0
95,Panama,2013,0,0,0,0,0,0,0,0,0,0,0,0,0,0
95,Panama,2014,0,0,0,0,0,0,0,0,0,0,0,0,0,0
95,Panama,2015,0,0,0,0,0,0,0,0,0,0,0,0,0,0
95,Panama,2016,0,0,0,0,0,0,0,0,0,0,0,0,0,0
95,Panama,2017,0,0,0,0,0,0,0,0,0,0,0,0,0,0
95,Panama,2018,0,0,0,0,0,0,0,0,0,0,0,0,0,0
95,Panama,2019,0,0,0,0,0,0,0,0,0,0,0,0,0,0
95,Panama,2020,0,0,0,0,0,0,0,0,0,0,0,0,0,0
95,Panama,2021,0,0,0,0,0,0,0,0,0,0,0,0,0,0
95,Panama,2022,0,0,0,0,0,0,0,0,0,0,0,0,0,0
95,Panama,2023,0,0,0,0,0,0,0,0,0,0,0,0,0,0
95,Panama,2024,0,0,0,0,0,0,0,0,0,0,0,0,0,0
910,Papua New Guinea,1990,1,1,55,1,55,0,0,0,0,0,1,6,6,61
910,Papua New Guinea,1991,1,1,18,1,18,0,0,0,0,0,1,11,11,29
910,Papua New Guinea,1992,1,2,34,1,34,0,0,0,0,0,1,27,27,61
910,Papua New Guinea,1993,1,1,34,1,34,0,0,0,0,0,1,6,6,40
910,Papua New Guinea,1994,1,1,26,1,26,0,0,0,0,0,0,0,0,26
910,Papua New Guinea,1995,1,1,29,1,29,0,0,0,0,0,1,4,4,33
910,Papua New Guinea,1996,1,1,78,1,78,0,0,0,0,0,1,28,28,106
910,Papua New Guinea,1997,1,1,12,1,12,0,0,0,0,0,0,0,0,12
910,Papua New Guinea,1998,0,0,0,0,0,0,0,1,1,40,0,0,0,40
910,Papua New Guinea,1999,0,0,0,0,0,0,0,1,1,60,0,0,0,60
910,Papua New Guinea,2000,0,0,0,0,0,0,0,1,2,13,0,0,0,13
910,Papua New Guinea,2001,0,0,0,0,0,0,0,1,2,61,1,4,4,65
910,Papua New Guinea,2002,0,0,0,0,0,0,0,1,1,7,0,0,0,7
910,Papua New Guinea,2003,0,0,0,0,0,0,0,0,0,0,0,0,0,0
910,Papua New Guinea,2004,0,0,0,0,0,0,0,0,0,0,0,0,0,0
910,Papua New Guinea,2005,0,0,0,0,0,0,0,0,0,0,0,0,0,0
910,Papua New Guinea,2006,0,0,0,0,0,0,0,0,0,0,0,0,0,0
910,Papua New Guinea,2007,0,0,0,0,0,0,0,0,0,0,0,0,0,0
910,Papua New Guinea,2008,0,0,0,0,0,0,0,0,0,0,0,0,0,0
910,Papua New Guinea,2009,0,0,0,0,0,0,0,0,0,0,0,0,0,0
910,Papua New Guinea,2010,0,0,0,0,0,0,0,0,0,0,0,0,0,0
910,Papua New Guinea,2011,0,0,0,0,0,0,0,0,0,0,0,0,0,0
910,Papua New Guinea,2012,0,0,0,0,0,0,0,1,1,57,0,0,0,57
910,Papua New Guinea,2013,0,0,0,0,0,0,0,0,0,0,0,0,0,0
910,Papua New Guinea,2014,0,0,0,0,0,0,0,0,0,0,0,0,0,0
910,Papua New Guinea,2015,0,0,0,0,0,0,0,0,0,0,0,0,0,0
910,Papua New Guinea,2016,0,0,0,0,0,0,0,0,0,0,0,0,0,0
910,Papua New Guinea,2017,0,0,0,0,0,0,0,0,0,0,0,0,0,0
910,Papua New Guinea,2018,0,0,0,0,0,0,0,0,0,0,0,0,0,0
910,Papua New Guinea,2019,0,0,0,0,0,0,0,1,1,30,0,0,0,30
910,Papua New Guinea,2020,0,0,0,0,0,0,0,0,0,0,0,0,0,0
910,Papua New Guinea,2021,0,0,0,0,0,0,0,1,1,38,0,0,0,38
910,Papua New Guinea,2022,0,0,0,0,0,0,0,1,2,104,1,5,5,109
910,Papua New Guinea,2023,0,0,0,0,0,0,0,0,0,0,1,1,1,1
910,Papua New Guinea,2024,0,0,0,0,0,0,0,1,2,104,1,31,5,135
150,Paraguay,1990,0,0,0,0,0,0,0,0,0,0,0,0,0,0
150,Paraguay,1991,0,0,0,0,0,0,0,0,0,0,0,0,0,0
150,Paraguay,1992,0,0,0,0,0,0,0,0,0,0,0,0,0,0
150,Paraguay,1993,0,0,0,0,0,0,0,0,0,0,0,0,0,0
150,Paraguay,1994,0,0,0,0,0,0,0,0,0,0,0,0,0,0
150,Paraguay,1995,0,0,0,0,0,0,0,0,0,0,0,0,0,0
150,Paraguay,1996,0,0,0,0,0,0,0,0,0,0,0,0,0,0
150,Paraguay,1997,0,0,0,0,0,0,0,0,0,0,0,0,0,0
150,Paraguay,1998,0,0,0,0,0,0,0,0,0,0,0,0,0,0
150,Paraguay,1999,0,0,0,0,0,0,0,0,0,0,0,0,0,0
150,Paraguay,2000,0,0,0,0,0,0,0,0,0,0,0,0,0,0
150,Paraguay,2001,0,0,0,0,0,0,0,0,0,0,0,0,0,0
150,Paraguay,2002,0,0,0,0,0,0,0,0,0,0,0,0,0,0
150,Paraguay,2003,0,0,0,0,0,0,0,0,0,0,0,0,0,0
150,Paraguay,2004,0,0,0,0,0,0,0,0,0,0,0,0,0,0
150,Paraguay,2005,0,0,0,0,0,0,0,0,0,0,0,0,0,0
150,Paraguay,2006,0,0,0,0,0,0,0,0,0,0,0,0,0,0
150,Paraguay,2007,0,0,0,0,0,0,0,0,0,0,0,0,0,0
150,Paraguay,2008,0,0,0,0,0,0,0,0,0,0,0,0,0,0
150,Paraguay,2009,0,0,0,0,0,0,0,0,0,0,0,0,0,0
150,Paraguay,2010,0,0,0,0,0,0,0,0,0,0,0,0,0,0
150,Paraguay,2011,0,0,0,0,0,0,0,0,0,0,0,0,0,0
150,Paraguay,2012,0,0,0,0,0,0,0,0,0,0,0,0,0,0
150,Paraguay,2013,0,0,0,0,0,0,0,0,0,0,0,0,0,0
150,Paraguay,2014,0,0,0,0,0,0,0,0,0,0,0,0,0,0
150,Paraguay,2015,0,0,0,0,0,0,0,0,0,0,0,0,0,0
150,Paraguay,2016,0,0,0,0,0,0,0,1,1,1,0,0,0,1
150,Paraguay,2017,0,0,0,0,0,0,0,0,0,0,0,0,0,0
150,Paraguay,2018,0,0,0,0,0,0,0,0,0,0,1,1,0,1
150,Paraguay,2019,0,0,0,0,0,0,0,0,0,0,0,0,0,0
150,Paraguay,2020,0,0,0,0,0,0,0,0,0,0,1,1,0,1
150,Paraguay,2021,0,0,0,0,0,0,0,0,0,0,1,4,0,4
150,Paraguay,2022,0,0,0,0,0,0,0,0,0,0,0,0,0,0
150,Paraguay,2023,0,0,0,0,0,0,0,0,0,0,0,0,0,0
150,Paraguay,2024,0,0,0,0,0,0,0,0,0,0,0,0,0,0
135,Peru,1990,1,2,1099,1,1099,0,0,1,1,6,1,123,0,1228
135,Peru,1991,1,2,1138,1,1138,0,0,1,1,50,1,162,16,1350
135,Peru,1992,1,2,1042,1,1042,0,0,0,0,0,1,153,14,1195
135,Peru,1993,1,2,672,1,672,0,0,0,0,0,1,107,0,779
135,Peru,1994,1,2,273,1,273,0,0,0,0,0,1,96,72,369
135,Peru,1995,1,2,266,1,178,1,88,0,0,0,1,8,0,274
135,Peru,1996,1,2,96,1,96,0,0,0,0,0,1,9,0,105
135,Peru,1997,1,2,110,1,110,0,0,0,0,0,1,6,2,116
135,Peru,1998,1,1,25,1,25,0,0,0,0,0,1,8,0,33
135,Peru,1999,1,1,75,1,75,0,0,0,0,0,1,14,0,89
135,Peru,2000,1,1,5,1,5,0,0,0,0,0,0,0,0,5
135,Peru,2001,1,1,21,1,21,0,0,0,0,0,0,0,0,21
135,Peru,2002,1,1,12,1,12,0,0,0,0,0,1,1,1,13
135,Peru,2003,1,1,13,1,13,0,0,0,0,0,0,0,0,13
135,Peru,2004,1,1,3,1,3,0,0,0,0,0,0,0,0,3
135,Peru,2005,0,0,0,0,0,0,0,0,0,0,1,0,0,0
135,Peru,2006,1,1,8,1,8,0,0,0,0,0,1,3,0,11
135,Peru,2007,1,1,32,1,32,0,0,0,0,0,0,0,0,32
135,Peru,2008,1,1,40,1,40,0,0,0,0,0,0,0,0,40
135,Peru,2009,1,1,50,1,50,0,0,0,0,0,1,4,0,54
135,Peru,2010,1,1,28,1,28,0,0,0,0,0,1,1,0,29
135,Peru,2011,1,1,12,1,12,0,0,0,0,0,1,3,2,15
135,Peru,2012,0,0,0,0,0,0,0,0,0,0,0,0,0,0
135,Peru,2013,1,1,3,1,3,0,0,0,0,0,0,0,0,3
135,Peru,2014,1,1,6,1,6,0,0,0,0,0,1,8,8,14
135,Peru,2015,1,1,9,1,9,0,0,0,0,0,0,0,0,9
135,Peru,2016,1,1,10,1,10,0,0,0,0,0,1,1,1,11
135,Peru,2017,1,1,7,1,7,0,0,0,0,0,0,0,0,7
135,Peru,2018,0,0,0,0,0,0,0,0,0,0,0,0,0,0
135,Peru,2019,0,0,0,0,0,0,0,0,0,0,1,2,2,2
135,Peru,2020,1,1,5,1,5,0,0,0,0,0,1,6,6,11
135,Peru,2021,1,1,20,1,20,0,0,0,0,0,0,0,0,20
135,Peru,2022,1,1,13,1,13,0,0,0,0,0,1,1,1,14
135,Peru,2023,1,1,12,1,12,0,0,0,0,0,0,0,0,12
135,Peru,2024,0,0,0,0,0,0,0,0,0,0,0,0,0,0
840,Philippines,1990,1,4,1316,1,1316,0,0,0,0,0,1,46,35,1362
840,Philippines,1991,1,2,1515,1,1514,1,1,0,0,0,1,34,30,1549
840,Philippines,1992,1,1,430,1,430,0,0,0,0,0,1,15,4,445
840,Philippines,1993,1,3,253,1,253,0,0,1,1,43,1,22,22,318
840,Philippines,1994,1,4,276,1,276,0,0,1,1,7,1,25,2,308
840,Philippines,1995,1,2,152,1,152,0,0,0,0,0,1,36,11,188
840,Philippines,1996,1,4,191,1,191,0,0,0,0,0,1,8,0,199
840,Philippines,1997,1,3,302,1,302,0,0,0,0,0,1,20,0,322
840,Philippines,1998,1,3,99,1,99,0,0,1,1,30,1,9,0,138
840,Philippines,1999,1,3,205,1,205,0,0,1,1,6,1,8,0,219
840,Philippines,2000,1,4,1571,1,1571,0,0,0,0,0,1,190,0,1761
840,Philippines,2001,1,5,1008,1,1008,0,0,0,0,0,1,45,0,1053
840,Philippines,2002,1,4,684,1,684,0,0,1,1,1,1,78,1,763
840,Philippines,2003,1,3,1051,1,1051,0,0,0,0,0,1,83,3,1134
840,Philippines,2004,1,3,339,1,339,0,0,0,0,0,1,132,2,471
840,Philippines,2005,1,4,470,1,470,0,0,0,0,0,1,17,2,487
840,Philippines,2006,1,3,376,1,376,0,0,1,2,35,1,23,4,434
840,Philippines,2007,1,4,439,1,439,0,0,0,0,0,1,44,0,483
840,Philippines,2008,1,3,504,1,504,0,0,0,0,0,1,62,2,566
840,Philippines,2009,1,5,911,1,911,0,0,1,1,44,1,93,1,1048
840,Philippines,2010,1,3,334,1,334,0,0,0,0,0,1,38,5,372
840,Philippines,2011,1,3,350,1,350,0,0,1,1,31,1,33,6,414
840,Philippines,2012,1,4,296,1,296,0,0,1,1,6,1,9,4,311
840,Philippines,2013,1,6,516,1,516,0,0,0,0,0,1,21,2,537
840,Philippines,2014,1,4,472,1,472,0,0,0,0,0,1,12,7,484
840,Philippines,2015,1,4,572,1,572,0,0,1,1,17,1,39,1,628
840,Philippines,2016,1,8,559,1,559,0,0,0,0,0,1,57,32,616
840,Philippines,2017,1,4,1627,1,1627,0,0,0,0,0,1,86,5,1713
840,Philippines,2018,1,4,420,1,420,0,0,0,0,0,1,16,0,436
840,Philippines,2019,1,4,313,1,313,0,0,0,0,0,1,51,15,364
840,Philippines,2020,1,4,349,1,349,0,0,0,0,0,1,27,2,376
840,Philippines,2021,1,4,292,1,292,0,0,0,0,0,1,18,1,310
840,Philippines,2022,1,5,240,1,240,0,0,0,0,0,1,7,2,247
840,Philippines,2023,1,4,245,1,245,0,0,0,0,0,1,24,2,269
840,Philippines,2024,1,3,196,1,196,0,0,0,0,0,1,8,0,204
290,Poland,1990,0,0,0,0,0,0,0,0,0,0,0,0,0,0
290,Poland,1991,0,0,0,0,0,0,0,0,0,0,0,0,0,0
290,Poland,1992,0,0,0,0,0,0,0,0,0,0,0,0,0,0
290,Poland,1993,0,0,0,0,0,0,0,0,0,0,0,0,0,0
290,Poland,1994,0,0,0,0,0,0,0,0,0,0,0,0,0,0
290,Poland,1995,0,0,0,0,0,0,0,0,0,0,0,0,0,0
290,Poland,1996,0,0,0,0,0,0,0,0,0,0,0,0,0,0
290,Poland,1997,0,0,0,0,0,0,0,0,0,0,0,0,0,0
290,Poland,1998,0,0,0,0,0,0,0,0,0,0,0,0,0,0
290,Poland,1999,0,0,0,0,0,0,0,0,0,0,0,0,0,0
290,Poland,2000,0,0,0,0,0,0,0,0,0,0,0,0,0,0
290,Poland,2001,0,0,0,0,0,0,0,0,0,0,0,0,0,0
290,Poland,2002,0,0,0,0,0,0,0,0,0,0,0,0,0,0
290,Poland,2003,0,0,0,0,0,0,0,0,0,0,0,0,0,0
290,Poland,2004,0,0,0,0,0,0,0,0,0,0,0,0,0,0
290,Poland,2005,0,0,0,0,0,0,0,0,0,0,0,0,0,0
290,Poland,2006,0,0,0,0,0,0,0,0,0,0,0,0,0,0
290,Poland,2007,0,0,0,0,0,0,0,0,0,0,0,0,0,0
290,Poland,2008,0,0,0,0,0,0,0,0,0,0,0,0,0,0
290,Poland,2009,0,0,0,0,0,0,0,0,0,0,0,0,0,0
290,Poland,2010,0,0,0,0,0,0,0,0,0,0,0,0,0,0
290,Poland,2011,0,0,0,0,0,0,0,0,0,0,0,0,0,0
290,Poland,2012,0,0,0,0,0,0,0,0,0,0,0,0,0,0
290,Poland,2013,0,0,0,0,0,0,0,0,0,0,0,0,0,0
290,Poland,2014,0,0,0,0,0,0,0,0,0,0,0,0,0,0
290,Poland,2015,0,0,0,0,0,0,0,0,0,0,0,0,0,0
290,Poland,2016,0,0,0,0,0,0,0,0,0,0,0,0,0,0
290,Poland,2017,0,0,0,0,0,0,0,0,0,0,0,0,0,0
290,Poland,2018,0,0,0,0,0,0,0,0,0,0,0,0,0,0
290,Poland,2019,0,0,0,0,0,0,0,0,0,0,0,0,0,0
290,Poland,2020,0,0,0,0,0,0,0,0,0,0,0,0,0,0
290,Poland,2021,0,0,0,0,0,0,0,0,0,0,0,0,0,0
290,Poland,2022,1,1,2,0,0,1,2,0,0,0,0,0,0,2
290,Poland,2023,0,0,0,0,0,0,0,0,0,0,0,0,0,0
290,Poland,2024,0,0,0,0,0,0,0,0,0,0,0,0,0,0
235,Portugal,1990,0,0,0,0,0,0,0,0,0,0,0,0,0,0
235,Portugal,1991,0,0,0,0,0,0,0,0,0,0,0,0,0,0
235,Portugal,1992,0,0,0,0,0,0,0,0,0,0,0,0,0,0
235,Portugal,1993,0,0,0,0,0,0,0,0,0,0,0,0,0,0
235,Portugal,1994,0,0,0,0,0,0,0,0,0,0,0,0,0,0
235,Portugal,1995,0,0,0,0,0,0,0,0,0,0,0,0,0,0
235,Portugal,1996,0,0,0,0,0,0,0,0,0,0,0,0,0,0
235,Portugal,1997,0,0,0,0,0,0,0,0,0,0,0,0,0,0
235,Portugal,1998,0,0,0,0,0,0,0,0,0,0,0,0,0,0
235,Portugal,1999,0,0,0,0,0,0,0,0,0,0,0,0,0,0
235,Portugal,2000,0,0,0,0,0,0,0,0,0,0,0,0,0,0
235,Portugal,2001,0,0,0,0,0,0,0,0,0,0,0,0,0,0
235,Portugal,2002,0,0,0,0,0,0,0,0,0,0,0,0,0,0
235,Portugal,2003,0,0,0,0,0,0,0,0,0,0,0,0,0,0
235,Portugal,2004,0,0,0,0,0,0,0,0,0,0,0,0,0,0
235,Portugal,2005,0,0,0,0,0,0,0,0,0,0,0,0,0,0
235,Portugal,2006,0,0,0,0,0,0,0,0,0,0,0,0,0,0
235,Portugal,2007,0,0,0,0,0,0,0,0,0,0,0,0,0,0
235,Portugal,2008,0,0,0,0,0,0,0,0,0,0,0,0,0,0
235,Portugal,2009,0,0,0,0,0,0,0,0,0,0,0,0,0,0
235,Portugal,2010,0,0,0,0,0,0,0,0,0,0,0,0,0,0
235,Portugal,2011,0,0,0,0,0,0,0,0,0,0,0,0,0,0
235,Portugal,2012,0,0,0,0,0,0,0,0,0,0,0,0,0,0
235,Portugal,2013,0,0,0,0,0,0,0,0,0,0,0,0,0,0
235,Portugal,2014,0,0,0,0,0,0,0,0,0,0,0,0,0,0
235,Portugal,2015,0,0,0,0,0,0,0,0,0,0,0,0,0,0
235,Portugal,2016,0,0,0,0,0,0,0,0,0,0,0,0,0,0
235,Portugal,2017,0,0,0,0,0,0,0,0,0,0,0,0,0,0
235,Portugal,2018,0,0,0,0,0,0,0,0,0,0,0,0,0,0
235,Portugal,2019,0,0,0,0,0,0,0,0,0,0,0,0,0,0
235,Portugal,2020,0,0,0,0,0,0,0,0,0,0,0,0,0,0
235,Portugal,2021,0,0,0,0,0,0,0,0,0,0,0,0,0,0
235,Portugal,2022,0,0,0,0,0,0,0,0,0,0,0,0,0,0
235,Portugal,2023,0,0,0,0,0,0,0,0,0,0,0,0,0,0
235,Portugal,2024,0,0,0,0,0,0,0,0,0,0,0,0,0,0
694,Qatar,1990,0,0,0,0,0,0,0,0,0,0,0,0,0,0
694,Qatar,1991,0,0,0,0,0,0,0,0,0,0,0,0,0,0
694,Qatar,1992,0,0,0,0,0,0,0,0,0,0,0,0,0,0
694,Qatar,1993,0,0,0,0,0,0,0,0,0,0,0,0,0,0
694,Qatar,1994,0,0,0,0,0,0,0,0,0,0,0,0,0,0
694,Qatar,1995,0,0,0,0,0,0,0,0,0,0,0,0,0,0
694,Qatar,1996,0,0,0,0,0,0,0,0,0,0,0,0,0,0
694,Qatar,1997,0,0,0,0,0,0,0,0,0,0,0,0,0,0
694,Qatar,1998,0,0,0,0,0,0,0,0,0,0,0,0,0,0
694,Qatar,1999,0,0,0,0,0,0,0,0,0,0,0,0,0,0
694,Qatar,2000,0,0,0,0,0,0,0,0,0,0,0,0,0,0
694,Qatar,2001,0,0,0,0,0,0,0,0,0,0,0,0,0,0
694,Qatar,2002,0,0,0,0,0,0,0,0,0,0,0,0,0,0
694,Qatar,2003,0,0,0,0,0,0,0,0,0,0,0,0,0,0
694,Qatar,2004,1,1,0,1,0,0,0,0,0,0,0,0,0,0
694,Qatar,2005,0,0,0,0,0,0,0,0,0,0,0,0,0,0
694,Qatar,2006,0,0,0,0,0,0,0,0,0,0,0,0,0,0
694,Qatar,2007,0,0,0,0,0,0,0,0,0,0,0,0,0,0
694,Qatar,2008,0,0,0,0,0,0,0,0,0,0,0,0,0,0
694,Qatar,2009,0,0,0,0,0,0,0,0,0,0,0,0,0,0
694,Qatar,2010,0,0,0,0,0,0,0,0,0,0,0,0,0,0
694,Qatar,2011,0,0,0,0,0,0,0,0,0,0,0,0,0,0
694,Qatar,2012,0,0,0,0,0,0,0,0,0,0,0,0,0,0
694,Qatar,2013,0,0,0,0,0,0,0,0,0,0,0,0,0,0
694,Qatar,2014,0,0,0,0,0,0,0,0,0,0,0,0,0,0
694,Qatar,2015,0,0,0,0,0,0,0,0,0,0,0,0,0,0
694,Qatar,2016,0,0,0,0,0,0,0,0,0,0,0,0,0,0
694,Qatar,2017,0,0,0,0,0,0,0,0,0,0,0,0,0,0
694,Qatar,2018,0,0,0,0,0,0,0,0,0,0,0,0,0,0
694,Qatar,2019,0,0,0,0,0,0,0,0,0,0,0,0,0,0
694,Qatar,2020,0,0,0,0,0,0,0,0,0,0,0,0,0,0
694,Qatar,2021,0,0,0,0,0,0,0,0,0,0,0,0,0,0
694,Qatar,2022,0,0,0,0,0,0,0,0,0,0,0,0,0,0
694,Qatar,2023,0,0,0,0,0,0,0,0,0,0,0,0,0,0
694,Qatar,2024,0,0,0,0,0,0,0,0,0,0,0,0,0,0
360,Romania,1990,0,0,0,0,0,0,0,0,0,0,0,0,0,0
360,Romania,1991,0,0,0,0,0,0,0,0,0,0,0,0,0,0
360,Romania,1992,0,0,0,0,0,0,0,0,0,0,0,0,0,0
360,Romania,1993,0,0,0,0,0,0,0,0,0,0,0,0,0,0
360,Romania,1994,0,0,0,0,0,0,0,0,0,0,0,0,0,0
360,Romania,1995,0,0,0,0,0,0,0,0,0,0,0,0,0,0
360,Romania,1996,0,0,0,0,0,0,0,0,0,0,0,0,0,0
360,Romania,1997,0,0,0,0,0,0,0,0,0,0,0,0,0,0
360,Romania,1998,0,0,0,0,0,0,0,0,0,0,0,0,0,0
360,Romania,1999,0,0,0,0,0,0,0,0,0,0,0,0,0,0
360,Romania,2000,0,0,0,0,0,0,0,0,0,0,0,0,0,0
360,Romania,2001,0,0,0,0,0,0,0,0,0,0,0,0,0,0
360,Romania,2002,0,0,0,0,0,0,0,0,0,0,0,0,0,0
360,Romania,2003,0,0,0,0,0,0,0,0,0,0,0,0,0,0
360,Romania,2004,0,0,0,0,0,0,0,0,0,0,0,0,0,0
360,Romania,2005,0,0,0,0,0,0,0,0,0,0,0,0,0,0
360,Romania,2006,0,0,0,0,0,0,0,0,0,0,0,0,0,0
360,Romania,2007,0,0,0,0,0,0,0,0,0,0,0,0,0,0
360,Romania,2008,0,0,0,0,0,0,0,0,0,0,0,0,0,0
360,Romania,2009,0,0,0,0,0,0,0,0,0,0,0,0,0,0
360,Romania,2010,0,0,0,0,0,0,0,0,0,0,0,0,0,0
360,Romania,2011,0,0,0,0,0,0,0,0,0,0,0,0,0,0
360,Romania,2012,0,0,0,0,0,0,0,0,0,0,0,0,0,0
360,Romania,2013,0,0,0,0,0,0,0,0,0,0,0,0,0,0
360,Romania,2014,0,0,0,0,0,0,0,0,0,0,0,0,0,0
360,Romania,2015,0,0,0,0,0,0,0,0,0,0,0,0,0,0
360,Romania,2016,0,0,0,0,0,0,0,0,0,0,0,0,0,0
360,Romania,2017,0,0,0,0,0,0,0,0,0,0,0,0,0,0
360,Romania,2018,0,0,0,0,0,0,0,0,0,0,0,0,0,0
360,Romania,2019,0,0,0,0,0,0,0,0,0,0,0,0,0,0
360,Romania,2020,0,0,0,0,0,0,0,0,0,0,0,0,0,0
360,Romania,2021,0,0,0,0,0,0,0,0,0,0,0,0,0,0
360,Romania,2022,0,0,0,0,0,0,0,0,0,0,0,0,0,0
360,Romania,2023,0,0,0,0,0,0,0,0,0,0,0,0,0,0
360,Romania,2024,0,0,0,0,0,0,0,0,0,0,0,0,0,0
365,Russia (Soviet Union),1990,1,2,192,1,192,0,0,1,3,201,0,0,0,393
365,Russia (Soviet Union),1991,1,1,220,1,220,0,0,1,1,87,1,33,33,340
365,Russia (Soviet Union),1992,0,0,0,0,0,0,0,0,0,0,1,1,1,1
365,Russia (Soviet Union),1993,1,1,145,1,145,0,0,0,0,0,0,0,0,145
365,Russia (Soviet Union),1994,1,1,229,1,229,0,0,1,2,244,1,12,12,485
365,Russia (Soviet Union),1995,1,1,1754,1,1754,0,0,0,0,0,1,156,137,1910
365,Russia (Soviet Union),1996,1,1,2721,1,2721,0,0,0,0,0,1,43,42,2764
365,Russia (Soviet Union),1997,1,1,11,1,11,0,0,0,0,0,1,2,0,13
365,Russia (Soviet Union),1998,1,1,7,1,7,0,0,0,0,0,1,0,0,7
365,Russia (Soviet Union),1999,1,2,5854,1,5854,0,0,0,0,0,1,343,311,6197
365,Russia (Soviet Union),2000,1,1,2907,1,2907,0,0,0,0,0,1,1426,1411,4333
365,Russia (Soviet Union),2001,1,1,791,1,791,0,0,0,0,0,1,201,188,992
365,Russia (Soviet Union),2002,1,1,1289,1,1289,0,0,0,0,0,1,219,204,1508
365,Russia (Soviet Union),2003,1,1,480,1,480,0,0,0,0,0,1,68,0,548
365,Russia (Soviet Union),2004,1,1,1151,1,1151,0,0,0,0,0,1,166,17,1317
365,Russia (Soviet Union),2005,1,1,682,1,682,0,0,0,0,0,1,6,3,688
365,Russia (Soviet Union),2006,1,1,259,1,259,0,0,0,0,0,1,1,1,260
365,Russia (Soviet Union),2007,1,2,176,1,176,0,0,0,0,0,1,6,6,182
365,Russia (Soviet Union),2008,1,1,404,1,404,0,0,0,0,0,1,6,0,410
365,Russia (Soviet Union),2009,1,1,697,1,697,0,0,0,0,0,1,1,0,698
365,Russia (Soviet Union),2010,1,1,418,1,418,0,0,0,0,0,1,63,5,481
365,Russia (Soviet Union),2011,1,1,356,1,356,0,0,0,0,0,1,40,0,396
365,Russia (Soviet Union),2012,1,1,516,1,516,0,0,0,0,0,1,9,1,525
365,Russia (Soviet Union),2013,1,1,321,1,321,0,0,0,0,0,1,44,4,365
365,Russia (Soviet Union),2014,1,2,174,1,174,0,0,0,0,0,1,2,0,176
365,Russia (Soviet Union),2015,1,2,84,1,84,0,0,0,0,0,1,2,0,86
365,Russia (Soviet Union),2016,1,2,77,1,77,0,0,0,0,0,1,1,0,78
365,Russia (Soviet Union),2017,1,2,53,1,53,0,0,0,0,0,0,0,0,53
365,Russia (Soviet Union),2018,1,2,32,1,32,0,0,0,0,0,1,6,0,38
365,Russia (Soviet Union),2019,1,1,26,1,26,0,0,0,0,0,0,0,0,26
365,Russia (Soviet Union),2020,1,2,32,1,32,0,0,0,0,0,1,1,1,33
365,Russia (Soviet Union),2021,1,1,2,1,2,0,0,0,0,0,0,0,0,2
365,Russia (Soviet Union),2022,1,2,67,1,2,1,65,0,0,0,0,0,0,67
365,Russia (Soviet Union),2023,1,6,204,1,104,1,100,0,0,0,0,0,0,204
365,Russia (Soviet Union),2024,1,4,7673,1,86,1,7587,0,0,0,1,146,0,7819
517,Rwanda,1990,1,1,1126,1,1126,0,0,0,0,0,1,1521,1469,2647
517,Rwanda,1991,1,1,153,1,153,0,0,0,0,0,1,949,932,1102
517,Rwanda,1992,1,1,87,1,87,0,0,0,0,0,1,560,511,647
517,Rwanda,1993,1,1,353,1,353,0,0,0,0,0,1,624,377,977
517,Rwanda,1994,1,1,1882,1,1882,0,0,0,0,0,1,770581,759638,772463
517,Rwanda,1995,0,0,0,0,0,0,0,0,0,0,1,4232,4205,4232
517,Rwanda,1996,1,1,124,1,124,0,0,1,1,11,1,741,479,876
517,Rwanda,1997,1,1,985,1,985,0,0,1,1,81,1,6135,5385,7201
517,Rwanda,1998,1,1,1095,1,1095,0,0,0,0,0,1,679,7,1774
517,Rwanda,1999,0,0,0,0,0,0,0,0,0,0,1,29,0,29
517,Rwanda,2000,0,0,0,0,0,0,0,0,0,0,0,0,0,0
517,Rwanda,2001,1,1,2044,1,2044,0,0,0,0,0,0,0,0,2044
517,Rwanda,2002,0,0,0,0,0,0,0,0,0,0,0,0,0,0
517,Rwanda,2003,0,0,0,0,0,0,0,0,0,0,0,0,0,0
517,Rwanda,2004,1,1,16,1,16,0,0,0,0,0,0,0,0,16
517,Rwanda,2005,0,0,0,0,0,0,0,0,0,0,0,0,0,0
517,Rwanda,2006,0,0,0,0,0,0,0,0,0,0,0,0,0,0
517,Rwanda,2007,0,0,0,0,0,0,0,0,0,0,0,0,0,0
517,Rwanda,2008,0,0,0,0,0,0,0,0,0,0,0,0,0,0
517,Rwanda,2009,0,0,0,0,0,0,0,0,0,0,1,2,2,2
517,Rwanda,2010,0,0,0,0,0,0,0,0,0,0,0,0,0,0
517,Rwanda,2011,0,0,0,0,0,0,0,0,0,0,1,0,0,0
517,Rwanda,2012,1,2,13,1,13,0,0,0,0,0,0,0,0,13
517,Rwanda,2013,1,1,1,1,1,0,0,0,0,0,1,3,0,4
517,Rwanda,2014,0,0,0,0,0,0,0,0,0,0,0,0,0,0
517,Rwanda,2015,0,0,0,0,0,0,0,0,0,0,0,0,0,0
517,Rwanda,2016,0,0,0,0,0,0,0,0,0,0,1,27,27,27
517,Rwanda,2017,0,0,0,0,0,0,0,0,0,0,1,10,10,10
517,Rwanda,2018,1,2,9,1,9,0,0,0,0,0,1,9,0,18
517,Rwanda,2019,1,1,19,1,19,0,0,0,0,0,0,0,0,19
517,Rwanda,2020,0,0,0,0,0,0,0,0,0,0,0,0,0,0
517,Rwanda,2021,1,1,7,1,7,0,0,0,0,0,0,0,0,7
517,Rwanda,2022,1,2,6,1,6,0,0,0,0,0,1,2,0,8
517,Rwanda,2023,0,0,0,0,0,0,0,0,0,0,0,0,0,0
517,Rwanda,2024,1,1,1,1,1,0,0,0,0,0,1,0,0,1
60,Saint Kitts and Nevis,1990,0,0,0,0,0,0,0,0,0,0,0,0,0,0
60,Saint Kitts and Nevis,1991,0,0,0,0,0,0,0,0,0,0,0,0,0,0
60,Saint Kitts and Nevis,1992,0,0,0,0,0,0,0,0,0,0,0,0,0,0
60,Saint Kitts and Nevis,1993,0,0,0,0,0,0,0,0,0,0,0,0,0,0
60,Saint Kitts and Nevis,1994,0,0,0,0,0,0,0,0,0,0,0,0,0,0
60,Saint Kitts and Nevis,1995,0,0,0,0,0,0,0,0,0,0,0,0,0,0
60,Saint Kitts and Nevis,1996,0,0,0,0,0,0,0,0,0,0,0,0,0,0
60,Saint Kitts and Nevis,1997,0,0,0,0,0,0,0,0,0,0,0,0,0,0
60,Saint Kitts and Nevis,1998,0,0,0,0,0,0,0,0,0,0,0,0,0,0
60,Saint Kitts and Nevis,1999,0,0,0,0,0,0,0,0,0,0,0,0,0,0
60,Saint Kitts and Nevis,2000,0,0,0,0,0,0,0,0,0,0,0,0,0,0
60,Saint Kitts and Nevis,2001,0,0,0,0,0,0,0,0,0,0,0,0,0,0
60,Saint Kitts and Nevis,2002,0,0,0,0,0,0,0,0,0,0,0,0,0,0
60,Saint Kitts and Nevis,2003,0,0,0,0,0,0,0,0,0,0,0,0,0,0
60,Saint Kitts and Nevis,2004,0,0,0,0,0,0,0,0,0,0,0,0,0,0
60,Saint Kitts and Nevis,2005,0,0,0,0,0,0,0,0,0,0,0,0,0,0
60,Saint Kitts and Nevis,2006,0,0,0,0,0,0,0,0,0,0,0,0,0,0
60,Saint Kitts and Nevis,2007,0,0,0,0,0,0,0,0,0,0,0,0,0,0
60,Saint Kitts and Nevis,2008,0,0,0,0,0,0,0,0,0,0,0,0,0,0
60,Saint Kitts and Nevis,2009,0,0,0,0,0,0,0,0,0,0,0,0,0,0
60,Saint Kitts and Nevis,2010,0,0,0,0,0,0,0,0,0,0,0,0,0,0
60,Saint Kitts and Nevis,2011,0,0,0,0,0,0,0,0,0,0,0,0,0,0
60,Saint Kitts and Nevis,2012,0,0,0,0,0,0,0,0,0,0,0,0,0,0
60,Saint Kitts and Nevis,2013,0,0,0,0,0,0,0,0,0,0,0,0,0,0
60,Saint Kitts and Nevis,2014,0,0,0,0,0,0,0,0,0,0,0,0,0,0
60,Saint Kitts and Nevis,2015,0,0,0,0,0,0,0,0,0,0,0,0,0,0
60,Saint Kitts and Nevis,2016,0,0,0,0,0,0,0,0,0,0,0,0,0,0
60,Saint Kitts and Nevis,2017,0,0,0,0,0,0,0,0,0,0,0,0,0,0
60,Saint Kitts and Nevis,2018,0,0,0,0,0,0,0,0,0,0,0,0,0,0
60,Saint Kitts and Nevis,2019,0,0,0,0,0,0,0,0,0,0,0,0,0,0
60,Saint Kitts and Nevis,2020,0,0,0,0,0,0,0,0,0,0,0,0,0,0
60,Saint Kitts and Nevis,2021,0,0,0,0,0,0,0,0,0,0,0,0,0,0
60,Saint Kitts and Nevis,2022,0,0,0,0,0,0,0,0,0,0,0,0,0,0
60,Saint Kitts and Nevis,2023,0,0,0,0,0,0,0,0,0,0,0,0,0,0
60,Saint Kitts and Nevis,2024,0,0,0,0,0,0,0,0,0,0,0,0,0,0
56,Saint Lucia,1990,0,0,0,0,0,0,0,0,0,0,0,0,0,0
56,Saint Lucia,1991,0,0,0,0,0,0,0,0,0,0,0,0,0,0
56,Saint Lucia,1992,0,0,0,0,0,0,0,0,0,0,0,0,0,0
56,Saint Lucia,1993,0,0,0,0,0,0,0,0,0,0,0,0,0,0
56,Saint Lucia,1994,0,0,0,0,0,0,0,0,0,0,0,0,0,0
56,Saint Lucia,1995,0,0,0,0,0,0,0,0,0,0,0,0,0,0
56,Saint Lucia,1996,0,0,0,0,0,0,0,0,0,0,0,0,0,0
56,Saint Lucia,1997,0,0,0,0,0,0,0,0,0,0,0,0,0,0
56,Saint Lucia,1998,0,0,0,0,0,0,0,0,0,0,0,0,0,0
56,Saint Lucia,1999,0,0,0,0,0,0,0,0,0,0,0,0,0,0
56,Saint Lucia,2000,0,0,0,0,0,0,0,0,0,0,0,0,0,0
56,Saint Lucia,2001,0,0,0,0,0,0,0,0,0,0,0,0,0,0
56,Saint Lucia,2002,0,0,0,0,0,0,0,0,0,0,0,0,0,0
56,Saint Lucia,2003,0,0,0,0,0,0,0,0,0,0,0,0,0,0
56,Saint Lucia,2004,0,0,0,0,0,0,0,0,0,0,0,0,0,0
56,Saint Lucia,2005,0,0,0,0,0,0,0,0,0,0,0,0,0,0
56,Saint Lucia,2006,0,0,0,0,0,0,0,0,0,0,0,0,0,0
56,Saint Lucia,2007,0,0,0,0,0,0,0,0,0,0,0,0,0,0
56,Saint Lucia,2008,0,0,0,0,0,0,0,0,0,0,0,0,0,0
56,Saint Lucia,2009,0,0,0,0,0,0,0,0,0,0,0,0,0,0
56,Saint Lucia,2010,0,0,0,0,0,0,0,0,0,0,0,0,0,0
56,Saint Lucia,2011,0,0,0,0,0,0,0,0,0,0,0,0,0,0
56,Saint Lucia,2012,0,0,0,0,0,0,0,0,0,0,0,0,0,0
56,Saint Lucia,2013,0,0,0,0,0,0,0,0,0,0,0,0,0,0
56,Saint Lucia,2014,0,0,0,0,0,0,0,0,0,0,0,0,0,0
56,Saint Lucia,2015,0,0,0,0,0,0,0,0,0,0,0,0,0,0
56,Saint Lucia,2016,0,0,0,0,0,0,0,0,0,0,0,0,0,0
56,Saint Lucia,2017,0,0,0,0,0,0,0,0,0,0,0,0,0,0
56,Saint Lucia,2018,0,0,0,0,0,0,0,0,0,0,0,0,0,0
56,Saint Lucia,2019,0,0,0,0,0,0,0,0,0,0,0,0,0,0
56,Saint Lucia,2020,0,0,0,0,0,0,0,0,0,0,0,0,0,0
56,Saint Lucia,2021,0,0,0,0,0,0,0,0,0,0,0,0,0,0
56,Saint Lucia,2022,0,0,0,0,0,0,0,0,0,0,0,0,0,0
56,Saint Lucia,2023,0,0,0,0,0,0,0,0,0,0,0,0,0,0
56,Saint Lucia,2024,0,0,0,0,0,0,0,0,0,0,0,0,0,0
57,Saint Vincent and the Grenadines,1990,0,0,0,0,0,0,0,0,0,0,0,0,0,0
57,Saint Vincent and the Grenadines,1991,0,0,0,0,0,0,0,0,0,0,0,0,0,0
57,Saint Vincent and the Grenadines,1992,0,0,0,0,0,0,0,0,0,0,0,0,0,0
57,Saint Vincent and the Grenadines,1993,0,0,0,0,0,0,0,0,0,0,0,0,0,0
57,Saint Vincent and the Grenadines,1994,0,0,0,0,0,0,0,0,0,0,0,0,0,0
57,Saint Vincent and the Grenadines,1995,0,0,0,0,0,0,0,0,0,0,0,0,0,0
57,Saint Vincent and the Grenadines,1996,0,0,0,0,0,0,0,0,0,0,0,0,0,0
57,Saint Vincent and the Grenadines,1997,0,0,0,0,0,0,0,0,0,0,0,0,0,0
57,Saint Vincent and the Grenadines,1998,0,0,0,0,0,0,0,0,0,0,0,0,0,0
57,Saint Vincent and the Grenadines,1999,0,0,0,0,0,0,0,0,0,0,0,0,0,0
57,Saint Vincent and the Grenadines,2000,0,0,0,0,0,0,0,0,0,0,0,0,0,0
57,Saint Vincent and the Grenadines,2001,0,0,0,0,0,0,0,0,0,0,0,0,0,0
57,Saint Vincent and the Grenadines,2002,0,0,0,0,0,0,0,0,0,0,0,0,0,0
57,Saint Vincent and the Grenadines,2003,0,0,0,0,0,0,0,0,0,0,0,0,0,0
57,Saint Vincent and the Grenadines,2004,0,0,0,0,0,0,0,0,0,0,0,0,0,0
57,Saint Vincent and the Grenadines,2005,0,0,0,0,0,0,0,0,0,0,0,0,0,0
57,Saint Vincent and the Grenadines,2006,0,0,0,0,0,0,0,0,0,0,0,0,0,0
57,Saint Vincent and the Grenadines,2007,0,0,0,0,0,0,0,0,0,0,0,0,0,0
57,Saint Vincent and the Grenadines,2008,0,0,0,0,0,0,0,0,0,0,0,0,0,0
57,Saint Vincent and the Grenadines,2009,0,0,0,0,0,0,0,0,0,0,0,0,0,0
57,Saint Vincent and the Grenadines,2010,0,0,0,0,0,0,0,0,0,0,0,0,0,0
57,Saint Vincent and the Grenadines,2011,0,0,0,0,0,0,0,0,0,0,0,0,0,0
57,Saint Vincent and the Grenadines,2012,0,0,0,0,0,0,0,0,0,0,0,0,0,0
57,Saint Vincent and the Grenadines,2013,0,0,0,0,0,0,0,0,0,0,0,0,0,0
57,Saint Vincent and the Grenadines,2014,0,0,0,0,0,0,0,0,0,0,0,0,0,0
57,Saint Vincent and the Grenadines,2015,0,0,0,0,0,0,0,0,0,0,0,0,0,0
57,Saint Vincent and the Grenadines,2016,0,0,0,0,0,0,0,0,0,0,0,0,0,0
57,Saint Vincent and the Grenadines,2017,0,0,0,0,0,0,0,0,0,0,0,0,0,0
57,Saint Vincent and the Grenadines,2018,0,0,0,0,0,0,0,0,0,0,0,0,0,0
57,Saint Vincent and the Grenadines,2019,0,0,0,0,0,0,0,0,0,0,0,0,0,0
57,Saint Vincent and the Grenadines,2020,0,0,0,0,0,0,0,0,0,0,0,0,0,0
57,Saint Vincent and the Grenadines,2021,0,0,0,0,0,0,0,0,0,0,0,0,0,0
57,Saint Vincent and the Grenadines,2022,0,0,0,0,0,0,0,0,0,0,0,0,0,0
57,Saint Vincent and the Grenadines,2023,0,0,0,0,0,0,0,0,0,0,0,0,0,0
57,Saint Vincent and the Grenadines,2024,0,0,0,0,0,0,0,0,0,0,0,0,0,0
990,Samoa (Western Samoa),1990,0,0,0,0,0,0,0,0,0,0,0,0,0,0
990,Samoa (Western Samoa),1991,0,0,0,0,0,0,0,0,0,0,0,0,0,0
990,Samoa (Western Samoa),1992,0,0,0,0,0,0,0,0,0,0,0,0,0,0
990,Samoa (Western Samoa),1993,0,0,0,0,0,0,0,0,0,0,0,0,0,0
990,Samoa (Western Samoa),1994,0,0,0,0,0,0,0,0,0,0,0,0,0,0
990,Samoa (Western Samoa),1995,0,0,0,0,0,0,0,0,0,0,0,0,0,0
990,Samoa (Western Samoa),1996,0,0,0,0,0,0,0,0,0,0,0,0,0,0
990,Samoa (Western Samoa),1997,0,0,0,0,0,0,0,0,0,0,0,0,0,0
990,Samoa (Western Samoa),1998,0,0,0,0,0,0,0,0,0,0,0,0,0,0
990,Samoa (Western Samoa),1999,0,0,0,0,0,0,0,0,0,0,0,0,0,0
990,Samoa (Western Samoa),2000,0,0,0,0,0,0,0,0,0,0,0,0,0,0
990,Samoa (Western Samoa),2001,0,0,0,0,0,0,0,0,0,0,0,0,0,0
990,Samoa (Western Samoa),2002,0,0,0,0,0,0,0,0,0,0,0,0,0,0
990,Samoa (Western Samoa),2003,0,0,0,0,0,0,0,0,0,0,0,0,0,0
990,Samoa (Western Samoa),2004,0,0,0,0,0,0,0,0,0,0,0,0,0,0
990,Samoa (Western Samoa),2005,0,0,0,0,0,0,0,0,0,0,0,0,0,0
990,Samoa (Western Samoa),2006,0,0,0,0,0,0,0,0,0,0,0,0,0,0
990,Samoa (Western Samoa),2007,0,0,0,0,0,0,0,0,0,0,0,0,0,0
990,Samoa (Western Samoa),2008,0,0,0,0,0,0,0,0,0,0,0,0,0,0
990,Samoa (Western Samoa),2009,0,0,0,0,0,0,0,0,0,0,0,0,0,0
990,Samoa (Western Samoa),2010,0,0,0,0,0,0,0,0,0,0,0,0,0,0
990,Samoa (Western Samoa),2011,0,0,0,0,0,0,0,0,0,0,0,0,0,0
990,Samoa (Western Samoa),2012,0,0,0,0,0,0,0,0,0,0,0,0,0,0
990,Samoa (Western Samoa),2013,0,0,0,0,0,0,0,0,0,0,0,0,0,0
990,Samoa (Western Samoa),2014,0,0,0,0,0,0,0,0,0,0,0,0,0,0
990,Samoa (Western Samoa),2015,0,0,0,0,0,0,0,0,0,0,0,0,0,0
990,Samoa (Western Samoa),2016,0,0,0,0,0,0,0,0,0,0,0,0,0,0
990,Samoa (Western Samoa),2017,0,0,0,0,0,0,0,0,0,0,0,0,0,0
990,Samoa (Western Samoa),2018,0,0,0,0,0,0,0,0,0,0,0,0,0,0
990,Samoa (Western Samoa),2019,0,0,0,0,0,0,0,0,0,0,0,0,0,0
990,Samoa (Western Samoa),2020,0,0,0,0,0,0,0,0,0,0,0,0,0,0
990,Samoa (Western Samoa),2021,0,0,0,0,0,0,0,0,0,0,0,0,0,0
990,Samoa (Western Samoa),2022,0,0,0,0,0,0,0,0,0,0,0,0,0,0
990,Samoa (Western Samoa),2023,0,0,0,0,0,0,0,0,0,0,0,0,0,0
990,Samoa (Western Samoa),2024,0,0,0,0,0,0,0,0,0,0,0,0,0,0
331,San Marino,1990,0,0,0,0,0,0,0,0,0,0,0,0,0,0
331,San Marino,1991,0,0,0,0,0,0,0,0,0,0,0,0,0,0
331,San Marino,1992,0,0,0,0,0,0,0,0,0,0,0,0,0,0
331,San Marino,1993,0,0,0,0,0,0,0,0,0,0,0,0,0,0
331,San Marino,1994,0,0,0,0,0,0,0,0,0,0,0,0,0,0
331,San Marino,1995,0,0,0,0,0,0,0,0,0,0,0,0,0,0
331,San Marino,1996,0,0,0,0,0,0,0,0,0,0,0,0,0,0
331,San Marino,1997,0,0,0,0,0,0,0,0,0,0,0,0,0,0
331,San Marino,1998,0,0,0,0,0,0,0,0,0,0,0,0,0,0
331,San Marino,1999,0,0,0,0,0,0,0,0,0,0,0,0,0,0
331,San Marino,2000,0,0,0,0,0,0,0,0,0,0,0,0,0,0
331,San Marino,2001,0,0,0,0,0,0,0,0,0,0,0,0,0,0
331,San Marino,2002,0,0,0,0,0,0,0,0,0,0,0,0,0,0
331,San Marino,2003,0,0,0,0,0,0,0,0,0,0,0,0,0,0
331,San Marino,2004,0,0,0,0,0,0,0,0,0,0,0,0,0,0
331,San Marino,2005,0,0,0,0,0,0,0,0,0,0,0,0,0,0
331,San Marino,2006,0,0,0,0,0,0,0,0,0,0,0,0,0,0
331,San Marino,2007,0,0,0,0,0,0,0,0,0,0,0,0,0,0
331,San Marino,2008,0,0,0,0,0,0,0,0,0,0,0,0,0,0
331,San Marino,2009,0,0,0,0,0,0,0,0,0,0,0,0,0,0
331,San Marino,2010,0,0,0,0,0,0,0,0,0,0,0,0,0,0
331,San Marino,2011,0,0,0,0,0,0,0,0,0,0,0,0,0,0
331,San Marino,2012,0,0,0,0,0,0,0,0,0,0,0,0,0,0
331,San Marino,2013,0,0,0,0,0,0,0,0,0,0,0,0,0,0
331,San Marino,2014,0,0,0,0,0,0,0,0,0,0,0,0,0,0
331,San Marino,2015,0,0,0,0,0,0,0,0,0,0,0,0,0,0
331,San Marino,2016,0,0,0,0,0,0,0,0,0,0,0,0,0,0
331,San Marino,2017,0,0,0,0,0,0,0,0,0,0,0,0,0,0
331,San Marino,2018,0,0,0,0,0,0,0,0,0,0,0,0,0,0
331,San Marino,2019,0,0,0,0,0,0,0,0,0,0,0,0,0,0
331,San Marino,2020,0,0,0,0,0,0,0,0,0,0,0,0,0,0
331,San Marino,2021,0,0,0,0,0,0,0,0,0,0,0,0,0,0
331,San Marino,2022,0,0,0,0,0,0,0,0,0,0,0,0,0,0
331,San Marino,2023,0,0,0,0,0,0,0,0,0,0,0,0,0,0
331,San Marino,2024,0,0,0,0,0,0,0,0,0,0,0,0,0,0
403,Sao Tome and Principe,1990,0,0,0,0,0,0,0,0,0,0,0,0,0,0
403,Sao Tome and Principe,1991,0,0,0,0,0,0,0,0,0,0,0,0,0,0
403,Sao Tome and Principe,1992,0,0,0,0,0,0,0,0,0,0,0,0,0,0
403,Sao Tome and Principe,1993,0,0,0,0,0,0,0,0,0,0,0,0,0,0
403,Sao Tome and Principe,1994,0,0,0,0,0,0,0,0,0,0,0,0,0,0
403,Sao Tome and Principe,1995,0,0,0,0,0,0,0,0,0,0,0,0,0,0
403,Sao Tome and Principe,1996,0,0,0,0,0,0,0,0,0,0,0,0,0,0
403,Sao Tome and Principe,1997,0,0,0,0,0,0,0,0,0,0,0,0,0,0
403,Sao Tome and Principe,1998,0,0,0,0,0,0,0,0,0,0,0,0,0,0
403,Sao Tome and Principe,1999,0,0,0,0,0,0,0,0,0,0,0,0,0,0
403,Sao Tome and Principe,2000,0,0,0,0,0,0,0,0,0,0,0,0,0,0
403,Sao Tome and Principe,2001,0,0,0,0,0,0,0,0,0,0,0,0,0,0
403,Sao Tome and Principe,2002,0,0,0,0,0,0,0,0,0,0,0,0,0,0
403,Sao Tome and Principe,2003,0,0,0,0,0,0,0,0,0,0,0,0,0,0
403,Sao Tome and Principe,2004,0,0,0,0,0,0,0,0,0,0,0,0,0,0
403,Sao Tome and Principe,2005,0,0,0,0,0,0,0,0,0,0,0,0,0,0
403,Sao Tome and Principe,2006,0,0,0,0,0,0,0,0,0,0,0,0,0,0
403,Sao Tome and Principe,2007,0,0,0,0,0,0,0,0,0,0,0,0,0,0
403,Sao Tome and Principe,2008,0,0,0,0,0,0,0,0,0,0,0,0,0,0
403,Sao Tome and Principe,2009,0,0,0,0,0,0,0,0,0,0,0,0,0,0
403,Sao Tome and Principe,2010,0,0,0,0,0,0,0,0,0,0,0,0,0,0
403,Sao Tome and Principe,2011,0,0,0,0,0,0,0,0,0,0,0,0,0,0
403,Sao Tome and Principe,2012,0,0,0,0,0,0,0,0,0,0,0,0,0,0
403,Sao Tome and Principe,2013,0,0,0,0,0,0,0,0,0,0,0,0,0,0
403,Sao Tome and Principe,2014,0,0,0,0,0,0,0,0,0,0,0,0,0,0
403,Sao Tome and Principe,2015,0,0,0,0,0,0,0,0,0,0,0,0,0,0
403,Sao Tome and Principe,2016,0,0,0,0,0,0,0,0,0,0,0,0,0,0
403,Sao Tome and Principe,2017,0,0,0,0,0,0,0,0,0,0,0,0,0,0
403,Sao Tome and Principe,2018,0,0,0,0,0,0,0,0,0,0,0,0,0,0
403,Sao Tome and Principe,2019,0,0,0,0,0,0,0,0,0,0,0,0,0,0
403,Sao Tome and Principe,2020,0,0,0,0,0,0,0,0,0,0,0,0,0,0
403,Sao Tome and Principe,2021,0,0,0,0,0,0,0,0,0,0,0,0,0,0
403,Sao Tome and Principe,2022,0,0,0,0,0,0,0,0,0,0,0,0,0,0
403,Sao Tome and Principe,2023,0,0,0,0,0,0,0,0,0,0,0,0,0,0
403,Sao Tome and Principe,2024,0,0,0,0,0,0,0,0,0,0,0,0,0,0
670,Saudi Arabia,1990,0,0,0,0,0,0,0,0,0,0,0,0,0,0
670,Saudi Arabia,1991,1,1,91,0,0,1,91,0,0,0,0,0,0,91
670,Saudi Arabia,1992,0,0,0,0,0,0,0,0,0,0,0,0,0,0
670,Saudi Arabia,1993,0,0,0,0,0,0,0,0,0,0,0,0,0,0
670,Saudi Arabia,1994,0,0,0,0,0,0,0,0,0,0,0,0,0,0
670,Saudi Arabia,1995,0,0,0,0,0,0,0,0,0,0,0,0,0,0
670,Saudi Arabia,1996,0,0,0,0,0,0,0,0,0,0,0,0,0,0
670,Saudi Arabia,1997,0,0,0,0,0,0,0,0,0,0,0,0,0,0
670,Saudi Arabia,1998,0,0,0,0,0,0,0,0,0,0,0,0,0,0
670,Saudi Arabia,1999,0,0,0,0,0,0,0,0,0,0,0,0,0,0
670,Saudi Arabia,2000,0,0,0,0,0,0,0,0,0,0,0,0,0,0
670,Saudi Arabia,2001,0,0,0,0,0,0,0,0,0,0,0,0,0,0
670,Saudi Arabia,2002,0,0,0,0,0,0,0,0,0,0,0,0,0,0
670,Saudi Arabia,2003,0,0,0,0,0,0,0,0,0,0,1,26,0,26
670,Saudi Arabia,2004,1,1,58,1,58,0,0,0,0,0,1,33,0,91
670,Saudi Arabia,2005,1,1,31,1,31,0,0,0,0,0,0,0,0,31
670,Saudi Arabia,2006,1,1,11,1,11,0,0,0,0,0,0,0,0,11
670,Saudi Arabia,2007,1,1,2,1,2,0,0,0,0,0,1,0,0,2
670,Saudi Arabia,2008,0,0,0,0,0,0,0,0,0,0,0,0,0,0
670,Saudi Arabia,2009,0,0,0,0,0,0,0,0,0,0,0,0,0,0
670,Saudi Arabia,2010,0,0,0,0,0,0,0,0,0,0,0,0,0,0
670,Saudi Arabia,2011,0,0,0,0,0,0,0,0,0,0,0,0,0,0
670,Saudi Arabia,2012,0,0,0,0,0,0,0,0,0,0,0,0,0,0
670,Saudi Arabia,2013,0,0,0,0,0,0,0,0,0,0,0,0,0,0
670,Saudi Arabia,2014,0,0,0,0,0,0,0,0,0,0,0,0,0,0
670,Saudi Arabia,2015,1,1,81,1,81,0,0,0,0,0,1,32,0,113
670,Saudi Arabia,2016,1,1,120,1,120,0,0,0,0,0,1,5,0,125
670,Saudi Arabia,2017,1,1,45,1,45,0,0,0,0,0,0,0,0,45
670,Saudi Arabia,2018,1,1,11,1,11,0,0,0,0,0,0,0,0,11
670,Saudi Arabia,2019,1,1,5,1,5,0,0,0,0,0,1,1,1,6
670,Saudi Arabia,2020,1,1,0,1,0,0,0,0,0,0,0,0,0,0
670,Saudi Arabia,2021,1,1,6,1,6,0,0,0,0,0,0,0,0,6
670,Saudi Arabia,2022,0,0,0,0,0,0,0,0,0,0,0,0,0,0
670,Saudi Arabia,2023,1,1,9,1,9,0,0,0,0,0,0,0,0,9
670,Saudi Arabia,2024,0,0,0,0,0,0,0,0,0,0,0,0,0,0
433,Senegal,1990,1,1,58,1,58,0,0,0,0,0,1,26,7,84
433,Senegal,1991,0,0,0,0,0,0,0,0,0,0,1,16,0,16
433,Senegal,1992,1,1,76,1,76,0,0,0,0,0,1,59,8,135
433,Senegal,1993,1,1,233,1,233,0,0,0,0,0,1,52,3,285
433,Senegal,1994,0,0,0,0,0,0,0,0,0,0,0,0,0,0
433,Senegal,1995,1,1,299,1,299,0,0,0,0,0,1,30,6,329
433,Senegal,1996,1,1,3,1,3,0,0,0,0,0,1,2,0,5
433,Senegal,1997,1,1,319,1,319,0,0,0,0,0,1,47,8,366
433,Senegal,1998,1,1,242,1,242,0,0,1,1,7,1,94,38,343
433,Senegal,1999,1,1,23,1,23,0,0,0,0,0,1,8,2,31
433,Senegal,2000,1,1,47,1,47,0,0,0,0,0,1,9,3,56
433,Senegal,2001,1,1,33,1,33,0,0,0,0,0,1,14,0,47
433,Senegal,2002,1,1,20,1,20,0,0,0,0,0,1,25,0,45
433,Senegal,2003,1,1,39,1,39,0,0,0,0,0,0,0,0,39
433,Senegal,2004,1,1,3,1,3,0,0,0,0,0,0,0,0,3
433,Senegal,2005,1,1,1,1,1,0,0,0,0,0,1,45,45,46
433,Senegal,2006,1,1,2,1,2,0,0,1,1,124,0,0,0,126
433,Senegal,2007,0,0,0,0,0,0,0,0,0,0,0,0,0,0
433,Senegal,2008,1,1,11,1,11,0,0,0,0,0,0,0,0,11
433,Senegal,2009,1,1,10,1,10,0,0,0,0,0,1,9,0,19
433,Senegal,2010,1,1,16,1,16,0,0,0,0,0,1,3,0,19
433,Senegal,2011,1,1,25,1,25,0,0,0,0,0,1,12,0,37
433,Senegal,2012,1,1,19,1,19,0,0,0,0,0,1,4,4,23
433,Senegal,2013,1,1,8,1,8,0,0,0,0,0,0,0,0,8
433,Senegal,2014,0,0,0,0,0,0,0,0,0,0,0,0,0,0
433,Senegal,2015,0,0,0,0,0,0,0,0,0,0,0,0,0,0
433,Senegal,2016,0,0,0,0,0,0,0,0,0,0,0,0,0,0
433,Senegal,2017,0,0,0,0,0,0,0,0,0,0,0,0,0,0
433,Senegal,2018,0,0,0,0,0,0,0,0,0,0,1,1,1,1
433,Senegal,2019,0,0,0,0,0,0,0,0,0,0,0,0,0,0
433,Senegal,2020,1,1,0,1,0,0,0,0,0,0,0,0,0,0
433,Senegal,2021,1,1,0,1,0,0,0,0,0,0,0,0,0,0
433,Senegal,2022,0,0,0,0,0,0,0,0,0,0,0,0,0,0
433,Senegal,2023,0,0,0,0,0,0,0,0,0,0,0,0,0,0
433,Senegal,2024,0,0,0,0,0,0,0,0,0,0,0,0,0,0
345,Serbia (Yugoslavia),1990,0,0,0,0,0,0,0,0,0,0,0,0,0,0
345,Serbia (Yugoslavia),1991,1,3,3022,1,3022,0,0,1,2,272,1,1,1,3295
345,Serbia (Yugoslavia),1992,1,3,207,1,207,0,0,1,3,1631,1,30,0,1868
345,Serbia (Yugoslavia),1993,0,0,0,0,0,0,0,0,0,0,0,0,0,0
345,Serbia (Yugoslavia),1994,0,0,0,0,0,0,0,0,0,0,0,0,0,0
345,Serbia (Yugoslavia),1995,0,0,0,0,0,0,0,0,0,0,1,0,0,0
345,Serbia (Yugoslavia),1996,1,1,2,1,2,0,0,0,0,0,0,0,0,2
345,Serbia (Yugoslavia),1997,1,1,7,1,7,0,0,0,0,0,1,2,2,9
345,Serbia (Yugoslavia),1998,1,1,1235,1,1235,0,0,0,0,0,1,211,211,1446
345,Serbia (Yugoslavia),1999,1,1,1378,1,1378,0,0,0,0,0,1,775,775,2153
345,Serbia (Yugoslavia),2000,0,0,0,0,0,0,0,0,0,0,0,0,0,0
345,Serbia (Yugoslavia),2001,1,1,0,1,0,0,0,0,0,0,0,0,0,0
345,Serbia (Yugoslavia),2002,0,0,0,0,0,0,0,0,0,0,0,0,0,0
345,Serbia (Yugoslavia),2003,0,0,0,0,0,0,0,0,0,0,0,0,0,0
345,Serbia (Yugoslavia),2004,0,0,0,0,0,0,0,0,0,0,0,0,0,0
345,Serbia (Yugoslavia),2005,0,0,0,0,0,0,0,0,0,0,0,0,0,0
345,Serbia (Yugoslavia),2006,0,0,0,0,0,0,0,0,0,0,0,0,0,0
345,Serbia (Yugoslavia),2007,0,0,0,0,0,0,0,0,0,0,0,0,0,0
345,Serbia (Yugoslavia),2008,0,0,0,0,0,0,0,0,0,0,0,0,0,0
345,Serbia (Yugoslavia),2009,0,0,0,0,0,0,0,0,0,0,0,0,0,0
345,Serbia (Yugoslavia),2010,0,0,0,0,0,0,0,0,0,0,0,0,0,0
345,Serbia (Yugoslavia),2011,0,0,0,0,0,0,0,0,0,0,0,0,0,0
345,Serbia (Yugoslavia),2012,0,0,0,0,0,0,0,0,0,0,0,0,0,0
345,Serbia (Yugoslavia),2013,0,0,0,0,0,0,0,0,0,0,0,0,0,0
345,Serbia (Yugoslavia),2014,0,0,0,0,0,0,0,0,0,0,0,0,0,0
345,Serbia (Yugoslavia),2015,0,0,0,0,0,0,0,0,0,0,0,0,0,0
345,Serbia (Yugoslavia),2016,0,0,0,0,0,0,0,0,0,0,0,0,0,0
345,Serbia (Yugoslavia),2017,0,0,0,0,0,0,0,0,0,0,0,0,0,0
345,Serbia (Yugoslavia),2018,0,0,0,0,0,0,0,0,0,0,0,0,0,0
345,Serbia (Yugoslavia),2019,0,0,0,0,0,0,0,0,0,0,0,0,0,0
345,Serbia (Yugoslavia),2020,0,0,0,0,0,0,0,0,0,0,0,0,0,0
345,Serbia (Yugoslavia),2021,0,0,0,0,0,0,0,0,0,0,0,0,0,0
345,Serbia (Yugoslavia),2022,0,0,0,0,0,0,0,0,0,0,0,0,0,0
345,Serbia (Yugoslavia),2023,0,0,0,0,0,0,0,0,0,0,0,0,0,0
345,Serbia (Yugoslavia),2024,0,0,0,0,0,0,0,0,0,0,0,0,0,0
591,Seychelles,1990,0,0,0,0,0,0,0,0,0,0,0,0,0,0
591,Seychelles,1991,0,0,0,0,0,0,0,0,0,0,0,0,0,0
591,Seychelles,1992,0,0,0,0,0,0,0,0,0,0,0,0,0,0
591,Seychelles,1993,0,0,0,0,0,0,0,0,0,0,0,0,0,0
591,Seychelles,1994,0,0,0,0,0,0,0,0,0,0,0,0,0,0
591,Seychelles,1995,0,0,0,0,0,0,0,0,0,0,0,0,0,0
591,Seychelles,1996,0,0,0,0,0,0,0,0,0,0,0,0,0,0
591,Seychelles,1997,0,0,0,0,0,0,0,0,0,0,0,0,0,0
591,Seychelles,1998,0,0,0,0,0,0,0,0,0,0,0,0,0,0
591,Seychelles,1999,0,0,0,0,0,0,0,0,0,0,0,0,0,0
591,Seychelles,2000,0,0,0,0,0,0,0,0,0,0,0,0,0,0
591,Seychelles,2001,0,0,0,0,0,0,0,0,0,0,0,0,0,0
591,Seychelles,2002,0,0,0,0,0,0,0,0,0,0,0,0,0,0
591,Seychelles,2003,0,0,0,0,0,0,0,0,0,0,0,0,0,0
591,Seychelles,2004,0,0,0,0,0,0,0,0,0,0,0,0,0,0
591,Seychelles,2005,0,0,0,0,0,0,0,0,0,0,0,0,0,0
591,Seychelles,2006,0,0,0,0,0,0,0,0,0,0,0,0,0,0
591,Seychelles,2007,0,0,0,0,0,0,0,0,0,0,0,0,0,0
591,Seychelles,2008,0,0,0,0,0,0,0,0,0,0,0,0,0,0
591,Seychelles,2009,0,0,0,0,0,0,0,0,0,0,0,0,0,0
591,Seychelles,2010,0,0,0,0,0,0,0,0,0,0,0,0,0,0
591,Seychelles,2011,0,0,0,0,0,0,0,0,0,0,0,0,0,0
591,Seychelles,2012,0,0,0,0,0,0,0,0,0,0,0,0,0,0
591,Seychelles,2013,0,0,0,0,0,0,0,0,0,0,0,0,0,0
591,Seychelles,2014,0,0,0,0,0,0,0,0,0,0,0,0,0,0
591,Seychelles,2015,0,0,0,0,0,0,0,0,0,0,0,0,0,0
591,Seychelles,2016,0,0,0,0,0,0,0,0,0,0,0,0,0,0
591,Seychelles,2017,0,0,0,0,0,0,0,0,0,0,0,0,0,0
591,Seychelles,2018,0,0,0,0,0,0,0,0,0,0,0,0,0,0
591,Seychelles,2019,0,0,0,0,0,0,0,0,0,0,0,0,0,0
591,Seychelles,2020,0,0,0,0,0,0,0,0,0,0,0,0,0,0
591,Seychelles,2021,0,0,0,0,0,0,0,0,0,0,0,0,0,0
591,Seychelles,2022,0,0,0,0,0,0,0,0,0,0,0,0,0,0
591,Seychelles,2023,0,0,0,0,0,0,0,0,0,0,0,0,0,0
591,Seychelles,2024,0,0,0,0,0,0,0,0,0,0,0,0,0,0
451,Sierra Leone,1990,0,0,0,0,0,0,0,0,0,0,0,0,0,0
451,Sierra Leone,1991,1,1,552,1,552,0,0,1,2,9,1,664,56,1225
451,Sierra Leone,1992,1,1,218,1,218,0,0,1,1,1,1,312,12,531
451,Sierra Leone,1993,1,1,410,1,410,0,0,1,1,2,1,230,1,642
451,Sierra Leone,1994,1,1,628,1,628,0,0,1,2,25,1,1444,46,2097
451,Sierra Leone,1995,1,1,1472,1,1472,0,0,1,1,40,1,1682,0,3194
451,Sierra Leone,1996,1,1,570,1,570,0,0,1,1,4,1,369,17,943
451,Sierra Leone,1997,1,3,748,1,748,0,0,0,0,0,1,485,347,1233
451,Sierra Leone,1998,1,3,3287,1,3287,0,0,0,0,0,1,1868,84,5155
451,Sierra Leone,1999,1,2,3153,1,3153,0,0,0,0,0,1,1340,188,4493
451,Sierra Leone,2000,1,2,382,1,382,0,0,0,0,0,1,474,3,856
451,Sierra Leone,2001,1,2,50,1,50,0,0,0,0,0,1,23,0,73
451,Sierra Leone,2002,0,0,0,0,0,0,0,0,0,0,1,1,0,1
451,Sierra Leone,2003,0,0,0,0,0,0,0,0,0,0,0,0,0,0
451,Sierra Leone,2004,0,0,0,0,0,0,0,0,0,0,0,0,0,0
451,Sierra Leone,2005,0,0,0,0,0,0,0,0,0,0,0,0,0,0
451,Sierra Leone,2006,0,0,0,0,0,0,0,0,0,0,0,0,0,0
451,Sierra Leone,2007,0,0,0,0,0,0,0,0,0,0,0,0,0,0
451,Sierra Leone,2008,0,0,0,0,0,0,0,0,0,0,0,0,0,0
451,Sierra Leone,2009,0,0,0,0,0,0,0,0,0,0,0,0,0,0
451,Sierra Leone,2010,0,0,0,0,0,0,0,0,0,0,0,0,0,0
451,Sierra Leone,2011,0,0,0,0,0,0,0,0,0,0,0,0,0,0
451,Sierra Leone,2012,0,0,0,0,0,0,0,0,0,0,0,0,0,0
451,Sierra Leone,2013,0,0,0,0,0,0,0,0,0,0,0,0,0,0
451,Sierra Leone,2014,0,0,0,0,0,0,0,0,0,0,0,0,0,0
451,Sierra Leone,2015,0,0,0,0,0,0,0,0,0,0,0,0,0,0
451,Sierra Leone,2016,0,0,0,0,0,0,0,0,0,0,0,0,0,0
451,Sierra Leone,2017,0,0,0,0,0,0,0,0,0,0,0,0,0,0
451,Sierra Leone,2018,0,0,0,0,0,0,0,0,0,0,0,0,0,0
451,Sierra Leone,2019,0,0,0,0,0,0,0,0,0,0,0,0,0,0
451,Sierra Leone,2020,0,0,0,0,0,0,0,0,0,0,0,0,0,0
451,Sierra Leone,2021,0,0,0,0,0,0,0,0,0,0,1,1,1,1
451,Sierra Leone,2022,0,0,0,0,0,0,0,0,0,0,0,0,0,0
451,Sierra Leone,2023,0,0,0,0,0,0,0,0,0,0,0,0,0,0
451,Sierra Leone,2024,0,0,0,0,0,0,0,0,0,0,0,0,0,0
830,Singapore,1990,0,0,0,0,0,0,0,0,0,0,0,0,0,0
830,Singapore,1991,0,0,0,0,0,0,0,0,0,0,0,0,0,0
830,Singapore,1992,0,0,0,0,0,0,0,0,0,0,0,0,0,0
830,Singapore,1993,0,0,0,0,0,0,0,0,0,0,0,0,0,0
830,Singapore,1994,0,0,0,0,0,0,0,0,0,0,0,0,0,0
830,Singapore,1995,0,0,0,0,0,0,0,0,0,0,0,0,0,0
830,Singapore,1996,0,0,0,0,0,0,0,0,0,0,0,0,0,0
830,Singapore,1997,0,0,0,0,0,0,0,0,0,0,0,0,0,0
830,Singapore,1998,0,0,0,0,0,0,0,0,0,0,0,0,0,0
830,Singapore,1999,0,0,0,0,0,0,0,0,0,0,0,0,0,0
830,Singapore,2000,0,0,0,0,0,0,0,0,0,0,0,0,0,0
830,Singapore,2001,0,0,0,0,0,0,0,0,0,0,0,0,0,0
830,Singapore,2002,0,0,0,0,0,0,0,0,0,0,0,0,0,0
830,Singapore,2003,0,0,0,0,0,0,0,0,0,0,0,0,0,0
830,Singapore,2004,0,0,0,0,0,0,0,0,0,0,0,0,0,0
830,Singapore,2005,0,0,0,0,0,0,0,0,0,0,0,0,0,0
830,Singapore,2006,0,0,0,0,0,0,0,0,0,0,0,0,0,0
830,Singapore,2007,0,0,0,0,0,0,0,0,0,0,0,0,0,0
830,Singapore,2008,0,0,0,0,0,0,0,0,0,0,0,0,0,0
830,Singapore,2009,0,0,0,0,0,0,0,0,0,0,0,0,0,0
830,Singapore,2010,0,0,0,0,0,0,0,0,0,0,0,0,0,0
830,Singapore,2011,0,0,0,0,0,0,0,0,0,0,0,0,0,0
830,Singapore,2012,0,0,0,0,0,0,0,0,0,0,0,0,0,0
830,Singapore,2013,0,0,0,0,0,0,0,0,0,0,0,0,0,0
830,Singapore,2014,0,0,0,0,0,0,0,0,0,0,0,0,0,0
830,Singapore,2015,0,0,0,0,0,0,0,0,0,0,0,0,0,0
830,Singapore,2016,0,0,0,0,0,0,0,0,0,0,0,0,0,0
830,Singapore,2017,0,0,0,0,0,0,0,0,0,0,0,0,0,0
830,Singapore,2018,0,0,0,0,0,0,0,0,0,0,0,0,0,0
830,Singapore,2019,0,0,0,0,0,0,0,0,0,0,0,0,0,0
830,Singapore,2020,0,0,0,0,0,0,0,0,0,0,0,0,0,0
830,Singapore,2021,0,0,0,0,0,0,0,0,0,0,0,0,0,0
830,Singapore,2022,0,0,0,0,0,0,0,0,0,0,0,0,0,0
830,Singapore,2023,0,0,0,0,0,0,0,0,0,0,0,0,0,0
830,Singapore,2024,0,0,0,0,0,0,0,0,0,0,0,0,0,0
317,Slovakia,1993,0,0,0,0,0,0,0,0,0,0,0,0,0,0
317,Slovakia,1994,0,0,0,0,0,0,0,0,0,0,0,0,0,0
317,Slovakia,1995,0,0,0,0,0,0,0,0,0,0,0,0,0,0
317,Slovakia,1996,0,0,0,0,0,0,0,0,0,0,0,0,0,0
317,Slovakia,1997,0,0,0,0,0,0,0,0,0,0,0,0,0,0
317,Slovakia,1998,0,0,0,0,0,0,0,0,0,0,0,0,0,0
317,Slovakia,1999,0,0,0,0,0,0,0,0,0,0,0,0,0,0
317,Slovakia,2000,0,0,0,0,0,0,0,0,0,0,0,0,0,0
317,Slovakia,2001,0,0,0,0,0,0,0,0,0,0,0,0,0,0
317,Slovakia,2002,0,0,0,0,0,0,0,0,0,0,0,0,0,0
317,Slovakia,2003,0,0,0,0,0,0,0,0,0,0,0,0,0,0
317,Slovakia,2004,0,0,0,0,0,0,0,0,0,0,0,0,0,0
317,Slovakia,2005,0,0,0,0,0,0,0,0,0,0,0,0,0,0
317,Slovakia,2006,0,0,0,0,0,0,0,0,0,0,0,0,0,0
317,Slovakia,2007,0,0,0,0,0,0,0,0,0,0,0,0,0,0
317,Slovakia,2008,0,0,0,0,0,0,0,0,0,0,0,0,0,0
317,Slovakia,2009,0,0,0,0,0,0,0,0,0,0,0,0,0,0
317,Slovakia,2010,0,0,0,0,0,0,0,0,0,0,0,0,0,0
317,Slovakia,2011,0,0,0,0,0,0,0,0,0,0,0,0,0,0
317,Slovakia,2012,0,0,0,0,0,0,0,0,0,0,0,0,0,0
317,Slovakia,2013,0,0,0,0,0,0,0,0,0,0,0,0,0,0
317,Slovakia,2014,0,0,0,0,0,0,0,0,0,0,0,0,0,0
317,Slovakia,2015,0,0,0,0,0,0,0,0,0,0,0,0,0,0
317,Slovakia,2016,0,0,0,0,0,0,0,0,0,0,0,0,0,0
317,Slovakia,2017,0,0,0,0,0,0,0,0,0,0,0,0,0,0
317,Slovakia,2018,0,0,0,0,0,0,0,0,0,0,0,0,0,0
317,Slovakia,2019,0,0,0,0,0,0,0,0,0,0,0,0,0,0
317,Slovakia,2020,0,0,0,0,0,0,0,0,0,0,0,0,0,0
317,Slovakia,2021,0,0,0,0,0,0,0,0,0,0,0,0,0,0
317,Slovakia,2022,0,0,0,0,0,0,0,0,0,0,0,0,0,0
317,Slovakia,2023,0,0,0,0,0,0,0,0,0,0,0,0,0,0
317,Slovakia,2024,0,0,0,0,0,0,0,0,0,0,0,0,0,0
349,Slovenia,1992,0,0,0,0,0,0,0,0,0,0,0,0,0,0
349,Slovenia,1993,0,0,0,0,0,0,0,0,0,0,0,0,0,0
349,Slovenia,1994,0,0,0,0,0,0,0,0,0,0,0,0,0,0
349,Slovenia,1995,0,0,0,0,0,0,0,0,0,0,0,0,0,0
349,Slovenia,1996,0,0,0,0,0,0,0,0,0,0,0,0,0,0
349,Slovenia,1997,0,0,0,0,0,0,0,0,0,0,0,0,0,0
349,Slovenia,1998,0,0,0,0,0,0,0,0,0,0,0,0,0,0
349,Slovenia,1999,0,0,0,0,0,0,0,0,0,0,0,0,0,0
349,Slovenia,2000,0,0,0,0,0,0,0,0,0,0,0,0,0,0
349,Slovenia,2001,0,0,0,0,0,0,0,0,0,0,0,0,0,0
349,Slovenia,2002,0,0,0,0,0,0,0,0,0,0,0,0,0,0
349,Slovenia,2003,0,0,0,0,0,0,0,0,0,0,0,0,0,0
349,Slovenia,2004,0,0,0,0,0,0,0,0,0,0,0,0,0,0
349,Slovenia,2005,0,0,0,0,0,0,0,0,0,0,0,0,0,0
349,Slovenia,2006,0,0,0,0,0,0,0,0,0,0,0,0,0,0
349,Slovenia,2007,0,0,0,0,0,0,0,0,0,0,0,0,0,0
349,Slovenia,2008,0,0,0,0,0,0,0,0,0,0,0,0,0,0
349,Slovenia,2009,0,0,0,0,0,0,0,0,0,0,0,0,0,0
349,Slovenia,2010,0,0,0,0,0,0,0,0,0,0,0,0,0,0
349,Slovenia,2011,0,0,0,0,0,0,0,0,0,0,0,0,0,0
349,Slovenia,2012,0,0,0,0,0,0,0,0,0,0,0,0,0,0
349,Slovenia,2013,0,0,0,0,0,0,0,0,0,0,0,0,0,0
349,Slovenia,2014,0,0,0,0,0,0,0,0,0,0,0,0,0,0
349,Slovenia,2015,0,0,0,0,0,0,0,0,0,0,0,0,0,0
349,Slovenia,2016,0,0,0,0,0,0,0,0,0,0,0,0,0,0
349,Slovenia,2017,0,0,0,0,0,0,0,0,0,0,0,0,0,0
349,Slovenia,2018,0,0,0,0,0,0,0,0,0,0,0,0,0,0
349,Slovenia,2019,0,0,0,0,0,0,0,0,0,0,0,0,0,0
349,Slovenia,2020,0,0,0,0,0,0,0,0,0,0,0,0,0,0
349,Slovenia,2021,0,0,0,0,0,0,0,0,0,0,0,0,0,0
349,Slovenia,2022,0,0,0,0,0,0,0,0,0,0,0,0,0,0
349,Slovenia,2023,0,0,0,0,0,0,0,0,0,0,0,0,0,0
349,Slovenia,2024,0,0,0,0,0,0,0,0,0,0,0,0,0,0
940,Solomon Islands,1990,0,0,0,0,0,0,0,0,0,0,0,0,0,0
940,Solomon Islands,1991,0,0,0,0,0,0,0,0,0,0,0,0,0,0
940,Solomon Islands,1992,1,1,2,1,2,0,0,0,0,0,0,0,0,2
940,Solomon Islands,1993,0,0,0,0,0,0,0,0,0,0,0,0,0,0
940,Solomon Islands,1994,0,0,0,0,0,0,0,0,0,0,0,0,0,0
940,Solomon Islands,1995,0,0,0,0,0,0,0,0,0,0,0,0,0,0
940,Solomon Islands,1996,0,0,0,0,0,0,0,0,0,0,0,0,0,0
940,Solomon Islands,1997,0,0,0,0,0,0,0,0,0,0,0,0,0,0
940,Solomon Islands,1998,0,0,0,0,0,0,0,0,0,0,0,0,0,0
940,Solomon Islands,1999,0,0,0,0,0,0,0,0,0,0,0,0,0,0
940,Solomon Islands,2000,0,0,0,0,0,0,0,0,0,0,0,0,0,0
940,Solomon Islands,2001,0,0,0,0,0,0,0,0,0,0,0,0,0,0
940,Solomon Islands,2002,0,0,0,0,0,0,0,0,0,0,0,0,0,0
940,Solomon Islands,2003,0,0,0,0,0,0,0,0,0,0,0,0,0,0
940,Solomon Islands,2004,0,0,0,0,0,0,0,0,0,0,0,0,0,0
940,Solomon Islands,2005,0,0,0,0,0,0,0,0,0,0,0,0,0,0
940,Solomon Islands,2006,0,0,0,0,0,0,0,0,0,0,0,0,0,0
940,Solomon Islands,2007,0,0,0,0,0,0,0,0,0,0,0,0,0,0
940,Solomon Islands,2008,0,0,0,0,0,0,0,0,0,0,0,0,0,0
940,Solomon Islands,2009,0,0,0,0,0,0,0,0,0,0,0,0,0,0
940,Solomon Islands,2010,0,0,0,0,0,0,0,0,0,0,0,0,0,0
940,Solomon Islands,2011,0,0,0,0,0,0,0,0,0,0,0,0,0,0
940,Solomon Islands,2012,0,0,0,0,0,0,0,0,0,0,0,0,0,0
940,Solomon Islands,2013,0,0,0,0,0,0,0,0,0,0,0,0,0,0
940,Solomon Islands,2014,0,0,0,0,0,0,0,0,0,0,0,0,0,0
940,Solomon Islands,2015,0,0,0,0,0,0,0,0,0,0,0,0,0,0
940,Solomon Islands,2016,0,0,0,0,0,0,0,0,0,0,0,0,0,0
940,Solomon Islands,2017,0,0,0,0,0,0,0,0,0,0,0,0,0,0
940,Solomon Islands,2018,0,0,0,0,0,0,0,0,0,0,0,0,0,0
940,Solomon Islands,2019,0,0,0,0,0,0,0,0,0,0,0,0,0,0
940,Solomon Islands,2020,0,0,0,0,0,0,0,0,0,0,0,0,0,0
940,Solomon Islands,2021,0,0,0,0,0,0,0,0,0,0,0,0,0,0
940,Solomon Islands,2022,0,0,0,0,0,0,0,0,0,0,0,0,0,0
940,Solomon Islands,2023,0,0,0,0,0,0,0,0,0,0,0,0,0,0
940,Solomon Islands,2024,0,0,0,0,0,0,0,0,0,0,0,0,0,0
520,Somalia,1990,1,3,2650,1,2650,0,0,1,1,50,1,0,0,2700
520,Somalia,1991,1,4,8005,1,8005,0,0,0,0,0,1,450,450,8455
520,Somalia,1992,1,1,1154,1,1154,0,0,1,4,3485,1,90,0,4729
520,Somalia,1993,1,1,25,1,25,0,0,1,5,458,0,0,0,483
520,Somalia,1994,1,1,237,1,237,0,0,1,4,389,0,0,0,626
520,Somalia,1995,1,1,104,1,104,0,0,1,5,339,1,1,1,444
520,Somalia,1996,1,2,440,1,440,0,0,1,4,509,0,0,0,949
520,Somalia,1997,0,0,0,0,0,0,0,1,4,277,0,0,0,277
520,Somalia,1998,0,0,0,0,0,0,0,1,4,330,0,0,0,330
520,Somalia,1999,1,2,0,1,0,0,0,1,8,505,1,37,0,542
520,Somalia,2000,0,0,0,0,0,0,0,1,6,183,1,2,0,185
520,Somalia,2001,1,1,228,1,228,0,0,1,10,250,1,5,5,483
520,Somalia,2002,1,1,114,1,114,0,0,1,9,524,0,0,0,638
520,Somalia,2003,0,0,0,0,0,0,0,1,7,401,1,4,0,405
520,Somalia,2004,1,1,0,1,0,0,0,1,11,670,0,0,0,670
520,Somalia,2005,0,0,0,0,0,0,0,1,6,340,0,0,0,340
520,Somalia,2006,1,1,547,1,547,0,0,1,3,656,1,1,1,1204
520,Somalia,2007,1,2,1575,1,1575,0,0,1,2,20,1,25,25,1620
520,Somalia,2008,1,3,1521,1,1521,0,0,1,4,145,1,85,42,1751
520,Somalia,2009,1,4,1490,1,1490,0,0,1,4,681,1,33,13,2204
520,Somalia,2010,1,3,2150,1,2150,0,0,1,8,554,1,18,3,2722
520,Somalia,2011,1,2,1937,1,1937,0,0,1,3,109,1,72,36,2118
520,Somalia,2012,1,2,2624,1,2624,0,0,1,4,257,1,108,29,2989
520,Somalia,2013,1,2,913,1,913,0,0,0,0,0,1,132,8,1045
520,Somalia,2014,1,1,1111,1,1111,0,0,1,1,9,1,127,13,1247
520,Somalia,2015,1,2,1201,1,1201,0,0,1,1,2,1,51,13,1254
520,Somalia,2016,1,3,1943,1,1943,0,0,1,1,41,1,89,8,2073
520,Somalia,2017,1,1,1918,1,1918,0,0,1,2,49,1,104,6,2071
520,Somalia,2018,1,3,2213,1,2213,0,0,1,5,160,1,134,22,2507
520,Somalia,2019,1,3,1946,1,1946,0,0,1,7,172,1,101,8,2219
520,Somalia,2020,1,3,1945,1,1945,0,0,1,3,82,1,93,9,2120
520,Somalia,2021,1,3,2174,1,2174,0,0,1,1,3,1,92,13,2269
520,Somalia,2022,1,2,3040,1,3040,0,0,1,2,4,1,71,3,3115
520,Somalia,2023,1,2,3862,1,3862,0,0,1,3,312,1,42,4,4216
520,Somalia,2024,1,4,2291,1,2291,0,0,1,6,135,1,88,4,2514
560,South Africa,1990,0,0,0,0,0,0,0,1,3,1243,1,216,194,1459
560,South Africa,1991,0,0,0,0,0,0,0,1,4,659,1,78,49,737
560,South Africa,1992,0,0,0,0,0,0,0,1,3,665,1,96,57,761
560,South Africa,1993,0,0,0,0,0,0,0,1,4,669,1,226,67,895
560,South Africa,1994,0,0,0,0,0,0,0,1,2,457,1,75,14,532
560,South Africa,1995,0,0,0,0,0,0,0,1,1,143,0,0,0,143
560,South Africa,1996,0,0,0,0,0,0,0,1,3,156,0,0,0,156
560,South Africa,1997,0,0,0,0,0,0,0,1,3,30,0,0,0,30
560,South Africa,1998,0,0,0,0,0,0,0,1,2,44,0,0,0,44
560,South Africa,1999,0,0,0,0,0,0,0,1,2,19,0,0,0,19
560,South Africa,2000,0,0,0,0,0,0,0,1,1,0,0,0,0,0
560,South Africa,2001,0,0,0,0,0,0,0,0,0,0,0,0,0,0
560,South Africa,2002,0,0,0,0,0,0,0,0,0,0,1,2,2,2
560,South Africa,2003,0,0,0,0,0,0,0,0,0,0,0,0,0,0
560,South Africa,2004,0,0,0,0,0,0,0,1,1,0,0,0,0,0
560,South Africa,2005,0,0,0,0,0,0,0,0,0,0,0,0,0,0
560,South Africa,2006,0,0,0,0,0,0,0,0,0,0,0,0,0,0
560,South Africa,2007,0,0,0,0,0,0,0,0,0,0,0,0,0,0
560,South Africa,2008,0,0,0,0,0,0,0,0,0,0,0,0,0,0
560,South Africa,2009,0,0,0,0,0,0,0,0,0,0,0,0,0,0
560,South Africa,2010,0,0,0,0,0,0,0,0,0,0,1,1,1,1
560,South Africa,2011,0,0,0,0,0,0,0,0,0,0,0,0,0,0
560,South Africa,2012,0,0,0,0,0,0,0,0,0,0,0,0,0,0
560,South Africa,2013,0,0,0,0,0,0,0,0,0,0,0,0,0,0
560,South Africa,2014,0,0,0,0,0,0,0,0,0,0,0,0,0,0
560,South Africa,2015,0,0,0,0,0,0,0,0,0,0,1,0,0,0
560,South Africa,2016,0,0,0,0,0,0,0,1,1,3,1,0,0,3
560,South Africa,2017,0,0,0,0,0,0,0,0,0,0,0,0,0,0
560,South Africa,2018,0,0,0,0,0,0,0,1,1,11,1,1,0,12
560,South Africa,2019,0,0,0,0,0,0,0,1,1,7,1,1,1,8
560,South Africa,2020,0,0,0,0,0,0,0,1,1,24,1,5,5,29
560,South Africa,2021,0,0,0,0,0,0,0,1,2,123,0,0,0,123
560,South Africa,2022,0,0,0,0,0,0,0,1,1,4,0,0,0,4
560,South Africa,2023,0,0,0,0,0,0,0,1,1,3,1,2,2,5
560,South Africa,2024,0,0,0,0,0,0,0,0,0,0,1,2,2,2
732,South Korea,1990,0,0,0,0,0,0,0,0,0,0,0,0,0,0
732,South Korea,1991,0,0,0,0,0,0,0,0,0,0,0,0,0,0
732,South Korea,1992,0,0,0,0,0,0,0,0,0,0,0,0,0,0
732,South Korea,1993,0,0,0,0,0,0,0,0,0,0,0,0,0,0
732,South Korea,1994,0,0,0,0,0,0,0,0,0,0,0,0,0,0
732,South Korea,1995,0,0,0,0,0,0,0,0,0,0,0,0,0,0
732,South Korea,1996,0,0,0,0,0,0,0,0,0,0,0,0,0,0
732,South Korea,1997,0,0,0,0,0,0,0,0,0,0,0,0,0,0
732,South Korea,1998,0,0,0,0,0,0,0,0,0,0,0,0,0,0
732,South Korea,1999,0,0,0,0,0,0,0,0,0,0,0,0,0,0
732,South Korea,2000,0,0,0,0,0,0,0,0,0,0,0,0,0,0
732,South Korea,2001,0,0,0,0,0,0,0,0,0,0,0,0,0,0
732,South Korea,2002,0,0,0,0,0,0,0,0,0,0,0,0,0,0
732,South Korea,2003,0,0,0,0,0,0,0,0,0,0,0,0,0,0
732,South Korea,2004,0,0,0,0,0,0,0,0,0,0,0,0,0,0
732,South Korea,2005,0,0,0,0,0,0,0,0,0,0,0,0,0,0
732,South Korea,2006,0,0,0,0,0,0,0,0,0,0,0,0,0,0
732,South Korea,2007,0,0,0,0,0,0,0,0,0,0,0,0,0,0
732,South Korea,2008,0,0,0,0,0,0,0,0,0,0,0,0,0,0
732,South Korea,2009,0,0,0,0,0,0,0,0,0,0,0,0,0,0
732,South Korea,2010,0,0,0,0,0,0,0,0,0,0,0,0,0,0
732,South Korea,2011,0,0,0,0,0,0,0,0,0,0,0,0,0,0
732,South Korea,2012,0,0,0,0,0,0,0,0,0,0,0,0,0,0
732,South Korea,2013,0,0,0,0,0,0,0,0,0,0,0,0,0,0
732,South Korea,2014,0,0,0,0,0,0,0,0,0,0,0,0,0,0
732,South Korea,2015,0,0,0,0,0,0,0,0,0,0,0,0,0,0
732,South Korea,2016,0,0,0,0,0,0,0,0,0,0,0,0,0,0
732,South Korea,2017,0,0,0,0,0,0,0,0,0,0,0,0,0,0
732,South Korea,2018,0,0,0,0,0,0,0,0,0,0,0,0,0,0
732,South Korea,2019,0,0,0,0,0,0,0,0,0,0,0,0,0,0
732,South Korea,2020,0,0,0,0,0,0,0,0,0,0,0,0,0,0
732,South Korea,2021,0,0,0,0,0,0,0,0,0,0,0,0,0,0
732,South Korea,2022,0,0,0,0,0,0,0,0,0,0,0,0,0,0
732,South Korea,2023,0,0,0,0,0,0,0,0,0,0,0,0,0,0
732,South Korea,2024,0,0,0,0,0,0,0,0,0,0,0,0,0,0
626,South Sudan,2011,1,3,220,1,220,0,0,1,4,974,0,0,0,1194
626,South Sudan,2012,1,2,266,1,137,1,129,1,6,528,1,70,68,864
626,South Sudan,2013,1,3,927,1,926,1,1,1,4,215,1,685,580,1827
626,South Sudan,2014,1,3,1674,1,1674,1,0,1,3,30,1,787,205,2491
626,South Sudan,2015,1,3,493,1,493,0,0,1,6,291,1,353,349,1137
626,South Sudan,2016,1,1,735,1,735,0,0,1,5,333,1,235,194,1303
626,South Sudan,2017,1,1,484,1,484,0,0,1,10,533,1,254,230,1271
626,South Sudan,2018,1,2,543,1,543,0,0,1,12,492,1,194,166,1229
626,South Sudan,2019,1,2,115,1,115,0,0,1,11,409,1,118,84,642
626,South Sudan,2020,1,2,64,1,64,0,0,1,13,656,1,28,28,748
626,South Sudan,2021,1,2,188,1,188,0,0,1,11,657,1,46,46,891
626,South Sudan,2022,1,1,23,1,23,0,0,1,10,612,1,93,93,728
626,South Sudan,2023,1,1,2,1,2,0,0,1,4,184,1,38,38,224
626,South Sudan,2024,1,2,25,1,25,0,0,1,9,633,1,39,39,697
230,Spain,1990,1,1,19,1,19,0,0,0,0,0,0,0,0,19
230,Spain,1991,1,1,45,1,45,0,0,0,0,0,0,0,0,45
230,Spain,1992,1,1,23,1,23,0,0,0,0,0,0,0,0,23
230,Spain,1993,1,1,12,1,12,0,0,0,0,0,0,0,0,12
230,Spain,1994,1,1,11,1,11,0,0,0,0,0,0,0,0,11
230,Spain,1995,1,1,13,1,13,0,0,0,0,0,0,0,0,13
230,Spain,1996,1,1,4,1,4,0,0,0,0,0,0,0,0,4
230,Spain,1997,1,1,12,1,12,0,0,0,0,0,0,0,0,12
230,Spain,1998,1,1,7,1,7,0,0,0,0,0,0,0,0,7
230,Spain,1999,0,0,0,0,0,0,0,0,0,0,0,0,0,0
230,Spain,2000,1,1,20,1,20,0,0,0,0,0,0,0,0,20
230,Spain,2001,1,1,13,1,13,0,0,0,0,0,0,0,0,13
230,Spain,2002,1,1,5,1,5,0,0,0,0,0,0,0,0,5
230,Spain,2003,1,1,3,1,3,0,0,0,0,0,0,0,0,3
230,Spain,2004,0,0,0,0,0,0,0,0,0,0,1,191,0,191
230,Spain,2005,0,0,0,0,0,0,0,0,0,0,0,0,0,0
230,Spain,2006,0,0,0,0,0,0,0,0,0,0,0,0,0,0
230,Spain,2007,0,0,0,0,0,0,0,0,0,0,0,0,0,0
230,Spain,2008,1,1,2,1,2,0,0,0,0,0,0,0,0,2
230,Spain,2009,1,1,3,1,3,0,0,0,0,0,0,0,0,3
230,Spain,2010,0,0,0,0,0,0,0,0,0,0,0,0,0,0
230,Spain,2011,0,0,0,0,0,0,0,0,0,0,0,0,0,0
230,Spain,2012,0,0,0,0,0,0,0,0,0,0,0,0,0,0
230,Spain,2013,0,0,0,0,0,0,0,0,0,0,0,0,0,0
230,Spain,2014,0,0,0,0,0,0,0,0,0,0,0,0,0,0
230,Spain,2015,0,0,0,0,0,0,0,0,0,0,0,0,0,0
230,Spain,2016,0,0,0,0,0,0,0,0,0,0,0,0,0,0
230,Spain,2017,0,0,0,0,0,0,0,0,0,0,1,16,0,16
230,Spain,2018,0,0,0,0,0,0,0,0,0,0,0,0,0,0
230,Spain,2019,0,0,0,0,0,0,0,0,0,0,0,0,0,0
230,Spain,2020,0,0,0,0,0,0,0,0,0,0,0,0,0,0
230,Spain,2021,0,0,0,0,0,0,0,0,0,0,0,0,0,0
230,Spain,2022,0,0,0,0,0,0,0,0,0,0,0,0,0,0
230,Spain,2023,0,0,0,0,0,0,0,1,1,2,0,0,0,2
230,Spain,2024,0,0,0,0,0,0,0,0,0,0,0,0,0,0
780,Sri Lanka,1990,1,3,3630,1,3630,0,0,1,2,56,1,1154,464,4840
780,Sri Lanka,1991,1,1,6432,1,6432,0,0,0,0,0,1,214,67,6646
780,Sri Lanka,1992,1,1,4091,1,4091,0,0,0,0,0,1,353,35,4444
780,Sri Lanka,1993,1,1,2075,1,2075,0,0,0,0,0,1,9,0,2084
780,Sri Lanka,1994,1,1,657,1,657,0,0,1,1,29,1,26,1,712
780,Sri Lanka,1995,1,1,4755,1,4755,0,0,0,0,0,1,216,19,4971
780,Sri Lanka,1996,1,1,3868,1,3868,0,0,0,0,0,1,229,32,4097
780,Sri Lanka,1997,1,1,2880,1,2880,0,0,0,0,0,1,22,0,2902
780,Sri Lanka,1998,1,1,3762,1,3762,0,0,0,0,0,1,68,8,3830
780,Sri Lanka,1999,1,1,1882,1,1882,0,0,1,1,4,1,62,0,1948
780,Sri Lanka,2000,1,1,2525,1,2525,0,0,0,0,0,1,44,9,2569
780,Sri Lanka,2001,1,1,1144,1,1144,0,0,0,0,0,1,18,10,1162
780,Sri Lanka,2002,1,1,6,1,6,0,0,1,1,9,1,2,0,17
780,Sri Lanka,2003,1,1,29,1,29,0,0,1,1,3,1,1,0,33
780,Sri Lanka,2004,1,1,17,1,17,0,0,1,1,60,1,7,3,84
780,Sri Lanka,2005,1,1,88,1,88,0,0,1,2,32,1,10,0,130
780,Sri Lanka,2006,1,1,1970,1,1970,0,0,1,1,97,1,106,28,2173
780,Sri Lanka,2007,1,1,2494,1,2494,0,0,1,1,11,1,59,13,2564
780,Sri Lanka,2008,1,1,8262,1,8262,0,0,1,1,6,1,185,0,8453
780,Sri Lanka,2009,1,1,10165,1,10165,0,0,1,1,5,1,248,0,10418
780,Sri Lanka,2010,0,0,0,0,0,0,0,0,0,0,0,0,0,0
780,Sri Lanka,2011,0,0,0,0,0,0,0,0,0,0,1,2,2,2
780,Sri Lanka,2012,0,0,0,0,0,0,0,0,0,0,0,0,0,0
780,Sri Lanka,2013,0,0,0,0,0,0,0,0,0,0,1,5,5,5
780,Sri Lanka,2014,0,0,0,0,0,0,0,0,0,0,0,0,0,0
780,Sri Lanka,2015,0,0,0,0,0,0,0,0,0,0,0,0,0,0
780,Sri Lanka,2016,0,0,0,0,0,0,0,0,0,0,0,0,0,0
780,Sri Lanka,2017,0,0,0,0,0,0,0,0,0,0,1,1,1,1
780,Sri Lanka,2018,0,0,0,0,0,0,0,0,0,0,0,0,0,0
780,Sri Lanka,2019,0,0,0,0,0,0,0,0,0,0,1,255,0,255
780,Sri Lanka,2020,0,0,0,0,0,0,0,0,0,0,0,0,0,0
780,Sri Lanka,2021,0,0,0,0,0,0,0,0,0,0,0,0,0,0
780,Sri Lanka,2022,0,0,0,0,0,0,0,0,0,0,0,0,0,0
780,Sri Lanka,2023,0,0,0,0,0,0,0,0,0,0,0,0,0,0
780,Sri Lanka,2024,0,0,0,0,0,0,0,0,0,0,0,0,0,0
625,Sudan,1990,1,2,5030,1,5030,0,0,1,1,35,1,270,270,5335
625,Sudan,1991,1,1,1313,1,1313,0,0,1,1,1002,1,2251,250,4566
625,Sudan,1992,1,1,1083,1,1083,0,0,1,3,1241,1,1990,1558,4314
625,Sudan,1993,1,1,942,1,942,0,0,1,5,4010,1,1090,598,6042
625,Sudan,1994,1,1,337,1,337,0,0,1,2,167,1,473,471,977
625,Sudan,1995,1,2,1036,1,1036,0,0,1,2,100,1,358,208,1494
625,Sudan,1996,1,2,2289,1,2289,0,0,1,4,385,1,61,34,2735
625,Sudan,1997,1,3,3859,1,3859,0,0,1,5,645,1,368,200,4872
625,Sudan,1998,1,2,4891,1,4891,0,0,1,3,407,1,660,597,5958
625,Sudan,1999,1,2,1408,1,1408,0,0,1,3,544,1,115,100,2067
625,Sudan,2000,1,2,2841,1,2841,0,0,1,2,401,1,295,281,3537
625,Sudan,2001,1,3,3457,1,3457,0,0,1,1,70,1,192,50,3719
625,Sudan,2002,1,3,2312,1,2312,0,0,1,3,173,1,722,35,3207
625,Sudan,2003,1,4,2008,1,2008,0,0,1,1,186,1,2816,1694,5010
625,Sudan,2004,1,4,3671,1,3671,0,0,1,3,212,1,5829,4963,9712
625,Sudan,2005,1,2,246,1,246,0,0,1,5,500,1,759,379,1505
625,Sudan,2006,1,4,1030,1,1030,0,0,1,4,417,1,740,239,2187
625,Sudan,2007,1,5,242,1,242,0,0,1,7,754,1,184,98,1180
625,Sudan,2008,1,4,620,1,620,0,0,1,4,289,1,332,187,1241
625,Sudan,2009,1,3,373,1,373,0,0,1,11,2127,1,189,0,2689
625,Sudan,2010,1,6,1056,1,1056,0,0,1,6,652,1,82,14,1790
625,Sudan,2011,1,9,1404,1,1404,0,0,1,6,983,1,180,155,2567
625,Sudan,2012,1,2,1411,1,1173,1,238,1,2,64,1,50,50,1525
625,Sudan,2013,1,3,597,1,597,1,0,1,8,1335,1,27,27,1959
625,Sudan,2014,1,3,849,1,849,0,0,1,7,969,1,94,94,1912
625,Sudan,2015,1,3,1264,1,1264,0,0,1,12,923,1,371,371,2558
625,Sudan,2016,1,3,1316,1,1316,0,0,1,14,232,1,449,448,1997
625,Sudan,2017,1,4,166,1,166,0,0,1,11,316,1,66,65,548
625,Sudan,2018,1,3,254,1,254,0,0,1,7,103,1,75,75,432
625,Sudan,2019,1,1,23,1,23,0,0,1,5,193,1,219,218,435
625,Sudan,2020,1,2,48,1,48,0,0,1,9,518,1,61,59,627
625,Sudan,2021,1,1,31,1,31,0,0,1,11,726,1,105,98,862
625,Sudan,2022,1,2,54,1,54,0,0,1,14,1279,1,74,74,1407
625,Sudan,2023,1,2,5353,1,5353,0,0,1,9,692,1,1792,8,7837
625,Sudan,2024,1,1,4680,1,4680,0,0,1,5,107,1,2316,465,7103
115,Suriname,1990,0,0,0,0,0,0,0,0,0,0,0,0,0,0
115,Suriname,1991,0,0,0,0,0,0,0,0,0,0,0,0,0,0
115,Suriname,1992,0,0,0,0,0,0,0,0,0,0,0,0,0,0
115,Suriname,1993,0,0,0,0,0,0,0,0,0,0,0,0,0,0
115,Suriname,1994,0,0,0,0,0,0,0,0,0,0,0,0,0,0
115,Suriname,1995,0,0,0,0,0,0,0,0,0,0,0,0,0,0
115,Suriname,1996,0,0,0,0,0,0,0,0,0,0,0,0,0,0
115,Suriname,1997,0,0,0,0,0,0,0,0,0,0,0,0,0,0
115,Suriname,1998,0,0,0,0,0,0,0,0,0,0,0,0,0,0
115,Suriname,1999,0,0,0,0,0,0,0,0,0,0,0,0,0,0
115,Suriname,2000,0,0,0,0,0,0,0,0,0,0,0,0,0,0
115,Suriname,2001,0,0,0,0,0,0,0,0,0,0,0,0,0,0
115,Suriname,2002,0,0,0,0,0,0,0,0,0,0,0,0,0,0
115,Suriname,2003,0,0,0,0,0,0,0,0,0,0,0,0,0,0
115,Suriname,2004,0,0,0,0,0,0,0,0,0,0,0,0,0,0
115,Suriname,2005,0,0,0,0,0,0,0,0,0,0,0,0,0,0
115,Suriname,2006,0,0,0,0,0,0,0,0,0,0,0,0,0,0
115,Suriname,2007,0,0,0,0,0,0,0,0,0,0,0,0,0,0
115,Suriname,2008,0,0,0,0,0,0,0,0,0,0,0,0,0,0
115,Suriname,2009,0,0,0,0,0,0,0,0,0,0,0,0,0,0
115,Suriname,2010,0,0,0,0,0,0,0,0,0,0,0,0,0,0
115,Suriname,2011,0,0,0,0,0,0,0,0,0,0,0,0,0,0
115,Suriname,2012,0,0,0,0,0,0,0,0,0,0,0,0,0,0
115,Suriname,2013,0,0,0,0,0,0,0,0,0,0,0,0,0,0
115,Suriname,2014,0,0,0,0,0,0,0,0,0,0,0,0,0,0
115,Suriname,2015,0,0,0,0,0,0,0,0,0,0,0,0,0,0
115,Suriname,2016,0,0,0,0,0,0,0,0,0,0,0,0,0,0
115,Suriname,2017,0,0,0,0,0,0,0,0,0,0,0,0,0,0
115,Suriname,2018,0,0,0,0,0,0,0,0,0,0,0,0,0,0
115,Suriname,2019,0,0,0,0,0,0,0,0,0,0,0,0,0,0
115,Suriname,2020,0,0,0,0,0,0,0,0,0,0,0,0,0,0
115,Suriname,2021,0,0,0,0,0,0,0,0,0,0,0,0,0,0
115,Suriname,2022,0,0,0,0,0,0,0,0,0,0,0,0,0,0
115,Suriname,2023,0,0,0,0,0,0,0,0,0,0,0,0,0,0
115,Suriname,2024,0,0,0,0,0,0,0,0,0,0,0,0,0,0
380,Sweden,1990,0,0,0,0,0,0,0,0,0,0,0,0,0,0
380,Sweden,1991,0,0,0,0,0,0,0,0,0,0,0,0,0,0
380,Sweden,1992,0,0,0,0,0,0,0,0,0,0,0,0,0,0
380,Sweden,1993,0,0,0,0,0,0,0,0,0,0,0,0,0,0
380,Sweden,1994,0,0,0,0,0,0,0,0,0,0,0,0,0,0
380,Sweden,1995,0,0,0,0,0,0,0,0,0,0,0,0,0,0
380,Sweden,1996,0,0,0,0,0,0,0,0,0,0,0,0,0,0
380,Sweden,1997,0,0,0,0,0,0,0,0,0,0,0,0,0,0
380,Sweden,1998,0,0,0,0,0,0,0,0,0,0,0,0,0,0
380,Sweden,1999,0,0,0,0,0,0,0,0,0,0,0,0,0,0
380,Sweden,2000,0,0,0,0,0,0,0,0,0,0,0,0,0,0
380,Sweden,2001,0,0,0,0,0,0,0,0,0,0,0,0,0,0
380,Sweden,2002,0,0,0,0,0,0,0,0,0,0,0,0,0,0
380,Sweden,2003,0,0,0,0,0,0,0,0,0,0,0,0,0,0
380,Sweden,2004,0,0,0,0,0,0,0,0,0,0,0,0,0,0
380,Sweden,2005,0,0,0,0,0,0,0,0,0,0,0,0,0,0
380,Sweden,2006,0,0,0,0,0,0,0,0,0,0,0,0,0,0
380,Sweden,2007,0,0,0,0,0,0,0,0,0,0,0,0,0,0
380,Sweden,2008,0,0,0,0,0,0,0,0,0,0,0,0,0,0
380,Sweden,2009,0,0,0,0,0,0,0,0,0,0,0,0,0,0
380,Sweden,2010,0,0,0,0,0,0,0,0,0,0,0,0,0,0
380,Sweden,2011,0,0,0,0,0,0,0,0,0,0,0,0,0,0
380,Sweden,2012,0,0,0,0,0,0,0,0,0,0,0,0,0,0
380,Sweden,2013,0,0,0,0,0,0,0,0,0,0,0,0,0,0
380,Sweden,2014,0,0,0,0,0,0,0,0,0,0,0,0,0,0
380,Sweden,2015,0,0,0,0,0,0,0,0,0,0,0,0,0,0
380,Sweden,2016,0,0,0,0,0,0,0,0,0,0,0,0,0,0
380,Sweden,2017,0,0,0,0,0,0,0,0,0,0,1,5,0,5
380,Sweden,2018,0,0,0,0,0,0,0,0,0,0,0,0,0,0
380,Sweden,2019,0,0,0,0,0,0,0,0,0,0,0,0,0,0
380,Sweden,2020,0,0,0,0,0,0,0,0,0,0,0,0,0,0
380,Sweden,2021,0,0,0,0,0,0,0,0,0,0,0,0,0,0
380,Sweden,2022,0,0,0,0,0,0,0,0,0,0,0,0,0,0
380,Sweden,2023,0,0,0,0,0,0,0,0,0,0,0,0,0,0
380,Sweden,2024,0,0,0,0,0,0,0,0,0,0,0,0,0,0
225,Switzerland,1990,0,0,0,0,0,0,0,0,0,0,0,0,0,0
225,Switzerland,1991,0,0,0,0,0,0,0,0,0,0,0,0,0,0
225,Switzerland,1992,0,0,0,0,0,0,0,0,0,0,0,0,0,0
225,Switzerland,1993,0,0,0,0,0,0,0,0,0,0,0,0,0,0
225,Switzerland,1994,0,0,0,0,0,0,0,0,0,0,0,0,0,0
225,Switzerland,1995,0,0,0,0,0,0,0,0,0,0,0,0,0,0
225,Switzerland,1996,0,0,0,0,0,0,0,0,0,0,0,0,0,0
225,Switzerland,1997,0,0,0,0,0,0,0,0,0,0,0,0,0,0
225,Switzerland,1998,0,0,0,0,0,0,0,0,0,0,0,0,0,0
225,Switzerland,1999,0,0,0,0,0,0,0,0,0,0,0,0,0,0
225,Switzerland,2000,0,0,0,0,0,0,0,0,0,0,0,0,0,0
225,Switzerland,2001,0,0,0,0,0,0,0,0,0,0,0,0,0,0
225,Switzerland,2002,0,0,0,0,0,0,0,0,0,0,0,0,0,0
225,Switzerland,2003,0,0,0,0,0,0,0,0,0,0,0,0,0,0
225,Switzerland,2004,0,0,0,0,0,0,0,0,0,0,0,0,0,0
225,Switzerland,2005,0,0,0,0,0,0,0,0,0,0,0,0,0,0
225,Switzerland,2006,0,0,0,0,0,0,0,0,0,0,0,0,0,0
225,Switzerland,2007,0,0,0,0,0,0,0,0,0,0,0,0,0,0
225,Switzerland,2008,0,0,0,0,0,0,0,0,0,0,0,0,0,0
225,Switzerland,2009,0,0,0,0,0,0,0,0,0,0,0,0,0,0
225,Switzerland,2010,0,0,0,0,0,0,0,0,0,0,0,0,0,0
225,Switzerland,2011,0,0,0,0,0,0,0,0,0,0,0,0,0,0
225,Switzerland,2012,0,0,0,0,0,0,0,0,0,0,0,0,0,0
225,Switzerland,2013,0,0,0,0,0,0,0,0,0,0,0,0,0,0
225,Switzerland,2014,0,0,0,0,0,0,0,0,0,0,0,0,0,0
225,Switzerland,2015,0,0,0,0,0,0,0,0,0,0,0,0,0,0
225,Switzerland,2016,0,0,0,0,0,0,0,0,0,0,0,0,0,0
225,Switzerland,2017,0,0,0,0,0,0,0,0,0,0,0,0,0,0
225,Switzerland,2018,0,0,0,0,0,0,0,0,0,0,0,0,0,0
225,Switzerland,2019,0,0,0,0,0,0,0,0,0,0,0,0,0,0
225,Switzerland,2020,0,0,0,0,0,0,0,0,0,0,0,0,0,0
225,Switzerland,2021,0,0,0,0,0,0,0,0,0,0,0,0,0,0
225,Switzerland,2022,0,0,0,0,0,0,0,0,0,0,0,0,0,0
225,Switzerland,2023,0,0,0,0,0,0,0,0,0,0,0,0,0,0
225,Switzerland,2024,0,0,0,0,0,0,0,0,0,0,0,0,0,0
652,Syria,1990,0,0,0,0,0,0,0,0,0,0,0,0,0,0
652,Syria,1991,0,0,0,0,0,0,0,0,0,0,0,0,0,0
652,Syria,1992,0,0,0,0,0,0,0,0,0,0,0,0,0,0
652,Syria,1993,0,0,0,0,0,0,0,0,0,0,0,0,0,0
652,Syria,1994,0,0,0,0,0,0,0,0,0,0,0,0,0,0
652,Syria,1995,0,0,0,0,0,0,0,0,0,0,0,0,0,0
652,Syria,1996,0,0,0,0,0,0,0,0,0,0,0,0,0,0
652,Syria,1997,0,0,0,0,0,0,0,0,0,0,0,0,0,0
652,Syria,1998,0,0,0,0,0,0,0,0,0,0,0,0,0,0
652,Syria,1999,0,0,0,0,0,0,0,0,0,0,0,0,0,0
652,Syria,2000,0,0,0,0,0,0,0,0,0,0,0,0,0,0
652,Syria,2001,0,0,0,0,0,0,0,0,0,0,0,0,0,0
652,Syria,2002,0,0,0,0,0,0,0,0,0,0,0,0,0,0
652,Syria,2003,0,0,0,0,0,0,0,0,0,0,0,0,0,0
652,Syria,2004,1,1,1,1,1,0,0,0,0,0,1,7,7,8
652,Syria,2005,0,0,0,0,0,0,0,0,0,0,0,0,0,0
652,Syria,2006,0,0,0,0,0,0,0,0,0,0,0,0,0,0
652,Syria,2007,0,0,0,0,0,0,0,0,0,0,0,0,0,0
652,Syria,2008,1,1,1,1,1,0,0,0,0,0,0,0,0,1
652,Syria,2009,0,0,0,0,0,0,0,0,0,0,0,0,0,0
652,Syria,2010,0,0,0,0,0,0,0,0,0,0,0,0,0,0
652,Syria,2011,1,2,1206,1,1206,0,0,1,1,30,1,3111,3110,4347
652,Syria,2012,1,2,50485,1,50485,0,0,1,2,110,1,3104,2953,53699
652,Syria,2013,1,4,72013,1,72013,0,0,1,17,1227,1,3260,2722,76500
652,Syria,2014,1,6,66071,1,66071,0,0,1,35,10413,1,2205,464,78689
652,Syria,2015,1,9,51098,1,51098,0,0,1,23,6509,1,2002,264,59609
652,Syria,2016,1,7,44939,1,44939,0,0,1,24,7939,1,1013,135,53891
652,Syria,2017,1,8,25044,1,25042,1,2,1,21,12496,1,977,131,38517
652,Syria,2018,1,5,13246,1,13135,1,111,1,20,7689,1,795,13,21730
652,Syria,2019,1,7,7550,1,7412,1,138,1,5,3485,1,173,7,11208
652,Syria,2020,1,7,4875,1,4603,1,272,1,5,716,1,99,25,5690
652,Syria,2021,1,5,1542,1,1376,1,166,1,4,318,1,88,1,1948
652,Syria,2022,1,4,973,1,918,1,55,1,2,612,1,86,6,1671
652,Syria,2023,1,4,1660,1,1500,1,160,1,4,471,1,56,0,2187
652,Syria,2024,1,7,2732,1,2197,1,535,1,3,716,1,168,12,3616
713,Taiwan,1990,0,0,0,0,0,0,0,0,0,0,0,0,0,0
713,Taiwan,1991,0,0,0,0,0,0,0,0,0,0,0,0,0,0
713,Taiwan,1992,0,0,0,0,0,0,0,0,0,0,0,0,0,0
713,Taiwan,1993,0,0,0,0,0,0,0,0,0,0,0,0,0,0
713,Taiwan,1994,0,0,0,0,0,0,0,0,0,0,0,0,0,0
713,Taiwan,1995,0,0,0,0,0,0,0,0,0,0,0,0,0,0
713,Taiwan,1996,0,0,0,0,0,0,0,0,0,0,0,0,0,0
713,Taiwan,1997,0,0,0,0,0,0,0,0,0,0,0,0,0,0
713,Taiwan,1998,0,0,0,0,0,0,0,0,0,0,0,0,0,0
713,Taiwan,1999,0,0,0,0,0,0,0,0,0,0,0,0,0,0
713,Taiwan,2000,0,0,0,0,0,0,0,0,0,0,0,0,0,0
713,Taiwan,2001,0,0,0,0,0,0,0,0,0,0,0,0,0,0
713,Taiwan,2002,0,0,0,0,0,0,0,0,0,0,0,0,0,0
713,Taiwan,2003,0,0,0,0,0,0,0,0,0,0,0,0,0,0
713,Taiwan,2004,0,0,0,0,0,0,0,0,0,0,0,0,0,0
713,Taiwan,2005,0,0,0,0,0,0,0,0,0,0,0,0,0,0
713,Taiwan,2006,0,0,0,0,0,0,0,0,0,0,0,0,0,0
713,Taiwan,2007,0,0,0,0,0,0,0,0,0,0,0,0,0,0
713,Taiwan,2008,0,0,0,0,0,0,0,0,0,0,0,0,0,0
713,Taiwan,2009,0,0,0,0,0,0,0,0,0,0,0,0,0,0
713,Taiwan,2010,0,0,0,0,0,0,0,0,0,0,0,0,0,0
713,Taiwan,2011,0,0,0,0,0,0,0,0,0,0,0,0,0,0
713,Taiwan,2012,0,0,0,0,0,0,0,0,0,0,0,0,0,0
713,Taiwan,2013,0,0,0,0,0,0,0,0,0,0,0,0,0,0
713,Taiwan,2014,0,0,0,0,0,0,0,0,0,0,0,0,0,0
713,Taiwan,2015,0,0,0,0,0,0,0,0,0,0,0,0,0,0
713,Taiwan,2016,0,0,0,0,0,0,0,0,0,0,0,0,0,0
713,Taiwan,2017,0,0,0,0,0,0,0,0,0,0,0,0,0,0
713,Taiwan,2018,0,0,0,0,0,0,0,0,0,0,0,0,0,0
713,Taiwan,2019,0,0,0,0,0,0,0,0,0,0,0,0,0,0
713,Taiwan,2020,0,0,0,0,0,0,0,0,0,0,0,0,0,0
713,Taiwan,2021,0,0,0,0,0,0,0,0,0,0,0,0,0,0
713,Taiwan,2022,0,0,0,0,0,0,0,0,0,0,0,0,0,0
713,Taiwan,2023,0,0,0,0,0,0,0,0,0,0,0,0,0,0
713,Taiwan,2024,0,0,0,0,0,0,0,0,0,0,0,0,0,0
702,Tajikistan,1991,0,0,0,0,0,0,0,0,0,0,0,0,0,0
702,Tajikistan,1992,1,2,3355,1,3355,0,0,1,1,408,1,96,46,3859
702,Tajikistan,1993,1,1,1045,1,1045,0,0,0,0,0,0,0,0,1045
702,Tajikistan,1994,1,1,356,1,356,0,0,0,0,0,1,10,10,366
702,Tajikistan,1995,1,1,368,1,368,0,0,0,0,0,0,0,0,368
702,Tajikistan,1996,1,1,2790,1,2790,0,0,0,0,0,1,7,7,2797
702,Tajikistan,1997,1,2,97,1,97,0,0,0,0,0,0,0,0,97
702,Tajikistan,1998,1,2,600,1,600,0,0,0,0,0,0,0,0,600
702,Tajikistan,1999,1,2,4,1,4,0,0,0,0,0,0,0,0,4
702,Tajikistan,2000,1,1,46,1,46,0,0,0,0,0,0,0,0,46
702,Tajikistan,2001,0,0,0,0,0,0,0,0,0,0,0,0,0,0
702,Tajikistan,2002,0,0,0,0,0,0,0,0,0,0,0,0,0,0
702,Tajikistan,2003,0,0,0,0,0,0,0,0,0,0,0,0,0,0
702,Tajikistan,2004,0,0,0,0,0,0,0,0,0,0,0,0,0,0
702,Tajikistan,2005,1,1,1,1,1,0,0,0,0,0,0,0,0,1
702,Tajikistan,2006,1,2,8,1,8,0,0,0,0,0,0,0,0,8
702,Tajikistan,2007,0,0,0,0,0,0,0,0,0,0,0,0,0,0
702,Tajikistan,2008,0,0,0,0,0,0,0,0,0,0,0,0,0,0
702,Tajikistan,2009,1,1,17,1,17,0,0,0,0,0,0,0,0,17
702,Tajikistan,2010,1,2,98,1,98,0,0,0,0,0,0,0,0,98
702,Tajikistan,2011,1,1,28,1,28,0,0,0,0,0,0,0,0,28
702,Tajikistan,2012,0,0,0,0,0,0,0,0,0,0,0,0,0,0
702,Tajikistan,2013,1,1,3,1,3,0,0,0,0,0,0,0,0,3
702,Tajikistan,2014,1,1,3,0,0,1,3,0,0,0,0,0,0,3
702,Tajikistan,2015,0,0,0,0,0,0,0,0,0,0,0,0,0,0
702,Tajikistan,2016,0,0,0,0,0,0,0,0,0,0,0,0,0,0
702,Tajikistan,2017,0,0,0,0,0,0,0,0,0,0,0,0,0,0
702,Tajikistan,2018,1,1,52,1,52,0,0,0,0,0,1,4,0,56
702,Tajikistan,2019,1,2,53,1,49,1,4,0,0,0,0,0,0,53
702,Tajikistan,2020,0,0,0,0,0,0,0,0,0,0,0,0,0,0
702,Tajikistan,2021,1,1,16,0,0,1,16,0,0,0,0,0,0,16
702,Tajikistan,2022,1,1,87,0,0,1,87,0,0,0,0,0,0,87
702,Tajikistan,2023,0,0,0,0,0,0,0,0,0,0,0,0,0,0
702,Tajikistan,2024,0,0,0,0,0,0,0,0,0,0,0,0,0,0
510,Tanzania,1990,0,0,0,0,0,0,0,0,0,0,0,0,0,0
510,Tanzania,1991,0,0,0,0,0,0,0,0,0,0,0,0,0,0
510,Tanzania,1992,0,0,0,0,0,0,0,0,0,0,1,1,1,1
510,Tanzania,1993,0,0,0,0,0,0,0,0,0,0,0,0,0,0
510,Tanzania,1994,0,0,0,0,0,0,0,0,0,0,0,0,0,0
510,Tanzania,1995,0,0,0,0,0,0,0,0,0,0,0,0,0,0
510,Tanzania,1996,0,0,0,0,0,0,0,1,1,10,0,0,0,10
510,Tanzania,1997,0,0,0,0,0,0,0,0,0,0,1,3,3,3
510,Tanzania,1998,0,0,0,0,0,0,0,0,0,0,0,0,0,0
510,Tanzania,1999,0,0,0,0,0,0,0,0,0,0,1,0,0,0
510,Tanzania,2000,0,0,0,0,0,0,0,0,0,0,0,0,0,0
510,Tanzania,2001,0,0,0,0,0,0,0,0,0,0,1,37,37,37
510,Tanzania,2002,0,0,0,0,0,0,0,0,0,0,0,0,0,0
510,Tanzania,2003,0,0,0,0,0,0,0,0,0,0,0,0,0,0
510,Tanzania,2004,0,0,0,0,0,0,0,0,0,0,0,0,0,0
510,Tanzania,2005,0,0,0,0,0,0,0,0,0,0,0,0,0,0
510,Tanzania,2006,0,0,0,0,0,0,0,0,0,0,0,0,0,0
510,Tanzania,2007,0,0,0,0,0,0,0,0,0,0,1,3,0,3
510,Tanzania,2008,0,0,0,0,0,0,0,0,0,0,0,0,0,0
510,Tanzania,2009,0,0,0,0,0,0,0,0,0,0,0,0,0,0
510,Tanzania,2010,0,0,0,0,0,0,0,0,0,0,0,0,0,0
510,Tanzania,2011,0,0,0,0,0,0,0,0,0,0,0,0,0,0
510,Tanzania,2012,0,0,0,0,0,0,0,0,0,0,1,1,1,1
510,Tanzania,2013,0,0,0,0,0,0,0,0,0,0,0,0,0,0
510,Tanzania,2014,0,0,0,0,0,0,0,0,0,0,1,10,10,10
510,Tanzania,2015,0,0,0,0,0,0,0,0,0,0,0,0,0,0
510,Tanzania,2016,0,0,0,0,0,0,0,0,0,0,0,0,0,0
510,Tanzania,2017,0,0,0,0,0,0,0,0,0,0,1,1,1,1
510,Tanzania,2018,0,0,0,0,0,0,0,0,0,0,1,1,1,1
510,Tanzania,2019,0,0,0,0,0,0,0,0,0,0,1,8,2,8
510,Tanzania,2020,1,1,25,1,25,0,0,0,0,0,1,19,19,44
510,Tanzania,2021,1,1,14,1,14,0,0,0,0,0,1,12,0,26
510,Tanzania,2022,1,1,2,1,2,0,0,0,0,0,1,2,2,4
510,Tanzania,2023,0,0,0,0,0,0,0,0,0,0,0,0,0,0
510,Tanzania,2024,0,0,0,0,0,0,0,0,0,0,1,6,6,6
800,Thailand,1990,1,1,19,1,19,0,0,0,0,0,1,1,1,20
800,Thailand,1991,0,0,0,0,0,0,0,1,1,2,0,0,0,2
800,Thailand,1992,0,0,0,0,0,0,0,0,0,0,1,0,0,0
800,Thailand,1993,0,0,0,0,0,0,0,0,0,0,1,1,1,1
800,Thailand,1994,1,1,1,1,1,0,0,0,0,0,0,0,0,1
800,Thailand,1995,1,1,7,0,0,1,7,1,1,3,1,2,2,12
800,Thailand,1996,0,0,0,0,0,0,0,1,1,1,0,0,0,1
800,Thailand,1997,1,1,1,1,1,0,0,0,0,0,1,6,3,7
800,Thailand,1998,1,2,12,1,3,1,9,0,0,0,0,0,0,12
800,Thailand,1999,0,0,0,0,0,0,0,0,0,0,1,1,1,1
800,Thailand,2000,1,1,8,1,8,0,0,0,0,0,0,0,0,8
800,Thailand,2001,1,3,25,1,25,0,0,0,0,0,0,0,0,25
800,Thailand,2002,1,1,23,1,23,0,0,0,0,0,0,0,0,23
800,Thailand,2003,1,1,26,1,26,0,0,0,0,0,0,0,0,26
800,Thailand,2004,1,1,164,1,164,0,0,0,0,0,1,146,0,310
800,Thailand,2005,1,2,208,1,208,0,0,0,0,0,1,286,0,494
800,Thailand,2006,1,1,212,1,212,0,0,0,0,0,1,329,0,541
800,Thailand,2007,1,2,198,1,198,0,0,0,0,0,1,320,0,518
800,Thailand,2008,1,2,148,1,148,0,0,0,0,0,1,180,0,328
800,Thailand,2009,1,1,138,1,138,0,0,0,0,0,1,120,0,258
800,Thailand,2010,1,2,83,1,83,0,0,0,0,0,1,138,0,221
800,Thailand,2011,1,2,162,1,143,1,19,0,0,0,1,115,0,277
800,Thailand,2012,1,1,131,1,131,0,0,0,0,0,1,113,0,244
800,Thailand,2013,1,1,189,1,189,0,0,0,0,0,1,60,0,249
800,Thailand,2014,1,1,68,1,68,0,0,0,0,0,1,32,0,100
800,Thailand,2015,1,1,57,1,57,0,0,0,0,0,1,27,0,84
800,Thailand,2016,1,1,50,1,50,0,0,0,0,0,1,19,0,69
800,Thailand,2017,1,1,43,1,43,0,0,0,0,0,1,7,0,50
800,Thailand,2018,1,1,36,1,36,0,0,0,0,0,1,25,0,61
800,Thailand,2019,1,1,55,1,55,0,0,0,0,0,1,5,0,60
800,Thailand,2020,1,1,46,1,46,0,0,0,0,0,1,1,0,47
800,Thailand,2021,1,1,38,1,38,0,0,0,0,0,1,3,0,41
800,Thailand,2022,1,1,29,1,29,0,0,0,0,0,1,7,0,36
800,Thailand,2023,1,1,30,1,30,0,0,0,0,0,1,1,0,31
800,Thailand,2024,1,1,35,1,35,0,0,0,0,0,1,5,0,40
461,Togo,1990,0,0,0,0,0,0,0,0,0,0,0,0,0,0
461,Togo,1991,0,0,0,0,0,0,0,1,1,31,1,32,32,63
461,Togo,1992,0,0,0,0,0,0,0,0,0,0,1,5,5,5
461,Togo,1993,0,0,0,0,0,0,0,0,0,0,1,48,48,48
461,Togo,1994,0,0,0,0,0,0,0,0,0,0,0,0,0,0
461,Togo,1995,0,0,0,0,0,0,0,0,0,0,0,0,0,0
461,Togo,1996,0,0,0,0,0,0,0,0,0,0,0,0,0,0
461,Togo,1997,0,0,0,0,0,0,0,0,0,0,0,0,0,0
461,Togo,1998,0,0,0,0,0,0,0,0,0,0,1,9,9,9
461,Togo,1999,0,0,0,0,0,0,0,0,0,0,0,0,0,0
461,Togo,2000,0,0,0,0,0,0,0,0,0,0,0,0,0,0
461,Togo,2001,0,0,0,0,0,0,0,0,0,0,0,0,0,0
461,Togo,2002,0,0,0,0,0,0,0,0,0,0,0,0,0,0
461,Togo,2003,0,0,0,0,0,0,0,0,0,0,0,0,0,0
461,Togo,2004,0,0,0,0,0,0,0,0,0,0,0,0,0,0
461,Togo,2005,0,0,0,0,0,0,0,0,0,0,1,436,436,436
461,Togo,2006,0,0,0,0,0,0,0,0,0,0,0,0,0,0
461,Togo,2007,0,0,0,0,0,0,0,0,0,0,0,0,0,0
461,Togo,2008,0,0,0,0,0,0,0,0,0,0,0,0,0,0
461,Togo,2009,0,0,0,0,0,0,0,0,0,0,0,0,0,0
461,Togo,2010,0,0,0,0,0,0,0,0,0,0,0,0,0,0
461,Togo,2011,0,0,0,0,0,0,0,0,0,0,0,0,0,0
461,Togo,2012,0,0,0,0,0,0,0,0,0,0,0,0,0,0
461,Togo,2013,0,0,0,0,0,0,0,0,0,0,0,0,0,0
461,Togo,2014,0,0,0,0,0,0,0,0,0,0,0,0,0,0
461,Togo,2015,0,0,0,0,0,0,0,0,0,0,0,0,0,0
461,Togo,2016,0,0,0,0,0,0,0,0,0,0,0,0,0,0
461,Togo,2017,0,0,0,0,0,0,0,0,0,0,0,0,0,0
461,Togo,2018,0,0,0,0,0,0,0,0,0,0,0,0,0,0
461,Togo,2019,0,0,0,0,0,0,0,0,0,0,1,1,1,1
461,Togo,2020,0,0,0,0,0,0,0,0,0,0,0,0,0,0
461,Togo,2021,0,0,0,0,0,0,0,0,0,0,0,0,0,0
461,Togo,2022,1,1,34,1,34,0,0,0,0,0,1,28,0,62
461,Togo,2023,1,1,29,1,29,0,0,0,0,0,1,47,0,76
461,Togo,2024,1,1,46,1,46,0,0,0,0,0,1,22,0,68
972,Tonga,1990,0,0,0,0,0,0,0,0,0,0,0,0,0,0
972,Tonga,1991,0,0,0,0,0,0,0,0,0,0,0,0,0,0
972,Tonga,1992,0,0,0,0,0,0,0,0,0,0,0,0,0,0
972,Tonga,1993,0,0,0,0,0,0,0,0,0,0,0,0,0,0
972,Tonga,1994,0,0,0,0,0,0,0,0,0,0,0,0,0,0
972,Tonga,1995,0,0,0,0,0,0,0,0,0,0,0,0,0,0
972,Tonga,1996,0,0,0,0,0,0,0,0,0,0,0,0,0,0
972,Tonga,1997,0,0,0,0,0,0,0,0,0,0,0,0,0,0
972,Tonga,1998,0,0,0,0,0,0,0,0,0,0,0,0,0,0
972,Tonga,1999,0,0,0,0,0,0,0,0,0,0,0,0,0,0
972,Tonga,2000,0,0,0,0,0,0,0,0,0,0,0,0,0,0
972,Tonga,2001,0,0,0,0,0,0,0,0,0,0,0,0,0,0
972,Tonga,2002,0,0,0,0,0,0,0,0,0,0,0,0,0,0
972,Tonga,2003,0,0,0,0,0,0,0,0,0,0,0,0,0,0
972,Tonga,2004,0,0,0,0,0,0,0,0,0,0,0,0,0,0
972,Tonga,2005,0,0,0,0,0,0,0,0,0,0,0,0,0,0
972,Tonga,2006,0,0,0,0,0,0,0,0,0,0,0,0,0,0
972,Tonga,2007,0,0,0,0,0,0,0,0,0,0,0,0,0,0
972,Tonga,2008,0,0,0,0,0,0,0,0,0,0,0,0,0,0
972,Tonga,2009,0,0,0,0,0,0,0,0,0,0,0,0,0,0
972,Tonga,2010,0,0,0,0,0,0,0,0,0,0,0,0,0,0
972,Tonga,2011,0,0,0,0,0,0,0,0,0,0,0,0,0,0
972,Tonga,2012,0,0,0,0,0,0,0,0,0,0,0,0,0,0
972,Tonga,2013,0,0,0,0,0,0,0,0,0,0,0,0,0,0
972,Tonga,2014,0,0,0,0,0,0,0,0,0,0,0,0,0,0
972,Tonga,2015,0,0,0,0,0,0,0,0,0,0,0,0,0,0
972,Tonga,2016,0,0,0,0,0,0,0,0,0,0,0,0,0,0
972,Tonga,2017,0,0,0,0,0,0,0,0,0,0,0,0,0,0
972,Tonga,2018,0,0,0,0,0,0,0,0,0,0,0,0,0,0
972,Tonga,2019,0,0,0,0,0,0,0,0,0,0,0,0,0,0
972,Tonga,2020,0,0,0,0,0,0,0,0,0,0,0,0,0,0
972,Tonga,2021,0,0,0,0,0,0,0,0,0,0,0,0,0,0
972,Tonga,2022,0,0,0,0,0,0,0,0,0,0,0,0,0,0
972,Tonga,2023,0,0,0,0,0,0,0,0,0,0,0,0,0,0
972,Tonga,2024,0,0,0,0,0,0,0,0,0,0,0,0,0,0
52,Trinidad and Tobago,1990,1,1,39,1,39,0,0,0,0,0,0,0,0,39
52,Trinidad and Tobago,1991,0,0,0,0,0,0,0,0,0,0,0,0,0,0
52,Trinidad and Tobago,1992,0,0,0,0,0,0,0,0,0,0,0,0,0,0
52,Trinidad and Tobago,1993,0,0,0,0,0,0,0,0,0,0,0,0,0,0
52,Trinidad and Tobago,1994,0,0,0,0,0,0,0,0,0,0,0,0,0,0
52,Trinidad and Tobago,1995,0,0,0,0,0,0,0,0,0,0,0,0,0,0
52,Trinidad and Tobago,1996,0,0,0,0,0,0,0,0,0,0,0,0,0,0
52,Trinidad and Tobago,1997,0,0,0,0,0,0,0,0,0,0,0,0,0,0
52,Trinidad and Tobago,1998,0,0,0,0,0,0,0,0,0,0,0,0,0,0
52,Trinidad and Tobago,1999,0,0,0,0,0,0,0,0,0,0,0,0,0,0
52,Trinidad and Tobago,2000,0,0,0,0,0,0,0,0,0,0,0,0,0,0
52,Trinidad and Tobago,2001,0,0,0,0,0,0,0,0,0,0,0,0,0,0
52,Trinidad and Tobago,2002,0,0,0,0,0,0,0,0,0,0,0,0,0,0
52,Trinidad and Tobago,2003,0,0,0,0,0,0,0,0,0,0,0,0,0,0
52,Trinidad and Tobago,2004,0,0,0,0,0,0,0,0,0,0,0,0,0,0
52,Trinidad and Tobago,2005,0,0,0,0,0,0,0,0,0,0,0,0,0,0
52,Trinidad and Tobago,2006,0,0,0,0,0,0,0,0,0,0,0,0,0,0
52,Trinidad and Tobago,2007,0,0,0,0,0,0,0,0,0,0,0,0,0,0
52,Trinidad and Tobago,2008,0,0,0,0,0,0,0,0,0,0,0,0,0,0
52,Trinidad and Tobago,2009,0,0,0,0,0,0,0,0,0,0,0,0,0,0
52,Trinidad and Tobago,2010,0,0,0,0,0,0,0,0,0,0,0,0,0,0
52,Trinidad and Tobago,2011,0,0,0,0,0,0,0,0,0,0,0,0,0,0
52,Trinidad and Tobago,2012,0,0,0,0,0,0,0,0,0,0,0,0,0,0
52,Trinidad and Tobago,2013,0,0,0,0,0,0,0,0,0,0,0,0,0,0
52,Trinidad and Tobago,2014,0,0,0,0,0,0,0,0,0,0,0,0,0,0
52,Trinidad and Tobago,2015,0,0,0,0,0,0,0,0,0,0,0,0,0,0
52,Trinidad and Tobago,2016,0,0,0,0,0,0,0,0,0,0,0,0,0,0
52,Trinidad and Tobago,2017,0,0,0,0,0,0,0,0,0,0,0,0,0,0
52,Trinidad and Tobago,2018,0,0,0,0,0,0,0,0,0,0,0,0,0,0
52,Trinidad and Tobago,2019,0,0,0,0,0,0,0,0,0,0,0,0,0,0
52,Trinidad and Tobago,2020,0,0,0,0,0,0,0,0,0,0,0,0,0,0
52,Trinidad and Tobago,2021,0,0,0,0,0,0,0,0,0,0,0,0,0,0
52,Trinidad and Tobago,2022,0,0,0,0,0,0,0,0,0,0,0,0,0,0
52,Trinidad and Tobago,2023,0,0,0,0,0,0,0,0,0,0,0,0,0,0
52,Trinidad and Tobago,2024,0,0,0,0,0,0,0,0,0,0,0,0,0,0
616,Tunisia,1990,0,0,0,0,0,0,0,0,0,0,0,0,0,0
616,Tunisia,1991,0,0,0,0,0,0,0,0,0,0,0,0,0,0
616,Tunisia,1992,0,0,0,0,0,0,0,0,0,0,0,0,0,0
616,Tunisia,1993,0,0,0,0,0,0,0,0,0,0,0,0,0,0
616,Tunisia,1994,0,0,0,0,0,0,0,0,0,0,0,0,0,0
616,Tunisia,1995,0,0,0,0,0,0,0,0,0,0,0,0,0,0
616,Tunisia,1996,0,0,0,0,0,0,0,0,0,0,0,0,0,0
616,Tunisia,1997,0,0,0,0,0,0,0,0,0,0,0,0,0,0
616,Tunisia,1998,0,0,0,0,0,0,0,0,0,0,0,0,0,0
616,Tunisia,1999,0,0,0,0,0,0,0,0,0,0,0,0,0,0
616,Tunisia,2000,0,0,0,0,0,0,0,0,0,0,0,0,0,0
616,Tunisia,2001,0,0,0,0,0,0,0,0,0,0,0,0,0,0
616,Tunisia,2002,0,0,0,0,0,0,0,0,0,0,1,21,0,21
616,Tunisia,2003,0,0,0,0,0,0,0,0,0,0,0,0,0,0
616,Tunisia,2004,0,0,0,0,0,0,0,0,0,0,0,0,0,0
616,Tunisia,2005,0,0,0,0,0,0,0,0,0,0,0,0,0,0
616,Tunisia,2006,0,0,0,0,0,0,0,0,0,0,0,0,0,0
616,Tunisia,2007,0,0,0,0,0,0,0,0,0,0,0,0,0,0
616,Tunisia,2008,0,0,0,0,0,0,0,0,0,0,0,0,0,0
616,Tunisia,2009,0,0,0,0,0,0,0,0,0,0,0,0,0,0
616,Tunisia,2010,0,0,0,0,0,0,0,0,0,0,0,0,0,0
616,Tunisia,2011,1,1,8,1,8,0,0,0,0,0,0,0,0,8
616,Tunisia,2012,1,1,3,1,3,0,0,0,0,0,0,0,0,3
616,Tunisia,2013,1,1,29,1,29,0,0,0,0,0,0,0,0,29
616,Tunisia,2014,1,2,51,1,51,0,0,0,0,0,0,0,0,51
616,Tunisia,2015,1,3,77,1,77,0,0,0,0,0,1,60,0,137
616,Tunisia,2016,1,3,88,1,88,0,0,0,0,0,0,0,0,88
616,Tunisia,2017,1,2,15,1,15,0,0,0,0,0,0,0,0,15
616,Tunisia,2018,1,2,24,1,24,0,0,0,0,0,1,1,0,25
616,Tunisia,2019,1,3,20,1,20,0,0,0,0,0,0,0,0,20
616,Tunisia,2020,1,3,12,1,12,0,0,0,0,0,0,0,0,12
616,Tunisia,2021,1,2,18,1,18,0,0,0,0,0,0,0,0,18
616,Tunisia,2022,1,1,3,1,3,0,0,0,0,0,0,0,0,3
616,Tunisia,2023,1,1,3,1,3,0,0,0,0,0,0,0,0,3
616,Tunisia,2024,0,0,0,0,0,0,0,0,0,0,0,0,0,0
640,Turkey,1990,1,3,544,1,544,0,0,0,0,0,1,86,0,630
640,Turkey,1991,1,3,397,1,397,0,0,0,0,0,1,51,2,448
640,Turkey,1992,1,3,1710,1,1710,0,0,0,0,0,1,216,0,1926
640,Turkey,1993,1,3,2346,1,2346,0,0,0,0,0,1,419,0,2765
640,Turkey,1994,1,4,3975,1,3975,0,0,0,0,0,1,207,0,4182
640,Turkey,1995,1,3,3586,1,3586,0,0,0,0,0,1,64,0,3650
640,Turkey,1996,1,4,3776,1,3776,0,0,0,0,0,1,35,0,3811
640,Turkey,1997,1,2,2581,1,2581,0,0,0,0,0,1,19,0,2600
640,Turkey,1998,1,3,2033,1,2033,0,0,0,0,0,1,25,0,2058
640,Turkey,1999,1,3,1116,1,1116,0,0,0,0,0,1,39,0,1155
640,Turkey,2000,1,2,153,1,153,0,0,0,0,0,0,0,0,153
640,Turkey,2001,1,3,120,1,120,0,0,0,0,0,0,0,0,120
640,Turkey,2002,1,3,34,1,34,0,0,0,0,0,0,0,0,34
640,Turkey,2003,1,4,105,1,105,0,0,0,0,0,1,45,0,150
640,Turkey,2004,1,4,220,1,220,0,0,0,0,0,1,1,0,221
640,Turkey,2005,1,4,295,1,295,0,0,0,0,0,0,0,0,295
640,Turkey,2006,1,2,226,1,226,0,0,0,0,0,0,0,0,226
640,Turkey,2007,1,2,495,1,495,0,0,0,0,0,1,7,0,502
640,Turkey,2008,1,2,474,1,474,0,0,0,0,0,1,17,0,491
640,Turkey,2009,1,1,138,1,138,0,0,0,0,0,0,0,0,138
640,Turkey,2010,1,3,234,1,234,0,0,0,0,0,0,0,0,234
640,Turkey,2011,1,5,410,1,410,0,0,0,0,0,0,0,0,410
640,Turkey,2012,1,3,788,1,788,0,0,0,0,0,1,1,0,789
640,Turkey,2013,1,1,20,1,20,0,0,1,1,3,1,52,0,75
640,Turkey,2014,1,2,11,1,11,0,0,0,0,0,0,0,0,11
640,Turkey,2015,1,4,915,1,915,0,0,0,0,0,1,146,0,1061
640,Turkey,2016,1,6,1445,1,1445,0,0,0,0,0,1,116,0,1561
640,Turkey,2017,1,4,415,1,415,0,0,0,0,0,1,47,0,462
640,Turkey,2018,1,1,454,1,454,0,0,1,2,7,0,0,0,461
640,Turkey,2019,1,1,281,1,281,0,0,1,1,21,1,9,0,311
640,Turkey,2020,1,2,214,1,214,0,0,0,0,0,1,12,0,226
640,Turkey,2021,1,1,130,1,130,0,0,1,1,2,0,0,0,132
640,Turkey,2022,1,1,96,1,96,0,0,1,1,4,1,7,0,107
640,Turkey,2023,1,1,106,1,106,0,0,0,0,0,1,2,0,108
640,Turkey,2024,1,2,37,1,37,0,0,0,0,0,1,6,0,43
701,Turkmenistan,1991,0,0,0,0,0,0,0,0,0,0,0,0,0,0
701,Turkmenistan,1992,0,0,0,0,0,0,0,0,0,0,0,0,0,0
701,Turkmenistan,1993,0,0,0,0,0,0,0,0,0,0,0,0,0,0
701,Turkmenistan,1994,0,0,0,0,0,0,0,0,0,0,0,0,0,0
701,Turkmenistan,1995,0,0,0,0,0,0,0,0,0,0,0,0,0,0
701,Turkmenistan,1996,0,0,0,0,0,0,0,0,0,0,0,0,0,0
701,Turkmenistan,1997,0,0,0,0,0,0,0,0,0,0,0,0,0,0
701,Turkmenistan,1998,0,0,0,0,0,0,0,0,0,0,0,0,0,0
701,Turkmenistan,1999,0,0,0,0,0,0,0,0,0,0,0,0,0,0
701,Turkmenistan,2000,0,0,0,0,0,0,0,0,0,0,0,0,0,0
701,Turkmenistan,2001,0,0,0,0,0,0,0,0,0,0,0,0,0,0
701,Turkmenistan,2002,0,0,0,0,0,0,0,0,0,0,0,0,0,0
701,Turkmenistan,2003,0,0,0,0,0,0,0,0,0,0,0,0,0,0
701,Turkmenistan,2004,0,0,0,0,0,0,0,0,0,0,0,0,0,0
701,Turkmenistan,2005,0,0,0,0,0,0,0,0,0,0,0,0,0,0
701,Turkmenistan,2006,0,0,0,0,0,0,0,0,0,0,0,0,0,0
701,Turkmenistan,2007,0,0,0,0,0,0,0,0,0,0,0,0,0,0
701,Turkmenistan,2008,0,0,0,0,0,0,0,0,0,0,0,0,0,0
701,Turkmenistan,2009,0,0,0,0,0,0,0,0,0,0,0,0,0,0
701,Turkmenistan,2010,0,0,0,0,0,0,0,0,0,0,0,0,0,0
701,Turkmenistan,2011,0,0,0,0,0,0,0,0,0,0,0,0,0,0
701,Turkmenistan,2012,0,0,0,0,0,0,0,0,0,0,0,0,0,0
701,Turkmenistan,2013,0,0,0,0,0,0,0,0,0,0,0,0,0,0
701,Turkmenistan,2014,0,0,0,0,0,0,0,0,0,0,0,0,0,0
701,Turkmenistan,2015,0,0,0,0,0,0,0,0,0,0,0,0,0,0
701,Turkmenistan,2016,0,0,0,0,0,0,0,0,0,0,0,0,0,0
701,Turkmenistan,2017,0,0,0,0,0,0,0,0,0,0,0,0,0,0
701,Turkmenistan,2018,0,0,0,0,0,0,0,0,0,0,0,0,0,0
701,Turkmenistan,2019,0,0,0,0,0,0,0,0,0,0,0,0,0,0
701,Turkmenistan,2020,0,0,0,0,0,0,0,0,0,0,0,0,0,0
701,Turkmenistan,2021,0,0,0,0,0,0,0,0,0,0,0,0,0,0
701,Turkmenistan,2022,0,0,0,0,0,0,0,0,0,0,0,0,0,0
701,Turkmenistan,2023,0,0,0,0,0,0,0,0,0,0,0,0,0,0
701,Turkmenistan,2024,0,0,0,0,0,0,0,0,0,0,0,0,0,0
973,Tuvalu,1990,0,0,0,0,0,0,0,0,0,0,0,0,0,0
973,Tuvalu,1991,0,0,0,0,0,0,0,0,0,0,0,0,0,0
973,Tuvalu,1992,0,0,0,0,0,0,0,0,0,0,0,0,0,0
973,Tuvalu,1993,0,0,0,0,0,0,0,0,0,0,0,0,0,0
973,Tuvalu,1994,0,0,0,0,0,0,0,0,0,0,0,0,0,0
973,Tuvalu,1995,0,0,0,0,0,0,0,0,0,0,0,0,0,0
973,Tuvalu,1996,0,0,0,0,0,0,0,0,0,0,0,0,0,0
973,Tuvalu,1997,0,0,0,0,0,0,0,0,0,0,0,0,0,0
973,Tuvalu,1998,0,0,0,0,0,0,0,0,0,0,0,0,0,0
973,Tuvalu,1999,0,0,0,0,0,0,0,0,0,0,0,0,0,0
973,Tuvalu,2000,0,0,0,0,0,0,0,0,0,0,0,0,0,0
973,Tuvalu,2001,0,0,0,0,0,0,0,0,0,0,0,0,0,0
973,Tuvalu,2002,0,0,0,0,0,0,0,0,0,0,0,0,0,0
973,Tuvalu,2003,0,0,0,0,0,0,0,0,0,0,0,0,0,0
973,Tuvalu,2004,0,0,0,0,0,0,0,0,0,0,0,0,0,0
973,Tuvalu,2005,0,0,0,0,0,0,0,0,0,0,0,0,0,0
973,Tuvalu,2006,0,0,0,0,0,0,0,0,0,0,0,0,0,0
973,Tuvalu,2007,0,0,0,0,0,0,0,0,0,0,0,0,0,0
973,Tuvalu,2008,0,0,0,0,0,0,0,0,0,0,0,0,0,0
973,Tuvalu,2009,0,0,0,0,0,0,0,0,0,0,0,0,0,0
973,Tuvalu,2010,0,0,0,0,0,0,0,0,0,0,0,0,0,0
973,Tuvalu,2011,0,0,0,0,0,0,0,0,0,0,0,0,0,0
973,Tuvalu,2012,0,0,0,0,0,0,0,0,0,0,0,0,0,0
973,Tuvalu,2013,0,0,0,0,0,0,0,0,0,0,0,0,0,0
973,Tuvalu,2014,0,0,0,0,0,0,0,0,0,0,0,0,0,0
973,Tuvalu,2015,0,0,0,0,0,0,0,0,0,0,0,0,0,0
973,Tuvalu,2016,0,0,0,0,0,0,0,0,0,0,0,0,0,0
973,Tuvalu,2017,0,0,0,0,0,0,0,0,0,0,0,0,0,0
973,Tuvalu,2018,0,0,0,0,0,0,0,0,0,0,0,0,0,0
973,Tuvalu,2019,0,0,0,0,0,0,0,0,0,0,0,0,0,0
973,Tuvalu,2020,0,0,0,0,0,0,0,0,0,0,0,0,0,0
973,Tuvalu,2021,0,0,0,0,0,0,0,0,0,0,0,0,0,0
973,Tuvalu,2022,0,0,0,0,0,0,0,0,0,0,0,0,0,0
973,Tuvalu,2023,0,0,0,0,0,0,0,0,0,0,0,0,0,0
973,Tuvalu,2024,0,0,0,0,0,0,0,0,0,0,0,0,0,0
500,Uganda,1990,1,3,626,1,626,0,0,0,0,0,1,183,80,809
500,Uganda,1991,1,3,857,1,857,0,0,0,0,0,1,161,59,1018
500,Uganda,1992,1,1,72,1,72,0,0,1,1,4,0,0,0,76
500,Uganda,1993,0,0,0,0,0,0,0,0,0,0,0,0,0,0
500,Uganda,1994,1,2,150,1,150,0,0,0,0,0,1,10,0,160
500,Uganda,1995,1,2,265,1,265,0,0,0,0,0,1,272,0,537
500,Uganda,1996,1,4,1186,1,1186,0,0,0,0,0,1,612,22,1798
500,Uganda,1997,1,3,738,1,738,0,0,0,0,0,1,616,42,1354
500,Uganda,1998,1,4,767,1,767,0,0,1,2,138,1,309,7,1214
500,Uganda,1999,1,2,352,1,352,0,0,1,2,388,1,284,0,1024
500,Uganda,2000,1,2,364,1,364,0,0,1,10,701,1,173,0,1238
500,Uganda,2001,1,2,108,1,108,0,0,1,5,43,1,61,0,212
500,Uganda,2002,1,2,722,1,722,0,0,1,1,17,1,577,3,1316
500,Uganda,2003,1,1,633,1,633,0,0,1,11,360,1,635,0,1628
500,Uganda,2004,1,1,1215,1,1215,0,0,1,4,42,1,747,0,2004
500,Uganda,2005,1,1,610,1,610,0,0,1,5,91,1,221,4,922
500,Uganda,2006,1,3,220,1,220,0,0,1,5,65,1,49,1,334
500,Uganda,2007,1,2,93,1,93,0,0,1,2,43,1,20,8,156
500,Uganda,2008,0,0,0,0,0,0,0,1,6,31,1,1,1,32
500,Uganda,2009,0,0,0,0,0,0,0,1,2,39,1,20,20,59
500,Uganda,2010,0,0,0,0,0,0,0,0,0,0,1,74,0,74
500,Uganda,2011,0,0,0,0,0,0,0,0,0,0,0,0,0,0
500,Uganda,2012,0,0,0,0,0,0,0,0,0,0,0,0,0,0
500,Uganda,2013,0,0,0,0,0,0,0,0,0,0,0,0,0,0
500,Uganda,2014,0,0,0,0,0,0,0,0,0,0,1,7,7,7
500,Uganda,2015,0,0,0,0,0,0,0,0,0,0,0,0,0,0
500,Uganda,2016,0,0,0,0,0,0,0,1,1,30,0,0,0,30
500,Uganda,2017,1,1,0,1,0,0,0,0,0,0,0,0,0,0
500,Uganda,2018,0,0,0,0,0,0,0,0,0,0,1,2,2,2
500,Uganda,2019,0,0,0,0,0,0,0,0,0,0,1,2,2,2
500,Uganda,2020,0,0,0,0,0,0,0,0,0,0,0,0,0,0
500,Uganda,2021,1,1,22,1,22,0,0,0,0,0,1,1,1,23
500,Uganda,2022,1,1,25,1,25,0,0,0,0,0,0,0,0,25
500,Uganda,2023,1,1,22,1,22,0,0,0,0,0,1,57,0,79
500,Uganda,2024,0,0,0,0,0,0,0,0,0,0,1,1,1,1
369,Ukraine,1991,0,0,0,0,0,0,0,0,0,0,0,0,0,0
369,Ukraine,1992,0,0,0,0,0,0,0,0,0,0,0,0,0,0
369,Ukraine,1993,0,0,0,0,0,0,0,0,0,0,0,0,0,0
369,Ukraine,1994,0,0,0,0,0,0,0,0,0,0,0,0,0,0
369,Ukraine,1995,0,0,0,0,0,0,0,0,0,0,0,0,0,0
369,Ukraine,1996,0,0,0,0,0,0,0,0,0,0,0,0,0,0
369,Ukraine,1997,0,0,0,0,0,0,0,0,0,0,0,0,0,0
369,Ukraine,1998,0,0,0,0,0,0,0,0,0,0,0,0,0,0
369,Ukraine,1999,0,0,0,0,0,0,0,0,0,0,0,0,0,0
369,Ukraine,2000,0,0,0,0,0,0,0,0,0,0,0,0,0,0
369,Ukraine,2001,0,0,0,0,0,0,0,0,0,0,0,0,0,0
369,Ukraine,2002,0,0,0,0,0,0,0,0,0,0,0,0,0,0
369,Ukraine,2003,0,0,0,0,0,0,0,0,0,0,0,0,0,0
369,Ukraine,2004,0,0,0,0,0,0,0,0,0,0,0,0,0,0
369,Ukraine,2005,0,0,0,0,0,0,0,0,0,0,0,0,0,0
369,Ukraine,2006,0,0,0,0,0,0,0,0,0,0,0,0,0,0
369,Ukraine,2007,0,0,0,0,0,0,0,0,0,0,0,0,0,0
369,Ukraine,2008,0,0,0,0,0,0,0,0,0,0,0,0,0,0
369,Ukraine,2009,0,0,0,0,0,0,0,0,0,0,0,0,0,0
369,Ukraine,2010,0,0,0,0,0,0,0,0,0,0,0,0,0,0
369,Ukraine,2011,0,0,0,0,0,0,0,0,0,0,0,0,0,0
369,Ukraine,2012,0,0,0,0,0,0,0,0,0,0,0,0,0,0
369,Ukraine,2013,0,0,0,0,0,0,0,0,0,0,0,0,0,0
369,Ukraine,2014,1,7,4901,1,4898,1,3,1,1,45,0,0,0,4946
369,Ukraine,2015,1,4,1894,1,1894,0,0,0,0,0,0,0,0,1894
369,Ukraine,2016,1,3,699,1,697,1,2,0,0,0,0,0,0,699
369,Ukraine,2017,1,2,447,1,447,0,0,0,0,0,0,0,0,447
369,Ukraine,2018,1,2,243,1,243,0,0,0,0,0,0,0,0,243
369,Ukraine,2019,1,2,311,1,311,0,0,0,0,0,0,0,0,311
369,Ukraine,2020,1,2,196,1,196,0,0,0,0,0,0,0,0,196
369,Ukraine,2021,1,2,208,1,208,0,0,0,0,0,0,0,0,208
369,Ukraine,2022,1,4,91485,1,50,1,91435,0,0,0,1,1130,1130,92615
369,Ukraine,2023,1,1,75080,0,0,1,75080,0,0,0,1,313,313,75393
369,Ukraine,2024,1,1,68099,0,0,1,68099,0,0,0,1,17,17,68116
696,United Arab Emirates,1990,0,0,0,0,0,0,0,0,0,0,0,0,0,0
696,United Arab Emirates,1991,0,0,0,0,0,0,0,0,0,0,0,0,0,0
696,United Arab Emirates,1992,0,0,0,0,0,0,0,0,0,0,0,0,0,0
696,United Arab Emirates,1993,0,0,0,0,0,0,0,0,0,0,0,0,0,0
696,United Arab Emirates,1994,0,0,0,0,0,0,0,0,0,0,0,0,0,0
696,United Arab Emirates,1995,0,0,0,0,0,0,0,0,0,0,0,0,0,0
696,United Arab Emirates,1996,0,0,0,0,0,0,0,0,0,0,0,0,0,0
696,United Arab Emirates,1997,0,0,0,0,0,0,0,0,0,0,0,0,0,0
696,United Arab Emirates,1998,0,0,0,0,0,0,0,0,0,0,0,0,0,0
696,United Arab Emirates,1999,0,0,0,0,0,0,0,0,0,0,0,0,0,0
696,United Arab Emirates,2000,0,0,0,0,0,0,0,0,0,0,0,0,0,0
696,United Arab Emirates,2001,0,0,0,0,0,0,0,0,0,0,0,0,0,0
696,United Arab Emirates,2002,0,0,0,0,0,0,0,0,0,0,0,0,0,0
696,United Arab Emirates,2003,0,0,0,0,0,0,0,0,0,0,0,0,0,0
696,United Arab Emirates,2004,0,0,0,0,0,0,0,0,0,0,0,0,0,0
696,United Arab Emirates,2005,0,0,0,0,0,0,0,0,0,0,0,0,0,0
696,United Arab Emirates,2006,0,0,0,0,0,0,0,0,0,0,0,0,0,0
696,United Arab Emirates,2007,0,0,0,0,0,0,0,0,0,0,0,0,0,0
696,United Arab Emirates,2008,0,0,0,0,0,0,0,0,0,0,0,0,0,0
696,United Arab Emirates,2009,0,0,0,0,0,0,0,0,0,0,0,0,0,0
696,United Arab Emirates,2010,1,1,1,1,1,0,0,0,0,0,0,0,0,1
696,United Arab Emirates,2011,0,0,0,0,0,0,0,0,0,0,0,0,0,0
696,United Arab Emirates,2012,0,0,0,0,0,0,0,0,0,0,0,0,0,0
696,United Arab Emirates,2013,0,0,0,0,0,0,0,0,0,0,0,0,0,0
696,United Arab Emirates,2014,0,0,0,0,0,0,0,0,0,0,0,0,0,0
696,United Arab Emirates,2015,0,0,0,0,0,0,0,0,0,0,0,0,0,0
696,United Arab Emirates,2016,0,0,0,0,0,0,0,0,0,0,0,0,0,0
696,United Arab Emirates,2017,0,0,0,0,0,0,0,0,0,0,0,0,0,0
696,United Arab Emirates,2018,0,0,0,0,0,0,0,0,0,0,0,0,0,0
696,United Arab Emirates,2019,0,0,0,0,0,0,0,0,0,0,0,0,0,0
696,United Arab Emirates,2020,0,0,0,0,0,0,0,0,0,0,0,0,0,0
696,United Arab Emirates,2021,0,0,0,0,0,0,0,0,0,0,0,0,0,0
696,United Arab Emirates,2022,1,1,3,1,3,0,0,0,0,0,0,0,0,3
696,United Arab Emirates,2023,0,0,0,0,0,0,0,0,0,0,0,0,0,0
696,United Arab Emirates,2024,0,0,0,0,0,0,0,0,0,0,0,0,0,0
200,United Kingdom,1990,1,1,41,1,41,0,0,0,0,0,1,6,0,47
200,United Kingdom,1991,1,1,26,1,26,0,0,0,0,0,1,12,0,38
200,United Kingdom,1992,1,1,17,1,17,0,0,0,0,0,1,22,0,39
200,United Kingdom,1993,1,1,15,1,15,0,0,0,0,0,1,32,0,47
200,United Kingdom,1994,1,1,6,1,6,0,0,0,0,0,1,10,0,16
200,United Kingdom,1995,0,0,0,0,0,0,0,0,0,0,0,0,0,0
200,United Kingdom,1996,1,1,2,1,2,0,0,0,0,0,0,0,0,2
200,United Kingdom,1997,1,1,3,1,3,0,0,0,0,0,1,2,0,5
200,United Kingdom,1998,1,1,29,1,29,0,0,0,0,0,1,2,0,31
200,United Kingdom,1999,0,0,0,0,0,0,0,0,0,0,0,0,0,0
200,United Kingdom,2000,0,0,0,0,0,0,0,0,0,0,1,1,0,1
200,United Kingdom,2001,0,0,0,0,0,0,0,0,0,0,1,1,0,1
200,United Kingdom,2002,0,0,0,0,0,0,0,0,0,0,1,3,0,3
200,United Kingdom,2003,0,0,0,0,0,0,0,0,0,0,1,1,0,1
200,United Kingdom,2004,0,0,0,0,0,0,0,0,0,0,1,1,0,1
200,United Kingdom,2005,0,0,0,0,0,0,0,0,0,0,1,53,0,53
200,United Kingdom,2006,0,0,0,0,0,0,0,0,0,0,1,0,0,0
200,United Kingdom,2007,0,0,0,0,0,0,0,0,0,0,0,0,0,0
200,United Kingdom,2008,0,0,0,0,0,0,0,0,0,0,0,0,0,0
200,United Kingdom,2009,1,1,2,1,2,0,0,0,0,0,1,0,0,2
200,United Kingdom,2010,0,0,0,0,0,0,0,0,0,0,0,0,0,0
200,United Kingdom,2011,1,1,1,1,1,0,0,0,0,0,0,0,0,1
200,United Kingdom,2012,0,0,0,0,0,0,0,0,0,0,0,0,0,0
200,United Kingdom,2013,0,0,0,0,0,0,0,0,0,0,0,0,0,0
200,United Kingdom,2014,0,0,0,0,0,0,0,0,0,0,0,0,0,0
200,United Kingdom,2015,0,0,0,0,0,0,0,0,0,0,0,0,0,0
200,United Kingdom,2016,0,0,0,0,0,0,0,0,0,0,0,0,0,0
200,United Kingdom,2017,0,0,0,0,0,0,0,0,0,0,0,0,0,0
200,United Kingdom,2018,0,0,0,0,0,0,0,0,0,0,0,0,0,0
200,United Kingdom,2019,1,2,2,1,2,0,0,0,0,0,1,2,0,4
200,United Kingdom,2020,0,0,0,0,0,0,0,0,0,0,0,0,0,0
200,United Kingdom,2021,0,0,0,0,0,0,0,0,0,0,0,0,0,0
200,United Kingdom,2022,0,0,0,0,0,0,0,0,0,0,0,0,0,0
200,United Kingdom,2023,0,0,0,0,0,0,0,0,0,0,0,0,0,0
200,United Kingdom,2024,0,0,0,0,0,0,0,0,0,0,0,0,0,0
2,United States of America,1990,0,0,0,0,0,0,0,0,0,0,0,0,0,0
2,United States of America,1991,0,0,0,0,0,0,0,0,0,0,0,0,0,0
2,United States of America,1992,0,0,0,0,0,0,0,0,0,0,0,0,0,0
2,United States of America,1993,0,0,0,0,0,0,0,0,0,0,0,0,0,0
2,United States of America,1994,0,0,0,0,0,0,0,0,0,0,0,0,0,0
2,United States of America,1995,0,0,0,0,0,0,0,0,0,0,0,0,0,0
2,United States of America,1996,0,0,0,0,0,0,0,0,0,0,0,0,0,0
2,United States of America,1997,0,0,0,0,0,0,0,0,0,0,0,0,0,0
2,United States of America,1998,0,0,0,0,0,0,0,0,0,0,0,0,0,0
2,United States of America,1999,0,0,0,0,0,0,0,0,0,0,0,0,0,0
2,United States of America,2000,0,0,0,0,0,0,0,0,0,0,0,0,0,0
2,United States of America,2001,1,1,233,1,233,0,0,0,0,0,1,2753,0,2986
2,United States of America,2002,0,0,0,0,0,0,0,0,0,0,0,0,0,0
2,United States of America,2003,0,0,0,0,0,0,0,0,0,0,0,0,0,0
2,United States of America,2004,0,0,0,0,0,0,0,0,0,0,0,0,0,0
2,United States of America,2005,0,0,0,0,0,0,0,0,0,0,0,0,0,0
2,United States of America,2006,0,0,0,0,0,0,0,0,0,0,0,0,0,0
2,United States of America,2007,0,0,0,0,0,0,0,0,0,0,0,0,0,0
2,United States of America,2008,0,0,0,0,0,0,0,0,0,0,0,0,0,0
2,United States of America,2009,0,0,0,0,0,0,0,0,0,0,0,0,0,0
2,United States of America,2010,0,0,0,0,0,0,0,1,1,2,0,0,0,2
2,United States of America,2011,0,0,0,0,0,0,0,0,0,0,0,0,0,0
2,United States of America,2012,0,0,0,0,0,0,0,0,0,0,0,0,0,0
2,United States of America,2013,0,0,0,0,0,0,0,0,0,0,0,0,0,0
2,United States of America,2014,0,0,0,0,0,0,0,0,0,0,0,0,0,0
2,United States of America,2015,0,0,0,0,0,0,0,0,0,0,1,14,0,14
2,United States of America,2016,0,0,0,0,0,0,0,0,0,0,0,0,0,0
2,United States of America,2017,0,0,0,0,0,0,0,0,0,0,1,8,0,8
2,United States of America,2018,0,0,0,0,0,0,0,0,0,0,1,1,0,1
2,United States of America,2019,0,0,0,0,0,0,0,1,1,4,0,0,0,4
2,United States of America,2020,0,0,0,0,0,0,0,0,0,0,0,0,0,0
2,United States of America,2021,0,0,0,0,0,0,0,0,0,0,0,0,0,0
2,United States of America,2022,0,0,0,0,0,0,0,1,1,1,0,0,0,1
2,United States of America,2023,0,0,0,0,0,0,0,0,0,0,0,0,0,0
2,United States of America,2024,0,0,0,0,0,0,0,0,0,0,0,0,0,0
165,Uruguay,1990,0,0,0,0,0,0,0,0,0,0,0,0,0,0
165,Uruguay,1991,0,0,0,0,0,0,0,0,0,0,0,0,0,0
165,Uruguay,1992,0,0,0,0,0,0,0,0,0,0,0,0,0,0
165,Uruguay,1993,0,0,0,0,0,0,0,0,0,0,0,0,0,0
165,Uruguay,1994,0,0,0,0,0,0,0,0,0,0,0,0,0,0
165,Uruguay,1995,0,0,0,0,0,0,0,0,0,0,0,0,0,0
165,Uruguay,1996,0,0,0,0,0,0,0,0,0,0,0,0,0,0
165,Uruguay,1997,0,0,0,0,0,0,0,0,0,0,0,0,0,0
165,Uruguay,1998,0,0,0,0,0,0,0,0,0,0,0,0,0,0
165,Uruguay,1999,0,0,0,0,0,0,0,0,0,0,0,0,0,0
165,Uruguay,2000,0,0,0,0,0,0,0,0,0,0,0,0,0,0
165,Uruguay,2001,0,0,0,0,0,0,0,0,0,0,0,0,0,0
165,Uruguay,2002,0,0,0,0,0,0,0,0,0,0,0,0,0,0
165,Uruguay,2003,0,0,0,0,0,0,0,0,0,0,0,0,0,0
165,Uruguay,2004,0,0,0,0,0,0,0,0,0,0,0,0,0,0
165,Uruguay,2005,0,0,0,0,0,0,0,0,0,0,0,0,0,0
165,Uruguay,2006,0,0,0,0,0,0,0,0,0,0,0,0,0,0
165,Uruguay,2007,0,0,0,0,0,0,0,0,0,0,0,0,0,0
165,Uruguay,2008,0,0,0,0,0,0,0,0,0,0,0,0,0,0
165,Uruguay,2009,0,0,0,0,0,0,0,0,0,0,0,0,0,0
165,Uruguay,2010,0,0,0,0,0,0,0,0,0,0,0,0,0,0
165,Uruguay,2011,0,0,0,0,0,0,0,0,0,0,0,0,0,0
165,Uruguay,2012,0,0,0,0,0,0,0,0,0,0,0,0,0,0
165,Uruguay,2013,0,0,0,0,0,0,0,0,0,0,0,0,0,0
165,Uruguay,2014,0,0,0,0,0,0,0,0,0,0,0,0,0,0
165,Uruguay,2015,0,0,0,0,0,0,0,0,0,0,0,0,0,0
165,Uruguay,2016,0,0,0,0,0,0,0,0,0,0,0,0,0,0
165,Uruguay,2017,0,0,0,0,0,0,0,0,0,0,0,0,0,0
165,Uruguay,2018,0,0,0,0,0,0,0,0,0,0,0,0,0,0
165,Uruguay,2019,0,0,0,0,0,0,0,0,0,0,0,0,0,0
165,Uruguay,2020,0,0,0,0,0,0,0,0,0,0,0,0,0,0
165,Uruguay,2021,0,0,0,0,0,0,0,0,0,0,0,0,0,0
165,Uruguay,2022,0,0,0,0,0,0,0,0,0,0,0,0,0,0
165,Uruguay,2023,0,0,0,0,0,0,0,0,0,0,0,0,0,0
165,Uruguay,2024,0,0,0,0,0,0,0,0,0,0,0,0,0,0
704,Uzbekistan,1991,0,0,0,0,0,0,0,0,0,0,0,0,0,0
704,Uzbekistan,1992,0,0,0,0,0,0,0,0,0,0,0,0,0,0
704,Uzbekistan,1993,0,0,0,0,0,0,0,0,0,0,0,0,0,0
704,Uzbekistan,1994,0,0,0,0,0,0,0,0,0,0,0,0,0,0
704,Uzbekistan,1995,0,0,0,0,0,0,0,0,0,0,0,0,0,0
704,Uzbekistan,1996,0,0,0,0,0,0,0,0,0,0,0,0,0,0
704,Uzbekistan,1997,0,0,0,0,0,0,0,0,0,0,0,0,0,0
704,Uzbekistan,1998,0,0,0,0,0,0,0,0,0,0,0,0,0,0
704,Uzbekistan,1999,1,1,50,1,50,0,0,0,0,0,0,0,0,50
704,Uzbekistan,2000,1,1,297,1,297,0,0,0,0,0,0,0,0,297
704,Uzbekistan,2001,0,0,0,0,0,0,0,0,0,0,0,0,0,0
704,Uzbekistan,2002,0,0,0,0,0,0,0,0,0,0,0,0,0,0
704,Uzbekistan,2003,0,0,0,0,0,0,0,0,0,0,0,0,0,0
704,Uzbekistan,2004,1,1,37,1,37,0,0,0,0,0,0,0,0,37
704,Uzbekistan,2005,0,0,0,0,0,0,0,0,0,0,0,0,0,0
704,Uzbekistan,2006,0,0,0,0,0,0,0,0,0,0,0,0,0,0
704,Uzbekistan,2007,0,0,0,0,0,0,0,0,0,0,0,0,0,0
704,Uzbekistan,2008,0,0,0,0,0,0,0,0,0,0,0,0,0,0
704,Uzbekistan,2009,1,1,16,1,16,0,0,0,0,0,0,0,0,16
704,Uzbekistan,2010,0,0,0,0,0,0,0,0,0,0,0,0,0,0
704,Uzbekistan,2011,0,0,0,0,0,0,0,0,0,0,0,0,0,0
704,Uzbekistan,2012,0,0,0,0,0,0,0,0,0,0,0,0,0,0
704,Uzbekistan,2013,0,0,0,0,0,0,0,0,0,0,0,0,0,0
704,Uzbekistan,2014,0,0,0,0,0,0,0,0,0,0,0,0,0,0
704,Uzbekistan,2015,0,0,0,0,0,0,0,0,0,0,0,0,0,0
704,Uzbekistan,2016,0,0,0,0,0,0,0,0,0,0,0,0,0,0
704,Uzbekistan,2017,0,0,0,0,0,0,0,0,0,0,0,0,0,0
704,Uzbekistan,2018,0,0,0,0,0,0,0,0,0,0,0,0,0,0
704,Uzbekistan,2019,0,0,0,0,0,0,0,0,0,0,0,0,0,0
704,Uzbekistan,2020,0,0,0,0,0,0,0,0,0,0,0,0,0,0
704,Uzbekistan,2021,0,0,0,0,0,0,0,0,0,0,0,0,0,0
704,Uzbekistan,2022,0,0,0,0,0,0,0,0,0,0,0,0,0,0
704,Uzbekistan,2023,0,0,0,0,0,0,0,0,0,0,0,0,0,0
704,Uzbekistan,2024,0,0,0,0,0,0,0,0,0,0,0,0,0,0
935,Vanuatu,1990,0,0,0,0,0,0,0,0,0,0,0,0,0,0
935,Vanuatu,1991,0,0,0,0,0,0,0,0,0,0,0,0,0,0
935,Vanuatu,1992,0,0,0,0,0,0,0,0,0,0,0,0,0,0
935,Vanuatu,1993,0,0,0,0,0,0,0,0,0,0,0,0,0,0
935,Vanuatu,1994,0,0,0,0,0,0,0,0,0,0,0,0,0,0
935,Vanuatu,1995,0,0,0,0,0,0,0,0,0,0,0,0,0,0
935,Vanuatu,1996,0,0,0,0,0,0,0,0,0,0,0,0,0,0
935,Vanuatu,1997,0,0,0,0,0,0,0,0,0,0,0,0,0,0
935,Vanuatu,1998,0,0,0,0,0,0,0,0,0,0,0,0,0,0
935,Vanuatu,1999,0,0,0,0,0,0,0,0,0,0,0,0,0,0
935,Vanuatu,2000,0,0,0,0,0,0,0,0,0,0,0,0,0,0
935,Vanuatu,2001,0,0,0,0,0,0,0,0,0,0,0,0,0,0
935,Vanuatu,2002,0,0,0,0,0,0,0,0,0,0,0,0,0,0
935,Vanuatu,2003,0,0,0,0,0,0,0,0,0,0,0,0,0,0
935,Vanuatu,2004,0,0,0,0,0,0,0,0,0,0,0,0,0,0
935,Vanuatu,2005,0,0,0,0,0,0,0,0,0,0,0,0,0,0
935,Vanuatu,2006,0,0,0,0,0,0,0,0,0,0,0,0,0,0
935,Vanuatu,2007,0,0,0,0,0,0,0,0,0,0,0,0,0,0
935,Vanuatu,2008,0,0,0,0,0,0,0,0,0,0,0,0,0,0
935,Vanuatu,2009,0,0,0,0,0,0,0,0,0,0,0,0,0,0
935,Vanuatu,2010,0,0,0,0,0,0,0,0,0,0,0,0,0,0
935,Vanuatu,2011,0,0,0,0,0,0,0,0,0,0,0,0,0,0
935,Vanuatu,2012,0,0,0,0,0,0,0,0,0,0,0,0,0,0
935,Vanuatu,2013,0,0,0,0,0,0,0,0,0,0,0,0,0,0
935,Vanuatu,2014,0,0,0,0,0,0,0,0,0,0,0,0,0,0
935,Vanuatu,2015,0,0,0,0,0,0,0,0,0,0,0,0,0,0
935,Vanuatu,2016,0,0,0,0,0,0,0,0,0,0,0,0,0,0
935,Vanuatu,2017,0,0,0,0,0,0,0,0,0,0,0,0,0,0
935,Vanuatu,2018,0,0,0,0,0,0,0,0,0,0,0,0,0,0
935,Vanuatu,2019,0,0,0,0,0,0,0,0,0,0,0,0,0,0
935,Vanuatu,2020,0,0,0,0,0,0,0,0,0,0,0,0,0,0
935,Vanuatu,2021,0,0,0,0,0,0,0,0,0,0,0,0,0,0
935,Vanuatu,2022,0,0,0,0,0,0,0,0,0,0,0,0,0,0
935,Vanuatu,2023,0,0,0,0,0,0,0,0,0,0,0,0,0,0
935,Vanuatu,2024,0,0,0,0,0,0,0,0,0,0,0,0,0,0
327,Vatican City State,1990,0,0,0,0,0,0,0,0,0,0,0,0,0,0
327,Vatican City State,1991,0,0,0,0,0,0,0,0,0,0,0,0,0,0
327,Vatican City State,1992,0,0,0,0,0,0,0,0,0,0,0,0,0,0
327,Vatican City State,1993,0,0,0,0,0,0,0,0,0,0,0,0,0,0
327,Vatican City State,1994,0,0,0,0,0,0,0,0,0,0,0,0,0,0
327,Vatican City State,1995,0,0,0,0,0,0,0,0,0,0,0,0,0,0
327,Vatican City State,1996,0,0,0,0,0,0,0,0,0,0,0,0,0,0
327,Vatican City State,1997,0,0,0,0,0,0,0,0,0,0,0,0,0,0
327,Vatican City State,1998,0,0,0,0,0,0,0,0,0,0,0,0,0,0
327,Vatican City State,1999,0,0,0,0,0,0,0,0,0,0,0,0,0,0
327,Vatican City State,2000,0,0,0,0,0,0,0,0,0,0,0,0,0,0
327,Vatican City State,2001,0,0,0,0,0,0,0,0,0,0,0,0,0,0
327,Vatican City State,2002,0,0,0,0,0,0,0,0,0,0,0,0,0,0
327,Vatican City State,2003,0,0,0,0,0,0,0,0,0,0,0,0,0,0
327,Vatican City State,2004,0,0,0,0,0,0,0,0,0,0,0,0,0,0
327,Vatican City State,2005,0,0,0,0,0,0,0,0,0,0,0,0,0,0
327,Vatican City State,2006,0,0,0,0,0,0,0,0,0,0,0,0,0,0
327,Vatican City State,2007,0,0,0,0,0,0,0,0,0,0,0,0,0,0
327,Vatican City State,2008,0,0,0,0,0,0,0,0,0,0,0,0,0,0
327,Vatican City State,2009,0,0,0,0,0,0,0,0,0,0,0,0,0,0
327,Vatican City State,2010,0,0,0,0,0,0,0,0,0,0,0,0,0,0
327,Vatican City State,2011,0,0,0,0,0,0,0,0,0,0,0,0,0,0
327,Vatican City State,2012,0,0,0,0,0,0,0,0,0,0,0,0,0,0
327,Vatican City State,2013,0,0,0,0,0,0,0,0,0,0,0,0,0,0
327,Vatican City State,2014,0,0,0,0,0,0,0,0,0,0,0,0,0,0
327,Vatican City State,2015,0,0,0,0,0,0,0,0,0,0,0,0,0,0
327,Vatican City State,2016,0,0,0,0,0,0,0,0,0,0,0,0,0,0
327,Vatican City State,2017,0,0,0,0,0,0,0,0,0,0,0,0,0,0
327,Vatican City State,2018,0,0,0,0,0,0,0,0,0,0,0,0,0,0
327,Vatican City State,2019,0,0,0,0,0,0,0,0,0,0,0,0,0,0
327,Vatican City State,2020,0,0,0,0,0,0,0,0,0,0,0,0,0,0
327,Vatican City State,2021,0,0,0,0,0,0,0,0,0,0,0,0,0,0
327,Vatican City State,2022,0,0,0,0,0,0,0,0,0,0,0,0,0,0
327,Vatican City State,2023,0,0,0,0,0,0,0,0,0,0,0,0,0,0
327,Vatican City State,2024,0,0,0,0,0,0,0,0,0,0,0,0,0,0
101,Venezuela,1990,0,0,0,0,0,0,0,0,0,0,1,64,64,64
101,Venezuela,1991,0,0,0,0,0,0,0,0,0,0,1,30,30,30
101,Venezuela,1992,1,1,144,1,144,0,0,0,0,0,1,79,79,223
101,Venezuela,1993,0,0,0,0,0,0,0,0,0,0,1,63,63,63
101,Venezuela,1994,0,0,0,0,0,0,0,1,1,127,1,37,37,164
101,Venezuela,1995,0,0,0,0,0,0,0,0,0,0,1,28,26,28
101,Venezuela,1996,0,0,0,0,0,0,0,0,0,0,1,33,33,33
101,Venezuela,1997,0,0,0,0,0,0,0,1,1,30,1,3,3,33
101,Venezuela,1998,0,0,0,0,0,0,0,0,0,0,1,10,10,10
101,Venezuela,1999,0,0,0,0,0,0,0,0,0,0,1,26,26,26
101,Venezuela,2000,0,0,0,0,0,0,0,0,0,0,1,27,25,27
101,Venezuela,2001,0,0,0,0,0,0,0,0,0,0,1,27,27,27
101,Venezuela,2002,0,0,0,0,0,0,0,1,1,7,1,20,20,27
101,Venezuela,2003,0,0,0,0,0,0,0,0,0,0,1,25,25,25
101,Venezuela,2004,0,0,0,0,0,0,0,0,0,0,1,31,31,31
101,Venezuela,2005,0,0,0,0,0,0,0,0,0,0,1,30,30,30
101,Venezuela,2006,0,0,0,0,0,0,0,0,0,0,1,22,22,22
101,Venezuela,2007,1,1,2,1,2,0,0,0,0,0,1,15,15,17
101,Venezuela,2008,0,0,0,0,0,0,0,0,0,0,1,27,27,27
101,Venezuela,2009,0,0,0,0,0,0,0,0,0,0,1,27,27,27
101,Venezuela,2010,0,0,0,0,0,0,0,0,0,0,1,23,23,23
101,Venezuela,2011,0,0,0,0,0,0,0,0,0,0,1,11,11,11
101,Venezuela,2012,0,0,0,0,0,0,0,1,1,25,1,8,8,33
101,Venezuela,2013,0,0,0,0,0,0,0,0,0,0,1,9,9,9
101,Venezuela,2014,0,0,0,0,0,0,0,0,0,0,1,49,44,49
101,Venezuela,2015,0,0,0,0,0,0,0,0,0,0,1,32,32,32
101,Venezuela,2016,0,0,0,0,0,0,0,0,0,0,1,60,60,60
101,Venezuela,2017,0,0,0,0,0,0,0,0,0,0,1,76,76,76
101,Venezuela,2018,0,0,0,0,0,0,0,0,0,0,1,94,87,94
101,Venezuela,2019,0,0,0,0,0,0,0,0,0,0,1,83,78,83
101,Venezuela,2020,0,0,0,0,0,0,0,0,0,0,1,5,5,5
101,Venezuela,2021,1,1,1,1,1,0,0,1,1,7,1,12,1,20
101,Venezuela,2022,1,1,0,1,0,0,0,1,1,9,1,30,19,39
101,Venezuela,2023,0,0,0,0,0,0,0,0,0,0,1,16,13,16
101,Venezuela,2024,0,0,0,0,0,0,0,0,0,0,1,12,12,12
816,Vietnam (North Vietnam),1990,0,0,0,0,0,0,0,0,0,0,0,0,0,0
816,Vietnam (North Vietnam),1991,0,0,0,0,0,0,0,0,0,0,0,0,0,0
816,Vietnam (North Vietnam),1992,0,0,0,0,0,0,0,0,0,0,0,0,0,0
816,Vietnam (North Vietnam),1993,0,0,0,0,0,0,0,0,0,0,0,0,0,0
816,Vietnam (North Vietnam),1994,0,0,0,0,0,0,0,0,0,0,0,0,0,0
816,Vietnam (North Vietnam),1995,0,0,0,0,0,0,0,0,0,0,0,0,0,0
816,Vietnam (North Vietnam),1996,0,0,0,0,0,0,0,0,0,0,0,0,0,0
816,Vietnam (North Vietnam),1997,0,0,0,0,0,0,0,0,0,0,0,0,0,0
816,Vietnam (North Vietnam),1998,0,0,0,0,0,0,0,0,0,0,0,0,0,0
816,Vietnam (North Vietnam),1999,0,0,0,0,0,0,0,0,0,0,0,0,0,0
816,Vietnam (North Vietnam),2000,0,0,0,0,0,0,0,0,0,0,0,0,0,0
816,Vietnam (North Vietnam),2001,0,0,0,0,0,0,0,0,0,0,0,0,0,0
816,Vietnam (North Vietnam),2002,0,0,0,0,0,0,0,0,0,0,0,0,0,0
816,Vietnam (North Vietnam),2003,0,0,0,0,0,0,0,0,0,0,0,0,0,0
816,Vietnam (North Vietnam),2004,0,0,0,0,0,0,0,0,0,0,0,0,0,0
816,Vietnam (North Vietnam),2005,0,0,0,0,0,0,0,0,0,0,0,0,0,0
816,Vietnam (North Vietnam),2006,0,0,0,0,0,0,0,0,0,0,0,0,0,0
816,Vietnam (North Vietnam),2007,0,0,0,0,0,0,0,0,0,0,0,0,0,0
816,Vietnam (North Vietnam),2008,0,0,0,0,0,0,0,0,0,0,0,0,0,0
816,Vietnam (North Vietnam),2009,0,0,0,0,0,0,0,0,0,0,0,0,0,0
816,Vietnam (North Vietnam),2010,0,0,0,0,0,0,0,0,0,0,0,0,0,0
816,Vietnam (North Vietnam),2011,0,0,0,0,0,0,0,0,0,0,0,0,0,0
816,Vietnam (North Vietnam),2012,0,0,0,0,0,0,0,0,0,0,0,0,0,0
816,Vietnam (North Vietnam),2013,0,0,0,0,0,0,0,0,0,0,0,0,0,0
816,Vietnam (North Vietnam),2014,0,0,0,0,0,0,0,0,0,0,0,0,0,0
816,Vietnam (North Vietnam),2015,0,0,0,0,0,0,0,0,0,0,0,0,0,0
816,Vietnam (North Vietnam),2016,0,0,0,0,0,0,0,0,0,0,0,0,0,0
816,Vietnam (North Vietnam),2017,0,0,0,0,0,0,0,0,0,0,0,0,0,0
816,Vietnam (North Vietnam),2018,0,0,0,0,0,0,0,0,0,0,0,0,0,0
816,Vietnam (North Vietnam),2019,0,0,0,0,0,0,0,0,0,0,0,0,0,0
816,Vietnam (North Vietnam),2020,0,0,0,0,0,0,0,0,0,0,0,0,0,0
816,Vietnam (North Vietnam),2021,0,0,0,0,0,0,0,0,0,0,0,0,0,0
816,Vietnam (North Vietnam),2022,0,0,0,0,0,0,0,0,0,0,0,0,0,0
816,Vietnam (North Vietnam),2023,0,0,0,0,0,0,0,0,0,0,0,0,0,0
816,Vietnam (North Vietnam),2024,0,0,0,0,0,0,0,0,0,0,0,0,0,0
678,Yemen (North Yemen),1990,0,0,0,0,0,0,0,0,0,0,0,0,0,0
678,Yemen (North Yemen),1991,0,0,0,0,0,0,0,0,0,0,0,0,0,0
678,Yemen (North Yemen),1992,0,0,0,0,0,0,0,0,0,0,0,0,0,0
678,Yemen (North Yemen),1993,0,0,0,0,0,0,0,0,0,0,0,0,0,0
678,Yemen (North Yemen),1994,1,1,1489,1,1489,0,0,0,0,0,0,0,0,1489
678,Yemen (North Yemen),1995,0,0,0,0,0,0,0,0,0,0,0,0,0,0
678,Yemen (North Yemen),1996,0,0,0,0,0,0,0,0,0,0,0,0,0,0
678,Yemen (North Yemen),1997,0,0,0,0,0,0,0,0,0,0,0,0,0,0
678,Yemen (North Yemen),1998,0,0,0,0,0,0,0,0,0,0,0,0,0,0
678,Yemen (North Yemen),1999,0,0,0,0,0,0,0,0,0,0,0,0,0,0
678,Yemen (North Yemen),2000,1,1,19,1,19,0,0,0,0,0,0,0,0,19
678,Yemen (North Yemen),2001,0,0,0,0,0,0,0,0,0,0,0,0,0,0
678,Yemen (North Yemen),2002,1,1,2,1,2,0,0,0,0,0,0,0,0,2
678,Yemen (North Yemen),2003,0,0,0,0,0,0,0,1,1,6,0,0,0,6
678,Yemen (North Yemen),2004,0,0,0,0,0,0,0,1,1,29,0,0,0,29
678,Yemen (North Yemen),2005,0,0,0,0,0,0,0,0,0,0,0,0,0,0
678,Yemen (North Yemen),2006,0,0,0,0,0,0,0,0,0,0,0,0,0,0
678,Yemen (North Yemen),2007,0,0,0,0,0,0,0,0,0,0,0,0,0,0
678,Yemen (North Yemen),2008,1,1,21,1,21,0,0,0,0,0,0,0,0,21
678,Yemen (North Yemen),2009,1,1,94,1,94,0,0,0,0,0,0,0,0,94
678,Yemen (North Yemen),2010,1,1,175,1,175,0,0,1,1,26,0,0,0,201
678,Yemen (North Yemen),2011,1,1,1143,1,1143,0,0,1,2,109,1,178,178,1430
678,Yemen (North Yemen),2012,1,1,2366,1,2366,0,0,1,2,95,0,0,0,2461
678,Yemen (North Yemen),2013,1,1,578,1,578,0,0,0,0,0,0,0,0,578
678,Yemen (North Yemen),2014,1,2,1826,1,1826,0,0,1,1,538,0,0,0,2364
678,Yemen (North Yemen),2015,1,4,7720,1,7720,0,0,1,3,386,1,19,15,8125
678,Yemen (North Yemen),2016,1,3,3019,1,3019,0,0,1,2,1005,1,3,0,4027
678,Yemen (North Yemen),2017,1,4,3145,1,3145,0,0,1,3,473,1,2,2,3620
678,Yemen (North Yemen),2018,1,3,4648,1,4648,0,0,1,5,346,1,2,2,4996
678,Yemen (North Yemen),2019,1,3,2638,1,2638,0,0,1,5,319,1,2,2,2959
678,Yemen (North Yemen),2020,1,4,6307,1,6306,1,1,1,3,395,1,52,52,6754
678,Yemen (North Yemen),2021,1,3,23366,1,23366,0,0,1,2,62,1,35,35,23463
678,Yemen (North Yemen),2022,1,4,2940,1,2940,1,0,1,2,259,1,21,21,3220
678,Yemen (North Yemen),2023,1,2,812,1,795,1,17,1,1,107,1,12,12,931
678,Yemen (North Yemen),2024,1,3,923,1,806,1,117,1,3,59,1,8,8,990
680,Yemen (South Yemen),1990,0,0,0,0,0,0,0,0,0,0,0,0,0,0
551,Zambia,1990,0,0,0,0,0,0,0,0,0,0,1,40,0,40
551,Zambia,1991,0,0,0,0,0,0,0,0,0,0,0,0,0,0
551,Zambia,1992,0,0,0,0,0,0,0,0,0,0,0,0,0,0
551,Zambia,1993,0,0,0,0,0,0,0,0,0,0,1,1,1,1
551,Zambia,1994,0,0,0,0,0,0,0,0,0,0,0,0,0,0
551,Zambia,1995,0,0,0,0,0,0,0,0,0,0,0,0,0,0
551,Zambia,1996,0,0,0,0,0,0,0,0,0,0,0,0,0,0
551,Zambia,1997,0,0,0,0,0,0,0,0,0,0,0,0,0,0
551,Zambia,1998,0,0,0,0,0,0,0,0,0,0,0,0,0,0
551,Zambia,1999,0,0,0,0,0,0,0,0,0,0,0,0,0,0
551,Zambia,2000,0,0,0,0,0,0,0,0,0,0,1,1,0,1
551,Zambia,2001,0,0,0,0,0,0,0,0,0,0,1,7,7,7
551,Zambia,2002,0,0,0,0,0,0,0,0,0,0,0,0,0,0
551,Zambia,2003,0,0,0,0,0,0,0,0,0,0,0,0,0,0
551,Zambia,2004,0,0,0,0,0,0,0,0,0,0,0,0,0,0
551,Zambia,2005,0,0,0,0,0,0,0,0,0,0,0,0,0,0
551,Zambia,2006,0,0,0,0,0,0,0,0,0,0,0,0,0,0
551,Zambia,2007,0,0,0,0,0,0,0,0,0,0,0,0,0,0
551,Zambia,2008,0,0,0,0,0,0,0,0,0,0,0,0,0,0
551,Zambia,2009,0,0,0,0,0,0,0,0,0,0,0,0,0,0
551,Zambia,2010,0,0,0,0,0,0,0,0,0,0,0,0,0,0
551,Zambia,2011,0,0,0,0,0,0,0,0,0,0,0,0,0,0
551,Zambia,2012,0,0,0,0,0,0,0,0,0,0,0,0,0,0
551,Zambia,2013,0,0,0,0,0,0,0,0,0,0,0,0,0,0
551,Zambia,2014,0,0,0,0,0,0,0,0,0,0,0,0,0,0
551,Zambia,2015,0,0,0,0,0,0,0,0,0,0,0,0,0,0
551,Zambia,2016,0,0,0,0,0,0,0,0,0,0,0,0,0,0
551,Zambia,2017,0,0,0,0,0,0,0,0,0,0,0,0,0,0
551,Zambia,2018,0,0,0,0,0,0,0,0,0,0,0,0,0,0
551,Zambia,2019,0,0,0,0,0,0,0,0,0,0,0,0,0,0
551,Zambia,2020,0,0,0,0,0,0,0,0,0,0,0,0,0,0
551,Zambia,2021,0,0,0,0,0,0,0,0,0,0,0,0,0,0
551,Zambia,2022,0,0,0,0,0,0,0,0,0,0,0,0,0,0
551,Zambia,2023,0,0,0,0,0,0,0,0,0,0,0,0,0,0
551,Zambia,2024,0,0,0,0,0,0,0,0,0,0,0,0,0,0
552,Zimbabwe (Rhodesia),1990,0,0,0,0,0,0,0,0,0,0,1,14,0,14
552,Zimbabwe (Rhodesia),1991,0,0,0,0,0,0,0,0,0,0,0,0,0,0
552,Zimbabwe (Rhodesia),1992,0,0,0,0,0,0,0,0,0,0,0,0,0,0
552,Zimbabwe (Rhodesia),1993,0,0,0,0,0,0,0,0,0,0,0,0,0,0
552,Zimbabwe (Rhodesia),1994,0,0,0,0,0,0,0,0,0,0,0,0,0,0
552,Zimbabwe (Rhodesia),1995,0,0,0,0,0,0,0,0,0,0,1,4,4,4
552,Zimbabwe (Rhodesia),1996,0,0,0,0,0,0,0,0,0,0,0,0,0,0
552,Zimbabwe (Rhodesia),1997,0,0,0,0,0,0,0,0,0,0,0,0,0,0
552,Zimbabwe (Rhodesia),1998,0,0,0,0,0,0,0,0,0,0,1,1,1,1
552,Zimbabwe (Rhodesia),1999,0,0,0,0,0,0,0,0,0,0,1,1,1,1
552,Zimbabwe (Rhodesia),2000,0,0,0,0,0,0,0,0,0,0,0,0,0,0
552,Zimbabwe (Rhodesia),2001,0,0,0,0,0,0,0,0,0,0,1,0,0,0
552,Zimbabwe (Rhodesia),2002,0,0,0,0,0,0,0,0,0,0,0,0,0,0
552,Zimbabwe (Rhodesia),2003,0,0,0,0,0,0,0,0,0,0,1,0,0,0
552,Zimbabwe (Rhodesia),2004,0,0,0,0,0,0,0,0,0,0,0,0,0,0
552,Zimbabwe (Rhodesia),2005,0,0,0,0,0,0,0,0,0,0,0,0,0,0
552,Zimbabwe (Rhodesia),2006,0,0,0,0,0,0,0,0,0,0,0,0,0,0
552,Zimbabwe (Rhodesia),2007,0,0,0,0,0,0,0,0,0,0,1,0,0,0
552,Zimbabwe (Rhodesia),2008,0,0,0,0,0,0,0,0,0,0,1,253,253,253
552,Zimbabwe (Rhodesia),2009,0,0,0,0,0,0,0,0,0,0,1,0,0,0
552,Zimbabwe (Rhodesia),2010,0,0,0,0,0,0,0,0,0,0,0,0,0,0
552,Zimbabwe (Rhodesia),2011,0,0,0,0,0,0,0,0,0,0,1,1,1,1
552,Zimbabwe (Rhodesia),2012,0,0,0,0,0,0,0,0,0,0,1,1,1,1
552,Zimbabwe (Rhodesia),2013,0,0,0,0,0,0,0,0,0,0,0,0,0,0
552,Zimbabwe (Rhodesia),2014,0,0,0,0,0,0,0,0,0,0,0,0,0,0
552,Zimbabwe (Rhodesia),2015,0,0,0,0,0,0,0,0,0,0,0,0,0,0
552,Zimbabwe (Rhodesia),2016,0,0,0,0,0,0,0,0,0,0,0,0,0,0
552,Zimbabwe (Rhodesia),2017,0,0,0,0,0,0,0,0,0,0,0,0,0,0
552,Zimbabwe (Rhodesia),2018,0,0,0,0,0,0,0,0,0,0,1,4,4,4
552,Zimbabwe (Rhodesia),2019,0,0,0,0,0,0,0,0,0,0,1,8,8,8
552,Zimbabwe (Rhodesia),2020,0,0,0,0,0,0,0,0,0,0,1,2,2,2
552,Zimbabwe (Rhodesia),2021,0,0,0,0,0,0,0,0,0,0,0,0,0,0
552,Zimbabwe (Rhodesia),2022,0,0,0,0,0,0,0,0,0,0,0,0,0,0
552,Zimbabwe (Rhodesia),2023,0,0,0,0,0,0,0,0,0,0,0,0,0,0
552,Zimbabwe (Rhodesia),2024,0,0,0,0,0,0,0,0,0,0,0,0,0,0
