country_name,country_code,wjp_f2_absence_corruption,wjp_f3_open_government,wjp_f4_fundamental_rights,wjp_f5_order_security,wjp_f6_regulatory_enforcement,wjp_f6_5_no_expropriation,wjp_f7_civil_justice,wjp_f8_criminal_justice,year
Albania,ALB,0.3118329342782579,0.4449562379571949,0.6312332076070237,0.7291120454822405,0.42601226188907526,0.54,0.5074784650780525,0.4100515808987622,2013
Argentina,ARG,0.4747296419384655,0.47980682937634034,0.6307413508045583,0.5957185349521918,0.4310742966961983,0.43,0.5366584392268444,0.43436517423791143,2013
Australia,AUS,0.8967287344722012,0.8407632944387528,0.8428607073571279,0.8588113386571005,0.8305448482948273,0.8,0.7232830972083272,0.7236429265658986,2013
Austria,AUT,0.7734109758167311,0.8022363309868955,0.8243385391543245,0.8852567578815985,0.8448388402915962,0.86,0.7439239997169994,0.747908091812146,2013
Bangladesh,BGD,0.29001626641235384,0.3521682217922595,0.43368755570760653,0.6238574321444205,0.35557207886821995,0.48,0.32247674314856,0.3818360044217273,2013
Belarus,BLR,0.5034584252074124,0.3573422509227768,0.45363332681779484,0.7787137872324847,0.5573516025652747,0.47,0.6296182732063922,0.593916712076734,2013
Belgium,BEL,0.7822813471465131,0.6675491466027114,0.8131221231463245,0.8366062074016126,0.6976036621271301,0.76,0.6781502911955671,0.7158034531413181,2013
Bolivia,BOL,0.24491313563896622,0.411145889086254,0.4885871576599317,0.6748822711964498,0.37442681176291737,0.39,0.3789452634827265,0.28212521267580826,2013
Bosnia and Herzegovina,BIH,0.4661862285993301,0.49076496145423815,0.6719356744497328,0.7625418564450243,0.5300409307701319,0.59,0.4994970230493538,0.6171539300805876,2013
Botswana,BWA,0.7534426446104103,0.6723145540117157,0.5927747686871245,0.7643394860800755,0.7126306218833779,0.76,0.6542717185789104,0.7173973968224585,2013
Brazil,BRA,0.5227219822952456,0.54354909029829,0.6947780141148396,0.6355866497287609,0.5557352892360395,0.57,0.5546280514764179,0.485032514366572,2013
Bulgaria,BGR,0.45726631115612915,0.530962868978444,0.680502482014302,0.7386699330792741,0.4999921052930909,0.57,0.5661290625909735,0.387255443160126,2013
Burkina Faso,BFA,0.49639320051816443,0.41008233566197017,0.5853238237080725,0.7027446967217381,0.5649325814994505,0.68,0.5889906259652077,0.44652524019713075,2013
Cambodia,KHM,0.3095372702256043,0.3653081147377981,0.4324992479885253,0.7028245264459669,0.3271216416226614,0.33,0.37437709495704274,0.3965153189454826,2013
Cameroon,CMR,0.20123941578361718,0.2675702012182509,0.42020262563854555,0.6162460754229896,0.28347509339454224,0.35,0.34594980055639335,0.31706423282054147,2013
Canada,CAN,0.8062545332671343,0.8395729547895915,0.7779774270773672,0.8808014348623615,0.7853736015620237,0.83,0.7231395546019926,0.7483863194640358,2013
Chile,CHL,0.7389208735275772,0.6815724899036798,0.7293100502530141,0.7037944202119641,0.6554703218106104,0.77,0.6601082844213385,0.6024559098025976,2013
China,CHN,0.5185998686553852,0.4213834489519603,0.3544278068324083,0.7837617464895129,0.4069148078475844,0.27,0.4306542103835595,0.5433505343272917,2013
Colombia,COL,0.43734033044426857,0.5133887692147059,0.5474346847087118,0.42748009883420485,0.5183000341831299,0.7,0.5345278351313624,0.4315201644016633,2013
Côte d'Ivoire,CIV,0.3943808833631558,0.3746638392785211,0.49975617180950704,0.5761444870536713,0.4836038199184651,0.65,0.5092279646690071,0.372024763813345,2013
Croatia,HRV,0.5467458901485189,0.5285473536910115,0.6723092549083088,0.7678772963225059,0.4839712591261411,0.59,0.5120393055586049,0.5272995715917405,2013
Czechia,CZE,0.6178882882160722,0.4907376528401953,0.7852380897468064,0.8099343248785654,0.592062001487899,0.7,0.6471947324489074,0.6961090269476861,2013
Denmark,DNK,0.9533835540376235,0.8243028573211892,0.9085948930954882,0.9132621635355277,0.8458005853736298,0.84,0.7860079504814018,0.87198480408056,2013
Dominican Republic,DOM,0.35787500511884474,0.5224536128385792,0.6715599993641814,0.600949893526049,0.447166069630842,0.47,0.5113724001037186,0.47147212527304533,2013
Ecuador,ECU,0.4654552086247125,0.37816862185525496,0.56133509104895,0.5636565175607818,0.46235007045203547,0.44,0.4244972771542976,0.4364030932836788,2013
"Egypt, Arab Rep.",EGY,0.5134657657438537,0.4775037911262625,0.43222602723307724,0.6682065285736244,0.4176038288143108,0.62,0.4652763970212073,0.4534148011917086,2013
El Salvador,SLV,0.45110131171743334,0.3746513959916804,0.5796778621423312,0.5803002966906549,0.5179243679541725,0.49,0.4920833767393415,0.24922651996829698,2013
Estonia,EST,0.7734494396402283,0.7126099527232745,0.7870584978801831,0.8231811859572412,0.7278304723450295,0.71,0.7072114029114412,0.7481764847063863,2013
Ethiopia,ETH,0.43781227092312247,0.29361159087977967,0.4066432242185516,0.5626429892696251,0.36171651417257406,0.43,0.4550318632821983,0.4922209399277921,2013
Finland,FIN,0.931409059807514,0.8384236424630362,0.9004939832955481,0.9166819007671845,0.8211834504008089,0.76,0.7884438672411129,0.8673984611327,2013
France,FRA,0.8020055626475493,0.751371940026249,0.785764826215241,0.8409906780271248,0.7621882164833197,0.75,0.6835790649691267,0.6878025792859387,2013
Georgia,GEO,0.7687037533123615,0.46525804017238337,0.6058287779126825,0.8393216481484281,0.6320956860059256,0.42,0.6140106958189212,0.6572590863008466,2013
Germany,DEU,0.8202622534281774,0.7285988868102709,0.8040731975716934,0.862647537664825,0.7315180821199563,0.8,0.7999799850483367,0.7607916878682757,2013
Ghana,GHA,0.4472985058478207,0.553457871207547,0.7185210244586134,0.6797464041605868,0.5216159688213062,0.67,0.6050859016342199,0.449112235619981,2013
Greece,GRC,0.5634485078052034,0.5080636409489357,0.7186466933522754,0.7321554984981975,0.5403383824326294,0.64,0.6141179238516173,0.5028985236211313,2013
Guatemala,GTM,0.2924890209332174,0.4602820279819032,0.5918964750950072,0.5865651307356087,0.43363866178256333,0.48,0.4083093802045674,0.3740005777296149,2013
"Hong Kong SAR, China",HKG,0.8920613637972921,0.8154772527261589,0.7054862319352159,0.9268192419007403,0.7506565232135666,0.65,0.7055418715117894,0.7609642727342132,2013
Hungary,HUN,0.722214123223442,0.5183176625603141,0.716361735984151,0.829983746625805,0.5961879347769905,0.57,0.5508206756645793,0.6389485872045709,2013
India,IND,0.31920474522255005,0.4780906717724051,0.5555645196941046,0.3934885442879721,0.40841647587740476,0.6,0.4461348747477904,0.439657076566803,2013
Indonesia,IDN,0.3049786279491791,0.5263304569987297,0.5628944877322553,0.7160440752146519,0.5013144558654293,0.58,0.49487716783948416,0.4465449875817153,2013
"Iran, Islamic Rep.",IRN,0.4872603480623785,0.38406730858604776,0.27203492650684064,0.6759941021413072,0.5447412200548349,0.61,0.6240033904128044,0.44997929490185484,2013
Italy,ITA,0.6241685861281103,0.4873269111829395,0.7234365305084833,0.7645223390613506,0.556494614316612,0.61,0.5588016135912556,0.6729423990444745,2013
Jamaica,JAM,0.510368552673662,0.4115293873767558,0.5853809050510301,0.5996556505734347,0.5461417476657113,0.59,0.5072036240538071,0.41809107977975685,2013
Japan,JPN,0.8444852300568908,0.818671027522597,0.7811346775414674,0.8878397474815752,0.8659417191725822,0.94,0.7704991554180803,0.6778677050005658,2013
Jordan,JOR,0.5691797906374068,0.4623460688852458,0.49787593696950794,0.7490559689662765,0.586533889659945,0.72,0.6453135217119191,0.5166635347751817,2013
Kazakhstan,KAZ,0.37927327599906413,0.3589718790450593,0.49816325652577503,0.7396245725687685,0.4373289720479872,0.52,0.4857371976578018,0.45671159942887124,2013
Kenya,KEN,0.26770900271176695,0.43739426777272405,0.5352781663807306,0.6197214948647767,0.39264605880303255,0.47,0.47368029386929095,0.3979868595602558,2013
"Korea, Rep.",KOR,0.7354072419745821,0.7353657283334205,0.7595640647027331,0.8183502087115192,0.6747586225599165,0.69,0.7168602809396907,0.7558376706796901,2013
Kyrgyz Republic,KGZ,0.26280851924545723,0.44054051181108395,0.5127613605705664,0.736868262291996,0.4330687800669251,0.38,0.45811291802248916,0.35108674601507917,2013
Lebanon,LBN,0.42335380119871535,0.46827598026201916,0.6459849808108138,0.6810439464522556,0.38386994742547575,0.5,0.4543512864513848,0.48649375434284126,2013
Liberia,LBR,0.3569380353726043,0.38834236345584555,0.5217232887455149,0.5603914738328886,0.22678220264189086,0.35,0.32733399220683207,0.34912074402840326,2013
Madagascar,MDG,0.38931293720442073,0.49872039776999044,0.5756558486660007,0.7602151058418175,0.46033128136524226,0.51,0.5349744945237483,0.4949091644186444,2013
Malawi,MWI,0.437999548395962,0.4278841007554233,0.47473204297579397,0.6894054407799116,0.4498630073600701,0.54,0.5943489494045396,0.4512026543385468,2013
Malaysia,MYS,0.6870029580495124,0.48361213446887474,0.4997431273119438,0.8552477157285132,0.523451597965302,0.39,0.5723684875031292,0.6114824017144268,2013
Mexico,MEX,0.3675316771819303,0.5322130269264893,0.5639057875628043,0.4961949720348015,0.48701089284242477,0.54,0.40132791814164337,0.3505412225726317,2013
Moldova,MDA,0.3291082173783849,0.43216876582470237,0.5396879926798835,0.7665103139334583,0.38923046734796063,0.43,0.41639734483525154,0.4039829815621055,2013
Mongolia,MNG,0.40471460405454135,0.3473671613007954,0.6202573217422598,0.7456149227591476,0.4752115822319455,0.46,0.5267563328098779,0.5436862357274692,2013
Morocco,MAR,0.3261892841501585,0.5103093698460959,0.47539674346450933,0.7212423216571545,0.473650152518066,0.7,0.5390035051373612,0.35418598877015156,2013
Nepal,NPL,0.3981133164665761,0.3807357672191127,0.5890227798279556,0.6860232711444003,0.4404162038581389,0.53,0.4296301750403605,0.5387764969064525,2013
Netherlands,NLD,0.9307893173789292,0.9032151387672239,0.8366388614442037,0.858892531097175,0.8272745225045013,0.92,0.8034923209802055,0.8005798331559209,2013
New Zealand,NZL,0.9218830160912995,0.8422474133326413,0.8607490654866529,0.8715619851092048,0.8209271152971725,0.76,0.7599610722613173,0.7937973990195555,2013
Nicaragua,NIC,0.3958789710469657,0.4769126670260064,0.5368981713300247,0.6372697991227622,0.4466216842672474,0.42,0.42320953320992916,0.4230203910012486,2013
Nigeria,NGA,0.24549908850896568,0.35104074980760336,0.44886212366303774,0.4735202746325315,0.415050264909961,0.52,0.5285198778435426,0.2832213763963086,2013
North Macedonia,MKD,0.5474619853852206,0.6231014771319918,0.6375067476198477,0.7507544289255906,0.5610221687190691,0.66,0.5323103407083881,0.5340233356379326,2013
Norway,NOR,0.9414527349761193,0.8446522786219044,0.9046369825413492,0.8745200676119125,0.8296978436567823,0.86,0.8162277648163724,0.8457877696598921,2013
Pakistan,PAK,0.27557641905851255,0.34747360924486437,0.3978235931263247,0.2947947300358787,0.36223808409833397,0.46,0.39448558234708414,0.387801706243191,2013
Panama,PAN,0.4076117539674321,0.6024103126924574,0.6270910070647572,0.6836202315170358,0.5175668339699979,0.59,0.5051130621750662,0.38377187586402695,2013
Peru,PER,0.3658171411295407,0.429732448015133,0.7001210330181403,0.6207613610039061,0.4801129973249406,0.6,0.4313771376759603,0.45162948151762483,2013
Philippines,PHL,0.4139081076223812,0.4550872173244476,0.5692585865685468,0.6025011752810551,0.5089609281672882,0.48,0.4270247161072315,0.41928201801023673,2013
Poland,POL,0.7180146379804256,0.5938107768361249,0.8468606477474738,0.8088997719562411,0.6111369924479263,0.66,0.6293374426734514,0.7328397088395385,2013
Portugal,PRT,0.6789111775401024,0.6155060503843445,0.750242922629008,0.7436114001356969,0.5719730868989994,0.64,0.6152412839208831,0.6246167651764408,2013
Romania,ROU,0.5001427474038979,0.5086174941156962,0.7303543926726546,0.8024815779224749,0.5379069175839558,0.65,0.5860435165847725,0.5980678832257162,2013
Russian Federation,RUS,0.3907091738481854,0.4083592404598642,0.46698270589189095,0.4918513057002003,0.44529897572869165,0.39,0.4958974581983884,0.3951724272575839,2013
Senegal,SEN,0.48835424878569567,0.4056689949356419,0.6166400035072706,0.6525635682695318,0.5802049126800863,0.74,0.5775006916953177,0.46455670098161417,2013
Serbia,SRB,0.4237408717484531,0.43510294283300616,0.6097723954998995,0.7519024826204209,0.4322824091520654,0.49,0.47136392204221483,0.4496496401872001,2013
Sierra Leone,SLE,0.3614730159437346,0.2553799977483408,0.6286731270476332,0.6411540047940741,0.3337934576573695,0.5,0.542357481772603,0.3590006739910106,2013
Singapore,SGP,0.9082929120292382,0.6744218430024038,0.7254531872158911,0.9279978327644721,0.8048821330069252,0.66,0.7884960541308229,0.8651268795106375,2013
Slovenia,SVN,0.6205261978819303,0.6345975408069047,0.7752380426886271,0.8016389464159319,0.5859436094978394,0.71,0.5958061293353387,0.5920493786328535,2013
South Africa,ZAF,0.4988975278620938,0.6113709106497668,0.6427587689166219,0.5583010686617158,0.5431653783370277,0.66,0.5470206158831395,0.493221886115064,2013
Spain,ESP,0.8009415211388249,0.6137246650841781,0.8570335231789831,0.7883561216944427,0.6741752902055318,0.65,0.6456055281666871,0.692366032303946,2013
Sri Lanka,LKA,0.5095327575651021,0.4997286989730364,0.5998659227333811,0.5350541490666928,0.5212568253610119,0.56,0.5226857386755518,0.6163562258873396,2013
Sweden,SWE,0.9564096107856281,0.9345737291915021,0.9289394913743426,0.8891859770861466,0.8927512311056656,0.86,0.7780176641614615,0.8230554054628668,2013
Tanzania,TZA,0.4060236499845927,0.41146206232529353,0.5258554743577373,0.6052464291138907,0.4417459179999472,0.56,0.48477860522136645,0.48737149278533537,2013
Thailand,THA,0.40724171413512933,0.504126900646748,0.65850912528813,0.6308878162988413,0.507411416323399,0.5,0.4320854545390888,0.5927417274243881,2013
Tunisia,TUN,0.5186056692359796,0.46465266645672265,0.559919245698609,0.7869301526135661,0.5467283972384969,0.68,0.5555957937673787,0.5245987195628233,2013
Türkiye,TUR,0.5520249077521141,0.46208973568719136,0.49380248877904065,0.6313748108044059,0.5463169016677869,0.63,0.5517525178054746,0.4195073766555294,2013
Uganda,UGA,0.3217303251355873,0.35770945461525844,0.4344624163819546,0.4786579291132263,0.38315241223199087,0.54,0.5128121901657511,0.43085187284066206,2013
Ukraine,UKR,0.254948713361401,0.438552296039945,0.5827695362136333,0.744075651337249,0.3548494734789734,0.37,0.518525397450156,0.39324416274660573,2013
United Arab Emirates,ARE,0.7444480814389585,0.4382146643709376,0.4714024089582414,0.9102678053356672,0.6452852015636557,0.57,0.6037091324598919,0.7486490772698708,2013
United Kingdom,GBR,0.7983590599288041,0.7824828552590514,0.7828087059349385,0.8433040076955658,0.789681532366824,0.78,0.7235465739802606,0.7546776171106814,2013
United States,USA,0.7760388998971517,0.7659253406407276,0.7256444526160573,0.8256044468223952,0.7033259375808072,0.64,0.6532126703726623,0.6538777707670501,2013
Uruguay,URY,0.7765330868352818,0.6193822717396666,0.7461951593408728,0.6950194160840694,0.71109766619284,0.85,0.7140848527465229,0.5035222439901561,2013
Uzbekistan,UZB,0.3001607896558689,0.3566818675715671,0.3358461860616058,0.8869764287361069,0.45769044537871695,0.26,0.4904740592011869,0.35802747887049335,2013
"Venezuela, RB",VEN,0.32318642085720856,0.359904166337436,0.4831042006256565,0.5098185775976823,0.32636116200697496,0.28,0.3781687784612098,0.236923896179383,2013
Vietnam,VNM,0.4298522648919531,0.34840166460887034,0.4814114970039223,0.8220964835421936,0.3909008029313778,0.34,0.43491010938215197,0.5694846751665794,2013
Zambia,ZMB,0.43913105385104234,0.38831081853051347,0.407644618261733,0.6725835812085738,0.40566704214771415,0.42,0.45780030427571916,0.36886519973087184,2013
Zimbabwe,ZWE,0.263538732459098,0.24213733452482408,0.3118367399178613,0.589876338217232,0.3489391788275086,0.17,0.399158153059493,0.43276598026981883,2013
Afghanistan,AFG,0.24085914343052245,0.3414212069911308,0.3875166212856287,0.4166019898679881,0.33245313359311,0.444128592628295,0.27310272993891743,0.2761120685903208,2014
Albania,ALB,0.34095256180841294,0.44341695544605797,0.5837999197836351,0.7355917645978872,0.44961948105394905,0.554237915663929,0.4951852846980104,0.35898047184963866,2014
Argentina,ARG,0.49228338645105035,0.4533946426597621,0.6663761285310615,0.6069293084082065,0.4314433850125921,0.4301493855602791,0.5406628356594064,0.3676904233424431,2014
Australia,AUS,0.861822585763431,0.751806400260849,0.8188821047823983,0.8617022063942393,0.8049316602166291,0.7828256493986727,0.7265908296559613,0.7269959962944987,2014
Austria,AUT,0.8389086025563649,0.777669622912459,0.8696666180473783,0.8785280553399685,0.8067133412147971,0.8625018150865718,0.7536168362157668,0.8094970851378823,2014
Bangladesh,BGD,0.2723588594978693,0.3614899229772609,0.425320269335026,0.6378912854764657,0.37295675301217956,0.4730189218777578,0.36383472873417777,0.2924463228136201,2014
Belarus,BLR,0.5278785192106262,0.38888818652567814,0.45523520090084074,0.7948118518517496,0.5300018855060482,0.4132945036476606,0.6036196784017734,0.43368189738719826,2014
Belgium,BEL,0.8140947599529356,0.6680642003617825,0.8296562877542646,0.8530606066041507,0.7100093816637034,0.7725621334130555,0.6885251551965256,0.6727415064877201,2014
Bolivia,BOL,0.3210050003472889,0.38048696455531256,0.4825643483088079,0.6096209409930126,0.3782773381559396,0.37681276923050844,0.3438510345314529,0.22914073099123014,2014
Bosnia and Herzegovina,BIH,0.45346670895273417,0.47775687832212166,0.6658839801730537,0.759954697300746,0.5110100605056432,0.5611654743754195,0.48474982023300595,0.5395084583158116,2014
Botswana,BWA,0.7277045760753994,0.6141745547852602,0.5667663507883602,0.8205804308557595,0.6795755558516936,0.7778301901797426,0.6070053552177895,0.634674821488228,2014
Brazil,BRA,0.4965415304793395,0.4963312348533957,0.6575190709468447,0.6636254732519028,0.534954131160003,0.5674306981594692,0.5068222079648198,0.36789456263606785,2014
Bulgaria,BGR,0.42767387543727364,0.4630144887223239,0.6540581406876835,0.7883332849281236,0.4691858519312305,0.4902574097757002,0.5263461705487761,0.41391274290653224,2014
Burkina Faso,BFA,0.45484622552446724,0.41383637859504857,0.5813495726580822,0.6865871497813155,0.5508809168760114,0.6430204914322393,0.5390629404761934,0.3776024909849722,2014
Cambodia,KHM,0.3258290622956046,0.3762245827155871,0.4565559085607614,0.7338130083824136,0.35645116616628475,0.3091241319062792,0.3392616670592208,0.2903104818718957,2014
Cameroon,CMR,0.26101580172639743,0.33165951360192525,0.46074417166999193,0.6288047833322867,0.3642228680440105,0.5122491543507666,0.344665230063224,0.3069126262644439,2014
Canada,CAN,0.8053546926768502,0.8216649572066792,0.7663605308024487,0.855703699015223,0.7857246524734522,0.8211400637721384,0.7238221088965577,0.715538199366574,2014
Chile,CHL,0.7297591973460961,0.6474318195463855,0.7366208212079342,0.7104716258036959,0.6790874808265244,0.7617475741191515,0.6107182325736911,0.5700263081891898,2014
China,CHN,0.47930179742367146,0.40968842511135056,0.31261990771131976,0.8111168330400614,0.41350844858424,0.29102113297305554,0.4084817660314563,0.4313540453169758,2014
Colombia,COL,0.4302787716485935,0.48799350485740445,0.545679634843449,0.5832424753904232,0.499329291469066,0.6795114015446586,0.4948770400548868,0.35230162005566135,2014
Côte d'Ivoire,CIV,0.40584462276478556,0.34228394792352757,0.49629188954859027,0.6043101756630137,0.46667886653343393,0.6230317797175247,0.4843515852417181,0.4027627858684455,2014
Croatia,HRV,0.5418625840397018,0.49437150933186946,0.6434603314866337,0.7743392596300157,0.48590498695473094,0.5512393403790468,0.5230953086376757,0.5481593388140528,2014
Czechia,CZE,0.6016935752939928,0.5153260497991814,0.7983554181447667,0.8150162618909667,0.6267495668672034,0.6639756398524931,0.6475302338013474,0.6741612433514879,2014
Denmark,DNK,0.960238781571789,0.7929797877328839,0.9030538186504513,0.9049271124825987,0.8444715104753854,0.8334629884859612,0.8183299113165378,0.8401507587336481,2014
Dominican Republic,DOM,0.3704835566712909,0.4768703229762211,0.5951831201409297,0.5948897974876056,0.4156378249001961,0.5133796050873433,0.4803241312980508,0.3747203389432733,2014
Ecuador,ECU,0.46645923120116567,0.40299636667090766,0.5415991745754086,0.5739606627478723,0.4795891035382279,0.4855288442579755,0.4098651949570499,0.33112595516192683,2014
"Egypt, Arab Rep.",EGY,0.4615404702266818,0.4364389597697584,0.39108739128146025,0.671879330475598,0.41970178821992804,0.5593200384498567,0.3927598641287746,0.412497385391753,2014
El Salvador,SLV,0.45991230713264025,0.37272138968058427,0.618135703918853,0.6637230252413212,0.4909133220895561,0.45202264452113594,0.4715183559117338,0.3124114377591928,2014
Estonia,EST,0.7842215200740914,0.7068076412285482,0.7950377725488066,0.8395542393558627,0.7498559650541635,0.7365477140943744,0.7182778293493909,0.7208172155431288,2014
Ethiopia,ETH,0.4491438887387699,0.3213823364408341,0.3624325190609139,0.6563092975317029,0.37518528608889057,0.455338506352284,0.3926257834776342,0.44834959998170987,2014
Finland,FIN,0.8986892697438537,0.7610346603254293,0.8936186011574848,0.8869396765214627,0.7772154324694718,0.7326526184410285,0.751965670205206,0.8521242727982983,2014
France,FRA,0.7785168685285742,0.7044286353463015,0.7635459774840898,0.8076656001504872,0.7473781816389339,0.795995279139504,0.6911172467782293,0.6542402332445428,2014
Georgia,GEO,0.7137607291183252,0.48094159502762535,0.5803980125692425,0.8526130635347203,0.565718616653971,0.5283605865322145,0.5949078091071419,0.5104719810176576,2014
Germany,DEU,0.8280796651098242,0.7255169265926102,0.8395784322062155,0.8671937670093457,0.737859037640393,0.802203487916221,0.8216823988733465,0.7100170404464635,2014
Ghana,GHA,0.44292192090469124,0.4952248630593646,0.6605353963230787,0.7228438647288785,0.5292802792459466,0.6639517084032329,0.5870728060799681,0.43737776358231534,2014
Greece,GRC,0.561890536174564,0.5025505375251601,0.6851761581070446,0.7423995663393798,0.5370387811628443,0.6651377749977792,0.6120483925917465,0.4567045713987043,2014
Guatemala,GTM,0.3728505698019457,0.44874560289453413,0.5570588002155,0.5449476547073154,0.3948098186226901,0.4941428925328963,0.36352666908621006,0.3044487103795376,2014
"Hong Kong SAR, China",HKG,0.8480758265721648,0.7664338747137384,0.68265198924333,0.9048176776978698,0.7397218487508044,0.6639501424470843,0.7176476953450105,0.7311302006732937,2014
Hungary,HUN,0.6405742009797548,0.4977898752394248,0.6799910466267162,0.8446282648458098,0.570044888751649,0.5065669208314072,0.49078978811146395,0.5331724123227123,2014
India,IND,0.38593362512493246,0.5315021350076927,0.5397502344299159,0.5136669241319202,0.40159633773408965,0.5768344275818639,0.38638429714184425,0.44408345632996105,2014
Indonesia,IDN,0.35502836841647833,0.5376142934362966,0.53766336230315,0.7658675509304228,0.5175760507833921,0.606180812312727,0.4653428562478394,0.36720711703553094,2014
"Iran, Islamic Rep.",IRN,0.5032942888156284,0.34037718075723244,0.2344213162635994,0.633225804731547,0.5317300386667733,0.5463691443853449,0.5636900810946288,0.3815128345904442,2014
Italy,ITA,0.602407410485002,0.4925835078857621,0.732136660292604,0.7397686918716596,0.5850665966001347,0.6040289053589133,0.5763654347234676,0.6325131785720691,2014
Jamaica,JAM,0.4791824918512943,0.4439777340169193,0.6112068088837587,0.6519758068075822,0.5625936458743155,0.5714501023424299,0.47057365261656436,0.4172703598560494,2014
Japan,JPN,0.8356496382174544,0.7744627747784699,0.751102832664279,0.9161913713198498,0.7757797417960483,0.8108975324423666,0.7313559423798999,0.6864238644418725,2014
Jordan,JOR,0.5710299887189771,0.4325327075811156,0.4729662320782204,0.8490165533474459,0.5385704664453836,0.6743593609867773,0.623355097493727,0.5599446956759838,2014
Kazakhstan,KAZ,0.4314898315905964,0.3505959312884601,0.4842497394349318,0.7914989392977114,0.4568781062157218,0.4683892824635705,0.4694442416162227,0.40114758318492166,2014
Kenya,KEN,0.27949712059879717,0.3753896277101923,0.4623738640938935,0.6291246169798637,0.40687563774511437,0.5184715373156806,0.4419819472288338,0.3331669873125604,2014
"Korea, Rep.",KOR,0.7937649686782342,0.7402286025632461,0.7257937619592587,0.890225404400511,0.7364579159862447,0.6806496934911216,0.7359236758173362,0.761860329284408,2014
Kyrgyz Republic,KGZ,0.26916136123002365,0.41213716193577676,0.521882145761135,0.7393954818920867,0.4367352794794043,0.35597717528266204,0.42379952841582086,0.33113245688910464,2014
Lebanon,LBN,0.399926620985532,0.44134085709956566,0.6155003542512648,0.7626567512531414,0.4433342763259788,0.4871970605969246,0.448801600416055,0.41605150429526494,2014
Liberia,LBR,0.3375321111606947,0.35644586524728017,0.5676202469839419,0.5400536737966151,0.3342485311711657,0.48564638042927916,0.39156342687278095,0.32901761799072526,2014
Madagascar,MDG,0.33798060755323367,0.4248210844086694,0.47676631157974625,0.757274033196758,0.4007827296489802,0.5078748868218383,0.4085760414116707,0.35019097258910303,2014
Malawi,MWI,0.4266591779339804,0.38754409460166417,0.5527536968186865,0.6703641947021292,0.4140638962231334,0.5820013590333584,0.595744058224147,0.4817999484940024,2014
Malaysia,MYS,0.6417353165646666,0.4809690754262442,0.44615396627990045,0.8672035525786136,0.5146051415947432,0.37283620320571886,0.5682937283720101,0.533302788650636,2014
Mexico,MEX,0.36824937983114464,0.5187514996154994,0.5457215519372777,0.46980217867383667,0.49787383853546585,0.5732555996247208,0.3913634063819781,0.24648742748538224,2014
Moldova,MDA,0.3166304249703751,0.44495855424200154,0.5133355237814072,0.7732707073919837,0.4129028230927398,0.3918041737534425,0.41147198288254916,0.3349270158675817,2014
Mongolia,MNG,0.39266021190177103,0.3271875530388325,0.6097309200628079,0.7750530932568968,0.43300976671876884,0.42227578191316895,0.5191570231135396,0.48340265856581155,2014
Morocco,MAR,0.42970155782226716,0.4755978056932634,0.45181019515895665,0.760472162756364,0.538489912634952,0.6630033710809484,0.500945350291037,0.34878653571671997,2014
Myanmar,MMR,0.4289052334908467,0.30601412211470724,0.2959296881719019,0.7168228464446962,0.37271628342333774,0.33735311129512713,0.3917417150942098,0.31986857576884314,2014
Nepal,NPL,0.3818538085845404,0.44225969125367576,0.593732538312731,0.7279075512799095,0.4739343010104785,0.47734196504283466,0.42092216698314383,0.42671087093160737,2014
Netherlands,NLD,0.8830786853813781,0.777515195996136,0.8488252348980705,0.8433668447932052,0.824105886861733,0.879272625037979,0.8354827005858629,0.7454021351673557,2014
New Zealand,NZL,0.914379204662864,0.8302983079317819,0.8444879585154895,0.8710910034415781,0.8085978330167508,0.7694412517532319,0.7447319162121337,0.7231944636740778,2014
Nicaragua,NIC,0.3790108578678355,0.4539742005623443,0.5125428736586528,0.6618752175290082,0.43207929774326337,0.4481833814631001,0.3738020658341438,0.353992880440071,2014
Nigeria,NGA,0.26427210819074454,0.4020910264095047,0.4243502295292683,0.3561520364787678,0.4006093074206182,0.5273669039030766,0.5006270190787767,0.31017929563533275,2014
North Macedonia,MKD,0.5345910773518138,0.5999313190627726,0.6343736463171196,0.7523118753549786,0.5269083042050497,0.5902504027905366,0.5406424718049847,0.5030949845102154,2014
Norway,NOR,0.9383001652258475,0.8459952955277555,0.9015836780468564,0.8512717146103309,0.8723501826403623,0.8889138564425496,0.8584114425549761,0.8319829707080887,2014
Pakistan,PAK,0.2923779608854421,0.3208114664234673,0.38439497247225457,0.2998173258468478,0.3511379807111939,0.4392419394415788,0.36264765242100905,0.36817170907996577,2014
Panama,PAN,0.4437057968227219,0.5242455472652275,0.6037799013075482,0.7097791346106481,0.478591263036121,0.5120817587308605,0.45322120221137746,0.37634515892206505,2014
Peru,PER,0.3590432639430197,0.43887656786104196,0.658277296255289,0.6293318146531811,0.4611278460992724,0.5813208233851253,0.3927876970218445,0.37240337256637435,2014
Philippines,PHL,0.4969392130512457,0.4534614456536641,0.5156661718761014,0.7254181682862422,0.4649985493561924,0.4672629122776837,0.3955471101872575,0.36321173229911025,2014
Poland,POL,0.657816619544203,0.5593556315801513,0.7166166138372058,0.8254581239653249,0.5949498291055242,0.6718876536602238,0.6204259911299912,0.6945362314197671,2014
Portugal,PRT,0.6851436635537739,0.5887990072965513,0.7646978871234134,0.7228183686658403,0.5918752012240966,0.6081271599628331,0.6181819956448739,0.5901186231302161,2014
Romania,ROU,0.5035416397164298,0.474883615645482,0.712025888052138,0.8062192257711427,0.5226185135994028,0.6039084876296597,0.587296056897464,0.562604404558194,2014
Russian Federation,RUS,0.4247191063079075,0.42861374999378854,0.464632011536922,0.6443669269623625,0.4416647641479046,0.370936818777447,0.4565737483408269,0.35783262541923666,2014
Senegal,SEN,0.4807319587158736,0.4153767348713573,0.6272939334629667,0.666960244607905,0.5537239247032119,0.6810409793842245,0.5532880666269875,0.41624762755856715,2014
Serbia,SRB,0.41294593061309937,0.47325951311545594,0.620585422963583,0.7396016638878175,0.4495252020059838,0.558188378033508,0.4467563535920855,0.4108807600826817,2014
Sierra Leone,SLE,0.3463756132144993,0.2912767393026573,0.546724951062191,0.5905554582839059,0.3870346833311917,0.4844248475333378,0.47141620782525323,0.3228048829183506,2014
Singapore,SGP,0.9013765259278255,0.6428362921927296,0.7107069770256039,0.9095996900930441,0.7923406310951625,0.6475601343589514,0.7690521214491658,0.8450734411695244,2014
Slovenia,SVN,0.6014350974518261,0.6002191089525958,0.7915009691306587,0.7783695329777472,0.5894538928101275,0.6829434328164465,0.6061703732109788,0.5814335442239121,2014
South Africa,ZAF,0.49436397761981876,0.5823673931850177,0.6192661735658562,0.6039042011537054,0.5340128602360761,0.6763183056402199,0.5335698304831195,0.44776395764986937,2014
Spain,ESP,0.6931227122372463,0.5514336939908911,0.7834667364346609,0.7936002329594437,0.6261309283273518,0.6082416429552344,0.6154775078533863,0.6145470196085918,2014
Sri Lanka,LKA,0.5265404693507337,0.4819787521293437,0.5601612679454974,0.7208573715619183,0.4360799929830389,0.49049870916023525,0.4064022975123391,0.4892848844113073,2014
Sweden,SWE,0.9115992514501414,0.8159116175907083,0.9127689735886193,0.8912976010918716,0.8343002656583991,0.8328181193947344,0.7825955714930988,0.7792571195562598,2014
Tanzania,TZA,0.3806122903580772,0.41345527928637316,0.505418787687201,0.5743451712422388,0.43132966145464025,0.55899956960893,0.47617346039252656,0.4554342211887081,2014
Thailand,THA,0.5097002577233438,0.46573604589016115,0.5756731083257374,0.7462405594207485,0.46003308954241573,0.43980125176474005,0.3875733047949707,0.513094776794054,2014
Tunisia,TUN,0.5019504084996118,0.47228777917165876,0.5384522020855754,0.7709869126149589,0.5152672817511211,0.656070848385157,0.536696896448576,0.4508661542341877,2014
Türkiye,TUR,0.5491660711018239,0.4243559717487095,0.4667163086160851,0.6715761206760197,0.5363984013031853,0.6095349621236701,0.5218748780181504,0.39268673813804444,2014
Uganda,UGA,0.2972887697642632,0.33120713951394254,0.37335087775264963,0.6052533826380224,0.3742178897045364,0.5232000089648527,0.4808225627048876,0.3655462801848115,2014
Ukraine,UKR,0.27824988392841427,0.4582921891755077,0.5634535388613718,0.8163134004814668,0.39877804350739277,0.3560648509537164,0.5158537646092312,0.3343852206153792,2014
United Arab Emirates,ARE,0.7916110972074824,0.46135204759935544,0.48967357946863743,0.8857275786911876,0.6600198887438011,0.5422663360459797,0.5895025485108214,0.7788117552910494,2014
United Kingdom,GBR,0.804302102181758,0.7676910901817615,0.7811304180463121,0.8425742343735668,0.7841137038417375,0.774904584105073,0.7219082801364927,0.7203661111281444,2014
United States,USA,0.753947709060232,0.7014255173247356,0.7064043035132768,0.8516736907360897,0.6665060917907031,0.6016153108902219,0.6098450978101154,0.6467692256986343,2014
Uruguay,URY,0.7835450923617574,0.645243953067083,0.7620161591678749,0.6933979045839016,0.7316656967628375,0.8558078294270837,0.6995405970331872,0.4731110673444099,2014
Uzbekistan,UZB,0.34915533972633234,0.3922995041278162,0.3550783398709148,0.8957211007426418,0.4659145332073306,0.23471208394472443,0.48326074122152285,0.4107950748620823,2014
"Venezuela, RB",VEN,0.29688650758587704,0.3013924884548649,0.4234980605648217,0.5273004670694236,0.28362945437311965,0.2194771049779588,0.32701067905090014,0.15752705839796488,2014
Vietnam,VNM,0.4397014916513071,0.3947581426477674,0.5042193482763767,0.7968061707887447,0.3879029942733177,0.325955599398442,0.4247408057075739,0.4742497572689973,2014
Zambia,ZMB,0.4107205366034753,0.4295714127754595,0.4347864874702895,0.6951065569603377,0.4314928214395886,0.3430338108752578,0.4700846081625013,0.35601473289909175,2014
Zimbabwe,ZWE,0.2814869726024803,0.23562948168495404,0.2883797341308,0.6158644001184818,0.31619147610188547,0.17836105456331053,0.402805890431346,0.3631004243578844,2014
Afghanistan,AFG,0.2338007830305662,0.4022706444276859,0.3785298722765655,0.3811858215714376,0.356180172042317,0.4765233510790784,0.3250304353321458,0.24445300480724597,2015
Albania,ALB,0.3661348548040528,0.5406103792376635,0.5967489786221699,0.7290014252357224,0.41115264502689997,0.3700248387081019,0.5136221967661617,0.46159060586087325,2015
Argentina,ARG,0.4929212129796698,0.5736889863722704,0.6612204075740373,0.6028781096068606,0.43239932122627955,0.45627966553089705,0.5529996879699218,0.39648072389824157,2015
Australia,AUS,0.8486818486438992,0.7961851871824673,0.818781754842911,0.8829734499459492,0.8248761792331447,0.8721801150224631,0.7501475595742516,0.7673984126797054,2015
Austria,AUT,0.8370635766589509,0.7604119530364328,0.8734562877430812,0.899285127857336,0.8408495699128125,0.8242199948126248,0.8039384092564102,0.815504822584319,2015
Bangladesh,BGD,0.2631694981891098,0.46597721427227096,0.4106692896496644,0.6540333736246001,0.3831373111583597,0.4877421111205393,0.39615298751788613,0.32452835590994894,2015
Belarus,BLR,0.5330049898280991,0.4656440887572497,0.45484799731853465,0.8082989899914117,0.5307077795553597,0.3837482809003423,0.6391797572617808,0.486757968488102,2015
Belgium,BEL,0.818792313851575,0.7389830880653787,0.8412610388836635,0.8544944855430042,0.7680280655527671,0.8610859035630132,0.7387519359729268,0.6774420161259205,2015
Belize,BLZ,0.4902311867618824,0.5418258417856103,0.4998124212935739,0.67588340207146,0.43470986008490603,0.5104796655772319,0.48607362166827717,0.32740460282073863,2015
Bolivia,BOL,0.32333227914381735,0.45714975518519624,0.5279475589153312,0.5479166395443417,0.4208330741486478,0.4198754179525306,0.3697434604886846,0.2742615510769218,2015
Bosnia and Herzegovina,BIH,0.44889936492738597,0.5494103949319031,0.6484361122283147,0.705746809299615,0.5360300932888741,0.6230372885418094,0.5167504084358405,0.5279266944896005,2015
Botswana,BWA,0.6566411962944457,0.5163357164308955,0.5664011974005161,0.7992040728683216,0.6626907268073413,0.8107939497137941,0.6184692380352805,0.6190971635927818,2015
Brazil,BRA,0.47863348924696686,0.6156013665631033,0.6087770604126376,0.668532849502779,0.5200501008567617,0.5729215910632308,0.5267067092144108,0.3931540762400877,2015
Bulgaria,BGR,0.41252446778158697,0.5897338554829513,0.6635082834434153,0.7736695652811628,0.5233324325449547,0.4999905786954618,0.5533428605982397,0.45054446796868114,2015
Burkina Faso,BFA,0.3875787090580697,0.44676867981447754,0.5571598171927634,0.6524067024941743,0.4633879649052986,0.6210531959067618,0.4873507805438472,0.3889213559638009,2015
Cambodia,KHM,0.2693798858175691,0.28259950671761885,0.4132737450336155,0.6396580648672571,0.3220507910192616,0.27016165535683406,0.28938102002312494,0.28824280839671623,2015
Cameroon,CMR,0.24646029444582884,0.36782829580013116,0.49828197338358543,0.5017186961074234,0.39607590187842645,0.5092486294836918,0.3640089840022927,0.3226346262361944,2015
Canada,CAN,0.8222933345510302,0.7896839328990473,0.7931154681590861,0.9017492718960632,0.7896739441721984,0.8060999234141304,0.7086483292242275,0.7238324440920646,2015
Chile,CHL,0.7363723809788607,0.7306070413876342,0.7399180051519756,0.6821976405314971,0.6829456964510425,0.7936211736056358,0.6217462945053313,0.562131840423595,2015
China,CHN,0.5377739337102552,0.4065344141856454,0.31475536037312346,0.7857831804947865,0.4388559434028683,0.41475386871721454,0.4939988814860418,0.45968893068807304,2015
Colombia,COL,0.4322602136511463,0.6424887807193397,0.5438849631602536,0.5675828354984959,0.5104482517161453,0.6934043372823792,0.5180735886309787,0.3310948443376599,2015
Costa Rica,CRI,0.6948915886259339,0.7144885051249721,0.7842681806562051,0.676514945948083,0.6501170254124723,0.6414828561045788,0.6291036636750219,0.57251923385958,2015
Côte d'Ivoire,CIV,0.415012915509111,0.3747550846674465,0.4761283167686278,0.6093984830530425,0.5057613251990767,0.6438021490572252,0.5504255773807697,0.3906812644175991,2015
Croatia,HRV,0.5598593029549697,0.6063005251935252,0.6673228391541609,0.8045207105291556,0.48578059503918636,0.5373148309300938,0.5613585213571695,0.5848520351905195,2015
Czechia,CZE,0.6799506389508696,0.700789674770712,0.7944434571256381,0.8898678700258144,0.7069259914279133,0.7170678851007537,0.7029333991905571,0.7143869854151993,2015
Denmark,DNK,0.9589478707644978,0.86665869803702,0.9048147932334535,0.9241755123010925,0.8329978860073245,0.8290069380180138,0.840613087592956,0.838476653691001,2015
Dominican Republic,DOM,0.37377585341802616,0.5459523200555039,0.6161885273969779,0.5717119882835239,0.43148513927663046,0.5429035562817918,0.5078006557661959,0.3692112387326322,2015
Ecuador,ECU,0.4628739429604556,0.4923189458682718,0.5323885844360077,0.611939808122203,0.4902517498203599,0.49270274526104546,0.40815444752581775,0.3527394209121245,2015
"Egypt, Arab Rep.",EGY,0.45654174431366823,0.318912569240279,0.3209432731812704,0.6384800869091399,0.4685275031131306,0.43391737469619246,0.3982133346638896,0.4323893557914534,2015
El Salvador,SLV,0.43518401542235713,0.5087177600486544,0.6212631927667335,0.6488986702298067,0.4878861743772244,0.5171283682537036,0.5089477478369177,0.333468811494915,2015
Estonia,EST,0.7821470514677695,0.8086262264515558,0.8087142305323394,0.8746867276922058,0.7735275199707334,0.8381019322763393,0.7726525058965191,0.7082286692919538,2015
Ethiopia,ETH,0.4683388870507545,0.325906066509336,0.34695143823905433,0.6655428338959316,0.3501613986207949,0.4847486711147939,0.3754945178374416,0.3884302435836193,2015
Finland,FIN,0.906817514839508,0.838925591645434,0.9108319206966378,0.9264636842127721,0.8260974452775518,0.7821711044740538,0.7902848999120022,0.8537304595476122,2015
France,FRA,0.7627983454051741,0.767539488969605,0.7832179308745425,0.8074561364025695,0.7408472704192434,0.8054419350434046,0.7103936631550211,0.6618868993539497,2015
Georgia,GEO,0.7615505900940092,0.6221955578700603,0.6351712704002513,0.810884917894442,0.6219980034966671,0.6090922181266236,0.6539211410773066,0.5468183414535879,2015
Germany,DEU,0.8306659287815014,0.7911278484007954,0.8653531207370188,0.8758223340261398,0.79854951254057,0.8746698497049656,0.8429429993937968,0.7588318545559268,2015
Ghana,GHA,0.43740895412397834,0.5732679024081274,0.6862608551237646,0.7405701084115545,0.5694650366117038,0.7223688354651467,0.6064316893710575,0.49006598346803754,2015
Greece,GRC,0.5631106118684162,0.6107361735871223,0.6539556962673813,0.7652569321305904,0.5876394751530817,0.6961549801594953,0.6005114602173777,0.5175678976481641,2015
Guatemala,GTM,0.35256432651029257,0.4641684480458426,0.5573807752422336,0.556492604714652,0.42537894218763145,0.5138091917984504,0.35579172846058565,0.2973053117312431,2015
Honduras,HND,0.3510260445301783,0.4856999638922669,0.4537537995428579,0.5485074654676726,0.4266731967815531,0.5516739861586792,0.45132421414738444,0.23719372353284265,2015
"Hong Kong SAR, China",HKG,0.8535571037064701,0.6365469369769439,0.7051773408178972,0.8884450105420795,0.7937499081257762,0.7209598745611778,0.7669993259172986,0.7864947802168858,2015
Hungary,HUN,0.5030772856252954,0.542156827972214,0.645201520070281,0.8569984050636315,0.5176512627384245,0.4967574813973319,0.5448237656870178,0.5638900324577122,2015
India,IND,0.4056470294680414,0.6313343643264482,0.542410125816764,0.5818204214919637,0.4351562320806008,0.5932995004753606,0.4120964071031219,0.4879690019992731,2015
Indonesia,IDN,0.3639635302910694,0.5714349585030133,0.510919586947292,0.7310684737209073,0.4945558669321185,0.5593945954939328,0.42847635814276186,0.3703511949586776,2015
"Iran, Islamic Rep.",IRN,0.4494989100900702,0.303297711624406,0.22439335911128763,0.6640490631649053,0.5302212376527801,0.5761385266914693,0.5754698955696336,0.3944364017565091,2015
Italy,ITA,0.6079930745367125,0.6368931256128146,0.7443810995494009,0.7210896189495112,0.6079343047046726,0.6826248511310015,0.5859402460660696,0.6269891838222513,2015
Jamaica,JAM,0.5570604937386631,0.5600974148594792,0.6600826870709681,0.6444216396104913,0.5394830629246531,0.6535903700532264,0.5106004698882581,0.47554362643172415,2015
Japan,JPN,0.868583911837513,0.7248017235128623,0.757399187111433,0.921551574050656,0.76432428212788,0.8042028865169035,0.7636149183367771,0.7468266677369702,2015
Jordan,JOR,0.5949825292958656,0.480544441189208,0.5204364890718147,0.7716456162380095,0.5244869781787875,0.5742446024442258,0.6178539021861313,0.5476172022008511,2015
Kazakhstan,KAZ,0.45287294800450223,0.44798561065603315,0.45638297418741586,0.7647702463023212,0.5283053266838725,0.5167462097230233,0.5364735718400739,0.42061555808518264,2015
Kenya,KEN,0.27985096291885186,0.4692075048127218,0.49798664702030754,0.49927550740594345,0.44137226140736513,0.5718594262136876,0.4572332811772153,0.3499295723912989,2015
"Korea, Rep.",KOR,0.8213216279064633,0.7079640512912972,0.7302027203474696,0.8945449784463307,0.7682413348707288,0.7241505419487535,0.8202896592742388,0.7703408540170814,2015
Kyrgyz Republic,KGZ,0.2988508394146161,0.5468828573639168,0.5078164864359668,0.7209978432623313,0.40902740503259427,0.3751946614570826,0.465867367004587,0.34171687608091245,2015
Lebanon,LBN,0.37967818450002555,0.4150996947290547,0.5558210596206971,0.6356458745970132,0.40650241874868975,0.4517739385299384,0.46126338460075195,0.3936967575197087,2015
Liberia,LBR,0.28620600921029654,0.45638602947455825,0.5791620501628572,0.5475392675894811,0.3608468414396945,0.33017966074943705,0.4405152291496202,0.33580686612115834,2015
Madagascar,MDG,0.355556974487892,0.4279074614656112,0.47588792671018393,0.7170812654493504,0.3971451298252831,0.47092966364605665,0.41864572342721545,0.3632469000456625,2015
Malawi,MWI,0.357208654871733,0.4835246738824032,0.5921885722422715,0.6111793377817863,0.4388957197612289,0.6505857758388163,0.5153069297805853,0.45711903221422984,2015
Malaysia,MYS,0.6446878635636051,0.34060142791054243,0.4761963729193454,0.8203273773354188,0.4781746925551819,0.40829368892039886,0.5737044722357182,0.5540585019355059,2015
Mexico,MEX,0.341029043442076,0.623485939415795,0.5520986323326693,0.527146221035924,0.5392480748201728,0.6529883476708624,0.4473141313257291,0.31703749040676865,2015
Moldova,MDA,0.2983973254605937,0.6169616327944196,0.5486914589969992,0.8032072086830362,0.4138533850671385,0.3754581406851666,0.4342166452688291,0.3525279860549162,2015
Mongolia,MNG,0.42647513604144427,0.4724784965692611,0.6078051274313698,0.783271926101028,0.49180740672650936,0.4894008253284633,0.5746701401326858,0.45713218970795105,2015
Morocco,MAR,0.5041621753526706,0.486898390646711,0.44632073567346175,0.7301765085355827,0.5122223017351419,0.600313906879067,0.5269818248097347,0.34870868634426805,2015
Myanmar,MMR,0.4291967151780504,0.2932271626460543,0.30457401274394935,0.7223362735668345,0.4118948714373302,0.31795531983641395,0.3840049735510474,0.3145794473123235,2015
Nepal,NPL,0.39210804975549673,0.5426994262430764,0.5579997845764677,0.7325375928779402,0.49637833398190534,0.5029177857747997,0.4303848328544336,0.4218558349542999,2015
Netherlands,NLD,0.8898124590179988,0.8523966159493794,0.8570442444619557,0.8508388129677428,0.8471999309188767,0.924422771628744,0.8791768588021557,0.7615344405651614,2015
New Zealand,NZL,0.9038017859840959,0.8595933646756675,0.831262259489357,0.8696168642872965,0.8323194615352406,0.8492600971915438,0.782148015740658,0.7772432867423102,2015
Nicaragua,NIC,0.3833402625437264,0.3968834028791218,0.45760634076442397,0.6647366460149152,0.422107419947765,0.4314364825907161,0.35494510685744757,0.32611008877284126,2015
Nigeria,NGA,0.2779487089774973,0.42920453134880854,0.4498158671491828,0.40073022181956086,0.4432717456355804,0.5220359510802851,0.4929675622769373,0.37344354910537136,2015
North Macedonia,MKD,0.5467120614043345,0.5640516294079614,0.5648990166693841,0.7295339877237157,0.4966855078527983,0.5536320879050116,0.5793224683809834,0.4476881368271754,2015
Norway,NOR,0.9365025685896357,0.8795367550247662,0.9059071728615578,0.8772357110574779,0.8920355551034277,0.931248341567299,0.873493776716704,0.8253305933553953,2015
Pakistan,PAK,0.35254059661576315,0.45058668880443503,0.39350460581883784,0.28165504005804937,0.3715291492269356,0.4864753694341172,0.39322318597923644,0.3432154934128212,2015
Panama,PAN,0.5130175219700014,0.5364669286361903,0.6167070766095938,0.679301523475819,0.5319494198722828,0.6073609101751744,0.49795245819912626,0.3349027348544888,2015
Peru,PER,0.3578025406070347,0.5815088599090958,0.5987150901568651,0.6229234677842145,0.5069321895599155,0.6484212710395968,0.4331626539913354,0.34740381622884103,2015
Philippines,PHL,0.4818749854725006,0.5309710386927018,0.51583567963306,0.6901366357471534,0.49769203815738444,0.5328928757029767,0.46013089188220047,0.3681630597498274,2015
Poland,POL,0.6665942283612903,0.723730904186717,0.761296430238063,0.8447643356920093,0.6160821773520558,0.6907621439253997,0.6614987564433449,0.7270999491534411,2015
Portugal,PRT,0.7301480285374544,0.6835826263361366,0.7976934123026234,0.7583896036546914,0.6004681313174973,0.6388891032699925,0.6668554995935738,0.6802415864104525,2015
Romania,ROU,0.5323261224301575,0.6575223748349643,0.7217465520635742,0.7785575448218847,0.5495844442315179,0.6286298301825459,0.6489684618003301,0.5894147888272194,2015
Russian Federation,RUS,0.45431702378780103,0.512315721526351,0.470142707497355,0.6295004794439536,0.4570258429514264,0.3511087000725023,0.5132552026859379,0.3637683397607107,2015
Senegal,SEN,0.5442302901158425,0.5176668869662896,0.6239943142707365,0.670750033395039,0.5381682461632891,0.6608271283692941,0.5389157917064421,0.4477268733276711,2015
Serbia,SRB,0.42109535226241945,0.5417061131766125,0.5697183845114054,0.7317122809439787,0.4570807450167009,0.6178502775365335,0.4659526350862252,0.35533118437061767,2015
Sierra Leone,SLE,0.3042534519025766,0.3559543525989033,0.542364901558723,0.6287263034156928,0.3736283332597193,0.46367261874099547,0.42634928340757544,0.33482301520933727,2015
Singapore,SGP,0.9321591772581137,0.6496105756961277,0.7243823003014472,0.9175924600626084,0.8774047100936064,0.8017632678048316,0.8584260762156283,0.8285427470835854,2015
Slovenia,SVN,0.6020973714124517,0.6535061612621718,0.771017097685502,0.8200254053461259,0.6052722487994818,0.6201870268800316,0.6468816652044497,0.6294818917101466,2015
South Africa,ZAF,0.5143332496891533,0.5967971031712489,0.6338188433226242,0.6243406884799078,0.555471156145613,0.6873310952194627,0.5710222144211082,0.5098399217813417,2015
Spain,ESP,0.7072938660925147,0.6772430715823426,0.7748779282378521,0.7879416806975179,0.6590914823874432,0.6206693260023295,0.6551266282421574,0.625999732278926,2015
Sri Lanka,LKA,0.47401712533974427,0.5310011921065838,0.4867095073238711,0.6599866702798994,0.4771716299139402,0.42413524334489505,0.4622530271137989,0.45799468215764844,2015
Sweden,SWE,0.9124388164220385,0.8772454563071806,0.8989217858011945,0.9033492340804369,0.8518593501039581,0.8593675070140356,0.8281213773313884,0.7816609572426306,2015
Tanzania,TZA,0.37872297620183554,0.4787018094053347,0.5133187181889785,0.570219994148224,0.41490725488644287,0.5554827623173512,0.5087066119911156,0.43046103185154,2015
Thailand,THA,0.5351665247522026,0.5091170847218531,0.5066961778317983,0.7097894008029129,0.5080672776385381,0.5365779053187032,0.45672633994185224,0.4547729726716217,2015
Tunisia,TUN,0.5071249597725306,0.49387710266214413,0.5477063796426049,0.7203237458834989,0.5260563420527442,0.6515709536364865,0.5386054942044647,0.4969906101218111,2015
Türkiye,TUR,0.5095884860474901,0.45370107699069034,0.3561457383946518,0.6497155751837356,0.5226539941200107,0.5698263016300547,0.5099252970633344,0.3507401068983413,2015
Uganda,UGA,0.25206842278509634,0.43334251234223164,0.39173709626625464,0.5501806652664877,0.4004478816854852,0.4745474083682727,0.4715373305317162,0.34461933843734366,2015
Ukraine,UKR,0.3559717886728916,0.534656011681158,0.6164507789610719,0.5648960384340179,0.4028561849404072,0.3137734162855834,0.49772770269213557,0.36259218575666324,2015
United Arab Emirates,ARE,0.8088684839951389,0.36827131934714097,0.49652451282904425,0.8903050219827012,0.6762264068330379,0.6203382672866791,0.6313830514738167,0.7677745751754017,2015
United Kingdom,GBR,0.8227363103551182,0.827262682757896,0.7904510907864946,0.86222942375644,0.7886780737560907,0.7916233102809406,0.7550449494831374,0.7579324262654271,2015
United States,USA,0.7624157288624889,0.7792425231507749,0.7286811556729086,0.8170261218133924,0.7352337381109243,0.7564970949624458,0.6737054013931338,0.6365042588129957,2015
Uruguay,URY,0.8012789261743491,0.7332231233223496,0.7957825131095712,0.6935772421387535,0.7464023435060745,0.8806330094823215,0.7266642342629045,0.5582296946427171,2015
Uzbekistan,UZB,0.341728246300417,0.3367049838811209,0.4030339103242252,0.8991826922319782,0.4256249910608698,0.172837848925587,0.4936716673348776,0.43941396322329407,2015
"Venezuela, RB",VEN,0.2825808370963612,0.3289026659659682,0.3911908366580461,0.5172380819702892,0.2599120133666203,0.19923113059571607,0.33932207836422307,0.190314808552871,2015
Vietnam,VNM,0.46984532784905353,0.37190981851110855,0.5196803317604162,0.7539331846608585,0.3860760133353429,0.3328597898848113,0.45800927201509634,0.5072788246624217,2015
Zambia,ZMB,0.4136567004223036,0.41142769259374734,0.41774629263309804,0.6707958985597088,0.4540263925691976,0.39999447766923124,0.47475404567027185,0.40164954299663513,2015
Zimbabwe,ZWE,0.28594855143644876,0.330288557345711,0.3332654704541281,0.5979273490469043,0.3696415503632942,0.2941759716436105,0.4527752487971522,0.3684238412925124,2015
Afghanistan,AFG,0.24210847889770534,0.39536325,0.39526608499657967,0.33942733333333336,0.364699376577998,0.458332,0.34694517124227914,0.2730797548090256,2016
Albania,ALB,0.33974795483495923,0.44955300000000004,0.6024484362941728,0.7500286666666667,0.45037287053890973,0.448427,0.48940163125991576,0.464236482834684,2016
Antigua and Barbuda,ATG,0.6507544685566301,0.510545,0.7393502373308131,0.8161706666666667,0.5564761456901568,0.503022,0.7259592384769703,0.6903677931188359,2016
Argentina,ARG,0.5214833486851713,0.56722025,0.6922425085030867,0.6171126666666666,0.4759931601238868,0.500469,0.5759198605515998,0.41955066339436925,2016
Australia,AUS,0.8315888116915061,0.78072925,0.8062186567171561,0.8712913333333333,0.8235099734552577,0.876917,0.7658865062615773,0.7537536155748306,2016
Austria,AUT,0.8461611889351823,0.7540545,0.8802194734033746,0.9025046666666666,0.8154518008242786,0.802762,0.8095652185849406,0.8299944674923063,2016
Bangladesh,BGD,0.33519247687653053,0.44914124999999994,0.33504199475073004,0.5837146666666667,0.4040605835542491,0.575763,0.4016624743892088,0.3298509999034729,2016
Barbados,BRB,0.7016697102254164,0.5216435,0.7975976950162512,0.7778323333333333,0.6152378337604119,0.715366,0.6832790592584226,0.61623967172542,2016
Belarus,BLR,0.5466803346219629,0.43222324999999995,0.483851868201285,0.8128190000000001,0.5317123665314776,0.365013,0.6567153950766293,0.5086409435835172,2016
Belgium,BEL,0.7893105973105107,0.7315067500000001,0.8405564414414781,0.8437230000000001,0.7747203431055361,0.912905,0.7686764086216541,0.7514220870946996,2016
Belize,BLZ,0.4912301096712842,0.44534175,0.5087758667433009,0.6971413333333333,0.4410737448492177,0.515581,0.4760201104906062,0.3323153594505146,2016
Bolivia,BOL,0.27865450391940855,0.442656,0.49937991124630093,0.5782906666666667,0.44107012604306994,0.444463,0.35432850731596577,0.2311653445711883,2016
Bosnia and Herzegovina,BIH,0.44398753556229487,0.53837175,0.6494124124027626,0.701653,0.5194259350694175,0.633133,0.5087844813527892,0.5596474354509622,2016
Botswana,BWA,0.6267530135786407,0.49097500000000005,0.5083858754185275,0.708625,0.6031781514467068,0.768419,0.6269269759902022,0.5187242508015796,2016
Brazil,BRA,0.47267741596423746,0.6249060000000001,0.6149697117090129,0.6698136666666666,0.5448562847966425,0.612453,0.5368374162912659,0.4001215827487952,2016
Bulgaria,BGR,0.42673064967139346,0.576774,0.6382323952636134,0.7437809999999999,0.5376458021671768,0.522664,0.5791462330890684,0.42769160202660333,2016
Burkina Faso,BFA,0.39097659629857834,0.45228125,0.5663395187404698,0.6748583333333333,0.4516837202694156,0.680068,0.4710954667696711,0.4460094931278204,2016
Cambodia,KHM,0.24364174030385444,0.2421055,0.38595844279384167,0.646281,0.280371304227344,0.197333,0.1971185190546119,0.2955500076780145,2016
Cameroon,CMR,0.24047863153672078,0.34877375,0.4818788032811313,0.4713396666666667,0.39759760313742254,0.45566,0.3546250831557586,0.30255963462334323,2016
Canada,CAN,0.8384181935473441,0.7982149999999999,0.8216227445600092,0.9076713333333334,0.8114627375403363,0.838013,0.7270217584877139,0.740199927676806,2016
Chile,CHL,0.7195779714102546,0.7223692500000001,0.7486760134950436,0.6759406666666666,0.6642060857232049,0.785525,0.6478428404885835,0.5734827907167394,2016
China,CHN,0.5362282166677743,0.4375765,0.32501426035705583,0.7554843333333334,0.4497068508676095,0.408548,0.5316762812259705,0.4756855058145754,2016
Colombia,COL,0.41603917741229185,0.642728,0.5510213750089241,0.5497703333333334,0.525155124583665,0.631418,0.5044714110783616,0.3334816934554024,2016
Costa Rica,CRI,0.7052449305631943,0.68971,0.7935195000159108,0.676456,0.685810451661156,0.737655,0.6236729599821099,0.5582452691158419,2016
Côte d'Ivoire,CIV,0.3978563083541742,0.366414,0.5029392549706715,0.7050786666666666,0.5014272305526883,0.680277,0.5160402412064075,0.3763413341493963,2016
Croatia,HRV,0.5894731155857729,0.589175,0.6943175305458011,0.824561,0.5071602808294023,0.491014,0.5353352139549222,0.5370347091666686,2016
Czechia,CZE,0.6938700324164514,0.68912275,0.8101529987500733,0.8941833333333333,0.7039259059311036,0.774325,0.7366133341635803,0.7376140794717603,2016
Denmark,DNK,0.9632586390191767,0.8639332500000001,0.9199540045688408,0.9152556666666666,0.8528864977201867,0.830219,0.8493679227910665,0.8247610738217575,2016
Dominica,DMA,0.6509997132933143,0.4970085,0.6776990136400529,0.7466956666666666,0.5215940547162867,0.565757,0.6197157081290822,0.5559920252524978,2016
Dominican Republic,DOM,0.36230991323931183,0.5359365,0.60282081134274,0.609082,0.4212826875701408,0.4982,0.46181740900632484,0.33875758516620363,2016
Ecuador,ECU,0.43482847246787354,0.4490775,0.5120710214621047,0.6007786666666667,0.4696495092799838,0.476022,0.44643861750048675,0.3581692859393083,2016
"Egypt, Arab Rep.",EGY,0.4294099998757294,0.2308785,0.2961452762360353,0.4927946666666667,0.3364184614155331,0.380095,0.3913616386529973,0.42710416302428644,2016
El Salvador,SLV,0.43328995595374337,0.511001,0.5682143417094245,0.6264373333333334,0.5008956432716969,0.538216,0.48488598903632224,0.33323707234920347,2016
Estonia,EST,0.7840267465027235,0.80942975,0.7974604659143965,0.8528943333333333,0.7891733376345196,0.795388,0.7790394747957006,0.6888222716723734,2016
Ethiopia,ETH,0.4460326918320734,0.2732755,0.29441988039514744,0.6681663333333333,0.39638686804020784,0.448082,0.3805180369574739,0.333762236033541,2016
Finland,FIN,0.9189016644027639,0.85365975,0.9177627700925813,0.928413,0.8353664732095181,0.753515,0.8072223391647223,0.8520939295876832,2016
France,FRA,0.7558491748328513,0.7651702499999999,0.7481561077707263,0.6290330000000001,0.7300507647008267,0.830036,0.7166975694136815,0.6452169304723627,2016
Georgia,GEO,0.7520407366113286,0.6324215,0.6765988019431635,0.7779543333333333,0.6178681690233356,0.627501,0.620213997569911,0.5674238432966998,2016
Germany,DEU,0.8371952796928243,0.7877505,0.8550439952901442,0.8656123333333333,0.8472790973485355,0.939453,0.8687576070525331,0.773370453615419,2016
Ghana,GHA,0.4020189854500902,0.546441,0.6477778364543587,0.7027746666666667,0.569857996638536,0.728789,0.6135006253728835,0.47487417369780627,2016
Greece,GRC,0.5684995633562053,0.57378725,0.6533363047777885,0.7479346666666666,0.5828553808594347,0.703584,0.5808513026153859,0.5114438031780024,2016
Grenada,GRD,0.6829165869747361,0.556115,0.6744048558920178,0.7905513333333333,0.5844131040277801,0.662595,0.7197048774898224,0.6370030893116386,2016
Guatemala,GTM,0.3568726681070973,0.49478924999999996,0.5468225514519302,0.586897,0.4054032172641825,0.458306,0.338296306736298,0.28915726562126537,2016
Guyana,GUY,0.46917922176449056,0.46862875000000004,0.5377478648474286,0.6353543333333334,0.48464748805702057,0.531074,0.49034194390081126,0.3596792429367334,2016
Honduras,HND,0.36200236078882014,0.45907175,0.4379367398390869,0.5635966666666666,0.43249402799022063,0.539758,0.43114039292637,0.24149275856527672,2016
"Hong Kong SAR, China",HKG,0.8596581721258929,0.66429,0.6993710602689658,0.8886,0.8210420127991809,0.747089,0.7797153064992236,0.794501784137381,2016
Hungary,HUN,0.5138743006523072,0.52496675,0.6246138070874608,0.8568506666666668,0.5221915869477829,0.491108,0.5334565983855699,0.5408609219970735,2016
India,IND,0.4401150045163189,0.66285675,0.5033159926034037,0.559533,0.45426874242146587,0.641227,0.4340773922236819,0.4239541915655076,2016
Indonesia,IDN,0.37459464790202457,0.5822164999999999,0.5172490338878935,0.7252986666666666,0.5223129531346583,0.544086,0.4348684348324018,0.37179541331169125,2016
"Iran, Islamic Rep.",IRN,0.503714848159051,0.338909,0.3096694183307199,0.7175350000000001,0.4915598158886546,0.548961,0.5589755469659777,0.415538570952782,2016
Italy,ITA,0.6179446111244169,0.6307740000000001,0.7219739372883403,0.720345,0.5933284680322767,0.67191,0.5780824302402767,0.6392549472821905,2016
Jamaica,JAM,0.5636631701582702,0.58079975,0.638118073625732,0.6360653333333334,0.540337522353265,0.677924,0.5464441931259053,0.4762498563914958,2016
Japan,JPN,0.8316405474978745,0.6844742500000001,0.7526920229061929,0.9013123333333333,0.8205362045010292,0.804635,0.8296562176681782,0.693498139822963,2016
Jordan,JOR,0.6692271614830827,0.42552899999999994,0.5033189593398408,0.7877489999999999,0.5680543653677648,0.597837,0.6340475675746067,0.58966280449852,2016
Kazakhstan,KAZ,0.4433194921611857,0.47971275,0.45521299080313804,0.7562830000000001,0.5234634023534667,0.567787,0.5558104507196088,0.4039525963995425,2016
Kenya,KEN,0.27091942577242967,0.48939425000000003,0.47133270534325766,0.511176,0.4333177697162046,0.607653,0.4356150515879572,0.36484553486010585,2016
"Korea, Rep.",KOR,0.6669762946004474,0.6798335,0.70662426697666,0.8306763333333333,0.7580524004175967,0.77083,0.81919297089975,0.7164541692149371,2016
Kyrgyz Republic,KGZ,0.288095382201055,0.5536957499999999,0.5373821941757468,0.7453266666666667,0.38106650018051436,0.436998,0.43254945550571583,0.3369954835217414,2016
Lebanon,LBN,0.38153239448141874,0.42711075,0.513811874460495,0.6446153333333333,0.4155534184610735,0.383689,0.4844391217782655,0.3189252185334951,2016
Liberia,LBR,0.26978934486978806,0.48161374999999995,0.5612919454074909,0.6061743333333333,0.40873368363308255,0.34528,0.4476591977752108,0.28255643176869516,2016
Madagascar,MDG,0.307899362282947,0.45610049999999996,0.4925517028231241,0.7298163333333334,0.379788200198407,0.435529,0.41923591828439916,0.39946189939505566,2016
Malawi,MWI,0.3563800407273004,0.499683,0.5802237513389944,0.6203896666666667,0.4540196335210983,0.54683,0.5458085926597663,0.4586482963896717,2016
Malaysia,MYS,0.634784709658516,0.34870875,0.43826900355553045,0.819624,0.4659482029891988,0.420333,0.5701591983158696,0.5655800527469259,2016
Mexico,MEX,0.33361657285546054,0.60860625,0.5137421073372066,0.6147663333333333,0.4524995398940386,0.586388,0.4127621558418835,0.29486811495293935,2016
Moldova,MDA,0.3011698571248368,0.5812405,0.578077707283291,0.8101950000000001,0.4067302428211437,0.36322,0.47370196181489976,0.3894714445951942,2016
Mongolia,MNG,0.4139119274308922,0.4785675,0.6028908064240192,0.7949836666666666,0.47494874431820594,0.427787,0.5539104137158214,0.48098023019061326,2016
Morocco,MAR,0.5509259267854286,0.46538274999999996,0.45435390100206907,0.7324276666666667,0.5359915583567268,0.630701,0.5438703604923268,0.3674871680065758,2016
Myanmar,MMR,0.44585310607029494,0.33385725,0.30317827069624226,0.7286103333333332,0.44166877709093155,0.353279,0.4178675277329897,0.3218067387070803,2016
Nepal,NPL,0.3906197715803088,0.5384070000000001,0.5331909028923213,0.7361926666666667,0.4899759423278745,0.495341,0.42281683200886483,0.44099297919137054,2016
Netherlands,NLD,0.8813594041328378,0.846983,0.8582011607090597,0.8489703333333333,0.8704073505598073,0.911193,0.8850485474769371,0.8011794376354358,2016
New Zealand,NZL,0.9030010748820249,0.83854325,0.818191745720605,0.863842,0.8334263386319828,0.851735,0.7879466527012031,0.7572545163418634,2016
Nicaragua,NIC,0.38277844830463725,0.41126775,0.4531981566538644,0.6604953333333333,0.47674379135972755,0.413553,0.3717393366645011,0.3155772634041959,2016
Nigeria,NGA,0.3009790838310613,0.42529925,0.45803326827663826,0.48095933333333335,0.44135026280905143,0.502903,0.48545524678348695,0.42097886070029783,2016
North Macedonia,MKD,0.5280116167982583,0.561455,0.546323820887342,0.7430313333333333,0.4832707442926072,0.548582,0.567317075305966,0.5196229612320084,2016
Norway,NOR,0.9246174799939555,0.8732235,0.8944595789903972,0.9014886666666667,0.8720131353511474,0.922136,0.8574386202976161,0.8385579575387814,2016
Pakistan,PAK,0.3319431291533811,0.45696275,0.39284220097812056,0.2925503333333333,0.35982978802557825,0.512809,0.3773070733006018,0.3703505657742498,2016
Panama,PAN,0.47392267059757515,0.5759267499999999,0.6271164050016871,0.6709666666666667,0.5135556504377448,0.542772,0.49194463845983216,0.2966095234992791,2016
Peru,PER,0.37377761049645236,0.56073125,0.63950394291502,0.64335,0.5012662486489606,0.646148,0.4449798024026152,0.3484418396238785,2016
Philippines,PHL,0.47782000891867676,0.5089385,0.49443266863651847,0.6657116666666667,0.5050452354150222,0.549161,0.45556712380851466,0.35347091330060926,2016
Poland,POL,0.7443815902098254,0.7237089999999999,0.738393130782868,0.851198,0.6438290891700702,0.704723,0.6719148757417048,0.6913322694124092,2016
Portugal,PRT,0.73559439444171,0.6707179999999999,0.7895421544272883,0.7683580000000001,0.615738632887961,0.675441,0.672330108095227,0.6767805523220202,2016
Romania,ROU,0.5723600977925636,0.672403,0.7341700437495183,0.836027,0.5797066376703154,0.694093,0.654629035896713,0.5833127181504015,2016
Russian Federation,RUS,0.42449040248867703,0.49215475,0.4423163624717866,0.5646016666666668,0.47350962896337545,0.339598,0.5263105644646415,0.33609324235639393,2016
Senegal,SEN,0.5540925531360188,0.52007175,0.6186295756151732,0.670392,0.5785487905836905,0.709673,0.5771357724315235,0.4312595999030484,2016
Serbia,SRB,0.41708851224742727,0.5621315,0.5790504197954065,0.7257903333333333,0.4688888586791167,0.615198,0.4732040311753381,0.3326511755990445,2016
Sierra Leone,SLE,0.31002780965277366,0.4001895,0.5685596254219747,0.6639076666666667,0.33597336910123465,0.435156,0.40255701930001325,0.3650613735961537,2016
Singapore,SGP,0.9303876658370355,0.6747629999999999,0.6914434577692252,0.933893,0.8940698951764908,0.816297,0.851987654169468,0.8233870723203863,2016
Slovenia,SVN,0.607958852107235,0.6598375,0.7682361621264259,0.8282123333333332,0.6267300003992212,0.639274,0.6507375940840581,0.6543935902472257,2016
South Africa,ZAF,0.5522821839102758,0.60846975,0.6284224958262616,0.6259846666666667,0.5369122183959175,0.671466,0.6136780745822127,0.5267824231413133,2016
Spain,ESP,0.707007291969903,0.67797325,0.766724681001041,0.785371,0.6727848308125469,0.656094,0.6594407852421361,0.6309143241272223,2016
Sri Lanka,LKA,0.4630217006325924,0.48168374999999997,0.5219097565795916,0.6750443333333332,0.5100282083536556,0.554897,0.4329172201697597,0.4904888941263242,2016
St. Kitts and Nevis,KNA,0.6862220193193298,0.4582355,0.7414210510693128,0.8163886666666667,0.6641472860782337,0.788032,0.7227977690654733,0.5923364095500174,2016
St. Lucia,LCA,0.6996271258547571,0.51977175,0.731018384089485,0.7222206666666665,0.5659914932464201,0.660458,0.6375703036871144,0.6487190092028018,2016
St. Vincent and the Grenadines,VCT,0.6820706526884115,0.48977375,0.71104240055383,0.7461823333333334,0.5432710623900947,0.461598,0.5682188463076281,0.6086420317744593,2016
Suriname,SUR,0.5622876367332407,0.44878850000000003,0.532614576296391,0.6388343333333334,0.47833467431305393,0.494306,0.520519426460774,0.5322414598253066,2016
Sweden,SWE,0.9142463376916542,0.84426825,0.8793224643620605,0.9243423333333333,0.8482938680824692,0.843175,0.8204916715468525,0.7954140445249481,2016
Tanzania,TZA,0.39862297915020384,0.38814725,0.47778519933543634,0.6449779999999999,0.4188679094080478,0.498269,0.5056409089764901,0.4138534513245996,2016
Thailand,THA,0.48455347153986394,0.5209492499999999,0.46616475481938535,0.7012433333333332,0.5017522268680904,0.569296,0.5344189646762646,0.4590225487199855,2016
The Bahamas,BHS,0.659507632240811,0.452503,0.6668626267290374,0.7232293333333333,0.4748233407199505,0.521257,0.626614815799657,0.6655798921323647,2016
Trinidad and Tobago,TTO,0.5325979816820603,0.55497525,0.6107664897297586,0.6711163333333333,0.5412642323096912,0.628523,0.6159695030763049,0.41174823253998094,2016
Tunisia,TUN,0.47526913232727935,0.51194825,0.5662699055356658,0.634961,0.4923815383093375,0.604542,0.4963116238621193,0.46629453003088767,2016
Türkiye,TUR,0.5039389131478825,0.41683649999999994,0.33844846123285344,0.591165,0.45445556998478887,0.441581,0.46425508996362347,0.40136763722338537,2016
Uganda,UGA,0.2544702648683999,0.3889495,0.38950381606629964,0.5568993333333333,0.3814877520211567,0.43909,0.4213534723416008,0.3384342639433221,2016
Ukraine,UKR,0.37277382648314206,0.55198825,0.6346357862576272,0.6481553333333334,0.40999786995250187,0.296151,0.4805647155226746,0.4016153256783597,2016
United Arab Emirates,ARE,0.78753470076772,0.387678,0.4592613268450265,0.8865923333333333,0.6784652451198208,0.647893,0.683665961933665,0.7490121725511647,2016
United Kingdom,GBR,0.8262517125336588,0.83615675,0.8084305637035136,0.8544236666666668,0.7924554300828996,0.81756,0.761812432118845,0.7572395363420261,2016
United States,USA,0.7385914533897171,0.7768875000000001,0.7486116748436321,0.804166,0.7173872335292109,0.73824,0.6596101822691705,0.6727088142709193,2016
Uruguay,URY,0.7821657417093705,0.70102525,0.8009023248741788,0.7290676666666668,0.6948287980098925,0.817952,0.7388780554636464,0.5875959895551447,2016
Uzbekistan,UZB,0.3257410358991898,0.31071225,0.39630807414440355,0.9088373333333334,0.4527146079797685,0.185777,0.5238974019091868,0.43362905730278706,2016
"Venezuela, RB",VEN,0.25899317682133466,0.32273175,0.33506264560711535,0.47963,0.22148142144229294,0.152192,0.2838278215820017,0.14047294097498503,2016
Vietnam,VNM,0.46188296487297786,0.428623,0.5396858382207433,0.7870860000000001,0.4275742093595465,0.396624,0.4671921191116665,0.5014414914148476,2016
Zambia,ZMB,0.4074685178449958,0.42871549999999997,0.4477451874242518,0.6744176666666667,0.4454822551154843,0.441725,0.5072761824116256,0.4303662355914349,2016
Zimbabwe,ZWE,0.2943182019386528,0.29578649999999995,0.28544740676834013,0.6731556666666667,0.3573126839733363,0.237009,0.46287786283423843,0.3689908490830166,2016
Afghanistan,AFG,0.26786325,0.359379,0.385658875,0.3160589999999999,0.34320205138645477,0.373522,0.39081044577261287,0.27776157142857144,2018
Albania,ALB,0.34853325,0.44210975,0.634291625,0.7674516666666666,0.43947959470257353,0.408074,0.46382836339240324,0.4666507142857143,2018
Antigua and Barbuda,ATG,0.60015025,0.53037,0.6979163749999999,0.7869106666666666,0.5270197817476395,0.543391,0.7229106140602255,0.5851238571428572,2018
Argentina,ARG,0.53034375,0.6443705,0.72102925,0.6105486666666667,0.503042581856711,0.537312,0.5876723128606642,0.43439285714285714,2018
Australia,AUS,0.82615275,0.802006,0.8053273750000001,0.8613689999999999,0.8467301493365612,0.885841,0.7516739165893479,0.7364077142857143,2018
Austria,AUT,0.83821225,0.7179015,0.8505767500000001,0.9016223333333332,0.8289835934738633,0.861193,0.7940255435092681,0.7673227142857143,2018
Bangladesh,BGD,0.35371149999999996,0.4604665,0.33546775,0.575503,0.4199550454083516,0.588005,0.37983130980107555,0.33533699999999994,2018
Barbados,BRB,0.6768242500000001,0.49312524999999996,0.774164125,0.7517083333333333,0.6035101408012182,0.715319,0.657582716832513,0.5908107142857143,2018
Belarus,BLR,0.54178625,0.34565575,0.46600450000000004,0.8234716666666667,0.49261272467416706,0.333472,0.6026112982573484,0.4968498571428572,2018
Belgium,BEL,0.7798545000000001,0.753072,0.82819525,0.7844199999999999,0.773111335470644,0.906495,0.7416993619714268,0.7240364285714286,2018
Belize,BLZ,0.4362455,0.43598025000000007,0.5323883749999999,0.7294903333333335,0.3930887175332439,0.452996,0.480072617380526,0.33154685714285714,2018
Bolivia,BOL,0.2594545,0.44774075,0.45576725,0.578674,0.41816701985322285,0.450217,0.3439732445517621,0.2090004285714286,2018
Bosnia and Herzegovina,BIH,0.4327085,0.48106000000000004,0.5908137499999999,0.7561669999999999,0.5156106468682543,0.643235,0.5083415727256155,0.5102174285714286,2018
Botswana,BWA,0.6239629999999999,0.45599075,0.5667705,0.7289089999999999,0.5897474206225993,0.686485,0.6121260623882359,0.5535642857142857,2018
Brazil,BRA,0.46465525,0.61345925,0.56574475,0.652933,0.5211244887624487,0.636237,0.5374403455045534,0.3701204285714286,2018
Bulgaria,BGR,0.41271549999999996,0.55222275,0.597640375,0.7371599999999999,0.5536392731400517,0.526929,0.5719031296797826,0.4058021428571429,2018
Burkina Faso,BFA,0.439422,0.457508,0.5972686250000001,0.6337573333333334,0.457804593136902,0.60771,0.4938365376116251,0.45488142857142855,2018
Cambodia,KHM,0.24770825000000002,0.2302725,0.37893024999999997,0.6603370000000001,0.26964606214843806,0.263983,0.20621457697902773,0.26937828571428574,2018
Cameroon,CMR,0.25096124999999997,0.33484775,0.42635375000000003,0.49446300000000004,0.3987044344569668,0.482036,0.37785339090200837,0.2761362857142858,2018
Canada,CAN,0.832935,0.81575525,0.8249989999999999,0.907842,0.8126730041430428,0.792158,0.7231991478614008,0.7410711428571429,2018
Chile,CHL,0.68546925,0.7110105,0.7290068749999999,0.680355,0.6292427597604093,0.763791,0.6349168945889705,0.5550751428571429,2018
China,CHN,0.5468127500000001,0.4461505,0.3115615,0.7978796666666667,0.479595362045328,0.41899,0.5470514466978758,0.477926,2018
Colombia,COL,0.40650349999999996,0.62575925,0.55500675,0.5696453333333333,0.5193691817072847,0.62329,0.4942621486627194,0.3426458571428571,2018
Costa Rica,CRI,0.6786475000000001,0.71716775,0.776809625,0.693188,0.651346069843111,0.811523,0.6346146371227173,0.5560010000000001,2018
Côte d'Ivoire,CIV,0.39514875000000005,0.374667,0.46090312499999997,0.6790236666666667,0.5208606783657844,0.629428,0.526423810581231,0.3925204285714286,2018
Croatia,HRV,0.5950057499999999,0.62460025,0.6684017499999999,0.8124526666666667,0.5241420834734669,0.610663,0.5822407828173733,0.5056635714285714,2018
Czechia,CZE,0.6548455,0.66322725,0.79907975,0.9042063333333333,0.6996778619529802,0.736294,0.7328993942550073,0.7411397142857142,2018
Denmark,DNK,0.95178125,0.8647692499999999,0.901872875,0.9242366666666667,0.8752027932852157,0.865546,0.8690037610719872,0.816852857142857,2018
Dominica,DMA,0.64577575,0.49912300000000004,0.667841375,0.7466906666666667,0.5215952547162865,0.565761,0.6099658889767078,0.5356002857142858,2018
Dominican Republic,DOM,0.36901325,0.52405475,0.588000125,0.6056913333333334,0.41142117659447563,0.471621,0.4598577893111891,0.3270028571428571,2018
Ecuador,ECU,0.41926074999999996,0.493819,0.50666075,0.625915,0.4580354634812133,0.485546,0.46848729021731855,0.3812075714285714,2018
"Egypt, Arab Rep.",EGY,0.39865325,0.25016775,0.301508125,0.5104313333333333,0.32398259716041433,0.383368,0.3853568417060108,0.41668585714285716,2018
El Salvador,SLV,0.42493549999999997,0.52149975,0.53348425,0.5996476666666667,0.49115605697520903,0.527767,0.5052832095801423,0.2981357142857143,2018
Estonia,EST,0.7890325,0.79051925,0.82264075,0.8978243333333333,0.779843227666259,0.743209,0.7933816708235847,0.6789708571428571,2018
Ethiopia,ETH,0.4572545,0.280575,0.308306375,0.602905,0.32587237870537245,0.4032,0.39716976021120287,0.339706,2018
Finland,FIN,0.8910502499999999,0.86481525,0.9088809999999999,0.9231279999999998,0.8201569853510726,0.736246,0.8027598302207528,0.8464094285714285,2018
France,FRA,0.7463655,0.79896225,0.7218992500000001,0.7470216666666666,0.7751178169847399,0.867192,0.7076175433792384,0.6469892857142857,2018
Georgia,GEO,0.711479,0.5690345,0.610386375,0.7887996666666667,0.5808111138723465,0.608301,0.5518005614412033,0.5076458571428571,2018
Germany,DEU,0.825204,0.7924575,0.8508021250000001,0.8766250000000001,0.8449052579606935,0.919616,0.8630880352421404,0.774362,2018
Ghana,GHA,0.41721375000000005,0.524508,0.675375875,0.699786,0.5642543739682069,0.656198,0.6269511411833152,0.5148,2018
Greece,GRC,0.55196325,0.59992325,0.630865875,0.7153226666666667,0.5700768155474429,0.700045,0.5773883124625536,0.5265668571428571,2018
Grenada,GRD,0.6588557500000001,0.49933325,0.6320837499999999,0.7905306666666667,0.5522888688801241,0.55814,0.592860909432308,0.5626122857142857,2018
Guatemala,GTM,0.35429925,0.48719175000000003,0.5482710000000001,0.5794373333333332,0.3708594958640344,0.422363,0.3534193326135507,0.3046595714285715,2018
Guyana,GUY,0.46051699999999995,0.46138674999999996,0.54907825,0.6190373333333333,0.47044162451162197,0.457475,0.5223942736473719,0.398073,2018
Honduras,HND,0.34113475,0.42753825,0.42800249999999995,0.6113136666666666,0.39168126183543733,0.504026,0.4110054910860294,0.24369400000000002,2018
"Hong Kong SAR, China",HKG,0.8340462500000001,0.746353,0.6737749999999999,0.9242779999999998,0.8358494080320703,0.773495,0.7796938001115642,0.7204062857142857,2018
Hungary,HUN,0.50834475,0.49010374999999995,0.5895166249999999,0.9025259999999999,0.4706429365973208,0.49921,0.5106392825635474,0.47480542857142854,2018
India,IND,0.45278399999999996,0.62574075,0.51563575,0.590861,0.48143770549166687,0.595902,0.42647716231300803,0.42465457142857144,2018
Indonesia,IDN,0.37198824999999996,0.535059,0.5059595,0.7445019999999999,0.5417741397311671,0.599665,0.45463462662555193,0.3542564285714286,2018
"Iran, Islamic Rep.",IRN,0.5251100000000001,0.36594225,0.303209125,0.733689,0.46382529627337704,0.535945,0.5296216610070517,0.4505765714285715,2018
Italy,ITA,0.62345925,0.637607,0.70663125,0.7440966666666666,0.5933949543095032,0.654013,0.5635555021577202,0.6432901428571428,2018
Jamaica,JAM,0.548349,0.5858985,0.6269468749999999,0.620944,0.5651857202008982,0.68971,0.5454957897210286,0.4987694285714285,2018
Japan,JPN,0.84622225,0.69976725,0.756157875,0.9146576666666667,0.8051678626195915,0.797733,0.7955319260790662,0.738744142857143,2018
Jordan,JOR,0.65677875,0.45143124999999995,0.512867375,0.7815573333333333,0.5807506694070723,0.655172,0.6263830793931314,0.6028308571428572,2018
Kazakhstan,KAZ,0.45382449999999996,0.48159450000000004,0.44886387499999997,0.7834106666666667,0.5364173939216831,0.541349,0.5714815794397591,0.409442,2018
Kenya,KEN,0.29021549999999996,0.4877625,0.456791,0.5715013333333333,0.44923624849825305,0.631474,0.46294539324921175,0.38004028571428566,2018
"Korea, Rep.",KOR,0.66697425,0.687767,0.7056728750000001,0.8415073333333334,0.7307071197458538,0.787702,0.7491090783689992,0.6971968571428572,2018
Kyrgyz Republic,KGZ,0.292705,0.5626772499999999,0.500350625,0.7422,0.43195315221249403,0.417165,0.47098294180755945,0.3185602857142857,2018
Lebanon,LBN,0.385334,0.43935125,0.4946945,0.6580149999999999,0.4455994099296629,0.42548,0.48176361951697794,0.3671315714285714,2018
Liberia,LBR,0.28152,0.47898375000000004,0.55810375,0.5941386666666667,0.42562022453377296,0.407118,0.4323877279656684,0.3087192857142857,2018
Madagascar,MDG,0.283396,0.459569,0.48364425,0.7167466666666668,0.34617662495238133,0.389119,0.4007499256229746,0.35757342857142854,2018
Malawi,MWI,0.413872,0.44687974999999996,0.5808107499999999,0.6824896666666667,0.4256024922635522,0.541708,0.5435928278307177,0.4296702857142857,2018
Malaysia,MYS,0.558587,0.38941499999999996,0.4715485,0.7727396666666667,0.5057707597858447,0.467983,0.5649824441385336,0.5453438571428572,2018
Mexico,MEX,0.30827274999999993,0.6090767500000001,0.5224190000000001,0.5884683333333333,0.45313651527485926,0.56758,0.409278740072918,0.30351414285714284,2018
Moldova,MDA,0.32187875000000005,0.57224575,0.5389585000000001,0.8015213333333334,0.4178934920993294,0.42322,0.47473280261503453,0.3552055714285714,2018
Mongolia,MNG,0.43891749999999996,0.49101575,0.5855248750000001,0.7810673333333334,0.47381004468748256,0.435941,0.5431320621833724,0.49853542857142863,2018
Morocco,MAR,0.4705925,0.44499049999999996,0.45494287499999997,0.68933,0.5378666506238281,0.634461,0.5524673004088099,0.3735974285714286,2018
Myanmar,MMR,0.4650965,0.32187675000000004,0.3058355,0.7042856666666667,0.4614214234086263,0.329656,0.36267551730061137,0.28720871428571426,2018
Nepal,NPL,0.41496575,0.524054,0.53187975,0.727415,0.5066804836157331,0.569522,0.4742101635619484,0.43094271428571435,2018
Netherlands,NLD,0.8602737500000001,0.8449685,0.8507018749999999,0.8469986666666668,0.8677675421754335,0.890799,0.8791553230839311,0.7991311428571429,2018
New Zealand,NZL,0.8760530000000001,0.81322625,0.813319125,0.8891073333333334,0.8592879008323479,0.854985,0.7916551087990226,0.7362761428571429,2018
Nicaragua,NIC,0.38128275,0.4103075,0.4732099999999999,0.7029146666666666,0.4647714806440379,0.443846,0.3968889052639385,0.342157,2018
Nigeria,NGA,0.322195,0.44182299999999997,0.4733805,0.366709,0.4346153965879539,0.489188,0.5046063376818942,0.4179641428571429,2018
North Macedonia,MKD,0.47039525000000004,0.48953275000000007,0.5420325,0.784138,0.47254351713604664,0.568534,0.5722506763286667,0.46666357142857134,2018
Norway,NOR,0.93397275,0.88028925,0.881024875,0.9261360000000001,0.8741828134174767,0.898943,0.8572219458805478,0.8256121428571429,2018
Pakistan,PAK,0.33192275,0.45038675000000006,0.403794125,0.31510066666666664,0.36234028750122527,0.495982,0.3779504273070036,0.3796177142857143,2018
Panama,PAN,0.44648375,0.59291375,0.592264875,0.6673213333333333,0.5200505073945425,0.542795,0.49045106324346693,0.3280998571428571,2018
Peru,PER,0.3785845,0.56195925,0.6538470000000001,0.63908,0.4996438773927131,0.630933,0.4483511974304878,0.3569158571428571,2018
Philippines,PHL,0.4650035,0.5168492499999999,0.42075275,0.5111263333333333,0.5102427186082376,0.524895,0.4736747070417184,0.310407,2018
Poland,POL,0.719719,0.6577102499999999,0.656583,0.851499,0.6343279024413502,0.666771,0.6498843932258215,0.6159867142857143,2018
Portugal,PRT,0.73782775,0.67651325,0.793090125,0.786955,0.6272247973669164,0.697908,0.7003430482454499,0.6405392857142856,2018
Romania,ROU,0.57642575,0.6589655000000001,0.719927625,0.8388533333333333,0.5709851055657208,0.678947,0.6552218470049411,0.5745707142857144,2018
Russian Federation,RUS,0.42629325,0.48163775,0.4410900000000001,0.6507596666666667,0.4858145392653337,0.387685,0.5400978463619499,0.33452771428571426,2018
Senegal,SEN,0.53299525,0.443874,0.587855375,0.6851013333333333,0.578539042977244,0.728419,0.5734470767323915,0.4322607142857143,2018
Serbia,SRB,0.4291985,0.48573175,0.5624431249999999,0.7748483333333334,0.48501347711510767,0.552594,0.5000564409703052,0.35556114285714285,2018
Sierra Leone,SLE,0.342329,0.41576825,0.518788,0.6623856666666667,0.36755412852807645,0.461367,0.4174057982523098,0.3803177142857143,2018
Singapore,SGP,0.9095362499999999,0.6477835000000001,0.6955858750000001,0.9283473333333333,0.8707607236225844,0.783411,0.8177813655205407,0.7997978571428572,2018
Slovenia,SVN,0.63128975,0.67010025,0.7421730000000001,0.8914203333333334,0.6378391765409452,0.640271,0.5950667662838022,0.5797914285714285,2018
South Africa,ZAF,0.5348417499999999,0.6245882500000001,0.630474875,0.624587,0.5438078516143114,0.652923,0.6142420459627589,0.5228231428571429,2018
Spain,ESP,0.7091737499999999,0.69060775,0.771538625,0.782148,0.6698824569823915,0.653125,0.6678761634594682,0.635074,2018
Sri Lanka,LKA,0.475367,0.49014525,0.532175875,0.7171196666666667,0.492303496972308,0.528999,0.45619811936018195,0.48322600000000004,2018
St. Kitts and Nevis,KNA,0.68706,0.42487925,0.7454740000000001,0.8164206666666667,0.6128658337597915,0.669903,0.7442032740618727,0.5843832857142857,2018
St. Lucia,LCA,0.65510725,0.51814375,0.675828375,0.71543,0.5771021884333765,0.705494,0.6840666291180393,0.5861032857142856,2018
St. Vincent and the Grenadines,VCT,0.6762985,0.49352300000000004,0.703715,0.7461699999999999,0.5228659744587063,0.420604,0.5790844262701925,0.5992535714285715,2018
Suriname,SUR,0.57063725,0.35891225,0.5213752500000001,0.6487113333333333,0.48236878041910297,0.493299,0.5106911324493545,0.5167022857142858,2018
Sweden,SWE,0.9135757499999999,0.8545652499999999,0.870644625,0.9261436666666666,0.8439886983070899,0.866543,0.8175688829231694,0.8006348571428571,2018
Tanzania,TZA,0.40455250000000004,0.381747,0.4780565,0.6683503333333333,0.402073325653496,0.517995,0.5092736938182254,0.3938931428571429,2018
Thailand,THA,0.49225325,0.48458175000000003,0.467668875,0.6915633333333333,0.49948464370064666,0.561181,0.5402740112871436,0.4015991428571429,2018
The Bahamas,BHS,0.6374415,0.480502,0.662850625,0.7232193333333333,0.47207611765526736,0.540338,0.6078961280189187,0.6262838571428571,2018
Trinidad and Tobago,TTO,0.49658474999999996,0.57329175,0.591056625,0.6707943333333333,0.5185991461092131,0.592573,0.595780204898148,0.38731128571428564,2018
Tunisia,TUN,0.48568824999999993,0.49738899999999997,0.565143875,0.6877613333333333,0.5120760289474253,0.617443,0.4995570583393452,0.42958714285714283,2018
Türkiye,TUR,0.49892974999999995,0.41898225,0.31856812500000004,0.5209283333333333,0.4569292984806088,0.48244,0.446295135401531,0.3970161428571428,2018
Uganda,UGA,0.25584874999999996,0.382782,0.40159262500000004,0.557693,0.4179538669828899,0.546779,0.4523794059228326,0.339978,2018
Ukraine,UKR,0.34256275,0.54992075,0.593681625,0.7342369999999999,0.41802763505518375,0.357124,0.5221771380150478,0.3736318571428571,2018
United Arab Emirates,ARE,0.7616942499999999,0.38524775,0.473522125,0.9034406666666667,0.6903015136480709,0.67869,0.6909953611553853,0.6922624285714286,2018
United Kingdom,GBR,0.8238425,0.8123635,0.806539625,0.8415293333333332,0.8488502687015382,0.769311,0.7591044597591298,0.7409705714285714,2018
United States,USA,0.75492,0.7658395,0.7202013749999999,0.7880776666666667,0.7294987060466062,0.742498,0.6753425409671763,0.654719,2018
Uruguay,URY,0.75708325,0.71052175,0.7786751250000001,0.7128163333333334,0.6913467576287731,0.819083,0.7465820786610892,0.5412935714285714,2018
Uzbekistan,UZB,0.3424485,0.30407399999999996,0.3828635,0.9227983333333333,0.46439658792652744,0.305356,0.4984921628927853,0.44964585714285715,2018
"Venezuela, RB",VEN,0.295978,0.30088375,0.35574962500000007,0.47240433333333337,0.22540163177080105,0.165596,0.3189299066904505,0.14290814285714284,2018
Vietnam,VNM,0.4383395,0.44463275,0.50077525,0.772171,0.44972073314488875,0.363431,0.4453774472148969,0.4911257142857143,2018
Zambia,ZMB,0.424253,0.417064,0.432532,0.6941346666666667,0.4321371454042624,0.459747,0.4946825399733559,0.4154904285714286,2018
Zimbabwe,ZWE,0.28462899999999997,0.301143,0.29191712500000006,0.6668506666666666,0.36153659125859616,0.250457,0.4371429642250367,0.37562285714285715,2018
Afghanistan,AFG,0.2765677651263526,0.37231578085546135,0.39532138676868317,0.29579573917969554,0.35021765490735257,0.3656555884505468,0.3763687615432586,0.280142026551286,2019
Albania,ALB,0.35158672999697205,0.4629781245940684,0.6126482177100924,0.7902356440778352,0.43625405555644664,0.40973188166807195,0.4435629039360823,0.4657526568908758,2019
Algeria,DZA,0.45048060167388626,0.4097191464738399,0.47649787901145546,0.7229733142049793,0.5184354112129117,0.6124877055206293,0.5543338955881203,0.4312437231458965,2019
Angola,AGO,0.4221710655041693,0.32057207677257804,0.3823152524428522,0.57461784958691,0.4169315369815224,0.3404555411350254,0.44409114420614754,0.35070927319500583,2019
Antigua and Barbuda,ATG,0.609443153231104,0.5237736317068455,0.6928744564398154,0.7834897688216036,0.579094514267987,0.6585913085193722,0.6617056313028856,0.5611376528937609,2019
Argentina,ARG,0.5216665935239927,0.6304251835156955,0.7036963475296916,0.6180870404634654,0.5238534865131307,0.5553155206953388,0.5837454061200633,0.45482518792777943,2019
Australia,AUS,0.813418682876444,0.8181816583434834,0.7943857063731706,0.8713246070317808,0.8148837354342611,0.8485722524890789,0.764369416452982,0.7330578438591179,2019
Austria,AUT,0.842323910984104,0.7225542730781154,0.8537134317446107,0.899459230586709,0.8417804014833357,0.8401800369275765,0.7814310005836252,0.7959454229319096,2019
Bangladesh,BGD,0.36818380792455674,0.43997510416568,0.3306381309471757,0.6101073173612975,0.42370576654755504,0.595604791791325,0.3901137418051718,0.33615303783084116,2019
Barbados,BRB,0.6824787504660046,0.5210323086513448,0.739687095956777,0.7649918360290662,0.6249124160934575,0.7055548728780598,0.6535481659788477,0.5750558758221695,2019
Belarus,BLR,0.5530864812846924,0.36347493341070647,0.46685096302175405,0.8069319486260103,0.5049570741002233,0.3072710817554625,0.5962442541030711,0.4827851053519058,2019
Belgium,BEL,0.7976974304320005,0.7684415371344532,0.8411855153265969,0.8146398723589425,0.8117477278108967,0.9055767032294129,0.755480481548216,0.7158942760187968,2019
Belize,BLZ,0.4392096807856443,0.44845463899370913,0.48693073547975035,0.7283905150504134,0.41576959290611315,0.45530396936368883,0.502214912658949,0.33899916222084187,2019
Benin,BEN,0.3784752395992332,0.3914183815732928,0.5643443578274832,0.782034621888414,0.5051306212200365,0.5341068503404127,0.3820649729109734,0.4416122176846284,2019
Bolivia,BOL,0.26193356835387255,0.41796088713728446,0.4669537783585752,0.5891554471153583,0.40193538040596444,0.4362546729154708,0.3493683124024131,0.2081640834573065,2019
Bosnia and Herzegovina,BIH,0.44072227303740363,0.4748370962084345,0.5941821311273746,0.7642059674028125,0.4893149512488799,0.6403428575819936,0.5086505484011533,0.5023783383863581,2019
Botswana,BWA,0.6003965254174966,0.48290756296541754,0.5782999235537662,0.7140039559985357,0.5981265108498959,0.6825809102568793,0.6002947950025664,0.5674711764043852,2019
Brazil,BRA,0.4546344791309207,0.6197693437925773,0.5465868379640555,0.6465363380448585,0.5176874067981669,0.6292957069177871,0.5491130569014112,0.34874526692962426,2019
Bulgaria,BGR,0.4352905769001466,0.5379374236387087,0.6026701312840298,0.7687706612904105,0.5422872965062392,0.4841523442964073,0.5600241036048895,0.4499052310606851,2019
Burkina Faso,BFA,0.43798003389956847,0.4591748977240736,0.5723937963676451,0.6637184798383655,0.4625748156338174,0.5861206021113965,0.4583770337384237,0.46518481246843113,2019
Cambodia,KHM,0.24403445657343817,0.2660754849117851,0.3471135718603681,0.6635613566265229,0.2915396010289911,0.28836483754306974,0.2324118453702312,0.25397065020620174,2019
Cameroon,CMR,0.2710581964199707,0.3445277796287755,0.3919665875680473,0.535657734523795,0.412639419463691,0.4774200944316202,0.3854824663502402,0.2818235121690171,2019
Canada,CAN,0.8287202508032145,0.8098092982004232,0.8278413595478797,0.9091551504249323,0.8111615723553596,0.7731691657809614,0.7017993560603716,0.7341533493699003,2019
Chile,CHL,0.6959720503477727,0.7217254723765341,0.7309718348809964,0.6761157876077872,0.6532909881849049,0.7705813818818565,0.6336280545047163,0.5683431399311781,2019
China,CHN,0.5511603788820073,0.41756705713307873,0.316983261669468,0.7902868344802174,0.47862560643333196,0.3650957577635278,0.541628669464336,0.46678003801133466,2019
Colombia,COL,0.384214154253121,0.6314038695181043,0.529971560893763,0.5875189739604831,0.49985267892101604,0.6140583692814972,0.48020424002080325,0.32993994774686947,2019
"Congo, Dem. Rep.",COD,0.18232800804072,0.3169737044379101,0.36972077754016863,0.4783813268645131,0.3670294509212271,0.3198576233901603,0.36080576997799974,0.2745987159097752,2019
Costa Rica,CRI,0.6752184899271633,0.707017342913844,0.7777692169597251,0.69205447356783,0.6798354603932675,0.8058906550896441,0.6242626867603306,0.5507016509729575,2019
Côte d'Ivoire,CIV,0.37402644373435595,0.37033303267886514,0.46209450486504405,0.684188808440819,0.5209860354788571,0.5861919379522327,0.5151574642992233,0.3787926891883934,2019
Croatia,HRV,0.570607565363661,0.6076235296126928,0.6484202056984758,0.8218430468219023,0.5492544531359889,0.6237746596883296,0.5791037532421707,0.5058975187279309,2019
Czechia,CZE,0.640572736017981,0.6604716980308067,0.7835368396971145,0.8994817677251659,0.702992878490438,0.7168605845173267,0.6965111956260189,0.6991294975346528,2019
Denmark,DNK,0.9457950832204166,0.8593143251168097,0.9162141524687535,0.930507916174439,0.8989926630470808,0.8778975921001222,0.8668806256529268,0.8302992784405024,2019
Dominica,DMA,0.6030626820496265,0.5019767489879975,0.6434072729449214,0.7570597832065343,0.5183616298873941,0.5473334452867775,0.5875477480191156,0.5478219655091197,2019
Dominican Republic,DOM,0.38526249213584496,0.5132967326145504,0.5634337686928884,0.6288626437047627,0.39226285329691724,0.43773495578486765,0.433339401438593,0.3385924479369356,2019
Ecuador,ECU,0.4051415744527375,0.506203923218693,0.4885774137274718,0.624439424578067,0.4906927873225765,0.4966794809402004,0.48367625718584106,0.3465196584526173,2019
"Egypt, Arab Rep.",EGY,0.40145218744843325,0.22400702287882993,0.293113586420713,0.5082819427329096,0.3541074271468454,0.3684920995512611,0.381488701367863,0.40685190110626773,2019
El Salvador,SLV,0.39845339226200377,0.5104004604153931,0.5242513794674766,0.6318920561103332,0.4874760588177134,0.5283608799480612,0.5135724687829387,0.2881588194244856,2019
Estonia,EST,0.8013070497971392,0.7961195714533658,0.8256067587296972,0.8917113156026683,0.7901144898271051,0.7718904476212722,0.8014036812006087,0.7102580608550112,2019
Ethiopia,ETH,0.46319970957513007,0.28193055340022855,0.2934684233692184,0.6447656015002217,0.3588925045294193,0.41569454566118713,0.4063729052494178,0.3329370654382031,2019
Finland,FIN,0.8925733372399298,0.8672160077188468,0.9190009792264758,0.9207679508185816,0.8354738923547865,0.7370301915057642,0.7996929077882857,0.8432939371256907,2019
France,FRA,0.7492955557796699,0.7862116752910884,0.7414991776423016,0.7651251582834093,0.7716607916671903,0.8355566176012333,0.7075726690134563,0.6301501987385957,2019
Georgia,GEO,0.6990944633971985,0.5856303066797202,0.6153715754830764,0.7819034057360005,0.5625255340981157,0.5858319476854736,0.5400359814980071,0.5192616051754355,2019
Germany,DEU,0.822339772906825,0.7913463788920696,0.8475204535164498,0.8886239910159487,0.8467322598671616,0.9182134943534541,0.8566657479864302,0.7789688765891782,2019
Ghana,GHA,0.40506101337495276,0.5129666157432324,0.6390404954058966,0.7094231644488666,0.5482950486286976,0.6571459988235694,0.6160225323201765,0.4876495233344219,2019
Greece,GRC,0.567431045136233,0.6070292003877531,0.660586552755465,0.7245389279174402,0.5864931279142813,0.6966983215815485,0.5761922608047276,0.513512455115921,2019
Grenada,GRD,0.6645174282133368,0.47055791673159275,0.631272325843816,0.7661510146914668,0.5771050677136973,0.5944419964260199,0.6176455752761202,0.5014922724607275,2019
Guatemala,GTM,0.3685422589672103,0.5050615408729617,0.5517349045049889,0.5912293945524087,0.42039588471815553,0.4580838668696705,0.37100030196682415,0.3204038582982883,2019
Guinea,GIN,0.2819027233600633,0.3874540321110032,0.5189221850489678,0.7523479980283186,0.43108924559873146,0.4569134932045076,0.41248240402920666,0.3106012639411449,2019
Guyana,GUY,0.46220270073361225,0.44487462857972027,0.5584882957250507,0.6112814890462039,0.46449742334002286,0.45796541746639075,0.5307627917039776,0.38350248125970027,2019
Honduras,HND,0.3358668769154733,0.42466772185558754,0.40805306676243835,0.6037066226961775,0.39725464097471896,0.47997069416852267,0.41456103448317044,0.2568422130953882,2019
"Hong Kong SAR, China",HKG,0.840890507141929,0.7472857605717846,0.6643040640723077,0.9250971044195783,0.8245885481435671,0.764644254117504,0.7732398136686583,0.7119102278382565,2019
Hungary,HUN,0.5088312652881808,0.4568493771454544,0.5805394421698347,0.9059663940219501,0.4734228767400504,0.4735456653895648,0.4558267993397206,0.47812316781326497,2019
India,IND,0.42610832123502107,0.6116480689163434,0.5250932155402385,0.588365954841298,0.4814606894026281,0.6273874938101938,0.4459077732183476,0.4019533474317903,2019
Indonesia,IDN,0.3770795677489442,0.5415622164365139,0.5156885103908355,0.7044189632150637,0.5542350692944356,0.5672806699544323,0.44003223337451164,0.37401269023011496,2019
"Iran, Islamic Rep.",IRN,0.44940204713194704,0.2940584450862269,0.24612274291417804,0.7454172468626554,0.4782738852561684,0.5606331087232098,0.547028010682638,0.4175889983241222,2019
Italy,ITA,0.6322292094657492,0.6300673685860122,0.7252087926971149,0.7444538118441524,0.5931706006840477,0.6448587301114104,0.5597980840485505,0.641920030932328,2019
Jamaica,JAM,0.5431896563941434,0.5577587195509195,0.6266566739930957,0.6161571879443574,0.5365225267270446,0.5917045613915293,0.5126034545853223,0.503926451631302,2019
Japan,JPN,0.8192242015385716,0.6861899067512051,0.7809855005404895,0.9209794909019907,0.7834441919048778,0.7584538977024061,0.7919518322718014,0.7430724290080455,2019
Jordan,JOR,0.5834651561086046,0.40719857363402245,0.49428821671515294,0.7671940257742006,0.5815688588772314,0.64553770510386,0.6348455840769086,0.5805935842960788,2019
Kazakhstan,KAZ,0.46605620549844284,0.4709428809270562,0.4635949191733678,0.7818257318573881,0.5066026298104002,0.4760733422377923,0.5935110107980774,0.4371804227309907,2019
Kenya,KEN,0.273729786830396,0.4908338821243553,0.4557978329598636,0.5743624044036092,0.4567771360308977,0.5836535822002511,0.47261411077188814,0.37730135234975143,2019
"Korea, Rep.",KOR,0.6720229196723472,0.6941231563251957,0.7367047594302447,0.8410035581202946,0.7285082774629414,0.7851889480985319,0.7674442938097373,0.705473888564733,2019
Kyrgyz Republic,KGZ,0.3141715316828795,0.538571583896851,0.4932570303273588,0.7511641174331766,0.44886525594242954,0.44528996350907857,0.4886531665523797,0.31004447313119643,2019
Lebanon,LBN,0.3918990415004232,0.4390202791189427,0.518404581097815,0.6352381011376903,0.44207494641653733,0.4228334599103783,0.4357960782087065,0.3798427871484021,2019
Liberia,LBR,0.3189373638852388,0.489513438829721,0.5223321654880632,0.6106669693522171,0.4336744364543671,0.49628691890667515,0.44335311312359277,0.32304421486236085,2019
Madagascar,MDG,0.2644793135828196,0.4592079779003312,0.4732256971126373,0.7101937169289135,0.34526820189658364,0.4450025922569034,0.40264746849550137,0.3447893240160184,2019
Malawi,MWI,0.42007006006100417,0.43292225129453993,0.5894238130773959,0.6813715341581088,0.45308907395552167,0.5878546728523089,0.5385397802525086,0.44630957649371744,2019
Malaysia,MYS,0.5817252523522667,0.38416697221177076,0.47775691957885236,0.7875856478463642,0.531864183132077,0.45258341070409824,0.5970755158667937,0.5411187984887389,2019
Mali,MLI,0.31231604166388505,0.4331667730871751,0.5356910021970451,0.6086434871974395,0.5422530907756314,0.6305233531326091,0.4250436624082024,0.2779737899276174,2019
Mauritania,MRT,0.3066901675020899,0.25696939873902147,0.3871151759600208,0.6526587827298144,0.2556071028408097,0.35147675282787094,0.32486857898613136,0.30206067870389697,2019
Mauritius,MUS,0.5841302346019611,0.5370970953413394,0.6449619163683162,0.7660782643429749,0.6286138090033148,0.5759943187562944,0.6346506060119859,0.5250984528017508,2019
Mexico,MEX,0.29318002396342,0.6081587743886129,0.5350105132986726,0.5663244240947177,0.4629305165050841,0.5580997163328352,0.4013705249220635,0.29176337293715326,2019
Moldova,MDA,0.3242437315821641,0.549758365363624,0.5386805563530936,0.8022683926719983,0.420887378187856,0.39827797502632356,0.4671280606199355,0.3445466746691899,2019
Mongolia,MNG,0.43890294579835637,0.5093221919042568,0.578952581557604,0.7659480504451132,0.4859512075071114,0.488380109474417,0.5420556986557186,0.4960340381625722,2019
Morocco,MAR,0.44286962786464457,0.4391156982626103,0.45707284484688065,0.6930852698746612,0.5371822514731848,0.6434285722983721,0.5385506185997001,0.3810101287758626,2019
Mozambique,MOZ,0.3712945120658042,0.3717002090192552,0.4206983387584408,0.619208690198238,0.3838353171496443,0.3544936566957431,0.4610630699470842,0.3430613591806493,2019
Myanmar,MMR,0.46970684336715374,0.3499720158319505,0.31164989776130986,0.655596449758214,0.46485708417605104,0.3390458224876564,0.35823668481650606,0.28863489329230896,2019
Namibia,NAM,0.5301415735640096,0.5766813809875777,0.6599890351336961,0.734882263972168,0.5845537032244323,0.6813121203002797,0.6645269294378877,0.5429078275275657,2019
Nepal,NPL,0.4301775553425069,0.5207167464711356,0.5426586293432133,0.7242155478922162,0.5028734468144129,0.5208418674930562,0.4695928585398129,0.44404841427730446,2019
Netherlands,NLD,0.8810388129788972,0.8246609617392228,0.8409524900561415,0.849920419902471,0.8584938981191721,0.9438241973315578,0.8572481791287824,0.763974184512418,2019
New Zealand,NZL,0.8717658224632147,0.8130007844787674,0.8043630006993037,0.8881725583884723,0.8523886269958585,0.8306013461736909,0.778170638108886,0.7221505542651426,2019
Nicaragua,NIC,0.34682282654062074,0.37951291846404134,0.39000586660948877,0.702443899641709,0.45414634822680566,0.4284489613080257,0.41082562281840246,0.279566898228066,2019
Niger,NER,0.42834320471255394,0.35058558819907737,0.4911149140905218,0.7253652580382711,0.4393694186007237,0.3349599718879716,0.43163162655756643,0.33646447969779414,2019
Nigeria,NGA,0.3395109361682059,0.42809734084197004,0.4578239718547145,0.35305282688180023,0.4309608020193128,0.48706533175462474,0.4849419873773102,0.42653348937400243,2019
North Macedonia,MKD,0.46592649789503576,0.4914556635950178,0.5692261735742519,0.7884204772131628,0.4791770377053327,0.5380589972423444,0.5666120588131427,0.4737348752687907,2019
Norway,NOR,0.9435273535425744,0.8825369696240711,0.9008609616084251,0.9288038524397804,0.871098924599497,0.9102544472513442,0.8534304552902345,0.8292044510021276,2019
Pakistan,PAK,0.31598277213834597,0.44778607501185963,0.3803810851168637,0.3589867030981962,0.3781600482766393,0.5423873696321939,0.37865593422063354,0.35134460131824696,2019
Panama,PAN,0.4180203933496408,0.5937448792027435,0.6160420642503665,0.6787284700263377,0.5134348434575754,0.5372409121022204,0.48586379012384795,0.31449482573397364,2019
Peru,PER,0.3337922855570658,0.5464110431635595,0.6262558100453471,0.6411493161793865,0.4994901876720833,0.6414586756713272,0.4625244928934807,0.33054173011689053,2019
Philippines,PHL,0.4655957715490792,0.5324957024446149,0.4234284704978889,0.5960957955952441,0.47142826438778174,0.5103215729117111,0.44380142327993083,0.30860568671022415,2019
Poland,POL,0.7272025586965812,0.6263310244925194,0.6571324482072257,0.8569751262673146,0.6227319645403397,0.6031290216419423,0.6357938460762257,0.6088714249360311,2019
Portugal,PRT,0.7241718430698765,0.6721568599082406,0.7872391667687546,0.7874302418075031,0.6415201945426219,0.6927119723491704,0.6886881946757001,0.6040516742499257,2019
Romania,ROU,0.5723980947112026,0.6229252537387052,0.6956364073809606,0.8406405794024142,0.5740994621806313,0.6770635850080521,0.643493709921305,0.5688117647194167,2019
Russian Federation,RUS,0.4527621799151184,0.493566422299195,0.4491118350864529,0.6645268149125364,0.48887910082457553,0.3697558745267266,0.5203795599271712,0.337569164490686,2019
Rwanda,RWA,0.5990055841517795,0.5716511506729052,0.5232377900774242,0.8389010394863874,0.5675248884999516,0.6856549107741721,0.6317509091038175,0.5458679577077393,2019
Senegal,SEN,0.5429911663234345,0.4431310576569609,0.6025548155223862,0.6918701830841593,0.5464947473076162,0.627530095988597,0.5609897736054615,0.44513656954249864,2019
Serbia,SRB,0.43977902753283155,0.4729819747946252,0.5625832887686907,0.7760085721071688,0.47348748324583,0.5326822600463105,0.4984351811129077,0.3791022184004957,2019
Sierra Leone,SLE,0.3543136321532259,0.4217732742583946,0.5220143000764038,0.684776296375536,0.3724825144159616,0.3967157029738929,0.4085871955414268,0.3566276712599775,2019
Singapore,SGP,0.9136491496425514,0.6592708522425463,0.6939823710562661,0.9347280735917326,0.8700329481131017,0.8071821356626951,0.8260675244140874,0.7830306598325094,2019
Slovenia,SVN,0.6555672342958861,0.6540660681484598,0.7346843426054739,0.8906370547084302,0.6371448738955103,0.5916131156218425,0.6255812789779024,0.5474451409193911,2019
South Africa,ZAF,0.481363028562565,0.6249057533238629,0.6380766148949906,0.6107440668121903,0.5451768368643075,0.6188787634747277,0.5890145853947979,0.5197098013212889,2019
Spain,ESP,0.7224890114685989,0.6969365756133,0.7809995080528986,0.8163097796202868,0.6843416506297033,0.6573311935931785,0.6732178388011916,0.6573913295633627,2019
Sri Lanka,LKA,0.4560736518001191,0.4955242328744895,0.5409600691840541,0.7040472016922107,0.4937858293192029,0.5468317297491485,0.4710865740021278,0.44708249898292746,2019
St. Kitts and Nevis,KNA,0.6663466399150013,0.4099493330360134,0.7228310059735473,0.7933522281910838,0.6109603223563234,0.6797715549448768,0.748635138424115,0.5733832453568094,2019
St. Lucia,LCA,0.6344756791393646,0.4980406854244312,0.6618904041746179,0.7205863065618331,0.5781056730978035,0.7074456283462236,0.6577435281536719,0.5690598269299296,2019
St. Vincent and the Grenadines,VCT,0.6951944813801476,0.5030469759218925,0.6762127726589876,0.7386846209470174,0.5423726192995637,0.5103659639204856,0.6148520254498411,0.6032413175741974,2019
Suriname,SUR,0.5054593300962692,0.3686183438172273,0.5485256251448423,0.6523377427385758,0.4690579134764282,0.47988668722548855,0.5112769994197766,0.5294713070934678,2019
Sweden,SWE,0.9101722175112213,0.8592953257021755,0.8625032385998357,0.9173542960708301,0.84820867243168,0.8834714536513468,0.8054660372140103,0.8079781098140428,2019
Tanzania,TZA,0.4163991332892103,0.38068641943452775,0.45247055801598046,0.6886245118844885,0.4279613415375111,0.44600494895938114,0.4778868619466981,0.37766292919729005,2019
Thailand,THA,0.4919727550999333,0.48415095887655135,0.47785075365513285,0.7123526791477985,0.47579435712461393,0.5283276137738168,0.48904883740072236,0.4192555586827616,2019
The Bahamas,BHS,0.6518857804238042,0.5030660732864214,0.6638563369610441,0.7495541034010521,0.5081804088492732,0.5123849915859935,0.5757076528921693,0.6247334598875212,2019
Togo,TGO,0.42099382803082586,0.31249823171437435,0.48810394289978726,0.7354404719715629,0.4880237306036749,0.4722617196745719,0.47195661300190966,0.36006728351416406,2019
Trinidad and Tobago,TTO,0.5001747537710918,0.5598583892198542,0.5921979281629995,0.664704183753768,0.5120292442572557,0.601735996079632,0.5755085933369399,0.35300457495017756,2019
Tunisia,TUN,0.47208402306797365,0.5042879170429033,0.5609902198096015,0.6744113369159447,0.5324703512536602,0.6278004659333851,0.48924308108002545,0.4258025072971509,2019
Türkiye,TUR,0.4838689875532737,0.4205605867166659,0.31590531314853293,0.6665432053110165,0.4218246402872815,0.4523291737962398,0.44801084093250615,0.3767662397534969,2019
Uganda,UGA,0.25979354715108244,0.39869572908513806,0.3803495027804229,0.5883217237538646,0.4247308558969727,0.5872136372529133,0.4489771046980807,0.32889097345428747,2019
Ukraine,UKR,0.3329146180144575,0.5459611926967443,0.6098095972823672,0.7309939886064027,0.42491326508196164,0.3730401689112628,0.5413593030067105,0.37325851354204415,2019
United Arab Emirates,ARE,0.7948633232250052,0.35612417689273557,0.45838781563391884,0.9126531860619519,0.7249597259085567,0.6474340952315301,0.6612053796757837,0.6742768778314402,2019
United Kingdom,GBR,0.8275581755771089,0.7957148590574364,0.8189415312984685,0.8473854986510875,0.8191681180301037,0.7683153314804831,0.7266059225673777,0.7475662738626367,2019
United States,USA,0.7398784774490124,0.7730744537384244,0.7185773411343291,0.8046176245923026,0.7252754755020194,0.7238866875117443,0.638975721020737,0.6274418781310933,2019
Uruguay,URY,0.7401269463370014,0.7146565435845289,0.7640463220928826,0.7016544118369491,0.6880661107203845,0.8006720233789824,0.74638389297092,0.5380804369831534,2019
Uzbekistan,UZB,0.3809477042813305,0.31495885500373766,0.39467865251583345,0.9062012663162243,0.4371692315754376,0.2766591674926592,0.5069217008433736,0.4417041831911308,2019
"Venezuela, RB",VEN,0.3174691657907177,0.288756377358976,0.33025451862216554,0.4782457598390864,0.20040398683986763,0.14287142246429818,0.27665085335357303,0.1355114878227419,2019
Vietnam,VNM,0.4048489647304421,0.45682098465197685,0.4601031525621251,0.7740743130239562,0.44778303471259806,0.3792638777739183,0.45166494858680817,0.4602072236616608,2019
Zambia,ZMB,0.40197557100076786,0.380124133795554,0.4504323010025837,0.6880804416884083,0.4263944035495971,0.4275938457029765,0.4656664381433053,0.43369257394838007,2019
Zimbabwe,ZWE,0.30927698805594867,0.3325244004995965,0.34533070265445553,0.672895553558638,0.37670520510041844,0.28761387255395465,0.459354268889112,0.3663409087362397,2019
Afghanistan,AFG,0.3040972347519731,0.4109549094049433,0.41207401419446466,0.288196012868642,0.372283543639807,0.3837064174266923,0.37078863123978023,0.30668004897000206,2020
Albania,ALB,0.3671053432478914,0.46589323978216823,0.5882080852518914,0.7851267240348235,0.44072232606255335,0.38300976898570893,0.4760761559141985,0.42609907630680244,2020
Algeria,DZA,0.45454389444393484,0.34410950820864583,0.4698996838022488,0.7404002921154618,0.46583941619543995,0.4775999532608701,0.5642450822513468,0.4346720520089734,2020
Angola,AGO,0.42576391841165706,0.3663612812849389,0.38843127958508106,0.5983771747121608,0.4024443200138309,0.3581635626021753,0.44274733522670434,0.3596514217965963,2020
Antigua and Barbuda,ATG,0.606537189659172,0.5181485012477138,0.6961412267070983,0.7835141839549049,0.6035831333686753,0.6671157337632276,0.6597196236216246,0.5611376528937609,2020
Argentina,ARG,0.5170628233545306,0.6356368438534459,0.6964804771885633,0.6162140945884237,0.5274088986946633,0.5761661409603545,0.5935372112021265,0.4353852723007455,2020
Australia,AUS,0.8159364289087675,0.8115581257506697,0.7948595723476168,0.8664949417453545,0.8216203568916878,0.8547075496895344,0.758873836382617,0.7298543780464809,2020
Austria,AUT,0.8188569197400031,0.714952026872874,0.8509190022131797,0.9038319244275606,0.8355480029626625,0.8199425022262112,0.7680991263311112,0.7992911547765761,2020
Bangladesh,BGD,0.36214121950590783,0.42663510706660657,0.32448131325322827,0.6266984630786591,0.4133492894112353,0.5708838013702899,0.38275031017412775,0.33326915263923657,2020
Barbados,BRB,0.6960329212929488,0.5179942206867825,0.725398659414306,0.7857605947070145,0.5996830731608276,0.6850478516985508,0.643278077541983,0.5743472727877265,2020
Belarus,BLR,0.5443703711922723,0.3616563979402163,0.46972760390198104,0.8030630038408119,0.508421135417174,0.3425798733670764,0.6011627756472444,0.4696138574700656,2020
Belgium,BEL,0.8006414437593314,0.760880727506278,0.8379334500582603,0.8095049828089644,0.7988758399921007,0.9086839742978379,0.7587861306903309,0.7069169517972315,2020
Belize,BLZ,0.43419451043597707,0.45097676746021215,0.4975749107369005,0.7003386401103628,0.4299268227185128,0.47862926127191957,0.5125959790255004,0.3619711558544286,2020
Benin,BEN,0.3829248527985866,0.4118294532529231,0.5444778512954098,0.7619996676055782,0.5011630498416327,0.5715832766380402,0.41237394643598185,0.4315910678766232,2020
Bolivia,BOL,0.2654199302735594,0.430662313839979,0.4633628030781096,0.589446183026373,0.4020370596273108,0.4221710047850774,0.3285497745012285,0.22490293763346278,2020
Bosnia and Herzegovina,BIH,0.4362489770852791,0.47200000699883576,0.590384241796832,0.7638774223126196,0.4892779173351226,0.6216548566450734,0.4809631439336338,0.4791032617649243,2020
Botswana,BWA,0.59068166555786,0.4976774535494508,0.5839056013261501,0.7105517255173813,0.6097422582791581,0.7164507053556216,0.6082208277878777,0.5875015622081362,2020
Brazil,BRA,0.44668808733159504,0.6108819519543454,0.5098604824192907,0.6375445999343351,0.510710300088338,0.6347231815783918,0.5365278156453231,0.33608412493814793,2020
Bulgaria,BGR,0.4401678546089399,0.559277150649549,0.6051634921343708,0.7682020599748984,0.5327897972792467,0.5011936861318527,0.5551141111048469,0.4533440596190478,2020
Burkina Faso,BFA,0.4229213325183516,0.47192736130721413,0.5662911572462024,0.6234773822004649,0.4753049573633309,0.5955320405217119,0.4614238241188251,0.4865081218040977,2020
Cambodia,KHM,0.23697447860385837,0.27115197232296806,0.34815470750593824,0.6663225316631871,0.27231206089941906,0.2974723715442414,0.25593672422301317,0.2622044650928609,2020
Cameroon,CMR,0.25502366790090314,0.33721949074323887,0.3592864127426164,0.48306152147455167,0.41501441557514446,0.4909574295198346,0.4118455462417817,0.24379976938469103,2020
Canada,CAN,0.8344898644073475,0.8067065613169594,0.8198797840860107,0.9055272682783925,0.8113342665285209,0.7568820590041205,0.7041394067608043,0.7409932446631704,2020
Chile,CHL,0.6903166953414772,0.7131069262596705,0.7237360278715109,0.6746280708202125,0.6437986595434403,0.7749864290103964,0.6313637747350294,0.559504258788211,2020
China,CHN,0.5342470988713005,0.4266416839871997,0.28884942502749017,0.7799144120695085,0.4935275342598934,0.39368912531801714,0.5346049351714487,0.45015658478988657,2020
Colombia,COL,0.38601423360028736,0.6356687929672931,0.5325412590858672,0.563761121599626,0.5219911404897923,0.6473619686692801,0.4895177415266086,0.3396382095269882,2020
"Congo, Dem. Rep.",COD,0.1600549422799616,0.34067257310825755,0.4067245510143417,0.48273549919554554,0.3520033209297335,0.33259903904783794,0.34603390596922473,0.25842838044184546,2020
Costa Rica,CRI,0.6594154671171754,0.7039377241653518,0.7864564854104106,0.6833556789286103,0.6664460886196075,0.7982448070016095,0.6207626056651391,0.574222418548484,2020
Côte d'Ivoire,CIV,0.36006138103285873,0.381398772103441,0.45476754175939543,0.6784470280491423,0.5209769773421182,0.5920842468037151,0.5379663433114059,0.3578519768327762,2020
Croatia,HRV,0.5795472593598963,0.6094475490575739,0.6665964950932692,0.8455821151974597,0.5553180140056387,0.6178890404793129,0.5695523924855329,0.512635038902103,2020
Czechia,CZE,0.6530418949399965,0.67215719066668,0.7901149058975049,0.8995298898390095,0.7087647614438077,0.7303838549679977,0.688961366635211,0.7086715937102718,2020
Denmark,DNK,0.9462557023699104,0.8770202870327886,0.9168061434010218,0.927592295399072,0.8981035066170187,0.8966546045661858,0.8609529072095865,0.8254642511831403,2020
Dominica,DMA,0.5979471819397022,0.503503088760772,0.6252671685964746,0.7408370310879868,0.5272174503295606,0.5473334452867775,0.585429558306279,0.5516122063309147,2020
Dominican Republic,DOM,0.39065055231794343,0.5294349771950193,0.5795181332485512,0.6336626371541899,0.41653923102161317,0.44442792512410706,0.4516195573621115,0.3553387445740657,2020
Ecuador,ECU,0.4189084732793137,0.5006770969272751,0.5183091725341348,0.6255234753626869,0.4875980150921797,0.4994188745617245,0.49477218427994707,0.35515108502752313,2020
"Egypt, Arab Rep.",EGY,0.39821257282921113,0.2229706752517409,0.27669804495166483,0.5700304163511014,0.37017797139796194,0.43643197067827183,0.38738086669115157,0.3740355172752414,2020
El Salvador,SLV,0.37965746746834544,0.5337149015985517,0.5371806110526144,0.64931662116867,0.5141248531842371,0.5754840168757207,0.5324894474526775,0.30579854082413327,2020
Estonia,EST,0.7932103082176227,0.8087509615217707,0.8187369153753664,0.8898337162201787,0.7946918989493548,0.783241438720268,0.8048181962596175,0.7133800016951616,2020
Ethiopia,ETH,0.4558616450104418,0.32498769589972226,0.3457995769524879,0.6338502324073199,0.38733632526680456,0.4291931065244132,0.4197926950142847,0.3362572712611878,2020
Finland,FIN,0.8896320248993271,0.8590944740992679,0.9054988905336858,0.9133678922605871,0.8633697996324367,0.7747268437121353,0.8149256335378704,0.830517941862495,2020
France,FRA,0.7393519395171909,0.7794083634765674,0.7341385607180101,0.7512290094702854,0.7625717559979586,0.8322493768666306,0.7052513617244716,0.6201089899207933,2020
Georgia,GEO,0.6829064544226915,0.573821616259228,0.6098872433561566,0.7852039513245473,0.5693977392776025,0.5955430419671515,0.5307484265904733,0.5192475185047538,2020
Germany,DEU,0.8227176728410494,0.794213337319543,0.8512129046724157,0.8879637545628419,0.8500296668269046,0.909018747843067,0.8465979075504586,0.7854201534080014,2020
Ghana,GHA,0.39087726147156565,0.5032435643250919,0.6101424151079863,0.7157251112212797,0.5491512006468623,0.6679802235502584,0.5916292286137025,0.4907067940746997,2020
Greece,GRC,0.5626529613500131,0.6085996627649063,0.6547694355034006,0.7117106336665743,0.5785652069361225,0.7006710998381773,0.586055703184892,0.49861661311730493,2020
Grenada,GRD,0.6476660453678333,0.45657576452275617,0.6272352364304068,0.7655222780706387,0.5565790614686537,0.5691791101675745,0.5974200432900061,0.5027634026990789,2020
Guatemala,GTM,0.3360595378763449,0.5069556628772867,0.5435084741746425,0.5887074570902397,0.41831885509852745,0.46084237841791575,0.37450778726257056,0.3001770515526539,2020
Guinea,GIN,0.28622803077860287,0.3650420997920259,0.5010768853235412,0.7184410483375813,0.37078514680298547,0.381904423616707,0.4115310167402392,0.3061884477215799,2020
Guyana,GUY,0.4557641564417595,0.4518753752257174,0.5567639304311157,0.623785983613126,0.46611475153974735,0.46422276610284774,0.5345318519655288,0.38032215266379005,2020
Honduras,HND,0.322426710938564,0.4241549183071962,0.4086879853683997,0.6555221987243209,0.3862260445226264,0.48994029237414505,0.41478556070900846,0.26426067343640797,2020
"Hong Kong SAR, China",HKG,0.8412773381875815,0.7348431482357081,0.6546542246416022,0.929190667599018,0.8106041509177857,0.7295747175390224,0.7737448846780991,0.7157458285313975,2020
Hungary,HUN,0.5055819796210995,0.45851088537717166,0.5801285948228482,0.8942311251211094,0.46570898543391603,0.4453203889337535,0.45447124344867185,0.4681671050036496,2020
India,IND,0.41931483469708486,0.6096575292157539,0.5086040856414551,0.5900398058335976,0.48611188998800275,0.6397681775540975,0.4497775740393572,0.3969549365130713,2020
Indonesia,IDN,0.39329915649804725,0.5470574883716144,0.5162883341209569,0.6825031566740455,0.5515509511456875,0.5823965542077725,0.45755330866529376,0.39482338940423395,2020
"Iran, Islamic Rep.",IRN,0.42966173374811983,0.28479058236094423,0.22345876221200056,0.7263885157552914,0.45922695392721113,0.5393614082469026,0.5517982962679053,0.3718616828886712,2020
Italy,ITA,0.6313271546908575,0.6298027971751321,0.7289852100221096,0.747680955731531,0.6074890312595825,0.640216464193674,0.5626412925430537,0.6434396628375966,2020
Jamaica,JAM,0.5457496582774096,0.5628561909820877,0.6405729802400608,0.6106954463175466,0.5411031908309252,0.593948621676887,0.5140525594172481,0.4990900312913876,2020
Japan,JPN,0.8177474495445987,0.6832557573394946,0.7693830850907747,0.9233841620503979,0.7853990260088142,0.7606332230926379,0.7943234956383609,0.7556622035123304,2020
Jordan,JOR,0.5991768796558357,0.41888839750749857,0.4844636041731741,0.7604299931033763,0.5998168055215187,0.616340239465522,0.6213443200630794,0.5684367767854225,2020
Kazakhstan,KAZ,0.48500337748619127,0.4576070551617792,0.4565658419269534,0.7799293562560471,0.506796713295498,0.46111813056816187,0.6154923831787967,0.4613765646742673,2020
Kenya,KEN,0.2729002450125166,0.48088992813605086,0.46805648748213313,0.5826851460555843,0.4469570455634916,0.5534500727707607,0.46108304640116593,0.38443325202438994,2020
"Korea, Rep.",KOR,0.6651812515318426,0.7055123609854149,0.7328050628443349,0.8412305289447506,0.7243823051521953,0.7708932629606435,0.7639742520833703,0.7065415045013582,2020
Kosovo,XKX,0.46152088221548404,0.5600575521273472,0.5951263498490584,0.8359845737722993,0.44136379014255905,0.5470187872373793,0.45982662503029675,0.46905973827383274,2020
Kyrgyz Republic,KGZ,0.3230102211996255,0.5376292789865418,0.5129825862058969,0.757035441554223,0.4436471706237578,0.4286696247186914,0.4873479481444309,0.3314760228618214,2020
Lebanon,LBN,0.3648619216293235,0.4043292499695738,0.4963992506053042,0.6562409932754124,0.4506234860726194,0.38906406538254257,0.41950103908134945,0.34635655078936933,2020
Liberia,LBR,0.32316112377735523,0.4676782411397631,0.52180985580424,0.6085979608333106,0.4299677989368174,0.4141778940482128,0.43858106642964767,0.31325203911940686,2020
Madagascar,MDG,0.27223802614399223,0.45946438797005384,0.47263148835390417,0.70285053491877,0.37249775173330474,0.45302435601663504,0.430431569821151,0.3552887033599747,2020
Malawi,MWI,0.41353460596512237,0.4314195233460647,0.5821018828107137,0.6872142735912775,0.4528109222768846,0.60956598091032,0.5590889484117133,0.4612422037979881,2020
Malaysia,MYS,0.5958273785004382,0.4243157819100853,0.5160414514278774,0.785673091277234,0.5737190873101696,0.48821537044791274,0.626958172333613,0.556086989908975,2020
Mali,MLI,0.3380418095507147,0.4554241844859526,0.5428466651835852,0.5066032098287782,0.48844130006986025,0.6178688080027805,0.41591542127136444,0.2961135659125875,2020
Mauritania,MRT,0.2891276288793274,0.26938378156460496,0.40469888368148543,0.6507129054754518,0.2800575296262443,0.2972388673087777,0.3646325567750162,0.30473298794778636,2020
Mauritius,MUS,0.587631741313441,0.5398829931294457,0.6394216747400759,0.753761665780169,0.628223468164731,0.5881272050701909,0.6357458032066633,0.534381701151172,2020
Mexico,MEX,0.27479767735137006,0.6041599813258727,0.5164808056520496,0.532877180065442,0.45246634548375264,0.5351902472998602,0.38796421354976257,0.2964079854306888,2020
Moldova,MDA,0.33949297204158857,0.5490374742532846,0.5445183855015678,0.8018922972976471,0.43271673834138935,0.4107824525160899,0.47826803817617364,0.36302841338145936,2020
Mongolia,MNG,0.41958155802697006,0.4887154092919864,0.5727998962821753,0.7664080661336602,0.468365123932515,0.4392876398527196,0.5303565744001167,0.49045823609067574,2020
Morocco,MAR,0.43808467791874584,0.44106423654811877,0.4538910892732565,0.6805088850795621,0.5613288682019528,0.6327468815465508,0.5372409904342376,0.37865130651227064,2020
Mozambique,MOZ,0.3671470173870758,0.3517269614998565,0.4119755391346648,0.5541272396835357,0.4025384515855016,0.3723596151765748,0.45845999359492734,0.329294947214193,2020
Myanmar,MMR,0.4606668047659895,0.3680905791515543,0.3068831604194078,0.6542009321899149,0.4644221501292568,0.3804493345180211,0.37316307316738967,0.27333785257146437,2020
Namibia,NAM,0.5343608531641905,0.5752819917777441,0.6642372534255971,0.736377527444087,0.5833868959068778,0.6457182376455409,0.665580091807531,0.5536231617855203,2020
Nepal,NPL,0.41346000771217206,0.5173689417158363,0.5188807227565089,0.7286503295001675,0.509553958955756,0.5136612005582815,0.47986397213457604,0.4383461640808633,2020
Netherlands,NLD,0.877148732918859,0.8220199838748457,0.8404990882778007,0.8489584045242666,0.8465421440167857,0.9061297212061843,0.8470766205924368,0.7581228357901546,2020
New Zealand,NZL,0.8748882132663922,0.8179927521612365,0.8081276387703517,0.8924091852708304,0.8523612222055466,0.8293025398310548,0.7835166689617843,0.7218983168690964,2020
Nicaragua,NIC,0.34324140500234557,0.3734308481777808,0.3740101547389228,0.6968036919028249,0.42902399682879117,0.41817587237086384,0.37655413376272495,0.29292256083852236,2020
Niger,NER,0.40267797609315376,0.3481532402314276,0.49369063477803277,0.6445864921517571,0.4704586467724464,0.481918120542077,0.447438434494816,0.37836295121118596,2020
Nigeria,NGA,0.33137158638532455,0.4254414262262049,0.4574793926750266,0.3533396268483766,0.43436596039845277,0.4851918483477883,0.4984959820756226,0.4011108004061792,2020
North Macedonia,MKD,0.442412281149815,0.4834749029602068,0.5879035471967605,0.7946673660736617,0.48412644049114045,0.5601974289353724,0.5527846923941014,0.4493640655272129,2020
Norway,NOR,0.9395427049034533,0.8856822568958114,0.9070827092665773,0.9269950639967592,0.8747073238933659,0.9000242837544401,0.8508529873140832,0.8330698423773514,2020
Pakistan,PAK,0.3097413864563795,0.43014801958377413,0.3765028480365688,0.3728648172909637,0.3916446214995947,0.5059458721210399,0.3841895787151351,0.35388299145215313,2020
Panama,PAN,0.4202520654399077,0.5943123363358562,0.6397547719115773,0.662021125733533,0.5096049647754516,0.5348362638115403,0.4795924098897408,0.3311023817237461,2020
Peru,PER,0.33014679795954727,0.5493043841566033,0.6217416394266648,0.625377193742704,0.4912165723667606,0.6347332540422155,0.4482356042748053,0.3297520875392294,2020
Philippines,PHL,0.45730424414746496,0.518643239663331,0.41423382971075673,0.6474248330636837,0.4842091300473042,0.5301525734407674,0.460121339019362,0.3122426432115525,2020
Poland,POL,0.7332425278848543,0.5972015830095385,0.6411757141768861,0.8557665170851966,0.6201768808735981,0.5847064085036983,0.6303184349049216,0.5973752501057403,2020
Portugal,PRT,0.7249452913583688,0.6648171255037005,0.7791049642201269,0.7850069937309702,0.6235537658951871,0.6881693963754717,0.6820331483102517,0.5920032020011174,2020
Romania,ROU,0.5590227979298016,0.6055767372344321,0.6999000373190873,0.8332351438435577,0.5690441770898286,0.6575759035075377,0.6197810106914072,0.5574261802096426,2020
Russian Federation,RUS,0.4296182084082608,0.4900548423429604,0.44087667206973163,0.6598807774137877,0.486539853861285,0.3807895527347941,0.536703967811466,0.3139173590778371,2020
Rwanda,RWA,0.6300678502745618,0.5835173988564207,0.5141663075753001,0.8418481521559684,0.5916657353741953,0.6955929695554756,0.6387882114829824,0.5350771960595757,2020
Senegal,SEN,0.5367497819129273,0.43468162880802325,0.5965225415575699,0.6895023201239049,0.5657372331981702,0.665984311813238,0.5735966969324321,0.4492622284635651,2020
Serbia,SRB,0.43903291538960704,0.4667953668353074,0.5714602194134993,0.7712094079390868,0.4827659648510165,0.5438008545359507,0.5053036868838096,0.39707368583457486,2020
Sierra Leone,SLE,0.3545929726419129,0.39833232985758493,0.5070344412691734,0.6656025188736256,0.372814725254443,0.3670928563573833,0.44154402273629273,0.3519845473994985,2020
Singapore,SGP,0.9136291088568589,0.6419165248602288,0.6813914668715558,0.9299793180827605,0.8696376566708862,0.7923653101851145,0.8177430757877683,0.7867048168669059,2020
Slovenia,SVN,0.6622691536555672,0.6546660269494955,0.7546992283794008,0.8886408352559374,0.652073820378776,0.5767164350785595,0.6561441875683686,0.5608648442210095,2020
South Africa,ZAF,0.4838802949854239,0.622693903767276,0.639980316958497,0.6099912480035283,0.5636522694090483,0.6154681659109696,0.6141767344505277,0.5255402672129754,2020
Spain,ESP,0.7320747437951993,0.7095638334259565,0.7859713173269435,0.8205102180653706,0.7029036479353752,0.6748670953915786,0.6691820705896222,0.66889871816771,2020
Sri Lanka,LKA,0.4702882446895186,0.508298190631782,0.5387980427156753,0.7072051613376429,0.4736398049363695,0.54438393836056,0.44942725206554357,0.44464710263860746,2020
St. Kitts and Nevis,KNA,0.6402447208363026,0.44042511256817085,0.6989065061755859,0.7760338114449619,0.6088915048921122,0.6508786312477572,0.6875868508359755,0.588465159938969,2020
St. Lucia,LCA,0.6358817662602654,0.4949529016758465,0.6618319718772034,0.7431148195971282,0.5963208367841887,0.7219251063813394,0.6799724205381577,0.5482353931720196,2020
St. Vincent and the Grenadines,VCT,0.6971685484967316,0.5230522486688911,0.700131334984042,0.7506528791771965,0.5673912952787681,0.5762867543529775,0.635377528803817,0.605630377325708,2020
Suriname,SUR,0.45003685760828727,0.3914500877999491,0.5525315736720506,0.6462549148130438,0.4691180307492478,0.4709111596024995,0.493724397111517,0.5203382043770287,2020
Sweden,SWE,0.9080177019024162,0.8593735281372923,0.8664738348320674,0.9207593004491077,0.8440286560022615,0.8854503498726431,0.8230264639090288,0.8008431318106507,2020
Tanzania,TZA,0.42109979817097276,0.3849036712176598,0.4334624245721592,0.689067211360261,0.4439970970052604,0.48258333064745956,0.4960642585311476,0.3814109845396639,2020
Thailand,THA,0.4899167987396858,0.5063027257878319,0.4878797403775035,0.711154279807054,0.4670789279493091,0.4864125488425137,0.47880833239477694,0.43394354704790555,2020
The Bahamas,BHS,0.6294753297235545,0.5049045548699959,0.6574320892596236,0.7477067696001171,0.5081762058604113,0.5331985114590301,0.5741043395653379,0.6139392366723114,2020
The Gambia,GMB,0.4829117458951848,0.3579933355454465,0.5478409141012003,0.7104148880997543,0.3825547148531689,0.45486736925107407,0.523886416602314,0.41771462251622404,2020
Togo,TGO,0.42857315616486136,0.3002327765468069,0.4600692461905268,0.7332666750346662,0.4882297497265783,0.4587165531309502,0.47848264116673966,0.3576131597723933,2020
Trinidad and Tobago,TTO,0.4875617075789521,0.5596616897849782,0.5878616232608096,0.6766291653804117,0.512826175870158,0.6086596283162895,0.5839792208142033,0.3244494211007191,2020
Tunisia,TUN,0.4852457394425459,0.49164650733724635,0.5693808561385914,0.6847118141696216,0.5340407076380888,0.6126364849365137,0.5019579548708439,0.41610519373693095,2020
Türkiye,TUR,0.472734347571903,0.420124121752553,0.31760256843447304,0.6891031941412873,0.41413712905171335,0.4649360903642446,0.4432946057694229,0.377335689229391,2020
Uganda,UGA,0.25799258304101463,0.4017905135407659,0.3660108685441767,0.5914292970413415,0.4204761183764011,0.5959552930815974,0.4294967372618543,0.31050049142000863,2020
Ukraine,UKR,0.3306343602398309,0.5660844922854361,0.6052904080798752,0.7521955212906345,0.43369872722602476,0.37368764095047313,0.5372109145912352,0.3628430840996207,2020
United Arab Emirates,ARE,0.7986737899554592,0.36047894965895744,0.4594785667730195,0.914475120323374,0.7251264916222724,0.6546400793643522,0.6753095150090195,0.6742768778314402,2020
United Kingdom,GBR,0.8231377880433138,0.7899448784946753,0.793316234975253,0.8372286171253446,0.8085929176091753,0.7662756985630219,0.7105864487461967,0.7240321556178425,2020
United States,USA,0.7372719827930818,0.7758303351261328,0.7205485647750127,0.8121625103855409,0.7116402849833914,0.6972917170815274,0.6240243276493543,0.6313821383070133,2020
Uruguay,URY,0.7294497965383903,0.7164391615604518,0.7789080689968192,0.6948613798877981,0.6980223754883091,0.8171696099670113,0.740838648080255,0.5644559007330704,2020
Uzbekistan,UZB,0.40302248582964034,0.3313314081619198,0.4102183995364373,0.9016207557607535,0.44205613109009134,0.28533615071765356,0.5100974611739914,0.4423876756283195,2020
"Venezuela, RB",VEN,0.30899726262327754,0.27572239380754704,0.31061257613357046,0.48425223393671124,0.1965786514886826,0.13860577173288582,0.274015227377414,0.12918934960802728,2020
Vietnam,VNM,0.4195068091314143,0.4623189537239656,0.45558539810786514,0.7670501277338725,0.45423197620457045,0.40748526653307066,0.46319666675641974,0.4586646174532651,2020
Zambia,ZMB,0.3803627178622748,0.38250505227097537,0.4194836725264117,0.6923501469918816,0.42609838466958216,0.4318633347062094,0.46862500705229515,0.4080912281201929,2020
Zimbabwe,ZWE,0.31654114492857355,0.3173336967568846,0.3385610152757461,0.6742442499596083,0.3593189162214078,0.2631750335659052,0.44793108796169506,0.36553832401356273,2020
Afghanistan,AFG,0.2962042505057395,0.39297936456677746,0.40168444237816137,0.29604959892442645,0.3604641438839912,0.38723375753159994,0.34544925368003787,0.30680956286816247,2021
Albania,ALB,0.3681251099803973,0.4687255030568844,0.5771069580036884,0.779149535103214,0.4342211694265606,0.39709489708632884,0.47258310212493065,0.4047825401714999,2021
Algeria,DZA,0.44668871974518004,0.3539742392595464,0.4472456162941879,0.7544985400596952,0.48197350003768,0.5526569525881683,0.5503871747240158,0.4254187111270446,2021
Angola,AGO,0.43528310213895705,0.38842744527539275,0.38707322860335197,0.5731230876465009,0.4253256381808036,0.4171494735889332,0.43520091138240796,0.34789498388744017,2021
Antigua and Barbuda,ATG,0.5945258879790561,0.5391135579804514,0.702043161327499,0.7829516633325841,0.6327149198849129,0.7355592222054415,0.6794210878630353,0.5308874994281926,2021
Argentina,ARG,0.48313224841821434,0.6168769022432882,0.6882923518807328,0.6186208208468155,0.49829704607090475,0.5118886000964016,0.5679943307704497,0.42186352761234647,2021
Australia,AUS,0.8055872463462778,0.8023991530888441,0.7778808482270535,0.8723368528460892,0.8114679085350367,0.8540092130494132,0.7416194407674721,0.7242561769502138,2021
Austria,AUT,0.8174707471322316,0.7045485914132479,0.8542209196577656,0.9069727337156396,0.8165501087167204,0.8143513177698947,0.7502754823295155,0.803718835643842,2021
Bangladesh,BGD,0.350915539385745,0.4177549910475116,0.3078164749125263,0.626596292090336,0.4010203912470103,0.5535587452441113,0.37875839233122716,0.31773114384692397,2021
Barbados,BRB,0.6866063048876474,0.5293012436468103,0.7293291051332298,0.7822077923966066,0.6208682312301068,0.6630046148625032,0.6351085673677933,0.5783257042089319,2021
Belarus,BLR,0.5132249928659988,0.33386061372472564,0.4089121247015002,0.8049860011621299,0.46488115636805605,0.32136343468551903,0.5749259924617514,0.4320279301143149,2021
Belgium,BEL,0.8045695565290232,0.7824574011643506,0.8414189547578502,0.8122320492825933,0.8086676381662304,0.9321065547940424,0.762185504723694,0.6956344568373041,2021
Belize,BLZ,0.4266257357692596,0.4395072270165571,0.5104245274279465,0.7004209976210798,0.4141264759865386,0.45547436318329565,0.5232078194202686,0.3715424590799902,2021
Benin,BEN,0.3839169792518262,0.3880904573909708,0.5274714447817721,0.7705234212695261,0.47532610279595344,0.5421415034631324,0.41714934814661764,0.4182122709547988,2021
Bolivia,BOL,0.2727840964900894,0.4273015064689535,0.46832337432594007,0.5905655987532172,0.40544444283899095,0.4271094585831096,0.3343479034192279,0.22083008834355575,2021
Bosnia and Herzegovina,BIH,0.42481634426993076,0.4674964379937827,0.5897076786909228,0.7758724158306008,0.48346136094486647,0.6257256877827222,0.4685299387583139,0.46345595342443574,2021
Botswana,BWA,0.5835692331431667,0.4809269213027917,0.57730967907935,0.7111366949367822,0.6017502244355593,0.7103156166729975,0.598265974132732,0.5787301057930909,2021
Brazil,BRA,0.4348255968239147,0.6032445207469304,0.4800464226498997,0.6438921624586164,0.4862472093963589,0.6297404274556491,0.5182282733618606,0.3251057786980235,2021
Bulgaria,BGR,0.44052608657647735,0.5554050676119152,0.5964575862709698,0.7743819126477752,0.5188965374550537,0.45998671109636835,0.5382210081484612,0.44285883125119757,2021
Burkina Faso,BFA,0.43342649853745835,0.48283509717000794,0.5604346558458514,0.5578651167746181,0.4891735042951849,0.5867961273230591,0.4555877089779103,0.4875804688229809,2021
Cambodia,KHM,0.23201150696603542,0.25556612649687827,0.33137265135742094,0.6694093873647932,0.2689979261965426,0.2889650783002794,0.25444237475661585,0.254408525320168,2021
Cameroon,CMR,0.24627742223973742,0.3190326135437551,0.3621066813986911,0.479355593650336,0.4017564318782072,0.4694479693848214,0.39311888850447385,0.25079298936634414,2021
Canada,CAN,0.8241992015700358,0.7951756496067098,0.8159079346227419,0.9040338246895007,0.8049705004081243,0.763809052335179,0.6977067283953129,0.7325326675178808,2021
Chile,CHL,0.690003219701947,0.7037146738476786,0.7158579180986412,0.6691060348690625,0.6369361787512908,0.7673454395640966,0.6307969748675998,0.5498809063145308,2021
China,CHN,0.5303199674045199,0.384989801022654,0.2678578798800647,0.8107007593155268,0.4859630177724048,0.365531538225599,0.5184793154878655,0.4471636898689368,2021
Colombia,COL,0.3907763289753225,0.6209107644558617,0.5068007282396321,0.5634896751242388,0.5183226008237755,0.6238518994820599,0.47272019648400615,0.31578509534559995,2021
"Congo, Dem. Rep.",COD,0.1638174839416866,0.33497925749322166,0.4125726646388086,0.48112977405920826,0.34844035747843166,0.3480731078691638,0.35549746324475545,0.2721107268860289,2021
"Congo, Rep.",COG,0.3081967337397549,0.3577165099079108,0.3956675515592121,0.6308360333115965,0.47683533329271083,0.457521229947897,0.44041295939448327,0.351507493368519,2021
Costa Rica,CRI,0.6506159162797647,0.69620987706011,0.781111438651921,0.6867316359292616,0.6680814106645657,0.8017668353655155,0.6026256655006259,0.5692708128697639,2021
Côte d'Ivoire,CIV,0.3500568849117722,0.3710240199649818,0.4458810273068793,0.6789493299557129,0.5006304475222658,0.5370820320780272,0.49907097884553303,0.35528849028100407,2021
Croatia,HRV,0.5550286204445027,0.6029220456380604,0.6713307690277298,0.8456173958237616,0.5674002735410005,0.6151434375558029,0.5672932451425668,0.49162664070332707,2021
Cyprus,CYP,0.6762644544281804,0.6120190642471102,0.7183200052928302,0.8113452580411161,0.6511024543621362,0.6584409963676465,0.6347924319789542,0.7019292267417155,2021
Czechia,CZE,0.648706165990565,0.6778410386643954,0.7881118284081109,0.8938886924108645,0.7084034435339719,0.7181568743014013,0.6748417747184133,0.708800508963894,2021
Denmark,DNK,0.9506450542052308,0.8744394723046811,0.9197740426195375,0.9241351378327426,0.8882395388801891,0.8613494264568302,0.8624073436177903,0.8326371501688615,2021
Dominica,DMA,0.5973554665284249,0.5048157899136365,0.6169298507302824,0.7381337014902146,0.5252267103232408,0.5473334452867775,0.5628632531034594,0.5565181534519537,2021
Dominican Republic,DOM,0.3937807641419233,0.5339548807802114,0.5746811441163332,0.6372624286723164,0.4132317828529951,0.45642889492968974,0.43589446764289963,0.3629698793629639,2021
Ecuador,ECU,0.40854741891657465,0.5093467474354614,0.5210239077928194,0.6220453899553136,0.47797845605288813,0.5093441556098662,0.48792536685092136,0.3553274689463601,2021
"Egypt, Arab Rep.",EGY,0.3791099838340518,0.2231638398736251,0.24411286553286426,0.6257292639265697,0.3617617445456984,0.45232893153532805,0.37476111810773144,0.339859764178246,2021
El Salvador,SLV,0.36127223326363916,0.5074807952299754,0.504611243172839,0.6708209216499664,0.5020480195614367,0.5495213050830055,0.5046482220789403,0.2968790496032773,2021
Estonia,EST,0.7989928184431923,0.8022797934085333,0.8168746199680801,0.8941256460118074,0.7936663064081289,0.775436126364892,0.8024203509690286,0.7162849782052946,2021
Ethiopia,ETH,0.4572418199470541,0.32567773893658974,0.325964191069073,0.6143429602999732,0.3759668182701388,0.41203998845824796,0.4274060638510249,0.3484275624741663,2021
Finland,FIN,0.8920587797585231,0.8661667475537345,0.8995644923546249,0.9182234131710327,0.8692816333836026,0.7971422730987643,0.8205436167345008,0.8368591652213652,2021
France,FRA,0.7414342128865961,0.761065869902577,0.7112150503858369,0.7607307278230797,0.7595055387683474,0.7991284719332064,0.6984014479382348,0.6130163929827998,2021
Georgia,GEO,0.676363764122798,0.5883782258740172,0.6257935465754328,0.7857519594130177,0.5604702223945386,0.5988446829396848,0.5368347601114755,0.5273244546734466,2021
Germany,DEU,0.8274289770410022,0.7959258232003753,0.8525127883524983,0.8914530388173348,0.8558589981790297,0.9050092418920828,0.8437133921325977,0.7896395508139749,2021
Ghana,GHA,0.38866856353513,0.49384739976986614,0.5849212673029828,0.7234600815193581,0.5382255217980629,0.6618870898344309,0.573393499410017,0.463057850705677,2021
Greece,GRC,0.5596270158332012,0.6058789337314727,0.6483654989999383,0.7113079998349655,0.5651795220673858,0.674229032208709,0.5957616249327347,0.495144197033251,2021
Grenada,GRD,0.6578771932244374,0.4401142799788649,0.6269376005480307,0.7657269369856423,0.5596316425486577,0.5415334709545306,0.6148456569600684,0.500145929278448,2021
Guatemala,GTM,0.3311485100831425,0.5105902412080231,0.5321448543600448,0.590643739451268,0.4163982118884503,0.4657332084009062,0.3554041833029641,0.29312771591250286,2021
Guinea,GIN,0.26904568400176176,0.36466539241684953,0.4893351348679008,0.7186801941158842,0.36218985164801093,0.3775784162446598,0.4114563178178811,0.3065367092998531,2021
Guyana,GUY,0.44908212010809656,0.4394958761221364,0.5635721547539692,0.6262237907638561,0.453973947951649,0.43733099570213474,0.5259905397041349,0.3963382283273268,2021
Haiti,HTI,0.27794182367072634,0.37955272798235135,0.43431643758299043,0.5292909624430141,0.31109135698947055,0.3879907199439746,0.412195372046726,0.281818343461118,2021
Honduras,HND,0.30966114497599,0.4239383651041178,0.40630617359084514,0.6545519400712287,0.3727322644989942,0.4968664698483153,0.3974742942537452,0.2532123992481909,2021
"Hong Kong SAR, China",HKG,0.8462235627262147,0.7258430939567956,0.6108999503296604,0.9307658903491212,0.808347038708915,0.698899683083716,0.7480727450291215,0.7070444128368897,2021
Hungary,HUN,0.49492020206833043,0.4439481278319485,0.5593801727690816,0.9043846473669371,0.46104695679157237,0.4648458086587227,0.4511157783208887,0.46125135916261517,2021
India,IND,0.404110124101898,0.6043943962347911,0.48703420929697944,0.5959116622289419,0.4841188674233089,0.6106733471740853,0.439096904943398,0.38923699070703205,2021
Indonesia,IDN,0.39906743528686095,0.5370881743237607,0.5061943897249879,0.6806596945444806,0.5510851841778439,0.5691240634467507,0.44970615848653533,0.38385645500101434,2021
"Iran, Islamic Rep.",IRN,0.40241907863302695,0.2769464957880918,0.21689945735925917,0.7421419340841303,0.44806846339507944,0.5218104198001631,0.5394562418667613,0.3583652477902458,2021
Ireland,IRL,0.8036364512235368,0.8034094448899145,0.8193682121820434,0.9435388952419991,0.8078674141147634,0.9249111590149584,0.7410610088857864,0.7248045457397193,2021
Italy,ITA,0.6364857684067987,0.6271293279088018,0.7325821589210377,0.7549109364466372,0.6133845793485807,0.6430698008989122,0.561617330034939,0.6394594490953892,2021
Jamaica,JAM,0.545207022912545,0.5609029353090934,0.6291247194749836,0.6316495280304859,0.5528754135539823,0.618726014015829,0.5338239369746107,0.47694322010373175,2021
Japan,JPN,0.8206615638257584,0.7023384963022287,0.7840070686900855,0.9221477121833761,0.7936230929984264,0.7657789421629282,0.7710691975302699,0.7698420314079891,2021
Jordan,JOR,0.588782929697362,0.39996526620588757,0.48168101590476675,0.7608199826046179,0.550336589069581,0.5447408121983681,0.6087571551046702,0.5554144926050102,2021
Kazakhstan,KAZ,0.48715002296863263,0.4623914186408142,0.4469877239652853,0.7872787790880359,0.5216957308026674,0.4806331860057119,0.6164182453386452,0.4475687228817427,2021
Kenya,KEN,0.27129636859721334,0.4899695753814807,0.4653444453088853,0.5520972037412777,0.43407613626974656,0.5712723533233718,0.47120583708316793,0.39058773773287225,2021
"Korea, Rep.",KOR,0.667117605933135,0.707674517880972,0.7536756497997723,0.8344519707515236,0.7350821497287033,0.7752194882725051,0.7661961063600918,0.7064426968994343,2021
Kosovo,XKX,0.4631719563834039,0.5494882680714108,0.592172442426795,0.823924231565765,0.4712125434161211,0.5349168188464509,0.4783282985418054,0.4651740744786509,2021
Kyrgyz Republic,KGZ,0.2996820401639046,0.5239350810516026,0.47915899076097584,0.7627015114966197,0.4270745998318922,0.4147789400138948,0.47329144764638414,0.3169353131572145,2021
Latvia,LVA,0.662557252423978,0.735661971399822,0.7534679330697982,0.8334246026460107,0.7134992958180618,0.7020972575393796,0.662803042274453,0.6506140198943715,2021
Lebanon,LBN,0.35857259708246625,0.42367640819499175,0.47324513696266435,0.6434286918519643,0.43750722901204575,0.42395084327314014,0.42357160789099524,0.35291500359425143,2021
Liberia,LBR,0.31262679701654583,0.4446947517775274,0.5118733124613819,0.6008546190743017,0.42344873951556605,0.36035287736030286,0.4255049572064865,0.30762865669083655,2021
Lithuania,LTU,0.6915348318453014,0.734041840787749,0.746744731693464,0.8881792237159886,0.7396821656218298,0.7507680633477833,0.7825965872470666,0.6767586015735765,2021
Luxembourg,LUX,0.8661099470732346,0.7877089952167938,0.8522941246593155,0.9316943017932218,0.8474648389469426,0.8720977637622178,0.7859074476438034,0.7285555832867843,2021
Madagascar,MDG,0.26922946247676627,0.46163887998031444,0.46379018294699603,0.7065561867304867,0.38221449747866104,0.45421690136105913,0.44740010240761957,0.32816209276576724,2021
Malawi,MWI,0.4258769352941162,0.4508088662946059,0.5776562432993088,0.6871313779332583,0.4678556406963411,0.6112615447722974,0.5610991701727835,0.44305327694265895,2021
Malaysia,MYS,0.576240427432105,0.4079971699198664,0.5097358780648933,0.7845182944832767,0.5683272504131422,0.4804519928782054,0.6351944615560965,0.5479746508353639,2021
Mali,MLI,0.3211706796524445,0.4547210874472125,0.5141857382888078,0.47982377037350316,0.48055742129354273,0.5869179889697276,0.4181941310323464,0.2936102831142547,2021
Malta,MLT,0.6818924562996729,0.6334657672210702,0.7334800705638994,0.924256150245624,0.5832950263813899,0.5660870343340394,0.6098494401762122,0.6315068004881177,2021
Mauritania,MRT,0.2951316170990267,0.2883741156663142,0.40049337482315506,0.6390729283233222,0.279750422192045,0.27798873406421176,0.38664670578619215,0.2928871290274535,2021
Mauritius,MUS,0.5806537850884482,0.51645176736282,0.6344558026000959,0.7550845167189381,0.6244408755259814,0.5770206823116677,0.6255633665331307,0.5437908046616988,2021
Mexico,MEX,0.2618778861757383,0.6005769280328178,0.49151251834093124,0.5319130059234122,0.43864109538286866,0.4977460436438964,0.3692340148497414,0.2850418747671078,2021
Moldova,MDA,0.35510617612710327,0.5687683851472662,0.5583266088874679,0.8097714305572348,0.4475049747705821,0.40522174161401636,0.49714288292539566,0.38528543310514607,2021
Mongolia,MNG,0.4341917001454895,0.49590237781762614,0.5816258161186051,0.7587172786481369,0.5004616538942341,0.46047645088352956,0.5495549638231368,0.4891499851999746,2021
Morocco,MAR,0.42169607887299926,0.4306414021137782,0.4346539278871828,0.6758376384359281,0.5318708326672276,0.5986347165572549,0.5326113018438562,0.3575278676974682,2021
Mozambique,MOZ,0.3635112070706524,0.37144618870123375,0.40503566603813135,0.4862773021339088,0.4034275251983699,0.3469279747386756,0.4413534883119815,0.3230608115175739,2021
Myanmar,MMR,0.43661847634234163,0.3569744150850659,0.2677711910070508,0.638933191257479,0.44575301562273406,0.36043074445586853,0.345243979165134,0.2599528663915781,2021
Namibia,NAM,0.5211054165246651,0.5763095553984157,0.6535711982277668,0.7476699881641039,0.5859709818457792,0.6457293597691975,0.6417423149521966,0.5519745705754827,2021
Nepal,NPL,0.4089079067058802,0.5150350851012667,0.5096095532888311,0.7301135629876021,0.5093875443612305,0.4949440775538526,0.4628905477318805,0.4368212116285345,2021
Netherlands,NLD,0.8733457730584313,0.8234518499461208,0.8433206871263982,0.8480194856245419,0.8460521984703739,0.9127659088464399,0.8334613498207463,0.7469283386554567,2021
New Zealand,NZL,0.877347868089035,0.8193948708194336,0.8175304447990768,0.8907523111399671,0.8607771139815595,0.848137020341279,0.7832734521971643,0.7393616454706332,2021
Nicaragua,NIC,0.32439102227233085,0.37527070084433023,0.33756977257488596,0.7138966909518937,0.39188419081587406,0.36546500627245054,0.36254387166019975,0.281423987210313,2021
Niger,NER,0.3980229799744549,0.3603369040215322,0.4763449906506945,0.6168580774911123,0.4720199279710724,0.48399099864750195,0.4500891273516574,0.36509674617391935,2021
Nigeria,NGA,0.316668424114243,0.4154640986995627,0.4261547957500908,0.33710912887214306,0.4265574872468564,0.4754733144444591,0.47988787384277004,0.39599956117716745,2021
North Macedonia,MKD,0.45096515994244124,0.4951673547826059,0.591830977159582,0.7905024888627432,0.46979546316763504,0.5563256609655778,0.5269468797894122,0.45383019148572484,2021
Norway,NOR,0.9412699404972229,0.8863414272944937,0.910871566124254,0.9311120242849723,0.882446065157486,0.9067864463000521,0.8545341702450877,0.8472426427984551,2021
Pakistan,PAK,0.3087049796258526,0.4197627607871367,0.3753798603308122,0.3697798692221448,0.3937585829910767,0.5195192747943994,0.4047605044751048,0.346122234148236,2021
Panama,PAN,0.413339806459221,0.5836435000270133,0.6323644104057851,0.6657626935360978,0.5125726452037637,0.557808231159859,0.4715572093022668,0.3330256269124109,2021
Paraguay,PRY,0.3002626563745755,0.5771284713972586,0.5321007988433978,0.7088815091144923,0.47299128770745424,0.5115233088630904,0.44394993244722586,0.27967434992912177,2021
Peru,PER,0.32027599105562476,0.5397940884950057,0.6136327701220773,0.6084034298463171,0.4847682719047408,0.617059892830231,0.4290117351640621,0.32049217362290744,2021
Philippines,PHL,0.44018688926287336,0.5000958615576034,0.39296947002202837,0.6270630981691792,0.4805585816524053,0.5251615672725457,0.4524627626343953,0.3128697413354722,2021
Poland,POL,0.7198009451856994,0.5928276536539341,0.6112447590069691,0.8562595037196962,0.6105308363582658,0.6049279587234687,0.6122259905997286,0.5843324127930075,2021
Portugal,PRT,0.7206868720089569,0.6592566320735815,0.7711822731168912,0.788473602162291,0.6075645798928477,0.6640112953791337,0.6771837552539745,0.5908071720435505,2021
Romania,ROU,0.5520647790134574,0.6160168506781128,0.6732933319683168,0.8289485670819325,0.575415316001332,0.6688198888924424,0.6335209712961485,0.528411196809797,2021
Russian Federation,RUS,0.42212495969023345,0.48581331186526183,0.4241490274471763,0.6967108342879214,0.4815122066485086,0.3783315099258018,0.5312748529674411,0.31004942368412547,2021
Rwanda,RWA,0.6484908316547451,0.5883346979322943,0.5045445045442121,0.819297357669118,0.5935416361971628,0.7114054524131022,0.6575197422086472,0.5349452333099293,2021
Senegal,SEN,0.5429567259056335,0.43331261510201996,0.6016951243815617,0.707033930588716,0.5546128985256026,0.6131432546011679,0.5598937398197189,0.4659510772778543,2021
Serbia,SRB,0.43240940907138625,0.45875894821176255,0.5568291801199752,0.770516493774514,0.4651837007840923,0.5367953170399529,0.4967071935735769,0.3911460158757994,2021
Sierra Leone,SLE,0.35844571819391113,0.37805858331240616,0.508570138122245,0.669767716710353,0.35978265482889304,0.3364238799246336,0.4211287745493511,0.3565945229562129,2021
Singapore,SGP,0.9090811962387444,0.625283459596916,0.6740404216662119,0.931308397037124,0.8640323860352058,0.7437155272946312,0.7961632729753427,0.7797240717648258,2021
Slovak Republic,SVK,0.5092662424729929,0.6894481486488423,0.7332370830695314,0.9001898504808263,0.6484544987034978,0.6755612383911636,0.5730341951274764,0.5722079913441457,2021
Slovenia,SVN,0.6573751070677476,0.6508790491923575,0.7557537609465425,0.8971223892121055,0.6478565488393552,0.586806291758482,0.646024876025173,0.5529245387949219,2021
South Africa,ZAF,0.4793719187590406,0.6325566585581508,0.6408189141268028,0.6125037896793335,0.5509585437426809,0.6133250176454008,0.607964623501539,0.516942433234793,2021
Spain,ESP,0.7360350686827739,0.7019149600215365,0.7968787751335935,0.8232869694258708,0.7051080709434674,0.6975354834141014,0.6677079102915072,0.6728637233046335,2021
Sri Lanka,LKA,0.49192259770695135,0.5174597529717742,0.5312051430355521,0.5606973266632788,0.4967358897213293,0.5374963693156741,0.45052477902523946,0.4337988240540894,2021
St. Kitts and Nevis,KNA,0.6493604498553602,0.4506557045895261,0.6967885122985293,0.7710012346609217,0.6130266192021842,0.6189704999802257,0.6660992845332677,0.5939217969350006,2021
St. Lucia,LCA,0.633118103254432,0.48314877414952273,0.6733423142633611,0.7469517409803424,0.5890997678530449,0.6995021302535126,0.6929489098259269,0.5436784130788058,2021
St. Vincent and the Grenadines,VCT,0.6897277868789131,0.5208974617902492,0.7092645291593217,0.7574454209040452,0.5534413348458961,0.5762867543529775,0.6314378281500114,0.6181161525150343,2021
Sudan,SDN,0.3998861139112455,0.40490866906688366,0.3767406741910294,0.6412130743289878,0.3561410923472885,0.2855195303251067,0.3986437138954888,0.3729938936385316,2021
Suriname,SUR,0.44220742025875415,0.3780155034717915,0.5287544444227593,0.643884971876662,0.4503568278172601,0.4393496780809212,0.4845249424584383,0.5225139991486907,2021
Sweden,SWE,0.9048136674363791,0.8588192584304913,0.8667373203375427,0.9245221062884719,0.8414121396078516,0.8841373593019213,0.8311765044873781,0.7991733842100803,2021
Tanzania,TZA,0.41729548604215005,0.37034378181006294,0.43404616483454733,0.6857283512318048,0.4429457033748473,0.46464296178747505,0.47934151428379346,0.3845893814706415,2021
Thailand,THA,0.46749042921394146,0.489377856920447,0.4726438341988432,0.7109456465672831,0.4588256491506858,0.5020630216677967,0.4792562559217647,0.4268226283657675,2021
The Bahamas,BHS,0.6387982055289717,0.5182000510997875,0.6798961556726221,0.7407843259566819,0.5036611776989852,0.5211680885816592,0.5651945262063586,0.5952831900800728,2021
The Gambia,GMB,0.4651698345216484,0.36866802739812576,0.5189040484813351,0.7019742347830614,0.37175667743327345,0.4178272203398907,0.5021006508051469,0.3864140524152959,2021
Togo,TGO,0.43353290603837574,0.300128138606483,0.45759253176911757,0.7413948221921532,0.4919840104817882,0.4615345940615922,0.48641236437449625,0.361375964826844,2021
Trinidad and Tobago,TTO,0.4942848756997141,0.5557515886547502,0.5899996255871657,0.6627102805263956,0.5079900056558692,0.6129097729950022,0.5847151085333744,0.3197372067352964,2021
Tunisia,TUN,0.4797169389659436,0.4954674047884081,0.5539269693582777,0.6694456371361666,0.5152649941677392,0.6037174350055727,0.4997814381156718,0.4180522748863094,2021
Türkiye,TUR,0.4586858383984389,0.3994221331573073,0.3146223842438996,0.6975187376728501,0.4051937516471867,0.448420315668688,0.4331038555074696,0.3551910648620167,2021
Uganda,UGA,0.2607791454400136,0.38401587051337954,0.3575762781072952,0.5919884565236536,0.42140209069506385,0.5902390243477498,0.4135713003902343,0.32499365986167306,2021
Ukraine,UKR,0.32582536675216667,0.5652811173993988,0.6062331163513586,0.754107055390708,0.4425266578862626,0.40916437579146825,0.5411707630118344,0.37351316467559253,2021
United Arab Emirates,ARE,0.801317360677446,0.35201090726635453,0.450908699780241,0.9145018886251478,0.7058283929824368,0.649620023771222,0.6592907653588987,0.6742768778314402,2021
United Kingdom,GBR,0.8228224087151519,0.7907006742267739,0.8045850355366662,0.8318623267142106,0.7987667819850511,0.7501627094376044,0.707833066495417,0.7131064974664331,2021
United States,USA,0.7215402115929201,0.753777377048404,0.6640027169074373,0.8089464448856519,0.7135390476912814,0.7000719019846653,0.6192608622192041,0.5974094490344852,2021
Uruguay,URY,0.7292497058635998,0.7239330991044384,0.7901250723698969,0.6985306656394704,0.7117611020257332,0.8161089555316225,0.7320230563933642,0.5637331713992065,2021
Uzbekistan,UZB,0.4574058756499507,0.36555659538503127,0.43795925177376116,0.897614738725435,0.4399072239303593,0.2521169629502641,0.5010896750650203,0.4478537099729857,2021
"Venezuela, RB",VEN,0.2938854945666803,0.2797723303329425,0.29184684115227677,0.5047729122744457,0.18940086244085688,0.14102340000431468,0.2674897954897539,0.12068217851910719,2021
Vietnam,VNM,0.4120055642061707,0.4615611633501253,0.454374867121321,0.7711400252754492,0.44225694033152435,0.40675764504282996,0.45829439270546385,0.45775050808679607,2021
Zambia,ZMB,0.36413727461280987,0.38136084795623626,0.4055056696104993,0.6782496654315917,0.42685913786925217,0.39678444735105617,0.457423140992782,0.4041525122267253,2021
Zimbabwe,ZWE,0.31484793898421576,0.3171544816405771,0.3427653800601523,0.6661169315935864,0.3523858088199377,0.27609265094465224,0.4603334564767949,0.3658216924708004,2021
Afghanistan,AFG,0.3073072523939271,0.36865077468455704,0.3240754394552431,0.29798866033815946,0.3554750495057063,0.3859064448344377,0.3368638046363121,0.2607673455991703,2022
Albania,ALB,0.3633123718181746,0.45985549988142593,0.5854899826977261,0.7796683763300813,0.423192708022354,0.3923381901696126,0.45672464548557823,0.4000207348494689,2022
Algeria,DZA,0.44549443221731033,0.35436143752861193,0.43340269514074803,0.7548524282757455,0.4832625721287636,0.5317749571313739,0.5518958089866465,0.39728245413002367,2022
Angola,AGO,0.43292272835151124,0.38147659688043134,0.38045809205801356,0.5957108051996213,0.4222972093498346,0.3853865451317278,0.44290685671984126,0.3459845737568931,2022
Antigua and Barbuda,ATG,0.6124698551260288,0.5220916961636244,0.7009762905249388,0.7920744491033189,0.6070426400040622,0.6991982732263257,0.6827015334186646,0.5194797736988825,2022
Argentina,ARG,0.4594979448231883,0.6129720826233344,0.6827136720003929,0.6131716487920282,0.49851581666022327,0.4924490987985744,0.54936482920428,0.4085334640659862,2022
Australia,AUS,0.8100588000912544,0.7989432745928352,0.7814029499244673,0.8733110964946093,0.8070146363804268,0.8398804153682369,0.7428823297372381,0.7253465896781719,2022
Austria,AUT,0.8006868616929826,0.7078595148420787,0.8439159443254496,0.9003374566609891,0.8090600130751208,0.8077782797288637,0.7409888235192114,0.7826122784543692,2022
Bangladesh,BGD,0.337047470252854,0.40606111322215055,0.3000015468492691,0.6295859179263807,0.39620800993694083,0.5700305712254667,0.3693634979339134,0.31060051091838886,2022
Barbados,BRB,0.6974410779504959,0.542713151873927,0.7353668358674003,0.7973747177805032,0.6186880400783981,0.6336636891113543,0.6330149549704316,0.586316869214735,2022
Belarus,BLR,0.5009857538630785,0.31410142154838344,0.3751906770987832,0.8136118134283086,0.4416163015954445,0.2795334826447142,0.5578268875680261,0.41581329727202865,2022
Belgium,BEL,0.8022159207563622,0.7758970390339183,0.8423990324267369,0.82157760956763,0.807007135020827,0.9111915180997792,0.7492532907129253,0.7060778490522444,2022
Belize,BLZ,0.4506143287519,0.44191757759005124,0.5152765754099092,0.7058450944926354,0.40920543888796085,0.4805679751493295,0.5225866000346425,0.39026102109917715,2022
Benin,BEN,0.3909608762560683,0.38472430859960827,0.5246699950227449,0.76482225047592,0.47677152992359567,0.5073450478062771,0.42959157761750805,0.4178996128104684,2022
Bolivia,BOL,0.2465833249662198,0.4282279119726105,0.46019362624823623,0.5947849022863655,0.3939390766034023,0.4256977169455904,0.3096764737989102,0.21037540126399307,2022
Bosnia and Herzegovina,BIH,0.42283007573916137,0.4725266614106364,0.5989444748769567,0.7742882552701144,0.49014948547353276,0.6404319732725832,0.46848848106803037,0.47565154025679696,2022
Botswana,BWA,0.575990311747128,0.47614413291891533,0.5857354381796869,0.715230270397167,0.5973930219243517,0.709151769528179,0.5954318468363303,0.5863919107539054,2022
Brazil,BRA,0.4323217015891513,0.5960092058684933,0.4795154800897258,0.6364572520626965,0.4779798254673632,0.5988431848736122,0.49795933850808555,0.32780425759535514,2022
Bulgaria,BGR,0.44296797639573265,0.5593061644591701,0.5958765089750733,0.7750901415018125,0.5264660287587757,0.4679033358243569,0.5389697389332667,0.4393966386718689,2022
Burkina Faso,BFA,0.43163448040017405,0.48055538668694103,0.5477427485167149,0.5120277468986697,0.4707774384498061,0.5746464055161681,0.4511277969787678,0.48273797353589337,2022
Cambodia,KHM,0.22680577694935977,0.23773167280050153,0.32891997244585075,0.6676851010258441,0.25312715707433836,0.2773751328808931,0.2538806561314087,0.2547270928635887,2022
Cameroon,CMR,0.24220270897161272,0.3223170606096822,0.3590029681045599,0.48862622001631584,0.40302777073549,0.48114985741514327,0.40072150371088294,0.25877388864945544,2022
Canada,CAN,0.8246798036419182,0.7913328654390659,0.8134987501362286,0.9062084252739484,0.80921913140213,0.763809052335179,0.6926193700005945,0.7351656406401083,2022
Chile,CHL,0.6894562460030732,0.7006594807830892,0.7251141220975844,0.6709584830709726,0.6313203709528378,0.7532843964767824,0.6229652210462774,0.5464082652156591,2022
China,CHN,0.5343546027579514,0.3962228502887771,0.2635969995288673,0.8124418478057108,0.4810539496826629,0.3477176334443947,0.5122428956518352,0.4507152249509632,2022
Colombia,COL,0.38037224571583933,0.6186883929908584,0.4967507877279771,0.5375892710077893,0.5288967901509705,0.6340481821548202,0.4770257309517761,0.32106886670447043,2022
"Congo, Dem. Rep.",COD,0.1613927469067291,0.33010584107872815,0.40134727214654675,0.46268436179107447,0.35524489170898726,0.33185364086919544,0.36049121803455486,0.2714498444964318,2022
"Congo, Rep.",COG,0.29719836774463204,0.3355250084954444,0.3998086326435031,0.6159194622036973,0.45677037093495504,0.4782322182050437,0.4426896627363144,0.33521127006990387,2022
Costa Rica,CRI,0.6323816553072636,0.6940399248488371,0.7858138153128791,0.6980690636307023,0.6762328017215342,0.7848011413952602,0.6108411549712501,0.5806716028054602,2022
Côte d'Ivoire,CIV,0.34792711704548235,0.3611398133322734,0.4494263034373991,0.668770094275398,0.5024354094072071,0.5274271948226912,0.5034549660252001,0.3557722922156693,2022
Croatia,HRV,0.5722459509040565,0.6076722741047462,0.6707452490170589,0.8421658572395053,0.5645593953461757,0.6074549950932143,0.5643949576193992,0.509498679359013,2022
Cyprus,CYP,0.6770801002693259,0.6038099026865774,0.7193459995632648,0.8123233408420617,0.6587356711805503,0.7071443464394662,0.6265136390183369,0.7019292267417155,2022
Czechia,CZE,0.6561296534612246,0.6888506748712094,0.7837095370463222,0.8921569615861084,0.7148006089143415,0.7361538679626102,0.6897253065718314,0.6946760933745347,2022
Denmark,DNK,0.9557403473275382,0.8671230957206355,0.9197947353265038,0.9307950258619614,0.8951563166326497,0.8733667289214524,0.8718085918466023,0.8290656886755994,2022
Dominica,DMA,0.5973217654981159,0.5026550811305301,0.6225756523865335,0.7233029417795365,0.5249832230446028,0.5473334452867775,0.5631076405858773,0.5609751248324503,2022
Dominican Republic,DOM,0.3901006627897848,0.5510939757058164,0.5650396326070959,0.6364981678831132,0.42640386324876867,0.4594757703090404,0.43642863932976106,0.3630156551594665,2022
Ecuador,ECU,0.4051951043018198,0.5144703649857745,0.5293048911474132,0.6026290012851412,0.48152508927124515,0.5279028625751709,0.4781801130430331,0.3521530169480133,2022
"Egypt, Arab Rep.",EGY,0.37645230434699783,0.23473118906454804,0.24600137299278738,0.6257916092039278,0.36357372753719763,0.4244455822340555,0.38057386341902383,0.3365638423937309,2022
El Salvador,SLV,0.3551223662944246,0.4785397167353418,0.47350988545365846,0.6809385561862111,0.4868812388854432,0.5373373942901107,0.49712304859694084,0.26780428396678185,2022
Estonia,EST,0.8092765633112419,0.8047989515363461,0.827719588917511,0.892197156207136,0.810773097713047,0.7854252522348202,0.8140513512352667,0.7423249797971104,2022
Ethiopia,ETH,0.4515443647558887,0.3223221516092748,0.3192065161753836,0.5236531708095017,0.3703696887419645,0.4147766504271292,0.42460251211589084,0.353098992008441,2022
Finland,FIN,0.8865232733697703,0.8587935270642193,0.8944500184840197,0.914877726278967,0.8571896936734417,0.8048916070382813,0.8098134096405157,0.8329254119848051,2022
France,FRA,0.7461420973058467,0.7627385929414701,0.7360174235504795,0.7900826301024159,0.7565222767514884,0.8181358403396064,0.6966462212628723,0.6274037460952276,2022
Gabon,GAB,0.2432498843627493,0.36843949029628087,0.4398274441148885,0.6289380770172822,0.4689398245434826,0.4365851772074504,0.3711427238491226,0.3045916159423344,2022
Georgia,GEO,0.6783654465464872,0.586691450123878,0.6163314030062554,0.7889508500021126,0.5659798234264766,0.5980187247787513,0.5329052549428314,0.5146513706111029,2022
Germany,DEU,0.8266007939381818,0.7916990939382829,0.8511912951261721,0.885727545083893,0.8559167426188713,0.903945058474345,0.832196147564039,0.7755919442175901,2022
Ghana,GHA,0.3846705115236797,0.5103132547220539,0.5803505394909773,0.7203638479504181,0.5378257072851064,0.6570727968555117,0.5800494072713428,0.4482620098300501,2022
Greece,GRC,0.574058687144789,0.6011391391562977,0.6645222740950896,0.7147488722653906,0.5625072673398684,0.6578284752664779,0.5966164104029874,0.5183221737212576,2022
Grenada,GRD,0.6472552338769192,0.442523584252108,0.618199209512,0.782384574242827,0.5643205547243799,0.5396208512329141,0.6172909359515231,0.5162604552161861,2022
Guatemala,GTM,0.3336818712681168,0.5148793448179366,0.5285294180966349,0.5917283311799434,0.4127553103652974,0.4694627053343315,0.3384083027377934,0.28479246360294636,2022
Guinea,GIN,0.2798312440874982,0.36657326969450965,0.495212541738477,0.7118266983159778,0.3588307161671148,0.3798075273404564,0.3930371124055359,0.2943256388045243,2022
Guyana,GUY,0.446475618241524,0.4437980977391648,0.5607627551056554,0.624511702112654,0.46386403811054355,0.46323909284652354,0.521524078399491,0.4016060054747989,2022
Haiti,HTI,0.246544743203499,0.3658648250703483,0.41841030305586246,0.4897749606634796,0.31080816067631983,0.36989495341921685,0.37726503983185544,0.2526391506286539,2022
Honduras,HND,0.31970147350850947,0.44162939444311855,0.43064195891487433,0.6490470790666655,0.38698659789058887,0.5080926385135912,0.40107865710805946,0.25666783111865576,2022
"Hong Kong SAR, China",HKG,0.834036783943126,0.6992599688692691,0.5869289121600416,0.9244271041387769,0.7949146179061786,0.7123858334948138,0.7184635486952743,0.6857252917643464,2022
Hungary,HUN,0.4871101833645574,0.44228498578489783,0.5601511482667945,0.9052359933570195,0.4577256786331102,0.45191376752158896,0.4536884216090148,0.45273397871985666,2022
India,IND,0.40437077308097347,0.5928653222415587,0.47406349007720344,0.6426094311297542,0.4691553169809682,0.5985435300081521,0.4293700804460071,0.3865001681953174,2022
Indonesia,IDN,0.4037596297359328,0.5510636997469066,0.5030207330886557,0.7112732465999526,0.5663033259328649,0.5969319219333394,0.4682758940670554,0.3865914837613217,2022
"Iran, Islamic Rep.",IRN,0.39345861545572713,0.26888181323916827,0.1996319356371368,0.7117813073241743,0.44568501234892854,0.5132319251536857,0.54384953161793,0.35208707278057727,2022
Ireland,IRL,0.8051004740626031,0.7978518218627563,0.8219370039360641,0.935449811675868,0.8273062570569983,0.9277416924218024,0.7292825889599851,0.7220343543281125,2022
Italy,ITA,0.6450329202668779,0.6339666482620228,0.7271987955706649,0.7529682498133982,0.6327621138324574,0.6551169664172427,0.5788719450765483,0.6357880847767541,2022
Jamaica,JAM,0.5496781166087403,0.5683270824031931,0.6470191163870419,0.6326953631476372,0.5577119353316243,0.6255974902061705,0.544412962701644,0.5015522464432828,2022
Japan,JPN,0.8198824336806847,0.7006124317387912,0.7810695035564045,0.9208850666184784,0.7982027877799568,0.7668780409818231,0.7759293133414419,0.7599922803653102,2022
Jordan,JOR,0.5767142782033006,0.3837769287524194,0.4580270147994475,0.7630979690377547,0.5377499473942325,0.5171387827425146,0.6034444891947196,0.5470883381126193,2022
Kazakhstan,KAZ,0.48232468797811634,0.459744956855916,0.45996264922453434,0.7953814632318305,0.5168883257373558,0.45549122695751537,0.6135377102750051,0.4685305526436077,2022
Kenya,KEN,0.2747221072917729,0.4875515472602333,0.4714762892642015,0.5532929603692242,0.4485619905880044,0.5757543454041342,0.4720608358990166,0.39050262847091194,2022
"Korea, Rep.",KOR,0.6630254833175784,0.707063459249849,0.7549837463470753,0.8445975249251675,0.7356624677480152,0.7474126526569098,0.7540455253609067,0.7042774799431047,2022
Kosovo,XKX,0.48285279940159326,0.5782861873002413,0.6000174276516911,0.8288682110200879,0.47703781818971286,0.5831885584705604,0.4844551864734855,0.45944643340652996,2022
Kyrgyz Republic,KGZ,0.2960418280704498,0.5177097049165845,0.4700688396103053,0.7434410524922472,0.42442704093139294,0.4122420808364242,0.4668833568550858,0.3254693819711976,2022
Latvia,LVA,0.6723434788498784,0.7210724251753604,0.7661048555108019,0.8492581662472886,0.7117857669424756,0.6856205606925996,0.6777202383655692,0.6775476447980194,2022
Lebanon,LBN,0.362037155118589,0.42537246341161816,0.45721289875875915,0.6729719791388442,0.43449304067609146,0.43692453900410877,0.4093004735142322,0.33260706604453777,2022
Liberia,LBR,0.2952560568760102,0.4555168116992314,0.5061593043991031,0.6001723524040391,0.3961145222682495,0.3651518619813001,0.39969100580998546,0.32610399490476477,2022
Lithuania,LTU,0.7201548015556983,0.7502229414280279,0.7754253612475096,0.8899856054096885,0.7393654780636787,0.7613044041069699,0.7869230353814656,0.6896940143487594,2022
Luxembourg,LUX,0.8533536974301078,0.7942717305302223,0.8486723484957795,0.9348918733760959,0.8506858652351914,0.8310157342703182,0.7719720707509535,0.7319735951465941,2022
Madagascar,MDG,0.2741830657896495,0.45884620739899223,0.45966644045388083,0.7044016849647613,0.38477243343950496,0.4631096162495707,0.4284547252735909,0.3289265650436759,2022
Malawi,MWI,0.42129971935655797,0.45747195154781667,0.5772183839115714,0.6838529235584442,0.46791712260774376,0.6029231886311008,0.5581400215121562,0.4539100156877482,2022
Malaysia,MYS,0.5571407120317738,0.4200729231915856,0.4921216419763488,0.7834387630443064,0.5472683280889259,0.485502725407125,0.6204622213674478,0.5540927004483674,2022
Mali,MLI,0.31244464482901296,0.4586181396642683,0.5056629683746728,0.4946227361502887,0.47909002282545254,0.5965997373501315,0.4134236752466016,0.2891051284533001,2022
Malta,MLT,0.6845282546401084,0.630565453110458,0.7370894971659648,0.9233031513405635,0.5857894545911322,0.539532372876394,0.5979284753756499,0.6327121280365378,2022
Mauritania,MRT,0.2986115165909332,0.28504009932233854,0.3991755347858844,0.6390729283233222,0.2826907338282531,0.30468292692221133,0.39985333560099046,0.2928871290274535,2022
Mauritius,MUS,0.5796299009597724,0.5306842422148368,0.6426164065576232,0.7548709811438289,0.6235743667071756,0.5867837891127774,0.6284237019694646,0.5442521330384273,2022
Mexico,MEX,0.26439436471755345,0.5888924211276009,0.48669804390768934,0.5163642348552991,0.4402037461914167,0.48734222342863354,0.36813652845842376,0.27681359657313326,2022
Moldova,MDA,0.3678460463445907,0.5746731604746448,0.5741043326056224,0.8102695104907803,0.4520615666219749,0.423081961337763,0.5005659149809174,0.39416012572937037,2022
Mongolia,MNG,0.43109537171194434,0.4920027951454642,0.5680044682866907,0.7600782647306031,0.4797332799740623,0.4425613733903013,0.5435282904739236,0.4828423323650391,2022
Morocco,MAR,0.4152956012152091,0.43360068453402445,0.42050130651657674,0.6776643636843428,0.5078012597133862,0.5729217552909692,0.512914106799448,0.3582072962227941,2022
Mozambique,MOZ,0.35497604536503397,0.3613330156662805,0.4001637261472941,0.47646864709452497,0.40308612633576074,0.3453861130909074,0.4268397151827225,0.3229930625733976,2022
Myanmar,MMR,0.434498570643828,0.310852399960974,0.22318786332903573,0.609477477754647,0.4224460528164654,0.31980574082566193,0.3356082861719096,0.25182675215729694,2022
Namibia,NAM,0.5115969542226382,0.5765843575817944,0.6440416500513328,0.745925343803744,0.586812248800567,0.6522032687938673,0.6249868868929074,0.5539162502483125,2022
Nepal,NPL,0.40077752175827663,0.5215225214625083,0.522328055603864,0.7273189300636788,0.5010482772446059,0.5205481342408438,0.4551542177911201,0.4457363677903071,2022
Netherlands,NLD,0.8750409049407253,0.8260544909823438,0.841702293734795,0.8496097002380476,0.847022108033794,0.9205372303310113,0.8356540729064893,0.75408600441748,2022
New Zealand,NZL,0.8756868443741432,0.8147821978005436,0.813638708314467,0.8858792979881214,0.8547316169542517,0.8381975263211381,0.7843883859986599,0.7357181663437317,2022
Nicaragua,NIC,0.31209404021185405,0.35023366282492957,0.31361781071571915,0.7052167355108497,0.3765188224723589,0.35920738715934286,0.35144684788758507,0.25089901513365287,2022
Niger,NER,0.3942190536661173,0.371397378922725,0.47960413912646305,0.6236807012111982,0.47108389154615804,0.5086805620015848,0.45433254390829003,0.3560256387406176,2022
Nigeria,NGA,0.3121652795216972,0.4153551328860407,0.42374019949737346,0.364069289033113,0.41111927958693384,0.46264744366287097,0.45977888725831095,0.38420796592365586,2022
North Macedonia,MKD,0.4467818808982713,0.501166329583254,0.5979471038403924,0.7973712876053733,0.4751886948303711,0.5501251097876771,0.5243581716408963,0.45210748805272416,2022
Norway,NOR,0.9329865232283324,0.8724011454844881,0.9080506851725036,0.9254534100651433,0.8696362881142623,0.8810362827164147,0.8425259557066419,0.8379447520946499,2022
Pakistan,PAK,0.31812286891076397,0.41703382082953167,0.38220022876378335,0.35721357807234905,0.38125825049736684,0.49360478715838985,0.3953048265257118,0.3567619741182258,2022
Panama,PAN,0.40048670243599843,0.5569102715386849,0.6235588203725191,0.6986617030918717,0.505769352995632,0.5337610790031834,0.4733020340412909,0.3438204315886132,2022
Paraguay,PRY,0.305161774198481,0.5547833537609264,0.520496127518697,0.70356298299069,0.47670792219855074,0.5105307211924861,0.4195539455005987,0.27135738558550637,2022
Peru,PER,0.32743170183732406,0.5341157086318646,0.6100451205594652,0.6126612618881488,0.47781142041300895,0.6260621689837811,0.4082127563954893,0.3241314037939343,2022
Philippines,PHL,0.44232172309116025,0.49761842706489023,0.40121312637531553,0.6646421316272595,0.4770369043700227,0.5024574897883554,0.4467927124789285,0.32380168971807066,2022
Poland,POL,0.7207909116390427,0.5955651652796917,0.611271627747494,0.8543683267956034,0.6344250074460737,0.6400437487510096,0.6090785673918607,0.5775645042723934,2022
Portugal,PRT,0.7171863252893083,0.6501048494082596,0.7582288110231321,0.7860232153222823,0.6057602913486513,0.6577244401165969,0.658777889873082,0.5740466230106499,2022
Romania,ROU,0.5542080012628025,0.6290911256920578,0.674911166795938,0.8302561033198654,0.5835543418185972,0.6930696147281554,0.6499104087424616,0.5287280770937121,2022
Russian Federation,RUS,0.4149935477562954,0.4685476494254957,0.3962218732968314,0.6830475495529273,0.4599071861620209,0.35991783013208034,0.5074672392783988,0.30416823388292896,2022
Rwanda,RWA,0.6675709864568979,0.5610746151313373,0.5220030673515228,0.848192554202761,0.6015062174901494,0.7088824025348006,0.6652579820824572,0.552849142862814,2022
Senegal,SEN,0.5528944280266144,0.4436627334065744,0.6087830790788225,0.7067644757090852,0.5695757122224822,0.6325031807598078,0.5642499551865275,0.47762668155734145,2022
Serbia,SRB,0.4222710961077315,0.4551468816239933,0.553293669608778,0.771148328518275,0.45808435084666926,0.5356579838626447,0.49299556566055597,0.3945758937163208,2022
Sierra Leone,SLE,0.35933082869471045,0.38655361799898236,0.5035949988732835,0.6649062682935328,0.38393776873993446,0.3812256316401148,0.44101294575637445,0.3566354203614025,2022
Singapore,SGP,0.9080012490578677,0.6203063124118301,0.6708095617213763,0.9339074970508033,0.8493661753979941,0.755820444675446,0.7875420109180892,0.7741553695126403,2022
Slovak Republic,SVK,0.5131587882758938,0.6906123345677087,0.7305350889103754,0.9014860291812078,0.6248362728484489,0.6548228877778843,0.5441514151375237,0.5823264533987079,2022
Slovenia,SVN,0.646549947492752,0.6476597783462134,0.7430033837636761,0.8907516170201323,0.649708794739652,0.610452458905018,0.6498299060292546,0.5516101183474499,2022
South Africa,ZAF,0.47097472001418117,0.6296705309172734,0.6332029126450783,0.6118833922647444,0.5346704136582128,0.6020805834107534,0.5974685697299009,0.5035349352023663,2022
Spain,ESP,0.7328629174782384,0.7024281185256525,0.7899117478213866,0.8279815415944377,0.69634319109775,0.6933170646237683,0.6581274786339633,0.6779884795335108,2022
Sri Lanka,LKA,0.4733591779710037,0.5062212511928655,0.5033355404140595,0.6855753869800288,0.4847211063234328,0.511485883376374,0.4307063483035439,0.4211638460174085,2022
St. Kitts and Nevis,KNA,0.636278300915591,0.45896631067245236,0.6894012259283949,0.7796837726516722,0.6254840902707561,0.6380715761488991,0.6860024205879636,0.5806677081897659,2022
St. Lucia,LCA,0.6337040755486991,0.48758529275789975,0.6654107978882957,0.7379202909810841,0.5901478962584036,0.6727578621366486,0.6651316164353881,0.5417833203652721,2022
St. Vincent and the Grenadines,VCT,0.6838864253424425,0.5184751506130921,0.7040449048843396,0.7673233081282445,0.5288084911239979,0.544484129086782,0.6344504788416553,0.6219543678955917,2022
Sudan,SDN,0.3648238906204224,0.3671896722960759,0.3359999917558928,0.6215226011406143,0.32683423326557903,0.2653747225804586,0.36709156781189545,0.35458176237388633,2022
Suriname,SUR,0.44407693829871403,0.3882770327750773,0.5274947793236145,0.6440649783539053,0.45796395584955024,0.4701548039185521,0.4950010022008809,0.5278732674783504,2022
Sweden,SWE,0.9025698070363424,0.854057052514295,0.8640095410989552,0.9200455484206452,0.832768475702099,0.8717914949490333,0.8274443587246633,0.79527459745857,2022
Tanzania,TZA,0.409633945712852,0.3741646391219949,0.4303659176926557,0.6882404443648303,0.4346832524697503,0.46732684421099024,0.47619105222812946,0.3723381698648377,2022
Thailand,THA,0.4651864838181046,0.48266692663649924,0.463603480812487,0.7448489373261412,0.44509900397312235,0.4783188972270998,0.48243327833682936,0.4237742334105917,2022
The Bahamas,BHS,0.6417288215462043,0.49628695877777584,0.6593172969337194,0.7379755444965426,0.5254464136685799,0.5476218649868987,0.583773784954878,0.6006776085564102,2022
The Gambia,GMB,0.47093847980781195,0.3747170062872802,0.5110033428143996,0.7101613611419411,0.3655607498503033,0.4424716696237056,0.4979388249725787,0.39878571334226603,2022
Togo,TGO,0.4391391006185515,0.3195055860739257,0.45497200010992866,0.7246857278892685,0.5141897593033274,0.46022228604218846,0.48024382325242787,0.3699644016535551,2022
Trinidad and Tobago,TTO,0.4919485514291345,0.5366043138542386,0.5940586128931039,0.6463659008798955,0.4964352415986495,0.5996796262700015,0.5660152933461436,0.30794561330445636,2022
Tunisia,TUN,0.4689737878454857,0.48759949916300893,0.5138813513286719,0.715047246437048,0.5088458328075586,0.6234652823871036,0.48968155728081847,0.40130275315383257,2022
Türkiye,TUR,0.45269682451872906,0.39715906865954437,0.3037029430489908,0.7291817872132481,0.4040781489126921,0.45476526590524835,0.42633393848680795,0.34425492480799785,2022
Uganda,UGA,0.26539778106340534,0.38396552820347063,0.34364724943435343,0.5862898936313031,0.42391316203928503,0.5820543242303071,0.41629363535408087,0.3239700683936775,2022
Ukraine,UKR,0.3263228511224098,0.5631627338903578,0.6009010864585174,0.6959919048731877,0.43449999078061047,0.39645847565603803,0.5352024841381641,0.368402049042991,2022
United Arab Emirates,ARE,0.7802199269220866,0.3480560779784242,0.44455894008187674,0.9046139457000019,0.6945566289395775,0.6500033631920107,0.6525820151470036,0.6765650585531332,2022
United Kingdom,GBR,0.8284356315016947,0.8010194628975835,0.8078923027635343,0.837854276591147,0.7992489995459808,0.7575825265159895,0.7046624301897911,0.7006455710001321,2022
United States,USA,0.7331238488538211,0.7572352409882015,0.6814373529427991,0.8335763260350252,0.7231239224901364,0.7132541913568093,0.6291083076426099,0.6099955148880343,2022
Uruguay,URY,0.7367639036904781,0.73328851726011,0.7849345277165007,0.7138779287061938,0.708114560873149,0.8052090905076519,0.7230088827567333,0.5628788211719059,2022
Uzbekistan,UZB,0.469483849602967,0.36448045518171635,0.44609771277062366,0.8964046860705359,0.4475776006203544,0.26642980324426646,0.5039125281067454,0.45540729336889246,2022
"Venezuela, RB",VEN,0.27506415712181675,0.28044511407490225,0.29474714968829036,0.4976756609348034,0.1865694077118963,0.14100820208835382,0.2661655217056854,0.11713190995898227,2022
Vietnam,VNM,0.416875405014745,0.4603657425655805,0.450266796330766,0.7680884817647318,0.4421239530278239,0.41692450621519817,0.46725769810593853,0.45619855654934266,2022
Zambia,ZMB,0.38046833380470724,0.3881452197619446,0.401853028001445,0.6738729215589508,0.428824506742579,0.42417370046238856,0.4644470049246929,0.4020816134468602,2022
Zimbabwe,ZWE,0.30695820005383223,0.32743605382289254,0.3371733691663806,0.672794165382376,0.3459693530520392,0.27864315854605326,0.45577373998873355,0.3630752671538865,2022
Afghanistan,AFG,0.3032108252411092,0.3523498627912795,0.2846855985180282,0.29893867384773176,0.34902459797407365,0.39052435203918623,0.3315480447703161,0.25336725514979025,2023
Albania,ALB,0.36352878539865013,0.471508306526634,0.5744636629667058,0.7751590689881999,0.42601024322157094,0.4248849404034497,0.4503769132215268,0.3849881176425055,2023
Algeria,DZA,0.45234091080686545,0.3604437142014385,0.4318299901416637,0.7533766525316455,0.4887401674678468,0.5383953186027595,0.5517363800936724,0.4101315557284007,2023
Angola,AGO,0.43600112504286215,0.3920388054624513,0.3702170123508573,0.5747055723624587,0.4295553653051133,0.4138587062408765,0.4357596762394093,0.35456968978947945,2023
Antigua and Barbuda,ATG,0.6230750882478465,0.5198662921291441,0.7112419924650797,0.7861813490433204,0.6166399635191074,0.6813561063034372,0.6759075884971082,0.5332242132504048,2023
Argentina,ARG,0.45642374402298846,0.6065331915367291,0.6925492078599436,0.6148490794331116,0.4938193561878944,0.4800304621893411,0.5489537911108521,0.39081017926531697,2023
Australia,AUS,0.8126770907813776,0.8082617083022776,0.7795683249316564,0.874647731857254,0.8167321400786525,0.8587238332451362,0.7510477862493425,0.7265868210621156,2023
Austria,AUT,0.7989624411531697,0.6967303841240637,0.8405183782057143,0.9052243206589109,0.7999080933488283,0.8034412449019643,0.7356779974647594,0.7863942880540592,2023
The Bahamas,BHS,0.6363607705720785,0.48339332679624614,0.6372145447431188,0.7301336593057112,0.5108352225922286,0.5293357415699831,0.5689545815008797,0.5848657760764714,2023
Bangladesh,BGD,0.32961178619910547,0.4014259022723024,0.29230871765472294,0.6319627337862881,0.38494157323063166,0.5682546397198256,0.3603955881990104,0.30443741949942427,2023
Barbados,BRB,0.7001106710271734,0.5460018523277828,0.7323374482447549,0.8040276965193421,0.6236340432851776,0.6361820374450406,0.6268954142440555,0.5846350510597407,2023
Belarus,BLR,0.49304824433469707,0.31329543110117564,0.35636928374801535,0.8086249275673753,0.43786887471831754,0.2702742796960687,0.5579944988833346,0.3871651972827302,2023
Belgium,BEL,0.7946447344023037,0.7597775015153383,0.8406991848745176,0.8174493796079406,0.7934057410735662,0.8892800749226846,0.7374943149262382,0.7057588270930345,2023
Belize,BLZ,0.45235675486305965,0.4419215531496058,0.5215886510118795,0.7106795292952962,0.4121227911383073,0.5030708724940531,0.5213646945065326,0.39460831386486683,2023
Benin,BEN,0.3994449507074643,0.38224273766595,0.5206693807255935,0.7392518255305314,0.47883756001886885,0.48310529117712087,0.4285202077210661,0.42654806361726433,2023
Bolivia,BOL,0.24548156504966076,0.43731696099232853,0.4445853241985679,0.5927944737233,0.3875956239032238,0.42542725889854527,0.31075580787624785,0.21031180872014582,2023
Bosnia and Herzegovina,BIH,0.42027134527433735,0.4680648763409784,0.580521583008262,0.774956029221538,0.4873165219474428,0.6275959514485834,0.4600765405866145,0.46725738641993325,2023
Botswana,BWA,0.5744711052875237,0.471229537247444,0.5896450177888898,0.7190222925410653,0.5844872473681131,0.6881837853126753,0.6072942528598155,0.5892901270676995,2023
Brazil,BRA,0.433738344724161,0.5921630459111755,0.4870830153033162,0.6008310684509073,0.4809009835865531,0.5952978083587479,0.49353173166060504,0.3235615349080242,2023
Bulgaria,BGR,0.45497291326747236,0.5744668816440737,0.6137498070639393,0.7795839165242299,0.5254157126631769,0.45386306367028395,0.5439377714049457,0.4447441443553151,2023
Burkina Faso,BFA,0.4296412835563778,0.47513853729804084,0.5315209314491355,0.425964141069023,0.46487938635861087,0.576957291710001,0.45140037451514636,0.4821920586528404,2023
Cambodia,KHM,0.2270003798948798,0.2441283510826528,0.3330684557459177,0.6615796909812993,0.2580806326682171,0.27374505230616564,0.24757369080137734,0.2574039416744731,2023
Cameroon,CMR,0.2446993073477119,0.32706143819560085,0.3600111586470643,0.4803139870100792,0.4032312157957302,0.47054624591179284,0.40463695801499894,0.24260034075381048,2023
Canada,CAN,0.8293827628418317,0.7976824217315853,0.813783966228313,0.9018787154293202,0.8139875196823845,0.7741360046082244,0.6874425650509474,0.7320103132033519,2023
Chile,CHL,0.6903695057788659,0.7019410360159238,0.7248366329133702,0.6686935237363829,0.6397946293792568,0.7591046106700511,0.619269961029506,0.5402664696724964,2023
China,CHN,0.5277163201156021,0.39624166963547425,0.2539202869620388,0.8124601925871872,0.4850932218033532,0.36146428190712454,0.5166353740697718,0.43435365897234435,2023
Colombia,COL,0.3808866612734804,0.6093135746408955,0.4945848214614475,0.5621452926462548,0.5150093964661752,0.6189930861870107,0.47314391106530823,0.32307867110164196,2023
"Congo, Dem. Rep.",COD,0.166343110302589,0.34157502035048826,0.4090048479137951,0.45099495520883887,0.3441552315204248,0.3096530765276149,0.3616030586338737,0.28426482647922363,2023
"Congo, Rep.",COG,0.2987262056147469,0.3296884776896493,0.39636942538802655,0.6138405786442033,0.4277922196172974,0.44813707603194153,0.44131576736576505,0.3357381095741155,2023
Costa Rica,CRI,0.6378720466235657,0.6968488731785878,0.7875578168100615,0.6982065751521249,0.6808191003779781,0.7815818343165077,0.6067672687113651,0.5775796012468717,2023
Côte d'Ivoire,CIV,0.35387519943843,0.35699357167557627,0.45141568917392944,0.6664416068673302,0.5155555969481693,0.5521981658680102,0.5085250155203803,0.35921732690460967,2023
Croatia,HRV,0.573793082387202,0.6090635620260777,0.6800998287489765,0.83666975757428,0.5588478457605113,0.5943194845152374,0.5621656071217292,0.5121485722360201,2023
Cyprus,CYP,0.6486008724246638,0.6047464563488967,0.7171946406326926,0.813206371527392,0.6629974768311203,0.7480247217173103,0.6205537701184036,0.6813411055034777,2023
Czechia,CZE,0.6605377075675397,0.6870893231541938,0.7804230264219997,0.891111504792249,0.7128495644101427,0.7396560222288479,0.6932899338240676,0.6995179764448439,2023
Denmark,DNK,0.9581031579288457,0.8630379385097308,0.924687380357331,0.9309034630793472,0.8808187249994504,0.8454725367975173,0.8559554505472302,0.832793654249944,2023
Dominica,DMA,0.6034036356905091,0.4942333748755808,0.6202179178864026,0.7284959704754429,0.5279874587154787,0.5358895352109514,0.5659159474460924,0.5582957951944115,2023
Dominican Republic,DOM,0.39327640890783716,0.5518501291928206,0.5758832332324002,0.6370429568992543,0.4248545993312394,0.45488138679593226,0.43446543836562646,0.3783008309839895,2023
Ecuador,ECU,0.3796855729768893,0.5188054054779615,0.5272011374467227,0.5927528579693059,0.4664235893817274,0.5280906501410471,0.4611038740400072,0.3344670654936413,2023
"Egypt, Arab Rep.",EGY,0.3811872460007826,0.2310638117450084,0.23802188687998735,0.6241051418509639,0.35944506046763386,0.40569681635439575,0.378069931376744,0.3311504117587578,2023
El Salvador,SLV,0.34998309720527626,0.46848279871405374,0.4585284620313613,0.6612338625857144,0.4790256745845645,0.5251041641803348,0.4948121998132456,0.24780853430849473,2023
Estonia,EST,0.8084688686361095,0.8066876467294157,0.8257782451624278,0.897589417293609,0.8063168615382246,0.7818734738392221,0.8090791958567246,0.7484870999317127,2023
Ethiopia,ETH,0.43950716391978795,0.30642712587584114,0.2975470624537055,0.5283350923237579,0.36030796064491655,0.398420670083061,0.4156402347716274,0.3482042522200818,2023
Finland,FIN,0.8872438589507907,0.8597801651547661,0.9009910279642156,0.917395800303702,0.8671883649526778,0.8011899876237132,0.8108071538587003,0.8360236389492316,2023
France,FRA,0.7498773275076558,0.7504864550971863,0.7406780656923453,0.794479361206175,0.7461931357246312,0.7811514786864446,0.6897130000843187,0.6292191726599894,2023
Gabon,GAB,0.24095702005911385,0.3738762942582748,0.4261104586042123,0.6311726755984407,0.4567991280947236,0.4548307743847416,0.39798561919101416,0.29368126882185236,2023
The Gambia,GMB,0.46605150341838086,0.3842145744411519,0.5186753409784122,0.696103921161702,0.37374855304816973,0.45579356417222494,0.49459790473893694,0.3999231437967948,2023
Georgia,GEO,0.6755768587024278,0.5873128807024974,0.6222361681849423,0.7890728760895075,0.577143567862523,0.6020385201015792,0.5333856506552931,0.5154064470207783,2023
Germany,DEU,0.8227500044504046,0.7940115600253729,0.8570439034289996,0.8886507789019236,0.8432454997290681,0.9045451681296648,0.8282015396719008,0.7801195220501952,2023
Ghana,GHA,0.38896843075771714,0.5068427634625845,0.5763838737286986,0.7148940593075187,0.5329379628530226,0.6316602766039408,0.5676361984470416,0.44636179850252244,2023
Greece,GRC,0.5573483986039064,0.6060228411287175,0.6514476306343367,0.7185331239955858,0.5546504681575224,0.6776807645835616,0.5833295899512289,0.49590703881985165,2023
Grenada,GRD,0.660048830422789,0.4552012992395448,0.6242915806090437,0.795437660463355,0.5532514519973968,0.5071121563148232,0.6131574683872835,0.5351355666503569,2023
Guatemala,GTM,0.34038171592039373,0.5166335192395963,0.527837222714002,0.5895714380068567,0.402152581128756,0.4709135302233478,0.33230280261686856,0.29768743261501285,2023
Guinea,GIN,0.2922185560129429,0.36681700623025965,0.4953178143580452,0.7167559157839513,0.36620454152526055,0.3497472956128461,0.38815511895113275,0.2947042281012789,2023
Guyana,GUY,0.44515220166282876,0.4495907374528422,0.5552764762596039,0.6269799995269755,0.47098818122367386,0.4752486599741265,0.5191064782986887,0.40313370639327667,2023
Haiti,HTI,0.2392919109719519,0.3458993792210126,0.41954893292633477,0.47822525718163905,0.2761034839968619,0.31319976388125753,0.3521877640023933,0.24789255745457348,2023
Honduras,HND,0.323767251894106,0.45109645252669606,0.450865898719227,0.6363783811428861,0.39145181735723267,0.5112487131818091,0.4038358223688295,0.25993338172066066,2023
"Hong Kong SAR, China",HKG,0.8340977160136167,0.6911836404030451,0.5996498904189146,0.9251856644756419,0.7922652021292076,0.7061523214831431,0.7068323338427456,0.6896810121761888,2023
Hungary,HUN,0.49713874468895525,0.4462947421611391,0.5548848129025408,0.9023813094365855,0.45420119686320637,0.4078759378821596,0.44525656298807537,0.4526021021820416,2023
India,IND,0.4014910743573966,0.589316057044218,0.4606159915085415,0.6429751174376743,0.4750235780816049,0.6135992403783896,0.4341846072684916,0.3739810870090312,2023
Indonesia,IDN,0.4019621386271114,0.5532443629098263,0.5031869409785644,0.7070983791894864,0.5695087835565932,0.6025865928118134,0.4658195912303432,0.39761524721436586,2023
"Iran, Islamic Rep.",IRN,0.3746656527344764,0.269789566113578,0.2026249181710879,0.6315759919005565,0.4369034528291172,0.4991740003401304,0.5148003251932286,0.33225522931831897,2023
Ireland,IRL,0.8182315646621585,0.7947021693451766,0.8235316911791384,0.9475207748173623,0.8238595325141922,0.9237309082032963,0.7280274983328867,0.7242787298206332,2023
Italy,ITA,0.6459628527576455,0.6330447269538161,0.7279864792512953,0.7517844129561121,0.6367528619816428,0.6594514627842147,0.5775758924737654,0.6390131557974682,2023
Jamaica,JAM,0.5322026834845957,0.568247755876121,0.6419459667032998,0.6187728627831962,0.5534322893642225,0.6322187216837957,0.5564940493983397,0.4881054014466178,2023
Japan,JPN,0.8222544452680021,0.7047079649098101,0.7814704037490257,0.9225569878092776,0.7987401673769983,0.759816795882796,0.762790869972078,0.7638035722168882,2023
Jordan,JOR,0.5792338569962443,0.39415412363109675,0.4569908599810291,0.7647331503211845,0.5477462494847607,0.5272090134536158,0.612052605014968,0.5686402047850055,2023
Kazakhstan,KAZ,0.4825571898832369,0.46714564594777086,0.45861805374355724,0.7962315979589452,0.5178685409482477,0.4619383414337428,0.6290730610224802,0.47200463963210604,2023
Kenya,KEN,0.2694350979041106,0.5001462474390778,0.4726708217171111,0.5794129683241692,0.4522985310356259,0.567666271443279,0.4882612902068871,0.38996931866234974,2023
"Korea, Rep.",KOR,0.667933558673792,0.7166113575141764,0.753394791100275,0.8435037807777999,0.7385091039712488,0.7570550680067158,0.7516074077195511,0.7133084941204554,2023
Kosovo,XKX,0.4753889432816497,0.5772701467872579,0.6065794893232437,0.8343277451722292,0.47748763323768556,0.5770856222938072,0.49720026857578803,0.46252926410821055,2023
Kuwait,KWT,0.6647205849763852,0.4280749043831746,0.45038317441691583,0.8729896376509352,0.6604771134866011,0.6850288853634174,0.5759833726926947,0.4705421093234702,2023
Kyrgyz Republic,KGZ,0.29062279798510327,0.5031355709290056,0.463436689060874,0.7299363080990285,0.4130597663681025,0.4122180816668064,0.47629098901027145,0.3223320860018748,2023
Latvia,LVA,0.6777030885119052,0.7195582116334444,0.7701878128896205,0.8607759024611875,0.7114754072342645,0.7057847693165169,0.6884648954599824,0.6829417328986417,2023
Lebanon,LBN,0.35742587552206695,0.4383621225839034,0.46189098262425776,0.6762296646629887,0.4354392879267307,0.4435563557457304,0.40301821146042105,0.31780279134681905,2023
Liberia,LBR,0.30417148978736097,0.45698973603721904,0.5133881957955487,0.5995538283634546,0.3985569051755159,0.37031111436477404,0.401778306748925,0.32913216344406554,2023
Lithuania,LTU,0.7222711109656258,0.7488372048572429,0.7845390588103899,0.889010745405387,0.7564874720669875,0.7620889024567858,0.7888308697562686,0.6867541185920862,2023
Luxembourg,LUX,0.8509095969699374,0.8163421711111137,0.8529802253704493,0.9531209949830446,0.8655984104336347,0.865204453882839,0.7803371299773866,0.731989669816021,2023
Madagascar,MDG,0.26636011661215137,0.4520002467833343,0.4606258590432317,0.705667902641041,0.3811521808763246,0.4659280328823957,0.427518674553482,0.3184338968806241,2023
Malawi,MWI,0.41666594532365064,0.4560857878392286,0.5803971547725529,0.679444514723181,0.4636143950051007,0.6063914555120897,0.5642365412981342,0.43998873626287477,2023
Malaysia,MYS,0.5677480755162498,0.4233246423257764,0.4909804168132341,0.7822007365171567,0.5476682238463525,0.49665034449883594,0.6179340160052362,0.5587486284629416,2023
Mali,MLI,0.31497392709254385,0.45392074994201836,0.49752640335559933,0.3655754569974205,0.46980993307959446,0.603858843424955,0.41391357483080143,0.2833089280597857,2023
Malta,MLT,0.6772842116975316,0.6365369208004937,0.7411325449525817,0.9133480532743591,0.5935673046030561,0.550957283662639,0.6019935906583663,0.634616536424116,2023
Mauritania,MRT,0.2928068511618177,0.2826436333756375,0.3843637188629666,0.6459240408037313,0.28356430357246554,0.30468292692221133,0.3988601377069524,0.2714722981634701,2023
Mauritius,MUS,0.5751134726282735,0.5263255030655011,0.6421733486102091,0.7538742470611136,0.624979802598134,0.597034972135899,0.6316592863838891,0.540337582703217,2023
Mexico,MEX,0.26323154351268685,0.5803124314046904,0.4834059640046307,0.501607405332562,0.44014142485403307,0.47803571136874734,0.3674283607449608,0.26046483730710446,2023
Moldova,MDA,0.37880739865543506,0.5733396292752737,0.5871657178156248,0.8094085517120027,0.4557674086484383,0.429897529336992,0.49996109703373587,0.41059410697346965,2023
Mongolia,MNG,0.42243134401790366,0.4907187128162345,0.5633580773898473,0.7616721033720634,0.47779917518212384,0.4526973422364228,0.542646432241098,0.48288045731374213,2023
Montenegro,MNE,0.48324690299751116,0.5288549391456574,0.6650430344845869,0.8232556131728767,0.4753129670772845,0.5006414715014598,0.5386204046313031,0.47264243664347083,2023
Morocco,MAR,0.4184313892474851,0.4306895784855168,0.42869351562134583,0.6889932796653241,0.500910817589219,0.5504295167473456,0.5184201739644634,0.3693644483796682,2023
Mozambique,MOZ,0.3505540022627184,0.3627287890340357,0.3856166446760225,0.42560343874063405,0.4077143301089423,0.3353708463071964,0.4207211764474332,0.3071710691214174,2023
Myanmar,MMR,0.4225707648844711,0.300864711962088,0.20386084750886685,0.5814892473761939,0.41886260258978963,0.3163588788639686,0.3236270673254586,0.2503117906748097,2023
Namibia,NAM,0.5170888935629936,0.5785832266198483,0.6586566159781855,0.7483379319756063,0.5797622394421842,0.641434934498198,0.6216945352165946,0.5525091933538882,2023
Nepal,NPL,0.40366051940252745,0.5165341053273076,0.5170654356277196,0.7279103729848343,0.4858494593526153,0.4987697316274291,0.43904067227564336,0.44980572017448106,2023
Netherlands,NLD,0.8731193100144273,0.8274182803493089,0.8351691489244927,0.8460952703955759,0.8491100797605305,0.9314379661914516,0.8365107214769216,0.7425615103337612,2023
New Zealand,NZL,0.8749866455003279,0.816696959710953,0.8160488800069248,0.8824437959584218,0.8448430148685203,0.8395977070277151,0.7797925147977887,0.7347645647521698,2023
Nicaragua,NIC,0.2960179448293413,0.32477396983520934,0.296236971254628,0.6955479221547245,0.3575590061888071,0.33257457017058445,0.31808041993984043,0.24877700201802008,2023
Niger,NER,0.38900645571460846,0.36802906365323435,0.4675508651741282,0.6220923370358633,0.47276738947617336,0.5066047294699715,0.45577098175497766,0.3521434295169799,2023
Nigeria,NGA,0.3174960112363275,0.41930542357750367,0.4210269660711662,0.3745182448231706,0.41122058968908454,0.46433559665600765,0.4555084851394447,0.3925275873750067,2023
North Macedonia,MKD,0.4505991322400046,0.5028385486755546,0.6037046175447571,0.7973737673935783,0.45643950605709255,0.5357388145129087,0.5150358610441702,0.44154209526562305,2023
Norway,NOR,0.9369757188291641,0.8757758735070619,0.9077853854173813,0.9268743101320777,0.8797479276413267,0.9016786692969982,0.8644678328770389,0.8259109678092329,2023
Pakistan,PAK,0.3144208731561131,0.4069577208123985,0.37756923542328497,0.32620812793599613,0.37980061645613017,0.4896951756817499,0.3815396556285983,0.3597594201841701,2023
Panama,PAN,0.3968708152434258,0.5577170361787147,0.6249220810053852,0.7001797738042246,0.494813208956533,0.5444449505007212,0.4649132565886919,0.3430819247304465,2023
Paraguay,PRY,0.2885736973209489,0.5586112643645319,0.506357444311921,0.7030384586375299,0.4632388074813772,0.5183275918558676,0.41722207988887383,0.26223793373769355,2023
Peru,PER,0.33242529577530755,0.5385313730995889,0.6010027162537938,0.6166239400152843,0.47584692264230155,0.6302268758277874,0.4101262263865972,0.3299910126015674,2023
Philippines,PHL,0.4306847275726279,0.4739885716195694,0.3977977688754965,0.6737413905349346,0.4733676901515157,0.5017621287246846,0.44982053627667373,0.30867571666904764,2023
Poland,POL,0.7173753684211923,0.5803689639914462,0.6090665445312693,0.8568442117300975,0.6289033648128564,0.6331428533045232,0.6089787523018353,0.577287268230167,2023
Portugal,PRT,0.7108015261021776,0.6395774192003236,0.7600773924083879,0.784636859048216,0.6002363783708395,0.6437828996738371,0.6462092217810468,0.5631313730580224,2023
Romania,ROU,0.5603975076326847,0.6298259870245955,0.6711758374869231,0.8281943167094643,0.5878710839976448,0.69884722899876,0.6310842325908993,0.5243995868375438,2023
Russian Federation,RUS,0.4147625985847946,0.4531657600793365,0.3807081528085743,0.6593306193819192,0.46231019848123694,0.3561572191342895,0.5064345536880247,0.2921403090263534,2023
Rwanda,RWA,0.6756727011112378,0.5676385023690238,0.5244070397942084,0.848638689466226,0.6047798913781806,0.7094792655786506,0.6489103996156077,0.56040342466875,2023
Senegal,SEN,0.5547620950088068,0.43878515672989415,0.5938804872017067,0.7019536911119598,0.5641673186539817,0.626411314059627,0.5635480994261509,0.4672083642698056,2023
Serbia,SRB,0.4162726620884953,0.4525800019045062,0.552995044009917,0.7635697055504119,0.4554009822650202,0.5154571762353947,0.47311110194054873,0.386296813676462,2023
Sierra Leone,SLE,0.355666932528461,0.38509274145013284,0.4839888008414065,0.6652371683366539,0.3721402391462595,0.3812256316401148,0.42676378459658676,0.349730740194793,2023
Singapore,SGP,0.9125319869922943,0.6113517529517809,0.6657350735623584,0.9342323830174256,0.8569884314224618,0.7525226269455076,0.7867270740523635,0.7707984596173152,2023
Slovak Republic,SVK,0.530833696713778,0.6879721300343186,0.7308494845116402,0.902563707881377,0.6227908259362392,0.6664975172449055,0.5450875083305684,0.5781691939863357,2023
Slovenia,SVN,0.6671180172506289,0.6568816248242461,0.7539158789187883,0.8920285408499646,0.6499562223224367,0.6241228793988791,0.6650591064942153,0.5631733795371014,2023
South Africa,ZAF,0.46581701210585263,0.6233491814912686,0.6312474259185683,0.6033046295316632,0.5225560138484765,0.5939524559110411,0.5877857273741308,0.5033612727108875,2023
Spain,ESP,0.7267321103540466,0.7034703543768923,0.7855519439488114,0.8250692005796783,0.6920057695559423,0.6904007957386677,0.6526987507815012,0.6649056140357719,2023
Sri Lanka,LKA,0.4692519184204963,0.5125093185787682,0.49963067133754724,0.6809386734159281,0.48144166177503644,0.5144526547073054,0.4346755070801874,0.40864989374227884,2023
St. Kitts and Nevis,KNA,0.6498669845664413,0.4494519195314788,0.690635697223883,0.7750273517407802,0.6152613249850829,0.6144260180836725,0.6789053731290379,0.5911225754141686,2023
St. Lucia,LCA,0.6363154179635763,0.49878578115603434,0.662168831384582,0.7300515823377847,0.6052627872262906,0.6685943432067938,0.6534082665752126,0.5441799895039596,2023
St. Vincent and the Grenadines,VCT,0.6793271688975457,0.5145521869833701,0.7007221113987292,0.7573519783846567,0.5329657715441216,0.57134327306816,0.6366084489184326,0.5983348109281196,2023
Sudan,SDN,0.35189661257929356,0.3454891833680923,0.3293422619336737,0.5563439443386221,0.32593120794321273,0.2796849377360212,0.3581854752043765,0.3434933794374433,2023
Suriname,SUR,0.4337711252205222,0.38443060560748293,0.5147687323626778,0.6467743301987788,0.45594194201866867,0.47410056925350463,0.48598809569902235,0.5276510451837472,2023
Sweden,SWE,0.9011450662363132,0.8444413270965918,0.868550352985157,0.9244353419242285,0.8302309740855497,0.8667444156566564,0.8171766544466591,0.7869101209745596,2023
Tanzania,TZA,0.40777877322216405,0.3868963280972564,0.4354253813381864,0.7018029128455177,0.44332660610722724,0.4751176736931928,0.4737003102125074,0.37068685754298425,2023
Thailand,THA,0.4537387834730231,0.47949728510717016,0.45856024015950203,0.7383704175556066,0.43986821436545587,0.4732176169372858,0.4857006385188497,0.41308743607311704,2023
Togo,TGO,0.433462851813594,0.3194864793828217,0.4565768240916803,0.6963695990791937,0.5062349394555188,0.4871462104509594,0.4763756897056624,0.364513140252019,2023
Trinidad and Tobago,TTO,0.4865923472897897,0.5273982360293614,0.5932517042685642,0.6531677377548736,0.48697241263919955,0.5827825316779707,0.5600902185183717,0.30794561330445636,2023
Tunisia,TUN,0.46591011720325276,0.4846471429323249,0.5058948576856321,0.7208437591576379,0.49540614858730125,0.6148277369487811,0.49496574939430776,0.41132996929957727,2023
Türkiye,TUR,0.44167471004803793,0.3967100611251845,0.3026199287492359,0.7165309204191145,0.4161699671306399,0.46581158428776603,0.41425081473215347,0.3377361499960892,2023
Uganda,UGA,0.2643212725907441,0.3875321803856586,0.3465677818666835,0.5723891304408406,0.4263903422156485,0.5803100118166562,0.42379785251617746,0.316916702870819,2023
Ukraine,UKR,0.32511265809645523,0.5531863229211625,0.594490395527378,0.61258261910367,0.4308135538141261,0.3872060107228319,0.5294777669856955,0.36444568437118974,2023
United Arab Emirates,ARE,0.7797620805033454,0.33613998194646066,0.44781923393308753,0.9141900242546529,0.6973126721522795,0.6424617565730755,0.6566680528050993,0.6777147962692208,2023
United Kingdom,GBR,0.8275346691355281,0.794454226775117,0.7967023923862889,0.841851594736584,0.7922293448806561,0.7474232941832217,0.7089384692750401,0.7010970127074048,2023
United States,USA,0.7336725616997335,0.7556185945198013,0.6778322372248997,0.8283119625874522,0.7182040113494339,0.7137307568502096,0.6233923866079978,0.5984809966275729,2023
Uruguay,URY,0.7339841857364029,0.7300207979745871,0.7967748340068104,0.7082367366293516,0.7055740555994907,0.8124714143218634,0.719767125779384,0.5756550242268172,2023
Uzbekistan,UZB,0.4679074640180422,0.3716569024723899,0.4476157816375874,0.8952318330742125,0.4527488484877507,0.28962179624451534,0.5163765500883291,0.44385531978744636,2023
"Venezuela, RB",VEN,0.2754297338696955,0.2802084872738013,0.2985468040687609,0.5085202113352572,0.19262862581681434,0.14262248489989088,0.2569652695116015,0.11912551524376713,2023
Vietnam,VNM,0.4177486768937472,0.4450440497491074,0.4469848921702724,0.7820326328303587,0.43834995611431343,0.3940763153305835,0.44913175879747724,0.4614429480013457,2023
Zambia,ZMB,0.38038442706569253,0.3928632194282086,0.40313080962992026,0.6851900245906677,0.42526691931939375,0.4309057937866292,0.456191482528628,0.39525383960726795,2023
Zimbabwe,ZWE,0.32134850453888814,0.32991679068638624,0.3420494404155896,0.67201826446201,0.3506974347587946,0.26691652070963956,0.46498406332082703,0.36426064362176075,2023
Afghanistan,AFG,0.30491075323406175,0.32557911002529727,0.25467935581986095,0.3822720071810651,0.3485689286003253,0.37689469674691445,0.31837239487841834,0.2475563211835294,2024
Albania,ALB,0.36657281211339504,0.47301969808900823,0.5701344922857864,0.7743432265897572,0.4262636663859839,0.44268631451330587,0.44991053279197946,0.3771512272904691,2024
Algeria,DZA,0.45255637091413325,0.3582025651849695,0.4343462097287938,0.759371179118987,0.49139858718658447,0.5438079364423624,0.5564426601044313,0.4197011085798503,2024
Angola,AGO,0.43623785919074415,0.3738295743426666,0.3704135166740204,0.6037661715285672,0.42847515717202445,0.40503966640077066,0.4382785866673228,0.355640716375546,2024
Antigua and Barbuda,ATG,0.6277434732085416,0.523084940543791,0.7054335434144636,0.7861813490433204,0.6198201199058252,0.6795752567398416,0.6848852826496982,0.5297300916023076,2024
Argentina,ARG,0.45796630902402125,0.6067327755732668,0.6833902361872568,0.6064656506679788,0.5016219439538337,0.49612839287193533,0.5570891349866531,0.3960387213499951,2024
Australia,AUS,0.8294356561332067,0.8089290323038082,0.7831757646073283,0.8729606711368311,0.8119764783948981,0.8338529324226354,0.7440509528176776,0.7175462484589701,2024
Austria,AUT,0.7886488653219756,0.6786663278233015,0.8265813045025227,0.9085694242619949,0.8010310735358386,0.8000134124319572,0.737130939205813,0.7865753613051973,2024
The Bahamas,BHS,0.634933576282096,0.475837587668668,0.633133016790909,0.728620495964987,0.5036614517988903,0.5220976195270587,0.5670358685165765,0.5843624787044845,2024
Bangladesh,BGD,0.330632259047523,0.40236003751281096,0.2962570475931264,0.6344088102337971,0.3925421095791147,0.5862550987811845,0.3605537140121466,0.3072668822615672,2024
Barbados,BRB,0.7015499316774831,0.5477244569213945,0.7369199674604837,0.8048753777541617,0.6293831340325082,0.632521442066257,0.6174722801500454,0.5831962624094826,2024
Belarus,BLR,0.489608908370459,0.3067659779696111,0.3413839231695642,0.8094777486244954,0.4307404204382605,0.26372815246958814,0.5497874346622995,0.387036168379637,2024
Belgium,BEL,0.7953787122367038,0.761424894484761,0.839233742103358,0.8105856672680609,0.7888385665460627,0.8689307110476019,0.7416579431019352,0.7028866254908275,2024
Belize,BLZ,0.4547493453143799,0.44933884781491373,0.5245363684780314,0.7131666763758578,0.4163843530976842,0.49497723110027,0.5224750852386857,0.3998326608409374,2024
Benin,BEN,0.400932989137391,0.3865482895155172,0.5221295797139192,0.6862529942404687,0.4748698772567844,0.4609379475218337,0.42997436037877207,0.42294473251612963,2024
Bolivia,BOL,0.22811354810035642,0.4410565547424269,0.4402664930641539,0.5961957806779744,0.3780116717901221,0.4015960846155142,0.3040927109344701,0.2011706740001173,2024
Bosnia and Herzegovina,BIH,0.4371020493350875,0.48596580977912046,0.5758013664314858,0.7745044845626937,0.4826553084594078,0.5818264942928543,0.4645402858085864,0.47156804253101303,2024
Botswana,BWA,0.574474505384892,0.4695585033696509,0.5872354859517003,0.7107541524127732,0.5855517129711488,0.696551124601537,0.6120090095957631,0.5682053266911691,2024
Brazil,BRA,0.44599307285740736,0.5904853150242236,0.49890179527388795,0.5979844972119205,0.49890178344095465,0.6158974756468105,0.5056498250783655,0.326513242743306,2024
Bulgaria,BGR,0.4528728762981702,0.5995550619595282,0.6067437165375293,0.7793341423795876,0.527268821959717,0.500314770573837,0.5298477310114922,0.4479606021421155,2024
Burkina Faso,BFA,0.43213451393078456,0.45380484104320135,0.5080037940307793,0.42964155152264416,0.4669089264969054,0.5857991372352471,0.435989440278616,0.47625020647730454,2024
Cambodia,KHM,0.2319285794541634,0.23108959670219448,0.32984929406565755,0.6600880630136867,0.2604082428176325,0.27847960870182,0.2575418017102872,0.2590693659255711,2024
Cameroon,CMR,0.24950599409050456,0.34388034063733414,0.3554226326720898,0.47833265883742637,0.4067681563807545,0.45132587029086024,0.4209619929432666,0.2324127949411021,2024
Canada,CAN,0.8249525931087138,0.7962638739520653,0.8164491610053495,0.9001545202467315,0.8056189841321089,0.777781481764191,0.6782387991252079,0.7351470840209599,2024
Chile,CHL,0.6885766979863981,0.6972400360497418,0.7181781659998607,0.6704142689899578,0.6310806939495114,0.7557890451098747,0.6029707162593463,0.5403002424329518,2024
China,CHN,0.535636633399457,0.4072904687743498,0.24899947629379227,0.8068862855017063,0.49809734180827087,0.3803457404561794,0.5229626914477662,0.447778323878998,2024
Colombia,COL,0.3948539157294576,0.6169654142347377,0.5053180789400444,0.5294455294029863,0.5176046261618482,0.6324477754055661,0.4589935446941885,0.32343135885697233,2024
"Congo, Dem. Rep.",COD,0.16909585311377415,0.34186476405964145,0.3954957537344821,0.46665542952530464,0.34601207096080727,0.27257570748804305,0.35359911695247087,0.2794449768113569,2024
"Congo, Rep.",COG,0.30399986315003,0.332377180565292,0.3936295480096642,0.6283066110985224,0.4297600585270846,0.4404994103620352,0.44137255101858053,0.3326793233068645,2024
Costa Rica,CRI,0.6326219847209772,0.6869230694139444,0.7726652961754545,0.69348218318095,0.6844647941646873,0.7871626418529143,0.6049471496532737,0.5717394472257143,2024
Côte d'Ivoire,CIV,0.3496333055972791,0.3570644693297832,0.45165093833794107,0.67055537946674,0.5205203726149082,0.5500839094188349,0.5097855016996097,0.3586756822889522,2024
Croatia,HRV,0.572496416638656,0.5994280809609684,0.6799410466388672,0.8356782354816047,0.5570228742255507,0.5955324710649774,0.5613575101356606,0.5106872395063082,2024
Cyprus,CYP,0.6355601539884994,0.5972307782658831,0.7210998403615486,0.7977529971505781,0.6542265258117539,0.7448960875466799,0.6198389055966688,0.6749660699078529,2024
Czechia,CZE,0.676821980395518,0.7157256375887953,0.7855975956295267,0.8884270122539154,0.716259394432883,0.7153473390594176,0.6788080357191211,0.709373482736864,2024
Denmark,DNK,0.9468732449077746,0.8550639412553847,0.9164345264961082,0.9323238795563316,0.8940597055027245,0.8695583117465817,0.8667299646055537,0.8402807608295165,2024
Dominica,DMA,0.6114350667849141,0.49028471291519754,0.6265732801588666,0.7193965174081849,0.529251384426631,0.5522986800256606,0.5566555128973941,0.5528955635087542,2024
Dominican Republic,DOM,0.40639649188576976,0.567543295903907,0.5763103991649621,0.641417705866211,0.4335055365973469,0.4784710364438488,0.4370077436427492,0.37495008243585853,2024
Ecuador,ECU,0.3647228917396543,0.5215329711218679,0.5270300588950736,0.5696752764437707,0.45355286653957927,0.5623171574988486,0.43923596523732866,0.3133738165762812,2024
"Egypt, Arab Rep.",EGY,0.3749318240334407,0.23201054696603496,0.23566252662084725,0.6512569275959912,0.35350275449717306,0.40106625439494314,0.3849423322978675,0.33616934780729774,2024
El Salvador,SLV,0.34730799285678327,0.4346907843016393,0.41369972525128473,0.7084240459636445,0.4767644019843734,0.5157612535028198,0.4895591205008876,0.21670142627362804,2024
Estonia,EST,0.8192122689718793,0.8113837725461027,0.8239033748875675,0.9088864868189761,0.7971183081987203,0.7550952600176433,0.8001542295267793,0.7519134657120936,2024
Ethiopia,ETH,0.41270220292817883,0.3032076498617778,0.2792341908836258,0.5310634898253844,0.3562203455173461,0.3786242655293982,0.4092163905779779,0.35012248365501314,2024
Finland,FIN,0.9015249144202162,0.8570209132828523,0.8944657496827936,0.927166393505972,0.8589796287623633,0.7890029802057823,0.8013793614548333,0.8371635893948985,2024
France,FRA,0.7505559425375643,0.738002283509815,0.7410542965970188,0.7813916528685528,0.7371721885734324,0.7504605157117339,0.6748218076153941,0.6483477337996393,2024
Gabon,GAB,0.2485869975923346,0.37105547663366295,0.4394652520276685,0.6458223312606466,0.4597437585623497,0.43613759089076326,0.4011742712385694,0.3019931018111815,2024
The Gambia,GMB,0.47023001359701083,0.38409673417711476,0.5119161372461568,0.6939109500975286,0.3803837898360681,0.4331431813609051,0.49787020501466533,0.40384931748400704,2024
Georgia,GEO,0.6683432721478249,0.5859677361184086,0.6026755600888387,0.7801709953847608,0.5738201200899269,0.5797672531337117,0.530287517380573,0.505985277217012,2024
Germany,DEU,0.8376726011061812,0.792812591185687,0.8591426581296803,0.8865126169911894,0.8393972209338907,0.9069955170455886,0.8153088373938643,0.7836258061322516,2024
Ghana,GHA,0.38727277904115764,0.5090552064310435,0.5702819295225061,0.7142097532077681,0.525909095391451,0.6384958184346587,0.5651176150276475,0.449024085402241,2024
Greece,GRC,0.5685072527350921,0.6014809851073726,0.639246334556479,0.7202142376070563,0.563149506878564,0.6706497671496261,0.5778794115651328,0.49897266674915075,2024
Grenada,GRD,0.655993540299279,0.4616749427412676,0.6290535062414011,0.7936895754670505,0.5515675826731707,0.5147457551674257,0.6037574337667159,0.5353813347478674,2024
Guatemala,GTM,0.34455057441409914,0.5297626056924237,0.5306842174078319,0.5958842453857517,0.4158232678536563,0.47832365405041466,0.34123853736325493,0.3018494909126087,2024
Guinea,GIN,0.29089768546322364,0.36020276073091684,0.4928828438724088,0.7143918310561458,0.36582827414606256,0.34472167576466006,0.38528313260111924,0.3062983289725732,2024
Guyana,GUY,0.45116857631732576,0.44437426966917687,0.5516159865947319,0.6293319821118687,0.4770991879429042,0.4717196706125647,0.5173427113500227,0.39907961063786945,2024
Haiti,HTI,0.23418962524185755,0.3344088581679902,0.43143715899648805,0.43413720061983224,0.27305922121315546,0.3350514834263516,0.3408162349806228,0.2472113998825358,2024
Honduras,HND,0.31947531775447374,0.4544425547554455,0.4600923370917582,0.6388315816635545,0.3858385594125596,0.4932592387547344,0.41203699643515296,0.26954302188621143,2024
"Hong Kong SAR, China",HKG,0.8374968454473088,0.6873836084636613,0.5859845881570482,0.9186988583140195,0.7955063430251615,0.7352765386408954,0.7115460692271727,0.6812701279877481,2024
Hungary,HUN,0.49035165562463995,0.45242989176540527,0.5407256458027028,0.8965915920640434,0.44509199633166796,0.3811528464232325,0.46001745378631387,0.4591504296521613,2024
India,IND,0.40594863029315814,0.5880796819620203,0.4567046815005,0.667811280918669,0.47865114315171786,0.632468986202098,0.4397166564735726,0.38277661265393637,2024
Indonesia,IDN,0.4155303357623171,0.5523533127583229,0.48811175082794395,0.6936946401184932,0.5735930596467039,0.5900257758806612,0.46661335696389117,0.3949952288295197,2024
"Iran, Islamic Rep.",IRN,0.37602256029027536,0.2731881643832292,0.1983009395544944,0.6340687700742866,0.432738154786934,0.48917246346082965,0.5102289937640271,0.3362281050809129,2024
Ireland,IRL,0.8294413582557205,0.8091073310074122,0.8393387940123267,0.9308660100569907,0.8380397948111227,0.9460260595431831,0.7409421501891613,0.7375811264647468,2024
Italy,ITA,0.6454838356350225,0.6385737766677246,0.7199585399950309,0.7491339424329667,0.6213553350875202,0.6255597201944585,0.570370263427552,0.63333641417264,2024
Jamaica,JAM,0.5338250753987137,0.5559804424927802,0.6420723582242549,0.6137861683282283,0.5491514987319788,0.6300954428154952,0.5543603833023164,0.4820720692544024,2024
Japan,JPN,0.8189004455212865,0.7086070935878875,0.7809241388962614,0.9252058281954522,0.7969803905277957,0.7703253451818609,0.768200048597329,0.767777515291965,2024
Jordan,JOR,0.5830627030786489,0.3909093243375772,0.45663101065724826,0.7632176469715813,0.5501851135729623,0.5473507163000857,0.6130484800436514,0.5594567061661933,2024
Kazakhstan,KAZ,0.4955847249287811,0.4739485274946603,0.46071335314560596,0.7981008254100069,0.5278745115458676,0.47780674756536035,0.6201067730041513,0.46307886799327086,2024
Kenya,KEN,0.27008728063020054,0.5035284755623366,0.4784016543903552,0.5500210152677887,0.4493705682202158,0.5687018492264626,0.49835132057836123,0.388782317913936,2024
"Korea, Rep.",KOR,0.670889435031622,0.7193451420871828,0.7534330595943854,0.8413880100144354,0.7459191724257659,0.7712885820665554,0.758449869140185,0.7179116003525131,2024
Kosovo,XKX,0.474907219373511,0.5667128249340662,0.6050001796843563,0.8378965077987143,0.47237351943322425,0.5829859954618608,0.47536268879325316,0.47081073614687596,2024
Kuwait,KWT,0.6723112799234928,0.4230675098154902,0.45470543490306264,0.8847974521161648,0.6508141430195866,0.7034046123215296,0.5748232312031197,0.4661247684777453,2024
Kyrgyz Republic,KGZ,0.2927618529343283,0.49255486810968546,0.45861940240214283,0.7529814656019811,0.40168780108197416,0.38713594851754707,0.46915787423062527,0.3273214725107404,2024
Latvia,LVA,0.6923774636317419,0.7328943269671435,0.7683104760509553,0.858771723238755,0.7180615782913481,0.7073054603445317,0.7108251588269299,0.676683213190147,2024
Lebanon,LBN,0.3553505163342598,0.436587370161874,0.45968135413897127,0.6546278402339795,0.43558725170985735,0.4358106761997306,0.3979298186890004,0.31475063344881865,2024
Liberia,LBR,0.30867083873885964,0.4592224485304726,0.5165417722609421,0.6065307346000058,0.4085588629178476,0.4032123027550497,0.414478562445353,0.31390917664660806,2024
Lithuania,LTU,0.7458039543769588,0.7567402463321086,0.7858708844174447,0.9008686082065939,0.7632185328224481,0.7600802884982656,0.7754665177799145,0.6972105802725875,2024
Luxembourg,LUX,0.8489496379151897,0.8121968342861644,0.8477699136428957,0.9518899902398995,0.8543316156274458,0.846369213163048,0.7753774449117307,0.7312352042274003,2024
Madagascar,MDG,0.26956086058632256,0.45158797355595304,0.45825988260258166,0.7109440535711845,0.38484132984803887,0.4852922252145859,0.42363502219942867,0.31230203407483537,2024
Malawi,MWI,0.41794026891490954,0.44920534738995954,0.5731217705758265,0.6752095363209548,0.46428166963302636,0.5967794766918253,0.5607592908626025,0.4409915150276995,2024
Malaysia,MYS,0.5745368296030886,0.4109787820648559,0.49023392631834944,0.7834139933201447,0.5578018402299585,0.5012977234178223,0.6176614028359604,0.5576069818970665,2024
Mali,MLI,0.31766262814957025,0.4405456707934678,0.4765511232450675,0.3655754569974205,0.4591685206186263,0.5943898148601794,0.3970586477009287,0.28618016764694826,2024
Malta,MLT,0.642422695934302,0.6340061500564661,0.7361766344436143,0.9139137195377645,0.5870499962396818,0.5536823367625439,0.6014408879486643,0.6271496045109056,2024
Mauritania,MRT,0.3038494152401462,0.28463598700281784,0.37852578899700146,0.6345885769281958,0.29009884007645065,0.3260526539174533,0.4009542162958123,0.27302760916435886,2024
Mauritius,MUS,0.5758486708828512,0.5077113644797969,0.6411243711532126,0.7512920734524862,0.6157628778139437,0.5735074208263253,0.6183635373199553,0.5452534038967325,2024
Mexico,MEX,0.26547228379501786,0.5748434089929613,0.47208518779035247,0.5211271989193816,0.43330946710918905,0.44844319037748837,0.37066263375090536,0.25034022313627385,2024
Moldova,MDA,0.38062708187473254,0.5735476411210312,0.6087977751355443,0.8192461033229321,0.4595796488279141,0.4121478161938787,0.4957187353722629,0.4238250881417139,2024
Mongolia,MNG,0.4303082085916803,0.4893393259957516,0.5622148267167101,0.7621173867943626,0.48544682530733063,0.4461571226912453,0.5394926410762555,0.47835432497751235,2024
Montenegro,MNE,0.48674166009415587,0.5450602645735343,0.6736591949821642,0.8178583239267135,0.4708409703623224,0.5221669860193751,0.5347242797389977,0.4753401990114181,2024
Morocco,MAR,0.40674767901560727,0.4220395663014139,0.4252423296873585,0.6867052536396286,0.50443101648092,0.547623652150437,0.5043662491600793,0.3657165861643146,2024
Mozambique,MOZ,0.337033024197818,0.3574600223148653,0.38541084084851,0.5047701054073007,0.3942245821724314,0.33319652438873415,0.41611217443101295,0.3081637111229957,2024
Myanmar,MMR,0.41027721001207057,0.2847789448831865,0.17770556870872206,0.5823132542922126,0.41219590115854743,0.31164197459223225,0.32411411019331393,0.22880536179362715,2024
Namibia,NAM,0.5207475496016751,0.5789835506343488,0.6496388032779894,0.7503851776967387,0.5771199415038115,0.6472847325558471,0.6147594797211363,0.5463975304217142,2024
Nepal,NPL,0.4126121026870989,0.514650274246346,0.5207858435860185,0.7250580883375551,0.4859043442676936,0.5214212106124451,0.4489193514372182,0.4687700874938535,2024
Netherlands,NLD,0.8759694069157213,0.8129255656760785,0.8285011878726296,0.8459143022092541,0.8379378542782712,0.9280901151089144,0.8298377034539541,0.7456521016691081,2024
New Zealand,NZL,0.8901727473991353,0.8293318079864335,0.8332359102956716,0.8807063317222196,0.8492452232137551,0.8665120149750206,0.7913092288444068,0.739162169146886,2024
Nicaragua,NIC,0.29560861387627074,0.30411580756471435,0.28192836092133905,0.6936481639386128,0.3483356313942547,0.2860115049232927,0.2977811537961101,0.24408172447178722,2024
Niger,NER,0.3918079731241677,0.3513220413549466,0.4533067498359879,0.6005914409785156,0.4639062036232893,0.4969122055714168,0.44383219573715904,0.3517408837606621,2024
Nigeria,NGA,0.3184912992092004,0.4224141459708023,0.42108897869608825,0.3562653255832284,0.41191482529953677,0.45517380496776105,0.44000360797883714,0.37739500509133894,2024
North Macedonia,MKD,0.4586574358851252,0.5165096472377767,0.6162556606338858,0.8006844370830714,0.4541408517071043,0.5383293417568416,0.5090027034519915,0.4442276837474594,2024
Norway,NOR,0.9357596463314596,0.8834031832402941,0.8992696914618583,0.9279123905778071,0.8809330117130351,0.9048470514723845,0.8664675617143498,0.827634592425169,2024
Pakistan,PAK,0.3186023231317842,0.40687582725299254,0.3658216942352239,0.36725864741588793,0.38096218138469523,0.4816515213631637,0.3854201213109271,0.35986716406129676,2024
Panama,PAN,0.405502394332533,0.5557030023813502,0.6252794082327034,0.6976591880860404,0.4931485441549735,0.5344232537508465,0.48144409238425784,0.3461297070328379,2024
Paraguay,PRY,0.29679247280466753,0.5539388798571916,0.5019897007505483,0.6922969489160559,0.4479469670837129,0.49158521646706166,0.4039176336814329,0.2740352428183607,2024
Peru,PER,0.32811747627017207,0.5368427406882372,0.591039014026625,0.6183274755209432,0.4636206500726049,0.6178736644305187,0.4115871228649442,0.32864327843431224,2024
Philippines,PHL,0.4283457125772358,0.4655911323312271,0.4083306046022404,0.6717265096132952,0.4702944228107963,0.4971233173819167,0.45915074218391755,0.3052487683372377,2024
Poland,POL,0.7130854038185334,0.6458040943396951,0.6270704282789686,0.8523162317243683,0.6304505965003366,0.6798884996696608,0.6158211240265172,0.5840792590666439,2024
Portugal,PRT,0.7196572972554229,0.6269776620837519,0.7459797907233576,0.7823247213518073,0.5980484388874965,0.6274602412752366,0.6298284950892393,0.5708591611402399,2024
Romania,ROU,0.5334514931845723,0.6227049067329857,0.6692325880424718,0.8269120676132108,0.5707277034956475,0.6473496687087444,0.6137814937371887,0.5283956239413392,2024
Russian Federation,RUS,0.41604717871746,0.4492528696699012,0.36059401047527656,0.6311381664564552,0.4651090109259818,0.34490300197279244,0.50142442924191,0.29354057617215396,2024
Rwanda,RWA,0.6795246267763102,0.5634538913858175,0.5324320966278809,0.853024355278782,0.6141797526602759,0.709266691344661,0.6553178087811368,0.5642879696778489,2024
Senegal,SEN,0.5545028016130416,0.4439581653229151,0.5873038282498446,0.7027078027303325,0.5678453102126986,0.6509167648919036,0.5548802285351616,0.45974418880985474,2024
Serbia,SRB,0.40796148963211787,0.4417297090270452,0.5498867499367663,0.7645577016087758,0.44256638392215775,0.4961541084462948,0.46557394133305774,0.38254328312284397,2024
Sierra Leone,SLE,0.34830890989059154,0.38026170570139983,0.4857634063947546,0.660541914776374,0.35364513413951854,0.3539075713122327,0.41192807305025614,0.3616138097936542,2024
Singapore,SGP,0.9238480058822992,0.6044594953285505,0.6786230594933116,0.9376180374212097,0.8661486118326087,0.7572488057691945,0.7929300813255536,0.7759393705095012,2024
Slovak Republic,SVK,0.5351054945434527,0.7057586036101453,0.718277317906209,0.9027986915392981,0.6247303103043234,0.6461907077522706,0.5472103265156563,0.5935137006843342,2024
Slovenia,SVN,0.6563487512688586,0.6571089784049607,0.7652906017586406,0.8894223221424772,0.6445820960543431,0.6182166080393022,0.6677689225396908,0.5779087013548537,2024
South Africa,ZAF,0.4609173284732472,0.6112921861840229,0.6319153195768269,0.6010558621616057,0.5094989436750513,0.5617179497525007,0.5764497498827021,0.5028418277329291,2024
Spain,ESP,0.734072718883173,0.6912817448636965,0.7815674560467216,0.8205765644243858,0.680067915308787,0.6454872968763842,0.6392845957878934,0.6695877297572607,2024
Sri Lanka,LKA,0.48622544407747115,0.5221532537036786,0.49481662568655843,0.6802443029355052,0.48826986110177295,0.5000285906314642,0.44722353945592375,0.420573345077092,2024
St. Kitts and Nevis,KNA,0.6482284270403134,0.46393125603830404,0.6870483066182543,0.7739142986119344,0.6108805930409228,0.6274086204217807,0.6906248829571979,0.5878504800147903,2024
St. Lucia,LCA,0.6266101026272294,0.4972588963376626,0.6703021157365567,0.7332634081403948,0.6069662236706485,0.6716756104206913,0.6504898205544729,0.5468536430222087,2024
St. Vincent and the Grenadines,VCT,0.6765749588599104,0.48207309519359154,0.692891978575015,0.7501578246522103,0.537631445496215,0.5672585858659075,0.6242114593989913,0.5868087898555692,2024
Sudan,SDN,0.3479907385357366,0.33956559778948214,0.3173542408008002,0.5234735854814098,0.3278826564537524,0.3127771398042796,0.349293136122634,0.3434456646270223,2024
Suriname,SUR,0.4374227621387158,0.38288210693361524,0.5181144478777793,0.6456129798661846,0.4567417999804556,0.5007486832682357,0.4940221068054576,0.5276629221345205,2024
Sweden,SWE,0.9064825090358906,0.8395311484453624,0.8740274911597381,0.9253880243386395,0.8341987009533869,0.8786240919806229,0.8337190198431828,0.7817069783411315,2024
Tanzania,TZA,0.4073241390695754,0.3870767010959129,0.43540894508749783,0.7042853899963589,0.4554914739135896,0.47494007134126537,0.47850106166206324,0.36513298919834447,2024
Thailand,THA,0.4597096289313186,0.484515120349183,0.4757157189164793,0.7412101654779945,0.448812896988869,0.46267577291437156,0.5036188721907242,0.4082610637682057,2024
Togo,TGO,0.42309407408415495,0.30909453003201015,0.44841952528826384,0.6894607624752599,0.499148246892954,0.49690099257011566,0.47107722458995915,0.35733407177410187,2024
Trinidad and Tobago,TTO,0.4807137749528954,0.5289667225832513,0.5819380158281003,0.6456649809182143,0.48305464894681355,0.5695959897922102,0.5465665499168707,0.3081094774362093,2024
Tunisia,TUN,0.47294654129789854,0.45915935473852615,0.47831533781404273,0.7218184006269142,0.48895882479252306,0.5868418824611716,0.4886038699181715,0.4135208703222099,2024
Türkiye,TUR,0.4455873344185218,0.4012678537883672,0.3096297917140718,0.7205984455327973,0.41574436512535906,0.45958224163267225,0.4044334664346367,0.34168706754376993,2024
Uganda,UGA,0.2692598401889972,0.38564496034457985,0.34144850046406094,0.5657742220332547,0.42809992953335446,0.5809349148521821,0.41769372116686715,0.31508367455718567,2024
Ukraine,UKR,0.33609880214984317,0.5568831466248687,0.5901398700957269,0.6178620523191483,0.42804102830375257,0.384965251722933,0.5320837046594213,0.3702668227015405,2024
United Arab Emirates,ARE,0.7766253885217212,0.3422616464142269,0.441995998088283,0.9112077173539735,0.6954775705341889,0.6451091557929193,0.6578003146067715,0.6770345159377167,2024
United Kingdom,GBR,0.8258964792352111,0.7967140700310686,0.8010570139460944,0.8393207943801313,0.783929004516922,0.7419302920260008,0.7098555084206345,0.7044656325690752,2024
United States,USA,0.7251986394482927,0.7476371353842497,0.6824498491531916,0.828445657695187,0.7192640539786257,0.7099710307578617,0.6282976131726169,0.5914250892379843,2024
Uruguay,URY,0.7321162718076536,0.7355098563360746,0.7951338677560894,0.7050275278779713,0.7158688560544776,0.8346971283733904,0.721979552377716,0.5832328497973321,2024
Uzbekistan,UZB,0.46626350603310357,0.37684298418119855,0.44375388427052465,0.8984294626142738,0.44017410414277885,0.2660296964019605,0.5101099933599149,0.4488382974542406,2024
"Venezuela, RB",VEN,0.2636505664225775,0.2740345917090519,0.2855758257984175,0.5269329079432211,0.19493052533016705,0.1371318238644517,0.25201873767618016,0.1082288625564868,2024
Vietnam,VNM,0.4213807931998621,0.4410189582095456,0.4640101078944671,0.7803923572475339,0.4593102225647506,0.39559220207230505,0.4626483030799616,0.47002690792842944,2024
Zambia,ZMB,0.37552978108279433,0.39768920646885664,0.4030287215023227,0.6810385251998877,0.43000254369905483,0.4273139698943722,0.46458782734569903,0.4035711952809879,2024
Zimbabwe,ZWE,0.3143827350720708,0.3307509102008408,0.34047800559288316,0.6840078905290117,0.36097316785696987,0.2676998572552549,0.45719312261204187,0.3563652967302938,2024
Afghanistan,AFG,0.29146236731609265,0.31460352736374264,0.24010617741163834,0.36720617030993424,0.34623099257888335,0.37375558854682217,0.3159822780429527,0.2449175889729859,2025
Albania,ALB,0.3761429355520699,0.47864011667741146,0.5659541782368411,0.7736910377747162,0.4276243556248436,0.43180593263602607,0.45522716420152404,0.40514035306439083,2025
Algeria,DZA,0.4547501656280031,0.355216422171547,0.4210609863300635,0.7586625608465729,0.48389981668391435,0.5382699232072263,0.546154723890403,0.41687818122397796,2025
Angola,AGO,0.43315696271748527,0.3872481986843833,0.3747052109375163,0.5830182816022427,0.432030183822153,0.3898403459240777,0.42901043835328984,0.3424513879329438,2025
Antigua and Barbuda,ATG,0.6283366445627083,0.5219496997157889,0.7054335434144636,0.7909466557691148,0.6197159533433252,0.6795752567398416,0.6848852826496982,0.5297300916023076,2025
Argentina,ARG,0.4502698341012022,0.611502804607816,0.6744767308566484,0.6057268264998147,0.5053210785394707,0.5255539588729465,0.5495735576127799,0.38249288079216637,2025
Australia,AUS,0.8319494318856208,0.8086467419070548,0.7872894232633717,0.8708454079743536,0.8071711035530218,0.8229247381944146,0.7406966211291538,0.7154307370718936,2025
Austria,AUT,0.7956231046374409,0.6823872679601746,0.8283390533297829,0.9091014832871305,0.7992196637872576,0.8016105952716626,0.7338381407963954,0.783846565601454,2025
The Bahamas,BHS,0.6182174114217396,0.47622905490148704,0.6314929956011232,0.7235121333461119,0.5088037953345976,0.5299063894104187,0.5626931476324881,0.5705535354645629,2025
Bangladesh,BGD,0.33980003808610615,0.40972585043883997,0.3037350809425821,0.6313994745586554,0.39205805639786284,0.5858426601834833,0.3633839119965176,0.31695549792640154,2025
Barbados,BRB,0.7023002800320488,0.556822724151427,0.7404000623838993,0.8030778832973992,0.6378053272210732,0.6435153024401432,0.6131571136976116,0.5831962624094826,2025
Belarus,BLR,0.49261943090723415,0.30212511315868407,0.3304895920146644,0.8103732081803962,0.4300983862003006,0.2587076932674409,0.5520102545785038,0.38255277853834446,2025
Belgium,BEL,0.7933209109670356,0.7660782006004736,0.840943966256892,0.8214402521704685,0.7931535610339685,0.8552848944244993,0.7331819638118635,0.6980444263230899,2025
Belize,BLZ,0.45268062310158175,0.45324044129353525,0.5257829004322025,0.7131675044971765,0.41671861239401264,0.5192274553863443,0.5263044570967882,0.3998326608409374,2025
Benin,BEN,0.4049977129245752,0.37983473164776205,0.5079307926889765,0.6813420710611874,0.4671500849915904,0.4395848005978269,0.43195939545817735,0.4082179568527847,2025
Bolivia,BOL,0.23432204705567022,0.4467588062137128,0.4352828557675658,0.6021364504705552,0.3671466636615265,0.3919726197730949,0.3034100956689378,0.19015965908012447,2025
Bosnia and Herzegovina,BIH,0.4327984520890436,0.48133330769839355,0.5879598576333135,0.773708542239585,0.4843513487894274,0.6038286344499089,0.4585905582350072,0.47228401421087296,2025
Botswana,BWA,0.5782294350929484,0.47988208725656145,0.5874536979460394,0.7168135317469422,0.58950837622022,0.6917305483015517,0.6142197739645464,0.5765991399571506,2025
Brazil,BRA,0.4525412475261561,0.5851915021860387,0.5045742530395854,0.6222971516949164,0.5002973967319873,0.6385961703922336,0.5075302716228731,0.33255056435143043,2025
Bulgaria,BGR,0.45381988180088983,0.5907259621054956,0.5995105406608972,0.7820924451221578,0.5195246962970469,0.47572445757976256,0.531554569743084,0.4463353879659651,2025
Burkina Faso,BFA,0.4270092693290299,0.4428866310853236,0.4948316072217542,0.41150054180905754,0.4604545721384833,0.5734379634400398,0.434009372568847,0.4663888321504917,2025
Cambodia,KHM,0.23310857692302117,0.23278589677201367,0.3205566973118851,0.6626790420811111,0.2655773597824872,0.2904403842341465,0.25774560545567093,0.265511455996195,2025
Cameroon,CMR,0.25002419256152997,0.3451197173484266,0.35187168197711527,0.4783063608157569,0.40501373008427616,0.44886083802042454,0.41894887029056577,0.23472019905421757,2025
Canada,CAN,0.8243256288893528,0.7907956899059984,0.8170307680683637,0.9009007736174693,0.8051444878031135,0.7698585283949327,0.6721350011986305,0.722749887130903,2025
Chile,CHL,0.6829815452569021,0.6884398029321872,0.7295096612108675,0.6675915995510939,0.6223583532030508,0.7627928785639304,0.596857587966847,0.5388730673149785,2025
China,CHN,0.5468915403211085,0.4067395137839792,0.24904997250061373,0.8110268069654306,0.5109467297882984,0.4094176475665289,0.52755204668545,0.44652468676057583,2025
Colombia,COL,0.39030435284968257,0.6081566093383906,0.49699696393512083,0.499196270106203,0.5222712698842953,0.6318422131982024,0.45160810740317486,0.31343208940368134,2025
"Congo, Dem. Rep.",COD,0.17499819672797015,0.33225393346934273,0.3884598263432325,0.44499542809831133,0.35221201534202423,0.296116384401864,0.3536966477938813,0.27705628370064755,2025
"Congo, Rep.",COG,0.30541485548582065,0.3178449373198136,0.39307452893806827,0.6180666492769312,0.43121083296286633,0.43045207235620386,0.4350820575400351,0.33512992102522243,2025
Costa Rica,CRI,0.6364529829111136,0.687476386339849,0.7673554694086103,0.6972442295103597,0.6832884062677059,0.7711505762328467,0.6118840632376893,0.5695174532439952,2025
Côte d'Ivoire,CIV,0.3405339870627297,0.34762225925840884,0.45014386755535135,0.6735638868676782,0.5083374004609024,0.5503487462133307,0.5036484244168757,0.35554116189548773,2025
Croatia,HRV,0.5641606372886734,0.5967714004101121,0.6789480722579908,0.8360681803385855,0.5560269252647553,0.5770958593473972,0.5565785446580485,0.5017067830173312,2025
Cyprus,CYP,0.650519405831766,0.601657278367891,0.7271777823169712,0.7974735460342978,0.6517054478014236,0.7485412830746087,0.6165151172201683,0.6704740345670283,2025
Czechia,CZE,0.6866473353579502,0.7109066719392149,0.7835467301016272,0.8892161091070935,0.7047072492422986,0.7138470894140505,0.689371900953546,0.7033370076685096,2025
Denmark,DNK,0.9483888680685708,0.8519756266459244,0.9135526448052228,0.9317384020275655,0.8942980030331587,0.8517885152585447,0.8614885706957922,0.8393472834053445,2025
Dominica,DMA,0.6118126611702507,0.49112147415332896,0.6300585190350632,0.7135832718878081,0.5315819651598119,0.5574982085550519,0.5554045661446732,0.5571401005239652,2025
Dominican Republic,DOM,0.41786361501884844,0.5752862734454021,0.580613042503573,0.6434091763208954,0.43999536376454856,0.49944892548005876,0.4528205227748785,0.39299531007115135,2025
Ecuador,ECU,0.3599769479998576,0.5176049578766881,0.5154082969366374,0.5697576394868716,0.4511783470260385,0.562318843363796,0.4341063208352353,0.29535195300159883,2025
"Egypt, Arab Rep.",EGY,0.3752861509406337,0.2268357572135139,0.22908420275277372,0.6510650867151621,0.34878952009036646,0.3854872074318624,0.37120946761616913,0.3366598210986608,2025
El Salvador,SLV,0.33757124443086894,0.4214731741510198,0.41331302887952726,0.7102674143339526,0.4525718366778027,0.4679439482603277,0.46825714593938034,0.2029874564405896,2025
Estonia,EST,0.8254347885296618,0.809929918449061,0.8245307222802541,0.9072503413054432,0.8064625697190054,0.7742756650511409,0.7913819427541495,0.7579063347782682,2025
Ethiopia,ETH,0.40395447455935496,0.3011091341354173,0.27426521700400647,0.5168673986548599,0.34590213369829814,0.36367034983356544,0.39961446173097126,0.3416673892415787,2025
Finland,FIN,0.8984627837424571,0.8434364502163527,0.8956464742983229,0.9226693286306822,0.854473192008826,0.7772829893348898,0.800299329240316,0.835250251320108,2025
France,FRA,0.752085061243317,0.7486607314128464,0.7333326588691671,0.7880241720503918,0.7372091624760969,0.7462047095606559,0.6703287560006094,0.6407415672176471,2025
Gabon,GAB,0.2565998203461833,0.38264738009866034,0.4432818839838697,0.649489103318961,0.4646434712005506,0.4690992768197806,0.4020576072143764,0.3019931018111815,2025
The Gambia,GMB,0.47149085623324943,0.39104625615256816,0.5002544802101772,0.6915814266286852,0.37084075654338067,0.43051097998889365,0.5057443593863834,0.4043471767887032,2025
Georgia,GEO,0.650403125761929,0.5725562856241917,0.5698709492160778,0.78292269452886,0.5687505667195389,0.5792398647618165,0.519712635813085,0.49701645657111193,2025
Germany,DEU,0.8331130927155975,0.7881537477694646,0.8625966889748227,0.8783139520350538,0.8352340921568719,0.9207263546364859,0.8196891150462825,0.7908886205343778,2025
Ghana,GHA,0.38334479263635224,0.5140265339117714,0.5728429994208968,0.713773829651287,0.5215343290179135,0.6329450710301462,0.5515569310702821,0.4475441979245525,2025
Greece,GRC,0.5618542266811063,0.593758433023996,0.6327315896291199,0.7201245834731559,0.5552745535659002,0.6634561458913351,0.5777134469622791,0.4990453837901364,2025
Grenada,GRD,0.6515009561127982,0.4592027952290359,0.6250411607630572,0.7780690597520837,0.5404930336505596,0.49119017226737327,0.6012401479909261,0.5371843651712458,2025
Guatemala,GTM,0.3511850327093854,0.5245419605980381,0.5305970292900254,0.5854801026782412,0.40846964821934506,0.4535904808639104,0.32876059584855943,0.30112188220469577,2025
Guinea,GIN,0.295869131058897,0.3553265868784762,0.48435327601389244,0.7234894655590104,0.35821830522865483,0.34575420825176784,0.3793364097261806,0.30860361367177,2025
Guyana,GUY,0.4528890162797763,0.4408712249175588,0.548286025285537,0.6287332997660098,0.4713125126622749,0.471835907419101,0.5269982593133934,0.40130665025741896,2025
Haiti,HTI,0.23920650350800432,0.3296066981893299,0.42445191448214,0.4263334150882671,0.26177504079551683,0.32343023676328153,0.3273563372792923,0.2388138082172504,2025
Honduras,HND,0.313958553466061,0.44037222728153524,0.4612760577615799,0.6371204852585065,0.38748111407068014,0.46932262293754407,0.40394806563264607,0.2733359169511191,2025
"Hong Kong SAR, China",HKG,0.8439279161715934,0.6803461478594981,0.5689130259741517,0.9226540294126543,0.7943535149336896,0.7349443758263093,0.7047153792696926,0.6813356334236232,2025
Hungary,HUN,0.4823023602957911,0.44812927167142935,0.5181635847185175,0.886805965241107,0.44185358872908254,0.37782098902867467,0.4509469078981793,0.4424917119198058,2025
India,IND,0.3997699756520998,0.5861528599214099,0.4497759096288611,0.6413407418349926,0.47870896088846704,0.628296218439728,0.4189898056383733,0.3853701810478502,2025
Indonesia,IDN,0.42205790852102576,0.5463737822028973,0.46897225448353963,0.7066612110025083,0.5797782098992711,0.5636313879704147,0.4670574801098765,0.3794005142948938,2025
"Iran, Islamic Rep.",IRN,0.37689563184972896,0.27312578778009483,0.19955822236895043,0.610616446456928,0.4302920512527395,0.48680474134600626,0.5080892334539631,0.3362281050809129,2025
Ireland,IRL,0.8226179070245004,0.8281538755734766,0.8496202130701481,0.931807242864819,0.841555521818603,0.9368986589539552,0.7353101343742888,0.7375429059654228,2025
Italy,ITA,0.6493689767773448,0.6368919958772423,0.715087749935208,0.749092597245058,0.6112352218421065,0.6146494460333836,0.5628895471173235,0.6251966265479759,2025
Jamaica,JAM,0.5359267430103785,0.5511872389009925,0.6412924399954285,0.6208881079538172,0.5369243228497087,0.605860993173464,0.5572653213765203,0.4823820053962581,2025
Japan,JPN,0.8219055763562048,0.7058803668775322,0.7793267478387991,0.9284693507938302,0.7924939990065667,0.7538051285025451,0.7590787549436484,0.7607509594671192,2025
Jordan,JOR,0.5906933923334811,0.38584148629046794,0.45644349184003125,0.761388874966455,0.5705082164749673,0.5784070410787898,0.6120777604263082,0.5594602392927339,2025
Kazakhstan,KAZ,0.4851610038191402,0.47517343712317517,0.4609544010713979,0.8035684054091549,0.5254456409124548,0.47064873000611057,0.6164695978316106,0.46345018779976405,2025
Kenya,KEN,0.2621035166296289,0.5015770974993362,0.4758179738157274,0.5528370599486919,0.4519254108344778,0.5990394021056304,0.5005458515950904,0.39357685636128525,2025
"Korea, Rep.",KOR,0.6711012198406004,0.7311477425853983,0.7533213859337503,0.8511887600823164,0.7468694866675513,0.7805620321625257,0.757257535834639,0.7218677922343527,2025
Kosovo,XKX,0.4875657937997163,0.5652152736801883,0.6102063411587354,0.8357811432261136,0.46792317370185676,0.5525537456322087,0.48704055895309367,0.46944499883608787,2025
Kuwait,KWT,0.6833340724166543,0.42469292072228537,0.44318489210188167,0.8794845064568874,0.652743633909522,0.7293926573899145,0.5746436736055791,0.456669002711409,2025
Kyrgyz Republic,KGZ,0.29416535618492917,0.48492995805035577,0.44468789166597755,0.7553223728321118,0.40282575986859526,0.38674925714149677,0.4656105042603615,0.3170248800855013,2025
Latvia,LVA,0.6914927416599288,0.734047051621823,0.7657617454810454,0.8634698148875195,0.7202981597194766,0.7299336618693746,0.7147897945161606,0.675313989155044,2025
Lebanon,LBN,0.36862128695966173,0.44923372399478806,0.4742648249745232,0.5945259548661294,0.43693839589058303,0.47829110731561225,0.3985496358867362,0.32148969521799486,2025
Liberia,LBR,0.3128109144820623,0.4558323695676457,0.5084335378261695,0.606785647082971,0.4114690967964054,0.39562641067460924,0.4102376354392379,0.3264122672134131,2025
Lithuania,LTU,0.7549280807109501,0.753023259720975,0.7888257305687727,0.901752557324781,0.7617626620982755,0.7616402058104759,0.7711647905020406,0.6981858894066747,2025
Luxembourg,LUX,0.8478075219662408,0.8100320108394118,0.8496264712695687,0.9517787606476391,0.8479953317775328,0.8289751626644224,0.7748374224423245,0.7336070889169533,2025
Madagascar,MDG,0.27384885223448546,0.4430297160875353,0.46306822143693915,0.7112998585968054,0.3998946085627694,0.48992611218069404,0.42607780122186967,0.3252284445809054,2025
Malawi,MWI,0.4185666608785013,0.45649741945722605,0.5733328986329491,0.6766428612131768,0.4710278510557971,0.5917054728260045,0.5585870280002299,0.4344590123218221,2025
Malaysia,MYS,0.5674480075265977,0.41077390429737476,0.5007892213628032,0.7786887185790285,0.5639891075488173,0.4985577866674969,0.6179128163696305,0.5562117358546611,2025
Mali,MLI,0.30898244553940957,0.43107466164790564,0.45110580794380045,0.36896000759330194,0.45550434900678916,0.5865268342856016,0.3883162972681861,0.2807677209558987,2025
Malta,MLT,0.6438375668869021,0.6329038218955526,0.7425273642903808,0.9110855535863829,0.5820319388178671,0.5567682111779729,0.6011530963605453,0.6327113444980647,2025
Mauritania,MRT,0.30577093554348717,0.2865473361588449,0.3722714379079695,0.6398961972412497,0.28532302171860585,0.332201979806223,0.39892096936670335,0.2681481909725253,2025
Mauritius,MUS,0.5788969064805485,0.5166607899067621,0.6337142555860485,0.7530791719653185,0.6224079048969663,0.6008510810156548,0.6094674335608438,0.5363236391050382,2025
Mexico,MEX,0.2709379101784957,0.5564020233109643,0.46631005783992946,0.5001980587185793,0.42272125011780287,0.4451036333691822,0.35238696193158214,0.2492378341208816,2025
Moldova,MDA,0.36548384475134416,0.5664809787767996,0.6078136140835304,0.8174989107390672,0.458176068965647,0.4223915554921364,0.48516785718553457,0.4265020120289554,2025
Mongolia,MNG,0.4182959769804602,0.4852214948354862,0.5599136583314436,0.762416477479578,0.48146871114303547,0.43684723126452607,0.5408384347039207,0.4822918530849404,2025
Montenegro,MNE,0.4870770547099617,0.5461578283651108,0.6708816700222325,0.819227250802841,0.482786101211566,0.5626605658812405,0.5413178522629358,0.4753467820352567,2025
Morocco,MAR,0.41692821460938484,0.4237995438958332,0.43183861118823075,0.6875192665154839,0.4893923843165234,0.5144609597965456,0.5079807894126334,0.38204699969134814,2025
Mozambique,MOZ,0.33439161973051434,0.35003407396677877,0.3802121703661034,0.44457155576919455,0.3776490134186388,0.32875198420343565,0.41116060854562547,0.3030847193738115,2025
Myanmar,MMR,0.4029052655186226,0.28473571756932947,0.17814461482864202,0.600537648788135,0.41249343551683,0.31164197459223225,0.327854846477649,0.22974833475906972,2025
Namibia,NAM,0.5234796286703047,0.5805921919440328,0.6400177655787508,0.7539122182948946,0.5728707917775202,0.6514230852077827,0.6078293975606509,0.5413265409787947,2025
Nepal,NPL,0.4172760726575767,0.5036633330800447,0.5114736330303169,0.7221116381405009,0.48217291593766926,0.5348682637294389,0.44193473568347713,0.4834583007535724,2025
Netherlands,NLD,0.8737265594549143,0.80469576797741,0.8209173906691014,0.8411956003254857,0.8275387836928051,0.9319300108144573,0.8236710486392352,0.7476845829037615,2025
New Zealand,NZL,0.8850185201588288,0.8227808375452008,0.8357986502556807,0.885855785674479,0.8518892603785607,0.855644360869674,0.7891770020451027,0.7402649490190465,2025
Nicaragua,NIC,0.29289709856149354,0.2956621007001695,0.27744939682697367,0.6936348889919152,0.3405342474474987,0.2613279892422618,0.2802720678559351,0.2455837292150784,2025
Niger,NER,0.389129042262652,0.33945303187985676,0.4427541031143199,0.560144388447345,0.4567331505271219,0.48143794005004475,0.4291619276028662,0.34893854430793586,2025
Nigeria,NGA,0.33350228356465106,0.413722033130959,0.4202250176363477,0.3611697832706459,0.4048194801171813,0.44377538089273594,0.4486805872560688,0.38515238148546466,2025
North Macedonia,MKD,0.47066590679192594,0.5140682531156555,0.6250190634323424,0.8027701420858313,0.4611496174382987,0.5677588749838043,0.5058579422245219,0.45596677252968837,2025
Norway,NOR,0.9316989706088892,0.882461456215051,0.8960642449116918,0.9258410791692864,0.8822111510228666,0.9216766151561322,0.8619882356454832,0.8219846699573158,2025
Pakistan,PAK,0.3115980623919959,0.39356222793231066,0.34839085617745597,0.3576487692410532,0.38625975664733236,0.4773240165679432,0.383396959124035,0.34987669668947363,2025
Panama,PAN,0.4108398719961359,0.565921419106483,0.6298875250627558,0.6990965178202027,0.49543387836787717,0.5497252956696834,0.4761128066709503,0.34056830444926106,2025
Paraguay,PRY,0.28368829875437995,0.5557271082050099,0.5013946856154445,0.6900407779041166,0.4526903912875556,0.5185182247653508,0.4025018050817154,0.263867069304304,2025
Peru,PER,0.3254546539588982,0.5238905043975407,0.5797431871370025,0.6139569491473594,0.46902996486914006,0.6423469793143903,0.4057599593540158,0.3214425546498587,2025
Philippines,PHL,0.42566380057495135,0.46409243868553485,0.4156438937574825,0.6838363425291624,0.46395647832876363,0.4652591925388065,0.4416146751987413,0.31494127737497474,2025
Poland,POL,0.7106562826869205,0.6620233145797888,0.6428801468668732,0.8457175667856506,0.6375947824334988,0.6842326692219716,0.6031945067925598,0.5755541951252899,2025
Portugal,PRT,0.7134622968005547,0.6141657627143375,0.7429930122104588,0.7796616568638423,0.5964756947250124,0.6404682738397115,0.6269725062589745,0.5708064599269828,2025
Qatar,QAT,0.6751404262487678,0.41922259441467324,0.42643124976086155,0.9252145918496014,0.699528686722475,0.7443464183975681,0.6147389327883889,0.5832681965561539,2025
Romania,ROU,0.5270005622808854,0.618379481501679,0.6634566640899802,0.8304297347904838,0.5625087383865419,0.6244743770702659,0.6064695743188109,0.5201909274407824,2025
Russian Federation,RUS,0.40817834556495436,0.4432149036054551,0.348513820708139,0.5173305613066623,0.4540306978816613,0.34117583942040564,0.4930087890893785,0.2861534209981617,2025
Rwanda,RWA,0.691928200994846,0.5564468253847902,0.5301838106579665,0.8486980834834542,0.625842721386595,0.7393569493743117,0.6478641373316597,0.5646217481173392,2025
Senegal,SEN,0.5593822641920395,0.44711635916704745,0.600945986927828,0.706004120246297,0.572337511820949,0.6481541965817296,0.5570581803690472,0.47481683085057597,2025
Serbia,SRB,0.39014792077878835,0.43783663656698274,0.5460889133498379,0.7595388135784727,0.4341781313629773,0.4839102675469943,0.46317399924501484,0.37429938962748693,2025
Sierra Leone,SLE,0.35902151038516117,0.38314641613176553,0.49131636630511716,0.6645221003451686,0.3603745287382602,0.35418704939945556,0.4112085303715185,0.3747669002533735,2025
Singapore,SGP,0.931729394612179,0.6119125901716805,0.6744948622293121,0.9394900341599813,0.8637162271811516,0.7713003563890836,0.8074323468070662,0.7595833514397897,2025
Slovak Republic,SVK,0.5196279257107568,0.6815815834928721,0.6981807039555024,0.897880934217382,0.6085269726546134,0.6207138746054062,0.5424011022730548,0.5784865401937392,2025
Slovenia,SVN,0.6402300059354364,0.6584922579529467,0.7614930299701101,0.8867768986199224,0.6493423852631601,0.6143344889902354,0.6622491475771047,0.5646885557563592,2025
South Africa,ZAF,0.45835479746269947,0.6060698734122955,0.6303560274782076,0.60241502135918,0.5053249052060779,0.5608829742435288,0.5705316509414194,0.4937687588884398,2025
Spain,ESP,0.7257862576721694,0.6888713442861069,0.7762350349843532,0.8161165442777186,0.6763944808446803,0.6467191102745427,0.6455543626356702,0.6689892894650288,2025
Sri Lanka,LKA,0.49167623972161323,0.5327229804156441,0.4975747601689637,0.6849139055064327,0.4869471392598686,0.48508095679798535,0.4550435770098508,0.4128740888445617,2025
St. Kitts and Nevis,KNA,0.636574262897671,0.4603871700665667,0.6915627442922749,0.7616613107764824,0.6075120564034081,0.6246317331439984,0.6872083685503646,0.5946987831398118,2025
St. Lucia,LCA,0.6275623571323323,0.4986248699829036,0.6692853475254833,0.7299926318573707,0.6013706075283711,0.6556280894858055,0.6426986787376651,0.5484170325365056,2025
St. Vincent and the Grenadines,VCT,0.676841783989575,0.4836974993227736,0.6853173938463896,0.7420896280520625,0.5363021242836514,0.5712667102291786,0.6269115402385038,0.5949462379457896,2025
Sudan,SDN,0.32055002995291415,0.32698354540836616,0.2967650059551856,0.5000305610497536,0.33151288819690894,0.30997622112155077,0.35091972418212347,0.31922708777957715,2025
Suriname,SUR,0.43531318096598326,0.3867781526106999,0.5236945414209264,0.6462674579507485,0.46398475827956015,0.5134296506816616,0.48813066689727524,0.5247936122437354,2025
Sweden,SWE,0.9078778447108353,0.8312456869773943,0.8699827613829902,0.9250222743235827,0.8317629180150903,0.8817229080945851,0.8261090954452689,0.7774135915809833,2025
Tanzania,TZA,0.40212906036640866,0.37177645420019717,0.42656767879305285,0.7036528531452527,0.458801888605712,0.4715159800263108,0.4717484801840165,0.3643488265374239,2025
Thailand,THA,0.45246622060369646,0.4834591025872054,0.4913153492336376,0.7484415168698018,0.44874612991364754,0.4630991156188571,0.5047223807136686,0.42151547641888537,2025
Togo,TGO,0.41954164564170643,0.29661786547365704,0.4243561925469562,0.6853100081567849,0.4985317135193412,0.494468312961718,0.4595824424204121,0.33613546620014506,2025
Trinidad and Tobago,TTO,0.4820146126629937,0.5288070364488793,0.5783004975112843,0.6412275279735232,0.483955992046816,0.5821840491755612,0.5355732296609907,0.29974177245463884,2025
Tunisia,TUN,0.4701416789316011,0.4418116509095319,0.4595631398518299,0.7190349378855739,0.4759124094923825,0.5849309509532021,0.4691851661712189,0.40278617424997837,2025
Türkiye,TUR,0.4353187731071573,0.3917486410119031,0.2981578212171139,0.7085635534530025,0.4117310211260512,0.43815184633373094,0.39630338248275265,0.33852278278351416,2025
Uganda,UGA,0.2631242200662939,0.38087225914924727,0.33596579164766477,0.5910506843234983,0.4123794378625682,0.5624041351723446,0.4129631846066249,0.30447718649010874,2025
Ukraine,UKR,0.3343189212295404,0.5572781043067976,0.5737668728556464,0.6218394915632447,0.4257161688797523,0.3764251796645345,0.5315189455164294,0.3656955380196005,2025
United Arab Emirates,ARE,0.7755203587582241,0.34729005066240654,0.4414447221925288,0.9136388783700823,0.7037645139335478,0.6365403965432319,0.6735422158307051,0.6765250413860299,2025
United Kingdom,GBR,0.8321715694203352,0.7980008380644302,0.7965632108904194,0.8422944378240333,0.7831597348271201,0.7211130976141608,0.7012317795862738,0.698924792463278,2025
United States,USA,0.7224283511132756,0.7170933106981281,0.6497336864709152,0.8301612455676013,0.6970951044869912,0.6716495695999384,0.6152087338493964,0.5751673140635152,2025
Uruguay,URY,0.7369417710809177,0.7317975159019567,0.7890697282422292,0.7044682409867503,0.7238884486726533,0.8554517206724577,0.7139136651965403,0.5857234689314176,2025
Uzbekistan,UZB,0.47305617195523586,0.3672664007255674,0.43414078845628373,0.8985458664142718,0.45127891342083243,0.3014310735210735,0.5197515269034797,0.45783387171504525,2025
"Venezuela, RB",VEN,0.26295179497878196,0.26646770272632425,0.27673580205614196,0.5302366462611278,0.201117783328931,0.1360629950674801,0.25537750224469935,0.10699576901345538,2025
Vietnam,VNM,0.42566171197749203,0.4278716992344934,0.46802868798662234,0.7844506087654545,0.45383514238369305,0.4062963726179355,0.4693240352779077,0.48039084564472845,2025
Zambia,ZMB,0.36229105911323034,0.4062868530645991,0.3951243741760744,0.6758492497660041,0.4206734576751495,0.44909245265718756,0.4693490606627656,0.4068036966336058,2025
Zimbabwe,ZWE,0.3099098572683212,0.322351663230473,0.3334248187806618,0.683880347018353,0.3616371798478684,0.2760450911949986,0.46172830872257764,0.3510633220575738,2025
